INFO-FLOW: Workspace C:/Users/xingy/AppData/Roaming/Xilinx/Vitis/testHLS2/solution1 opened at Wed Feb 14 00:24:19 +0800 2024
Execute     ap_set_clock -name default -period 10 -default=false 
INFO: [SYN 201-201] Setting up clock 'default' with a period of 10ns.
Execute     set_part xczu3eg-sbva484-2-i 
Execute       create_platform xczu3eg-sbva484-2-i -board  
DBG:HLSDevice: Trying to load device library: C:/Xilinx/Vitis_HLS/2022.1\lib\win64.o\librdi_hlsvwrap.dll
DBG:HLSDevice: first parts/arch.xml in RDI_DATADIR: C:/Xilinx/Vivado/2022.1/data/parts/arch.xml
DBG:HLSDevice: init success
INFO: [HLS 200-1611] Setting target device to 'xczu3eg-sbva484-2-i'
Command       create_platform done; 1.365 sec.
Execute       source C:/Xilinx/Vitis_HLS/2022.1/common/technology/xilinx/common/xilinx.gen 
Execute         source C:/Xilinx/Vitis_HLS/2022.1/common/technology/xilinx/interface/plb46.gen 
Execute         source C:/Xilinx/Vitis_HLS/2022.1/common/technology/xilinx/interface/axi4.gen 
Execute         source C:/Xilinx/Vitis_HLS/2022.1/common/technology/xilinx/interface/nativeAXI4.gen 
Execute           source C:/Xilinx/Vitis_HLS/2022.1/common/technology/xilinx/interface/saxilite.gen 
Execute         source C:/Xilinx/Vitis_HLS/2022.1/common/technology/xilinx/scripts/xilinxcoregen.gen 
Execute         source C:/Xilinx/Vitis_HLS/2022.1/common/technology/xilinx/interface/XilEDKCoreGen.gen 
Execute         source C:/Xilinx/Vitis_HLS/2022.1/common/technology/xilinx/ip/dds_compiler.gen 
Execute         source C:/Xilinx/Vitis_HLS/2022.1/common/technology/xilinx/ip/util.gen 
Execute         source C:/Xilinx/Vitis_HLS/2022.1/common/technology/xilinx/ip/xfft.gen 
Command         ap_source done; 0.168 sec.
Execute         source C:/Xilinx/Vitis_HLS/2022.1/common/technology/xilinx/ip/xfir.gen 
Execute         source C:/Xilinx/Vitis_HLS/2022.1/common/technology/xilinx/DSP48/dsp48.gen 
Command       ap_source done; 0.324 sec.
Execute       ap_part_info -name xczu3eg-sbva484-2-i -data info 
Execute       config_compile -quiet -complex-mul-dsp=0 
Command     set_part done; 1.72 sec.
Execute     send_msg_by_id INFO @200-1505@%s%s  vivado 
INFO: [HLS 200-1505] Using flow_target 'vivado'
Execute     get_config_interface -m_axi_latency 
Execute     get_config_interface -m_axi_alignment_byte_size 
Execute     get_config_interface -m_axi_max_widen_bitwidth 
Execute     get_config_interface -default_interface 
Execute     get_config_rtl -register_reset_num 
Execute     send_msg_by_id INFO @200-1464@%s config_export -format=ip_catalog 
INFO: [HLS 200-1464] Running solution command: config_export -format=ip_catalog
Execute     config_export -format=ip_catalog 
Execute     send_msg_by_id INFO @200-1464@%s config_export -output=C:/Users/xingy/HWSWAI/HLS 
INFO: [HLS 200-1464] Running solution command: config_export -output=C:/Users/xingy/HWSWAI/HLS
Execute     config_export -output=C:/Users/xingy/HWSWAI/HLS 
Execute     send_msg_by_id INFO @200-1464@%s config_export -rtl=verilog 
INFO: [HLS 200-1464] Running solution command: config_export -rtl=verilog
Execute     config_export -rtl=verilog 
Execute     send_msg_by_id INFO @200-1464@%s config_export -vivado_clock=10 
INFO: [HLS 200-1464] Running solution command: config_export -vivado_clock=10
Execute     config_export -vivado_clock=10 
Command   open_solution done; 1.791 sec.
Execute   set_part xczu3eg-sbva484-2-i 
INFO: [HLS 200-1510] Running: set_part xczu3eg-sbva484-2-i 
Execute     create_platform xczu3eg-sbva484-2-i -board  
Execute     source C:/Xilinx/Vitis_HLS/2022.1/common/technology/xilinx/common/xilinx.gen 
Execute       source C:/Xilinx/Vitis_HLS/2022.1/common/technology/xilinx/interface/plb46.gen 
Execute       source C:/Xilinx/Vitis_HLS/2022.1/common/technology/xilinx/interface/axi4.gen 
Execute       source C:/Xilinx/Vitis_HLS/2022.1/common/technology/xilinx/interface/nativeAXI4.gen 
Execute         source C:/Xilinx/Vitis_HLS/2022.1/common/technology/xilinx/interface/saxilite.gen 
Execute       source C:/Xilinx/Vitis_HLS/2022.1/common/technology/xilinx/scripts/xilinxcoregen.gen 
Execute       source C:/Xilinx/Vitis_HLS/2022.1/common/technology/xilinx/interface/XilEDKCoreGen.gen 
Execute       source C:/Xilinx/Vitis_HLS/2022.1/common/technology/xilinx/ip/dds_compiler.gen 
Execute       source C:/Xilinx/Vitis_HLS/2022.1/common/technology/xilinx/ip/util.gen 
Execute       source C:/Xilinx/Vitis_HLS/2022.1/common/technology/xilinx/ip/xfft.gen 
Command       ap_source done; 0.12 sec.
Execute       source C:/Xilinx/Vitis_HLS/2022.1/common/technology/xilinx/ip/xfir.gen 
Execute       source C:/Xilinx/Vitis_HLS/2022.1/common/technology/xilinx/DSP48/dsp48.gen 
Command     ap_source done; 0.168 sec.
Execute     ap_part_info -name xczu3eg-sbva484-2-i -data info 
Execute     config_compile -quiet -complex-mul-dsp=0 
Command   set_part done; 0.233 sec.
Execute   create_clock -period 10 -name default 
INFO: [HLS 200-1510] Running: create_clock -period 10 -name default 
Execute   config_export -format ip_catalog -output C:/Users/xingy/HWSWAI/HLS -rtl verilog -vivado_clock 10 
INFO: [HLS 200-1510] Running: config_export -format ip_catalog -output C:/Users/xingy/HWSWAI/HLS -rtl verilog -vivado_clock 10 
Execute   source ./testHLS2/solution1/directives.tcl 
INFO: [HLS 200-1510] Running: source ./testHLS2/solution1/directives.tcl
Execute     set_directive_top -name MLP MLP 
INFO: [HLS 200-1510] Running: set_directive_top -name MLP MLP 
Execute   csynth_design 
INFO: [HLS 200-1510] Running: csynth_design 
Execute     get_config_compile -effort 
Execute     get_config_compile -enable_clang39 
Execute     get_config_compile -g 
Execute     get_config_compile -hw_syn 
Execute     get_config_compile -ng 
Execute     get_config_compile -opt_fp 
Execute     get_config_compile -skip_cdt 
Execute     get_config_compile -skip_syncheck 
Execute     get_config_compile -skip_transform 
Execute     get_config_compile -pre_tcl 
Execute     get_config_compile -keep_printf 
Execute     elaborate -effort=medium -skip_syncheck=0 -keep_printf=0 -skip_cdt=0 -skip_transform=0 -ng=0 -g=0 -opt_fp=0 -from_csynth_design=1 
INFO: [HLS 200-111] Finished File checks and directory preparation: CPU user time: 0 seconds. CPU system time: 0 seconds. Elapsed time: 0.05 seconds; current allocated memory: 1.116 GB.
INFO: [HLS 200-10] Analyzing design file '../../../../HWSWAI/HLS/SampleDatasetMLP.cpp' ... 
INFO-FLOW: Compiling one TU...
Execute       get_config_compile -pragma_strict_mode 
INFO-FLOW: Handling ../../../../HWSWAI/HLS/SampleDatasetMLP.cpp as C++
Execute       ap_part_info -name xczu3eg-sbva484-2-i -data info 
INFO-FLOW: Running: GCC PP 39
INFO-FLOW: Source preprocessing
Execute       ap_eval exec -ignorestderr C:/Xilinx/Vitis_HLS/2022.1/win64/tools/clang-3.9-csynth/bin/clang ../../../../HWSWAI/HLS/SampleDatasetMLP.cpp -foptimization-record-file=C:/Users/xingy/AppData/Roaming/Xilinx/Vitis/testHLS2/solution1/.autopilot/db/SampleDatasetMLP.cpp.clang.diag.yml -mllvm -pass-remarks-missed=reflow|pasta|unroll -mllvm -pass-remarks=reflow|pasta|unroll|inline -fno-limit-debug-info --sysroot C:/Xilinx/Vitis_HLS/2022.1/tps/mingw/8.3.0/win64.o/nt -fhls -fno-exceptions -E -fno-math-errno -c -emit-llvm -mllvm -disable-llvm-optzns -Werror=implicit-function-declaration -Werror=implicit-hls-streams -Werror=return-type -Wpragmas -Wunused-parameter -Wdump-hls-pragmas -fno-threadsafe-statics -fno-use-cxa-atexit -std=gnu++14 -target fpga64-xilinx-mingw32 -fno-threadsafe-statics -fno-use-cxa-atexit -D__VITIS_HLS__ -DAESL_SYN -D__SYNTHESIS__ -D__HLS_SYN__ -I C:/Xilinx/Vitis_HLS/2022.1/common/technology/autopilot -I C:/Xilinx/Vitis_HLS/2022.1/common/technology/autopilot/ap_sysc -include etc/autopilot_ssdm_op.h -D__DSP48E2__ -I /usr/include/x86_64-linux-gnu -o C:/Users/xingy/AppData/Roaming/Xilinx/Vitis/testHLS2/solution1/.autopilot/db/SampleDatasetMLP.pp.0.cpp -hls-platform-db-name=C:/Xilinx/Vitis_HLS/2022.1/common/technology/xilinx/common/platform.db -hls-platform-name=zynquplus_medium -device-resource-info=BRAM_432.000000_DSP_360.000000_FF_141120.000000_LUT_70560.000000_SLICE_8820.000000_URAM_0.000000 > C:/Users/xingy/AppData/Roaming/Xilinx/Vitis/testHLS2/solution1/.autopilot/db/SampleDatasetMLP.cpp.clang.out.log 2> C:/Users/xingy/AppData/Roaming/Xilinx/Vitis/testHLS2/solution1/.autopilot/db/SampleDatasetMLP.cpp.clang.err.log 
Command       ap_eval done; 2.065 sec.
INFO-FLOW: Done: GCC PP 39 time: 2.1 seconds per iteration
Execute       set_directive_top MLP -name=MLP 
Execute       source C:/Xilinx/Vitis_HLS/2022.1/tps/tcl/tcllib1.11.1/yaml/huddle.tcl 
Execute       source C:/Xilinx/Vitis_HLS/2022.1/tps/tcl/tcllib1.11.1/yaml/json2huddle.tcl 
INFO-FLOW: Source syntax check for synthesis
Execute       ap_eval exec -ignorestderr C:/Xilinx/Vitis_HLS/2022.1/win64/tools/clang-3.9-csynth/bin/clang -foptimization-record-file=C:/Users/xingy/AppData/Roaming/Xilinx/Vitis/testHLS2/solution1/.autopilot/db/clang.diag.yml -mllvm -pass-remarks-missed=reflow|pasta|unroll -mllvm -pass-remarks=reflow|pasta|unroll|inline -fsyntax-only -fhls -target fpga64-xilinx-linux-gnu C:/Users/xingy/AppData/Roaming/Xilinx/Vitis/testHLS2/solution1/.autopilot/db/SampleDatasetMLP.pp.0.cpp -hls-platform-db-name=C:/Xilinx/Vitis_HLS/2022.1/common/technology/xilinx/common/platform.db -hls-platform-name=zynquplus_medium -device-resource-info=BRAM_432.000000_DSP_360.000000_FF_141120.000000_LUT_70560.000000_SLICE_8820.000000_URAM_0.000000 > C:/Users/xingy/AppData/Roaming/Xilinx/Vitis/testHLS2/solution1/.autopilot/db/clang.out.log 2> C:/Users/xingy/AppData/Roaming/Xilinx/Vitis/testHLS2/solution1/.autopilot/db/clang.err.log 
Command       ap_eval done; 2.34 sec.
Execute       clang_tidy xilinx-systemc-detector -desc systemc-detector C:/Users/xingy/AppData/Roaming/Xilinx/Vitis/testHLS2/solution1/.autopilot/db/SampleDatasetMLP.pp.0.cpp std=gnu++14 -target fpga  -directive=C:/Users/xingy/AppData/Roaming/Xilinx/Vitis/testHLS2/solution1/.autopilot/db/.systemc_flag 
INFO-FLOW: exec C:/Xilinx/Vitis_HLS/2022.1/win64/tools/clang-3.9-csynth/bin/clang-tidy -header-filter=.* --checks=-*,xilinx-systemc-detector -import-directive=C:/Users/xingy/AppData/Roaming/Xilinx/Vitis/testHLS2/solution1/.autopilot/db/.systemc_flag -fix-errors C:/Users/xingy/AppData/Roaming/Xilinx/Vitis/testHLS2/solution1/.autopilot/db/SampleDatasetMLP.pp.0.cpp -- -std=gnu++14 -target fpga -fhls -ferror-limit=0
Command       clang_tidy done; 2.748 sec.
INFO-FLOW: Running: clang-tidy CDT preprocess 39
Execute       clang_tidy xilinx-directive2pragma -desc directive2pragma C:/Users/xingy/AppData/Roaming/Xilinx/Vitis/testHLS2/solution1/.autopilot/db/SampleDatasetMLP.pp.0.cpp std=gnu++14 -target fpga  -directive=C:/Users/xingy/AppData/Roaming/Xilinx/Vitis/testHLS2/solution1/.autopilot/db/all.directive.json 
INFO-FLOW: exec C:/Xilinx/Vitis_HLS/2022.1/win64/tools/clang-3.9-csynth/bin/clang-tidy -header-filter=.* --checks=-*,xilinx-directive2pragma -import-directive=C:/Users/xingy/AppData/Roaming/Xilinx/Vitis/testHLS2/solution1/.autopilot/db/all.directive.json -fix-errors C:/Users/xingy/AppData/Roaming/Xilinx/Vitis/testHLS2/solution1/.autopilot/db/SampleDatasetMLP.pp.0.cpp -- -std=gnu++14 -target fpga -fhls -ferror-limit=0
Command       clang_tidy done; 3.346 sec.
Execute       clang_tidy xilinx-remove-assert -desc remove-assert C:/Users/xingy/AppData/Roaming/Xilinx/Vitis/testHLS2/solution1/.autopilot/db/SampleDatasetMLP.pp.0.cpp std=gnu++14 -target fpga  
INFO-FLOW: exec C:/Xilinx/Vitis_HLS/2022.1/win64/tools/clang-3.9-csynth/bin/clang-tidy -header-filter=.* --checks=-*,xilinx-remove-assert -fix-errors C:/Users/xingy/AppData/Roaming/Xilinx/Vitis/testHLS2/solution1/.autopilot/db/SampleDatasetMLP.pp.0.cpp -- -std=gnu++14 -target fpga -fhls -ferror-limit=0
Command       clang_tidy done; 2.565 sec.
INFO-FLOW: Done: clang-tidy CDT preprocess 39 time: 5.9 seconds per iteration
INFO-FLOW: Calling xilinx-label-all-loops ... 
INFO-FLOW: Calling xilinx-aggregate-on-hls-vector ... 
Execute       clang_tidy -errorcheck -desc loop-label xilinx-label-all-loops,xilinx-aggregate-on-hls-vector,,xilinx-warn-mayneed-no-ctor-attribute C:/Users/xingy/AppData/Roaming/Xilinx/Vitis/testHLS2/solution1/.autopilot/db/SampleDatasetMLP.pp.0.cpp std=gnu++14 -target fpga  
Execute         ap_eval exec -ignorestderr C:/Xilinx/Vitis_HLS/2022.1/win64/tools/clang-3.9-csynth/bin/clang-tidy -export-fixes=C:/Users/xingy/AppData/Roaming/Xilinx/Vitis/testHLS2/solution1/.autopilot/db/SampleDatasetMLP.pp.0.cpp.clang-tidy.loop-label.diag.yml -header-filter=.* --checks=-*,xilinx-label-all-loops,xilinx-aggregate-on-hls-vector,,xilinx-warn-mayneed-no-ctor-attribute -fix-errors C:/Users/xingy/AppData/Roaming/Xilinx/Vitis/testHLS2/solution1/.autopilot/db/SampleDatasetMLP.pp.0.cpp -- -std=gnu++14 -target fpga -fhls -ferror-limit=0 > C:/Users/xingy/AppData/Roaming/Xilinx/Vitis/testHLS2/solution1/.autopilot/db/SampleDatasetMLP.pp.0.cpp.clang-tidy.loop-label.out.log 2> C:/Users/xingy/AppData/Roaming/Xilinx/Vitis/testHLS2/solution1/.autopilot/db/SampleDatasetMLP.pp.0.cpp.clang-tidy.loop-label.err.log 
Command         ap_eval done; 2.686 sec.
Execute         source C:/Xilinx/Vitis_HLS/2022.1/tps/tcl/tcllib1.11.1/yaml/yaml.tcl 
Command       clang_tidy done; 2.769 sec.
Execute       get_config_dataflow -strict_mode 
Execute       ap_eval exec -ignorestderr C:/Xilinx/Vitis_HLS/2022.1/win64/tools/clang-3.9-csynth/bin/xilinx-dataflow-lawyer -export-fixes=C:/Users/xingy/AppData/Roaming/Xilinx/Vitis/testHLS2/solution1/.autopilot/db/SampleDatasetMLP.pp.0.cpp.xilinx-dataflow-lawyer.diag.yml C:/Users/xingy/AppData/Roaming/Xilinx/Vitis/testHLS2/solution1/.autopilot/db/SampleDatasetMLP.pp.0.cpp -- -std=gnu++14 -target fpga -fhls -ferror-limit=0 -fstrict-dataflow > C:/Users/xingy/AppData/Roaming/Xilinx/Vitis/testHLS2/solution1/.autopilot/db/SampleDatasetMLP.pp.0.cpp.xilinx-dataflow-lawyer.out.log 2> C:/Users/xingy/AppData/Roaming/Xilinx/Vitis/testHLS2/solution1/.autopilot/db/SampleDatasetMLP.pp.0.cpp.xilinx-dataflow-lawyer.err.log 
Command       ap_eval done; 1.298 sec.
Execute       ap_part_info -name xczu3eg-sbva484-2-i -data info 
INFO-FLOW: compiling source code to llvm bc
Execute       ap_eval exec -ignorestderr C:/Xilinx/Vitis_HLS/2022.1/win64/tools/clang-3.9-csynth/bin/clang -foptimization-record-file=C:/Users/xingy/AppData/Roaming/Xilinx/Vitis/testHLS2/solution1/.autopilot/db/SampleDatasetMLP.pp.0.cpp.clang.diag.yml -mllvm -pass-remarks-missed=reflow|pasta|unroll -mllvm -pass-remarks=reflow|pasta|unroll|inline -fno-limit-debug-info -fhls -flto -fno-exceptions -Wno-error=c++11-narrowing C:/Users/xingy/AppData/Roaming/Xilinx/Vitis/testHLS2/solution1/.autopilot/db/SampleDatasetMLP.pp.0.cpp -fno-math-errno -c -emit-llvm -mllvm -disable-llvm-optzns -Werror=implicit-function-declaration -Werror=implicit-hls-streams -Werror=return-type -Wpragmas -Wunused-parameter -Wdump-hls-pragmas -fno-threadsafe-statics -fno-use-cxa-atexit -std=gnu++14 -target fpga64-xilinx-linux-gnu -D__VITIS_HLS__ -DAESL_SYN -D__SYNTHESIS__ -D__HLS_SYN__ -I C:/Xilinx/Vitis_HLS/2022.1/common/technology/autopilot -I C:/Xilinx/Vitis_HLS/2022.1/common/technology/autopilot/ap_sysc -include etc/autopilot_ssdm_op.h -D__DSP48E2__ -g -o C:/Users/xingy/AppData/Roaming/Xilinx/Vitis/testHLS2/solution1/.autopilot/db/SampleDatasetMLP.bc -hls-platform-db-name=C:/Xilinx/Vitis_HLS/2022.1/common/technology/xilinx/common/platform.db -hls-platform-name=zynquplus_medium -device-resource-info=BRAM_432.000000_DSP_360.000000_FF_141120.000000_LUT_70560.000000_SLICE_8820.000000_URAM_0.000000 > C:/Users/xingy/AppData/Roaming/Xilinx/Vitis/testHLS2/solution1/.autopilot/db/SampleDatasetMLP.pp.0.cpp.clang.out.log 2> C:/Users/xingy/AppData/Roaming/Xilinx/Vitis/testHLS2/solution1/.autopilot/db/SampleDatasetMLP.pp.0.cpp.clang.err.log 
Command       ap_eval done; 1.529 sec.
INFO: [HLS 200-111] Finished Source Code Analysis and Preprocessing: CPU user time: 1 seconds. CPU system time: 0 seconds. Elapsed time: 18.907 seconds; current allocated memory: 1.116 GB.
INFO-FLOW: Linking Debug ...
INFO-FLOW: Linking dut bc code.
Execute       run_link_or_opt -out C:/Users/xingy/AppData/Roaming/Xilinx/Vitis/testHLS2/solution1/.autopilot/db/a.g.ld.0.bc -args  "C:/Users/xingy/AppData/Roaming/Xilinx/Vitis/testHLS2/solution1/.autopilot/db/SampleDatasetMLP.g.bc"  
Execute         ap_eval exec -ignorestderr C:/Xilinx/Vitis_HLS/2022.1/win64/tools/clang-3.9-csynth/bin/llvm-link C:/Users/xingy/AppData/Roaming/Xilinx/Vitis/testHLS2/solution1/.autopilot/db/SampleDatasetMLP.g.bc -o C:/Users/xingy/AppData/Roaming/Xilinx/Vitis/testHLS2/solution1/.autopilot/db/a.g.ld.0.bc > C:/Users/xingy/AppData/Roaming/Xilinx/Vitis/testHLS2/solution1/.autopilot/db/a.g.ld.0.bc.llvm-link.out.log 2> C:/Users/xingy/AppData/Roaming/Xilinx/Vitis/testHLS2/solution1/.autopilot/db/a.g.ld.0.bc.llvm-link.err.log 
Command         ap_eval done; 0.177 sec.
INFO-FLOW: 
Command       run_link_or_opt done; 0.18 sec.
Execute       run_link_or_opt -opt -out C:/Users/xingy/AppData/Roaming/Xilinx/Vitis/testHLS2/solution1/.autopilot/db/a.g.ld.1.lower.bc -args C:/Users/xingy/AppData/Roaming/Xilinx/Vitis/testHLS2/solution1/.autopilot/db/a.g.ld.0.bc -reflow-lower-math-intrinsics 
Execute         ap_eval exec -ignorestderr C:/Xilinx/Vitis_HLS/2022.1/win64/tools/clang-3.9-csynth/bin/opt -pass-remarks-missed=reflow|pasta|unroll -pass-remarks=reflow|pasta|unroll|inline -pass-remarks-output=C:/Users/xingy/AppData/Roaming/Xilinx/Vitis/testHLS2/solution1/.autopilot/db/a.g.ld.1.lower.bc.opt.diag.yml C:/Users/xingy/AppData/Roaming/Xilinx/Vitis/testHLS2/solution1/.autopilot/db/a.g.ld.0.bc -reflow-lower-math-intrinsics -o C:/Users/xingy/AppData/Roaming/Xilinx/Vitis/testHLS2/solution1/.autopilot/db/a.g.ld.1.lower.bc > C:/Users/xingy/AppData/Roaming/Xilinx/Vitis/testHLS2/solution1/.autopilot/db/a.g.ld.1.lower.bc.opt.out.log 2> C:/Users/xingy/AppData/Roaming/Xilinx/Vitis/testHLS2/solution1/.autopilot/db/a.g.ld.1.lower.bc.opt.err.log 
Command         ap_eval done; 0.16 sec.
INFO-FLOW: 
Command       run_link_or_opt done; 0.164 sec.
INFO-FLOW: Linking math bc lib
Execute       run_link_or_opt -out C:/Users/xingy/AppData/Roaming/Xilinx/Vitis/testHLS2/solution1/.autopilot/db/a.g.ld.2.m1.bc -args C:/Users/xingy/AppData/Roaming/Xilinx/Vitis/testHLS2/solution1/.autopilot/db/a.g.ld.1.lower.bc -only-needed C:/Xilinx/Vitis_HLS/2022.1/win64/lib/libhlsm_39.bc C:/Xilinx/Vitis_HLS/2022.1/win64/lib/libhlsmc++_39.bc 
Execute         ap_eval exec -ignorestderr C:/Xilinx/Vitis_HLS/2022.1/win64/tools/clang-3.9-csynth/bin/llvm-link C:/Users/xingy/AppData/Roaming/Xilinx/Vitis/testHLS2/solution1/.autopilot/db/a.g.ld.1.lower.bc -only-needed C:/Xilinx/Vitis_HLS/2022.1/win64/lib/libhlsm_39.bc C:/Xilinx/Vitis_HLS/2022.1/win64/lib/libhlsmc++_39.bc -o C:/Users/xingy/AppData/Roaming/Xilinx/Vitis/testHLS2/solution1/.autopilot/db/a.g.ld.2.m1.bc > C:/Users/xingy/AppData/Roaming/Xilinx/Vitis/testHLS2/solution1/.autopilot/db/a.g.ld.2.m1.bc.llvm-link.out.log 2> C:/Users/xingy/AppData/Roaming/Xilinx/Vitis/testHLS2/solution1/.autopilot/db/a.g.ld.2.m1.bc.llvm-link.err.log 
Command         ap_eval done; 4.126 sec.
INFO-FLOW: 
Command       run_link_or_opt done; 4.129 sec.
Execute       run_link_or_opt -opt -out C:/Users/xingy/AppData/Roaming/Xilinx/Vitis/testHLS2/solution1/.autopilot/db/a.g.ld.3.fpc.bc -args C:/Users/xingy/AppData/Roaming/Xilinx/Vitis/testHLS2/solution1/.autopilot/db/a.g.ld.2.m1.bc -reflow-globaldce -hls-top-function-name=MLP -reflow-float-conversion 
Execute         ap_eval exec -ignorestderr C:/Xilinx/Vitis_HLS/2022.1/win64/tools/clang-3.9-csynth/bin/opt -pass-remarks-missed=reflow|pasta|unroll -pass-remarks=reflow|pasta|unroll|inline -pass-remarks-output=C:/Users/xingy/AppData/Roaming/Xilinx/Vitis/testHLS2/solution1/.autopilot/db/a.g.ld.3.fpc.bc.opt.diag.yml C:/Users/xingy/AppData/Roaming/Xilinx/Vitis/testHLS2/solution1/.autopilot/db/a.g.ld.2.m1.bc -reflow-globaldce -hls-top-function-name=MLP -reflow-float-conversion -o C:/Users/xingy/AppData/Roaming/Xilinx/Vitis/testHLS2/solution1/.autopilot/db/a.g.ld.3.fpc.bc > C:/Users/xingy/AppData/Roaming/Xilinx/Vitis/testHLS2/solution1/.autopilot/db/a.g.ld.3.fpc.bc.opt.out.log 2> C:/Users/xingy/AppData/Roaming/Xilinx/Vitis/testHLS2/solution1/.autopilot/db/a.g.ld.3.fpc.bc.opt.err.log 
Command         ap_eval done; 1.321 sec.
INFO-FLOW: 
Command       run_link_or_opt done; 1.325 sec.
Execute       run_link_or_opt -out C:/Users/xingy/AppData/Roaming/Xilinx/Vitis/testHLS2/solution1/.autopilot/db/a.g.ld.4.m2.bc -args C:/Users/xingy/AppData/Roaming/Xilinx/Vitis/testHLS2/solution1/.autopilot/db/a.g.ld.3.fpc.bc -only-needed C:/Xilinx/Vitis_HLS/2022.1/win64/lib/libfloatconversion_39.bc 
Execute         ap_eval exec -ignorestderr C:/Xilinx/Vitis_HLS/2022.1/win64/tools/clang-3.9-csynth/bin/llvm-link C:/Users/xingy/AppData/Roaming/Xilinx/Vitis/testHLS2/solution1/.autopilot/db/a.g.ld.3.fpc.bc -only-needed C:/Xilinx/Vitis_HLS/2022.1/win64/lib/libfloatconversion_39.bc -o C:/Users/xingy/AppData/Roaming/Xilinx/Vitis/testHLS2/solution1/.autopilot/db/a.g.ld.4.m2.bc > C:/Users/xingy/AppData/Roaming/Xilinx/Vitis/testHLS2/solution1/.autopilot/db/a.g.ld.4.m2.bc.llvm-link.out.log 2> C:/Users/xingy/AppData/Roaming/Xilinx/Vitis/testHLS2/solution1/.autopilot/db/a.g.ld.4.m2.bc.llvm-link.err.log 
Command         ap_eval done; 0.156 sec.
INFO-FLOW: 
Command       run_link_or_opt done; 0.158 sec.
Execute       run_link_or_opt -opt -out C:/Users/xingy/AppData/Roaming/Xilinx/Vitis/testHLS2/solution1/.autopilot/db/a.g.ld.5.gdce.bc -args C:/Users/xingy/AppData/Roaming/Xilinx/Vitis/testHLS2/solution1/.autopilot/db/a.g.ld.4.m2.bc -reflow-globaldce -hls-top-function-name=MLP 
Execute         ap_eval exec -ignorestderr C:/Xilinx/Vitis_HLS/2022.1/win64/tools/clang-3.9-csynth/bin/opt -pass-remarks-missed=reflow|pasta|unroll -pass-remarks=reflow|pasta|unroll|inline -pass-remarks-output=C:/Users/xingy/AppData/Roaming/Xilinx/Vitis/testHLS2/solution1/.autopilot/db/a.g.ld.5.gdce.bc.opt.diag.yml C:/Users/xingy/AppData/Roaming/Xilinx/Vitis/testHLS2/solution1/.autopilot/db/a.g.ld.4.m2.bc -reflow-globaldce -hls-top-function-name=MLP -o C:/Users/xingy/AppData/Roaming/Xilinx/Vitis/testHLS2/solution1/.autopilot/db/a.g.ld.5.gdce.bc > C:/Users/xingy/AppData/Roaming/Xilinx/Vitis/testHLS2/solution1/.autopilot/db/a.g.ld.5.gdce.bc.opt.out.log 2> C:/Users/xingy/AppData/Roaming/Xilinx/Vitis/testHLS2/solution1/.autopilot/db/a.g.ld.5.gdce.bc.opt.err.log 
Command         ap_eval done; 0.136 sec.
INFO-FLOW: 
Command       run_link_or_opt done; 0.14 sec.
Execute       get_solution -flow_target 
Execute       get_config_export -xo 
Execute       get_config_export -format 
Execute       get_config_rtl -module_prefix 
Execute       get_config_interface -default_slave_interface 
Execute       get_solution -flow_target 
Execute       get_config_export -xo 
Execute       get_config_export -format 
Execute       get_config_interface -m_axi_offset 
Execute       get_config_interface -m_axi_latency 
Execute       get_config_interface -m_axi_alignment_byte_size 
Execute       get_config_interface -m_axi_min_bitwidth 
Execute       get_config_interface -m_axi_max_bitwidth 
Execute       get_config_interface -m_axi_max_widen_bitwidth 
Execute       get_config_interface -m_axi_num_read_outstanding 
Execute       get_config_interface -m_axi_num_write_outstanding 
Execute       get_config_interface -m_axi_max_read_burst_length 
Execute       get_config_interface -m_axi_max_write_burst_length 
Execute       get_config_interface -m_axi_min_bitwidth 
Execute       get_config_interface -m_axi_max_bitwidth 
Execute       get_config_interface -m_axi_latency 
Execute       get_config_interface -m_axi_min_bitwidth 
Execute       get_config_interface -m_axi_max_bitwidth 
Execute       get_config_interface -m_axi_max_widen_bitwidth 
Execute       get_config_interface -m_axi_auto_max_ports 
Execute       get_config_interface -m_axi_num_read_outstanding 
Execute       get_config_interface -m_axi_num_write_outstanding 
Execute       get_config_interface -m_axi_max_read_burst_length 
Execute       get_config_interface -m_axi_max_write_burst_length 
Execute       get_config_interface -s_axilite_data64 
Execute       get_config_compile -instruction_warning_threshold 
Execute       get_config_compile -pipeline_loops 
Execute       get_config_interface -m_axi_alignment_byte_size 
Execute       get_config_compile -pragma_strict_mode 
Execute       get_config_compile -pipeline_style 
Execute       get_config_dataflow -strict_mode 
Execute       get_config_array_partition -throughput_driven 
Execute       send_msg_by_id INFO @200-777@%s Vivado 
INFO: [HLS 200-777] Using interface defaults for 'Vivado' flow target.
Execute       is_m_axi_addr64 
Execute       get_clock_period -ns -default 
INFO-FLOW: Doing LTO.
Execute       ap_eval exec -ignorestderr C:/Xilinx/Vitis_HLS/2022.1/win64/tools/clang-3.9-csynth/bin/clang -foptimization-record-file=C:/Users/xingy/AppData/Roaming/Xilinx/Vitis/testHLS2/solution1/.autopilot/db/a.g.ld.0.bc.clang.diag.yml -mllvm -pass-remarks-missed=reflow|pasta|unroll -mllvm -pass-remarks=reflow|pasta|unroll|inline -fhls -mllvm -hls-top-function-name=MLP -mllvm -hls-db-dir -mllvm C:/Users/xingy/AppData/Roaming/Xilinx/Vitis/testHLS2/solution1/.autopilot/db -emit-llvm -c -target fpga64-xilinx-none -mllvm -xcl-xmlinfo=C:/Users/xingy/AppData/Roaming/Xilinx/Vitis/testHLS2/solution1/.autopilot/db/kernel.internal.xml -mllvm -top-io-mapping-info=C:/Users/xingy/AppData/Roaming/Xilinx/Vitis/testHLS2/solution1/.autopilot/db/top-io-fe.xml -mllvm -hls-bitcode-version=3.1 -mllvm -reflow-enable-slave-interface-default-setting=true -mllvm -gen-kernel-xml=false -mllvm -default-maxi-offset=slave -mllvm -maxi-latency=0 -mllvm -hls-maxi-data-size-in-bits=8 -mllvm -hls-maxi-max-data-size-in-bits=1024 -mllvm -hls-max-widen-size-in-bits=0 -mllvm -xcl-kernel-max-mem-ports=0 -mllvm -maxi-read-trans=16 -mllvm -maxi-write-trans=16 -mllvm -maxi-read-burst-len=16 -mllvm -maxi-write-burst-len=16 -mllvm -reflow-enable-saxi-64bits=0 -mllvm -reflow-basic-block-instr-threshold=200000 -mllvm -reflow-auto-pipeline-threshold=64 -mllvm -assume-maxi-align=0 -mllvm -no-unaligned-maxi-accesses -mllvm -reflow-pipeline-style-llvm-setting=2 -mllvm -reflow-enable-dataflow-strict-mode-checking=1 -mllvm -reflow-auto-array-partition-mode=default -mllvm -reflow-enable-auto-array-partition=true -mllvm -reflow-enable-auto-parallel-performance-driven=true -mllvm -reflow-enable-partition-for-automation=true -mllvm -reflow-aggregate-bitwidth-threshold=4096 -mllvm -hls -mllvm -disable-inlined-alloca-merging=true -x ir C:/Users/xingy/AppData/Roaming/Xilinx/Vitis/testHLS2/solution1/.autopilot/db/a.g.ld.5.gdce.bc -o C:/Users/xingy/AppData/Roaming/Xilinx/Vitis/testHLS2/solution1/.autopilot/db/a.g.lto.bc -hls-platform-db-name=C:/Xilinx/Vitis_HLS/2022.1/common/technology/xilinx/common/platform.db -hls-platform-name=zynquplus_medium -device-resource-info=BRAM_432.000000_DSP_360.000000_FF_141120.000000_LUT_70560.000000_SLICE_8820.000000_URAM_0.000000 > C:/Users/xingy/AppData/Roaming/Xilinx/Vitis/testHLS2/solution1/.autopilot/db/a.g.ld.0.bc.clang.out.log 2> C:/Users/xingy/AppData/Roaming/Xilinx/Vitis/testHLS2/solution1/.autopilot/db/a.g.ld.0.bc.clang.err.log 
Command       ap_eval done; 1.249 sec.
INFO: [HLS 214-131] Inlining function 'hls::axis<ap_int<32>, 2ul, 5ul, 6ul>::get_user_ptr()' into 'hls::stream<hls::axis<ap_int<32>, 2ul, 5ul, 6ul>, 0>::read(hls::axis<ap_int<32>, 2ul, 5ul, 6ul>&)' (C:/Xilinx/Vitis_HLS/2022.1/common/technology/autopilot\ap_axi_sdata.h:283:50)
INFO: [HLS 214-131] Inlining function 'hls::axis<ap_int<32>, 2ul, 5ul, 6ul>::get_dest_ptr()' into 'hls::stream<hls::axis<ap_int<32>, 2ul, 5ul, 6ul>, 0>::read(hls::axis<ap_int<32>, 2ul, 5ul, 6ul>&)' (C:/Xilinx/Vitis_HLS/2022.1/common/technology/autopilot\ap_axi_sdata.h:286:25)
INFO: [HLS 214-131] Inlining function 'hls::axis<ap_int<32>, 2ul, 5ul, 6ul>::get_id_ptr()' into 'hls::stream<hls::axis<ap_int<32>, 2ul, 5ul, 6ul>, 0>::read(hls::axis<ap_int<32>, 2ul, 5ul, 6ul>&)' (C:/Xilinx/Vitis_HLS/2022.1/common/technology/autopilot\ap_axi_sdata.h:285:67)
INFO: [HLS 214-131] Inlining function 'hls::axis<ap_int<32>, 2ul, 5ul, 6ul>::get_user_ptr()' into 'hls::stream<hls::axis<ap_int<32>, 2ul, 5ul, 6ul>, 0>::read(hls::axis<ap_int<32>, 2ul, 5ul, 6ul>&)' (C:/Xilinx/Vitis_HLS/2022.1/common/technology/autopilot\ap_axi_sdata.h:285:36)
INFO: [HLS 214-131] Inlining function 'hls::axis<ap_int<32>, 2ul, 5ul, 6ul>::get_dest_ptr()' into 'hls::stream<hls::axis<ap_int<32>, 2ul, 5ul, 6ul>, 0>::read(hls::axis<ap_int<32>, 2ul, 5ul, 6ul>&)' (C:/Xilinx/Vitis_HLS/2022.1/common/technology/autopilot\ap_axi_sdata.h:284:39)
INFO: [HLS 214-131] Inlining function 'hls::axis<ap_int<32>, 2ul, 5ul, 6ul>::get_id_ptr()' into 'hls::stream<hls::axis<ap_int<32>, 2ul, 5ul, 6ul>, 0>::read(hls::axis<ap_int<32>, 2ul, 5ul, 6ul>&)' (C:/Xilinx/Vitis_HLS/2022.1/common/technology/autopilot\ap_axi_sdata.h:284:23)
INFO: [HLS 214-131] Inlining function 'ssdm_int<32, false>::ssdm_int(unsigned int)' into 'ap_int_base<32, false>::ap_int_base(unsigned int)' (r:/ci/prod/2022.1/rdi_builds/continuous/2022_04_18_3526262/src/shared/hls/clib/include/header_files\ap_int_base.h:215:76)
INFO: [HLS 214-131] Inlining function 'ap_int_base<32, false>::ap_int_base(unsigned int)' into 'ap_uint<32>::ap_uint(unsigned int)' (r:/ci/prod/2022.1/rdi_builds/continuous/2022_04_18_3526262/src/shared/hls/clib/include/header_files\ap_int.h:288:67)
INFO: [HLS 214-131] Inlining function 'ap_bit_ref<32, false>::ap_bit_ref(ap_int_base<32, false>*, int)' into 'ap_int_base<32, false>::operator[](int)' (r:/ci/prod/2022.1/rdi_builds/continuous/2022_04_18_3526262/src/shared/hls/clib/include/header_files\ap_int_base.h:1129:30)
INFO: [HLS 214-131] Inlining function 'ap_bit_ref<1, false>::ap_bit_ref(ap_int_base<1, false>*, int)' into 'ap_int_base<1, false>::operator[](int)' (r:/ci/prod/2022.1/rdi_builds/continuous/2022_04_18_3526262/src/shared/hls/clib/include/header_files\ap_int_base.h:1129:30)
INFO: [HLS 214-131] Inlining function 'ap_bit_ref<32, false>::operator bool() const' into 'ap_bit_ref<1, false>& ap_bit_ref<1, false>::operator=<32, false>(ap_bit_ref<32, false> const&)' (r:/ci/prod/2022.1/rdi_builds/continuous/2022_04_18_3526262/src/shared/hls/clib/include/header_files\ap_int_ref.h:845:38)
INFO: [HLS 214-131] Inlining function 'ap_bit_ref<1, false>::operator=(unsigned long long)' into 'ap_bit_ref<1, false>& ap_bit_ref<1, false>::operator=<32, false>(ap_bit_ref<32, false> const&)' (r:/ci/prod/2022.1/rdi_builds/continuous/2022_04_18_3526262/src/shared/hls/clib/include/header_files\ap_int_ref.h:845:12)
INFO: [HLS 214-131] Inlining function 'ap_range_ref<32, false>::ap_range_ref(ap_int_base<32, false>*, int, int)' into 'ap_int_base<32, false>::range(int, int)' (r:/ci/prod/2022.1/rdi_builds/continuous/2022_04_18_3526262/src/shared/hls/clib/include/header_files\ap_int_base.h:1048:12)
INFO: [HLS 214-131] Inlining function 'ap_int_base<32, false>::range(int, int)' into 'ap_int_base<32, false>::operator()(int, int)' (r:/ci/prod/2022.1/rdi_builds/continuous/2022_04_18_3526262/src/shared/hls/clib/include/header_files\ap_int_base.h:1085:18)
INFO: [HLS 214-131] Inlining function 'ap_range_ref<8, false>::ap_range_ref(ap_int_base<8, false>*, int, int)' into 'ap_int_base<8, false>::range(int, int)' (r:/ci/prod/2022.1/rdi_builds/continuous/2022_04_18_3526262/src/shared/hls/clib/include/header_files\ap_int_base.h:1048:12)
INFO: [HLS 214-131] Inlining function 'ap_int_base<8, false>::range(int, int)' into 'ap_int_base<8, false>::operator()(int, int)' (r:/ci/prod/2022.1/rdi_builds/continuous/2022_04_18_3526262/src/shared/hls/clib/include/header_files\ap_int_base.h:1085:18)
INFO: [HLS 214-131] Inlining function 'ap_range_ref<32, false>::get() const' into 'ap_int_base<32, false>::ap_int_base<32, false>(ap_range_ref<32, false> const&)' (r:/ci/prod/2022.1/rdi_builds/continuous/2022_04_18_3526262/src/shared/hls/clib/include/header_files\ap_int_base.h:358:20)
INFO: [HLS 214-131] Inlining function 'ssdm_int<8, false>::ssdm_int(unsigned char)' into 'ap_int_base<8, false>::ap_int_base<32, false>(ap_int_base<32, false> const&)' (r:/ci/prod/2022.1/rdi_builds/continuous/2022_04_18_3526262/src/shared/hls/clib/include/header_files\ap_int_base.h:185:106)
INFO: [HLS 214-131] Inlining function 'ap_int_base<8, false>::ap_int_base<32, false>(ap_int_base<32, false> const&)' into 'ap_range_ref<8, false>& ap_range_ref<8, false>::operator=<32, false>(ap_int_base<32, false> const&)' (r:/ci/prod/2022.1/rdi_builds/continuous/2022_04_18_3526262/src/shared/hls/clib/include/header_files\ap_int_ref.h:367:31)
INFO: [HLS 214-131] Inlining function 'ap_int_base<32, false>::ap_int_base<32, false>(ap_range_ref<32, false> const&)' into 'ap_range_ref<8, false>& ap_range_ref<8, false>::operator=<32, false>(ap_range_ref<32, false> const&)' (r:/ci/prod/2022.1/rdi_builds/continuous/2022_04_18_3526262/src/shared/hls/clib/include/header_files\ap_int_ref.h:382:22)
INFO: [HLS 214-131] Inlining function 'ap_range_ref<8, false>& ap_range_ref<8, false>::operator=<32, false>(ap_int_base<32, false> const&)' into 'ap_range_ref<8, false>& ap_range_ref<8, false>::operator=<32, false>(ap_range_ref<32, false> const&)' (r:/ci/prod/2022.1/rdi_builds/continuous/2022_04_18_3526262/src/shared/hls/clib/include/header_files\ap_int_ref.h:382:12)
INFO: [HLS 214-131] Inlining function 'ap_range_ref<23, false>::ap_range_ref(ap_int_base<23, false>*, int, int)' into 'ap_int_base<23, false>::range(int, int)' (r:/ci/prod/2022.1/rdi_builds/continuous/2022_04_18_3526262/src/shared/hls/clib/include/header_files\ap_int_base.h:1048:12)
INFO: [HLS 214-131] Inlining function 'ap_int_base<23, false>::range(int, int)' into 'ap_int_base<23, false>::operator()(int, int)' (r:/ci/prod/2022.1/rdi_builds/continuous/2022_04_18_3526262/src/shared/hls/clib/include/header_files\ap_int_base.h:1085:18)
INFO: [HLS 214-131] Inlining function '_ZN8ssdm_intILi23ELb0EEC2EDq23_j' into 'ap_int_base<23, false>::ap_int_base<32, false>(ap_int_base<32, false> const&)' (r:/ci/prod/2022.1/rdi_builds/continuous/2022_04_18_3526262/src/shared/hls/clib/include/header_files\ap_int_base.h:185:106)
INFO: [HLS 214-131] Inlining function 'ap_int_base<23, false>::ap_int_base<32, false>(ap_int_base<32, false> const&)' into 'ap_range_ref<23, false>& ap_range_ref<23, false>::operator=<32, false>(ap_int_base<32, false> const&)' (r:/ci/prod/2022.1/rdi_builds/continuous/2022_04_18_3526262/src/shared/hls/clib/include/header_files\ap_int_ref.h:367:31)
INFO: [HLS 214-131] Inlining function 'ap_int_base<32, false>::ap_int_base<32, false>(ap_range_ref<32, false> const&)' into 'ap_range_ref<23, false>& ap_range_ref<23, false>::operator=<32, false>(ap_range_ref<32, false> const&)' (r:/ci/prod/2022.1/rdi_builds/continuous/2022_04_18_3526262/src/shared/hls/clib/include/header_files\ap_int_ref.h:382:22)
INFO: [HLS 214-131] Inlining function 'ap_range_ref<23, false>& ap_range_ref<23, false>::operator=<32, false>(ap_int_base<32, false> const&)' into 'ap_range_ref<23, false>& ap_range_ref<23, false>::operator=<32, false>(ap_range_ref<32, false> const&)' (r:/ci/prod/2022.1/rdi_builds/continuous/2022_04_18_3526262/src/shared/hls/clib/include/header_files\ap_int_ref.h:382:12)
INFO: [HLS 214-131] Inlining function 'ap_uint<32>::ap_uint(unsigned int)' into 'fp_struct<float>::fp_struct(float)' (r:/ci/prod/2022.1/rdi_builds/continuous/2022_04_18_3526262/src/shared/hls/clib/src/hls\utils/x_hls_utils.h:317:28)
INFO: [HLS 214-131] Inlining function 'ap_range_ref<23, false>& ap_range_ref<23, false>::operator=<32, false>(ap_range_ref<32, false> const&)' into 'fp_struct<float>::fp_struct(float)' (r:/ci/prod/2022.1/rdi_builds/continuous/2022_04_18_3526262/src/shared/hls/clib/src/hls\utils/x_hls_utils.h:325:18)
INFO: [HLS 214-131] Inlining function 'ap_int_base<23, false>::operator()(int, int)' into 'fp_struct<float>::fp_struct(float)' (r:/ci/prod/2022.1/rdi_builds/continuous/2022_04_18_3526262/src/shared/hls/clib/src/hls\utils/x_hls_utils.h:325:9)
INFO: [HLS 214-131] Inlining function 'ap_int_base<32, false>::operator()(int, int)' into 'fp_struct<float>::fp_struct(float)' (r:/ci/prod/2022.1/rdi_builds/continuous/2022_04_18_3526262/src/shared/hls/clib/src/hls\utils/x_hls_utils.h:325:20)
INFO: [HLS 214-131] Inlining function 'ap_range_ref<8, false>& ap_range_ref<8, false>::operator=<32, false>(ap_range_ref<32, false> const&)' into 'fp_struct<float>::fp_struct(float)' (r:/ci/prod/2022.1/rdi_builds/continuous/2022_04_18_3526262/src/shared/hls/clib/src/hls\utils/x_hls_utils.h:324:17)
INFO: [HLS 214-131] Inlining function 'ap_int_base<8, false>::operator()(int, int)' into 'fp_struct<float>::fp_struct(float)' (r:/ci/prod/2022.1/rdi_builds/continuous/2022_04_18_3526262/src/shared/hls/clib/src/hls\utils/x_hls_utils.h:324:9)
INFO: [HLS 214-131] Inlining function 'ap_int_base<32, false>::operator()(int, int)' into 'fp_struct<float>::fp_struct(float)' (r:/ci/prod/2022.1/rdi_builds/continuous/2022_04_18_3526262/src/shared/hls/clib/src/hls\utils/x_hls_utils.h:324:19)
INFO: [HLS 214-131] Inlining function 'ap_bit_ref<1, false>& ap_bit_ref<1, false>::operator=<32, false>(ap_bit_ref<32, false> const&)' into 'fp_struct<float>::fp_struct(float)' (r:/ci/prod/2022.1/rdi_builds/continuous/2022_04_18_3526262/src/shared/hls/clib/src/hls\utils/x_hls_utils.h:323:17)
INFO: [HLS 214-131] Inlining function 'ap_int_base<1, false>::operator[](int)' into 'fp_struct<float>::fp_struct(float)' (r:/ci/prod/2022.1/rdi_builds/continuous/2022_04_18_3526262/src/shared/hls/clib/src/hls\utils/x_hls_utils.h:323:9)
INFO: [HLS 214-131] Inlining function 'ap_int_base<32, false>::operator[](int)' into 'fp_struct<float>::fp_struct(float)' (r:/ci/prod/2022.1/rdi_builds/continuous/2022_04_18_3526262/src/shared/hls/clib/src/hls\utils/x_hls_utils.h:323:19)
INFO: [HLS 214-131] Inlining function 'ap_fixed_base<32, 32, true, (ap_q_mode)5, (ap_o_mode)3, 0>::operator!() const' into 'ap_fixed_base<24, 1, false, (ap_q_mode)5, (ap_o_mode)3, 0>& ap_fixed_base<24, 1, false, (ap_q_mode)5, (ap_o_mode)3, 0>::operator=<32, 32, true, (ap_q_mode)5, (ap_o_mode)3, 0>(ap_fixed_base<32, 32, true, (ap_q_mode)5, (ap_o_mode)3, 0> const&)' (r:/ci/prod/2022.1/rdi_builds/continuous/2022_04_18_3526262/src/shared/hls/clib/include/header_files\ap_fixed_base.h:808:9)
INFO: [HLS 214-131] Inlining function 'ap_fixed_base<24, 1, false, (ap_q_mode)5, (ap_o_mode)3, 0>& ap_fixed_base<24, 1, false, (ap_q_mode)5, (ap_o_mode)3, 0>::operator=<32, 32, true, (ap_q_mode)5, (ap_o_mode)3, 0>(ap_fixed_base<32, 32, true, (ap_q_mode)5, (ap_o_mode)3, 0> const&)' into 'ap_fixed_base<24, 1, false, (ap_q_mode)5, (ap_o_mode)3, 0>::ap_fixed_base(int)' (r:/ci/prod/2022.1/rdi_builds/continuous/2022_04_18_3526262/src/shared/hls/clib/include/header_files\ap_fixed_base.h:530:146)
INFO: [HLS 214-131] Inlining function 'ap_fixed_base<24, 1, false, (ap_q_mode)5, (ap_o_mode)3, 0>::ap_fixed_base(int)' into 'ap_ufixed<24, 1, (ap_q_mode)5, (ap_o_mode)3, 0>::ap_ufixed(int)' (r:/ci/prod/2022.1/rdi_builds/continuous/2022_04_18_3526262/src/shared/hls/clib/include/header_files\ap_fixed.h:300:80)
INFO: [HLS 214-131] Inlining function 'ap_range_ref<23, false>::ap_range_ref(ap_int_base<23, false>*, int, int)' into 'ap_int_base<23, false>::range(int, int) const' (r:/ci/prod/2022.1/rdi_builds/continuous/2022_04_18_3526262/src/shared/hls/clib/include/header_files\ap_int_base.h:1055:12)
INFO: [HLS 214-131] Inlining function 'ap_int_base<23, false>::range(int, int) const' into 'ap_int_base<23, false>::operator()(int, int) const' (r:/ci/prod/2022.1/rdi_builds/continuous/2022_04_18_3526262/src/shared/hls/clib/include/header_files\ap_int_base.h:1089:18)
INFO: [HLS 214-131] Inlining function 'af_range_ref<24, 1, false, (ap_q_mode)5, (ap_o_mode)3, 0>::af_range_ref(ap_fixed_base<24, 1, false, (ap_q_mode)5, (ap_o_mode)3, 0>*, int, int)' into 'ap_fixed_base<24, 1, false, (ap_q_mode)5, (ap_o_mode)3, 0>::range(int, int)' (r:/ci/prod/2022.1/rdi_builds/continuous/2022_04_18_3526262/src/shared/hls/clib/include/header_files\ap_fixed_base.h:1746:12)
INFO: [HLS 214-131] Inlining function 'ap_fixed_base<24, 1, false, (ap_q_mode)5, (ap_o_mode)3, 0>::range(int, int)' into 'ap_fixed_base<24, 1, false, (ap_q_mode)5, (ap_o_mode)3, 0>::operator()(int, int)' (r:/ci/prod/2022.1/rdi_builds/continuous/2022_04_18_3526262/src/shared/hls/clib/include/header_files\ap_fixed_base.h:1785:18)
INFO: [HLS 214-131] Inlining function 'ap_range_ref<23, false>::get() const' into 'ap_int_base<23, false>::ap_int_base<23, false>(ap_range_ref<23, false> const&)' (r:/ci/prod/2022.1/rdi_builds/continuous/2022_04_18_3526262/src/shared/hls/clib/include/header_files\ap_int_base.h:358:20)
INFO: [HLS 214-131] Inlining function 'ap_int_base<23, false>::ap_int_base<23, false>(ap_range_ref<23, false> const&)' into 'af_range_ref<24, 1, false, (ap_q_mode)5, (ap_o_mode)3, 0>& af_range_ref<24, 1, false, (ap_q_mode)5, (ap_o_mode)3, 0>::operator=<23, false>(ap_range_ref<23, false> const&)' (r:/ci/prod/2022.1/rdi_builds/continuous/2022_04_18_3526262/src/shared/hls/clib/include/header_files\ap_fixed_ref.h:301:38)
INFO: [HLS 214-131] Inlining function 'af_range_ref<24, 1, false, (ap_q_mode)5, (ap_o_mode)3, 0>& af_range_ref<24, 1, false, (ap_q_mode)5, (ap_o_mode)3, 0>::operator=<23, false>(ap_int_base<23, false> const&)' into 'af_range_ref<24, 1, false, (ap_q_mode)5, (ap_o_mode)3, 0>& af_range_ref<24, 1, false, (ap_q_mode)5, (ap_o_mode)3, 0>::operator=<23, false>(ap_range_ref<23, false> const&)' (r:/ci/prod/2022.1/rdi_builds/continuous/2022_04_18_3526262/src/shared/hls/clib/include/header_files\ap_fixed_ref.h:302:12)
INFO: [HLS 214-131] Inlining function 'af_bit_ref<24, 1, false, (ap_q_mode)5, (ap_o_mode)3, 0>::af_bit_ref(ap_fixed_base<24, 1, false, (ap_q_mode)5, (ap_o_mode)3, 0>*, int)' into 'ap_fixed_base<24, 1, false, (ap_q_mode)5, (ap_o_mode)3, 0>::operator[](unsigned int)' (r:/ci/prod/2022.1/rdi_builds/continuous/2022_04_18_3526262/src/shared/hls/clib/include/header_files\ap_fixed_base.h:1671:12)
INFO: [HLS 214-131] Inlining function 'ap_ufixed<24, 1, (ap_q_mode)5, (ap_o_mode)3, 0>::ap_ufixed(int)' into 'fp_struct<float>::mantissa() const' (r:/ci/prod/2022.1/rdi_builds/continuous/2022_04_18_3526262/src/shared/hls/clib/src/hls\utils/x_hls_utils.h:370:37)
INFO: [HLS 214-131] Inlining function 'af_bit_ref<24, 1, false, (ap_q_mode)5, (ap_o_mode)3, 0>::operator=(bool)' into 'fp_struct<float>::mantissa() const' (r:/ci/prod/2022.1/rdi_builds/continuous/2022_04_18_3526262/src/shared/hls/clib/src/hls\utils/x_hls_utils.h:372:21)
INFO: [HLS 214-131] Inlining function 'ap_fixed_base<24, 1, false, (ap_q_mode)5, (ap_o_mode)3, 0>::operator[](unsigned int)' into 'fp_struct<float>::mantissa() const' (r:/ci/prod/2022.1/rdi_builds/continuous/2022_04_18_3526262/src/shared/hls/clib/src/hls\utils/x_hls_utils.h:372:9)
INFO: [HLS 214-131] Inlining function 'ap_fixed_base<24, 1, false, (ap_q_mode)5, (ap_o_mode)3, 0>::wl() const' into 'fp_struct<float>::mantissa() const' (r:/ci/prod/2022.1/rdi_builds/continuous/2022_04_18_3526262/src/shared/hls/clib/src/hls\utils/x_hls_utils.h:372:13)
INFO: [HLS 214-131] Inlining function 'af_range_ref<24, 1, false, (ap_q_mode)5, (ap_o_mode)3, 0>& af_range_ref<24, 1, false, (ap_q_mode)5, (ap_o_mode)3, 0>::operator=<23, false>(ap_range_ref<23, false> const&)' into 'fp_struct<float>::mantissa() const' (r:/ci/prod/2022.1/rdi_builds/continuous/2022_04_18_3526262/src/shared/hls/clib/src/hls\utils/x_hls_utils.h:371:23)
INFO: [HLS 214-131] Inlining function 'ap_fixed_base<24, 1, false, (ap_q_mode)5, (ap_o_mode)3, 0>::operator()(int, int)' into 'fp_struct<float>::mantissa() const' (r:/ci/prod/2022.1/rdi_builds/continuous/2022_04_18_3526262/src/shared/hls/clib/src/hls\utils/x_hls_utils.h:371:9)
INFO: [HLS 214-131] Inlining function 'ap_fixed_base<24, 1, false, (ap_q_mode)5, (ap_o_mode)3, 0>::wl() const' into 'fp_struct<float>::mantissa() const' (r:/ci/prod/2022.1/rdi_builds/continuous/2022_04_18_3526262/src/shared/hls/clib/src/hls\utils/x_hls_utils.h:371:13)
INFO: [HLS 214-131] Inlining function 'ap_int_base<23, false>::operator()(int, int) const' into 'fp_struct<float>::mantissa() const' (r:/ci/prod/2022.1/rdi_builds/continuous/2022_04_18_3526262/src/shared/hls/clib/src/hls\utils/x_hls_utils.h:371:25)
INFO: [HLS 214-131] Inlining function 'ap_fixed_base<24, 1, false, (ap_q_mode)5, (ap_o_mode)3, 0>::operator!() const' into 'ap_fixed_base<79, 55, false, (ap_q_mode)5, (ap_o_mode)3, 0>& ap_fixed_base<79, 55, false, (ap_q_mode)5, (ap_o_mode)3, 0>::operator=<24, 1, false, (ap_q_mode)5, (ap_o_mode)3, 0>(ap_fixed_base<24, 1, false, (ap_q_mode)5, (ap_o_mode)3, 0> const&)' (r:/ci/prod/2022.1/rdi_builds/continuous/2022_04_18_3526262/src/shared/hls/clib/include/header_files\ap_fixed_base.h:808:9)
INFO: [HLS 214-131] Inlining function '_ZN8ssdm_intILi79ELb0EEC2EDq79_j' into 'ap_fixed_base<79, 55, false, (ap_q_mode)5, (ap_o_mode)3, 0>::ap_fixed_base<24, 1, false, (ap_q_mode)5, (ap_o_mode)3, 0>(ap_fixed_base<24, 1, false, (ap_q_mode)5, (ap_o_mode)3, 0> const&)' (r:/ci/prod/2022.1/rdi_builds/continuous/2022_04_18_3526262/src/shared/hls/clib/include/header_files\ap_fixed_base.h:401:80)
INFO: [HLS 214-131] Inlining function 'ap_fixed_base<79, 55, false, (ap_q_mode)5, (ap_o_mode)3, 0>& ap_fixed_base<79, 55, false, (ap_q_mode)5, (ap_o_mode)3, 0>::operator=<24, 1, false, (ap_q_mode)5, (ap_o_mode)3, 0>(ap_fixed_base<24, 1, false, (ap_q_mode)5, (ap_o_mode)3, 0> const&)' into 'ap_fixed_base<79, 55, false, (ap_q_mode)5, (ap_o_mode)3, 0>::ap_fixed_base<24, 1, false, (ap_q_mode)5, (ap_o_mode)3, 0>(ap_fixed_base<24, 1, false, (ap_q_mode)5, (ap_o_mode)3, 0> const&)' (r:/ci/prod/2022.1/rdi_builds/continuous/2022_04_18_3526262/src/shared/hls/clib/include/header_files\ap_fixed_base.h:403:5)
INFO: [HLS 214-131] Inlining function 'ap_fixed_base<79, 55, false, (ap_q_mode)5, (ap_o_mode)3, 0>::ap_fixed_base<24, 1, false, (ap_q_mode)5, (ap_o_mode)3, 0>(ap_fixed_base<24, 1, false, (ap_q_mode)5, (ap_o_mode)3, 0> const&)' into 'ap_ufixed<79, 55, (ap_q_mode)5, (ap_o_mode)3, 0>::ap_ufixed<24, 1, false, (ap_q_mode)5, (ap_o_mode)3, 0>(ap_fixed_base<24, 1, false, (ap_q_mode)5, (ap_o_mode)3, 0> const&)' (r:/ci/prod/2022.1/rdi_builds/continuous/2022_04_18_3526262/src/shared/hls/clib/include/header_files\ap_fixed.h:201:9)
INFO: [HLS 214-131] Inlining function 'ssdm_int<32, true>::ssdm_int(int)' into 'ap_int_base<32, true>::ap_int_base(int)' (C:/Xilinx/Vitis_HLS/2022.1/common/technology/autopilot\ap_int_base.h:260:67)
INFO: [HLS 214-131] Inlining function '_ZN8ssdm_intILi33ELb1EEC2EDq33_i' into 'ap_int_base<33, true>::ap_int_base<8, false>(ap_int_base<8, false> const&)' (r:/ci/prod/2022.1/rdi_builds/continuous/2022_04_18_3526262/src/shared/hls/clib/include/header_files\ap_int_base.h:185:106)
INFO: [HLS 214-131] Inlining function '_ZN8ssdm_intILi33ELb1EEC2EDq33_i' into 'ap_int_base<33, true>::ap_int_base<32, true>(ap_int_base<32, true> const&)' (r:/ci/prod/2022.1/rdi_builds/continuous/2022_04_18_3526262/src/shared/hls/clib/include/header_files\ap_int_base.h:185:106)
INFO: [HLS 214-131] Inlining function '_ZN8ssdm_intILi33ELb1EEC2EDq33_i' into 'ap_int_base<33, true>::ap_int_base(int)' (r:/ci/prod/2022.1/rdi_builds/continuous/2022_04_18_3526262/src/shared/hls/clib/include/header_files\ap_int_base.h:214:67)
INFO: [HLS 214-131] Inlining function 'ap_int_base<33, true>::ap_int_base<8, false>(ap_int_base<8, false> const&)' into 'ap_int_base<8, false>::RType<32, true>::minus operator-<8, false, 32, true>(ap_int_base<8, false> const&, ap_int_base<32, true> const&)' (r:/ci/prod/2022.1/rdi_builds/continuous/2022_04_18_3526262/src/shared/hls/clib/include/header_files\ap_int_base.h:1496:341)
INFO: [HLS 214-131] Inlining function 'ap_int<33>::ap_int<33, true>(ap_int_base<33, true> const&)' into 'ap_int_base<8, false>::RType<32, true>::minus operator-<8, false, 32, true>(ap_int_base<8, false> const&, ap_int_base<32, true> const&)' (r:/ci/prod/2022.1/rdi_builds/continuous/2022_04_18_3526262/src/shared/hls/clib/include/header_files\ap_int_base.h:1496:558)
INFO: [HLS 214-131] Inlining function 'ap_int_base<33, true>::ap_int_base(int)' into 'ap_int_base<8, false>::RType<32, true>::minus operator-<8, false, 32, true>(ap_int_base<8, false> const&, ap_int_base<32, true> const&)' (r:/ci/prod/2022.1/rdi_builds/continuous/2022_04_18_3526262/src/shared/hls/clib/include/header_files\ap_int_base.h:1496:520)
INFO: [HLS 214-131] Inlining function 'ap_int_base<33, true>::ap_int_base<32, true>(ap_int_base<32, true> const&)' into 'ap_int_base<8, false>::RType<32, true>::minus operator-<8, false, 32, true>(ap_int_base<8, false> const&, ap_int_base<32, true> const&)' (r:/ci/prod/2022.1/rdi_builds/continuous/2022_04_18_3526262/src/shared/hls/clib/include/header_files\ap_int_base.h:1496:430)
INFO: [HLS 214-131] Inlining function 'ap_int_base<32, true>::ap_int_base(int)' into 'ap_int_base<8, false>::RType<($_0)32, true>::minus operator-<8, false>(ap_int_base<8, false> const&, int)' (r:/ci/prod/2022.1/rdi_builds/continuous/2022_04_18_3526262/src/shared/hls/clib/include/header_files\ap_int_base.h:1633:1531)
INFO: [HLS 214-131] Inlining function 'ap_int_base<8, false>::RType<32, true>::minus operator-<8, false, 32, true>(ap_int_base<8, false> const&, ap_int_base<32, true> const&)' into 'ap_int_base<8, false>::RType<($_0)32, true>::minus operator-<8, false>(ap_int_base<8, false> const&, int)' (r:/ci/prod/2022.1/rdi_builds/continuous/2022_04_18_3526262/src/shared/hls/clib/include/header_files\ap_int_base.h:1633:1529)
INFO: [HLS 214-131] Inlining function 'ap_int_base<8, false>::RType<($_0)32, true>::minus operator-<8, false>(ap_int_base<8, false> const&, int)' into 'fp_struct<float>::expv() const' (r:/ci/prod/2022.1/rdi_builds/continuous/2022_04_18_3526262/src/shared/hls/clib/src/hls\utils/x_hls_utils.h:346:19)
INFO: [HLS 214-131] Inlining function 'ap_int_base<33, true>::operator long long() const' into 'fp_struct<float>::expv() const' (r:/ci/prod/2022.1/rdi_builds/continuous/2022_04_18_3526262/src/shared/hls/clib/src/hls\utils/x_hls_utils.h:346:16)
INFO: [HLS 214-131] Inlining function 'ap_fixed_base<32, 32, true, (ap_q_mode)5, (ap_o_mode)3, 0>::operator!() const' into 'ap_fixed_base<79, 55, false, (ap_q_mode)5, (ap_o_mode)3, 0>& ap_fixed_base<79, 55, false, (ap_q_mode)5, (ap_o_mode)3, 0>::operator=<32, 32, true, (ap_q_mode)5, (ap_o_mode)3, 0>(ap_fixed_base<32, 32, true, (ap_q_mode)5, (ap_o_mode)3, 0> const&)' (r:/ci/prod/2022.1/rdi_builds/continuous/2022_04_18_3526262/src/shared/hls/clib/include/header_files\ap_fixed_base.h:808:9)
INFO: [HLS 214-131] Inlining function 'ap_fixed_base<79, 55, false, (ap_q_mode)5, (ap_o_mode)3, 0>& ap_fixed_base<79, 55, false, (ap_q_mode)5, (ap_o_mode)3, 0>::operator=<32, 32, true, (ap_q_mode)5, (ap_o_mode)3, 0>(ap_fixed_base<32, 32, true, (ap_q_mode)5, (ap_o_mode)3, 0> const&)' into 'ap_fixed_base<79, 55, false, (ap_q_mode)5, (ap_o_mode)3, 0>::ap_fixed_base(int)' (r:/ci/prod/2022.1/rdi_builds/continuous/2022_04_18_3526262/src/shared/hls/clib/include/header_files\ap_fixed_base.h:530:146)
INFO: [HLS 214-131] Inlining function 'ap_fixed_base<79, 55, false, (ap_q_mode)5, (ap_o_mode)3, 0>::ap_fixed_base(int)' into 'ap_fixed_base<79, 55, false, (ap_q_mode)5, (ap_o_mode)3, 0>::operator>>(unsigned int) const' (r:/ci/prod/2022.1/rdi_builds/continuous/2022_04_18_3526262/src/shared/hls/clib/include/header_files\ap_fixed_base.h:1487:19)
INFO: [HLS 214-131] Inlining function 'ap_fixed_base<79, 55, false, (ap_q_mode)5, (ap_o_mode)3, 0>::ap_fixed_base(int)' into 'ap_fixed_base<79, 55, false, (ap_q_mode)5, (ap_o_mode)3, 0>::operator<<(unsigned int) const' (r:/ci/prod/2022.1/rdi_builds/continuous/2022_04_18_3526262/src/shared/hls/clib/include/header_files\ap_fixed_base.h:1453:19)
INFO: [HLS 214-131] Inlining function 'ap_fixed_base<79, 55, false, (ap_q_mode)5, (ap_o_mode)3, 0>::ap_fixed_base(int)' into 'ap_fixed_base<79, 55, false, (ap_q_mode)5, (ap_o_mode)3, 0>::operator<<(int) const' (r:/ci/prod/2022.1/rdi_builds/continuous/2022_04_18_3526262/src/shared/hls/clib/include/header_files\ap_fixed_base.h:1510:19)
INFO: [HLS 214-131] Inlining function 'ap_fixed_base<79, 55, false, (ap_q_mode)5, (ap_o_mode)3, 0>::operator<<(unsigned int) const' into 'ap_fixed_base<79, 55, false, (ap_q_mode)5, (ap_o_mode)3, 0>::operator<<(int) const' (r:/ci/prod/2022.1/rdi_builds/continuous/2022_04_18_3526262/src/shared/hls/clib/include/header_files\ap_fixed_base.h:1516:14)
INFO: [HLS 214-131] Inlining function 'ap_fixed_base<79, 55, false, (ap_q_mode)5, (ap_o_mode)3, 0>::operator>>(unsigned int) const' into 'ap_fixed_base<79, 55, false, (ap_q_mode)5, (ap_o_mode)3, 0>::operator<<(int) const' (r:/ci/prod/2022.1/rdi_builds/continuous/2022_04_18_3526262/src/shared/hls/clib/include/header_files\ap_fixed_base.h:1514:14)
INFO: [HLS 214-131] Inlining function '_ZN8ssdm_intILi79ELb0EEC2EDq79_j' into 'ap_int_base<79, false>::ap_int_base(int)' (r:/ci/prod/2022.1/rdi_builds/continuous/2022_04_18_3526262/src/shared/hls/clib/include/header_files\ap_int_base.h:214:67)
INFO: [HLS 214-131] Inlining function 'ap_int_base<79, false>::ap_int_base(int)' into 'ap_int_base<79, false>::RType<79, false>::arg1 operator>><79, false>(ap_int_base<79, false> const&, int)' (r:/ci/prod/2022.1/rdi_builds/continuous/2022_04_18_3526262/src/shared/hls/clib/include/header_files\ap_int_base.h:1669:558)
INFO: [HLS 214-131] Inlining function 'ap_uint<79>::ap_uint<79, false>(ap_int_base<79, false> const&)' into 'ap_int_base<79, false>::RType<79, false>::arg1 operator>><79, false>(ap_int_base<79, false> const&, int)' (r:/ci/prod/2022.1/rdi_builds/continuous/2022_04_18_3526262/src/shared/hls/clib/include/header_files\ap_int_base.h:1669:656)
INFO: [HLS 214-131] Inlining function '_ZN8ssdm_intILi1ELb0EEC2EDq1_j' into 'ap_int_base<1, false>::ap_int_base(int)' (C:/Xilinx/Vitis_HLS/2022.1/common/technology/autopilot\ap_int_base.h:260:67)
INFO: [HLS 214-131] Inlining function 'ap_int_base<1, false>::ap_int_base(int)' into 'ap_fixed_base<1, 32, false, (ap_q_mode)5, (ap_o_mode)0, 0>::overflow_adjust(bool, bool, bool, bool)' (r:/ci/prod/2022.1/rdi_builds/continuous/2022_04_18_3526262/src/shared/hls/clib/include/header_files\ap_fixed_base.h:357:23)
INFO: [HLS 214-131] Inlining function 'ap_fixed_base<79, 55, false, (ap_q_mode)5, (ap_o_mode)3, 0>::operator!() const' into 'ap_fixed_base<1, 32, false, (ap_q_mode)5, (ap_o_mode)0, 0>& ap_fixed_base<1, 32, false, (ap_q_mode)5, (ap_o_mode)0, 0>::operator=<79, 55, false, (ap_q_mode)5, (ap_o_mode)3, 0>(ap_fixed_base<79, 55, false, (ap_q_mode)5, (ap_o_mode)3, 0> const&)' (r:/ci/prod/2022.1/rdi_builds/continuous/2022_04_18_3526262/src/shared/hls/clib/include/header_files\ap_fixed_base.h:808:9)
INFO: [HLS 214-131] Inlining function 'ap_fixed_base<1, 32, false, (ap_q_mode)5, (ap_o_mode)0, 0>::overflow_adjust(bool, bool, bool, bool)' into 'ap_fixed_base<1, 32, false, (ap_q_mode)5, (ap_o_mode)0, 0>& ap_fixed_base<1, 32, false, (ap_q_mode)5, (ap_o_mode)0, 0>::operator=<79, 55, false, (ap_q_mode)5, (ap_o_mode)3, 0>(ap_fixed_base<79, 55, false, (ap_q_mode)5, (ap_o_mode)3, 0> const&)' (r:/ci/prod/2022.1/rdi_builds/continuous/2022_04_18_3526262/src/shared/hls/clib/include/header_files\ap_fixed_base.h:903:7)
INFO: [HLS 214-131] Inlining function 'bool ap_int_base<79, false>::operator==<79, false>(ap_int_base<79, false> const&) const' into 'ap_fixed_base<1, 32, false, (ap_q_mode)5, (ap_o_mode)0, 0>& ap_fixed_base<1, 32, false, (ap_q_mode)5, (ap_o_mode)0, 0>::operator=<79, 55, false, (ap_q_mode)5, (ap_o_mode)3, 0>(ap_fixed_base<79, 55, false, (ap_q_mode)5, (ap_o_mode)3, 0> const&)' (r:/ci/prod/2022.1/rdi_builds/continuous/2022_04_18_3526262/src/shared/hls/clib/include/header_files\ap_fixed_base.h:877:36)
INFO: [HLS 214-131] Inlining function 'ap_int_base<79, false>::RType<79, false>::arg1 operator>><79, false>(ap_int_base<79, false> const&, int)' into 'ap_fixed_base<1, 32, false, (ap_q_mode)5, (ap_o_mode)0, 0>& ap_fixed_base<1, 32, false, (ap_q_mode)5, (ap_o_mode)0, 0>::operator=<79, 55, false, (ap_q_mode)5, (ap_o_mode)3, 0>(ap_fixed_base<79, 55, false, (ap_q_mode)5, (ap_o_mode)3, 0> const&)' (r:/ci/prod/2022.1/rdi_builds/continuous/2022_04_18_3526262/src/shared/hls/clib/include/header_files\ap_fixed_base.h:877:49)
INFO: [HLS 214-131] Inlining function 'ap_int_base<79, false>::ap_int_base(int)' into 'ap_fixed_base<1, 32, false, (ap_q_mode)5, (ap_o_mode)0, 0>& ap_fixed_base<1, 32, false, (ap_q_mode)5, (ap_o_mode)0, 0>::operator=<79, 55, false, (ap_q_mode)5, (ap_o_mode)3, 0>(ap_fixed_base<79, 55, false, (ap_q_mode)5, (ap_o_mode)3, 0> const&)' (r:/ci/prod/2022.1/rdi_builds/continuous/2022_04_18_3526262/src/shared/hls/clib/include/header_files\ap_fixed_base.h:875:38)
INFO: [HLS 214-131] Inlining function 'bool ap_int_base<79, false>::operator==<79, false>(ap_int_base<79, false> const&) const' into 'ap_fixed_base<1, 32, false, (ap_q_mode)5, (ap_o_mode)0, 0>& ap_fixed_base<1, 32, false, (ap_q_mode)5, (ap_o_mode)0, 0>::operator=<79, 55, false, (ap_q_mode)5, (ap_o_mode)3, 0>(ap_fixed_base<79, 55, false, (ap_q_mode)5, (ap_o_mode)3, 0> const&)' (r:/ci/prod/2022.1/rdi_builds/continuous/2022_04_18_3526262/src/shared/hls/clib/include/header_files\ap_fixed_base.h:869:36)
INFO: [HLS 214-131] Inlining function 'ap_int_base<79, false>::RType<79, false>::arg1 operator>><79, false>(ap_int_base<79, false> const&, int)' into 'ap_fixed_base<1, 32, false, (ap_q_mode)5, (ap_o_mode)0, 0>& ap_fixed_base<1, 32, false, (ap_q_mode)5, (ap_o_mode)0, 0>::operator=<79, 55, false, (ap_q_mode)5, (ap_o_mode)3, 0>(ap_fixed_base<79, 55, false, (ap_q_mode)5, (ap_o_mode)3, 0> const&)' (r:/ci/prod/2022.1/rdi_builds/continuous/2022_04_18_3526262/src/shared/hls/clib/include/header_files\ap_fixed_base.h:869:49)
INFO: [HLS 214-131] Inlining function 'ap_int_base<79, false>::ap_int_base(int)' into 'ap_fixed_base<1, 32, false, (ap_q_mode)5, (ap_o_mode)0, 0>& ap_fixed_base<1, 32, false, (ap_q_mode)5, (ap_o_mode)0, 0>::operator=<79, 55, false, (ap_q_mode)5, (ap_o_mode)3, 0>(ap_fixed_base<79, 55, false, (ap_q_mode)5, (ap_o_mode)3, 0> const&)' (r:/ci/prod/2022.1/rdi_builds/continuous/2022_04_18_3526262/src/shared/hls/clib/include/header_files\ap_fixed_base.h:867:38)
INFO: [HLS 214-131] Inlining function 'ap_int_base<79, false>::ap_int_base(int)' into 'ap_fixed_base<1, 32, false, (ap_q_mode)5, (ap_o_mode)0, 0>& ap_fixed_base<1, 32, false, (ap_q_mode)5, (ap_o_mode)0, 0>::operator=<79, 55, false, (ap_q_mode)5, (ap_o_mode)3, 0>(ap_fixed_base<79, 55, false, (ap_q_mode)5, (ap_o_mode)3, 0> const&)' (r:/ci/prod/2022.1/rdi_builds/continuous/2022_04_18_3526262/src/shared/hls/clib/include/header_files\ap_fixed_base.h:864:36)
INFO: [HLS 214-131] Inlining function '_ZN8ssdm_intILi1ELb0EEC2EDq1_j' into 'ap_fixed_base<1, 32, false, (ap_q_mode)5, (ap_o_mode)0, 0>::ap_fixed_base<79, 55, false, (ap_q_mode)5, (ap_o_mode)3, 0>(ap_fixed_base<79, 55, false, (ap_q_mode)5, (ap_o_mode)3, 0> const&)' (r:/ci/prod/2022.1/rdi_builds/continuous/2022_04_18_3526262/src/shared/hls/clib/include/header_files\ap_fixed_base.h:401:80)
INFO: [HLS 214-131] Inlining function 'ap_fixed_base<1, 32, false, (ap_q_mode)5, (ap_o_mode)0, 0>& ap_fixed_base<1, 32, false, (ap_q_mode)5, (ap_o_mode)0, 0>::operator=<79, 55, false, (ap_q_mode)5, (ap_o_mode)3, 0>(ap_fixed_base<79, 55, false, (ap_q_mode)5, (ap_o_mode)3, 0> const&)' into 'ap_fixed_base<1, 32, false, (ap_q_mode)5, (ap_o_mode)0, 0>::ap_fixed_base<79, 55, false, (ap_q_mode)5, (ap_o_mode)3, 0>(ap_fixed_base<79, 55, false, (ap_q_mode)5, (ap_o_mode)3, 0> const&)' (r:/ci/prod/2022.1/rdi_builds/continuous/2022_04_18_3526262/src/shared/hls/clib/include/header_files\ap_fixed_base.h:403:5)
INFO: [HLS 214-131] Inlining function 'ap_fixed_base<1, 32, false, (ap_q_mode)5, (ap_o_mode)0, 0>::ap_fixed_base<79, 55, false, (ap_q_mode)5, (ap_o_mode)3, 0>(ap_fixed_base<79, 55, false, (ap_q_mode)5, (ap_o_mode)3, 0> const&)' into 'ap_ufixed<1, 32, (ap_q_mode)5, (ap_o_mode)0, 0>::ap_ufixed<79, 55, false, (ap_q_mode)5, (ap_o_mode)3, 0>(ap_fixed_base<79, 55, false, (ap_q_mode)5, (ap_o_mode)3, 0> const&)' (r:/ci/prod/2022.1/rdi_builds/continuous/2022_04_18_3526262/src/shared/hls/clib/include/header_files\ap_fixed.h:201:9)
INFO: [HLS 214-131] Inlining function 'ap_fixed_base<79, 55, false, (ap_q_mode)5, (ap_o_mode)3, 0>::operator!() const' into 'ap_fixed_base<32, 32, false, (ap_q_mode)6, (ap_o_mode)3, 0>& ap_fixed_base<32, 32, false, (ap_q_mode)6, (ap_o_mode)3, 0>::operator=<79, 55, false, (ap_q_mode)5, (ap_o_mode)3, 0>(ap_fixed_base<79, 55, false, (ap_q_mode)5, (ap_o_mode)3, 0> const&)' (r:/ci/prod/2022.1/rdi_builds/continuous/2022_04_18_3526262/src/shared/hls/clib/include/header_files\ap_fixed_base.h:808:9)
INFO: [HLS 214-131] Inlining function 'ssdm_int<32, false>::ssdm_int(unsigned int)' into 'ap_fixed_base<32, 32, false, (ap_q_mode)6, (ap_o_mode)3, 0>::ap_fixed_base<79, 55, false, (ap_q_mode)5, (ap_o_mode)3, 0>(ap_fixed_base<79, 55, false, (ap_q_mode)5, (ap_o_mode)3, 0> const&)' (r:/ci/prod/2022.1/rdi_builds/continuous/2022_04_18_3526262/src/shared/hls/clib/include/header_files\ap_fixed_base.h:401:80)
INFO: [HLS 214-131] Inlining function 'ap_fixed_base<32, 32, false, (ap_q_mode)6, (ap_o_mode)3, 0>& ap_fixed_base<32, 32, false, (ap_q_mode)6, (ap_o_mode)3, 0>::operator=<79, 55, false, (ap_q_mode)5, (ap_o_mode)3, 0>(ap_fixed_base<79, 55, false, (ap_q_mode)5, (ap_o_mode)3, 0> const&)' into 'ap_fixed_base<32, 32, false, (ap_q_mode)6, (ap_o_mode)3, 0>::ap_fixed_base<79, 55, false, (ap_q_mode)5, (ap_o_mode)3, 0>(ap_fixed_base<79, 55, false, (ap_q_mode)5, (ap_o_mode)3, 0> const&)' (r:/ci/prod/2022.1/rdi_builds/continuous/2022_04_18_3526262/src/shared/hls/clib/include/header_files\ap_fixed_base.h:403:5)
INFO: [HLS 214-131] Inlining function 'ap_fixed_base<32, 32, false, (ap_q_mode)6, (ap_o_mode)3, 0>::ap_fixed_base<79, 55, false, (ap_q_mode)5, (ap_o_mode)3, 0>(ap_fixed_base<79, 55, false, (ap_q_mode)5, (ap_o_mode)3, 0> const&)' into 'ap_ufixed<32, 32, (ap_q_mode)6, (ap_o_mode)3, 0>::ap_ufixed<79, 55, false, (ap_q_mode)5, (ap_o_mode)3, 0>(ap_fixed_base<79, 55, false, (ap_q_mode)5, (ap_o_mode)3, 0> const&)' (r:/ci/prod/2022.1/rdi_builds/continuous/2022_04_18_3526262/src/shared/hls/clib/include/header_files\ap_fixed.h:201:9)
INFO: [HLS 214-131] Inlining function 'ap_fixed_base<1, 32, false, (ap_q_mode)5, (ap_o_mode)0, 0>::operator!() const' into 'ap_fixed_base<33, 33, false, (ap_q_mode)5, (ap_o_mode)0, 0>& ap_fixed_base<33, 33, false, (ap_q_mode)5, (ap_o_mode)0, 0>::operator=<1, 32, false, (ap_q_mode)5, (ap_o_mode)0, 0>(ap_fixed_base<1, 32, false, (ap_q_mode)5, (ap_o_mode)0, 0> const&)' (r:/ci/prod/2022.1/rdi_builds/continuous/2022_04_18_3526262/src/shared/hls/clib/include/header_files\ap_fixed_base.h:808:9)
INFO: [HLS 214-131] Inlining function '_ZN8ssdm_intILi33ELb0EEC2EDq33_j' into 'ap_fixed_base<33, 33, false, (ap_q_mode)5, (ap_o_mode)0, 0>::ap_fixed_base<1, 32, false, (ap_q_mode)5, (ap_o_mode)0, 0>(ap_fixed_base<1, 32, false, (ap_q_mode)5, (ap_o_mode)0, 0> const&)' (r:/ci/prod/2022.1/rdi_builds/continuous/2022_04_18_3526262/src/shared/hls/clib/include/header_files\ap_fixed_base.h:401:80)
INFO: [HLS 214-131] Inlining function 'ap_fixed_base<33, 33, false, (ap_q_mode)5, (ap_o_mode)0, 0>& ap_fixed_base<33, 33, false, (ap_q_mode)5, (ap_o_mode)0, 0>::operator=<1, 32, false, (ap_q_mode)5, (ap_o_mode)0, 0>(ap_fixed_base<1, 32, false, (ap_q_mode)5, (ap_o_mode)0, 0> const&)' into 'ap_fixed_base<33, 33, false, (ap_q_mode)5, (ap_o_mode)0, 0>::ap_fixed_base<1, 32, false, (ap_q_mode)5, (ap_o_mode)0, 0>(ap_fixed_base<1, 32, false, (ap_q_mode)5, (ap_o_mode)0, 0> const&)' (r:/ci/prod/2022.1/rdi_builds/continuous/2022_04_18_3526262/src/shared/hls/clib/include/header_files\ap_fixed_base.h:403:5)
INFO: [HLS 214-131] Inlining function 'ap_fixed_base<33, 33, false, (ap_q_mode)5, (ap_o_mode)0, 0>::ap_fixed_base<1, 32, false, (ap_q_mode)5, (ap_o_mode)0, 0>(ap_fixed_base<1, 32, false, (ap_q_mode)5, (ap_o_mode)0, 0> const&)' into 'bool ap_fixed_base<1, 32, false, (ap_q_mode)5, (ap_o_mode)0, 0>::operator!=<32, 32, true, (ap_q_mode)5, (ap_o_mode)3, 0>(ap_fixed_base<32, 32, true, (ap_q_mode)5, (ap_o_mode)3, 0> const&) const' (r:/ci/prod/2022.1/rdi_builds/continuous/2022_04_18_3526262/src/shared/hls/clib/include/header_files\ap_fixed_base.h:1654:505)
INFO: [HLS 214-131] Inlining function 'ap_fixed_base<32, 32, true, (ap_q_mode)5, (ap_o_mode)3, 0>::ap_fixed_base(int)' into 'bool operator!=<1, 32, false, (ap_q_mode)5, (ap_o_mode)0, 0>(ap_fixed_base<1, 32, false, (ap_q_mode)5, (ap_o_mode)0, 0> const&, int)' (r:/ci/prod/2022.1/rdi_builds/continuous/2022_04_18_3526262/src/shared/hls/clib/include/header_files\ap_fixed_base.h:2376:13043)
INFO: [HLS 214-131] Inlining function 'bool ap_fixed_base<1, 32, false, (ap_q_mode)5, (ap_o_mode)0, 0>::operator!=<32, 32, true, (ap_q_mode)5, (ap_o_mode)3, 0>(ap_fixed_base<32, 32, true, (ap_q_mode)5, (ap_o_mode)3, 0> const&) const' into 'bool operator!=<1, 32, false, (ap_q_mode)5, (ap_o_mode)0, 0>(ap_fixed_base<1, 32, false, (ap_q_mode)5, (ap_o_mode)0, 0> const&, int)' (r:/ci/prod/2022.1/rdi_builds/continuous/2022_04_18_3526262/src/shared/hls/clib/include/header_files\ap_fixed_base.h:2376:13031)
INFO: [HLS 214-131] Inlining function 'ap_int_base<32, true>::ap_int_base(int)' into 'ap_int<32>::ap_int(int)' (C:/Xilinx/Vitis_HLS/2022.1/common/technology/autopilot/ap_int.h:179:57)
INFO: [HLS 214-131] Inlining function 'ap_bit_ref<32, true>::ap_bit_ref(ap_int_base<32, true>*, int)' into 'ap_int_base<32, true>::operator[](int)' (r:/ci/prod/2022.1/rdi_builds/continuous/2022_04_18_3526262/src/shared/hls/clib/include/header_files\ap_int_base.h:1129:30)
INFO: [HLS 214-131] Inlining function 'ap_fixed_base<1, 32, false, (ap_q_mode)5, (ap_o_mode)0, 0>::operator!() const' into 'ap_fixed_base<32, 32, false, (ap_q_mode)5, (ap_o_mode)0, 0>& ap_fixed_base<32, 32, false, (ap_q_mode)5, (ap_o_mode)0, 0>::operator=<1, 32, false, (ap_q_mode)5, (ap_o_mode)0, 0>(ap_fixed_base<1, 32, false, (ap_q_mode)5, (ap_o_mode)0, 0> const&)' (r:/ci/prod/2022.1/rdi_builds/continuous/2022_04_18_3526262/src/shared/hls/clib/include/header_files\ap_fixed_base.h:808:9)
INFO: [HLS 214-131] Inlining function 'ssdm_int<32, false>::ssdm_int(unsigned int)' into 'ap_fixed_base<32, 32, false, (ap_q_mode)5, (ap_o_mode)0, 0>::ap_fixed_base<1, 32, false, (ap_q_mode)5, (ap_o_mode)0, 0>(ap_fixed_base<1, 32, false, (ap_q_mode)5, (ap_o_mode)0, 0> const&)' (r:/ci/prod/2022.1/rdi_builds/continuous/2022_04_18_3526262/src/shared/hls/clib/include/header_files\ap_fixed_base.h:401:80)
INFO: [HLS 214-131] Inlining function 'ap_fixed_base<32, 32, false, (ap_q_mode)5, (ap_o_mode)0, 0>& ap_fixed_base<32, 32, false, (ap_q_mode)5, (ap_o_mode)0, 0>::operator=<1, 32, false, (ap_q_mode)5, (ap_o_mode)0, 0>(ap_fixed_base<1, 32, false, (ap_q_mode)5, (ap_o_mode)0, 0> const&)' into 'ap_fixed_base<32, 32, false, (ap_q_mode)5, (ap_o_mode)0, 0>::ap_fixed_base<1, 32, false, (ap_q_mode)5, (ap_o_mode)0, 0>(ap_fixed_base<1, 32, false, (ap_q_mode)5, (ap_o_mode)0, 0> const&)' (r:/ci/prod/2022.1/rdi_builds/continuous/2022_04_18_3526262/src/shared/hls/clib/include/header_files\ap_fixed_base.h:403:5)
INFO: [HLS 214-131] Inlining function 'ap_fixed_base<32, 32, false, (ap_q_mode)5, (ap_o_mode)0, 0>::ap_fixed_base<1, 32, false, (ap_q_mode)5, (ap_o_mode)0, 0>(ap_fixed_base<1, 32, false, (ap_q_mode)5, (ap_o_mode)0, 0> const&)' into 'bool ap_fixed_base<32, 32, true, (ap_q_mode)5, (ap_o_mode)3, 0>::operator==<1, 32, false, (ap_q_mode)5, (ap_o_mode)0, 0>(ap_fixed_base<1, 32, false, (ap_q_mode)5, (ap_o_mode)0, 0> const&) const' (r:/ci/prod/2022.1/rdi_builds/continuous/2022_04_18_3526262/src/shared/hls/clib/include/header_files\ap_fixed_base.h:1653:370)
INFO: [HLS 214-131] Inlining function 'ap_fixed_base<32, 32, true, (ap_q_mode)5, (ap_o_mode)3, 0>::ap_fixed_base(int)' into 'bool operator==<1, 32, false, (ap_q_mode)5, (ap_o_mode)0, 0>(int, ap_fixed_base<1, 32, false, (ap_q_mode)5, (ap_o_mode)0, 0> const&)' (r:/ci/prod/2022.1/rdi_builds/continuous/2022_04_18_3526262/src/shared/hls/clib/include/header_files\ap_fixed_base.h:2376:12718)
INFO: [HLS 214-131] Inlining function 'bool ap_fixed_base<32, 32, true, (ap_q_mode)5, (ap_o_mode)3, 0>::operator==<1, 32, false, (ap_q_mode)5, (ap_o_mode)0, 0>(ap_fixed_base<1, 32, false, (ap_q_mode)5, (ap_o_mode)0, 0> const&) const' into 'bool operator==<1, 32, false, (ap_q_mode)5, (ap_o_mode)0, 0>(int, ap_fixed_base<1, 32, false, (ap_q_mode)5, (ap_o_mode)0, 0> const&)' (r:/ci/prod/2022.1/rdi_builds/continuous/2022_04_18_3526262/src/shared/hls/clib/include/header_files\ap_fixed_base.h:2376:12778)
INFO: [HLS 214-131] Inlining function 'ap_int_base<32, true>::ap_int_base(int)' into 'bool operator!=<23, false>(int, ap_int_base<23, false> const&)' (r:/ci/prod/2022.1/rdi_builds/continuous/2022_04_18_3526262/src/shared/hls/clib/include/header_files\ap_int_base.h:1788:2037)
INFO: [HLS 214-131] Inlining function 'bool ap_int_base<32, true>::operator!=<23, false>(ap_int_base<23, false> const&) const' into 'bool operator!=<23, false>(int, ap_int_base<23, false> const&)' (r:/ci/prod/2022.1/rdi_builds/continuous/2022_04_18_3526262/src/shared/hls/clib/include/header_files\ap_int_base.h:1788:2075)
INFO: [HLS 214-131] Inlining function 'ap_int_base<32, true>::ap_int_base(int)' into 'bool operator==<8, false>(ap_int_base<8, false> const&, int)' (r:/ci/prod/2022.1/rdi_builds/continuous/2022_04_18_3526262/src/shared/hls/clib/include/header_files\ap_int_base.h:1788:1853)
INFO: [HLS 214-131] Inlining function 'bool ap_int_base<8, false>::operator==<32, true>(ap_int_base<32, true> const&) const' into 'bool operator==<8, false>(ap_int_base<8, false> const&, int)' (r:/ci/prod/2022.1/rdi_builds/continuous/2022_04_18_3526262/src/shared/hls/clib/include/header_files\ap_int_base.h:1788:1850)
INFO: [HLS 214-131] Inlining function 'ap_int_base<1, false>::to_int() const' into 'fp_struct<float>::__signbit() const' (r:/ci/prod/2022.1/rdi_builds/continuous/2022_04_18_3526262/src/shared/hls/clib/src/hls\utils/x_hls_utils.h:379:21)
INFO: [HLS 214-131] Inlining function 'ap_fixed_base<32, 32, false, (ap_q_mode)6, (ap_o_mode)3, 0>::operator!() const' into 'ap_fixed_base<32, 32, true, (ap_q_mode)5, (ap_o_mode)3, 0>& ap_fixed_base<32, 32, true, (ap_q_mode)5, (ap_o_mode)3, 0>::operator=<32, 32, false, (ap_q_mode)6, (ap_o_mode)3, 0>(ap_fixed_base<32, 32, false, (ap_q_mode)6, (ap_o_mode)3, 0> const&)' (r:/ci/prod/2022.1/rdi_builds/continuous/2022_04_18_3526262/src/shared/hls/clib/include/header_files\ap_fixed_base.h:808:9)
INFO: [HLS 214-131] Inlining function 'ssdm_int<32, true>::ssdm_int(int)' into 'ap_fixed_base<32, 32, true, (ap_q_mode)5, (ap_o_mode)3, 0>::ap_fixed_base<32, 32, false, (ap_q_mode)6, (ap_o_mode)3, 0>(ap_fixed_base<32, 32, false, (ap_q_mode)6, (ap_o_mode)3, 0> const&)' (r:/ci/prod/2022.1/rdi_builds/continuous/2022_04_18_3526262/src/shared/hls/clib/include/header_files\ap_fixed_base.h:401:80)
INFO: [HLS 214-131] Inlining function 'ap_fixed_base<32, 32, true, (ap_q_mode)5, (ap_o_mode)3, 0>& ap_fixed_base<32, 32, true, (ap_q_mode)5, (ap_o_mode)3, 0>::operator=<32, 32, false, (ap_q_mode)6, (ap_o_mode)3, 0>(ap_fixed_base<32, 32, false, (ap_q_mode)6, (ap_o_mode)3, 0> const&)' into 'ap_fixed_base<32, 32, true, (ap_q_mode)5, (ap_o_mode)3, 0>::ap_fixed_base<32, 32, false, (ap_q_mode)6, (ap_o_mode)3, 0>(ap_fixed_base<32, 32, false, (ap_q_mode)6, (ap_o_mode)3, 0> const&)' (r:/ci/prod/2022.1/rdi_builds/continuous/2022_04_18_3526262/src/shared/hls/clib/include/header_files\ap_fixed_base.h:403:5)
INFO: [HLS 214-131] Inlining function 'ap_fixed_base<32, 32, true, (ap_q_mode)5, (ap_o_mode)3, 0>::ap_fixed_base<32, 32, false, (ap_q_mode)6, (ap_o_mode)3, 0>(ap_fixed_base<32, 32, false, (ap_q_mode)6, (ap_o_mode)3, 0> const&)' into 'ap_fixed<32, 32, (ap_q_mode)5, (ap_o_mode)3, 0>::ap_fixed<32, 32, false, (ap_q_mode)6, (ap_o_mode)3, 0>(ap_fixed_base<32, 32, false, (ap_q_mode)6, (ap_o_mode)3, 0> const&)' (r:/ci/prod/2022.1/rdi_builds/continuous/2022_04_18_3526262/src/shared/hls/clib/include/header_files\ap_fixed.h:29:9)
INFO: [HLS 214-131] Inlining function 'ap_fixed_base<32, 32, false, (ap_q_mode)6, (ap_o_mode)3, 0>::operator!() const' into 'ap_fixed_base<33, 33, true, (ap_q_mode)5, (ap_o_mode)3, 0>& ap_fixed_base<33, 33, true, (ap_q_mode)5, (ap_o_mode)3, 0>::operator=<32, 32, false, (ap_q_mode)6, (ap_o_mode)3, 0>(ap_fixed_base<32, 32, false, (ap_q_mode)6, (ap_o_mode)3, 0> const&)' (r:/ci/prod/2022.1/rdi_builds/continuous/2022_04_18_3526262/src/shared/hls/clib/include/header_files\ap_fixed_base.h:808:9)
INFO: [HLS 214-131] Inlining function '_ZN8ssdm_intILi33ELb1EEC2EDq33_i' into 'ap_fixed_base<33, 33, true, (ap_q_mode)5, (ap_o_mode)3, 0>::ap_fixed_base<32, 32, false, (ap_q_mode)6, (ap_o_mode)3, 0>(ap_fixed_base<32, 32, false, (ap_q_mode)6, (ap_o_mode)3, 0> const&)' (r:/ci/prod/2022.1/rdi_builds/continuous/2022_04_18_3526262/src/shared/hls/clib/include/header_files\ap_fixed_base.h:401:80)
INFO: [HLS 214-131] Inlining function 'ap_fixed_base<33, 33, true, (ap_q_mode)5, (ap_o_mode)3, 0>& ap_fixed_base<33, 33, true, (ap_q_mode)5, (ap_o_mode)3, 0>::operator=<32, 32, false, (ap_q_mode)6, (ap_o_mode)3, 0>(ap_fixed_base<32, 32, false, (ap_q_mode)6, (ap_o_mode)3, 0> const&)' into 'ap_fixed_base<33, 33, true, (ap_q_mode)5, (ap_o_mode)3, 0>::ap_fixed_base<32, 32, false, (ap_q_mode)6, (ap_o_mode)3, 0>(ap_fixed_base<32, 32, false, (ap_q_mode)6, (ap_o_mode)3, 0> const&)' (r:/ci/prod/2022.1/rdi_builds/continuous/2022_04_18_3526262/src/shared/hls/clib/include/header_files\ap_fixed_base.h:403:5)
INFO: [HLS 214-131] Inlining function 'ap_fixed_base<33, 33, true, (ap_q_mode)5, (ap_o_mode)3, 0>::ap_fixed_base<32, 32, false, (ap_q_mode)6, (ap_o_mode)3, 0>(ap_fixed_base<32, 32, false, (ap_q_mode)6, (ap_o_mode)3, 0> const&)' into 'ap_fixed_base<32, 32, false, (ap_q_mode)6, (ap_o_mode)3, 0>::operator-() const' (r:/ci/prod/2022.1/rdi_builds/continuous/2022_04_18_3526262/src/shared/hls/clib/include/header_files\ap_fixed_base.h:1407:47)
INFO: [HLS 214-131] Inlining function 'ap_fixed<33, 33, (ap_q_mode)5, (ap_o_mode)3, 0>::ap_fixed<33, 33, true, (ap_q_mode)5, (ap_o_mode)3, 0>(ap_fixed_base<33, 33, true, (ap_q_mode)5, (ap_o_mode)3, 0> const&)' into 'ap_fixed_base<32, 32, false, (ap_q_mode)6, (ap_o_mode)3, 0>::operator-() const' (r:/ci/prod/2022.1/rdi_builds/continuous/2022_04_18_3526262/src/shared/hls/clib/include/header_files\ap_fixed_base.h:1409:12)
INFO: [HLS 214-131] Inlining function 'ap_fixed_base<33, 33, true, (ap_q_mode)5, (ap_o_mode)3, 0>::operator!() const' into 'ap_fixed_base<32, 32, true, (ap_q_mode)5, (ap_o_mode)3, 0>& ap_fixed_base<32, 32, true, (ap_q_mode)5, (ap_o_mode)3, 0>::operator=<33, 33, true, (ap_q_mode)5, (ap_o_mode)3, 0>(ap_fixed_base<33, 33, true, (ap_q_mode)5, (ap_o_mode)3, 0> const&)' (r:/ci/prod/2022.1/rdi_builds/continuous/2022_04_18_3526262/src/shared/hls/clib/include/header_files\ap_fixed_base.h:808:9)
INFO: [HLS 214-131] Inlining function 'ssdm_int<32, true>::ssdm_int(int)' into 'ap_fixed_base<32, 32, true, (ap_q_mode)5, (ap_o_mode)3, 0>::ap_fixed_base<33, 33, true, (ap_q_mode)5, (ap_o_mode)3, 0>(ap_fixed_base<33, 33, true, (ap_q_mode)5, (ap_o_mode)3, 0> const&)' (r:/ci/prod/2022.1/rdi_builds/continuous/2022_04_18_3526262/src/shared/hls/clib/include/header_files\ap_fixed_base.h:401:80)
INFO: [HLS 214-131] Inlining function 'ap_fixed_base<32, 32, true, (ap_q_mode)5, (ap_o_mode)3, 0>& ap_fixed_base<32, 32, true, (ap_q_mode)5, (ap_o_mode)3, 0>::operator=<33, 33, true, (ap_q_mode)5, (ap_o_mode)3, 0>(ap_fixed_base<33, 33, true, (ap_q_mode)5, (ap_o_mode)3, 0> const&)' into 'ap_fixed_base<32, 32, true, (ap_q_mode)5, (ap_o_mode)3, 0>::ap_fixed_base<33, 33, true, (ap_q_mode)5, (ap_o_mode)3, 0>(ap_fixed_base<33, 33, true, (ap_q_mode)5, (ap_o_mode)3, 0> const&)' (r:/ci/prod/2022.1/rdi_builds/continuous/2022_04_18_3526262/src/shared/hls/clib/include/header_files\ap_fixed_base.h:403:5)
INFO: [HLS 214-131] Inlining function 'ap_fixed_base<32, 32, true, (ap_q_mode)5, (ap_o_mode)3, 0>::ap_fixed_base<33, 33, true, (ap_q_mode)5, (ap_o_mode)3, 0>(ap_fixed_base<33, 33, true, (ap_q_mode)5, (ap_o_mode)3, 0> const&)' into 'ap_fixed<32, 32, (ap_q_mode)5, (ap_o_mode)3, 0>::ap_fixed<33, 33, true, (ap_q_mode)5, (ap_o_mode)3, 0>(ap_fixed_base<33, 33, true, (ap_q_mode)5, (ap_o_mode)3, 0> const&)' (r:/ci/prod/2022.1/rdi_builds/continuous/2022_04_18_3526262/src/shared/hls/clib/include/header_files\ap_fixed.h:29:9)
INFO: [HLS 214-131] Inlining function 'ap_int_base<32, true>::ap_int_base(int)' into 'ap_fixed_base<32, 32, true, (ap_q_mode)5, (ap_o_mode)3, 0>::to_ap_int_base(bool) const' (r:/ci/prod/2022.1/rdi_builds/continuous/2022_04_18_3526262/src/shared/hls/clib/include/header_files\ap_fixed_base.h:983:57)
INFO: [HLS 214-131] Inlining function 'ap_fixed_base<32, 32, true, (ap_q_mode)5, (ap_o_mode)3, 0>::to_ap_int_base(bool) const' into 'ap_fixed_base<32, 32, true, (ap_q_mode)5, (ap_o_mode)3, 0>::to_int() const' (r:/ci/prod/2022.1/rdi_builds/continuous/2022_04_18_3526262/src/shared/hls/clib/include/header_files\ap_fixed_base.h:1022:89)
INFO: [HLS 214-131] Inlining function 'ap_int_base<32, true>::to_int() const' into 'ap_fixed_base<32, 32, true, (ap_q_mode)5, (ap_o_mode)3, 0>::to_int() const' (r:/ci/prod/2022.1/rdi_builds/continuous/2022_04_18_3526262/src/shared/hls/clib/include/header_files\ap_fixed_base.h:1022:106)
INFO: [HLS 214-131] Inlining function 'ap_fixed_base<32, 32, true, (ap_q_mode)5, (ap_o_mode)3, 0>::to_int() const' into 'ap_fixed_base<32, 32, true, (ap_q_mode)5, (ap_o_mode)3, 0>::operator int() const' (r:/ci/prod/2022.1/rdi_builds/continuous/2022_04_18_3526262/src/shared/hls/clib/include/header_files\ap_fixed_base.h:1197:91)
INFO: [HLS 214-131] Inlining function 'ap_ufixed<79, 55, (ap_q_mode)5, (ap_o_mode)3, 0>::ap_ufixed<24, 1, false, (ap_q_mode)5, (ap_o_mode)3, 0>(ap_fixed_base<24, 1, false, (ap_q_mode)5, (ap_o_mode)3, 0> const&)' into 'int generic_cast_IEEE754<int, (ap_q_mode)6, float>(float, bool, hls::enable_if<std::numeric_limits<int>::is_signed, bool>::type)' (r:/ci/prod/2022.1/rdi_builds/continuous/2022_04_18_3526262/src/shared/hls/clib/hlsmath/include/FloatingPoint\hls_case_IEEE754.h:15:54)
INFO: [HLS 214-131] Inlining function 'ap_fixed_base<32, 32, true, (ap_q_mode)5, (ap_o_mode)3, 0>::operator int() const' into 'int generic_cast_IEEE754<int, (ap_q_mode)6, float>(float, bool, hls::enable_if<std::numeric_limits<int>::is_signed, bool>::type)' (r:/ci/prod/2022.1/rdi_builds/continuous/2022_04_18_3526262/src/shared/hls/clib/hlsmath/include/FloatingPoint\hls_case_IEEE754.h:61:9)
INFO: [HLS 214-131] Inlining function 'ap_fixed<32, 32, (ap_q_mode)5, (ap_o_mode)3, 0>::ap_fixed<33, 33, true, (ap_q_mode)5, (ap_o_mode)3, 0>(ap_fixed_base<33, 33, true, (ap_q_mode)5, (ap_o_mode)3, 0> const&)' into 'int generic_cast_IEEE754<int, (ap_q_mode)6, float>(float, bool, hls::enable_if<std::numeric_limits<int>::is_signed, bool>::type)' (r:/ci/prod/2022.1/rdi_builds/continuous/2022_04_18_3526262/src/shared/hls/clib/hlsmath/include/FloatingPoint\hls_case_IEEE754.h:59:30)
INFO: [HLS 214-131] Inlining function 'ap_fixed_base<32, 32, false, (ap_q_mode)6, (ap_o_mode)3, 0>::operator-() const' into 'int generic_cast_IEEE754<int, (ap_q_mode)6, float>(float, bool, hls::enable_if<std::numeric_limits<int>::is_signed, bool>::type)' (r:/ci/prod/2022.1/rdi_builds/continuous/2022_04_18_3526262/src/shared/hls/clib/hlsmath/include/FloatingPoint\hls_case_IEEE754.h:59:30)
INFO: [HLS 214-131] Inlining function 'ap_fixed_base<79, 55, false, (ap_q_mode)5, (ap_o_mode)3, 0>::operator<<(int) const' into 'int generic_cast_IEEE754<int, (ap_q_mode)6, float>(float, bool, hls::enable_if<std::numeric_limits<int>::is_signed, bool>::type)' (r:/ci/prod/2022.1/rdi_builds/continuous/2022_04_18_3526262/src/shared/hls/clib/hlsmath/include/FloatingPoint\hls_case_IEEE754.h:18:73)
INFO: [HLS 214-131] Inlining function 'ap_fixed<32, 32, (ap_q_mode)5, (ap_o_mode)3, 0>::ap_fixed<32, 32, false, (ap_q_mode)6, (ap_o_mode)3, 0>(ap_fixed_base<32, 32, false, (ap_q_mode)6, (ap_o_mode)3, 0> const&)' into 'int generic_cast_IEEE754<int, (ap_q_mode)6, float>(float, bool, hls::enable_if<std::numeric_limits<int>::is_signed, bool>::type)' (r:/ci/prod/2022.1/rdi_builds/continuous/2022_04_18_3526262/src/shared/hls/clib/hlsmath/include/FloatingPoint\hls_case_IEEE754.h:58:49)
INFO: [HLS 214-131] Inlining function 'ap_int_base<32, true>::operator long long() const' into 'int generic_cast_IEEE754<int, (ap_q_mode)6, float>(float, bool, hls::enable_if<std::numeric_limits<int>::is_signed, bool>::type)' (r:/ci/prod/2022.1/rdi_builds/continuous/2022_04_18_3526262/src/shared/hls/clib/hlsmath/include/FloatingPoint\hls_case_IEEE754.h:47:17)
INFO: [HLS 214-131] Inlining function 'ap_ufixed<79, 55, (ap_q_mode)5, (ap_o_mode)3, 0>::ap_ufixed<79, 55, false, (ap_q_mode)5, (ap_o_mode)3, 0>(ap_fixed_base<79, 55, false, (ap_q_mode)5, (ap_o_mode)3, 0> const&)' into 'int generic_cast_IEEE754<int, (ap_q_mode)6, float>(float, bool, hls::enable_if<std::numeric_limits<int>::is_signed, bool>::type)' (r:/ci/prod/2022.1/rdi_builds/continuous/2022_04_18_3526262/src/shared/hls/clib/hlsmath/include/FloatingPoint\hls_case_IEEE754.h:18:64)
INFO: [HLS 214-131] Inlining function 'ap_int_base<32, true>::operator long long() const' into 'int generic_cast_IEEE754<int, (ap_q_mode)6, float>(float, bool, hls::enable_if<std::numeric_limits<int>::is_signed, bool>::type)' (r:/ci/prod/2022.1/rdi_builds/continuous/2022_04_18_3526262/src/shared/hls/clib/hlsmath/include/FloatingPoint\hls_case_IEEE754.h:44:17)
INFO: [HLS 214-131] Inlining function 'bool operator==<8, false>(ap_int_base<8, false> const&, int)' into 'int generic_cast_IEEE754<int, (ap_q_mode)6, float>(float, bool, hls::enable_if<std::numeric_limits<int>::is_signed, bool>::type)' (r:/ci/prod/2022.1/rdi_builds/continuous/2022_04_18_3526262/src/shared/hls/clib/hlsmath/include/FloatingPoint\hls_case_IEEE754.h:42:54)
INFO: [HLS 214-131] Inlining function 'bool operator!=<23, false>(int, ap_int_base<23, false> const&)' into 'int generic_cast_IEEE754<int, (ap_q_mode)6, float>(float, bool, hls::enable_if<std::numeric_limits<int>::is_signed, bool>::type)' (r:/ci/prod/2022.1/rdi_builds/continuous/2022_04_18_3526262/src/shared/hls/clib/hlsmath/include/FloatingPoint\hls_case_IEEE754.h:42:34)
INFO: [HLS 214-131] Inlining function 'bool operator==<1, 32, false, (ap_q_mode)5, (ap_o_mode)0, 0>(int, ap_fixed_base<1, 32, false, (ap_q_mode)5, (ap_o_mode)0, 0> const&)' into 'int generic_cast_IEEE754<int, (ap_q_mode)6, float>(float, bool, hls::enable_if<std::numeric_limits<int>::is_signed, bool>::type)' (r:/ci/prod/2022.1/rdi_builds/continuous/2022_04_18_3526262/src/shared/hls/clib/hlsmath/include/FloatingPoint\hls_case_IEEE754.h:42:12)
INFO: [HLS 214-131] Inlining function 'ap_bit_ref<32, true>::operator=(int)' into 'int generic_cast_IEEE754<int, (ap_q_mode)6, float>(float, bool, hls::enable_if<std::numeric_limits<int>::is_signed, bool>::type)' (r:/ci/prod/2022.1/rdi_builds/continuous/2022_04_18_3526262/src/shared/hls/clib/hlsmath/include/FloatingPoint\hls_case_IEEE754.h:38:24)
INFO: [HLS 214-131] Inlining function 'ap_int_base<32, true>::operator[](int)' into 'int generic_cast_IEEE754<int, (ap_q_mode)6, float>(float, bool, hls::enable_if<std::numeric_limits<int>::is_signed, bool>::type)' (r:/ci/prod/2022.1/rdi_builds/continuous/2022_04_18_3526262/src/shared/hls/clib/hlsmath/include/FloatingPoint\hls_case_IEEE754.h:38:2)
INFO: [HLS 214-131] Inlining function 'ap_bit_ref<32, true>::operator=(int)' into 'int generic_cast_IEEE754<int, (ap_q_mode)6, float>(float, bool, hls::enable_if<std::numeric_limits<int>::is_signed, bool>::type)' (r:/ci/prod/2022.1/rdi_builds/continuous/2022_04_18_3526262/src/shared/hls/clib/hlsmath/include/FloatingPoint\hls_case_IEEE754.h:36:24)
INFO: [HLS 214-131] Inlining function 'ap_int_base<32, true>::operator[](int)' into 'int generic_cast_IEEE754<int, (ap_q_mode)6, float>(float, bool, hls::enable_if<std::numeric_limits<int>::is_signed, bool>::type)' (r:/ci/prod/2022.1/rdi_builds/continuous/2022_04_18_3526262/src/shared/hls/clib/hlsmath/include/FloatingPoint\hls_case_IEEE754.h:36:2)
INFO: [HLS 214-131] Inlining function 'bool operator!=<1, 32, false, (ap_q_mode)5, (ap_o_mode)0, 0>(ap_fixed_base<1, 32, false, (ap_q_mode)5, (ap_o_mode)0, 0> const&, int)' into 'int generic_cast_IEEE754<int, (ap_q_mode)6, float>(float, bool, hls::enable_if<std::numeric_limits<int>::is_signed, bool>::type)' (r:/ci/prod/2022.1/rdi_builds/continuous/2022_04_18_3526262/src/shared/hls/clib/hlsmath/include/FloatingPoint\hls_case_IEEE754.h:32:96)
INFO: [HLS 214-131] Inlining function 'ap_ufixed<1, 32, (ap_q_mode)5, (ap_o_mode)0, 0>::ap_ufixed<79, 55, false, (ap_q_mode)5, (ap_o_mode)3, 0>(ap_fixed_base<79, 55, false, (ap_q_mode)5, (ap_o_mode)3, 0> const&)' into 'int generic_cast_IEEE754<int, (ap_q_mode)6, float>(float, bool, hls::enable_if<std::numeric_limits<int>::is_signed, bool>::type)' (r:/ci/prod/2022.1/rdi_builds/continuous/2022_04_18_3526262/src/shared/hls/clib/hlsmath/include/FloatingPoint\hls_case_IEEE754.h:20:63)
INFO: [HLS 214-131] Inlining function 'ap_ufixed<32, 32, (ap_q_mode)6, (ap_o_mode)3, 0>::ap_ufixed<79, 55, false, (ap_q_mode)5, (ap_o_mode)3, 0>(ap_fixed_base<79, 55, false, (ap_q_mode)5, (ap_o_mode)3, 0> const&)' into 'int generic_cast_IEEE754<int, (ap_q_mode)6, float>(float, bool, hls::enable_if<std::numeric_limits<int>::is_signed, bool>::type)' (r:/ci/prod/2022.1/rdi_builds/continuous/2022_04_18_3526262/src/shared/hls/clib/hlsmath/include/FloatingPoint\hls_case_IEEE754.h:21:58)
INFO: [HLS 214-131] Inlining function 'ap_int_base<1, false>::ap_int_base(int)' into 'ap_uint<1>::ap_uint(int)' (C:/Xilinx/Vitis_HLS/2022.1/common/technology/autopilot/ap_int.h:333:58)
INFO: [HLS 214-131] Inlining function 'hls::axis<ap_int<32>, 2ul, 5ul, 6ul>::get_user_ptr()' into 'hls::stream<hls::axis<ap_int<32>, 2ul, 5ul, 6ul>, 0>::write(hls::axis<ap_int<32>, 2ul, 5ul, 6ul> const&)' (C:/Xilinx/Vitis_HLS/2022.1/common/technology/autopilot\ap_axi_sdata.h:304:51)
INFO: [HLS 214-131] Inlining function 'hls::axis<ap_int<32>, 2ul, 5ul, 6ul>::get_dest_ptr()' into 'hls::stream<hls::axis<ap_int<32>, 2ul, 5ul, 6ul>, 0>::write(hls::axis<ap_int<32>, 2ul, 5ul, 6ul> const&)' (C:/Xilinx/Vitis_HLS/2022.1/common/technology/autopilot\ap_axi_sdata.h:307:26)
INFO: [HLS 214-131] Inlining function 'hls::axis<ap_int<32>, 2ul, 5ul, 6ul>::get_id_ptr()' into 'hls::stream<hls::axis<ap_int<32>, 2ul, 5ul, 6ul>, 0>::write(hls::axis<ap_int<32>, 2ul, 5ul, 6ul> const&)' (C:/Xilinx/Vitis_HLS/2022.1/common/technology/autopilot\ap_axi_sdata.h:306:68)
INFO: [HLS 214-131] Inlining function 'hls::axis<ap_int<32>, 2ul, 5ul, 6ul>::get_user_ptr()' into 'hls::stream<hls::axis<ap_int<32>, 2ul, 5ul, 6ul>, 0>::write(hls::axis<ap_int<32>, 2ul, 5ul, 6ul> const&)' (C:/Xilinx/Vitis_HLS/2022.1/common/technology/autopilot\ap_axi_sdata.h:306:37)
INFO: [HLS 214-131] Inlining function 'hls::axis<ap_int<32>, 2ul, 5ul, 6ul>::get_dest_ptr()' into 'hls::stream<hls::axis<ap_int<32>, 2ul, 5ul, 6ul>, 0>::write(hls::axis<ap_int<32>, 2ul, 5ul, 6ul> const&)' (C:/Xilinx/Vitis_HLS/2022.1/common/technology/autopilot\ap_axi_sdata.h:305:40)
INFO: [HLS 214-131] Inlining function 'hls::axis<ap_int<32>, 2ul, 5ul, 6ul>::get_id_ptr()' into 'hls::stream<hls::axis<ap_int<32>, 2ul, 5ul, 6ul>, 0>::write(hls::axis<ap_int<32>, 2ul, 5ul, 6ul> const&)' (C:/Xilinx/Vitis_HLS/2022.1/common/technology/autopilot\ap_axi_sdata.h:305:24)
INFO: [HLS 214-131] Inlining function 'hls::stream<hls::axis<ap_int<32>, 2ul, 5ul, 6ul>, 0>::read(hls::axis<ap_int<32>, 2ul, 5ul, 6ul>&)' into 'MLP(hls::stream<hls::axis<ap_int<32>, 2ul, 5ul, 6ul>, 0>&, hls::stream<hls::axis<ap_int<32>, 2ul, 5ul, 6ul>, 0>&)' (../../../../HWSWAI/HLS/SampleDatasetMLP.cpp:59:17)
INFO: [HLS 214-131] Inlining function 'hls::stream<hls::axis<ap_int<32>, 2ul, 5ul, 6ul>, 0>::write(hls::axis<ap_int<32>, 2ul, 5ul, 6ul> const&)' into 'MLP(hls::stream<hls::axis<ap_int<32>, 2ul, 5ul, 6ul>, 0>&, hls::stream<hls::axis<ap_int<32>, 2ul, 5ul, 6ul>, 0>&)' (../../../../HWSWAI/HLS/SampleDatasetMLP.cpp:135:15)
INFO: [HLS 214-131] Inlining function 'ap_int_base<32, true>::operator long long() const' into 'MLP(hls::stream<hls::axis<ap_int<32>, 2ul, 5ul, 6ul>, 0>&, hls::stream<hls::axis<ap_int<32>, 2ul, 5ul, 6ul>, 0>&)' (../../../../HWSWAI/HLS/SampleDatasetMLP.cpp:60:29)
INFO: [HLS 214-131] Inlining function 'ap_int_base<1, false>::operator unsigned long long() const' into 'MLP(hls::stream<hls::axis<ap_int<32>, 2ul, 5ul, 6ul>, 0>&, hls::stream<hls::axis<ap_int<32>, 2ul, 5ul, 6ul>, 0>&)' (../../../../HWSWAI/HLS/SampleDatasetMLP.cpp:62:12)
INFO: [HLS 214-178] Inlining function 'fp_struct<float>::fp_struct(float)' into 'int generic_cast_IEEE754<int, (ap_q_mode)6, float>(float, bool, hls::enable_if<std::numeric_limits<int>::is_signed, bool>::type)' (r:/ci/prod/2022.1/rdi_builds/continuous/2022_04_18_3526262/src/shared/hls/clib/hlsmath/include/FloatingPoint\hls_case_IEEE754.h:12:0)
INFO: [HLS 214-178] Inlining function 'fp_struct<float>::mantissa() const' into 'int generic_cast_IEEE754<int, (ap_q_mode)6, float>(float, bool, hls::enable_if<std::numeric_limits<int>::is_signed, bool>::type)' (r:/ci/prod/2022.1/rdi_builds/continuous/2022_04_18_3526262/src/shared/hls/clib/hlsmath/include/FloatingPoint\hls_case_IEEE754.h:12:0)
INFO: [HLS 214-178] Inlining function 'fp_struct<float>::expv() const' into 'int generic_cast_IEEE754<int, (ap_q_mode)6, float>(float, bool, hls::enable_if<std::numeric_limits<int>::is_signed, bool>::type)' (r:/ci/prod/2022.1/rdi_builds/continuous/2022_04_18_3526262/src/shared/hls/clib/hlsmath/include/FloatingPoint\hls_case_IEEE754.h:12:0)
INFO: [HLS 214-178] Inlining function 'fp_struct<float>::__signbit() const' into 'int generic_cast_IEEE754<int, (ap_q_mode)6, float>(float, bool, hls::enable_if<std::numeric_limits<int>::is_signed, bool>::type)' (r:/ci/prod/2022.1/rdi_builds/continuous/2022_04_18_3526262/src/shared/hls/clib/hlsmath/include/FloatingPoint\hls_case_IEEE754.h:12:0)
INFO: [HLS 214-178] Inlining function 'int generic_cast_IEEE754<int, (ap_q_mode)6, float>(float, bool, hls::enable_if<std::numeric_limits<int>::is_signed, bool>::type)' into 'int generic_cast_IEEE754<int, float>(float, bool)' (r:/ci/prod/2022.1/rdi_builds/continuous/2022_04_18_3526262/src/shared/hls/clib/hlsmath/include/FloatingPoint\hls_case_IEEE754.h:116:0)
INFO: [HLS 214-178] Inlining function 'int generic_cast_IEEE754<int, float>(float, bool)' into '__hls_fptosi_float_i32' (r:/ci/prod/2022.1/rdi_builds/continuous/2022_04_18_3526262/src/shared/hls/clib/hlsmath/src/lib_floatconversion.cpp:51:0)
INFO: [HLS 214-178] Inlining function '__hls_fptosi_float_i32' into 'MLP(hls::stream<hls::axis<ap_int<32>, 2ul, 5ul, 6ul>, 0>&, hls::stream<hls::axis<ap_int<32>, 2ul, 5ul, 6ul>, 0>&)' (../../../../HWSWAI/HLS/SampleDatasetMLP.cpp:42:0)
INFO: [HLS 214-131] Inlining function '_llvm.fpga.unpack.none.s_struct.ap_int<32>s.i32' into 'MLP(hls::stream<hls::axis<ap_int<32>, 2ul, 5ul, 6ul>, 0>&, hls::stream<hls::axis<ap_int<32>, 2ul, 5ul, 6ul>, 0>&)' (C:/Xilinx/Vitis_HLS/2022.1/common/technology/autopilot\ap_axi_sdata.h:283:5)
INFO: [HLS 214-131] Inlining function '_llvm.fpga.pack.none.i6.s_struct.ap_uint<6>s' into 'MLP(hls::stream<hls::axis<ap_int<32>, 2ul, 5ul, 6ul>, 0>&, hls::stream<hls::axis<ap_int<32>, 2ul, 5ul, 6ul>, 0>&)' (C:/Xilinx/Vitis_HLS/2022.1/common/technology/autopilot\ap_axi_sdata.h:304:5)
INFO: [HLS 214-131] Inlining function '_llvm.fpga.pack.none.i5.s_struct.ap_uint<5>s' into 'MLP(hls::stream<hls::axis<ap_int<32>, 2ul, 5ul, 6ul>, 0>&, hls::stream<hls::axis<ap_int<32>, 2ul, 5ul, 6ul>, 0>&)' (C:/Xilinx/Vitis_HLS/2022.1/common/technology/autopilot\ap_axi_sdata.h:304:5)
INFO: [HLS 214-131] Inlining function '_llvm.fpga.pack.none.i1.s_struct.ap_uint<1>s' into 'MLP(hls::stream<hls::axis<ap_int<32>, 2ul, 5ul, 6ul>, 0>&, hls::stream<hls::axis<ap_int<32>, 2ul, 5ul, 6ul>, 0>&)' (C:/Xilinx/Vitis_HLS/2022.1/common/technology/autopilot\ap_axi_sdata.h:304:5)
INFO: [HLS 214-131] Inlining function '_llvm.fpga.pack.none.i2.s_struct.ap_uint<2>s' into 'MLP(hls::stream<hls::axis<ap_int<32>, 2ul, 5ul, 6ul>, 0>&, hls::stream<hls::axis<ap_int<32>, 2ul, 5ul, 6ul>, 0>&)' (C:/Xilinx/Vitis_HLS/2022.1/common/technology/autopilot\ap_axi_sdata.h:304:5)
INFO: [HLS 214-131] Inlining function '_llvm.fpga.pack.none.i4.s_struct.ap_uint<4>s' into 'MLP(hls::stream<hls::axis<ap_int<32>, 2ul, 5ul, 6ul>, 0>&, hls::stream<hls::axis<ap_int<32>, 2ul, 5ul, 6ul>, 0>&)' (C:/Xilinx/Vitis_HLS/2022.1/common/technology/autopilot\ap_axi_sdata.h:304:5)
INFO: [HLS 214-131] Inlining function '_llvm.fpga.pack.none.i32.s_struct.ap_int<32>s' into 'MLP(hls::stream<hls::axis<ap_int<32>, 2ul, 5ul, 6ul>, 0>&, hls::stream<hls::axis<ap_int<32>, 2ul, 5ul, 6ul>, 0>&)' (C:/Xilinx/Vitis_HLS/2022.1/common/technology/autopilot\ap_axi_sdata.h:304:5)
INFO: [HLS 214-131] Inlining function '_llvm.fpga.unpack.none.s_struct.ap_uint<6>s.i6' into 'MLP(hls::stream<hls::axis<ap_int<32>, 2ul, 5ul, 6ul>, 0>&, hls::stream<hls::axis<ap_int<32>, 2ul, 5ul, 6ul>, 0>&)' (C:/Xilinx/Vitis_HLS/2022.1/common/technology/autopilot\ap_axi_sdata.h:283:5)
INFO: [HLS 214-131] Inlining function '_llvm.fpga.unpack.none.s_struct.ap_uint<5>s.i5' into 'MLP(hls::stream<hls::axis<ap_int<32>, 2ul, 5ul, 6ul>, 0>&, hls::stream<hls::axis<ap_int<32>, 2ul, 5ul, 6ul>, 0>&)' (C:/Xilinx/Vitis_HLS/2022.1/common/technology/autopilot\ap_axi_sdata.h:283:5)
INFO: [HLS 214-131] Inlining function '_llvm.fpga.unpack.none.s_struct.ap_uint<1>s.i1' into 'MLP(hls::stream<hls::axis<ap_int<32>, 2ul, 5ul, 6ul>, 0>&, hls::stream<hls::axis<ap_int<32>, 2ul, 5ul, 6ul>, 0>&)' (C:/Xilinx/Vitis_HLS/2022.1/common/technology/autopilot\ap_axi_sdata.h:283:5)
INFO: [HLS 214-131] Inlining function '_llvm.fpga.unpack.none.s_struct.ap_uint<2>s.i2' into 'MLP(hls::stream<hls::axis<ap_int<32>, 2ul, 5ul, 6ul>, 0>&, hls::stream<hls::axis<ap_int<32>, 2ul, 5ul, 6ul>, 0>&)' (C:/Xilinx/Vitis_HLS/2022.1/common/technology/autopilot\ap_axi_sdata.h:283:5)
INFO: [HLS 214-131] Inlining function '_llvm.fpga.unpack.none.s_struct.ap_uint<4>s.i4' into 'MLP(hls::stream<hls::axis<ap_int<32>, 2ul, 5ul, 6ul>, 0>&, hls::stream<hls::axis<ap_int<32>, 2ul, 5ul, 6ul>, 0>&)' (C:/Xilinx/Vitis_HLS/2022.1/common/technology/autopilot\ap_axi_sdata.h:283:5)
INFO-FLOW: DBG:PUTS: copy_raw_kernel_xml ap_link_39: kernel.xml not generated: C:/Users/xingy/AppData/Roaming/Xilinx/Vitis/testHLS2/solution1/.autopilot/db/kernel.internal.xml
INFO: [HLS 200-111] Finished Compiling Optimization and Transform: CPU user time: 3 seconds. CPU system time: 0 seconds. Elapsed time: 15.605 seconds; current allocated memory: 1.116 GB.
INFO: [HLS 200-111] Finished Checking Pragmas: CPU user time: 0 seconds. CPU system time: 0 seconds. Elapsed time: 0.011 seconds; current allocated memory: 1.116 GB.
Execute       opt_and_import_c a -opt_level=2 -skip_syncheck=0 -ng=0 -keep_printf=0 
Execute         cleanup_all_models 
INFO: [HLS 200-10] Starting code transformations ...
INFO-FLOW: Running Standard Transforms...
Execute         transform -hls -share-std-xform -demangle-name -inline-byval-memcpy -always-inline -promote-dbg-pointer -interface-preproc -mem2reg -scalarrepl -mem2reg -keep-read-access -instcombine -dce -promote-dbg-pointer -bitop-raise -loop-simplify -indvarspre -indvars -loop-simplify -xunroll -constprop -instcombine -simplifycfg -indvars -simplifycfg -dce -globaldce -basicaa -simplifycfg -mem2reg -globalopt -global-constprop -deadargelim -instcombine -simplifycfg -scalarrepl -instcombine -reassociate -licm -simplifycfg -loop-simplify -indvars -instcombine -simplifycfg -mem2reg -loop-simplify -indvars -instcombine -gvn -gvn -instcombine -adce -break-crit-edges -simplifycfg -loop-delete -global-array-opt -dce -dse -adce -find-syn-modules -top MLP -deadargelim -mem2reg -instcombine -dce -presyn-prepare -auto-rom-infer -interface-preproc -syn-check -check-rec-only -find-region -simplifycfg -func-extr -function-inline -globaldce -mem2reg -instcombine -dce -gvn -globaldce -adce -adse -constprop -instcombine -bit-constprop -instcombine -dce -simplifycfg -bitop-raise -simplifycfg -dce -loop-delete -reassociate -globalopt -global-privatize -mem2reg -dce -global-constprop -pointer-simplify -constprop -dce -func-inst -deadargelim -auto-shift-reg-idiom -promote-dbg-pointer -norm-name C:/Users/xingy/AppData/Roaming/Xilinx/Vitis/testHLS2/solution1/.autopilot/db/a.g.0.bc -o C:/Users/xingy/AppData/Roaming/Xilinx/Vitis/testHLS2/solution1/.autopilot/db/a.g.1.bc -f -phase std-opt 
Command         transform done; 0.51 sec.
INFO: [HLS 200-111] Finished Standard Transforms: CPU user time: 0 seconds. CPU system time: 0 seconds. Elapsed time: 0.577 seconds; current allocated memory: 1.116 GB.
INFO: [HLS 200-10] Checking synthesizability ...
INFO-FLOW: Checking Synthesizability 1/2..
Execute         transform -hls -syn-check -check-rec-only -scalarrepl -norm-name -dce -mem2reg -instcombine -function-uniquify -directive-preproc -mem2reg -dse -dce -auto-rom-infer -dce -pag -array-normalize -instcombine -dce -array-seg-normalize -instcombine -dce -data-pack -instcombine -dce -inst-simplify -array-flatten -instcombine -dce -array-burst -dce -deadargelim -promote-global-argument -simplifycfg -mem2reg -globaldce -dce -deadargelim -dce -instcombine -function-inline -globaldce -dce -doublePtrSimplify -doublePtrElim -dce -doublePtrSimplify -promote-dbg-pointer -dce -scalarrepl -dse -adse -instcombine -ptrLegalization -simplifycfg -dce -instcombine -pointer-simplify -ptrArgReplace -dce -instcombine -resolve-double-ptr -scalarrepl -norm-name -dce -mem2reg -instcombine -ptrLegalization -simplifycfg -deadargelim -instcombine -dce -inst-simplify -function-uniquify -directive-preproc -mem2reg -dse -dce -globaldce C:/Users/xingy/AppData/Roaming/Xilinx/Vitis/testHLS2/solution1/.autopilot/db/a.g.1.bc -o C:/Users/xingy/AppData/Roaming/Xilinx/Vitis/testHLS2/solution1/.autopilot/db/a.g.2.prechk.bc -f 
Command         transform done; 0.53 sec.
INFO-FLOW: Checking Synthesizability 2/2..
Execute         transform -syn-check C:/Users/xingy/AppData/Roaming/Xilinx/Vitis/testHLS2/solution1/.autopilot/db/a.g.2.prechk.bc -o C:/Users/xingy/AppData/Roaming/Xilinx/Vitis/testHLS2/solution1/.autopilot/db/a.g.2.bc -f -phase syn-check 
Command         transform done; 0.453 sec.
INFO: [HLS 200-111] Finished Checking Synthesizability: CPU user time: 1 seconds. CPU system time: 0 seconds. Elapsed time: 1.013 seconds; current allocated memory: 1.116 GB.
INFO-FLOW: Compiler optimizing ...
INFO-FLOW: Share syncheck's 1.bc for syn flow: copy C:/Users/xingy/AppData/Roaming/Xilinx/Vitis/testHLS2/solution1/.autopilot/db/a.g.1.bc to C:/Users/xingy/AppData/Roaming/Xilinx/Vitis/testHLS2/solution1/.autopilot/db/a.o.1.bc
INFO-FLOW: Presyn 1...
Execute         transform -hls -tmp C:/Users/xingy/AppData/Roaming/Xilinx/Vitis/testHLS2/solution1/.autopilot/db -interface-port-rename -function-uniquify -directive-preproc -mem2reg -dse -dce -scalarrepl -norm-name -deadargelim -mem2reg -instcombine -dce -simplifycfg -auto-rom-infer -dce -function-uniquify -resource-proc -clib-intrinsic-prepare -dce -func-buffer -dce -pag -array-normalize -func-legal -instcombine -gvn -constprop -dce -simplifycfg -mem2reg -globaldce -resolve-double-ptr -dce -deadargelim -dce -instcombine -ptrArgReplace -mem2reg -dce -array-seg-normalize -deadargelim -instcombine -dce -function-uniquify -directive-preproc -mem2reg -dse -dce -pointer-simplify -dce -port-alignment -dce -interface-preproc -data-pack -instcombine -dce -basicaa -aggr-aa -aggrmodref-aa -aggr-aa -gvn -gvn -basicaa -aggr-aa -aggrmodref-aa -aggr-aa -dse -adse -adce -loop-simplify -indvars -instcombine -gvn -loop-simplify -mem2reg -dce -find-region -instcombine -auto-loop-pipeline -inst-simplify -interface-preproc -cfgopt -instcombine -indvars -auto-loop-unroll -loop-simplify -loop-bound -xunroll -constprop -instcombine -simplifycfg -indvars -simplifycfg -dce -globaldce -clean-region -attach-range -gvn -inst-simplify -constprop -simplifycfg -dce -pointer-simplify -dce -globalopt -constprop -dce -array-promote -scalar-auto-dep-elim -constprop -dce -ptrArgReplace -mem2reg -simplifycfg -dce -instcombine -dce -array-transform-check -array-reshape -instcombine -simplifycfg -dce -ptrArgReplace -deadargelim -mem2reg -instcombine -simplifycfg -dce -indvars -loop-simplify -loop-bound -xunroll -constprop -instcombine -simplifycfg -indvars -simplifycfg -dce -globaldce -basicaa -aggr-aa -aggrmodref-aa -aggr-aa -dse -duplicate-dataflow-processes -globaldce -instcombine -array-partition -prepare-dynamic-array-partition -instcombine -simplifycfg -dce -ptrArgReplace -global-constprop -deadargelim -mem2reg -func-legal -dce -global-constprop -deadargelim -mem2reg -simplifycfg -dce -merge-param -deadargelim -globalopt -constprop -dce -array-promote -scalar-auto-dep-elim -constprop -dce -ptrArgReplace -mem2reg -simplifycfg -dce -mem-intrinsic-preproc -dce -global-internalize -global-privatize -mem2reg -globaldce -promote-global-argument -ptrArgReplace -mem2reg -dce -globalopt -mergereturn -simplify-global-access -mem2reg -dce -pointer-simplify -dce -functionattrs -basicaa -aggr-aa -aggrmodref-aa -aggr-aa -gvn -gvn -basicaa -aggr-aa -aggrmodref-aa -aggr-aa -dse -adse -adce -dce -norm-name -basicaa -aggr-aa -aggrmodref-aa -aggr-aa -accesses-merge -function-inline -complex-op-raise -inst-simplify -globaldce -func-inst -constprop -instcombine -simplifycfg -dce -func-legal -dce -loop-bound -arraycheck -bitwidthmin2 -bitwidthmin2 -on-by-dataflow -loop-delete -instcombine -simplifycfg -globaldce -dce -gvn -deadargelim -dce -loop-simplify -clean-region -simplifycfg -propagate-stable-arguments -loop-stream -instcombine -simplifycfg -dce -globaldce -duplicate-dataflow-processes -stream-intrinsic-preproc -dce -check-ap-stream -loop-simplify -eliminate-keepreads -extract-dataflow-in-loop -loop-simplify -dce -gvn -deadargelim -dse -duplicate-dataflow-processes -check-dataflow-syntax -legalize-stream-variable -legalize-global -extract-subproc -dce -dead-channel-elimination -canonicalize-gep -globaldce -dce -gvn -hls-dead-arg-elim -deadargelim -directive-preproc -annotate-dataflow-channels -canonicalize-dataflow -dce -globaldce -scalar-preprocessing -scalar-propagation2 -deadargelim -globaldce -mem2reg -check-dataflow-channels -function-stream -dce -globaldce -prop-fifo-spec -internal-stream-gen -canonicalize-gep -globaldce -dce -gvn -deadargelim -mergereturn -indvars -loop-simplify -instcombine -array-stream -array-seg-normalize -array-partition -func-legal -instcombine -simplifycfg -dce -bundle-memfifo-ops -deadargelim -function-uniquify -directive-preproc -mem2reg -dse -dce -group-axi-access -licm -simplifycfg -dce -loop-delete -hls-display -norm-name C:/Users/xingy/AppData/Roaming/Xilinx/Vitis/testHLS2/solution1/.autopilot/db/a.o.1.bc -o C:/Users/xingy/AppData/Roaming/Xilinx/Vitis/testHLS2/solution1/.autopilot/db/a.o.1.tmp.bc -f 
INFO: [XFORM 203-510] Pipelining loop 'Loop-2' in function 'MLP' automatically.
INFO: [XFORM 203-510] Pipelining loop 'Loop-3' in function 'MLP' automatically.
INFO: [XFORM 203-510] Pipelining loop 'Loop-4' in function 'MLP' automatically.
INFO: [XFORM 203-510] Pipelining loop 'Loop-5' in function 'MLP' automatically.
INFO: [XFORM 203-510] Pipelining loop 'Loop-6' in function 'MLP' automatically.
INFO: [XFORM 203-510] Pipelining loop 'Loop-7' in function 'MLP' automatically.
INFO: [XFORM 203-510] Pipelining loop 'VITIS_LOOP_58_1' (../../../../HWSWAI/HLS/SampleDatasetMLP.cpp:58) in function 'MLP' automatically.
INFO: [XFORM 203-510] Pipelining loop 'VITIS_LOOP_69_2' (../../../../HWSWAI/HLS/SampleDatasetMLP.cpp:69) in function 'MLP' automatically.
INFO: [XFORM 203-510] Pipelining loop 'VITIS_LOOP_77_3' (../../../../HWSWAI/HLS/SampleDatasetMLP.cpp:77) in function 'MLP' automatically.
INFO: [XFORM 203-510] Pipelining loop 'VITIS_LOOP_94_5' (../../../../HWSWAI/HLS/SampleDatasetMLP.cpp:94) in function 'MLP' automatically.
INFO: [XFORM 203-510] Pipelining loop 'VITIS_LOOP_111_7' (../../../../HWSWAI/HLS/SampleDatasetMLP.cpp:111) in function 'MLP' automatically.
INFO: [XFORM 203-510] Pipelining loop 'VITIS_LOOP_123_9' (../../../../HWSWAI/HLS/SampleDatasetMLP.cpp:123) in function 'MLP' automatically.
INFO: [XFORM 203-510] Pipelining loop 'VITIS_LOOP_128_10' (../../../../HWSWAI/HLS/SampleDatasetMLP.cpp:128) in function 'MLP' automatically.
INFO: [XFORM 203-502] Unrolling all sub-loops inside loop 'VITIS_LOOP_77_3' (../../../../HWSWAI/HLS/SampleDatasetMLP.cpp:77) in function 'MLP' for pipelining.
INFO: [XFORM 203-502] Unrolling all sub-loops inside loop 'VITIS_LOOP_94_5' (../../../../HWSWAI/HLS/SampleDatasetMLP.cpp:94) in function 'MLP' for pipelining.
INFO: [XFORM 203-502] Unrolling all sub-loops inside loop 'VITIS_LOOP_111_7' (../../../../HWSWAI/HLS/SampleDatasetMLP.cpp:111) in function 'MLP' for pipelining.
INFO: [HLS 200-489] Unrolling loop 'VITIS_LOOP_79_4' (../../../../HWSWAI/HLS/SampleDatasetMLP.cpp:79) in function 'MLP' completely with a factor of 48.
INFO: [HLS 200-489] Unrolling loop 'VITIS_LOOP_96_6' (../../../../HWSWAI/HLS/SampleDatasetMLP.cpp:96) in function 'MLP' completely with a factor of 24.
INFO: [HLS 200-489] Unrolling loop 'VITIS_LOOP_113_8' (../../../../HWSWAI/HLS/SampleDatasetMLP.cpp:113) in function 'MLP' completely with a factor of 12.
INFO: [XFORM 203-102] Partitioning array 'weights_2' in dimension 2 automatically.
INFO: [XFORM 203-102] Partitioning array 'weights_1' in dimension 2 automatically.
INFO: [XFORM 203-102] Partitioning array 'output_weights' in dimension 2 automatically.
Command         transform done; 2.605 sec.
INFO-FLOW: Presyn 2...
Execute         transform -hls -keep-callgraph -scalarrepl -mem2reg -port-alignment -attach-range -dce -pipe-mux-gen -indvars -loop-bound -inst-simplify -instcombine -dce -merge-array-access -mem2reg -dce -clean-region -mergereturn -if-conv -instcombine -dce -constprop -basicaa -aggr-aa -aggrmodref-aa -aggr-aa -gvn -gvn -basicaa -aggr-aa -aggrmodref-aa -aggr-aa -dse -adse -adce -scalarrepl -mem2reg -global-constprop -deadargelim -deadargelim -instcombine -dce -simplifycfg -ptrArgReplace -mem2reg -function-inline -globaldce -mem2reg -instcombine -dce -expr-balance -instcombine -dce -bitwidthmin2 -bitwidthmin2 -interface-preproc -directive-preproc -inst-rectify -instcombine -dce -functionattrs -constprop -instcombine -bit-constprop -simplify-global-access -globalopt -globaldce -inst-simplify -instcombine -elimdeaddata -dce -loop-delete -simplifycfg -loop-simplify -auto-burst -barrier -norm-name C:/Users/xingy/AppData/Roaming/Xilinx/Vitis/testHLS2/solution1/.autopilot/db/a.o.1.tmp.bc -o C:/Users/xingy/AppData/Roaming/Xilinx/Vitis/testHLS2/solution1/.autopilot/db/a.o.2.bc -f -phase presyn 
Command         transform done; 0.981 sec.
INFO: [HLS 200-111] Finished Loop, function and other optimizations: CPU user time: 1 seconds. CPU system time: 0 seconds. Elapsed time: 3.597 seconds; current allocated memory: 1.116 GB.
Execute         get_config_compile -enable_auto_rewind 
Execute         get_config_compile -enable_loop_extract 
INFO-FLOW: Building ssdm...
Execute         transform -hls -function-uniquify -auto-function-inline -globaldce -ptrArgReplace -mem2reg -dce -reset-lda -loop-simplify -indvars -aggr-aa -licm -loop-dep -loop-bound -licm -loop-simplify -loop-sink-hoist -flattenloopnest -array-flatten -gvn -instcombine -dce -array-map -dce -func-legal -gvn -adce -instcombine -cfgopt -simplifycfg -loop-simplify -array-burst -promote-global-argument -dce -array-seg-normalize -basicaa -aggrmodref-aa -globalsmodref-aa -aggr-aa -gvn -gvn -basicaa -aggrmodref-aa -globalsmodref-aa -aggr-aa -dse -adse -adce -licm -inst-simplify -dce -globaldce -instcombine -array-stream -eliminate-keepreads -instcombine -dce -deadargelim -doublePtrSimplify -doublePtrElim -dce -doublePtrSimplify -promote-dbg-pointer -dce -scalarrepl -mem2reg -norm-name -mem2reg -instcombine -dse -adse -adce -ptrLegalization -dce -auto-rom-infer -array-flatten -dce -instcombine -check-doubleptr -loop-rot -constprop -cfgopt -simplifycfg -loop-simplify -indvars -pointer-simplify -dce -loop-bound -loop-simplify -loop-preproc -constprop -global-constprop -gvn -mem2reg -instcombine -dce -loop-bound -loop-merge -dce -deadargelim -dce -canonicalize-dataflow -dce -deadargelim -globaldce -mem2reg -bram-byte-enable -load-elim -read-loop-dep -loop-simplify -loop-extract-inner -directive-preproc -bitwidthmin2 -bitwidthmin2 -read-loop-dep -interface-preproc -directive-preproc -interface-gen -bram-byte-enable-spec-prop -deadargelim -inst-simplify -dce -gvn -mem2reg -instcombine -dce -adse -loop-bound -instcombine -cfgopt -simplifycfg -loop-simplify -clean-region -io-protocol -find-region -mem2reg -bitop-raise -complex-op-raise -inst-simplify -inst-rectify -instcombine -adce -deadargelim -float-op-raise -loop-simplify -phi-opt -bitop-raise -cfgopt -simplifycfg -strip-dead-prototypes -interface-lower -bitop-lower -intrinsic-lower -auto-function-inline -basicaa -aggrmodref-aa -globalsmodref-aa -aggr-aa -inst-simplify -simplifycfg -loop-simplify -mergereturn -inst-simplify -inst-rectify -dce -load-elim -bitop-lower -float-op-raise -fma-raise -loop-rewind -pointer-simplify -dce -cfgopt -dce -loop-bound -loop-dep -read-loop-dep -dce -dyn-mem-reuse -dce -recurrence-min -dce -share-scalar-alloca -deadargelim -dce -check-stream -norm-name -legalize -validate-dataflow -inst-clarity -bitwidth -dump-loop-dep-to-ir -check-all-ssdm -cdfg-build C:/Users/xingy/AppData/Roaming/Xilinx/Vitis/testHLS2/solution1/.autopilot/db/a.o.2.bc -o C:/Users/xingy/AppData/Roaming/Xilinx/Vitis/testHLS2/solution1/.autopilot/db/a.o.3.bc -f -phase build-ssdm 
INFO: [HLS 200-472] Inferring partial write operation for 'input_features' 
INFO: [HLS 200-472] Inferring partial write operation for 'input_features_casted' 
INFO: [HLS 200-472] Inferring partial write operation for 'hidden_layer_1' 
INFO: [HLS 200-472] Inferring partial write operation for 'hidden_layer_2' 
INFO: [HLS 200-472] Inferring partial write operation for 'output_layer' 
INFO: [HLS 200-472] Inferring partial write operation for 'output_layer_casted' 
INFO: [HLS 200-472] Inferring partial write operation for 'input_features' (../../../../HWSWAI/HLS/SampleDatasetMLP.cpp:60:27)
INFO: [HLS 200-472] Inferring partial write operation for 'input_features_casted' (../../../../HWSWAI/HLS/SampleDatasetMLP.cpp:70:31)
INFO: [HLS 200-472] Inferring partial write operation for 'hidden_layer_1' (../../../../HWSWAI/HLS/SampleDatasetMLP.cpp:84:27)
INFO: [HLS 200-472] Inferring partial write operation for 'hidden_layer_2' (../../../../HWSWAI/HLS/SampleDatasetMLP.cpp:100:27)
INFO: [HLS 200-472] Inferring partial write operation for 'output_layer' (../../../../HWSWAI/HLS/SampleDatasetMLP.cpp:117:25)
INFO: [HLS 200-472] Inferring partial write operation for 'output_layer_casted' (../../../../HWSWAI/HLS/SampleDatasetMLP.cpp:124:32)
Command         transform done; 2.23 sec.
INFO: [HLS 200-111] Finished Architecture Synthesis: CPU user time: 0 seconds. CPU system time: 0 seconds. Elapsed time: 2.236 seconds; current allocated memory: 1.116 GB.
INFO-FLOW: Finish building internal data model.
Command       opt_and_import_c done; 7.478 sec.
Command     elaborate done; 42.08 sec.
Execute     ap_eval exec zip -j C:/Users/xingy/AppData/Roaming/Xilinx/Vitis/testHLS2/solution1/.autopilot/db/dut.hcp $dbDir/a.o.3.bc $dbDir/${topname}.rtl_wrap.cfg.tcl $dbDir/apatb_${topname}.cpp $dbDir/apatb_${topname}_util.cpp $dbDir/apatb_${topname}_ir.ll $dbDir/mapper_${topname}.cpp $dbDir/top-io-fe.xml $dbDir/kernel.internal.xml $workdir/../hls.app 
Command     ap_eval done; 0.542 sec.
Execute     autosyn -from_csynth_design=1 
INFO: [HLS 200-10] Starting hardware synthesis ...
INFO-FLOW: Synthesizing C/C++ design ...
INFO: [HLS 200-10] Synthesizing 'MLP' ...
Execute       ap_set_top_model MLP 
Execute       get_model_list MLP -filter all-wo-channel -topdown 
Execute       preproc_iomode -model MLP 
Execute       preproc_iomode -model MLP_Pipeline_VITIS_LOOP_128_10 
Execute       preproc_iomode -model MLP_Pipeline_VITIS_LOOP_123_9 
Execute       preproc_iomode -model MLP_Pipeline_VITIS_LOOP_111_7 
Execute       preproc_iomode -model MLP_Pipeline_VITIS_LOOP_94_5 
Execute       preproc_iomode -model MLP_Pipeline_VITIS_LOOP_77_3 
Execute       preproc_iomode -model MLP_Pipeline_VITIS_LOOP_69_2 
Execute       preproc_iomode -model MLP_Pipeline_VITIS_LOOP_58_1 
Execute       preproc_iomode -model MLP_Pipeline_6 
Execute       preproc_iomode -model MLP_Pipeline_5 
Execute       preproc_iomode -model MLP_Pipeline_4 
Execute       preproc_iomode -model MLP_Pipeline_3 
Execute       preproc_iomode -model MLP_Pipeline_2 
Execute       preproc_iomode -model MLP_Pipeline_1 
Execute       get_model_list MLP -filter all-wo-channel 
INFO-FLOW: Model list for configure: MLP_Pipeline_1 MLP_Pipeline_2 MLP_Pipeline_3 MLP_Pipeline_4 MLP_Pipeline_5 MLP_Pipeline_6 MLP_Pipeline_VITIS_LOOP_58_1 MLP_Pipeline_VITIS_LOOP_69_2 MLP_Pipeline_VITIS_LOOP_77_3 MLP_Pipeline_VITIS_LOOP_94_5 MLP_Pipeline_VITIS_LOOP_111_7 MLP_Pipeline_VITIS_LOOP_123_9 MLP_Pipeline_VITIS_LOOP_128_10 MLP
INFO-FLOW: Configuring Module : MLP_Pipeline_1 ...
Execute       set_default_model MLP_Pipeline_1 
Execute       apply_spec_resource_limit MLP_Pipeline_1 
INFO-FLOW: Configuring Module : MLP_Pipeline_2 ...
Execute       set_default_model MLP_Pipeline_2 
Execute       apply_spec_resource_limit MLP_Pipeline_2 
INFO-FLOW: Configuring Module : MLP_Pipeline_3 ...
Execute       set_default_model MLP_Pipeline_3 
Execute       apply_spec_resource_limit MLP_Pipeline_3 
INFO-FLOW: Configuring Module : MLP_Pipeline_4 ...
Execute       set_default_model MLP_Pipeline_4 
Execute       apply_spec_resource_limit MLP_Pipeline_4 
INFO-FLOW: Configuring Module : MLP_Pipeline_5 ...
Execute       set_default_model MLP_Pipeline_5 
Execute       apply_spec_resource_limit MLP_Pipeline_5 
INFO-FLOW: Configuring Module : MLP_Pipeline_6 ...
Execute       set_default_model MLP_Pipeline_6 
Execute       apply_spec_resource_limit MLP_Pipeline_6 
INFO-FLOW: Configuring Module : MLP_Pipeline_VITIS_LOOP_58_1 ...
Execute       set_default_model MLP_Pipeline_VITIS_LOOP_58_1 
Execute       apply_spec_resource_limit MLP_Pipeline_VITIS_LOOP_58_1 
INFO-FLOW: Configuring Module : MLP_Pipeline_VITIS_LOOP_69_2 ...
Execute       set_default_model MLP_Pipeline_VITIS_LOOP_69_2 
Execute       apply_spec_resource_limit MLP_Pipeline_VITIS_LOOP_69_2 
INFO-FLOW: Configuring Module : MLP_Pipeline_VITIS_LOOP_77_3 ...
Execute       set_default_model MLP_Pipeline_VITIS_LOOP_77_3 
Execute       apply_spec_resource_limit MLP_Pipeline_VITIS_LOOP_77_3 
INFO-FLOW: Configuring Module : MLP_Pipeline_VITIS_LOOP_94_5 ...
Execute       set_default_model MLP_Pipeline_VITIS_LOOP_94_5 
Execute       apply_spec_resource_limit MLP_Pipeline_VITIS_LOOP_94_5 
INFO-FLOW: Configuring Module : MLP_Pipeline_VITIS_LOOP_111_7 ...
Execute       set_default_model MLP_Pipeline_VITIS_LOOP_111_7 
Execute       apply_spec_resource_limit MLP_Pipeline_VITIS_LOOP_111_7 
INFO-FLOW: Configuring Module : MLP_Pipeline_VITIS_LOOP_123_9 ...
Execute       set_default_model MLP_Pipeline_VITIS_LOOP_123_9 
Execute       apply_spec_resource_limit MLP_Pipeline_VITIS_LOOP_123_9 
INFO-FLOW: Configuring Module : MLP_Pipeline_VITIS_LOOP_128_10 ...
Execute       set_default_model MLP_Pipeline_VITIS_LOOP_128_10 
Execute       apply_spec_resource_limit MLP_Pipeline_VITIS_LOOP_128_10 
INFO-FLOW: Configuring Module : MLP ...
Execute       set_default_model MLP 
Execute       apply_spec_resource_limit MLP 
INFO-FLOW: Model list for preprocess: MLP_Pipeline_1 MLP_Pipeline_2 MLP_Pipeline_3 MLP_Pipeline_4 MLP_Pipeline_5 MLP_Pipeline_6 MLP_Pipeline_VITIS_LOOP_58_1 MLP_Pipeline_VITIS_LOOP_69_2 MLP_Pipeline_VITIS_LOOP_77_3 MLP_Pipeline_VITIS_LOOP_94_5 MLP_Pipeline_VITIS_LOOP_111_7 MLP_Pipeline_VITIS_LOOP_123_9 MLP_Pipeline_VITIS_LOOP_128_10 MLP
INFO-FLOW: Preprocessing Module: MLP_Pipeline_1 ...
Execute       set_default_model MLP_Pipeline_1 
Execute       cdfg_preprocess -model MLP_Pipeline_1 
Execute       rtl_gen_preprocess MLP_Pipeline_1 
INFO-FLOW: Preprocessing Module: MLP_Pipeline_2 ...
Execute       set_default_model MLP_Pipeline_2 
Execute       cdfg_preprocess -model MLP_Pipeline_2 
Execute       rtl_gen_preprocess MLP_Pipeline_2 
INFO-FLOW: Preprocessing Module: MLP_Pipeline_3 ...
Execute       set_default_model MLP_Pipeline_3 
Execute       cdfg_preprocess -model MLP_Pipeline_3 
Execute       rtl_gen_preprocess MLP_Pipeline_3 
INFO-FLOW: Preprocessing Module: MLP_Pipeline_4 ...
Execute       set_default_model MLP_Pipeline_4 
Execute       cdfg_preprocess -model MLP_Pipeline_4 
Execute       rtl_gen_preprocess MLP_Pipeline_4 
INFO-FLOW: Preprocessing Module: MLP_Pipeline_5 ...
Execute       set_default_model MLP_Pipeline_5 
Execute       cdfg_preprocess -model MLP_Pipeline_5 
Execute       rtl_gen_preprocess MLP_Pipeline_5 
INFO-FLOW: Preprocessing Module: MLP_Pipeline_6 ...
Execute       set_default_model MLP_Pipeline_6 
Execute       cdfg_preprocess -model MLP_Pipeline_6 
Execute       rtl_gen_preprocess MLP_Pipeline_6 
INFO-FLOW: Preprocessing Module: MLP_Pipeline_VITIS_LOOP_58_1 ...
Execute       set_default_model MLP_Pipeline_VITIS_LOOP_58_1 
Execute       cdfg_preprocess -model MLP_Pipeline_VITIS_LOOP_58_1 
Execute       rtl_gen_preprocess MLP_Pipeline_VITIS_LOOP_58_1 
INFO-FLOW: Preprocessing Module: MLP_Pipeline_VITIS_LOOP_69_2 ...
Execute       set_default_model MLP_Pipeline_VITIS_LOOP_69_2 
Execute       cdfg_preprocess -model MLP_Pipeline_VITIS_LOOP_69_2 
Execute       rtl_gen_preprocess MLP_Pipeline_VITIS_LOOP_69_2 
INFO-FLOW: Preprocessing Module: MLP_Pipeline_VITIS_LOOP_77_3 ...
Execute       set_default_model MLP_Pipeline_VITIS_LOOP_77_3 
Execute       cdfg_preprocess -model MLP_Pipeline_VITIS_LOOP_77_3 
Execute       rtl_gen_preprocess MLP_Pipeline_VITIS_LOOP_77_3 
INFO-FLOW: Preprocessing Module: MLP_Pipeline_VITIS_LOOP_94_5 ...
Execute       set_default_model MLP_Pipeline_VITIS_LOOP_94_5 
Execute       cdfg_preprocess -model MLP_Pipeline_VITIS_LOOP_94_5 
Execute       rtl_gen_preprocess MLP_Pipeline_VITIS_LOOP_94_5 
INFO-FLOW: Preprocessing Module: MLP_Pipeline_VITIS_LOOP_111_7 ...
Execute       set_default_model MLP_Pipeline_VITIS_LOOP_111_7 
Execute       cdfg_preprocess -model MLP_Pipeline_VITIS_LOOP_111_7 
Execute       rtl_gen_preprocess MLP_Pipeline_VITIS_LOOP_111_7 
INFO-FLOW: Preprocessing Module: MLP_Pipeline_VITIS_LOOP_123_9 ...
Execute       set_default_model MLP_Pipeline_VITIS_LOOP_123_9 
Execute       cdfg_preprocess -model MLP_Pipeline_VITIS_LOOP_123_9 
Execute       rtl_gen_preprocess MLP_Pipeline_VITIS_LOOP_123_9 
INFO-FLOW: Preprocessing Module: MLP_Pipeline_VITIS_LOOP_128_10 ...
Execute       set_default_model MLP_Pipeline_VITIS_LOOP_128_10 
Execute       cdfg_preprocess -model MLP_Pipeline_VITIS_LOOP_128_10 
Execute       rtl_gen_preprocess MLP_Pipeline_VITIS_LOOP_128_10 
INFO-FLOW: Preprocessing Module: MLP ...
Execute       set_default_model MLP 
Execute       cdfg_preprocess -model MLP 
Execute       rtl_gen_preprocess MLP 
INFO-FLOW: Model list for synthesis: MLP_Pipeline_1 MLP_Pipeline_2 MLP_Pipeline_3 MLP_Pipeline_4 MLP_Pipeline_5 MLP_Pipeline_6 MLP_Pipeline_VITIS_LOOP_58_1 MLP_Pipeline_VITIS_LOOP_69_2 MLP_Pipeline_VITIS_LOOP_77_3 MLP_Pipeline_VITIS_LOOP_94_5 MLP_Pipeline_VITIS_LOOP_111_7 MLP_Pipeline_VITIS_LOOP_123_9 MLP_Pipeline_VITIS_LOOP_128_10 MLP
INFO: [HLS 200-10] ----------------------------------------------------------------
INFO: [HLS 200-42] -- Implementing module 'MLP_Pipeline_1' 
INFO: [HLS 200-10] ----------------------------------------------------------------
Execute       set_default_model MLP_Pipeline_1 
Execute       schedule -model MLP_Pipeline_1 
INFO: [SCHED 204-11] Starting scheduling ...
INFO: [SCHED 204-61] Pipelining loop 'Loop 1'.
INFO: [HLS 200-1470] Pipelining result : Target II = NA, Final II = 1, Depth = 1, loop 'Loop 1'
INFO: [SCHED 204-11] Finished scheduling.
Command       schedule done; 0.173 sec.
INFO: [HLS 200-111] Finished Scheduling: CPU user time: 0 seconds. CPU system time: 0 seconds. Elapsed time: 0.966 seconds; current allocated memory: 1.116 GB.
Execute       syn_report -verbosereport -o C:/Users/xingy/AppData/Roaming/Xilinx/Vitis/testHLS2/solution1/.autopilot/db/MLP_Pipeline_1.verbose.sched.rpt 
Execute         AP::get_flow_target_display_name
Execute           get_solution -flow_target 
Execute       db_write -o C:/Users/xingy/AppData/Roaming/Xilinx/Vitis/testHLS2/solution1/.autopilot/db/MLP_Pipeline_1.sched.adb -f 
INFO-FLOW: Finish scheduling MLP_Pipeline_1.
Execute       set_default_model MLP_Pipeline_1 
Execute       bind -model MLP_Pipeline_1 
INFO: [BIND 205-100] Starting micro-architecture generation ...
INFO: [BIND 205-101] Performing variable lifetime analysis.
INFO: [BIND 205-101] Exploring resource sharing.
INFO: [BIND 205-101] Binding ...
INFO: [BIND 205-100] Finished micro-architecture generation.
Command       bind done; 0.158 sec.
INFO: [HLS 200-111] Finished Binding: CPU user time: 0 seconds. CPU system time: 0 seconds. Elapsed time: 0.207 seconds; current allocated memory: 1.116 GB.
Execute       syn_report -verbosereport -o C:/Users/xingy/AppData/Roaming/Xilinx/Vitis/testHLS2/solution1/.autopilot/db/MLP_Pipeline_1.verbose.bind.rpt 
Execute         AP::get_flow_target_display_name
Execute           get_solution -flow_target 
Execute       db_write -o C:/Users/xingy/AppData/Roaming/Xilinx/Vitis/testHLS2/solution1/.autopilot/db/MLP_Pipeline_1.bind.adb -f 
INFO-FLOW: Finish binding MLP_Pipeline_1.
INFO: [HLS 200-10] ----------------------------------------------------------------
INFO: [HLS 200-42] -- Implementing module 'MLP_Pipeline_2' 
INFO: [HLS 200-10] ----------------------------------------------------------------
Execute       set_default_model MLP_Pipeline_2 
Execute       schedule -model MLP_Pipeline_2 
INFO: [SCHED 204-11] Starting scheduling ...
INFO: [SCHED 204-61] Pipelining loop 'Loop 1'.
INFO: [HLS 200-1470] Pipelining result : Target II = NA, Final II = 1, Depth = 1, loop 'Loop 1'
INFO: [SCHED 204-11] Finished scheduling.
Command       schedule done; 0.278 sec.
INFO: [HLS 200-111] Finished Scheduling: CPU user time: 1 seconds. CPU system time: 0 seconds. Elapsed time: 0.463 seconds; current allocated memory: 1.116 GB.
Execute       syn_report -verbosereport -o C:/Users/xingy/AppData/Roaming/Xilinx/Vitis/testHLS2/solution1/.autopilot/db/MLP_Pipeline_2.verbose.sched.rpt 
Execute         AP::get_flow_target_display_name
Execute           get_solution -flow_target 
Execute       db_write -o C:/Users/xingy/AppData/Roaming/Xilinx/Vitis/testHLS2/solution1/.autopilot/db/MLP_Pipeline_2.sched.adb -f 
INFO-FLOW: Finish scheduling MLP_Pipeline_2.
Execute       set_default_model MLP_Pipeline_2 
Execute       bind -model MLP_Pipeline_2 
INFO: [BIND 205-100] Starting micro-architecture generation ...
INFO: [BIND 205-101] Performing variable lifetime analysis.
INFO: [BIND 205-101] Exploring resource sharing.
INFO: [BIND 205-101] Binding ...
INFO: [BIND 205-100] Finished micro-architecture generation.
Command       bind done; 0.242 sec.
INFO: [HLS 200-111] Finished Binding: CPU user time: 0 seconds. CPU system time: 0 seconds. Elapsed time: 0.277 seconds; current allocated memory: 1.116 GB.
Execute       syn_report -verbosereport -o C:/Users/xingy/AppData/Roaming/Xilinx/Vitis/testHLS2/solution1/.autopilot/db/MLP_Pipeline_2.verbose.bind.rpt 
Execute         AP::get_flow_target_display_name
Execute           get_solution -flow_target 
Execute       db_write -o C:/Users/xingy/AppData/Roaming/Xilinx/Vitis/testHLS2/solution1/.autopilot/db/MLP_Pipeline_2.bind.adb -f 
INFO-FLOW: Finish binding MLP_Pipeline_2.
INFO: [HLS 200-10] ----------------------------------------------------------------
INFO: [HLS 200-42] -- Implementing module 'MLP_Pipeline_3' 
INFO: [HLS 200-10] ----------------------------------------------------------------
Execute       set_default_model MLP_Pipeline_3 
Execute       schedule -model MLP_Pipeline_3 
INFO: [SCHED 204-11] Starting scheduling ...
INFO: [SCHED 204-61] Pipelining loop 'Loop 1'.
INFO: [HLS 200-1470] Pipelining result : Target II = NA, Final II = 1, Depth = 1, loop 'Loop 1'
INFO: [SCHED 204-11] Finished scheduling.
Command       schedule done; 0.12 sec.
INFO: [HLS 200-111] Finished Scheduling: CPU user time: 0 seconds. CPU system time: 0 seconds. Elapsed time: 0.266 seconds; current allocated memory: 1.116 GB.
Execute       syn_report -verbosereport -o C:/Users/xingy/AppData/Roaming/Xilinx/Vitis/testHLS2/solution1/.autopilot/db/MLP_Pipeline_3.verbose.sched.rpt 
Execute         AP::get_flow_target_display_name
Execute           get_solution -flow_target 
Execute       db_write -o C:/Users/xingy/AppData/Roaming/Xilinx/Vitis/testHLS2/solution1/.autopilot/db/MLP_Pipeline_3.sched.adb -f 
INFO-FLOW: Finish scheduling MLP_Pipeline_3.
Execute       set_default_model MLP_Pipeline_3 
Execute       bind -model MLP_Pipeline_3 
INFO: [BIND 205-100] Starting micro-architecture generation ...
INFO: [BIND 205-101] Performing variable lifetime analysis.
INFO: [BIND 205-101] Exploring resource sharing.
INFO: [BIND 205-101] Binding ...
INFO: [BIND 205-100] Finished micro-architecture generation.
Command       bind done; 0.119 sec.
INFO: [HLS 200-111] Finished Binding: CPU user time: 0 seconds. CPU system time: 0 seconds. Elapsed time: 0.142 seconds; current allocated memory: 1.116 GB.
Execute       syn_report -verbosereport -o C:/Users/xingy/AppData/Roaming/Xilinx/Vitis/testHLS2/solution1/.autopilot/db/MLP_Pipeline_3.verbose.bind.rpt 
Execute         AP::get_flow_target_display_name
Execute           get_solution -flow_target 
Execute       db_write -o C:/Users/xingy/AppData/Roaming/Xilinx/Vitis/testHLS2/solution1/.autopilot/db/MLP_Pipeline_3.bind.adb -f 
INFO-FLOW: Finish binding MLP_Pipeline_3.
INFO: [HLS 200-10] ----------------------------------------------------------------
INFO: [HLS 200-42] -- Implementing module 'MLP_Pipeline_4' 
INFO: [HLS 200-10] ----------------------------------------------------------------
Execute       set_default_model MLP_Pipeline_4 
Execute       schedule -model MLP_Pipeline_4 
INFO: [SCHED 204-11] Starting scheduling ...
INFO: [SCHED 204-61] Pipelining loop 'Loop 1'.
INFO: [HLS 200-1470] Pipelining result : Target II = NA, Final II = 1, Depth = 1, loop 'Loop 1'
INFO: [SCHED 204-11] Finished scheduling.
Command       schedule done; 0.175 sec.
INFO: [HLS 200-111] Finished Scheduling: CPU user time: 0 seconds. CPU system time: 0 seconds. Elapsed time: 0.264 seconds; current allocated memory: 1.116 GB.
Execute       syn_report -verbosereport -o C:/Users/xingy/AppData/Roaming/Xilinx/Vitis/testHLS2/solution1/.autopilot/db/MLP_Pipeline_4.verbose.sched.rpt 
Execute         AP::get_flow_target_display_name
Execute           get_solution -flow_target 
Execute       db_write -o C:/Users/xingy/AppData/Roaming/Xilinx/Vitis/testHLS2/solution1/.autopilot/db/MLP_Pipeline_4.sched.adb -f 
INFO-FLOW: Finish scheduling MLP_Pipeline_4.
Execute       set_default_model MLP_Pipeline_4 
Execute       bind -model MLP_Pipeline_4 
INFO: [BIND 205-100] Starting micro-architecture generation ...
INFO: [BIND 205-101] Performing variable lifetime analysis.
INFO: [BIND 205-101] Exploring resource sharing.
INFO: [BIND 205-101] Binding ...
INFO: [BIND 205-100] Finished micro-architecture generation.
Command       bind done; 0.134 sec.
INFO: [HLS 200-111] Finished Binding: CPU user time: 0 seconds. CPU system time: 0 seconds. Elapsed time: 0.164 seconds; current allocated memory: 1.116 GB.
Execute       syn_report -verbosereport -o C:/Users/xingy/AppData/Roaming/Xilinx/Vitis/testHLS2/solution1/.autopilot/db/MLP_Pipeline_4.verbose.bind.rpt 
Execute         AP::get_flow_target_display_name
Execute           get_solution -flow_target 
Execute       db_write -o C:/Users/xingy/AppData/Roaming/Xilinx/Vitis/testHLS2/solution1/.autopilot/db/MLP_Pipeline_4.bind.adb -f 
INFO-FLOW: Finish binding MLP_Pipeline_4.
INFO: [HLS 200-10] ----------------------------------------------------------------
INFO: [HLS 200-42] -- Implementing module 'MLP_Pipeline_5' 
INFO: [HLS 200-10] ----------------------------------------------------------------
Execute       set_default_model MLP_Pipeline_5 
Execute       schedule -model MLP_Pipeline_5 
INFO: [SCHED 204-11] Starting scheduling ...
INFO: [SCHED 204-61] Pipelining loop 'Loop 1'.
INFO: [HLS 200-1470] Pipelining result : Target II = NA, Final II = 1, Depth = 1, loop 'Loop 1'
INFO: [SCHED 204-11] Finished scheduling.
Command       schedule done; 0.147 sec.
INFO: [HLS 200-111] Finished Scheduling: CPU user time: 0 seconds. CPU system time: 0 seconds. Elapsed time: 0.27 seconds; current allocated memory: 1.116 GB.
Execute       syn_report -verbosereport -o C:/Users/xingy/AppData/Roaming/Xilinx/Vitis/testHLS2/solution1/.autopilot/db/MLP_Pipeline_5.verbose.sched.rpt 
Execute         AP::get_flow_target_display_name
Execute           get_solution -flow_target 
Execute       db_write -o C:/Users/xingy/AppData/Roaming/Xilinx/Vitis/testHLS2/solution1/.autopilot/db/MLP_Pipeline_5.sched.adb -f 
INFO-FLOW: Finish scheduling MLP_Pipeline_5.
Execute       set_default_model MLP_Pipeline_5 
Execute       bind -model MLP_Pipeline_5 
INFO: [BIND 205-100] Starting micro-architecture generation ...
INFO: [BIND 205-101] Performing variable lifetime analysis.
INFO: [BIND 205-101] Exploring resource sharing.
INFO: [BIND 205-101] Binding ...
INFO: [BIND 205-100] Finished micro-architecture generation.
Command       bind done; 0.151 sec.
INFO: [HLS 200-111] Finished Binding: CPU user time: 0 seconds. CPU system time: 0 seconds. Elapsed time: 0.18 seconds; current allocated memory: 1.116 GB.
Execute       syn_report -verbosereport -o C:/Users/xingy/AppData/Roaming/Xilinx/Vitis/testHLS2/solution1/.autopilot/db/MLP_Pipeline_5.verbose.bind.rpt 
Execute         AP::get_flow_target_display_name
Execute           get_solution -flow_target 
Execute       db_write -o C:/Users/xingy/AppData/Roaming/Xilinx/Vitis/testHLS2/solution1/.autopilot/db/MLP_Pipeline_5.bind.adb -f 
INFO-FLOW: Finish binding MLP_Pipeline_5.
INFO: [HLS 200-10] ----------------------------------------------------------------
INFO: [HLS 200-42] -- Implementing module 'MLP_Pipeline_6' 
INFO: [HLS 200-10] ----------------------------------------------------------------
Execute       set_default_model MLP_Pipeline_6 
Execute       schedule -model MLP_Pipeline_6 
INFO: [SCHED 204-11] Starting scheduling ...
INFO: [SCHED 204-61] Pipelining loop 'Loop 1'.
INFO: [HLS 200-1470] Pipelining result : Target II = NA, Final II = 1, Depth = 1, loop 'Loop 1'
INFO: [SCHED 204-11] Finished scheduling.
Command       schedule done; 0.248 sec.
INFO: [HLS 200-111] Finished Scheduling: CPU user time: 0 seconds. CPU system time: 0 seconds. Elapsed time: 0.443 seconds; current allocated memory: 1.116 GB.
Execute       syn_report -verbosereport -o C:/Users/xingy/AppData/Roaming/Xilinx/Vitis/testHLS2/solution1/.autopilot/db/MLP_Pipeline_6.verbose.sched.rpt 
Execute         AP::get_flow_target_display_name
Execute           get_solution -flow_target 
Execute       db_write -o C:/Users/xingy/AppData/Roaming/Xilinx/Vitis/testHLS2/solution1/.autopilot/db/MLP_Pipeline_6.sched.adb -f 
INFO-FLOW: Finish scheduling MLP_Pipeline_6.
Execute       set_default_model MLP_Pipeline_6 
Execute       bind -model MLP_Pipeline_6 
INFO: [BIND 205-100] Starting micro-architecture generation ...
INFO: [BIND 205-101] Performing variable lifetime analysis.
INFO: [BIND 205-101] Exploring resource sharing.
INFO: [BIND 205-101] Binding ...
INFO: [BIND 205-100] Finished micro-architecture generation.
Command       bind done; 0.355 sec.
INFO: [HLS 200-111] Finished Binding: CPU user time: 0 seconds. CPU system time: 0 seconds. Elapsed time: 0.403 seconds; current allocated memory: 1.116 GB.
Execute       syn_report -verbosereport -o C:/Users/xingy/AppData/Roaming/Xilinx/Vitis/testHLS2/solution1/.autopilot/db/MLP_Pipeline_6.verbose.bind.rpt 
Execute         AP::get_flow_target_display_name
Execute           get_solution -flow_target 
Execute       db_write -o C:/Users/xingy/AppData/Roaming/Xilinx/Vitis/testHLS2/solution1/.autopilot/db/MLP_Pipeline_6.bind.adb -f 
INFO-FLOW: Finish binding MLP_Pipeline_6.
INFO: [HLS 200-10] ----------------------------------------------------------------
INFO: [HLS 200-42] -- Implementing module 'MLP_Pipeline_VITIS_LOOP_58_1' 
INFO: [HLS 200-10] ----------------------------------------------------------------
Execute       set_default_model MLP_Pipeline_VITIS_LOOP_58_1 
Execute       schedule -model MLP_Pipeline_VITIS_LOOP_58_1 
INFO: [SCHED 204-11] Starting scheduling ...
INFO: [SCHED 204-61] Pipelining loop 'VITIS_LOOP_58_1'.
INFO: [HLS 200-1470] Pipelining result : Target II = NA, Final II = 1, Depth = 2, loop 'VITIS_LOOP_58_1'
INFO: [SCHED 204-11] Finished scheduling.
Command       schedule done; 0.211 sec.
INFO: [HLS 200-111] Finished Scheduling: CPU user time: 0 seconds. CPU system time: 0 seconds. Elapsed time: 0.362 seconds; current allocated memory: 1.116 GB.
Execute       syn_report -verbosereport -o C:/Users/xingy/AppData/Roaming/Xilinx/Vitis/testHLS2/solution1/.autopilot/db/MLP_Pipeline_VITIS_LOOP_58_1.verbose.sched.rpt 
Execute         AP::get_flow_target_display_name
Execute           get_solution -flow_target 
Execute       db_write -o C:/Users/xingy/AppData/Roaming/Xilinx/Vitis/testHLS2/solution1/.autopilot/db/MLP_Pipeline_VITIS_LOOP_58_1.sched.adb -f 
INFO-FLOW: Finish scheduling MLP_Pipeline_VITIS_LOOP_58_1.
Execute       set_default_model MLP_Pipeline_VITIS_LOOP_58_1 
Execute       bind -model MLP_Pipeline_VITIS_LOOP_58_1 
INFO: [BIND 205-100] Starting micro-architecture generation ...
INFO: [BIND 205-101] Performing variable lifetime analysis.
INFO: [BIND 205-101] Exploring resource sharing.
INFO: [BIND 205-101] Binding ...
INFO: [BIND 205-100] Finished micro-architecture generation.
Command       bind done; 0.208 sec.
INFO: [HLS 200-111] Finished Binding: CPU user time: 1 seconds. CPU system time: 0 seconds. Elapsed time: 0.256 seconds; current allocated memory: 1.116 GB.
Execute       syn_report -verbosereport -o C:/Users/xingy/AppData/Roaming/Xilinx/Vitis/testHLS2/solution1/.autopilot/db/MLP_Pipeline_VITIS_LOOP_58_1.verbose.bind.rpt 
Execute         AP::get_flow_target_display_name
Execute           get_solution -flow_target 
Execute       db_write -o C:/Users/xingy/AppData/Roaming/Xilinx/Vitis/testHLS2/solution1/.autopilot/db/MLP_Pipeline_VITIS_LOOP_58_1.bind.adb -f 
INFO-FLOW: Finish binding MLP_Pipeline_VITIS_LOOP_58_1.
INFO: [HLS 200-10] ----------------------------------------------------------------
INFO: [HLS 200-42] -- Implementing module 'MLP_Pipeline_VITIS_LOOP_69_2' 
INFO: [HLS 200-10] ----------------------------------------------------------------
Execute       set_default_model MLP_Pipeline_VITIS_LOOP_69_2 
Execute       schedule -model MLP_Pipeline_VITIS_LOOP_69_2 
INFO: [SCHED 204-11] Starting scheduling ...
INFO: [SCHED 204-61] Pipelining loop 'VITIS_LOOP_69_2'.
INFO: [HLS 200-1470] Pipelining result : Target II = NA, Final II = 1, Depth = 29, loop 'VITIS_LOOP_69_2'
INFO: [SCHED 204-11] Finished scheduling.
Command       schedule done; 0.235 sec.
INFO: [HLS 200-111] Finished Scheduling: CPU user time: 0 seconds. CPU system time: 0 seconds. Elapsed time: 0.359 seconds; current allocated memory: 1.116 GB.
Execute       syn_report -verbosereport -o C:/Users/xingy/AppData/Roaming/Xilinx/Vitis/testHLS2/solution1/.autopilot/db/MLP_Pipeline_VITIS_LOOP_69_2.verbose.sched.rpt 
Execute         AP::get_flow_target_display_name
Execute           get_solution -flow_target 
Command       syn_report done; 0.234 sec.
Execute       db_write -o C:/Users/xingy/AppData/Roaming/Xilinx/Vitis/testHLS2/solution1/.autopilot/db/MLP_Pipeline_VITIS_LOOP_69_2.sched.adb -f 
INFO-FLOW: Finish scheduling MLP_Pipeline_VITIS_LOOP_69_2.
Execute       set_default_model MLP_Pipeline_VITIS_LOOP_69_2 
Execute       bind -model MLP_Pipeline_VITIS_LOOP_69_2 
INFO: [BIND 205-100] Starting micro-architecture generation ...
INFO: [BIND 205-101] Performing variable lifetime analysis.
INFO: [BIND 205-101] Exploring resource sharing.
INFO: [BIND 205-101] Binding ...
INFO: [BIND 205-100] Finished micro-architecture generation.
Command       bind done; 0.25 sec.
INFO: [HLS 200-111] Finished Binding: CPU user time: 0 seconds. CPU system time: 0 seconds. Elapsed time: 0.497 seconds; current allocated memory: 1.116 GB.
Execute       syn_report -verbosereport -o C:/Users/xingy/AppData/Roaming/Xilinx/Vitis/testHLS2/solution1/.autopilot/db/MLP_Pipeline_VITIS_LOOP_69_2.verbose.bind.rpt 
Execute         AP::get_flow_target_display_name
Execute           get_solution -flow_target 
Command       syn_report done; 0.154 sec.
Execute       db_write -o C:/Users/xingy/AppData/Roaming/Xilinx/Vitis/testHLS2/solution1/.autopilot/db/MLP_Pipeline_VITIS_LOOP_69_2.bind.adb -f 
INFO-FLOW: Finish binding MLP_Pipeline_VITIS_LOOP_69_2.
INFO: [HLS 200-10] ----------------------------------------------------------------
INFO: [HLS 200-42] -- Implementing module 'MLP_Pipeline_VITIS_LOOP_77_3' 
INFO: [HLS 200-10] ----------------------------------------------------------------
Execute       set_default_model MLP_Pipeline_VITIS_LOOP_77_3 
Execute       schedule -model MLP_Pipeline_VITIS_LOOP_77_3 
INFO: [SCHED 204-11] Starting scheduling ...
INFO: [SCHED 204-61] Pipelining loop 'VITIS_LOOP_77_3'.
INFO: [HLS 200-1470] Pipelining result : Target II = NA, Final II = 1, Depth = 203, loop 'VITIS_LOOP_77_3'
INFO: [SCHED 204-11] Finished scheduling.
Command       schedule done; 2.218 sec.
INFO: [HLS 200-111] Finished Scheduling: CPU user time: 1 seconds. CPU system time: 0 seconds. Elapsed time: 2.467 seconds; current allocated memory: 1.116 GB.
Execute       syn_report -verbosereport -o C:/Users/xingy/AppData/Roaming/Xilinx/Vitis/testHLS2/solution1/.autopilot/db/MLP_Pipeline_VITIS_LOOP_77_3.verbose.sched.rpt 
Execute         AP::get_flow_target_display_name
Execute           get_solution -flow_target 
Command       syn_report done; 2.683 sec.
Execute       db_write -o C:/Users/xingy/AppData/Roaming/Xilinx/Vitis/testHLS2/solution1/.autopilot/db/MLP_Pipeline_VITIS_LOOP_77_3.sched.adb -f 
INFO-FLOW: Finish scheduling MLP_Pipeline_VITIS_LOOP_77_3.
Execute       set_default_model MLP_Pipeline_VITIS_LOOP_77_3 
Execute       bind -model MLP_Pipeline_VITIS_LOOP_77_3 
INFO: [BIND 205-100] Starting micro-architecture generation ...
INFO: [BIND 205-101] Performing variable lifetime analysis.
INFO: [BIND 205-101] Exploring resource sharing.
INFO: [BIND 205-101] Binding ...
INFO: [BIND 205-100] Finished micro-architecture generation.
Command       bind done; 0.939 sec.
INFO: [HLS 200-111] Finished Binding: CPU user time: 2 seconds. CPU system time: 0 seconds. Elapsed time: 3.695 seconds; current allocated memory: 1.116 GB.
Execute       syn_report -verbosereport -o C:/Users/xingy/AppData/Roaming/Xilinx/Vitis/testHLS2/solution1/.autopilot/db/MLP_Pipeline_VITIS_LOOP_77_3.verbose.bind.rpt 
Execute         AP::get_flow_target_display_name
Execute           get_solution -flow_target 
Command       syn_report done; 2.529 sec.
Execute       db_write -o C:/Users/xingy/AppData/Roaming/Xilinx/Vitis/testHLS2/solution1/.autopilot/db/MLP_Pipeline_VITIS_LOOP_77_3.bind.adb -f 
Command       db_write done; 0.159 sec.
INFO-FLOW: Finish binding MLP_Pipeline_VITIS_LOOP_77_3.
INFO: [HLS 200-10] ----------------------------------------------------------------
INFO: [HLS 200-42] -- Implementing module 'MLP_Pipeline_VITIS_LOOP_94_5' 
INFO: [HLS 200-10] ----------------------------------------------------------------
Execute       set_default_model MLP_Pipeline_VITIS_LOOP_94_5 
Execute       schedule -model MLP_Pipeline_VITIS_LOOP_94_5 
INFO: [SCHED 204-11] Starting scheduling ...
INFO: [SCHED 204-61] Pipelining loop 'VITIS_LOOP_94_5'.
INFO: [HLS 200-1470] Pipelining result : Target II = NA, Final II = 1, Depth = 107, loop 'VITIS_LOOP_94_5'
INFO: [SCHED 204-11] Finished scheduling.
Command       schedule done; 1.058 sec.
INFO: [HLS 200-111] Finished Scheduling: CPU user time: 2 seconds. CPU system time: 0 seconds. Elapsed time: 3.891 seconds; current allocated memory: 1.116 GB.
Execute       syn_report -verbosereport -o C:/Users/xingy/AppData/Roaming/Xilinx/Vitis/testHLS2/solution1/.autopilot/db/MLP_Pipeline_VITIS_LOOP_94_5.verbose.sched.rpt 
Execute         AP::get_flow_target_display_name
Execute           get_solution -flow_target 
Command       syn_report done; 0.725 sec.
Execute       db_write -o C:/Users/xingy/AppData/Roaming/Xilinx/Vitis/testHLS2/solution1/.autopilot/db/MLP_Pipeline_VITIS_LOOP_94_5.sched.adb -f 
INFO-FLOW: Finish scheduling MLP_Pipeline_VITIS_LOOP_94_5.
Execute       set_default_model MLP_Pipeline_VITIS_LOOP_94_5 
Execute       bind -model MLP_Pipeline_VITIS_LOOP_94_5 
INFO: [BIND 205-100] Starting micro-architecture generation ...
INFO: [BIND 205-101] Performing variable lifetime analysis.
INFO: [BIND 205-101] Exploring resource sharing.
INFO: [BIND 205-101] Binding ...
INFO: [BIND 205-100] Finished micro-architecture generation.
Command       bind done; 0.494 sec.
INFO: [HLS 200-111] Finished Binding: CPU user time: 1 seconds. CPU system time: 0 seconds. Elapsed time: 1.256 seconds; current allocated memory: 1.116 GB.
Execute       syn_report -verbosereport -o C:/Users/xingy/AppData/Roaming/Xilinx/Vitis/testHLS2/solution1/.autopilot/db/MLP_Pipeline_VITIS_LOOP_94_5.verbose.bind.rpt 
Execute         AP::get_flow_target_display_name
Execute           get_solution -flow_target 
Command       syn_report done; 0.89 sec.
Execute       db_write -o C:/Users/xingy/AppData/Roaming/Xilinx/Vitis/testHLS2/solution1/.autopilot/db/MLP_Pipeline_VITIS_LOOP_94_5.bind.adb -f 
INFO-FLOW: Finish binding MLP_Pipeline_VITIS_LOOP_94_5.
INFO: [HLS 200-10] ----------------------------------------------------------------
INFO: [HLS 200-42] -- Implementing module 'MLP_Pipeline_VITIS_LOOP_111_7' 
INFO: [HLS 200-10] ----------------------------------------------------------------
Execute       set_default_model MLP_Pipeline_VITIS_LOOP_111_7 
Execute       schedule -model MLP_Pipeline_VITIS_LOOP_111_7 
INFO: [SCHED 204-11] Starting scheduling ...
INFO: [SCHED 204-61] Pipelining loop 'VITIS_LOOP_111_7'.
INFO: [HLS 200-1470] Pipelining result : Target II = NA, Final II = 1, Depth = 57, loop 'VITIS_LOOP_111_7'
INFO: [SCHED 204-11] Finished scheduling.
Command       schedule done; 0.489 sec.
INFO: [HLS 200-111] Finished Scheduling: CPU user time: 0 seconds. CPU system time: 0 seconds. Elapsed time: 1.492 seconds; current allocated memory: 1.116 GB.
Execute       syn_report -verbosereport -o C:/Users/xingy/AppData/Roaming/Xilinx/Vitis/testHLS2/solution1/.autopilot/db/MLP_Pipeline_VITIS_LOOP_111_7.verbose.sched.rpt 
Execute         AP::get_flow_target_display_name
Execute           get_solution -flow_target 
Command       syn_report done; 0.366 sec.
Execute       db_write -o C:/Users/xingy/AppData/Roaming/Xilinx/Vitis/testHLS2/solution1/.autopilot/db/MLP_Pipeline_VITIS_LOOP_111_7.sched.adb -f 
INFO-FLOW: Finish scheduling MLP_Pipeline_VITIS_LOOP_111_7.
Execute       set_default_model MLP_Pipeline_VITIS_LOOP_111_7 
Execute       bind -model MLP_Pipeline_VITIS_LOOP_111_7 
INFO: [BIND 205-100] Starting micro-architecture generation ...
INFO: [BIND 205-101] Performing variable lifetime analysis.
INFO: [BIND 205-101] Exploring resource sharing.
INFO: [BIND 205-101] Binding ...
INFO: [BIND 205-100] Finished micro-architecture generation.
Command       bind done; 0.274 sec.
INFO: [HLS 200-111] Finished Binding: CPU user time: 1 seconds. CPU system time: 0 seconds. Elapsed time: 0.669 seconds; current allocated memory: 1.116 GB.
Execute       syn_report -verbosereport -o C:/Users/xingy/AppData/Roaming/Xilinx/Vitis/testHLS2/solution1/.autopilot/db/MLP_Pipeline_VITIS_LOOP_111_7.verbose.bind.rpt 
Execute         AP::get_flow_target_display_name
Execute           get_solution -flow_target 
Command       syn_report done; 0.422 sec.
Execute       db_write -o C:/Users/xingy/AppData/Roaming/Xilinx/Vitis/testHLS2/solution1/.autopilot/db/MLP_Pipeline_VITIS_LOOP_111_7.bind.adb -f 
INFO-FLOW: Finish binding MLP_Pipeline_VITIS_LOOP_111_7.
INFO: [HLS 200-10] ----------------------------------------------------------------
INFO: [HLS 200-42] -- Implementing module 'MLP_Pipeline_VITIS_LOOP_123_9' 
INFO: [HLS 200-10] ----------------------------------------------------------------
Execute       set_default_model MLP_Pipeline_VITIS_LOOP_123_9 
Execute       schedule -model MLP_Pipeline_VITIS_LOOP_123_9 
INFO: [SCHED 204-11] Starting scheduling ...
INFO: [SCHED 204-61] Pipelining loop 'VITIS_LOOP_123_9'.
INFO: [HLS 200-1470] Pipelining result : Target II = NA, Final II = 1, Depth = 6, loop 'VITIS_LOOP_123_9'
INFO: [SCHED 204-11] Finished scheduling.
Command       schedule done; 0.166 sec.
INFO: [HLS 200-111] Finished Scheduling: CPU user time: 0 seconds. CPU system time: 0 seconds. Elapsed time: 0.701 seconds; current allocated memory: 1.116 GB.
Execute       syn_report -verbosereport -o C:/Users/xingy/AppData/Roaming/Xilinx/Vitis/testHLS2/solution1/.autopilot/db/MLP_Pipeline_VITIS_LOOP_123_9.verbose.sched.rpt 
Execute         AP::get_flow_target_display_name
Execute           get_solution -flow_target 
Execute       db_write -o C:/Users/xingy/AppData/Roaming/Xilinx/Vitis/testHLS2/solution1/.autopilot/db/MLP_Pipeline_VITIS_LOOP_123_9.sched.adb -f 
INFO-FLOW: Finish scheduling MLP_Pipeline_VITIS_LOOP_123_9.
Execute       set_default_model MLP_Pipeline_VITIS_LOOP_123_9 
Execute       bind -model MLP_Pipeline_VITIS_LOOP_123_9 
INFO: [BIND 205-100] Starting micro-architecture generation ...
INFO: [BIND 205-101] Performing variable lifetime analysis.
INFO: [BIND 205-101] Exploring resource sharing.
INFO: [BIND 205-101] Binding ...
INFO: [BIND 205-100] Finished micro-architecture generation.
Command       bind done; 0.133 sec.
INFO: [HLS 200-111] Finished Binding: CPU user time: 0 seconds. CPU system time: 0 seconds. Elapsed time: 0.2 seconds; current allocated memory: 1.116 GB.
Execute       syn_report -verbosereport -o C:/Users/xingy/AppData/Roaming/Xilinx/Vitis/testHLS2/solution1/.autopilot/db/MLP_Pipeline_VITIS_LOOP_123_9.verbose.bind.rpt 
Execute         AP::get_flow_target_display_name
Execute           get_solution -flow_target 
Execute       db_write -o C:/Users/xingy/AppData/Roaming/Xilinx/Vitis/testHLS2/solution1/.autopilot/db/MLP_Pipeline_VITIS_LOOP_123_9.bind.adb -f 
INFO-FLOW: Finish binding MLP_Pipeline_VITIS_LOOP_123_9.
INFO: [HLS 200-10] ----------------------------------------------------------------
INFO: [HLS 200-42] -- Implementing module 'MLP_Pipeline_VITIS_LOOP_128_10' 
INFO: [HLS 200-10] ----------------------------------------------------------------
Execute       set_default_model MLP_Pipeline_VITIS_LOOP_128_10 
Execute       schedule -model MLP_Pipeline_VITIS_LOOP_128_10 
INFO: [SCHED 204-11] Starting scheduling ...
INFO: [SCHED 204-61] Pipelining loop 'VITIS_LOOP_128_10'.
INFO: [HLS 200-1470] Pipelining result : Target II = NA, Final II = 1, Depth = 2, loop 'VITIS_LOOP_128_10'
INFO: [SCHED 204-11] Finished scheduling.
INFO: [HLS 200-111] Finished Scheduling: CPU user time: 0 seconds. CPU system time: 0 seconds. Elapsed time: 0.245 seconds; current allocated memory: 1.116 GB.
Execute       syn_report -verbosereport -o C:/Users/xingy/AppData/Roaming/Xilinx/Vitis/testHLS2/solution1/.autopilot/db/MLP_Pipeline_VITIS_LOOP_128_10.verbose.sched.rpt 
Execute         AP::get_flow_target_display_name
Execute           get_solution -flow_target 
Execute       db_write -o C:/Users/xingy/AppData/Roaming/Xilinx/Vitis/testHLS2/solution1/.autopilot/db/MLP_Pipeline_VITIS_LOOP_128_10.sched.adb -f 
INFO-FLOW: Finish scheduling MLP_Pipeline_VITIS_LOOP_128_10.
Execute       set_default_model MLP_Pipeline_VITIS_LOOP_128_10 
Execute       bind -model MLP_Pipeline_VITIS_LOOP_128_10 
INFO: [BIND 205-100] Starting micro-architecture generation ...
INFO: [BIND 205-101] Performing variable lifetime analysis.
INFO: [BIND 205-101] Exploring resource sharing.
INFO: [BIND 205-101] Binding ...
INFO: [BIND 205-100] Finished micro-architecture generation.
Command       bind done; 0.103 sec.
INFO: [HLS 200-111] Finished Binding: CPU user time: 0 seconds. CPU system time: 0 seconds. Elapsed time: 0.125 seconds; current allocated memory: 1.116 GB.
Execute       syn_report -verbosereport -o C:/Users/xingy/AppData/Roaming/Xilinx/Vitis/testHLS2/solution1/.autopilot/db/MLP_Pipeline_VITIS_LOOP_128_10.verbose.bind.rpt 
Execute         AP::get_flow_target_display_name
Execute           get_solution -flow_target 
Execute       db_write -o C:/Users/xingy/AppData/Roaming/Xilinx/Vitis/testHLS2/solution1/.autopilot/db/MLP_Pipeline_VITIS_LOOP_128_10.bind.adb -f 
INFO-FLOW: Finish binding MLP_Pipeline_VITIS_LOOP_128_10.
INFO: [HLS 200-10] ----------------------------------------------------------------
INFO: [HLS 200-42] -- Implementing module 'MLP' 
INFO: [HLS 200-10] ----------------------------------------------------------------
Execute       set_default_model MLP 
Execute       schedule -model MLP 
INFO: [SCHED 204-11] Starting scheduling ...
INFO: [SCHED 204-11] Finished scheduling.
Command       schedule done; 0.394 sec.
INFO: [HLS 200-111] Finished Scheduling: CPU user time: 1 seconds. CPU system time: 0 seconds. Elapsed time: 0.679 seconds; current allocated memory: 1.116 GB.
Execute       syn_report -verbosereport -o C:/Users/xingy/AppData/Roaming/Xilinx/Vitis/testHLS2/solution1/.autopilot/db/MLP.verbose.sched.rpt 
Execute         AP::get_flow_target_display_name
Execute           get_solution -flow_target 
Command       syn_report done; 0.244 sec.
Execute       db_write -o C:/Users/xingy/AppData/Roaming/Xilinx/Vitis/testHLS2/solution1/.autopilot/db/MLP.sched.adb -f 
INFO-FLOW: Finish scheduling MLP.
Execute       set_default_model MLP 
Execute       bind -model MLP 
INFO: [BIND 205-100] Starting micro-architecture generation ...
INFO: [BIND 205-101] Performing variable lifetime analysis.
INFO: [BIND 205-101] Exploring resource sharing.
INFO: [BIND 205-101] Binding ...
INFO: [BIND 205-100] Finished micro-architecture generation.
Command       bind done; 0.849 sec.
INFO: [HLS 200-111] Finished Binding: CPU user time: 0 seconds. CPU system time: 0 seconds. Elapsed time: 1.153 seconds; current allocated memory: 1.116 GB.
Execute       syn_report -verbosereport -o C:/Users/xingy/AppData/Roaming/Xilinx/Vitis/testHLS2/solution1/.autopilot/db/MLP.verbose.bind.rpt 
Execute         AP::get_flow_target_display_name
Execute           get_solution -flow_target 
Command       syn_report done; 1.424 sec.
Execute       db_write -o C:/Users/xingy/AppData/Roaming/Xilinx/Vitis/testHLS2/solution1/.autopilot/db/MLP.bind.adb -f 
INFO-FLOW: Finish binding MLP.
Execute       get_model_list MLP -filter all-wo-channel 
INFO-FLOW: Preprocessing for RTLGen ...
Execute       rtl_gen_preprocess MLP_Pipeline_1 
Execute       rtl_gen_preprocess MLP_Pipeline_2 
Execute       rtl_gen_preprocess MLP_Pipeline_3 
Execute       rtl_gen_preprocess MLP_Pipeline_4 
Execute       rtl_gen_preprocess MLP_Pipeline_5 
Execute       rtl_gen_preprocess MLP_Pipeline_6 
Execute       rtl_gen_preprocess MLP_Pipeline_VITIS_LOOP_58_1 
Execute       rtl_gen_preprocess MLP_Pipeline_VITIS_LOOP_69_2 
Execute       rtl_gen_preprocess MLP_Pipeline_VITIS_LOOP_77_3 
Execute       rtl_gen_preprocess MLP_Pipeline_VITIS_LOOP_94_5 
Execute       rtl_gen_preprocess MLP_Pipeline_VITIS_LOOP_111_7 
Execute       rtl_gen_preprocess MLP_Pipeline_VITIS_LOOP_123_9 
Execute       rtl_gen_preprocess MLP_Pipeline_VITIS_LOOP_128_10 
Execute       rtl_gen_preprocess MLP 
INFO-FLOW: Model list for RTL generation: MLP_Pipeline_1 MLP_Pipeline_2 MLP_Pipeline_3 MLP_Pipeline_4 MLP_Pipeline_5 MLP_Pipeline_6 MLP_Pipeline_VITIS_LOOP_58_1 MLP_Pipeline_VITIS_LOOP_69_2 MLP_Pipeline_VITIS_LOOP_77_3 MLP_Pipeline_VITIS_LOOP_94_5 MLP_Pipeline_VITIS_LOOP_111_7 MLP_Pipeline_VITIS_LOOP_123_9 MLP_Pipeline_VITIS_LOOP_128_10 MLP
INFO: [HLS 200-10] ----------------------------------------------------------------
INFO: [HLS 200-10] -- Generating RTL for module 'MLP_Pipeline_1' 
INFO: [HLS 200-10] ----------------------------------------------------------------
Execute       get_config_rtl -module_prefix 
Execute       get_config_rtl -module_auto_prefix 
Execute       get_config_rtl -module_prefix 
Execute       get_config_rtl -module_auto_prefix 
Execute       create_rtl_model MLP_Pipeline_1 -top_prefix MLP_ -sub_prefix MLP_ -mg_file C:/Users/xingy/AppData/Roaming/Xilinx/Vitis/testHLS2/solution1/.autopilot/db/MLP_Pipeline_1.compgen.tcl 
INFO: [RTGEN 206-100] Finished creating RTL model for 'MLP_Pipeline_1'.
INFO: [HLS 200-111] Finished Creating RTL model: CPU user time: 2 seconds. CPU system time: 0 seconds. Elapsed time: 1.618 seconds; current allocated memory: 1.116 GB.
Execute       source C:/Users/xingy/AppData/Roaming/Xilinx/Vitis/testHLS2/solution1/.autopilot/db/MLP.rtl_wrap.cfg.tcl 
Execute       gen_rtl MLP_Pipeline_1 -style xilinx -f -lang vhdl -o C:/Users/xingy/AppData/Roaming/Xilinx/Vitis/testHLS2/solution1/syn/vhdl/MLP_MLP_Pipeline_1 
Execute       gen_rtl MLP_Pipeline_1 -style xilinx -f -lang vlog -o C:/Users/xingy/AppData/Roaming/Xilinx/Vitis/testHLS2/solution1/syn/verilog/MLP_MLP_Pipeline_1 
Execute       syn_report -csynth -model MLP_Pipeline_1 -o C:/Users/xingy/AppData/Roaming/Xilinx/Vitis/testHLS2/solution1/syn/report/MLP_Pipeline_1_csynth.rpt 
Execute         AP::get_flow_target_display_name
Execute           get_solution -flow_target 
Execute       syn_report -rtlxml -model MLP_Pipeline_1 -o C:/Users/xingy/AppData/Roaming/Xilinx/Vitis/testHLS2/solution1/syn/report/MLP_Pipeline_1_csynth.xml 
Execute         get_solution -flow_target
Execute           get_solution -flow_target 
Execute       syn_report -verbosereport -model MLP_Pipeline_1 -o C:/Users/xingy/AppData/Roaming/Xilinx/Vitis/testHLS2/solution1/.autopilot/db/MLP_Pipeline_1.verbose.rpt 
Execute         AP::get_flow_target_display_name
Execute           get_solution -flow_target 
Execute       db_write -model MLP_Pipeline_1 -f -o C:/Users/xingy/AppData/Roaming/Xilinx/Vitis/testHLS2/solution1/.autopilot/db/MLP_Pipeline_1.adb 
Execute       db_write -model MLP_Pipeline_1 -bindview -o C:/Users/xingy/AppData/Roaming/Xilinx/Vitis/testHLS2/solution1/.autopilot/db/design.bindinfo.xml 
Execute       gen_tb_info MLP_Pipeline_1 -p C:/Users/xingy/AppData/Roaming/Xilinx/Vitis/testHLS2/solution1/.autopilot/db -o C:/Users/xingy/AppData/Roaming/Xilinx/Vitis/testHLS2/solution1/.autopilot/db/MLP_Pipeline_1 
INFO: [HLS 200-10] ----------------------------------------------------------------
INFO: [HLS 200-10] -- Generating RTL for module 'MLP_Pipeline_2' 
INFO: [HLS 200-10] ----------------------------------------------------------------
Execute       get_config_rtl -module_prefix 
Execute       get_config_rtl -module_auto_prefix 
Execute       get_config_rtl -module_prefix 
Execute       get_config_rtl -module_auto_prefix 
Execute       create_rtl_model MLP_Pipeline_2 -top_prefix MLP_ -sub_prefix MLP_ -mg_file C:/Users/xingy/AppData/Roaming/Xilinx/Vitis/testHLS2/solution1/.autopilot/db/MLP_Pipeline_2.compgen.tcl 
INFO: [RTGEN 206-100] Finished creating RTL model for 'MLP_Pipeline_2'.
INFO: [HLS 200-111] Finished Creating RTL model: CPU user time: 0 seconds. CPU system time: 0 seconds. Elapsed time: 0.167 seconds; current allocated memory: 1.116 GB.
Execute       source C:/Users/xingy/AppData/Roaming/Xilinx/Vitis/testHLS2/solution1/.autopilot/db/MLP.rtl_wrap.cfg.tcl 
Execute       gen_rtl MLP_Pipeline_2 -style xilinx -f -lang vhdl -o C:/Users/xingy/AppData/Roaming/Xilinx/Vitis/testHLS2/solution1/syn/vhdl/MLP_MLP_Pipeline_2 
Execute       gen_rtl MLP_Pipeline_2 -style xilinx -f -lang vlog -o C:/Users/xingy/AppData/Roaming/Xilinx/Vitis/testHLS2/solution1/syn/verilog/MLP_MLP_Pipeline_2 
Execute       syn_report -csynth -model MLP_Pipeline_2 -o C:/Users/xingy/AppData/Roaming/Xilinx/Vitis/testHLS2/solution1/syn/report/MLP_Pipeline_2_csynth.rpt 
Execute         AP::get_flow_target_display_name
Execute           get_solution -flow_target 
Execute       syn_report -rtlxml -model MLP_Pipeline_2 -o C:/Users/xingy/AppData/Roaming/Xilinx/Vitis/testHLS2/solution1/syn/report/MLP_Pipeline_2_csynth.xml 
Execute         get_solution -flow_target
Execute           get_solution -flow_target 
Execute       syn_report -verbosereport -model MLP_Pipeline_2 -o C:/Users/xingy/AppData/Roaming/Xilinx/Vitis/testHLS2/solution1/.autopilot/db/MLP_Pipeline_2.verbose.rpt 
Execute         AP::get_flow_target_display_name
Execute           get_solution -flow_target 
Execute       db_write -model MLP_Pipeline_2 -f -o C:/Users/xingy/AppData/Roaming/Xilinx/Vitis/testHLS2/solution1/.autopilot/db/MLP_Pipeline_2.adb 
Execute       db_write -model MLP_Pipeline_2 -bindview -o C:/Users/xingy/AppData/Roaming/Xilinx/Vitis/testHLS2/solution1/.autopilot/db/design.bindinfo.xml 
Execute       gen_tb_info MLP_Pipeline_2 -p C:/Users/xingy/AppData/Roaming/Xilinx/Vitis/testHLS2/solution1/.autopilot/db -o C:/Users/xingy/AppData/Roaming/Xilinx/Vitis/testHLS2/solution1/.autopilot/db/MLP_Pipeline_2 
INFO: [HLS 200-10] ----------------------------------------------------------------
INFO: [HLS 200-10] -- Generating RTL for module 'MLP_Pipeline_3' 
INFO: [HLS 200-10] ----------------------------------------------------------------
Execute       get_config_rtl -module_prefix 
Execute       get_config_rtl -module_auto_prefix 
Execute       get_config_rtl -module_prefix 
Execute       get_config_rtl -module_auto_prefix 
Execute       create_rtl_model MLP_Pipeline_3 -top_prefix MLP_ -sub_prefix MLP_ -mg_file C:/Users/xingy/AppData/Roaming/Xilinx/Vitis/testHLS2/solution1/.autopilot/db/MLP_Pipeline_3.compgen.tcl 
INFO: [RTGEN 206-100] Finished creating RTL model for 'MLP_Pipeline_3'.
INFO: [HLS 200-111] Finished Creating RTL model: CPU user time: 0 seconds. CPU system time: 0 seconds. Elapsed time: 0.154 seconds; current allocated memory: 1.116 GB.
Execute       source C:/Users/xingy/AppData/Roaming/Xilinx/Vitis/testHLS2/solution1/.autopilot/db/MLP.rtl_wrap.cfg.tcl 
Execute       gen_rtl MLP_Pipeline_3 -style xilinx -f -lang vhdl -o C:/Users/xingy/AppData/Roaming/Xilinx/Vitis/testHLS2/solution1/syn/vhdl/MLP_MLP_Pipeline_3 
Execute       gen_rtl MLP_Pipeline_3 -style xilinx -f -lang vlog -o C:/Users/xingy/AppData/Roaming/Xilinx/Vitis/testHLS2/solution1/syn/verilog/MLP_MLP_Pipeline_3 
Execute       syn_report -csynth -model MLP_Pipeline_3 -o C:/Users/xingy/AppData/Roaming/Xilinx/Vitis/testHLS2/solution1/syn/report/MLP_Pipeline_3_csynth.rpt 
Execute         AP::get_flow_target_display_name
Execute           get_solution -flow_target 
Execute       syn_report -rtlxml -model MLP_Pipeline_3 -o C:/Users/xingy/AppData/Roaming/Xilinx/Vitis/testHLS2/solution1/syn/report/MLP_Pipeline_3_csynth.xml 
Execute         get_solution -flow_target
Execute           get_solution -flow_target 
Execute       syn_report -verbosereport -model MLP_Pipeline_3 -o C:/Users/xingy/AppData/Roaming/Xilinx/Vitis/testHLS2/solution1/.autopilot/db/MLP_Pipeline_3.verbose.rpt 
Execute         AP::get_flow_target_display_name
Execute           get_solution -flow_target 
Execute       db_write -model MLP_Pipeline_3 -f -o C:/Users/xingy/AppData/Roaming/Xilinx/Vitis/testHLS2/solution1/.autopilot/db/MLP_Pipeline_3.adb 
Execute       db_write -model MLP_Pipeline_3 -bindview -o C:/Users/xingy/AppData/Roaming/Xilinx/Vitis/testHLS2/solution1/.autopilot/db/design.bindinfo.xml 
Execute       gen_tb_info MLP_Pipeline_3 -p C:/Users/xingy/AppData/Roaming/Xilinx/Vitis/testHLS2/solution1/.autopilot/db -o C:/Users/xingy/AppData/Roaming/Xilinx/Vitis/testHLS2/solution1/.autopilot/db/MLP_Pipeline_3 
INFO: [HLS 200-10] ----------------------------------------------------------------
INFO: [HLS 200-10] -- Generating RTL for module 'MLP_Pipeline_4' 
INFO: [HLS 200-10] ----------------------------------------------------------------
Execute       get_config_rtl -module_prefix 
Execute       get_config_rtl -module_auto_prefix 
Execute       get_config_rtl -module_prefix 
Execute       get_config_rtl -module_auto_prefix 
Execute       create_rtl_model MLP_Pipeline_4 -top_prefix MLP_ -sub_prefix MLP_ -mg_file C:/Users/xingy/AppData/Roaming/Xilinx/Vitis/testHLS2/solution1/.autopilot/db/MLP_Pipeline_4.compgen.tcl 
INFO: [RTGEN 206-100] Finished creating RTL model for 'MLP_Pipeline_4'.
INFO: [HLS 200-111] Finished Creating RTL model: CPU user time: 0 seconds. CPU system time: 0 seconds. Elapsed time: 0.167 seconds; current allocated memory: 1.116 GB.
Execute       source C:/Users/xingy/AppData/Roaming/Xilinx/Vitis/testHLS2/solution1/.autopilot/db/MLP.rtl_wrap.cfg.tcl 
Execute       gen_rtl MLP_Pipeline_4 -style xilinx -f -lang vhdl -o C:/Users/xingy/AppData/Roaming/Xilinx/Vitis/testHLS2/solution1/syn/vhdl/MLP_MLP_Pipeline_4 
Execute       gen_rtl MLP_Pipeline_4 -style xilinx -f -lang vlog -o C:/Users/xingy/AppData/Roaming/Xilinx/Vitis/testHLS2/solution1/syn/verilog/MLP_MLP_Pipeline_4 
Execute       syn_report -csynth -model MLP_Pipeline_4 -o C:/Users/xingy/AppData/Roaming/Xilinx/Vitis/testHLS2/solution1/syn/report/MLP_Pipeline_4_csynth.rpt 
Execute         AP::get_flow_target_display_name
Execute           get_solution -flow_target 
Execute       syn_report -rtlxml -model MLP_Pipeline_4 -o C:/Users/xingy/AppData/Roaming/Xilinx/Vitis/testHLS2/solution1/syn/report/MLP_Pipeline_4_csynth.xml 
Execute         get_solution -flow_target
Execute           get_solution -flow_target 
Execute       syn_report -verbosereport -model MLP_Pipeline_4 -o C:/Users/xingy/AppData/Roaming/Xilinx/Vitis/testHLS2/solution1/.autopilot/db/MLP_Pipeline_4.verbose.rpt 
Execute         AP::get_flow_target_display_name
Execute           get_solution -flow_target 
Execute       db_write -model MLP_Pipeline_4 -f -o C:/Users/xingy/AppData/Roaming/Xilinx/Vitis/testHLS2/solution1/.autopilot/db/MLP_Pipeline_4.adb 
Execute       db_write -model MLP_Pipeline_4 -bindview -o C:/Users/xingy/AppData/Roaming/Xilinx/Vitis/testHLS2/solution1/.autopilot/db/design.bindinfo.xml 
Execute       gen_tb_info MLP_Pipeline_4 -p C:/Users/xingy/AppData/Roaming/Xilinx/Vitis/testHLS2/solution1/.autopilot/db -o C:/Users/xingy/AppData/Roaming/Xilinx/Vitis/testHLS2/solution1/.autopilot/db/MLP_Pipeline_4 
INFO: [HLS 200-10] ----------------------------------------------------------------
INFO: [HLS 200-10] -- Generating RTL for module 'MLP_Pipeline_5' 
INFO: [HLS 200-10] ----------------------------------------------------------------
Execute       get_config_rtl -module_prefix 
Execute       get_config_rtl -module_auto_prefix 
Execute       get_config_rtl -module_prefix 
Execute       get_config_rtl -module_auto_prefix 
Execute       create_rtl_model MLP_Pipeline_5 -top_prefix MLP_ -sub_prefix MLP_ -mg_file C:/Users/xingy/AppData/Roaming/Xilinx/Vitis/testHLS2/solution1/.autopilot/db/MLP_Pipeline_5.compgen.tcl 
INFO: [RTGEN 206-100] Finished creating RTL model for 'MLP_Pipeline_5'.
INFO: [HLS 200-111] Finished Creating RTL model: CPU user time: 0 seconds. CPU system time: 0 seconds. Elapsed time: 0.172 seconds; current allocated memory: 1.116 GB.
Execute       source C:/Users/xingy/AppData/Roaming/Xilinx/Vitis/testHLS2/solution1/.autopilot/db/MLP.rtl_wrap.cfg.tcl 
Execute       gen_rtl MLP_Pipeline_5 -style xilinx -f -lang vhdl -o C:/Users/xingy/AppData/Roaming/Xilinx/Vitis/testHLS2/solution1/syn/vhdl/MLP_MLP_Pipeline_5 
Execute       gen_rtl MLP_Pipeline_5 -style xilinx -f -lang vlog -o C:/Users/xingy/AppData/Roaming/Xilinx/Vitis/testHLS2/solution1/syn/verilog/MLP_MLP_Pipeline_5 
Execute       syn_report -csynth -model MLP_Pipeline_5 -o C:/Users/xingy/AppData/Roaming/Xilinx/Vitis/testHLS2/solution1/syn/report/MLP_Pipeline_5_csynth.rpt 
Execute         AP::get_flow_target_display_name
Execute           get_solution -flow_target 
Execute       syn_report -rtlxml -model MLP_Pipeline_5 -o C:/Users/xingy/AppData/Roaming/Xilinx/Vitis/testHLS2/solution1/syn/report/MLP_Pipeline_5_csynth.xml 
Execute         get_solution -flow_target
Execute           get_solution -flow_target 
Execute       syn_report -verbosereport -model MLP_Pipeline_5 -o C:/Users/xingy/AppData/Roaming/Xilinx/Vitis/testHLS2/solution1/.autopilot/db/MLP_Pipeline_5.verbose.rpt 
Execute         AP::get_flow_target_display_name
Execute           get_solution -flow_target 
Execute       db_write -model MLP_Pipeline_5 -f -o C:/Users/xingy/AppData/Roaming/Xilinx/Vitis/testHLS2/solution1/.autopilot/db/MLP_Pipeline_5.adb 
Execute       db_write -model MLP_Pipeline_5 -bindview -o C:/Users/xingy/AppData/Roaming/Xilinx/Vitis/testHLS2/solution1/.autopilot/db/design.bindinfo.xml 
Execute       gen_tb_info MLP_Pipeline_5 -p C:/Users/xingy/AppData/Roaming/Xilinx/Vitis/testHLS2/solution1/.autopilot/db -o C:/Users/xingy/AppData/Roaming/Xilinx/Vitis/testHLS2/solution1/.autopilot/db/MLP_Pipeline_5 
INFO: [HLS 200-10] ----------------------------------------------------------------
INFO: [HLS 200-10] -- Generating RTL for module 'MLP_Pipeline_6' 
INFO: [HLS 200-10] ----------------------------------------------------------------
Execute       get_config_rtl -module_prefix 
Execute       get_config_rtl -module_auto_prefix 
Execute       get_config_rtl -module_prefix 
Execute       get_config_rtl -module_auto_prefix 
Execute       create_rtl_model MLP_Pipeline_6 -top_prefix MLP_ -sub_prefix MLP_ -mg_file C:/Users/xingy/AppData/Roaming/Xilinx/Vitis/testHLS2/solution1/.autopilot/db/MLP_Pipeline_6.compgen.tcl 
INFO: [RTGEN 206-100] Finished creating RTL model for 'MLP_Pipeline_6'.
INFO: [HLS 200-111] Finished Creating RTL model: CPU user time: 0 seconds. CPU system time: 0 seconds. Elapsed time: 0.167 seconds; current allocated memory: 1.116 GB.
Execute       source C:/Users/xingy/AppData/Roaming/Xilinx/Vitis/testHLS2/solution1/.autopilot/db/MLP.rtl_wrap.cfg.tcl 
Execute       gen_rtl MLP_Pipeline_6 -style xilinx -f -lang vhdl -o C:/Users/xingy/AppData/Roaming/Xilinx/Vitis/testHLS2/solution1/syn/vhdl/MLP_MLP_Pipeline_6 
Execute       gen_rtl MLP_Pipeline_6 -style xilinx -f -lang vlog -o C:/Users/xingy/AppData/Roaming/Xilinx/Vitis/testHLS2/solution1/syn/verilog/MLP_MLP_Pipeline_6 
Execute       syn_report -csynth -model MLP_Pipeline_6 -o C:/Users/xingy/AppData/Roaming/Xilinx/Vitis/testHLS2/solution1/syn/report/MLP_Pipeline_6_csynth.rpt 
Execute         AP::get_flow_target_display_name
Execute           get_solution -flow_target 
Execute       syn_report -rtlxml -model MLP_Pipeline_6 -o C:/Users/xingy/AppData/Roaming/Xilinx/Vitis/testHLS2/solution1/syn/report/MLP_Pipeline_6_csynth.xml 
Execute         get_solution -flow_target
Execute           get_solution -flow_target 
Execute       syn_report -verbosereport -model MLP_Pipeline_6 -o C:/Users/xingy/AppData/Roaming/Xilinx/Vitis/testHLS2/solution1/.autopilot/db/MLP_Pipeline_6.verbose.rpt 
Execute         AP::get_flow_target_display_name
Execute           get_solution -flow_target 
Execute       db_write -model MLP_Pipeline_6 -f -o C:/Users/xingy/AppData/Roaming/Xilinx/Vitis/testHLS2/solution1/.autopilot/db/MLP_Pipeline_6.adb 
Execute       db_write -model MLP_Pipeline_6 -bindview -o C:/Users/xingy/AppData/Roaming/Xilinx/Vitis/testHLS2/solution1/.autopilot/db/design.bindinfo.xml 
Execute       gen_tb_info MLP_Pipeline_6 -p C:/Users/xingy/AppData/Roaming/Xilinx/Vitis/testHLS2/solution1/.autopilot/db -o C:/Users/xingy/AppData/Roaming/Xilinx/Vitis/testHLS2/solution1/.autopilot/db/MLP_Pipeline_6 
INFO: [HLS 200-10] ----------------------------------------------------------------
INFO: [HLS 200-10] -- Generating RTL for module 'MLP_Pipeline_VITIS_LOOP_58_1' 
INFO: [HLS 200-10] ----------------------------------------------------------------
Execute       get_config_rtl -module_prefix 
Execute       get_config_rtl -module_auto_prefix 
Execute       get_config_rtl -module_prefix 
Execute       get_config_rtl -module_auto_prefix 
Execute       create_rtl_model MLP_Pipeline_VITIS_LOOP_58_1 -top_prefix MLP_ -sub_prefix MLP_ -mg_file C:/Users/xingy/AppData/Roaming/Xilinx/Vitis/testHLS2/solution1/.autopilot/db/MLP_Pipeline_VITIS_LOOP_58_1.compgen.tcl 
INFO: [HLS 200-1030] Apply Unified Pipeline Control on module 'MLP_Pipeline_VITIS_LOOP_58_1' pipeline 'VITIS_LOOP_58_1' pipeline type 'loop pipeline'
INFO: [RTGEN 206-100] Finished creating RTL model for 'MLP_Pipeline_VITIS_LOOP_58_1'.
INFO: [HLS 200-111] Finished Creating RTL model: CPU user time: 0 seconds. CPU system time: 0 seconds. Elapsed time: 0.173 seconds; current allocated memory: 1.116 GB.
Execute       source C:/Users/xingy/AppData/Roaming/Xilinx/Vitis/testHLS2/solution1/.autopilot/db/MLP.rtl_wrap.cfg.tcl 
Execute       gen_rtl MLP_Pipeline_VITIS_LOOP_58_1 -style xilinx -f -lang vhdl -o C:/Users/xingy/AppData/Roaming/Xilinx/Vitis/testHLS2/solution1/syn/vhdl/MLP_MLP_Pipeline_VITIS_LOOP_58_1 
Execute       gen_rtl MLP_Pipeline_VITIS_LOOP_58_1 -style xilinx -f -lang vlog -o C:/Users/xingy/AppData/Roaming/Xilinx/Vitis/testHLS2/solution1/syn/verilog/MLP_MLP_Pipeline_VITIS_LOOP_58_1 
Execute       syn_report -csynth -model MLP_Pipeline_VITIS_LOOP_58_1 -o C:/Users/xingy/AppData/Roaming/Xilinx/Vitis/testHLS2/solution1/syn/report/MLP_Pipeline_VITIS_LOOP_58_1_csynth.rpt 
Execute         AP::get_flow_target_display_name
Execute           get_solution -flow_target 
Execute       syn_report -rtlxml -model MLP_Pipeline_VITIS_LOOP_58_1 -o C:/Users/xingy/AppData/Roaming/Xilinx/Vitis/testHLS2/solution1/syn/report/MLP_Pipeline_VITIS_LOOP_58_1_csynth.xml 
Execute         get_solution -flow_target
Execute           get_solution -flow_target 
Execute       syn_report -verbosereport -model MLP_Pipeline_VITIS_LOOP_58_1 -o C:/Users/xingy/AppData/Roaming/Xilinx/Vitis/testHLS2/solution1/.autopilot/db/MLP_Pipeline_VITIS_LOOP_58_1.verbose.rpt 
Execute         AP::get_flow_target_display_name
Execute           get_solution -flow_target 
Execute       db_write -model MLP_Pipeline_VITIS_LOOP_58_1 -f -o C:/Users/xingy/AppData/Roaming/Xilinx/Vitis/testHLS2/solution1/.autopilot/db/MLP_Pipeline_VITIS_LOOP_58_1.adb 
Execute       db_write -model MLP_Pipeline_VITIS_LOOP_58_1 -bindview -o C:/Users/xingy/AppData/Roaming/Xilinx/Vitis/testHLS2/solution1/.autopilot/db/design.bindinfo.xml 
Execute       gen_tb_info MLP_Pipeline_VITIS_LOOP_58_1 -p C:/Users/xingy/AppData/Roaming/Xilinx/Vitis/testHLS2/solution1/.autopilot/db -o C:/Users/xingy/AppData/Roaming/Xilinx/Vitis/testHLS2/solution1/.autopilot/db/MLP_Pipeline_VITIS_LOOP_58_1 
INFO: [HLS 200-10] ----------------------------------------------------------------
INFO: [HLS 200-10] -- Generating RTL for module 'MLP_Pipeline_VITIS_LOOP_69_2' 
INFO: [HLS 200-10] ----------------------------------------------------------------
Execute       get_config_rtl -module_prefix 
Execute       get_config_rtl -module_auto_prefix 
Execute       get_config_rtl -module_prefix 
Execute       get_config_rtl -module_auto_prefix 
Execute       create_rtl_model MLP_Pipeline_VITIS_LOOP_69_2 -top_prefix MLP_ -sub_prefix MLP_ -mg_file C:/Users/xingy/AppData/Roaming/Xilinx/Vitis/testHLS2/solution1/.autopilot/db/MLP_Pipeline_VITIS_LOOP_69_2.compgen.tcl 
INFO: [HLS 200-1030] Apply Unified Pipeline Control on module 'MLP_Pipeline_VITIS_LOOP_69_2' pipeline 'VITIS_LOOP_69_2' pipeline type 'loop pipeline'
INFO: [RTGEN 206-100] Generating core module 'ddiv_64ns_64ns_64_22_no_dsp_1': 1 instance(s).
INFO: [RTGEN 206-100] Generating core module 'fptrunc_64ns_32_2_no_dsp_1': 1 instance(s).
INFO: [RTGEN 206-100] Generating core module 'sitodp_32ns_64_4_no_dsp_1': 1 instance(s).
INFO: [RTGEN 206-100] Finished creating RTL model for 'MLP_Pipeline_VITIS_LOOP_69_2'.
Command       create_rtl_model done; 0.213 sec.
INFO: [HLS 200-111] Finished Creating RTL model: CPU user time: 0 seconds. CPU system time: 0 seconds. Elapsed time: 0.391 seconds; current allocated memory: 1.116 GB.
Execute       source C:/Users/xingy/AppData/Roaming/Xilinx/Vitis/testHLS2/solution1/.autopilot/db/MLP.rtl_wrap.cfg.tcl 
Execute       gen_rtl MLP_Pipeline_VITIS_LOOP_69_2 -style xilinx -f -lang vhdl -o C:/Users/xingy/AppData/Roaming/Xilinx/Vitis/testHLS2/solution1/syn/vhdl/MLP_MLP_Pipeline_VITIS_LOOP_69_2 
Execute       gen_rtl MLP_Pipeline_VITIS_LOOP_69_2 -style xilinx -f -lang vlog -o C:/Users/xingy/AppData/Roaming/Xilinx/Vitis/testHLS2/solution1/syn/verilog/MLP_MLP_Pipeline_VITIS_LOOP_69_2 
Execute       syn_report -csynth -model MLP_Pipeline_VITIS_LOOP_69_2 -o C:/Users/xingy/AppData/Roaming/Xilinx/Vitis/testHLS2/solution1/syn/report/MLP_Pipeline_VITIS_LOOP_69_2_csynth.rpt 
Execute         AP::get_flow_target_display_name
Execute           get_solution -flow_target 
Execute       syn_report -rtlxml -model MLP_Pipeline_VITIS_LOOP_69_2 -o C:/Users/xingy/AppData/Roaming/Xilinx/Vitis/testHLS2/solution1/syn/report/MLP_Pipeline_VITIS_LOOP_69_2_csynth.xml 
Execute         get_solution -flow_target
Execute           get_solution -flow_target 
Execute       syn_report -verbosereport -model MLP_Pipeline_VITIS_LOOP_69_2 -o C:/Users/xingy/AppData/Roaming/Xilinx/Vitis/testHLS2/solution1/.autopilot/db/MLP_Pipeline_VITIS_LOOP_69_2.verbose.rpt 
Execute         AP::get_flow_target_display_name
Execute           get_solution -flow_target 
Execute       db_write -model MLP_Pipeline_VITIS_LOOP_69_2 -f -o C:/Users/xingy/AppData/Roaming/Xilinx/Vitis/testHLS2/solution1/.autopilot/db/MLP_Pipeline_VITIS_LOOP_69_2.adb 
Execute       db_write -model MLP_Pipeline_VITIS_LOOP_69_2 -bindview -o C:/Users/xingy/AppData/Roaming/Xilinx/Vitis/testHLS2/solution1/.autopilot/db/design.bindinfo.xml 
Execute       gen_tb_info MLP_Pipeline_VITIS_LOOP_69_2 -p C:/Users/xingy/AppData/Roaming/Xilinx/Vitis/testHLS2/solution1/.autopilot/db -o C:/Users/xingy/AppData/Roaming/Xilinx/Vitis/testHLS2/solution1/.autopilot/db/MLP_Pipeline_VITIS_LOOP_69_2 
INFO: [HLS 200-10] ----------------------------------------------------------------
INFO: [HLS 200-10] -- Generating RTL for module 'MLP_Pipeline_VITIS_LOOP_77_3' 
INFO: [HLS 200-10] ----------------------------------------------------------------
Execute       get_config_rtl -module_prefix 
Execute       get_config_rtl -module_auto_prefix 
Execute       get_config_rtl -module_prefix 
Execute       get_config_rtl -module_auto_prefix 
Execute       create_rtl_model MLP_Pipeline_VITIS_LOOP_77_3 -top_prefix MLP_ -sub_prefix MLP_ -mg_file C:/Users/xingy/AppData/Roaming/Xilinx/Vitis/testHLS2/solution1/.autopilot/db/MLP_Pipeline_VITIS_LOOP_77_3.compgen.tcl 
INFO: [HLS 200-1030] Apply Unified Pipeline Control on module 'MLP_Pipeline_VITIS_LOOP_77_3' pipeline 'VITIS_LOOP_77_3' pipeline type 'loop pipeline'
INFO: [RTGEN 206-104] Estimated max fanout for 'MLP_Pipeline_VITIS_LOOP_77_3' is 17639 from HDL expression: (1'b0 == ap_block_pp0_stage0_11001)
INFO: [RTGEN 206-100] Generating core module 'fadd_32ns_32ns_32_4_full_dsp_1': 49 instance(s).
INFO: [RTGEN 206-100] Generating core module 'fcmp_32ns_32ns_1_2_no_dsp_1': 1 instance(s).
INFO: [RTGEN 206-100] Generating core module 'fmul_32ns_32ns_32_3_max_dsp_1': 48 instance(s).
INFO: [RTGEN 206-100] Finished creating RTL model for 'MLP_Pipeline_VITIS_LOOP_77_3'.
Command       create_rtl_model done; 1.191 sec.
INFO: [HLS 200-111] Finished Creating RTL model: CPU user time: 1 seconds. CPU system time: 0 seconds. Elapsed time: 1.452 seconds; current allocated memory: 1.116 GB.
Execute       source C:/Users/xingy/AppData/Roaming/Xilinx/Vitis/testHLS2/solution1/.autopilot/db/MLP.rtl_wrap.cfg.tcl 
Execute       gen_rtl MLP_Pipeline_VITIS_LOOP_77_3 -style xilinx -f -lang vhdl -o C:/Users/xingy/AppData/Roaming/Xilinx/Vitis/testHLS2/solution1/syn/vhdl/MLP_MLP_Pipeline_VITIS_LOOP_77_3 
Execute       gen_rtl MLP_Pipeline_VITIS_LOOP_77_3 -style xilinx -f -lang vlog -o C:/Users/xingy/AppData/Roaming/Xilinx/Vitis/testHLS2/solution1/syn/verilog/MLP_MLP_Pipeline_VITIS_LOOP_77_3 
Execute       syn_report -csynth -model MLP_Pipeline_VITIS_LOOP_77_3 -o C:/Users/xingy/AppData/Roaming/Xilinx/Vitis/testHLS2/solution1/syn/report/MLP_Pipeline_VITIS_LOOP_77_3_csynth.rpt 
Execute         AP::get_flow_target_display_name
Execute           get_solution -flow_target 
Command       syn_report done; 0.301 sec.
Execute       syn_report -rtlxml -model MLP_Pipeline_VITIS_LOOP_77_3 -o C:/Users/xingy/AppData/Roaming/Xilinx/Vitis/testHLS2/solution1/syn/report/MLP_Pipeline_VITIS_LOOP_77_3_csynth.xml 
Execute         get_solution -flow_target
Execute           get_solution -flow_target 
Command       syn_report done; 0.139 sec.
Execute       syn_report -verbosereport -model MLP_Pipeline_VITIS_LOOP_77_3 -o C:/Users/xingy/AppData/Roaming/Xilinx/Vitis/testHLS2/solution1/.autopilot/db/MLP_Pipeline_VITIS_LOOP_77_3.verbose.rpt 
Execute         AP::get_flow_target_display_name
Execute           get_solution -flow_target 
Command       syn_report done; 1.661 sec.
Execute       db_write -model MLP_Pipeline_VITIS_LOOP_77_3 -f -o C:/Users/xingy/AppData/Roaming/Xilinx/Vitis/testHLS2/solution1/.autopilot/db/MLP_Pipeline_VITIS_LOOP_77_3.adb 
Command       db_write done; 0.253 sec.
Execute       db_write -model MLP_Pipeline_VITIS_LOOP_77_3 -bindview -o C:/Users/xingy/AppData/Roaming/Xilinx/Vitis/testHLS2/solution1/.autopilot/db/design.bindinfo.xml 
Command       db_write done; 0.155 sec.
Execute       gen_tb_info MLP_Pipeline_VITIS_LOOP_77_3 -p C:/Users/xingy/AppData/Roaming/Xilinx/Vitis/testHLS2/solution1/.autopilot/db -o C:/Users/xingy/AppData/Roaming/Xilinx/Vitis/testHLS2/solution1/.autopilot/db/MLP_Pipeline_VITIS_LOOP_77_3 
INFO: [HLS 200-10] ----------------------------------------------------------------
INFO: [HLS 200-10] -- Generating RTL for module 'MLP_Pipeline_VITIS_LOOP_94_5' 
INFO: [HLS 200-10] ----------------------------------------------------------------
Execute       get_config_rtl -module_prefix 
Execute       get_config_rtl -module_auto_prefix 
Execute       get_config_rtl -module_prefix 
Execute       get_config_rtl -module_auto_prefix 
Execute       create_rtl_model MLP_Pipeline_VITIS_LOOP_94_5 -top_prefix MLP_ -sub_prefix MLP_ -mg_file C:/Users/xingy/AppData/Roaming/Xilinx/Vitis/testHLS2/solution1/.autopilot/db/MLP_Pipeline_VITIS_LOOP_94_5.compgen.tcl 
INFO: [HLS 200-1030] Apply Unified Pipeline Control on module 'MLP_Pipeline_VITIS_LOOP_94_5' pipeline 'VITIS_LOOP_94_5' pipeline type 'loop pipeline'
INFO: [RTGEN 206-104] Estimated max fanout for 'MLP_Pipeline_VITIS_LOOP_94_5' is 9095 from HDL expression: (1'b0 == ap_block_pp0_stage0_11001)
INFO: [RTGEN 206-100] Generating core module 'fadd_32ns_32ns_32_4_full_dsp_1': 25 instance(s).
INFO: [RTGEN 206-100] Generating core module 'fcmp_32ns_32ns_1_2_no_dsp_1': 1 instance(s).
INFO: [RTGEN 206-100] Generating core module 'fmul_32ns_32ns_32_3_max_dsp_1': 24 instance(s).
INFO: [RTGEN 206-100] Finished creating RTL model for 'MLP_Pipeline_VITIS_LOOP_94_5'.
Command       create_rtl_model done; 0.718 sec.
INFO: [HLS 200-111] Finished Creating RTL model: CPU user time: 2 seconds. CPU system time: 0 seconds. Elapsed time: 3.83 seconds; current allocated memory: 1.116 GB.
Execute       source C:/Users/xingy/AppData/Roaming/Xilinx/Vitis/testHLS2/solution1/.autopilot/db/MLP.rtl_wrap.cfg.tcl 
Execute       gen_rtl MLP_Pipeline_VITIS_LOOP_94_5 -style xilinx -f -lang vhdl -o C:/Users/xingy/AppData/Roaming/Xilinx/Vitis/testHLS2/solution1/syn/vhdl/MLP_MLP_Pipeline_VITIS_LOOP_94_5 
Execute       gen_rtl MLP_Pipeline_VITIS_LOOP_94_5 -style xilinx -f -lang vlog -o C:/Users/xingy/AppData/Roaming/Xilinx/Vitis/testHLS2/solution1/syn/verilog/MLP_MLP_Pipeline_VITIS_LOOP_94_5 
Execute       syn_report -csynth -model MLP_Pipeline_VITIS_LOOP_94_5 -o C:/Users/xingy/AppData/Roaming/Xilinx/Vitis/testHLS2/solution1/syn/report/MLP_Pipeline_VITIS_LOOP_94_5_csynth.rpt 
Execute         AP::get_flow_target_display_name
Execute           get_solution -flow_target 
Execute       syn_report -rtlxml -model MLP_Pipeline_VITIS_LOOP_94_5 -o C:/Users/xingy/AppData/Roaming/Xilinx/Vitis/testHLS2/solution1/syn/report/MLP_Pipeline_VITIS_LOOP_94_5_csynth.xml 
Execute         get_solution -flow_target
Execute           get_solution -flow_target 
Execute       syn_report -verbosereport -model MLP_Pipeline_VITIS_LOOP_94_5 -o C:/Users/xingy/AppData/Roaming/Xilinx/Vitis/testHLS2/solution1/.autopilot/db/MLP_Pipeline_VITIS_LOOP_94_5.verbose.rpt 
Execute         AP::get_flow_target_display_name
Execute           get_solution -flow_target 
Command       syn_report done; 0.846 sec.
Execute       db_write -model MLP_Pipeline_VITIS_LOOP_94_5 -f -o C:/Users/xingy/AppData/Roaming/Xilinx/Vitis/testHLS2/solution1/.autopilot/db/MLP_Pipeline_VITIS_LOOP_94_5.adb 
Execute       db_write -model MLP_Pipeline_VITIS_LOOP_94_5 -bindview -o C:/Users/xingy/AppData/Roaming/Xilinx/Vitis/testHLS2/solution1/.autopilot/db/design.bindinfo.xml 
Execute       gen_tb_info MLP_Pipeline_VITIS_LOOP_94_5 -p C:/Users/xingy/AppData/Roaming/Xilinx/Vitis/testHLS2/solution1/.autopilot/db -o C:/Users/xingy/AppData/Roaming/Xilinx/Vitis/testHLS2/solution1/.autopilot/db/MLP_Pipeline_VITIS_LOOP_94_5 
INFO: [HLS 200-10] ----------------------------------------------------------------
INFO: [HLS 200-10] -- Generating RTL for module 'MLP_Pipeline_VITIS_LOOP_111_7' 
INFO: [HLS 200-10] ----------------------------------------------------------------
Execute       get_config_rtl -module_prefix 
Execute       get_config_rtl -module_auto_prefix 
Execute       get_config_rtl -module_prefix 
Execute       get_config_rtl -module_auto_prefix 
Execute       create_rtl_model MLP_Pipeline_VITIS_LOOP_111_7 -top_prefix MLP_ -sub_prefix MLP_ -mg_file C:/Users/xingy/AppData/Roaming/Xilinx/Vitis/testHLS2/solution1/.autopilot/db/MLP_Pipeline_VITIS_LOOP_111_7.compgen.tcl 
INFO: [HLS 200-1030] Apply Unified Pipeline Control on module 'MLP_Pipeline_VITIS_LOOP_111_7' pipeline 'VITIS_LOOP_111_7' pipeline type 'loop pipeline'
INFO: [RTGEN 206-100] Generating core module 'fadd_32ns_32ns_32_4_full_dsp_1': 13 instance(s).
INFO: [RTGEN 206-100] Generating core module 'fmul_32ns_32ns_32_3_max_dsp_1': 12 instance(s).
INFO: [RTGEN 206-100] Finished creating RTL model for 'MLP_Pipeline_VITIS_LOOP_111_7'.
Command       create_rtl_model done; 0.37 sec.
INFO: [HLS 200-111] Finished Creating RTL model: CPU user time: 1 seconds. CPU system time: 0 seconds. Elapsed time: 1.817 seconds; current allocated memory: 1.116 GB.
Execute       source C:/Users/xingy/AppData/Roaming/Xilinx/Vitis/testHLS2/solution1/.autopilot/db/MLP.rtl_wrap.cfg.tcl 
Execute       gen_rtl MLP_Pipeline_VITIS_LOOP_111_7 -style xilinx -f -lang vhdl -o C:/Users/xingy/AppData/Roaming/Xilinx/Vitis/testHLS2/solution1/syn/vhdl/MLP_MLP_Pipeline_VITIS_LOOP_111_7 
Execute       gen_rtl MLP_Pipeline_VITIS_LOOP_111_7 -style xilinx -f -lang vlog -o C:/Users/xingy/AppData/Roaming/Xilinx/Vitis/testHLS2/solution1/syn/verilog/MLP_MLP_Pipeline_VITIS_LOOP_111_7 
Execute       syn_report -csynth -model MLP_Pipeline_VITIS_LOOP_111_7 -o C:/Users/xingy/AppData/Roaming/Xilinx/Vitis/testHLS2/solution1/syn/report/MLP_Pipeline_VITIS_LOOP_111_7_csynth.rpt 
Execute         AP::get_flow_target_display_name
Execute           get_solution -flow_target 
Execute       syn_report -rtlxml -model MLP_Pipeline_VITIS_LOOP_111_7 -o C:/Users/xingy/AppData/Roaming/Xilinx/Vitis/testHLS2/solution1/syn/report/MLP_Pipeline_VITIS_LOOP_111_7_csynth.xml 
Execute         get_solution -flow_target
Execute           get_solution -flow_target 
Execute       syn_report -verbosereport -model MLP_Pipeline_VITIS_LOOP_111_7 -o C:/Users/xingy/AppData/Roaming/Xilinx/Vitis/testHLS2/solution1/.autopilot/db/MLP_Pipeline_VITIS_LOOP_111_7.verbose.rpt 
Execute         AP::get_flow_target_display_name
Execute           get_solution -flow_target 
Command       syn_report done; 0.393 sec.
Execute       db_write -model MLP_Pipeline_VITIS_LOOP_111_7 -f -o C:/Users/xingy/AppData/Roaming/Xilinx/Vitis/testHLS2/solution1/.autopilot/db/MLP_Pipeline_VITIS_LOOP_111_7.adb 
Execute       db_write -model MLP_Pipeline_VITIS_LOOP_111_7 -bindview -o C:/Users/xingy/AppData/Roaming/Xilinx/Vitis/testHLS2/solution1/.autopilot/db/design.bindinfo.xml 
Execute       gen_tb_info MLP_Pipeline_VITIS_LOOP_111_7 -p C:/Users/xingy/AppData/Roaming/Xilinx/Vitis/testHLS2/solution1/.autopilot/db -o C:/Users/xingy/AppData/Roaming/Xilinx/Vitis/testHLS2/solution1/.autopilot/db/MLP_Pipeline_VITIS_LOOP_111_7 
INFO: [HLS 200-10] ----------------------------------------------------------------
INFO: [HLS 200-10] -- Generating RTL for module 'MLP_Pipeline_VITIS_LOOP_123_9' 
INFO: [HLS 200-10] ----------------------------------------------------------------
Execute       get_config_rtl -module_prefix 
Execute       get_config_rtl -module_auto_prefix 
Execute       get_config_rtl -module_prefix 
Execute       get_config_rtl -module_auto_prefix 
Execute       create_rtl_model MLP_Pipeline_VITIS_LOOP_123_9 -top_prefix MLP_ -sub_prefix MLP_ -mg_file C:/Users/xingy/AppData/Roaming/Xilinx/Vitis/testHLS2/solution1/.autopilot/db/MLP_Pipeline_VITIS_LOOP_123_9.compgen.tcl 
INFO: [HLS 200-1030] Apply Unified Pipeline Control on module 'MLP_Pipeline_VITIS_LOOP_123_9' pipeline 'VITIS_LOOP_123_9' pipeline type 'loop pipeline'
INFO: [RTGEN 206-100] Generating core module 'fmul_32ns_32ns_32_3_max_dsp_1': 1 instance(s).
INFO: [RTGEN 206-100] Finished creating RTL model for 'MLP_Pipeline_VITIS_LOOP_123_9'.
INFO: [HLS 200-111] Finished Creating RTL model: CPU user time: 0 seconds. CPU system time: 0 seconds. Elapsed time: 0.841 seconds; current allocated memory: 1.116 GB.
Execute       source C:/Users/xingy/AppData/Roaming/Xilinx/Vitis/testHLS2/solution1/.autopilot/db/MLP.rtl_wrap.cfg.tcl 
Execute       gen_rtl MLP_Pipeline_VITIS_LOOP_123_9 -style xilinx -f -lang vhdl -o C:/Users/xingy/AppData/Roaming/Xilinx/Vitis/testHLS2/solution1/syn/vhdl/MLP_MLP_Pipeline_VITIS_LOOP_123_9 
Execute       gen_rtl MLP_Pipeline_VITIS_LOOP_123_9 -style xilinx -f -lang vlog -o C:/Users/xingy/AppData/Roaming/Xilinx/Vitis/testHLS2/solution1/syn/verilog/MLP_MLP_Pipeline_VITIS_LOOP_123_9 
Execute       syn_report -csynth -model MLP_Pipeline_VITIS_LOOP_123_9 -o C:/Users/xingy/AppData/Roaming/Xilinx/Vitis/testHLS2/solution1/syn/report/MLP_Pipeline_VITIS_LOOP_123_9_csynth.rpt 
Execute         AP::get_flow_target_display_name
Execute           get_solution -flow_target 
Execute       syn_report -rtlxml -model MLP_Pipeline_VITIS_LOOP_123_9 -o C:/Users/xingy/AppData/Roaming/Xilinx/Vitis/testHLS2/solution1/syn/report/MLP_Pipeline_VITIS_LOOP_123_9_csynth.xml 
Execute         get_solution -flow_target
Execute           get_solution -flow_target 
Execute       syn_report -verbosereport -model MLP_Pipeline_VITIS_LOOP_123_9 -o C:/Users/xingy/AppData/Roaming/Xilinx/Vitis/testHLS2/solution1/.autopilot/db/MLP_Pipeline_VITIS_LOOP_123_9.verbose.rpt 
Execute         AP::get_flow_target_display_name
Execute           get_solution -flow_target 
Execute       db_write -model MLP_Pipeline_VITIS_LOOP_123_9 -f -o C:/Users/xingy/AppData/Roaming/Xilinx/Vitis/testHLS2/solution1/.autopilot/db/MLP_Pipeline_VITIS_LOOP_123_9.adb 
Execute       db_write -model MLP_Pipeline_VITIS_LOOP_123_9 -bindview -o C:/Users/xingy/AppData/Roaming/Xilinx/Vitis/testHLS2/solution1/.autopilot/db/design.bindinfo.xml 
Execute       gen_tb_info MLP_Pipeline_VITIS_LOOP_123_9 -p C:/Users/xingy/AppData/Roaming/Xilinx/Vitis/testHLS2/solution1/.autopilot/db -o C:/Users/xingy/AppData/Roaming/Xilinx/Vitis/testHLS2/solution1/.autopilot/db/MLP_Pipeline_VITIS_LOOP_123_9 
INFO: [HLS 200-10] ----------------------------------------------------------------
INFO: [HLS 200-10] -- Generating RTL for module 'MLP_Pipeline_VITIS_LOOP_128_10' 
INFO: [HLS 200-10] ----------------------------------------------------------------
Execute       get_config_rtl -module_prefix 
Execute       get_config_rtl -module_auto_prefix 
Execute       get_config_rtl -module_prefix 
Execute       get_config_rtl -module_auto_prefix 
Execute       create_rtl_model MLP_Pipeline_VITIS_LOOP_128_10 -top_prefix MLP_ -sub_prefix MLP_ -mg_file C:/Users/xingy/AppData/Roaming/Xilinx/Vitis/testHLS2/solution1/.autopilot/db/MLP_Pipeline_VITIS_LOOP_128_10.compgen.tcl 
INFO: [HLS 200-1030] Apply Unified Pipeline Control on module 'MLP_Pipeline_VITIS_LOOP_128_10' pipeline 'VITIS_LOOP_128_10' pipeline type 'loop pipeline'
INFO: [RTGEN 206-100] Finished creating RTL model for 'MLP_Pipeline_VITIS_LOOP_128_10'.
INFO: [HLS 200-111] Finished Creating RTL model: CPU user time: 0 seconds. CPU system time: 0 seconds. Elapsed time: 0.357 seconds; current allocated memory: 1.116 GB.
Execute       source C:/Users/xingy/AppData/Roaming/Xilinx/Vitis/testHLS2/solution1/.autopilot/db/MLP.rtl_wrap.cfg.tcl 
Execute       gen_rtl MLP_Pipeline_VITIS_LOOP_128_10 -style xilinx -f -lang vhdl -o C:/Users/xingy/AppData/Roaming/Xilinx/Vitis/testHLS2/solution1/syn/vhdl/MLP_MLP_Pipeline_VITIS_LOOP_128_10 
Execute       gen_rtl MLP_Pipeline_VITIS_LOOP_128_10 -style xilinx -f -lang vlog -o C:/Users/xingy/AppData/Roaming/Xilinx/Vitis/testHLS2/solution1/syn/verilog/MLP_MLP_Pipeline_VITIS_LOOP_128_10 
Execute       syn_report -csynth -model MLP_Pipeline_VITIS_LOOP_128_10 -o C:/Users/xingy/AppData/Roaming/Xilinx/Vitis/testHLS2/solution1/syn/report/MLP_Pipeline_VITIS_LOOP_128_10_csynth.rpt 
Execute         AP::get_flow_target_display_name
Execute           get_solution -flow_target 
Execute       syn_report -rtlxml -model MLP_Pipeline_VITIS_LOOP_128_10 -o C:/Users/xingy/AppData/Roaming/Xilinx/Vitis/testHLS2/solution1/syn/report/MLP_Pipeline_VITIS_LOOP_128_10_csynth.xml 
Execute         get_solution -flow_target
Execute           get_solution -flow_target 
Execute       syn_report -verbosereport -model MLP_Pipeline_VITIS_LOOP_128_10 -o C:/Users/xingy/AppData/Roaming/Xilinx/Vitis/testHLS2/solution1/.autopilot/db/MLP_Pipeline_VITIS_LOOP_128_10.verbose.rpt 
Execute         AP::get_flow_target_display_name
Execute           get_solution -flow_target 
Execute       db_write -model MLP_Pipeline_VITIS_LOOP_128_10 -f -o C:/Users/xingy/AppData/Roaming/Xilinx/Vitis/testHLS2/solution1/.autopilot/db/MLP_Pipeline_VITIS_LOOP_128_10.adb 
Execute       db_write -model MLP_Pipeline_VITIS_LOOP_128_10 -bindview -o C:/Users/xingy/AppData/Roaming/Xilinx/Vitis/testHLS2/solution1/.autopilot/db/design.bindinfo.xml 
Execute       gen_tb_info MLP_Pipeline_VITIS_LOOP_128_10 -p C:/Users/xingy/AppData/Roaming/Xilinx/Vitis/testHLS2/solution1/.autopilot/db -o C:/Users/xingy/AppData/Roaming/Xilinx/Vitis/testHLS2/solution1/.autopilot/db/MLP_Pipeline_VITIS_LOOP_128_10 
INFO: [HLS 200-10] ----------------------------------------------------------------
INFO: [HLS 200-10] -- Generating RTL for module 'MLP' 
INFO: [HLS 200-10] ----------------------------------------------------------------
Execute       get_config_rtl -module_prefix 
Execute       get_config_rtl -module_prefix 
Execute       get_config_rtl -module_auto_prefix 
Execute       create_rtl_model MLP -top_prefix  -sub_prefix MLP_ -mg_file C:/Users/xingy/AppData/Roaming/Xilinx/Vitis/testHLS2/solution1/.autopilot/db/MLP.compgen.tcl 
WARNING: [RTGEN 206-101] Design contains AXI ports. Reset is fixed to synchronous and active low.
INFO: [RTGEN 206-500] Setting interface mode on port 'MLP/in_data_V_data_V' to 'axis' (register, both mode).
INFO: [RTGEN 206-500] Setting interface mode on port 'MLP/in_data_V_keep_V' to 'axis' (register, both mode).
INFO: [RTGEN 206-500] Setting interface mode on port 'MLP/in_data_V_strb_V' to 'axis' (register, both mode).
INFO: [RTGEN 206-500] Setting interface mode on port 'MLP/in_data_V_user_V' to 'axis' (register, both mode).
INFO: [RTGEN 206-500] Setting interface mode on port 'MLP/in_data_V_last_V' to 'axis' (register, both mode).
INFO: [RTGEN 206-500] Setting interface mode on port 'MLP/in_data_V_id_V' to 'axis' (register, both mode).
INFO: [RTGEN 206-500] Setting interface mode on port 'MLP/in_data_V_dest_V' to 'axis' (register, both mode).
INFO: [RTGEN 206-500] Setting interface mode on port 'MLP/out_data_V_data_V' to 'axis' (register, both mode).
INFO: [RTGEN 206-500] Setting interface mode on port 'MLP/out_data_V_keep_V' to 'axis' (register, both mode).
INFO: [RTGEN 206-500] Setting interface mode on port 'MLP/out_data_V_strb_V' to 'axis' (register, both mode).
INFO: [RTGEN 206-500] Setting interface mode on port 'MLP/out_data_V_user_V' to 'axis' (register, both mode).
INFO: [RTGEN 206-500] Setting interface mode on port 'MLP/out_data_V_last_V' to 'axis' (register, both mode).
INFO: [RTGEN 206-500] Setting interface mode on port 'MLP/out_data_V_id_V' to 'axis' (register, both mode).
INFO: [RTGEN 206-500] Setting interface mode on port 'MLP/out_data_V_dest_V' to 'axis' (register, both mode).
INFO: [RTGEN 206-500] Setting interface mode on function 'MLP' to 'ap_ctrl_none'.
INFO: [RTGEN 206-100] Generating core module 'fadd_32ns_32ns_32_4_full_dsp_1': 25 instance(s).
INFO: [RTGEN 206-100] Generating core module 'fcmp_32ns_32ns_1_2_no_dsp_1': 1 instance(s).
INFO: [RTGEN 206-100] Generating core module 'fmul_32ns_32ns_32_3_max_dsp_1': 24 instance(s).
INFO: [RTGEN 206-100] Finished creating RTL model for 'MLP'.
Command       create_rtl_model done; 1.253 sec.
INFO: [HLS 200-111] Finished Creating RTL model: CPU user time: 1 seconds. CPU system time: 0 seconds. Elapsed time: 1.469 seconds; current allocated memory: 1.116 GB.
Execute       source C:/Users/xingy/AppData/Roaming/Xilinx/Vitis/testHLS2/solution1/.autopilot/db/MLP.rtl_wrap.cfg.tcl 
Execute       gen_rtl MLP -istop -style xilinx -f -lang vhdl -o C:/Users/xingy/AppData/Roaming/Xilinx/Vitis/testHLS2/solution1/syn/vhdl/MLP 
Command       gen_rtl done; 0.331 sec.
Execute       gen_rtl MLP -istop -style xilinx -f -lang vlog -o C:/Users/xingy/AppData/Roaming/Xilinx/Vitis/testHLS2/solution1/syn/verilog/MLP 
Command       gen_rtl done; 0.134 sec.
Execute       syn_report -csynth -model MLP -o C:/Users/xingy/AppData/Roaming/Xilinx/Vitis/testHLS2/solution1/syn/report/MLP_csynth.rpt 
Execute         AP::get_flow_target_display_name
Execute           get_solution -flow_target 
Command       syn_report done; 0.137 sec.
Execute       syn_report -rtlxml -model MLP -o C:/Users/xingy/AppData/Roaming/Xilinx/Vitis/testHLS2/solution1/syn/report/MLP_csynth.xml 
Execute         get_solution -flow_target
Execute           get_solution -flow_target 
Command       syn_report done; 0.175 sec.
Execute       syn_report -verbosereport -model MLP -o C:/Users/xingy/AppData/Roaming/Xilinx/Vitis/testHLS2/solution1/.autopilot/db/MLP.verbose.rpt 
Execute         AP::get_flow_target_display_name
Execute           get_solution -flow_target 
Command       syn_report done; 2.289 sec.
Execute       db_write -model MLP -f -o C:/Users/xingy/AppData/Roaming/Xilinx/Vitis/testHLS2/solution1/.autopilot/db/MLP.adb 
Command       db_write done; 0.305 sec.
Execute       db_write -model MLP -bindview -o C:/Users/xingy/AppData/Roaming/Xilinx/Vitis/testHLS2/solution1/.autopilot/db/design.bindinfo.xml 
Execute       gen_tb_info MLP -p C:/Users/xingy/AppData/Roaming/Xilinx/Vitis/testHLS2/solution1/.autopilot/db -o C:/Users/xingy/AppData/Roaming/Xilinx/Vitis/testHLS2/solution1/.autopilot/db/MLP 
Execute       export_constraint_db -f -tool general -o C:/Users/xingy/AppData/Roaming/Xilinx/Vitis/testHLS2/solution1/.autopilot/db/MLP.constraint.tcl 
Execute       syn_report -designview -model MLP -o C:/Users/xingy/AppData/Roaming/Xilinx/Vitis/testHLS2/solution1/.autopilot/db/MLP.design.xml 
Command       syn_report done; 1.357 sec.
Execute       syn_report -csynthDesign -model MLP -o C:/Users/xingy/AppData/Roaming/Xilinx/Vitis/testHLS2/solution1/syn/report/csynth.rpt 
Execute         AP::get_flow_target_display_name
Execute           get_solution -flow_target 
Execute       get_config_rtl -disable_wave_debug 
Execute       syn_report -wcfg -model MLP -o C:/Users/xingy/AppData/Roaming/Xilinx/Vitis/testHLS2/solution1/.autopilot/db/MLP_dataflow_ana.wcfg 
Command       syn_report done; 0.143 sec.
Execute       syn_report -protoinst -model MLP -o C:/Users/xingy/AppData/Roaming/Xilinx/Vitis/testHLS2/solution1/.autopilot/db/MLP.protoinst 
Command       syn_report done; 0.189 sec.
Execute       get_config_debug -directory 
Execute       sc_get_clocks MLP 
Execute       get_config_export -vivado_clock 
Execute       get_config_rtl -module_prefix 
Execute       get_config_rtl -module_prefix 
Execute       get_config_rtl -module_auto_prefix 
Execute       sc_get_portdomain MLP 
INFO-FLOW: Model list for RTL component generation: MLP_Pipeline_1 MLP_Pipeline_2 MLP_Pipeline_3 MLP_Pipeline_4 MLP_Pipeline_5 MLP_Pipeline_6 MLP_Pipeline_VITIS_LOOP_58_1 MLP_Pipeline_VITIS_LOOP_69_2 MLP_Pipeline_VITIS_LOOP_77_3 MLP_Pipeline_VITIS_LOOP_94_5 MLP_Pipeline_VITIS_LOOP_111_7 MLP_Pipeline_VITIS_LOOP_123_9 MLP_Pipeline_VITIS_LOOP_128_10 MLP
INFO-FLOW: Handling components in module [MLP_Pipeline_1] ... 
Execute       source C:/Users/xingy/AppData/Roaming/Xilinx/Vitis/testHLS2/solution1/.autopilot/db/MLP_Pipeline_1.compgen.tcl 
INFO-FLOW: Found component MLP_flow_control_loop_pipe_sequential_init.
INFO-FLOW: Append model MLP_flow_control_loop_pipe_sequential_init
INFO-FLOW: Handling components in module [MLP_Pipeline_2] ... 
Execute       source C:/Users/xingy/AppData/Roaming/Xilinx/Vitis/testHLS2/solution1/.autopilot/db/MLP_Pipeline_2.compgen.tcl 
INFO-FLOW: Found component MLP_flow_control_loop_pipe_sequential_init.
INFO-FLOW: Append model MLP_flow_control_loop_pipe_sequential_init
INFO-FLOW: Handling components in module [MLP_Pipeline_3] ... 
Execute       source C:/Users/xingy/AppData/Roaming/Xilinx/Vitis/testHLS2/solution1/.autopilot/db/MLP_Pipeline_3.compgen.tcl 
INFO-FLOW: Found component MLP_flow_control_loop_pipe_sequential_init.
INFO-FLOW: Append model MLP_flow_control_loop_pipe_sequential_init
INFO-FLOW: Handling components in module [MLP_Pipeline_4] ... 
Execute       source C:/Users/xingy/AppData/Roaming/Xilinx/Vitis/testHLS2/solution1/.autopilot/db/MLP_Pipeline_4.compgen.tcl 
INFO-FLOW: Found component MLP_flow_control_loop_pipe_sequential_init.
INFO-FLOW: Append model MLP_flow_control_loop_pipe_sequential_init
INFO-FLOW: Handling components in module [MLP_Pipeline_5] ... 
Execute       source C:/Users/xingy/AppData/Roaming/Xilinx/Vitis/testHLS2/solution1/.autopilot/db/MLP_Pipeline_5.compgen.tcl 
INFO-FLOW: Found component MLP_flow_control_loop_pipe_sequential_init.
INFO-FLOW: Append model MLP_flow_control_loop_pipe_sequential_init
INFO-FLOW: Handling components in module [MLP_Pipeline_6] ... 
Execute       source C:/Users/xingy/AppData/Roaming/Xilinx/Vitis/testHLS2/solution1/.autopilot/db/MLP_Pipeline_6.compgen.tcl 
INFO-FLOW: Found component MLP_flow_control_loop_pipe_sequential_init.
INFO-FLOW: Append model MLP_flow_control_loop_pipe_sequential_init
INFO-FLOW: Handling components in module [MLP_Pipeline_VITIS_LOOP_58_1] ... 
Execute       source C:/Users/xingy/AppData/Roaming/Xilinx/Vitis/testHLS2/solution1/.autopilot/db/MLP_Pipeline_VITIS_LOOP_58_1.compgen.tcl 
INFO-FLOW: Found component MLP_flow_control_loop_pipe_sequential_init.
INFO-FLOW: Append model MLP_flow_control_loop_pipe_sequential_init
INFO-FLOW: Handling components in module [MLP_Pipeline_VITIS_LOOP_69_2] ... 
Execute       source C:/Users/xingy/AppData/Roaming/Xilinx/Vitis/testHLS2/solution1/.autopilot/db/MLP_Pipeline_VITIS_LOOP_69_2.compgen.tcl 
INFO-FLOW: Found component MLP_fptrunc_64ns_32_2_no_dsp_1.
INFO-FLOW: Append model MLP_fptrunc_64ns_32_2_no_dsp_1
INFO-FLOW: Found component MLP_ddiv_64ns_64ns_64_22_no_dsp_1.
INFO-FLOW: Append model MLP_ddiv_64ns_64ns_64_22_no_dsp_1
INFO-FLOW: Found component MLP_sitodp_32ns_64_4_no_dsp_1.
INFO-FLOW: Append model MLP_sitodp_32ns_64_4_no_dsp_1
INFO-FLOW: Found component MLP_flow_control_loop_pipe_sequential_init.
INFO-FLOW: Append model MLP_flow_control_loop_pipe_sequential_init
INFO-FLOW: Handling components in module [MLP_Pipeline_VITIS_LOOP_77_3] ... 
Execute       source C:/Users/xingy/AppData/Roaming/Xilinx/Vitis/testHLS2/solution1/.autopilot/db/MLP_Pipeline_VITIS_LOOP_77_3.compgen.tcl 
INFO-FLOW: Found component MLP_fadd_32ns_32ns_32_4_full_dsp_1.
INFO-FLOW: Append model MLP_fadd_32ns_32ns_32_4_full_dsp_1
INFO-FLOW: Found component MLP_fmul_32ns_32ns_32_3_max_dsp_1.
INFO-FLOW: Append model MLP_fmul_32ns_32ns_32_3_max_dsp_1
INFO-FLOW: Found component MLP_MLP_Pipeline_VITIS_LOOP_77_3_weights_1_0_ROM_AUTO_1R.
INFO-FLOW: Append model MLP_MLP_Pipeline_VITIS_LOOP_77_3_weights_1_0_ROM_AUTO_1R
INFO-FLOW: Found component MLP_MLP_Pipeline_VITIS_LOOP_77_3_weights_1_1_ROM_AUTO_1R.
INFO-FLOW: Append model MLP_MLP_Pipeline_VITIS_LOOP_77_3_weights_1_1_ROM_AUTO_1R
INFO-FLOW: Found component MLP_MLP_Pipeline_VITIS_LOOP_77_3_weights_1_2_ROM_AUTO_1R.
INFO-FLOW: Append model MLP_MLP_Pipeline_VITIS_LOOP_77_3_weights_1_2_ROM_AUTO_1R
INFO-FLOW: Found component MLP_MLP_Pipeline_VITIS_LOOP_77_3_weights_1_3_ROM_AUTO_1R.
INFO-FLOW: Append model MLP_MLP_Pipeline_VITIS_LOOP_77_3_weights_1_3_ROM_AUTO_1R
INFO-FLOW: Found component MLP_MLP_Pipeline_VITIS_LOOP_77_3_weights_1_4_ROM_AUTO_1R.
INFO-FLOW: Append model MLP_MLP_Pipeline_VITIS_LOOP_77_3_weights_1_4_ROM_AUTO_1R
INFO-FLOW: Found component MLP_MLP_Pipeline_VITIS_LOOP_77_3_weights_1_5_ROM_AUTO_1R.
INFO-FLOW: Append model MLP_MLP_Pipeline_VITIS_LOOP_77_3_weights_1_5_ROM_AUTO_1R
INFO-FLOW: Found component MLP_MLP_Pipeline_VITIS_LOOP_77_3_weights_1_6_ROM_AUTO_1R.
INFO-FLOW: Append model MLP_MLP_Pipeline_VITIS_LOOP_77_3_weights_1_6_ROM_AUTO_1R
INFO-FLOW: Found component MLP_MLP_Pipeline_VITIS_LOOP_77_3_weights_1_7_ROM_AUTO_1R.
INFO-FLOW: Append model MLP_MLP_Pipeline_VITIS_LOOP_77_3_weights_1_7_ROM_AUTO_1R
INFO-FLOW: Found component MLP_MLP_Pipeline_VITIS_LOOP_77_3_weights_1_8_ROM_AUTO_1R.
INFO-FLOW: Append model MLP_MLP_Pipeline_VITIS_LOOP_77_3_weights_1_8_ROM_AUTO_1R
INFO-FLOW: Found component MLP_MLP_Pipeline_VITIS_LOOP_77_3_weights_1_9_ROM_AUTO_1R.
INFO-FLOW: Append model MLP_MLP_Pipeline_VITIS_LOOP_77_3_weights_1_9_ROM_AUTO_1R
INFO-FLOW: Found component MLP_MLP_Pipeline_VITIS_LOOP_77_3_weights_1_10_ROM_AUTO_1R.
INFO-FLOW: Append model MLP_MLP_Pipeline_VITIS_LOOP_77_3_weights_1_10_ROM_AUTO_1R
INFO-FLOW: Found component MLP_MLP_Pipeline_VITIS_LOOP_77_3_weights_1_11_ROM_AUTO_1R.
INFO-FLOW: Append model MLP_MLP_Pipeline_VITIS_LOOP_77_3_weights_1_11_ROM_AUTO_1R
INFO-FLOW: Found component MLP_MLP_Pipeline_VITIS_LOOP_77_3_weights_1_12_ROM_AUTO_1R.
INFO-FLOW: Append model MLP_MLP_Pipeline_VITIS_LOOP_77_3_weights_1_12_ROM_AUTO_1R
INFO-FLOW: Found component MLP_MLP_Pipeline_VITIS_LOOP_77_3_weights_1_13_ROM_AUTO_1R.
INFO-FLOW: Append model MLP_MLP_Pipeline_VITIS_LOOP_77_3_weights_1_13_ROM_AUTO_1R
INFO-FLOW: Found component MLP_MLP_Pipeline_VITIS_LOOP_77_3_weights_1_14_ROM_AUTO_1R.
INFO-FLOW: Append model MLP_MLP_Pipeline_VITIS_LOOP_77_3_weights_1_14_ROM_AUTO_1R
INFO-FLOW: Found component MLP_MLP_Pipeline_VITIS_LOOP_77_3_weights_1_15_ROM_AUTO_1R.
INFO-FLOW: Append model MLP_MLP_Pipeline_VITIS_LOOP_77_3_weights_1_15_ROM_AUTO_1R
INFO-FLOW: Found component MLP_MLP_Pipeline_VITIS_LOOP_77_3_weights_1_16_ROM_AUTO_1R.
INFO-FLOW: Append model MLP_MLP_Pipeline_VITIS_LOOP_77_3_weights_1_16_ROM_AUTO_1R
INFO-FLOW: Found component MLP_MLP_Pipeline_VITIS_LOOP_77_3_weights_1_17_ROM_AUTO_1R.
INFO-FLOW: Append model MLP_MLP_Pipeline_VITIS_LOOP_77_3_weights_1_17_ROM_AUTO_1R
INFO-FLOW: Found component MLP_MLP_Pipeline_VITIS_LOOP_77_3_weights_1_18_ROM_AUTO_1R.
INFO-FLOW: Append model MLP_MLP_Pipeline_VITIS_LOOP_77_3_weights_1_18_ROM_AUTO_1R
INFO-FLOW: Found component MLP_MLP_Pipeline_VITIS_LOOP_77_3_weights_1_19_ROM_AUTO_1R.
INFO-FLOW: Append model MLP_MLP_Pipeline_VITIS_LOOP_77_3_weights_1_19_ROM_AUTO_1R
INFO-FLOW: Found component MLP_MLP_Pipeline_VITIS_LOOP_77_3_weights_1_20_ROM_AUTO_1R.
INFO-FLOW: Append model MLP_MLP_Pipeline_VITIS_LOOP_77_3_weights_1_20_ROM_AUTO_1R
INFO-FLOW: Found component MLP_MLP_Pipeline_VITIS_LOOP_77_3_weights_1_21_ROM_AUTO_1R.
INFO-FLOW: Append model MLP_MLP_Pipeline_VITIS_LOOP_77_3_weights_1_21_ROM_AUTO_1R
INFO-FLOW: Found component MLP_MLP_Pipeline_VITIS_LOOP_77_3_weights_1_22_ROM_AUTO_1R.
INFO-FLOW: Append model MLP_MLP_Pipeline_VITIS_LOOP_77_3_weights_1_22_ROM_AUTO_1R
INFO-FLOW: Found component MLP_MLP_Pipeline_VITIS_LOOP_77_3_weights_1_23_ROM_AUTO_1R.
INFO-FLOW: Append model MLP_MLP_Pipeline_VITIS_LOOP_77_3_weights_1_23_ROM_AUTO_1R
INFO-FLOW: Found component MLP_MLP_Pipeline_VITIS_LOOP_77_3_weights_1_24_ROM_AUTO_1R.
INFO-FLOW: Append model MLP_MLP_Pipeline_VITIS_LOOP_77_3_weights_1_24_ROM_AUTO_1R
INFO-FLOW: Found component MLP_MLP_Pipeline_VITIS_LOOP_77_3_weights_1_25_ROM_AUTO_1R.
INFO-FLOW: Append model MLP_MLP_Pipeline_VITIS_LOOP_77_3_weights_1_25_ROM_AUTO_1R
INFO-FLOW: Found component MLP_MLP_Pipeline_VITIS_LOOP_77_3_weights_1_26_ROM_AUTO_1R.
INFO-FLOW: Append model MLP_MLP_Pipeline_VITIS_LOOP_77_3_weights_1_26_ROM_AUTO_1R
INFO-FLOW: Found component MLP_MLP_Pipeline_VITIS_LOOP_77_3_weights_1_27_ROM_AUTO_1R.
INFO-FLOW: Append model MLP_MLP_Pipeline_VITIS_LOOP_77_3_weights_1_27_ROM_AUTO_1R
INFO-FLOW: Found component MLP_MLP_Pipeline_VITIS_LOOP_77_3_weights_1_28_ROM_AUTO_1R.
INFO-FLOW: Append model MLP_MLP_Pipeline_VITIS_LOOP_77_3_weights_1_28_ROM_AUTO_1R
INFO-FLOW: Found component MLP_MLP_Pipeline_VITIS_LOOP_77_3_weights_1_29_ROM_AUTO_1R.
INFO-FLOW: Append model MLP_MLP_Pipeline_VITIS_LOOP_77_3_weights_1_29_ROM_AUTO_1R
INFO-FLOW: Found component MLP_MLP_Pipeline_VITIS_LOOP_77_3_weights_1_30_ROM_AUTO_1R.
INFO-FLOW: Append model MLP_MLP_Pipeline_VITIS_LOOP_77_3_weights_1_30_ROM_AUTO_1R
INFO-FLOW: Found component MLP_MLP_Pipeline_VITIS_LOOP_77_3_weights_1_31_ROM_AUTO_1R.
INFO-FLOW: Append model MLP_MLP_Pipeline_VITIS_LOOP_77_3_weights_1_31_ROM_AUTO_1R
INFO-FLOW: Found component MLP_MLP_Pipeline_VITIS_LOOP_77_3_weights_1_32_ROM_AUTO_1R.
INFO-FLOW: Append model MLP_MLP_Pipeline_VITIS_LOOP_77_3_weights_1_32_ROM_AUTO_1R
INFO-FLOW: Found component MLP_MLP_Pipeline_VITIS_LOOP_77_3_weights_1_33_ROM_AUTO_1R.
INFO-FLOW: Append model MLP_MLP_Pipeline_VITIS_LOOP_77_3_weights_1_33_ROM_AUTO_1R
INFO-FLOW: Found component MLP_MLP_Pipeline_VITIS_LOOP_77_3_weights_1_34_ROM_AUTO_1R.
INFO-FLOW: Append model MLP_MLP_Pipeline_VITIS_LOOP_77_3_weights_1_34_ROM_AUTO_1R
INFO-FLOW: Found component MLP_MLP_Pipeline_VITIS_LOOP_77_3_weights_1_35_ROM_AUTO_1R.
INFO-FLOW: Append model MLP_MLP_Pipeline_VITIS_LOOP_77_3_weights_1_35_ROM_AUTO_1R
INFO-FLOW: Found component MLP_MLP_Pipeline_VITIS_LOOP_77_3_weights_1_36_ROM_AUTO_1R.
INFO-FLOW: Append model MLP_MLP_Pipeline_VITIS_LOOP_77_3_weights_1_36_ROM_AUTO_1R
INFO-FLOW: Found component MLP_MLP_Pipeline_VITIS_LOOP_77_3_weights_1_37_ROM_AUTO_1R.
INFO-FLOW: Append model MLP_MLP_Pipeline_VITIS_LOOP_77_3_weights_1_37_ROM_AUTO_1R
INFO-FLOW: Found component MLP_MLP_Pipeline_VITIS_LOOP_77_3_weights_1_38_ROM_AUTO_1R.
INFO-FLOW: Append model MLP_MLP_Pipeline_VITIS_LOOP_77_3_weights_1_38_ROM_AUTO_1R
INFO-FLOW: Found component MLP_MLP_Pipeline_VITIS_LOOP_77_3_weights_1_39_ROM_AUTO_1R.
INFO-FLOW: Append model MLP_MLP_Pipeline_VITIS_LOOP_77_3_weights_1_39_ROM_AUTO_1R
INFO-FLOW: Found component MLP_MLP_Pipeline_VITIS_LOOP_77_3_weights_1_40_ROM_AUTO_1R.
INFO-FLOW: Append model MLP_MLP_Pipeline_VITIS_LOOP_77_3_weights_1_40_ROM_AUTO_1R
INFO-FLOW: Found component MLP_MLP_Pipeline_VITIS_LOOP_77_3_weights_1_41_ROM_AUTO_1R.
INFO-FLOW: Append model MLP_MLP_Pipeline_VITIS_LOOP_77_3_weights_1_41_ROM_AUTO_1R
INFO-FLOW: Found component MLP_MLP_Pipeline_VITIS_LOOP_77_3_weights_1_42_ROM_AUTO_1R.
INFO-FLOW: Append model MLP_MLP_Pipeline_VITIS_LOOP_77_3_weights_1_42_ROM_AUTO_1R
INFO-FLOW: Found component MLP_MLP_Pipeline_VITIS_LOOP_77_3_weights_1_43_ROM_AUTO_1R.
INFO-FLOW: Append model MLP_MLP_Pipeline_VITIS_LOOP_77_3_weights_1_43_ROM_AUTO_1R
INFO-FLOW: Found component MLP_MLP_Pipeline_VITIS_LOOP_77_3_weights_1_44_ROM_AUTO_1R.
INFO-FLOW: Append model MLP_MLP_Pipeline_VITIS_LOOP_77_3_weights_1_44_ROM_AUTO_1R
INFO-FLOW: Found component MLP_MLP_Pipeline_VITIS_LOOP_77_3_weights_1_45_ROM_AUTO_1R.
INFO-FLOW: Append model MLP_MLP_Pipeline_VITIS_LOOP_77_3_weights_1_45_ROM_AUTO_1R
INFO-FLOW: Found component MLP_MLP_Pipeline_VITIS_LOOP_77_3_weights_1_46_ROM_AUTO_1R.
INFO-FLOW: Append model MLP_MLP_Pipeline_VITIS_LOOP_77_3_weights_1_46_ROM_AUTO_1R
INFO-FLOW: Found component MLP_MLP_Pipeline_VITIS_LOOP_77_3_weights_1_47_ROM_AUTO_1R.
INFO-FLOW: Append model MLP_MLP_Pipeline_VITIS_LOOP_77_3_weights_1_47_ROM_AUTO_1R
INFO-FLOW: Found component MLP_MLP_Pipeline_VITIS_LOOP_77_3_hidden_bias_1_ROM_AUTO_1R.
INFO-FLOW: Append model MLP_MLP_Pipeline_VITIS_LOOP_77_3_hidden_bias_1_ROM_AUTO_1R
INFO-FLOW: Found component MLP_flow_control_loop_pipe_sequential_init.
INFO-FLOW: Append model MLP_flow_control_loop_pipe_sequential_init
INFO-FLOW: Handling components in module [MLP_Pipeline_VITIS_LOOP_94_5] ... 
Execute       source C:/Users/xingy/AppData/Roaming/Xilinx/Vitis/testHLS2/solution1/.autopilot/db/MLP_Pipeline_VITIS_LOOP_94_5.compgen.tcl 
INFO-FLOW: Found component MLP_MLP_Pipeline_VITIS_LOOP_94_5_weights_2_0_ROM_AUTO_1R.
INFO-FLOW: Append model MLP_MLP_Pipeline_VITIS_LOOP_94_5_weights_2_0_ROM_AUTO_1R
INFO-FLOW: Found component MLP_MLP_Pipeline_VITIS_LOOP_94_5_weights_2_1_ROM_AUTO_1R.
INFO-FLOW: Append model MLP_MLP_Pipeline_VITIS_LOOP_94_5_weights_2_1_ROM_AUTO_1R
INFO-FLOW: Found component MLP_MLP_Pipeline_VITIS_LOOP_94_5_weights_2_2_ROM_AUTO_1R.
INFO-FLOW: Append model MLP_MLP_Pipeline_VITIS_LOOP_94_5_weights_2_2_ROM_AUTO_1R
INFO-FLOW: Found component MLP_MLP_Pipeline_VITIS_LOOP_94_5_weights_2_3_ROM_AUTO_1R.
INFO-FLOW: Append model MLP_MLP_Pipeline_VITIS_LOOP_94_5_weights_2_3_ROM_AUTO_1R
INFO-FLOW: Found component MLP_MLP_Pipeline_VITIS_LOOP_94_5_weights_2_4_ROM_AUTO_1R.
INFO-FLOW: Append model MLP_MLP_Pipeline_VITIS_LOOP_94_5_weights_2_4_ROM_AUTO_1R
INFO-FLOW: Found component MLP_MLP_Pipeline_VITIS_LOOP_94_5_weights_2_5_ROM_AUTO_1R.
INFO-FLOW: Append model MLP_MLP_Pipeline_VITIS_LOOP_94_5_weights_2_5_ROM_AUTO_1R
INFO-FLOW: Found component MLP_MLP_Pipeline_VITIS_LOOP_94_5_weights_2_6_ROM_AUTO_1R.
INFO-FLOW: Append model MLP_MLP_Pipeline_VITIS_LOOP_94_5_weights_2_6_ROM_AUTO_1R
INFO-FLOW: Found component MLP_MLP_Pipeline_VITIS_LOOP_94_5_weights_2_7_ROM_AUTO_1R.
INFO-FLOW: Append model MLP_MLP_Pipeline_VITIS_LOOP_94_5_weights_2_7_ROM_AUTO_1R
INFO-FLOW: Found component MLP_MLP_Pipeline_VITIS_LOOP_94_5_weights_2_8_ROM_AUTO_1R.
INFO-FLOW: Append model MLP_MLP_Pipeline_VITIS_LOOP_94_5_weights_2_8_ROM_AUTO_1R
INFO-FLOW: Found component MLP_MLP_Pipeline_VITIS_LOOP_94_5_weights_2_9_ROM_AUTO_1R.
INFO-FLOW: Append model MLP_MLP_Pipeline_VITIS_LOOP_94_5_weights_2_9_ROM_AUTO_1R
INFO-FLOW: Found component MLP_MLP_Pipeline_VITIS_LOOP_94_5_weights_2_10_ROM_AUTO_1R.
INFO-FLOW: Append model MLP_MLP_Pipeline_VITIS_LOOP_94_5_weights_2_10_ROM_AUTO_1R
INFO-FLOW: Found component MLP_MLP_Pipeline_VITIS_LOOP_94_5_weights_2_11_ROM_AUTO_1R.
INFO-FLOW: Append model MLP_MLP_Pipeline_VITIS_LOOP_94_5_weights_2_11_ROM_AUTO_1R
INFO-FLOW: Found component MLP_MLP_Pipeline_VITIS_LOOP_94_5_weights_2_12_ROM_AUTO_1R.
INFO-FLOW: Append model MLP_MLP_Pipeline_VITIS_LOOP_94_5_weights_2_12_ROM_AUTO_1R
INFO-FLOW: Found component MLP_MLP_Pipeline_VITIS_LOOP_94_5_weights_2_13_ROM_AUTO_1R.
INFO-FLOW: Append model MLP_MLP_Pipeline_VITIS_LOOP_94_5_weights_2_13_ROM_AUTO_1R
INFO-FLOW: Found component MLP_MLP_Pipeline_VITIS_LOOP_94_5_weights_2_14_ROM_AUTO_1R.
INFO-FLOW: Append model MLP_MLP_Pipeline_VITIS_LOOP_94_5_weights_2_14_ROM_AUTO_1R
INFO-FLOW: Found component MLP_MLP_Pipeline_VITIS_LOOP_94_5_weights_2_15_ROM_AUTO_1R.
INFO-FLOW: Append model MLP_MLP_Pipeline_VITIS_LOOP_94_5_weights_2_15_ROM_AUTO_1R
INFO-FLOW: Found component MLP_MLP_Pipeline_VITIS_LOOP_94_5_weights_2_16_ROM_AUTO_1R.
INFO-FLOW: Append model MLP_MLP_Pipeline_VITIS_LOOP_94_5_weights_2_16_ROM_AUTO_1R
INFO-FLOW: Found component MLP_MLP_Pipeline_VITIS_LOOP_94_5_weights_2_17_ROM_AUTO_1R.
INFO-FLOW: Append model MLP_MLP_Pipeline_VITIS_LOOP_94_5_weights_2_17_ROM_AUTO_1R
INFO-FLOW: Found component MLP_MLP_Pipeline_VITIS_LOOP_94_5_weights_2_18_ROM_AUTO_1R.
INFO-FLOW: Append model MLP_MLP_Pipeline_VITIS_LOOP_94_5_weights_2_18_ROM_AUTO_1R
INFO-FLOW: Found component MLP_MLP_Pipeline_VITIS_LOOP_94_5_weights_2_19_ROM_AUTO_1R.
INFO-FLOW: Append model MLP_MLP_Pipeline_VITIS_LOOP_94_5_weights_2_19_ROM_AUTO_1R
INFO-FLOW: Found component MLP_MLP_Pipeline_VITIS_LOOP_94_5_weights_2_20_ROM_AUTO_1R.
INFO-FLOW: Append model MLP_MLP_Pipeline_VITIS_LOOP_94_5_weights_2_20_ROM_AUTO_1R
INFO-FLOW: Found component MLP_MLP_Pipeline_VITIS_LOOP_94_5_weights_2_21_ROM_AUTO_1R.
INFO-FLOW: Append model MLP_MLP_Pipeline_VITIS_LOOP_94_5_weights_2_21_ROM_AUTO_1R
INFO-FLOW: Found component MLP_MLP_Pipeline_VITIS_LOOP_94_5_weights_2_22_ROM_AUTO_1R.
INFO-FLOW: Append model MLP_MLP_Pipeline_VITIS_LOOP_94_5_weights_2_22_ROM_AUTO_1R
INFO-FLOW: Found component MLP_MLP_Pipeline_VITIS_LOOP_94_5_weights_2_23_ROM_AUTO_1R.
INFO-FLOW: Append model MLP_MLP_Pipeline_VITIS_LOOP_94_5_weights_2_23_ROM_AUTO_1R
INFO-FLOW: Found component MLP_MLP_Pipeline_VITIS_LOOP_94_5_hidden_bias_2_ROM_AUTO_1R.
INFO-FLOW: Append model MLP_MLP_Pipeline_VITIS_LOOP_94_5_hidden_bias_2_ROM_AUTO_1R
INFO-FLOW: Found component MLP_flow_control_loop_pipe_sequential_init.
INFO-FLOW: Append model MLP_flow_control_loop_pipe_sequential_init
INFO-FLOW: Handling components in module [MLP_Pipeline_VITIS_LOOP_111_7] ... 
Execute       source C:/Users/xingy/AppData/Roaming/Xilinx/Vitis/testHLS2/solution1/.autopilot/db/MLP_Pipeline_VITIS_LOOP_111_7.compgen.tcl 
INFO-FLOW: Found component MLP_MLP_Pipeline_VITIS_LOOP_111_7_output_weights_0_ROM_AUTO_1R.
INFO-FLOW: Append model MLP_MLP_Pipeline_VITIS_LOOP_111_7_output_weights_0_ROM_AUTO_1R
INFO-FLOW: Found component MLP_MLP_Pipeline_VITIS_LOOP_111_7_output_weights_1_ROM_AUTO_1R.
INFO-FLOW: Append model MLP_MLP_Pipeline_VITIS_LOOP_111_7_output_weights_1_ROM_AUTO_1R
INFO-FLOW: Found component MLP_MLP_Pipeline_VITIS_LOOP_111_7_output_weights_2_ROM_AUTO_1R.
INFO-FLOW: Append model MLP_MLP_Pipeline_VITIS_LOOP_111_7_output_weights_2_ROM_AUTO_1R
INFO-FLOW: Found component MLP_MLP_Pipeline_VITIS_LOOP_111_7_output_weights_3_ROM_AUTO_1R.
INFO-FLOW: Append model MLP_MLP_Pipeline_VITIS_LOOP_111_7_output_weights_3_ROM_AUTO_1R
INFO-FLOW: Found component MLP_MLP_Pipeline_VITIS_LOOP_111_7_output_weights_4_ROM_AUTO_1R.
INFO-FLOW: Append model MLP_MLP_Pipeline_VITIS_LOOP_111_7_output_weights_4_ROM_AUTO_1R
INFO-FLOW: Found component MLP_MLP_Pipeline_VITIS_LOOP_111_7_output_weights_5_ROM_AUTO_1R.
INFO-FLOW: Append model MLP_MLP_Pipeline_VITIS_LOOP_111_7_output_weights_5_ROM_AUTO_1R
INFO-FLOW: Found component MLP_MLP_Pipeline_VITIS_LOOP_111_7_output_weights_6_ROM_AUTO_1R.
INFO-FLOW: Append model MLP_MLP_Pipeline_VITIS_LOOP_111_7_output_weights_6_ROM_AUTO_1R
INFO-FLOW: Found component MLP_MLP_Pipeline_VITIS_LOOP_111_7_output_weights_7_ROM_AUTO_1R.
INFO-FLOW: Append model MLP_MLP_Pipeline_VITIS_LOOP_111_7_output_weights_7_ROM_AUTO_1R
INFO-FLOW: Found component MLP_MLP_Pipeline_VITIS_LOOP_111_7_output_weights_8_ROM_AUTO_1R.
INFO-FLOW: Append model MLP_MLP_Pipeline_VITIS_LOOP_111_7_output_weights_8_ROM_AUTO_1R
INFO-FLOW: Found component MLP_MLP_Pipeline_VITIS_LOOP_111_7_output_weights_9_ROM_AUTO_1R.
INFO-FLOW: Append model MLP_MLP_Pipeline_VITIS_LOOP_111_7_output_weights_9_ROM_AUTO_1R
INFO-FLOW: Found component MLP_MLP_Pipeline_VITIS_LOOP_111_7_output_weights_10_ROM_AUTO_1R.
INFO-FLOW: Append model MLP_MLP_Pipeline_VITIS_LOOP_111_7_output_weights_10_ROM_AUTO_1R
INFO-FLOW: Found component MLP_MLP_Pipeline_VITIS_LOOP_111_7_output_weights_11_ROM_AUTO_1R.
INFO-FLOW: Append model MLP_MLP_Pipeline_VITIS_LOOP_111_7_output_weights_11_ROM_AUTO_1R
INFO-FLOW: Found component MLP_MLP_Pipeline_VITIS_LOOP_111_7_output_bias_ROM_AUTO_1R.
INFO-FLOW: Append model MLP_MLP_Pipeline_VITIS_LOOP_111_7_output_bias_ROM_AUTO_1R
INFO-FLOW: Found component MLP_flow_control_loop_pipe_sequential_init.
INFO-FLOW: Append model MLP_flow_control_loop_pipe_sequential_init
INFO-FLOW: Handling components in module [MLP_Pipeline_VITIS_LOOP_123_9] ... 
Execute       source C:/Users/xingy/AppData/Roaming/Xilinx/Vitis/testHLS2/solution1/.autopilot/db/MLP_Pipeline_VITIS_LOOP_123_9.compgen.tcl 
INFO-FLOW: Found component MLP_flow_control_loop_pipe_sequential_init.
INFO-FLOW: Append model MLP_flow_control_loop_pipe_sequential_init
INFO-FLOW: Handling components in module [MLP_Pipeline_VITIS_LOOP_128_10] ... 
Execute       source C:/Users/xingy/AppData/Roaming/Xilinx/Vitis/testHLS2/solution1/.autopilot/db/MLP_Pipeline_VITIS_LOOP_128_10.compgen.tcl 
INFO-FLOW: Found component MLP_flow_control_loop_pipe_sequential_init.
INFO-FLOW: Append model MLP_flow_control_loop_pipe_sequential_init
INFO-FLOW: Handling components in module [MLP] ... 
Execute       source C:/Users/xingy/AppData/Roaming/Xilinx/Vitis/testHLS2/solution1/.autopilot/db/MLP.compgen.tcl 
INFO-FLOW: Found component MLP_fadd_32ns_32ns_32_4_full_dsp_1.
INFO-FLOW: Append model MLP_fadd_32ns_32ns_32_4_full_dsp_1
INFO-FLOW: Found component MLP_fadd_32ns_32ns_32_4_full_dsp_1.
INFO-FLOW: Append model MLP_fadd_32ns_32ns_32_4_full_dsp_1
INFO-FLOW: Found component MLP_fadd_32ns_32ns_32_4_full_dsp_1.
INFO-FLOW: Append model MLP_fadd_32ns_32ns_32_4_full_dsp_1
INFO-FLOW: Found component MLP_fadd_32ns_32ns_32_4_full_dsp_1.
INFO-FLOW: Append model MLP_fadd_32ns_32ns_32_4_full_dsp_1
INFO-FLOW: Found component MLP_fadd_32ns_32ns_32_4_full_dsp_1.
INFO-FLOW: Append model MLP_fadd_32ns_32ns_32_4_full_dsp_1
INFO-FLOW: Found component MLP_fadd_32ns_32ns_32_4_full_dsp_1.
INFO-FLOW: Append model MLP_fadd_32ns_32ns_32_4_full_dsp_1
INFO-FLOW: Found component MLP_fadd_32ns_32ns_32_4_full_dsp_1.
INFO-FLOW: Append model MLP_fadd_32ns_32ns_32_4_full_dsp_1
INFO-FLOW: Found component MLP_fadd_32ns_32ns_32_4_full_dsp_1.
INFO-FLOW: Append model MLP_fadd_32ns_32ns_32_4_full_dsp_1
INFO-FLOW: Found component MLP_fadd_32ns_32ns_32_4_full_dsp_1.
INFO-FLOW: Append model MLP_fadd_32ns_32ns_32_4_full_dsp_1
INFO-FLOW: Found component MLP_fadd_32ns_32ns_32_4_full_dsp_1.
INFO-FLOW: Append model MLP_fadd_32ns_32ns_32_4_full_dsp_1
INFO-FLOW: Found component MLP_fadd_32ns_32ns_32_4_full_dsp_1.
INFO-FLOW: Append model MLP_fadd_32ns_32ns_32_4_full_dsp_1
INFO-FLOW: Found component MLP_fadd_32ns_32ns_32_4_full_dsp_1.
INFO-FLOW: Append model MLP_fadd_32ns_32ns_32_4_full_dsp_1
INFO-FLOW: Found component MLP_fadd_32ns_32ns_32_4_full_dsp_1.
INFO-FLOW: Append model MLP_fadd_32ns_32ns_32_4_full_dsp_1
INFO-FLOW: Found component MLP_fadd_32ns_32ns_32_4_full_dsp_1.
INFO-FLOW: Append model MLP_fadd_32ns_32ns_32_4_full_dsp_1
INFO-FLOW: Found component MLP_fadd_32ns_32ns_32_4_full_dsp_1.
INFO-FLOW: Append model MLP_fadd_32ns_32ns_32_4_full_dsp_1
INFO-FLOW: Found component MLP_fadd_32ns_32ns_32_4_full_dsp_1.
INFO-FLOW: Append model MLP_fadd_32ns_32ns_32_4_full_dsp_1
INFO-FLOW: Found component MLP_fadd_32ns_32ns_32_4_full_dsp_1.
INFO-FLOW: Append model MLP_fadd_32ns_32ns_32_4_full_dsp_1
INFO-FLOW: Found component MLP_fadd_32ns_32ns_32_4_full_dsp_1.
INFO-FLOW: Append model MLP_fadd_32ns_32ns_32_4_full_dsp_1
INFO-FLOW: Found component MLP_fadd_32ns_32ns_32_4_full_dsp_1.
INFO-FLOW: Append model MLP_fadd_32ns_32ns_32_4_full_dsp_1
INFO-FLOW: Found component MLP_fadd_32ns_32ns_32_4_full_dsp_1.
INFO-FLOW: Append model MLP_fadd_32ns_32ns_32_4_full_dsp_1
INFO-FLOW: Found component MLP_fadd_32ns_32ns_32_4_full_dsp_1.
INFO-FLOW: Append model MLP_fadd_32ns_32ns_32_4_full_dsp_1
INFO-FLOW: Found component MLP_fadd_32ns_32ns_32_4_full_dsp_1.
INFO-FLOW: Append model MLP_fadd_32ns_32ns_32_4_full_dsp_1
INFO-FLOW: Found component MLP_fadd_32ns_32ns_32_4_full_dsp_1.
INFO-FLOW: Append model MLP_fadd_32ns_32ns_32_4_full_dsp_1
INFO-FLOW: Found component MLP_fadd_32ns_32ns_32_4_full_dsp_1.
INFO-FLOW: Append model MLP_fadd_32ns_32ns_32_4_full_dsp_1
INFO-FLOW: Found component MLP_fadd_32ns_32ns_32_4_full_dsp_1.
INFO-FLOW: Append model MLP_fadd_32ns_32ns_32_4_full_dsp_1
INFO-FLOW: Found component MLP_fmul_32ns_32ns_32_3_max_dsp_1.
INFO-FLOW: Append model MLP_fmul_32ns_32ns_32_3_max_dsp_1
INFO-FLOW: Found component MLP_fmul_32ns_32ns_32_3_max_dsp_1.
INFO-FLOW: Append model MLP_fmul_32ns_32ns_32_3_max_dsp_1
INFO-FLOW: Found component MLP_fmul_32ns_32ns_32_3_max_dsp_1.
INFO-FLOW: Append model MLP_fmul_32ns_32ns_32_3_max_dsp_1
INFO-FLOW: Found component MLP_fmul_32ns_32ns_32_3_max_dsp_1.
INFO-FLOW: Append model MLP_fmul_32ns_32ns_32_3_max_dsp_1
INFO-FLOW: Found component MLP_fmul_32ns_32ns_32_3_max_dsp_1.
INFO-FLOW: Append model MLP_fmul_32ns_32ns_32_3_max_dsp_1
INFO-FLOW: Found component MLP_fmul_32ns_32ns_32_3_max_dsp_1.
INFO-FLOW: Append model MLP_fmul_32ns_32ns_32_3_max_dsp_1
INFO-FLOW: Found component MLP_fmul_32ns_32ns_32_3_max_dsp_1.
INFO-FLOW: Append model MLP_fmul_32ns_32ns_32_3_max_dsp_1
INFO-FLOW: Found component MLP_fmul_32ns_32ns_32_3_max_dsp_1.
INFO-FLOW: Append model MLP_fmul_32ns_32ns_32_3_max_dsp_1
INFO-FLOW: Found component MLP_fmul_32ns_32ns_32_3_max_dsp_1.
INFO-FLOW: Append model MLP_fmul_32ns_32ns_32_3_max_dsp_1
INFO-FLOW: Found component MLP_fmul_32ns_32ns_32_3_max_dsp_1.
INFO-FLOW: Append model MLP_fmul_32ns_32ns_32_3_max_dsp_1
INFO-FLOW: Found component MLP_fmul_32ns_32ns_32_3_max_dsp_1.
INFO-FLOW: Append model MLP_fmul_32ns_32ns_32_3_max_dsp_1
INFO-FLOW: Found component MLP_fmul_32ns_32ns_32_3_max_dsp_1.
INFO-FLOW: Append model MLP_fmul_32ns_32ns_32_3_max_dsp_1
INFO-FLOW: Found component MLP_fmul_32ns_32ns_32_3_max_dsp_1.
INFO-FLOW: Append model MLP_fmul_32ns_32ns_32_3_max_dsp_1
INFO-FLOW: Found component MLP_fmul_32ns_32ns_32_3_max_dsp_1.
INFO-FLOW: Append model MLP_fmul_32ns_32ns_32_3_max_dsp_1
INFO-FLOW: Found component MLP_fmul_32ns_32ns_32_3_max_dsp_1.
INFO-FLOW: Append model MLP_fmul_32ns_32ns_32_3_max_dsp_1
INFO-FLOW: Found component MLP_fmul_32ns_32ns_32_3_max_dsp_1.
INFO-FLOW: Append model MLP_fmul_32ns_32ns_32_3_max_dsp_1
INFO-FLOW: Found component MLP_fmul_32ns_32ns_32_3_max_dsp_1.
INFO-FLOW: Append model MLP_fmul_32ns_32ns_32_3_max_dsp_1
INFO-FLOW: Found component MLP_fmul_32ns_32ns_32_3_max_dsp_1.
INFO-FLOW: Append model MLP_fmul_32ns_32ns_32_3_max_dsp_1
INFO-FLOW: Found component MLP_fmul_32ns_32ns_32_3_max_dsp_1.
INFO-FLOW: Append model MLP_fmul_32ns_32ns_32_3_max_dsp_1
INFO-FLOW: Found component MLP_fmul_32ns_32ns_32_3_max_dsp_1.
INFO-FLOW: Append model MLP_fmul_32ns_32ns_32_3_max_dsp_1
INFO-FLOW: Found component MLP_fmul_32ns_32ns_32_3_max_dsp_1.
INFO-FLOW: Append model MLP_fmul_32ns_32ns_32_3_max_dsp_1
INFO-FLOW: Found component MLP_fmul_32ns_32ns_32_3_max_dsp_1.
INFO-FLOW: Append model MLP_fmul_32ns_32ns_32_3_max_dsp_1
INFO-FLOW: Found component MLP_fmul_32ns_32ns_32_3_max_dsp_1.
INFO-FLOW: Append model MLP_fmul_32ns_32ns_32_3_max_dsp_1
INFO-FLOW: Found component MLP_fmul_32ns_32ns_32_3_max_dsp_1.
INFO-FLOW: Append model MLP_fmul_32ns_32ns_32_3_max_dsp_1
INFO-FLOW: Found component MLP_fcmp_32ns_32ns_1_2_no_dsp_1.
INFO-FLOW: Append model MLP_fcmp_32ns_32ns_1_2_no_dsp_1
INFO-FLOW: Found component MLP_input_features_RAM_AUTO_1R1W.
INFO-FLOW: Append model MLP_input_features_RAM_AUTO_1R1W
INFO-FLOW: Found component MLP_input_features_casted_RAM_AUTO_1R1W.
INFO-FLOW: Append model MLP_input_features_casted_RAM_AUTO_1R1W
INFO-FLOW: Found component MLP_hidden_layer_1_RAM_AUTO_1R1W.
INFO-FLOW: Append model MLP_hidden_layer_1_RAM_AUTO_1R1W
INFO-FLOW: Found component MLP_hidden_layer_2_RAM_AUTO_1R1W.
INFO-FLOW: Append model MLP_hidden_layer_2_RAM_AUTO_1R1W
INFO-FLOW: Found component MLP_output_layer_RAM_AUTO_1R1W.
INFO-FLOW: Append model MLP_output_layer_RAM_AUTO_1R1W
INFO-FLOW: Found component MLP_regslice_both.
INFO-FLOW: Append model MLP_regslice_both
INFO-FLOW: Found component MLP_regslice_both.
INFO-FLOW: Append model MLP_regslice_both
INFO-FLOW: Found component MLP_regslice_both.
INFO-FLOW: Append model MLP_regslice_both
INFO-FLOW: Found component MLP_regslice_both.
INFO-FLOW: Append model MLP_regslice_both
INFO-FLOW: Found component MLP_regslice_both.
INFO-FLOW: Append model MLP_regslice_both
INFO-FLOW: Found component MLP_regslice_both.
INFO-FLOW: Append model MLP_regslice_both
INFO-FLOW: Found component MLP_regslice_both.
INFO-FLOW: Append model MLP_regslice_both
INFO-FLOW: Found component MLP_regslice_both.
INFO-FLOW: Append model MLP_regslice_both
INFO-FLOW: Found component MLP_regslice_both.
INFO-FLOW: Append model MLP_regslice_both
INFO-FLOW: Found component MLP_regslice_both.
INFO-FLOW: Append model MLP_regslice_both
INFO-FLOW: Found component MLP_regslice_both.
INFO-FLOW: Append model MLP_regslice_both
INFO-FLOW: Found component MLP_regslice_both.
INFO-FLOW: Append model MLP_regslice_both
INFO-FLOW: Found component MLP_regslice_both.
INFO-FLOW: Append model MLP_regslice_both
INFO-FLOW: Found component MLP_regslice_both.
INFO-FLOW: Append model MLP_regslice_both
INFO-FLOW: Append model MLP_Pipeline_1
INFO-FLOW: Append model MLP_Pipeline_2
INFO-FLOW: Append model MLP_Pipeline_3
INFO-FLOW: Append model MLP_Pipeline_4
INFO-FLOW: Append model MLP_Pipeline_5
INFO-FLOW: Append model MLP_Pipeline_6
INFO-FLOW: Append model MLP_Pipeline_VITIS_LOOP_58_1
INFO-FLOW: Append model MLP_Pipeline_VITIS_LOOP_69_2
INFO-FLOW: Append model MLP_Pipeline_VITIS_LOOP_77_3
INFO-FLOW: Append model MLP_Pipeline_VITIS_LOOP_94_5
INFO-FLOW: Append model MLP_Pipeline_VITIS_LOOP_111_7
INFO-FLOW: Append model MLP_Pipeline_VITIS_LOOP_123_9
INFO-FLOW: Append model MLP_Pipeline_VITIS_LOOP_128_10
INFO-FLOW: Append model MLP
INFO-FLOW: Generating RTL model list ...
INFO-FLOW: All models in this session: MLP_flow_control_loop_pipe_sequential_init MLP_flow_control_loop_pipe_sequential_init MLP_flow_control_loop_pipe_sequential_init MLP_flow_control_loop_pipe_sequential_init MLP_flow_control_loop_pipe_sequential_init MLP_flow_control_loop_pipe_sequential_init MLP_flow_control_loop_pipe_sequential_init MLP_fptrunc_64ns_32_2_no_dsp_1 MLP_ddiv_64ns_64ns_64_22_no_dsp_1 MLP_sitodp_32ns_64_4_no_dsp_1 MLP_flow_control_loop_pipe_sequential_init MLP_fadd_32ns_32ns_32_4_full_dsp_1 MLP_fmul_32ns_32ns_32_3_max_dsp_1 MLP_MLP_Pipeline_VITIS_LOOP_77_3_weights_1_0_ROM_AUTO_1R MLP_MLP_Pipeline_VITIS_LOOP_77_3_weights_1_1_ROM_AUTO_1R MLP_MLP_Pipeline_VITIS_LOOP_77_3_weights_1_2_ROM_AUTO_1R MLP_MLP_Pipeline_VITIS_LOOP_77_3_weights_1_3_ROM_AUTO_1R MLP_MLP_Pipeline_VITIS_LOOP_77_3_weights_1_4_ROM_AUTO_1R MLP_MLP_Pipeline_VITIS_LOOP_77_3_weights_1_5_ROM_AUTO_1R MLP_MLP_Pipeline_VITIS_LOOP_77_3_weights_1_6_ROM_AUTO_1R MLP_MLP_Pipeline_VITIS_LOOP_77_3_weights_1_7_ROM_AUTO_1R MLP_MLP_Pipeline_VITIS_LOOP_77_3_weights_1_8_ROM_AUTO_1R MLP_MLP_Pipeline_VITIS_LOOP_77_3_weights_1_9_ROM_AUTO_1R MLP_MLP_Pipeline_VITIS_LOOP_77_3_weights_1_10_ROM_AUTO_1R MLP_MLP_Pipeline_VITIS_LOOP_77_3_weights_1_11_ROM_AUTO_1R MLP_MLP_Pipeline_VITIS_LOOP_77_3_weights_1_12_ROM_AUTO_1R MLP_MLP_Pipeline_VITIS_LOOP_77_3_weights_1_13_ROM_AUTO_1R MLP_MLP_Pipeline_VITIS_LOOP_77_3_weights_1_14_ROM_AUTO_1R MLP_MLP_Pipeline_VITIS_LOOP_77_3_weights_1_15_ROM_AUTO_1R MLP_MLP_Pipeline_VITIS_LOOP_77_3_weights_1_16_ROM_AUTO_1R MLP_MLP_Pipeline_VITIS_LOOP_77_3_weights_1_17_ROM_AUTO_1R MLP_MLP_Pipeline_VITIS_LOOP_77_3_weights_1_18_ROM_AUTO_1R MLP_MLP_Pipeline_VITIS_LOOP_77_3_weights_1_19_ROM_AUTO_1R MLP_MLP_Pipeline_VITIS_LOOP_77_3_weights_1_20_ROM_AUTO_1R MLP_MLP_Pipeline_VITIS_LOOP_77_3_weights_1_21_ROM_AUTO_1R MLP_MLP_Pipeline_VITIS_LOOP_77_3_weights_1_22_ROM_AUTO_1R MLP_MLP_Pipeline_VITIS_LOOP_77_3_weights_1_23_ROM_AUTO_1R MLP_MLP_Pipeline_VITIS_LOOP_77_3_weights_1_24_ROM_AUTO_1R MLP_MLP_Pipeline_VITIS_LOOP_77_3_weights_1_25_ROM_AUTO_1R MLP_MLP_Pipeline_VITIS_LOOP_77_3_weights_1_26_ROM_AUTO_1R MLP_MLP_Pipeline_VITIS_LOOP_77_3_weights_1_27_ROM_AUTO_1R MLP_MLP_Pipeline_VITIS_LOOP_77_3_weights_1_28_ROM_AUTO_1R MLP_MLP_Pipeline_VITIS_LOOP_77_3_weights_1_29_ROM_AUTO_1R MLP_MLP_Pipeline_VITIS_LOOP_77_3_weights_1_30_ROM_AUTO_1R MLP_MLP_Pipeline_VITIS_LOOP_77_3_weights_1_31_ROM_AUTO_1R MLP_MLP_Pipeline_VITIS_LOOP_77_3_weights_1_32_ROM_AUTO_1R MLP_MLP_Pipeline_VITIS_LOOP_77_3_weights_1_33_ROM_AUTO_1R MLP_MLP_Pipeline_VITIS_LOOP_77_3_weights_1_34_ROM_AUTO_1R MLP_MLP_Pipeline_VITIS_LOOP_77_3_weights_1_35_ROM_AUTO_1R MLP_MLP_Pipeline_VITIS_LOOP_77_3_weights_1_36_ROM_AUTO_1R MLP_MLP_Pipeline_VITIS_LOOP_77_3_weights_1_37_ROM_AUTO_1R MLP_MLP_Pipeline_VITIS_LOOP_77_3_weights_1_38_ROM_AUTO_1R MLP_MLP_Pipeline_VITIS_LOOP_77_3_weights_1_39_ROM_AUTO_1R MLP_MLP_Pipeline_VITIS_LOOP_77_3_weights_1_40_ROM_AUTO_1R MLP_MLP_Pipeline_VITIS_LOOP_77_3_weights_1_41_ROM_AUTO_1R MLP_MLP_Pipeline_VITIS_LOOP_77_3_weights_1_42_ROM_AUTO_1R MLP_MLP_Pipeline_VITIS_LOOP_77_3_weights_1_43_ROM_AUTO_1R MLP_MLP_Pipeline_VITIS_LOOP_77_3_weights_1_44_ROM_AUTO_1R MLP_MLP_Pipeline_VITIS_LOOP_77_3_weights_1_45_ROM_AUTO_1R MLP_MLP_Pipeline_VITIS_LOOP_77_3_weights_1_46_ROM_AUTO_1R MLP_MLP_Pipeline_VITIS_LOOP_77_3_weights_1_47_ROM_AUTO_1R MLP_MLP_Pipeline_VITIS_LOOP_77_3_hidden_bias_1_ROM_AUTO_1R MLP_flow_control_loop_pipe_sequential_init MLP_MLP_Pipeline_VITIS_LOOP_94_5_weights_2_0_ROM_AUTO_1R MLP_MLP_Pipeline_VITIS_LOOP_94_5_weights_2_1_ROM_AUTO_1R MLP_MLP_Pipeline_VITIS_LOOP_94_5_weights_2_2_ROM_AUTO_1R MLP_MLP_Pipeline_VITIS_LOOP_94_5_weights_2_3_ROM_AUTO_1R MLP_MLP_Pipeline_VITIS_LOOP_94_5_weights_2_4_ROM_AUTO_1R MLP_MLP_Pipeline_VITIS_LOOP_94_5_weights_2_5_ROM_AUTO_1R MLP_MLP_Pipeline_VITIS_LOOP_94_5_weights_2_6_ROM_AUTO_1R MLP_MLP_Pipeline_VITIS_LOOP_94_5_weights_2_7_ROM_AUTO_1R MLP_MLP_Pipeline_VITIS_LOOP_94_5_weights_2_8_ROM_AUTO_1R MLP_MLP_Pipeline_VITIS_LOOP_94_5_weights_2_9_ROM_AUTO_1R MLP_MLP_Pipeline_VITIS_LOOP_94_5_weights_2_10_ROM_AUTO_1R MLP_MLP_Pipeline_VITIS_LOOP_94_5_weights_2_11_ROM_AUTO_1R MLP_MLP_Pipeline_VITIS_LOOP_94_5_weights_2_12_ROM_AUTO_1R MLP_MLP_Pipeline_VITIS_LOOP_94_5_weights_2_13_ROM_AUTO_1R MLP_MLP_Pipeline_VITIS_LOOP_94_5_weights_2_14_ROM_AUTO_1R MLP_MLP_Pipeline_VITIS_LOOP_94_5_weights_2_15_ROM_AUTO_1R MLP_MLP_Pipeline_VITIS_LOOP_94_5_weights_2_16_ROM_AUTO_1R MLP_MLP_Pipeline_VITIS_LOOP_94_5_weights_2_17_ROM_AUTO_1R MLP_MLP_Pipeline_VITIS_LOOP_94_5_weights_2_18_ROM_AUTO_1R MLP_MLP_Pipeline_VITIS_LOOP_94_5_weights_2_19_ROM_AUTO_1R MLP_MLP_Pipeline_VITIS_LOOP_94_5_weights_2_20_ROM_AUTO_1R MLP_MLP_Pipeline_VITIS_LOOP_94_5_weights_2_21_ROM_AUTO_1R MLP_MLP_Pipeline_VITIS_LOOP_94_5_weights_2_22_ROM_AUTO_1R MLP_MLP_Pipeline_VITIS_LOOP_94_5_weights_2_23_ROM_AUTO_1R MLP_MLP_Pipeline_VITIS_LOOP_94_5_hidden_bias_2_ROM_AUTO_1R MLP_flow_control_loop_pipe_sequential_init MLP_MLP_Pipeline_VITIS_LOOP_111_7_output_weights_0_ROM_AUTO_1R MLP_MLP_Pipeline_VITIS_LOOP_111_7_output_weights_1_ROM_AUTO_1R MLP_MLP_Pipeline_VITIS_LOOP_111_7_output_weights_2_ROM_AUTO_1R MLP_MLP_Pipeline_VITIS_LOOP_111_7_output_weights_3_ROM_AUTO_1R MLP_MLP_Pipeline_VITIS_LOOP_111_7_output_weights_4_ROM_AUTO_1R MLP_MLP_Pipeline_VITIS_LOOP_111_7_output_weights_5_ROM_AUTO_1R MLP_MLP_Pipeline_VITIS_LOOP_111_7_output_weights_6_ROM_AUTO_1R MLP_MLP_Pipeline_VITIS_LOOP_111_7_output_weights_7_ROM_AUTO_1R MLP_MLP_Pipeline_VITIS_LOOP_111_7_output_weights_8_ROM_AUTO_1R MLP_MLP_Pipeline_VITIS_LOOP_111_7_output_weights_9_ROM_AUTO_1R MLP_MLP_Pipeline_VITIS_LOOP_111_7_output_weights_10_ROM_AUTO_1R MLP_MLP_Pipeline_VITIS_LOOP_111_7_output_weights_11_ROM_AUTO_1R MLP_MLP_Pipeline_VITIS_LOOP_111_7_output_bias_ROM_AUTO_1R MLP_flow_control_loop_pipe_sequential_init MLP_flow_control_loop_pipe_sequential_init MLP_flow_control_loop_pipe_sequential_init MLP_fadd_32ns_32ns_32_4_full_dsp_1 MLP_fadd_32ns_32ns_32_4_full_dsp_1 MLP_fadd_32ns_32ns_32_4_full_dsp_1 MLP_fadd_32ns_32ns_32_4_full_dsp_1 MLP_fadd_32ns_32ns_32_4_full_dsp_1 MLP_fadd_32ns_32ns_32_4_full_dsp_1 MLP_fadd_32ns_32ns_32_4_full_dsp_1 MLP_fadd_32ns_32ns_32_4_full_dsp_1 MLP_fadd_32ns_32ns_32_4_full_dsp_1 MLP_fadd_32ns_32ns_32_4_full_dsp_1 MLP_fadd_32ns_32ns_32_4_full_dsp_1 MLP_fadd_32ns_32ns_32_4_full_dsp_1 MLP_fadd_32ns_32ns_32_4_full_dsp_1 MLP_fadd_32ns_32ns_32_4_full_dsp_1 MLP_fadd_32ns_32ns_32_4_full_dsp_1 MLP_fadd_32ns_32ns_32_4_full_dsp_1 MLP_fadd_32ns_32ns_32_4_full_dsp_1 MLP_fadd_32ns_32ns_32_4_full_dsp_1 MLP_fadd_32ns_32ns_32_4_full_dsp_1 MLP_fadd_32ns_32ns_32_4_full_dsp_1 MLP_fadd_32ns_32ns_32_4_full_dsp_1 MLP_fadd_32ns_32ns_32_4_full_dsp_1 MLP_fadd_32ns_32ns_32_4_full_dsp_1 MLP_fadd_32ns_32ns_32_4_full_dsp_1 MLP_fadd_32ns_32ns_32_4_full_dsp_1 MLP_fmul_32ns_32ns_32_3_max_dsp_1 MLP_fmul_32ns_32ns_32_3_max_dsp_1 MLP_fmul_32ns_32ns_32_3_max_dsp_1 MLP_fmul_32ns_32ns_32_3_max_dsp_1 MLP_fmul_32ns_32ns_32_3_max_dsp_1 MLP_fmul_32ns_32ns_32_3_max_dsp_1 MLP_fmul_32ns_32ns_32_3_max_dsp_1 MLP_fmul_32ns_32ns_32_3_max_dsp_1 MLP_fmul_32ns_32ns_32_3_max_dsp_1 MLP_fmul_32ns_32ns_32_3_max_dsp_1 MLP_fmul_32ns_32ns_32_3_max_dsp_1 MLP_fmul_32ns_32ns_32_3_max_dsp_1 MLP_fmul_32ns_32ns_32_3_max_dsp_1 MLP_fmul_32ns_32ns_32_3_max_dsp_1 MLP_fmul_32ns_32ns_32_3_max_dsp_1 MLP_fmul_32ns_32ns_32_3_max_dsp_1 MLP_fmul_32ns_32ns_32_3_max_dsp_1 MLP_fmul_32ns_32ns_32_3_max_dsp_1 MLP_fmul_32ns_32ns_32_3_max_dsp_1 MLP_fmul_32ns_32ns_32_3_max_dsp_1 MLP_fmul_32ns_32ns_32_3_max_dsp_1 MLP_fmul_32ns_32ns_32_3_max_dsp_1 MLP_fmul_32ns_32ns_32_3_max_dsp_1 MLP_fmul_32ns_32ns_32_3_max_dsp_1 MLP_fcmp_32ns_32ns_1_2_no_dsp_1 MLP_input_features_RAM_AUTO_1R1W MLP_input_features_casted_RAM_AUTO_1R1W MLP_hidden_layer_1_RAM_AUTO_1R1W MLP_hidden_layer_2_RAM_AUTO_1R1W MLP_output_layer_RAM_AUTO_1R1W MLP_regslice_both MLP_regslice_both MLP_regslice_both MLP_regslice_both MLP_regslice_both MLP_regslice_both MLP_regslice_both MLP_regslice_both MLP_regslice_both MLP_regslice_both MLP_regslice_both MLP_regslice_both MLP_regslice_both MLP_regslice_both MLP_Pipeline_1 MLP_Pipeline_2 MLP_Pipeline_3 MLP_Pipeline_4 MLP_Pipeline_5 MLP_Pipeline_6 MLP_Pipeline_VITIS_LOOP_58_1 MLP_Pipeline_VITIS_LOOP_69_2 MLP_Pipeline_VITIS_LOOP_77_3 MLP_Pipeline_VITIS_LOOP_94_5 MLP_Pipeline_VITIS_LOOP_111_7 MLP_Pipeline_VITIS_LOOP_123_9 MLP_Pipeline_VITIS_LOOP_128_10 MLP
INFO-FLOW: Generating C:/Users/xingy/AppData/Roaming/Xilinx/Vitis/testHLS2/solution1/.autopilot/db/autopilot.rtl.models.txt file...
INFO-FLOW: To file: write model MLP_flow_control_loop_pipe_sequential_init
INFO-FLOW: To file: write model MLP_flow_control_loop_pipe_sequential_init
INFO-FLOW: To file: write model MLP_flow_control_loop_pipe_sequential_init
INFO-FLOW: To file: write model MLP_flow_control_loop_pipe_sequential_init
INFO-FLOW: To file: write model MLP_flow_control_loop_pipe_sequential_init
INFO-FLOW: To file: write model MLP_flow_control_loop_pipe_sequential_init
INFO-FLOW: To file: write model MLP_flow_control_loop_pipe_sequential_init
INFO-FLOW: To file: write model MLP_fptrunc_64ns_32_2_no_dsp_1
INFO-FLOW: To file: write model MLP_ddiv_64ns_64ns_64_22_no_dsp_1
INFO-FLOW: To file: write model MLP_sitodp_32ns_64_4_no_dsp_1
INFO-FLOW: To file: write model MLP_flow_control_loop_pipe_sequential_init
INFO-FLOW: To file: write model MLP_fadd_32ns_32ns_32_4_full_dsp_1
INFO-FLOW: To file: write model MLP_fmul_32ns_32ns_32_3_max_dsp_1
INFO-FLOW: To file: write model MLP_MLP_Pipeline_VITIS_LOOP_77_3_weights_1_0_ROM_AUTO_1R
INFO-FLOW: To file: write model MLP_MLP_Pipeline_VITIS_LOOP_77_3_weights_1_1_ROM_AUTO_1R
INFO-FLOW: To file: write model MLP_MLP_Pipeline_VITIS_LOOP_77_3_weights_1_2_ROM_AUTO_1R
INFO-FLOW: To file: write model MLP_MLP_Pipeline_VITIS_LOOP_77_3_weights_1_3_ROM_AUTO_1R
INFO-FLOW: To file: write model MLP_MLP_Pipeline_VITIS_LOOP_77_3_weights_1_4_ROM_AUTO_1R
INFO-FLOW: To file: write model MLP_MLP_Pipeline_VITIS_LOOP_77_3_weights_1_5_ROM_AUTO_1R
INFO-FLOW: To file: write model MLP_MLP_Pipeline_VITIS_LOOP_77_3_weights_1_6_ROM_AUTO_1R
INFO-FLOW: To file: write model MLP_MLP_Pipeline_VITIS_LOOP_77_3_weights_1_7_ROM_AUTO_1R
INFO-FLOW: To file: write model MLP_MLP_Pipeline_VITIS_LOOP_77_3_weights_1_8_ROM_AUTO_1R
INFO-FLOW: To file: write model MLP_MLP_Pipeline_VITIS_LOOP_77_3_weights_1_9_ROM_AUTO_1R
INFO-FLOW: To file: write model MLP_MLP_Pipeline_VITIS_LOOP_77_3_weights_1_10_ROM_AUTO_1R
INFO-FLOW: To file: write model MLP_MLP_Pipeline_VITIS_LOOP_77_3_weights_1_11_ROM_AUTO_1R
INFO-FLOW: To file: write model MLP_MLP_Pipeline_VITIS_LOOP_77_3_weights_1_12_ROM_AUTO_1R
INFO-FLOW: To file: write model MLP_MLP_Pipeline_VITIS_LOOP_77_3_weights_1_13_ROM_AUTO_1R
INFO-FLOW: To file: write model MLP_MLP_Pipeline_VITIS_LOOP_77_3_weights_1_14_ROM_AUTO_1R
INFO-FLOW: To file: write model MLP_MLP_Pipeline_VITIS_LOOP_77_3_weights_1_15_ROM_AUTO_1R
INFO-FLOW: To file: write model MLP_MLP_Pipeline_VITIS_LOOP_77_3_weights_1_16_ROM_AUTO_1R
INFO-FLOW: To file: write model MLP_MLP_Pipeline_VITIS_LOOP_77_3_weights_1_17_ROM_AUTO_1R
INFO-FLOW: To file: write model MLP_MLP_Pipeline_VITIS_LOOP_77_3_weights_1_18_ROM_AUTO_1R
INFO-FLOW: To file: write model MLP_MLP_Pipeline_VITIS_LOOP_77_3_weights_1_19_ROM_AUTO_1R
INFO-FLOW: To file: write model MLP_MLP_Pipeline_VITIS_LOOP_77_3_weights_1_20_ROM_AUTO_1R
INFO-FLOW: To file: write model MLP_MLP_Pipeline_VITIS_LOOP_77_3_weights_1_21_ROM_AUTO_1R
INFO-FLOW: To file: write model MLP_MLP_Pipeline_VITIS_LOOP_77_3_weights_1_22_ROM_AUTO_1R
INFO-FLOW: To file: write model MLP_MLP_Pipeline_VITIS_LOOP_77_3_weights_1_23_ROM_AUTO_1R
INFO-FLOW: To file: write model MLP_MLP_Pipeline_VITIS_LOOP_77_3_weights_1_24_ROM_AUTO_1R
INFO-FLOW: To file: write model MLP_MLP_Pipeline_VITIS_LOOP_77_3_weights_1_25_ROM_AUTO_1R
INFO-FLOW: To file: write model MLP_MLP_Pipeline_VITIS_LOOP_77_3_weights_1_26_ROM_AUTO_1R
INFO-FLOW: To file: write model MLP_MLP_Pipeline_VITIS_LOOP_77_3_weights_1_27_ROM_AUTO_1R
INFO-FLOW: To file: write model MLP_MLP_Pipeline_VITIS_LOOP_77_3_weights_1_28_ROM_AUTO_1R
INFO-FLOW: To file: write model MLP_MLP_Pipeline_VITIS_LOOP_77_3_weights_1_29_ROM_AUTO_1R
INFO-FLOW: To file: write model MLP_MLP_Pipeline_VITIS_LOOP_77_3_weights_1_30_ROM_AUTO_1R
INFO-FLOW: To file: write model MLP_MLP_Pipeline_VITIS_LOOP_77_3_weights_1_31_ROM_AUTO_1R
INFO-FLOW: To file: write model MLP_MLP_Pipeline_VITIS_LOOP_77_3_weights_1_32_ROM_AUTO_1R
INFO-FLOW: To file: write model MLP_MLP_Pipeline_VITIS_LOOP_77_3_weights_1_33_ROM_AUTO_1R
INFO-FLOW: To file: write model MLP_MLP_Pipeline_VITIS_LOOP_77_3_weights_1_34_ROM_AUTO_1R
INFO-FLOW: To file: write model MLP_MLP_Pipeline_VITIS_LOOP_77_3_weights_1_35_ROM_AUTO_1R
INFO-FLOW: To file: write model MLP_MLP_Pipeline_VITIS_LOOP_77_3_weights_1_36_ROM_AUTO_1R
INFO-FLOW: To file: write model MLP_MLP_Pipeline_VITIS_LOOP_77_3_weights_1_37_ROM_AUTO_1R
INFO-FLOW: To file: write model MLP_MLP_Pipeline_VITIS_LOOP_77_3_weights_1_38_ROM_AUTO_1R
INFO-FLOW: To file: write model MLP_MLP_Pipeline_VITIS_LOOP_77_3_weights_1_39_ROM_AUTO_1R
INFO-FLOW: To file: write model MLP_MLP_Pipeline_VITIS_LOOP_77_3_weights_1_40_ROM_AUTO_1R
INFO-FLOW: To file: write model MLP_MLP_Pipeline_VITIS_LOOP_77_3_weights_1_41_ROM_AUTO_1R
INFO-FLOW: To file: write model MLP_MLP_Pipeline_VITIS_LOOP_77_3_weights_1_42_ROM_AUTO_1R
INFO-FLOW: To file: write model MLP_MLP_Pipeline_VITIS_LOOP_77_3_weights_1_43_ROM_AUTO_1R
INFO-FLOW: To file: write model MLP_MLP_Pipeline_VITIS_LOOP_77_3_weights_1_44_ROM_AUTO_1R
INFO-FLOW: To file: write model MLP_MLP_Pipeline_VITIS_LOOP_77_3_weights_1_45_ROM_AUTO_1R
INFO-FLOW: To file: write model MLP_MLP_Pipeline_VITIS_LOOP_77_3_weights_1_46_ROM_AUTO_1R
INFO-FLOW: To file: write model MLP_MLP_Pipeline_VITIS_LOOP_77_3_weights_1_47_ROM_AUTO_1R
INFO-FLOW: To file: write model MLP_MLP_Pipeline_VITIS_LOOP_77_3_hidden_bias_1_ROM_AUTO_1R
INFO-FLOW: To file: write model MLP_flow_control_loop_pipe_sequential_init
INFO-FLOW: To file: write model MLP_MLP_Pipeline_VITIS_LOOP_94_5_weights_2_0_ROM_AUTO_1R
INFO-FLOW: To file: write model MLP_MLP_Pipeline_VITIS_LOOP_94_5_weights_2_1_ROM_AUTO_1R
INFO-FLOW: To file: write model MLP_MLP_Pipeline_VITIS_LOOP_94_5_weights_2_2_ROM_AUTO_1R
INFO-FLOW: To file: write model MLP_MLP_Pipeline_VITIS_LOOP_94_5_weights_2_3_ROM_AUTO_1R
INFO-FLOW: To file: write model MLP_MLP_Pipeline_VITIS_LOOP_94_5_weights_2_4_ROM_AUTO_1R
INFO-FLOW: To file: write model MLP_MLP_Pipeline_VITIS_LOOP_94_5_weights_2_5_ROM_AUTO_1R
INFO-FLOW: To file: write model MLP_MLP_Pipeline_VITIS_LOOP_94_5_weights_2_6_ROM_AUTO_1R
INFO-FLOW: To file: write model MLP_MLP_Pipeline_VITIS_LOOP_94_5_weights_2_7_ROM_AUTO_1R
INFO-FLOW: To file: write model MLP_MLP_Pipeline_VITIS_LOOP_94_5_weights_2_8_ROM_AUTO_1R
INFO-FLOW: To file: write model MLP_MLP_Pipeline_VITIS_LOOP_94_5_weights_2_9_ROM_AUTO_1R
INFO-FLOW: To file: write model MLP_MLP_Pipeline_VITIS_LOOP_94_5_weights_2_10_ROM_AUTO_1R
INFO-FLOW: To file: write model MLP_MLP_Pipeline_VITIS_LOOP_94_5_weights_2_11_ROM_AUTO_1R
INFO-FLOW: To file: write model MLP_MLP_Pipeline_VITIS_LOOP_94_5_weights_2_12_ROM_AUTO_1R
INFO-FLOW: To file: write model MLP_MLP_Pipeline_VITIS_LOOP_94_5_weights_2_13_ROM_AUTO_1R
INFO-FLOW: To file: write model MLP_MLP_Pipeline_VITIS_LOOP_94_5_weights_2_14_ROM_AUTO_1R
INFO-FLOW: To file: write model MLP_MLP_Pipeline_VITIS_LOOP_94_5_weights_2_15_ROM_AUTO_1R
INFO-FLOW: To file: write model MLP_MLP_Pipeline_VITIS_LOOP_94_5_weights_2_16_ROM_AUTO_1R
INFO-FLOW: To file: write model MLP_MLP_Pipeline_VITIS_LOOP_94_5_weights_2_17_ROM_AUTO_1R
INFO-FLOW: To file: write model MLP_MLP_Pipeline_VITIS_LOOP_94_5_weights_2_18_ROM_AUTO_1R
INFO-FLOW: To file: write model MLP_MLP_Pipeline_VITIS_LOOP_94_5_weights_2_19_ROM_AUTO_1R
INFO-FLOW: To file: write model MLP_MLP_Pipeline_VITIS_LOOP_94_5_weights_2_20_ROM_AUTO_1R
INFO-FLOW: To file: write model MLP_MLP_Pipeline_VITIS_LOOP_94_5_weights_2_21_ROM_AUTO_1R
INFO-FLOW: To file: write model MLP_MLP_Pipeline_VITIS_LOOP_94_5_weights_2_22_ROM_AUTO_1R
INFO-FLOW: To file: write model MLP_MLP_Pipeline_VITIS_LOOP_94_5_weights_2_23_ROM_AUTO_1R
INFO-FLOW: To file: write model MLP_MLP_Pipeline_VITIS_LOOP_94_5_hidden_bias_2_ROM_AUTO_1R
INFO-FLOW: To file: write model MLP_flow_control_loop_pipe_sequential_init
INFO-FLOW: To file: write model MLP_MLP_Pipeline_VITIS_LOOP_111_7_output_weights_0_ROM_AUTO_1R
INFO-FLOW: To file: write model MLP_MLP_Pipeline_VITIS_LOOP_111_7_output_weights_1_ROM_AUTO_1R
INFO-FLOW: To file: write model MLP_MLP_Pipeline_VITIS_LOOP_111_7_output_weights_2_ROM_AUTO_1R
INFO-FLOW: To file: write model MLP_MLP_Pipeline_VITIS_LOOP_111_7_output_weights_3_ROM_AUTO_1R
INFO-FLOW: To file: write model MLP_MLP_Pipeline_VITIS_LOOP_111_7_output_weights_4_ROM_AUTO_1R
INFO-FLOW: To file: write model MLP_MLP_Pipeline_VITIS_LOOP_111_7_output_weights_5_ROM_AUTO_1R
INFO-FLOW: To file: write model MLP_MLP_Pipeline_VITIS_LOOP_111_7_output_weights_6_ROM_AUTO_1R
INFO-FLOW: To file: write model MLP_MLP_Pipeline_VITIS_LOOP_111_7_output_weights_7_ROM_AUTO_1R
INFO-FLOW: To file: write model MLP_MLP_Pipeline_VITIS_LOOP_111_7_output_weights_8_ROM_AUTO_1R
INFO-FLOW: To file: write model MLP_MLP_Pipeline_VITIS_LOOP_111_7_output_weights_9_ROM_AUTO_1R
INFO-FLOW: To file: write model MLP_MLP_Pipeline_VITIS_LOOP_111_7_output_weights_10_ROM_AUTO_1R
INFO-FLOW: To file: write model MLP_MLP_Pipeline_VITIS_LOOP_111_7_output_weights_11_ROM_AUTO_1R
INFO-FLOW: To file: write model MLP_MLP_Pipeline_VITIS_LOOP_111_7_output_bias_ROM_AUTO_1R
INFO-FLOW: To file: write model MLP_flow_control_loop_pipe_sequential_init
INFO-FLOW: To file: write model MLP_flow_control_loop_pipe_sequential_init
INFO-FLOW: To file: write model MLP_flow_control_loop_pipe_sequential_init
INFO-FLOW: To file: write model MLP_fadd_32ns_32ns_32_4_full_dsp_1
INFO-FLOW: To file: write model MLP_fadd_32ns_32ns_32_4_full_dsp_1
INFO-FLOW: To file: write model MLP_fadd_32ns_32ns_32_4_full_dsp_1
INFO-FLOW: To file: write model MLP_fadd_32ns_32ns_32_4_full_dsp_1
INFO-FLOW: To file: write model MLP_fadd_32ns_32ns_32_4_full_dsp_1
INFO-FLOW: To file: write model MLP_fadd_32ns_32ns_32_4_full_dsp_1
INFO-FLOW: To file: write model MLP_fadd_32ns_32ns_32_4_full_dsp_1
INFO-FLOW: To file: write model MLP_fadd_32ns_32ns_32_4_full_dsp_1
INFO-FLOW: To file: write model MLP_fadd_32ns_32ns_32_4_full_dsp_1
INFO-FLOW: To file: write model MLP_fadd_32ns_32ns_32_4_full_dsp_1
INFO-FLOW: To file: write model MLP_fadd_32ns_32ns_32_4_full_dsp_1
INFO-FLOW: To file: write model MLP_fadd_32ns_32ns_32_4_full_dsp_1
INFO-FLOW: To file: write model MLP_fadd_32ns_32ns_32_4_full_dsp_1
INFO-FLOW: To file: write model MLP_fadd_32ns_32ns_32_4_full_dsp_1
INFO-FLOW: To file: write model MLP_fadd_32ns_32ns_32_4_full_dsp_1
INFO-FLOW: To file: write model MLP_fadd_32ns_32ns_32_4_full_dsp_1
INFO-FLOW: To file: write model MLP_fadd_32ns_32ns_32_4_full_dsp_1
INFO-FLOW: To file: write model MLP_fadd_32ns_32ns_32_4_full_dsp_1
INFO-FLOW: To file: write model MLP_fadd_32ns_32ns_32_4_full_dsp_1
INFO-FLOW: To file: write model MLP_fadd_32ns_32ns_32_4_full_dsp_1
INFO-FLOW: To file: write model MLP_fadd_32ns_32ns_32_4_full_dsp_1
INFO-FLOW: To file: write model MLP_fadd_32ns_32ns_32_4_full_dsp_1
INFO-FLOW: To file: write model MLP_fadd_32ns_32ns_32_4_full_dsp_1
INFO-FLOW: To file: write model MLP_fadd_32ns_32ns_32_4_full_dsp_1
INFO-FLOW: To file: write model MLP_fadd_32ns_32ns_32_4_full_dsp_1
INFO-FLOW: To file: write model MLP_fmul_32ns_32ns_32_3_max_dsp_1
INFO-FLOW: To file: write model MLP_fmul_32ns_32ns_32_3_max_dsp_1
INFO-FLOW: To file: write model MLP_fmul_32ns_32ns_32_3_max_dsp_1
INFO-FLOW: To file: write model MLP_fmul_32ns_32ns_32_3_max_dsp_1
INFO-FLOW: To file: write model MLP_fmul_32ns_32ns_32_3_max_dsp_1
INFO-FLOW: To file: write model MLP_fmul_32ns_32ns_32_3_max_dsp_1
INFO-FLOW: To file: write model MLP_fmul_32ns_32ns_32_3_max_dsp_1
INFO-FLOW: To file: write model MLP_fmul_32ns_32ns_32_3_max_dsp_1
INFO-FLOW: To file: write model MLP_fmul_32ns_32ns_32_3_max_dsp_1
INFO-FLOW: To file: write model MLP_fmul_32ns_32ns_32_3_max_dsp_1
INFO-FLOW: To file: write model MLP_fmul_32ns_32ns_32_3_max_dsp_1
INFO-FLOW: To file: write model MLP_fmul_32ns_32ns_32_3_max_dsp_1
INFO-FLOW: To file: write model MLP_fmul_32ns_32ns_32_3_max_dsp_1
INFO-FLOW: To file: write model MLP_fmul_32ns_32ns_32_3_max_dsp_1
INFO-FLOW: To file: write model MLP_fmul_32ns_32ns_32_3_max_dsp_1
INFO-FLOW: To file: write model MLP_fmul_32ns_32ns_32_3_max_dsp_1
INFO-FLOW: To file: write model MLP_fmul_32ns_32ns_32_3_max_dsp_1
INFO-FLOW: To file: write model MLP_fmul_32ns_32ns_32_3_max_dsp_1
INFO-FLOW: To file: write model MLP_fmul_32ns_32ns_32_3_max_dsp_1
INFO-FLOW: To file: write model MLP_fmul_32ns_32ns_32_3_max_dsp_1
INFO-FLOW: To file: write model MLP_fmul_32ns_32ns_32_3_max_dsp_1
INFO-FLOW: To file: write model MLP_fmul_32ns_32ns_32_3_max_dsp_1
INFO-FLOW: To file: write model MLP_fmul_32ns_32ns_32_3_max_dsp_1
INFO-FLOW: To file: write model MLP_fmul_32ns_32ns_32_3_max_dsp_1
INFO-FLOW: To file: write model MLP_fcmp_32ns_32ns_1_2_no_dsp_1
INFO-FLOW: To file: write model MLP_input_features_RAM_AUTO_1R1W
INFO-FLOW: To file: write model MLP_input_features_casted_RAM_AUTO_1R1W
INFO-FLOW: To file: write model MLP_hidden_layer_1_RAM_AUTO_1R1W
INFO-FLOW: To file: write model MLP_hidden_layer_2_RAM_AUTO_1R1W
INFO-FLOW: To file: write model MLP_output_layer_RAM_AUTO_1R1W
INFO-FLOW: To file: write model MLP_regslice_both
INFO-FLOW: To file: write model MLP_regslice_both
INFO-FLOW: To file: write model MLP_regslice_both
INFO-FLOW: To file: write model MLP_regslice_both
INFO-FLOW: To file: write model MLP_regslice_both
INFO-FLOW: To file: write model MLP_regslice_both
INFO-FLOW: To file: write model MLP_regslice_both
INFO-FLOW: To file: write model MLP_regslice_both
INFO-FLOW: To file: write model MLP_regslice_both
INFO-FLOW: To file: write model MLP_regslice_both
INFO-FLOW: To file: write model MLP_regslice_both
INFO-FLOW: To file: write model MLP_regslice_both
INFO-FLOW: To file: write model MLP_regslice_both
INFO-FLOW: To file: write model MLP_regslice_both
INFO-FLOW: To file: write model MLP_Pipeline_1
INFO-FLOW: To file: write model MLP_Pipeline_2
INFO-FLOW: To file: write model MLP_Pipeline_3
INFO-FLOW: To file: write model MLP_Pipeline_4
INFO-FLOW: To file: write model MLP_Pipeline_5
INFO-FLOW: To file: write model MLP_Pipeline_6
INFO-FLOW: To file: write model MLP_Pipeline_VITIS_LOOP_58_1
INFO-FLOW: To file: write model MLP_Pipeline_VITIS_LOOP_69_2
INFO-FLOW: To file: write model MLP_Pipeline_VITIS_LOOP_77_3
INFO-FLOW: To file: write model MLP_Pipeline_VITIS_LOOP_94_5
INFO-FLOW: To file: write model MLP_Pipeline_VITIS_LOOP_111_7
INFO-FLOW: To file: write model MLP_Pipeline_VITIS_LOOP_123_9
INFO-FLOW: To file: write model MLP_Pipeline_VITIS_LOOP_128_10
INFO-FLOW: To file: write model MLP
INFO-FLOW: Generating C:/Users/xingy/AppData/Roaming/Xilinx/Vitis/testHLS2/solution1/.autopilot/db/autopilot.rtl.models.tcl file...
INFO-FLOW: Finished generating RTL model list.


INFO-FLOW: RTL Generation done.
INFO-FLOW: CAS Generation done.
INFO-FLOW: CBC Generation done.
INFO-FLOW: DBG:PROC: ::AESL_AUTOMG::auto_generate_csynth_design
Execute       get_top 
Execute       get_config_export -ipname 
Execute       get_config_export -xo 
Execute       get_config_export -format 
Execute       get_config_rtl -module_auto_prefix 
INFO-FLOW: DBG:PUTS: read_platform_lib C:/Users/xingy/AppData/Roaming/Xilinx/Vitis/testHLS2/solution1/.autopilot/db/global.setting.tcl
Execute       source C:/Xilinx/Vitis_HLS/2022.1/common/technology/generic/autopilot/common.gen 
Execute         source C:/Xilinx/Vitis_HLS/2022.1/common/technology/generic/autopilot/APCoreGen.gen 
Execute       source C:/Xilinx/Vitis_HLS/2022.1/common/technology/generic/autopilot/op.gen 
Execute       source C:/Xilinx/Vitis_HLS/2022.1/common/technology/generic/autopilot/op_simcore.gen 
Execute       source C:/Xilinx/Vitis_HLS/2022.1/common/technology/generic/autopilot/interface.gen 
Execute       source C:/Users/xingy/AppData/Roaming/Xilinx/Vitis/testHLS2/solution1/.autopilot/db/global.setting.tcl 
Execute       source C:/Xilinx/Vitis_HLS/2022.1/common/technology/xilinx/common/xilinx.gen 
Execute         source C:/Xilinx/Vitis_HLS/2022.1/common/technology/xilinx/interface/plb46.gen 
Execute         source C:/Xilinx/Vitis_HLS/2022.1/common/technology/xilinx/interface/axi4.gen 
Execute         source C:/Xilinx/Vitis_HLS/2022.1/common/technology/xilinx/interface/nativeAXI4.gen 
Execute           source C:/Xilinx/Vitis_HLS/2022.1/common/technology/xilinx/interface/saxilite.gen 
Execute         source C:/Xilinx/Vitis_HLS/2022.1/common/technology/xilinx/scripts/xilinxcoregen.gen 
Execute         source C:/Xilinx/Vitis_HLS/2022.1/common/technology/xilinx/interface/XilEDKCoreGen.gen 
Execute         source C:/Xilinx/Vitis_HLS/2022.1/common/technology/xilinx/ip/dds_compiler.gen 
Execute         source C:/Xilinx/Vitis_HLS/2022.1/common/technology/xilinx/ip/util.gen 
Execute         source C:/Xilinx/Vitis_HLS/2022.1/common/technology/xilinx/ip/xfft.gen 
Command         ap_source done; 0.149 sec.
Execute         source C:/Xilinx/Vitis_HLS/2022.1/common/technology/xilinx/ip/xfir.gen 
Execute         source C:/Xilinx/Vitis_HLS/2022.1/common/technology/xilinx/DSP48/dsp48.gen 
Command       ap_source done; 0.226 sec.
INFO-FLOW: DBG:PUTS:   using AESL_AUTOCG::g_clock_period=10 (was NA)
INFO-FLOW: DBG:PROC: ::AESL_AUTOMG::generate_ip_cores gen_sim_model='1' gen_fp_models='0' gen_for_export='0' dstSCDir='' dstVhdlDir='C:/Users/xingy/AppData/Roaming/Xilinx/Vitis/testHLS2/solution1/.autopilot/db/vhdl' dstVlogDir='C:/Users/xingy/AppData/Roaming/Xilinx/Vitis/testHLS2/solution1/.autopilot/db/vlog' tclDir='C:/Users/xingy/AppData/Roaming/Xilinx/Vitis/testHLS2/solution1/.autopilot/db' modelList='MLP_flow_control_loop_pipe_sequential_init
MLP_flow_control_loop_pipe_sequential_init
MLP_flow_control_loop_pipe_sequential_init
MLP_flow_control_loop_pipe_sequential_init
MLP_flow_control_loop_pipe_sequential_init
MLP_flow_control_loop_pipe_sequential_init
MLP_flow_control_loop_pipe_sequential_init
MLP_fptrunc_64ns_32_2_no_dsp_1
MLP_ddiv_64ns_64ns_64_22_no_dsp_1
MLP_sitodp_32ns_64_4_no_dsp_1
MLP_flow_control_loop_pipe_sequential_init
MLP_fadd_32ns_32ns_32_4_full_dsp_1
MLP_fmul_32ns_32ns_32_3_max_dsp_1
MLP_MLP_Pipeline_VITIS_LOOP_77_3_weights_1_0_ROM_AUTO_1R
MLP_MLP_Pipeline_VITIS_LOOP_77_3_weights_1_1_ROM_AUTO_1R
MLP_MLP_Pipeline_VITIS_LOOP_77_3_weights_1_2_ROM_AUTO_1R
MLP_MLP_Pipeline_VITIS_LOOP_77_3_weights_1_3_ROM_AUTO_1R
MLP_MLP_Pipeline_VITIS_LOOP_77_3_weights_1_4_ROM_AUTO_1R
MLP_MLP_Pipeline_VITIS_LOOP_77_3_weights_1_5_ROM_AUTO_1R
MLP_MLP_Pipeline_VITIS_LOOP_77_3_weights_1_6_ROM_AUTO_1R
MLP_MLP_Pipeline_VITIS_LOOP_77_3_weights_1_7_ROM_AUTO_1R
MLP_MLP_Pipeline_VITIS_LOOP_77_3_weights_1_8_ROM_AUTO_1R
MLP_MLP_Pipeline_VITIS_LOOP_77_3_weights_1_9_ROM_AUTO_1R
MLP_MLP_Pipeline_VITIS_LOOP_77_3_weights_1_10_ROM_AUTO_1R
MLP_MLP_Pipeline_VITIS_LOOP_77_3_weights_1_11_ROM_AUTO_1R
MLP_MLP_Pipeline_VITIS_LOOP_77_3_weights_1_12_ROM_AUTO_1R
MLP_MLP_Pipeline_VITIS_LOOP_77_3_weights_1_13_ROM_AUTO_1R
MLP_MLP_Pipeline_VITIS_LOOP_77_3_weights_1_14_ROM_AUTO_1R
MLP_MLP_Pipeline_VITIS_LOOP_77_3_weights_1_15_ROM_AUTO_1R
MLP_MLP_Pipeline_VITIS_LOOP_77_3_weights_1_16_ROM_AUTO_1R
MLP_MLP_Pipeline_VITIS_LOOP_77_3_weights_1_17_ROM_AUTO_1R
MLP_MLP_Pipeline_VITIS_LOOP_77_3_weights_1_18_ROM_AUTO_1R
MLP_MLP_Pipeline_VITIS_LOOP_77_3_weights_1_19_ROM_AUTO_1R
MLP_MLP_Pipeline_VITIS_LOOP_77_3_weights_1_20_ROM_AUTO_1R
MLP_MLP_Pipeline_VITIS_LOOP_77_3_weights_1_21_ROM_AUTO_1R
MLP_MLP_Pipeline_VITIS_LOOP_77_3_weights_1_22_ROM_AUTO_1R
MLP_MLP_Pipeline_VITIS_LOOP_77_3_weights_1_23_ROM_AUTO_1R
MLP_MLP_Pipeline_VITIS_LOOP_77_3_weights_1_24_ROM_AUTO_1R
MLP_MLP_Pipeline_VITIS_LOOP_77_3_weights_1_25_ROM_AUTO_1R
MLP_MLP_Pipeline_VITIS_LOOP_77_3_weights_1_26_ROM_AUTO_1R
MLP_MLP_Pipeline_VITIS_LOOP_77_3_weights_1_27_ROM_AUTO_1R
MLP_MLP_Pipeline_VITIS_LOOP_77_3_weights_1_28_ROM_AUTO_1R
MLP_MLP_Pipeline_VITIS_LOOP_77_3_weights_1_29_ROM_AUTO_1R
MLP_MLP_Pipeline_VITIS_LOOP_77_3_weights_1_30_ROM_AUTO_1R
MLP_MLP_Pipeline_VITIS_LOOP_77_3_weights_1_31_ROM_AUTO_1R
MLP_MLP_Pipeline_VITIS_LOOP_77_3_weights_1_32_ROM_AUTO_1R
MLP_MLP_Pipeline_VITIS_LOOP_77_3_weights_1_33_ROM_AUTO_1R
MLP_MLP_Pipeline_VITIS_LOOP_77_3_weights_1_34_ROM_AUTO_1R
MLP_MLP_Pipeline_VITIS_LOOP_77_3_weights_1_35_ROM_AUTO_1R
MLP_MLP_Pipeline_VITIS_LOOP_77_3_weights_1_36_ROM_AUTO_1R
MLP_MLP_Pipeline_VITIS_LOOP_77_3_weights_1_37_ROM_AUTO_1R
MLP_MLP_Pipeline_VITIS_LOOP_77_3_weights_1_38_ROM_AUTO_1R
MLP_MLP_Pipeline_VITIS_LOOP_77_3_weights_1_39_ROM_AUTO_1R
MLP_MLP_Pipeline_VITIS_LOOP_77_3_weights_1_40_ROM_AUTO_1R
MLP_MLP_Pipeline_VITIS_LOOP_77_3_weights_1_41_ROM_AUTO_1R
MLP_MLP_Pipeline_VITIS_LOOP_77_3_weights_1_42_ROM_AUTO_1R
MLP_MLP_Pipeline_VITIS_LOOP_77_3_weights_1_43_ROM_AUTO_1R
MLP_MLP_Pipeline_VITIS_LOOP_77_3_weights_1_44_ROM_AUTO_1R
MLP_MLP_Pipeline_VITIS_LOOP_77_3_weights_1_45_ROM_AUTO_1R
MLP_MLP_Pipeline_VITIS_LOOP_77_3_weights_1_46_ROM_AUTO_1R
MLP_MLP_Pipeline_VITIS_LOOP_77_3_weights_1_47_ROM_AUTO_1R
MLP_MLP_Pipeline_VITIS_LOOP_77_3_hidden_bias_1_ROM_AUTO_1R
MLP_flow_control_loop_pipe_sequential_init
MLP_MLP_Pipeline_VITIS_LOOP_94_5_weights_2_0_ROM_AUTO_1R
MLP_MLP_Pipeline_VITIS_LOOP_94_5_weights_2_1_ROM_AUTO_1R
MLP_MLP_Pipeline_VITIS_LOOP_94_5_weights_2_2_ROM_AUTO_1R
MLP_MLP_Pipeline_VITIS_LOOP_94_5_weights_2_3_ROM_AUTO_1R
MLP_MLP_Pipeline_VITIS_LOOP_94_5_weights_2_4_ROM_AUTO_1R
MLP_MLP_Pipeline_VITIS_LOOP_94_5_weights_2_5_ROM_AUTO_1R
MLP_MLP_Pipeline_VITIS_LOOP_94_5_weights_2_6_ROM_AUTO_1R
MLP_MLP_Pipeline_VITIS_LOOP_94_5_weights_2_7_ROM_AUTO_1R
MLP_MLP_Pipeline_VITIS_LOOP_94_5_weights_2_8_ROM_AUTO_1R
MLP_MLP_Pipeline_VITIS_LOOP_94_5_weights_2_9_ROM_AUTO_1R
MLP_MLP_Pipeline_VITIS_LOOP_94_5_weights_2_10_ROM_AUTO_1R
MLP_MLP_Pipeline_VITIS_LOOP_94_5_weights_2_11_ROM_AUTO_1R
MLP_MLP_Pipeline_VITIS_LOOP_94_5_weights_2_12_ROM_AUTO_1R
MLP_MLP_Pipeline_VITIS_LOOP_94_5_weights_2_13_ROM_AUTO_1R
MLP_MLP_Pipeline_VITIS_LOOP_94_5_weights_2_14_ROM_AUTO_1R
MLP_MLP_Pipeline_VITIS_LOOP_94_5_weights_2_15_ROM_AUTO_1R
MLP_MLP_Pipeline_VITIS_LOOP_94_5_weights_2_16_ROM_AUTO_1R
MLP_MLP_Pipeline_VITIS_LOOP_94_5_weights_2_17_ROM_AUTO_1R
MLP_MLP_Pipeline_VITIS_LOOP_94_5_weights_2_18_ROM_AUTO_1R
MLP_MLP_Pipeline_VITIS_LOOP_94_5_weights_2_19_ROM_AUTO_1R
MLP_MLP_Pipeline_VITIS_LOOP_94_5_weights_2_20_ROM_AUTO_1R
MLP_MLP_Pipeline_VITIS_LOOP_94_5_weights_2_21_ROM_AUTO_1R
MLP_MLP_Pipeline_VITIS_LOOP_94_5_weights_2_22_ROM_AUTO_1R
MLP_MLP_Pipeline_VITIS_LOOP_94_5_weights_2_23_ROM_AUTO_1R
MLP_MLP_Pipeline_VITIS_LOOP_94_5_hidden_bias_2_ROM_AUTO_1R
MLP_flow_control_loop_pipe_sequential_init
MLP_MLP_Pipeline_VITIS_LOOP_111_7_output_weights_0_ROM_AUTO_1R
MLP_MLP_Pipeline_VITIS_LOOP_111_7_output_weights_1_ROM_AUTO_1R
MLP_MLP_Pipeline_VITIS_LOOP_111_7_output_weights_2_ROM_AUTO_1R
MLP_MLP_Pipeline_VITIS_LOOP_111_7_output_weights_3_ROM_AUTO_1R
MLP_MLP_Pipeline_VITIS_LOOP_111_7_output_weights_4_ROM_AUTO_1R
MLP_MLP_Pipeline_VITIS_LOOP_111_7_output_weights_5_ROM_AUTO_1R
MLP_MLP_Pipeline_VITIS_LOOP_111_7_output_weights_6_ROM_AUTO_1R
MLP_MLP_Pipeline_VITIS_LOOP_111_7_output_weights_7_ROM_AUTO_1R
MLP_MLP_Pipeline_VITIS_LOOP_111_7_output_weights_8_ROM_AUTO_1R
MLP_MLP_Pipeline_VITIS_LOOP_111_7_output_weights_9_ROM_AUTO_1R
MLP_MLP_Pipeline_VITIS_LOOP_111_7_output_weights_10_ROM_AUTO_1R
MLP_MLP_Pipeline_VITIS_LOOP_111_7_output_weights_11_ROM_AUTO_1R
MLP_MLP_Pipeline_VITIS_LOOP_111_7_output_bias_ROM_AUTO_1R
MLP_flow_control_loop_pipe_sequential_init
MLP_flow_control_loop_pipe_sequential_init
MLP_flow_control_loop_pipe_sequential_init
MLP_fadd_32ns_32ns_32_4_full_dsp_1
MLP_fadd_32ns_32ns_32_4_full_dsp_1
MLP_fadd_32ns_32ns_32_4_full_dsp_1
MLP_fadd_32ns_32ns_32_4_full_dsp_1
MLP_fadd_32ns_32ns_32_4_full_dsp_1
MLP_fadd_32ns_32ns_32_4_full_dsp_1
MLP_fadd_32ns_32ns_32_4_full_dsp_1
MLP_fadd_32ns_32ns_32_4_full_dsp_1
MLP_fadd_32ns_32ns_32_4_full_dsp_1
MLP_fadd_32ns_32ns_32_4_full_dsp_1
MLP_fadd_32ns_32ns_32_4_full_dsp_1
MLP_fadd_32ns_32ns_32_4_full_dsp_1
MLP_fadd_32ns_32ns_32_4_full_dsp_1
MLP_fadd_32ns_32ns_32_4_full_dsp_1
MLP_fadd_32ns_32ns_32_4_full_dsp_1
MLP_fadd_32ns_32ns_32_4_full_dsp_1
MLP_fadd_32ns_32ns_32_4_full_dsp_1
MLP_fadd_32ns_32ns_32_4_full_dsp_1
MLP_fadd_32ns_32ns_32_4_full_dsp_1
MLP_fadd_32ns_32ns_32_4_full_dsp_1
MLP_fadd_32ns_32ns_32_4_full_dsp_1
MLP_fadd_32ns_32ns_32_4_full_dsp_1
MLP_fadd_32ns_32ns_32_4_full_dsp_1
MLP_fadd_32ns_32ns_32_4_full_dsp_1
MLP_fadd_32ns_32ns_32_4_full_dsp_1
MLP_fmul_32ns_32ns_32_3_max_dsp_1
MLP_fmul_32ns_32ns_32_3_max_dsp_1
MLP_fmul_32ns_32ns_32_3_max_dsp_1
MLP_fmul_32ns_32ns_32_3_max_dsp_1
MLP_fmul_32ns_32ns_32_3_max_dsp_1
MLP_fmul_32ns_32ns_32_3_max_dsp_1
MLP_fmul_32ns_32ns_32_3_max_dsp_1
MLP_fmul_32ns_32ns_32_3_max_dsp_1
MLP_fmul_32ns_32ns_32_3_max_dsp_1
MLP_fmul_32ns_32ns_32_3_max_dsp_1
MLP_fmul_32ns_32ns_32_3_max_dsp_1
MLP_fmul_32ns_32ns_32_3_max_dsp_1
MLP_fmul_32ns_32ns_32_3_max_dsp_1
MLP_fmul_32ns_32ns_32_3_max_dsp_1
MLP_fmul_32ns_32ns_32_3_max_dsp_1
MLP_fmul_32ns_32ns_32_3_max_dsp_1
MLP_fmul_32ns_32ns_32_3_max_dsp_1
MLP_fmul_32ns_32ns_32_3_max_dsp_1
MLP_fmul_32ns_32ns_32_3_max_dsp_1
MLP_fmul_32ns_32ns_32_3_max_dsp_1
MLP_fmul_32ns_32ns_32_3_max_dsp_1
MLP_fmul_32ns_32ns_32_3_max_dsp_1
MLP_fmul_32ns_32ns_32_3_max_dsp_1
MLP_fmul_32ns_32ns_32_3_max_dsp_1
MLP_fcmp_32ns_32ns_1_2_no_dsp_1
MLP_input_features_RAM_AUTO_1R1W
MLP_input_features_casted_RAM_AUTO_1R1W
MLP_hidden_layer_1_RAM_AUTO_1R1W
MLP_hidden_layer_2_RAM_AUTO_1R1W
MLP_output_layer_RAM_AUTO_1R1W
MLP_regslice_both
MLP_regslice_both
MLP_regslice_both
MLP_regslice_both
MLP_regslice_both
MLP_regslice_both
MLP_regslice_both
MLP_regslice_both
MLP_regslice_both
MLP_regslice_both
MLP_regslice_both
MLP_regslice_both
MLP_regslice_both
MLP_regslice_both
MLP_Pipeline_1
MLP_Pipeline_2
MLP_Pipeline_3
MLP_Pipeline_4
MLP_Pipeline_5
MLP_Pipeline_6
MLP_Pipeline_VITIS_LOOP_58_1
MLP_Pipeline_VITIS_LOOP_69_2
MLP_Pipeline_VITIS_LOOP_77_3
MLP_Pipeline_VITIS_LOOP_94_5
MLP_Pipeline_VITIS_LOOP_111_7
MLP_Pipeline_VITIS_LOOP_123_9
MLP_Pipeline_VITIS_LOOP_128_10
MLP
' expOnly='0'
Execute       source C:/Users/xingy/AppData/Roaming/Xilinx/Vitis/testHLS2/solution1/.autopilot/db/global.setting.tcl 
Execute       ap_part_info -name xczu3eg-sbva484-2-i -data names -quiet 
Execute       ap_part_info -name xczu3eg-sbva484-2-i -data info -quiet 
Execute       source C:/Users/xingy/AppData/Roaming/Xilinx/Vitis/testHLS2/solution1/.autopilot/db/global.setting.tcl 
Execute       source C:/Users/xingy/AppData/Roaming/Xilinx/Vitis/testHLS2/solution1/.autopilot/db/global.setting.tcl 
Execute       source C:/Users/xingy/AppData/Roaming/Xilinx/Vitis/testHLS2/solution1/.autopilot/db/MLP_Pipeline_1.compgen.tcl 
Execute       source C:/Users/xingy/AppData/Roaming/Xilinx/Vitis/testHLS2/solution1/.autopilot/db/MLP_Pipeline_2.compgen.tcl 
Execute       source C:/Users/xingy/AppData/Roaming/Xilinx/Vitis/testHLS2/solution1/.autopilot/db/MLP_Pipeline_3.compgen.tcl 
Execute       source C:/Users/xingy/AppData/Roaming/Xilinx/Vitis/testHLS2/solution1/.autopilot/db/MLP_Pipeline_4.compgen.tcl 
Execute       source C:/Users/xingy/AppData/Roaming/Xilinx/Vitis/testHLS2/solution1/.autopilot/db/MLP_Pipeline_5.compgen.tcl 
Execute       source C:/Users/xingy/AppData/Roaming/Xilinx/Vitis/testHLS2/solution1/.autopilot/db/MLP_Pipeline_6.compgen.tcl 
Execute       source C:/Users/xingy/AppData/Roaming/Xilinx/Vitis/testHLS2/solution1/.autopilot/db/MLP_Pipeline_VITIS_LOOP_58_1.compgen.tcl 
Execute       source C:/Users/xingy/AppData/Roaming/Xilinx/Vitis/testHLS2/solution1/.autopilot/db/MLP_Pipeline_VITIS_LOOP_69_2.compgen.tcl 
Execute       source C:/Users/xingy/AppData/Roaming/Xilinx/Vitis/testHLS2/solution1/.autopilot/db/MLP_Pipeline_VITIS_LOOP_77_3.compgen.tcl 
Execute         ap_part_info -name xczu3eg-sbva484-2-i -data names -quiet 
Execute         ap_part_info -name xczu3eg-sbva484-2-i -data info -quiet 
INFO: [RTMG 210-279] Implementing memory 'MLP_MLP_Pipeline_VITIS_LOOP_77_3_weights_1_0_ROM_AUTO_1R' using auto ROMs.
Execute         ap_part_info -name xczu3eg-sbva484-2-i -data names -quiet 
Execute         ap_part_info -name xczu3eg-sbva484-2-i -data info -quiet 
Execute         ap_part_info -name xczu3eg-sbva484-2-i -data names -quiet 
Execute         ap_part_info -name xczu3eg-sbva484-2-i -data info -quiet 
Execute         ap_part_info -name xczu3eg-sbva484-2-i -data names -quiet 
Execute         ap_part_info -name xczu3eg-sbva484-2-i -data info -quiet 
INFO: [RTMG 210-279] Implementing memory 'MLP_MLP_Pipeline_VITIS_LOOP_77_3_weights_1_1_ROM_AUTO_1R' using auto ROMs.
Execute         ap_part_info -name xczu3eg-sbva484-2-i -data names -quiet 
Execute         ap_part_info -name xczu3eg-sbva484-2-i -data info -quiet 
Execute         ap_part_info -name xczu3eg-sbva484-2-i -data names -quiet 
Execute         ap_part_info -name xczu3eg-sbva484-2-i -data info -quiet 
Execute         ap_part_info -name xczu3eg-sbva484-2-i -data names -quiet 
Execute         ap_part_info -name xczu3eg-sbva484-2-i -data info -quiet 
INFO: [RTMG 210-279] Implementing memory 'MLP_MLP_Pipeline_VITIS_LOOP_77_3_weights_1_2_ROM_AUTO_1R' using auto ROMs.
Execute         ap_part_info -name xczu3eg-sbva484-2-i -data names -quiet 
Execute         ap_part_info -name xczu3eg-sbva484-2-i -data info -quiet 
Execute         ap_part_info -name xczu3eg-sbva484-2-i -data names -quiet 
Execute         ap_part_info -name xczu3eg-sbva484-2-i -data info -quiet 
Execute         ap_part_info -name xczu3eg-sbva484-2-i -data names -quiet 
Execute         ap_part_info -name xczu3eg-sbva484-2-i -data info -quiet 
INFO: [RTMG 210-279] Implementing memory 'MLP_MLP_Pipeline_VITIS_LOOP_77_3_weights_1_3_ROM_AUTO_1R' using auto ROMs.
Execute         ap_part_info -name xczu3eg-sbva484-2-i -data names -quiet 
Execute         ap_part_info -name xczu3eg-sbva484-2-i -data info -quiet 
Execute         ap_part_info -name xczu3eg-sbva484-2-i -data names -quiet 
Execute         ap_part_info -name xczu3eg-sbva484-2-i -data info -quiet 
Execute         ap_part_info -name xczu3eg-sbva484-2-i -data names -quiet 
Execute         ap_part_info -name xczu3eg-sbva484-2-i -data info -quiet 
INFO: [RTMG 210-279] Implementing memory 'MLP_MLP_Pipeline_VITIS_LOOP_77_3_weights_1_4_ROM_AUTO_1R' using auto ROMs.
Execute         ap_part_info -name xczu3eg-sbva484-2-i -data names -quiet 
Execute         ap_part_info -name xczu3eg-sbva484-2-i -data info -quiet 
Execute         ap_part_info -name xczu3eg-sbva484-2-i -data names -quiet 
Execute         ap_part_info -name xczu3eg-sbva484-2-i -data info -quiet 
Execute         ap_part_info -name xczu3eg-sbva484-2-i -data names -quiet 
Execute         ap_part_info -name xczu3eg-sbva484-2-i -data info -quiet 
INFO: [RTMG 210-279] Implementing memory 'MLP_MLP_Pipeline_VITIS_LOOP_77_3_weights_1_5_ROM_AUTO_1R' using auto ROMs.
Execute         ap_part_info -name xczu3eg-sbva484-2-i -data names -quiet 
Execute         ap_part_info -name xczu3eg-sbva484-2-i -data info -quiet 
Execute         ap_part_info -name xczu3eg-sbva484-2-i -data names -quiet 
Execute         ap_part_info -name xczu3eg-sbva484-2-i -data info -quiet 
Execute         ap_part_info -name xczu3eg-sbva484-2-i -data names -quiet 
Execute         ap_part_info -name xczu3eg-sbva484-2-i -data info -quiet 
INFO: [RTMG 210-279] Implementing memory 'MLP_MLP_Pipeline_VITIS_LOOP_77_3_weights_1_6_ROM_AUTO_1R' using auto ROMs.
Execute         ap_part_info -name xczu3eg-sbva484-2-i -data names -quiet 
Execute         ap_part_info -name xczu3eg-sbva484-2-i -data info -quiet 
Execute         ap_part_info -name xczu3eg-sbva484-2-i -data names -quiet 
Execute         ap_part_info -name xczu3eg-sbva484-2-i -data info -quiet 
Execute         ap_part_info -name xczu3eg-sbva484-2-i -data names -quiet 
Execute         ap_part_info -name xczu3eg-sbva484-2-i -data info -quiet 
INFO: [RTMG 210-279] Implementing memory 'MLP_MLP_Pipeline_VITIS_LOOP_77_3_weights_1_7_ROM_AUTO_1R' using auto ROMs.
Execute         ap_part_info -name xczu3eg-sbva484-2-i -data names -quiet 
Execute         ap_part_info -name xczu3eg-sbva484-2-i -data info -quiet 
Execute         ap_part_info -name xczu3eg-sbva484-2-i -data names -quiet 
Execute         ap_part_info -name xczu3eg-sbva484-2-i -data info -quiet 
Execute         ap_part_info -name xczu3eg-sbva484-2-i -data names -quiet 
Execute         ap_part_info -name xczu3eg-sbva484-2-i -data info -quiet 
INFO: [RTMG 210-279] Implementing memory 'MLP_MLP_Pipeline_VITIS_LOOP_77_3_weights_1_8_ROM_AUTO_1R' using auto ROMs.
Execute         ap_part_info -name xczu3eg-sbva484-2-i -data names -quiet 
Execute         ap_part_info -name xczu3eg-sbva484-2-i -data info -quiet 
Execute         ap_part_info -name xczu3eg-sbva484-2-i -data names -quiet 
Execute         ap_part_info -name xczu3eg-sbva484-2-i -data info -quiet 
Execute         ap_part_info -name xczu3eg-sbva484-2-i -data names -quiet 
Execute         ap_part_info -name xczu3eg-sbva484-2-i -data info -quiet 
INFO: [RTMG 210-279] Implementing memory 'MLP_MLP_Pipeline_VITIS_LOOP_77_3_weights_1_9_ROM_AUTO_1R' using auto ROMs.
Execute         ap_part_info -name xczu3eg-sbva484-2-i -data names -quiet 
Execute         ap_part_info -name xczu3eg-sbva484-2-i -data info -quiet 
Execute         ap_part_info -name xczu3eg-sbva484-2-i -data names -quiet 
Execute         ap_part_info -name xczu3eg-sbva484-2-i -data info -quiet 
Execute         ap_part_info -name xczu3eg-sbva484-2-i -data names -quiet 
Execute         ap_part_info -name xczu3eg-sbva484-2-i -data info -quiet 
INFO: [RTMG 210-279] Implementing memory 'MLP_MLP_Pipeline_VITIS_LOOP_77_3_weights_1_10_ROM_AUTO_1R' using auto ROMs.
Execute         ap_part_info -name xczu3eg-sbva484-2-i -data names -quiet 
Execute         ap_part_info -name xczu3eg-sbva484-2-i -data info -quiet 
Execute         ap_part_info -name xczu3eg-sbva484-2-i -data names -quiet 
Execute         ap_part_info -name xczu3eg-sbva484-2-i -data info -quiet 
Execute         ap_part_info -name xczu3eg-sbva484-2-i -data names -quiet 
Execute         ap_part_info -name xczu3eg-sbva484-2-i -data info -quiet 
INFO: [RTMG 210-279] Implementing memory 'MLP_MLP_Pipeline_VITIS_LOOP_77_3_weights_1_11_ROM_AUTO_1R' using auto ROMs.
Execute         ap_part_info -name xczu3eg-sbva484-2-i -data names -quiet 
Execute         ap_part_info -name xczu3eg-sbva484-2-i -data info -quiet 
Execute         ap_part_info -name xczu3eg-sbva484-2-i -data names -quiet 
Execute         ap_part_info -name xczu3eg-sbva484-2-i -data info -quiet 
Execute         ap_part_info -name xczu3eg-sbva484-2-i -data names -quiet 
Execute         ap_part_info -name xczu3eg-sbva484-2-i -data info -quiet 
INFO: [RTMG 210-279] Implementing memory 'MLP_MLP_Pipeline_VITIS_LOOP_77_3_weights_1_12_ROM_AUTO_1R' using auto ROMs.
Execute         ap_part_info -name xczu3eg-sbva484-2-i -data names -quiet 
Execute         ap_part_info -name xczu3eg-sbva484-2-i -data info -quiet 
Execute         ap_part_info -name xczu3eg-sbva484-2-i -data names -quiet 
Execute         ap_part_info -name xczu3eg-sbva484-2-i -data info -quiet 
Execute         ap_part_info -name xczu3eg-sbva484-2-i -data names -quiet 
Execute         ap_part_info -name xczu3eg-sbva484-2-i -data info -quiet 
INFO: [RTMG 210-279] Implementing memory 'MLP_MLP_Pipeline_VITIS_LOOP_77_3_weights_1_13_ROM_AUTO_1R' using auto ROMs.
Execute         ap_part_info -name xczu3eg-sbva484-2-i -data names -quiet 
Execute         ap_part_info -name xczu3eg-sbva484-2-i -data info -quiet 
Execute         ap_part_info -name xczu3eg-sbva484-2-i -data names -quiet 
Execute         ap_part_info -name xczu3eg-sbva484-2-i -data info -quiet 
Execute         ap_part_info -name xczu3eg-sbva484-2-i -data names -quiet 
Execute         ap_part_info -name xczu3eg-sbva484-2-i -data info -quiet 
INFO: [RTMG 210-279] Implementing memory 'MLP_MLP_Pipeline_VITIS_LOOP_77_3_weights_1_14_ROM_AUTO_1R' using auto ROMs.
Execute         ap_part_info -name xczu3eg-sbva484-2-i -data names -quiet 
Execute         ap_part_info -name xczu3eg-sbva484-2-i -data info -quiet 
Execute         ap_part_info -name xczu3eg-sbva484-2-i -data names -quiet 
Execute         ap_part_info -name xczu3eg-sbva484-2-i -data info -quiet 
Execute         ap_part_info -name xczu3eg-sbva484-2-i -data names -quiet 
Execute         ap_part_info -name xczu3eg-sbva484-2-i -data info -quiet 
INFO: [RTMG 210-279] Implementing memory 'MLP_MLP_Pipeline_VITIS_LOOP_77_3_weights_1_15_ROM_AUTO_1R' using auto ROMs.
Execute         ap_part_info -name xczu3eg-sbva484-2-i -data names -quiet 
Execute         ap_part_info -name xczu3eg-sbva484-2-i -data info -quiet 
Execute         ap_part_info -name xczu3eg-sbva484-2-i -data names -quiet 
Execute         ap_part_info -name xczu3eg-sbva484-2-i -data info -quiet 
Execute         ap_part_info -name xczu3eg-sbva484-2-i -data names -quiet 
Execute         ap_part_info -name xczu3eg-sbva484-2-i -data info -quiet 
INFO: [RTMG 210-279] Implementing memory 'MLP_MLP_Pipeline_VITIS_LOOP_77_3_weights_1_16_ROM_AUTO_1R' using auto ROMs.
Execute         ap_part_info -name xczu3eg-sbva484-2-i -data names -quiet 
Execute         ap_part_info -name xczu3eg-sbva484-2-i -data info -quiet 
Execute         ap_part_info -name xczu3eg-sbva484-2-i -data names -quiet 
Execute         ap_part_info -name xczu3eg-sbva484-2-i -data info -quiet 
Execute         ap_part_info -name xczu3eg-sbva484-2-i -data names -quiet 
Execute         ap_part_info -name xczu3eg-sbva484-2-i -data info -quiet 
INFO: [RTMG 210-279] Implementing memory 'MLP_MLP_Pipeline_VITIS_LOOP_77_3_weights_1_17_ROM_AUTO_1R' using auto ROMs.
Execute         ap_part_info -name xczu3eg-sbva484-2-i -data names -quiet 
Execute         ap_part_info -name xczu3eg-sbva484-2-i -data info -quiet 
Execute         ap_part_info -name xczu3eg-sbva484-2-i -data names -quiet 
Execute         ap_part_info -name xczu3eg-sbva484-2-i -data info -quiet 
Execute         ap_part_info -name xczu3eg-sbva484-2-i -data names -quiet 
Execute         ap_part_info -name xczu3eg-sbva484-2-i -data info -quiet 
INFO: [RTMG 210-279] Implementing memory 'MLP_MLP_Pipeline_VITIS_LOOP_77_3_weights_1_18_ROM_AUTO_1R' using auto ROMs.
Execute         ap_part_info -name xczu3eg-sbva484-2-i -data names -quiet 
Execute         ap_part_info -name xczu3eg-sbva484-2-i -data info -quiet 
Execute         ap_part_info -name xczu3eg-sbva484-2-i -data names -quiet 
Execute         ap_part_info -name xczu3eg-sbva484-2-i -data info -quiet 
Execute         ap_part_info -name xczu3eg-sbva484-2-i -data names -quiet 
Execute         ap_part_info -name xczu3eg-sbva484-2-i -data info -quiet 
INFO: [RTMG 210-279] Implementing memory 'MLP_MLP_Pipeline_VITIS_LOOP_77_3_weights_1_19_ROM_AUTO_1R' using auto ROMs.
Execute         ap_part_info -name xczu3eg-sbva484-2-i -data names -quiet 
Execute         ap_part_info -name xczu3eg-sbva484-2-i -data info -quiet 
Execute         ap_part_info -name xczu3eg-sbva484-2-i -data names -quiet 
Execute         ap_part_info -name xczu3eg-sbva484-2-i -data info -quiet 
Execute         ap_part_info -name xczu3eg-sbva484-2-i -data names -quiet 
Execute         ap_part_info -name xczu3eg-sbva484-2-i -data info -quiet 
INFO: [RTMG 210-279] Implementing memory 'MLP_MLP_Pipeline_VITIS_LOOP_77_3_weights_1_20_ROM_AUTO_1R' using auto ROMs.
Execute         ap_part_info -name xczu3eg-sbva484-2-i -data names -quiet 
Execute         ap_part_info -name xczu3eg-sbva484-2-i -data info -quiet 
Execute         ap_part_info -name xczu3eg-sbva484-2-i -data names -quiet 
Execute         ap_part_info -name xczu3eg-sbva484-2-i -data info -quiet 
Execute         ap_part_info -name xczu3eg-sbva484-2-i -data names -quiet 
Execute         ap_part_info -name xczu3eg-sbva484-2-i -data info -quiet 
INFO: [RTMG 210-279] Implementing memory 'MLP_MLP_Pipeline_VITIS_LOOP_77_3_weights_1_21_ROM_AUTO_1R' using auto ROMs.
Execute         ap_part_info -name xczu3eg-sbva484-2-i -data names -quiet 
Execute         ap_part_info -name xczu3eg-sbva484-2-i -data info -quiet 
Execute         ap_part_info -name xczu3eg-sbva484-2-i -data names -quiet 
Execute         ap_part_info -name xczu3eg-sbva484-2-i -data info -quiet 
Execute         ap_part_info -name xczu3eg-sbva484-2-i -data names -quiet 
Execute         ap_part_info -name xczu3eg-sbva484-2-i -data info -quiet 
INFO: [RTMG 210-279] Implementing memory 'MLP_MLP_Pipeline_VITIS_LOOP_77_3_weights_1_22_ROM_AUTO_1R' using auto ROMs.
Execute         ap_part_info -name xczu3eg-sbva484-2-i -data names -quiet 
Execute         ap_part_info -name xczu3eg-sbva484-2-i -data info -quiet 
Execute         ap_part_info -name xczu3eg-sbva484-2-i -data names -quiet 
Execute         ap_part_info -name xczu3eg-sbva484-2-i -data info -quiet 
Execute         ap_part_info -name xczu3eg-sbva484-2-i -data names -quiet 
Execute         ap_part_info -name xczu3eg-sbva484-2-i -data info -quiet 
INFO: [RTMG 210-279] Implementing memory 'MLP_MLP_Pipeline_VITIS_LOOP_77_3_weights_1_23_ROM_AUTO_1R' using auto ROMs.
Execute         ap_part_info -name xczu3eg-sbva484-2-i -data names -quiet 
Execute         ap_part_info -name xczu3eg-sbva484-2-i -data info -quiet 
Execute         ap_part_info -name xczu3eg-sbva484-2-i -data names -quiet 
Execute         ap_part_info -name xczu3eg-sbva484-2-i -data info -quiet 
Execute         ap_part_info -name xczu3eg-sbva484-2-i -data names -quiet 
Execute         ap_part_info -name xczu3eg-sbva484-2-i -data info -quiet 
INFO: [RTMG 210-279] Implementing memory 'MLP_MLP_Pipeline_VITIS_LOOP_77_3_weights_1_24_ROM_AUTO_1R' using auto ROMs.
Execute         ap_part_info -name xczu3eg-sbva484-2-i -data names -quiet 
Execute         ap_part_info -name xczu3eg-sbva484-2-i -data info -quiet 
Execute         ap_part_info -name xczu3eg-sbva484-2-i -data names -quiet 
Execute         ap_part_info -name xczu3eg-sbva484-2-i -data info -quiet 
Execute         ap_part_info -name xczu3eg-sbva484-2-i -data names -quiet 
Execute         ap_part_info -name xczu3eg-sbva484-2-i -data info -quiet 
INFO: [RTMG 210-279] Implementing memory 'MLP_MLP_Pipeline_VITIS_LOOP_77_3_weights_1_25_ROM_AUTO_1R' using auto ROMs.
Execute         ap_part_info -name xczu3eg-sbva484-2-i -data names -quiet 
Execute         ap_part_info -name xczu3eg-sbva484-2-i -data info -quiet 
Execute         ap_part_info -name xczu3eg-sbva484-2-i -data names -quiet 
Execute         ap_part_info -name xczu3eg-sbva484-2-i -data info -quiet 
Execute         ap_part_info -name xczu3eg-sbva484-2-i -data names -quiet 
Execute         ap_part_info -name xczu3eg-sbva484-2-i -data info -quiet 
INFO: [RTMG 210-279] Implementing memory 'MLP_MLP_Pipeline_VITIS_LOOP_77_3_weights_1_26_ROM_AUTO_1R' using auto ROMs.
Execute         ap_part_info -name xczu3eg-sbva484-2-i -data names -quiet 
Execute         ap_part_info -name xczu3eg-sbva484-2-i -data info -quiet 
Execute         ap_part_info -name xczu3eg-sbva484-2-i -data names -quiet 
Execute         ap_part_info -name xczu3eg-sbva484-2-i -data info -quiet 
Execute         ap_part_info -name xczu3eg-sbva484-2-i -data names -quiet 
Execute         ap_part_info -name xczu3eg-sbva484-2-i -data info -quiet 
INFO: [RTMG 210-279] Implementing memory 'MLP_MLP_Pipeline_VITIS_LOOP_77_3_weights_1_27_ROM_AUTO_1R' using auto ROMs.
Execute         ap_part_info -name xczu3eg-sbva484-2-i -data names -quiet 
Execute         ap_part_info -name xczu3eg-sbva484-2-i -data info -quiet 
Execute         ap_part_info -name xczu3eg-sbva484-2-i -data names -quiet 
Execute         ap_part_info -name xczu3eg-sbva484-2-i -data info -quiet 
Execute         ap_part_info -name xczu3eg-sbva484-2-i -data names -quiet 
Execute         ap_part_info -name xczu3eg-sbva484-2-i -data info -quiet 
INFO: [RTMG 210-279] Implementing memory 'MLP_MLP_Pipeline_VITIS_LOOP_77_3_weights_1_28_ROM_AUTO_1R' using auto ROMs.
Execute         ap_part_info -name xczu3eg-sbva484-2-i -data names -quiet 
Execute         ap_part_info -name xczu3eg-sbva484-2-i -data info -quiet 
Execute         ap_part_info -name xczu3eg-sbva484-2-i -data names -quiet 
Execute         ap_part_info -name xczu3eg-sbva484-2-i -data info -quiet 
Execute         ap_part_info -name xczu3eg-sbva484-2-i -data names -quiet 
Execute         ap_part_info -name xczu3eg-sbva484-2-i -data info -quiet 
INFO: [RTMG 210-279] Implementing memory 'MLP_MLP_Pipeline_VITIS_LOOP_77_3_weights_1_29_ROM_AUTO_1R' using auto ROMs.
Execute         ap_part_info -name xczu3eg-sbva484-2-i -data names -quiet 
Execute         ap_part_info -name xczu3eg-sbva484-2-i -data info -quiet 
Execute         ap_part_info -name xczu3eg-sbva484-2-i -data names -quiet 
Execute         ap_part_info -name xczu3eg-sbva484-2-i -data info -quiet 
Execute         ap_part_info -name xczu3eg-sbva484-2-i -data names -quiet 
Execute         ap_part_info -name xczu3eg-sbva484-2-i -data info -quiet 
INFO: [RTMG 210-279] Implementing memory 'MLP_MLP_Pipeline_VITIS_LOOP_77_3_weights_1_30_ROM_AUTO_1R' using auto ROMs.
Execute         ap_part_info -name xczu3eg-sbva484-2-i -data names -quiet 
Execute         ap_part_info -name xczu3eg-sbva484-2-i -data info -quiet 
Execute         ap_part_info -name xczu3eg-sbva484-2-i -data names -quiet 
Execute         ap_part_info -name xczu3eg-sbva484-2-i -data info -quiet 
Execute         ap_part_info -name xczu3eg-sbva484-2-i -data names -quiet 
Execute         ap_part_info -name xczu3eg-sbva484-2-i -data info -quiet 
INFO: [RTMG 210-279] Implementing memory 'MLP_MLP_Pipeline_VITIS_LOOP_77_3_weights_1_31_ROM_AUTO_1R' using auto ROMs.
Execute         ap_part_info -name xczu3eg-sbva484-2-i -data names -quiet 
Execute         ap_part_info -name xczu3eg-sbva484-2-i -data info -quiet 
Execute         ap_part_info -name xczu3eg-sbva484-2-i -data names -quiet 
Execute         ap_part_info -name xczu3eg-sbva484-2-i -data info -quiet 
Execute         ap_part_info -name xczu3eg-sbva484-2-i -data names -quiet 
Execute         ap_part_info -name xczu3eg-sbva484-2-i -data info -quiet 
INFO: [RTMG 210-279] Implementing memory 'MLP_MLP_Pipeline_VITIS_LOOP_77_3_weights_1_32_ROM_AUTO_1R' using auto ROMs.
Execute         ap_part_info -name xczu3eg-sbva484-2-i -data names -quiet 
Execute         ap_part_info -name xczu3eg-sbva484-2-i -data info -quiet 
Execute         ap_part_info -name xczu3eg-sbva484-2-i -data names -quiet 
Execute         ap_part_info -name xczu3eg-sbva484-2-i -data info -quiet 
Execute         ap_part_info -name xczu3eg-sbva484-2-i -data names -quiet 
Execute         ap_part_info -name xczu3eg-sbva484-2-i -data info -quiet 
INFO: [RTMG 210-279] Implementing memory 'MLP_MLP_Pipeline_VITIS_LOOP_77_3_weights_1_33_ROM_AUTO_1R' using auto ROMs.
Execute         ap_part_info -name xczu3eg-sbva484-2-i -data names -quiet 
Execute         ap_part_info -name xczu3eg-sbva484-2-i -data info -quiet 
Execute         ap_part_info -name xczu3eg-sbva484-2-i -data names -quiet 
Execute         ap_part_info -name xczu3eg-sbva484-2-i -data info -quiet 
Execute         ap_part_info -name xczu3eg-sbva484-2-i -data names -quiet 
Execute         ap_part_info -name xczu3eg-sbva484-2-i -data info -quiet 
INFO: [RTMG 210-279] Implementing memory 'MLP_MLP_Pipeline_VITIS_LOOP_77_3_weights_1_34_ROM_AUTO_1R' using auto ROMs.
Execute         ap_part_info -name xczu3eg-sbva484-2-i -data names -quiet 
Execute         ap_part_info -name xczu3eg-sbva484-2-i -data info -quiet 
Execute         ap_part_info -name xczu3eg-sbva484-2-i -data names -quiet 
Execute         ap_part_info -name xczu3eg-sbva484-2-i -data info -quiet 
Execute         ap_part_info -name xczu3eg-sbva484-2-i -data names -quiet 
Execute         ap_part_info -name xczu3eg-sbva484-2-i -data info -quiet 
INFO: [RTMG 210-279] Implementing memory 'MLP_MLP_Pipeline_VITIS_LOOP_77_3_weights_1_35_ROM_AUTO_1R' using auto ROMs.
Execute         ap_part_info -name xczu3eg-sbva484-2-i -data names -quiet 
Execute         ap_part_info -name xczu3eg-sbva484-2-i -data info -quiet 
Execute         ap_part_info -name xczu3eg-sbva484-2-i -data names -quiet 
Execute         ap_part_info -name xczu3eg-sbva484-2-i -data info -quiet 
Execute         ap_part_info -name xczu3eg-sbva484-2-i -data names -quiet 
Execute         ap_part_info -name xczu3eg-sbva484-2-i -data info -quiet 
INFO: [RTMG 210-279] Implementing memory 'MLP_MLP_Pipeline_VITIS_LOOP_77_3_weights_1_36_ROM_AUTO_1R' using auto ROMs.
Execute         ap_part_info -name xczu3eg-sbva484-2-i -data names -quiet 
Execute         ap_part_info -name xczu3eg-sbva484-2-i -data info -quiet 
Execute         ap_part_info -name xczu3eg-sbva484-2-i -data names -quiet 
Execute         ap_part_info -name xczu3eg-sbva484-2-i -data info -quiet 
Execute         ap_part_info -name xczu3eg-sbva484-2-i -data names -quiet 
Execute         ap_part_info -name xczu3eg-sbva484-2-i -data info -quiet 
INFO: [RTMG 210-279] Implementing memory 'MLP_MLP_Pipeline_VITIS_LOOP_77_3_weights_1_37_ROM_AUTO_1R' using auto ROMs.
Execute         ap_part_info -name xczu3eg-sbva484-2-i -data names -quiet 
Execute         ap_part_info -name xczu3eg-sbva484-2-i -data info -quiet 
Execute         ap_part_info -name xczu3eg-sbva484-2-i -data names -quiet 
Execute         ap_part_info -name xczu3eg-sbva484-2-i -data info -quiet 
Execute         ap_part_info -name xczu3eg-sbva484-2-i -data names -quiet 
Execute         ap_part_info -name xczu3eg-sbva484-2-i -data info -quiet 
INFO: [RTMG 210-279] Implementing memory 'MLP_MLP_Pipeline_VITIS_LOOP_77_3_weights_1_38_ROM_AUTO_1R' using auto ROMs.
Execute         ap_part_info -name xczu3eg-sbva484-2-i -data names -quiet 
Execute         ap_part_info -name xczu3eg-sbva484-2-i -data info -quiet 
Execute         ap_part_info -name xczu3eg-sbva484-2-i -data names -quiet 
Execute         ap_part_info -name xczu3eg-sbva484-2-i -data info -quiet 
Execute         ap_part_info -name xczu3eg-sbva484-2-i -data names -quiet 
Execute         ap_part_info -name xczu3eg-sbva484-2-i -data info -quiet 
INFO: [RTMG 210-279] Implementing memory 'MLP_MLP_Pipeline_VITIS_LOOP_77_3_weights_1_39_ROM_AUTO_1R' using auto ROMs.
Execute         ap_part_info -name xczu3eg-sbva484-2-i -data names -quiet 
Execute         ap_part_info -name xczu3eg-sbva484-2-i -data info -quiet 
Execute         ap_part_info -name xczu3eg-sbva484-2-i -data names -quiet 
Execute         ap_part_info -name xczu3eg-sbva484-2-i -data info -quiet 
Execute         ap_part_info -name xczu3eg-sbva484-2-i -data names -quiet 
Execute         ap_part_info -name xczu3eg-sbva484-2-i -data info -quiet 
INFO: [RTMG 210-279] Implementing memory 'MLP_MLP_Pipeline_VITIS_LOOP_77_3_weights_1_40_ROM_AUTO_1R' using auto ROMs.
Execute         ap_part_info -name xczu3eg-sbva484-2-i -data names -quiet 
Execute         ap_part_info -name xczu3eg-sbva484-2-i -data info -quiet 
Execute         ap_part_info -name xczu3eg-sbva484-2-i -data names -quiet 
Execute         ap_part_info -name xczu3eg-sbva484-2-i -data info -quiet 
Execute         ap_part_info -name xczu3eg-sbva484-2-i -data names -quiet 
Execute         ap_part_info -name xczu3eg-sbva484-2-i -data info -quiet 
INFO: [RTMG 210-279] Implementing memory 'MLP_MLP_Pipeline_VITIS_LOOP_77_3_weights_1_41_ROM_AUTO_1R' using auto ROMs.
Execute         ap_part_info -name xczu3eg-sbva484-2-i -data names -quiet 
Execute         ap_part_info -name xczu3eg-sbva484-2-i -data info -quiet 
Execute         ap_part_info -name xczu3eg-sbva484-2-i -data names -quiet 
Execute         ap_part_info -name xczu3eg-sbva484-2-i -data info -quiet 
Execute         ap_part_info -name xczu3eg-sbva484-2-i -data names -quiet 
Execute         ap_part_info -name xczu3eg-sbva484-2-i -data info -quiet 
INFO: [RTMG 210-279] Implementing memory 'MLP_MLP_Pipeline_VITIS_LOOP_77_3_weights_1_42_ROM_AUTO_1R' using auto ROMs.
Execute         ap_part_info -name xczu3eg-sbva484-2-i -data names -quiet 
Execute         ap_part_info -name xczu3eg-sbva484-2-i -data info -quiet 
Execute         ap_part_info -name xczu3eg-sbva484-2-i -data names -quiet 
Execute         ap_part_info -name xczu3eg-sbva484-2-i -data info -quiet 
Execute         ap_part_info -name xczu3eg-sbva484-2-i -data names -quiet 
Execute         ap_part_info -name xczu3eg-sbva484-2-i -data info -quiet 
INFO: [RTMG 210-279] Implementing memory 'MLP_MLP_Pipeline_VITIS_LOOP_77_3_weights_1_43_ROM_AUTO_1R' using auto ROMs.
Execute         ap_part_info -name xczu3eg-sbva484-2-i -data names -quiet 
Execute         ap_part_info -name xczu3eg-sbva484-2-i -data info -quiet 
Execute         ap_part_info -name xczu3eg-sbva484-2-i -data names -quiet 
Execute         ap_part_info -name xczu3eg-sbva484-2-i -data info -quiet 
Execute         ap_part_info -name xczu3eg-sbva484-2-i -data names -quiet 
Execute         ap_part_info -name xczu3eg-sbva484-2-i -data info -quiet 
INFO: [RTMG 210-279] Implementing memory 'MLP_MLP_Pipeline_VITIS_LOOP_77_3_weights_1_44_ROM_AUTO_1R' using auto ROMs.
Execute         ap_part_info -name xczu3eg-sbva484-2-i -data names -quiet 
Execute         ap_part_info -name xczu3eg-sbva484-2-i -data info -quiet 
Execute         ap_part_info -name xczu3eg-sbva484-2-i -data names -quiet 
Execute         ap_part_info -name xczu3eg-sbva484-2-i -data info -quiet 
Execute         ap_part_info -name xczu3eg-sbva484-2-i -data names -quiet 
Execute         ap_part_info -name xczu3eg-sbva484-2-i -data info -quiet 
INFO: [RTMG 210-279] Implementing memory 'MLP_MLP_Pipeline_VITIS_LOOP_77_3_weights_1_45_ROM_AUTO_1R' using auto ROMs.
Execute         ap_part_info -name xczu3eg-sbva484-2-i -data names -quiet 
Execute         ap_part_info -name xczu3eg-sbva484-2-i -data info -quiet 
Execute         ap_part_info -name xczu3eg-sbva484-2-i -data names -quiet 
Execute         ap_part_info -name xczu3eg-sbva484-2-i -data info -quiet 
Execute         ap_part_info -name xczu3eg-sbva484-2-i -data names -quiet 
Execute         ap_part_info -name xczu3eg-sbva484-2-i -data info -quiet 
INFO: [RTMG 210-279] Implementing memory 'MLP_MLP_Pipeline_VITIS_LOOP_77_3_weights_1_46_ROM_AUTO_1R' using auto ROMs.
Execute         ap_part_info -name xczu3eg-sbva484-2-i -data names -quiet 
Execute         ap_part_info -name xczu3eg-sbva484-2-i -data info -quiet 
Execute         ap_part_info -name xczu3eg-sbva484-2-i -data names -quiet 
Execute         ap_part_info -name xczu3eg-sbva484-2-i -data info -quiet 
Execute         ap_part_info -name xczu3eg-sbva484-2-i -data names -quiet 
Execute         ap_part_info -name xczu3eg-sbva484-2-i -data info -quiet 
INFO: [RTMG 210-279] Implementing memory 'MLP_MLP_Pipeline_VITIS_LOOP_77_3_weights_1_47_ROM_AUTO_1R' using auto ROMs.
Execute         ap_part_info -name xczu3eg-sbva484-2-i -data names -quiet 
Execute         ap_part_info -name xczu3eg-sbva484-2-i -data info -quiet 
Execute         ap_part_info -name xczu3eg-sbva484-2-i -data names -quiet 
Execute         ap_part_info -name xczu3eg-sbva484-2-i -data info -quiet 
Execute         ap_part_info -name xczu3eg-sbva484-2-i -data names -quiet 
Execute         ap_part_info -name xczu3eg-sbva484-2-i -data info -quiet 
INFO: [RTMG 210-279] Implementing memory 'MLP_MLP_Pipeline_VITIS_LOOP_77_3_hidden_bias_1_ROM_AUTO_1R' using auto ROMs.
Execute         ap_part_info -name xczu3eg-sbva484-2-i -data names -quiet 
Execute         ap_part_info -name xczu3eg-sbva484-2-i -data info -quiet 
Execute         ap_part_info -name xczu3eg-sbva484-2-i -data names -quiet 
Execute         ap_part_info -name xczu3eg-sbva484-2-i -data info -quiet 
Command       ap_source done; 8.127 sec.
Execute       source C:/Users/xingy/AppData/Roaming/Xilinx/Vitis/testHLS2/solution1/.autopilot/db/MLP_Pipeline_VITIS_LOOP_94_5.compgen.tcl 
Execute         ap_part_info -name xczu3eg-sbva484-2-i -data names -quiet 
Execute         ap_part_info -name xczu3eg-sbva484-2-i -data info -quiet 
INFO: [RTMG 210-279] Implementing memory 'MLP_MLP_Pipeline_VITIS_LOOP_94_5_weights_2_0_ROM_AUTO_1R' using auto ROMs.
Execute         ap_part_info -name xczu3eg-sbva484-2-i -data names -quiet 
Execute         ap_part_info -name xczu3eg-sbva484-2-i -data info -quiet 
Execute         ap_part_info -name xczu3eg-sbva484-2-i -data names -quiet 
Execute         ap_part_info -name xczu3eg-sbva484-2-i -data info -quiet 
Execute         ap_part_info -name xczu3eg-sbva484-2-i -data names -quiet 
Execute         ap_part_info -name xczu3eg-sbva484-2-i -data info -quiet 
INFO: [RTMG 210-279] Implementing memory 'MLP_MLP_Pipeline_VITIS_LOOP_94_5_weights_2_1_ROM_AUTO_1R' using auto ROMs.
Execute         ap_part_info -name xczu3eg-sbva484-2-i -data names -quiet 
Execute         ap_part_info -name xczu3eg-sbva484-2-i -data info -quiet 
Execute         ap_part_info -name xczu3eg-sbva484-2-i -data names -quiet 
Execute         ap_part_info -name xczu3eg-sbva484-2-i -data info -quiet 
Execute         ap_part_info -name xczu3eg-sbva484-2-i -data names -quiet 
Execute         ap_part_info -name xczu3eg-sbva484-2-i -data info -quiet 
INFO: [RTMG 210-279] Implementing memory 'MLP_MLP_Pipeline_VITIS_LOOP_94_5_weights_2_2_ROM_AUTO_1R' using auto ROMs.
Execute         ap_part_info -name xczu3eg-sbva484-2-i -data names -quiet 
Execute         ap_part_info -name xczu3eg-sbva484-2-i -data info -quiet 
Execute         ap_part_info -name xczu3eg-sbva484-2-i -data names -quiet 
Execute         ap_part_info -name xczu3eg-sbva484-2-i -data info -quiet 
Execute         ap_part_info -name xczu3eg-sbva484-2-i -data names -quiet 
Execute         ap_part_info -name xczu3eg-sbva484-2-i -data info -quiet 
INFO: [RTMG 210-279] Implementing memory 'MLP_MLP_Pipeline_VITIS_LOOP_94_5_weights_2_3_ROM_AUTO_1R' using auto ROMs.
Execute         ap_part_info -name xczu3eg-sbva484-2-i -data names -quiet 
Execute         ap_part_info -name xczu3eg-sbva484-2-i -data info -quiet 
Execute         ap_part_info -name xczu3eg-sbva484-2-i -data names -quiet 
Execute         ap_part_info -name xczu3eg-sbva484-2-i -data info -quiet 
Execute         ap_part_info -name xczu3eg-sbva484-2-i -data names -quiet 
Execute         ap_part_info -name xczu3eg-sbva484-2-i -data info -quiet 
INFO: [RTMG 210-279] Implementing memory 'MLP_MLP_Pipeline_VITIS_LOOP_94_5_weights_2_4_ROM_AUTO_1R' using auto ROMs.
Execute         ap_part_info -name xczu3eg-sbva484-2-i -data names -quiet 
Execute         ap_part_info -name xczu3eg-sbva484-2-i -data info -quiet 
Execute         ap_part_info -name xczu3eg-sbva484-2-i -data names -quiet 
Execute         ap_part_info -name xczu3eg-sbva484-2-i -data info -quiet 
Execute         ap_part_info -name xczu3eg-sbva484-2-i -data names -quiet 
Execute         ap_part_info -name xczu3eg-sbva484-2-i -data info -quiet 
INFO: [RTMG 210-279] Implementing memory 'MLP_MLP_Pipeline_VITIS_LOOP_94_5_weights_2_5_ROM_AUTO_1R' using auto ROMs.
Execute         ap_part_info -name xczu3eg-sbva484-2-i -data names -quiet 
Execute         ap_part_info -name xczu3eg-sbva484-2-i -data info -quiet 
Execute         ap_part_info -name xczu3eg-sbva484-2-i -data names -quiet 
Execute         ap_part_info -name xczu3eg-sbva484-2-i -data info -quiet 
Execute         ap_part_info -name xczu3eg-sbva484-2-i -data names -quiet 
Execute         ap_part_info -name xczu3eg-sbva484-2-i -data info -quiet 
INFO: [RTMG 210-279] Implementing memory 'MLP_MLP_Pipeline_VITIS_LOOP_94_5_weights_2_6_ROM_AUTO_1R' using auto ROMs.
Execute         ap_part_info -name xczu3eg-sbva484-2-i -data names -quiet 
Execute         ap_part_info -name xczu3eg-sbva484-2-i -data info -quiet 
Execute         ap_part_info -name xczu3eg-sbva484-2-i -data names -quiet 
Execute         ap_part_info -name xczu3eg-sbva484-2-i -data info -quiet 
Execute         ap_part_info -name xczu3eg-sbva484-2-i -data names -quiet 
Execute         ap_part_info -name xczu3eg-sbva484-2-i -data info -quiet 
INFO: [RTMG 210-279] Implementing memory 'MLP_MLP_Pipeline_VITIS_LOOP_94_5_weights_2_7_ROM_AUTO_1R' using auto ROMs.
Execute         ap_part_info -name xczu3eg-sbva484-2-i -data names -quiet 
Execute         ap_part_info -name xczu3eg-sbva484-2-i -data info -quiet 
Execute         ap_part_info -name xczu3eg-sbva484-2-i -data names -quiet 
Execute         ap_part_info -name xczu3eg-sbva484-2-i -data info -quiet 
Execute         ap_part_info -name xczu3eg-sbva484-2-i -data names -quiet 
Execute         ap_part_info -name xczu3eg-sbva484-2-i -data info -quiet 
INFO: [RTMG 210-279] Implementing memory 'MLP_MLP_Pipeline_VITIS_LOOP_94_5_weights_2_8_ROM_AUTO_1R' using auto ROMs.
Execute         ap_part_info -name xczu3eg-sbva484-2-i -data names -quiet 
Execute         ap_part_info -name xczu3eg-sbva484-2-i -data info -quiet 
Execute         ap_part_info -name xczu3eg-sbva484-2-i -data names -quiet 
Execute         ap_part_info -name xczu3eg-sbva484-2-i -data info -quiet 
Execute         ap_part_info -name xczu3eg-sbva484-2-i -data names -quiet 
Execute         ap_part_info -name xczu3eg-sbva484-2-i -data info -quiet 
INFO: [RTMG 210-279] Implementing memory 'MLP_MLP_Pipeline_VITIS_LOOP_94_5_weights_2_9_ROM_AUTO_1R' using auto ROMs.
Execute         ap_part_info -name xczu3eg-sbva484-2-i -data names -quiet 
Execute         ap_part_info -name xczu3eg-sbva484-2-i -data info -quiet 
Execute         ap_part_info -name xczu3eg-sbva484-2-i -data names -quiet 
Execute         ap_part_info -name xczu3eg-sbva484-2-i -data info -quiet 
Execute         ap_part_info -name xczu3eg-sbva484-2-i -data names -quiet 
Execute         ap_part_info -name xczu3eg-sbva484-2-i -data info -quiet 
INFO: [RTMG 210-279] Implementing memory 'MLP_MLP_Pipeline_VITIS_LOOP_94_5_weights_2_10_ROM_AUTO_1R' using auto ROMs.
Execute         ap_part_info -name xczu3eg-sbva484-2-i -data names -quiet 
Execute         ap_part_info -name xczu3eg-sbva484-2-i -data info -quiet 
Execute         ap_part_info -name xczu3eg-sbva484-2-i -data names -quiet 
Execute         ap_part_info -name xczu3eg-sbva484-2-i -data info -quiet 
Execute         ap_part_info -name xczu3eg-sbva484-2-i -data names -quiet 
Execute         ap_part_info -name xczu3eg-sbva484-2-i -data info -quiet 
INFO: [RTMG 210-279] Implementing memory 'MLP_MLP_Pipeline_VITIS_LOOP_94_5_weights_2_11_ROM_AUTO_1R' using auto ROMs.
Execute         ap_part_info -name xczu3eg-sbva484-2-i -data names -quiet 
Execute         ap_part_info -name xczu3eg-sbva484-2-i -data info -quiet 
Execute         ap_part_info -name xczu3eg-sbva484-2-i -data names -quiet 
Execute         ap_part_info -name xczu3eg-sbva484-2-i -data info -quiet 
Execute         ap_part_info -name xczu3eg-sbva484-2-i -data names -quiet 
Execute         ap_part_info -name xczu3eg-sbva484-2-i -data info -quiet 
INFO: [RTMG 210-279] Implementing memory 'MLP_MLP_Pipeline_VITIS_LOOP_94_5_weights_2_12_ROM_AUTO_1R' using auto ROMs.
Execute         ap_part_info -name xczu3eg-sbva484-2-i -data names -quiet 
Execute         ap_part_info -name xczu3eg-sbva484-2-i -data info -quiet 
Execute         ap_part_info -name xczu3eg-sbva484-2-i -data names -quiet 
Execute         ap_part_info -name xczu3eg-sbva484-2-i -data info -quiet 
Execute         ap_part_info -name xczu3eg-sbva484-2-i -data names -quiet 
Execute         ap_part_info -name xczu3eg-sbva484-2-i -data info -quiet 
INFO: [RTMG 210-279] Implementing memory 'MLP_MLP_Pipeline_VITIS_LOOP_94_5_weights_2_13_ROM_AUTO_1R' using auto ROMs.
Execute         ap_part_info -name xczu3eg-sbva484-2-i -data names -quiet 
Execute         ap_part_info -name xczu3eg-sbva484-2-i -data info -quiet 
Execute         ap_part_info -name xczu3eg-sbva484-2-i -data names -quiet 
Execute         ap_part_info -name xczu3eg-sbva484-2-i -data info -quiet 
Execute         ap_part_info -name xczu3eg-sbva484-2-i -data names -quiet 
Execute         ap_part_info -name xczu3eg-sbva484-2-i -data info -quiet 
INFO: [RTMG 210-279] Implementing memory 'MLP_MLP_Pipeline_VITIS_LOOP_94_5_weights_2_14_ROM_AUTO_1R' using auto ROMs.
Execute         ap_part_info -name xczu3eg-sbva484-2-i -data names -quiet 
Execute         ap_part_info -name xczu3eg-sbva484-2-i -data info -quiet 
Execute         ap_part_info -name xczu3eg-sbva484-2-i -data names -quiet 
Execute         ap_part_info -name xczu3eg-sbva484-2-i -data info -quiet 
Execute         ap_part_info -name xczu3eg-sbva484-2-i -data names -quiet 
Execute         ap_part_info -name xczu3eg-sbva484-2-i -data info -quiet 
INFO: [RTMG 210-279] Implementing memory 'MLP_MLP_Pipeline_VITIS_LOOP_94_5_weights_2_15_ROM_AUTO_1R' using auto ROMs.
Execute         ap_part_info -name xczu3eg-sbva484-2-i -data names -quiet 
Execute         ap_part_info -name xczu3eg-sbva484-2-i -data info -quiet 
Execute         ap_part_info -name xczu3eg-sbva484-2-i -data names -quiet 
Execute         ap_part_info -name xczu3eg-sbva484-2-i -data info -quiet 
Execute         ap_part_info -name xczu3eg-sbva484-2-i -data names -quiet 
Execute         ap_part_info -name xczu3eg-sbva484-2-i -data info -quiet 
INFO: [RTMG 210-279] Implementing memory 'MLP_MLP_Pipeline_VITIS_LOOP_94_5_weights_2_16_ROM_AUTO_1R' using auto ROMs.
Execute         ap_part_info -name xczu3eg-sbva484-2-i -data names -quiet 
Execute         ap_part_info -name xczu3eg-sbva484-2-i -data info -quiet 
Execute         ap_part_info -name xczu3eg-sbva484-2-i -data names -quiet 
Execute         ap_part_info -name xczu3eg-sbva484-2-i -data info -quiet 
Execute         ap_part_info -name xczu3eg-sbva484-2-i -data names -quiet 
Execute         ap_part_info -name xczu3eg-sbva484-2-i -data info -quiet 
INFO: [RTMG 210-279] Implementing memory 'MLP_MLP_Pipeline_VITIS_LOOP_94_5_weights_2_17_ROM_AUTO_1R' using auto ROMs.
Execute         ap_part_info -name xczu3eg-sbva484-2-i -data names -quiet 
Execute         ap_part_info -name xczu3eg-sbva484-2-i -data info -quiet 
Execute         ap_part_info -name xczu3eg-sbva484-2-i -data names -quiet 
Execute         ap_part_info -name xczu3eg-sbva484-2-i -data info -quiet 
Execute         ap_part_info -name xczu3eg-sbva484-2-i -data names -quiet 
Execute         ap_part_info -name xczu3eg-sbva484-2-i -data info -quiet 
INFO: [RTMG 210-279] Implementing memory 'MLP_MLP_Pipeline_VITIS_LOOP_94_5_weights_2_18_ROM_AUTO_1R' using auto ROMs.
Execute         ap_part_info -name xczu3eg-sbva484-2-i -data names -quiet 
Execute         ap_part_info -name xczu3eg-sbva484-2-i -data info -quiet 
Execute         ap_part_info -name xczu3eg-sbva484-2-i -data names -quiet 
Execute         ap_part_info -name xczu3eg-sbva484-2-i -data info -quiet 
Execute         ap_part_info -name xczu3eg-sbva484-2-i -data names -quiet 
Execute         ap_part_info -name xczu3eg-sbva484-2-i -data info -quiet 
INFO: [RTMG 210-279] Implementing memory 'MLP_MLP_Pipeline_VITIS_LOOP_94_5_weights_2_19_ROM_AUTO_1R' using auto ROMs.
Execute         ap_part_info -name xczu3eg-sbva484-2-i -data names -quiet 
Execute         ap_part_info -name xczu3eg-sbva484-2-i -data info -quiet 
Execute         ap_part_info -name xczu3eg-sbva484-2-i -data names -quiet 
Execute         ap_part_info -name xczu3eg-sbva484-2-i -data info -quiet 
Execute         ap_part_info -name xczu3eg-sbva484-2-i -data names -quiet 
Execute         ap_part_info -name xczu3eg-sbva484-2-i -data info -quiet 
INFO: [RTMG 210-279] Implementing memory 'MLP_MLP_Pipeline_VITIS_LOOP_94_5_weights_2_20_ROM_AUTO_1R' using auto ROMs.
Execute         ap_part_info -name xczu3eg-sbva484-2-i -data names -quiet 
Execute         ap_part_info -name xczu3eg-sbva484-2-i -data info -quiet 
Execute         ap_part_info -name xczu3eg-sbva484-2-i -data names -quiet 
Execute         ap_part_info -name xczu3eg-sbva484-2-i -data info -quiet 
Execute         ap_part_info -name xczu3eg-sbva484-2-i -data names -quiet 
Execute         ap_part_info -name xczu3eg-sbva484-2-i -data info -quiet 
INFO: [RTMG 210-279] Implementing memory 'MLP_MLP_Pipeline_VITIS_LOOP_94_5_weights_2_21_ROM_AUTO_1R' using auto ROMs.
Execute         ap_part_info -name xczu3eg-sbva484-2-i -data names -quiet 
Execute         ap_part_info -name xczu3eg-sbva484-2-i -data info -quiet 
Execute         ap_part_info -name xczu3eg-sbva484-2-i -data names -quiet 
Execute         ap_part_info -name xczu3eg-sbva484-2-i -data info -quiet 
Execute         ap_part_info -name xczu3eg-sbva484-2-i -data names -quiet 
Execute         ap_part_info -name xczu3eg-sbva484-2-i -data info -quiet 
INFO: [RTMG 210-279] Implementing memory 'MLP_MLP_Pipeline_VITIS_LOOP_94_5_weights_2_22_ROM_AUTO_1R' using auto ROMs.
Execute         ap_part_info -name xczu3eg-sbva484-2-i -data names -quiet 
Execute         ap_part_info -name xczu3eg-sbva484-2-i -data info -quiet 
Execute         ap_part_info -name xczu3eg-sbva484-2-i -data names -quiet 
Execute         ap_part_info -name xczu3eg-sbva484-2-i -data info -quiet 
Execute         ap_part_info -name xczu3eg-sbva484-2-i -data names -quiet 
Execute         ap_part_info -name xczu3eg-sbva484-2-i -data info -quiet 
INFO: [RTMG 210-279] Implementing memory 'MLP_MLP_Pipeline_VITIS_LOOP_94_5_weights_2_23_ROM_AUTO_1R' using auto ROMs.
Execute         ap_part_info -name xczu3eg-sbva484-2-i -data names -quiet 
Execute         ap_part_info -name xczu3eg-sbva484-2-i -data info -quiet 
Execute         ap_part_info -name xczu3eg-sbva484-2-i -data names -quiet 
Execute         ap_part_info -name xczu3eg-sbva484-2-i -data info -quiet 
Execute         ap_part_info -name xczu3eg-sbva484-2-i -data names -quiet 
Execute         ap_part_info -name xczu3eg-sbva484-2-i -data info -quiet 
INFO: [RTMG 210-279] Implementing memory 'MLP_MLP_Pipeline_VITIS_LOOP_94_5_hidden_bias_2_ROM_AUTO_1R' using auto ROMs.
Execute         ap_part_info -name xczu3eg-sbva484-2-i -data names -quiet 
Execute         ap_part_info -name xczu3eg-sbva484-2-i -data info -quiet 
Execute         ap_part_info -name xczu3eg-sbva484-2-i -data names -quiet 
Execute         ap_part_info -name xczu3eg-sbva484-2-i -data info -quiet 
Command       ap_source done; 3.58 sec.
Execute       source C:/Users/xingy/AppData/Roaming/Xilinx/Vitis/testHLS2/solution1/.autopilot/db/MLP_Pipeline_VITIS_LOOP_111_7.compgen.tcl 
Execute         ap_part_info -name xczu3eg-sbva484-2-i -data names -quiet 
Execute         ap_part_info -name xczu3eg-sbva484-2-i -data info -quiet 
INFO: [RTMG 210-279] Implementing memory 'MLP_MLP_Pipeline_VITIS_LOOP_111_7_output_weights_0_ROM_AUTO_1R' using auto ROMs.
Execute         ap_part_info -name xczu3eg-sbva484-2-i -data names -quiet 
Execute         ap_part_info -name xczu3eg-sbva484-2-i -data info -quiet 
Execute         ap_part_info -name xczu3eg-sbva484-2-i -data names -quiet 
Execute         ap_part_info -name xczu3eg-sbva484-2-i -data info -quiet 
Execute         ap_part_info -name xczu3eg-sbva484-2-i -data names -quiet 
Execute         ap_part_info -name xczu3eg-sbva484-2-i -data info -quiet 
INFO: [RTMG 210-279] Implementing memory 'MLP_MLP_Pipeline_VITIS_LOOP_111_7_output_weights_1_ROM_AUTO_1R' using auto ROMs.
Execute         ap_part_info -name xczu3eg-sbva484-2-i -data names -quiet 
Execute         ap_part_info -name xczu3eg-sbva484-2-i -data info -quiet 
Execute         ap_part_info -name xczu3eg-sbva484-2-i -data names -quiet 
Execute         ap_part_info -name xczu3eg-sbva484-2-i -data info -quiet 
Execute         ap_part_info -name xczu3eg-sbva484-2-i -data names -quiet 
Execute         ap_part_info -name xczu3eg-sbva484-2-i -data info -quiet 
INFO: [RTMG 210-279] Implementing memory 'MLP_MLP_Pipeline_VITIS_LOOP_111_7_output_weights_2_ROM_AUTO_1R' using auto ROMs.
Execute         ap_part_info -name xczu3eg-sbva484-2-i -data names -quiet 
Execute         ap_part_info -name xczu3eg-sbva484-2-i -data info -quiet 
Execute         ap_part_info -name xczu3eg-sbva484-2-i -data names -quiet 
Execute         ap_part_info -name xczu3eg-sbva484-2-i -data info -quiet 
Execute         ap_part_info -name xczu3eg-sbva484-2-i -data names -quiet 
Execute         ap_part_info -name xczu3eg-sbva484-2-i -data info -quiet 
INFO: [RTMG 210-279] Implementing memory 'MLP_MLP_Pipeline_VITIS_LOOP_111_7_output_weights_3_ROM_AUTO_1R' using auto ROMs.
Execute         ap_part_info -name xczu3eg-sbva484-2-i -data names -quiet 
Execute         ap_part_info -name xczu3eg-sbva484-2-i -data info -quiet 
Execute         ap_part_info -name xczu3eg-sbva484-2-i -data names -quiet 
Execute         ap_part_info -name xczu3eg-sbva484-2-i -data info -quiet 
Execute         ap_part_info -name xczu3eg-sbva484-2-i -data names -quiet 
Execute         ap_part_info -name xczu3eg-sbva484-2-i -data info -quiet 
INFO: [RTMG 210-279] Implementing memory 'MLP_MLP_Pipeline_VITIS_LOOP_111_7_output_weights_4_ROM_AUTO_1R' using auto ROMs.
Execute         ap_part_info -name xczu3eg-sbva484-2-i -data names -quiet 
Execute         ap_part_info -name xczu3eg-sbva484-2-i -data info -quiet 
Execute         ap_part_info -name xczu3eg-sbva484-2-i -data names -quiet 
Execute         ap_part_info -name xczu3eg-sbva484-2-i -data info -quiet 
Execute         ap_part_info -name xczu3eg-sbva484-2-i -data names -quiet 
Execute         ap_part_info -name xczu3eg-sbva484-2-i -data info -quiet 
INFO: [RTMG 210-279] Implementing memory 'MLP_MLP_Pipeline_VITIS_LOOP_111_7_output_weights_5_ROM_AUTO_1R' using auto ROMs.
Execute         ap_part_info -name xczu3eg-sbva484-2-i -data names -quiet 
Execute         ap_part_info -name xczu3eg-sbva484-2-i -data info -quiet 
Execute         ap_part_info -name xczu3eg-sbva484-2-i -data names -quiet 
Execute         ap_part_info -name xczu3eg-sbva484-2-i -data info -quiet 
Execute         ap_part_info -name xczu3eg-sbva484-2-i -data names -quiet 
Execute         ap_part_info -name xczu3eg-sbva484-2-i -data info -quiet 
INFO: [RTMG 210-279] Implementing memory 'MLP_MLP_Pipeline_VITIS_LOOP_111_7_output_weights_6_ROM_AUTO_1R' using auto ROMs.
Execute         ap_part_info -name xczu3eg-sbva484-2-i -data names -quiet 
Execute         ap_part_info -name xczu3eg-sbva484-2-i -data info -quiet 
Execute         ap_part_info -name xczu3eg-sbva484-2-i -data names -quiet 
Execute         ap_part_info -name xczu3eg-sbva484-2-i -data info -quiet 
Execute         ap_part_info -name xczu3eg-sbva484-2-i -data names -quiet 
Execute         ap_part_info -name xczu3eg-sbva484-2-i -data info -quiet 
INFO: [RTMG 210-279] Implementing memory 'MLP_MLP_Pipeline_VITIS_LOOP_111_7_output_weights_7_ROM_AUTO_1R' using auto ROMs.
Execute         ap_part_info -name xczu3eg-sbva484-2-i -data names -quiet 
Execute         ap_part_info -name xczu3eg-sbva484-2-i -data info -quiet 
Execute         ap_part_info -name xczu3eg-sbva484-2-i -data names -quiet 
Execute         ap_part_info -name xczu3eg-sbva484-2-i -data info -quiet 
Execute         ap_part_info -name xczu3eg-sbva484-2-i -data names -quiet 
Execute         ap_part_info -name xczu3eg-sbva484-2-i -data info -quiet 
INFO: [RTMG 210-279] Implementing memory 'MLP_MLP_Pipeline_VITIS_LOOP_111_7_output_weights_8_ROM_AUTO_1R' using auto ROMs.
Execute         ap_part_info -name xczu3eg-sbva484-2-i -data names -quiet 
Execute         ap_part_info -name xczu3eg-sbva484-2-i -data info -quiet 
Execute         ap_part_info -name xczu3eg-sbva484-2-i -data names -quiet 
Execute         ap_part_info -name xczu3eg-sbva484-2-i -data info -quiet 
Execute         ap_part_info -name xczu3eg-sbva484-2-i -data names -quiet 
Execute         ap_part_info -name xczu3eg-sbva484-2-i -data info -quiet 
INFO: [RTMG 210-279] Implementing memory 'MLP_MLP_Pipeline_VITIS_LOOP_111_7_output_weights_9_ROM_AUTO_1R' using auto ROMs.
Execute         ap_part_info -name xczu3eg-sbva484-2-i -data names -quiet 
Execute         ap_part_info -name xczu3eg-sbva484-2-i -data info -quiet 
Execute         ap_part_info -name xczu3eg-sbva484-2-i -data names -quiet 
Execute         ap_part_info -name xczu3eg-sbva484-2-i -data info -quiet 
Execute         ap_part_info -name xczu3eg-sbva484-2-i -data names -quiet 
Execute         ap_part_info -name xczu3eg-sbva484-2-i -data info -quiet 
INFO: [RTMG 210-279] Implementing memory 'MLP_MLP_Pipeline_VITIS_LOOP_111_7_output_weights_10_ROM_AUTO_1R' using auto ROMs.
Execute         ap_part_info -name xczu3eg-sbva484-2-i -data names -quiet 
Execute         ap_part_info -name xczu3eg-sbva484-2-i -data info -quiet 
Execute         ap_part_info -name xczu3eg-sbva484-2-i -data names -quiet 
Execute         ap_part_info -name xczu3eg-sbva484-2-i -data info -quiet 
Execute         ap_part_info -name xczu3eg-sbva484-2-i -data names -quiet 
Execute         ap_part_info -name xczu3eg-sbva484-2-i -data info -quiet 
INFO: [RTMG 210-279] Implementing memory 'MLP_MLP_Pipeline_VITIS_LOOP_111_7_output_weights_11_ROM_AUTO_1R' using auto ROMs.
Execute         ap_part_info -name xczu3eg-sbva484-2-i -data names -quiet 
Execute         ap_part_info -name xczu3eg-sbva484-2-i -data info -quiet 
Execute         ap_part_info -name xczu3eg-sbva484-2-i -data names -quiet 
Execute         ap_part_info -name xczu3eg-sbva484-2-i -data info -quiet 
Execute         ap_part_info -name xczu3eg-sbva484-2-i -data names -quiet 
Execute         ap_part_info -name xczu3eg-sbva484-2-i -data info -quiet 
INFO: [RTMG 210-279] Implementing memory 'MLP_MLP_Pipeline_VITIS_LOOP_111_7_output_bias_ROM_AUTO_1R' using auto ROMs.
Execute         ap_part_info -name xczu3eg-sbva484-2-i -data names -quiet 
Execute         ap_part_info -name xczu3eg-sbva484-2-i -data info -quiet 
Execute         ap_part_info -name xczu3eg-sbva484-2-i -data names -quiet 
Execute         ap_part_info -name xczu3eg-sbva484-2-i -data info -quiet 
Command       ap_source done; 1.577 sec.
Execute       source C:/Users/xingy/AppData/Roaming/Xilinx/Vitis/testHLS2/solution1/.autopilot/db/MLP_Pipeline_VITIS_LOOP_123_9.compgen.tcl 
Execute       source C:/Users/xingy/AppData/Roaming/Xilinx/Vitis/testHLS2/solution1/.autopilot/db/MLP_Pipeline_VITIS_LOOP_128_10.compgen.tcl 
Execute       source C:/Users/xingy/AppData/Roaming/Xilinx/Vitis/testHLS2/solution1/.autopilot/db/MLP.compgen.tcl 
INFO: [RTMG 210-278] Implementing memory 'MLP_input_features_RAM_AUTO_1R1W_ram (RAM)' using auto RAMs.
Execute         ap_part_info -name xczu3eg-sbva484-2-i -data names -quiet 
Execute         ap_part_info -name xczu3eg-sbva484-2-i -data info -quiet 
INFO: [RTMG 210-278] Implementing memory 'MLP_input_features_casted_RAM_AUTO_1R1W_ram (RAM)' using auto RAMs.
Execute         ap_part_info -name xczu3eg-sbva484-2-i -data names -quiet 
Execute         ap_part_info -name xczu3eg-sbva484-2-i -data info -quiet 
INFO: [RTMG 210-278] Implementing memory 'MLP_hidden_layer_1_RAM_AUTO_1R1W_ram (RAM)' using auto RAMs.
Execute         ap_part_info -name xczu3eg-sbva484-2-i -data names -quiet 
Execute         ap_part_info -name xczu3eg-sbva484-2-i -data info -quiet 
INFO: [RTMG 210-278] Implementing memory 'MLP_hidden_layer_2_RAM_AUTO_1R1W_ram (RAM)' using auto RAMs.
Execute         ap_part_info -name xczu3eg-sbva484-2-i -data names -quiet 
Execute         ap_part_info -name xczu3eg-sbva484-2-i -data info -quiet 
INFO: [RTMG 210-278] Implementing memory 'MLP_output_layer_RAM_AUTO_1R1W_ram (RAM)' using auto RAMs.
Execute         ap_part_info -name xczu3eg-sbva484-2-i -data names -quiet 
Execute         ap_part_info -name xczu3eg-sbva484-2-i -data info -quiet 
Command       ap_source done; 0.497 sec.
INFO: [HLS 200-111] Finished Generating all RTL models: CPU user time: 10 seconds. CPU system time: 2 seconds. Elapsed time: 25.531 seconds; current allocated memory: 1.116 GB.
INFO-FLOW: DBG:PROC: ::HLSREPORTS::create_csynth_xml bind_info_var='bind_info' RtlSubPrefix='MLP_' outfile=''
INFO-FLOW: Running: create_csynth_xml read xml data
INFO-FLOW: Done: create_csynth_xml read xml data time: 0 seconds per iteration
INFO-FLOW: Running: create_csynth_xml bind info
INFO-FLOW: Done: create_csynth_xml bind info time: 0.1 seconds per iteration
INFO-FLOW: Running: create_csynth_xml config info
Execute       get_config_op mul -impl 
Execute       get_config_op mul -latency 
Execute       get_config_op mul -precision 
Execute       get_config_op add -impl 
Execute       get_config_op add -latency 
Execute       get_config_op add -precision 
Execute       get_config_op sub -impl 
Execute       get_config_op sub -latency 
Execute       get_config_op sub -precision 
Execute       get_config_op fadd -impl 
Execute       get_config_op fadd -latency 
Execute       get_config_op fadd -precision 
Execute       get_config_op fsub -impl 
Execute       get_config_op fsub -latency 
Execute       get_config_op fsub -precision 
Execute       get_config_op fdiv -impl 
Execute       get_config_op fdiv -latency 
Execute       get_config_op fdiv -precision 
Execute       get_config_op fexp -impl 
Execute       get_config_op fexp -latency 
Execute       get_config_op fexp -precision 
Execute       get_config_op flog -impl 
Execute       get_config_op flog -latency 
Execute       get_config_op flog -precision 
Execute       get_config_op fmul -impl 
Execute       get_config_op fmul -latency 
Execute       get_config_op fmul -precision 
Execute       get_config_op frsqrt -impl 
Execute       get_config_op frsqrt -latency 
Execute       get_config_op frsqrt -precision 
Execute       get_config_op frecip -impl 
Execute       get_config_op frecip -latency 
Execute       get_config_op frecip -precision 
Execute       get_config_op fsqrt -impl 
Execute       get_config_op fsqrt -latency 
Execute       get_config_op fsqrt -precision 
Execute       get_config_op dadd -impl 
Execute       get_config_op dadd -latency 
Execute       get_config_op dadd -precision 
Execute       get_config_op dsub -impl 
Execute       get_config_op dsub -latency 
Execute       get_config_op dsub -precision 
Execute       get_config_op ddiv -impl 
Execute       get_config_op ddiv -latency 
Execute       get_config_op ddiv -precision 
Execute       get_config_op dexp -impl 
Execute       get_config_op dexp -latency 
Execute       get_config_op dexp -precision 
Execute       get_config_op dlog -impl 
Execute       get_config_op dlog -latency 
Execute       get_config_op dlog -precision 
Execute       get_config_op dmul -impl 
Execute       get_config_op dmul -latency 
Execute       get_config_op dmul -precision 
Execute       get_config_op drsqrt -impl 
Execute       get_config_op drsqrt -latency 
Execute       get_config_op drsqrt -precision 
Execute       get_config_op drecip -impl 
Execute       get_config_op drecip -latency 
Execute       get_config_op drecip -precision 
Execute       get_config_op dsqrt -impl 
Execute       get_config_op dsqrt -latency 
Execute       get_config_op dsqrt -precision 
Execute       get_config_op hadd -impl 
Execute       get_config_op hadd -latency 
Execute       get_config_op hadd -precision 
Execute       get_config_op hsub -impl 
Execute       get_config_op hsub -latency 
Execute       get_config_op hsub -precision 
Execute       get_config_op hdiv -impl 
Execute       get_config_op hdiv -latency 
Execute       get_config_op hdiv -precision 
Execute       get_config_op hmul -impl 
Execute       get_config_op hmul -latency 
Execute       get_config_op hmul -precision 
Execute       get_config_op hsqrt -impl 
Execute       get_config_op hsqrt -latency 
Execute       get_config_op hsqrt -precision 
Execute       get_config_op facc -impl 
Execute       get_config_op facc -latency 
Execute       get_config_op facc -precision 
Execute       get_config_op fmacc -impl 
Execute       get_config_op fmacc -latency 
Execute       get_config_op fmacc -precision 
Execute       get_config_op fmadd -impl 
Execute       get_config_op fmadd -latency 
Execute       get_config_op fmadd -precision 
Execute       get_config_storage fifo -auto_srl_max_bits 
Execute       get_config_storage fifo -auto_srl_max_depth 
Execute       get_config_storage fifo -impl 
Execute       get_solution -flow_target 
Execute       get_config_array_partition -complete_threshold 
Execute       get_config_array_partition -throughput_driven 
Execute       get_config_compile -enable_auto_rewind 
Execute       get_config_compile -ignore_long_run_time 
Execute       get_config_compile -name_max_length 
Execute       get_config_compile -no_signed_zeros 
Execute       get_config_compile -pipeline_loops 
Execute       get_config_compile -pipeline_style 
Execute       get_config_compile -pragma_strict_mode 
Execute       get_config_compile -pre_tcl 
Execute       get_config_compile -unsafe_math_optimizations 
Execute       get_config_dataflow -default_channel 
Execute       get_config_dataflow -disable_fifo_sizing_opt 
Execute       get_config_dataflow -fifo_depth 
Execute       get_config_dataflow -override_user_fifo_depth 
Execute       get_config_dataflow -scalar_fifo_depth 
Execute       get_config_dataflow -start_fifo_depth 
Execute       get_config_dataflow -strict_mode 
Execute       get_config_dataflow -strict_stable_sync 
Execute       get_config_dataflow -task_level_fifo_depth 
Execute       get_config_debug -directory 
Execute       get_config_debug -enable 
Execute       get_config_export -description 
Execute       get_config_export -display_name 
Execute       get_config_export -format 
Execute       get_config_export -ip_xdc_file 
Execute       get_config_export -ip_xdc_ooc_file 
Execute       get_config_export -ipname 
Execute       get_config_export -library 
Execute       get_config_export -output 
Execute       get_config_export -rtl 
Execute       get_config_export -taxonomy 
Execute       get_config_export -vendor 
Execute       get_config_export -version 
Execute       get_config_export -vivado_clock 
Execute       get_config_export -vivado_impl_strategy 
Execute       get_config_export -vivado_max_timing_paths 
Execute       get_config_export -vivado_optimization_level 
Execute       get_config_export -vivado_pblock 
Execute       get_config_export -vivado_phys_opt 
Execute       get_config_export -vivado_report_level 
Execute       get_config_export -vivado_synth_design_args 
Execute       get_config_export -vivado_synth_strategy 
Execute       get_config_interface -clock_enable 
Execute       get_config_interface -default_slave_interface 
Execute       get_config_interface -m_axi_addr64 
Execute       get_config_interface -m_axi_alignment_byte_size 
Execute       get_config_interface -m_axi_auto_max_ports 
Execute       get_config_interface -m_axi_buffer_impl 
Execute       get_config_interface -m_axi_conservative_mode 
Execute       get_config_interface -m_axi_flush_mode 
Execute       get_config_interface -m_axi_latency 
Execute       get_config_interface -m_axi_max_bitwidth 
Execute       get_config_interface -m_axi_max_read_burst_length 
Execute       get_config_interface -m_axi_max_widen_bitwidth 
Execute       get_config_interface -m_axi_max_write_burst_length 
Execute       get_config_interface -m_axi_min_bitwidth 
Execute       get_config_interface -m_axi_num_read_outstanding 
Execute       get_config_interface -m_axi_num_write_outstanding 
Execute       get_config_interface -m_axi_offset 
Execute       get_config_interface -register_io 
Execute       get_config_interface -s_axilite_auto_restart_counter 
Execute       get_config_interface -s_axilite_data64 
Execute       get_config_interface -s_axilite_interrupt_mode 
Execute       get_config_interface -s_axilite_mailbox 
Execute       get_config_interface -s_axilite_status_regs 
Execute       get_config_interface -s_axilite_sw_reset 
Execute       get_config_rtl -deadlock_detection 
Execute       get_config_rtl -header 
Execute       get_config_rtl -kernel_profile 
Execute       get_config_rtl -module_auto_prefix 
Execute       get_config_rtl -module_prefix 
Execute       get_config_rtl -mult_keep_attribute 
Execute       get_config_rtl -register_all_io 
Execute       get_config_rtl -register_reset_num 
Execute       get_config_rtl -reset 
Execute       get_config_rtl -reset_async 
Execute       get_config_rtl -reset_level 
Execute       get_config_schedule -enable_dsp_full_reg 
Execute       get_config_unroll -tripcount_threshold 
INFO-FLOW: Done: create_csynth_xml config info time: 0.2 seconds per iteration
INFO-FLOW: Running: create_csynth_xml write xml
INFO-FLOW: Done: create_csynth_xml write xml time: 0 seconds per iteration
INFO-FLOW: DBG:PUTS:      create_csynth_xml wrote csynth_xml=C:/Users/xingy/AppData/Roaming/Xilinx/Vitis/testHLS2/solution1/syn/report/csynth.xml
INFO-FLOW: DBG:PROC: ::AP::DESIGN_DATA::generate_json generate_bd_files='0' generate_xo_files='0' modelList='MLP_flow_control_loop_pipe_sequential_init
MLP_flow_control_loop_pipe_sequential_init
MLP_flow_control_loop_pipe_sequential_init
MLP_flow_control_loop_pipe_sequential_init
MLP_flow_control_loop_pipe_sequential_init
MLP_flow_control_loop_pipe_sequential_init
MLP_flow_control_loop_pipe_sequential_init
MLP_fptrunc_64ns_32_2_no_dsp_1
MLP_ddiv_64ns_64ns_64_22_no_dsp_1
MLP_sitodp_32ns_64_4_no_dsp_1
MLP_flow_control_loop_pipe_sequential_init
MLP_fadd_32ns_32ns_32_4_full_dsp_1
MLP_fmul_32ns_32ns_32_3_max_dsp_1
MLP_MLP_Pipeline_VITIS_LOOP_77_3_weights_1_0_ROM_AUTO_1R
MLP_MLP_Pipeline_VITIS_LOOP_77_3_weights_1_1_ROM_AUTO_1R
MLP_MLP_Pipeline_VITIS_LOOP_77_3_weights_1_2_ROM_AUTO_1R
MLP_MLP_Pipeline_VITIS_LOOP_77_3_weights_1_3_ROM_AUTO_1R
MLP_MLP_Pipeline_VITIS_LOOP_77_3_weights_1_4_ROM_AUTO_1R
MLP_MLP_Pipeline_VITIS_LOOP_77_3_weights_1_5_ROM_AUTO_1R
MLP_MLP_Pipeline_VITIS_LOOP_77_3_weights_1_6_ROM_AUTO_1R
MLP_MLP_Pipeline_VITIS_LOOP_77_3_weights_1_7_ROM_AUTO_1R
MLP_MLP_Pipeline_VITIS_LOOP_77_3_weights_1_8_ROM_AUTO_1R
MLP_MLP_Pipeline_VITIS_LOOP_77_3_weights_1_9_ROM_AUTO_1R
MLP_MLP_Pipeline_VITIS_LOOP_77_3_weights_1_10_ROM_AUTO_1R
MLP_MLP_Pipeline_VITIS_LOOP_77_3_weights_1_11_ROM_AUTO_1R
MLP_MLP_Pipeline_VITIS_LOOP_77_3_weights_1_12_ROM_AUTO_1R
MLP_MLP_Pipeline_VITIS_LOOP_77_3_weights_1_13_ROM_AUTO_1R
MLP_MLP_Pipeline_VITIS_LOOP_77_3_weights_1_14_ROM_AUTO_1R
MLP_MLP_Pipeline_VITIS_LOOP_77_3_weights_1_15_ROM_AUTO_1R
MLP_MLP_Pipeline_VITIS_LOOP_77_3_weights_1_16_ROM_AUTO_1R
MLP_MLP_Pipeline_VITIS_LOOP_77_3_weights_1_17_ROM_AUTO_1R
MLP_MLP_Pipeline_VITIS_LOOP_77_3_weights_1_18_ROM_AUTO_1R
MLP_MLP_Pipeline_VITIS_LOOP_77_3_weights_1_19_ROM_AUTO_1R
MLP_MLP_Pipeline_VITIS_LOOP_77_3_weights_1_20_ROM_AUTO_1R
MLP_MLP_Pipeline_VITIS_LOOP_77_3_weights_1_21_ROM_AUTO_1R
MLP_MLP_Pipeline_VITIS_LOOP_77_3_weights_1_22_ROM_AUTO_1R
MLP_MLP_Pipeline_VITIS_LOOP_77_3_weights_1_23_ROM_AUTO_1R
MLP_MLP_Pipeline_VITIS_LOOP_77_3_weights_1_24_ROM_AUTO_1R
MLP_MLP_Pipeline_VITIS_LOOP_77_3_weights_1_25_ROM_AUTO_1R
MLP_MLP_Pipeline_VITIS_LOOP_77_3_weights_1_26_ROM_AUTO_1R
MLP_MLP_Pipeline_VITIS_LOOP_77_3_weights_1_27_ROM_AUTO_1R
MLP_MLP_Pipeline_VITIS_LOOP_77_3_weights_1_28_ROM_AUTO_1R
MLP_MLP_Pipeline_VITIS_LOOP_77_3_weights_1_29_ROM_AUTO_1R
MLP_MLP_Pipeline_VITIS_LOOP_77_3_weights_1_30_ROM_AUTO_1R
MLP_MLP_Pipeline_VITIS_LOOP_77_3_weights_1_31_ROM_AUTO_1R
MLP_MLP_Pipeline_VITIS_LOOP_77_3_weights_1_32_ROM_AUTO_1R
MLP_MLP_Pipeline_VITIS_LOOP_77_3_weights_1_33_ROM_AUTO_1R
MLP_MLP_Pipeline_VITIS_LOOP_77_3_weights_1_34_ROM_AUTO_1R
MLP_MLP_Pipeline_VITIS_LOOP_77_3_weights_1_35_ROM_AUTO_1R
MLP_MLP_Pipeline_VITIS_LOOP_77_3_weights_1_36_ROM_AUTO_1R
MLP_MLP_Pipeline_VITIS_LOOP_77_3_weights_1_37_ROM_AUTO_1R
MLP_MLP_Pipeline_VITIS_LOOP_77_3_weights_1_38_ROM_AUTO_1R
MLP_MLP_Pipeline_VITIS_LOOP_77_3_weights_1_39_ROM_AUTO_1R
MLP_MLP_Pipeline_VITIS_LOOP_77_3_weights_1_40_ROM_AUTO_1R
MLP_MLP_Pipeline_VITIS_LOOP_77_3_weights_1_41_ROM_AUTO_1R
MLP_MLP_Pipeline_VITIS_LOOP_77_3_weights_1_42_ROM_AUTO_1R
MLP_MLP_Pipeline_VITIS_LOOP_77_3_weights_1_43_ROM_AUTO_1R
MLP_MLP_Pipeline_VITIS_LOOP_77_3_weights_1_44_ROM_AUTO_1R
MLP_MLP_Pipeline_VITIS_LOOP_77_3_weights_1_45_ROM_AUTO_1R
MLP_MLP_Pipeline_VITIS_LOOP_77_3_weights_1_46_ROM_AUTO_1R
MLP_MLP_Pipeline_VITIS_LOOP_77_3_weights_1_47_ROM_AUTO_1R
MLP_MLP_Pipeline_VITIS_LOOP_77_3_hidden_bias_1_ROM_AUTO_1R
MLP_flow_control_loop_pipe_sequential_init
MLP_MLP_Pipeline_VITIS_LOOP_94_5_weights_2_0_ROM_AUTO_1R
MLP_MLP_Pipeline_VITIS_LOOP_94_5_weights_2_1_ROM_AUTO_1R
MLP_MLP_Pipeline_VITIS_LOOP_94_5_weights_2_2_ROM_AUTO_1R
MLP_MLP_Pipeline_VITIS_LOOP_94_5_weights_2_3_ROM_AUTO_1R
MLP_MLP_Pipeline_VITIS_LOOP_94_5_weights_2_4_ROM_AUTO_1R
MLP_MLP_Pipeline_VITIS_LOOP_94_5_weights_2_5_ROM_AUTO_1R
MLP_MLP_Pipeline_VITIS_LOOP_94_5_weights_2_6_ROM_AUTO_1R
MLP_MLP_Pipeline_VITIS_LOOP_94_5_weights_2_7_ROM_AUTO_1R
MLP_MLP_Pipeline_VITIS_LOOP_94_5_weights_2_8_ROM_AUTO_1R
MLP_MLP_Pipeline_VITIS_LOOP_94_5_weights_2_9_ROM_AUTO_1R
MLP_MLP_Pipeline_VITIS_LOOP_94_5_weights_2_10_ROM_AUTO_1R
MLP_MLP_Pipeline_VITIS_LOOP_94_5_weights_2_11_ROM_AUTO_1R
MLP_MLP_Pipeline_VITIS_LOOP_94_5_weights_2_12_ROM_AUTO_1R
MLP_MLP_Pipeline_VITIS_LOOP_94_5_weights_2_13_ROM_AUTO_1R
MLP_MLP_Pipeline_VITIS_LOOP_94_5_weights_2_14_ROM_AUTO_1R
MLP_MLP_Pipeline_VITIS_LOOP_94_5_weights_2_15_ROM_AUTO_1R
MLP_MLP_Pipeline_VITIS_LOOP_94_5_weights_2_16_ROM_AUTO_1R
MLP_MLP_Pipeline_VITIS_LOOP_94_5_weights_2_17_ROM_AUTO_1R
MLP_MLP_Pipeline_VITIS_LOOP_94_5_weights_2_18_ROM_AUTO_1R
MLP_MLP_Pipeline_VITIS_LOOP_94_5_weights_2_19_ROM_AUTO_1R
MLP_MLP_Pipeline_VITIS_LOOP_94_5_weights_2_20_ROM_AUTO_1R
MLP_MLP_Pipeline_VITIS_LOOP_94_5_weights_2_21_ROM_AUTO_1R
MLP_MLP_Pipeline_VITIS_LOOP_94_5_weights_2_22_ROM_AUTO_1R
MLP_MLP_Pipeline_VITIS_LOOP_94_5_weights_2_23_ROM_AUTO_1R
MLP_MLP_Pipeline_VITIS_LOOP_94_5_hidden_bias_2_ROM_AUTO_1R
MLP_flow_control_loop_pipe_sequential_init
MLP_MLP_Pipeline_VITIS_LOOP_111_7_output_weights_0_ROM_AUTO_1R
MLP_MLP_Pipeline_VITIS_LOOP_111_7_output_weights_1_ROM_AUTO_1R
MLP_MLP_Pipeline_VITIS_LOOP_111_7_output_weights_2_ROM_AUTO_1R
MLP_MLP_Pipeline_VITIS_LOOP_111_7_output_weights_3_ROM_AUTO_1R
MLP_MLP_Pipeline_VITIS_LOOP_111_7_output_weights_4_ROM_AUTO_1R
MLP_MLP_Pipeline_VITIS_LOOP_111_7_output_weights_5_ROM_AUTO_1R
MLP_MLP_Pipeline_VITIS_LOOP_111_7_output_weights_6_ROM_AUTO_1R
MLP_MLP_Pipeline_VITIS_LOOP_111_7_output_weights_7_ROM_AUTO_1R
MLP_MLP_Pipeline_VITIS_LOOP_111_7_output_weights_8_ROM_AUTO_1R
MLP_MLP_Pipeline_VITIS_LOOP_111_7_output_weights_9_ROM_AUTO_1R
MLP_MLP_Pipeline_VITIS_LOOP_111_7_output_weights_10_ROM_AUTO_1R
MLP_MLP_Pipeline_VITIS_LOOP_111_7_output_weights_11_ROM_AUTO_1R
MLP_MLP_Pipeline_VITIS_LOOP_111_7_output_bias_ROM_AUTO_1R
MLP_flow_control_loop_pipe_sequential_init
MLP_flow_control_loop_pipe_sequential_init
MLP_flow_control_loop_pipe_sequential_init
MLP_fadd_32ns_32ns_32_4_full_dsp_1
MLP_fadd_32ns_32ns_32_4_full_dsp_1
MLP_fadd_32ns_32ns_32_4_full_dsp_1
MLP_fadd_32ns_32ns_32_4_full_dsp_1
MLP_fadd_32ns_32ns_32_4_full_dsp_1
MLP_fadd_32ns_32ns_32_4_full_dsp_1
MLP_fadd_32ns_32ns_32_4_full_dsp_1
MLP_fadd_32ns_32ns_32_4_full_dsp_1
MLP_fadd_32ns_32ns_32_4_full_dsp_1
MLP_fadd_32ns_32ns_32_4_full_dsp_1
MLP_fadd_32ns_32ns_32_4_full_dsp_1
MLP_fadd_32ns_32ns_32_4_full_dsp_1
MLP_fadd_32ns_32ns_32_4_full_dsp_1
MLP_fadd_32ns_32ns_32_4_full_dsp_1
MLP_fadd_32ns_32ns_32_4_full_dsp_1
MLP_fadd_32ns_32ns_32_4_full_dsp_1
MLP_fadd_32ns_32ns_32_4_full_dsp_1
MLP_fadd_32ns_32ns_32_4_full_dsp_1
MLP_fadd_32ns_32ns_32_4_full_dsp_1
MLP_fadd_32ns_32ns_32_4_full_dsp_1
MLP_fadd_32ns_32ns_32_4_full_dsp_1
MLP_fadd_32ns_32ns_32_4_full_dsp_1
MLP_fadd_32ns_32ns_32_4_full_dsp_1
MLP_fadd_32ns_32ns_32_4_full_dsp_1
MLP_fadd_32ns_32ns_32_4_full_dsp_1
MLP_fmul_32ns_32ns_32_3_max_dsp_1
MLP_fmul_32ns_32ns_32_3_max_dsp_1
MLP_fmul_32ns_32ns_32_3_max_dsp_1
MLP_fmul_32ns_32ns_32_3_max_dsp_1
MLP_fmul_32ns_32ns_32_3_max_dsp_1
MLP_fmul_32ns_32ns_32_3_max_dsp_1
MLP_fmul_32ns_32ns_32_3_max_dsp_1
MLP_fmul_32ns_32ns_32_3_max_dsp_1
MLP_fmul_32ns_32ns_32_3_max_dsp_1
MLP_fmul_32ns_32ns_32_3_max_dsp_1
MLP_fmul_32ns_32ns_32_3_max_dsp_1
MLP_fmul_32ns_32ns_32_3_max_dsp_1
MLP_fmul_32ns_32ns_32_3_max_dsp_1
MLP_fmul_32ns_32ns_32_3_max_dsp_1
MLP_fmul_32ns_32ns_32_3_max_dsp_1
MLP_fmul_32ns_32ns_32_3_max_dsp_1
MLP_fmul_32ns_32ns_32_3_max_dsp_1
MLP_fmul_32ns_32ns_32_3_max_dsp_1
MLP_fmul_32ns_32ns_32_3_max_dsp_1
MLP_fmul_32ns_32ns_32_3_max_dsp_1
MLP_fmul_32ns_32ns_32_3_max_dsp_1
MLP_fmul_32ns_32ns_32_3_max_dsp_1
MLP_fmul_32ns_32ns_32_3_max_dsp_1
MLP_fmul_32ns_32ns_32_3_max_dsp_1
MLP_fcmp_32ns_32ns_1_2_no_dsp_1
MLP_input_features_RAM_AUTO_1R1W
MLP_input_features_casted_RAM_AUTO_1R1W
MLP_hidden_layer_1_RAM_AUTO_1R1W
MLP_hidden_layer_2_RAM_AUTO_1R1W
MLP_output_layer_RAM_AUTO_1R1W
MLP_regslice_both
MLP_regslice_both
MLP_regslice_both
MLP_regslice_both
MLP_regslice_both
MLP_regslice_both
MLP_regslice_both
MLP_regslice_both
MLP_regslice_both
MLP_regslice_both
MLP_regslice_both
MLP_regslice_both
MLP_regslice_both
MLP_regslice_both
MLP_Pipeline_1
MLP_Pipeline_2
MLP_Pipeline_3
MLP_Pipeline_4
MLP_Pipeline_5
MLP_Pipeline_6
MLP_Pipeline_VITIS_LOOP_58_1
MLP_Pipeline_VITIS_LOOP_69_2
MLP_Pipeline_VITIS_LOOP_77_3
MLP_Pipeline_VITIS_LOOP_94_5
MLP_Pipeline_VITIS_LOOP_111_7
MLP_Pipeline_VITIS_LOOP_123_9
MLP_Pipeline_VITIS_LOOP_128_10
MLP
' rtl_lang='both' bootstrap_tcl='false' outdir='' outfilename=''
Execute       source C:/Users/xingy/AppData/Roaming/Xilinx/Vitis/testHLS2/solution1/.autopilot/db/global.setting.tcl 
Execute       source C:/Users/xingy/AppData/Roaming/Xilinx/Vitis/testHLS2/solution1/.autopilot/db/global.setting.tcl 
Execute       get_solution -flow_target 
Execute       get_config_export -xo 
Execute       get_config_export -format 
Execute       source C:/Users/xingy/AppData/Roaming/Xilinx/Vitis/testHLS2/solution1/.autopilot/db/top-io-be.tcl 
Execute       source C:/Users/xingy/AppData/Roaming/Xilinx/Vitis/testHLS2/solution1/.autopilot/db/MLP.tbgen.tcl 
Execute       source C:/Users/xingy/AppData/Roaming/Xilinx/Vitis/testHLS2/solution1/.autopilot/db/MLP.rtl_wrap.cfg.tcl 
Execute       source C:/Users/xingy/AppData/Roaming/Xilinx/Vitis/testHLS2/solution1/.autopilot/db/MLP.compgen.dataonly.tcl 
Execute       get_config_export -format 
Execute       get_config_export -vendor 
Execute       get_config_export -library 
Execute       get_config_export -version 
Execute       get_config_export -ipname 
Execute       get_config_export -taxonomy 
Execute       get_config_export -description 
Execute       get_config_export -display_name 
Execute       source C:/Users/xingy/AppData/Roaming/Xilinx/Vitis/testHLS2/solution1/.autopilot/db/MLP_Pipeline_1.tbgen.tcl 
Execute       source C:/Users/xingy/AppData/Roaming/Xilinx/Vitis/testHLS2/solution1/.autopilot/db/MLP_Pipeline_2.tbgen.tcl 
Execute       source C:/Users/xingy/AppData/Roaming/Xilinx/Vitis/testHLS2/solution1/.autopilot/db/MLP_Pipeline_3.tbgen.tcl 
Execute       source C:/Users/xingy/AppData/Roaming/Xilinx/Vitis/testHLS2/solution1/.autopilot/db/MLP_Pipeline_4.tbgen.tcl 
Execute       source C:/Users/xingy/AppData/Roaming/Xilinx/Vitis/testHLS2/solution1/.autopilot/db/MLP_Pipeline_5.tbgen.tcl 
Execute       source C:/Users/xingy/AppData/Roaming/Xilinx/Vitis/testHLS2/solution1/.autopilot/db/MLP_Pipeline_6.tbgen.tcl 
Execute       source C:/Users/xingy/AppData/Roaming/Xilinx/Vitis/testHLS2/solution1/.autopilot/db/MLP_Pipeline_VITIS_LOOP_58_1.tbgen.tcl 
Execute       source C:/Users/xingy/AppData/Roaming/Xilinx/Vitis/testHLS2/solution1/.autopilot/db/MLP_Pipeline_VITIS_LOOP_69_2.tbgen.tcl 
Execute       source C:/Users/xingy/AppData/Roaming/Xilinx/Vitis/testHLS2/solution1/.autopilot/db/MLP_Pipeline_VITIS_LOOP_77_3.tbgen.tcl 
Execute       source C:/Users/xingy/AppData/Roaming/Xilinx/Vitis/testHLS2/solution1/.autopilot/db/MLP_Pipeline_VITIS_LOOP_94_5.tbgen.tcl 
Execute       source C:/Users/xingy/AppData/Roaming/Xilinx/Vitis/testHLS2/solution1/.autopilot/db/MLP_Pipeline_VITIS_LOOP_111_7.tbgen.tcl 
Execute       source C:/Users/xingy/AppData/Roaming/Xilinx/Vitis/testHLS2/solution1/.autopilot/db/MLP_Pipeline_VITIS_LOOP_123_9.tbgen.tcl 
Execute       source C:/Users/xingy/AppData/Roaming/Xilinx/Vitis/testHLS2/solution1/.autopilot/db/MLP_Pipeline_VITIS_LOOP_128_10.tbgen.tcl 
Execute       source C:/Users/xingy/AppData/Roaming/Xilinx/Vitis/testHLS2/solution1/.autopilot/db/MLP.tbgen.tcl 
Execute       source C:/Users/xingy/AppData/Roaming/Xilinx/Vitis/testHLS2/solution1/.autopilot/db/global.setting.tcl 
Execute       ap_part_info -name xczu3eg-sbva484-2-i -data names -quiet 
Execute       ap_part_info -name xczu3eg-sbva484-2-i -data info -quiet 
Execute       get_solution -flow_target 
Execute       get_config_rtl -kernel_profile 
Execute       get_config_rtl -kernel_profile 
Execute       get_config_rtl -stall_sig_gen 
Execute       get_config_rtl -profile 
Execute       source C:/Users/xingy/AppData/Roaming/Xilinx/Vitis/testHLS2/solution1/.autopilot/db/MLP.constraint.tcl 
Execute       sc_get_clocks MLP 
Execute       source C:/Users/xingy/AppData/Roaming/Xilinx/Vitis/testHLS2/solution1/.autopilot/db/global.setting.tcl 
Execute       get_config_export -ip_xdc_file 
Execute       get_config_export -ip_xdc_ooc_file 
Execute       get_config_debug -directory 
Execute       source C:/Users/xingy/AppData/Roaming/Xilinx/Vitis/testHLS2/solution1/impl/misc/MLP_ddiv_64ns_64ns_64_22_no_dsp_1_ip.tcl 
Execute       source C:/Users/xingy/AppData/Roaming/Xilinx/Vitis/testHLS2/solution1/impl/misc/MLP_fadd_32ns_32ns_32_4_full_dsp_1_ip.tcl 
Execute       source C:/Users/xingy/AppData/Roaming/Xilinx/Vitis/testHLS2/solution1/impl/misc/MLP_fcmp_32ns_32ns_1_2_no_dsp_1_ip.tcl 
Execute       source C:/Users/xingy/AppData/Roaming/Xilinx/Vitis/testHLS2/solution1/impl/misc/MLP_fmul_32ns_32ns_32_3_max_dsp_1_ip.tcl 
Execute       source C:/Users/xingy/AppData/Roaming/Xilinx/Vitis/testHLS2/solution1/impl/misc/MLP_fptrunc_64ns_32_2_no_dsp_1_ip.tcl 
Execute       source C:/Users/xingy/AppData/Roaming/Xilinx/Vitis/testHLS2/solution1/impl/misc/MLP_sitodp_32ns_64_4_no_dsp_1_ip.tcl 
INFO-FLOW: DBG:PROC: ::HLSREPORTS::add_csynth_report_sections bind_info_dict='adapter_nodes {} report_dict {TOPINST MLP MODULE2INSTS {MLP MLP MLP_Pipeline_1 grp_MLP_Pipeline_1_fu_1091 MLP_Pipeline_2 grp_MLP_Pipeline_2_fu_1097 MLP_Pipeline_3 grp_MLP_Pipeline_3_fu_1103 MLP_Pipeline_4 grp_MLP_Pipeline_4_fu_1109 MLP_Pipeline_5 grp_MLP_Pipeline_5_fu_1115 MLP_Pipeline_6 grp_MLP_Pipeline_6_fu_1121 MLP_Pipeline_VITIS_LOOP_58_1 grp_MLP_Pipeline_VITIS_LOOP_58_1_fu_1127 MLP_Pipeline_VITIS_LOOP_69_2 grp_MLP_Pipeline_VITIS_LOOP_69_2_fu_1151 MLP_Pipeline_VITIS_LOOP_77_3 grp_MLP_Pipeline_VITIS_LOOP_77_3_fu_1157 MLP_Pipeline_VITIS_LOOP_94_5 grp_MLP_Pipeline_VITIS_LOOP_94_5_fu_1310 MLP_Pipeline_VITIS_LOOP_111_7 grp_MLP_Pipeline_VITIS_LOOP_111_7_fu_1391 MLP_Pipeline_VITIS_LOOP_123_9 grp_MLP_Pipeline_VITIS_LOOP_123_9_fu_1436 MLP_Pipeline_VITIS_LOOP_128_10 grp_MLP_Pipeline_VITIS_LOOP_128_10_fu_1442} INST2MODULE {MLP MLP grp_MLP_Pipeline_1_fu_1091 MLP_Pipeline_1 grp_MLP_Pipeline_2_fu_1097 MLP_Pipeline_2 grp_MLP_Pipeline_3_fu_1103 MLP_Pipeline_3 grp_MLP_Pipeline_4_fu_1109 MLP_Pipeline_4 grp_MLP_Pipeline_5_fu_1115 MLP_Pipeline_5 grp_MLP_Pipeline_6_fu_1121 MLP_Pipeline_6 grp_MLP_Pipeline_VITIS_LOOP_58_1_fu_1127 MLP_Pipeline_VITIS_LOOP_58_1 grp_MLP_Pipeline_VITIS_LOOP_69_2_fu_1151 MLP_Pipeline_VITIS_LOOP_69_2 grp_MLP_Pipeline_VITIS_LOOP_77_3_fu_1157 MLP_Pipeline_VITIS_LOOP_77_3 grp_MLP_Pipeline_VITIS_LOOP_94_5_fu_1310 MLP_Pipeline_VITIS_LOOP_94_5 grp_MLP_Pipeline_VITIS_LOOP_111_7_fu_1391 MLP_Pipeline_VITIS_LOOP_111_7 grp_MLP_Pipeline_VITIS_LOOP_123_9_fu_1436 MLP_Pipeline_VITIS_LOOP_123_9 grp_MLP_Pipeline_VITIS_LOOP_128_10_fu_1442 MLP_Pipeline_VITIS_LOOP_128_10} INSTDATA {MLP {DEPTH 1 CHILDREN {grp_MLP_Pipeline_1_fu_1091 grp_MLP_Pipeline_2_fu_1097 grp_MLP_Pipeline_3_fu_1103 grp_MLP_Pipeline_4_fu_1109 grp_MLP_Pipeline_5_fu_1115 grp_MLP_Pipeline_6_fu_1121 grp_MLP_Pipeline_VITIS_LOOP_58_1_fu_1127 grp_MLP_Pipeline_VITIS_LOOP_69_2_fu_1151 grp_MLP_Pipeline_VITIS_LOOP_77_3_fu_1157 grp_MLP_Pipeline_VITIS_LOOP_94_5_fu_1310 grp_MLP_Pipeline_VITIS_LOOP_111_7_fu_1391 grp_MLP_Pipeline_VITIS_LOOP_123_9_fu_1436 grp_MLP_Pipeline_VITIS_LOOP_128_10_fu_1442}} grp_MLP_Pipeline_1_fu_1091 {DEPTH 2 CHILDREN {}} grp_MLP_Pipeline_2_fu_1097 {DEPTH 2 CHILDREN {}} grp_MLP_Pipeline_3_fu_1103 {DEPTH 2 CHILDREN {}} grp_MLP_Pipeline_4_fu_1109 {DEPTH 2 CHILDREN {}} grp_MLP_Pipeline_5_fu_1115 {DEPTH 2 CHILDREN {}} grp_MLP_Pipeline_6_fu_1121 {DEPTH 2 CHILDREN {}} grp_MLP_Pipeline_VITIS_LOOP_58_1_fu_1127 {DEPTH 2 CHILDREN {}} grp_MLP_Pipeline_VITIS_LOOP_69_2_fu_1151 {DEPTH 2 CHILDREN {}} grp_MLP_Pipeline_VITIS_LOOP_77_3_fu_1157 {DEPTH 2 CHILDREN {}} grp_MLP_Pipeline_VITIS_LOOP_94_5_fu_1310 {DEPTH 2 CHILDREN {}} grp_MLP_Pipeline_VITIS_LOOP_111_7_fu_1391 {DEPTH 2 CHILDREN {}} grp_MLP_Pipeline_VITIS_LOOP_123_9_fu_1436 {DEPTH 2 CHILDREN {}} grp_MLP_Pipeline_VITIS_LOOP_128_10_fu_1442 {DEPTH 2 CHILDREN {}}} MODULEDATA {MLP_Pipeline_1 {BINDINFO {{BINDTYPE op ID {} IMPL fabric LATENCY 0 OPTYPE add PRAGMA {} RTLNAME empty_52_fu_56_p2 SOURCE {} VARIABLE empty_52 LOOP {Loop 1} BUNDLEDNAME {} DSP 0 BRAM 0 URAM 0 DISPNAME {bind_op add}}} AREA {DSP 0 BRAM 0 URAM 0}} MLP_Pipeline_2 {BINDINFO {{BINDTYPE op ID {} IMPL fabric LATENCY 0 OPTYPE add PRAGMA {} RTLNAME empty_50_fu_58_p2 SOURCE {} VARIABLE empty_50 LOOP {Loop 1} BUNDLEDNAME {} DSP 0 BRAM 0 URAM 0 DISPNAME {bind_op add}}} AREA {DSP 0 BRAM 0 URAM 0}} MLP_Pipeline_3 {BINDINFO {{BINDTYPE op ID {} IMPL fabric LATENCY 0 OPTYPE add PRAGMA {} RTLNAME empty_48_fu_58_p2 SOURCE {} VARIABLE empty_48 LOOP {Loop 1} BUNDLEDNAME {} DSP 0 BRAM 0 URAM 0 DISPNAME {bind_op add}}} AREA {DSP 0 BRAM 0 URAM 0}} MLP_Pipeline_4 {BINDINFO {{BINDTYPE op ID {} IMPL fabric LATENCY 0 OPTYPE add PRAGMA {} RTLNAME empty_46_fu_58_p2 SOURCE {} VARIABLE empty_46 LOOP {Loop 1} BUNDLEDNAME {} DSP 0 BRAM 0 URAM 0 DISPNAME {bind_op add}}} AREA {DSP 0 BRAM 0 URAM 0}} MLP_Pipeline_5 {BINDINFO {{BINDTYPE op ID {} IMPL fabric LATENCY 0 OPTYPE add PRAGMA {} RTLNAME empty_44_fu_58_p2 SOURCE {} VARIABLE empty_44 LOOP {Loop 1} BUNDLEDNAME {} DSP 0 BRAM 0 URAM 0 DISPNAME {bind_op add}}} AREA {DSP 0 BRAM 0 URAM 0}} MLP_Pipeline_6 {BINDINFO {{BINDTYPE op ID {} IMPL fabric LATENCY 0 OPTYPE add PRAGMA {} RTLNAME empty_42_fu_56_p2 SOURCE {} VARIABLE empty_42 LOOP {Loop 1} BUNDLEDNAME {} DSP 0 BRAM 0 URAM 0 DISPNAME {bind_op add}}} AREA {DSP 0 BRAM 0 URAM 0}} MLP_Pipeline_VITIS_LOOP_58_1 {BINDINFO {{BINDTYPE op ID {} IMPL fabric LATENCY 0 OPTYPE add PRAGMA {} RTLNAME add_ln61_fu_175_p2 SOURCE ../../../../HWSWAI/HLS/SampleDatasetMLP.cpp:61 VARIABLE add_ln61 LOOP VITIS_LOOP_58_1 BUNDLEDNAME {} DSP 0 BRAM 0 URAM 0 DISPNAME {bind_op add}}} AREA {DSP 0 BRAM 0 URAM 0}} MLP_Pipeline_VITIS_LOOP_69_2 {BINDINFO {{BINDTYPE op ID {} IMPL fabric LATENCY 0 OPTYPE add PRAGMA {} RTLNAME add_ln69_fu_89_p2 SOURCE ../../../../HWSWAI/HLS/SampleDatasetMLP.cpp:69 VARIABLE add_ln69 LOOP VITIS_LOOP_69_2 BUNDLEDNAME {} DSP 0 BRAM 0 URAM 0 DISPNAME {bind_op add}} {BINDTYPE op ID {} IMPL fabric LATENCY 21 OPTYPE ddiv PRAGMA {} RTLNAME ddiv_64ns_64ns_64_22_no_dsp_1_U21 SOURCE ../../../../HWSWAI/HLS/SampleDatasetMLP.cpp:70 VARIABLE div LOOP VITIS_LOOP_69_2 BUNDLEDNAME {} DSP 0 BRAM 0 URAM 0 DISPNAME {bind_op ddiv}}} AREA {DSP 0 BRAM 0 URAM 0}} MLP_Pipeline_VITIS_LOOP_77_3 {BINDINFO {{BINDTYPE op ID {} IMPL fabric LATENCY 0 OPTYPE add PRAGMA {} RTLNAME add_ln77_fu_1587_p2 SOURCE ../../../../HWSWAI/HLS/SampleDatasetMLP.cpp:77 VARIABLE add_ln77 LOOP VITIS_LOOP_77_3 BUNDLEDNAME {} DSP 0 BRAM 0 URAM 0 DISPNAME {bind_op add}} {BINDTYPE op ID {} IMPL maxdsp LATENCY 2 OPTYPE fmul PRAGMA {} RTLNAME fmul_32ns_32ns_32_3_max_dsp_1_U101 SOURCE ../../../../HWSWAI/HLS/SampleDatasetMLP.cpp:80 VARIABLE mul_23 LOOP VITIS_LOOP_77_3 BUNDLEDNAME {} DSP 3 BRAM 0 URAM 0 DISPNAME {bind_op fmul}} {BINDTYPE op ID {} IMPL maxdsp LATENCY 2 OPTYPE fmul PRAGMA {} RTLNAME fmul_32ns_32ns_32_3_max_dsp_1_U102 SOURCE ../../../../HWSWAI/HLS/SampleDatasetMLP.cpp:80 VARIABLE mul_24 LOOP VITIS_LOOP_77_3 BUNDLEDNAME {} DSP 3 BRAM 0 URAM 0 DISPNAME {bind_op fmul}} {BINDTYPE op ID {} IMPL fulldsp LATENCY 3 OPTYPE fadd PRAGMA {} RTLNAME fadd_32ns_32ns_32_4_full_dsp_1_U53 SOURCE ../../../../HWSWAI/HLS/SampleDatasetMLP.cpp:80 VARIABLE add1_24 LOOP VITIS_LOOP_77_3 BUNDLEDNAME {} DSP 2 BRAM 0 URAM 0 DISPNAME {bind_op fadd}} {BINDTYPE op ID {} IMPL maxdsp LATENCY 2 OPTYPE fmul PRAGMA {} RTLNAME fmul_32ns_32ns_32_3_max_dsp_1_U103 SOURCE ../../../../HWSWAI/HLS/SampleDatasetMLP.cpp:80 VARIABLE mul_25 LOOP VITIS_LOOP_77_3 BUNDLEDNAME {} DSP 3 BRAM 0 URAM 0 DISPNAME {bind_op fmul}} {BINDTYPE op ID {} IMPL fulldsp LATENCY 3 OPTYPE fadd PRAGMA {} RTLNAME fadd_32ns_32ns_32_4_full_dsp_1_U54 SOURCE ../../../../HWSWAI/HLS/SampleDatasetMLP.cpp:80 VARIABLE add1_25 LOOP VITIS_LOOP_77_3 BUNDLEDNAME {} DSP 2 BRAM 0 URAM 0 DISPNAME {bind_op fadd}} {BINDTYPE op ID {} IMPL maxdsp LATENCY 2 OPTYPE fmul PRAGMA {} RTLNAME fmul_32ns_32ns_32_3_max_dsp_1_U104 SOURCE ../../../../HWSWAI/HLS/SampleDatasetMLP.cpp:80 VARIABLE mul_26 LOOP VITIS_LOOP_77_3 BUNDLEDNAME {} DSP 3 BRAM 0 URAM 0 DISPNAME {bind_op fmul}} {BINDTYPE op ID {} IMPL fulldsp LATENCY 3 OPTYPE fadd PRAGMA {} RTLNAME fadd_32ns_32ns_32_4_full_dsp_1_U55 SOURCE ../../../../HWSWAI/HLS/SampleDatasetMLP.cpp:80 VARIABLE add1_26 LOOP VITIS_LOOP_77_3 BUNDLEDNAME {} DSP 2 BRAM 0 URAM 0 DISPNAME {bind_op fadd}} {BINDTYPE op ID {} IMPL maxdsp LATENCY 2 OPTYPE fmul PRAGMA {} RTLNAME fmul_32ns_32ns_32_3_max_dsp_1_U105 SOURCE ../../../../HWSWAI/HLS/SampleDatasetMLP.cpp:80 VARIABLE mul_27 LOOP VITIS_LOOP_77_3 BUNDLEDNAME {} DSP 3 BRAM 0 URAM 0 DISPNAME {bind_op fmul}} {BINDTYPE op ID {} IMPL fulldsp LATENCY 3 OPTYPE fadd PRAGMA {} RTLNAME fadd_32ns_32ns_32_4_full_dsp_1_U56 SOURCE ../../../../HWSWAI/HLS/SampleDatasetMLP.cpp:80 VARIABLE add1_27 LOOP VITIS_LOOP_77_3 BUNDLEDNAME {} DSP 2 BRAM 0 URAM 0 DISPNAME {bind_op fadd}} {BINDTYPE op ID {} IMPL maxdsp LATENCY 2 OPTYPE fmul PRAGMA {} RTLNAME fmul_32ns_32ns_32_3_max_dsp_1_U106 SOURCE ../../../../HWSWAI/HLS/SampleDatasetMLP.cpp:80 VARIABLE mul_28 LOOP VITIS_LOOP_77_3 BUNDLEDNAME {} DSP 3 BRAM 0 URAM 0 DISPNAME {bind_op fmul}} {BINDTYPE op ID {} IMPL fulldsp LATENCY 3 OPTYPE fadd PRAGMA {} RTLNAME fadd_32ns_32ns_32_4_full_dsp_1_U57 SOURCE ../../../../HWSWAI/HLS/SampleDatasetMLP.cpp:80 VARIABLE add1_28 LOOP VITIS_LOOP_77_3 BUNDLEDNAME {} DSP 2 BRAM 0 URAM 0 DISPNAME {bind_op fadd}} {BINDTYPE op ID {} IMPL maxdsp LATENCY 2 OPTYPE fmul PRAGMA {} RTLNAME fmul_32ns_32ns_32_3_max_dsp_1_U107 SOURCE ../../../../HWSWAI/HLS/SampleDatasetMLP.cpp:80 VARIABLE mul_29 LOOP VITIS_LOOP_77_3 BUNDLEDNAME {} DSP 3 BRAM 0 URAM 0 DISPNAME {bind_op fmul}} {BINDTYPE op ID {} IMPL fulldsp LATENCY 3 OPTYPE fadd PRAGMA {} RTLNAME fadd_32ns_32ns_32_4_full_dsp_1_U58 SOURCE ../../../../HWSWAI/HLS/SampleDatasetMLP.cpp:80 VARIABLE add1_29 LOOP VITIS_LOOP_77_3 BUNDLEDNAME {} DSP 2 BRAM 0 URAM 0 DISPNAME {bind_op fadd}} {BINDTYPE op ID {} IMPL maxdsp LATENCY 2 OPTYPE fmul PRAGMA {} RTLNAME fmul_32ns_32ns_32_3_max_dsp_1_U108 SOURCE ../../../../HWSWAI/HLS/SampleDatasetMLP.cpp:80 VARIABLE mul_30 LOOP VITIS_LOOP_77_3 BUNDLEDNAME {} DSP 3 BRAM 0 URAM 0 DISPNAME {bind_op fmul}} {BINDTYPE op ID {} IMPL fulldsp LATENCY 3 OPTYPE fadd PRAGMA {} RTLNAME fadd_32ns_32ns_32_4_full_dsp_1_U59 SOURCE ../../../../HWSWAI/HLS/SampleDatasetMLP.cpp:80 VARIABLE add1_30 LOOP VITIS_LOOP_77_3 BUNDLEDNAME {} DSP 2 BRAM 0 URAM 0 DISPNAME {bind_op fadd}} {BINDTYPE op ID {} IMPL maxdsp LATENCY 2 OPTYPE fmul PRAGMA {} RTLNAME fmul_32ns_32ns_32_3_max_dsp_1_U109 SOURCE ../../../../HWSWAI/HLS/SampleDatasetMLP.cpp:80 VARIABLE mul_31 LOOP VITIS_LOOP_77_3 BUNDLEDNAME {} DSP 3 BRAM 0 URAM 0 DISPNAME {bind_op fmul}} {BINDTYPE op ID {} IMPL fulldsp LATENCY 3 OPTYPE fadd PRAGMA {} RTLNAME fadd_32ns_32ns_32_4_full_dsp_1_U60 SOURCE ../../../../HWSWAI/HLS/SampleDatasetMLP.cpp:80 VARIABLE add1_31 LOOP VITIS_LOOP_77_3 BUNDLEDNAME {} DSP 2 BRAM 0 URAM 0 DISPNAME {bind_op fadd}} {BINDTYPE op ID {} IMPL maxdsp LATENCY 2 OPTYPE fmul PRAGMA {} RTLNAME fmul_32ns_32ns_32_3_max_dsp_1_U110 SOURCE ../../../../HWSWAI/HLS/SampleDatasetMLP.cpp:80 VARIABLE mul_32 LOOP VITIS_LOOP_77_3 BUNDLEDNAME {} DSP 3 BRAM 0 URAM 0 DISPNAME {bind_op fmul}} {BINDTYPE op ID {} IMPL fulldsp LATENCY 3 OPTYPE fadd PRAGMA {} RTLNAME fadd_32ns_32ns_32_4_full_dsp_1_U61 SOURCE ../../../../HWSWAI/HLS/SampleDatasetMLP.cpp:80 VARIABLE add1_32 LOOP VITIS_LOOP_77_3 BUNDLEDNAME {} DSP 2 BRAM 0 URAM 0 DISPNAME {bind_op fadd}} {BINDTYPE op ID {} IMPL maxdsp LATENCY 2 OPTYPE fmul PRAGMA {} RTLNAME fmul_32ns_32ns_32_3_max_dsp_1_U111 SOURCE ../../../../HWSWAI/HLS/SampleDatasetMLP.cpp:80 VARIABLE mul_33 LOOP VITIS_LOOP_77_3 BUNDLEDNAME {} DSP 3 BRAM 0 URAM 0 DISPNAME {bind_op fmul}} {BINDTYPE op ID {} IMPL fulldsp LATENCY 3 OPTYPE fadd PRAGMA {} RTLNAME fadd_32ns_32ns_32_4_full_dsp_1_U62 SOURCE ../../../../HWSWAI/HLS/SampleDatasetMLP.cpp:80 VARIABLE add1_33 LOOP VITIS_LOOP_77_3 BUNDLEDNAME {} DSP 2 BRAM 0 URAM 0 DISPNAME {bind_op fadd}} {BINDTYPE op ID {} IMPL maxdsp LATENCY 2 OPTYPE fmul PRAGMA {} RTLNAME fmul_32ns_32ns_32_3_max_dsp_1_U112 SOURCE ../../../../HWSWAI/HLS/SampleDatasetMLP.cpp:80 VARIABLE mul_34 LOOP VITIS_LOOP_77_3 BUNDLEDNAME {} DSP 3 BRAM 0 URAM 0 DISPNAME {bind_op fmul}} {BINDTYPE op ID {} IMPL fulldsp LATENCY 3 OPTYPE fadd PRAGMA {} RTLNAME fadd_32ns_32ns_32_4_full_dsp_1_U63 SOURCE ../../../../HWSWAI/HLS/SampleDatasetMLP.cpp:80 VARIABLE add1_34 LOOP VITIS_LOOP_77_3 BUNDLEDNAME {} DSP 2 BRAM 0 URAM 0 DISPNAME {bind_op fadd}} {BINDTYPE op ID {} IMPL maxdsp LATENCY 2 OPTYPE fmul PRAGMA {} RTLNAME fmul_32ns_32ns_32_3_max_dsp_1_U113 SOURCE ../../../../HWSWAI/HLS/SampleDatasetMLP.cpp:80 VARIABLE mul_35 LOOP VITIS_LOOP_77_3 BUNDLEDNAME {} DSP 3 BRAM 0 URAM 0 DISPNAME {bind_op fmul}} {BINDTYPE op ID {} IMPL fulldsp LATENCY 3 OPTYPE fadd PRAGMA {} RTLNAME fadd_32ns_32ns_32_4_full_dsp_1_U64 SOURCE ../../../../HWSWAI/HLS/SampleDatasetMLP.cpp:80 VARIABLE add1_35 LOOP VITIS_LOOP_77_3 BUNDLEDNAME {} DSP 2 BRAM 0 URAM 0 DISPNAME {bind_op fadd}} {BINDTYPE op ID {} IMPL maxdsp LATENCY 2 OPTYPE fmul PRAGMA {} RTLNAME fmul_32ns_32ns_32_3_max_dsp_1_U114 SOURCE ../../../../HWSWAI/HLS/SampleDatasetMLP.cpp:80 VARIABLE mul_36 LOOP VITIS_LOOP_77_3 BUNDLEDNAME {} DSP 3 BRAM 0 URAM 0 DISPNAME {bind_op fmul}} {BINDTYPE op ID {} IMPL fulldsp LATENCY 3 OPTYPE fadd PRAGMA {} RTLNAME fadd_32ns_32ns_32_4_full_dsp_1_U65 SOURCE ../../../../HWSWAI/HLS/SampleDatasetMLP.cpp:80 VARIABLE add1_36 LOOP VITIS_LOOP_77_3 BUNDLEDNAME {} DSP 2 BRAM 0 URAM 0 DISPNAME {bind_op fadd}} {BINDTYPE op ID {} IMPL maxdsp LATENCY 2 OPTYPE fmul PRAGMA {} RTLNAME fmul_32ns_32ns_32_3_max_dsp_1_U115 SOURCE ../../../../HWSWAI/HLS/SampleDatasetMLP.cpp:80 VARIABLE mul_37 LOOP VITIS_LOOP_77_3 BUNDLEDNAME {} DSP 3 BRAM 0 URAM 0 DISPNAME {bind_op fmul}} {BINDTYPE op ID {} IMPL fulldsp LATENCY 3 OPTYPE fadd PRAGMA {} RTLNAME fadd_32ns_32ns_32_4_full_dsp_1_U66 SOURCE ../../../../HWSWAI/HLS/SampleDatasetMLP.cpp:80 VARIABLE add1_37 LOOP VITIS_LOOP_77_3 BUNDLEDNAME {} DSP 2 BRAM 0 URAM 0 DISPNAME {bind_op fadd}} {BINDTYPE op ID {} IMPL maxdsp LATENCY 2 OPTYPE fmul PRAGMA {} RTLNAME fmul_32ns_32ns_32_3_max_dsp_1_U116 SOURCE ../../../../HWSWAI/HLS/SampleDatasetMLP.cpp:80 VARIABLE mul_38 LOOP VITIS_LOOP_77_3 BUNDLEDNAME {} DSP 3 BRAM 0 URAM 0 DISPNAME {bind_op fmul}} {BINDTYPE op ID {} IMPL fulldsp LATENCY 3 OPTYPE fadd PRAGMA {} RTLNAME fadd_32ns_32ns_32_4_full_dsp_1_U67 SOURCE ../../../../HWSWAI/HLS/SampleDatasetMLP.cpp:80 VARIABLE add1_38 LOOP VITIS_LOOP_77_3 BUNDLEDNAME {} DSP 2 BRAM 0 URAM 0 DISPNAME {bind_op fadd}} {BINDTYPE op ID {} IMPL maxdsp LATENCY 2 OPTYPE fmul PRAGMA {} RTLNAME fmul_32ns_32ns_32_3_max_dsp_1_U117 SOURCE ../../../../HWSWAI/HLS/SampleDatasetMLP.cpp:80 VARIABLE mul_39 LOOP VITIS_LOOP_77_3 BUNDLEDNAME {} DSP 3 BRAM 0 URAM 0 DISPNAME {bind_op fmul}} {BINDTYPE op ID {} IMPL fulldsp LATENCY 3 OPTYPE fadd PRAGMA {} RTLNAME fadd_32ns_32ns_32_4_full_dsp_1_U68 SOURCE ../../../../HWSWAI/HLS/SampleDatasetMLP.cpp:80 VARIABLE add1_39 LOOP VITIS_LOOP_77_3 BUNDLEDNAME {} DSP 2 BRAM 0 URAM 0 DISPNAME {bind_op fadd}} {BINDTYPE op ID {} IMPL maxdsp LATENCY 2 OPTYPE fmul PRAGMA {} RTLNAME fmul_32ns_32ns_32_3_max_dsp_1_U118 SOURCE ../../../../HWSWAI/HLS/SampleDatasetMLP.cpp:80 VARIABLE mul_40 LOOP VITIS_LOOP_77_3 BUNDLEDNAME {} DSP 3 BRAM 0 URAM 0 DISPNAME {bind_op fmul}} {BINDTYPE op ID {} IMPL fulldsp LATENCY 3 OPTYPE fadd PRAGMA {} RTLNAME fadd_32ns_32ns_32_4_full_dsp_1_U69 SOURCE ../../../../HWSWAI/HLS/SampleDatasetMLP.cpp:80 VARIABLE add1_40 LOOP VITIS_LOOP_77_3 BUNDLEDNAME {} DSP 2 BRAM 0 URAM 0 DISPNAME {bind_op fadd}} {BINDTYPE op ID {} IMPL maxdsp LATENCY 2 OPTYPE fmul PRAGMA {} RTLNAME fmul_32ns_32ns_32_3_max_dsp_1_U119 SOURCE ../../../../HWSWAI/HLS/SampleDatasetMLP.cpp:80 VARIABLE mul_41 LOOP VITIS_LOOP_77_3 BUNDLEDNAME {} DSP 3 BRAM 0 URAM 0 DISPNAME {bind_op fmul}} {BINDTYPE op ID {} IMPL fulldsp LATENCY 3 OPTYPE fadd PRAGMA {} RTLNAME fadd_32ns_32ns_32_4_full_dsp_1_U70 SOURCE ../../../../HWSWAI/HLS/SampleDatasetMLP.cpp:80 VARIABLE add1_41 LOOP VITIS_LOOP_77_3 BUNDLEDNAME {} DSP 2 BRAM 0 URAM 0 DISPNAME {bind_op fadd}} {BINDTYPE op ID {} IMPL maxdsp LATENCY 2 OPTYPE fmul PRAGMA {} RTLNAME fmul_32ns_32ns_32_3_max_dsp_1_U120 SOURCE ../../../../HWSWAI/HLS/SampleDatasetMLP.cpp:80 VARIABLE mul_42 LOOP VITIS_LOOP_77_3 BUNDLEDNAME {} DSP 3 BRAM 0 URAM 0 DISPNAME {bind_op fmul}} {BINDTYPE op ID {} IMPL fulldsp LATENCY 3 OPTYPE fadd PRAGMA {} RTLNAME fadd_32ns_32ns_32_4_full_dsp_1_U71 SOURCE ../../../../HWSWAI/HLS/SampleDatasetMLP.cpp:80 VARIABLE add1_42 LOOP VITIS_LOOP_77_3 BUNDLEDNAME {} DSP 2 BRAM 0 URAM 0 DISPNAME {bind_op fadd}} {BINDTYPE op ID {} IMPL maxdsp LATENCY 2 OPTYPE fmul PRAGMA {} RTLNAME fmul_32ns_32ns_32_3_max_dsp_1_U121 SOURCE ../../../../HWSWAI/HLS/SampleDatasetMLP.cpp:80 VARIABLE mul_43 LOOP VITIS_LOOP_77_3 BUNDLEDNAME {} DSP 3 BRAM 0 URAM 0 DISPNAME {bind_op fmul}} {BINDTYPE op ID {} IMPL fulldsp LATENCY 3 OPTYPE fadd PRAGMA {} RTLNAME fadd_32ns_32ns_32_4_full_dsp_1_U72 SOURCE ../../../../HWSWAI/HLS/SampleDatasetMLP.cpp:80 VARIABLE add1_43 LOOP VITIS_LOOP_77_3 BUNDLEDNAME {} DSP 2 BRAM 0 URAM 0 DISPNAME {bind_op fadd}} {BINDTYPE op ID {} IMPL maxdsp LATENCY 2 OPTYPE fmul PRAGMA {} RTLNAME fmul_32ns_32ns_32_3_max_dsp_1_U122 SOURCE ../../../../HWSWAI/HLS/SampleDatasetMLP.cpp:80 VARIABLE mul_44 LOOP VITIS_LOOP_77_3 BUNDLEDNAME {} DSP 3 BRAM 0 URAM 0 DISPNAME {bind_op fmul}} {BINDTYPE op ID {} IMPL fulldsp LATENCY 3 OPTYPE fadd PRAGMA {} RTLNAME fadd_32ns_32ns_32_4_full_dsp_1_U73 SOURCE ../../../../HWSWAI/HLS/SampleDatasetMLP.cpp:80 VARIABLE add1_44 LOOP VITIS_LOOP_77_3 BUNDLEDNAME {} DSP 2 BRAM 0 URAM 0 DISPNAME {bind_op fadd}} {BINDTYPE op ID {} IMPL maxdsp LATENCY 2 OPTYPE fmul PRAGMA {} RTLNAME fmul_32ns_32ns_32_3_max_dsp_1_U123 SOURCE ../../../../HWSWAI/HLS/SampleDatasetMLP.cpp:80 VARIABLE mul_45 LOOP VITIS_LOOP_77_3 BUNDLEDNAME {} DSP 3 BRAM 0 URAM 0 DISPNAME {bind_op fmul}} {BINDTYPE op ID {} IMPL fulldsp LATENCY 3 OPTYPE fadd PRAGMA {} RTLNAME fadd_32ns_32ns_32_4_full_dsp_1_U74 SOURCE ../../../../HWSWAI/HLS/SampleDatasetMLP.cpp:80 VARIABLE add1_45 LOOP VITIS_LOOP_77_3 BUNDLEDNAME {} DSP 2 BRAM 0 URAM 0 DISPNAME {bind_op fadd}} {BINDTYPE op ID {} IMPL maxdsp LATENCY 2 OPTYPE fmul PRAGMA {} RTLNAME fmul_32ns_32ns_32_3_max_dsp_1_U124 SOURCE ../../../../HWSWAI/HLS/SampleDatasetMLP.cpp:80 VARIABLE mul_46 LOOP VITIS_LOOP_77_3 BUNDLEDNAME {} DSP 3 BRAM 0 URAM 0 DISPNAME {bind_op fmul}} {BINDTYPE op ID {} IMPL fulldsp LATENCY 3 OPTYPE fadd PRAGMA {} RTLNAME fadd_32ns_32ns_32_4_full_dsp_1_U75 SOURCE ../../../../HWSWAI/HLS/SampleDatasetMLP.cpp:80 VARIABLE add1_46 LOOP VITIS_LOOP_77_3 BUNDLEDNAME {} DSP 2 BRAM 0 URAM 0 DISPNAME {bind_op fadd}} {BINDTYPE op ID {} IMPL fulldsp LATENCY 3 OPTYPE fadd PRAGMA {} RTLNAME fadd_32ns_32ns_32_4_full_dsp_1_U76 SOURCE ../../../../HWSWAI/HLS/SampleDatasetMLP.cpp:84 VARIABLE add LOOP VITIS_LOOP_77_3 BUNDLEDNAME {} DSP 2 BRAM 0 URAM 0 DISPNAME {bind_op fadd}} {BINDTYPE storage ID {} IMPL auto LATENCY 1 OPTYPE rom_1p PRAGMA {} RTLNAME weights_1_0_U SOURCE {} VARIABLE weights_1_0 LOOP {} BUNDLEDNAME {} DSP 0 BRAM 0 URAM 0 DISPNAME {bind_storage rom_1p}} {BINDTYPE storage ID {} IMPL auto LATENCY 1 OPTYPE rom_1p PRAGMA {} RTLNAME weights_1_1_U SOURCE {} VARIABLE weights_1_1 LOOP {} BUNDLEDNAME {} DSP 0 BRAM 0 URAM 0 DISPNAME {bind_storage rom_1p}} {BINDTYPE storage ID {} IMPL auto LATENCY 1 OPTYPE rom_1p PRAGMA {} RTLNAME weights_1_2_U SOURCE {} VARIABLE weights_1_2 LOOP {} BUNDLEDNAME {} DSP 0 BRAM 0 URAM 0 DISPNAME {bind_storage rom_1p}} {BINDTYPE storage ID {} IMPL auto LATENCY 1 OPTYPE rom_1p PRAGMA {} RTLNAME weights_1_3_U SOURCE {} VARIABLE weights_1_3 LOOP {} BUNDLEDNAME {} DSP 0 BRAM 0 URAM 0 DISPNAME {bind_storage rom_1p}} {BINDTYPE storage ID {} IMPL auto LATENCY 1 OPTYPE rom_1p PRAGMA {} RTLNAME weights_1_4_U SOURCE {} VARIABLE weights_1_4 LOOP {} BUNDLEDNAME {} DSP 0 BRAM 0 URAM 0 DISPNAME {bind_storage rom_1p}} {BINDTYPE storage ID {} IMPL auto LATENCY 1 OPTYPE rom_1p PRAGMA {} RTLNAME weights_1_5_U SOURCE {} VARIABLE weights_1_5 LOOP {} BUNDLEDNAME {} DSP 0 BRAM 0 URAM 0 DISPNAME {bind_storage rom_1p}} {BINDTYPE storage ID {} IMPL auto LATENCY 1 OPTYPE rom_1p PRAGMA {} RTLNAME weights_1_6_U SOURCE {} VARIABLE weights_1_6 LOOP {} BUNDLEDNAME {} DSP 0 BRAM 0 URAM 0 DISPNAME {bind_storage rom_1p}} {BINDTYPE storage ID {} IMPL auto LATENCY 1 OPTYPE rom_1p PRAGMA {} RTLNAME weights_1_7_U SOURCE {} VARIABLE weights_1_7 LOOP {} BUNDLEDNAME {} DSP 0 BRAM 0 URAM 0 DISPNAME {bind_storage rom_1p}} {BINDTYPE storage ID {} IMPL auto LATENCY 1 OPTYPE rom_1p PRAGMA {} RTLNAME weights_1_8_U SOURCE {} VARIABLE weights_1_8 LOOP {} BUNDLEDNAME {} DSP 0 BRAM 0 URAM 0 DISPNAME {bind_storage rom_1p}} {BINDTYPE storage ID {} IMPL auto LATENCY 1 OPTYPE rom_1p PRAGMA {} RTLNAME weights_1_9_U SOURCE {} VARIABLE weights_1_9 LOOP {} BUNDLEDNAME {} DSP 0 BRAM 0 URAM 0 DISPNAME {bind_storage rom_1p}} {BINDTYPE storage ID {} IMPL auto LATENCY 1 OPTYPE rom_1p PRAGMA {} RTLNAME weights_1_10_U SOURCE {} VARIABLE weights_1_10 LOOP {} BUNDLEDNAME {} DSP 0 BRAM 0 URAM 0 DISPNAME {bind_storage rom_1p}} {BINDTYPE storage ID {} IMPL auto LATENCY 1 OPTYPE rom_1p PRAGMA {} RTLNAME weights_1_11_U SOURCE {} VARIABLE weights_1_11 LOOP {} BUNDLEDNAME {} DSP 0 BRAM 0 URAM 0 DISPNAME {bind_storage rom_1p}} {BINDTYPE storage ID {} IMPL auto LATENCY 1 OPTYPE rom_1p PRAGMA {} RTLNAME weights_1_12_U SOURCE {} VARIABLE weights_1_12 LOOP {} BUNDLEDNAME {} DSP 0 BRAM 0 URAM 0 DISPNAME {bind_storage rom_1p}} {BINDTYPE storage ID {} IMPL auto LATENCY 1 OPTYPE rom_1p PRAGMA {} RTLNAME weights_1_13_U SOURCE {} VARIABLE weights_1_13 LOOP {} BUNDLEDNAME {} DSP 0 BRAM 0 URAM 0 DISPNAME {bind_storage rom_1p}} {BINDTYPE storage ID {} IMPL auto LATENCY 1 OPTYPE rom_1p PRAGMA {} RTLNAME weights_1_14_U SOURCE {} VARIABLE weights_1_14 LOOP {} BUNDLEDNAME {} DSP 0 BRAM 0 URAM 0 DISPNAME {bind_storage rom_1p}} {BINDTYPE storage ID {} IMPL auto LATENCY 1 OPTYPE rom_1p PRAGMA {} RTLNAME weights_1_15_U SOURCE {} VARIABLE weights_1_15 LOOP {} BUNDLEDNAME {} DSP 0 BRAM 0 URAM 0 DISPNAME {bind_storage rom_1p}} {BINDTYPE storage ID {} IMPL auto LATENCY 1 OPTYPE rom_1p PRAGMA {} RTLNAME weights_1_16_U SOURCE {} VARIABLE weights_1_16 LOOP {} BUNDLEDNAME {} DSP 0 BRAM 0 URAM 0 DISPNAME {bind_storage rom_1p}} {BINDTYPE storage ID {} IMPL auto LATENCY 1 OPTYPE rom_1p PRAGMA {} RTLNAME weights_1_17_U SOURCE {} VARIABLE weights_1_17 LOOP {} BUNDLEDNAME {} DSP 0 BRAM 0 URAM 0 DISPNAME {bind_storage rom_1p}} {BINDTYPE storage ID {} IMPL auto LATENCY 1 OPTYPE rom_1p PRAGMA {} RTLNAME weights_1_18_U SOURCE {} VARIABLE weights_1_18 LOOP {} BUNDLEDNAME {} DSP 0 BRAM 0 URAM 0 DISPNAME {bind_storage rom_1p}} {BINDTYPE storage ID {} IMPL auto LATENCY 1 OPTYPE rom_1p PRAGMA {} RTLNAME weights_1_19_U SOURCE {} VARIABLE weights_1_19 LOOP {} BUNDLEDNAME {} DSP 0 BRAM 0 URAM 0 DISPNAME {bind_storage rom_1p}} {BINDTYPE storage ID {} IMPL auto LATENCY 1 OPTYPE rom_1p PRAGMA {} RTLNAME weights_1_20_U SOURCE {} VARIABLE weights_1_20 LOOP {} BUNDLEDNAME {} DSP 0 BRAM 0 URAM 0 DISPNAME {bind_storage rom_1p}} {BINDTYPE storage ID {} IMPL auto LATENCY 1 OPTYPE rom_1p PRAGMA {} RTLNAME weights_1_21_U SOURCE {} VARIABLE weights_1_21 LOOP {} BUNDLEDNAME {} DSP 0 BRAM 0 URAM 0 DISPNAME {bind_storage rom_1p}} {BINDTYPE storage ID {} IMPL auto LATENCY 1 OPTYPE rom_1p PRAGMA {} RTLNAME weights_1_22_U SOURCE {} VARIABLE weights_1_22 LOOP {} BUNDLEDNAME {} DSP 0 BRAM 0 URAM 0 DISPNAME {bind_storage rom_1p}} {BINDTYPE storage ID {} IMPL auto LATENCY 1 OPTYPE rom_1p PRAGMA {} RTLNAME weights_1_23_U SOURCE {} VARIABLE weights_1_23 LOOP {} BUNDLEDNAME {} DSP 0 BRAM 0 URAM 0 DISPNAME {bind_storage rom_1p}} {BINDTYPE storage ID {} IMPL auto LATENCY 1 OPTYPE rom_1p PRAGMA {} RTLNAME weights_1_24_U SOURCE {} VARIABLE weights_1_24 LOOP {} BUNDLEDNAME {} DSP 0 BRAM 0 URAM 0 DISPNAME {bind_storage rom_1p}} {BINDTYPE storage ID {} IMPL auto LATENCY 1 OPTYPE rom_1p PRAGMA {} RTLNAME weights_1_25_U SOURCE {} VARIABLE weights_1_25 LOOP {} BUNDLEDNAME {} DSP 0 BRAM 0 URAM 0 DISPNAME {bind_storage rom_1p}} {BINDTYPE storage ID {} IMPL auto LATENCY 1 OPTYPE rom_1p PRAGMA {} RTLNAME weights_1_26_U SOURCE {} VARIABLE weights_1_26 LOOP {} BUNDLEDNAME {} DSP 0 BRAM 0 URAM 0 DISPNAME {bind_storage rom_1p}} {BINDTYPE storage ID {} IMPL auto LATENCY 1 OPTYPE rom_1p PRAGMA {} RTLNAME weights_1_27_U SOURCE {} VARIABLE weights_1_27 LOOP {} BUNDLEDNAME {} DSP 0 BRAM 0 URAM 0 DISPNAME {bind_storage rom_1p}} {BINDTYPE storage ID {} IMPL auto LATENCY 1 OPTYPE rom_1p PRAGMA {} RTLNAME weights_1_28_U SOURCE {} VARIABLE weights_1_28 LOOP {} BUNDLEDNAME {} DSP 0 BRAM 0 URAM 0 DISPNAME {bind_storage rom_1p}} {BINDTYPE storage ID {} IMPL auto LATENCY 1 OPTYPE rom_1p PRAGMA {} RTLNAME weights_1_29_U SOURCE {} VARIABLE weights_1_29 LOOP {} BUNDLEDNAME {} DSP 0 BRAM 0 URAM 0 DISPNAME {bind_storage rom_1p}} {BINDTYPE storage ID {} IMPL auto LATENCY 1 OPTYPE rom_1p PRAGMA {} RTLNAME weights_1_30_U SOURCE {} VARIABLE weights_1_30 LOOP {} BUNDLEDNAME {} DSP 0 BRAM 0 URAM 0 DISPNAME {bind_storage rom_1p}} {BINDTYPE storage ID {} IMPL auto LATENCY 1 OPTYPE rom_1p PRAGMA {} RTLNAME weights_1_31_U SOURCE {} VARIABLE weights_1_31 LOOP {} BUNDLEDNAME {} DSP 0 BRAM 0 URAM 0 DISPNAME {bind_storage rom_1p}} {BINDTYPE storage ID {} IMPL auto LATENCY 1 OPTYPE rom_1p PRAGMA {} RTLNAME weights_1_32_U SOURCE {} VARIABLE weights_1_32 LOOP {} BUNDLEDNAME {} DSP 0 BRAM 0 URAM 0 DISPNAME {bind_storage rom_1p}} {BINDTYPE storage ID {} IMPL auto LATENCY 1 OPTYPE rom_1p PRAGMA {} RTLNAME weights_1_33_U SOURCE {} VARIABLE weights_1_33 LOOP {} BUNDLEDNAME {} DSP 0 BRAM 0 URAM 0 DISPNAME {bind_storage rom_1p}} {BINDTYPE storage ID {} IMPL auto LATENCY 1 OPTYPE rom_1p PRAGMA {} RTLNAME weights_1_34_U SOURCE {} VARIABLE weights_1_34 LOOP {} BUNDLEDNAME {} DSP 0 BRAM 0 URAM 0 DISPNAME {bind_storage rom_1p}} {BINDTYPE storage ID {} IMPL auto LATENCY 1 OPTYPE rom_1p PRAGMA {} RTLNAME weights_1_35_U SOURCE {} VARIABLE weights_1_35 LOOP {} BUNDLEDNAME {} DSP 0 BRAM 0 URAM 0 DISPNAME {bind_storage rom_1p}} {BINDTYPE storage ID {} IMPL auto LATENCY 1 OPTYPE rom_1p PRAGMA {} RTLNAME weights_1_36_U SOURCE {} VARIABLE weights_1_36 LOOP {} BUNDLEDNAME {} DSP 0 BRAM 0 URAM 0 DISPNAME {bind_storage rom_1p}} {BINDTYPE storage ID {} IMPL auto LATENCY 1 OPTYPE rom_1p PRAGMA {} RTLNAME weights_1_37_U SOURCE {} VARIABLE weights_1_37 LOOP {} BUNDLEDNAME {} DSP 0 BRAM 0 URAM 0 DISPNAME {bind_storage rom_1p}} {BINDTYPE storage ID {} IMPL auto LATENCY 1 OPTYPE rom_1p PRAGMA {} RTLNAME weights_1_38_U SOURCE {} VARIABLE weights_1_38 LOOP {} BUNDLEDNAME {} DSP 0 BRAM 0 URAM 0 DISPNAME {bind_storage rom_1p}} {BINDTYPE storage ID {} IMPL auto LATENCY 1 OPTYPE rom_1p PRAGMA {} RTLNAME weights_1_39_U SOURCE {} VARIABLE weights_1_39 LOOP {} BUNDLEDNAME {} DSP 0 BRAM 0 URAM 0 DISPNAME {bind_storage rom_1p}} {BINDTYPE storage ID {} IMPL auto LATENCY 1 OPTYPE rom_1p PRAGMA {} RTLNAME weights_1_40_U SOURCE {} VARIABLE weights_1_40 LOOP {} BUNDLEDNAME {} DSP 0 BRAM 0 URAM 0 DISPNAME {bind_storage rom_1p}} {BINDTYPE storage ID {} IMPL auto LATENCY 1 OPTYPE rom_1p PRAGMA {} RTLNAME weights_1_41_U SOURCE {} VARIABLE weights_1_41 LOOP {} BUNDLEDNAME {} DSP 0 BRAM 0 URAM 0 DISPNAME {bind_storage rom_1p}} {BINDTYPE storage ID {} IMPL auto LATENCY 1 OPTYPE rom_1p PRAGMA {} RTLNAME weights_1_42_U SOURCE {} VARIABLE weights_1_42 LOOP {} BUNDLEDNAME {} DSP 0 BRAM 0 URAM 0 DISPNAME {bind_storage rom_1p}} {BINDTYPE storage ID {} IMPL auto LATENCY 1 OPTYPE rom_1p PRAGMA {} RTLNAME weights_1_43_U SOURCE {} VARIABLE weights_1_43 LOOP {} BUNDLEDNAME {} DSP 0 BRAM 0 URAM 0 DISPNAME {bind_storage rom_1p}} {BINDTYPE storage ID {} IMPL auto LATENCY 1 OPTYPE rom_1p PRAGMA {} RTLNAME weights_1_44_U SOURCE {} VARIABLE weights_1_44 LOOP {} BUNDLEDNAME {} DSP 0 BRAM 0 URAM 0 DISPNAME {bind_storage rom_1p}} {BINDTYPE storage ID {} IMPL auto LATENCY 1 OPTYPE rom_1p PRAGMA {} RTLNAME weights_1_45_U SOURCE {} VARIABLE weights_1_45 LOOP {} BUNDLEDNAME {} DSP 0 BRAM 0 URAM 0 DISPNAME {bind_storage rom_1p}} {BINDTYPE storage ID {} IMPL auto LATENCY 1 OPTYPE rom_1p PRAGMA {} RTLNAME weights_1_46_U SOURCE {} VARIABLE weights_1_46 LOOP {} BUNDLEDNAME {} DSP 0 BRAM 0 URAM 0 DISPNAME {bind_storage rom_1p}} {BINDTYPE storage ID {} IMPL auto LATENCY 1 OPTYPE rom_1p PRAGMA {} RTLNAME weights_1_47_U SOURCE {} VARIABLE weights_1_47 LOOP {} BUNDLEDNAME {} DSP 0 BRAM 0 URAM 0 DISPNAME {bind_storage rom_1p}} {BINDTYPE storage ID {} IMPL auto LATENCY 1 OPTYPE rom_1p PRAGMA {} RTLNAME hidden_bias_1_U SOURCE {} VARIABLE hidden_bias_1 LOOP {} BUNDLEDNAME {} DSP 0 BRAM 0 URAM 0 DISPNAME {bind_storage rom_1p}}} AREA {DSP 120 BRAM 0 URAM 0}} MLP_Pipeline_VITIS_LOOP_94_5 {BINDINFO {{BINDTYPE op ID {} IMPL fabric LATENCY 0 OPTYPE add PRAGMA {} RTLNAME add_ln94_fu_843_p2 SOURCE ../../../../HWSWAI/HLS/SampleDatasetMLP.cpp:94 VARIABLE add_ln94 LOOP VITIS_LOOP_94_5 BUNDLEDNAME {} DSP 0 BRAM 0 URAM 0 DISPNAME {bind_op add}} {BINDTYPE storage ID {} IMPL auto LATENCY 1 OPTYPE rom_1p PRAGMA {} RTLNAME weights_2_0_U SOURCE {} VARIABLE weights_2_0 LOOP {} BUNDLEDNAME {} DSP 0 BRAM 0 URAM 0 DISPNAME {bind_storage rom_1p}} {BINDTYPE storage ID {} IMPL auto LATENCY 1 OPTYPE rom_1p PRAGMA {} RTLNAME weights_2_1_U SOURCE {} VARIABLE weights_2_1 LOOP {} BUNDLEDNAME {} DSP 0 BRAM 0 URAM 0 DISPNAME {bind_storage rom_1p}} {BINDTYPE storage ID {} IMPL auto LATENCY 1 OPTYPE rom_1p PRAGMA {} RTLNAME weights_2_2_U SOURCE {} VARIABLE weights_2_2 LOOP {} BUNDLEDNAME {} DSP 0 BRAM 0 URAM 0 DISPNAME {bind_storage rom_1p}} {BINDTYPE storage ID {} IMPL auto LATENCY 1 OPTYPE rom_1p PRAGMA {} RTLNAME weights_2_3_U SOURCE {} VARIABLE weights_2_3 LOOP {} BUNDLEDNAME {} DSP 0 BRAM 0 URAM 0 DISPNAME {bind_storage rom_1p}} {BINDTYPE storage ID {} IMPL auto LATENCY 1 OPTYPE rom_1p PRAGMA {} RTLNAME weights_2_4_U SOURCE {} VARIABLE weights_2_4 LOOP {} BUNDLEDNAME {} DSP 0 BRAM 0 URAM 0 DISPNAME {bind_storage rom_1p}} {BINDTYPE storage ID {} IMPL auto LATENCY 1 OPTYPE rom_1p PRAGMA {} RTLNAME weights_2_5_U SOURCE {} VARIABLE weights_2_5 LOOP {} BUNDLEDNAME {} DSP 0 BRAM 0 URAM 0 DISPNAME {bind_storage rom_1p}} {BINDTYPE storage ID {} IMPL auto LATENCY 1 OPTYPE rom_1p PRAGMA {} RTLNAME weights_2_6_U SOURCE {} VARIABLE weights_2_6 LOOP {} BUNDLEDNAME {} DSP 0 BRAM 0 URAM 0 DISPNAME {bind_storage rom_1p}} {BINDTYPE storage ID {} IMPL auto LATENCY 1 OPTYPE rom_1p PRAGMA {} RTLNAME weights_2_7_U SOURCE {} VARIABLE weights_2_7 LOOP {} BUNDLEDNAME {} DSP 0 BRAM 0 URAM 0 DISPNAME {bind_storage rom_1p}} {BINDTYPE storage ID {} IMPL auto LATENCY 1 OPTYPE rom_1p PRAGMA {} RTLNAME weights_2_8_U SOURCE {} VARIABLE weights_2_8 LOOP {} BUNDLEDNAME {} DSP 0 BRAM 0 URAM 0 DISPNAME {bind_storage rom_1p}} {BINDTYPE storage ID {} IMPL auto LATENCY 1 OPTYPE rom_1p PRAGMA {} RTLNAME weights_2_9_U SOURCE {} VARIABLE weights_2_9 LOOP {} BUNDLEDNAME {} DSP 0 BRAM 0 URAM 0 DISPNAME {bind_storage rom_1p}} {BINDTYPE storage ID {} IMPL auto LATENCY 1 OPTYPE rom_1p PRAGMA {} RTLNAME weights_2_10_U SOURCE {} VARIABLE weights_2_10 LOOP {} BUNDLEDNAME {} DSP 0 BRAM 0 URAM 0 DISPNAME {bind_storage rom_1p}} {BINDTYPE storage ID {} IMPL auto LATENCY 1 OPTYPE rom_1p PRAGMA {} RTLNAME weights_2_11_U SOURCE {} VARIABLE weights_2_11 LOOP {} BUNDLEDNAME {} DSP 0 BRAM 0 URAM 0 DISPNAME {bind_storage rom_1p}} {BINDTYPE storage ID {} IMPL auto LATENCY 1 OPTYPE rom_1p PRAGMA {} RTLNAME weights_2_12_U SOURCE {} VARIABLE weights_2_12 LOOP {} BUNDLEDNAME {} DSP 0 BRAM 0 URAM 0 DISPNAME {bind_storage rom_1p}} {BINDTYPE storage ID {} IMPL auto LATENCY 1 OPTYPE rom_1p PRAGMA {} RTLNAME weights_2_13_U SOURCE {} VARIABLE weights_2_13 LOOP {} BUNDLEDNAME {} DSP 0 BRAM 0 URAM 0 DISPNAME {bind_storage rom_1p}} {BINDTYPE storage ID {} IMPL auto LATENCY 1 OPTYPE rom_1p PRAGMA {} RTLNAME weights_2_14_U SOURCE {} VARIABLE weights_2_14 LOOP {} BUNDLEDNAME {} DSP 0 BRAM 0 URAM 0 DISPNAME {bind_storage rom_1p}} {BINDTYPE storage ID {} IMPL auto LATENCY 1 OPTYPE rom_1p PRAGMA {} RTLNAME weights_2_15_U SOURCE {} VARIABLE weights_2_15 LOOP {} BUNDLEDNAME {} DSP 0 BRAM 0 URAM 0 DISPNAME {bind_storage rom_1p}} {BINDTYPE storage ID {} IMPL auto LATENCY 1 OPTYPE rom_1p PRAGMA {} RTLNAME weights_2_16_U SOURCE {} VARIABLE weights_2_16 LOOP {} BUNDLEDNAME {} DSP 0 BRAM 0 URAM 0 DISPNAME {bind_storage rom_1p}} {BINDTYPE storage ID {} IMPL auto LATENCY 1 OPTYPE rom_1p PRAGMA {} RTLNAME weights_2_17_U SOURCE {} VARIABLE weights_2_17 LOOP {} BUNDLEDNAME {} DSP 0 BRAM 0 URAM 0 DISPNAME {bind_storage rom_1p}} {BINDTYPE storage ID {} IMPL auto LATENCY 1 OPTYPE rom_1p PRAGMA {} RTLNAME weights_2_18_U SOURCE {} VARIABLE weights_2_18 LOOP {} BUNDLEDNAME {} DSP 0 BRAM 0 URAM 0 DISPNAME {bind_storage rom_1p}} {BINDTYPE storage ID {} IMPL auto LATENCY 1 OPTYPE rom_1p PRAGMA {} RTLNAME weights_2_19_U SOURCE {} VARIABLE weights_2_19 LOOP {} BUNDLEDNAME {} DSP 0 BRAM 0 URAM 0 DISPNAME {bind_storage rom_1p}} {BINDTYPE storage ID {} IMPL auto LATENCY 1 OPTYPE rom_1p PRAGMA {} RTLNAME weights_2_20_U SOURCE {} VARIABLE weights_2_20 LOOP {} BUNDLEDNAME {} DSP 0 BRAM 0 URAM 0 DISPNAME {bind_storage rom_1p}} {BINDTYPE storage ID {} IMPL auto LATENCY 1 OPTYPE rom_1p PRAGMA {} RTLNAME weights_2_21_U SOURCE {} VARIABLE weights_2_21 LOOP {} BUNDLEDNAME {} DSP 0 BRAM 0 URAM 0 DISPNAME {bind_storage rom_1p}} {BINDTYPE storage ID {} IMPL auto LATENCY 1 OPTYPE rom_1p PRAGMA {} RTLNAME weights_2_22_U SOURCE {} VARIABLE weights_2_22 LOOP {} BUNDLEDNAME {} DSP 0 BRAM 0 URAM 0 DISPNAME {bind_storage rom_1p}} {BINDTYPE storage ID {} IMPL auto LATENCY 1 OPTYPE rom_1p PRAGMA {} RTLNAME weights_2_23_U SOURCE {} VARIABLE weights_2_23 LOOP {} BUNDLEDNAME {} DSP 0 BRAM 0 URAM 0 DISPNAME {bind_storage rom_1p}} {BINDTYPE storage ID {} IMPL auto LATENCY 1 OPTYPE rom_1p PRAGMA {} RTLNAME hidden_bias_2_U SOURCE {} VARIABLE hidden_bias_2 LOOP {} BUNDLEDNAME {} DSP 0 BRAM 0 URAM 0 DISPNAME {bind_storage rom_1p}}} AREA {DSP 0 BRAM 0 URAM 0}} MLP_Pipeline_VITIS_LOOP_111_7 {BINDINFO {{BINDTYPE op ID {} IMPL fabric LATENCY 0 OPTYPE add PRAGMA {} RTLNAME add_ln111_fu_457_p2 SOURCE ../../../../HWSWAI/HLS/SampleDatasetMLP.cpp:111 VARIABLE add_ln111 LOOP VITIS_LOOP_111_7 BUNDLEDNAME {} DSP 0 BRAM 0 URAM 0 DISPNAME {bind_op add}} {BINDTYPE storage ID {} IMPL auto LATENCY 1 OPTYPE rom_1p PRAGMA {} RTLNAME output_weights_0_U SOURCE {} VARIABLE output_weights_0 LOOP {} BUNDLEDNAME {} DSP 0 BRAM 0 URAM 0 DISPNAME {bind_storage rom_1p}} {BINDTYPE storage ID {} IMPL auto LATENCY 1 OPTYPE rom_1p PRAGMA {} RTLNAME output_weights_1_U SOURCE {} VARIABLE output_weights_1 LOOP {} BUNDLEDNAME {} DSP 0 BRAM 0 URAM 0 DISPNAME {bind_storage rom_1p}} {BINDTYPE storage ID {} IMPL auto LATENCY 1 OPTYPE rom_1p PRAGMA {} RTLNAME output_weights_2_U SOURCE {} VARIABLE output_weights_2 LOOP {} BUNDLEDNAME {} DSP 0 BRAM 0 URAM 0 DISPNAME {bind_storage rom_1p}} {BINDTYPE storage ID {} IMPL auto LATENCY 1 OPTYPE rom_1p PRAGMA {} RTLNAME output_weights_3_U SOURCE {} VARIABLE output_weights_3 LOOP {} BUNDLEDNAME {} DSP 0 BRAM 0 URAM 0 DISPNAME {bind_storage rom_1p}} {BINDTYPE storage ID {} IMPL auto LATENCY 1 OPTYPE rom_1p PRAGMA {} RTLNAME output_weights_4_U SOURCE {} VARIABLE output_weights_4 LOOP {} BUNDLEDNAME {} DSP 0 BRAM 0 URAM 0 DISPNAME {bind_storage rom_1p}} {BINDTYPE storage ID {} IMPL auto LATENCY 1 OPTYPE rom_1p PRAGMA {} RTLNAME output_weights_5_U SOURCE {} VARIABLE output_weights_5 LOOP {} BUNDLEDNAME {} DSP 0 BRAM 0 URAM 0 DISPNAME {bind_storage rom_1p}} {BINDTYPE storage ID {} IMPL auto LATENCY 1 OPTYPE rom_1p PRAGMA {} RTLNAME output_weights_6_U SOURCE {} VARIABLE output_weights_6 LOOP {} BUNDLEDNAME {} DSP 0 BRAM 0 URAM 0 DISPNAME {bind_storage rom_1p}} {BINDTYPE storage ID {} IMPL auto LATENCY 1 OPTYPE rom_1p PRAGMA {} RTLNAME output_weights_7_U SOURCE {} VARIABLE output_weights_7 LOOP {} BUNDLEDNAME {} DSP 0 BRAM 0 URAM 0 DISPNAME {bind_storage rom_1p}} {BINDTYPE storage ID {} IMPL auto LATENCY 1 OPTYPE rom_1p PRAGMA {} RTLNAME output_weights_8_U SOURCE {} VARIABLE output_weights_8 LOOP {} BUNDLEDNAME {} DSP 0 BRAM 0 URAM 0 DISPNAME {bind_storage rom_1p}} {BINDTYPE storage ID {} IMPL auto LATENCY 1 OPTYPE rom_1p PRAGMA {} RTLNAME output_weights_9_U SOURCE {} VARIABLE output_weights_9 LOOP {} BUNDLEDNAME {} DSP 0 BRAM 0 URAM 0 DISPNAME {bind_storage rom_1p}} {BINDTYPE storage ID {} IMPL auto LATENCY 1 OPTYPE rom_1p PRAGMA {} RTLNAME output_weights_10_U SOURCE {} VARIABLE output_weights_10 LOOP {} BUNDLEDNAME {} DSP 0 BRAM 0 URAM 0 DISPNAME {bind_storage rom_1p}} {BINDTYPE storage ID {} IMPL auto LATENCY 1 OPTYPE rom_1p PRAGMA {} RTLNAME output_weights_11_U SOURCE {} VARIABLE output_weights_11 LOOP {} BUNDLEDNAME {} DSP 0 BRAM 0 URAM 0 DISPNAME {bind_storage rom_1p}} {BINDTYPE storage ID {} IMPL auto LATENCY 1 OPTYPE rom_1p PRAGMA {} RTLNAME output_bias_U SOURCE {} VARIABLE output_bias LOOP {} BUNDLEDNAME {} DSP 0 BRAM 0 URAM 0 DISPNAME {bind_storage rom_1p}}} AREA {DSP 0 BRAM 0 URAM 0}} MLP_Pipeline_VITIS_LOOP_123_9 {BINDINFO {{BINDTYPE op ID {} IMPL fabric LATENCY 0 OPTYPE add PRAGMA {} RTLNAME add_ln123_fu_113_p2 SOURCE ../../../../HWSWAI/HLS/SampleDatasetMLP.cpp:123 VARIABLE add_ln123 LOOP VITIS_LOOP_123_9 BUNDLEDNAME {} DSP 0 BRAM 0 URAM 0 DISPNAME {bind_op add}} {BINDTYPE op ID {} IMPL fabric LATENCY 0 OPTYPE add PRAGMA {} RTLNAME add_ln346_fu_172_p2 SOURCE {r:/ci/prod/2022.1/rdi_builds/continuous/2022_04_18_3526262/src/shared/hls/clib/src/hls\utils/x_hls_utils.h:346} VARIABLE add_ln346 LOOP VITIS_LOOP_123_9 BUNDLEDNAME {} DSP 0 BRAM 0 URAM 0 DISPNAME {bind_op add}} {BINDTYPE op ID {} IMPL fabric LATENCY 0 OPTYPE sub PRAGMA {} RTLNAME sub_ln1512_fu_186_p2 SOURCE {r:/ci/prod/2022.1/rdi_builds/continuous/2022_04_18_3526262/src/shared/hls/clib/include/header_files\ap_fixed_base.h:1512} VARIABLE sub_ln1512 LOOP VITIS_LOOP_123_9 BUNDLEDNAME {} DSP 0 BRAM 0 URAM 0 DISPNAME {bind_op sub}} {BINDTYPE op ID {} IMPL fabric LATENCY 0 OPTYPE sub PRAGMA {} RTLNAME result_V_2_fu_254_p2 SOURCE {r:/ci/prod/2022.1/rdi_builds/continuous/2022_04_18_3526262/src/shared/hls/clib/include/header_files\ap_fixed_base.h:813} VARIABLE result_V_2 LOOP VITIS_LOOP_123_9 BUNDLEDNAME {} DSP 0 BRAM 0 URAM 0 DISPNAME {bind_op sub}}} AREA {DSP 0 BRAM 0 URAM 0}} MLP_Pipeline_VITIS_LOOP_128_10 {BINDINFO {{BINDTYPE op ID {} IMPL fabric LATENCY 0 OPTYPE add PRAGMA {} RTLNAME add_ln128_fu_159_p2 SOURCE ../../../../HWSWAI/HLS/SampleDatasetMLP.cpp:128 VARIABLE add_ln128 LOOP VITIS_LOOP_128_10 BUNDLEDNAME {} DSP 0 BRAM 0 URAM 0 DISPNAME {bind_op add}}} AREA {DSP 0 BRAM 0 URAM 0}} MLP {BINDINFO {{BINDTYPE storage ID {} IMPL auto LATENCY 1 OPTYPE ram_1p PRAGMA {} RTLNAME input_features_U SOURCE ../../../../HWSWAI/HLS/SampleDatasetMLP.cpp:48 VARIABLE input_features LOOP {} BUNDLEDNAME {} DSP 0 BRAM 2 URAM 0 DISPNAME {bind_storage ram_1p}} {BINDTYPE storage ID {} IMPL auto LATENCY 1 OPTYPE ram_s2p PRAGMA {} RTLNAME input_features_casted_U SOURCE ../../../../HWSWAI/HLS/SampleDatasetMLP.cpp:49 VARIABLE input_features_casted LOOP {} BUNDLEDNAME {} DSP 0 BRAM 2 URAM 0 DISPNAME {bind_storage ram_s2p}} {BINDTYPE storage ID {} IMPL auto LATENCY 1 OPTYPE ram_s2p PRAGMA {} RTLNAME fmul_32ns_32ns_32_3_max_dsp_1_U427 SOURCE ../../../../HWSWAI/HLS/SampleDatasetMLP.cpp:50 VARIABLE hidden_layer_1 LOOP {} BUNDLEDNAME {} DSP 0 BRAM 0 URAM 0 DISPNAME {bind_storage ram_s2p}} {BINDTYPE storage ID {} IMPL auto LATENCY 1 OPTYPE ram_s2p PRAGMA {} RTLNAME fadd_32ns_32ns_32_4_full_dsp_1_U402 SOURCE ../../../../HWSWAI/HLS/SampleDatasetMLP.cpp:51 VARIABLE hidden_layer_2 LOOP {} BUNDLEDNAME {} DSP 0 BRAM 0 URAM 0 DISPNAME {bind_storage ram_s2p}} {BINDTYPE storage ID {} IMPL auto LATENCY 1 OPTYPE ram_1p PRAGMA {} RTLNAME output_layer_U SOURCE ../../../../HWSWAI/HLS/SampleDatasetMLP.cpp:52 VARIABLE output_layer LOOP {} BUNDLEDNAME {} DSP 0 BRAM 0 URAM 0 DISPNAME {bind_storage ram_1p}} {BINDTYPE storage ID {} IMPL auto LATENCY 1 OPTYPE ram_1p PRAGMA {} RTLNAME output_layer_casted_U SOURCE ../../../../HWSWAI/HLS/SampleDatasetMLP.cpp:53 VARIABLE output_layer_casted LOOP {} BUNDLEDNAME {} DSP 0 BRAM 0 URAM 0 DISPNAME {bind_storage ram_1p}}} AREA {DSP 242 BRAM 3 URAM 0}}}}'
INFO-FLOW: DBG:PUTS:      update_csynth_reports json2rpt_hw_sw_interfaces
INFO-FLOW: Running: gen_csynth_sec_pragma
INFO-FLOW: Done: gen_csynth_sec_pragma time: 0.1 seconds per iteration
INFO-FLOW: DBG:PUTS:      update_csynth_reports wrote xml
INFO-FLOW: DBG:PUTS:      update_csynth_reports appended to csynth rpt file
INFO: [HLS 200-111] Finished Updating report files: CPU user time: 1 seconds. CPU system time: 0 seconds. Elapsed time: 2.428 seconds; current allocated memory: 1.116 GB.
INFO: [VHDL 208-304] Generating VHDL RTL for MLP.
INFO: [VLOG 209-307] Generating Verilog RTL for MLP.
Execute       syn_report -model MLP -printsummary 
INFO: [HLS 200-790] **** Loop Constraint Status: All loop constraints were satisfied.
INFO: [HLS 200-789] **** Estimated Fmax: 140.57 MHz
Command     autosyn done; 63.564 sec.
Command   csynth_design done; 106.205 sec.
INFO: [HLS 200-111] Finished Command csynth_design CPU user time: 34 seconds. CPU system time: 3 seconds. Elapsed time: 106.205 seconds; current allocated memory: 0.133 MB.
Command ap_source done; 108.335 sec.
Execute cleanup_all 
INFO-FLOW: Workspace C:/Users/xingy/AppData/Roaming/Xilinx/Vitis/testHLS2/solution1 opened at Wed Feb 14 00:29:29 +0800 2024
Execute     ap_set_clock -name default -period 10 -default=false 
INFO: [SYN 201-201] Setting up clock 'default' with a period of 10ns.
Execute     set_part xczu3eg-sbva484-2-i 
Execute       create_platform xczu3eg-sbva484-2-i -board  
DBG:HLSDevice: Trying to load device library: C:/Xilinx/Vitis_HLS/2022.1\lib\win64.o\librdi_hlsvwrap.dll
DBG:HLSDevice: first parts/arch.xml in RDI_DATADIR: C:/Xilinx/Vivado/2022.1/data/parts/arch.xml
DBG:HLSDevice: init success
INFO: [HLS 200-1611] Setting target device to 'xczu3eg-sbva484-2-i'
Command       create_platform done; 1.577 sec.
Execute       source C:/Xilinx/Vitis_HLS/2022.1/common/technology/xilinx/common/xilinx.gen 
Execute         source C:/Xilinx/Vitis_HLS/2022.1/common/technology/xilinx/interface/plb46.gen 
Execute         source C:/Xilinx/Vitis_HLS/2022.1/common/technology/xilinx/interface/axi4.gen 
Execute         source C:/Xilinx/Vitis_HLS/2022.1/common/technology/xilinx/interface/nativeAXI4.gen 
Execute           source C:/Xilinx/Vitis_HLS/2022.1/common/technology/xilinx/interface/saxilite.gen 
Execute         source C:/Xilinx/Vitis_HLS/2022.1/common/technology/xilinx/scripts/xilinxcoregen.gen 
Execute         source C:/Xilinx/Vitis_HLS/2022.1/common/technology/xilinx/interface/XilEDKCoreGen.gen 
Execute         source C:/Xilinx/Vitis_HLS/2022.1/common/technology/xilinx/ip/dds_compiler.gen 
Execute         source C:/Xilinx/Vitis_HLS/2022.1/common/technology/xilinx/ip/util.gen 
Execute         source C:/Xilinx/Vitis_HLS/2022.1/common/technology/xilinx/ip/xfft.gen 
Command         ap_source done; 0.157 sec.
Execute         source C:/Xilinx/Vitis_HLS/2022.1/common/technology/xilinx/ip/xfir.gen 
Execute         source C:/Xilinx/Vitis_HLS/2022.1/common/technology/xilinx/DSP48/dsp48.gen 
Command       ap_source done; 0.233 sec.
Execute       ap_part_info -name xczu3eg-sbva484-2-i -data info 
Execute       config_compile -quiet -complex-mul-dsp=0 
Command     set_part done; 1.856 sec.
Execute     send_msg_by_id INFO @200-1505@%s%s  vivado 
INFO: [HLS 200-1505] Using flow_target 'vivado'
Execute     get_config_interface -m_axi_latency 
Execute     get_config_interface -m_axi_alignment_byte_size 
Execute     get_config_interface -m_axi_max_widen_bitwidth 
Execute     get_config_interface -default_interface 
Execute     get_config_rtl -register_reset_num 
Execute     send_msg_by_id INFO @200-1464@%s config_export -format=ip_catalog 
INFO: [HLS 200-1464] Running solution command: config_export -format=ip_catalog
Execute     config_export -format=ip_catalog 
Execute     send_msg_by_id INFO @200-1464@%s config_export -output=C:/Users/xingy/HWSWAI/HLS 
INFO: [HLS 200-1464] Running solution command: config_export -output=C:/Users/xingy/HWSWAI/HLS
Execute     config_export -output=C:/Users/xingy/HWSWAI/HLS 
Execute     send_msg_by_id INFO @200-1464@%s config_export -rtl=verilog 
INFO: [HLS 200-1464] Running solution command: config_export -rtl=verilog
Execute     config_export -rtl=verilog 
Execute     send_msg_by_id INFO @200-1464@%s config_export -vivado_clock=10 
INFO: [HLS 200-1464] Running solution command: config_export -vivado_clock=10
Execute     config_export -vivado_clock=10 
Command   open_solution done; 1.927 sec.
Execute   set_part xczu3eg-sbva484-2-i 
INFO: [HLS 200-1510] Running: set_part xczu3eg-sbva484-2-i 
Execute     create_platform xczu3eg-sbva484-2-i -board  
Execute     source C:/Xilinx/Vitis_HLS/2022.1/common/technology/xilinx/common/xilinx.gen 
Execute       source C:/Xilinx/Vitis_HLS/2022.1/common/technology/xilinx/interface/plb46.gen 
Execute       source C:/Xilinx/Vitis_HLS/2022.1/common/technology/xilinx/interface/axi4.gen 
Execute       source C:/Xilinx/Vitis_HLS/2022.1/common/technology/xilinx/interface/nativeAXI4.gen 
Execute         source C:/Xilinx/Vitis_HLS/2022.1/common/technology/xilinx/interface/saxilite.gen 
Execute       source C:/Xilinx/Vitis_HLS/2022.1/common/technology/xilinx/scripts/xilinxcoregen.gen 
Execute       source C:/Xilinx/Vitis_HLS/2022.1/common/technology/xilinx/interface/XilEDKCoreGen.gen 
Execute       source C:/Xilinx/Vitis_HLS/2022.1/common/technology/xilinx/ip/dds_compiler.gen 
Execute       source C:/Xilinx/Vitis_HLS/2022.1/common/technology/xilinx/ip/util.gen 
Execute       source C:/Xilinx/Vitis_HLS/2022.1/common/technology/xilinx/ip/xfft.gen 
Command       ap_source done; 0.11 sec.
Execute       source C:/Xilinx/Vitis_HLS/2022.1/common/technology/xilinx/ip/xfir.gen 
Execute       source C:/Xilinx/Vitis_HLS/2022.1/common/technology/xilinx/DSP48/dsp48.gen 
Command     ap_source done; 0.168 sec.
Execute     ap_part_info -name xczu3eg-sbva484-2-i -data info 
Execute     config_compile -quiet -complex-mul-dsp=0 
Command   set_part done; 0.234 sec.
Execute   create_clock -period 10 -name default 
INFO: [HLS 200-1510] Running: create_clock -period 10 -name default 
Execute   config_export -format ip_catalog -output C:/Users/xingy/HWSWAI/HLS -rtl verilog -vivado_clock 10 
INFO: [HLS 200-1510] Running: config_export -format ip_catalog -output C:/Users/xingy/HWSWAI/HLS -rtl verilog -vivado_clock 10 
Execute   source ./testHLS2/solution1/directives.tcl 
INFO: [HLS 200-1510] Running: source ./testHLS2/solution1/directives.tcl
Execute     set_directive_top -name MLP MLP 
INFO: [HLS 200-1510] Running: set_directive_top -name MLP MLP 
Execute   export_design -flow impl -rtl verilog -format ip_catalog -output C:/Users/xingy/HWSWAI/HLS 
INFO: [HLS 200-1510] Running: export_design -flow impl -rtl verilog -format ip_catalog -output C:/Users/xingy/HWSWAI/HLS 
Execute     get_config_export -description 
Execute     get_config_export -display_name 
Execute     get_config_export -ipname 
Execute     get_config_export -library 
Execute     get_config_export -taxonomy 
Execute     get_config_export -vendor 
Execute     get_config_export -version 
Execute     get_config_export -xo 
Execute     config_export -format=ip_catalog -output=C:/Users/xingy/HWSWAI/HLS -rtl=verilog 
INFO-FLOW: DBG:PUTS: export_design_wrap: -format ip_catalog -flow impl -rtl verilog
Execute     source C:/Users/xingy/AppData/Roaming/Xilinx/Vitis/testHLS2/solution1/.autopilot/db/global.setting.tcl 
Execute     get_config_export -vivado_clock 
Execute     get_top 
Execute     get_config_export -ipname 
Execute     get_config_export -xo 
Execute     get_config_export -format 
Execute     get_config_rtl -module_auto_prefix 
Execute     get_config_export -xo 
Execute     get_config_export -format 
Execute     get_solution -flow_target 
Execute     get_config_export -xo 
Execute     get_config_export -format 
INFO-FLOW: DBG:PUTS:   auto_impl: pack: -export -rtl verilog
INFO-FLOW: DBG:PROC: ::AESL_AUTOIMPL::auto_impl args='-export -rtl verilog'
Execute     source C:/Users/xingy/AppData/Roaming/Xilinx/Vitis/testHLS2/solution1/.autopilot/db/global.setting.tcl 
INFO: [IMPL 213-8] Exporting RTL as a Vivado IP.
Execute     source C:/Users/xingy/AppData/Roaming/Xilinx/Vitis/testHLS2/solution1/.autopilot/db/global.setting.tcl 
INFO-FLOW: DBG:PUTS: automg_wrap -export -pcore_version 1.00.a -rtl vlog -tool Vivado -impltomg_flag
INFO-FLOW: DBG:PROC: ::AESL_AUTOMG::auto_generate args='-export -pcore_version 1.00.a -rtl vlog -tool Vivado -impltomg_flag'
INFO-FLOW: DBG:PUTS:     auto_generate -export -pcore_version 1.00.a -rtl vlog -tool Vivado -impltomg_flag
Execute     get_config_export -xo 
Execute     get_config_export -format 
Execute     get_config_export -ip_xdc_file 
Execute     get_config_export -ip_xdc_ooc_file 
Execute     source C:/Users/xingy/AppData/Roaming/Xilinx/Vitis/testHLS2/solution1/.autopilot/db/global.setting.tcl 
INFO-FLOW: DBG:PUTS: read_platform_lib C:/Users/xingy/AppData/Roaming/Xilinx/Vitis/testHLS2/solution1/.autopilot/db/global.setting.tcl
Execute     source C:/Xilinx/Vitis_HLS/2022.1/common/technology/generic/autopilot/common.gen 
Execute       source C:/Xilinx/Vitis_HLS/2022.1/common/technology/generic/autopilot/APCoreGen.gen 
Execute     source C:/Xilinx/Vitis_HLS/2022.1/common/technology/generic/autopilot/op.gen 
Execute     source C:/Xilinx/Vitis_HLS/2022.1/common/technology/generic/autopilot/op_simcore.gen 
Execute     source C:/Xilinx/Vitis_HLS/2022.1/common/technology/generic/autopilot/interface.gen 
Execute     source C:/Users/xingy/AppData/Roaming/Xilinx/Vitis/testHLS2/solution1/.autopilot/db/global.setting.tcl 
Execute     source C:/Xilinx/Vitis_HLS/2022.1/common/technology/xilinx/common/xilinx.gen 
Execute       source C:/Xilinx/Vitis_HLS/2022.1/common/technology/xilinx/interface/plb46.gen 
Execute       source C:/Xilinx/Vitis_HLS/2022.1/common/technology/xilinx/interface/axi4.gen 
Execute       source C:/Xilinx/Vitis_HLS/2022.1/common/technology/xilinx/interface/nativeAXI4.gen 
Execute         source C:/Xilinx/Vitis_HLS/2022.1/common/technology/xilinx/interface/saxilite.gen 
Execute       source C:/Xilinx/Vitis_HLS/2022.1/common/technology/xilinx/scripts/xilinxcoregen.gen 
Execute       source C:/Xilinx/Vitis_HLS/2022.1/common/technology/xilinx/interface/XilEDKCoreGen.gen 
Execute       source C:/Xilinx/Vitis_HLS/2022.1/common/technology/xilinx/ip/dds_compiler.gen 
Execute       source C:/Xilinx/Vitis_HLS/2022.1/common/technology/xilinx/ip/util.gen 
Execute       source C:/Xilinx/Vitis_HLS/2022.1/common/technology/xilinx/ip/xfft.gen 
Command       ap_source done; 0.133 sec.
Execute       source C:/Xilinx/Vitis_HLS/2022.1/common/technology/xilinx/ip/xfir.gen 
Execute       source C:/Xilinx/Vitis_HLS/2022.1/common/technology/xilinx/DSP48/dsp48.gen 
Command     ap_source done; 0.188 sec.
INFO-FLOW: DBG:PUTS:   using AESL_AUTOCG::g_clock_period=10 (was NA)
INFO-FLOW: DBG:PUTS:       initCTypeInfo top_module=MLP xml_exists=0
Execute     source C:/Users/xingy/AppData/Roaming/Xilinx/Vitis/testHLS2/solution1/.autopilot/db/MLP.rtl_wrap.cfg.tcl 
Execute     source C:/Users/xingy/AppData/Roaming/Xilinx/Vitis/testHLS2/solution1/.autopilot/db/MLP.rtl_wrap.cfg.tcl 
Execute     source C:/Users/xingy/AppData/Roaming/Xilinx/Vitis/testHLS2/solution1/.autopilot/db/MLP.rtl_wrap.cfg.tcl 
Execute     source C:/Users/xingy/AppData/Roaming/Xilinx/Vitis/testHLS2/solution1/.autopilot/db/MLP.tbgen.tcl 
Execute     source C:/Users/xingy/AppData/Roaming/Xilinx/Vitis/testHLS2/solution1/.autopilot/db/MLP.tbgen.tcl 
Execute     get_config_rtl -deadlock_detection 
Execute     source C:/Users/xingy/AppData/Roaming/Xilinx/Vitis/testHLS2/solution1/.autopilot/db/global.setting.tcl 
Execute     source C:/Users/xingy/AppData/Roaming/Xilinx/Vitis/testHLS2/solution1/.autopilot/db/MLP.tbgen.tcl 
Execute     get_config_rtl -module_prefix 
INFO-FLOW: DBG:PUTS:       cosim_export_main adding deadlock detection to MLP
Execute     get_config_rtl -deadlock_detection 
INFO-FLOW: DBG:PUTS: Skipping loadAnalyze_DB, #g_database=14
INFO-FLOW: DBG:PUTS:       generate_json generate_bd_files=0 generate_xo_files=false #modelList=188 #gSsdmPorts=0
INFO-FLOW: DBG:PROC: ::AP::DESIGN_DATA::generate_json generate_bd_files='0' generate_xo_files='false' modelList='MLP_flow_control_loop_pipe_sequential_init
MLP_flow_control_loop_pipe_sequential_init
MLP_flow_control_loop_pipe_sequential_init
MLP_flow_control_loop_pipe_sequential_init
MLP_flow_control_loop_pipe_sequential_init
MLP_flow_control_loop_pipe_sequential_init
MLP_flow_control_loop_pipe_sequential_init
MLP_fptrunc_64ns_32_2_no_dsp_1
MLP_ddiv_64ns_64ns_64_22_no_dsp_1
MLP_sitodp_32ns_64_4_no_dsp_1
MLP_flow_control_loop_pipe_sequential_init
MLP_fadd_32ns_32ns_32_4_full_dsp_1
MLP_fmul_32ns_32ns_32_3_max_dsp_1
MLP_MLP_Pipeline_VITIS_LOOP_77_3_weights_1_0_ROM_AUTO_1R
MLP_MLP_Pipeline_VITIS_LOOP_77_3_weights_1_1_ROM_AUTO_1R
MLP_MLP_Pipeline_VITIS_LOOP_77_3_weights_1_2_ROM_AUTO_1R
MLP_MLP_Pipeline_VITIS_LOOP_77_3_weights_1_3_ROM_AUTO_1R
MLP_MLP_Pipeline_VITIS_LOOP_77_3_weights_1_4_ROM_AUTO_1R
MLP_MLP_Pipeline_VITIS_LOOP_77_3_weights_1_5_ROM_AUTO_1R
MLP_MLP_Pipeline_VITIS_LOOP_77_3_weights_1_6_ROM_AUTO_1R
MLP_MLP_Pipeline_VITIS_LOOP_77_3_weights_1_7_ROM_AUTO_1R
MLP_MLP_Pipeline_VITIS_LOOP_77_3_weights_1_8_ROM_AUTO_1R
MLP_MLP_Pipeline_VITIS_LOOP_77_3_weights_1_9_ROM_AUTO_1R
MLP_MLP_Pipeline_VITIS_LOOP_77_3_weights_1_10_ROM_AUTO_1R
MLP_MLP_Pipeline_VITIS_LOOP_77_3_weights_1_11_ROM_AUTO_1R
MLP_MLP_Pipeline_VITIS_LOOP_77_3_weights_1_12_ROM_AUTO_1R
MLP_MLP_Pipeline_VITIS_LOOP_77_3_weights_1_13_ROM_AUTO_1R
MLP_MLP_Pipeline_VITIS_LOOP_77_3_weights_1_14_ROM_AUTO_1R
MLP_MLP_Pipeline_VITIS_LOOP_77_3_weights_1_15_ROM_AUTO_1R
MLP_MLP_Pipeline_VITIS_LOOP_77_3_weights_1_16_ROM_AUTO_1R
MLP_MLP_Pipeline_VITIS_LOOP_77_3_weights_1_17_ROM_AUTO_1R
MLP_MLP_Pipeline_VITIS_LOOP_77_3_weights_1_18_ROM_AUTO_1R
MLP_MLP_Pipeline_VITIS_LOOP_77_3_weights_1_19_ROM_AUTO_1R
MLP_MLP_Pipeline_VITIS_LOOP_77_3_weights_1_20_ROM_AUTO_1R
MLP_MLP_Pipeline_VITIS_LOOP_77_3_weights_1_21_ROM_AUTO_1R
MLP_MLP_Pipeline_VITIS_LOOP_77_3_weights_1_22_ROM_AUTO_1R
MLP_MLP_Pipeline_VITIS_LOOP_77_3_weights_1_23_ROM_AUTO_1R
MLP_MLP_Pipeline_VITIS_LOOP_77_3_weights_1_24_ROM_AUTO_1R
MLP_MLP_Pipeline_VITIS_LOOP_77_3_weights_1_25_ROM_AUTO_1R
MLP_MLP_Pipeline_VITIS_LOOP_77_3_weights_1_26_ROM_AUTO_1R
MLP_MLP_Pipeline_VITIS_LOOP_77_3_weights_1_27_ROM_AUTO_1R
MLP_MLP_Pipeline_VITIS_LOOP_77_3_weights_1_28_ROM_AUTO_1R
MLP_MLP_Pipeline_VITIS_LOOP_77_3_weights_1_29_ROM_AUTO_1R
MLP_MLP_Pipeline_VITIS_LOOP_77_3_weights_1_30_ROM_AUTO_1R
MLP_MLP_Pipeline_VITIS_LOOP_77_3_weights_1_31_ROM_AUTO_1R
MLP_MLP_Pipeline_VITIS_LOOP_77_3_weights_1_32_ROM_AUTO_1R
MLP_MLP_Pipeline_VITIS_LOOP_77_3_weights_1_33_ROM_AUTO_1R
MLP_MLP_Pipeline_VITIS_LOOP_77_3_weights_1_34_ROM_AUTO_1R
MLP_MLP_Pipeline_VITIS_LOOP_77_3_weights_1_35_ROM_AUTO_1R
MLP_MLP_Pipeline_VITIS_LOOP_77_3_weights_1_36_ROM_AUTO_1R
MLP_MLP_Pipeline_VITIS_LOOP_77_3_weights_1_37_ROM_AUTO_1R
MLP_MLP_Pipeline_VITIS_LOOP_77_3_weights_1_38_ROM_AUTO_1R
MLP_MLP_Pipeline_VITIS_LOOP_77_3_weights_1_39_ROM_AUTO_1R
MLP_MLP_Pipeline_VITIS_LOOP_77_3_weights_1_40_ROM_AUTO_1R
MLP_MLP_Pipeline_VITIS_LOOP_77_3_weights_1_41_ROM_AUTO_1R
MLP_MLP_Pipeline_VITIS_LOOP_77_3_weights_1_42_ROM_AUTO_1R
MLP_MLP_Pipeline_VITIS_LOOP_77_3_weights_1_43_ROM_AUTO_1R
MLP_MLP_Pipeline_VITIS_LOOP_77_3_weights_1_44_ROM_AUTO_1R
MLP_MLP_Pipeline_VITIS_LOOP_77_3_weights_1_45_ROM_AUTO_1R
MLP_MLP_Pipeline_VITIS_LOOP_77_3_weights_1_46_ROM_AUTO_1R
MLP_MLP_Pipeline_VITIS_LOOP_77_3_weights_1_47_ROM_AUTO_1R
MLP_MLP_Pipeline_VITIS_LOOP_77_3_hidden_bias_1_ROM_AUTO_1R
MLP_flow_control_loop_pipe_sequential_init
MLP_MLP_Pipeline_VITIS_LOOP_94_5_weights_2_0_ROM_AUTO_1R
MLP_MLP_Pipeline_VITIS_LOOP_94_5_weights_2_1_ROM_AUTO_1R
MLP_MLP_Pipeline_VITIS_LOOP_94_5_weights_2_2_ROM_AUTO_1R
MLP_MLP_Pipeline_VITIS_LOOP_94_5_weights_2_3_ROM_AUTO_1R
MLP_MLP_Pipeline_VITIS_LOOP_94_5_weights_2_4_ROM_AUTO_1R
MLP_MLP_Pipeline_VITIS_LOOP_94_5_weights_2_5_ROM_AUTO_1R
MLP_MLP_Pipeline_VITIS_LOOP_94_5_weights_2_6_ROM_AUTO_1R
MLP_MLP_Pipeline_VITIS_LOOP_94_5_weights_2_7_ROM_AUTO_1R
MLP_MLP_Pipeline_VITIS_LOOP_94_5_weights_2_8_ROM_AUTO_1R
MLP_MLP_Pipeline_VITIS_LOOP_94_5_weights_2_9_ROM_AUTO_1R
MLP_MLP_Pipeline_VITIS_LOOP_94_5_weights_2_10_ROM_AUTO_1R
MLP_MLP_Pipeline_VITIS_LOOP_94_5_weights_2_11_ROM_AUTO_1R
MLP_MLP_Pipeline_VITIS_LOOP_94_5_weights_2_12_ROM_AUTO_1R
MLP_MLP_Pipeline_VITIS_LOOP_94_5_weights_2_13_ROM_AUTO_1R
MLP_MLP_Pipeline_VITIS_LOOP_94_5_weights_2_14_ROM_AUTO_1R
MLP_MLP_Pipeline_VITIS_LOOP_94_5_weights_2_15_ROM_AUTO_1R
MLP_MLP_Pipeline_VITIS_LOOP_94_5_weights_2_16_ROM_AUTO_1R
MLP_MLP_Pipeline_VITIS_LOOP_94_5_weights_2_17_ROM_AUTO_1R
MLP_MLP_Pipeline_VITIS_LOOP_94_5_weights_2_18_ROM_AUTO_1R
MLP_MLP_Pipeline_VITIS_LOOP_94_5_weights_2_19_ROM_AUTO_1R
MLP_MLP_Pipeline_VITIS_LOOP_94_5_weights_2_20_ROM_AUTO_1R
MLP_MLP_Pipeline_VITIS_LOOP_94_5_weights_2_21_ROM_AUTO_1R
MLP_MLP_Pipeline_VITIS_LOOP_94_5_weights_2_22_ROM_AUTO_1R
MLP_MLP_Pipeline_VITIS_LOOP_94_5_weights_2_23_ROM_AUTO_1R
MLP_MLP_Pipeline_VITIS_LOOP_94_5_hidden_bias_2_ROM_AUTO_1R
MLP_flow_control_loop_pipe_sequential_init
MLP_MLP_Pipeline_VITIS_LOOP_111_7_output_weights_0_ROM_AUTO_1R
MLP_MLP_Pipeline_VITIS_LOOP_111_7_output_weights_1_ROM_AUTO_1R
MLP_MLP_Pipeline_VITIS_LOOP_111_7_output_weights_2_ROM_AUTO_1R
MLP_MLP_Pipeline_VITIS_LOOP_111_7_output_weights_3_ROM_AUTO_1R
MLP_MLP_Pipeline_VITIS_LOOP_111_7_output_weights_4_ROM_AUTO_1R
MLP_MLP_Pipeline_VITIS_LOOP_111_7_output_weights_5_ROM_AUTO_1R
MLP_MLP_Pipeline_VITIS_LOOP_111_7_output_weights_6_ROM_AUTO_1R
MLP_MLP_Pipeline_VITIS_LOOP_111_7_output_weights_7_ROM_AUTO_1R
MLP_MLP_Pipeline_VITIS_LOOP_111_7_output_weights_8_ROM_AUTO_1R
MLP_MLP_Pipeline_VITIS_LOOP_111_7_output_weights_9_ROM_AUTO_1R
MLP_MLP_Pipeline_VITIS_LOOP_111_7_output_weights_10_ROM_AUTO_1R
MLP_MLP_Pipeline_VITIS_LOOP_111_7_output_weights_11_ROM_AUTO_1R
MLP_MLP_Pipeline_VITIS_LOOP_111_7_output_bias_ROM_AUTO_1R
MLP_flow_control_loop_pipe_sequential_init
MLP_flow_control_loop_pipe_sequential_init
MLP_flow_control_loop_pipe_sequential_init
MLP_fadd_32ns_32ns_32_4_full_dsp_1
MLP_fadd_32ns_32ns_32_4_full_dsp_1
MLP_fadd_32ns_32ns_32_4_full_dsp_1
MLP_fadd_32ns_32ns_32_4_full_dsp_1
MLP_fadd_32ns_32ns_32_4_full_dsp_1
MLP_fadd_32ns_32ns_32_4_full_dsp_1
MLP_fadd_32ns_32ns_32_4_full_dsp_1
MLP_fadd_32ns_32ns_32_4_full_dsp_1
MLP_fadd_32ns_32ns_32_4_full_dsp_1
MLP_fadd_32ns_32ns_32_4_full_dsp_1
MLP_fadd_32ns_32ns_32_4_full_dsp_1
MLP_fadd_32ns_32ns_32_4_full_dsp_1
MLP_fadd_32ns_32ns_32_4_full_dsp_1
MLP_fadd_32ns_32ns_32_4_full_dsp_1
MLP_fadd_32ns_32ns_32_4_full_dsp_1
MLP_fadd_32ns_32ns_32_4_full_dsp_1
MLP_fadd_32ns_32ns_32_4_full_dsp_1
MLP_fadd_32ns_32ns_32_4_full_dsp_1
MLP_fadd_32ns_32ns_32_4_full_dsp_1
MLP_fadd_32ns_32ns_32_4_full_dsp_1
MLP_fadd_32ns_32ns_32_4_full_dsp_1
MLP_fadd_32ns_32ns_32_4_full_dsp_1
MLP_fadd_32ns_32ns_32_4_full_dsp_1
MLP_fadd_32ns_32ns_32_4_full_dsp_1
MLP_fadd_32ns_32ns_32_4_full_dsp_1
MLP_fmul_32ns_32ns_32_3_max_dsp_1
MLP_fmul_32ns_32ns_32_3_max_dsp_1
MLP_fmul_32ns_32ns_32_3_max_dsp_1
MLP_fmul_32ns_32ns_32_3_max_dsp_1
MLP_fmul_32ns_32ns_32_3_max_dsp_1
MLP_fmul_32ns_32ns_32_3_max_dsp_1
MLP_fmul_32ns_32ns_32_3_max_dsp_1
MLP_fmul_32ns_32ns_32_3_max_dsp_1
MLP_fmul_32ns_32ns_32_3_max_dsp_1
MLP_fmul_32ns_32ns_32_3_max_dsp_1
MLP_fmul_32ns_32ns_32_3_max_dsp_1
MLP_fmul_32ns_32ns_32_3_max_dsp_1
MLP_fmul_32ns_32ns_32_3_max_dsp_1
MLP_fmul_32ns_32ns_32_3_max_dsp_1
MLP_fmul_32ns_32ns_32_3_max_dsp_1
MLP_fmul_32ns_32ns_32_3_max_dsp_1
MLP_fmul_32ns_32ns_32_3_max_dsp_1
MLP_fmul_32ns_32ns_32_3_max_dsp_1
MLP_fmul_32ns_32ns_32_3_max_dsp_1
MLP_fmul_32ns_32ns_32_3_max_dsp_1
MLP_fmul_32ns_32ns_32_3_max_dsp_1
MLP_fmul_32ns_32ns_32_3_max_dsp_1
MLP_fmul_32ns_32ns_32_3_max_dsp_1
MLP_fmul_32ns_32ns_32_3_max_dsp_1
MLP_fcmp_32ns_32ns_1_2_no_dsp_1
MLP_input_features_RAM_AUTO_1R1W
MLP_input_features_casted_RAM_AUTO_1R1W
MLP_hidden_layer_1_RAM_AUTO_1R1W
MLP_hidden_layer_2_RAM_AUTO_1R1W
MLP_output_layer_RAM_AUTO_1R1W
MLP_regslice_both
MLP_regslice_both
MLP_regslice_both
MLP_regslice_both
MLP_regslice_both
MLP_regslice_both
MLP_regslice_both
MLP_regslice_both
MLP_regslice_both
MLP_regslice_both
MLP_regslice_both
MLP_regslice_both
MLP_regslice_both
MLP_regslice_both
MLP_Pipeline_1
MLP_Pipeline_2
MLP_Pipeline_3
MLP_Pipeline_4
MLP_Pipeline_5
MLP_Pipeline_6
MLP_Pipeline_VITIS_LOOP_58_1
MLP_Pipeline_VITIS_LOOP_69_2
MLP_Pipeline_VITIS_LOOP_77_3
MLP_Pipeline_VITIS_LOOP_94_5
MLP_Pipeline_VITIS_LOOP_111_7
MLP_Pipeline_VITIS_LOOP_123_9
MLP_Pipeline_VITIS_LOOP_128_10
MLP
' rtl_lang='vlog' bootstrap_tcl='false' outdir='' outfilename=''
Execute     source C:/Xilinx/Vitis_HLS/2022.1/tps/tcl/tcllib1.11.1/yaml/huddle.tcl 
Execute     source C:/Xilinx/Vitis_HLS/2022.1/tps/tcl/tcllib1.11.1/yaml/json2huddle.tcl 
Execute     source C:/Users/xingy/AppData/Roaming/Xilinx/Vitis/testHLS2/solution1/.autopilot/db/global.setting.tcl 
Execute     source C:/Users/xingy/AppData/Roaming/Xilinx/Vitis/testHLS2/solution1/.autopilot/db/global.setting.tcl 
Execute     get_solution -flow_target 
Execute     get_config_export -xo 
Execute     get_config_export -format 
Execute     source C:/Users/xingy/AppData/Roaming/Xilinx/Vitis/testHLS2/solution1/.autopilot/db/top-io-be.tcl 
Execute     source C:/Users/xingy/AppData/Roaming/Xilinx/Vitis/testHLS2/solution1/.autopilot/db/MLP.tbgen.tcl 
Execute     source C:/Users/xingy/AppData/Roaming/Xilinx/Vitis/testHLS2/solution1/.autopilot/db/MLP.rtl_wrap.cfg.tcl 
Execute     source C:/Users/xingy/AppData/Roaming/Xilinx/Vitis/testHLS2/solution1/.autopilot/db/MLP.compgen.dataonly.tcl 
Execute     get_config_export -format 
Execute     get_config_export -vendor 
Execute     get_config_export -library 
Execute     get_config_export -version 
Execute     get_config_export -ipname 
Execute     get_config_export -taxonomy 
Execute     get_config_export -description 
Execute     get_config_export -display_name 
Execute     source C:/Users/xingy/AppData/Roaming/Xilinx/Vitis/testHLS2/solution1/.autopilot/db/MLP_Pipeline_1.tbgen.tcl 
Execute     source C:/Users/xingy/AppData/Roaming/Xilinx/Vitis/testHLS2/solution1/.autopilot/db/MLP_Pipeline_2.tbgen.tcl 
Execute     source C:/Users/xingy/AppData/Roaming/Xilinx/Vitis/testHLS2/solution1/.autopilot/db/MLP_Pipeline_3.tbgen.tcl 
Execute     source C:/Users/xingy/AppData/Roaming/Xilinx/Vitis/testHLS2/solution1/.autopilot/db/MLP_Pipeline_4.tbgen.tcl 
Execute     source C:/Users/xingy/AppData/Roaming/Xilinx/Vitis/testHLS2/solution1/.autopilot/db/MLP_Pipeline_5.tbgen.tcl 
Execute     source C:/Users/xingy/AppData/Roaming/Xilinx/Vitis/testHLS2/solution1/.autopilot/db/MLP_Pipeline_6.tbgen.tcl 
Execute     source C:/Users/xingy/AppData/Roaming/Xilinx/Vitis/testHLS2/solution1/.autopilot/db/MLP_Pipeline_VITIS_LOOP_58_1.tbgen.tcl 
Execute     source C:/Users/xingy/AppData/Roaming/Xilinx/Vitis/testHLS2/solution1/.autopilot/db/MLP_Pipeline_VITIS_LOOP_69_2.tbgen.tcl 
Execute     source C:/Users/xingy/AppData/Roaming/Xilinx/Vitis/testHLS2/solution1/.autopilot/db/MLP_Pipeline_VITIS_LOOP_77_3.tbgen.tcl 
Execute     source C:/Users/xingy/AppData/Roaming/Xilinx/Vitis/testHLS2/solution1/.autopilot/db/MLP_Pipeline_VITIS_LOOP_94_5.tbgen.tcl 
Execute     source C:/Users/xingy/AppData/Roaming/Xilinx/Vitis/testHLS2/solution1/.autopilot/db/MLP_Pipeline_VITIS_LOOP_111_7.tbgen.tcl 
Execute     source C:/Users/xingy/AppData/Roaming/Xilinx/Vitis/testHLS2/solution1/.autopilot/db/MLP_Pipeline_VITIS_LOOP_123_9.tbgen.tcl 
Execute     source C:/Users/xingy/AppData/Roaming/Xilinx/Vitis/testHLS2/solution1/.autopilot/db/MLP_Pipeline_VITIS_LOOP_128_10.tbgen.tcl 
Execute     source C:/Users/xingy/AppData/Roaming/Xilinx/Vitis/testHLS2/solution1/.autopilot/db/MLP.tbgen.tcl 
Execute     source C:/Users/xingy/AppData/Roaming/Xilinx/Vitis/testHLS2/solution1/.autopilot/db/global.setting.tcl 
Execute     ap_part_info -name xczu3eg-sbva484-2-i -data names -quiet 
Execute     ap_part_info -name xczu3eg-sbva484-2-i -data info -quiet 
Execute     get_solution -flow_target 
Execute     get_config_rtl -kernel_profile 
Execute     get_config_rtl -kernel_profile 
Execute     get_config_rtl -stall_sig_gen 
Execute     get_config_rtl -profile 
Execute     source C:/Users/xingy/AppData/Roaming/Xilinx/Vitis/testHLS2/solution1/.autopilot/db/MLP.constraint.tcl 
Execute     sc_get_clocks MLP 
Execute     source C:/Users/xingy/AppData/Roaming/Xilinx/Vitis/testHLS2/solution1/.autopilot/db/global.setting.tcl 
Execute     get_config_export -ip_xdc_file 
Execute     get_config_export -ip_xdc_ooc_file 
Execute     get_config_debug -directory 
Execute     source C:/Users/xingy/AppData/Roaming/Xilinx/Vitis/testHLS2/solution1/impl/misc/MLP_ddiv_64ns_64ns_64_22_no_dsp_1_ip.tcl 
Execute     source C:/Users/xingy/AppData/Roaming/Xilinx/Vitis/testHLS2/solution1/impl/misc/MLP_fadd_32ns_32ns_32_4_full_dsp_1_ip.tcl 
Execute     source C:/Users/xingy/AppData/Roaming/Xilinx/Vitis/testHLS2/solution1/impl/misc/MLP_fcmp_32ns_32ns_1_2_no_dsp_1_ip.tcl 
Execute     source C:/Users/xingy/AppData/Roaming/Xilinx/Vitis/testHLS2/solution1/impl/misc/MLP_fmul_32ns_32ns_32_3_max_dsp_1_ip.tcl 
Execute     source C:/Users/xingy/AppData/Roaming/Xilinx/Vitis/testHLS2/solution1/impl/misc/MLP_fptrunc_64ns_32_2_no_dsp_1_ip.tcl 
Execute     source C:/Users/xingy/AppData/Roaming/Xilinx/Vitis/testHLS2/solution1/impl/misc/MLP_sitodp_32ns_64_4_no_dsp_1_ip.tcl 
Execute     get_config_rtl -deadlock_detection 
Execute     source C:/Users/xingy/AppData/Roaming/Xilinx/Vitis/testHLS2/solution1/.autopilot/db/global.setting.tcl 
Execute     source C:/Users/xingy/AppData/Roaming/Xilinx/Vitis/testHLS2/solution1/.autopilot/db/MLP.tbgen.tcl 
Execute     get_config_rtl -module_prefix 
INFO-FLOW: DBG:PUTS:       cosim_export_main adding deadlock detection to MLP
Execute     get_config_rtl -deadlock_detection 
Execute     get_config_export -format 
INFO-FLOW: DBG:PUTS:       generate_ip_script #gSsdmPorts=0 g_lang=vlog is_sdaccel=false is_sdsoc=true xo_file=
Execute     ap_part_info -name xczu3eg-sbva484-2-i -data names -quiet 
Execute     ap_part_info -name xczu3eg-sbva484-2-i -data info -quiet 
Execute     ap_part_info -name xczu3eg-sbva484-2-i -data names -quiet 
Execute     ap_part_info -name xczu3eg-sbva484-2-i -data info -quiet 
Execute     source C:/Users/xingy/AppData/Roaming/Xilinx/Vitis/testHLS2/solution1/.autopilot/db/MLP.tbgen.tcl 
Execute     source C:/Users/xingy/AppData/Roaming/Xilinx/Vitis/testHLS2/solution1/.autopilot/db/MLP.tbgen.tcl 
Execute     source C:/Users/xingy/AppData/Roaming/Xilinx/Vitis/testHLS2/solution1/.autopilot/db/MLP.tbgen.tcl 
Execute     source C:/Users/xingy/AppData/Roaming/Xilinx/Vitis/testHLS2/solution1/.autopilot/db/MLP.tbgen.tcl 
Execute     source C:/Users/xingy/AppData/Roaming/Xilinx/Vitis/testHLS2/solution1/.autopilot/db/MLP.tbgen.tcl 
Execute     source C:/Users/xingy/AppData/Roaming/Xilinx/Vitis/testHLS2/solution1/.autopilot/db/MLP.tbgen.tcl 
Execute     source C:/Users/xingy/AppData/Roaming/Xilinx/Vitis/testHLS2/solution1/.autopilot/db/MLP.tbgen.tcl 
Execute     source C:/Users/xingy/AppData/Roaming/Xilinx/Vitis/testHLS2/solution1/.autopilot/db/MLP.tbgen.tcl 
Execute     source C:/Users/xingy/AppData/Roaming/Xilinx/Vitis/testHLS2/solution1/.autopilot/db/global.setting.tcl 
Execute     get_config_debug -directory 
INFO-FLOW: DBG:PUTS:       generate_top_info
INFO-FLOW: DBG:PUTS:       prepArgInfo -> loadAnalyze_DB top_module=MLP
Execute     source C:/Users/xingy/AppData/Roaming/Xilinx/Vitis/testHLS2/solution1/.autopilot/db/MLP.rtl_wrap.cfg.tcl 
Execute     source C:/Users/xingy/AppData/Roaming/Xilinx/Vitis/testHLS2/solution1/.autopilot/db/MLP.rtl_wrap.cfg.tcl 
Execute     source C:/Users/xingy/AppData/Roaming/Xilinx/Vitis/testHLS2/solution1/.autopilot/db/MLP.rtl_wrap.cfg.tcl 
Execute     source C:/Users/xingy/AppData/Roaming/Xilinx/Vitis/testHLS2/solution1/.autopilot/db/MLP.tbgen.tcl 
Execute     source C:/Users/xingy/AppData/Roaming/Xilinx/Vitis/testHLS2/solution1/.autopilot/db/MLP.tbgen.tcl 
Execute     ap_part_info -name xczu3eg-sbva484-2-i -data names -quiet 
Execute     ap_part_info -name xczu3eg-sbva484-2-i -data info -quiet 
Execute     ap_part_info -name xczu3eg-sbva484-2-i -data names -quiet 
Execute     ap_part_info -name xczu3eg-sbva484-2-i -data info -quiet 
Execute     source C:/Users/xingy/AppData/Roaming/Xilinx/Vitis/testHLS2/solution1/.autopilot/db/MLP.tbgen.tcl 
Execute     source C:/Users/xingy/AppData/Roaming/Xilinx/Vitis/testHLS2/solution1/.autopilot/db/global.setting.tcl 
Execute     get_config_export -ip_xdc_ooc_file 
Execute     get_config_export -ip_xdc_file 
Execute     source C:/Users/xingy/AppData/Roaming/Xilinx/Vitis/testHLS2/solution1/.autopilot/db/MLP.constraint.tcl 
INFO-FLOW: DBG:PUTS:       generate_ipi_example_script
Execute     ap_part_info -name xczu3eg-sbva484-2-i -data names -quiet 
Execute     ap_part_info -name xczu3eg-sbva484-2-i -data info -quiet 
Execute     ap_part_info -name xczu3eg-sbva484-2-i -data names -quiet 
Execute     ap_part_info -name xczu3eg-sbva484-2-i -data info -quiet 
INFO-FLOW: DBG:PUTS:       generate_syn_sh
Execute     ap_part_info -name xczu3eg-sbva484-2-i -data names -quiet 
Execute     ap_part_info -name xczu3eg-sbva484-2-i -data info -quiet 
Execute     source C:/Users/xingy/AppData/Roaming/Xilinx/Vitis/testHLS2/solution1/.autopilot/db/global.setting.tcl 
INFO-FLOW: DBG:PUTS:       generate_imp_constraints
Execute     ap_part_info -name xczu3eg-sbva484-2-i -data names -quiet 
Execute     ap_part_info -name xczu3eg-sbva484-2-i -data info -quiet 
Execute     source C:/Users/xingy/AppData/Roaming/Xilinx/Vitis/testHLS2/solution1/.autopilot/db/MLP.constraint.tcl 
Execute     source C:/Users/xingy/AppData/Roaming/Xilinx/Vitis/testHLS2/solution1/.autopilot/db/MLP.tbgen.tcl 
INFO-FLOW: DBG:PUTS:       delete-temp-dirs (skipped for debug)
Execute     ap_part_info -name xczu3eg-sbva484-2-i -data names -quiet 
Execute     ap_part_info -name xczu3eg-sbva484-2-i -data info -quiet 
INFO-FLOW: DBG:PUTS: read_platform_lib C:/Users/xingy/AppData/Roaming/Xilinx/Vitis/testHLS2/solution1/.autopilot/db/global.setting.tcl
Execute     source C:/Xilinx/Vitis_HLS/2022.1/common/technology/generic/autopilot/common.gen 
Execute       source C:/Xilinx/Vitis_HLS/2022.1/common/technology/generic/autopilot/APCoreGen.gen 
Execute     source C:/Xilinx/Vitis_HLS/2022.1/common/technology/generic/autopilot/op.gen 
Execute     source C:/Xilinx/Vitis_HLS/2022.1/common/technology/generic/autopilot/op_simcore.gen 
Execute     source C:/Xilinx/Vitis_HLS/2022.1/common/technology/generic/autopilot/interface.gen 
Execute     source C:/Users/xingy/AppData/Roaming/Xilinx/Vitis/testHLS2/solution1/.autopilot/db/global.setting.tcl 
Execute     source C:/Xilinx/Vitis_HLS/2022.1/common/technology/xilinx/common/xilinx.gen 
Execute       source C:/Xilinx/Vitis_HLS/2022.1/common/technology/xilinx/interface/plb46.gen 
Execute       source C:/Xilinx/Vitis_HLS/2022.1/common/technology/xilinx/interface/axi4.gen 
Execute       source C:/Xilinx/Vitis_HLS/2022.1/common/technology/xilinx/interface/nativeAXI4.gen 
Execute         source C:/Xilinx/Vitis_HLS/2022.1/common/technology/xilinx/interface/saxilite.gen 
Execute       source C:/Xilinx/Vitis_HLS/2022.1/common/technology/xilinx/scripts/xilinxcoregen.gen 
Execute       source C:/Xilinx/Vitis_HLS/2022.1/common/technology/xilinx/interface/XilEDKCoreGen.gen 
Execute       source C:/Xilinx/Vitis_HLS/2022.1/common/technology/xilinx/ip/dds_compiler.gen 
Execute       source C:/Xilinx/Vitis_HLS/2022.1/common/technology/xilinx/ip/util.gen 
Execute       source C:/Xilinx/Vitis_HLS/2022.1/common/technology/xilinx/ip/xfft.gen 
Command       ap_source done; 0.163 sec.
Execute       source C:/Xilinx/Vitis_HLS/2022.1/common/technology/xilinx/ip/xfir.gen 
Execute       source C:/Xilinx/Vitis_HLS/2022.1/common/technology/xilinx/DSP48/dsp48.gen 
Command     ap_source done; 0.263 sec.
INFO-FLOW: DBG:PUTS:     IP package: exec C:/Users/xingy/AppData/Roaming/Xilinx/Vitis/testHLS2/solution1/impl/ip/pack.bat
INFO-FLOW: DBG:PUTS:     IP package: success C:/Users/xingy/AppData/Roaming/Xilinx/Vitis/testHLS2/solution1/impl/ip/pack.bat
INFO-FLOW: DBG:PUTS:   auto_impl: eval: -flow impl -rtl verilog
INFO-FLOW: DBG:PROC: ::AESL_AUTOIMPL::auto_impl args='-flow impl -rtl verilog'
Execute     source C:/Users/xingy/AppData/Roaming/Xilinx/Vitis/testHLS2/solution1/.autopilot/db/global.setting.tcl 
INFO: [IMPL 213-8] Starting RTL evaluation using Vivado ...
Execute     source C:/Users/xingy/AppData/Roaming/Xilinx/Vitis/testHLS2/solution1/.autopilot/db/global.setting.tcl 
INFO-FLOW: DBG:PUTS: automg_wrap -rtl vlog -tool Vivado -impltomg_flag
INFO-FLOW: DBG:PROC: ::AESL_AUTOMG::auto_generate args='-rtl vlog -tool Vivado -impltomg_flag'
INFO-FLOW: DBG:PUTS:     auto_generate -rtl vlog -tool Vivado -impltomg_flag
Execute     get_config_export -xo 
Execute     get_config_export -format 
Execute     source C:/Users/xingy/AppData/Roaming/Xilinx/Vitis/testHLS2/solution1/.autopilot/db/global.setting.tcl 
INFO-FLOW: DBG:PUTS: read_platform_lib C:/Users/xingy/AppData/Roaming/Xilinx/Vitis/testHLS2/solution1/.autopilot/db/global.setting.tcl
Execute     source C:/Xilinx/Vitis_HLS/2022.1/common/technology/generic/autopilot/common.gen 
Execute       source C:/Xilinx/Vitis_HLS/2022.1/common/technology/generic/autopilot/APCoreGen.gen 
Execute     source C:/Xilinx/Vitis_HLS/2022.1/common/technology/generic/autopilot/op.gen 
Execute     source C:/Xilinx/Vitis_HLS/2022.1/common/technology/generic/autopilot/op_simcore.gen 
Execute     source C:/Xilinx/Vitis_HLS/2022.1/common/technology/generic/autopilot/interface.gen 
Execute     source C:/Users/xingy/AppData/Roaming/Xilinx/Vitis/testHLS2/solution1/.autopilot/db/global.setting.tcl 
Execute     source C:/Xilinx/Vitis_HLS/2022.1/common/technology/xilinx/common/xilinx.gen 
Execute       source C:/Xilinx/Vitis_HLS/2022.1/common/technology/xilinx/interface/plb46.gen 
Execute       source C:/Xilinx/Vitis_HLS/2022.1/common/technology/xilinx/interface/axi4.gen 
Execute       source C:/Xilinx/Vitis_HLS/2022.1/common/technology/xilinx/interface/nativeAXI4.gen 
Execute         source C:/Xilinx/Vitis_HLS/2022.1/common/technology/xilinx/interface/saxilite.gen 
Execute       source C:/Xilinx/Vitis_HLS/2022.1/common/technology/xilinx/scripts/xilinxcoregen.gen 
Execute       source C:/Xilinx/Vitis_HLS/2022.1/common/technology/xilinx/interface/XilEDKCoreGen.gen 
Execute       source C:/Xilinx/Vitis_HLS/2022.1/common/technology/xilinx/ip/dds_compiler.gen 
Execute       source C:/Xilinx/Vitis_HLS/2022.1/common/technology/xilinx/ip/util.gen 
Execute       source C:/Xilinx/Vitis_HLS/2022.1/common/technology/xilinx/ip/xfft.gen 
Command       ap_source done; 0.111 sec.
Execute       source C:/Xilinx/Vitis_HLS/2022.1/common/technology/xilinx/ip/xfir.gen 
Execute       source C:/Xilinx/Vitis_HLS/2022.1/common/technology/xilinx/DSP48/dsp48.gen 
Command     ap_source done; 0.154 sec.
INFO-FLOW: DBG:PUTS:       generate_syn_sh
Execute     ap_part_info -name xczu3eg-sbva484-2-i -data names -quiet 
Execute     ap_part_info -name xczu3eg-sbva484-2-i -data info -quiet 
Execute     source C:/Users/xingy/AppData/Roaming/Xilinx/Vitis/testHLS2/solution1/.autopilot/db/global.setting.tcl 
INFO-FLOW: DBG:PUTS:       generate_imp_constraints
Execute     ap_part_info -name xczu3eg-sbva484-2-i -data names -quiet 
Execute     ap_part_info -name xczu3eg-sbva484-2-i -data info -quiet 
Execute     source C:/Users/xingy/AppData/Roaming/Xilinx/Vitis/testHLS2/solution1/.autopilot/db/MLP.constraint.tcl 
Execute     source C:/Users/xingy/AppData/Roaming/Xilinx/Vitis/testHLS2/solution1/.autopilot/db/MLP.tbgen.tcl 
INFO-FLOW: DBG:PUTS:       delete-temp-dirs (skipped for debug)
Execute     ap_part_info -name xczu3eg-sbva484-2-i -data names -quiet 
Execute     ap_part_info -name xczu3eg-sbva484-2-i -data info -quiet 
INFO-FLOW: DBG:PUTS: read_platform_lib C:/Users/xingy/AppData/Roaming/Xilinx/Vitis/testHLS2/solution1/.autopilot/db/global.setting.tcl
Execute     source C:/Xilinx/Vitis_HLS/2022.1/common/technology/generic/autopilot/common.gen 
Execute       source C:/Xilinx/Vitis_HLS/2022.1/common/technology/generic/autopilot/APCoreGen.gen 
Execute     source C:/Xilinx/Vitis_HLS/2022.1/common/technology/generic/autopilot/op.gen 
Execute     source C:/Xilinx/Vitis_HLS/2022.1/common/technology/generic/autopilot/op_simcore.gen 
Execute     source C:/Xilinx/Vitis_HLS/2022.1/common/technology/generic/autopilot/interface.gen 
Execute     source C:/Users/xingy/AppData/Roaming/Xilinx/Vitis/testHLS2/solution1/.autopilot/db/global.setting.tcl 
Execute     source C:/Xilinx/Vitis_HLS/2022.1/common/technology/xilinx/common/xilinx.gen 
Execute       source C:/Xilinx/Vitis_HLS/2022.1/common/technology/xilinx/interface/plb46.gen 
Execute       source C:/Xilinx/Vitis_HLS/2022.1/common/technology/xilinx/interface/axi4.gen 
Execute       source C:/Xilinx/Vitis_HLS/2022.1/common/technology/xilinx/interface/nativeAXI4.gen 
Execute         source C:/Xilinx/Vitis_HLS/2022.1/common/technology/xilinx/interface/saxilite.gen 
Execute       source C:/Xilinx/Vitis_HLS/2022.1/common/technology/xilinx/scripts/xilinxcoregen.gen 
Execute       source C:/Xilinx/Vitis_HLS/2022.1/common/technology/xilinx/interface/XilEDKCoreGen.gen 
Execute       source C:/Xilinx/Vitis_HLS/2022.1/common/technology/xilinx/ip/dds_compiler.gen 
Execute       source C:/Xilinx/Vitis_HLS/2022.1/common/technology/xilinx/ip/util.gen 
Execute       source C:/Xilinx/Vitis_HLS/2022.1/common/technology/xilinx/ip/xfft.gen 
Command       ap_source done; 0.112 sec.
Execute       source C:/Xilinx/Vitis_HLS/2022.1/common/technology/xilinx/ip/xfir.gen 
Execute       source C:/Xilinx/Vitis_HLS/2022.1/common/technology/xilinx/DSP48/dsp48.gen 
Command     ap_source done; 0.193 sec.
Execute     source C:/Users/xingy/AppData/Roaming/Xilinx/Vitis/testHLS2/solution1/.autopilot/db/autopilot.rtl.models.tcl 
Execute     get_config_export -vivado_synth_run_properties 
Execute     source C:/Users/xingy/AppData/Roaming/Xilinx/Vitis/testHLS2/solution1/.autopilot/db/global.setting.tcl 
Execute     get_config_export -vivado_synth_strategy 
Execute     get_config_export -vivado_synth_design_args 
Execute     get_config_export -vivado_impl_run_properties 
Execute     get_config_export -vivado_impl_strategy 
Execute     get_config_export -vivado_phys_opt 
Execute     get_config_export -vivado_slr_assignment 
Execute     get_config_export -vivado_pblock 
Execute     ap_part_info -name xczu3eg-sbva484-2-i -data names -quiet 
Execute     ap_part_info -name xczu3eg-sbva484-2-i -data info -quiet 
Execute     get_config_export -vivado_bd_cell_properties 
Execute     get_config_export -vivado_report_level 
Execute     get_config_export -vivado_max_timing_paths 
Execute     get_config_export -vivado_ip_cache 
INFO-FLOW: DBG:PUTS: debug_in_auto_impl: vlog exec C:/Users/xingy/AppData/Roaming/Xilinx/Vitis/testHLS2/solution1/impl/verilog/impl.bat
INFO-FLOW: DBG:PROC: ::HLSREPORTS::auto_impl_report topinfo_dict='RtlTopPrefix {} RtlSubPrefix MLP_ TopModuleNoPrefix MLP TopModuleWithPrefix MLP' export_design_flow='impl' impl_dir='C:/Users/xingy/AppData/Roaming/Xilinx/Vitis/testHLS2/solution1/impl' lang='verilog' out_dir=''
INFO-FLOW: DBG:PUTS:     auto_impl_report: impl processing xml
Execute     get_part 
Execute     ap_part_info -quiet -data family -name xczu3eg-sbva484-2-i 
Execute     get_project -name 
Execute     get_solution -name 
Execute     get_solution -flow_target 
Execute     get_clock_period 
Execute     get_clock_uncertainty 
Execute     get_config_export -ip_xdc_file 
Execute     get_config_export -ip_xdc_ooc_file 
Execute     get_config_export -vivado_synth_strategy 
Execute     get_config_export -vivado_synth_design_args 
Execute     get_config_export -vivado_impl_strategy 
Execute     get_config_export -vivado_phys_opt 
Execute     get_config_export -vivado_pblock 
Execute     get_config_export -vivado_report_level 
Execute     get_config_export -vivado_max_timing_paths 
INFO-FLOW: DBG:PUTS:     writing export xml file: C:/Users/xingy/AppData/Roaming/Xilinx/Vitis/testHLS2/solution1/impl/report/verilog/export_impl.xml
INFO-FLOW: DBG:PROC: ::HLSREPORTS::auto_impl_report_txt xml_root='domNode000001D4CA6C47FC' export_design_flow='impl' export_rpt='C:/Users/xingy/AppData/Roaming/Xilinx/Vitis/testHLS2/solution1/impl/report/verilog/export_impl.rpt' rpt_txt_var=''
Execute     get_solution -directory 
INFO-FLOW: DBG:PUTS:     wrote export rpt file: export_impl.rpt
INFO-FLOW: DBG:PUTS:     auto_impl_report: syn processing xml
Execute     get_part 
Execute     ap_part_info -quiet -data family -name xczu3eg-sbva484-2-i 
Execute     get_project -name 
Execute     get_solution -name 
Execute     get_solution -flow_target 
Execute     get_clock_period 
Execute     get_clock_uncertainty 
Execute     get_config_export -ip_xdc_file 
Execute     get_config_export -ip_xdc_ooc_file 
Execute     get_config_export -vivado_synth_strategy 
Execute     get_config_export -vivado_synth_design_args 
Execute     get_config_export -vivado_report_level 
Execute     get_config_export -vivado_max_timing_paths 
INFO-FLOW: DBG:PUTS:     writing export xml file: C:/Users/xingy/AppData/Roaming/Xilinx/Vitis/testHLS2/solution1/impl/report/verilog/export_syn.xml
INFO-FLOW: DBG:PROC: ::HLSREPORTS::auto_impl_report_txt xml_root='domNode000001D4A9F0EE1C' export_design_flow='syn' export_rpt='C:/Users/xingy/AppData/Roaming/Xilinx/Vitis/testHLS2/solution1/impl/report/verilog/export_syn.rpt' rpt_txt_var=''
Execute     get_solution -directory 
INFO-FLOW: DBG:PUTS:     wrote export rpt file: export_syn.rpt
Execute     get_config_export -output 
Execute     send_msg_by_id INFO @200-802@%s C:/Users/xingy/HWSWAI/HLS/export.zip 
INFO: [HLS 200-802] Generated output file C:/Users/xingy/HWSWAI/HLS/export.zip
Command   export_design done; 1988.64 sec.
INFO: [HLS 200-111] Finished Command export_design CPU user time: 4 seconds. CPU system time: 1 seconds. Elapsed time: 1988.64 seconds; current allocated memory: 98.727 MB.
Command ap_source done; 1990.9 sec.
Execute cleanup_all 
