

================================================================
== Vitis HLS Report for 'MLP'
================================================================
* Date:           Wed Feb 14 00:25:40 2024

* Version:        2022.1 (Build 3526262 on Mon Apr 18 15:48:16 MDT 2022)
* Project:        testHLS2
* Solution:       solution1 (Vivado IP Flow Target)
* Product family: zynquplus
* Target device:  xczu3eg-sbva484-2-i


================================================================
== Performance Estimates
================================================================
+ Timing: 
    * Summary: 
    +--------+----------+----------+------------+
    |  Clock |  Target  | Estimated| Uncertainty|
    +--------+----------+----------+------------+
    |ap_clk  |  10.00 ns|  7.114 ns|     2.70 ns|
    +--------+----------+----------+------------+

+ Latency: 
    * Summary: 
    +---------+---------+----------+----------+-----+-----+---------+
    |  Latency (cycles) |  Latency (absolute) |  Interval | Pipeline|
    |   min   |   max   |    min   |    max   | min | max |   Type  |
    +---------+---------+----------+----------+-----+-----+---------+
    |        ?|        ?|         ?|         ?|    ?|    ?|       no|
    +---------+---------+----------+----------+-----+-----+---------+

    + Detail: 
        * Instance: 
        +--------------------------------------------+--------------------------------+---------+---------+-----------+-----------+-----+-----+---------+
        |                                            |                                |  Latency (cycles) |   Latency (absolute)  |  Interval | Pipeline|
        |                  Instance                  |             Module             |   min   |   max   |    min    |    max    | min | max |   Type  |
        +--------------------------------------------+--------------------------------+---------+---------+-----------+-----------+-----+-----+---------+
        |grp_MLP_Pipeline_1_fu_1091                  |MLP_Pipeline_1                  |       50|       50|   0.500 us|   0.500 us|   50|   50|       no|
        |grp_MLP_Pipeline_2_fu_1097                  |MLP_Pipeline_2                  |       50|       50|   0.500 us|   0.500 us|   50|   50|       no|
        |grp_MLP_Pipeline_3_fu_1103                  |MLP_Pipeline_3                  |       26|       26|   0.260 us|   0.260 us|   26|   26|       no|
        |grp_MLP_Pipeline_4_fu_1109                  |MLP_Pipeline_4                  |       14|       14|   0.140 us|   0.140 us|   14|   14|       no|
        |grp_MLP_Pipeline_5_fu_1115                  |MLP_Pipeline_5                  |        7|        7|  70.000 ns|  70.000 ns|    7|    7|       no|
        |grp_MLP_Pipeline_6_fu_1121                  |MLP_Pipeline_6                  |        7|        7|  70.000 ns|  70.000 ns|    7|    7|       no|
        |grp_MLP_Pipeline_VITIS_LOOP_58_1_fu_1127    |MLP_Pipeline_VITIS_LOOP_58_1    |        ?|        ?|          ?|          ?|    ?|    ?|       no|
        |grp_MLP_Pipeline_VITIS_LOOP_69_2_fu_1151    |MLP_Pipeline_VITIS_LOOP_69_2    |       77|       77|   0.770 us|   0.770 us|   77|   77|       no|
        |grp_MLP_Pipeline_VITIS_LOOP_77_3_fu_1157    |MLP_Pipeline_VITIS_LOOP_77_3    |      227|      227|   2.270 us|   2.270 us|  227|  227|       no|
        |grp_MLP_Pipeline_VITIS_LOOP_94_5_fu_1310    |MLP_Pipeline_VITIS_LOOP_94_5    |      119|      119|   1.190 us|   1.190 us|  119|  119|       no|
        |grp_MLP_Pipeline_VITIS_LOOP_111_7_fu_1391   |MLP_Pipeline_VITIS_LOOP_111_7   |       62|       62|   0.620 us|   0.620 us|   62|   62|       no|
        |grp_MLP_Pipeline_VITIS_LOOP_123_9_fu_1436   |MLP_Pipeline_VITIS_LOOP_123_9   |       11|       11|   0.110 us|   0.110 us|   11|   11|       no|
        |grp_MLP_Pipeline_VITIS_LOOP_128_10_fu_1442  |MLP_Pipeline_VITIS_LOOP_128_10  |        7|        7|  70.000 ns|  70.000 ns|    7|    7|       no|
        +--------------------------------------------+--------------------------------+---------+---------+-----------+-----------+-----+-----+---------+

        * Loop: 
        N/A



================================================================
== Utilization Estimates
================================================================
* Summary: 
+-----------------+---------+-----+--------+-------+-----+
|       Name      | BRAM_18K| DSP |   FF   |  LUT  | URAM|
+-----------------+---------+-----+--------+-------+-----+
|DSP              |        -|    -|       -|      -|    -|
|Expression       |        -|    -|       0|      4|    -|
|FIFO             |        -|    -|       -|      -|    -|
|Instance         |        0|  242|   29709|  19416|    -|
|Memory           |        3|    -|     192|     24|    0|
|Multiplexer      |        -|    -|       -|   3674|    -|
|Register         |        -|    -|    2781|      -|    -|
+-----------------+---------+-----+--------+-------+-----+
|Total            |        3|  242|   32682|  23118|    0|
+-----------------+---------+-----+--------+-------+-----+
|Available        |      432|  360|  141120|  70560|    0|
+-----------------+---------+-----+--------+-------+-----+
|Utilization (%)  |       ~0|   67|      23|     32|    0|
+-----------------+---------+-----+--------+-------+-----+

+ Detail: 
    * Instance: 
    +--------------------------------------------+--------------------------------+---------+-----+-------+------+-----+
    |                  Instance                  |             Module             | BRAM_18K| DSP |   FF  |  LUT | URAM|
    +--------------------------------------------+--------------------------------+---------+-----+-------+------+-----+
    |grp_MLP_Pipeline_1_fu_1091                  |MLP_Pipeline_1                  |        0|    0|      8|    50|    0|
    |grp_MLP_Pipeline_2_fu_1097                  |MLP_Pipeline_2                  |        0|    0|      8|    50|    0|
    |grp_MLP_Pipeline_3_fu_1103                  |MLP_Pipeline_3                  |        0|    0|      7|    48|    0|
    |grp_MLP_Pipeline_4_fu_1109                  |MLP_Pipeline_4                  |        0|    0|      6|    48|    0|
    |grp_MLP_Pipeline_5_fu_1115                  |MLP_Pipeline_5                  |        0|    0|      5|    45|    0|
    |grp_MLP_Pipeline_6_fu_1121                  |MLP_Pipeline_6                  |        0|    0|      5|    45|    0|
    |grp_MLP_Pipeline_VITIS_LOOP_111_7_fu_1391   |MLP_Pipeline_VITIS_LOOP_111_7   |        0|    0|   1751|   127|    0|
    |grp_MLP_Pipeline_VITIS_LOOP_123_9_fu_1436   |MLP_Pipeline_VITIS_LOOP_123_9   |        0|    0|    145|   711|    0|
    |grp_MLP_Pipeline_VITIS_LOOP_128_10_fu_1442  |MLP_Pipeline_VITIS_LOOP_128_10  |        0|    0|      7|    76|    0|
    |grp_MLP_Pipeline_VITIS_LOOP_58_1_fu_1127    |MLP_Pipeline_VITIS_LOOP_58_1    |        0|    0|     67|   111|    0|
    |grp_MLP_Pipeline_VITIS_LOOP_69_2_fu_1151    |MLP_Pipeline_VITIS_LOOP_69_2    |        0|    0|    261|    93|    0|
    |grp_MLP_Pipeline_VITIS_LOOP_77_3_fu_1157    |MLP_Pipeline_VITIS_LOOP_77_3    |        0|  120|  15239|  9118|    0|
    |grp_MLP_Pipeline_VITIS_LOOP_94_5_fu_1310    |MLP_Pipeline_VITIS_LOOP_94_5    |        0|    0|   3453|   304|    0|
    |fadd_32ns_32ns_32_4_full_dsp_1_U393         |fadd_32ns_32ns_32_4_full_dsp_1  |        0|    2|    227|   214|    0|
    |fadd_32ns_32ns_32_4_full_dsp_1_U394         |fadd_32ns_32ns_32_4_full_dsp_1  |        0|    2|    227|   214|    0|
    |fadd_32ns_32ns_32_4_full_dsp_1_U395         |fadd_32ns_32ns_32_4_full_dsp_1  |        0|    2|    227|   214|    0|
    |fadd_32ns_32ns_32_4_full_dsp_1_U396         |fadd_32ns_32ns_32_4_full_dsp_1  |        0|    2|    227|   214|    0|
    |fadd_32ns_32ns_32_4_full_dsp_1_U397         |fadd_32ns_32ns_32_4_full_dsp_1  |        0|    2|    227|   214|    0|
    |fadd_32ns_32ns_32_4_full_dsp_1_U398         |fadd_32ns_32ns_32_4_full_dsp_1  |        0|    2|    227|   214|    0|
    |fadd_32ns_32ns_32_4_full_dsp_1_U399         |fadd_32ns_32ns_32_4_full_dsp_1  |        0|    2|    227|   214|    0|
    |fadd_32ns_32ns_32_4_full_dsp_1_U400         |fadd_32ns_32ns_32_4_full_dsp_1  |        0|    2|    227|   214|    0|
    |fadd_32ns_32ns_32_4_full_dsp_1_U401         |fadd_32ns_32ns_32_4_full_dsp_1  |        0|    2|    227|   214|    0|
    |fadd_32ns_32ns_32_4_full_dsp_1_U402         |fadd_32ns_32ns_32_4_full_dsp_1  |        0|    2|    227|   214|    0|
    |fadd_32ns_32ns_32_4_full_dsp_1_U403         |fadd_32ns_32ns_32_4_full_dsp_1  |        0|    2|    227|   214|    0|
    |fadd_32ns_32ns_32_4_full_dsp_1_U404         |fadd_32ns_32ns_32_4_full_dsp_1  |        0|    2|    227|   214|    0|
    |fadd_32ns_32ns_32_4_full_dsp_1_U405         |fadd_32ns_32ns_32_4_full_dsp_1  |        0|    2|    227|   214|    0|
    |fadd_32ns_32ns_32_4_full_dsp_1_U406         |fadd_32ns_32ns_32_4_full_dsp_1  |        0|    2|    227|   214|    0|
    |fadd_32ns_32ns_32_4_full_dsp_1_U407         |fadd_32ns_32ns_32_4_full_dsp_1  |        0|    2|    227|   214|    0|
    |fadd_32ns_32ns_32_4_full_dsp_1_U408         |fadd_32ns_32ns_32_4_full_dsp_1  |        0|    2|    227|   214|    0|
    |fadd_32ns_32ns_32_4_full_dsp_1_U409         |fadd_32ns_32ns_32_4_full_dsp_1  |        0|    2|    227|   214|    0|
    |fadd_32ns_32ns_32_4_full_dsp_1_U410         |fadd_32ns_32ns_32_4_full_dsp_1  |        0|    2|    227|   214|    0|
    |fadd_32ns_32ns_32_4_full_dsp_1_U411         |fadd_32ns_32ns_32_4_full_dsp_1  |        0|    2|    227|   214|    0|
    |fadd_32ns_32ns_32_4_full_dsp_1_U412         |fadd_32ns_32ns_32_4_full_dsp_1  |        0|    2|    227|   214|    0|
    |fadd_32ns_32ns_32_4_full_dsp_1_U413         |fadd_32ns_32ns_32_4_full_dsp_1  |        0|    2|    227|   214|    0|
    |fadd_32ns_32ns_32_4_full_dsp_1_U414         |fadd_32ns_32ns_32_4_full_dsp_1  |        0|    2|    227|   214|    0|
    |fadd_32ns_32ns_32_4_full_dsp_1_U415         |fadd_32ns_32ns_32_4_full_dsp_1  |        0|    2|    227|   214|    0|
    |fadd_32ns_32ns_32_4_full_dsp_1_U416         |fadd_32ns_32ns_32_4_full_dsp_1  |        0|    2|    227|   214|    0|
    |fadd_32ns_32ns_32_4_full_dsp_1_U417         |fadd_32ns_32ns_32_4_full_dsp_1  |        0|    2|    227|   214|    0|
    |fcmp_32ns_32ns_1_2_no_dsp_1_U442            |fcmp_32ns_32ns_1_2_no_dsp_1     |        0|    0|      0|     0|    0|
    |fmul_32ns_32ns_32_3_max_dsp_1_U418          |fmul_32ns_32ns_32_3_max_dsp_1   |        0|    3|    128|   135|    0|
    |fmul_32ns_32ns_32_3_max_dsp_1_U419          |fmul_32ns_32ns_32_3_max_dsp_1   |        0|    3|    128|   135|    0|
    |fmul_32ns_32ns_32_3_max_dsp_1_U420          |fmul_32ns_32ns_32_3_max_dsp_1   |        0|    3|    128|   135|    0|
    |fmul_32ns_32ns_32_3_max_dsp_1_U421          |fmul_32ns_32ns_32_3_max_dsp_1   |        0|    3|    128|   135|    0|
    |fmul_32ns_32ns_32_3_max_dsp_1_U422          |fmul_32ns_32ns_32_3_max_dsp_1   |        0|    3|    128|   135|    0|
    |fmul_32ns_32ns_32_3_max_dsp_1_U423          |fmul_32ns_32ns_32_3_max_dsp_1   |        0|    3|    128|   135|    0|
    |fmul_32ns_32ns_32_3_max_dsp_1_U424          |fmul_32ns_32ns_32_3_max_dsp_1   |        0|    3|    128|   135|    0|
    |fmul_32ns_32ns_32_3_max_dsp_1_U425          |fmul_32ns_32ns_32_3_max_dsp_1   |        0|    3|    128|   135|    0|
    |fmul_32ns_32ns_32_3_max_dsp_1_U426          |fmul_32ns_32ns_32_3_max_dsp_1   |        0|    3|    128|   135|    0|
    |fmul_32ns_32ns_32_3_max_dsp_1_U427          |fmul_32ns_32ns_32_3_max_dsp_1   |        0|    3|    128|   135|    0|
    |fmul_32ns_32ns_32_3_max_dsp_1_U428          |fmul_32ns_32ns_32_3_max_dsp_1   |        0|    3|    128|   135|    0|
    |fmul_32ns_32ns_32_3_max_dsp_1_U429          |fmul_32ns_32ns_32_3_max_dsp_1   |        0|    3|    128|   135|    0|
    |fmul_32ns_32ns_32_3_max_dsp_1_U430          |fmul_32ns_32ns_32_3_max_dsp_1   |        0|    3|    128|   135|    0|
    |fmul_32ns_32ns_32_3_max_dsp_1_U431          |fmul_32ns_32ns_32_3_max_dsp_1   |        0|    3|    128|   135|    0|
    |fmul_32ns_32ns_32_3_max_dsp_1_U432          |fmul_32ns_32ns_32_3_max_dsp_1   |        0|    3|    128|   135|    0|
    |fmul_32ns_32ns_32_3_max_dsp_1_U433          |fmul_32ns_32ns_32_3_max_dsp_1   |        0|    3|    128|   135|    0|
    |fmul_32ns_32ns_32_3_max_dsp_1_U434          |fmul_32ns_32ns_32_3_max_dsp_1   |        0|    3|    128|   135|    0|
    |fmul_32ns_32ns_32_3_max_dsp_1_U435          |fmul_32ns_32ns_32_3_max_dsp_1   |        0|    3|    128|   135|    0|
    |fmul_32ns_32ns_32_3_max_dsp_1_U436          |fmul_32ns_32ns_32_3_max_dsp_1   |        0|    3|    128|   135|    0|
    |fmul_32ns_32ns_32_3_max_dsp_1_U437          |fmul_32ns_32ns_32_3_max_dsp_1   |        0|    3|    128|   135|    0|
    |fmul_32ns_32ns_32_3_max_dsp_1_U438          |fmul_32ns_32ns_32_3_max_dsp_1   |        0|    3|    128|   135|    0|
    |fmul_32ns_32ns_32_3_max_dsp_1_U439          |fmul_32ns_32ns_32_3_max_dsp_1   |        0|    3|    128|   135|    0|
    |fmul_32ns_32ns_32_3_max_dsp_1_U440          |fmul_32ns_32ns_32_3_max_dsp_1   |        0|    3|    128|   135|    0|
    |fmul_32ns_32ns_32_3_max_dsp_1_U441          |fmul_32ns_32ns_32_3_max_dsp_1   |        0|    3|    128|   135|    0|
    +--------------------------------------------+--------------------------------+---------+-----+-------+------+-----+
    |Total                                       |                                |        0|  242|  29709| 19416|    0|
    +--------------------------------------------+--------------------------------+---------+-----+-------+------+-----+

    * DSP: 
    N/A

    * Memory: 
    +-------------------------+-------------------------------------+---------+----+----+-----+------+-----+------+-------------+
    |          Memory         |                Module               | BRAM_18K| FF | LUT| URAM| Words| Bits| Banks| W*Bits*Banks|
    +-------------------------+-------------------------------------+---------+----+----+-----+------+-----+------+-------------+
    |hidden_layer_1_U         |hidden_layer_1_RAM_AUTO_1R1W         |        0|  64|  12|    0|    24|   32|     1|          768|
    |hidden_layer_2_U         |hidden_layer_2_RAM_AUTO_1R1W         |        0|  64|   6|    0|    12|   32|     1|          384|
    |input_features_U         |input_features_RAM_AUTO_1R1W         |        1|   0|   0|    0|    48|   32|     1|         1536|
    |input_features_casted_U  |input_features_casted_RAM_AUTO_1R1W  |        2|   0|   0|    0|    48|   32|     1|         1536|
    |output_layer_U           |output_layer_RAM_AUTO_1R1W           |        0|  32|   3|    0|     5|   32|     1|          160|
    |output_layer_casted_U    |output_layer_RAM_AUTO_1R1W           |        0|  32|   3|    0|     5|   32|     1|          160|
    +-------------------------+-------------------------------------+---------+----+----+-----+------+-----+------+-------------+
    |Total                    |                                     |        3| 192|  24|    0|   142|  192|     6|         4544|
    +-------------------------+-------------------------------------+---------+----+----+-----+------+-----+------+-------------+

    * FIFO: 
    N/A

    * Expression: 
    +------------------------------------------------------------+----------+----+---+----+------------+------------+
    |                        Variable Name                       | Operation| DSP| FF| LUT| Bitwidth P0| Bitwidth P1|
    +------------------------------------------------------------+----------+----+---+----+------------+------------+
    |grp_MLP_Pipeline_VITIS_LOOP_128_10_fu_1442_out_data_TREADY  |       and|   0|  0|   2|           1|           1|
    |ap_block_state2_on_subcall_done                             |        or|   0|  0|   2|           1|           1|
    +------------------------------------------------------------+----------+----+---+----+------------+------------+
    |Total                                                       |          |   0|  0|   4|           2|           2|
    +------------------------------------------------------------+----------+----+---+----+------------+------------+

    * Multiplexer: 
    +--------------------------------+-----+-----------+-----+-----------+
    |              Name              | LUT | Input Size| Bits| Total Bits|
    +--------------------------------+-----+-----------+-----+-----------+
    |ap_NS_fsm                       |  259|         60|    1|         60|
    |grp_fu_2371_ce                  |   20|          4|    1|          4|
    |grp_fu_2371_p0                  |   20|          4|   32|        128|
    |grp_fu_2371_p1                  |   20|          4|   32|        128|
    |grp_fu_2375_ce                  |   20|          4|    1|          4|
    |grp_fu_2375_p0                  |   20|          4|   32|        128|
    |grp_fu_2375_p1                  |   20|          4|   32|        128|
    |grp_fu_2379_ce                  |   20|          4|    1|          4|
    |grp_fu_2379_p0                  |   20|          4|   32|        128|
    |grp_fu_2379_p1                  |   20|          4|   32|        128|
    |grp_fu_2383_ce                  |   20|          4|    1|          4|
    |grp_fu_2383_p0                  |   20|          4|   32|        128|
    |grp_fu_2383_p1                  |   20|          4|   32|        128|
    |grp_fu_2387_ce                  |   20|          4|    1|          4|
    |grp_fu_2387_p0                  |   20|          4|   32|        128|
    |grp_fu_2387_p1                  |   20|          4|   32|        128|
    |grp_fu_2391_ce                  |   20|          4|    1|          4|
    |grp_fu_2391_p0                  |   20|          4|   32|        128|
    |grp_fu_2391_p1                  |   20|          4|   32|        128|
    |grp_fu_2395_ce                  |   20|          4|    1|          4|
    |grp_fu_2395_p0                  |   20|          4|   32|        128|
    |grp_fu_2395_p1                  |   20|          4|   32|        128|
    |grp_fu_2399_ce                  |   20|          4|    1|          4|
    |grp_fu_2399_p0                  |   20|          4|   32|        128|
    |grp_fu_2399_p1                  |   20|          4|   32|        128|
    |grp_fu_2403_ce                  |   20|          4|    1|          4|
    |grp_fu_2403_p0                  |   20|          4|   32|        128|
    |grp_fu_2403_p1                  |   20|          4|   32|        128|
    |grp_fu_2407_ce                  |   20|          4|    1|          4|
    |grp_fu_2407_p0                  |   20|          4|   32|        128|
    |grp_fu_2407_p1                  |   20|          4|   32|        128|
    |grp_fu_2411_ce                  |   20|          4|    1|          4|
    |grp_fu_2411_p0                  |   20|          4|   32|        128|
    |grp_fu_2411_p1                  |   20|          4|   32|        128|
    |grp_fu_2415_ce                  |   20|          4|    1|          4|
    |grp_fu_2415_p0                  |   20|          4|   32|        128|
    |grp_fu_2415_p1                  |   20|          4|   32|        128|
    |grp_fu_2419_ce                  |   20|          4|    1|          4|
    |grp_fu_2419_p0                  |   20|          4|   32|        128|
    |grp_fu_2419_p1                  |   20|          4|   32|        128|
    |grp_fu_2423_ce                  |   14|          3|    1|          3|
    |grp_fu_2423_p0                  |   14|          3|   32|         96|
    |grp_fu_2423_p1                  |   14|          3|   32|         96|
    |grp_fu_2427_ce                  |   14|          3|    1|          3|
    |grp_fu_2427_p0                  |   14|          3|   32|         96|
    |grp_fu_2427_p1                  |   14|          3|   32|         96|
    |grp_fu_2431_ce                  |   14|          3|    1|          3|
    |grp_fu_2431_p0                  |   14|          3|   32|         96|
    |grp_fu_2431_p1                  |   14|          3|   32|         96|
    |grp_fu_2435_ce                  |   14|          3|    1|          3|
    |grp_fu_2435_p0                  |   14|          3|   32|         96|
    |grp_fu_2435_p1                  |   14|          3|   32|         96|
    |grp_fu_2439_ce                  |   14|          3|    1|          3|
    |grp_fu_2439_p0                  |   14|          3|   32|         96|
    |grp_fu_2439_p1                  |   14|          3|   32|         96|
    |grp_fu_2443_ce                  |   14|          3|    1|          3|
    |grp_fu_2443_p0                  |   14|          3|   32|         96|
    |grp_fu_2443_p1                  |   14|          3|   32|         96|
    |grp_fu_2447_ce                  |   14|          3|    1|          3|
    |grp_fu_2447_p0                  |   14|          3|   32|         96|
    |grp_fu_2447_p1                  |   14|          3|   32|         96|
    |grp_fu_2451_ce                  |   14|          3|    1|          3|
    |grp_fu_2451_p0                  |   14|          3|   32|         96|
    |grp_fu_2451_p1                  |   14|          3|   32|         96|
    |grp_fu_2455_ce                  |   14|          3|    1|          3|
    |grp_fu_2455_p0                  |   14|          3|   32|         96|
    |grp_fu_2455_p1                  |   14|          3|   32|         96|
    |grp_fu_2459_ce                  |   14|          3|    1|          3|
    |grp_fu_2459_p0                  |   14|          3|   32|         96|
    |grp_fu_2459_p1                  |   14|          3|   32|         96|
    |grp_fu_2463_ce                  |   14|          3|    1|          3|
    |grp_fu_2463_p0                  |   14|          3|   32|         96|
    |grp_fu_2463_p1                  |   14|          3|   32|         96|
    |grp_fu_2467_ce                  |   14|          3|    1|          3|
    |grp_fu_2467_p0                  |   14|          3|   32|         96|
    |grp_fu_2467_p1                  |   14|          3|   32|         96|
    |grp_fu_2471_ce                  |   26|          5|    1|          5|
    |grp_fu_2471_p0                  |   26|          5|   32|        160|
    |grp_fu_2471_p1                  |   26|          5|   32|        160|
    |grp_fu_2475_ce                  |   20|          4|    1|          4|
    |grp_fu_2475_p0                  |   20|          4|   32|        128|
    |grp_fu_2475_p1                  |   20|          4|   32|        128|
    |grp_fu_2479_ce                  |   20|          4|    1|          4|
    |grp_fu_2479_p0                  |   20|          4|   32|        128|
    |grp_fu_2479_p1                  |   20|          4|   32|        128|
    |grp_fu_2483_ce                  |   20|          4|    1|          4|
    |grp_fu_2483_p0                  |   20|          4|   32|        128|
    |grp_fu_2483_p1                  |   20|          4|   32|        128|
    |grp_fu_2487_ce                  |   20|          4|    1|          4|
    |grp_fu_2487_p0                  |   20|          4|   32|        128|
    |grp_fu_2487_p1                  |   20|          4|   32|        128|
    |grp_fu_2491_ce                  |   20|          4|    1|          4|
    |grp_fu_2491_p0                  |   20|          4|   32|        128|
    |grp_fu_2491_p1                  |   20|          4|   32|        128|
    |grp_fu_2495_ce                  |   20|          4|    1|          4|
    |grp_fu_2495_p0                  |   20|          4|   32|        128|
    |grp_fu_2495_p1                  |   20|          4|   32|        128|
    |grp_fu_2499_ce                  |   20|          4|    1|          4|
    |grp_fu_2499_p0                  |   20|          4|   32|        128|
    |grp_fu_2499_p1                  |   20|          4|   32|        128|
    |grp_fu_2503_ce                  |   20|          4|    1|          4|
    |grp_fu_2503_p0                  |   20|          4|   32|        128|
    |grp_fu_2503_p1                  |   20|          4|   32|        128|
    |grp_fu_2507_ce                  |   20|          4|    1|          4|
    |grp_fu_2507_p0                  |   20|          4|   32|        128|
    |grp_fu_2507_p1                  |   20|          4|   32|        128|
    |grp_fu_2511_ce                  |   20|          4|    1|          4|
    |grp_fu_2511_p0                  |   20|          4|   32|        128|
    |grp_fu_2511_p1                  |   20|          4|   32|        128|
    |grp_fu_2515_ce                  |   20|          4|    1|          4|
    |grp_fu_2515_p0                  |   20|          4|   32|        128|
    |grp_fu_2515_p1                  |   20|          4|   32|        128|
    |grp_fu_2519_ce                  |   14|          3|    1|          3|
    |grp_fu_2519_p0                  |   14|          3|   32|         96|
    |grp_fu_2519_p1                  |   14|          3|   32|         96|
    |grp_fu_2523_ce                  |   14|          3|    1|          3|
    |grp_fu_2523_p0                  |   14|          3|   32|         96|
    |grp_fu_2523_p1                  |   14|          3|   32|         96|
    |grp_fu_2527_ce                  |   14|          3|    1|          3|
    |grp_fu_2527_p0                  |   14|          3|   32|         96|
    |grp_fu_2527_p1                  |   14|          3|   32|         96|
    |grp_fu_2531_ce                  |   14|          3|    1|          3|
    |grp_fu_2531_p0                  |   14|          3|   32|         96|
    |grp_fu_2531_p1                  |   14|          3|   32|         96|
    |grp_fu_2535_ce                  |   14|          3|    1|          3|
    |grp_fu_2535_p0                  |   14|          3|   32|         96|
    |grp_fu_2535_p1                  |   14|          3|   32|         96|
    |grp_fu_2539_ce                  |   14|          3|    1|          3|
    |grp_fu_2539_p0                  |   14|          3|   32|         96|
    |grp_fu_2539_p1                  |   14|          3|   32|         96|
    |grp_fu_2543_ce                  |   14|          3|    1|          3|
    |grp_fu_2543_p0                  |   14|          3|   32|         96|
    |grp_fu_2543_p1                  |   14|          3|   32|         96|
    |grp_fu_2547_ce                  |   14|          3|    1|          3|
    |grp_fu_2547_p0                  |   14|          3|   32|         96|
    |grp_fu_2547_p1                  |   14|          3|   32|         96|
    |grp_fu_2551_ce                  |   14|          3|    1|          3|
    |grp_fu_2551_p0                  |   14|          3|   32|         96|
    |grp_fu_2551_p1                  |   14|          3|   32|         96|
    |grp_fu_2555_ce                  |   14|          3|    1|          3|
    |grp_fu_2555_p0                  |   14|          3|   32|         96|
    |grp_fu_2555_p1                  |   14|          3|   32|         96|
    |grp_fu_2559_ce                  |   14|          3|    1|          3|
    |grp_fu_2559_p0                  |   14|          3|   32|         96|
    |grp_fu_2559_p1                  |   14|          3|   32|         96|
    |grp_fu_2563_ce                  |   14|          3|    1|          3|
    |grp_fu_2563_p0                  |   14|          3|   32|         96|
    |grp_fu_2563_p1                  |   14|          3|   32|         96|
    |grp_fu_2567_ce                  |   14|          3|    1|          3|
    |grp_fu_2567_opcode              |   14|          3|    5|         15|
    |grp_fu_2567_p0                  |   14|          3|   32|         96|
    |grp_fu_2567_p1                  |   14|          3|   32|         96|
    |hidden_layer_1_address0         |   65|         15|    5|         75|
    |hidden_layer_1_address1         |   65|         13|    5|         65|
    |hidden_layer_1_ce0              |   20|          4|    1|          4|
    |hidden_layer_1_d0               |   14|          3|   32|         96|
    |hidden_layer_1_we0              |   14|          3|    1|          3|
    |hidden_layer_2_address0         |   49|          9|    4|         36|
    |hidden_layer_2_address1         |   37|          7|    4|         28|
    |hidden_layer_2_ce0              |   20|          4|    1|          4|
    |hidden_layer_2_d0               |   14|          3|   32|         96|
    |hidden_layer_2_we0              |   14|          3|    1|          3|
    |in_data_TREADY_int_regslice     |    9|          2|    1|          2|
    |input_features_address0         |   20|          4|    6|         24|
    |input_features_casted_address0  |  135|         27|    6|        162|
    |input_features_casted_address1  |  125|         25|    6|        150|
    |input_features_casted_ce0       |   20|          4|    1|          4|
    |input_features_casted_d0        |   14|          3|   32|         96|
    |input_features_casted_we0       |   14|          3|    1|          3|
    |input_features_ce0              |   20|          4|    1|          4|
    |input_features_d0               |   14|          3|   32|         96|
    |input_features_we0              |   14|          3|    1|          3|
    |output_layer_address0           |   20|          4|    3|         12|
    |output_layer_casted_address0    |   20|          4|    3|         12|
    |output_layer_casted_ce0         |   20|          4|    1|          4|
    |output_layer_casted_d0          |   14|          3|   32|         96|
    |output_layer_casted_we0         |   14|          3|    1|          3|
    |output_layer_ce0                |   20|          4|    1|          4|
    |output_layer_d0                 |   14|          3|   32|         96|
    |output_layer_we0                |   14|          3|    1|          3|
    +--------------------------------+-----+-----------+-----+-----------+
    |Total                           | 3674|        761| 3503|      12699|
    +--------------------------------+-----+-----------+-----+-----------+

    * Register: 
    +---------------------------------------------------------+----+----+-----+-----------+
    |                           Name                          | FF | LUT| Bits| Const Bits|
    +---------------------------------------------------------+----+----+-----+-----------+
    |ap_CS_fsm                                                |  59|   0|   59|          0|
    |grp_MLP_Pipeline_1_fu_1091_ap_start_reg                  |   1|   0|    1|          0|
    |grp_MLP_Pipeline_2_fu_1097_ap_start_reg                  |   1|   0|    1|          0|
    |grp_MLP_Pipeline_3_fu_1103_ap_start_reg                  |   1|   0|    1|          0|
    |grp_MLP_Pipeline_4_fu_1109_ap_start_reg                  |   1|   0|    1|          0|
    |grp_MLP_Pipeline_5_fu_1115_ap_start_reg                  |   1|   0|    1|          0|
    |grp_MLP_Pipeline_6_fu_1121_ap_start_reg                  |   1|   0|    1|          0|
    |grp_MLP_Pipeline_VITIS_LOOP_111_7_fu_1391_ap_start_reg   |   1|   0|    1|          0|
    |grp_MLP_Pipeline_VITIS_LOOP_123_9_fu_1436_ap_start_reg   |   1|   0|    1|          0|
    |grp_MLP_Pipeline_VITIS_LOOP_128_10_fu_1442_ap_start_reg  |   1|   0|    1|          0|
    |grp_MLP_Pipeline_VITIS_LOOP_58_1_fu_1127_ap_start_reg    |   1|   0|    1|          0|
    |grp_MLP_Pipeline_VITIS_LOOP_69_2_fu_1151_ap_start_reg    |   1|   0|    1|          0|
    |grp_MLP_Pipeline_VITIS_LOOP_77_3_fu_1157_ap_start_reg    |   1|   0|    1|          0|
    |grp_MLP_Pipeline_VITIS_LOOP_94_5_fu_1310_ap_start_reg    |   1|   0|    1|          0|
    |hidden_layer_1_load_10_reg_2106                          |  32|   0|   32|          0|
    |hidden_layer_1_load_11_reg_2111                          |  32|   0|   32|          0|
    |hidden_layer_1_load_12_reg_2126                          |  32|   0|   32|          0|
    |hidden_layer_1_load_13_reg_2131                          |  32|   0|   32|          0|
    |hidden_layer_1_load_14_reg_2146                          |  32|   0|   32|          0|
    |hidden_layer_1_load_15_reg_2151                          |  32|   0|   32|          0|
    |hidden_layer_1_load_16_reg_2166                          |  32|   0|   32|          0|
    |hidden_layer_1_load_17_reg_2171                          |  32|   0|   32|          0|
    |hidden_layer_1_load_18_reg_2186                          |  32|   0|   32|          0|
    |hidden_layer_1_load_19_reg_2191                          |  32|   0|   32|          0|
    |hidden_layer_1_load_1_reg_2011                           |  32|   0|   32|          0|
    |hidden_layer_1_load_20_reg_2206                          |  32|   0|   32|          0|
    |hidden_layer_1_load_21_reg_2211                          |  32|   0|   32|          0|
    |hidden_layer_1_load_22_reg_2226                          |  32|   0|   32|          0|
    |hidden_layer_1_load_23_reg_2231                          |  32|   0|   32|          0|
    |hidden_layer_1_load_2_reg_2026                           |  32|   0|   32|          0|
    |hidden_layer_1_load_3_reg_2031                           |  32|   0|   32|          0|
    |hidden_layer_1_load_4_reg_2046                           |  32|   0|   32|          0|
    |hidden_layer_1_load_5_reg_2051                           |  32|   0|   32|          0|
    |hidden_layer_1_load_6_reg_2066                           |  32|   0|   32|          0|
    |hidden_layer_1_load_7_reg_2071                           |  32|   0|   32|          0|
    |hidden_layer_1_load_8_reg_2086                           |  32|   0|   32|          0|
    |hidden_layer_1_load_9_reg_2091                           |  32|   0|   32|          0|
    |hidden_layer_1_load_reg_2006                             |  32|   0|   32|          0|
    |hidden_layer_2_load_10_reg_2346                          |  32|   0|   32|          0|
    |hidden_layer_2_load_11_reg_2351                          |  32|   0|   32|          0|
    |hidden_layer_2_load_1_reg_2251                           |  32|   0|   32|          0|
    |hidden_layer_2_load_2_reg_2266                           |  32|   0|   32|          0|
    |hidden_layer_2_load_3_reg_2271                           |  32|   0|   32|          0|
    |hidden_layer_2_load_4_reg_2286                           |  32|   0|   32|          0|
    |hidden_layer_2_load_5_reg_2291                           |  32|   0|   32|          0|
    |hidden_layer_2_load_6_reg_2306                           |  32|   0|   32|          0|
    |hidden_layer_2_load_7_reg_2311                           |  32|   0|   32|          0|
    |hidden_layer_2_load_8_reg_2326                           |  32|   0|   32|          0|
    |hidden_layer_2_load_9_reg_2331                           |  32|   0|   32|          0|
    |hidden_layer_2_load_reg_2246                             |  32|   0|   32|          0|
    |input_features_casted_load_10_reg_1626                   |  32|   0|   32|          0|
    |input_features_casted_load_11_reg_1631                   |  32|   0|   32|          0|
    |input_features_casted_load_12_reg_1646                   |  32|   0|   32|          0|
    |input_features_casted_load_13_reg_1651                   |  32|   0|   32|          0|
    |input_features_casted_load_14_reg_1666                   |  32|   0|   32|          0|
    |input_features_casted_load_15_reg_1671                   |  32|   0|   32|          0|
    |input_features_casted_load_16_reg_1686                   |  32|   0|   32|          0|
    |input_features_casted_load_17_reg_1691                   |  32|   0|   32|          0|
    |input_features_casted_load_18_reg_1706                   |  32|   0|   32|          0|
    |input_features_casted_load_19_reg_1711                   |  32|   0|   32|          0|
    |input_features_casted_load_1_reg_1531                    |  32|   0|   32|          0|
    |input_features_casted_load_20_reg_1726                   |  32|   0|   32|          0|
    |input_features_casted_load_21_reg_1731                   |  32|   0|   32|          0|
    |input_features_casted_load_22_reg_1746                   |  32|   0|   32|          0|
    |input_features_casted_load_23_reg_1751                   |  32|   0|   32|          0|
    |input_features_casted_load_24_reg_1766                   |  32|   0|   32|          0|
    |input_features_casted_load_25_reg_1771                   |  32|   0|   32|          0|
    |input_features_casted_load_26_reg_1786                   |  32|   0|   32|          0|
    |input_features_casted_load_27_reg_1791                   |  32|   0|   32|          0|
    |input_features_casted_load_28_reg_1806                   |  32|   0|   32|          0|
    |input_features_casted_load_29_reg_1811                   |  32|   0|   32|          0|
    |input_features_casted_load_2_reg_1546                    |  32|   0|   32|          0|
    |input_features_casted_load_30_reg_1826                   |  32|   0|   32|          0|
    |input_features_casted_load_31_reg_1831                   |  32|   0|   32|          0|
    |input_features_casted_load_32_reg_1846                   |  32|   0|   32|          0|
    |input_features_casted_load_33_reg_1851                   |  32|   0|   32|          0|
    |input_features_casted_load_34_reg_1866                   |  32|   0|   32|          0|
    |input_features_casted_load_35_reg_1871                   |  32|   0|   32|          0|
    |input_features_casted_load_36_reg_1886                   |  32|   0|   32|          0|
    |input_features_casted_load_37_reg_1891                   |  32|   0|   32|          0|
    |input_features_casted_load_38_reg_1906                   |  32|   0|   32|          0|
    |input_features_casted_load_39_reg_1911                   |  32|   0|   32|          0|
    |input_features_casted_load_3_reg_1551                    |  32|   0|   32|          0|
    |input_features_casted_load_40_reg_1926                   |  32|   0|   32|          0|
    |input_features_casted_load_41_reg_1931                   |  32|   0|   32|          0|
    |input_features_casted_load_42_reg_1946                   |  32|   0|   32|          0|
    |input_features_casted_load_43_reg_1951                   |  32|   0|   32|          0|
    |input_features_casted_load_44_reg_1966                   |  32|   0|   32|          0|
    |input_features_casted_load_45_reg_1971                   |  32|   0|   32|          0|
    |input_features_casted_load_46_reg_1986                   |  32|   0|   32|          0|
    |input_features_casted_load_47_reg_1991                   |  32|   0|   32|          0|
    |input_features_casted_load_4_reg_1566                    |  32|   0|   32|          0|
    |input_features_casted_load_5_reg_1571                    |  32|   0|   32|          0|
    |input_features_casted_load_6_reg_1586                    |  32|   0|   32|          0|
    |input_features_casted_load_7_reg_1591                    |  32|   0|   32|          0|
    |input_features_casted_load_8_reg_1606                    |  32|   0|   32|          0|
    |input_features_casted_load_9_reg_1611                    |  32|   0|   32|          0|
    |input_features_casted_load_reg_1526                      |  32|   0|   32|          0|
    |tmp_dest_V_loc_fu_348                                    |   6|   0|    6|          0|
    |tmp_id_V_loc_fu_352                                      |   5|   0|    5|          0|
    |tmp_keep_V_loc_fu_364                                    |   4|   0|    4|          0|
    |tmp_strb_V_loc_fu_360                                    |   4|   0|    4|          0|
    |tmp_user_V_loc_fu_356                                    |   2|   0|    2|          0|
    +---------------------------------------------------------+----+----+-----+-----------+
    |Total                                                    |2781|   0| 2781|          0|
    +---------------------------------------------------------+----+----+-----+-----------+



================================================================
== Interface
================================================================
* Summary: 
+-----------------+-----+-----+--------------+-------------------+--------------+
|    RTL Ports    | Dir | Bits|   Protocol   |   Source Object   |    C Type    |
+-----------------+-----+-----+--------------+-------------------+--------------+
|ap_clk           |   in|    1|  ap_ctrl_none|                MLP|  return value|
|ap_rst_n         |   in|    1|  ap_ctrl_none|                MLP|  return value|
|in_data_TDATA    |   in|   32|          axis|   in_data_V_data_V|       pointer|
|in_data_TVALID   |   in|    1|          axis|   in_data_V_dest_V|       pointer|
|in_data_TREADY   |  out|    1|          axis|   in_data_V_dest_V|       pointer|
|in_data_TDEST    |   in|    6|          axis|   in_data_V_dest_V|       pointer|
|in_data_TKEEP    |   in|    4|          axis|   in_data_V_keep_V|       pointer|
|in_data_TSTRB    |   in|    4|          axis|   in_data_V_strb_V|       pointer|
|in_data_TUSER    |   in|    2|          axis|   in_data_V_user_V|       pointer|
|in_data_TLAST    |   in|    1|          axis|   in_data_V_last_V|       pointer|
|in_data_TID      |   in|    5|          axis|     in_data_V_id_V|       pointer|
|out_data_TDATA   |  out|   32|          axis|  out_data_V_data_V|       pointer|
|out_data_TVALID  |  out|    1|          axis|  out_data_V_dest_V|       pointer|
|out_data_TREADY  |   in|    1|          axis|  out_data_V_dest_V|       pointer|
|out_data_TDEST   |  out|    6|          axis|  out_data_V_dest_V|       pointer|
|out_data_TKEEP   |  out|    4|          axis|  out_data_V_keep_V|       pointer|
|out_data_TSTRB   |  out|    4|          axis|  out_data_V_strb_V|       pointer|
|out_data_TUSER   |  out|    2|          axis|  out_data_V_user_V|       pointer|
|out_data_TLAST   |  out|    1|          axis|  out_data_V_last_V|       pointer|
|out_data_TID     |  out|    5|          axis|    out_data_V_id_V|       pointer|
+-----------------+-----+-----+--------------+-------------------+--------------+

============================================================
+ Verbose Summary: Synthesis Manager
============================================================
InlineROM: 1
ExposeGlobal: 0
============================================================
+ Verbose Summary: CDFG Model
============================================================
IsTopModel: 1
ResetActiveHigh: 1
IsCombinational: 2
IsDatapathOnly: 2
HasWiredReturn: 1
HasMFsm: 0
HasVarLatency: 1
IsPipeline: 0
IsRtlPipelined: 0
IsInstanceOverlapped: 0
IsDontTouch: 0
HasImplIP: 0
IsGatedGlobalClock: 0


============================================================
+ Verbose Summary: Schedule
============================================================
* Number of FSM states : 59
* Pipeline : 0
* Dataflow Pipeline: 0

* FSM state transitions: 
1 --> 2 
2 --> 3 
3 --> 4 
4 --> 5 
5 --> 6 
6 --> 7 
7 --> 8 
8 --> 9 
9 --> 10 
10 --> 11 
11 --> 12 
12 --> 13 
13 --> 14 
14 --> 15 
15 --> 16 
16 --> 17 
17 --> 18 
18 --> 19 
19 --> 20 
20 --> 21 
21 --> 22 
22 --> 23 
23 --> 24 
24 --> 25 
25 --> 26 
26 --> 27 
27 --> 28 
28 --> 29 
29 --> 30 
30 --> 31 
31 --> 32 
32 --> 33 
33 --> 34 
34 --> 35 
35 --> 36 
36 --> 37 
37 --> 38 
38 --> 39 
39 --> 40 
40 --> 41 
41 --> 42 
42 --> 43 
43 --> 44 
44 --> 45 
45 --> 46 
46 --> 47 
47 --> 48 
48 --> 49 
49 --> 50 
50 --> 51 
51 --> 52 
52 --> 53 
53 --> 54 
54 --> 55 
55 --> 56 
56 --> 57 
57 --> 58 
58 --> 59 
59 --> 

* FSM state operations: 

State 1 <SV = 0> <Delay = 1.23>
ST_1 : Operation 60 [1/1] (0.00ns)   --->   "%tmp_dest_V_loc = alloca i64 1"   --->   Operation 60 'alloca' 'tmp_dest_V_loc' <Predicate = true> <Delay = 0.00>
ST_1 : Operation 61 [1/1] (0.00ns)   --->   "%tmp_id_V_loc = alloca i64 1"   --->   Operation 61 'alloca' 'tmp_id_V_loc' <Predicate = true> <Delay = 0.00>
ST_1 : Operation 62 [1/1] (0.00ns)   --->   "%tmp_user_V_loc = alloca i64 1"   --->   Operation 62 'alloca' 'tmp_user_V_loc' <Predicate = true> <Delay = 0.00>
ST_1 : Operation 63 [1/1] (0.00ns)   --->   "%tmp_strb_V_loc = alloca i64 1"   --->   Operation 63 'alloca' 'tmp_strb_V_loc' <Predicate = true> <Delay = 0.00>
ST_1 : Operation 64 [1/1] (0.00ns)   --->   "%tmp_keep_V_loc = alloca i64 1"   --->   Operation 64 'alloca' 'tmp_keep_V_loc' <Predicate = true> <Delay = 0.00>
ST_1 : Operation 65 [1/1] (1.23ns)   --->   "%input_features = alloca i64 1" [../../../../HWSWAI/HLS/SampleDatasetMLP.cpp:48]   --->   Operation 65 'alloca' 'input_features' <Predicate = true> <Delay = 1.23>
ST_1 : Operation 66 [1/1] (1.23ns)   --->   "%input_features_casted = alloca i64 1" [../../../../HWSWAI/HLS/SampleDatasetMLP.cpp:49]   --->   Operation 66 'alloca' 'input_features_casted' <Predicate = true> <Delay = 1.23> <CoreInst = "RAM">   --->   Core 83 'RAM' <Latency = 1> <II = 1> <Delay = 1.23> <Storage> <Opcode : 'load' 'store'> <Ports = 2> <Width = 32> <Depth = 48> <RAM>
ST_1 : Operation 67 [1/1] (0.67ns)   --->   "%hidden_layer_1 = alloca i64 1" [../../../../HWSWAI/HLS/SampleDatasetMLP.cpp:50]   --->   Operation 67 'alloca' 'hidden_layer_1' <Predicate = true> <Delay = 0.67> <CoreInst = "RAM">   --->   Core 83 'RAM' <Latency = 1> <II = 1> <Delay = 0.67> <Storage> <Opcode : 'load' 'store'> <Ports = 2> <Width = 32> <Depth = 24> <RAM>
ST_1 : Operation 68 [1/1] (0.67ns)   --->   "%hidden_layer_2 = alloca i64 1" [../../../../HWSWAI/HLS/SampleDatasetMLP.cpp:51]   --->   Operation 68 'alloca' 'hidden_layer_2' <Predicate = true> <Delay = 0.67> <CoreInst = "RAM">   --->   Core 83 'RAM' <Latency = 1> <II = 1> <Delay = 0.67> <Storage> <Opcode : 'load' 'store'> <Ports = 2> <Width = 32> <Depth = 12> <RAM>
ST_1 : Operation 69 [1/1] (0.67ns)   --->   "%output_layer = alloca i64 1" [../../../../HWSWAI/HLS/SampleDatasetMLP.cpp:52]   --->   Operation 69 'alloca' 'output_layer' <Predicate = true> <Delay = 0.67>
ST_1 : Operation 70 [1/1] (0.67ns)   --->   "%output_layer_casted = alloca i64 1" [../../../../HWSWAI/HLS/SampleDatasetMLP.cpp:53]   --->   Operation 70 'alloca' 'output_layer_casted' <Predicate = true> <Delay = 0.67>
ST_1 : Operation 71 [2/2] (0.00ns)   --->   "%call_ln0 = call void @MLP_Pipeline_1, i32 %input_features"   --->   Operation 71 'call' 'call_ln0' <Predicate = true> <Delay = 0.00> <CoreType = "Generic">   --->   Core 0 '' <Latency = 0> <II = 1> <Delay = 1.00> <Generic> <Opcode : >
ST_1 : Operation 72 [2/2] (0.00ns)   --->   "%call_ln0 = call void @MLP_Pipeline_2, i32 %input_features_casted"   --->   Operation 72 'call' 'call_ln0' <Predicate = true> <Delay = 0.00> <CoreType = "Generic">   --->   Core 0 '' <Latency = 0> <II = 1> <Delay = 1.00> <Generic> <Opcode : >
ST_1 : Operation 73 [2/2] (0.00ns)   --->   "%call_ln0 = call void @MLP_Pipeline_3, i32 %hidden_layer_1"   --->   Operation 73 'call' 'call_ln0' <Predicate = true> <Delay = 0.00> <CoreType = "Generic">   --->   Core 0 '' <Latency = 0> <II = 1> <Delay = 1.00> <Generic> <Opcode : >
ST_1 : Operation 74 [2/2] (0.00ns)   --->   "%call_ln0 = call void @MLP_Pipeline_4, i32 %hidden_layer_2"   --->   Operation 74 'call' 'call_ln0' <Predicate = true> <Delay = 0.00> <CoreType = "Generic">   --->   Core 0 '' <Latency = 0> <II = 1> <Delay = 1.00> <Generic> <Opcode : >
ST_1 : Operation 75 [2/2] (0.00ns)   --->   "%call_ln0 = call void @MLP_Pipeline_5, i32 %output_layer"   --->   Operation 75 'call' 'call_ln0' <Predicate = true> <Delay = 0.00> <CoreType = "Generic">   --->   Core 0 '' <Latency = 0> <II = 1> <Delay = 1.00> <Generic> <Opcode : >
ST_1 : Operation 76 [2/2] (0.00ns)   --->   "%call_ln0 = call void @MLP_Pipeline_6, i32 %output_layer_casted"   --->   Operation 76 'call' 'call_ln0' <Predicate = true> <Delay = 0.00> <CoreType = "Generic">   --->   Core 0 '' <Latency = 0> <II = 1> <Delay = 1.00> <Generic> <Opcode : >

State 2 <SV = 1> <Delay = 0.00>
ST_2 : Operation 77 [1/2] (0.00ns)   --->   "%call_ln0 = call void @MLP_Pipeline_1, i32 %input_features"   --->   Operation 77 'call' 'call_ln0' <Predicate = true> <Delay = 0.00> <CoreType = "Generic">   --->   Core 0 '' <Latency = 0> <II = 1> <Delay = 1.00> <Generic> <Opcode : >
ST_2 : Operation 78 [1/2] (0.00ns)   --->   "%call_ln0 = call void @MLP_Pipeline_2, i32 %input_features_casted"   --->   Operation 78 'call' 'call_ln0' <Predicate = true> <Delay = 0.00> <CoreType = "Generic">   --->   Core 0 '' <Latency = 0> <II = 1> <Delay = 1.00> <Generic> <Opcode : >
ST_2 : Operation 79 [1/2] (0.00ns)   --->   "%call_ln0 = call void @MLP_Pipeline_3, i32 %hidden_layer_1"   --->   Operation 79 'call' 'call_ln0' <Predicate = true> <Delay = 0.00> <CoreType = "Generic">   --->   Core 0 '' <Latency = 0> <II = 1> <Delay = 1.00> <Generic> <Opcode : >
ST_2 : Operation 80 [1/2] (0.00ns)   --->   "%call_ln0 = call void @MLP_Pipeline_4, i32 %hidden_layer_2"   --->   Operation 80 'call' 'call_ln0' <Predicate = true> <Delay = 0.00> <CoreType = "Generic">   --->   Core 0 '' <Latency = 0> <II = 1> <Delay = 1.00> <Generic> <Opcode : >
ST_2 : Operation 81 [1/2] (0.00ns)   --->   "%call_ln0 = call void @MLP_Pipeline_5, i32 %output_layer"   --->   Operation 81 'call' 'call_ln0' <Predicate = true> <Delay = 0.00> <CoreType = "Generic">   --->   Core 0 '' <Latency = 0> <II = 1> <Delay = 1.00> <Generic> <Opcode : >
ST_2 : Operation 82 [1/2] (0.00ns)   --->   "%call_ln0 = call void @MLP_Pipeline_6, i32 %output_layer_casted"   --->   Operation 82 'call' 'call_ln0' <Predicate = true> <Delay = 0.00> <CoreType = "Generic">   --->   Core 0 '' <Latency = 0> <II = 1> <Delay = 1.00> <Generic> <Opcode : >

State 3 <SV = 2> <Delay = 1.23>
ST_3 : Operation 83 [1/1] (0.00ns)   --->   "%empty = wait i32 @_ssdm_op_Wait"   --->   Operation 83 'wait' 'empty' <Predicate = true> <Delay = 0.00>
ST_3 : Operation 84 [2/2] (1.23ns)   --->   "%call_ln0 = call void @MLP_Pipeline_VITIS_LOOP_58_1, i32 %in_data_V_data_V, i4 %in_data_V_keep_V, i4 %in_data_V_strb_V, i2 %in_data_V_user_V, i1 %in_data_V_last_V, i5 %in_data_V_id_V, i6 %in_data_V_dest_V, i32 %input_features, i4 %tmp_keep_V_loc, i4 %tmp_strb_V_loc, i2 %tmp_user_V_loc, i5 %tmp_id_V_loc, i6 %tmp_dest_V_loc"   --->   Operation 84 'call' 'call_ln0' <Predicate = true> <Delay = 1.23> <CoreType = "Generic">   --->   Core 0 '' <Latency = 0> <II = 1> <Delay = 1.00> <Generic> <Opcode : >

State 4 <SV = 3> <Delay = 0.00>
ST_4 : Operation 85 [1/2] (0.00ns)   --->   "%call_ln0 = call void @MLP_Pipeline_VITIS_LOOP_58_1, i32 %in_data_V_data_V, i4 %in_data_V_keep_V, i4 %in_data_V_strb_V, i2 %in_data_V_user_V, i1 %in_data_V_last_V, i5 %in_data_V_id_V, i6 %in_data_V_dest_V, i32 %input_features, i4 %tmp_keep_V_loc, i4 %tmp_strb_V_loc, i2 %tmp_user_V_loc, i5 %tmp_id_V_loc, i6 %tmp_dest_V_loc"   --->   Operation 85 'call' 'call_ln0' <Predicate = true> <Delay = 0.00> <CoreType = "Generic">   --->   Core 0 '' <Latency = 0> <II = 1> <Delay = 1.00> <Generic> <Opcode : >

State 5 <SV = 4> <Delay = 0.00>
ST_5 : Operation 86 [1/1] (0.00ns)   --->   "%empty_53 = wait i32 @_ssdm_op_Wait"   --->   Operation 86 'wait' 'empty_53' <Predicate = true> <Delay = 0.00>
ST_5 : Operation 87 [2/2] (0.00ns)   --->   "%call_ln0 = call void @MLP_Pipeline_VITIS_LOOP_69_2, i32 %input_features, i32 %input_features_casted"   --->   Operation 87 'call' 'call_ln0' <Predicate = true> <Delay = 0.00> <CoreType = "Generic">   --->   Core 0 '' <Latency = 0> <II = 1> <Delay = 1.00> <Generic> <Opcode : >

State 6 <SV = 5> <Delay = 0.00>
ST_6 : Operation 88 [1/2] (0.00ns)   --->   "%call_ln0 = call void @MLP_Pipeline_VITIS_LOOP_69_2, i32 %input_features, i32 %input_features_casted"   --->   Operation 88 'call' 'call_ln0' <Predicate = true> <Delay = 0.00> <CoreType = "Generic">   --->   Core 0 '' <Latency = 0> <II = 1> <Delay = 1.00> <Generic> <Opcode : >

State 7 <SV = 6> <Delay = 1.23>
ST_7 : Operation 89 [1/1] (0.00ns)   --->   "%input_features_casted_addr = getelementptr i32 %input_features_casted, i64 0, i64 0" [../../../../HWSWAI/HLS/SampleDatasetMLP.cpp:80]   --->   Operation 89 'getelementptr' 'input_features_casted_addr' <Predicate = true> <Delay = 0.00>
ST_7 : Operation 90 [2/2] (1.23ns)   --->   "%input_features_casted_load = load i6 %input_features_casted_addr" [../../../../HWSWAI/HLS/SampleDatasetMLP.cpp:80]   --->   Operation 90 'load' 'input_features_casted_load' <Predicate = true> <Delay = 1.23> <CoreInst = "RAM">   --->   Core 83 'RAM' <Latency = 1> <II = 1> <Delay = 1.23> <Storage> <Opcode : 'load' 'store'> <Ports = 2> <Width = 32> <Depth = 48> <RAM>
ST_7 : Operation 91 [1/1] (0.00ns)   --->   "%input_features_casted_addr_1 = getelementptr i32 %input_features_casted, i64 0, i64 1" [../../../../HWSWAI/HLS/SampleDatasetMLP.cpp:80]   --->   Operation 91 'getelementptr' 'input_features_casted_addr_1' <Predicate = true> <Delay = 0.00>
ST_7 : Operation 92 [2/2] (1.23ns)   --->   "%input_features_casted_load_1 = load i6 %input_features_casted_addr_1" [../../../../HWSWAI/HLS/SampleDatasetMLP.cpp:80]   --->   Operation 92 'load' 'input_features_casted_load_1' <Predicate = true> <Delay = 1.23> <CoreInst = "RAM">   --->   Core 83 'RAM' <Latency = 1> <II = 1> <Delay = 1.23> <Storage> <Opcode : 'load' 'store'> <Ports = 2> <Width = 32> <Depth = 48> <RAM>

State 8 <SV = 7> <Delay = 1.23>
ST_8 : Operation 93 [1/2] (1.23ns)   --->   "%input_features_casted_load = load i6 %input_features_casted_addr" [../../../../HWSWAI/HLS/SampleDatasetMLP.cpp:80]   --->   Operation 93 'load' 'input_features_casted_load' <Predicate = true> <Delay = 1.23> <CoreInst = "RAM">   --->   Core 83 'RAM' <Latency = 1> <II = 1> <Delay = 1.23> <Storage> <Opcode : 'load' 'store'> <Ports = 2> <Width = 32> <Depth = 48> <RAM>
ST_8 : Operation 94 [1/2] (1.23ns)   --->   "%input_features_casted_load_1 = load i6 %input_features_casted_addr_1" [../../../../HWSWAI/HLS/SampleDatasetMLP.cpp:80]   --->   Operation 94 'load' 'input_features_casted_load_1' <Predicate = true> <Delay = 1.23> <CoreInst = "RAM">   --->   Core 83 'RAM' <Latency = 1> <II = 1> <Delay = 1.23> <Storage> <Opcode : 'load' 'store'> <Ports = 2> <Width = 32> <Depth = 48> <RAM>
ST_8 : Operation 95 [1/1] (0.00ns)   --->   "%input_features_casted_addr_2 = getelementptr i32 %input_features_casted, i64 0, i64 2" [../../../../HWSWAI/HLS/SampleDatasetMLP.cpp:80]   --->   Operation 95 'getelementptr' 'input_features_casted_addr_2' <Predicate = true> <Delay = 0.00>
ST_8 : Operation 96 [2/2] (1.23ns)   --->   "%input_features_casted_load_2 = load i6 %input_features_casted_addr_2" [../../../../HWSWAI/HLS/SampleDatasetMLP.cpp:80]   --->   Operation 96 'load' 'input_features_casted_load_2' <Predicate = true> <Delay = 1.23> <CoreInst = "RAM">   --->   Core 83 'RAM' <Latency = 1> <II = 1> <Delay = 1.23> <Storage> <Opcode : 'load' 'store'> <Ports = 2> <Width = 32> <Depth = 48> <RAM>
ST_8 : Operation 97 [1/1] (0.00ns)   --->   "%input_features_casted_addr_3 = getelementptr i32 %input_features_casted, i64 0, i64 3" [../../../../HWSWAI/HLS/SampleDatasetMLP.cpp:80]   --->   Operation 97 'getelementptr' 'input_features_casted_addr_3' <Predicate = true> <Delay = 0.00>
ST_8 : Operation 98 [2/2] (1.23ns)   --->   "%input_features_casted_load_3 = load i6 %input_features_casted_addr_3" [../../../../HWSWAI/HLS/SampleDatasetMLP.cpp:80]   --->   Operation 98 'load' 'input_features_casted_load_3' <Predicate = true> <Delay = 1.23> <CoreInst = "RAM">   --->   Core 83 'RAM' <Latency = 1> <II = 1> <Delay = 1.23> <Storage> <Opcode : 'load' 'store'> <Ports = 2> <Width = 32> <Depth = 48> <RAM>

State 9 <SV = 8> <Delay = 1.23>
ST_9 : Operation 99 [1/2] (1.23ns)   --->   "%input_features_casted_load_2 = load i6 %input_features_casted_addr_2" [../../../../HWSWAI/HLS/SampleDatasetMLP.cpp:80]   --->   Operation 99 'load' 'input_features_casted_load_2' <Predicate = true> <Delay = 1.23> <CoreInst = "RAM">   --->   Core 83 'RAM' <Latency = 1> <II = 1> <Delay = 1.23> <Storage> <Opcode : 'load' 'store'> <Ports = 2> <Width = 32> <Depth = 48> <RAM>
ST_9 : Operation 100 [1/2] (1.23ns)   --->   "%input_features_casted_load_3 = load i6 %input_features_casted_addr_3" [../../../../HWSWAI/HLS/SampleDatasetMLP.cpp:80]   --->   Operation 100 'load' 'input_features_casted_load_3' <Predicate = true> <Delay = 1.23> <CoreInst = "RAM">   --->   Core 83 'RAM' <Latency = 1> <II = 1> <Delay = 1.23> <Storage> <Opcode : 'load' 'store'> <Ports = 2> <Width = 32> <Depth = 48> <RAM>
ST_9 : Operation 101 [1/1] (0.00ns)   --->   "%input_features_casted_addr_4 = getelementptr i32 %input_features_casted, i64 0, i64 4" [../../../../HWSWAI/HLS/SampleDatasetMLP.cpp:80]   --->   Operation 101 'getelementptr' 'input_features_casted_addr_4' <Predicate = true> <Delay = 0.00>
ST_9 : Operation 102 [2/2] (1.23ns)   --->   "%input_features_casted_load_4 = load i6 %input_features_casted_addr_4" [../../../../HWSWAI/HLS/SampleDatasetMLP.cpp:80]   --->   Operation 102 'load' 'input_features_casted_load_4' <Predicate = true> <Delay = 1.23> <CoreInst = "RAM">   --->   Core 83 'RAM' <Latency = 1> <II = 1> <Delay = 1.23> <Storage> <Opcode : 'load' 'store'> <Ports = 2> <Width = 32> <Depth = 48> <RAM>
ST_9 : Operation 103 [1/1] (0.00ns)   --->   "%input_features_casted_addr_5 = getelementptr i32 %input_features_casted, i64 0, i64 5" [../../../../HWSWAI/HLS/SampleDatasetMLP.cpp:80]   --->   Operation 103 'getelementptr' 'input_features_casted_addr_5' <Predicate = true> <Delay = 0.00>
ST_9 : Operation 104 [2/2] (1.23ns)   --->   "%input_features_casted_load_5 = load i6 %input_features_casted_addr_5" [../../../../HWSWAI/HLS/SampleDatasetMLP.cpp:80]   --->   Operation 104 'load' 'input_features_casted_load_5' <Predicate = true> <Delay = 1.23> <CoreInst = "RAM">   --->   Core 83 'RAM' <Latency = 1> <II = 1> <Delay = 1.23> <Storage> <Opcode : 'load' 'store'> <Ports = 2> <Width = 32> <Depth = 48> <RAM>

State 10 <SV = 9> <Delay = 1.23>
ST_10 : Operation 105 [1/2] (1.23ns)   --->   "%input_features_casted_load_4 = load i6 %input_features_casted_addr_4" [../../../../HWSWAI/HLS/SampleDatasetMLP.cpp:80]   --->   Operation 105 'load' 'input_features_casted_load_4' <Predicate = true> <Delay = 1.23> <CoreInst = "RAM">   --->   Core 83 'RAM' <Latency = 1> <II = 1> <Delay = 1.23> <Storage> <Opcode : 'load' 'store'> <Ports = 2> <Width = 32> <Depth = 48> <RAM>
ST_10 : Operation 106 [1/2] (1.23ns)   --->   "%input_features_casted_load_5 = load i6 %input_features_casted_addr_5" [../../../../HWSWAI/HLS/SampleDatasetMLP.cpp:80]   --->   Operation 106 'load' 'input_features_casted_load_5' <Predicate = true> <Delay = 1.23> <CoreInst = "RAM">   --->   Core 83 'RAM' <Latency = 1> <II = 1> <Delay = 1.23> <Storage> <Opcode : 'load' 'store'> <Ports = 2> <Width = 32> <Depth = 48> <RAM>
ST_10 : Operation 107 [1/1] (0.00ns)   --->   "%input_features_casted_addr_6 = getelementptr i32 %input_features_casted, i64 0, i64 6" [../../../../HWSWAI/HLS/SampleDatasetMLP.cpp:80]   --->   Operation 107 'getelementptr' 'input_features_casted_addr_6' <Predicate = true> <Delay = 0.00>
ST_10 : Operation 108 [2/2] (1.23ns)   --->   "%input_features_casted_load_6 = load i6 %input_features_casted_addr_6" [../../../../HWSWAI/HLS/SampleDatasetMLP.cpp:80]   --->   Operation 108 'load' 'input_features_casted_load_6' <Predicate = true> <Delay = 1.23> <CoreInst = "RAM">   --->   Core 83 'RAM' <Latency = 1> <II = 1> <Delay = 1.23> <Storage> <Opcode : 'load' 'store'> <Ports = 2> <Width = 32> <Depth = 48> <RAM>
ST_10 : Operation 109 [1/1] (0.00ns)   --->   "%input_features_casted_addr_7 = getelementptr i32 %input_features_casted, i64 0, i64 7" [../../../../HWSWAI/HLS/SampleDatasetMLP.cpp:80]   --->   Operation 109 'getelementptr' 'input_features_casted_addr_7' <Predicate = true> <Delay = 0.00>
ST_10 : Operation 110 [2/2] (1.23ns)   --->   "%input_features_casted_load_7 = load i6 %input_features_casted_addr_7" [../../../../HWSWAI/HLS/SampleDatasetMLP.cpp:80]   --->   Operation 110 'load' 'input_features_casted_load_7' <Predicate = true> <Delay = 1.23> <CoreInst = "RAM">   --->   Core 83 'RAM' <Latency = 1> <II = 1> <Delay = 1.23> <Storage> <Opcode : 'load' 'store'> <Ports = 2> <Width = 32> <Depth = 48> <RAM>

State 11 <SV = 10> <Delay = 1.23>
ST_11 : Operation 111 [1/2] (1.23ns)   --->   "%input_features_casted_load_6 = load i6 %input_features_casted_addr_6" [../../../../HWSWAI/HLS/SampleDatasetMLP.cpp:80]   --->   Operation 111 'load' 'input_features_casted_load_6' <Predicate = true> <Delay = 1.23> <CoreInst = "RAM">   --->   Core 83 'RAM' <Latency = 1> <II = 1> <Delay = 1.23> <Storage> <Opcode : 'load' 'store'> <Ports = 2> <Width = 32> <Depth = 48> <RAM>
ST_11 : Operation 112 [1/2] (1.23ns)   --->   "%input_features_casted_load_7 = load i6 %input_features_casted_addr_7" [../../../../HWSWAI/HLS/SampleDatasetMLP.cpp:80]   --->   Operation 112 'load' 'input_features_casted_load_7' <Predicate = true> <Delay = 1.23> <CoreInst = "RAM">   --->   Core 83 'RAM' <Latency = 1> <II = 1> <Delay = 1.23> <Storage> <Opcode : 'load' 'store'> <Ports = 2> <Width = 32> <Depth = 48> <RAM>
ST_11 : Operation 113 [1/1] (0.00ns)   --->   "%input_features_casted_addr_8 = getelementptr i32 %input_features_casted, i64 0, i64 8" [../../../../HWSWAI/HLS/SampleDatasetMLP.cpp:80]   --->   Operation 113 'getelementptr' 'input_features_casted_addr_8' <Predicate = true> <Delay = 0.00>
ST_11 : Operation 114 [2/2] (1.23ns)   --->   "%input_features_casted_load_8 = load i6 %input_features_casted_addr_8" [../../../../HWSWAI/HLS/SampleDatasetMLP.cpp:80]   --->   Operation 114 'load' 'input_features_casted_load_8' <Predicate = true> <Delay = 1.23> <CoreInst = "RAM">   --->   Core 83 'RAM' <Latency = 1> <II = 1> <Delay = 1.23> <Storage> <Opcode : 'load' 'store'> <Ports = 2> <Width = 32> <Depth = 48> <RAM>
ST_11 : Operation 115 [1/1] (0.00ns)   --->   "%input_features_casted_addr_9 = getelementptr i32 %input_features_casted, i64 0, i64 9" [../../../../HWSWAI/HLS/SampleDatasetMLP.cpp:80]   --->   Operation 115 'getelementptr' 'input_features_casted_addr_9' <Predicate = true> <Delay = 0.00>
ST_11 : Operation 116 [2/2] (1.23ns)   --->   "%input_features_casted_load_9 = load i6 %input_features_casted_addr_9" [../../../../HWSWAI/HLS/SampleDatasetMLP.cpp:80]   --->   Operation 116 'load' 'input_features_casted_load_9' <Predicate = true> <Delay = 1.23> <CoreInst = "RAM">   --->   Core 83 'RAM' <Latency = 1> <II = 1> <Delay = 1.23> <Storage> <Opcode : 'load' 'store'> <Ports = 2> <Width = 32> <Depth = 48> <RAM>

State 12 <SV = 11> <Delay = 1.23>
ST_12 : Operation 117 [1/2] (1.23ns)   --->   "%input_features_casted_load_8 = load i6 %input_features_casted_addr_8" [../../../../HWSWAI/HLS/SampleDatasetMLP.cpp:80]   --->   Operation 117 'load' 'input_features_casted_load_8' <Predicate = true> <Delay = 1.23> <CoreInst = "RAM">   --->   Core 83 'RAM' <Latency = 1> <II = 1> <Delay = 1.23> <Storage> <Opcode : 'load' 'store'> <Ports = 2> <Width = 32> <Depth = 48> <RAM>
ST_12 : Operation 118 [1/2] (1.23ns)   --->   "%input_features_casted_load_9 = load i6 %input_features_casted_addr_9" [../../../../HWSWAI/HLS/SampleDatasetMLP.cpp:80]   --->   Operation 118 'load' 'input_features_casted_load_9' <Predicate = true> <Delay = 1.23> <CoreInst = "RAM">   --->   Core 83 'RAM' <Latency = 1> <II = 1> <Delay = 1.23> <Storage> <Opcode : 'load' 'store'> <Ports = 2> <Width = 32> <Depth = 48> <RAM>
ST_12 : Operation 119 [1/1] (0.00ns)   --->   "%input_features_casted_addr_10 = getelementptr i32 %input_features_casted, i64 0, i64 10" [../../../../HWSWAI/HLS/SampleDatasetMLP.cpp:80]   --->   Operation 119 'getelementptr' 'input_features_casted_addr_10' <Predicate = true> <Delay = 0.00>
ST_12 : Operation 120 [2/2] (1.23ns)   --->   "%input_features_casted_load_10 = load i6 %input_features_casted_addr_10" [../../../../HWSWAI/HLS/SampleDatasetMLP.cpp:80]   --->   Operation 120 'load' 'input_features_casted_load_10' <Predicate = true> <Delay = 1.23> <CoreInst = "RAM">   --->   Core 83 'RAM' <Latency = 1> <II = 1> <Delay = 1.23> <Storage> <Opcode : 'load' 'store'> <Ports = 2> <Width = 32> <Depth = 48> <RAM>
ST_12 : Operation 121 [1/1] (0.00ns)   --->   "%input_features_casted_addr_11 = getelementptr i32 %input_features_casted, i64 0, i64 11" [../../../../HWSWAI/HLS/SampleDatasetMLP.cpp:80]   --->   Operation 121 'getelementptr' 'input_features_casted_addr_11' <Predicate = true> <Delay = 0.00>
ST_12 : Operation 122 [2/2] (1.23ns)   --->   "%input_features_casted_load_11 = load i6 %input_features_casted_addr_11" [../../../../HWSWAI/HLS/SampleDatasetMLP.cpp:80]   --->   Operation 122 'load' 'input_features_casted_load_11' <Predicate = true> <Delay = 1.23> <CoreInst = "RAM">   --->   Core 83 'RAM' <Latency = 1> <II = 1> <Delay = 1.23> <Storage> <Opcode : 'load' 'store'> <Ports = 2> <Width = 32> <Depth = 48> <RAM>

State 13 <SV = 12> <Delay = 1.23>
ST_13 : Operation 123 [1/2] (1.23ns)   --->   "%input_features_casted_load_10 = load i6 %input_features_casted_addr_10" [../../../../HWSWAI/HLS/SampleDatasetMLP.cpp:80]   --->   Operation 123 'load' 'input_features_casted_load_10' <Predicate = true> <Delay = 1.23> <CoreInst = "RAM">   --->   Core 83 'RAM' <Latency = 1> <II = 1> <Delay = 1.23> <Storage> <Opcode : 'load' 'store'> <Ports = 2> <Width = 32> <Depth = 48> <RAM>
ST_13 : Operation 124 [1/2] (1.23ns)   --->   "%input_features_casted_load_11 = load i6 %input_features_casted_addr_11" [../../../../HWSWAI/HLS/SampleDatasetMLP.cpp:80]   --->   Operation 124 'load' 'input_features_casted_load_11' <Predicate = true> <Delay = 1.23> <CoreInst = "RAM">   --->   Core 83 'RAM' <Latency = 1> <II = 1> <Delay = 1.23> <Storage> <Opcode : 'load' 'store'> <Ports = 2> <Width = 32> <Depth = 48> <RAM>
ST_13 : Operation 125 [1/1] (0.00ns)   --->   "%input_features_casted_addr_12 = getelementptr i32 %input_features_casted, i64 0, i64 12" [../../../../HWSWAI/HLS/SampleDatasetMLP.cpp:80]   --->   Operation 125 'getelementptr' 'input_features_casted_addr_12' <Predicate = true> <Delay = 0.00>
ST_13 : Operation 126 [2/2] (1.23ns)   --->   "%input_features_casted_load_12 = load i6 %input_features_casted_addr_12" [../../../../HWSWAI/HLS/SampleDatasetMLP.cpp:80]   --->   Operation 126 'load' 'input_features_casted_load_12' <Predicate = true> <Delay = 1.23> <CoreInst = "RAM">   --->   Core 83 'RAM' <Latency = 1> <II = 1> <Delay = 1.23> <Storage> <Opcode : 'load' 'store'> <Ports = 2> <Width = 32> <Depth = 48> <RAM>
ST_13 : Operation 127 [1/1] (0.00ns)   --->   "%input_features_casted_addr_13 = getelementptr i32 %input_features_casted, i64 0, i64 13" [../../../../HWSWAI/HLS/SampleDatasetMLP.cpp:80]   --->   Operation 127 'getelementptr' 'input_features_casted_addr_13' <Predicate = true> <Delay = 0.00>
ST_13 : Operation 128 [2/2] (1.23ns)   --->   "%input_features_casted_load_13 = load i6 %input_features_casted_addr_13" [../../../../HWSWAI/HLS/SampleDatasetMLP.cpp:80]   --->   Operation 128 'load' 'input_features_casted_load_13' <Predicate = true> <Delay = 1.23> <CoreInst = "RAM">   --->   Core 83 'RAM' <Latency = 1> <II = 1> <Delay = 1.23> <Storage> <Opcode : 'load' 'store'> <Ports = 2> <Width = 32> <Depth = 48> <RAM>

State 14 <SV = 13> <Delay = 1.23>
ST_14 : Operation 129 [1/2] (1.23ns)   --->   "%input_features_casted_load_12 = load i6 %input_features_casted_addr_12" [../../../../HWSWAI/HLS/SampleDatasetMLP.cpp:80]   --->   Operation 129 'load' 'input_features_casted_load_12' <Predicate = true> <Delay = 1.23> <CoreInst = "RAM">   --->   Core 83 'RAM' <Latency = 1> <II = 1> <Delay = 1.23> <Storage> <Opcode : 'load' 'store'> <Ports = 2> <Width = 32> <Depth = 48> <RAM>
ST_14 : Operation 130 [1/2] (1.23ns)   --->   "%input_features_casted_load_13 = load i6 %input_features_casted_addr_13" [../../../../HWSWAI/HLS/SampleDatasetMLP.cpp:80]   --->   Operation 130 'load' 'input_features_casted_load_13' <Predicate = true> <Delay = 1.23> <CoreInst = "RAM">   --->   Core 83 'RAM' <Latency = 1> <II = 1> <Delay = 1.23> <Storage> <Opcode : 'load' 'store'> <Ports = 2> <Width = 32> <Depth = 48> <RAM>
ST_14 : Operation 131 [1/1] (0.00ns)   --->   "%input_features_casted_addr_14 = getelementptr i32 %input_features_casted, i64 0, i64 14" [../../../../HWSWAI/HLS/SampleDatasetMLP.cpp:80]   --->   Operation 131 'getelementptr' 'input_features_casted_addr_14' <Predicate = true> <Delay = 0.00>
ST_14 : Operation 132 [2/2] (1.23ns)   --->   "%input_features_casted_load_14 = load i6 %input_features_casted_addr_14" [../../../../HWSWAI/HLS/SampleDatasetMLP.cpp:80]   --->   Operation 132 'load' 'input_features_casted_load_14' <Predicate = true> <Delay = 1.23> <CoreInst = "RAM">   --->   Core 83 'RAM' <Latency = 1> <II = 1> <Delay = 1.23> <Storage> <Opcode : 'load' 'store'> <Ports = 2> <Width = 32> <Depth = 48> <RAM>
ST_14 : Operation 133 [1/1] (0.00ns)   --->   "%input_features_casted_addr_15 = getelementptr i32 %input_features_casted, i64 0, i64 15" [../../../../HWSWAI/HLS/SampleDatasetMLP.cpp:80]   --->   Operation 133 'getelementptr' 'input_features_casted_addr_15' <Predicate = true> <Delay = 0.00>
ST_14 : Operation 134 [2/2] (1.23ns)   --->   "%input_features_casted_load_15 = load i6 %input_features_casted_addr_15" [../../../../HWSWAI/HLS/SampleDatasetMLP.cpp:80]   --->   Operation 134 'load' 'input_features_casted_load_15' <Predicate = true> <Delay = 1.23> <CoreInst = "RAM">   --->   Core 83 'RAM' <Latency = 1> <II = 1> <Delay = 1.23> <Storage> <Opcode : 'load' 'store'> <Ports = 2> <Width = 32> <Depth = 48> <RAM>

State 15 <SV = 14> <Delay = 1.23>
ST_15 : Operation 135 [1/2] (1.23ns)   --->   "%input_features_casted_load_14 = load i6 %input_features_casted_addr_14" [../../../../HWSWAI/HLS/SampleDatasetMLP.cpp:80]   --->   Operation 135 'load' 'input_features_casted_load_14' <Predicate = true> <Delay = 1.23> <CoreInst = "RAM">   --->   Core 83 'RAM' <Latency = 1> <II = 1> <Delay = 1.23> <Storage> <Opcode : 'load' 'store'> <Ports = 2> <Width = 32> <Depth = 48> <RAM>
ST_15 : Operation 136 [1/2] (1.23ns)   --->   "%input_features_casted_load_15 = load i6 %input_features_casted_addr_15" [../../../../HWSWAI/HLS/SampleDatasetMLP.cpp:80]   --->   Operation 136 'load' 'input_features_casted_load_15' <Predicate = true> <Delay = 1.23> <CoreInst = "RAM">   --->   Core 83 'RAM' <Latency = 1> <II = 1> <Delay = 1.23> <Storage> <Opcode : 'load' 'store'> <Ports = 2> <Width = 32> <Depth = 48> <RAM>
ST_15 : Operation 137 [1/1] (0.00ns)   --->   "%input_features_casted_addr_16 = getelementptr i32 %input_features_casted, i64 0, i64 16" [../../../../HWSWAI/HLS/SampleDatasetMLP.cpp:80]   --->   Operation 137 'getelementptr' 'input_features_casted_addr_16' <Predicate = true> <Delay = 0.00>
ST_15 : Operation 138 [2/2] (1.23ns)   --->   "%input_features_casted_load_16 = load i6 %input_features_casted_addr_16" [../../../../HWSWAI/HLS/SampleDatasetMLP.cpp:80]   --->   Operation 138 'load' 'input_features_casted_load_16' <Predicate = true> <Delay = 1.23> <CoreInst = "RAM">   --->   Core 83 'RAM' <Latency = 1> <II = 1> <Delay = 1.23> <Storage> <Opcode : 'load' 'store'> <Ports = 2> <Width = 32> <Depth = 48> <RAM>
ST_15 : Operation 139 [1/1] (0.00ns)   --->   "%input_features_casted_addr_17 = getelementptr i32 %input_features_casted, i64 0, i64 17" [../../../../HWSWAI/HLS/SampleDatasetMLP.cpp:80]   --->   Operation 139 'getelementptr' 'input_features_casted_addr_17' <Predicate = true> <Delay = 0.00>
ST_15 : Operation 140 [2/2] (1.23ns)   --->   "%input_features_casted_load_17 = load i6 %input_features_casted_addr_17" [../../../../HWSWAI/HLS/SampleDatasetMLP.cpp:80]   --->   Operation 140 'load' 'input_features_casted_load_17' <Predicate = true> <Delay = 1.23> <CoreInst = "RAM">   --->   Core 83 'RAM' <Latency = 1> <II = 1> <Delay = 1.23> <Storage> <Opcode : 'load' 'store'> <Ports = 2> <Width = 32> <Depth = 48> <RAM>

State 16 <SV = 15> <Delay = 1.23>
ST_16 : Operation 141 [1/2] (1.23ns)   --->   "%input_features_casted_load_16 = load i6 %input_features_casted_addr_16" [../../../../HWSWAI/HLS/SampleDatasetMLP.cpp:80]   --->   Operation 141 'load' 'input_features_casted_load_16' <Predicate = true> <Delay = 1.23> <CoreInst = "RAM">   --->   Core 83 'RAM' <Latency = 1> <II = 1> <Delay = 1.23> <Storage> <Opcode : 'load' 'store'> <Ports = 2> <Width = 32> <Depth = 48> <RAM>
ST_16 : Operation 142 [1/2] (1.23ns)   --->   "%input_features_casted_load_17 = load i6 %input_features_casted_addr_17" [../../../../HWSWAI/HLS/SampleDatasetMLP.cpp:80]   --->   Operation 142 'load' 'input_features_casted_load_17' <Predicate = true> <Delay = 1.23> <CoreInst = "RAM">   --->   Core 83 'RAM' <Latency = 1> <II = 1> <Delay = 1.23> <Storage> <Opcode : 'load' 'store'> <Ports = 2> <Width = 32> <Depth = 48> <RAM>
ST_16 : Operation 143 [1/1] (0.00ns)   --->   "%input_features_casted_addr_18 = getelementptr i32 %input_features_casted, i64 0, i64 18" [../../../../HWSWAI/HLS/SampleDatasetMLP.cpp:80]   --->   Operation 143 'getelementptr' 'input_features_casted_addr_18' <Predicate = true> <Delay = 0.00>
ST_16 : Operation 144 [2/2] (1.23ns)   --->   "%input_features_casted_load_18 = load i6 %input_features_casted_addr_18" [../../../../HWSWAI/HLS/SampleDatasetMLP.cpp:80]   --->   Operation 144 'load' 'input_features_casted_load_18' <Predicate = true> <Delay = 1.23> <CoreInst = "RAM">   --->   Core 83 'RAM' <Latency = 1> <II = 1> <Delay = 1.23> <Storage> <Opcode : 'load' 'store'> <Ports = 2> <Width = 32> <Depth = 48> <RAM>
ST_16 : Operation 145 [1/1] (0.00ns)   --->   "%input_features_casted_addr_19 = getelementptr i32 %input_features_casted, i64 0, i64 19" [../../../../HWSWAI/HLS/SampleDatasetMLP.cpp:80]   --->   Operation 145 'getelementptr' 'input_features_casted_addr_19' <Predicate = true> <Delay = 0.00>
ST_16 : Operation 146 [2/2] (1.23ns)   --->   "%input_features_casted_load_19 = load i6 %input_features_casted_addr_19" [../../../../HWSWAI/HLS/SampleDatasetMLP.cpp:80]   --->   Operation 146 'load' 'input_features_casted_load_19' <Predicate = true> <Delay = 1.23> <CoreInst = "RAM">   --->   Core 83 'RAM' <Latency = 1> <II = 1> <Delay = 1.23> <Storage> <Opcode : 'load' 'store'> <Ports = 2> <Width = 32> <Depth = 48> <RAM>

State 17 <SV = 16> <Delay = 1.23>
ST_17 : Operation 147 [1/2] (1.23ns)   --->   "%input_features_casted_load_18 = load i6 %input_features_casted_addr_18" [../../../../HWSWAI/HLS/SampleDatasetMLP.cpp:80]   --->   Operation 147 'load' 'input_features_casted_load_18' <Predicate = true> <Delay = 1.23> <CoreInst = "RAM">   --->   Core 83 'RAM' <Latency = 1> <II = 1> <Delay = 1.23> <Storage> <Opcode : 'load' 'store'> <Ports = 2> <Width = 32> <Depth = 48> <RAM>
ST_17 : Operation 148 [1/2] (1.23ns)   --->   "%input_features_casted_load_19 = load i6 %input_features_casted_addr_19" [../../../../HWSWAI/HLS/SampleDatasetMLP.cpp:80]   --->   Operation 148 'load' 'input_features_casted_load_19' <Predicate = true> <Delay = 1.23> <CoreInst = "RAM">   --->   Core 83 'RAM' <Latency = 1> <II = 1> <Delay = 1.23> <Storage> <Opcode : 'load' 'store'> <Ports = 2> <Width = 32> <Depth = 48> <RAM>
ST_17 : Operation 149 [1/1] (0.00ns)   --->   "%input_features_casted_addr_20 = getelementptr i32 %input_features_casted, i64 0, i64 20" [../../../../HWSWAI/HLS/SampleDatasetMLP.cpp:80]   --->   Operation 149 'getelementptr' 'input_features_casted_addr_20' <Predicate = true> <Delay = 0.00>
ST_17 : Operation 150 [2/2] (1.23ns)   --->   "%input_features_casted_load_20 = load i6 %input_features_casted_addr_20" [../../../../HWSWAI/HLS/SampleDatasetMLP.cpp:80]   --->   Operation 150 'load' 'input_features_casted_load_20' <Predicate = true> <Delay = 1.23> <CoreInst = "RAM">   --->   Core 83 'RAM' <Latency = 1> <II = 1> <Delay = 1.23> <Storage> <Opcode : 'load' 'store'> <Ports = 2> <Width = 32> <Depth = 48> <RAM>
ST_17 : Operation 151 [1/1] (0.00ns)   --->   "%input_features_casted_addr_21 = getelementptr i32 %input_features_casted, i64 0, i64 21" [../../../../HWSWAI/HLS/SampleDatasetMLP.cpp:80]   --->   Operation 151 'getelementptr' 'input_features_casted_addr_21' <Predicate = true> <Delay = 0.00>
ST_17 : Operation 152 [2/2] (1.23ns)   --->   "%input_features_casted_load_21 = load i6 %input_features_casted_addr_21" [../../../../HWSWAI/HLS/SampleDatasetMLP.cpp:80]   --->   Operation 152 'load' 'input_features_casted_load_21' <Predicate = true> <Delay = 1.23> <CoreInst = "RAM">   --->   Core 83 'RAM' <Latency = 1> <II = 1> <Delay = 1.23> <Storage> <Opcode : 'load' 'store'> <Ports = 2> <Width = 32> <Depth = 48> <RAM>

State 18 <SV = 17> <Delay = 1.23>
ST_18 : Operation 153 [1/2] (1.23ns)   --->   "%input_features_casted_load_20 = load i6 %input_features_casted_addr_20" [../../../../HWSWAI/HLS/SampleDatasetMLP.cpp:80]   --->   Operation 153 'load' 'input_features_casted_load_20' <Predicate = true> <Delay = 1.23> <CoreInst = "RAM">   --->   Core 83 'RAM' <Latency = 1> <II = 1> <Delay = 1.23> <Storage> <Opcode : 'load' 'store'> <Ports = 2> <Width = 32> <Depth = 48> <RAM>
ST_18 : Operation 154 [1/2] (1.23ns)   --->   "%input_features_casted_load_21 = load i6 %input_features_casted_addr_21" [../../../../HWSWAI/HLS/SampleDatasetMLP.cpp:80]   --->   Operation 154 'load' 'input_features_casted_load_21' <Predicate = true> <Delay = 1.23> <CoreInst = "RAM">   --->   Core 83 'RAM' <Latency = 1> <II = 1> <Delay = 1.23> <Storage> <Opcode : 'load' 'store'> <Ports = 2> <Width = 32> <Depth = 48> <RAM>
ST_18 : Operation 155 [1/1] (0.00ns)   --->   "%input_features_casted_addr_22 = getelementptr i32 %input_features_casted, i64 0, i64 22" [../../../../HWSWAI/HLS/SampleDatasetMLP.cpp:80]   --->   Operation 155 'getelementptr' 'input_features_casted_addr_22' <Predicate = true> <Delay = 0.00>
ST_18 : Operation 156 [2/2] (1.23ns)   --->   "%input_features_casted_load_22 = load i6 %input_features_casted_addr_22" [../../../../HWSWAI/HLS/SampleDatasetMLP.cpp:80]   --->   Operation 156 'load' 'input_features_casted_load_22' <Predicate = true> <Delay = 1.23> <CoreInst = "RAM">   --->   Core 83 'RAM' <Latency = 1> <II = 1> <Delay = 1.23> <Storage> <Opcode : 'load' 'store'> <Ports = 2> <Width = 32> <Depth = 48> <RAM>
ST_18 : Operation 157 [1/1] (0.00ns)   --->   "%input_features_casted_addr_23 = getelementptr i32 %input_features_casted, i64 0, i64 23" [../../../../HWSWAI/HLS/SampleDatasetMLP.cpp:80]   --->   Operation 157 'getelementptr' 'input_features_casted_addr_23' <Predicate = true> <Delay = 0.00>
ST_18 : Operation 158 [2/2] (1.23ns)   --->   "%input_features_casted_load_23 = load i6 %input_features_casted_addr_23" [../../../../HWSWAI/HLS/SampleDatasetMLP.cpp:80]   --->   Operation 158 'load' 'input_features_casted_load_23' <Predicate = true> <Delay = 1.23> <CoreInst = "RAM">   --->   Core 83 'RAM' <Latency = 1> <II = 1> <Delay = 1.23> <Storage> <Opcode : 'load' 'store'> <Ports = 2> <Width = 32> <Depth = 48> <RAM>

State 19 <SV = 18> <Delay = 1.23>
ST_19 : Operation 159 [1/2] (1.23ns)   --->   "%input_features_casted_load_22 = load i6 %input_features_casted_addr_22" [../../../../HWSWAI/HLS/SampleDatasetMLP.cpp:80]   --->   Operation 159 'load' 'input_features_casted_load_22' <Predicate = true> <Delay = 1.23> <CoreInst = "RAM">   --->   Core 83 'RAM' <Latency = 1> <II = 1> <Delay = 1.23> <Storage> <Opcode : 'load' 'store'> <Ports = 2> <Width = 32> <Depth = 48> <RAM>
ST_19 : Operation 160 [1/2] (1.23ns)   --->   "%input_features_casted_load_23 = load i6 %input_features_casted_addr_23" [../../../../HWSWAI/HLS/SampleDatasetMLP.cpp:80]   --->   Operation 160 'load' 'input_features_casted_load_23' <Predicate = true> <Delay = 1.23> <CoreInst = "RAM">   --->   Core 83 'RAM' <Latency = 1> <II = 1> <Delay = 1.23> <Storage> <Opcode : 'load' 'store'> <Ports = 2> <Width = 32> <Depth = 48> <RAM>
ST_19 : Operation 161 [1/1] (0.00ns)   --->   "%input_features_casted_addr_24 = getelementptr i32 %input_features_casted, i64 0, i64 24" [../../../../HWSWAI/HLS/SampleDatasetMLP.cpp:80]   --->   Operation 161 'getelementptr' 'input_features_casted_addr_24' <Predicate = true> <Delay = 0.00>
ST_19 : Operation 162 [2/2] (1.23ns)   --->   "%input_features_casted_load_24 = load i6 %input_features_casted_addr_24" [../../../../HWSWAI/HLS/SampleDatasetMLP.cpp:80]   --->   Operation 162 'load' 'input_features_casted_load_24' <Predicate = true> <Delay = 1.23> <CoreInst = "RAM">   --->   Core 83 'RAM' <Latency = 1> <II = 1> <Delay = 1.23> <Storage> <Opcode : 'load' 'store'> <Ports = 2> <Width = 32> <Depth = 48> <RAM>
ST_19 : Operation 163 [1/1] (0.00ns)   --->   "%input_features_casted_addr_25 = getelementptr i32 %input_features_casted, i64 0, i64 25" [../../../../HWSWAI/HLS/SampleDatasetMLP.cpp:80]   --->   Operation 163 'getelementptr' 'input_features_casted_addr_25' <Predicate = true> <Delay = 0.00>
ST_19 : Operation 164 [2/2] (1.23ns)   --->   "%input_features_casted_load_25 = load i6 %input_features_casted_addr_25" [../../../../HWSWAI/HLS/SampleDatasetMLP.cpp:80]   --->   Operation 164 'load' 'input_features_casted_load_25' <Predicate = true> <Delay = 1.23> <CoreInst = "RAM">   --->   Core 83 'RAM' <Latency = 1> <II = 1> <Delay = 1.23> <Storage> <Opcode : 'load' 'store'> <Ports = 2> <Width = 32> <Depth = 48> <RAM>

State 20 <SV = 19> <Delay = 1.23>
ST_20 : Operation 165 [1/2] (1.23ns)   --->   "%input_features_casted_load_24 = load i6 %input_features_casted_addr_24" [../../../../HWSWAI/HLS/SampleDatasetMLP.cpp:80]   --->   Operation 165 'load' 'input_features_casted_load_24' <Predicate = true> <Delay = 1.23> <CoreInst = "RAM">   --->   Core 83 'RAM' <Latency = 1> <II = 1> <Delay = 1.23> <Storage> <Opcode : 'load' 'store'> <Ports = 2> <Width = 32> <Depth = 48> <RAM>
ST_20 : Operation 166 [1/2] (1.23ns)   --->   "%input_features_casted_load_25 = load i6 %input_features_casted_addr_25" [../../../../HWSWAI/HLS/SampleDatasetMLP.cpp:80]   --->   Operation 166 'load' 'input_features_casted_load_25' <Predicate = true> <Delay = 1.23> <CoreInst = "RAM">   --->   Core 83 'RAM' <Latency = 1> <II = 1> <Delay = 1.23> <Storage> <Opcode : 'load' 'store'> <Ports = 2> <Width = 32> <Depth = 48> <RAM>
ST_20 : Operation 167 [1/1] (0.00ns)   --->   "%input_features_casted_addr_26 = getelementptr i32 %input_features_casted, i64 0, i64 26" [../../../../HWSWAI/HLS/SampleDatasetMLP.cpp:80]   --->   Operation 167 'getelementptr' 'input_features_casted_addr_26' <Predicate = true> <Delay = 0.00>
ST_20 : Operation 168 [2/2] (1.23ns)   --->   "%input_features_casted_load_26 = load i6 %input_features_casted_addr_26" [../../../../HWSWAI/HLS/SampleDatasetMLP.cpp:80]   --->   Operation 168 'load' 'input_features_casted_load_26' <Predicate = true> <Delay = 1.23> <CoreInst = "RAM">   --->   Core 83 'RAM' <Latency = 1> <II = 1> <Delay = 1.23> <Storage> <Opcode : 'load' 'store'> <Ports = 2> <Width = 32> <Depth = 48> <RAM>
ST_20 : Operation 169 [1/1] (0.00ns)   --->   "%input_features_casted_addr_27 = getelementptr i32 %input_features_casted, i64 0, i64 27" [../../../../HWSWAI/HLS/SampleDatasetMLP.cpp:80]   --->   Operation 169 'getelementptr' 'input_features_casted_addr_27' <Predicate = true> <Delay = 0.00>
ST_20 : Operation 170 [2/2] (1.23ns)   --->   "%input_features_casted_load_27 = load i6 %input_features_casted_addr_27" [../../../../HWSWAI/HLS/SampleDatasetMLP.cpp:80]   --->   Operation 170 'load' 'input_features_casted_load_27' <Predicate = true> <Delay = 1.23> <CoreInst = "RAM">   --->   Core 83 'RAM' <Latency = 1> <II = 1> <Delay = 1.23> <Storage> <Opcode : 'load' 'store'> <Ports = 2> <Width = 32> <Depth = 48> <RAM>

State 21 <SV = 20> <Delay = 1.23>
ST_21 : Operation 171 [1/2] (1.23ns)   --->   "%input_features_casted_load_26 = load i6 %input_features_casted_addr_26" [../../../../HWSWAI/HLS/SampleDatasetMLP.cpp:80]   --->   Operation 171 'load' 'input_features_casted_load_26' <Predicate = true> <Delay = 1.23> <CoreInst = "RAM">   --->   Core 83 'RAM' <Latency = 1> <II = 1> <Delay = 1.23> <Storage> <Opcode : 'load' 'store'> <Ports = 2> <Width = 32> <Depth = 48> <RAM>
ST_21 : Operation 172 [1/2] (1.23ns)   --->   "%input_features_casted_load_27 = load i6 %input_features_casted_addr_27" [../../../../HWSWAI/HLS/SampleDatasetMLP.cpp:80]   --->   Operation 172 'load' 'input_features_casted_load_27' <Predicate = true> <Delay = 1.23> <CoreInst = "RAM">   --->   Core 83 'RAM' <Latency = 1> <II = 1> <Delay = 1.23> <Storage> <Opcode : 'load' 'store'> <Ports = 2> <Width = 32> <Depth = 48> <RAM>
ST_21 : Operation 173 [1/1] (0.00ns)   --->   "%input_features_casted_addr_28 = getelementptr i32 %input_features_casted, i64 0, i64 28" [../../../../HWSWAI/HLS/SampleDatasetMLP.cpp:80]   --->   Operation 173 'getelementptr' 'input_features_casted_addr_28' <Predicate = true> <Delay = 0.00>
ST_21 : Operation 174 [2/2] (1.23ns)   --->   "%input_features_casted_load_28 = load i6 %input_features_casted_addr_28" [../../../../HWSWAI/HLS/SampleDatasetMLP.cpp:80]   --->   Operation 174 'load' 'input_features_casted_load_28' <Predicate = true> <Delay = 1.23> <CoreInst = "RAM">   --->   Core 83 'RAM' <Latency = 1> <II = 1> <Delay = 1.23> <Storage> <Opcode : 'load' 'store'> <Ports = 2> <Width = 32> <Depth = 48> <RAM>
ST_21 : Operation 175 [1/1] (0.00ns)   --->   "%input_features_casted_addr_29 = getelementptr i32 %input_features_casted, i64 0, i64 29" [../../../../HWSWAI/HLS/SampleDatasetMLP.cpp:80]   --->   Operation 175 'getelementptr' 'input_features_casted_addr_29' <Predicate = true> <Delay = 0.00>
ST_21 : Operation 176 [2/2] (1.23ns)   --->   "%input_features_casted_load_29 = load i6 %input_features_casted_addr_29" [../../../../HWSWAI/HLS/SampleDatasetMLP.cpp:80]   --->   Operation 176 'load' 'input_features_casted_load_29' <Predicate = true> <Delay = 1.23> <CoreInst = "RAM">   --->   Core 83 'RAM' <Latency = 1> <II = 1> <Delay = 1.23> <Storage> <Opcode : 'load' 'store'> <Ports = 2> <Width = 32> <Depth = 48> <RAM>

State 22 <SV = 21> <Delay = 1.23>
ST_22 : Operation 177 [1/2] (1.23ns)   --->   "%input_features_casted_load_28 = load i6 %input_features_casted_addr_28" [../../../../HWSWAI/HLS/SampleDatasetMLP.cpp:80]   --->   Operation 177 'load' 'input_features_casted_load_28' <Predicate = true> <Delay = 1.23> <CoreInst = "RAM">   --->   Core 83 'RAM' <Latency = 1> <II = 1> <Delay = 1.23> <Storage> <Opcode : 'load' 'store'> <Ports = 2> <Width = 32> <Depth = 48> <RAM>
ST_22 : Operation 178 [1/2] (1.23ns)   --->   "%input_features_casted_load_29 = load i6 %input_features_casted_addr_29" [../../../../HWSWAI/HLS/SampleDatasetMLP.cpp:80]   --->   Operation 178 'load' 'input_features_casted_load_29' <Predicate = true> <Delay = 1.23> <CoreInst = "RAM">   --->   Core 83 'RAM' <Latency = 1> <II = 1> <Delay = 1.23> <Storage> <Opcode : 'load' 'store'> <Ports = 2> <Width = 32> <Depth = 48> <RAM>
ST_22 : Operation 179 [1/1] (0.00ns)   --->   "%input_features_casted_addr_30 = getelementptr i32 %input_features_casted, i64 0, i64 30" [../../../../HWSWAI/HLS/SampleDatasetMLP.cpp:80]   --->   Operation 179 'getelementptr' 'input_features_casted_addr_30' <Predicate = true> <Delay = 0.00>
ST_22 : Operation 180 [2/2] (1.23ns)   --->   "%input_features_casted_load_30 = load i6 %input_features_casted_addr_30" [../../../../HWSWAI/HLS/SampleDatasetMLP.cpp:80]   --->   Operation 180 'load' 'input_features_casted_load_30' <Predicate = true> <Delay = 1.23> <CoreInst = "RAM">   --->   Core 83 'RAM' <Latency = 1> <II = 1> <Delay = 1.23> <Storage> <Opcode : 'load' 'store'> <Ports = 2> <Width = 32> <Depth = 48> <RAM>
ST_22 : Operation 181 [1/1] (0.00ns)   --->   "%input_features_casted_addr_31 = getelementptr i32 %input_features_casted, i64 0, i64 31" [../../../../HWSWAI/HLS/SampleDatasetMLP.cpp:80]   --->   Operation 181 'getelementptr' 'input_features_casted_addr_31' <Predicate = true> <Delay = 0.00>
ST_22 : Operation 182 [2/2] (1.23ns)   --->   "%input_features_casted_load_31 = load i6 %input_features_casted_addr_31" [../../../../HWSWAI/HLS/SampleDatasetMLP.cpp:80]   --->   Operation 182 'load' 'input_features_casted_load_31' <Predicate = true> <Delay = 1.23> <CoreInst = "RAM">   --->   Core 83 'RAM' <Latency = 1> <II = 1> <Delay = 1.23> <Storage> <Opcode : 'load' 'store'> <Ports = 2> <Width = 32> <Depth = 48> <RAM>

State 23 <SV = 22> <Delay = 1.23>
ST_23 : Operation 183 [1/2] (1.23ns)   --->   "%input_features_casted_load_30 = load i6 %input_features_casted_addr_30" [../../../../HWSWAI/HLS/SampleDatasetMLP.cpp:80]   --->   Operation 183 'load' 'input_features_casted_load_30' <Predicate = true> <Delay = 1.23> <CoreInst = "RAM">   --->   Core 83 'RAM' <Latency = 1> <II = 1> <Delay = 1.23> <Storage> <Opcode : 'load' 'store'> <Ports = 2> <Width = 32> <Depth = 48> <RAM>
ST_23 : Operation 184 [1/2] (1.23ns)   --->   "%input_features_casted_load_31 = load i6 %input_features_casted_addr_31" [../../../../HWSWAI/HLS/SampleDatasetMLP.cpp:80]   --->   Operation 184 'load' 'input_features_casted_load_31' <Predicate = true> <Delay = 1.23> <CoreInst = "RAM">   --->   Core 83 'RAM' <Latency = 1> <II = 1> <Delay = 1.23> <Storage> <Opcode : 'load' 'store'> <Ports = 2> <Width = 32> <Depth = 48> <RAM>
ST_23 : Operation 185 [1/1] (0.00ns)   --->   "%input_features_casted_addr_32 = getelementptr i32 %input_features_casted, i64 0, i64 32" [../../../../HWSWAI/HLS/SampleDatasetMLP.cpp:80]   --->   Operation 185 'getelementptr' 'input_features_casted_addr_32' <Predicate = true> <Delay = 0.00>
ST_23 : Operation 186 [2/2] (1.23ns)   --->   "%input_features_casted_load_32 = load i6 %input_features_casted_addr_32" [../../../../HWSWAI/HLS/SampleDatasetMLP.cpp:80]   --->   Operation 186 'load' 'input_features_casted_load_32' <Predicate = true> <Delay = 1.23> <CoreInst = "RAM">   --->   Core 83 'RAM' <Latency = 1> <II = 1> <Delay = 1.23> <Storage> <Opcode : 'load' 'store'> <Ports = 2> <Width = 32> <Depth = 48> <RAM>
ST_23 : Operation 187 [1/1] (0.00ns)   --->   "%input_features_casted_addr_33 = getelementptr i32 %input_features_casted, i64 0, i64 33" [../../../../HWSWAI/HLS/SampleDatasetMLP.cpp:80]   --->   Operation 187 'getelementptr' 'input_features_casted_addr_33' <Predicate = true> <Delay = 0.00>
ST_23 : Operation 188 [2/2] (1.23ns)   --->   "%input_features_casted_load_33 = load i6 %input_features_casted_addr_33" [../../../../HWSWAI/HLS/SampleDatasetMLP.cpp:80]   --->   Operation 188 'load' 'input_features_casted_load_33' <Predicate = true> <Delay = 1.23> <CoreInst = "RAM">   --->   Core 83 'RAM' <Latency = 1> <II = 1> <Delay = 1.23> <Storage> <Opcode : 'load' 'store'> <Ports = 2> <Width = 32> <Depth = 48> <RAM>

State 24 <SV = 23> <Delay = 1.23>
ST_24 : Operation 189 [1/2] (1.23ns)   --->   "%input_features_casted_load_32 = load i6 %input_features_casted_addr_32" [../../../../HWSWAI/HLS/SampleDatasetMLP.cpp:80]   --->   Operation 189 'load' 'input_features_casted_load_32' <Predicate = true> <Delay = 1.23> <CoreInst = "RAM">   --->   Core 83 'RAM' <Latency = 1> <II = 1> <Delay = 1.23> <Storage> <Opcode : 'load' 'store'> <Ports = 2> <Width = 32> <Depth = 48> <RAM>
ST_24 : Operation 190 [1/2] (1.23ns)   --->   "%input_features_casted_load_33 = load i6 %input_features_casted_addr_33" [../../../../HWSWAI/HLS/SampleDatasetMLP.cpp:80]   --->   Operation 190 'load' 'input_features_casted_load_33' <Predicate = true> <Delay = 1.23> <CoreInst = "RAM">   --->   Core 83 'RAM' <Latency = 1> <II = 1> <Delay = 1.23> <Storage> <Opcode : 'load' 'store'> <Ports = 2> <Width = 32> <Depth = 48> <RAM>
ST_24 : Operation 191 [1/1] (0.00ns)   --->   "%input_features_casted_addr_34 = getelementptr i32 %input_features_casted, i64 0, i64 34" [../../../../HWSWAI/HLS/SampleDatasetMLP.cpp:80]   --->   Operation 191 'getelementptr' 'input_features_casted_addr_34' <Predicate = true> <Delay = 0.00>
ST_24 : Operation 192 [2/2] (1.23ns)   --->   "%input_features_casted_load_34 = load i6 %input_features_casted_addr_34" [../../../../HWSWAI/HLS/SampleDatasetMLP.cpp:80]   --->   Operation 192 'load' 'input_features_casted_load_34' <Predicate = true> <Delay = 1.23> <CoreInst = "RAM">   --->   Core 83 'RAM' <Latency = 1> <II = 1> <Delay = 1.23> <Storage> <Opcode : 'load' 'store'> <Ports = 2> <Width = 32> <Depth = 48> <RAM>
ST_24 : Operation 193 [1/1] (0.00ns)   --->   "%input_features_casted_addr_35 = getelementptr i32 %input_features_casted, i64 0, i64 35" [../../../../HWSWAI/HLS/SampleDatasetMLP.cpp:80]   --->   Operation 193 'getelementptr' 'input_features_casted_addr_35' <Predicate = true> <Delay = 0.00>
ST_24 : Operation 194 [2/2] (1.23ns)   --->   "%input_features_casted_load_35 = load i6 %input_features_casted_addr_35" [../../../../HWSWAI/HLS/SampleDatasetMLP.cpp:80]   --->   Operation 194 'load' 'input_features_casted_load_35' <Predicate = true> <Delay = 1.23> <CoreInst = "RAM">   --->   Core 83 'RAM' <Latency = 1> <II = 1> <Delay = 1.23> <Storage> <Opcode : 'load' 'store'> <Ports = 2> <Width = 32> <Depth = 48> <RAM>

State 25 <SV = 24> <Delay = 1.23>
ST_25 : Operation 195 [1/2] (1.23ns)   --->   "%input_features_casted_load_34 = load i6 %input_features_casted_addr_34" [../../../../HWSWAI/HLS/SampleDatasetMLP.cpp:80]   --->   Operation 195 'load' 'input_features_casted_load_34' <Predicate = true> <Delay = 1.23> <CoreInst = "RAM">   --->   Core 83 'RAM' <Latency = 1> <II = 1> <Delay = 1.23> <Storage> <Opcode : 'load' 'store'> <Ports = 2> <Width = 32> <Depth = 48> <RAM>
ST_25 : Operation 196 [1/2] (1.23ns)   --->   "%input_features_casted_load_35 = load i6 %input_features_casted_addr_35" [../../../../HWSWAI/HLS/SampleDatasetMLP.cpp:80]   --->   Operation 196 'load' 'input_features_casted_load_35' <Predicate = true> <Delay = 1.23> <CoreInst = "RAM">   --->   Core 83 'RAM' <Latency = 1> <II = 1> <Delay = 1.23> <Storage> <Opcode : 'load' 'store'> <Ports = 2> <Width = 32> <Depth = 48> <RAM>
ST_25 : Operation 197 [1/1] (0.00ns)   --->   "%input_features_casted_addr_36 = getelementptr i32 %input_features_casted, i64 0, i64 36" [../../../../HWSWAI/HLS/SampleDatasetMLP.cpp:80]   --->   Operation 197 'getelementptr' 'input_features_casted_addr_36' <Predicate = true> <Delay = 0.00>
ST_25 : Operation 198 [2/2] (1.23ns)   --->   "%input_features_casted_load_36 = load i6 %input_features_casted_addr_36" [../../../../HWSWAI/HLS/SampleDatasetMLP.cpp:80]   --->   Operation 198 'load' 'input_features_casted_load_36' <Predicate = true> <Delay = 1.23> <CoreInst = "RAM">   --->   Core 83 'RAM' <Latency = 1> <II = 1> <Delay = 1.23> <Storage> <Opcode : 'load' 'store'> <Ports = 2> <Width = 32> <Depth = 48> <RAM>
ST_25 : Operation 199 [1/1] (0.00ns)   --->   "%input_features_casted_addr_37 = getelementptr i32 %input_features_casted, i64 0, i64 37" [../../../../HWSWAI/HLS/SampleDatasetMLP.cpp:80]   --->   Operation 199 'getelementptr' 'input_features_casted_addr_37' <Predicate = true> <Delay = 0.00>
ST_25 : Operation 200 [2/2] (1.23ns)   --->   "%input_features_casted_load_37 = load i6 %input_features_casted_addr_37" [../../../../HWSWAI/HLS/SampleDatasetMLP.cpp:80]   --->   Operation 200 'load' 'input_features_casted_load_37' <Predicate = true> <Delay = 1.23> <CoreInst = "RAM">   --->   Core 83 'RAM' <Latency = 1> <II = 1> <Delay = 1.23> <Storage> <Opcode : 'load' 'store'> <Ports = 2> <Width = 32> <Depth = 48> <RAM>

State 26 <SV = 25> <Delay = 1.23>
ST_26 : Operation 201 [1/2] (1.23ns)   --->   "%input_features_casted_load_36 = load i6 %input_features_casted_addr_36" [../../../../HWSWAI/HLS/SampleDatasetMLP.cpp:80]   --->   Operation 201 'load' 'input_features_casted_load_36' <Predicate = true> <Delay = 1.23> <CoreInst = "RAM">   --->   Core 83 'RAM' <Latency = 1> <II = 1> <Delay = 1.23> <Storage> <Opcode : 'load' 'store'> <Ports = 2> <Width = 32> <Depth = 48> <RAM>
ST_26 : Operation 202 [1/2] (1.23ns)   --->   "%input_features_casted_load_37 = load i6 %input_features_casted_addr_37" [../../../../HWSWAI/HLS/SampleDatasetMLP.cpp:80]   --->   Operation 202 'load' 'input_features_casted_load_37' <Predicate = true> <Delay = 1.23> <CoreInst = "RAM">   --->   Core 83 'RAM' <Latency = 1> <II = 1> <Delay = 1.23> <Storage> <Opcode : 'load' 'store'> <Ports = 2> <Width = 32> <Depth = 48> <RAM>
ST_26 : Operation 203 [1/1] (0.00ns)   --->   "%input_features_casted_addr_38 = getelementptr i32 %input_features_casted, i64 0, i64 38" [../../../../HWSWAI/HLS/SampleDatasetMLP.cpp:80]   --->   Operation 203 'getelementptr' 'input_features_casted_addr_38' <Predicate = true> <Delay = 0.00>
ST_26 : Operation 204 [2/2] (1.23ns)   --->   "%input_features_casted_load_38 = load i6 %input_features_casted_addr_38" [../../../../HWSWAI/HLS/SampleDatasetMLP.cpp:80]   --->   Operation 204 'load' 'input_features_casted_load_38' <Predicate = true> <Delay = 1.23> <CoreInst = "RAM">   --->   Core 83 'RAM' <Latency = 1> <II = 1> <Delay = 1.23> <Storage> <Opcode : 'load' 'store'> <Ports = 2> <Width = 32> <Depth = 48> <RAM>
ST_26 : Operation 205 [1/1] (0.00ns)   --->   "%input_features_casted_addr_39 = getelementptr i32 %input_features_casted, i64 0, i64 39" [../../../../HWSWAI/HLS/SampleDatasetMLP.cpp:80]   --->   Operation 205 'getelementptr' 'input_features_casted_addr_39' <Predicate = true> <Delay = 0.00>
ST_26 : Operation 206 [2/2] (1.23ns)   --->   "%input_features_casted_load_39 = load i6 %input_features_casted_addr_39" [../../../../HWSWAI/HLS/SampleDatasetMLP.cpp:80]   --->   Operation 206 'load' 'input_features_casted_load_39' <Predicate = true> <Delay = 1.23> <CoreInst = "RAM">   --->   Core 83 'RAM' <Latency = 1> <II = 1> <Delay = 1.23> <Storage> <Opcode : 'load' 'store'> <Ports = 2> <Width = 32> <Depth = 48> <RAM>

State 27 <SV = 26> <Delay = 1.23>
ST_27 : Operation 207 [1/2] (1.23ns)   --->   "%input_features_casted_load_38 = load i6 %input_features_casted_addr_38" [../../../../HWSWAI/HLS/SampleDatasetMLP.cpp:80]   --->   Operation 207 'load' 'input_features_casted_load_38' <Predicate = true> <Delay = 1.23> <CoreInst = "RAM">   --->   Core 83 'RAM' <Latency = 1> <II = 1> <Delay = 1.23> <Storage> <Opcode : 'load' 'store'> <Ports = 2> <Width = 32> <Depth = 48> <RAM>
ST_27 : Operation 208 [1/2] (1.23ns)   --->   "%input_features_casted_load_39 = load i6 %input_features_casted_addr_39" [../../../../HWSWAI/HLS/SampleDatasetMLP.cpp:80]   --->   Operation 208 'load' 'input_features_casted_load_39' <Predicate = true> <Delay = 1.23> <CoreInst = "RAM">   --->   Core 83 'RAM' <Latency = 1> <II = 1> <Delay = 1.23> <Storage> <Opcode : 'load' 'store'> <Ports = 2> <Width = 32> <Depth = 48> <RAM>
ST_27 : Operation 209 [1/1] (0.00ns)   --->   "%input_features_casted_addr_40 = getelementptr i32 %input_features_casted, i64 0, i64 40" [../../../../HWSWAI/HLS/SampleDatasetMLP.cpp:80]   --->   Operation 209 'getelementptr' 'input_features_casted_addr_40' <Predicate = true> <Delay = 0.00>
ST_27 : Operation 210 [2/2] (1.23ns)   --->   "%input_features_casted_load_40 = load i6 %input_features_casted_addr_40" [../../../../HWSWAI/HLS/SampleDatasetMLP.cpp:80]   --->   Operation 210 'load' 'input_features_casted_load_40' <Predicate = true> <Delay = 1.23> <CoreInst = "RAM">   --->   Core 83 'RAM' <Latency = 1> <II = 1> <Delay = 1.23> <Storage> <Opcode : 'load' 'store'> <Ports = 2> <Width = 32> <Depth = 48> <RAM>
ST_27 : Operation 211 [1/1] (0.00ns)   --->   "%input_features_casted_addr_41 = getelementptr i32 %input_features_casted, i64 0, i64 41" [../../../../HWSWAI/HLS/SampleDatasetMLP.cpp:80]   --->   Operation 211 'getelementptr' 'input_features_casted_addr_41' <Predicate = true> <Delay = 0.00>
ST_27 : Operation 212 [2/2] (1.23ns)   --->   "%input_features_casted_load_41 = load i6 %input_features_casted_addr_41" [../../../../HWSWAI/HLS/SampleDatasetMLP.cpp:80]   --->   Operation 212 'load' 'input_features_casted_load_41' <Predicate = true> <Delay = 1.23> <CoreInst = "RAM">   --->   Core 83 'RAM' <Latency = 1> <II = 1> <Delay = 1.23> <Storage> <Opcode : 'load' 'store'> <Ports = 2> <Width = 32> <Depth = 48> <RAM>

State 28 <SV = 27> <Delay = 1.23>
ST_28 : Operation 213 [1/2] (1.23ns)   --->   "%input_features_casted_load_40 = load i6 %input_features_casted_addr_40" [../../../../HWSWAI/HLS/SampleDatasetMLP.cpp:80]   --->   Operation 213 'load' 'input_features_casted_load_40' <Predicate = true> <Delay = 1.23> <CoreInst = "RAM">   --->   Core 83 'RAM' <Latency = 1> <II = 1> <Delay = 1.23> <Storage> <Opcode : 'load' 'store'> <Ports = 2> <Width = 32> <Depth = 48> <RAM>
ST_28 : Operation 214 [1/2] (1.23ns)   --->   "%input_features_casted_load_41 = load i6 %input_features_casted_addr_41" [../../../../HWSWAI/HLS/SampleDatasetMLP.cpp:80]   --->   Operation 214 'load' 'input_features_casted_load_41' <Predicate = true> <Delay = 1.23> <CoreInst = "RAM">   --->   Core 83 'RAM' <Latency = 1> <II = 1> <Delay = 1.23> <Storage> <Opcode : 'load' 'store'> <Ports = 2> <Width = 32> <Depth = 48> <RAM>
ST_28 : Operation 215 [1/1] (0.00ns)   --->   "%input_features_casted_addr_42 = getelementptr i32 %input_features_casted, i64 0, i64 42" [../../../../HWSWAI/HLS/SampleDatasetMLP.cpp:80]   --->   Operation 215 'getelementptr' 'input_features_casted_addr_42' <Predicate = true> <Delay = 0.00>
ST_28 : Operation 216 [2/2] (1.23ns)   --->   "%input_features_casted_load_42 = load i6 %input_features_casted_addr_42" [../../../../HWSWAI/HLS/SampleDatasetMLP.cpp:80]   --->   Operation 216 'load' 'input_features_casted_load_42' <Predicate = true> <Delay = 1.23> <CoreInst = "RAM">   --->   Core 83 'RAM' <Latency = 1> <II = 1> <Delay = 1.23> <Storage> <Opcode : 'load' 'store'> <Ports = 2> <Width = 32> <Depth = 48> <RAM>
ST_28 : Operation 217 [1/1] (0.00ns)   --->   "%input_features_casted_addr_43 = getelementptr i32 %input_features_casted, i64 0, i64 43" [../../../../HWSWAI/HLS/SampleDatasetMLP.cpp:80]   --->   Operation 217 'getelementptr' 'input_features_casted_addr_43' <Predicate = true> <Delay = 0.00>
ST_28 : Operation 218 [2/2] (1.23ns)   --->   "%input_features_casted_load_43 = load i6 %input_features_casted_addr_43" [../../../../HWSWAI/HLS/SampleDatasetMLP.cpp:80]   --->   Operation 218 'load' 'input_features_casted_load_43' <Predicate = true> <Delay = 1.23> <CoreInst = "RAM">   --->   Core 83 'RAM' <Latency = 1> <II = 1> <Delay = 1.23> <Storage> <Opcode : 'load' 'store'> <Ports = 2> <Width = 32> <Depth = 48> <RAM>

State 29 <SV = 28> <Delay = 1.23>
ST_29 : Operation 219 [1/2] (1.23ns)   --->   "%input_features_casted_load_42 = load i6 %input_features_casted_addr_42" [../../../../HWSWAI/HLS/SampleDatasetMLP.cpp:80]   --->   Operation 219 'load' 'input_features_casted_load_42' <Predicate = true> <Delay = 1.23> <CoreInst = "RAM">   --->   Core 83 'RAM' <Latency = 1> <II = 1> <Delay = 1.23> <Storage> <Opcode : 'load' 'store'> <Ports = 2> <Width = 32> <Depth = 48> <RAM>
ST_29 : Operation 220 [1/2] (1.23ns)   --->   "%input_features_casted_load_43 = load i6 %input_features_casted_addr_43" [../../../../HWSWAI/HLS/SampleDatasetMLP.cpp:80]   --->   Operation 220 'load' 'input_features_casted_load_43' <Predicate = true> <Delay = 1.23> <CoreInst = "RAM">   --->   Core 83 'RAM' <Latency = 1> <II = 1> <Delay = 1.23> <Storage> <Opcode : 'load' 'store'> <Ports = 2> <Width = 32> <Depth = 48> <RAM>
ST_29 : Operation 221 [1/1] (0.00ns)   --->   "%input_features_casted_addr_44 = getelementptr i32 %input_features_casted, i64 0, i64 44" [../../../../HWSWAI/HLS/SampleDatasetMLP.cpp:80]   --->   Operation 221 'getelementptr' 'input_features_casted_addr_44' <Predicate = true> <Delay = 0.00>
ST_29 : Operation 222 [2/2] (1.23ns)   --->   "%input_features_casted_load_44 = load i6 %input_features_casted_addr_44" [../../../../HWSWAI/HLS/SampleDatasetMLP.cpp:80]   --->   Operation 222 'load' 'input_features_casted_load_44' <Predicate = true> <Delay = 1.23> <CoreInst = "RAM">   --->   Core 83 'RAM' <Latency = 1> <II = 1> <Delay = 1.23> <Storage> <Opcode : 'load' 'store'> <Ports = 2> <Width = 32> <Depth = 48> <RAM>
ST_29 : Operation 223 [1/1] (0.00ns)   --->   "%input_features_casted_addr_45 = getelementptr i32 %input_features_casted, i64 0, i64 45" [../../../../HWSWAI/HLS/SampleDatasetMLP.cpp:80]   --->   Operation 223 'getelementptr' 'input_features_casted_addr_45' <Predicate = true> <Delay = 0.00>
ST_29 : Operation 224 [2/2] (1.23ns)   --->   "%input_features_casted_load_45 = load i6 %input_features_casted_addr_45" [../../../../HWSWAI/HLS/SampleDatasetMLP.cpp:80]   --->   Operation 224 'load' 'input_features_casted_load_45' <Predicate = true> <Delay = 1.23> <CoreInst = "RAM">   --->   Core 83 'RAM' <Latency = 1> <II = 1> <Delay = 1.23> <Storage> <Opcode : 'load' 'store'> <Ports = 2> <Width = 32> <Depth = 48> <RAM>

State 30 <SV = 29> <Delay = 1.23>
ST_30 : Operation 225 [1/2] (1.23ns)   --->   "%input_features_casted_load_44 = load i6 %input_features_casted_addr_44" [../../../../HWSWAI/HLS/SampleDatasetMLP.cpp:80]   --->   Operation 225 'load' 'input_features_casted_load_44' <Predicate = true> <Delay = 1.23> <CoreInst = "RAM">   --->   Core 83 'RAM' <Latency = 1> <II = 1> <Delay = 1.23> <Storage> <Opcode : 'load' 'store'> <Ports = 2> <Width = 32> <Depth = 48> <RAM>
ST_30 : Operation 226 [1/2] (1.23ns)   --->   "%input_features_casted_load_45 = load i6 %input_features_casted_addr_45" [../../../../HWSWAI/HLS/SampleDatasetMLP.cpp:80]   --->   Operation 226 'load' 'input_features_casted_load_45' <Predicate = true> <Delay = 1.23> <CoreInst = "RAM">   --->   Core 83 'RAM' <Latency = 1> <II = 1> <Delay = 1.23> <Storage> <Opcode : 'load' 'store'> <Ports = 2> <Width = 32> <Depth = 48> <RAM>
ST_30 : Operation 227 [1/1] (0.00ns)   --->   "%input_features_casted_addr_46 = getelementptr i32 %input_features_casted, i64 0, i64 46" [../../../../HWSWAI/HLS/SampleDatasetMLP.cpp:80]   --->   Operation 227 'getelementptr' 'input_features_casted_addr_46' <Predicate = true> <Delay = 0.00>
ST_30 : Operation 228 [2/2] (1.23ns)   --->   "%input_features_casted_load_46 = load i6 %input_features_casted_addr_46" [../../../../HWSWAI/HLS/SampleDatasetMLP.cpp:80]   --->   Operation 228 'load' 'input_features_casted_load_46' <Predicate = true> <Delay = 1.23> <CoreInst = "RAM">   --->   Core 83 'RAM' <Latency = 1> <II = 1> <Delay = 1.23> <Storage> <Opcode : 'load' 'store'> <Ports = 2> <Width = 32> <Depth = 48> <RAM>
ST_30 : Operation 229 [1/1] (0.00ns)   --->   "%input_features_casted_addr_47 = getelementptr i32 %input_features_casted, i64 0, i64 47" [../../../../HWSWAI/HLS/SampleDatasetMLP.cpp:80]   --->   Operation 229 'getelementptr' 'input_features_casted_addr_47' <Predicate = true> <Delay = 0.00>
ST_30 : Operation 230 [2/2] (1.23ns)   --->   "%input_features_casted_load_47 = load i6 %input_features_casted_addr_47" [../../../../HWSWAI/HLS/SampleDatasetMLP.cpp:80]   --->   Operation 230 'load' 'input_features_casted_load_47' <Predicate = true> <Delay = 1.23> <CoreInst = "RAM">   --->   Core 83 'RAM' <Latency = 1> <II = 1> <Delay = 1.23> <Storage> <Opcode : 'load' 'store'> <Ports = 2> <Width = 32> <Depth = 48> <RAM>

State 31 <SV = 30> <Delay = 1.23>
ST_31 : Operation 231 [1/2] (1.23ns)   --->   "%input_features_casted_load_46 = load i6 %input_features_casted_addr_46" [../../../../HWSWAI/HLS/SampleDatasetMLP.cpp:80]   --->   Operation 231 'load' 'input_features_casted_load_46' <Predicate = true> <Delay = 1.23> <CoreInst = "RAM">   --->   Core 83 'RAM' <Latency = 1> <II = 1> <Delay = 1.23> <Storage> <Opcode : 'load' 'store'> <Ports = 2> <Width = 32> <Depth = 48> <RAM>
ST_31 : Operation 232 [1/2] (1.23ns)   --->   "%input_features_casted_load_47 = load i6 %input_features_casted_addr_47" [../../../../HWSWAI/HLS/SampleDatasetMLP.cpp:80]   --->   Operation 232 'load' 'input_features_casted_load_47' <Predicate = true> <Delay = 1.23> <CoreInst = "RAM">   --->   Core 83 'RAM' <Latency = 1> <II = 1> <Delay = 1.23> <Storage> <Opcode : 'load' 'store'> <Ports = 2> <Width = 32> <Depth = 48> <RAM>
ST_31 : Operation 233 [2/2] (0.00ns)   --->   "%call_ln80 = call void @MLP_Pipeline_VITIS_LOOP_77_3, i32 %hidden_layer_1, i32 %input_features_casted_load, i32 %input_features_casted_load_1, i32 %input_features_casted_load_2, i32 %input_features_casted_load_3, i32 %input_features_casted_load_4, i32 %input_features_casted_load_5, i32 %input_features_casted_load_6, i32 %input_features_casted_load_7, i32 %input_features_casted_load_8, i32 %input_features_casted_load_9, i32 %input_features_casted_load_10, i32 %input_features_casted_load_11, i32 %input_features_casted_load_12, i32 %input_features_casted_load_13, i32 %input_features_casted_load_14, i32 %input_features_casted_load_15, i32 %input_features_casted_load_16, i32 %input_features_casted_load_17, i32 %input_features_casted_load_18, i32 %input_features_casted_load_19, i32 %input_features_casted_load_20, i32 %input_features_casted_load_21, i32 %input_features_casted_load_22, i32 %input_features_casted_load_23, i32 %input_features_casted_load_24, i32 %input_features_casted_load_25, i32 %input_features_casted_load_26, i32 %input_features_casted_load_27, i32 %input_features_casted_load_28, i32 %input_features_casted_load_29, i32 %input_features_casted_load_30, i32 %input_features_casted_load_31, i32 %input_features_casted_load_32, i32 %input_features_casted_load_33, i32 %input_features_casted_load_34, i32 %input_features_casted_load_35, i32 %input_features_casted_load_36, i32 %input_features_casted_load_37, i32 %input_features_casted_load_38, i32 %input_features_casted_load_39, i32 %input_features_casted_load_40, i32 %input_features_casted_load_41, i32 %input_features_casted_load_42, i32 %input_features_casted_load_43, i32 %input_features_casted_load_44, i32 %input_features_casted_load_45, i32 %input_features_casted_load_46, i32 %input_features_casted_load_47, i32 %weights_1_0, i32 %weights_1_1, i32 %weights_1_2, i32 %weights_1_3, i32 %weights_1_4, i32 %weights_1_5, i32 %weights_1_6, i32 %weights_1_7, i32 %weights_1_8, i32 %weights_1_9, i32 %weights_1_10, i32 %weights_1_11, i32 %weights_1_12, i32 %weights_1_13, i32 %weights_1_14, i32 %weights_1_15, i32 %weights_1_16, i32 %weights_1_17, i32 %weights_1_18, i32 %weights_1_19, i32 %weights_1_20, i32 %weights_1_21, i32 %weights_1_22, i32 %weights_1_23, i32 %weights_1_24, i32 %weights_1_25, i32 %weights_1_26, i32 %weights_1_27, i32 %weights_1_28, i32 %weights_1_29, i32 %weights_1_30, i32 %weights_1_31, i32 %weights_1_32, i32 %weights_1_33, i32 %weights_1_34, i32 %weights_1_35, i32 %weights_1_36, i32 %weights_1_37, i32 %weights_1_38, i32 %weights_1_39, i32 %weights_1_40, i32 %weights_1_41, i32 %weights_1_42, i32 %weights_1_43, i32 %weights_1_44, i32 %weights_1_45, i32 %weights_1_46, i32 %weights_1_47, i32 %hidden_bias_1" [../../../../HWSWAI/HLS/SampleDatasetMLP.cpp:80]   --->   Operation 233 'call' 'call_ln80' <Predicate = true> <Delay = 0.00> <CoreType = "Generic">   --->   Core 0 '' <Latency = 0> <II = 1> <Delay = 1.00> <Generic> <Opcode : >

State 32 <SV = 31> <Delay = 0.00>
ST_32 : Operation 234 [1/2] (0.00ns)   --->   "%call_ln80 = call void @MLP_Pipeline_VITIS_LOOP_77_3, i32 %hidden_layer_1, i32 %input_features_casted_load, i32 %input_features_casted_load_1, i32 %input_features_casted_load_2, i32 %input_features_casted_load_3, i32 %input_features_casted_load_4, i32 %input_features_casted_load_5, i32 %input_features_casted_load_6, i32 %input_features_casted_load_7, i32 %input_features_casted_load_8, i32 %input_features_casted_load_9, i32 %input_features_casted_load_10, i32 %input_features_casted_load_11, i32 %input_features_casted_load_12, i32 %input_features_casted_load_13, i32 %input_features_casted_load_14, i32 %input_features_casted_load_15, i32 %input_features_casted_load_16, i32 %input_features_casted_load_17, i32 %input_features_casted_load_18, i32 %input_features_casted_load_19, i32 %input_features_casted_load_20, i32 %input_features_casted_load_21, i32 %input_features_casted_load_22, i32 %input_features_casted_load_23, i32 %input_features_casted_load_24, i32 %input_features_casted_load_25, i32 %input_features_casted_load_26, i32 %input_features_casted_load_27, i32 %input_features_casted_load_28, i32 %input_features_casted_load_29, i32 %input_features_casted_load_30, i32 %input_features_casted_load_31, i32 %input_features_casted_load_32, i32 %input_features_casted_load_33, i32 %input_features_casted_load_34, i32 %input_features_casted_load_35, i32 %input_features_casted_load_36, i32 %input_features_casted_load_37, i32 %input_features_casted_load_38, i32 %input_features_casted_load_39, i32 %input_features_casted_load_40, i32 %input_features_casted_load_41, i32 %input_features_casted_load_42, i32 %input_features_casted_load_43, i32 %input_features_casted_load_44, i32 %input_features_casted_load_45, i32 %input_features_casted_load_46, i32 %input_features_casted_load_47, i32 %weights_1_0, i32 %weights_1_1, i32 %weights_1_2, i32 %weights_1_3, i32 %weights_1_4, i32 %weights_1_5, i32 %weights_1_6, i32 %weights_1_7, i32 %weights_1_8, i32 %weights_1_9, i32 %weights_1_10, i32 %weights_1_11, i32 %weights_1_12, i32 %weights_1_13, i32 %weights_1_14, i32 %weights_1_15, i32 %weights_1_16, i32 %weights_1_17, i32 %weights_1_18, i32 %weights_1_19, i32 %weights_1_20, i32 %weights_1_21, i32 %weights_1_22, i32 %weights_1_23, i32 %weights_1_24, i32 %weights_1_25, i32 %weights_1_26, i32 %weights_1_27, i32 %weights_1_28, i32 %weights_1_29, i32 %weights_1_30, i32 %weights_1_31, i32 %weights_1_32, i32 %weights_1_33, i32 %weights_1_34, i32 %weights_1_35, i32 %weights_1_36, i32 %weights_1_37, i32 %weights_1_38, i32 %weights_1_39, i32 %weights_1_40, i32 %weights_1_41, i32 %weights_1_42, i32 %weights_1_43, i32 %weights_1_44, i32 %weights_1_45, i32 %weights_1_46, i32 %weights_1_47, i32 %hidden_bias_1" [../../../../HWSWAI/HLS/SampleDatasetMLP.cpp:80]   --->   Operation 234 'call' 'call_ln80' <Predicate = true> <Delay = 0.00> <CoreType = "Generic">   --->   Core 0 '' <Latency = 0> <II = 1> <Delay = 1.00> <Generic> <Opcode : >

State 33 <SV = 32> <Delay = 0.67>
ST_33 : Operation 235 [1/1] (0.00ns)   --->   "%hidden_layer_1_addr = getelementptr i32 %hidden_layer_1, i64 0, i64 0" [../../../../HWSWAI/HLS/SampleDatasetMLP.cpp:97]   --->   Operation 235 'getelementptr' 'hidden_layer_1_addr' <Predicate = true> <Delay = 0.00>
ST_33 : Operation 236 [2/2] (0.67ns)   --->   "%hidden_layer_1_load = load i5 %hidden_layer_1_addr" [../../../../HWSWAI/HLS/SampleDatasetMLP.cpp:97]   --->   Operation 236 'load' 'hidden_layer_1_load' <Predicate = true> <Delay = 0.67> <CoreInst = "RAM">   --->   Core 83 'RAM' <Latency = 1> <II = 1> <Delay = 0.67> <Storage> <Opcode : 'load' 'store'> <Ports = 2> <Width = 32> <Depth = 24> <RAM>
ST_33 : Operation 237 [1/1] (0.00ns)   --->   "%hidden_layer_1_addr_1 = getelementptr i32 %hidden_layer_1, i64 0, i64 1" [../../../../HWSWAI/HLS/SampleDatasetMLP.cpp:97]   --->   Operation 237 'getelementptr' 'hidden_layer_1_addr_1' <Predicate = true> <Delay = 0.00>
ST_33 : Operation 238 [2/2] (0.67ns)   --->   "%hidden_layer_1_load_1 = load i5 %hidden_layer_1_addr_1" [../../../../HWSWAI/HLS/SampleDatasetMLP.cpp:97]   --->   Operation 238 'load' 'hidden_layer_1_load_1' <Predicate = true> <Delay = 0.67> <CoreInst = "RAM">   --->   Core 83 'RAM' <Latency = 1> <II = 1> <Delay = 0.67> <Storage> <Opcode : 'load' 'store'> <Ports = 2> <Width = 32> <Depth = 24> <RAM>

State 34 <SV = 33> <Delay = 0.67>
ST_34 : Operation 239 [1/2] (0.67ns)   --->   "%hidden_layer_1_load = load i5 %hidden_layer_1_addr" [../../../../HWSWAI/HLS/SampleDatasetMLP.cpp:97]   --->   Operation 239 'load' 'hidden_layer_1_load' <Predicate = true> <Delay = 0.67> <CoreInst = "RAM">   --->   Core 83 'RAM' <Latency = 1> <II = 1> <Delay = 0.67> <Storage> <Opcode : 'load' 'store'> <Ports = 2> <Width = 32> <Depth = 24> <RAM>
ST_34 : Operation 240 [1/2] (0.67ns)   --->   "%hidden_layer_1_load_1 = load i5 %hidden_layer_1_addr_1" [../../../../HWSWAI/HLS/SampleDatasetMLP.cpp:97]   --->   Operation 240 'load' 'hidden_layer_1_load_1' <Predicate = true> <Delay = 0.67> <CoreInst = "RAM">   --->   Core 83 'RAM' <Latency = 1> <II = 1> <Delay = 0.67> <Storage> <Opcode : 'load' 'store'> <Ports = 2> <Width = 32> <Depth = 24> <RAM>
ST_34 : Operation 241 [1/1] (0.00ns)   --->   "%hidden_layer_1_addr_2 = getelementptr i32 %hidden_layer_1, i64 0, i64 2" [../../../../HWSWAI/HLS/SampleDatasetMLP.cpp:97]   --->   Operation 241 'getelementptr' 'hidden_layer_1_addr_2' <Predicate = true> <Delay = 0.00>
ST_34 : Operation 242 [2/2] (0.67ns)   --->   "%hidden_layer_1_load_2 = load i5 %hidden_layer_1_addr_2" [../../../../HWSWAI/HLS/SampleDatasetMLP.cpp:97]   --->   Operation 242 'load' 'hidden_layer_1_load_2' <Predicate = true> <Delay = 0.67> <CoreInst = "RAM">   --->   Core 83 'RAM' <Latency = 1> <II = 1> <Delay = 0.67> <Storage> <Opcode : 'load' 'store'> <Ports = 2> <Width = 32> <Depth = 24> <RAM>
ST_34 : Operation 243 [1/1] (0.00ns)   --->   "%hidden_layer_1_addr_3 = getelementptr i32 %hidden_layer_1, i64 0, i64 3" [../../../../HWSWAI/HLS/SampleDatasetMLP.cpp:97]   --->   Operation 243 'getelementptr' 'hidden_layer_1_addr_3' <Predicate = true> <Delay = 0.00>
ST_34 : Operation 244 [2/2] (0.67ns)   --->   "%hidden_layer_1_load_3 = load i5 %hidden_layer_1_addr_3" [../../../../HWSWAI/HLS/SampleDatasetMLP.cpp:97]   --->   Operation 244 'load' 'hidden_layer_1_load_3' <Predicate = true> <Delay = 0.67> <CoreInst = "RAM">   --->   Core 83 'RAM' <Latency = 1> <II = 1> <Delay = 0.67> <Storage> <Opcode : 'load' 'store'> <Ports = 2> <Width = 32> <Depth = 24> <RAM>

State 35 <SV = 34> <Delay = 0.67>
ST_35 : Operation 245 [1/2] (0.67ns)   --->   "%hidden_layer_1_load_2 = load i5 %hidden_layer_1_addr_2" [../../../../HWSWAI/HLS/SampleDatasetMLP.cpp:97]   --->   Operation 245 'load' 'hidden_layer_1_load_2' <Predicate = true> <Delay = 0.67> <CoreInst = "RAM">   --->   Core 83 'RAM' <Latency = 1> <II = 1> <Delay = 0.67> <Storage> <Opcode : 'load' 'store'> <Ports = 2> <Width = 32> <Depth = 24> <RAM>
ST_35 : Operation 246 [1/2] (0.67ns)   --->   "%hidden_layer_1_load_3 = load i5 %hidden_layer_1_addr_3" [../../../../HWSWAI/HLS/SampleDatasetMLP.cpp:97]   --->   Operation 246 'load' 'hidden_layer_1_load_3' <Predicate = true> <Delay = 0.67> <CoreInst = "RAM">   --->   Core 83 'RAM' <Latency = 1> <II = 1> <Delay = 0.67> <Storage> <Opcode : 'load' 'store'> <Ports = 2> <Width = 32> <Depth = 24> <RAM>
ST_35 : Operation 247 [1/1] (0.00ns)   --->   "%hidden_layer_1_addr_4 = getelementptr i32 %hidden_layer_1, i64 0, i64 4" [../../../../HWSWAI/HLS/SampleDatasetMLP.cpp:97]   --->   Operation 247 'getelementptr' 'hidden_layer_1_addr_4' <Predicate = true> <Delay = 0.00>
ST_35 : Operation 248 [2/2] (0.67ns)   --->   "%hidden_layer_1_load_4 = load i5 %hidden_layer_1_addr_4" [../../../../HWSWAI/HLS/SampleDatasetMLP.cpp:97]   --->   Operation 248 'load' 'hidden_layer_1_load_4' <Predicate = true> <Delay = 0.67> <CoreInst = "RAM">   --->   Core 83 'RAM' <Latency = 1> <II = 1> <Delay = 0.67> <Storage> <Opcode : 'load' 'store'> <Ports = 2> <Width = 32> <Depth = 24> <RAM>
ST_35 : Operation 249 [1/1] (0.00ns)   --->   "%hidden_layer_1_addr_5 = getelementptr i32 %hidden_layer_1, i64 0, i64 5" [../../../../HWSWAI/HLS/SampleDatasetMLP.cpp:97]   --->   Operation 249 'getelementptr' 'hidden_layer_1_addr_5' <Predicate = true> <Delay = 0.00>
ST_35 : Operation 250 [2/2] (0.67ns)   --->   "%hidden_layer_1_load_5 = load i5 %hidden_layer_1_addr_5" [../../../../HWSWAI/HLS/SampleDatasetMLP.cpp:97]   --->   Operation 250 'load' 'hidden_layer_1_load_5' <Predicate = true> <Delay = 0.67> <CoreInst = "RAM">   --->   Core 83 'RAM' <Latency = 1> <II = 1> <Delay = 0.67> <Storage> <Opcode : 'load' 'store'> <Ports = 2> <Width = 32> <Depth = 24> <RAM>

State 36 <SV = 35> <Delay = 0.67>
ST_36 : Operation 251 [1/2] (0.67ns)   --->   "%hidden_layer_1_load_4 = load i5 %hidden_layer_1_addr_4" [../../../../HWSWAI/HLS/SampleDatasetMLP.cpp:97]   --->   Operation 251 'load' 'hidden_layer_1_load_4' <Predicate = true> <Delay = 0.67> <CoreInst = "RAM">   --->   Core 83 'RAM' <Latency = 1> <II = 1> <Delay = 0.67> <Storage> <Opcode : 'load' 'store'> <Ports = 2> <Width = 32> <Depth = 24> <RAM>
ST_36 : Operation 252 [1/2] (0.67ns)   --->   "%hidden_layer_1_load_5 = load i5 %hidden_layer_1_addr_5" [../../../../HWSWAI/HLS/SampleDatasetMLP.cpp:97]   --->   Operation 252 'load' 'hidden_layer_1_load_5' <Predicate = true> <Delay = 0.67> <CoreInst = "RAM">   --->   Core 83 'RAM' <Latency = 1> <II = 1> <Delay = 0.67> <Storage> <Opcode : 'load' 'store'> <Ports = 2> <Width = 32> <Depth = 24> <RAM>
ST_36 : Operation 253 [1/1] (0.00ns)   --->   "%hidden_layer_1_addr_6 = getelementptr i32 %hidden_layer_1, i64 0, i64 6" [../../../../HWSWAI/HLS/SampleDatasetMLP.cpp:97]   --->   Operation 253 'getelementptr' 'hidden_layer_1_addr_6' <Predicate = true> <Delay = 0.00>
ST_36 : Operation 254 [2/2] (0.67ns)   --->   "%hidden_layer_1_load_6 = load i5 %hidden_layer_1_addr_6" [../../../../HWSWAI/HLS/SampleDatasetMLP.cpp:97]   --->   Operation 254 'load' 'hidden_layer_1_load_6' <Predicate = true> <Delay = 0.67> <CoreInst = "RAM">   --->   Core 83 'RAM' <Latency = 1> <II = 1> <Delay = 0.67> <Storage> <Opcode : 'load' 'store'> <Ports = 2> <Width = 32> <Depth = 24> <RAM>
ST_36 : Operation 255 [1/1] (0.00ns)   --->   "%hidden_layer_1_addr_7 = getelementptr i32 %hidden_layer_1, i64 0, i64 7" [../../../../HWSWAI/HLS/SampleDatasetMLP.cpp:97]   --->   Operation 255 'getelementptr' 'hidden_layer_1_addr_7' <Predicate = true> <Delay = 0.00>
ST_36 : Operation 256 [2/2] (0.67ns)   --->   "%hidden_layer_1_load_7 = load i5 %hidden_layer_1_addr_7" [../../../../HWSWAI/HLS/SampleDatasetMLP.cpp:97]   --->   Operation 256 'load' 'hidden_layer_1_load_7' <Predicate = true> <Delay = 0.67> <CoreInst = "RAM">   --->   Core 83 'RAM' <Latency = 1> <II = 1> <Delay = 0.67> <Storage> <Opcode : 'load' 'store'> <Ports = 2> <Width = 32> <Depth = 24> <RAM>

State 37 <SV = 36> <Delay = 0.67>
ST_37 : Operation 257 [1/2] (0.67ns)   --->   "%hidden_layer_1_load_6 = load i5 %hidden_layer_1_addr_6" [../../../../HWSWAI/HLS/SampleDatasetMLP.cpp:97]   --->   Operation 257 'load' 'hidden_layer_1_load_6' <Predicate = true> <Delay = 0.67> <CoreInst = "RAM">   --->   Core 83 'RAM' <Latency = 1> <II = 1> <Delay = 0.67> <Storage> <Opcode : 'load' 'store'> <Ports = 2> <Width = 32> <Depth = 24> <RAM>
ST_37 : Operation 258 [1/2] (0.67ns)   --->   "%hidden_layer_1_load_7 = load i5 %hidden_layer_1_addr_7" [../../../../HWSWAI/HLS/SampleDatasetMLP.cpp:97]   --->   Operation 258 'load' 'hidden_layer_1_load_7' <Predicate = true> <Delay = 0.67> <CoreInst = "RAM">   --->   Core 83 'RAM' <Latency = 1> <II = 1> <Delay = 0.67> <Storage> <Opcode : 'load' 'store'> <Ports = 2> <Width = 32> <Depth = 24> <RAM>
ST_37 : Operation 259 [1/1] (0.00ns)   --->   "%hidden_layer_1_addr_8 = getelementptr i32 %hidden_layer_1, i64 0, i64 8" [../../../../HWSWAI/HLS/SampleDatasetMLP.cpp:97]   --->   Operation 259 'getelementptr' 'hidden_layer_1_addr_8' <Predicate = true> <Delay = 0.00>
ST_37 : Operation 260 [2/2] (0.67ns)   --->   "%hidden_layer_1_load_8 = load i5 %hidden_layer_1_addr_8" [../../../../HWSWAI/HLS/SampleDatasetMLP.cpp:97]   --->   Operation 260 'load' 'hidden_layer_1_load_8' <Predicate = true> <Delay = 0.67> <CoreInst = "RAM">   --->   Core 83 'RAM' <Latency = 1> <II = 1> <Delay = 0.67> <Storage> <Opcode : 'load' 'store'> <Ports = 2> <Width = 32> <Depth = 24> <RAM>
ST_37 : Operation 261 [1/1] (0.00ns)   --->   "%hidden_layer_1_addr_9 = getelementptr i32 %hidden_layer_1, i64 0, i64 9" [../../../../HWSWAI/HLS/SampleDatasetMLP.cpp:97]   --->   Operation 261 'getelementptr' 'hidden_layer_1_addr_9' <Predicate = true> <Delay = 0.00>
ST_37 : Operation 262 [2/2] (0.67ns)   --->   "%hidden_layer_1_load_9 = load i5 %hidden_layer_1_addr_9" [../../../../HWSWAI/HLS/SampleDatasetMLP.cpp:97]   --->   Operation 262 'load' 'hidden_layer_1_load_9' <Predicate = true> <Delay = 0.67> <CoreInst = "RAM">   --->   Core 83 'RAM' <Latency = 1> <II = 1> <Delay = 0.67> <Storage> <Opcode : 'load' 'store'> <Ports = 2> <Width = 32> <Depth = 24> <RAM>

State 38 <SV = 37> <Delay = 0.67>
ST_38 : Operation 263 [1/2] (0.67ns)   --->   "%hidden_layer_1_load_8 = load i5 %hidden_layer_1_addr_8" [../../../../HWSWAI/HLS/SampleDatasetMLP.cpp:97]   --->   Operation 263 'load' 'hidden_layer_1_load_8' <Predicate = true> <Delay = 0.67> <CoreInst = "RAM">   --->   Core 83 'RAM' <Latency = 1> <II = 1> <Delay = 0.67> <Storage> <Opcode : 'load' 'store'> <Ports = 2> <Width = 32> <Depth = 24> <RAM>
ST_38 : Operation 264 [1/2] (0.67ns)   --->   "%hidden_layer_1_load_9 = load i5 %hidden_layer_1_addr_9" [../../../../HWSWAI/HLS/SampleDatasetMLP.cpp:97]   --->   Operation 264 'load' 'hidden_layer_1_load_9' <Predicate = true> <Delay = 0.67> <CoreInst = "RAM">   --->   Core 83 'RAM' <Latency = 1> <II = 1> <Delay = 0.67> <Storage> <Opcode : 'load' 'store'> <Ports = 2> <Width = 32> <Depth = 24> <RAM>
ST_38 : Operation 265 [1/1] (0.00ns)   --->   "%hidden_layer_1_addr_10 = getelementptr i32 %hidden_layer_1, i64 0, i64 10" [../../../../HWSWAI/HLS/SampleDatasetMLP.cpp:97]   --->   Operation 265 'getelementptr' 'hidden_layer_1_addr_10' <Predicate = true> <Delay = 0.00>
ST_38 : Operation 266 [2/2] (0.67ns)   --->   "%hidden_layer_1_load_10 = load i5 %hidden_layer_1_addr_10" [../../../../HWSWAI/HLS/SampleDatasetMLP.cpp:97]   --->   Operation 266 'load' 'hidden_layer_1_load_10' <Predicate = true> <Delay = 0.67> <CoreInst = "RAM">   --->   Core 83 'RAM' <Latency = 1> <II = 1> <Delay = 0.67> <Storage> <Opcode : 'load' 'store'> <Ports = 2> <Width = 32> <Depth = 24> <RAM>
ST_38 : Operation 267 [1/1] (0.00ns)   --->   "%hidden_layer_1_addr_11 = getelementptr i32 %hidden_layer_1, i64 0, i64 11" [../../../../HWSWAI/HLS/SampleDatasetMLP.cpp:97]   --->   Operation 267 'getelementptr' 'hidden_layer_1_addr_11' <Predicate = true> <Delay = 0.00>
ST_38 : Operation 268 [2/2] (0.67ns)   --->   "%hidden_layer_1_load_11 = load i5 %hidden_layer_1_addr_11" [../../../../HWSWAI/HLS/SampleDatasetMLP.cpp:97]   --->   Operation 268 'load' 'hidden_layer_1_load_11' <Predicate = true> <Delay = 0.67> <CoreInst = "RAM">   --->   Core 83 'RAM' <Latency = 1> <II = 1> <Delay = 0.67> <Storage> <Opcode : 'load' 'store'> <Ports = 2> <Width = 32> <Depth = 24> <RAM>

State 39 <SV = 38> <Delay = 0.67>
ST_39 : Operation 269 [1/2] (0.67ns)   --->   "%hidden_layer_1_load_10 = load i5 %hidden_layer_1_addr_10" [../../../../HWSWAI/HLS/SampleDatasetMLP.cpp:97]   --->   Operation 269 'load' 'hidden_layer_1_load_10' <Predicate = true> <Delay = 0.67> <CoreInst = "RAM">   --->   Core 83 'RAM' <Latency = 1> <II = 1> <Delay = 0.67> <Storage> <Opcode : 'load' 'store'> <Ports = 2> <Width = 32> <Depth = 24> <RAM>
ST_39 : Operation 270 [1/2] (0.67ns)   --->   "%hidden_layer_1_load_11 = load i5 %hidden_layer_1_addr_11" [../../../../HWSWAI/HLS/SampleDatasetMLP.cpp:97]   --->   Operation 270 'load' 'hidden_layer_1_load_11' <Predicate = true> <Delay = 0.67> <CoreInst = "RAM">   --->   Core 83 'RAM' <Latency = 1> <II = 1> <Delay = 0.67> <Storage> <Opcode : 'load' 'store'> <Ports = 2> <Width = 32> <Depth = 24> <RAM>
ST_39 : Operation 271 [1/1] (0.00ns)   --->   "%hidden_layer_1_addr_12 = getelementptr i32 %hidden_layer_1, i64 0, i64 12" [../../../../HWSWAI/HLS/SampleDatasetMLP.cpp:97]   --->   Operation 271 'getelementptr' 'hidden_layer_1_addr_12' <Predicate = true> <Delay = 0.00>
ST_39 : Operation 272 [2/2] (0.67ns)   --->   "%hidden_layer_1_load_12 = load i5 %hidden_layer_1_addr_12" [../../../../HWSWAI/HLS/SampleDatasetMLP.cpp:97]   --->   Operation 272 'load' 'hidden_layer_1_load_12' <Predicate = true> <Delay = 0.67> <CoreInst = "RAM">   --->   Core 83 'RAM' <Latency = 1> <II = 1> <Delay = 0.67> <Storage> <Opcode : 'load' 'store'> <Ports = 2> <Width = 32> <Depth = 24> <RAM>
ST_39 : Operation 273 [1/1] (0.00ns)   --->   "%hidden_layer_1_addr_13 = getelementptr i32 %hidden_layer_1, i64 0, i64 13" [../../../../HWSWAI/HLS/SampleDatasetMLP.cpp:97]   --->   Operation 273 'getelementptr' 'hidden_layer_1_addr_13' <Predicate = true> <Delay = 0.00>
ST_39 : Operation 274 [2/2] (0.67ns)   --->   "%hidden_layer_1_load_13 = load i5 %hidden_layer_1_addr_13" [../../../../HWSWAI/HLS/SampleDatasetMLP.cpp:97]   --->   Operation 274 'load' 'hidden_layer_1_load_13' <Predicate = true> <Delay = 0.67> <CoreInst = "RAM">   --->   Core 83 'RAM' <Latency = 1> <II = 1> <Delay = 0.67> <Storage> <Opcode : 'load' 'store'> <Ports = 2> <Width = 32> <Depth = 24> <RAM>

State 40 <SV = 39> <Delay = 0.67>
ST_40 : Operation 275 [1/2] (0.67ns)   --->   "%hidden_layer_1_load_12 = load i5 %hidden_layer_1_addr_12" [../../../../HWSWAI/HLS/SampleDatasetMLP.cpp:97]   --->   Operation 275 'load' 'hidden_layer_1_load_12' <Predicate = true> <Delay = 0.67> <CoreInst = "RAM">   --->   Core 83 'RAM' <Latency = 1> <II = 1> <Delay = 0.67> <Storage> <Opcode : 'load' 'store'> <Ports = 2> <Width = 32> <Depth = 24> <RAM>
ST_40 : Operation 276 [1/2] (0.67ns)   --->   "%hidden_layer_1_load_13 = load i5 %hidden_layer_1_addr_13" [../../../../HWSWAI/HLS/SampleDatasetMLP.cpp:97]   --->   Operation 276 'load' 'hidden_layer_1_load_13' <Predicate = true> <Delay = 0.67> <CoreInst = "RAM">   --->   Core 83 'RAM' <Latency = 1> <II = 1> <Delay = 0.67> <Storage> <Opcode : 'load' 'store'> <Ports = 2> <Width = 32> <Depth = 24> <RAM>
ST_40 : Operation 277 [1/1] (0.00ns)   --->   "%hidden_layer_1_addr_14 = getelementptr i32 %hidden_layer_1, i64 0, i64 14" [../../../../HWSWAI/HLS/SampleDatasetMLP.cpp:97]   --->   Operation 277 'getelementptr' 'hidden_layer_1_addr_14' <Predicate = true> <Delay = 0.00>
ST_40 : Operation 278 [2/2] (0.67ns)   --->   "%hidden_layer_1_load_14 = load i5 %hidden_layer_1_addr_14" [../../../../HWSWAI/HLS/SampleDatasetMLP.cpp:97]   --->   Operation 278 'load' 'hidden_layer_1_load_14' <Predicate = true> <Delay = 0.67> <CoreInst = "RAM">   --->   Core 83 'RAM' <Latency = 1> <II = 1> <Delay = 0.67> <Storage> <Opcode : 'load' 'store'> <Ports = 2> <Width = 32> <Depth = 24> <RAM>
ST_40 : Operation 279 [1/1] (0.00ns)   --->   "%hidden_layer_1_addr_15 = getelementptr i32 %hidden_layer_1, i64 0, i64 15" [../../../../HWSWAI/HLS/SampleDatasetMLP.cpp:97]   --->   Operation 279 'getelementptr' 'hidden_layer_1_addr_15' <Predicate = true> <Delay = 0.00>
ST_40 : Operation 280 [2/2] (0.67ns)   --->   "%hidden_layer_1_load_15 = load i5 %hidden_layer_1_addr_15" [../../../../HWSWAI/HLS/SampleDatasetMLP.cpp:97]   --->   Operation 280 'load' 'hidden_layer_1_load_15' <Predicate = true> <Delay = 0.67> <CoreInst = "RAM">   --->   Core 83 'RAM' <Latency = 1> <II = 1> <Delay = 0.67> <Storage> <Opcode : 'load' 'store'> <Ports = 2> <Width = 32> <Depth = 24> <RAM>

State 41 <SV = 40> <Delay = 0.67>
ST_41 : Operation 281 [1/2] (0.67ns)   --->   "%hidden_layer_1_load_14 = load i5 %hidden_layer_1_addr_14" [../../../../HWSWAI/HLS/SampleDatasetMLP.cpp:97]   --->   Operation 281 'load' 'hidden_layer_1_load_14' <Predicate = true> <Delay = 0.67> <CoreInst = "RAM">   --->   Core 83 'RAM' <Latency = 1> <II = 1> <Delay = 0.67> <Storage> <Opcode : 'load' 'store'> <Ports = 2> <Width = 32> <Depth = 24> <RAM>
ST_41 : Operation 282 [1/2] (0.67ns)   --->   "%hidden_layer_1_load_15 = load i5 %hidden_layer_1_addr_15" [../../../../HWSWAI/HLS/SampleDatasetMLP.cpp:97]   --->   Operation 282 'load' 'hidden_layer_1_load_15' <Predicate = true> <Delay = 0.67> <CoreInst = "RAM">   --->   Core 83 'RAM' <Latency = 1> <II = 1> <Delay = 0.67> <Storage> <Opcode : 'load' 'store'> <Ports = 2> <Width = 32> <Depth = 24> <RAM>
ST_41 : Operation 283 [1/1] (0.00ns)   --->   "%hidden_layer_1_addr_16 = getelementptr i32 %hidden_layer_1, i64 0, i64 16" [../../../../HWSWAI/HLS/SampleDatasetMLP.cpp:97]   --->   Operation 283 'getelementptr' 'hidden_layer_1_addr_16' <Predicate = true> <Delay = 0.00>
ST_41 : Operation 284 [2/2] (0.67ns)   --->   "%hidden_layer_1_load_16 = load i5 %hidden_layer_1_addr_16" [../../../../HWSWAI/HLS/SampleDatasetMLP.cpp:97]   --->   Operation 284 'load' 'hidden_layer_1_load_16' <Predicate = true> <Delay = 0.67> <CoreInst = "RAM">   --->   Core 83 'RAM' <Latency = 1> <II = 1> <Delay = 0.67> <Storage> <Opcode : 'load' 'store'> <Ports = 2> <Width = 32> <Depth = 24> <RAM>
ST_41 : Operation 285 [1/1] (0.00ns)   --->   "%hidden_layer_1_addr_17 = getelementptr i32 %hidden_layer_1, i64 0, i64 17" [../../../../HWSWAI/HLS/SampleDatasetMLP.cpp:97]   --->   Operation 285 'getelementptr' 'hidden_layer_1_addr_17' <Predicate = true> <Delay = 0.00>
ST_41 : Operation 286 [2/2] (0.67ns)   --->   "%hidden_layer_1_load_17 = load i5 %hidden_layer_1_addr_17" [../../../../HWSWAI/HLS/SampleDatasetMLP.cpp:97]   --->   Operation 286 'load' 'hidden_layer_1_load_17' <Predicate = true> <Delay = 0.67> <CoreInst = "RAM">   --->   Core 83 'RAM' <Latency = 1> <II = 1> <Delay = 0.67> <Storage> <Opcode : 'load' 'store'> <Ports = 2> <Width = 32> <Depth = 24> <RAM>

State 42 <SV = 41> <Delay = 0.67>
ST_42 : Operation 287 [1/2] (0.67ns)   --->   "%hidden_layer_1_load_16 = load i5 %hidden_layer_1_addr_16" [../../../../HWSWAI/HLS/SampleDatasetMLP.cpp:97]   --->   Operation 287 'load' 'hidden_layer_1_load_16' <Predicate = true> <Delay = 0.67> <CoreInst = "RAM">   --->   Core 83 'RAM' <Latency = 1> <II = 1> <Delay = 0.67> <Storage> <Opcode : 'load' 'store'> <Ports = 2> <Width = 32> <Depth = 24> <RAM>
ST_42 : Operation 288 [1/2] (0.67ns)   --->   "%hidden_layer_1_load_17 = load i5 %hidden_layer_1_addr_17" [../../../../HWSWAI/HLS/SampleDatasetMLP.cpp:97]   --->   Operation 288 'load' 'hidden_layer_1_load_17' <Predicate = true> <Delay = 0.67> <CoreInst = "RAM">   --->   Core 83 'RAM' <Latency = 1> <II = 1> <Delay = 0.67> <Storage> <Opcode : 'load' 'store'> <Ports = 2> <Width = 32> <Depth = 24> <RAM>
ST_42 : Operation 289 [1/1] (0.00ns)   --->   "%hidden_layer_1_addr_18 = getelementptr i32 %hidden_layer_1, i64 0, i64 18" [../../../../HWSWAI/HLS/SampleDatasetMLP.cpp:97]   --->   Operation 289 'getelementptr' 'hidden_layer_1_addr_18' <Predicate = true> <Delay = 0.00>
ST_42 : Operation 290 [2/2] (0.67ns)   --->   "%hidden_layer_1_load_18 = load i5 %hidden_layer_1_addr_18" [../../../../HWSWAI/HLS/SampleDatasetMLP.cpp:97]   --->   Operation 290 'load' 'hidden_layer_1_load_18' <Predicate = true> <Delay = 0.67> <CoreInst = "RAM">   --->   Core 83 'RAM' <Latency = 1> <II = 1> <Delay = 0.67> <Storage> <Opcode : 'load' 'store'> <Ports = 2> <Width = 32> <Depth = 24> <RAM>
ST_42 : Operation 291 [1/1] (0.00ns)   --->   "%hidden_layer_1_addr_19 = getelementptr i32 %hidden_layer_1, i64 0, i64 19" [../../../../HWSWAI/HLS/SampleDatasetMLP.cpp:97]   --->   Operation 291 'getelementptr' 'hidden_layer_1_addr_19' <Predicate = true> <Delay = 0.00>
ST_42 : Operation 292 [2/2] (0.67ns)   --->   "%hidden_layer_1_load_19 = load i5 %hidden_layer_1_addr_19" [../../../../HWSWAI/HLS/SampleDatasetMLP.cpp:97]   --->   Operation 292 'load' 'hidden_layer_1_load_19' <Predicate = true> <Delay = 0.67> <CoreInst = "RAM">   --->   Core 83 'RAM' <Latency = 1> <II = 1> <Delay = 0.67> <Storage> <Opcode : 'load' 'store'> <Ports = 2> <Width = 32> <Depth = 24> <RAM>

State 43 <SV = 42> <Delay = 0.67>
ST_43 : Operation 293 [1/2] (0.67ns)   --->   "%hidden_layer_1_load_18 = load i5 %hidden_layer_1_addr_18" [../../../../HWSWAI/HLS/SampleDatasetMLP.cpp:97]   --->   Operation 293 'load' 'hidden_layer_1_load_18' <Predicate = true> <Delay = 0.67> <CoreInst = "RAM">   --->   Core 83 'RAM' <Latency = 1> <II = 1> <Delay = 0.67> <Storage> <Opcode : 'load' 'store'> <Ports = 2> <Width = 32> <Depth = 24> <RAM>
ST_43 : Operation 294 [1/2] (0.67ns)   --->   "%hidden_layer_1_load_19 = load i5 %hidden_layer_1_addr_19" [../../../../HWSWAI/HLS/SampleDatasetMLP.cpp:97]   --->   Operation 294 'load' 'hidden_layer_1_load_19' <Predicate = true> <Delay = 0.67> <CoreInst = "RAM">   --->   Core 83 'RAM' <Latency = 1> <II = 1> <Delay = 0.67> <Storage> <Opcode : 'load' 'store'> <Ports = 2> <Width = 32> <Depth = 24> <RAM>
ST_43 : Operation 295 [1/1] (0.00ns)   --->   "%hidden_layer_1_addr_20 = getelementptr i32 %hidden_layer_1, i64 0, i64 20" [../../../../HWSWAI/HLS/SampleDatasetMLP.cpp:97]   --->   Operation 295 'getelementptr' 'hidden_layer_1_addr_20' <Predicate = true> <Delay = 0.00>
ST_43 : Operation 296 [2/2] (0.67ns)   --->   "%hidden_layer_1_load_20 = load i5 %hidden_layer_1_addr_20" [../../../../HWSWAI/HLS/SampleDatasetMLP.cpp:97]   --->   Operation 296 'load' 'hidden_layer_1_load_20' <Predicate = true> <Delay = 0.67> <CoreInst = "RAM">   --->   Core 83 'RAM' <Latency = 1> <II = 1> <Delay = 0.67> <Storage> <Opcode : 'load' 'store'> <Ports = 2> <Width = 32> <Depth = 24> <RAM>
ST_43 : Operation 297 [1/1] (0.00ns)   --->   "%hidden_layer_1_addr_21 = getelementptr i32 %hidden_layer_1, i64 0, i64 21" [../../../../HWSWAI/HLS/SampleDatasetMLP.cpp:97]   --->   Operation 297 'getelementptr' 'hidden_layer_1_addr_21' <Predicate = true> <Delay = 0.00>
ST_43 : Operation 298 [2/2] (0.67ns)   --->   "%hidden_layer_1_load_21 = load i5 %hidden_layer_1_addr_21" [../../../../HWSWAI/HLS/SampleDatasetMLP.cpp:97]   --->   Operation 298 'load' 'hidden_layer_1_load_21' <Predicate = true> <Delay = 0.67> <CoreInst = "RAM">   --->   Core 83 'RAM' <Latency = 1> <II = 1> <Delay = 0.67> <Storage> <Opcode : 'load' 'store'> <Ports = 2> <Width = 32> <Depth = 24> <RAM>

State 44 <SV = 43> <Delay = 0.67>
ST_44 : Operation 299 [1/2] (0.67ns)   --->   "%hidden_layer_1_load_20 = load i5 %hidden_layer_1_addr_20" [../../../../HWSWAI/HLS/SampleDatasetMLP.cpp:97]   --->   Operation 299 'load' 'hidden_layer_1_load_20' <Predicate = true> <Delay = 0.67> <CoreInst = "RAM">   --->   Core 83 'RAM' <Latency = 1> <II = 1> <Delay = 0.67> <Storage> <Opcode : 'load' 'store'> <Ports = 2> <Width = 32> <Depth = 24> <RAM>
ST_44 : Operation 300 [1/2] (0.67ns)   --->   "%hidden_layer_1_load_21 = load i5 %hidden_layer_1_addr_21" [../../../../HWSWAI/HLS/SampleDatasetMLP.cpp:97]   --->   Operation 300 'load' 'hidden_layer_1_load_21' <Predicate = true> <Delay = 0.67> <CoreInst = "RAM">   --->   Core 83 'RAM' <Latency = 1> <II = 1> <Delay = 0.67> <Storage> <Opcode : 'load' 'store'> <Ports = 2> <Width = 32> <Depth = 24> <RAM>
ST_44 : Operation 301 [1/1] (0.00ns)   --->   "%hidden_layer_1_addr_22 = getelementptr i32 %hidden_layer_1, i64 0, i64 22" [../../../../HWSWAI/HLS/SampleDatasetMLP.cpp:97]   --->   Operation 301 'getelementptr' 'hidden_layer_1_addr_22' <Predicate = true> <Delay = 0.00>
ST_44 : Operation 302 [2/2] (0.67ns)   --->   "%hidden_layer_1_load_22 = load i5 %hidden_layer_1_addr_22" [../../../../HWSWAI/HLS/SampleDatasetMLP.cpp:97]   --->   Operation 302 'load' 'hidden_layer_1_load_22' <Predicate = true> <Delay = 0.67> <CoreInst = "RAM">   --->   Core 83 'RAM' <Latency = 1> <II = 1> <Delay = 0.67> <Storage> <Opcode : 'load' 'store'> <Ports = 2> <Width = 32> <Depth = 24> <RAM>
ST_44 : Operation 303 [1/1] (0.00ns)   --->   "%hidden_layer_1_addr_23 = getelementptr i32 %hidden_layer_1, i64 0, i64 23" [../../../../HWSWAI/HLS/SampleDatasetMLP.cpp:97]   --->   Operation 303 'getelementptr' 'hidden_layer_1_addr_23' <Predicate = true> <Delay = 0.00>
ST_44 : Operation 304 [2/2] (0.67ns)   --->   "%hidden_layer_1_load_23 = load i5 %hidden_layer_1_addr_23" [../../../../HWSWAI/HLS/SampleDatasetMLP.cpp:97]   --->   Operation 304 'load' 'hidden_layer_1_load_23' <Predicate = true> <Delay = 0.67> <CoreInst = "RAM">   --->   Core 83 'RAM' <Latency = 1> <II = 1> <Delay = 0.67> <Storage> <Opcode : 'load' 'store'> <Ports = 2> <Width = 32> <Depth = 24> <RAM>

State 45 <SV = 44> <Delay = 0.67>
ST_45 : Operation 305 [1/2] (0.67ns)   --->   "%hidden_layer_1_load_22 = load i5 %hidden_layer_1_addr_22" [../../../../HWSWAI/HLS/SampleDatasetMLP.cpp:97]   --->   Operation 305 'load' 'hidden_layer_1_load_22' <Predicate = true> <Delay = 0.67> <CoreInst = "RAM">   --->   Core 83 'RAM' <Latency = 1> <II = 1> <Delay = 0.67> <Storage> <Opcode : 'load' 'store'> <Ports = 2> <Width = 32> <Depth = 24> <RAM>
ST_45 : Operation 306 [1/2] (0.67ns)   --->   "%hidden_layer_1_load_23 = load i5 %hidden_layer_1_addr_23" [../../../../HWSWAI/HLS/SampleDatasetMLP.cpp:97]   --->   Operation 306 'load' 'hidden_layer_1_load_23' <Predicate = true> <Delay = 0.67> <CoreInst = "RAM">   --->   Core 83 'RAM' <Latency = 1> <II = 1> <Delay = 0.67> <Storage> <Opcode : 'load' 'store'> <Ports = 2> <Width = 32> <Depth = 24> <RAM>
ST_45 : Operation 307 [2/2] (0.00ns)   --->   "%call_ln97 = call void @MLP_Pipeline_VITIS_LOOP_94_5, i32 %hidden_layer_2, i32 %hidden_layer_1_load, i32 %hidden_layer_1_load_1, i32 %hidden_layer_1_load_2, i32 %hidden_layer_1_load_3, i32 %hidden_layer_1_load_4, i32 %hidden_layer_1_load_5, i32 %hidden_layer_1_load_6, i32 %hidden_layer_1_load_7, i32 %hidden_layer_1_load_8, i32 %hidden_layer_1_load_9, i32 %hidden_layer_1_load_10, i32 %hidden_layer_1_load_11, i32 %hidden_layer_1_load_12, i32 %hidden_layer_1_load_13, i32 %hidden_layer_1_load_14, i32 %hidden_layer_1_load_15, i32 %hidden_layer_1_load_16, i32 %hidden_layer_1_load_17, i32 %hidden_layer_1_load_18, i32 %hidden_layer_1_load_19, i32 %hidden_layer_1_load_20, i32 %hidden_layer_1_load_21, i32 %hidden_layer_1_load_22, i32 %hidden_layer_1_load_23, i32 %weights_2_0, i32 %weights_2_1, i32 %weights_2_2, i32 %weights_2_3, i32 %weights_2_4, i32 %weights_2_5, i32 %weights_2_6, i32 %weights_2_7, i32 %weights_2_8, i32 %weights_2_9, i32 %weights_2_10, i32 %weights_2_11, i32 %weights_2_12, i32 %weights_2_13, i32 %weights_2_14, i32 %weights_2_15, i32 %weights_2_16, i32 %weights_2_17, i32 %weights_2_18, i32 %weights_2_19, i32 %weights_2_20, i32 %weights_2_21, i32 %weights_2_22, i32 %weights_2_23, i32 %hidden_bias_2" [../../../../HWSWAI/HLS/SampleDatasetMLP.cpp:97]   --->   Operation 307 'call' 'call_ln97' <Predicate = true> <Delay = 0.00> <CoreType = "Generic">   --->   Core 0 '' <Latency = 0> <II = 1> <Delay = 1.00> <Generic> <Opcode : >

State 46 <SV = 45> <Delay = 0.00>
ST_46 : Operation 308 [1/2] (0.00ns)   --->   "%call_ln97 = call void @MLP_Pipeline_VITIS_LOOP_94_5, i32 %hidden_layer_2, i32 %hidden_layer_1_load, i32 %hidden_layer_1_load_1, i32 %hidden_layer_1_load_2, i32 %hidden_layer_1_load_3, i32 %hidden_layer_1_load_4, i32 %hidden_layer_1_load_5, i32 %hidden_layer_1_load_6, i32 %hidden_layer_1_load_7, i32 %hidden_layer_1_load_8, i32 %hidden_layer_1_load_9, i32 %hidden_layer_1_load_10, i32 %hidden_layer_1_load_11, i32 %hidden_layer_1_load_12, i32 %hidden_layer_1_load_13, i32 %hidden_layer_1_load_14, i32 %hidden_layer_1_load_15, i32 %hidden_layer_1_load_16, i32 %hidden_layer_1_load_17, i32 %hidden_layer_1_load_18, i32 %hidden_layer_1_load_19, i32 %hidden_layer_1_load_20, i32 %hidden_layer_1_load_21, i32 %hidden_layer_1_load_22, i32 %hidden_layer_1_load_23, i32 %weights_2_0, i32 %weights_2_1, i32 %weights_2_2, i32 %weights_2_3, i32 %weights_2_4, i32 %weights_2_5, i32 %weights_2_6, i32 %weights_2_7, i32 %weights_2_8, i32 %weights_2_9, i32 %weights_2_10, i32 %weights_2_11, i32 %weights_2_12, i32 %weights_2_13, i32 %weights_2_14, i32 %weights_2_15, i32 %weights_2_16, i32 %weights_2_17, i32 %weights_2_18, i32 %weights_2_19, i32 %weights_2_20, i32 %weights_2_21, i32 %weights_2_22, i32 %weights_2_23, i32 %hidden_bias_2" [../../../../HWSWAI/HLS/SampleDatasetMLP.cpp:97]   --->   Operation 308 'call' 'call_ln97' <Predicate = true> <Delay = 0.00> <CoreType = "Generic">   --->   Core 0 '' <Latency = 0> <II = 1> <Delay = 1.00> <Generic> <Opcode : >

State 47 <SV = 46> <Delay = 0.67>
ST_47 : Operation 309 [1/1] (0.00ns)   --->   "%hidden_layer_2_addr = getelementptr i32 %hidden_layer_2, i64 0, i64 0" [../../../../HWSWAI/HLS/SampleDatasetMLP.cpp:114]   --->   Operation 309 'getelementptr' 'hidden_layer_2_addr' <Predicate = true> <Delay = 0.00>
ST_47 : Operation 310 [2/2] (0.67ns)   --->   "%hidden_layer_2_load = load i4 %hidden_layer_2_addr" [../../../../HWSWAI/HLS/SampleDatasetMLP.cpp:114]   --->   Operation 310 'load' 'hidden_layer_2_load' <Predicate = true> <Delay = 0.67> <CoreInst = "RAM">   --->   Core 83 'RAM' <Latency = 1> <II = 1> <Delay = 0.67> <Storage> <Opcode : 'load' 'store'> <Ports = 2> <Width = 32> <Depth = 12> <RAM>
ST_47 : Operation 311 [1/1] (0.00ns)   --->   "%hidden_layer_2_addr_1 = getelementptr i32 %hidden_layer_2, i64 0, i64 1" [../../../../HWSWAI/HLS/SampleDatasetMLP.cpp:114]   --->   Operation 311 'getelementptr' 'hidden_layer_2_addr_1' <Predicate = true> <Delay = 0.00>
ST_47 : Operation 312 [2/2] (0.67ns)   --->   "%hidden_layer_2_load_1 = load i4 %hidden_layer_2_addr_1" [../../../../HWSWAI/HLS/SampleDatasetMLP.cpp:114]   --->   Operation 312 'load' 'hidden_layer_2_load_1' <Predicate = true> <Delay = 0.67> <CoreInst = "RAM">   --->   Core 83 'RAM' <Latency = 1> <II = 1> <Delay = 0.67> <Storage> <Opcode : 'load' 'store'> <Ports = 2> <Width = 32> <Depth = 12> <RAM>

State 48 <SV = 47> <Delay = 0.67>
ST_48 : Operation 313 [1/2] (0.67ns)   --->   "%hidden_layer_2_load = load i4 %hidden_layer_2_addr" [../../../../HWSWAI/HLS/SampleDatasetMLP.cpp:114]   --->   Operation 313 'load' 'hidden_layer_2_load' <Predicate = true> <Delay = 0.67> <CoreInst = "RAM">   --->   Core 83 'RAM' <Latency = 1> <II = 1> <Delay = 0.67> <Storage> <Opcode : 'load' 'store'> <Ports = 2> <Width = 32> <Depth = 12> <RAM>
ST_48 : Operation 314 [1/2] (0.67ns)   --->   "%hidden_layer_2_load_1 = load i4 %hidden_layer_2_addr_1" [../../../../HWSWAI/HLS/SampleDatasetMLP.cpp:114]   --->   Operation 314 'load' 'hidden_layer_2_load_1' <Predicate = true> <Delay = 0.67> <CoreInst = "RAM">   --->   Core 83 'RAM' <Latency = 1> <II = 1> <Delay = 0.67> <Storage> <Opcode : 'load' 'store'> <Ports = 2> <Width = 32> <Depth = 12> <RAM>
ST_48 : Operation 315 [1/1] (0.00ns)   --->   "%hidden_layer_2_addr_2 = getelementptr i32 %hidden_layer_2, i64 0, i64 2" [../../../../HWSWAI/HLS/SampleDatasetMLP.cpp:114]   --->   Operation 315 'getelementptr' 'hidden_layer_2_addr_2' <Predicate = true> <Delay = 0.00>
ST_48 : Operation 316 [2/2] (0.67ns)   --->   "%hidden_layer_2_load_2 = load i4 %hidden_layer_2_addr_2" [../../../../HWSWAI/HLS/SampleDatasetMLP.cpp:114]   --->   Operation 316 'load' 'hidden_layer_2_load_2' <Predicate = true> <Delay = 0.67> <CoreInst = "RAM">   --->   Core 83 'RAM' <Latency = 1> <II = 1> <Delay = 0.67> <Storage> <Opcode : 'load' 'store'> <Ports = 2> <Width = 32> <Depth = 12> <RAM>
ST_48 : Operation 317 [1/1] (0.00ns)   --->   "%hidden_layer_2_addr_3 = getelementptr i32 %hidden_layer_2, i64 0, i64 3" [../../../../HWSWAI/HLS/SampleDatasetMLP.cpp:114]   --->   Operation 317 'getelementptr' 'hidden_layer_2_addr_3' <Predicate = true> <Delay = 0.00>
ST_48 : Operation 318 [2/2] (0.67ns)   --->   "%hidden_layer_2_load_3 = load i4 %hidden_layer_2_addr_3" [../../../../HWSWAI/HLS/SampleDatasetMLP.cpp:114]   --->   Operation 318 'load' 'hidden_layer_2_load_3' <Predicate = true> <Delay = 0.67> <CoreInst = "RAM">   --->   Core 83 'RAM' <Latency = 1> <II = 1> <Delay = 0.67> <Storage> <Opcode : 'load' 'store'> <Ports = 2> <Width = 32> <Depth = 12> <RAM>

State 49 <SV = 48> <Delay = 0.67>
ST_49 : Operation 319 [1/2] (0.67ns)   --->   "%hidden_layer_2_load_2 = load i4 %hidden_layer_2_addr_2" [../../../../HWSWAI/HLS/SampleDatasetMLP.cpp:114]   --->   Operation 319 'load' 'hidden_layer_2_load_2' <Predicate = true> <Delay = 0.67> <CoreInst = "RAM">   --->   Core 83 'RAM' <Latency = 1> <II = 1> <Delay = 0.67> <Storage> <Opcode : 'load' 'store'> <Ports = 2> <Width = 32> <Depth = 12> <RAM>
ST_49 : Operation 320 [1/2] (0.67ns)   --->   "%hidden_layer_2_load_3 = load i4 %hidden_layer_2_addr_3" [../../../../HWSWAI/HLS/SampleDatasetMLP.cpp:114]   --->   Operation 320 'load' 'hidden_layer_2_load_3' <Predicate = true> <Delay = 0.67> <CoreInst = "RAM">   --->   Core 83 'RAM' <Latency = 1> <II = 1> <Delay = 0.67> <Storage> <Opcode : 'load' 'store'> <Ports = 2> <Width = 32> <Depth = 12> <RAM>
ST_49 : Operation 321 [1/1] (0.00ns)   --->   "%hidden_layer_2_addr_4 = getelementptr i32 %hidden_layer_2, i64 0, i64 4" [../../../../HWSWAI/HLS/SampleDatasetMLP.cpp:114]   --->   Operation 321 'getelementptr' 'hidden_layer_2_addr_4' <Predicate = true> <Delay = 0.00>
ST_49 : Operation 322 [2/2] (0.67ns)   --->   "%hidden_layer_2_load_4 = load i4 %hidden_layer_2_addr_4" [../../../../HWSWAI/HLS/SampleDatasetMLP.cpp:114]   --->   Operation 322 'load' 'hidden_layer_2_load_4' <Predicate = true> <Delay = 0.67> <CoreInst = "RAM">   --->   Core 83 'RAM' <Latency = 1> <II = 1> <Delay = 0.67> <Storage> <Opcode : 'load' 'store'> <Ports = 2> <Width = 32> <Depth = 12> <RAM>
ST_49 : Operation 323 [1/1] (0.00ns)   --->   "%hidden_layer_2_addr_5 = getelementptr i32 %hidden_layer_2, i64 0, i64 5" [../../../../HWSWAI/HLS/SampleDatasetMLP.cpp:114]   --->   Operation 323 'getelementptr' 'hidden_layer_2_addr_5' <Predicate = true> <Delay = 0.00>
ST_49 : Operation 324 [2/2] (0.67ns)   --->   "%hidden_layer_2_load_5 = load i4 %hidden_layer_2_addr_5" [../../../../HWSWAI/HLS/SampleDatasetMLP.cpp:114]   --->   Operation 324 'load' 'hidden_layer_2_load_5' <Predicate = true> <Delay = 0.67> <CoreInst = "RAM">   --->   Core 83 'RAM' <Latency = 1> <II = 1> <Delay = 0.67> <Storage> <Opcode : 'load' 'store'> <Ports = 2> <Width = 32> <Depth = 12> <RAM>

State 50 <SV = 49> <Delay = 0.67>
ST_50 : Operation 325 [1/2] (0.67ns)   --->   "%hidden_layer_2_load_4 = load i4 %hidden_layer_2_addr_4" [../../../../HWSWAI/HLS/SampleDatasetMLP.cpp:114]   --->   Operation 325 'load' 'hidden_layer_2_load_4' <Predicate = true> <Delay = 0.67> <CoreInst = "RAM">   --->   Core 83 'RAM' <Latency = 1> <II = 1> <Delay = 0.67> <Storage> <Opcode : 'load' 'store'> <Ports = 2> <Width = 32> <Depth = 12> <RAM>
ST_50 : Operation 326 [1/2] (0.67ns)   --->   "%hidden_layer_2_load_5 = load i4 %hidden_layer_2_addr_5" [../../../../HWSWAI/HLS/SampleDatasetMLP.cpp:114]   --->   Operation 326 'load' 'hidden_layer_2_load_5' <Predicate = true> <Delay = 0.67> <CoreInst = "RAM">   --->   Core 83 'RAM' <Latency = 1> <II = 1> <Delay = 0.67> <Storage> <Opcode : 'load' 'store'> <Ports = 2> <Width = 32> <Depth = 12> <RAM>
ST_50 : Operation 327 [1/1] (0.00ns)   --->   "%hidden_layer_2_addr_6 = getelementptr i32 %hidden_layer_2, i64 0, i64 6" [../../../../HWSWAI/HLS/SampleDatasetMLP.cpp:114]   --->   Operation 327 'getelementptr' 'hidden_layer_2_addr_6' <Predicate = true> <Delay = 0.00>
ST_50 : Operation 328 [2/2] (0.67ns)   --->   "%hidden_layer_2_load_6 = load i4 %hidden_layer_2_addr_6" [../../../../HWSWAI/HLS/SampleDatasetMLP.cpp:114]   --->   Operation 328 'load' 'hidden_layer_2_load_6' <Predicate = true> <Delay = 0.67> <CoreInst = "RAM">   --->   Core 83 'RAM' <Latency = 1> <II = 1> <Delay = 0.67> <Storage> <Opcode : 'load' 'store'> <Ports = 2> <Width = 32> <Depth = 12> <RAM>
ST_50 : Operation 329 [1/1] (0.00ns)   --->   "%hidden_layer_2_addr_7 = getelementptr i32 %hidden_layer_2, i64 0, i64 7" [../../../../HWSWAI/HLS/SampleDatasetMLP.cpp:114]   --->   Operation 329 'getelementptr' 'hidden_layer_2_addr_7' <Predicate = true> <Delay = 0.00>
ST_50 : Operation 330 [2/2] (0.67ns)   --->   "%hidden_layer_2_load_7 = load i4 %hidden_layer_2_addr_7" [../../../../HWSWAI/HLS/SampleDatasetMLP.cpp:114]   --->   Operation 330 'load' 'hidden_layer_2_load_7' <Predicate = true> <Delay = 0.67> <CoreInst = "RAM">   --->   Core 83 'RAM' <Latency = 1> <II = 1> <Delay = 0.67> <Storage> <Opcode : 'load' 'store'> <Ports = 2> <Width = 32> <Depth = 12> <RAM>

State 51 <SV = 50> <Delay = 0.67>
ST_51 : Operation 331 [1/2] (0.67ns)   --->   "%hidden_layer_2_load_6 = load i4 %hidden_layer_2_addr_6" [../../../../HWSWAI/HLS/SampleDatasetMLP.cpp:114]   --->   Operation 331 'load' 'hidden_layer_2_load_6' <Predicate = true> <Delay = 0.67> <CoreInst = "RAM">   --->   Core 83 'RAM' <Latency = 1> <II = 1> <Delay = 0.67> <Storage> <Opcode : 'load' 'store'> <Ports = 2> <Width = 32> <Depth = 12> <RAM>
ST_51 : Operation 332 [1/2] (0.67ns)   --->   "%hidden_layer_2_load_7 = load i4 %hidden_layer_2_addr_7" [../../../../HWSWAI/HLS/SampleDatasetMLP.cpp:114]   --->   Operation 332 'load' 'hidden_layer_2_load_7' <Predicate = true> <Delay = 0.67> <CoreInst = "RAM">   --->   Core 83 'RAM' <Latency = 1> <II = 1> <Delay = 0.67> <Storage> <Opcode : 'load' 'store'> <Ports = 2> <Width = 32> <Depth = 12> <RAM>
ST_51 : Operation 333 [1/1] (0.00ns)   --->   "%hidden_layer_2_addr_8 = getelementptr i32 %hidden_layer_2, i64 0, i64 8" [../../../../HWSWAI/HLS/SampleDatasetMLP.cpp:114]   --->   Operation 333 'getelementptr' 'hidden_layer_2_addr_8' <Predicate = true> <Delay = 0.00>
ST_51 : Operation 334 [2/2] (0.67ns)   --->   "%hidden_layer_2_load_8 = load i4 %hidden_layer_2_addr_8" [../../../../HWSWAI/HLS/SampleDatasetMLP.cpp:114]   --->   Operation 334 'load' 'hidden_layer_2_load_8' <Predicate = true> <Delay = 0.67> <CoreInst = "RAM">   --->   Core 83 'RAM' <Latency = 1> <II = 1> <Delay = 0.67> <Storage> <Opcode : 'load' 'store'> <Ports = 2> <Width = 32> <Depth = 12> <RAM>
ST_51 : Operation 335 [1/1] (0.00ns)   --->   "%hidden_layer_2_addr_9 = getelementptr i32 %hidden_layer_2, i64 0, i64 9" [../../../../HWSWAI/HLS/SampleDatasetMLP.cpp:114]   --->   Operation 335 'getelementptr' 'hidden_layer_2_addr_9' <Predicate = true> <Delay = 0.00>
ST_51 : Operation 336 [2/2] (0.67ns)   --->   "%hidden_layer_2_load_9 = load i4 %hidden_layer_2_addr_9" [../../../../HWSWAI/HLS/SampleDatasetMLP.cpp:114]   --->   Operation 336 'load' 'hidden_layer_2_load_9' <Predicate = true> <Delay = 0.67> <CoreInst = "RAM">   --->   Core 83 'RAM' <Latency = 1> <II = 1> <Delay = 0.67> <Storage> <Opcode : 'load' 'store'> <Ports = 2> <Width = 32> <Depth = 12> <RAM>

State 52 <SV = 51> <Delay = 0.67>
ST_52 : Operation 337 [1/2] (0.67ns)   --->   "%hidden_layer_2_load_8 = load i4 %hidden_layer_2_addr_8" [../../../../HWSWAI/HLS/SampleDatasetMLP.cpp:114]   --->   Operation 337 'load' 'hidden_layer_2_load_8' <Predicate = true> <Delay = 0.67> <CoreInst = "RAM">   --->   Core 83 'RAM' <Latency = 1> <II = 1> <Delay = 0.67> <Storage> <Opcode : 'load' 'store'> <Ports = 2> <Width = 32> <Depth = 12> <RAM>
ST_52 : Operation 338 [1/2] (0.67ns)   --->   "%hidden_layer_2_load_9 = load i4 %hidden_layer_2_addr_9" [../../../../HWSWAI/HLS/SampleDatasetMLP.cpp:114]   --->   Operation 338 'load' 'hidden_layer_2_load_9' <Predicate = true> <Delay = 0.67> <CoreInst = "RAM">   --->   Core 83 'RAM' <Latency = 1> <II = 1> <Delay = 0.67> <Storage> <Opcode : 'load' 'store'> <Ports = 2> <Width = 32> <Depth = 12> <RAM>
ST_52 : Operation 339 [1/1] (0.00ns)   --->   "%hidden_layer_2_addr_10 = getelementptr i32 %hidden_layer_2, i64 0, i64 10" [../../../../HWSWAI/HLS/SampleDatasetMLP.cpp:114]   --->   Operation 339 'getelementptr' 'hidden_layer_2_addr_10' <Predicate = true> <Delay = 0.00>
ST_52 : Operation 340 [2/2] (0.67ns)   --->   "%hidden_layer_2_load_10 = load i4 %hidden_layer_2_addr_10" [../../../../HWSWAI/HLS/SampleDatasetMLP.cpp:114]   --->   Operation 340 'load' 'hidden_layer_2_load_10' <Predicate = true> <Delay = 0.67> <CoreInst = "RAM">   --->   Core 83 'RAM' <Latency = 1> <II = 1> <Delay = 0.67> <Storage> <Opcode : 'load' 'store'> <Ports = 2> <Width = 32> <Depth = 12> <RAM>
ST_52 : Operation 341 [1/1] (0.00ns)   --->   "%hidden_layer_2_addr_11 = getelementptr i32 %hidden_layer_2, i64 0, i64 11" [../../../../HWSWAI/HLS/SampleDatasetMLP.cpp:114]   --->   Operation 341 'getelementptr' 'hidden_layer_2_addr_11' <Predicate = true> <Delay = 0.00>
ST_52 : Operation 342 [2/2] (0.67ns)   --->   "%hidden_layer_2_load_11 = load i4 %hidden_layer_2_addr_11" [../../../../HWSWAI/HLS/SampleDatasetMLP.cpp:114]   --->   Operation 342 'load' 'hidden_layer_2_load_11' <Predicate = true> <Delay = 0.67> <CoreInst = "RAM">   --->   Core 83 'RAM' <Latency = 1> <II = 1> <Delay = 0.67> <Storage> <Opcode : 'load' 'store'> <Ports = 2> <Width = 32> <Depth = 12> <RAM>

State 53 <SV = 52> <Delay = 0.67>
ST_53 : Operation 343 [1/2] (0.67ns)   --->   "%hidden_layer_2_load_10 = load i4 %hidden_layer_2_addr_10" [../../../../HWSWAI/HLS/SampleDatasetMLP.cpp:114]   --->   Operation 343 'load' 'hidden_layer_2_load_10' <Predicate = true> <Delay = 0.67> <CoreInst = "RAM">   --->   Core 83 'RAM' <Latency = 1> <II = 1> <Delay = 0.67> <Storage> <Opcode : 'load' 'store'> <Ports = 2> <Width = 32> <Depth = 12> <RAM>
ST_53 : Operation 344 [1/2] (0.67ns)   --->   "%hidden_layer_2_load_11 = load i4 %hidden_layer_2_addr_11" [../../../../HWSWAI/HLS/SampleDatasetMLP.cpp:114]   --->   Operation 344 'load' 'hidden_layer_2_load_11' <Predicate = true> <Delay = 0.67> <CoreInst = "RAM">   --->   Core 83 'RAM' <Latency = 1> <II = 1> <Delay = 0.67> <Storage> <Opcode : 'load' 'store'> <Ports = 2> <Width = 32> <Depth = 12> <RAM>
ST_53 : Operation 345 [2/2] (0.00ns)   --->   "%call_ln114 = call void @MLP_Pipeline_VITIS_LOOP_111_7, i32 %output_layer, i32 %hidden_layer_2_load, i32 %hidden_layer_2_load_1, i32 %hidden_layer_2_load_2, i32 %hidden_layer_2_load_3, i32 %hidden_layer_2_load_4, i32 %hidden_layer_2_load_5, i32 %hidden_layer_2_load_6, i32 %hidden_layer_2_load_7, i32 %hidden_layer_2_load_8, i32 %hidden_layer_2_load_9, i32 %hidden_layer_2_load_10, i32 %hidden_layer_2_load_11, i32 %output_weights_0, i32 %output_weights_1, i32 %output_weights_2, i32 %output_weights_3, i32 %output_weights_4, i32 %output_weights_5, i32 %output_weights_6, i32 %output_weights_7, i32 %output_weights_8, i32 %output_weights_9, i32 %output_weights_10, i32 %output_weights_11, i32 %output_bias" [../../../../HWSWAI/HLS/SampleDatasetMLP.cpp:114]   --->   Operation 345 'call' 'call_ln114' <Predicate = true> <Delay = 0.00> <CoreType = "Generic">   --->   Core 0 '' <Latency = 0> <II = 1> <Delay = 1.00> <Generic> <Opcode : >

State 54 <SV = 53> <Delay = 0.00>
ST_54 : Operation 346 [1/2] (0.00ns)   --->   "%call_ln114 = call void @MLP_Pipeline_VITIS_LOOP_111_7, i32 %output_layer, i32 %hidden_layer_2_load, i32 %hidden_layer_2_load_1, i32 %hidden_layer_2_load_2, i32 %hidden_layer_2_load_3, i32 %hidden_layer_2_load_4, i32 %hidden_layer_2_load_5, i32 %hidden_layer_2_load_6, i32 %hidden_layer_2_load_7, i32 %hidden_layer_2_load_8, i32 %hidden_layer_2_load_9, i32 %hidden_layer_2_load_10, i32 %hidden_layer_2_load_11, i32 %output_weights_0, i32 %output_weights_1, i32 %output_weights_2, i32 %output_weights_3, i32 %output_weights_4, i32 %output_weights_5, i32 %output_weights_6, i32 %output_weights_7, i32 %output_weights_8, i32 %output_weights_9, i32 %output_weights_10, i32 %output_weights_11, i32 %output_bias" [../../../../HWSWAI/HLS/SampleDatasetMLP.cpp:114]   --->   Operation 346 'call' 'call_ln114' <Predicate = true> <Delay = 0.00> <CoreType = "Generic">   --->   Core 0 '' <Latency = 0> <II = 1> <Delay = 1.00> <Generic> <Opcode : >

State 55 <SV = 54> <Delay = 0.00>
ST_55 : Operation 347 [2/2] (0.00ns)   --->   "%call_ln0 = call void @MLP_Pipeline_VITIS_LOOP_123_9, i32 %output_layer, i32 %output_layer_casted"   --->   Operation 347 'call' 'call_ln0' <Predicate = true> <Delay = 0.00> <CoreType = "Generic">   --->   Core 0 '' <Latency = 0> <II = 1> <Delay = 1.00> <Generic> <Opcode : >

State 56 <SV = 55> <Delay = 0.00>
ST_56 : Operation 348 [1/2] (0.00ns)   --->   "%call_ln0 = call void @MLP_Pipeline_VITIS_LOOP_123_9, i32 %output_layer, i32 %output_layer_casted"   --->   Operation 348 'call' 'call_ln0' <Predicate = true> <Delay = 0.00> <CoreType = "Generic">   --->   Core 0 '' <Latency = 0> <II = 1> <Delay = 1.00> <Generic> <Opcode : >

State 57 <SV = 56> <Delay = 0.00>
ST_57 : Operation 349 [1/1] (0.00ns)   --->   "%tmp_keep_V_loc_load = load i4 %tmp_keep_V_loc"   --->   Operation 349 'load' 'tmp_keep_V_loc_load' <Predicate = true> <Delay = 0.00>
ST_57 : Operation 350 [1/1] (0.00ns)   --->   "%tmp_strb_V_loc_load = load i4 %tmp_strb_V_loc"   --->   Operation 350 'load' 'tmp_strb_V_loc_load' <Predicate = true> <Delay = 0.00>
ST_57 : Operation 351 [1/1] (0.00ns)   --->   "%tmp_user_V_loc_load = load i2 %tmp_user_V_loc"   --->   Operation 351 'load' 'tmp_user_V_loc_load' <Predicate = true> <Delay = 0.00>
ST_57 : Operation 352 [1/1] (0.00ns)   --->   "%tmp_id_V_loc_load = load i5 %tmp_id_V_loc"   --->   Operation 352 'load' 'tmp_id_V_loc_load' <Predicate = true> <Delay = 0.00>
ST_57 : Operation 353 [1/1] (0.00ns)   --->   "%tmp_dest_V_loc_load = load i6 %tmp_dest_V_loc"   --->   Operation 353 'load' 'tmp_dest_V_loc_load' <Predicate = true> <Delay = 0.00>
ST_57 : Operation 354 [1/1] (0.00ns)   --->   "%empty_54 = wait i32 @_ssdm_op_Wait"   --->   Operation 354 'wait' 'empty_54' <Predicate = true> <Delay = 0.00>
ST_57 : Operation 355 [2/2] (0.00ns)   --->   "%call_ln0 = call void @MLP_Pipeline_VITIS_LOOP_128_10, i32 %output_layer_casted, i4 %tmp_keep_V_loc_load, i4 %tmp_strb_V_loc_load, i2 %tmp_user_V_loc_load, i5 %tmp_id_V_loc_load, i6 %tmp_dest_V_loc_load, i32 %out_data_V_data_V, i4 %out_data_V_keep_V, i4 %out_data_V_strb_V, i2 %out_data_V_user_V, i1 %out_data_V_last_V, i5 %out_data_V_id_V, i6 %out_data_V_dest_V"   --->   Operation 355 'call' 'call_ln0' <Predicate = true> <Delay = 0.00> <CoreType = "Generic">   --->   Core 0 '' <Latency = 0> <II = 1> <Delay = 1.00> <Generic> <Opcode : >

State 58 <SV = 57> <Delay = 0.67>
ST_58 : Operation 356 [1/2] (0.67ns)   --->   "%call_ln0 = call void @MLP_Pipeline_VITIS_LOOP_128_10, i32 %output_layer_casted, i4 %tmp_keep_V_loc_load, i4 %tmp_strb_V_loc_load, i2 %tmp_user_V_loc_load, i5 %tmp_id_V_loc_load, i6 %tmp_dest_V_loc_load, i32 %out_data_V_data_V, i4 %out_data_V_keep_V, i4 %out_data_V_strb_V, i2 %out_data_V_user_V, i1 %out_data_V_last_V, i5 %out_data_V_id_V, i6 %out_data_V_dest_V"   --->   Operation 356 'call' 'call_ln0' <Predicate = true> <Delay = 0.67> <CoreType = "Generic">   --->   Core 0 '' <Latency = 0> <II = 1> <Delay = 1.00> <Generic> <Opcode : >

State 59 <SV = 58> <Delay = 0.00>
ST_59 : Operation 357 [1/1] (0.00ns)   --->   "%spectopmodule_ln40 = spectopmodule void @_ssdm_op_SpecTopModule, void @empty_2" [../../../../HWSWAI/HLS/SampleDatasetMLP.cpp:40]   --->   Operation 357 'spectopmodule' 'spectopmodule_ln40' <Predicate = true> <Delay = 0.00>
ST_59 : Operation 358 [1/1] (0.00ns)   --->   "%specinterface_ln40 = specinterface void @_ssdm_op_SpecInterface, i32 0, void @empty_3, i32 0, i32 0, void @empty_0, i32 0, i32 0, void @empty_0, void @empty_0, void @empty_0, i32 0, i32 0, i32 0, i32 0, void @empty_0, void @empty_0, i32 4294967295, i32 0" [../../../../HWSWAI/HLS/SampleDatasetMLP.cpp:40]   --->   Operation 358 'specinterface' 'specinterface_ln40' <Predicate = true> <Delay = 0.00>
ST_59 : Operation 359 [1/1] (0.00ns)   --->   "%specinterface_ln0 = specinterface void @_ssdm_op_SpecInterface, i32 %in_data_V_data_V, i4 %in_data_V_keep_V, i4 %in_data_V_strb_V, i2 %in_data_V_user_V, i1 %in_data_V_last_V, i5 %in_data_V_id_V, i6 %in_data_V_dest_V, void @empty_5, i32 1, i32 1, void @empty, i32 0, i32 0, void @empty_0, void @empty_0, void @empty_0, i32 0, i32 0, i32 0, i32 0, void @empty_0, void @empty_0, i32 4294967295, i32 0"   --->   Operation 359 'specinterface' 'specinterface_ln0' <Predicate = true> <Delay = 0.00>
ST_59 : Operation 360 [1/1] (0.00ns)   --->   "%specbitsmap_ln0 = specbitsmap void @_ssdm_op_SpecBitsMap, i32 %in_data_V_data_V"   --->   Operation 360 'specbitsmap' 'specbitsmap_ln0' <Predicate = true> <Delay = 0.00>
ST_59 : Operation 361 [1/1] (0.00ns)   --->   "%specbitsmap_ln0 = specbitsmap void @_ssdm_op_SpecBitsMap, i4 %in_data_V_keep_V"   --->   Operation 361 'specbitsmap' 'specbitsmap_ln0' <Predicate = true> <Delay = 0.00>
ST_59 : Operation 362 [1/1] (0.00ns)   --->   "%specbitsmap_ln0 = specbitsmap void @_ssdm_op_SpecBitsMap, i4 %in_data_V_strb_V"   --->   Operation 362 'specbitsmap' 'specbitsmap_ln0' <Predicate = true> <Delay = 0.00>
ST_59 : Operation 363 [1/1] (0.00ns)   --->   "%specbitsmap_ln0 = specbitsmap void @_ssdm_op_SpecBitsMap, i2 %in_data_V_user_V"   --->   Operation 363 'specbitsmap' 'specbitsmap_ln0' <Predicate = true> <Delay = 0.00>
ST_59 : Operation 364 [1/1] (0.00ns)   --->   "%specbitsmap_ln0 = specbitsmap void @_ssdm_op_SpecBitsMap, i1 %in_data_V_last_V"   --->   Operation 364 'specbitsmap' 'specbitsmap_ln0' <Predicate = true> <Delay = 0.00>
ST_59 : Operation 365 [1/1] (0.00ns)   --->   "%specbitsmap_ln0 = specbitsmap void @_ssdm_op_SpecBitsMap, i5 %in_data_V_id_V"   --->   Operation 365 'specbitsmap' 'specbitsmap_ln0' <Predicate = true> <Delay = 0.00>
ST_59 : Operation 366 [1/1] (0.00ns)   --->   "%specbitsmap_ln0 = specbitsmap void @_ssdm_op_SpecBitsMap, i6 %in_data_V_dest_V"   --->   Operation 366 'specbitsmap' 'specbitsmap_ln0' <Predicate = true> <Delay = 0.00>
ST_59 : Operation 367 [1/1] (0.00ns)   --->   "%specinterface_ln0 = specinterface void @_ssdm_op_SpecInterface, i32 %out_data_V_data_V, i4 %out_data_V_keep_V, i4 %out_data_V_strb_V, i2 %out_data_V_user_V, i1 %out_data_V_last_V, i5 %out_data_V_id_V, i6 %out_data_V_dest_V, void @empty_5, i32 1, i32 1, void @empty, i32 0, i32 0, void @empty_0, void @empty_0, void @empty_0, i32 0, i32 0, i32 0, i32 0, void @empty_0, void @empty_0, i32 4294967295, i32 0"   --->   Operation 367 'specinterface' 'specinterface_ln0' <Predicate = true> <Delay = 0.00>
ST_59 : Operation 368 [1/1] (0.00ns)   --->   "%specbitsmap_ln0 = specbitsmap void @_ssdm_op_SpecBitsMap, i32 %out_data_V_data_V"   --->   Operation 368 'specbitsmap' 'specbitsmap_ln0' <Predicate = true> <Delay = 0.00>
ST_59 : Operation 369 [1/1] (0.00ns)   --->   "%specbitsmap_ln0 = specbitsmap void @_ssdm_op_SpecBitsMap, i4 %out_data_V_keep_V"   --->   Operation 369 'specbitsmap' 'specbitsmap_ln0' <Predicate = true> <Delay = 0.00>
ST_59 : Operation 370 [1/1] (0.00ns)   --->   "%specbitsmap_ln0 = specbitsmap void @_ssdm_op_SpecBitsMap, i4 %out_data_V_strb_V"   --->   Operation 370 'specbitsmap' 'specbitsmap_ln0' <Predicate = true> <Delay = 0.00>
ST_59 : Operation 371 [1/1] (0.00ns)   --->   "%specbitsmap_ln0 = specbitsmap void @_ssdm_op_SpecBitsMap, i2 %out_data_V_user_V"   --->   Operation 371 'specbitsmap' 'specbitsmap_ln0' <Predicate = true> <Delay = 0.00>
ST_59 : Operation 372 [1/1] (0.00ns)   --->   "%specbitsmap_ln0 = specbitsmap void @_ssdm_op_SpecBitsMap, i1 %out_data_V_last_V"   --->   Operation 372 'specbitsmap' 'specbitsmap_ln0' <Predicate = true> <Delay = 0.00>
ST_59 : Operation 373 [1/1] (0.00ns)   --->   "%specbitsmap_ln0 = specbitsmap void @_ssdm_op_SpecBitsMap, i5 %out_data_V_id_V"   --->   Operation 373 'specbitsmap' 'specbitsmap_ln0' <Predicate = true> <Delay = 0.00>
ST_59 : Operation 374 [1/1] (0.00ns)   --->   "%specbitsmap_ln0 = specbitsmap void @_ssdm_op_SpecBitsMap, i6 %out_data_V_dest_V"   --->   Operation 374 'specbitsmap' 'specbitsmap_ln0' <Predicate = true> <Delay = 0.00>
ST_59 : Operation 375 [1/1] (0.00ns)   --->   "%ret_ln138 = ret" [../../../../HWSWAI/HLS/SampleDatasetMLP.cpp:138]   --->   Operation 375 'ret' 'ret_ln138' <Predicate = true> <Delay = 0.00>


============================================================
+ Verbose Summary: Binding
============================================================
STG Binding: 
---------------- STG Properties BEGIN ----------------
- Is combinational: 0
- Is one-state seq: 0
- Is datapath-only: 0
- Is pipelined: 0
- Is top level: 1
Port [ Return ] is wired: 1; IO mode=ap_ctrl_none:ce=0
Port [ in_data_V_data_V]:  wired=1; compound=1; hidden=0; nouse=0; global=0; static=0; extern=0; dir=0; type=0; pingpong=0; private_global=0; IO mode=axis:ce=0
Port [ in_data_V_keep_V]:  wired=1; compound=1; hidden=0; nouse=0; global=0; static=0; extern=0; dir=0; type=0; pingpong=0; private_global=0; IO mode=axis:ce=0
Port [ in_data_V_strb_V]:  wired=1; compound=1; hidden=0; nouse=0; global=0; static=0; extern=0; dir=0; type=0; pingpong=0; private_global=0; IO mode=axis:ce=0
Port [ in_data_V_user_V]:  wired=1; compound=1; hidden=0; nouse=0; global=0; static=0; extern=0; dir=0; type=0; pingpong=0; private_global=0; IO mode=axis:ce=0
Port [ in_data_V_last_V]:  wired=1; compound=1; hidden=0; nouse=0; global=0; static=0; extern=0; dir=0; type=0; pingpong=0; private_global=0; IO mode=axis:ce=0
Port [ in_data_V_id_V]:  wired=1; compound=1; hidden=0; nouse=0; global=0; static=0; extern=0; dir=0; type=0; pingpong=0; private_global=0; IO mode=axis:ce=0
Port [ in_data_V_dest_V]:  wired=1; compound=1; hidden=0; nouse=0; global=0; static=0; extern=0; dir=0; type=0; pingpong=0; private_global=0; IO mode=axis:ce=0
Port [ out_data_V_data_V]:  wired=1; compound=1; hidden=0; nouse=0; global=0; static=0; extern=0; dir=1; type=0; pingpong=0; private_global=0; IO mode=axis:ce=0
Port [ out_data_V_keep_V]:  wired=1; compound=1; hidden=0; nouse=0; global=0; static=0; extern=0; dir=1; type=0; pingpong=0; private_global=0; IO mode=axis:ce=0
Port [ out_data_V_strb_V]:  wired=1; compound=1; hidden=0; nouse=0; global=0; static=0; extern=0; dir=1; type=0; pingpong=0; private_global=0; IO mode=axis:ce=0
Port [ out_data_V_user_V]:  wired=1; compound=1; hidden=0; nouse=0; global=0; static=0; extern=0; dir=1; type=0; pingpong=0; private_global=0; IO mode=axis:ce=0
Port [ out_data_V_last_V]:  wired=1; compound=1; hidden=0; nouse=0; global=0; static=0; extern=0; dir=1; type=0; pingpong=0; private_global=0; IO mode=axis:ce=0
Port [ out_data_V_id_V]:  wired=1; compound=1; hidden=0; nouse=0; global=0; static=0; extern=0; dir=1; type=0; pingpong=0; private_global=0; IO mode=axis:ce=0
Port [ out_data_V_dest_V]:  wired=1; compound=1; hidden=0; nouse=0; global=0; static=0; extern=0; dir=1; type=0; pingpong=0; private_global=0; IO mode=axis:ce=0
Port [ weights_1_0]:  wired=0; compound=1; hidden=1; nouse=1; global=1; static=1; extern=0; dir=0; type=1; pingpong=0; private_global=0; MemPort=[1]; IO mode=ap_memory:ce=0
Port [ weights_1_1]:  wired=0; compound=1; hidden=1; nouse=1; global=1; static=1; extern=0; dir=0; type=1; pingpong=0; private_global=0; MemPort=[1]; IO mode=ap_memory:ce=0
Port [ weights_1_2]:  wired=0; compound=1; hidden=1; nouse=1; global=1; static=1; extern=0; dir=0; type=1; pingpong=0; private_global=0; MemPort=[1]; IO mode=ap_memory:ce=0
Port [ weights_1_3]:  wired=0; compound=1; hidden=1; nouse=1; global=1; static=1; extern=0; dir=0; type=1; pingpong=0; private_global=0; MemPort=[1]; IO mode=ap_memory:ce=0
Port [ weights_1_4]:  wired=0; compound=1; hidden=1; nouse=1; global=1; static=1; extern=0; dir=0; type=1; pingpong=0; private_global=0; MemPort=[1]; IO mode=ap_memory:ce=0
Port [ weights_1_5]:  wired=0; compound=1; hidden=1; nouse=1; global=1; static=1; extern=0; dir=0; type=1; pingpong=0; private_global=0; MemPort=[1]; IO mode=ap_memory:ce=0
Port [ weights_1_6]:  wired=0; compound=1; hidden=1; nouse=1; global=1; static=1; extern=0; dir=0; type=1; pingpong=0; private_global=0; MemPort=[1]; IO mode=ap_memory:ce=0
Port [ weights_1_7]:  wired=0; compound=1; hidden=1; nouse=1; global=1; static=1; extern=0; dir=0; type=1; pingpong=0; private_global=0; MemPort=[1]; IO mode=ap_memory:ce=0
Port [ weights_1_8]:  wired=0; compound=1; hidden=1; nouse=1; global=1; static=1; extern=0; dir=0; type=1; pingpong=0; private_global=0; MemPort=[1]; IO mode=ap_memory:ce=0
Port [ weights_1_9]:  wired=0; compound=1; hidden=1; nouse=1; global=1; static=1; extern=0; dir=0; type=1; pingpong=0; private_global=0; MemPort=[1]; IO mode=ap_memory:ce=0
Port [ weights_1_10]:  wired=0; compound=1; hidden=1; nouse=1; global=1; static=1; extern=0; dir=0; type=1; pingpong=0; private_global=0; MemPort=[1]; IO mode=ap_memory:ce=0
Port [ weights_1_11]:  wired=0; compound=1; hidden=1; nouse=1; global=1; static=1; extern=0; dir=0; type=1; pingpong=0; private_global=0; MemPort=[1]; IO mode=ap_memory:ce=0
Port [ weights_1_12]:  wired=0; compound=1; hidden=1; nouse=1; global=1; static=1; extern=0; dir=0; type=1; pingpong=0; private_global=0; MemPort=[1]; IO mode=ap_memory:ce=0
Port [ weights_1_13]:  wired=0; compound=1; hidden=1; nouse=1; global=1; static=1; extern=0; dir=0; type=1; pingpong=0; private_global=0; MemPort=[1]; IO mode=ap_memory:ce=0
Port [ weights_1_14]:  wired=0; compound=1; hidden=1; nouse=1; global=1; static=1; extern=0; dir=0; type=1; pingpong=0; private_global=0; MemPort=[1]; IO mode=ap_memory:ce=0
Port [ weights_1_15]:  wired=0; compound=1; hidden=1; nouse=1; global=1; static=1; extern=0; dir=0; type=1; pingpong=0; private_global=0; MemPort=[1]; IO mode=ap_memory:ce=0
Port [ weights_1_16]:  wired=0; compound=1; hidden=1; nouse=1; global=1; static=1; extern=0; dir=0; type=1; pingpong=0; private_global=0; MemPort=[1]; IO mode=ap_memory:ce=0
Port [ weights_1_17]:  wired=0; compound=1; hidden=1; nouse=1; global=1; static=1; extern=0; dir=0; type=1; pingpong=0; private_global=0; MemPort=[1]; IO mode=ap_memory:ce=0
Port [ weights_1_18]:  wired=0; compound=1; hidden=1; nouse=1; global=1; static=1; extern=0; dir=0; type=1; pingpong=0; private_global=0; MemPort=[1]; IO mode=ap_memory:ce=0
Port [ weights_1_19]:  wired=0; compound=1; hidden=1; nouse=1; global=1; static=1; extern=0; dir=0; type=1; pingpong=0; private_global=0; MemPort=[1]; IO mode=ap_memory:ce=0
Port [ weights_1_20]:  wired=0; compound=1; hidden=1; nouse=1; global=1; static=1; extern=0; dir=0; type=1; pingpong=0; private_global=0; MemPort=[1]; IO mode=ap_memory:ce=0
Port [ weights_1_21]:  wired=0; compound=1; hidden=1; nouse=1; global=1; static=1; extern=0; dir=0; type=1; pingpong=0; private_global=0; MemPort=[1]; IO mode=ap_memory:ce=0
Port [ weights_1_22]:  wired=0; compound=1; hidden=1; nouse=1; global=1; static=1; extern=0; dir=0; type=1; pingpong=0; private_global=0; MemPort=[1]; IO mode=ap_memory:ce=0
Port [ weights_1_23]:  wired=0; compound=1; hidden=1; nouse=1; global=1; static=1; extern=0; dir=0; type=1; pingpong=0; private_global=0; MemPort=[1]; IO mode=ap_memory:ce=0
Port [ weights_1_24]:  wired=0; compound=1; hidden=1; nouse=1; global=1; static=1; extern=0; dir=0; type=1; pingpong=0; private_global=0; MemPort=[1]; IO mode=ap_memory:ce=0
Port [ weights_1_25]:  wired=0; compound=1; hidden=1; nouse=1; global=1; static=1; extern=0; dir=0; type=1; pingpong=0; private_global=0; MemPort=[1]; IO mode=ap_memory:ce=0
Port [ weights_1_26]:  wired=0; compound=1; hidden=1; nouse=1; global=1; static=1; extern=0; dir=0; type=1; pingpong=0; private_global=0; MemPort=[1]; IO mode=ap_memory:ce=0
Port [ weights_1_27]:  wired=0; compound=1; hidden=1; nouse=1; global=1; static=1; extern=0; dir=0; type=1; pingpong=0; private_global=0; MemPort=[1]; IO mode=ap_memory:ce=0
Port [ weights_1_28]:  wired=0; compound=1; hidden=1; nouse=1; global=1; static=1; extern=0; dir=0; type=1; pingpong=0; private_global=0; MemPort=[1]; IO mode=ap_memory:ce=0
Port [ weights_1_29]:  wired=0; compound=1; hidden=1; nouse=1; global=1; static=1; extern=0; dir=0; type=1; pingpong=0; private_global=0; MemPort=[1]; IO mode=ap_memory:ce=0
Port [ weights_1_30]:  wired=0; compound=1; hidden=1; nouse=1; global=1; static=1; extern=0; dir=0; type=1; pingpong=0; private_global=0; MemPort=[1]; IO mode=ap_memory:ce=0
Port [ weights_1_31]:  wired=0; compound=1; hidden=1; nouse=1; global=1; static=1; extern=0; dir=0; type=1; pingpong=0; private_global=0; MemPort=[1]; IO mode=ap_memory:ce=0
Port [ weights_1_32]:  wired=0; compound=1; hidden=1; nouse=1; global=1; static=1; extern=0; dir=0; type=1; pingpong=0; private_global=0; MemPort=[1]; IO mode=ap_memory:ce=0
Port [ weights_1_33]:  wired=0; compound=1; hidden=1; nouse=1; global=1; static=1; extern=0; dir=0; type=1; pingpong=0; private_global=0; MemPort=[1]; IO mode=ap_memory:ce=0
Port [ weights_1_34]:  wired=0; compound=1; hidden=1; nouse=1; global=1; static=1; extern=0; dir=0; type=1; pingpong=0; private_global=0; MemPort=[1]; IO mode=ap_memory:ce=0
Port [ weights_1_35]:  wired=0; compound=1; hidden=1; nouse=1; global=1; static=1; extern=0; dir=0; type=1; pingpong=0; private_global=0; MemPort=[1]; IO mode=ap_memory:ce=0
Port [ weights_1_36]:  wired=0; compound=1; hidden=1; nouse=1; global=1; static=1; extern=0; dir=0; type=1; pingpong=0; private_global=0; MemPort=[1]; IO mode=ap_memory:ce=0
Port [ weights_1_37]:  wired=0; compound=1; hidden=1; nouse=1; global=1; static=1; extern=0; dir=0; type=1; pingpong=0; private_global=0; MemPort=[1]; IO mode=ap_memory:ce=0
Port [ weights_1_38]:  wired=0; compound=1; hidden=1; nouse=1; global=1; static=1; extern=0; dir=0; type=1; pingpong=0; private_global=0; MemPort=[1]; IO mode=ap_memory:ce=0
Port [ weights_1_39]:  wired=0; compound=1; hidden=1; nouse=1; global=1; static=1; extern=0; dir=0; type=1; pingpong=0; private_global=0; MemPort=[1]; IO mode=ap_memory:ce=0
Port [ weights_1_40]:  wired=0; compound=1; hidden=1; nouse=1; global=1; static=1; extern=0; dir=0; type=1; pingpong=0; private_global=0; MemPort=[1]; IO mode=ap_memory:ce=0
Port [ weights_1_41]:  wired=0; compound=1; hidden=1; nouse=1; global=1; static=1; extern=0; dir=0; type=1; pingpong=0; private_global=0; MemPort=[1]; IO mode=ap_memory:ce=0
Port [ weights_1_42]:  wired=0; compound=1; hidden=1; nouse=1; global=1; static=1; extern=0; dir=0; type=1; pingpong=0; private_global=0; MemPort=[1]; IO mode=ap_memory:ce=0
Port [ weights_1_43]:  wired=0; compound=1; hidden=1; nouse=1; global=1; static=1; extern=0; dir=0; type=1; pingpong=0; private_global=0; MemPort=[1]; IO mode=ap_memory:ce=0
Port [ weights_1_44]:  wired=0; compound=1; hidden=1; nouse=1; global=1; static=1; extern=0; dir=0; type=1; pingpong=0; private_global=0; MemPort=[1]; IO mode=ap_memory:ce=0
Port [ weights_1_45]:  wired=0; compound=1; hidden=1; nouse=1; global=1; static=1; extern=0; dir=0; type=1; pingpong=0; private_global=0; MemPort=[1]; IO mode=ap_memory:ce=0
Port [ weights_1_46]:  wired=0; compound=1; hidden=1; nouse=1; global=1; static=1; extern=0; dir=0; type=1; pingpong=0; private_global=0; MemPort=[1]; IO mode=ap_memory:ce=0
Port [ weights_1_47]:  wired=0; compound=1; hidden=1; nouse=1; global=1; static=1; extern=0; dir=0; type=1; pingpong=0; private_global=0; MemPort=[1]; IO mode=ap_memory:ce=0
Port [ hidden_bias_1]:  wired=0; compound=1; hidden=1; nouse=1; global=1; static=1; extern=0; dir=0; type=1; pingpong=0; private_global=0; MemPort=[1]; IO mode=ap_memory:ce=0
Port [ weights_2_0]:  wired=0; compound=1; hidden=1; nouse=1; global=1; static=1; extern=0; dir=0; type=1; pingpong=0; private_global=0; MemPort=[1]; IO mode=ap_memory:ce=0
Port [ weights_2_1]:  wired=0; compound=1; hidden=1; nouse=1; global=1; static=1; extern=0; dir=0; type=1; pingpong=0; private_global=0; MemPort=[1]; IO mode=ap_memory:ce=0
Port [ weights_2_2]:  wired=0; compound=1; hidden=1; nouse=1; global=1; static=1; extern=0; dir=0; type=1; pingpong=0; private_global=0; MemPort=[1]; IO mode=ap_memory:ce=0
Port [ weights_2_3]:  wired=0; compound=1; hidden=1; nouse=1; global=1; static=1; extern=0; dir=0; type=1; pingpong=0; private_global=0; MemPort=[1]; IO mode=ap_memory:ce=0
Port [ weights_2_4]:  wired=0; compound=1; hidden=1; nouse=1; global=1; static=1; extern=0; dir=0; type=1; pingpong=0; private_global=0; MemPort=[1]; IO mode=ap_memory:ce=0
Port [ weights_2_5]:  wired=0; compound=1; hidden=1; nouse=1; global=1; static=1; extern=0; dir=0; type=1; pingpong=0; private_global=0; MemPort=[1]; IO mode=ap_memory:ce=0
Port [ weights_2_6]:  wired=0; compound=1; hidden=1; nouse=1; global=1; static=1; extern=0; dir=0; type=1; pingpong=0; private_global=0; MemPort=[1]; IO mode=ap_memory:ce=0
Port [ weights_2_7]:  wired=0; compound=1; hidden=1; nouse=1; global=1; static=1; extern=0; dir=0; type=1; pingpong=0; private_global=0; MemPort=[1]; IO mode=ap_memory:ce=0
Port [ weights_2_8]:  wired=0; compound=1; hidden=1; nouse=1; global=1; static=1; extern=0; dir=0; type=1; pingpong=0; private_global=0; MemPort=[1]; IO mode=ap_memory:ce=0
Port [ weights_2_9]:  wired=0; compound=1; hidden=1; nouse=1; global=1; static=1; extern=0; dir=0; type=1; pingpong=0; private_global=0; MemPort=[1]; IO mode=ap_memory:ce=0
Port [ weights_2_10]:  wired=0; compound=1; hidden=1; nouse=1; global=1; static=1; extern=0; dir=0; type=1; pingpong=0; private_global=0; MemPort=[1]; IO mode=ap_memory:ce=0
Port [ weights_2_11]:  wired=0; compound=1; hidden=1; nouse=1; global=1; static=1; extern=0; dir=0; type=1; pingpong=0; private_global=0; MemPort=[1]; IO mode=ap_memory:ce=0
Port [ weights_2_12]:  wired=0; compound=1; hidden=1; nouse=1; global=1; static=1; extern=0; dir=0; type=1; pingpong=0; private_global=0; MemPort=[1]; IO mode=ap_memory:ce=0
Port [ weights_2_13]:  wired=0; compound=1; hidden=1; nouse=1; global=1; static=1; extern=0; dir=0; type=1; pingpong=0; private_global=0; MemPort=[1]; IO mode=ap_memory:ce=0
Port [ weights_2_14]:  wired=0; compound=1; hidden=1; nouse=1; global=1; static=1; extern=0; dir=0; type=1; pingpong=0; private_global=0; MemPort=[1]; IO mode=ap_memory:ce=0
Port [ weights_2_15]:  wired=0; compound=1; hidden=1; nouse=1; global=1; static=1; extern=0; dir=0; type=1; pingpong=0; private_global=0; MemPort=[1]; IO mode=ap_memory:ce=0
Port [ weights_2_16]:  wired=0; compound=1; hidden=1; nouse=1; global=1; static=1; extern=0; dir=0; type=1; pingpong=0; private_global=0; MemPort=[1]; IO mode=ap_memory:ce=0
Port [ weights_2_17]:  wired=0; compound=1; hidden=1; nouse=1; global=1; static=1; extern=0; dir=0; type=1; pingpong=0; private_global=0; MemPort=[1]; IO mode=ap_memory:ce=0
Port [ weights_2_18]:  wired=0; compound=1; hidden=1; nouse=1; global=1; static=1; extern=0; dir=0; type=1; pingpong=0; private_global=0; MemPort=[1]; IO mode=ap_memory:ce=0
Port [ weights_2_19]:  wired=0; compound=1; hidden=1; nouse=1; global=1; static=1; extern=0; dir=0; type=1; pingpong=0; private_global=0; MemPort=[1]; IO mode=ap_memory:ce=0
Port [ weights_2_20]:  wired=0; compound=1; hidden=1; nouse=1; global=1; static=1; extern=0; dir=0; type=1; pingpong=0; private_global=0; MemPort=[1]; IO mode=ap_memory:ce=0
Port [ weights_2_21]:  wired=0; compound=1; hidden=1; nouse=1; global=1; static=1; extern=0; dir=0; type=1; pingpong=0; private_global=0; MemPort=[1]; IO mode=ap_memory:ce=0
Port [ weights_2_22]:  wired=0; compound=1; hidden=1; nouse=1; global=1; static=1; extern=0; dir=0; type=1; pingpong=0; private_global=0; MemPort=[1]; IO mode=ap_memory:ce=0
Port [ weights_2_23]:  wired=0; compound=1; hidden=1; nouse=1; global=1; static=1; extern=0; dir=0; type=1; pingpong=0; private_global=0; MemPort=[1]; IO mode=ap_memory:ce=0
Port [ hidden_bias_2]:  wired=0; compound=1; hidden=1; nouse=1; global=1; static=1; extern=0; dir=0; type=1; pingpong=0; private_global=0; MemPort=[1]; IO mode=ap_memory:ce=0
Port [ output_weights_0]:  wired=0; compound=1; hidden=1; nouse=1; global=1; static=1; extern=0; dir=0; type=1; pingpong=0; private_global=0; MemPort=[1]; IO mode=ap_memory:ce=0
Port [ output_weights_1]:  wired=0; compound=1; hidden=1; nouse=1; global=1; static=1; extern=0; dir=0; type=1; pingpong=0; private_global=0; MemPort=[1]; IO mode=ap_memory:ce=0
Port [ output_weights_2]:  wired=0; compound=1; hidden=1; nouse=1; global=1; static=1; extern=0; dir=0; type=1; pingpong=0; private_global=0; MemPort=[1]; IO mode=ap_memory:ce=0
Port [ output_weights_3]:  wired=0; compound=1; hidden=1; nouse=1; global=1; static=1; extern=0; dir=0; type=1; pingpong=0; private_global=0; MemPort=[1]; IO mode=ap_memory:ce=0
Port [ output_weights_4]:  wired=0; compound=1; hidden=1; nouse=1; global=1; static=1; extern=0; dir=0; type=1; pingpong=0; private_global=0; MemPort=[1]; IO mode=ap_memory:ce=0
Port [ output_weights_5]:  wired=0; compound=1; hidden=1; nouse=1; global=1; static=1; extern=0; dir=0; type=1; pingpong=0; private_global=0; MemPort=[1]; IO mode=ap_memory:ce=0
Port [ output_weights_6]:  wired=0; compound=1; hidden=1; nouse=1; global=1; static=1; extern=0; dir=0; type=1; pingpong=0; private_global=0; MemPort=[1]; IO mode=ap_memory:ce=0
Port [ output_weights_7]:  wired=0; compound=1; hidden=1; nouse=1; global=1; static=1; extern=0; dir=0; type=1; pingpong=0; private_global=0; MemPort=[1]; IO mode=ap_memory:ce=0
Port [ output_weights_8]:  wired=0; compound=1; hidden=1; nouse=1; global=1; static=1; extern=0; dir=0; type=1; pingpong=0; private_global=0; MemPort=[1]; IO mode=ap_memory:ce=0
Port [ output_weights_9]:  wired=0; compound=1; hidden=1; nouse=1; global=1; static=1; extern=0; dir=0; type=1; pingpong=0; private_global=0; MemPort=[1]; IO mode=ap_memory:ce=0
Port [ output_weights_10]:  wired=0; compound=1; hidden=1; nouse=1; global=1; static=1; extern=0; dir=0; type=1; pingpong=0; private_global=0; MemPort=[1]; IO mode=ap_memory:ce=0
Port [ output_weights_11]:  wired=0; compound=1; hidden=1; nouse=1; global=1; static=1; extern=0; dir=0; type=1; pingpong=0; private_global=0; MemPort=[1]; IO mode=ap_memory:ce=0
Port [ output_bias]:  wired=0; compound=1; hidden=1; nouse=1; global=1; static=1; extern=0; dir=0; type=1; pingpong=0; private_global=0; MemPort=[1]; IO mode=ap_memory:ce=0
---------------- STG Properties END ------------------

---------------- Datapath Model BEGIN ----------------

<LifeTime>
<method=bitvector/>
tmp_dest_V_loc                (alloca       ) [ 001111111111111111111111111111111111111111111111111111111100]
tmp_id_V_loc                  (alloca       ) [ 001111111111111111111111111111111111111111111111111111111100]
tmp_user_V_loc                (alloca       ) [ 001111111111111111111111111111111111111111111111111111111100]
tmp_strb_V_loc                (alloca       ) [ 001111111111111111111111111111111111111111111111111111111100]
tmp_keep_V_loc                (alloca       ) [ 001111111111111111111111111111111111111111111111111111111100]
input_features                (alloca       ) [ 001111100000000000000000000000000000000000000000000000000000]
input_features_casted         (alloca       ) [ 001111111111111111111111111111100000000000000000000000000000]
hidden_layer_1                (alloca       ) [ 001111111111111111111111111111111111111111111000000000000000]
hidden_layer_2                (alloca       ) [ 001111111111111111111111111111111111111111111111111110000000]
output_layer                  (alloca       ) [ 001111111111111111111111111111111111111111111111111111111000]
output_layer_casted           (alloca       ) [ 001111111111111111111111111111111111111111111111111111111110]
call_ln0                      (call         ) [ 000000000000000000000000000000000000000000000000000000000000]
call_ln0                      (call         ) [ 000000000000000000000000000000000000000000000000000000000000]
call_ln0                      (call         ) [ 000000000000000000000000000000000000000000000000000000000000]
call_ln0                      (call         ) [ 000000000000000000000000000000000000000000000000000000000000]
call_ln0                      (call         ) [ 000000000000000000000000000000000000000000000000000000000000]
call_ln0                      (call         ) [ 000000000000000000000000000000000000000000000000000000000000]
empty                         (wait         ) [ 000000000000000000000000000000000000000000000000000000000000]
call_ln0                      (call         ) [ 000000000000000000000000000000000000000000000000000000000000]
empty_53                      (wait         ) [ 000000000000000000000000000000000000000000000000000000000000]
call_ln0                      (call         ) [ 000000000000000000000000000000000000000000000000000000000000]
input_features_casted_addr    (getelementptr) [ 000000001000000000000000000000000000000000000000000000000000]
input_features_casted_addr_1  (getelementptr) [ 000000001000000000000000000000000000000000000000000000000000]
input_features_casted_load    (load         ) [ 000000000111111111111111111111111000000000000000000000000000]
input_features_casted_load_1  (load         ) [ 000000000111111111111111111111111000000000000000000000000000]
input_features_casted_addr_2  (getelementptr) [ 000000000100000000000000000000000000000000000000000000000000]
input_features_casted_addr_3  (getelementptr) [ 000000000100000000000000000000000000000000000000000000000000]
input_features_casted_load_2  (load         ) [ 000000000011111111111111111111111000000000000000000000000000]
input_features_casted_load_3  (load         ) [ 000000000011111111111111111111111000000000000000000000000000]
input_features_casted_addr_4  (getelementptr) [ 000000000010000000000000000000000000000000000000000000000000]
input_features_casted_addr_5  (getelementptr) [ 000000000010000000000000000000000000000000000000000000000000]
input_features_casted_load_4  (load         ) [ 000000000001111111111111111111111000000000000000000000000000]
input_features_casted_load_5  (load         ) [ 000000000001111111111111111111111000000000000000000000000000]
input_features_casted_addr_6  (getelementptr) [ 000000000001000000000000000000000000000000000000000000000000]
input_features_casted_addr_7  (getelementptr) [ 000000000001000000000000000000000000000000000000000000000000]
input_features_casted_load_6  (load         ) [ 000000000000111111111111111111111000000000000000000000000000]
input_features_casted_load_7  (load         ) [ 000000000000111111111111111111111000000000000000000000000000]
input_features_casted_addr_8  (getelementptr) [ 000000000000100000000000000000000000000000000000000000000000]
input_features_casted_addr_9  (getelementptr) [ 000000000000100000000000000000000000000000000000000000000000]
input_features_casted_load_8  (load         ) [ 000000000000011111111111111111111000000000000000000000000000]
input_features_casted_load_9  (load         ) [ 000000000000011111111111111111111000000000000000000000000000]
input_features_casted_addr_10 (getelementptr) [ 000000000000010000000000000000000000000000000000000000000000]
input_features_casted_addr_11 (getelementptr) [ 000000000000010000000000000000000000000000000000000000000000]
input_features_casted_load_10 (load         ) [ 000000000000001111111111111111111000000000000000000000000000]
input_features_casted_load_11 (load         ) [ 000000000000001111111111111111111000000000000000000000000000]
input_features_casted_addr_12 (getelementptr) [ 000000000000001000000000000000000000000000000000000000000000]
input_features_casted_addr_13 (getelementptr) [ 000000000000001000000000000000000000000000000000000000000000]
input_features_casted_load_12 (load         ) [ 000000000000000111111111111111111000000000000000000000000000]
input_features_casted_load_13 (load         ) [ 000000000000000111111111111111111000000000000000000000000000]
input_features_casted_addr_14 (getelementptr) [ 000000000000000100000000000000000000000000000000000000000000]
input_features_casted_addr_15 (getelementptr) [ 000000000000000100000000000000000000000000000000000000000000]
input_features_casted_load_14 (load         ) [ 000000000000000011111111111111111000000000000000000000000000]
input_features_casted_load_15 (load         ) [ 000000000000000011111111111111111000000000000000000000000000]
input_features_casted_addr_16 (getelementptr) [ 000000000000000010000000000000000000000000000000000000000000]
input_features_casted_addr_17 (getelementptr) [ 000000000000000010000000000000000000000000000000000000000000]
input_features_casted_load_16 (load         ) [ 000000000000000001111111111111111000000000000000000000000000]
input_features_casted_load_17 (load         ) [ 000000000000000001111111111111111000000000000000000000000000]
input_features_casted_addr_18 (getelementptr) [ 000000000000000001000000000000000000000000000000000000000000]
input_features_casted_addr_19 (getelementptr) [ 000000000000000001000000000000000000000000000000000000000000]
input_features_casted_load_18 (load         ) [ 000000000000000000111111111111111000000000000000000000000000]
input_features_casted_load_19 (load         ) [ 000000000000000000111111111111111000000000000000000000000000]
input_features_casted_addr_20 (getelementptr) [ 000000000000000000100000000000000000000000000000000000000000]
input_features_casted_addr_21 (getelementptr) [ 000000000000000000100000000000000000000000000000000000000000]
input_features_casted_load_20 (load         ) [ 000000000000000000011111111111111000000000000000000000000000]
input_features_casted_load_21 (load         ) [ 000000000000000000011111111111111000000000000000000000000000]
input_features_casted_addr_22 (getelementptr) [ 000000000000000000010000000000000000000000000000000000000000]
input_features_casted_addr_23 (getelementptr) [ 000000000000000000010000000000000000000000000000000000000000]
input_features_casted_load_22 (load         ) [ 000000000000000000001111111111111000000000000000000000000000]
input_features_casted_load_23 (load         ) [ 000000000000000000001111111111111000000000000000000000000000]
input_features_casted_addr_24 (getelementptr) [ 000000000000000000001000000000000000000000000000000000000000]
input_features_casted_addr_25 (getelementptr) [ 000000000000000000001000000000000000000000000000000000000000]
input_features_casted_load_24 (load         ) [ 000000000000000000000111111111111000000000000000000000000000]
input_features_casted_load_25 (load         ) [ 000000000000000000000111111111111000000000000000000000000000]
input_features_casted_addr_26 (getelementptr) [ 000000000000000000000100000000000000000000000000000000000000]
input_features_casted_addr_27 (getelementptr) [ 000000000000000000000100000000000000000000000000000000000000]
input_features_casted_load_26 (load         ) [ 000000000000000000000011111111111000000000000000000000000000]
input_features_casted_load_27 (load         ) [ 000000000000000000000011111111111000000000000000000000000000]
input_features_casted_addr_28 (getelementptr) [ 000000000000000000000010000000000000000000000000000000000000]
input_features_casted_addr_29 (getelementptr) [ 000000000000000000000010000000000000000000000000000000000000]
input_features_casted_load_28 (load         ) [ 000000000000000000000001111111111000000000000000000000000000]
input_features_casted_load_29 (load         ) [ 000000000000000000000001111111111000000000000000000000000000]
input_features_casted_addr_30 (getelementptr) [ 000000000000000000000001000000000000000000000000000000000000]
input_features_casted_addr_31 (getelementptr) [ 000000000000000000000001000000000000000000000000000000000000]
input_features_casted_load_30 (load         ) [ 000000000000000000000000111111111000000000000000000000000000]
input_features_casted_load_31 (load         ) [ 000000000000000000000000111111111000000000000000000000000000]
input_features_casted_addr_32 (getelementptr) [ 000000000000000000000000100000000000000000000000000000000000]
input_features_casted_addr_33 (getelementptr) [ 000000000000000000000000100000000000000000000000000000000000]
input_features_casted_load_32 (load         ) [ 000000000000000000000000011111111000000000000000000000000000]
input_features_casted_load_33 (load         ) [ 000000000000000000000000011111111000000000000000000000000000]
input_features_casted_addr_34 (getelementptr) [ 000000000000000000000000010000000000000000000000000000000000]
input_features_casted_addr_35 (getelementptr) [ 000000000000000000000000010000000000000000000000000000000000]
input_features_casted_load_34 (load         ) [ 000000000000000000000000001111111000000000000000000000000000]
input_features_casted_load_35 (load         ) [ 000000000000000000000000001111111000000000000000000000000000]
input_features_casted_addr_36 (getelementptr) [ 000000000000000000000000001000000000000000000000000000000000]
input_features_casted_addr_37 (getelementptr) [ 000000000000000000000000001000000000000000000000000000000000]
input_features_casted_load_36 (load         ) [ 000000000000000000000000000111111000000000000000000000000000]
input_features_casted_load_37 (load         ) [ 000000000000000000000000000111111000000000000000000000000000]
input_features_casted_addr_38 (getelementptr) [ 000000000000000000000000000100000000000000000000000000000000]
input_features_casted_addr_39 (getelementptr) [ 000000000000000000000000000100000000000000000000000000000000]
input_features_casted_load_38 (load         ) [ 000000000000000000000000000011111000000000000000000000000000]
input_features_casted_load_39 (load         ) [ 000000000000000000000000000011111000000000000000000000000000]
input_features_casted_addr_40 (getelementptr) [ 000000000000000000000000000010000000000000000000000000000000]
input_features_casted_addr_41 (getelementptr) [ 000000000000000000000000000010000000000000000000000000000000]
input_features_casted_load_40 (load         ) [ 000000000000000000000000000001111000000000000000000000000000]
input_features_casted_load_41 (load         ) [ 000000000000000000000000000001111000000000000000000000000000]
input_features_casted_addr_42 (getelementptr) [ 000000000000000000000000000001000000000000000000000000000000]
input_features_casted_addr_43 (getelementptr) [ 000000000000000000000000000001000000000000000000000000000000]
input_features_casted_load_42 (load         ) [ 000000000000000000000000000000111000000000000000000000000000]
input_features_casted_load_43 (load         ) [ 000000000000000000000000000000111000000000000000000000000000]
input_features_casted_addr_44 (getelementptr) [ 000000000000000000000000000000100000000000000000000000000000]
input_features_casted_addr_45 (getelementptr) [ 000000000000000000000000000000100000000000000000000000000000]
input_features_casted_load_44 (load         ) [ 000000000000000000000000000000011000000000000000000000000000]
input_features_casted_load_45 (load         ) [ 000000000000000000000000000000011000000000000000000000000000]
input_features_casted_addr_46 (getelementptr) [ 000000000000000000000000000000010000000000000000000000000000]
input_features_casted_addr_47 (getelementptr) [ 000000000000000000000000000000010000000000000000000000000000]
input_features_casted_load_46 (load         ) [ 000000000000000000000000000000001000000000000000000000000000]
input_features_casted_load_47 (load         ) [ 000000000000000000000000000000001000000000000000000000000000]
call_ln80                     (call         ) [ 000000000000000000000000000000000000000000000000000000000000]
hidden_layer_1_addr           (getelementptr) [ 000000000000000000000000000000000010000000000000000000000000]
hidden_layer_1_addr_1         (getelementptr) [ 000000000000000000000000000000000010000000000000000000000000]
hidden_layer_1_load           (load         ) [ 000000000000000000000000000000000001111111111110000000000000]
hidden_layer_1_load_1         (load         ) [ 000000000000000000000000000000000001111111111110000000000000]
hidden_layer_1_addr_2         (getelementptr) [ 000000000000000000000000000000000001000000000000000000000000]
hidden_layer_1_addr_3         (getelementptr) [ 000000000000000000000000000000000001000000000000000000000000]
hidden_layer_1_load_2         (load         ) [ 000000000000000000000000000000000000111111111110000000000000]
hidden_layer_1_load_3         (load         ) [ 000000000000000000000000000000000000111111111110000000000000]
hidden_layer_1_addr_4         (getelementptr) [ 000000000000000000000000000000000000100000000000000000000000]
hidden_layer_1_addr_5         (getelementptr) [ 000000000000000000000000000000000000100000000000000000000000]
hidden_layer_1_load_4         (load         ) [ 000000000000000000000000000000000000011111111110000000000000]
hidden_layer_1_load_5         (load         ) [ 000000000000000000000000000000000000011111111110000000000000]
hidden_layer_1_addr_6         (getelementptr) [ 000000000000000000000000000000000000010000000000000000000000]
hidden_layer_1_addr_7         (getelementptr) [ 000000000000000000000000000000000000010000000000000000000000]
hidden_layer_1_load_6         (load         ) [ 000000000000000000000000000000000000001111111110000000000000]
hidden_layer_1_load_7         (load         ) [ 000000000000000000000000000000000000001111111110000000000000]
hidden_layer_1_addr_8         (getelementptr) [ 000000000000000000000000000000000000001000000000000000000000]
hidden_layer_1_addr_9         (getelementptr) [ 000000000000000000000000000000000000001000000000000000000000]
hidden_layer_1_load_8         (load         ) [ 000000000000000000000000000000000000000111111110000000000000]
hidden_layer_1_load_9         (load         ) [ 000000000000000000000000000000000000000111111110000000000000]
hidden_layer_1_addr_10        (getelementptr) [ 000000000000000000000000000000000000000100000000000000000000]
hidden_layer_1_addr_11        (getelementptr) [ 000000000000000000000000000000000000000100000000000000000000]
hidden_layer_1_load_10        (load         ) [ 000000000000000000000000000000000000000011111110000000000000]
hidden_layer_1_load_11        (load         ) [ 000000000000000000000000000000000000000011111110000000000000]
hidden_layer_1_addr_12        (getelementptr) [ 000000000000000000000000000000000000000010000000000000000000]
hidden_layer_1_addr_13        (getelementptr) [ 000000000000000000000000000000000000000010000000000000000000]
hidden_layer_1_load_12        (load         ) [ 000000000000000000000000000000000000000001111110000000000000]
hidden_layer_1_load_13        (load         ) [ 000000000000000000000000000000000000000001111110000000000000]
hidden_layer_1_addr_14        (getelementptr) [ 000000000000000000000000000000000000000001000000000000000000]
hidden_layer_1_addr_15        (getelementptr) [ 000000000000000000000000000000000000000001000000000000000000]
hidden_layer_1_load_14        (load         ) [ 000000000000000000000000000000000000000000111110000000000000]
hidden_layer_1_load_15        (load         ) [ 000000000000000000000000000000000000000000111110000000000000]
hidden_layer_1_addr_16        (getelementptr) [ 000000000000000000000000000000000000000000100000000000000000]
hidden_layer_1_addr_17        (getelementptr) [ 000000000000000000000000000000000000000000100000000000000000]
hidden_layer_1_load_16        (load         ) [ 000000000000000000000000000000000000000000011110000000000000]
hidden_layer_1_load_17        (load         ) [ 000000000000000000000000000000000000000000011110000000000000]
hidden_layer_1_addr_18        (getelementptr) [ 000000000000000000000000000000000000000000010000000000000000]
hidden_layer_1_addr_19        (getelementptr) [ 000000000000000000000000000000000000000000010000000000000000]
hidden_layer_1_load_18        (load         ) [ 000000000000000000000000000000000000000000001110000000000000]
hidden_layer_1_load_19        (load         ) [ 000000000000000000000000000000000000000000001110000000000000]
hidden_layer_1_addr_20        (getelementptr) [ 000000000000000000000000000000000000000000001000000000000000]
hidden_layer_1_addr_21        (getelementptr) [ 000000000000000000000000000000000000000000001000000000000000]
hidden_layer_1_load_20        (load         ) [ 000000000000000000000000000000000000000000000110000000000000]
hidden_layer_1_load_21        (load         ) [ 000000000000000000000000000000000000000000000110000000000000]
hidden_layer_1_addr_22        (getelementptr) [ 000000000000000000000000000000000000000000000100000000000000]
hidden_layer_1_addr_23        (getelementptr) [ 000000000000000000000000000000000000000000000100000000000000]
hidden_layer_1_load_22        (load         ) [ 000000000000000000000000000000000000000000000010000000000000]
hidden_layer_1_load_23        (load         ) [ 000000000000000000000000000000000000000000000010000000000000]
call_ln97                     (call         ) [ 000000000000000000000000000000000000000000000000000000000000]
hidden_layer_2_addr           (getelementptr) [ 000000000000000000000000000000000000000000000000100000000000]
hidden_layer_2_addr_1         (getelementptr) [ 000000000000000000000000000000000000000000000000100000000000]
hidden_layer_2_load           (load         ) [ 000000000000000000000000000000000000000000000000011111100000]
hidden_layer_2_load_1         (load         ) [ 000000000000000000000000000000000000000000000000011111100000]
hidden_layer_2_addr_2         (getelementptr) [ 000000000000000000000000000000000000000000000000010000000000]
hidden_layer_2_addr_3         (getelementptr) [ 000000000000000000000000000000000000000000000000010000000000]
hidden_layer_2_load_2         (load         ) [ 000000000000000000000000000000000000000000000000001111100000]
hidden_layer_2_load_3         (load         ) [ 000000000000000000000000000000000000000000000000001111100000]
hidden_layer_2_addr_4         (getelementptr) [ 000000000000000000000000000000000000000000000000001000000000]
hidden_layer_2_addr_5         (getelementptr) [ 000000000000000000000000000000000000000000000000001000000000]
hidden_layer_2_load_4         (load         ) [ 000000000000000000000000000000000000000000000000000111100000]
hidden_layer_2_load_5         (load         ) [ 000000000000000000000000000000000000000000000000000111100000]
hidden_layer_2_addr_6         (getelementptr) [ 000000000000000000000000000000000000000000000000000100000000]
hidden_layer_2_addr_7         (getelementptr) [ 000000000000000000000000000000000000000000000000000100000000]
hidden_layer_2_load_6         (load         ) [ 000000000000000000000000000000000000000000000000000011100000]
hidden_layer_2_load_7         (load         ) [ 000000000000000000000000000000000000000000000000000011100000]
hidden_layer_2_addr_8         (getelementptr) [ 000000000000000000000000000000000000000000000000000010000000]
hidden_layer_2_addr_9         (getelementptr) [ 000000000000000000000000000000000000000000000000000010000000]
hidden_layer_2_load_8         (load         ) [ 000000000000000000000000000000000000000000000000000001100000]
hidden_layer_2_load_9         (load         ) [ 000000000000000000000000000000000000000000000000000001100000]
hidden_layer_2_addr_10        (getelementptr) [ 000000000000000000000000000000000000000000000000000001000000]
hidden_layer_2_addr_11        (getelementptr) [ 000000000000000000000000000000000000000000000000000001000000]
hidden_layer_2_load_10        (load         ) [ 000000000000000000000000000000000000000000000000000000100000]
hidden_layer_2_load_11        (load         ) [ 000000000000000000000000000000000000000000000000000000100000]
call_ln114                    (call         ) [ 000000000000000000000000000000000000000000000000000000000000]
call_ln0                      (call         ) [ 000000000000000000000000000000000000000000000000000000000000]
tmp_keep_V_loc_load           (load         ) [ 000000000000000000000000000000000000000000000000000000000010]
tmp_strb_V_loc_load           (load         ) [ 000000000000000000000000000000000000000000000000000000000010]
tmp_user_V_loc_load           (load         ) [ 000000000000000000000000000000000000000000000000000000000010]
tmp_id_V_loc_load             (load         ) [ 000000000000000000000000000000000000000000000000000000000010]
tmp_dest_V_loc_load           (load         ) [ 000000000000000000000000000000000000000000000000000000000010]
empty_54                      (wait         ) [ 000000000000000000000000000000000000000000000000000000000000]
call_ln0                      (call         ) [ 000000000000000000000000000000000000000000000000000000000000]
spectopmodule_ln40            (spectopmodule) [ 000000000000000000000000000000000000000000000000000000000000]
specinterface_ln40            (specinterface) [ 000000000000000000000000000000000000000000000000000000000000]
specinterface_ln0             (specinterface) [ 000000000000000000000000000000000000000000000000000000000000]
specbitsmap_ln0               (specbitsmap  ) [ 000000000000000000000000000000000000000000000000000000000000]
specbitsmap_ln0               (specbitsmap  ) [ 000000000000000000000000000000000000000000000000000000000000]
specbitsmap_ln0               (specbitsmap  ) [ 000000000000000000000000000000000000000000000000000000000000]
specbitsmap_ln0               (specbitsmap  ) [ 000000000000000000000000000000000000000000000000000000000000]
specbitsmap_ln0               (specbitsmap  ) [ 000000000000000000000000000000000000000000000000000000000000]
specbitsmap_ln0               (specbitsmap  ) [ 000000000000000000000000000000000000000000000000000000000000]
specbitsmap_ln0               (specbitsmap  ) [ 000000000000000000000000000000000000000000000000000000000000]
specinterface_ln0             (specinterface) [ 000000000000000000000000000000000000000000000000000000000000]
specbitsmap_ln0               (specbitsmap  ) [ 000000000000000000000000000000000000000000000000000000000000]
specbitsmap_ln0               (specbitsmap  ) [ 000000000000000000000000000000000000000000000000000000000000]
specbitsmap_ln0               (specbitsmap  ) [ 000000000000000000000000000000000000000000000000000000000000]
specbitsmap_ln0               (specbitsmap  ) [ 000000000000000000000000000000000000000000000000000000000000]
specbitsmap_ln0               (specbitsmap  ) [ 000000000000000000000000000000000000000000000000000000000000]
specbitsmap_ln0               (specbitsmap  ) [ 000000000000000000000000000000000000000000000000000000000000]
specbitsmap_ln0               (specbitsmap  ) [ 000000000000000000000000000000000000000000000000000000000000]
ret_ln138                     (ret          ) [ 000000000000000000000000000000000000000000000000000000000000]
</LifeTime>

<model>

<comp_list>
<comp id="0" class="1000" name="in_data_V_data_V">
<pin_list>
<pin id="1" dir="1" index="0" bw="1" slack="0"/>
</pin_list>
<bind>
<StgValue><ssdm name="in_data_V_data_V"/></StgValue>
</bind>
</comp>

<comp id="2" class="1000" name="in_data_V_keep_V">
<pin_list>
<pin id="3" dir="1" index="0" bw="1" slack="0"/>
</pin_list>
<bind>
<StgValue><ssdm name="in_data_V_keep_V"/></StgValue>
</bind>
</comp>

<comp id="4" class="1000" name="in_data_V_strb_V">
<pin_list>
<pin id="5" dir="1" index="0" bw="1" slack="0"/>
</pin_list>
<bind>
<StgValue><ssdm name="in_data_V_strb_V"/></StgValue>
</bind>
</comp>

<comp id="6" class="1000" name="in_data_V_user_V">
<pin_list>
<pin id="7" dir="1" index="0" bw="1" slack="0"/>
</pin_list>
<bind>
<StgValue><ssdm name="in_data_V_user_V"/></StgValue>
</bind>
</comp>

<comp id="8" class="1000" name="in_data_V_last_V">
<pin_list>
<pin id="9" dir="1" index="0" bw="1" slack="0"/>
</pin_list>
<bind>
<StgValue><ssdm name="in_data_V_last_V"/></StgValue>
</bind>
</comp>

<comp id="10" class="1000" name="in_data_V_id_V">
<pin_list>
<pin id="11" dir="1" index="0" bw="1" slack="0"/>
</pin_list>
<bind>
<StgValue><ssdm name="in_data_V_id_V"/></StgValue>
</bind>
</comp>

<comp id="12" class="1000" name="in_data_V_dest_V">
<pin_list>
<pin id="13" dir="1" index="0" bw="1" slack="0"/>
</pin_list>
<bind>
<StgValue><ssdm name="in_data_V_dest_V"/></StgValue>
</bind>
</comp>

<comp id="14" class="1000" name="out_data_V_data_V">
<pin_list>
<pin id="15" dir="1" index="0" bw="1" slack="0"/>
</pin_list>
<bind>
<StgValue><ssdm name="out_data_V_data_V"/></StgValue>
</bind>
</comp>

<comp id="16" class="1000" name="out_data_V_keep_V">
<pin_list>
<pin id="17" dir="1" index="0" bw="1" slack="0"/>
</pin_list>
<bind>
<StgValue><ssdm name="out_data_V_keep_V"/></StgValue>
</bind>
</comp>

<comp id="18" class="1000" name="out_data_V_strb_V">
<pin_list>
<pin id="19" dir="1" index="0" bw="1" slack="0"/>
</pin_list>
<bind>
<StgValue><ssdm name="out_data_V_strb_V"/></StgValue>
</bind>
</comp>

<comp id="20" class="1000" name="out_data_V_user_V">
<pin_list>
<pin id="21" dir="1" index="0" bw="1" slack="0"/>
</pin_list>
<bind>
<StgValue><ssdm name="out_data_V_user_V"/></StgValue>
</bind>
</comp>

<comp id="22" class="1000" name="out_data_V_last_V">
<pin_list>
<pin id="23" dir="1" index="0" bw="1" slack="0"/>
</pin_list>
<bind>
<StgValue><ssdm name="out_data_V_last_V"/></StgValue>
</bind>
</comp>

<comp id="24" class="1000" name="out_data_V_id_V">
<pin_list>
<pin id="25" dir="1" index="0" bw="1" slack="0"/>
</pin_list>
<bind>
<StgValue><ssdm name="out_data_V_id_V"/></StgValue>
</bind>
</comp>

<comp id="26" class="1000" name="out_data_V_dest_V">
<pin_list>
<pin id="27" dir="1" index="0" bw="1" slack="0"/>
</pin_list>
<bind>
<StgValue><ssdm name="out_data_V_dest_V"/></StgValue>
</bind>
</comp>

<comp id="28" class="1000" name="weights_1_0">
<pin_list>
<pin id="29" dir="1" index="0" bw="1" slack="0"/>
</pin_list>
<bind>
<StgValue><ssdm name="weights_1_0"/><MemPortTyVec>1 </MemPortTyVec>
</StgValue>
</bind>
</comp>

<comp id="30" class="1000" name="weights_1_1">
<pin_list>
<pin id="31" dir="1" index="0" bw="1" slack="0"/>
</pin_list>
<bind>
<StgValue><ssdm name="weights_1_1"/><MemPortTyVec>1 </MemPortTyVec>
</StgValue>
</bind>
</comp>

<comp id="32" class="1000" name="weights_1_2">
<pin_list>
<pin id="33" dir="1" index="0" bw="1" slack="0"/>
</pin_list>
<bind>
<StgValue><ssdm name="weights_1_2"/><MemPortTyVec>1 </MemPortTyVec>
</StgValue>
</bind>
</comp>

<comp id="34" class="1000" name="weights_1_3">
<pin_list>
<pin id="35" dir="1" index="0" bw="1" slack="0"/>
</pin_list>
<bind>
<StgValue><ssdm name="weights_1_3"/><MemPortTyVec>1 </MemPortTyVec>
</StgValue>
</bind>
</comp>

<comp id="36" class="1000" name="weights_1_4">
<pin_list>
<pin id="37" dir="1" index="0" bw="1" slack="0"/>
</pin_list>
<bind>
<StgValue><ssdm name="weights_1_4"/><MemPortTyVec>1 </MemPortTyVec>
</StgValue>
</bind>
</comp>

<comp id="38" class="1000" name="weights_1_5">
<pin_list>
<pin id="39" dir="1" index="0" bw="1" slack="0"/>
</pin_list>
<bind>
<StgValue><ssdm name="weights_1_5"/><MemPortTyVec>1 </MemPortTyVec>
</StgValue>
</bind>
</comp>

<comp id="40" class="1000" name="weights_1_6">
<pin_list>
<pin id="41" dir="1" index="0" bw="1" slack="0"/>
</pin_list>
<bind>
<StgValue><ssdm name="weights_1_6"/><MemPortTyVec>1 </MemPortTyVec>
</StgValue>
</bind>
</comp>

<comp id="42" class="1000" name="weights_1_7">
<pin_list>
<pin id="43" dir="1" index="0" bw="1" slack="0"/>
</pin_list>
<bind>
<StgValue><ssdm name="weights_1_7"/><MemPortTyVec>1 </MemPortTyVec>
</StgValue>
</bind>
</comp>

<comp id="44" class="1000" name="weights_1_8">
<pin_list>
<pin id="45" dir="1" index="0" bw="1" slack="0"/>
</pin_list>
<bind>
<StgValue><ssdm name="weights_1_8"/><MemPortTyVec>1 </MemPortTyVec>
</StgValue>
</bind>
</comp>

<comp id="46" class="1000" name="weights_1_9">
<pin_list>
<pin id="47" dir="1" index="0" bw="1" slack="0"/>
</pin_list>
<bind>
<StgValue><ssdm name="weights_1_9"/><MemPortTyVec>1 </MemPortTyVec>
</StgValue>
</bind>
</comp>

<comp id="48" class="1000" name="weights_1_10">
<pin_list>
<pin id="49" dir="1" index="0" bw="1" slack="0"/>
</pin_list>
<bind>
<StgValue><ssdm name="weights_1_10"/><MemPortTyVec>1 </MemPortTyVec>
</StgValue>
</bind>
</comp>

<comp id="50" class="1000" name="weights_1_11">
<pin_list>
<pin id="51" dir="1" index="0" bw="1" slack="0"/>
</pin_list>
<bind>
<StgValue><ssdm name="weights_1_11"/><MemPortTyVec>1 </MemPortTyVec>
</StgValue>
</bind>
</comp>

<comp id="52" class="1000" name="weights_1_12">
<pin_list>
<pin id="53" dir="1" index="0" bw="1" slack="0"/>
</pin_list>
<bind>
<StgValue><ssdm name="weights_1_12"/><MemPortTyVec>1 </MemPortTyVec>
</StgValue>
</bind>
</comp>

<comp id="54" class="1000" name="weights_1_13">
<pin_list>
<pin id="55" dir="1" index="0" bw="1" slack="0"/>
</pin_list>
<bind>
<StgValue><ssdm name="weights_1_13"/><MemPortTyVec>1 </MemPortTyVec>
</StgValue>
</bind>
</comp>

<comp id="56" class="1000" name="weights_1_14">
<pin_list>
<pin id="57" dir="1" index="0" bw="1" slack="0"/>
</pin_list>
<bind>
<StgValue><ssdm name="weights_1_14"/><MemPortTyVec>1 </MemPortTyVec>
</StgValue>
</bind>
</comp>

<comp id="58" class="1000" name="weights_1_15">
<pin_list>
<pin id="59" dir="1" index="0" bw="1" slack="0"/>
</pin_list>
<bind>
<StgValue><ssdm name="weights_1_15"/><MemPortTyVec>1 </MemPortTyVec>
</StgValue>
</bind>
</comp>

<comp id="60" class="1000" name="weights_1_16">
<pin_list>
<pin id="61" dir="1" index="0" bw="1" slack="0"/>
</pin_list>
<bind>
<StgValue><ssdm name="weights_1_16"/><MemPortTyVec>1 </MemPortTyVec>
</StgValue>
</bind>
</comp>

<comp id="62" class="1000" name="weights_1_17">
<pin_list>
<pin id="63" dir="1" index="0" bw="1" slack="0"/>
</pin_list>
<bind>
<StgValue><ssdm name="weights_1_17"/><MemPortTyVec>1 </MemPortTyVec>
</StgValue>
</bind>
</comp>

<comp id="64" class="1000" name="weights_1_18">
<pin_list>
<pin id="65" dir="1" index="0" bw="1" slack="0"/>
</pin_list>
<bind>
<StgValue><ssdm name="weights_1_18"/><MemPortTyVec>1 </MemPortTyVec>
</StgValue>
</bind>
</comp>

<comp id="66" class="1000" name="weights_1_19">
<pin_list>
<pin id="67" dir="1" index="0" bw="1" slack="0"/>
</pin_list>
<bind>
<StgValue><ssdm name="weights_1_19"/><MemPortTyVec>1 </MemPortTyVec>
</StgValue>
</bind>
</comp>

<comp id="68" class="1000" name="weights_1_20">
<pin_list>
<pin id="69" dir="1" index="0" bw="1" slack="0"/>
</pin_list>
<bind>
<StgValue><ssdm name="weights_1_20"/><MemPortTyVec>1 </MemPortTyVec>
</StgValue>
</bind>
</comp>

<comp id="70" class="1000" name="weights_1_21">
<pin_list>
<pin id="71" dir="1" index="0" bw="1" slack="0"/>
</pin_list>
<bind>
<StgValue><ssdm name="weights_1_21"/><MemPortTyVec>1 </MemPortTyVec>
</StgValue>
</bind>
</comp>

<comp id="72" class="1000" name="weights_1_22">
<pin_list>
<pin id="73" dir="1" index="0" bw="1" slack="0"/>
</pin_list>
<bind>
<StgValue><ssdm name="weights_1_22"/><MemPortTyVec>1 </MemPortTyVec>
</StgValue>
</bind>
</comp>

<comp id="74" class="1000" name="weights_1_23">
<pin_list>
<pin id="75" dir="1" index="0" bw="1" slack="0"/>
</pin_list>
<bind>
<StgValue><ssdm name="weights_1_23"/><MemPortTyVec>1 </MemPortTyVec>
</StgValue>
</bind>
</comp>

<comp id="76" class="1000" name="weights_1_24">
<pin_list>
<pin id="77" dir="1" index="0" bw="1" slack="0"/>
</pin_list>
<bind>
<StgValue><ssdm name="weights_1_24"/><MemPortTyVec>1 </MemPortTyVec>
</StgValue>
</bind>
</comp>

<comp id="78" class="1000" name="weights_1_25">
<pin_list>
<pin id="79" dir="1" index="0" bw="1" slack="0"/>
</pin_list>
<bind>
<StgValue><ssdm name="weights_1_25"/><MemPortTyVec>1 </MemPortTyVec>
</StgValue>
</bind>
</comp>

<comp id="80" class="1000" name="weights_1_26">
<pin_list>
<pin id="81" dir="1" index="0" bw="1" slack="0"/>
</pin_list>
<bind>
<StgValue><ssdm name="weights_1_26"/><MemPortTyVec>1 </MemPortTyVec>
</StgValue>
</bind>
</comp>

<comp id="82" class="1000" name="weights_1_27">
<pin_list>
<pin id="83" dir="1" index="0" bw="1" slack="0"/>
</pin_list>
<bind>
<StgValue><ssdm name="weights_1_27"/><MemPortTyVec>1 </MemPortTyVec>
</StgValue>
</bind>
</comp>

<comp id="84" class="1000" name="weights_1_28">
<pin_list>
<pin id="85" dir="1" index="0" bw="1" slack="0"/>
</pin_list>
<bind>
<StgValue><ssdm name="weights_1_28"/><MemPortTyVec>1 </MemPortTyVec>
</StgValue>
</bind>
</comp>

<comp id="86" class="1000" name="weights_1_29">
<pin_list>
<pin id="87" dir="1" index="0" bw="1" slack="0"/>
</pin_list>
<bind>
<StgValue><ssdm name="weights_1_29"/><MemPortTyVec>1 </MemPortTyVec>
</StgValue>
</bind>
</comp>

<comp id="88" class="1000" name="weights_1_30">
<pin_list>
<pin id="89" dir="1" index="0" bw="1" slack="0"/>
</pin_list>
<bind>
<StgValue><ssdm name="weights_1_30"/><MemPortTyVec>1 </MemPortTyVec>
</StgValue>
</bind>
</comp>

<comp id="90" class="1000" name="weights_1_31">
<pin_list>
<pin id="91" dir="1" index="0" bw="1" slack="0"/>
</pin_list>
<bind>
<StgValue><ssdm name="weights_1_31"/><MemPortTyVec>1 </MemPortTyVec>
</StgValue>
</bind>
</comp>

<comp id="92" class="1000" name="weights_1_32">
<pin_list>
<pin id="93" dir="1" index="0" bw="1" slack="0"/>
</pin_list>
<bind>
<StgValue><ssdm name="weights_1_32"/><MemPortTyVec>1 </MemPortTyVec>
</StgValue>
</bind>
</comp>

<comp id="94" class="1000" name="weights_1_33">
<pin_list>
<pin id="95" dir="1" index="0" bw="1" slack="0"/>
</pin_list>
<bind>
<StgValue><ssdm name="weights_1_33"/><MemPortTyVec>1 </MemPortTyVec>
</StgValue>
</bind>
</comp>

<comp id="96" class="1000" name="weights_1_34">
<pin_list>
<pin id="97" dir="1" index="0" bw="1" slack="0"/>
</pin_list>
<bind>
<StgValue><ssdm name="weights_1_34"/><MemPortTyVec>1 </MemPortTyVec>
</StgValue>
</bind>
</comp>

<comp id="98" class="1000" name="weights_1_35">
<pin_list>
<pin id="99" dir="1" index="0" bw="1" slack="0"/>
</pin_list>
<bind>
<StgValue><ssdm name="weights_1_35"/><MemPortTyVec>1 </MemPortTyVec>
</StgValue>
</bind>
</comp>

<comp id="100" class="1000" name="weights_1_36">
<pin_list>
<pin id="101" dir="1" index="0" bw="1" slack="0"/>
</pin_list>
<bind>
<StgValue><ssdm name="weights_1_36"/><MemPortTyVec>1 </MemPortTyVec>
</StgValue>
</bind>
</comp>

<comp id="102" class="1000" name="weights_1_37">
<pin_list>
<pin id="103" dir="1" index="0" bw="1" slack="0"/>
</pin_list>
<bind>
<StgValue><ssdm name="weights_1_37"/><MemPortTyVec>1 </MemPortTyVec>
</StgValue>
</bind>
</comp>

<comp id="104" class="1000" name="weights_1_38">
<pin_list>
<pin id="105" dir="1" index="0" bw="1" slack="0"/>
</pin_list>
<bind>
<StgValue><ssdm name="weights_1_38"/><MemPortTyVec>1 </MemPortTyVec>
</StgValue>
</bind>
</comp>

<comp id="106" class="1000" name="weights_1_39">
<pin_list>
<pin id="107" dir="1" index="0" bw="1" slack="0"/>
</pin_list>
<bind>
<StgValue><ssdm name="weights_1_39"/><MemPortTyVec>1 </MemPortTyVec>
</StgValue>
</bind>
</comp>

<comp id="108" class="1000" name="weights_1_40">
<pin_list>
<pin id="109" dir="1" index="0" bw="1" slack="0"/>
</pin_list>
<bind>
<StgValue><ssdm name="weights_1_40"/><MemPortTyVec>1 </MemPortTyVec>
</StgValue>
</bind>
</comp>

<comp id="110" class="1000" name="weights_1_41">
<pin_list>
<pin id="111" dir="1" index="0" bw="1" slack="0"/>
</pin_list>
<bind>
<StgValue><ssdm name="weights_1_41"/><MemPortTyVec>1 </MemPortTyVec>
</StgValue>
</bind>
</comp>

<comp id="112" class="1000" name="weights_1_42">
<pin_list>
<pin id="113" dir="1" index="0" bw="1" slack="0"/>
</pin_list>
<bind>
<StgValue><ssdm name="weights_1_42"/><MemPortTyVec>1 </MemPortTyVec>
</StgValue>
</bind>
</comp>

<comp id="114" class="1000" name="weights_1_43">
<pin_list>
<pin id="115" dir="1" index="0" bw="1" slack="0"/>
</pin_list>
<bind>
<StgValue><ssdm name="weights_1_43"/><MemPortTyVec>1 </MemPortTyVec>
</StgValue>
</bind>
</comp>

<comp id="116" class="1000" name="weights_1_44">
<pin_list>
<pin id="117" dir="1" index="0" bw="1" slack="0"/>
</pin_list>
<bind>
<StgValue><ssdm name="weights_1_44"/><MemPortTyVec>1 </MemPortTyVec>
</StgValue>
</bind>
</comp>

<comp id="118" class="1000" name="weights_1_45">
<pin_list>
<pin id="119" dir="1" index="0" bw="1" slack="0"/>
</pin_list>
<bind>
<StgValue><ssdm name="weights_1_45"/><MemPortTyVec>1 </MemPortTyVec>
</StgValue>
</bind>
</comp>

<comp id="120" class="1000" name="weights_1_46">
<pin_list>
<pin id="121" dir="1" index="0" bw="1" slack="0"/>
</pin_list>
<bind>
<StgValue><ssdm name="weights_1_46"/><MemPortTyVec>1 </MemPortTyVec>
</StgValue>
</bind>
</comp>

<comp id="122" class="1000" name="weights_1_47">
<pin_list>
<pin id="123" dir="1" index="0" bw="1" slack="0"/>
</pin_list>
<bind>
<StgValue><ssdm name="weights_1_47"/><MemPortTyVec>1 </MemPortTyVec>
</StgValue>
</bind>
</comp>

<comp id="124" class="1000" name="hidden_bias_1">
<pin_list>
<pin id="125" dir="1" index="0" bw="1" slack="0"/>
</pin_list>
<bind>
<StgValue><ssdm name="hidden_bias_1"/><MemPortTyVec>1 </MemPortTyVec>
</StgValue>
</bind>
</comp>

<comp id="126" class="1000" name="weights_2_0">
<pin_list>
<pin id="127" dir="1" index="0" bw="1" slack="0"/>
</pin_list>
<bind>
<StgValue><ssdm name="weights_2_0"/><MemPortTyVec>1 </MemPortTyVec>
</StgValue>
</bind>
</comp>

<comp id="128" class="1000" name="weights_2_1">
<pin_list>
<pin id="129" dir="1" index="0" bw="1" slack="0"/>
</pin_list>
<bind>
<StgValue><ssdm name="weights_2_1"/><MemPortTyVec>1 </MemPortTyVec>
</StgValue>
</bind>
</comp>

<comp id="130" class="1000" name="weights_2_2">
<pin_list>
<pin id="131" dir="1" index="0" bw="1" slack="0"/>
</pin_list>
<bind>
<StgValue><ssdm name="weights_2_2"/><MemPortTyVec>1 </MemPortTyVec>
</StgValue>
</bind>
</comp>

<comp id="132" class="1000" name="weights_2_3">
<pin_list>
<pin id="133" dir="1" index="0" bw="1" slack="0"/>
</pin_list>
<bind>
<StgValue><ssdm name="weights_2_3"/><MemPortTyVec>1 </MemPortTyVec>
</StgValue>
</bind>
</comp>

<comp id="134" class="1000" name="weights_2_4">
<pin_list>
<pin id="135" dir="1" index="0" bw="1" slack="0"/>
</pin_list>
<bind>
<StgValue><ssdm name="weights_2_4"/><MemPortTyVec>1 </MemPortTyVec>
</StgValue>
</bind>
</comp>

<comp id="136" class="1000" name="weights_2_5">
<pin_list>
<pin id="137" dir="1" index="0" bw="1" slack="0"/>
</pin_list>
<bind>
<StgValue><ssdm name="weights_2_5"/><MemPortTyVec>1 </MemPortTyVec>
</StgValue>
</bind>
</comp>

<comp id="138" class="1000" name="weights_2_6">
<pin_list>
<pin id="139" dir="1" index="0" bw="1" slack="0"/>
</pin_list>
<bind>
<StgValue><ssdm name="weights_2_6"/><MemPortTyVec>1 </MemPortTyVec>
</StgValue>
</bind>
</comp>

<comp id="140" class="1000" name="weights_2_7">
<pin_list>
<pin id="141" dir="1" index="0" bw="1" slack="0"/>
</pin_list>
<bind>
<StgValue><ssdm name="weights_2_7"/><MemPortTyVec>1 </MemPortTyVec>
</StgValue>
</bind>
</comp>

<comp id="142" class="1000" name="weights_2_8">
<pin_list>
<pin id="143" dir="1" index="0" bw="1" slack="0"/>
</pin_list>
<bind>
<StgValue><ssdm name="weights_2_8"/><MemPortTyVec>1 </MemPortTyVec>
</StgValue>
</bind>
</comp>

<comp id="144" class="1000" name="weights_2_9">
<pin_list>
<pin id="145" dir="1" index="0" bw="1" slack="0"/>
</pin_list>
<bind>
<StgValue><ssdm name="weights_2_9"/><MemPortTyVec>1 </MemPortTyVec>
</StgValue>
</bind>
</comp>

<comp id="146" class="1000" name="weights_2_10">
<pin_list>
<pin id="147" dir="1" index="0" bw="1" slack="0"/>
</pin_list>
<bind>
<StgValue><ssdm name="weights_2_10"/><MemPortTyVec>1 </MemPortTyVec>
</StgValue>
</bind>
</comp>

<comp id="148" class="1000" name="weights_2_11">
<pin_list>
<pin id="149" dir="1" index="0" bw="1" slack="0"/>
</pin_list>
<bind>
<StgValue><ssdm name="weights_2_11"/><MemPortTyVec>1 </MemPortTyVec>
</StgValue>
</bind>
</comp>

<comp id="150" class="1000" name="weights_2_12">
<pin_list>
<pin id="151" dir="1" index="0" bw="1" slack="0"/>
</pin_list>
<bind>
<StgValue><ssdm name="weights_2_12"/><MemPortTyVec>1 </MemPortTyVec>
</StgValue>
</bind>
</comp>

<comp id="152" class="1000" name="weights_2_13">
<pin_list>
<pin id="153" dir="1" index="0" bw="1" slack="0"/>
</pin_list>
<bind>
<StgValue><ssdm name="weights_2_13"/><MemPortTyVec>1 </MemPortTyVec>
</StgValue>
</bind>
</comp>

<comp id="154" class="1000" name="weights_2_14">
<pin_list>
<pin id="155" dir="1" index="0" bw="1" slack="0"/>
</pin_list>
<bind>
<StgValue><ssdm name="weights_2_14"/><MemPortTyVec>1 </MemPortTyVec>
</StgValue>
</bind>
</comp>

<comp id="156" class="1000" name="weights_2_15">
<pin_list>
<pin id="157" dir="1" index="0" bw="1" slack="0"/>
</pin_list>
<bind>
<StgValue><ssdm name="weights_2_15"/><MemPortTyVec>1 </MemPortTyVec>
</StgValue>
</bind>
</comp>

<comp id="158" class="1000" name="weights_2_16">
<pin_list>
<pin id="159" dir="1" index="0" bw="1" slack="0"/>
</pin_list>
<bind>
<StgValue><ssdm name="weights_2_16"/><MemPortTyVec>1 </MemPortTyVec>
</StgValue>
</bind>
</comp>

<comp id="160" class="1000" name="weights_2_17">
<pin_list>
<pin id="161" dir="1" index="0" bw="1" slack="0"/>
</pin_list>
<bind>
<StgValue><ssdm name="weights_2_17"/><MemPortTyVec>1 </MemPortTyVec>
</StgValue>
</bind>
</comp>

<comp id="162" class="1000" name="weights_2_18">
<pin_list>
<pin id="163" dir="1" index="0" bw="1" slack="0"/>
</pin_list>
<bind>
<StgValue><ssdm name="weights_2_18"/><MemPortTyVec>1 </MemPortTyVec>
</StgValue>
</bind>
</comp>

<comp id="164" class="1000" name="weights_2_19">
<pin_list>
<pin id="165" dir="1" index="0" bw="1" slack="0"/>
</pin_list>
<bind>
<StgValue><ssdm name="weights_2_19"/><MemPortTyVec>1 </MemPortTyVec>
</StgValue>
</bind>
</comp>

<comp id="166" class="1000" name="weights_2_20">
<pin_list>
<pin id="167" dir="1" index="0" bw="1" slack="0"/>
</pin_list>
<bind>
<StgValue><ssdm name="weights_2_20"/><MemPortTyVec>1 </MemPortTyVec>
</StgValue>
</bind>
</comp>

<comp id="168" class="1000" name="weights_2_21">
<pin_list>
<pin id="169" dir="1" index="0" bw="1" slack="0"/>
</pin_list>
<bind>
<StgValue><ssdm name="weights_2_21"/><MemPortTyVec>1 </MemPortTyVec>
</StgValue>
</bind>
</comp>

<comp id="170" class="1000" name="weights_2_22">
<pin_list>
<pin id="171" dir="1" index="0" bw="1" slack="0"/>
</pin_list>
<bind>
<StgValue><ssdm name="weights_2_22"/><MemPortTyVec>1 </MemPortTyVec>
</StgValue>
</bind>
</comp>

<comp id="172" class="1000" name="weights_2_23">
<pin_list>
<pin id="173" dir="1" index="0" bw="1" slack="0"/>
</pin_list>
<bind>
<StgValue><ssdm name="weights_2_23"/><MemPortTyVec>1 </MemPortTyVec>
</StgValue>
</bind>
</comp>

<comp id="174" class="1000" name="hidden_bias_2">
<pin_list>
<pin id="175" dir="1" index="0" bw="1" slack="0"/>
</pin_list>
<bind>
<StgValue><ssdm name="hidden_bias_2"/><MemPortTyVec>1 </MemPortTyVec>
</StgValue>
</bind>
</comp>

<comp id="176" class="1000" name="output_weights_0">
<pin_list>
<pin id="177" dir="1" index="0" bw="1" slack="0"/>
</pin_list>
<bind>
<StgValue><ssdm name="output_weights_0"/><MemPortTyVec>1 </MemPortTyVec>
</StgValue>
</bind>
</comp>

<comp id="178" class="1000" name="output_weights_1">
<pin_list>
<pin id="179" dir="1" index="0" bw="1" slack="0"/>
</pin_list>
<bind>
<StgValue><ssdm name="output_weights_1"/><MemPortTyVec>1 </MemPortTyVec>
</StgValue>
</bind>
</comp>

<comp id="180" class="1000" name="output_weights_2">
<pin_list>
<pin id="181" dir="1" index="0" bw="1" slack="0"/>
</pin_list>
<bind>
<StgValue><ssdm name="output_weights_2"/><MemPortTyVec>1 </MemPortTyVec>
</StgValue>
</bind>
</comp>

<comp id="182" class="1000" name="output_weights_3">
<pin_list>
<pin id="183" dir="1" index="0" bw="1" slack="0"/>
</pin_list>
<bind>
<StgValue><ssdm name="output_weights_3"/><MemPortTyVec>1 </MemPortTyVec>
</StgValue>
</bind>
</comp>

<comp id="184" class="1000" name="output_weights_4">
<pin_list>
<pin id="185" dir="1" index="0" bw="1" slack="0"/>
</pin_list>
<bind>
<StgValue><ssdm name="output_weights_4"/><MemPortTyVec>1 </MemPortTyVec>
</StgValue>
</bind>
</comp>

<comp id="186" class="1000" name="output_weights_5">
<pin_list>
<pin id="187" dir="1" index="0" bw="1" slack="0"/>
</pin_list>
<bind>
<StgValue><ssdm name="output_weights_5"/><MemPortTyVec>1 </MemPortTyVec>
</StgValue>
</bind>
</comp>

<comp id="188" class="1000" name="output_weights_6">
<pin_list>
<pin id="189" dir="1" index="0" bw="1" slack="0"/>
</pin_list>
<bind>
<StgValue><ssdm name="output_weights_6"/><MemPortTyVec>1 </MemPortTyVec>
</StgValue>
</bind>
</comp>

<comp id="190" class="1000" name="output_weights_7">
<pin_list>
<pin id="191" dir="1" index="0" bw="1" slack="0"/>
</pin_list>
<bind>
<StgValue><ssdm name="output_weights_7"/><MemPortTyVec>1 </MemPortTyVec>
</StgValue>
</bind>
</comp>

<comp id="192" class="1000" name="output_weights_8">
<pin_list>
<pin id="193" dir="1" index="0" bw="1" slack="0"/>
</pin_list>
<bind>
<StgValue><ssdm name="output_weights_8"/><MemPortTyVec>1 </MemPortTyVec>
</StgValue>
</bind>
</comp>

<comp id="194" class="1000" name="output_weights_9">
<pin_list>
<pin id="195" dir="1" index="0" bw="1" slack="0"/>
</pin_list>
<bind>
<StgValue><ssdm name="output_weights_9"/><MemPortTyVec>1 </MemPortTyVec>
</StgValue>
</bind>
</comp>

<comp id="196" class="1000" name="output_weights_10">
<pin_list>
<pin id="197" dir="1" index="0" bw="1" slack="0"/>
</pin_list>
<bind>
<StgValue><ssdm name="output_weights_10"/><MemPortTyVec>1 </MemPortTyVec>
</StgValue>
</bind>
</comp>

<comp id="198" class="1000" name="output_weights_11">
<pin_list>
<pin id="199" dir="1" index="0" bw="1" slack="0"/>
</pin_list>
<bind>
<StgValue><ssdm name="output_weights_11"/><MemPortTyVec>1 </MemPortTyVec>
</StgValue>
</bind>
</comp>

<comp id="200" class="1000" name="output_bias">
<pin_list>
<pin id="201" dir="1" index="0" bw="1" slack="0"/>
</pin_list>
<bind>
<StgValue><ssdm name="output_bias"/><MemPortTyVec>1 </MemPortTyVec>
</StgValue>
</bind>
</comp>

<comp id="202" class="1001" name="const_202">
<pin_list>
<pin id="203" dir="1" index="0" bw="1" slack="0"/>
</pin_list>
<bind>
<StgValue><ssdm name=""/></StgValue>
</bind>
</comp>

<comp id="204" class="1001" name="const_204">
<pin_list>
<pin id="205" dir="1" index="0" bw="1" slack="0"/>
</pin_list>
<bind>
<StgValue><ssdm name="MLP_Pipeline_1"/></StgValue>
</bind>
</comp>

<comp id="206" class="1001" name="const_206">
<pin_list>
<pin id="207" dir="1" index="0" bw="1" slack="0"/>
</pin_list>
<bind>
<StgValue><ssdm name="MLP_Pipeline_2"/></StgValue>
</bind>
</comp>

<comp id="208" class="1001" name="const_208">
<pin_list>
<pin id="209" dir="1" index="0" bw="1" slack="0"/>
</pin_list>
<bind>
<StgValue><ssdm name="MLP_Pipeline_3"/></StgValue>
</bind>
</comp>

<comp id="210" class="1001" name="const_210">
<pin_list>
<pin id="211" dir="1" index="0" bw="1" slack="0"/>
</pin_list>
<bind>
<StgValue><ssdm name="MLP_Pipeline_4"/></StgValue>
</bind>
</comp>

<comp id="212" class="1001" name="const_212">
<pin_list>
<pin id="213" dir="1" index="0" bw="1" slack="0"/>
</pin_list>
<bind>
<StgValue><ssdm name="MLP_Pipeline_5"/></StgValue>
</bind>
</comp>

<comp id="214" class="1001" name="const_214">
<pin_list>
<pin id="215" dir="1" index="0" bw="1" slack="0"/>
</pin_list>
<bind>
<StgValue><ssdm name="MLP_Pipeline_6"/></StgValue>
</bind>
</comp>

<comp id="216" class="1001" name="const_216">
<pin_list>
<pin id="217" dir="1" index="0" bw="1" slack="2147483647"/>
</pin_list>
<bind>
<StgValue><ssdm name="_ssdm_op_Wait"/></StgValue>
</bind>
</comp>

<comp id="218" class="1001" name="const_218">
<pin_list>
<pin id="219" dir="1" index="0" bw="1" slack="0"/>
</pin_list>
<bind>
<StgValue><ssdm name="MLP_Pipeline_VITIS_LOOP_58_1"/></StgValue>
</bind>
</comp>

<comp id="220" class="1001" name="const_220">
<pin_list>
<pin id="221" dir="1" index="0" bw="1" slack="0"/>
</pin_list>
<bind>
<StgValue><ssdm name="MLP_Pipeline_VITIS_LOOP_69_2"/></StgValue>
</bind>
</comp>

<comp id="222" class="1001" name="const_222">
<pin_list>
<pin id="223" dir="1" index="0" bw="1" slack="0"/>
</pin_list>
<bind>
<StgValue><ssdm name=""/></StgValue>
</bind>
</comp>

<comp id="224" class="1001" name="const_224">
<pin_list>
<pin id="225" dir="1" index="0" bw="1" slack="0"/>
</pin_list>
<bind>
<StgValue><ssdm name=""/></StgValue>
</bind>
</comp>

<comp id="226" class="1001" name="const_226">
<pin_list>
<pin id="227" dir="1" index="0" bw="1" slack="0"/>
</pin_list>
<bind>
<StgValue><ssdm name=""/></StgValue>
</bind>
</comp>

<comp id="228" class="1001" name="const_228">
<pin_list>
<pin id="229" dir="1" index="0" bw="1" slack="0"/>
</pin_list>
<bind>
<StgValue><ssdm name=""/></StgValue>
</bind>
</comp>

<comp id="230" class="1001" name="const_230">
<pin_list>
<pin id="231" dir="1" index="0" bw="1" slack="0"/>
</pin_list>
<bind>
<StgValue><ssdm name=""/></StgValue>
</bind>
</comp>

<comp id="232" class="1001" name="const_232">
<pin_list>
<pin id="233" dir="1" index="0" bw="1" slack="0"/>
</pin_list>
<bind>
<StgValue><ssdm name=""/></StgValue>
</bind>
</comp>

<comp id="234" class="1001" name="const_234">
<pin_list>
<pin id="235" dir="1" index="0" bw="1" slack="0"/>
</pin_list>
<bind>
<StgValue><ssdm name=""/></StgValue>
</bind>
</comp>

<comp id="236" class="1001" name="const_236">
<pin_list>
<pin id="237" dir="1" index="0" bw="1" slack="0"/>
</pin_list>
<bind>
<StgValue><ssdm name=""/></StgValue>
</bind>
</comp>

<comp id="238" class="1001" name="const_238">
<pin_list>
<pin id="239" dir="1" index="0" bw="1" slack="0"/>
</pin_list>
<bind>
<StgValue><ssdm name=""/></StgValue>
</bind>
</comp>

<comp id="240" class="1001" name="const_240">
<pin_list>
<pin id="241" dir="1" index="0" bw="1" slack="0"/>
</pin_list>
<bind>
<StgValue><ssdm name=""/></StgValue>
</bind>
</comp>

<comp id="242" class="1001" name="const_242">
<pin_list>
<pin id="243" dir="1" index="0" bw="1" slack="0"/>
</pin_list>
<bind>
<StgValue><ssdm name=""/></StgValue>
</bind>
</comp>

<comp id="244" class="1001" name="const_244">
<pin_list>
<pin id="245" dir="1" index="0" bw="1" slack="0"/>
</pin_list>
<bind>
<StgValue><ssdm name=""/></StgValue>
</bind>
</comp>

<comp id="246" class="1001" name="const_246">
<pin_list>
<pin id="247" dir="1" index="0" bw="1" slack="0"/>
</pin_list>
<bind>
<StgValue><ssdm name=""/></StgValue>
</bind>
</comp>

<comp id="248" class="1001" name="const_248">
<pin_list>
<pin id="249" dir="1" index="0" bw="1" slack="0"/>
</pin_list>
<bind>
<StgValue><ssdm name=""/></StgValue>
</bind>
</comp>

<comp id="250" class="1001" name="const_250">
<pin_list>
<pin id="251" dir="1" index="0" bw="1" slack="0"/>
</pin_list>
<bind>
<StgValue><ssdm name=""/></StgValue>
</bind>
</comp>

<comp id="252" class="1001" name="const_252">
<pin_list>
<pin id="253" dir="1" index="0" bw="1" slack="0"/>
</pin_list>
<bind>
<StgValue><ssdm name=""/></StgValue>
</bind>
</comp>

<comp id="254" class="1001" name="const_254">
<pin_list>
<pin id="255" dir="1" index="0" bw="1" slack="0"/>
</pin_list>
<bind>
<StgValue><ssdm name=""/></StgValue>
</bind>
</comp>

<comp id="256" class="1001" name="const_256">
<pin_list>
<pin id="257" dir="1" index="0" bw="1" slack="0"/>
</pin_list>
<bind>
<StgValue><ssdm name=""/></StgValue>
</bind>
</comp>

<comp id="258" class="1001" name="const_258">
<pin_list>
<pin id="259" dir="1" index="0" bw="1" slack="0"/>
</pin_list>
<bind>
<StgValue><ssdm name=""/></StgValue>
</bind>
</comp>

<comp id="260" class="1001" name="const_260">
<pin_list>
<pin id="261" dir="1" index="0" bw="1" slack="0"/>
</pin_list>
<bind>
<StgValue><ssdm name=""/></StgValue>
</bind>
</comp>

<comp id="262" class="1001" name="const_262">
<pin_list>
<pin id="263" dir="1" index="0" bw="1" slack="0"/>
</pin_list>
<bind>
<StgValue><ssdm name=""/></StgValue>
</bind>
</comp>

<comp id="264" class="1001" name="const_264">
<pin_list>
<pin id="265" dir="1" index="0" bw="1" slack="0"/>
</pin_list>
<bind>
<StgValue><ssdm name=""/></StgValue>
</bind>
</comp>

<comp id="266" class="1001" name="const_266">
<pin_list>
<pin id="267" dir="1" index="0" bw="1" slack="0"/>
</pin_list>
<bind>
<StgValue><ssdm name=""/></StgValue>
</bind>
</comp>

<comp id="268" class="1001" name="const_268">
<pin_list>
<pin id="269" dir="1" index="0" bw="1" slack="0"/>
</pin_list>
<bind>
<StgValue><ssdm name=""/></StgValue>
</bind>
</comp>

<comp id="270" class="1001" name="const_270">
<pin_list>
<pin id="271" dir="1" index="0" bw="1" slack="0"/>
</pin_list>
<bind>
<StgValue><ssdm name=""/></StgValue>
</bind>
</comp>

<comp id="272" class="1001" name="const_272">
<pin_list>
<pin id="273" dir="1" index="0" bw="1" slack="0"/>
</pin_list>
<bind>
<StgValue><ssdm name=""/></StgValue>
</bind>
</comp>

<comp id="274" class="1001" name="const_274">
<pin_list>
<pin id="275" dir="1" index="0" bw="1" slack="0"/>
</pin_list>
<bind>
<StgValue><ssdm name=""/></StgValue>
</bind>
</comp>

<comp id="276" class="1001" name="const_276">
<pin_list>
<pin id="277" dir="1" index="0" bw="1" slack="0"/>
</pin_list>
<bind>
<StgValue><ssdm name=""/></StgValue>
</bind>
</comp>

<comp id="278" class="1001" name="const_278">
<pin_list>
<pin id="279" dir="1" index="0" bw="1" slack="0"/>
</pin_list>
<bind>
<StgValue><ssdm name=""/></StgValue>
</bind>
</comp>

<comp id="280" class="1001" name="const_280">
<pin_list>
<pin id="281" dir="1" index="0" bw="1" slack="0"/>
</pin_list>
<bind>
<StgValue><ssdm name=""/></StgValue>
</bind>
</comp>

<comp id="282" class="1001" name="const_282">
<pin_list>
<pin id="283" dir="1" index="0" bw="1" slack="0"/>
</pin_list>
<bind>
<StgValue><ssdm name=""/></StgValue>
</bind>
</comp>

<comp id="284" class="1001" name="const_284">
<pin_list>
<pin id="285" dir="1" index="0" bw="1" slack="0"/>
</pin_list>
<bind>
<StgValue><ssdm name=""/></StgValue>
</bind>
</comp>

<comp id="286" class="1001" name="const_286">
<pin_list>
<pin id="287" dir="1" index="0" bw="1" slack="0"/>
</pin_list>
<bind>
<StgValue><ssdm name=""/></StgValue>
</bind>
</comp>

<comp id="288" class="1001" name="const_288">
<pin_list>
<pin id="289" dir="1" index="0" bw="1" slack="0"/>
</pin_list>
<bind>
<StgValue><ssdm name=""/></StgValue>
</bind>
</comp>

<comp id="290" class="1001" name="const_290">
<pin_list>
<pin id="291" dir="1" index="0" bw="1" slack="0"/>
</pin_list>
<bind>
<StgValue><ssdm name=""/></StgValue>
</bind>
</comp>

<comp id="292" class="1001" name="const_292">
<pin_list>
<pin id="293" dir="1" index="0" bw="1" slack="0"/>
</pin_list>
<bind>
<StgValue><ssdm name=""/></StgValue>
</bind>
</comp>

<comp id="294" class="1001" name="const_294">
<pin_list>
<pin id="295" dir="1" index="0" bw="1" slack="0"/>
</pin_list>
<bind>
<StgValue><ssdm name=""/></StgValue>
</bind>
</comp>

<comp id="296" class="1001" name="const_296">
<pin_list>
<pin id="297" dir="1" index="0" bw="1" slack="0"/>
</pin_list>
<bind>
<StgValue><ssdm name=""/></StgValue>
</bind>
</comp>

<comp id="298" class="1001" name="const_298">
<pin_list>
<pin id="299" dir="1" index="0" bw="1" slack="0"/>
</pin_list>
<bind>
<StgValue><ssdm name=""/></StgValue>
</bind>
</comp>

<comp id="300" class="1001" name="const_300">
<pin_list>
<pin id="301" dir="1" index="0" bw="1" slack="0"/>
</pin_list>
<bind>
<StgValue><ssdm name=""/></StgValue>
</bind>
</comp>

<comp id="302" class="1001" name="const_302">
<pin_list>
<pin id="303" dir="1" index="0" bw="1" slack="0"/>
</pin_list>
<bind>
<StgValue><ssdm name=""/></StgValue>
</bind>
</comp>

<comp id="304" class="1001" name="const_304">
<pin_list>
<pin id="305" dir="1" index="0" bw="1" slack="0"/>
</pin_list>
<bind>
<StgValue><ssdm name=""/></StgValue>
</bind>
</comp>

<comp id="306" class="1001" name="const_306">
<pin_list>
<pin id="307" dir="1" index="0" bw="1" slack="0"/>
</pin_list>
<bind>
<StgValue><ssdm name=""/></StgValue>
</bind>
</comp>

<comp id="308" class="1001" name="const_308">
<pin_list>
<pin id="309" dir="1" index="0" bw="1" slack="0"/>
</pin_list>
<bind>
<StgValue><ssdm name=""/></StgValue>
</bind>
</comp>

<comp id="310" class="1001" name="const_310">
<pin_list>
<pin id="311" dir="1" index="0" bw="1" slack="0"/>
</pin_list>
<bind>
<StgValue><ssdm name=""/></StgValue>
</bind>
</comp>

<comp id="312" class="1001" name="const_312">
<pin_list>
<pin id="313" dir="1" index="0" bw="1" slack="0"/>
</pin_list>
<bind>
<StgValue><ssdm name=""/></StgValue>
</bind>
</comp>

<comp id="314" class="1001" name="const_314">
<pin_list>
<pin id="315" dir="1" index="0" bw="1" slack="0"/>
</pin_list>
<bind>
<StgValue><ssdm name=""/></StgValue>
</bind>
</comp>

<comp id="316" class="1001" name="const_316">
<pin_list>
<pin id="317" dir="1" index="0" bw="1" slack="0"/>
</pin_list>
<bind>
<StgValue><ssdm name="MLP_Pipeline_VITIS_LOOP_77_3"/></StgValue>
</bind>
</comp>

<comp id="318" class="1001" name="const_318">
<pin_list>
<pin id="319" dir="1" index="0" bw="1" slack="0"/>
</pin_list>
<bind>
<StgValue><ssdm name="MLP_Pipeline_VITIS_LOOP_94_5"/></StgValue>
</bind>
</comp>

<comp id="320" class="1001" name="const_320">
<pin_list>
<pin id="321" dir="1" index="0" bw="1" slack="0"/>
</pin_list>
<bind>
<StgValue><ssdm name="MLP_Pipeline_VITIS_LOOP_111_7"/></StgValue>
</bind>
</comp>

<comp id="322" class="1001" name="const_322">
<pin_list>
<pin id="323" dir="1" index="0" bw="1" slack="0"/>
</pin_list>
<bind>
<StgValue><ssdm name="MLP_Pipeline_VITIS_LOOP_123_9"/></StgValue>
</bind>
</comp>

<comp id="324" class="1001" name="const_324">
<pin_list>
<pin id="325" dir="1" index="0" bw="1" slack="0"/>
</pin_list>
<bind>
<StgValue><ssdm name="MLP_Pipeline_VITIS_LOOP_128_10"/></StgValue>
</bind>
</comp>

<comp id="326" class="1001" name="const_326">
<pin_list>
<pin id="327" dir="1" index="0" bw="1" slack="2147483647"/>
</pin_list>
<bind>
<StgValue><ssdm name="_ssdm_op_SpecTopModule"/></StgValue>
</bind>
</comp>

<comp id="328" class="1001" name="const_328">
<pin_list>
<pin id="329" dir="1" index="0" bw="1" slack="2147483647"/>
</pin_list>
<bind>
<StgValue><ssdm name="empty_2"/></StgValue>
</bind>
</comp>

<comp id="330" class="1001" name="const_330">
<pin_list>
<pin id="331" dir="1" index="0" bw="1" slack="2147483647"/>
</pin_list>
<bind>
<StgValue><ssdm name="_ssdm_op_SpecInterface"/></StgValue>
</bind>
</comp>

<comp id="332" class="1001" name="const_332">
<pin_list>
<pin id="333" dir="1" index="0" bw="1" slack="2147483647"/>
</pin_list>
<bind>
<StgValue><ssdm name=""/></StgValue>
</bind>
</comp>

<comp id="334" class="1001" name="const_334">
<pin_list>
<pin id="335" dir="1" index="0" bw="1" slack="2147483647"/>
</pin_list>
<bind>
<StgValue><ssdm name="empty_3"/></StgValue>
</bind>
</comp>

<comp id="336" class="1001" name="const_336">
<pin_list>
<pin id="337" dir="1" index="0" bw="1" slack="2147483647"/>
</pin_list>
<bind>
<StgValue><ssdm name="empty_0"/></StgValue>
</bind>
</comp>

<comp id="338" class="1001" name="const_338">
<pin_list>
<pin id="339" dir="1" index="0" bw="1" slack="2147483647"/>
</pin_list>
<bind>
<StgValue><ssdm name=""/></StgValue>
</bind>
</comp>

<comp id="340" class="1001" name="const_340">
<pin_list>
<pin id="341" dir="1" index="0" bw="1" slack="2147483647"/>
</pin_list>
<bind>
<StgValue><ssdm name="empty_5"/></StgValue>
</bind>
</comp>

<comp id="342" class="1001" name="const_342">
<pin_list>
<pin id="343" dir="1" index="0" bw="1" slack="2147483647"/>
</pin_list>
<bind>
<StgValue><ssdm name=""/></StgValue>
</bind>
</comp>

<comp id="344" class="1001" name="const_344">
<pin_list>
<pin id="345" dir="1" index="0" bw="1" slack="2147483647"/>
</pin_list>
<bind>
<StgValue><ssdm name="empty"/></StgValue>
</bind>
</comp>

<comp id="346" class="1001" name="const_346">
<pin_list>
<pin id="347" dir="1" index="0" bw="1" slack="2147483647"/>
</pin_list>
<bind>
<StgValue><ssdm name="_ssdm_op_SpecBitsMap"/></StgValue>
</bind>
</comp>

<comp id="348" class="1004" name="tmp_dest_V_loc_fu_348">
<pin_list>
<pin id="349" dir="0" index="0" bw="1" slack="0"/>
<pin id="350" dir="1" index="1" bw="6" slack="2"/>
</pin_list>
<bind>
<opcode="alloca(26) " fcode="alloca"/>
<opset="tmp_dest_V_loc/1 "/>
</bind>
</comp>

<comp id="352" class="1004" name="tmp_id_V_loc_fu_352">
<pin_list>
<pin id="353" dir="0" index="0" bw="1" slack="0"/>
<pin id="354" dir="1" index="1" bw="5" slack="2"/>
</pin_list>
<bind>
<opcode="alloca(26) " fcode="alloca"/>
<opset="tmp_id_V_loc/1 "/>
</bind>
</comp>

<comp id="356" class="1004" name="tmp_user_V_loc_fu_356">
<pin_list>
<pin id="357" dir="0" index="0" bw="1" slack="0"/>
<pin id="358" dir="1" index="1" bw="2" slack="2"/>
</pin_list>
<bind>
<opcode="alloca(26) " fcode="alloca"/>
<opset="tmp_user_V_loc/1 "/>
</bind>
</comp>

<comp id="360" class="1004" name="tmp_strb_V_loc_fu_360">
<pin_list>
<pin id="361" dir="0" index="0" bw="1" slack="0"/>
<pin id="362" dir="1" index="1" bw="4" slack="2"/>
</pin_list>
<bind>
<opcode="alloca(26) " fcode="alloca"/>
<opset="tmp_strb_V_loc/1 "/>
</bind>
</comp>

<comp id="364" class="1004" name="tmp_keep_V_loc_fu_364">
<pin_list>
<pin id="365" dir="0" index="0" bw="1" slack="0"/>
<pin id="366" dir="1" index="1" bw="4" slack="2"/>
</pin_list>
<bind>
<opcode="alloca(26) " fcode="alloca"/>
<opset="tmp_keep_V_loc/1 "/>
</bind>
</comp>

<comp id="368" class="1004" name="input_features_alloca_fu_368">
<pin_list>
<pin id="369" dir="0" index="0" bw="1" slack="0"/>
<pin id="370" dir="1" index="1" bw="32" slack="0"/>
</pin_list>
<bind>
<opcode="alloca(26) " fcode="alloca"/>
<opset="input_features/1 "/>
</bind>
</comp>

<comp id="372" class="1004" name="input_features_casted_alloca_fu_372">
<pin_list>
<pin id="373" dir="0" index="0" bw="1" slack="0"/>
<pin id="374" dir="1" index="1" bw="32" slack="0"/>
</pin_list>
<bind>
<opcode="alloca(26) " fcode="alloca"/>
<opset="input_features_casted/1 "/>
</bind>
</comp>

<comp id="376" class="1004" name="hidden_layer_1_alloca_fu_376">
<pin_list>
<pin id="377" dir="0" index="0" bw="1" slack="0"/>
<pin id="378" dir="1" index="1" bw="32" slack="0"/>
</pin_list>
<bind>
<opcode="alloca(26) " fcode="alloca"/>
<opset="hidden_layer_1/1 "/>
</bind>
</comp>

<comp id="380" class="1004" name="hidden_layer_2_alloca_fu_380">
<pin_list>
<pin id="381" dir="0" index="0" bw="1" slack="0"/>
<pin id="382" dir="1" index="1" bw="32" slack="0"/>
</pin_list>
<bind>
<opcode="alloca(26) " fcode="alloca"/>
<opset="hidden_layer_2/1 "/>
</bind>
</comp>

<comp id="384" class="1004" name="output_layer_alloca_fu_384">
<pin_list>
<pin id="385" dir="0" index="0" bw="1" slack="0"/>
<pin id="386" dir="1" index="1" bw="32" slack="0"/>
</pin_list>
<bind>
<opcode="alloca(26) " fcode="alloca"/>
<opset="output_layer/1 "/>
</bind>
</comp>

<comp id="388" class="1004" name="output_layer_casted_alloca_fu_388">
<pin_list>
<pin id="389" dir="0" index="0" bw="1" slack="0"/>
<pin id="390" dir="1" index="1" bw="32" slack="0"/>
</pin_list>
<bind>
<opcode="alloca(26) " fcode="alloca"/>
<opset="output_layer_casted/1 "/>
</bind>
</comp>

<comp id="392" class="1004" name="input_features_casted_addr_gep_fu_392">
<pin_list>
<pin id="393" dir="0" index="0" bw="32" slack="2147483647"/>
<pin id="394" dir="0" index="1" bw="1" slack="0"/>
<pin id="395" dir="0" index="2" bw="1" slack="0"/>
<pin id="396" dir="1" index="3" bw="6" slack="0"/>
</pin_list>
<bind>
<opcode="getelementptr(29) " fcode="getelementptr"/>
<opset="input_features_casted_addr/7 "/>
</bind>
</comp>

<comp id="399" class="1004" name="grp_access_fu_399">
<pin_list>
<pin id="400" dir="0" index="0" bw="6" slack="0"/>
<pin id="401" dir="0" index="1" bw="32" slack="2147483647"/>
<pin id="402" dir="0" index="2" bw="0" slack="0"/>
<pin id="404" dir="0" index="4" bw="6" slack="2147483647"/>
<pin id="405" dir="0" index="5" bw="32" slack="2147483647"/>
<pin id="406" dir="0" index="6" bw="0" slack="2147483647"/>
<pin id="403" dir="1" index="3" bw="32" slack="0"/>
<pin id="407" dir="1" index="7" bw="32" slack="0"/>
</pin_list>
<bind>
<opcode="load(27) " fcode="load"/>
<opset="input_features_casted_load/7 input_features_casted_load_1/7 input_features_casted_load_2/8 input_features_casted_load_3/8 input_features_casted_load_4/9 input_features_casted_load_5/9 input_features_casted_load_6/10 input_features_casted_load_7/10 input_features_casted_load_8/11 input_features_casted_load_9/11 input_features_casted_load_10/12 input_features_casted_load_11/12 input_features_casted_load_12/13 input_features_casted_load_13/13 input_features_casted_load_14/14 input_features_casted_load_15/14 input_features_casted_load_16/15 input_features_casted_load_17/15 input_features_casted_load_18/16 input_features_casted_load_19/16 input_features_casted_load_20/17 input_features_casted_load_21/17 input_features_casted_load_22/18 input_features_casted_load_23/18 input_features_casted_load_24/19 input_features_casted_load_25/19 input_features_casted_load_26/20 input_features_casted_load_27/20 input_features_casted_load_28/21 input_features_casted_load_29/21 input_features_casted_load_30/22 input_features_casted_load_31/22 input_features_casted_load_32/23 input_features_casted_load_33/23 input_features_casted_load_34/24 input_features_casted_load_35/24 input_features_casted_load_36/25 input_features_casted_load_37/25 input_features_casted_load_38/26 input_features_casted_load_39/26 input_features_casted_load_40/27 input_features_casted_load_41/27 input_features_casted_load_42/28 input_features_casted_load_43/28 input_features_casted_load_44/29 input_features_casted_load_45/29 input_features_casted_load_46/30 input_features_casted_load_47/30 "/>
</bind>
</comp>

<comp id="409" class="1004" name="input_features_casted_addr_1_gep_fu_409">
<pin_list>
<pin id="410" dir="0" index="0" bw="32" slack="2147483647"/>
<pin id="411" dir="0" index="1" bw="1" slack="0"/>
<pin id="412" dir="0" index="2" bw="1" slack="0"/>
<pin id="413" dir="1" index="3" bw="6" slack="0"/>
</pin_list>
<bind>
<opcode="getelementptr(29) " fcode="getelementptr"/>
<opset="input_features_casted_addr_1/7 "/>
</bind>
</comp>

<comp id="417" class="1004" name="input_features_casted_addr_2_gep_fu_417">
<pin_list>
<pin id="418" dir="0" index="0" bw="32" slack="2147483647"/>
<pin id="419" dir="0" index="1" bw="1" slack="0"/>
<pin id="420" dir="0" index="2" bw="3" slack="0"/>
<pin id="421" dir="1" index="3" bw="6" slack="0"/>
</pin_list>
<bind>
<opcode="getelementptr(29) " fcode="getelementptr"/>
<opset="input_features_casted_addr_2/8 "/>
</bind>
</comp>

<comp id="425" class="1004" name="input_features_casted_addr_3_gep_fu_425">
<pin_list>
<pin id="426" dir="0" index="0" bw="32" slack="2147483647"/>
<pin id="427" dir="0" index="1" bw="1" slack="0"/>
<pin id="428" dir="0" index="2" bw="3" slack="0"/>
<pin id="429" dir="1" index="3" bw="6" slack="0"/>
</pin_list>
<bind>
<opcode="getelementptr(29) " fcode="getelementptr"/>
<opset="input_features_casted_addr_3/8 "/>
</bind>
</comp>

<comp id="433" class="1004" name="input_features_casted_addr_4_gep_fu_433">
<pin_list>
<pin id="434" dir="0" index="0" bw="32" slack="2147483647"/>
<pin id="435" dir="0" index="1" bw="1" slack="0"/>
<pin id="436" dir="0" index="2" bw="4" slack="0"/>
<pin id="437" dir="1" index="3" bw="6" slack="0"/>
</pin_list>
<bind>
<opcode="getelementptr(29) " fcode="getelementptr"/>
<opset="input_features_casted_addr_4/9 "/>
</bind>
</comp>

<comp id="441" class="1004" name="input_features_casted_addr_5_gep_fu_441">
<pin_list>
<pin id="442" dir="0" index="0" bw="32" slack="2147483647"/>
<pin id="443" dir="0" index="1" bw="1" slack="0"/>
<pin id="444" dir="0" index="2" bw="4" slack="0"/>
<pin id="445" dir="1" index="3" bw="6" slack="0"/>
</pin_list>
<bind>
<opcode="getelementptr(29) " fcode="getelementptr"/>
<opset="input_features_casted_addr_5/9 "/>
</bind>
</comp>

<comp id="449" class="1004" name="input_features_casted_addr_6_gep_fu_449">
<pin_list>
<pin id="450" dir="0" index="0" bw="32" slack="2147483647"/>
<pin id="451" dir="0" index="1" bw="1" slack="0"/>
<pin id="452" dir="0" index="2" bw="4" slack="0"/>
<pin id="453" dir="1" index="3" bw="6" slack="0"/>
</pin_list>
<bind>
<opcode="getelementptr(29) " fcode="getelementptr"/>
<opset="input_features_casted_addr_6/10 "/>
</bind>
</comp>

<comp id="457" class="1004" name="input_features_casted_addr_7_gep_fu_457">
<pin_list>
<pin id="458" dir="0" index="0" bw="32" slack="2147483647"/>
<pin id="459" dir="0" index="1" bw="1" slack="0"/>
<pin id="460" dir="0" index="2" bw="4" slack="0"/>
<pin id="461" dir="1" index="3" bw="6" slack="0"/>
</pin_list>
<bind>
<opcode="getelementptr(29) " fcode="getelementptr"/>
<opset="input_features_casted_addr_7/10 "/>
</bind>
</comp>

<comp id="465" class="1004" name="input_features_casted_addr_8_gep_fu_465">
<pin_list>
<pin id="466" dir="0" index="0" bw="32" slack="2147483647"/>
<pin id="467" dir="0" index="1" bw="1" slack="0"/>
<pin id="468" dir="0" index="2" bw="5" slack="0"/>
<pin id="469" dir="1" index="3" bw="6" slack="0"/>
</pin_list>
<bind>
<opcode="getelementptr(29) " fcode="getelementptr"/>
<opset="input_features_casted_addr_8/11 "/>
</bind>
</comp>

<comp id="473" class="1004" name="input_features_casted_addr_9_gep_fu_473">
<pin_list>
<pin id="474" dir="0" index="0" bw="32" slack="2147483647"/>
<pin id="475" dir="0" index="1" bw="1" slack="0"/>
<pin id="476" dir="0" index="2" bw="5" slack="0"/>
<pin id="477" dir="1" index="3" bw="6" slack="0"/>
</pin_list>
<bind>
<opcode="getelementptr(29) " fcode="getelementptr"/>
<opset="input_features_casted_addr_9/11 "/>
</bind>
</comp>

<comp id="481" class="1004" name="input_features_casted_addr_10_gep_fu_481">
<pin_list>
<pin id="482" dir="0" index="0" bw="32" slack="2147483647"/>
<pin id="483" dir="0" index="1" bw="1" slack="0"/>
<pin id="484" dir="0" index="2" bw="5" slack="0"/>
<pin id="485" dir="1" index="3" bw="6" slack="0"/>
</pin_list>
<bind>
<opcode="getelementptr(29) " fcode="getelementptr"/>
<opset="input_features_casted_addr_10/12 "/>
</bind>
</comp>

<comp id="489" class="1004" name="input_features_casted_addr_11_gep_fu_489">
<pin_list>
<pin id="490" dir="0" index="0" bw="32" slack="2147483647"/>
<pin id="491" dir="0" index="1" bw="1" slack="0"/>
<pin id="492" dir="0" index="2" bw="5" slack="0"/>
<pin id="493" dir="1" index="3" bw="6" slack="0"/>
</pin_list>
<bind>
<opcode="getelementptr(29) " fcode="getelementptr"/>
<opset="input_features_casted_addr_11/12 "/>
</bind>
</comp>

<comp id="497" class="1004" name="input_features_casted_addr_12_gep_fu_497">
<pin_list>
<pin id="498" dir="0" index="0" bw="32" slack="2147483647"/>
<pin id="499" dir="0" index="1" bw="1" slack="0"/>
<pin id="500" dir="0" index="2" bw="5" slack="0"/>
<pin id="501" dir="1" index="3" bw="6" slack="0"/>
</pin_list>
<bind>
<opcode="getelementptr(29) " fcode="getelementptr"/>
<opset="input_features_casted_addr_12/13 "/>
</bind>
</comp>

<comp id="505" class="1004" name="input_features_casted_addr_13_gep_fu_505">
<pin_list>
<pin id="506" dir="0" index="0" bw="32" slack="2147483647"/>
<pin id="507" dir="0" index="1" bw="1" slack="0"/>
<pin id="508" dir="0" index="2" bw="5" slack="0"/>
<pin id="509" dir="1" index="3" bw="6" slack="0"/>
</pin_list>
<bind>
<opcode="getelementptr(29) " fcode="getelementptr"/>
<opset="input_features_casted_addr_13/13 "/>
</bind>
</comp>

<comp id="513" class="1004" name="input_features_casted_addr_14_gep_fu_513">
<pin_list>
<pin id="514" dir="0" index="0" bw="32" slack="2147483647"/>
<pin id="515" dir="0" index="1" bw="1" slack="0"/>
<pin id="516" dir="0" index="2" bw="5" slack="0"/>
<pin id="517" dir="1" index="3" bw="6" slack="0"/>
</pin_list>
<bind>
<opcode="getelementptr(29) " fcode="getelementptr"/>
<opset="input_features_casted_addr_14/14 "/>
</bind>
</comp>

<comp id="521" class="1004" name="input_features_casted_addr_15_gep_fu_521">
<pin_list>
<pin id="522" dir="0" index="0" bw="32" slack="2147483647"/>
<pin id="523" dir="0" index="1" bw="1" slack="0"/>
<pin id="524" dir="0" index="2" bw="5" slack="0"/>
<pin id="525" dir="1" index="3" bw="6" slack="0"/>
</pin_list>
<bind>
<opcode="getelementptr(29) " fcode="getelementptr"/>
<opset="input_features_casted_addr_15/14 "/>
</bind>
</comp>

<comp id="529" class="1004" name="input_features_casted_addr_16_gep_fu_529">
<pin_list>
<pin id="530" dir="0" index="0" bw="32" slack="2147483647"/>
<pin id="531" dir="0" index="1" bw="1" slack="0"/>
<pin id="532" dir="0" index="2" bw="6" slack="0"/>
<pin id="533" dir="1" index="3" bw="6" slack="0"/>
</pin_list>
<bind>
<opcode="getelementptr(29) " fcode="getelementptr"/>
<opset="input_features_casted_addr_16/15 "/>
</bind>
</comp>

<comp id="537" class="1004" name="input_features_casted_addr_17_gep_fu_537">
<pin_list>
<pin id="538" dir="0" index="0" bw="32" slack="2147483647"/>
<pin id="539" dir="0" index="1" bw="1" slack="0"/>
<pin id="540" dir="0" index="2" bw="6" slack="0"/>
<pin id="541" dir="1" index="3" bw="6" slack="0"/>
</pin_list>
<bind>
<opcode="getelementptr(29) " fcode="getelementptr"/>
<opset="input_features_casted_addr_17/15 "/>
</bind>
</comp>

<comp id="545" class="1004" name="input_features_casted_addr_18_gep_fu_545">
<pin_list>
<pin id="546" dir="0" index="0" bw="32" slack="2147483647"/>
<pin id="547" dir="0" index="1" bw="1" slack="0"/>
<pin id="548" dir="0" index="2" bw="6" slack="0"/>
<pin id="549" dir="1" index="3" bw="6" slack="0"/>
</pin_list>
<bind>
<opcode="getelementptr(29) " fcode="getelementptr"/>
<opset="input_features_casted_addr_18/16 "/>
</bind>
</comp>

<comp id="553" class="1004" name="input_features_casted_addr_19_gep_fu_553">
<pin_list>
<pin id="554" dir="0" index="0" bw="32" slack="2147483647"/>
<pin id="555" dir="0" index="1" bw="1" slack="0"/>
<pin id="556" dir="0" index="2" bw="6" slack="0"/>
<pin id="557" dir="1" index="3" bw="6" slack="0"/>
</pin_list>
<bind>
<opcode="getelementptr(29) " fcode="getelementptr"/>
<opset="input_features_casted_addr_19/16 "/>
</bind>
</comp>

<comp id="561" class="1004" name="input_features_casted_addr_20_gep_fu_561">
<pin_list>
<pin id="562" dir="0" index="0" bw="32" slack="2147483647"/>
<pin id="563" dir="0" index="1" bw="1" slack="0"/>
<pin id="564" dir="0" index="2" bw="6" slack="0"/>
<pin id="565" dir="1" index="3" bw="6" slack="0"/>
</pin_list>
<bind>
<opcode="getelementptr(29) " fcode="getelementptr"/>
<opset="input_features_casted_addr_20/17 "/>
</bind>
</comp>

<comp id="569" class="1004" name="input_features_casted_addr_21_gep_fu_569">
<pin_list>
<pin id="570" dir="0" index="0" bw="32" slack="2147483647"/>
<pin id="571" dir="0" index="1" bw="1" slack="0"/>
<pin id="572" dir="0" index="2" bw="6" slack="0"/>
<pin id="573" dir="1" index="3" bw="6" slack="0"/>
</pin_list>
<bind>
<opcode="getelementptr(29) " fcode="getelementptr"/>
<opset="input_features_casted_addr_21/17 "/>
</bind>
</comp>

<comp id="577" class="1004" name="input_features_casted_addr_22_gep_fu_577">
<pin_list>
<pin id="578" dir="0" index="0" bw="32" slack="2147483647"/>
<pin id="579" dir="0" index="1" bw="1" slack="0"/>
<pin id="580" dir="0" index="2" bw="6" slack="0"/>
<pin id="581" dir="1" index="3" bw="6" slack="0"/>
</pin_list>
<bind>
<opcode="getelementptr(29) " fcode="getelementptr"/>
<opset="input_features_casted_addr_22/18 "/>
</bind>
</comp>

<comp id="585" class="1004" name="input_features_casted_addr_23_gep_fu_585">
<pin_list>
<pin id="586" dir="0" index="0" bw="32" slack="2147483647"/>
<pin id="587" dir="0" index="1" bw="1" slack="0"/>
<pin id="588" dir="0" index="2" bw="6" slack="0"/>
<pin id="589" dir="1" index="3" bw="6" slack="0"/>
</pin_list>
<bind>
<opcode="getelementptr(29) " fcode="getelementptr"/>
<opset="input_features_casted_addr_23/18 "/>
</bind>
</comp>

<comp id="593" class="1004" name="input_features_casted_addr_24_gep_fu_593">
<pin_list>
<pin id="594" dir="0" index="0" bw="32" slack="2147483647"/>
<pin id="595" dir="0" index="1" bw="1" slack="0"/>
<pin id="596" dir="0" index="2" bw="6" slack="0"/>
<pin id="597" dir="1" index="3" bw="6" slack="0"/>
</pin_list>
<bind>
<opcode="getelementptr(29) " fcode="getelementptr"/>
<opset="input_features_casted_addr_24/19 "/>
</bind>
</comp>

<comp id="601" class="1004" name="input_features_casted_addr_25_gep_fu_601">
<pin_list>
<pin id="602" dir="0" index="0" bw="32" slack="2147483647"/>
<pin id="603" dir="0" index="1" bw="1" slack="0"/>
<pin id="604" dir="0" index="2" bw="6" slack="0"/>
<pin id="605" dir="1" index="3" bw="6" slack="0"/>
</pin_list>
<bind>
<opcode="getelementptr(29) " fcode="getelementptr"/>
<opset="input_features_casted_addr_25/19 "/>
</bind>
</comp>

<comp id="609" class="1004" name="input_features_casted_addr_26_gep_fu_609">
<pin_list>
<pin id="610" dir="0" index="0" bw="32" slack="2147483647"/>
<pin id="611" dir="0" index="1" bw="1" slack="0"/>
<pin id="612" dir="0" index="2" bw="6" slack="0"/>
<pin id="613" dir="1" index="3" bw="6" slack="0"/>
</pin_list>
<bind>
<opcode="getelementptr(29) " fcode="getelementptr"/>
<opset="input_features_casted_addr_26/20 "/>
</bind>
</comp>

<comp id="617" class="1004" name="input_features_casted_addr_27_gep_fu_617">
<pin_list>
<pin id="618" dir="0" index="0" bw="32" slack="2147483647"/>
<pin id="619" dir="0" index="1" bw="1" slack="0"/>
<pin id="620" dir="0" index="2" bw="6" slack="0"/>
<pin id="621" dir="1" index="3" bw="6" slack="0"/>
</pin_list>
<bind>
<opcode="getelementptr(29) " fcode="getelementptr"/>
<opset="input_features_casted_addr_27/20 "/>
</bind>
</comp>

<comp id="625" class="1004" name="input_features_casted_addr_28_gep_fu_625">
<pin_list>
<pin id="626" dir="0" index="0" bw="32" slack="2147483647"/>
<pin id="627" dir="0" index="1" bw="1" slack="0"/>
<pin id="628" dir="0" index="2" bw="6" slack="0"/>
<pin id="629" dir="1" index="3" bw="6" slack="0"/>
</pin_list>
<bind>
<opcode="getelementptr(29) " fcode="getelementptr"/>
<opset="input_features_casted_addr_28/21 "/>
</bind>
</comp>

<comp id="633" class="1004" name="input_features_casted_addr_29_gep_fu_633">
<pin_list>
<pin id="634" dir="0" index="0" bw="32" slack="2147483647"/>
<pin id="635" dir="0" index="1" bw="1" slack="0"/>
<pin id="636" dir="0" index="2" bw="6" slack="0"/>
<pin id="637" dir="1" index="3" bw="6" slack="0"/>
</pin_list>
<bind>
<opcode="getelementptr(29) " fcode="getelementptr"/>
<opset="input_features_casted_addr_29/21 "/>
</bind>
</comp>

<comp id="641" class="1004" name="input_features_casted_addr_30_gep_fu_641">
<pin_list>
<pin id="642" dir="0" index="0" bw="32" slack="2147483647"/>
<pin id="643" dir="0" index="1" bw="1" slack="0"/>
<pin id="644" dir="0" index="2" bw="6" slack="0"/>
<pin id="645" dir="1" index="3" bw="6" slack="0"/>
</pin_list>
<bind>
<opcode="getelementptr(29) " fcode="getelementptr"/>
<opset="input_features_casted_addr_30/22 "/>
</bind>
</comp>

<comp id="649" class="1004" name="input_features_casted_addr_31_gep_fu_649">
<pin_list>
<pin id="650" dir="0" index="0" bw="32" slack="2147483647"/>
<pin id="651" dir="0" index="1" bw="1" slack="0"/>
<pin id="652" dir="0" index="2" bw="6" slack="0"/>
<pin id="653" dir="1" index="3" bw="6" slack="0"/>
</pin_list>
<bind>
<opcode="getelementptr(29) " fcode="getelementptr"/>
<opset="input_features_casted_addr_31/22 "/>
</bind>
</comp>

<comp id="657" class="1004" name="input_features_casted_addr_32_gep_fu_657">
<pin_list>
<pin id="658" dir="0" index="0" bw="32" slack="2147483647"/>
<pin id="659" dir="0" index="1" bw="1" slack="0"/>
<pin id="660" dir="0" index="2" bw="7" slack="0"/>
<pin id="661" dir="1" index="3" bw="6" slack="0"/>
</pin_list>
<bind>
<opcode="getelementptr(29) " fcode="getelementptr"/>
<opset="input_features_casted_addr_32/23 "/>
</bind>
</comp>

<comp id="665" class="1004" name="input_features_casted_addr_33_gep_fu_665">
<pin_list>
<pin id="666" dir="0" index="0" bw="32" slack="2147483647"/>
<pin id="667" dir="0" index="1" bw="1" slack="0"/>
<pin id="668" dir="0" index="2" bw="7" slack="0"/>
<pin id="669" dir="1" index="3" bw="6" slack="0"/>
</pin_list>
<bind>
<opcode="getelementptr(29) " fcode="getelementptr"/>
<opset="input_features_casted_addr_33/23 "/>
</bind>
</comp>

<comp id="673" class="1004" name="input_features_casted_addr_34_gep_fu_673">
<pin_list>
<pin id="674" dir="0" index="0" bw="32" slack="2147483647"/>
<pin id="675" dir="0" index="1" bw="1" slack="0"/>
<pin id="676" dir="0" index="2" bw="7" slack="0"/>
<pin id="677" dir="1" index="3" bw="6" slack="0"/>
</pin_list>
<bind>
<opcode="getelementptr(29) " fcode="getelementptr"/>
<opset="input_features_casted_addr_34/24 "/>
</bind>
</comp>

<comp id="681" class="1004" name="input_features_casted_addr_35_gep_fu_681">
<pin_list>
<pin id="682" dir="0" index="0" bw="32" slack="2147483647"/>
<pin id="683" dir="0" index="1" bw="1" slack="0"/>
<pin id="684" dir="0" index="2" bw="7" slack="0"/>
<pin id="685" dir="1" index="3" bw="6" slack="0"/>
</pin_list>
<bind>
<opcode="getelementptr(29) " fcode="getelementptr"/>
<opset="input_features_casted_addr_35/24 "/>
</bind>
</comp>

<comp id="689" class="1004" name="input_features_casted_addr_36_gep_fu_689">
<pin_list>
<pin id="690" dir="0" index="0" bw="32" slack="2147483647"/>
<pin id="691" dir="0" index="1" bw="1" slack="0"/>
<pin id="692" dir="0" index="2" bw="7" slack="0"/>
<pin id="693" dir="1" index="3" bw="6" slack="0"/>
</pin_list>
<bind>
<opcode="getelementptr(29) " fcode="getelementptr"/>
<opset="input_features_casted_addr_36/25 "/>
</bind>
</comp>

<comp id="697" class="1004" name="input_features_casted_addr_37_gep_fu_697">
<pin_list>
<pin id="698" dir="0" index="0" bw="32" slack="2147483647"/>
<pin id="699" dir="0" index="1" bw="1" slack="0"/>
<pin id="700" dir="0" index="2" bw="7" slack="0"/>
<pin id="701" dir="1" index="3" bw="6" slack="0"/>
</pin_list>
<bind>
<opcode="getelementptr(29) " fcode="getelementptr"/>
<opset="input_features_casted_addr_37/25 "/>
</bind>
</comp>

<comp id="705" class="1004" name="input_features_casted_addr_38_gep_fu_705">
<pin_list>
<pin id="706" dir="0" index="0" bw="32" slack="2147483647"/>
<pin id="707" dir="0" index="1" bw="1" slack="0"/>
<pin id="708" dir="0" index="2" bw="7" slack="0"/>
<pin id="709" dir="1" index="3" bw="6" slack="0"/>
</pin_list>
<bind>
<opcode="getelementptr(29) " fcode="getelementptr"/>
<opset="input_features_casted_addr_38/26 "/>
</bind>
</comp>

<comp id="713" class="1004" name="input_features_casted_addr_39_gep_fu_713">
<pin_list>
<pin id="714" dir="0" index="0" bw="32" slack="2147483647"/>
<pin id="715" dir="0" index="1" bw="1" slack="0"/>
<pin id="716" dir="0" index="2" bw="7" slack="0"/>
<pin id="717" dir="1" index="3" bw="6" slack="0"/>
</pin_list>
<bind>
<opcode="getelementptr(29) " fcode="getelementptr"/>
<opset="input_features_casted_addr_39/26 "/>
</bind>
</comp>

<comp id="721" class="1004" name="input_features_casted_addr_40_gep_fu_721">
<pin_list>
<pin id="722" dir="0" index="0" bw="32" slack="2147483647"/>
<pin id="723" dir="0" index="1" bw="1" slack="0"/>
<pin id="724" dir="0" index="2" bw="7" slack="0"/>
<pin id="725" dir="1" index="3" bw="6" slack="0"/>
</pin_list>
<bind>
<opcode="getelementptr(29) " fcode="getelementptr"/>
<opset="input_features_casted_addr_40/27 "/>
</bind>
</comp>

<comp id="729" class="1004" name="input_features_casted_addr_41_gep_fu_729">
<pin_list>
<pin id="730" dir="0" index="0" bw="32" slack="2147483647"/>
<pin id="731" dir="0" index="1" bw="1" slack="0"/>
<pin id="732" dir="0" index="2" bw="7" slack="0"/>
<pin id="733" dir="1" index="3" bw="6" slack="0"/>
</pin_list>
<bind>
<opcode="getelementptr(29) " fcode="getelementptr"/>
<opset="input_features_casted_addr_41/27 "/>
</bind>
</comp>

<comp id="737" class="1004" name="input_features_casted_addr_42_gep_fu_737">
<pin_list>
<pin id="738" dir="0" index="0" bw="32" slack="2147483647"/>
<pin id="739" dir="0" index="1" bw="1" slack="0"/>
<pin id="740" dir="0" index="2" bw="7" slack="0"/>
<pin id="741" dir="1" index="3" bw="6" slack="0"/>
</pin_list>
<bind>
<opcode="getelementptr(29) " fcode="getelementptr"/>
<opset="input_features_casted_addr_42/28 "/>
</bind>
</comp>

<comp id="745" class="1004" name="input_features_casted_addr_43_gep_fu_745">
<pin_list>
<pin id="746" dir="0" index="0" bw="32" slack="2147483647"/>
<pin id="747" dir="0" index="1" bw="1" slack="0"/>
<pin id="748" dir="0" index="2" bw="7" slack="0"/>
<pin id="749" dir="1" index="3" bw="6" slack="0"/>
</pin_list>
<bind>
<opcode="getelementptr(29) " fcode="getelementptr"/>
<opset="input_features_casted_addr_43/28 "/>
</bind>
</comp>

<comp id="753" class="1004" name="input_features_casted_addr_44_gep_fu_753">
<pin_list>
<pin id="754" dir="0" index="0" bw="32" slack="2147483647"/>
<pin id="755" dir="0" index="1" bw="1" slack="0"/>
<pin id="756" dir="0" index="2" bw="7" slack="0"/>
<pin id="757" dir="1" index="3" bw="6" slack="0"/>
</pin_list>
<bind>
<opcode="getelementptr(29) " fcode="getelementptr"/>
<opset="input_features_casted_addr_44/29 "/>
</bind>
</comp>

<comp id="761" class="1004" name="input_features_casted_addr_45_gep_fu_761">
<pin_list>
<pin id="762" dir="0" index="0" bw="32" slack="2147483647"/>
<pin id="763" dir="0" index="1" bw="1" slack="0"/>
<pin id="764" dir="0" index="2" bw="7" slack="0"/>
<pin id="765" dir="1" index="3" bw="6" slack="0"/>
</pin_list>
<bind>
<opcode="getelementptr(29) " fcode="getelementptr"/>
<opset="input_features_casted_addr_45/29 "/>
</bind>
</comp>

<comp id="769" class="1004" name="input_features_casted_addr_46_gep_fu_769">
<pin_list>
<pin id="770" dir="0" index="0" bw="32" slack="2147483647"/>
<pin id="771" dir="0" index="1" bw="1" slack="0"/>
<pin id="772" dir="0" index="2" bw="7" slack="0"/>
<pin id="773" dir="1" index="3" bw="6" slack="0"/>
</pin_list>
<bind>
<opcode="getelementptr(29) " fcode="getelementptr"/>
<opset="input_features_casted_addr_46/30 "/>
</bind>
</comp>

<comp id="777" class="1004" name="input_features_casted_addr_47_gep_fu_777">
<pin_list>
<pin id="778" dir="0" index="0" bw="32" slack="2147483647"/>
<pin id="779" dir="0" index="1" bw="1" slack="0"/>
<pin id="780" dir="0" index="2" bw="7" slack="0"/>
<pin id="781" dir="1" index="3" bw="6" slack="0"/>
</pin_list>
<bind>
<opcode="getelementptr(29) " fcode="getelementptr"/>
<opset="input_features_casted_addr_47/30 "/>
</bind>
</comp>

<comp id="785" class="1004" name="hidden_layer_1_addr_gep_fu_785">
<pin_list>
<pin id="786" dir="0" index="0" bw="32" slack="2147483647"/>
<pin id="787" dir="0" index="1" bw="1" slack="0"/>
<pin id="788" dir="0" index="2" bw="1" slack="0"/>
<pin id="789" dir="1" index="3" bw="5" slack="0"/>
</pin_list>
<bind>
<opcode="getelementptr(29) " fcode="getelementptr"/>
<opset="hidden_layer_1_addr/33 "/>
</bind>
</comp>

<comp id="792" class="1004" name="grp_access_fu_792">
<pin_list>
<pin id="793" dir="0" index="0" bw="5" slack="0"/>
<pin id="794" dir="0" index="1" bw="32" slack="2147483647"/>
<pin id="795" dir="0" index="2" bw="0" slack="0"/>
<pin id="797" dir="0" index="4" bw="5" slack="2147483647"/>
<pin id="798" dir="0" index="5" bw="32" slack="2147483647"/>
<pin id="799" dir="0" index="6" bw="0" slack="2147483647"/>
<pin id="796" dir="1" index="3" bw="32" slack="0"/>
<pin id="800" dir="1" index="7" bw="32" slack="0"/>
</pin_list>
<bind>
<opcode="load(27) " fcode="load"/>
<opset="hidden_layer_1_load/33 hidden_layer_1_load_1/33 hidden_layer_1_load_2/34 hidden_layer_1_load_3/34 hidden_layer_1_load_4/35 hidden_layer_1_load_5/35 hidden_layer_1_load_6/36 hidden_layer_1_load_7/36 hidden_layer_1_load_8/37 hidden_layer_1_load_9/37 hidden_layer_1_load_10/38 hidden_layer_1_load_11/38 hidden_layer_1_load_12/39 hidden_layer_1_load_13/39 hidden_layer_1_load_14/40 hidden_layer_1_load_15/40 hidden_layer_1_load_16/41 hidden_layer_1_load_17/41 hidden_layer_1_load_18/42 hidden_layer_1_load_19/42 hidden_layer_1_load_20/43 hidden_layer_1_load_21/43 hidden_layer_1_load_22/44 hidden_layer_1_load_23/44 "/>
</bind>
</comp>

<comp id="802" class="1004" name="hidden_layer_1_addr_1_gep_fu_802">
<pin_list>
<pin id="803" dir="0" index="0" bw="32" slack="2147483647"/>
<pin id="804" dir="0" index="1" bw="1" slack="0"/>
<pin id="805" dir="0" index="2" bw="1" slack="0"/>
<pin id="806" dir="1" index="3" bw="5" slack="0"/>
</pin_list>
<bind>
<opcode="getelementptr(29) " fcode="getelementptr"/>
<opset="hidden_layer_1_addr_1/33 "/>
</bind>
</comp>

<comp id="810" class="1004" name="hidden_layer_1_addr_2_gep_fu_810">
<pin_list>
<pin id="811" dir="0" index="0" bw="32" slack="2147483647"/>
<pin id="812" dir="0" index="1" bw="1" slack="0"/>
<pin id="813" dir="0" index="2" bw="3" slack="0"/>
<pin id="814" dir="1" index="3" bw="5" slack="0"/>
</pin_list>
<bind>
<opcode="getelementptr(29) " fcode="getelementptr"/>
<opset="hidden_layer_1_addr_2/34 "/>
</bind>
</comp>

<comp id="818" class="1004" name="hidden_layer_1_addr_3_gep_fu_818">
<pin_list>
<pin id="819" dir="0" index="0" bw="32" slack="2147483647"/>
<pin id="820" dir="0" index="1" bw="1" slack="0"/>
<pin id="821" dir="0" index="2" bw="3" slack="0"/>
<pin id="822" dir="1" index="3" bw="5" slack="0"/>
</pin_list>
<bind>
<opcode="getelementptr(29) " fcode="getelementptr"/>
<opset="hidden_layer_1_addr_3/34 "/>
</bind>
</comp>

<comp id="826" class="1004" name="hidden_layer_1_addr_4_gep_fu_826">
<pin_list>
<pin id="827" dir="0" index="0" bw="32" slack="2147483647"/>
<pin id="828" dir="0" index="1" bw="1" slack="0"/>
<pin id="829" dir="0" index="2" bw="4" slack="0"/>
<pin id="830" dir="1" index="3" bw="5" slack="0"/>
</pin_list>
<bind>
<opcode="getelementptr(29) " fcode="getelementptr"/>
<opset="hidden_layer_1_addr_4/35 "/>
</bind>
</comp>

<comp id="834" class="1004" name="hidden_layer_1_addr_5_gep_fu_834">
<pin_list>
<pin id="835" dir="0" index="0" bw="32" slack="2147483647"/>
<pin id="836" dir="0" index="1" bw="1" slack="0"/>
<pin id="837" dir="0" index="2" bw="4" slack="0"/>
<pin id="838" dir="1" index="3" bw="5" slack="0"/>
</pin_list>
<bind>
<opcode="getelementptr(29) " fcode="getelementptr"/>
<opset="hidden_layer_1_addr_5/35 "/>
</bind>
</comp>

<comp id="842" class="1004" name="hidden_layer_1_addr_6_gep_fu_842">
<pin_list>
<pin id="843" dir="0" index="0" bw="32" slack="2147483647"/>
<pin id="844" dir="0" index="1" bw="1" slack="0"/>
<pin id="845" dir="0" index="2" bw="4" slack="0"/>
<pin id="846" dir="1" index="3" bw="5" slack="0"/>
</pin_list>
<bind>
<opcode="getelementptr(29) " fcode="getelementptr"/>
<opset="hidden_layer_1_addr_6/36 "/>
</bind>
</comp>

<comp id="850" class="1004" name="hidden_layer_1_addr_7_gep_fu_850">
<pin_list>
<pin id="851" dir="0" index="0" bw="32" slack="2147483647"/>
<pin id="852" dir="0" index="1" bw="1" slack="0"/>
<pin id="853" dir="0" index="2" bw="4" slack="0"/>
<pin id="854" dir="1" index="3" bw="5" slack="0"/>
</pin_list>
<bind>
<opcode="getelementptr(29) " fcode="getelementptr"/>
<opset="hidden_layer_1_addr_7/36 "/>
</bind>
</comp>

<comp id="858" class="1004" name="hidden_layer_1_addr_8_gep_fu_858">
<pin_list>
<pin id="859" dir="0" index="0" bw="32" slack="2147483647"/>
<pin id="860" dir="0" index="1" bw="1" slack="0"/>
<pin id="861" dir="0" index="2" bw="5" slack="0"/>
<pin id="862" dir="1" index="3" bw="5" slack="0"/>
</pin_list>
<bind>
<opcode="getelementptr(29) " fcode="getelementptr"/>
<opset="hidden_layer_1_addr_8/37 "/>
</bind>
</comp>

<comp id="866" class="1004" name="hidden_layer_1_addr_9_gep_fu_866">
<pin_list>
<pin id="867" dir="0" index="0" bw="32" slack="2147483647"/>
<pin id="868" dir="0" index="1" bw="1" slack="0"/>
<pin id="869" dir="0" index="2" bw="5" slack="0"/>
<pin id="870" dir="1" index="3" bw="5" slack="0"/>
</pin_list>
<bind>
<opcode="getelementptr(29) " fcode="getelementptr"/>
<opset="hidden_layer_1_addr_9/37 "/>
</bind>
</comp>

<comp id="874" class="1004" name="hidden_layer_1_addr_10_gep_fu_874">
<pin_list>
<pin id="875" dir="0" index="0" bw="32" slack="2147483647"/>
<pin id="876" dir="0" index="1" bw="1" slack="0"/>
<pin id="877" dir="0" index="2" bw="5" slack="0"/>
<pin id="878" dir="1" index="3" bw="5" slack="0"/>
</pin_list>
<bind>
<opcode="getelementptr(29) " fcode="getelementptr"/>
<opset="hidden_layer_1_addr_10/38 "/>
</bind>
</comp>

<comp id="882" class="1004" name="hidden_layer_1_addr_11_gep_fu_882">
<pin_list>
<pin id="883" dir="0" index="0" bw="32" slack="2147483647"/>
<pin id="884" dir="0" index="1" bw="1" slack="0"/>
<pin id="885" dir="0" index="2" bw="5" slack="0"/>
<pin id="886" dir="1" index="3" bw="5" slack="0"/>
</pin_list>
<bind>
<opcode="getelementptr(29) " fcode="getelementptr"/>
<opset="hidden_layer_1_addr_11/38 "/>
</bind>
</comp>

<comp id="890" class="1004" name="hidden_layer_1_addr_12_gep_fu_890">
<pin_list>
<pin id="891" dir="0" index="0" bw="32" slack="2147483647"/>
<pin id="892" dir="0" index="1" bw="1" slack="0"/>
<pin id="893" dir="0" index="2" bw="5" slack="0"/>
<pin id="894" dir="1" index="3" bw="5" slack="0"/>
</pin_list>
<bind>
<opcode="getelementptr(29) " fcode="getelementptr"/>
<opset="hidden_layer_1_addr_12/39 "/>
</bind>
</comp>

<comp id="898" class="1004" name="hidden_layer_1_addr_13_gep_fu_898">
<pin_list>
<pin id="899" dir="0" index="0" bw="32" slack="2147483647"/>
<pin id="900" dir="0" index="1" bw="1" slack="0"/>
<pin id="901" dir="0" index="2" bw="5" slack="0"/>
<pin id="902" dir="1" index="3" bw="5" slack="0"/>
</pin_list>
<bind>
<opcode="getelementptr(29) " fcode="getelementptr"/>
<opset="hidden_layer_1_addr_13/39 "/>
</bind>
</comp>

<comp id="906" class="1004" name="hidden_layer_1_addr_14_gep_fu_906">
<pin_list>
<pin id="907" dir="0" index="0" bw="32" slack="2147483647"/>
<pin id="908" dir="0" index="1" bw="1" slack="0"/>
<pin id="909" dir="0" index="2" bw="5" slack="0"/>
<pin id="910" dir="1" index="3" bw="5" slack="0"/>
</pin_list>
<bind>
<opcode="getelementptr(29) " fcode="getelementptr"/>
<opset="hidden_layer_1_addr_14/40 "/>
</bind>
</comp>

<comp id="914" class="1004" name="hidden_layer_1_addr_15_gep_fu_914">
<pin_list>
<pin id="915" dir="0" index="0" bw="32" slack="2147483647"/>
<pin id="916" dir="0" index="1" bw="1" slack="0"/>
<pin id="917" dir="0" index="2" bw="5" slack="0"/>
<pin id="918" dir="1" index="3" bw="5" slack="0"/>
</pin_list>
<bind>
<opcode="getelementptr(29) " fcode="getelementptr"/>
<opset="hidden_layer_1_addr_15/40 "/>
</bind>
</comp>

<comp id="922" class="1004" name="hidden_layer_1_addr_16_gep_fu_922">
<pin_list>
<pin id="923" dir="0" index="0" bw="32" slack="2147483647"/>
<pin id="924" dir="0" index="1" bw="1" slack="0"/>
<pin id="925" dir="0" index="2" bw="6" slack="0"/>
<pin id="926" dir="1" index="3" bw="5" slack="0"/>
</pin_list>
<bind>
<opcode="getelementptr(29) " fcode="getelementptr"/>
<opset="hidden_layer_1_addr_16/41 "/>
</bind>
</comp>

<comp id="930" class="1004" name="hidden_layer_1_addr_17_gep_fu_930">
<pin_list>
<pin id="931" dir="0" index="0" bw="32" slack="2147483647"/>
<pin id="932" dir="0" index="1" bw="1" slack="0"/>
<pin id="933" dir="0" index="2" bw="6" slack="0"/>
<pin id="934" dir="1" index="3" bw="5" slack="0"/>
</pin_list>
<bind>
<opcode="getelementptr(29) " fcode="getelementptr"/>
<opset="hidden_layer_1_addr_17/41 "/>
</bind>
</comp>

<comp id="938" class="1004" name="hidden_layer_1_addr_18_gep_fu_938">
<pin_list>
<pin id="939" dir="0" index="0" bw="32" slack="2147483647"/>
<pin id="940" dir="0" index="1" bw="1" slack="0"/>
<pin id="941" dir="0" index="2" bw="6" slack="0"/>
<pin id="942" dir="1" index="3" bw="5" slack="0"/>
</pin_list>
<bind>
<opcode="getelementptr(29) " fcode="getelementptr"/>
<opset="hidden_layer_1_addr_18/42 "/>
</bind>
</comp>

<comp id="946" class="1004" name="hidden_layer_1_addr_19_gep_fu_946">
<pin_list>
<pin id="947" dir="0" index="0" bw="32" slack="2147483647"/>
<pin id="948" dir="0" index="1" bw="1" slack="0"/>
<pin id="949" dir="0" index="2" bw="6" slack="0"/>
<pin id="950" dir="1" index="3" bw="5" slack="0"/>
</pin_list>
<bind>
<opcode="getelementptr(29) " fcode="getelementptr"/>
<opset="hidden_layer_1_addr_19/42 "/>
</bind>
</comp>

<comp id="954" class="1004" name="hidden_layer_1_addr_20_gep_fu_954">
<pin_list>
<pin id="955" dir="0" index="0" bw="32" slack="2147483647"/>
<pin id="956" dir="0" index="1" bw="1" slack="0"/>
<pin id="957" dir="0" index="2" bw="6" slack="0"/>
<pin id="958" dir="1" index="3" bw="5" slack="0"/>
</pin_list>
<bind>
<opcode="getelementptr(29) " fcode="getelementptr"/>
<opset="hidden_layer_1_addr_20/43 "/>
</bind>
</comp>

<comp id="962" class="1004" name="hidden_layer_1_addr_21_gep_fu_962">
<pin_list>
<pin id="963" dir="0" index="0" bw="32" slack="2147483647"/>
<pin id="964" dir="0" index="1" bw="1" slack="0"/>
<pin id="965" dir="0" index="2" bw="6" slack="0"/>
<pin id="966" dir="1" index="3" bw="5" slack="0"/>
</pin_list>
<bind>
<opcode="getelementptr(29) " fcode="getelementptr"/>
<opset="hidden_layer_1_addr_21/43 "/>
</bind>
</comp>

<comp id="970" class="1004" name="hidden_layer_1_addr_22_gep_fu_970">
<pin_list>
<pin id="971" dir="0" index="0" bw="32" slack="2147483647"/>
<pin id="972" dir="0" index="1" bw="1" slack="0"/>
<pin id="973" dir="0" index="2" bw="6" slack="0"/>
<pin id="974" dir="1" index="3" bw="5" slack="0"/>
</pin_list>
<bind>
<opcode="getelementptr(29) " fcode="getelementptr"/>
<opset="hidden_layer_1_addr_22/44 "/>
</bind>
</comp>

<comp id="978" class="1004" name="hidden_layer_1_addr_23_gep_fu_978">
<pin_list>
<pin id="979" dir="0" index="0" bw="32" slack="2147483647"/>
<pin id="980" dir="0" index="1" bw="1" slack="0"/>
<pin id="981" dir="0" index="2" bw="6" slack="0"/>
<pin id="982" dir="1" index="3" bw="5" slack="0"/>
</pin_list>
<bind>
<opcode="getelementptr(29) " fcode="getelementptr"/>
<opset="hidden_layer_1_addr_23/44 "/>
</bind>
</comp>

<comp id="986" class="1004" name="hidden_layer_2_addr_gep_fu_986">
<pin_list>
<pin id="987" dir="0" index="0" bw="32" slack="2147483647"/>
<pin id="988" dir="0" index="1" bw="1" slack="0"/>
<pin id="989" dir="0" index="2" bw="1" slack="0"/>
<pin id="990" dir="1" index="3" bw="4" slack="0"/>
</pin_list>
<bind>
<opcode="getelementptr(29) " fcode="getelementptr"/>
<opset="hidden_layer_2_addr/47 "/>
</bind>
</comp>

<comp id="993" class="1004" name="grp_access_fu_993">
<pin_list>
<pin id="994" dir="0" index="0" bw="4" slack="0"/>
<pin id="995" dir="0" index="1" bw="32" slack="2147483647"/>
<pin id="996" dir="0" index="2" bw="0" slack="0"/>
<pin id="998" dir="0" index="4" bw="4" slack="2147483647"/>
<pin id="999" dir="0" index="5" bw="32" slack="2147483647"/>
<pin id="1000" dir="0" index="6" bw="0" slack="2147483647"/>
<pin id="997" dir="1" index="3" bw="32" slack="0"/>
<pin id="1001" dir="1" index="7" bw="32" slack="0"/>
</pin_list>
<bind>
<opcode="load(27) " fcode="load"/>
<opset="hidden_layer_2_load/47 hidden_layer_2_load_1/47 hidden_layer_2_load_2/48 hidden_layer_2_load_3/48 hidden_layer_2_load_4/49 hidden_layer_2_load_5/49 hidden_layer_2_load_6/50 hidden_layer_2_load_7/50 hidden_layer_2_load_8/51 hidden_layer_2_load_9/51 hidden_layer_2_load_10/52 hidden_layer_2_load_11/52 "/>
</bind>
</comp>

<comp id="1003" class="1004" name="hidden_layer_2_addr_1_gep_fu_1003">
<pin_list>
<pin id="1004" dir="0" index="0" bw="32" slack="2147483647"/>
<pin id="1005" dir="0" index="1" bw="1" slack="0"/>
<pin id="1006" dir="0" index="2" bw="1" slack="0"/>
<pin id="1007" dir="1" index="3" bw="4" slack="0"/>
</pin_list>
<bind>
<opcode="getelementptr(29) " fcode="getelementptr"/>
<opset="hidden_layer_2_addr_1/47 "/>
</bind>
</comp>

<comp id="1011" class="1004" name="hidden_layer_2_addr_2_gep_fu_1011">
<pin_list>
<pin id="1012" dir="0" index="0" bw="32" slack="2147483647"/>
<pin id="1013" dir="0" index="1" bw="1" slack="0"/>
<pin id="1014" dir="0" index="2" bw="3" slack="0"/>
<pin id="1015" dir="1" index="3" bw="4" slack="0"/>
</pin_list>
<bind>
<opcode="getelementptr(29) " fcode="getelementptr"/>
<opset="hidden_layer_2_addr_2/48 "/>
</bind>
</comp>

<comp id="1019" class="1004" name="hidden_layer_2_addr_3_gep_fu_1019">
<pin_list>
<pin id="1020" dir="0" index="0" bw="32" slack="2147483647"/>
<pin id="1021" dir="0" index="1" bw="1" slack="0"/>
<pin id="1022" dir="0" index="2" bw="3" slack="0"/>
<pin id="1023" dir="1" index="3" bw="4" slack="0"/>
</pin_list>
<bind>
<opcode="getelementptr(29) " fcode="getelementptr"/>
<opset="hidden_layer_2_addr_3/48 "/>
</bind>
</comp>

<comp id="1027" class="1004" name="hidden_layer_2_addr_4_gep_fu_1027">
<pin_list>
<pin id="1028" dir="0" index="0" bw="32" slack="2147483647"/>
<pin id="1029" dir="0" index="1" bw="1" slack="0"/>
<pin id="1030" dir="0" index="2" bw="4" slack="0"/>
<pin id="1031" dir="1" index="3" bw="4" slack="0"/>
</pin_list>
<bind>
<opcode="getelementptr(29) " fcode="getelementptr"/>
<opset="hidden_layer_2_addr_4/49 "/>
</bind>
</comp>

<comp id="1035" class="1004" name="hidden_layer_2_addr_5_gep_fu_1035">
<pin_list>
<pin id="1036" dir="0" index="0" bw="32" slack="2147483647"/>
<pin id="1037" dir="0" index="1" bw="1" slack="0"/>
<pin id="1038" dir="0" index="2" bw="4" slack="0"/>
<pin id="1039" dir="1" index="3" bw="4" slack="0"/>
</pin_list>
<bind>
<opcode="getelementptr(29) " fcode="getelementptr"/>
<opset="hidden_layer_2_addr_5/49 "/>
</bind>
</comp>

<comp id="1043" class="1004" name="hidden_layer_2_addr_6_gep_fu_1043">
<pin_list>
<pin id="1044" dir="0" index="0" bw="32" slack="2147483647"/>
<pin id="1045" dir="0" index="1" bw="1" slack="0"/>
<pin id="1046" dir="0" index="2" bw="4" slack="0"/>
<pin id="1047" dir="1" index="3" bw="4" slack="0"/>
</pin_list>
<bind>
<opcode="getelementptr(29) " fcode="getelementptr"/>
<opset="hidden_layer_2_addr_6/50 "/>
</bind>
</comp>

<comp id="1051" class="1004" name="hidden_layer_2_addr_7_gep_fu_1051">
<pin_list>
<pin id="1052" dir="0" index="0" bw="32" slack="2147483647"/>
<pin id="1053" dir="0" index="1" bw="1" slack="0"/>
<pin id="1054" dir="0" index="2" bw="4" slack="0"/>
<pin id="1055" dir="1" index="3" bw="4" slack="0"/>
</pin_list>
<bind>
<opcode="getelementptr(29) " fcode="getelementptr"/>
<opset="hidden_layer_2_addr_7/50 "/>
</bind>
</comp>

<comp id="1059" class="1004" name="hidden_layer_2_addr_8_gep_fu_1059">
<pin_list>
<pin id="1060" dir="0" index="0" bw="32" slack="2147483647"/>
<pin id="1061" dir="0" index="1" bw="1" slack="0"/>
<pin id="1062" dir="0" index="2" bw="5" slack="0"/>
<pin id="1063" dir="1" index="3" bw="4" slack="0"/>
</pin_list>
<bind>
<opcode="getelementptr(29) " fcode="getelementptr"/>
<opset="hidden_layer_2_addr_8/51 "/>
</bind>
</comp>

<comp id="1067" class="1004" name="hidden_layer_2_addr_9_gep_fu_1067">
<pin_list>
<pin id="1068" dir="0" index="0" bw="32" slack="2147483647"/>
<pin id="1069" dir="0" index="1" bw="1" slack="0"/>
<pin id="1070" dir="0" index="2" bw="5" slack="0"/>
<pin id="1071" dir="1" index="3" bw="4" slack="0"/>
</pin_list>
<bind>
<opcode="getelementptr(29) " fcode="getelementptr"/>
<opset="hidden_layer_2_addr_9/51 "/>
</bind>
</comp>

<comp id="1075" class="1004" name="hidden_layer_2_addr_10_gep_fu_1075">
<pin_list>
<pin id="1076" dir="0" index="0" bw="32" slack="2147483647"/>
<pin id="1077" dir="0" index="1" bw="1" slack="0"/>
<pin id="1078" dir="0" index="2" bw="5" slack="0"/>
<pin id="1079" dir="1" index="3" bw="4" slack="0"/>
</pin_list>
<bind>
<opcode="getelementptr(29) " fcode="getelementptr"/>
<opset="hidden_layer_2_addr_10/52 "/>
</bind>
</comp>

<comp id="1083" class="1004" name="hidden_layer_2_addr_11_gep_fu_1083">
<pin_list>
<pin id="1084" dir="0" index="0" bw="32" slack="2147483647"/>
<pin id="1085" dir="0" index="1" bw="1" slack="0"/>
<pin id="1086" dir="0" index="2" bw="5" slack="0"/>
<pin id="1087" dir="1" index="3" bw="4" slack="0"/>
</pin_list>
<bind>
<opcode="getelementptr(29) " fcode="getelementptr"/>
<opset="hidden_layer_2_addr_11/52 "/>
</bind>
</comp>

<comp id="1091" class="1004" name="grp_MLP_Pipeline_1_fu_1091">
<pin_list>
<pin id="1092" dir="0" index="0" bw="0" slack="0"/>
<pin id="1093" dir="0" index="1" bw="32" slack="0"/>
<pin id="1094" dir="1" index="2" bw="0" slack="2147483647"/>
</pin_list>
<bind>
<opcode="call(48) " fcode="call"/>
<opset="call_ln0/1 "/>
</bind>
</comp>

<comp id="1097" class="1004" name="grp_MLP_Pipeline_2_fu_1097">
<pin_list>
<pin id="1098" dir="0" index="0" bw="0" slack="0"/>
<pin id="1099" dir="0" index="1" bw="32" slack="0"/>
<pin id="1100" dir="1" index="2" bw="0" slack="2147483647"/>
</pin_list>
<bind>
<opcode="call(48) " fcode="call"/>
<opset="call_ln0/1 "/>
</bind>
</comp>

<comp id="1103" class="1004" name="grp_MLP_Pipeline_3_fu_1103">
<pin_list>
<pin id="1104" dir="0" index="0" bw="0" slack="0"/>
<pin id="1105" dir="0" index="1" bw="32" slack="0"/>
<pin id="1106" dir="1" index="2" bw="0" slack="2147483647"/>
</pin_list>
<bind>
<opcode="call(48) " fcode="call"/>
<opset="call_ln0/1 "/>
</bind>
</comp>

<comp id="1109" class="1004" name="grp_MLP_Pipeline_4_fu_1109">
<pin_list>
<pin id="1110" dir="0" index="0" bw="0" slack="0"/>
<pin id="1111" dir="0" index="1" bw="32" slack="0"/>
<pin id="1112" dir="1" index="2" bw="0" slack="2147483647"/>
</pin_list>
<bind>
<opcode="call(48) " fcode="call"/>
<opset="call_ln0/1 "/>
</bind>
</comp>

<comp id="1115" class="1004" name="grp_MLP_Pipeline_5_fu_1115">
<pin_list>
<pin id="1116" dir="0" index="0" bw="0" slack="0"/>
<pin id="1117" dir="0" index="1" bw="32" slack="0"/>
<pin id="1118" dir="1" index="2" bw="0" slack="2147483647"/>
</pin_list>
<bind>
<opcode="call(48) " fcode="call"/>
<opset="call_ln0/1 "/>
</bind>
</comp>

<comp id="1121" class="1004" name="grp_MLP_Pipeline_6_fu_1121">
<pin_list>
<pin id="1122" dir="0" index="0" bw="0" slack="0"/>
<pin id="1123" dir="0" index="1" bw="32" slack="0"/>
<pin id="1124" dir="1" index="2" bw="0" slack="2147483647"/>
</pin_list>
<bind>
<opcode="call(48) " fcode="call"/>
<opset="call_ln0/1 "/>
</bind>
</comp>

<comp id="1127" class="1004" name="grp_MLP_Pipeline_VITIS_LOOP_58_1_fu_1127">
<pin_list>
<pin id="1128" dir="0" index="0" bw="0" slack="0"/>
<pin id="1129" dir="0" index="1" bw="32" slack="0"/>
<pin id="1130" dir="0" index="2" bw="4" slack="0"/>
<pin id="1131" dir="0" index="3" bw="4" slack="0"/>
<pin id="1132" dir="0" index="4" bw="2" slack="0"/>
<pin id="1133" dir="0" index="5" bw="1" slack="0"/>
<pin id="1134" dir="0" index="6" bw="5" slack="0"/>
<pin id="1135" dir="0" index="7" bw="6" slack="0"/>
<pin id="1136" dir="0" index="8" bw="32" slack="2147483647"/>
<pin id="1137" dir="0" index="9" bw="4" slack="2"/>
<pin id="1138" dir="0" index="10" bw="4" slack="2"/>
<pin id="1139" dir="0" index="11" bw="2" slack="2"/>
<pin id="1140" dir="0" index="12" bw="5" slack="2"/>
<pin id="1141" dir="0" index="13" bw="6" slack="2"/>
<pin id="1142" dir="1" index="14" bw="0" slack="2147483647"/>
</pin_list>
<bind>
<opcode="call(48) " fcode="call"/>
<opset="call_ln0/3 "/>
</bind>
</comp>

<comp id="1151" class="1004" name="grp_MLP_Pipeline_VITIS_LOOP_69_2_fu_1151">
<pin_list>
<pin id="1152" dir="0" index="0" bw="0" slack="0"/>
<pin id="1153" dir="0" index="1" bw="32" slack="2147483647"/>
<pin id="1154" dir="0" index="2" bw="32" slack="2147483647"/>
<pin id="1155" dir="1" index="3" bw="0" slack="2147483647"/>
</pin_list>
<bind>
<opcode="call(48) " fcode="call"/>
<opset="call_ln0/5 "/>
</bind>
</comp>

<comp id="1157" class="1004" name="grp_MLP_Pipeline_VITIS_LOOP_77_3_fu_1157">
<pin_list>
<pin id="1158" dir="0" index="0" bw="0" slack="0"/>
<pin id="1159" dir="0" index="1" bw="32" slack="2147483647"/>
<pin id="1160" dir="0" index="2" bw="32" slack="23"/>
<pin id="1161" dir="0" index="3" bw="32" slack="23"/>
<pin id="1162" dir="0" index="4" bw="32" slack="22"/>
<pin id="1163" dir="0" index="5" bw="32" slack="22"/>
<pin id="1164" dir="0" index="6" bw="32" slack="21"/>
<pin id="1165" dir="0" index="7" bw="32" slack="21"/>
<pin id="1166" dir="0" index="8" bw="32" slack="20"/>
<pin id="1167" dir="0" index="9" bw="32" slack="20"/>
<pin id="1168" dir="0" index="10" bw="32" slack="19"/>
<pin id="1169" dir="0" index="11" bw="32" slack="19"/>
<pin id="1170" dir="0" index="12" bw="32" slack="18"/>
<pin id="1171" dir="0" index="13" bw="32" slack="18"/>
<pin id="1172" dir="0" index="14" bw="32" slack="17"/>
<pin id="1173" dir="0" index="15" bw="32" slack="17"/>
<pin id="1174" dir="0" index="16" bw="32" slack="16"/>
<pin id="1175" dir="0" index="17" bw="32" slack="16"/>
<pin id="1176" dir="0" index="18" bw="32" slack="15"/>
<pin id="1177" dir="0" index="19" bw="32" slack="15"/>
<pin id="1178" dir="0" index="20" bw="32" slack="14"/>
<pin id="1179" dir="0" index="21" bw="32" slack="14"/>
<pin id="1180" dir="0" index="22" bw="32" slack="13"/>
<pin id="1181" dir="0" index="23" bw="32" slack="13"/>
<pin id="1182" dir="0" index="24" bw="32" slack="12"/>
<pin id="1183" dir="0" index="25" bw="32" slack="12"/>
<pin id="1184" dir="0" index="26" bw="32" slack="11"/>
<pin id="1185" dir="0" index="27" bw="32" slack="11"/>
<pin id="1186" dir="0" index="28" bw="32" slack="10"/>
<pin id="1187" dir="0" index="29" bw="32" slack="10"/>
<pin id="1188" dir="0" index="30" bw="32" slack="9"/>
<pin id="1189" dir="0" index="31" bw="32" slack="9"/>
<pin id="1190" dir="0" index="32" bw="32" slack="8"/>
<pin id="1191" dir="0" index="33" bw="32" slack="8"/>
<pin id="1192" dir="0" index="34" bw="32" slack="7"/>
<pin id="1193" dir="0" index="35" bw="32" slack="7"/>
<pin id="1194" dir="0" index="36" bw="32" slack="6"/>
<pin id="1195" dir="0" index="37" bw="32" slack="6"/>
<pin id="1196" dir="0" index="38" bw="32" slack="5"/>
<pin id="1197" dir="0" index="39" bw="32" slack="5"/>
<pin id="1198" dir="0" index="40" bw="32" slack="4"/>
<pin id="1199" dir="0" index="41" bw="32" slack="4"/>
<pin id="1200" dir="0" index="42" bw="32" slack="3"/>
<pin id="1201" dir="0" index="43" bw="32" slack="3"/>
<pin id="1202" dir="0" index="44" bw="32" slack="2"/>
<pin id="1203" dir="0" index="45" bw="32" slack="2"/>
<pin id="1204" dir="0" index="46" bw="32" slack="1"/>
<pin id="1205" dir="0" index="47" bw="32" slack="1"/>
<pin id="1206" dir="0" index="48" bw="32" slack="0"/>
<pin id="1207" dir="0" index="49" bw="32" slack="0"/>
<pin id="1208" dir="0" index="50" bw="32" slack="0"/>
<pin id="1209" dir="0" index="51" bw="32" slack="0"/>
<pin id="1210" dir="0" index="52" bw="32" slack="0"/>
<pin id="1211" dir="0" index="53" bw="32" slack="0"/>
<pin id="1212" dir="0" index="54" bw="32" slack="0"/>
<pin id="1213" dir="0" index="55" bw="32" slack="0"/>
<pin id="1214" dir="0" index="56" bw="32" slack="0"/>
<pin id="1215" dir="0" index="57" bw="32" slack="0"/>
<pin id="1216" dir="0" index="58" bw="32" slack="0"/>
<pin id="1217" dir="0" index="59" bw="32" slack="0"/>
<pin id="1218" dir="0" index="60" bw="32" slack="0"/>
<pin id="1219" dir="0" index="61" bw="32" slack="0"/>
<pin id="1220" dir="0" index="62" bw="32" slack="0"/>
<pin id="1221" dir="0" index="63" bw="32" slack="0"/>
<pin id="1222" dir="0" index="64" bw="32" slack="0"/>
<pin id="1223" dir="0" index="65" bw="32" slack="0"/>
<pin id="1224" dir="0" index="66" bw="32" slack="0"/>
<pin id="1225" dir="0" index="67" bw="32" slack="0"/>
<pin id="1226" dir="0" index="68" bw="32" slack="0"/>
<pin id="1227" dir="0" index="69" bw="32" slack="0"/>
<pin id="1228" dir="0" index="70" bw="32" slack="0"/>
<pin id="1229" dir="0" index="71" bw="32" slack="0"/>
<pin id="1230" dir="0" index="72" bw="32" slack="0"/>
<pin id="1231" dir="0" index="73" bw="32" slack="0"/>
<pin id="1232" dir="0" index="74" bw="32" slack="0"/>
<pin id="1233" dir="0" index="75" bw="32" slack="0"/>
<pin id="1234" dir="0" index="76" bw="32" slack="0"/>
<pin id="1235" dir="0" index="77" bw="32" slack="0"/>
<pin id="1236" dir="0" index="78" bw="32" slack="0"/>
<pin id="1237" dir="0" index="79" bw="32" slack="0"/>
<pin id="1238" dir="0" index="80" bw="32" slack="0"/>
<pin id="1239" dir="0" index="81" bw="32" slack="0"/>
<pin id="1240" dir="0" index="82" bw="32" slack="0"/>
<pin id="1241" dir="0" index="83" bw="32" slack="0"/>
<pin id="1242" dir="0" index="84" bw="32" slack="0"/>
<pin id="1243" dir="0" index="85" bw="32" slack="0"/>
<pin id="1244" dir="0" index="86" bw="32" slack="0"/>
<pin id="1245" dir="0" index="87" bw="32" slack="0"/>
<pin id="1246" dir="0" index="88" bw="32" slack="0"/>
<pin id="1247" dir="0" index="89" bw="32" slack="0"/>
<pin id="1248" dir="0" index="90" bw="32" slack="0"/>
<pin id="1249" dir="0" index="91" bw="32" slack="0"/>
<pin id="1250" dir="0" index="92" bw="32" slack="0"/>
<pin id="1251" dir="0" index="93" bw="32" slack="0"/>
<pin id="1252" dir="0" index="94" bw="32" slack="0"/>
<pin id="1253" dir="0" index="95" bw="32" slack="0"/>
<pin id="1254" dir="0" index="96" bw="32" slack="0"/>
<pin id="1255" dir="0" index="97" bw="32" slack="0"/>
<pin id="1256" dir="0" index="98" bw="32" slack="0"/>
<pin id="1257" dir="1" index="99" bw="0" slack="2147483647"/>
</pin_list>
<bind>
<opcode="call(48) " fcode="call"/>
<opset="call_ln80/31 "/>
</bind>
</comp>

<comp id="1310" class="1004" name="grp_MLP_Pipeline_VITIS_LOOP_94_5_fu_1310">
<pin_list>
<pin id="1311" dir="0" index="0" bw="0" slack="0"/>
<pin id="1312" dir="0" index="1" bw="32" slack="2147483647"/>
<pin id="1313" dir="0" index="2" bw="32" slack="11"/>
<pin id="1314" dir="0" index="3" bw="32" slack="11"/>
<pin id="1315" dir="0" index="4" bw="32" slack="10"/>
<pin id="1316" dir="0" index="5" bw="32" slack="10"/>
<pin id="1317" dir="0" index="6" bw="32" slack="9"/>
<pin id="1318" dir="0" index="7" bw="32" slack="9"/>
<pin id="1319" dir="0" index="8" bw="32" slack="8"/>
<pin id="1320" dir="0" index="9" bw="32" slack="8"/>
<pin id="1321" dir="0" index="10" bw="32" slack="7"/>
<pin id="1322" dir="0" index="11" bw="32" slack="7"/>
<pin id="1323" dir="0" index="12" bw="32" slack="6"/>
<pin id="1324" dir="0" index="13" bw="32" slack="6"/>
<pin id="1325" dir="0" index="14" bw="32" slack="5"/>
<pin id="1326" dir="0" index="15" bw="32" slack="5"/>
<pin id="1327" dir="0" index="16" bw="32" slack="4"/>
<pin id="1328" dir="0" index="17" bw="32" slack="4"/>
<pin id="1329" dir="0" index="18" bw="32" slack="3"/>
<pin id="1330" dir="0" index="19" bw="32" slack="3"/>
<pin id="1331" dir="0" index="20" bw="32" slack="2"/>
<pin id="1332" dir="0" index="21" bw="32" slack="2"/>
<pin id="1333" dir="0" index="22" bw="32" slack="1"/>
<pin id="1334" dir="0" index="23" bw="32" slack="1"/>
<pin id="1335" dir="0" index="24" bw="32" slack="0"/>
<pin id="1336" dir="0" index="25" bw="32" slack="0"/>
<pin id="1337" dir="0" index="26" bw="32" slack="0"/>
<pin id="1338" dir="0" index="27" bw="32" slack="0"/>
<pin id="1339" dir="0" index="28" bw="32" slack="0"/>
<pin id="1340" dir="0" index="29" bw="32" slack="0"/>
<pin id="1341" dir="0" index="30" bw="32" slack="0"/>
<pin id="1342" dir="0" index="31" bw="32" slack="0"/>
<pin id="1343" dir="0" index="32" bw="32" slack="0"/>
<pin id="1344" dir="0" index="33" bw="32" slack="0"/>
<pin id="1345" dir="0" index="34" bw="32" slack="0"/>
<pin id="1346" dir="0" index="35" bw="32" slack="0"/>
<pin id="1347" dir="0" index="36" bw="32" slack="0"/>
<pin id="1348" dir="0" index="37" bw="32" slack="0"/>
<pin id="1349" dir="0" index="38" bw="32" slack="0"/>
<pin id="1350" dir="0" index="39" bw="32" slack="0"/>
<pin id="1351" dir="0" index="40" bw="32" slack="0"/>
<pin id="1352" dir="0" index="41" bw="32" slack="0"/>
<pin id="1353" dir="0" index="42" bw="32" slack="0"/>
<pin id="1354" dir="0" index="43" bw="32" slack="0"/>
<pin id="1355" dir="0" index="44" bw="32" slack="0"/>
<pin id="1356" dir="0" index="45" bw="32" slack="0"/>
<pin id="1357" dir="0" index="46" bw="32" slack="0"/>
<pin id="1358" dir="0" index="47" bw="32" slack="0"/>
<pin id="1359" dir="0" index="48" bw="32" slack="0"/>
<pin id="1360" dir="0" index="49" bw="32" slack="0"/>
<pin id="1361" dir="0" index="50" bw="32" slack="0"/>
<pin id="1362" dir="1" index="51" bw="0" slack="2147483647"/>
</pin_list>
<bind>
<opcode="call(48) " fcode="call"/>
<opset="call_ln97/45 "/>
</bind>
</comp>

<comp id="1391" class="1004" name="grp_MLP_Pipeline_VITIS_LOOP_111_7_fu_1391">
<pin_list>
<pin id="1392" dir="0" index="0" bw="0" slack="0"/>
<pin id="1393" dir="0" index="1" bw="32" slack="2147483647"/>
<pin id="1394" dir="0" index="2" bw="32" slack="5"/>
<pin id="1395" dir="0" index="3" bw="32" slack="5"/>
<pin id="1396" dir="0" index="4" bw="32" slack="4"/>
<pin id="1397" dir="0" index="5" bw="32" slack="4"/>
<pin id="1398" dir="0" index="6" bw="32" slack="3"/>
<pin id="1399" dir="0" index="7" bw="32" slack="3"/>
<pin id="1400" dir="0" index="8" bw="32" slack="2"/>
<pin id="1401" dir="0" index="9" bw="32" slack="2"/>
<pin id="1402" dir="0" index="10" bw="32" slack="1"/>
<pin id="1403" dir="0" index="11" bw="32" slack="1"/>
<pin id="1404" dir="0" index="12" bw="32" slack="0"/>
<pin id="1405" dir="0" index="13" bw="32" slack="0"/>
<pin id="1406" dir="0" index="14" bw="32" slack="0"/>
<pin id="1407" dir="0" index="15" bw="32" slack="0"/>
<pin id="1408" dir="0" index="16" bw="32" slack="0"/>
<pin id="1409" dir="0" index="17" bw="32" slack="0"/>
<pin id="1410" dir="0" index="18" bw="32" slack="0"/>
<pin id="1411" dir="0" index="19" bw="32" slack="0"/>
<pin id="1412" dir="0" index="20" bw="32" slack="0"/>
<pin id="1413" dir="0" index="21" bw="32" slack="0"/>
<pin id="1414" dir="0" index="22" bw="32" slack="0"/>
<pin id="1415" dir="0" index="23" bw="32" slack="0"/>
<pin id="1416" dir="0" index="24" bw="32" slack="0"/>
<pin id="1417" dir="0" index="25" bw="32" slack="0"/>
<pin id="1418" dir="0" index="26" bw="32" slack="0"/>
<pin id="1419" dir="1" index="27" bw="0" slack="2147483647"/>
</pin_list>
<bind>
<opcode="call(48) " fcode="call"/>
<opset="call_ln114/53 "/>
</bind>
</comp>

<comp id="1436" class="1004" name="grp_MLP_Pipeline_VITIS_LOOP_123_9_fu_1436">
<pin_list>
<pin id="1437" dir="0" index="0" bw="0" slack="0"/>
<pin id="1438" dir="0" index="1" bw="32" slack="2147483647"/>
<pin id="1439" dir="0" index="2" bw="32" slack="2147483647"/>
<pin id="1440" dir="1" index="3" bw="0" slack="2147483647"/>
</pin_list>
<bind>
<opcode="call(48) " fcode="call"/>
<opset="call_ln0/55 "/>
</bind>
</comp>

<comp id="1442" class="1004" name="grp_MLP_Pipeline_VITIS_LOOP_128_10_fu_1442">
<pin_list>
<pin id="1443" dir="0" index="0" bw="0" slack="0"/>
<pin id="1444" dir="0" index="1" bw="32" slack="2147483647"/>
<pin id="1445" dir="0" index="2" bw="4" slack="0"/>
<pin id="1446" dir="0" index="3" bw="4" slack="0"/>
<pin id="1447" dir="0" index="4" bw="2" slack="0"/>
<pin id="1448" dir="0" index="5" bw="5" slack="0"/>
<pin id="1449" dir="0" index="6" bw="6" slack="0"/>
<pin id="1450" dir="0" index="7" bw="32" slack="0"/>
<pin id="1451" dir="0" index="8" bw="4" slack="0"/>
<pin id="1452" dir="0" index="9" bw="4" slack="0"/>
<pin id="1453" dir="0" index="10" bw="2" slack="0"/>
<pin id="1454" dir="0" index="11" bw="1" slack="0"/>
<pin id="1455" dir="0" index="12" bw="5" slack="0"/>
<pin id="1456" dir="0" index="13" bw="6" slack="0"/>
<pin id="1457" dir="1" index="14" bw="0" slack="2147483647"/>
</pin_list>
<bind>
<opcode="call(48) " fcode="call"/>
<opset="call_ln0/57 "/>
</bind>
</comp>

<comp id="1466" class="1004" name="tmp_keep_V_loc_load_load_fu_1466">
<pin_list>
<pin id="1467" dir="0" index="0" bw="4" slack="56"/>
<pin id="1468" dir="1" index="1" bw="4" slack="0"/>
</pin_list>
<bind>
<opcode="load(27) " fcode="load"/>
<opset="tmp_keep_V_loc_load/57 "/>
</bind>
</comp>

<comp id="1470" class="1004" name="tmp_strb_V_loc_load_load_fu_1470">
<pin_list>
<pin id="1471" dir="0" index="0" bw="4" slack="56"/>
<pin id="1472" dir="1" index="1" bw="4" slack="0"/>
</pin_list>
<bind>
<opcode="load(27) " fcode="load"/>
<opset="tmp_strb_V_loc_load/57 "/>
</bind>
</comp>

<comp id="1474" class="1004" name="tmp_user_V_loc_load_load_fu_1474">
<pin_list>
<pin id="1475" dir="0" index="0" bw="2" slack="56"/>
<pin id="1476" dir="1" index="1" bw="2" slack="0"/>
</pin_list>
<bind>
<opcode="load(27) " fcode="load"/>
<opset="tmp_user_V_loc_load/57 "/>
</bind>
</comp>

<comp id="1478" class="1004" name="tmp_id_V_loc_load_load_fu_1478">
<pin_list>
<pin id="1479" dir="0" index="0" bw="5" slack="56"/>
<pin id="1480" dir="1" index="1" bw="5" slack="0"/>
</pin_list>
<bind>
<opcode="load(27) " fcode="load"/>
<opset="tmp_id_V_loc_load/57 "/>
</bind>
</comp>

<comp id="1482" class="1004" name="tmp_dest_V_loc_load_load_fu_1482">
<pin_list>
<pin id="1483" dir="0" index="0" bw="6" slack="56"/>
<pin id="1484" dir="1" index="1" bw="6" slack="0"/>
</pin_list>
<bind>
<opcode="load(27) " fcode="load"/>
<opset="tmp_dest_V_loc_load/57 "/>
</bind>
</comp>

<comp id="1486" class="1005" name="tmp_dest_V_loc_reg_1486">
<pin_list>
<pin id="1487" dir="0" index="0" bw="6" slack="2"/>
<pin id="1488" dir="1" index="1" bw="6" slack="2"/>
</pin_list>
<bind>
<opset="tmp_dest_V_loc "/>
</bind>
</comp>

<comp id="1492" class="1005" name="tmp_id_V_loc_reg_1492">
<pin_list>
<pin id="1493" dir="0" index="0" bw="5" slack="2"/>
<pin id="1494" dir="1" index="1" bw="5" slack="2"/>
</pin_list>
<bind>
<opset="tmp_id_V_loc "/>
</bind>
</comp>

<comp id="1498" class="1005" name="tmp_user_V_loc_reg_1498">
<pin_list>
<pin id="1499" dir="0" index="0" bw="2" slack="2"/>
<pin id="1500" dir="1" index="1" bw="2" slack="2"/>
</pin_list>
<bind>
<opset="tmp_user_V_loc "/>
</bind>
</comp>

<comp id="1504" class="1005" name="tmp_strb_V_loc_reg_1504">
<pin_list>
<pin id="1505" dir="0" index="0" bw="4" slack="2"/>
<pin id="1506" dir="1" index="1" bw="4" slack="2"/>
</pin_list>
<bind>
<opset="tmp_strb_V_loc "/>
</bind>
</comp>

<comp id="1510" class="1005" name="tmp_keep_V_loc_reg_1510">
<pin_list>
<pin id="1511" dir="0" index="0" bw="4" slack="2"/>
<pin id="1512" dir="1" index="1" bw="4" slack="2"/>
</pin_list>
<bind>
<opset="tmp_keep_V_loc "/>
</bind>
</comp>

<comp id="1516" class="1005" name="input_features_casted_addr_reg_1516">
<pin_list>
<pin id="1517" dir="0" index="0" bw="6" slack="1"/>
<pin id="1518" dir="1" index="1" bw="6" slack="1"/>
</pin_list>
<bind>
<opset="input_features_casted_addr "/>
</bind>
</comp>

<comp id="1521" class="1005" name="input_features_casted_addr_1_reg_1521">
<pin_list>
<pin id="1522" dir="0" index="0" bw="6" slack="1"/>
<pin id="1523" dir="1" index="1" bw="6" slack="1"/>
</pin_list>
<bind>
<opset="input_features_casted_addr_1 "/>
</bind>
</comp>

<comp id="1526" class="1005" name="input_features_casted_load_reg_1526">
<pin_list>
<pin id="1527" dir="0" index="0" bw="32" slack="23"/>
<pin id="1528" dir="1" index="1" bw="32" slack="23"/>
</pin_list>
<bind>
<opset="input_features_casted_load "/>
</bind>
</comp>

<comp id="1531" class="1005" name="input_features_casted_load_1_reg_1531">
<pin_list>
<pin id="1532" dir="0" index="0" bw="32" slack="23"/>
<pin id="1533" dir="1" index="1" bw="32" slack="23"/>
</pin_list>
<bind>
<opset="input_features_casted_load_1 "/>
</bind>
</comp>

<comp id="1536" class="1005" name="input_features_casted_addr_2_reg_1536">
<pin_list>
<pin id="1537" dir="0" index="0" bw="6" slack="1"/>
<pin id="1538" dir="1" index="1" bw="6" slack="1"/>
</pin_list>
<bind>
<opset="input_features_casted_addr_2 "/>
</bind>
</comp>

<comp id="1541" class="1005" name="input_features_casted_addr_3_reg_1541">
<pin_list>
<pin id="1542" dir="0" index="0" bw="6" slack="1"/>
<pin id="1543" dir="1" index="1" bw="6" slack="1"/>
</pin_list>
<bind>
<opset="input_features_casted_addr_3 "/>
</bind>
</comp>

<comp id="1546" class="1005" name="input_features_casted_load_2_reg_1546">
<pin_list>
<pin id="1547" dir="0" index="0" bw="32" slack="22"/>
<pin id="1548" dir="1" index="1" bw="32" slack="22"/>
</pin_list>
<bind>
<opset="input_features_casted_load_2 "/>
</bind>
</comp>

<comp id="1551" class="1005" name="input_features_casted_load_3_reg_1551">
<pin_list>
<pin id="1552" dir="0" index="0" bw="32" slack="22"/>
<pin id="1553" dir="1" index="1" bw="32" slack="22"/>
</pin_list>
<bind>
<opset="input_features_casted_load_3 "/>
</bind>
</comp>

<comp id="1556" class="1005" name="input_features_casted_addr_4_reg_1556">
<pin_list>
<pin id="1557" dir="0" index="0" bw="6" slack="1"/>
<pin id="1558" dir="1" index="1" bw="6" slack="1"/>
</pin_list>
<bind>
<opset="input_features_casted_addr_4 "/>
</bind>
</comp>

<comp id="1561" class="1005" name="input_features_casted_addr_5_reg_1561">
<pin_list>
<pin id="1562" dir="0" index="0" bw="6" slack="1"/>
<pin id="1563" dir="1" index="1" bw="6" slack="1"/>
</pin_list>
<bind>
<opset="input_features_casted_addr_5 "/>
</bind>
</comp>

<comp id="1566" class="1005" name="input_features_casted_load_4_reg_1566">
<pin_list>
<pin id="1567" dir="0" index="0" bw="32" slack="21"/>
<pin id="1568" dir="1" index="1" bw="32" slack="21"/>
</pin_list>
<bind>
<opset="input_features_casted_load_4 "/>
</bind>
</comp>

<comp id="1571" class="1005" name="input_features_casted_load_5_reg_1571">
<pin_list>
<pin id="1572" dir="0" index="0" bw="32" slack="21"/>
<pin id="1573" dir="1" index="1" bw="32" slack="21"/>
</pin_list>
<bind>
<opset="input_features_casted_load_5 "/>
</bind>
</comp>

<comp id="1576" class="1005" name="input_features_casted_addr_6_reg_1576">
<pin_list>
<pin id="1577" dir="0" index="0" bw="6" slack="1"/>
<pin id="1578" dir="1" index="1" bw="6" slack="1"/>
</pin_list>
<bind>
<opset="input_features_casted_addr_6 "/>
</bind>
</comp>

<comp id="1581" class="1005" name="input_features_casted_addr_7_reg_1581">
<pin_list>
<pin id="1582" dir="0" index="0" bw="6" slack="1"/>
<pin id="1583" dir="1" index="1" bw="6" slack="1"/>
</pin_list>
<bind>
<opset="input_features_casted_addr_7 "/>
</bind>
</comp>

<comp id="1586" class="1005" name="input_features_casted_load_6_reg_1586">
<pin_list>
<pin id="1587" dir="0" index="0" bw="32" slack="20"/>
<pin id="1588" dir="1" index="1" bw="32" slack="20"/>
</pin_list>
<bind>
<opset="input_features_casted_load_6 "/>
</bind>
</comp>

<comp id="1591" class="1005" name="input_features_casted_load_7_reg_1591">
<pin_list>
<pin id="1592" dir="0" index="0" bw="32" slack="20"/>
<pin id="1593" dir="1" index="1" bw="32" slack="20"/>
</pin_list>
<bind>
<opset="input_features_casted_load_7 "/>
</bind>
</comp>

<comp id="1596" class="1005" name="input_features_casted_addr_8_reg_1596">
<pin_list>
<pin id="1597" dir="0" index="0" bw="6" slack="1"/>
<pin id="1598" dir="1" index="1" bw="6" slack="1"/>
</pin_list>
<bind>
<opset="input_features_casted_addr_8 "/>
</bind>
</comp>

<comp id="1601" class="1005" name="input_features_casted_addr_9_reg_1601">
<pin_list>
<pin id="1602" dir="0" index="0" bw="6" slack="1"/>
<pin id="1603" dir="1" index="1" bw="6" slack="1"/>
</pin_list>
<bind>
<opset="input_features_casted_addr_9 "/>
</bind>
</comp>

<comp id="1606" class="1005" name="input_features_casted_load_8_reg_1606">
<pin_list>
<pin id="1607" dir="0" index="0" bw="32" slack="19"/>
<pin id="1608" dir="1" index="1" bw="32" slack="19"/>
</pin_list>
<bind>
<opset="input_features_casted_load_8 "/>
</bind>
</comp>

<comp id="1611" class="1005" name="input_features_casted_load_9_reg_1611">
<pin_list>
<pin id="1612" dir="0" index="0" bw="32" slack="19"/>
<pin id="1613" dir="1" index="1" bw="32" slack="19"/>
</pin_list>
<bind>
<opset="input_features_casted_load_9 "/>
</bind>
</comp>

<comp id="1616" class="1005" name="input_features_casted_addr_10_reg_1616">
<pin_list>
<pin id="1617" dir="0" index="0" bw="6" slack="1"/>
<pin id="1618" dir="1" index="1" bw="6" slack="1"/>
</pin_list>
<bind>
<opset="input_features_casted_addr_10 "/>
</bind>
</comp>

<comp id="1621" class="1005" name="input_features_casted_addr_11_reg_1621">
<pin_list>
<pin id="1622" dir="0" index="0" bw="6" slack="1"/>
<pin id="1623" dir="1" index="1" bw="6" slack="1"/>
</pin_list>
<bind>
<opset="input_features_casted_addr_11 "/>
</bind>
</comp>

<comp id="1626" class="1005" name="input_features_casted_load_10_reg_1626">
<pin_list>
<pin id="1627" dir="0" index="0" bw="32" slack="18"/>
<pin id="1628" dir="1" index="1" bw="32" slack="18"/>
</pin_list>
<bind>
<opset="input_features_casted_load_10 "/>
</bind>
</comp>

<comp id="1631" class="1005" name="input_features_casted_load_11_reg_1631">
<pin_list>
<pin id="1632" dir="0" index="0" bw="32" slack="18"/>
<pin id="1633" dir="1" index="1" bw="32" slack="18"/>
</pin_list>
<bind>
<opset="input_features_casted_load_11 "/>
</bind>
</comp>

<comp id="1636" class="1005" name="input_features_casted_addr_12_reg_1636">
<pin_list>
<pin id="1637" dir="0" index="0" bw="6" slack="1"/>
<pin id="1638" dir="1" index="1" bw="6" slack="1"/>
</pin_list>
<bind>
<opset="input_features_casted_addr_12 "/>
</bind>
</comp>

<comp id="1641" class="1005" name="input_features_casted_addr_13_reg_1641">
<pin_list>
<pin id="1642" dir="0" index="0" bw="6" slack="1"/>
<pin id="1643" dir="1" index="1" bw="6" slack="1"/>
</pin_list>
<bind>
<opset="input_features_casted_addr_13 "/>
</bind>
</comp>

<comp id="1646" class="1005" name="input_features_casted_load_12_reg_1646">
<pin_list>
<pin id="1647" dir="0" index="0" bw="32" slack="17"/>
<pin id="1648" dir="1" index="1" bw="32" slack="17"/>
</pin_list>
<bind>
<opset="input_features_casted_load_12 "/>
</bind>
</comp>

<comp id="1651" class="1005" name="input_features_casted_load_13_reg_1651">
<pin_list>
<pin id="1652" dir="0" index="0" bw="32" slack="17"/>
<pin id="1653" dir="1" index="1" bw="32" slack="17"/>
</pin_list>
<bind>
<opset="input_features_casted_load_13 "/>
</bind>
</comp>

<comp id="1656" class="1005" name="input_features_casted_addr_14_reg_1656">
<pin_list>
<pin id="1657" dir="0" index="0" bw="6" slack="1"/>
<pin id="1658" dir="1" index="1" bw="6" slack="1"/>
</pin_list>
<bind>
<opset="input_features_casted_addr_14 "/>
</bind>
</comp>

<comp id="1661" class="1005" name="input_features_casted_addr_15_reg_1661">
<pin_list>
<pin id="1662" dir="0" index="0" bw="6" slack="1"/>
<pin id="1663" dir="1" index="1" bw="6" slack="1"/>
</pin_list>
<bind>
<opset="input_features_casted_addr_15 "/>
</bind>
</comp>

<comp id="1666" class="1005" name="input_features_casted_load_14_reg_1666">
<pin_list>
<pin id="1667" dir="0" index="0" bw="32" slack="16"/>
<pin id="1668" dir="1" index="1" bw="32" slack="16"/>
</pin_list>
<bind>
<opset="input_features_casted_load_14 "/>
</bind>
</comp>

<comp id="1671" class="1005" name="input_features_casted_load_15_reg_1671">
<pin_list>
<pin id="1672" dir="0" index="0" bw="32" slack="16"/>
<pin id="1673" dir="1" index="1" bw="32" slack="16"/>
</pin_list>
<bind>
<opset="input_features_casted_load_15 "/>
</bind>
</comp>

<comp id="1676" class="1005" name="input_features_casted_addr_16_reg_1676">
<pin_list>
<pin id="1677" dir="0" index="0" bw="6" slack="1"/>
<pin id="1678" dir="1" index="1" bw="6" slack="1"/>
</pin_list>
<bind>
<opset="input_features_casted_addr_16 "/>
</bind>
</comp>

<comp id="1681" class="1005" name="input_features_casted_addr_17_reg_1681">
<pin_list>
<pin id="1682" dir="0" index="0" bw="6" slack="1"/>
<pin id="1683" dir="1" index="1" bw="6" slack="1"/>
</pin_list>
<bind>
<opset="input_features_casted_addr_17 "/>
</bind>
</comp>

<comp id="1686" class="1005" name="input_features_casted_load_16_reg_1686">
<pin_list>
<pin id="1687" dir="0" index="0" bw="32" slack="15"/>
<pin id="1688" dir="1" index="1" bw="32" slack="15"/>
</pin_list>
<bind>
<opset="input_features_casted_load_16 "/>
</bind>
</comp>

<comp id="1691" class="1005" name="input_features_casted_load_17_reg_1691">
<pin_list>
<pin id="1692" dir="0" index="0" bw="32" slack="15"/>
<pin id="1693" dir="1" index="1" bw="32" slack="15"/>
</pin_list>
<bind>
<opset="input_features_casted_load_17 "/>
</bind>
</comp>

<comp id="1696" class="1005" name="input_features_casted_addr_18_reg_1696">
<pin_list>
<pin id="1697" dir="0" index="0" bw="6" slack="1"/>
<pin id="1698" dir="1" index="1" bw="6" slack="1"/>
</pin_list>
<bind>
<opset="input_features_casted_addr_18 "/>
</bind>
</comp>

<comp id="1701" class="1005" name="input_features_casted_addr_19_reg_1701">
<pin_list>
<pin id="1702" dir="0" index="0" bw="6" slack="1"/>
<pin id="1703" dir="1" index="1" bw="6" slack="1"/>
</pin_list>
<bind>
<opset="input_features_casted_addr_19 "/>
</bind>
</comp>

<comp id="1706" class="1005" name="input_features_casted_load_18_reg_1706">
<pin_list>
<pin id="1707" dir="0" index="0" bw="32" slack="14"/>
<pin id="1708" dir="1" index="1" bw="32" slack="14"/>
</pin_list>
<bind>
<opset="input_features_casted_load_18 "/>
</bind>
</comp>

<comp id="1711" class="1005" name="input_features_casted_load_19_reg_1711">
<pin_list>
<pin id="1712" dir="0" index="0" bw="32" slack="14"/>
<pin id="1713" dir="1" index="1" bw="32" slack="14"/>
</pin_list>
<bind>
<opset="input_features_casted_load_19 "/>
</bind>
</comp>

<comp id="1716" class="1005" name="input_features_casted_addr_20_reg_1716">
<pin_list>
<pin id="1717" dir="0" index="0" bw="6" slack="1"/>
<pin id="1718" dir="1" index="1" bw="6" slack="1"/>
</pin_list>
<bind>
<opset="input_features_casted_addr_20 "/>
</bind>
</comp>

<comp id="1721" class="1005" name="input_features_casted_addr_21_reg_1721">
<pin_list>
<pin id="1722" dir="0" index="0" bw="6" slack="1"/>
<pin id="1723" dir="1" index="1" bw="6" slack="1"/>
</pin_list>
<bind>
<opset="input_features_casted_addr_21 "/>
</bind>
</comp>

<comp id="1726" class="1005" name="input_features_casted_load_20_reg_1726">
<pin_list>
<pin id="1727" dir="0" index="0" bw="32" slack="13"/>
<pin id="1728" dir="1" index="1" bw="32" slack="13"/>
</pin_list>
<bind>
<opset="input_features_casted_load_20 "/>
</bind>
</comp>

<comp id="1731" class="1005" name="input_features_casted_load_21_reg_1731">
<pin_list>
<pin id="1732" dir="0" index="0" bw="32" slack="13"/>
<pin id="1733" dir="1" index="1" bw="32" slack="13"/>
</pin_list>
<bind>
<opset="input_features_casted_load_21 "/>
</bind>
</comp>

<comp id="1736" class="1005" name="input_features_casted_addr_22_reg_1736">
<pin_list>
<pin id="1737" dir="0" index="0" bw="6" slack="1"/>
<pin id="1738" dir="1" index="1" bw="6" slack="1"/>
</pin_list>
<bind>
<opset="input_features_casted_addr_22 "/>
</bind>
</comp>

<comp id="1741" class="1005" name="input_features_casted_addr_23_reg_1741">
<pin_list>
<pin id="1742" dir="0" index="0" bw="6" slack="1"/>
<pin id="1743" dir="1" index="1" bw="6" slack="1"/>
</pin_list>
<bind>
<opset="input_features_casted_addr_23 "/>
</bind>
</comp>

<comp id="1746" class="1005" name="input_features_casted_load_22_reg_1746">
<pin_list>
<pin id="1747" dir="0" index="0" bw="32" slack="12"/>
<pin id="1748" dir="1" index="1" bw="32" slack="12"/>
</pin_list>
<bind>
<opset="input_features_casted_load_22 "/>
</bind>
</comp>

<comp id="1751" class="1005" name="input_features_casted_load_23_reg_1751">
<pin_list>
<pin id="1752" dir="0" index="0" bw="32" slack="12"/>
<pin id="1753" dir="1" index="1" bw="32" slack="12"/>
</pin_list>
<bind>
<opset="input_features_casted_load_23 "/>
</bind>
</comp>

<comp id="1756" class="1005" name="input_features_casted_addr_24_reg_1756">
<pin_list>
<pin id="1757" dir="0" index="0" bw="6" slack="1"/>
<pin id="1758" dir="1" index="1" bw="6" slack="1"/>
</pin_list>
<bind>
<opset="input_features_casted_addr_24 "/>
</bind>
</comp>

<comp id="1761" class="1005" name="input_features_casted_addr_25_reg_1761">
<pin_list>
<pin id="1762" dir="0" index="0" bw="6" slack="1"/>
<pin id="1763" dir="1" index="1" bw="6" slack="1"/>
</pin_list>
<bind>
<opset="input_features_casted_addr_25 "/>
</bind>
</comp>

<comp id="1766" class="1005" name="input_features_casted_load_24_reg_1766">
<pin_list>
<pin id="1767" dir="0" index="0" bw="32" slack="11"/>
<pin id="1768" dir="1" index="1" bw="32" slack="11"/>
</pin_list>
<bind>
<opset="input_features_casted_load_24 "/>
</bind>
</comp>

<comp id="1771" class="1005" name="input_features_casted_load_25_reg_1771">
<pin_list>
<pin id="1772" dir="0" index="0" bw="32" slack="11"/>
<pin id="1773" dir="1" index="1" bw="32" slack="11"/>
</pin_list>
<bind>
<opset="input_features_casted_load_25 "/>
</bind>
</comp>

<comp id="1776" class="1005" name="input_features_casted_addr_26_reg_1776">
<pin_list>
<pin id="1777" dir="0" index="0" bw="6" slack="1"/>
<pin id="1778" dir="1" index="1" bw="6" slack="1"/>
</pin_list>
<bind>
<opset="input_features_casted_addr_26 "/>
</bind>
</comp>

<comp id="1781" class="1005" name="input_features_casted_addr_27_reg_1781">
<pin_list>
<pin id="1782" dir="0" index="0" bw="6" slack="1"/>
<pin id="1783" dir="1" index="1" bw="6" slack="1"/>
</pin_list>
<bind>
<opset="input_features_casted_addr_27 "/>
</bind>
</comp>

<comp id="1786" class="1005" name="input_features_casted_load_26_reg_1786">
<pin_list>
<pin id="1787" dir="0" index="0" bw="32" slack="10"/>
<pin id="1788" dir="1" index="1" bw="32" slack="10"/>
</pin_list>
<bind>
<opset="input_features_casted_load_26 "/>
</bind>
</comp>

<comp id="1791" class="1005" name="input_features_casted_load_27_reg_1791">
<pin_list>
<pin id="1792" dir="0" index="0" bw="32" slack="10"/>
<pin id="1793" dir="1" index="1" bw="32" slack="10"/>
</pin_list>
<bind>
<opset="input_features_casted_load_27 "/>
</bind>
</comp>

<comp id="1796" class="1005" name="input_features_casted_addr_28_reg_1796">
<pin_list>
<pin id="1797" dir="0" index="0" bw="6" slack="1"/>
<pin id="1798" dir="1" index="1" bw="6" slack="1"/>
</pin_list>
<bind>
<opset="input_features_casted_addr_28 "/>
</bind>
</comp>

<comp id="1801" class="1005" name="input_features_casted_addr_29_reg_1801">
<pin_list>
<pin id="1802" dir="0" index="0" bw="6" slack="1"/>
<pin id="1803" dir="1" index="1" bw="6" slack="1"/>
</pin_list>
<bind>
<opset="input_features_casted_addr_29 "/>
</bind>
</comp>

<comp id="1806" class="1005" name="input_features_casted_load_28_reg_1806">
<pin_list>
<pin id="1807" dir="0" index="0" bw="32" slack="9"/>
<pin id="1808" dir="1" index="1" bw="32" slack="9"/>
</pin_list>
<bind>
<opset="input_features_casted_load_28 "/>
</bind>
</comp>

<comp id="1811" class="1005" name="input_features_casted_load_29_reg_1811">
<pin_list>
<pin id="1812" dir="0" index="0" bw="32" slack="9"/>
<pin id="1813" dir="1" index="1" bw="32" slack="9"/>
</pin_list>
<bind>
<opset="input_features_casted_load_29 "/>
</bind>
</comp>

<comp id="1816" class="1005" name="input_features_casted_addr_30_reg_1816">
<pin_list>
<pin id="1817" dir="0" index="0" bw="6" slack="1"/>
<pin id="1818" dir="1" index="1" bw="6" slack="1"/>
</pin_list>
<bind>
<opset="input_features_casted_addr_30 "/>
</bind>
</comp>

<comp id="1821" class="1005" name="input_features_casted_addr_31_reg_1821">
<pin_list>
<pin id="1822" dir="0" index="0" bw="6" slack="1"/>
<pin id="1823" dir="1" index="1" bw="6" slack="1"/>
</pin_list>
<bind>
<opset="input_features_casted_addr_31 "/>
</bind>
</comp>

<comp id="1826" class="1005" name="input_features_casted_load_30_reg_1826">
<pin_list>
<pin id="1827" dir="0" index="0" bw="32" slack="8"/>
<pin id="1828" dir="1" index="1" bw="32" slack="8"/>
</pin_list>
<bind>
<opset="input_features_casted_load_30 "/>
</bind>
</comp>

<comp id="1831" class="1005" name="input_features_casted_load_31_reg_1831">
<pin_list>
<pin id="1832" dir="0" index="0" bw="32" slack="8"/>
<pin id="1833" dir="1" index="1" bw="32" slack="8"/>
</pin_list>
<bind>
<opset="input_features_casted_load_31 "/>
</bind>
</comp>

<comp id="1836" class="1005" name="input_features_casted_addr_32_reg_1836">
<pin_list>
<pin id="1837" dir="0" index="0" bw="6" slack="1"/>
<pin id="1838" dir="1" index="1" bw="6" slack="1"/>
</pin_list>
<bind>
<opset="input_features_casted_addr_32 "/>
</bind>
</comp>

<comp id="1841" class="1005" name="input_features_casted_addr_33_reg_1841">
<pin_list>
<pin id="1842" dir="0" index="0" bw="6" slack="1"/>
<pin id="1843" dir="1" index="1" bw="6" slack="1"/>
</pin_list>
<bind>
<opset="input_features_casted_addr_33 "/>
</bind>
</comp>

<comp id="1846" class="1005" name="input_features_casted_load_32_reg_1846">
<pin_list>
<pin id="1847" dir="0" index="0" bw="32" slack="7"/>
<pin id="1848" dir="1" index="1" bw="32" slack="7"/>
</pin_list>
<bind>
<opset="input_features_casted_load_32 "/>
</bind>
</comp>

<comp id="1851" class="1005" name="input_features_casted_load_33_reg_1851">
<pin_list>
<pin id="1852" dir="0" index="0" bw="32" slack="7"/>
<pin id="1853" dir="1" index="1" bw="32" slack="7"/>
</pin_list>
<bind>
<opset="input_features_casted_load_33 "/>
</bind>
</comp>

<comp id="1856" class="1005" name="input_features_casted_addr_34_reg_1856">
<pin_list>
<pin id="1857" dir="0" index="0" bw="6" slack="1"/>
<pin id="1858" dir="1" index="1" bw="6" slack="1"/>
</pin_list>
<bind>
<opset="input_features_casted_addr_34 "/>
</bind>
</comp>

<comp id="1861" class="1005" name="input_features_casted_addr_35_reg_1861">
<pin_list>
<pin id="1862" dir="0" index="0" bw="6" slack="1"/>
<pin id="1863" dir="1" index="1" bw="6" slack="1"/>
</pin_list>
<bind>
<opset="input_features_casted_addr_35 "/>
</bind>
</comp>

<comp id="1866" class="1005" name="input_features_casted_load_34_reg_1866">
<pin_list>
<pin id="1867" dir="0" index="0" bw="32" slack="6"/>
<pin id="1868" dir="1" index="1" bw="32" slack="6"/>
</pin_list>
<bind>
<opset="input_features_casted_load_34 "/>
</bind>
</comp>

<comp id="1871" class="1005" name="input_features_casted_load_35_reg_1871">
<pin_list>
<pin id="1872" dir="0" index="0" bw="32" slack="6"/>
<pin id="1873" dir="1" index="1" bw="32" slack="6"/>
</pin_list>
<bind>
<opset="input_features_casted_load_35 "/>
</bind>
</comp>

<comp id="1876" class="1005" name="input_features_casted_addr_36_reg_1876">
<pin_list>
<pin id="1877" dir="0" index="0" bw="6" slack="1"/>
<pin id="1878" dir="1" index="1" bw="6" slack="1"/>
</pin_list>
<bind>
<opset="input_features_casted_addr_36 "/>
</bind>
</comp>

<comp id="1881" class="1005" name="input_features_casted_addr_37_reg_1881">
<pin_list>
<pin id="1882" dir="0" index="0" bw="6" slack="1"/>
<pin id="1883" dir="1" index="1" bw="6" slack="1"/>
</pin_list>
<bind>
<opset="input_features_casted_addr_37 "/>
</bind>
</comp>

<comp id="1886" class="1005" name="input_features_casted_load_36_reg_1886">
<pin_list>
<pin id="1887" dir="0" index="0" bw="32" slack="5"/>
<pin id="1888" dir="1" index="1" bw="32" slack="5"/>
</pin_list>
<bind>
<opset="input_features_casted_load_36 "/>
</bind>
</comp>

<comp id="1891" class="1005" name="input_features_casted_load_37_reg_1891">
<pin_list>
<pin id="1892" dir="0" index="0" bw="32" slack="5"/>
<pin id="1893" dir="1" index="1" bw="32" slack="5"/>
</pin_list>
<bind>
<opset="input_features_casted_load_37 "/>
</bind>
</comp>

<comp id="1896" class="1005" name="input_features_casted_addr_38_reg_1896">
<pin_list>
<pin id="1897" dir="0" index="0" bw="6" slack="1"/>
<pin id="1898" dir="1" index="1" bw="6" slack="1"/>
</pin_list>
<bind>
<opset="input_features_casted_addr_38 "/>
</bind>
</comp>

<comp id="1901" class="1005" name="input_features_casted_addr_39_reg_1901">
<pin_list>
<pin id="1902" dir="0" index="0" bw="6" slack="1"/>
<pin id="1903" dir="1" index="1" bw="6" slack="1"/>
</pin_list>
<bind>
<opset="input_features_casted_addr_39 "/>
</bind>
</comp>

<comp id="1906" class="1005" name="input_features_casted_load_38_reg_1906">
<pin_list>
<pin id="1907" dir="0" index="0" bw="32" slack="4"/>
<pin id="1908" dir="1" index="1" bw="32" slack="4"/>
</pin_list>
<bind>
<opset="input_features_casted_load_38 "/>
</bind>
</comp>

<comp id="1911" class="1005" name="input_features_casted_load_39_reg_1911">
<pin_list>
<pin id="1912" dir="0" index="0" bw="32" slack="4"/>
<pin id="1913" dir="1" index="1" bw="32" slack="4"/>
</pin_list>
<bind>
<opset="input_features_casted_load_39 "/>
</bind>
</comp>

<comp id="1916" class="1005" name="input_features_casted_addr_40_reg_1916">
<pin_list>
<pin id="1917" dir="0" index="0" bw="6" slack="1"/>
<pin id="1918" dir="1" index="1" bw="6" slack="1"/>
</pin_list>
<bind>
<opset="input_features_casted_addr_40 "/>
</bind>
</comp>

<comp id="1921" class="1005" name="input_features_casted_addr_41_reg_1921">
<pin_list>
<pin id="1922" dir="0" index="0" bw="6" slack="1"/>
<pin id="1923" dir="1" index="1" bw="6" slack="1"/>
</pin_list>
<bind>
<opset="input_features_casted_addr_41 "/>
</bind>
</comp>

<comp id="1926" class="1005" name="input_features_casted_load_40_reg_1926">
<pin_list>
<pin id="1927" dir="0" index="0" bw="32" slack="3"/>
<pin id="1928" dir="1" index="1" bw="32" slack="3"/>
</pin_list>
<bind>
<opset="input_features_casted_load_40 "/>
</bind>
</comp>

<comp id="1931" class="1005" name="input_features_casted_load_41_reg_1931">
<pin_list>
<pin id="1932" dir="0" index="0" bw="32" slack="3"/>
<pin id="1933" dir="1" index="1" bw="32" slack="3"/>
</pin_list>
<bind>
<opset="input_features_casted_load_41 "/>
</bind>
</comp>

<comp id="1936" class="1005" name="input_features_casted_addr_42_reg_1936">
<pin_list>
<pin id="1937" dir="0" index="0" bw="6" slack="1"/>
<pin id="1938" dir="1" index="1" bw="6" slack="1"/>
</pin_list>
<bind>
<opset="input_features_casted_addr_42 "/>
</bind>
</comp>

<comp id="1941" class="1005" name="input_features_casted_addr_43_reg_1941">
<pin_list>
<pin id="1942" dir="0" index="0" bw="6" slack="1"/>
<pin id="1943" dir="1" index="1" bw="6" slack="1"/>
</pin_list>
<bind>
<opset="input_features_casted_addr_43 "/>
</bind>
</comp>

<comp id="1946" class="1005" name="input_features_casted_load_42_reg_1946">
<pin_list>
<pin id="1947" dir="0" index="0" bw="32" slack="2"/>
<pin id="1948" dir="1" index="1" bw="32" slack="2"/>
</pin_list>
<bind>
<opset="input_features_casted_load_42 "/>
</bind>
</comp>

<comp id="1951" class="1005" name="input_features_casted_load_43_reg_1951">
<pin_list>
<pin id="1952" dir="0" index="0" bw="32" slack="2"/>
<pin id="1953" dir="1" index="1" bw="32" slack="2"/>
</pin_list>
<bind>
<opset="input_features_casted_load_43 "/>
</bind>
</comp>

<comp id="1956" class="1005" name="input_features_casted_addr_44_reg_1956">
<pin_list>
<pin id="1957" dir="0" index="0" bw="6" slack="1"/>
<pin id="1958" dir="1" index="1" bw="6" slack="1"/>
</pin_list>
<bind>
<opset="input_features_casted_addr_44 "/>
</bind>
</comp>

<comp id="1961" class="1005" name="input_features_casted_addr_45_reg_1961">
<pin_list>
<pin id="1962" dir="0" index="0" bw="6" slack="1"/>
<pin id="1963" dir="1" index="1" bw="6" slack="1"/>
</pin_list>
<bind>
<opset="input_features_casted_addr_45 "/>
</bind>
</comp>

<comp id="1966" class="1005" name="input_features_casted_load_44_reg_1966">
<pin_list>
<pin id="1967" dir="0" index="0" bw="32" slack="1"/>
<pin id="1968" dir="1" index="1" bw="32" slack="1"/>
</pin_list>
<bind>
<opset="input_features_casted_load_44 "/>
</bind>
</comp>

<comp id="1971" class="1005" name="input_features_casted_load_45_reg_1971">
<pin_list>
<pin id="1972" dir="0" index="0" bw="32" slack="1"/>
<pin id="1973" dir="1" index="1" bw="32" slack="1"/>
</pin_list>
<bind>
<opset="input_features_casted_load_45 "/>
</bind>
</comp>

<comp id="1976" class="1005" name="input_features_casted_addr_46_reg_1976">
<pin_list>
<pin id="1977" dir="0" index="0" bw="6" slack="1"/>
<pin id="1978" dir="1" index="1" bw="6" slack="1"/>
</pin_list>
<bind>
<opset="input_features_casted_addr_46 "/>
</bind>
</comp>

<comp id="1981" class="1005" name="input_features_casted_addr_47_reg_1981">
<pin_list>
<pin id="1982" dir="0" index="0" bw="6" slack="1"/>
<pin id="1983" dir="1" index="1" bw="6" slack="1"/>
</pin_list>
<bind>
<opset="input_features_casted_addr_47 "/>
</bind>
</comp>

<comp id="1986" class="1005" name="input_features_casted_load_46_reg_1986">
<pin_list>
<pin id="1987" dir="0" index="0" bw="32" slack="1"/>
<pin id="1988" dir="1" index="1" bw="32" slack="1"/>
</pin_list>
<bind>
<opset="input_features_casted_load_46 "/>
</bind>
</comp>

<comp id="1991" class="1005" name="input_features_casted_load_47_reg_1991">
<pin_list>
<pin id="1992" dir="0" index="0" bw="32" slack="1"/>
<pin id="1993" dir="1" index="1" bw="32" slack="1"/>
</pin_list>
<bind>
<opset="input_features_casted_load_47 "/>
</bind>
</comp>

<comp id="1996" class="1005" name="hidden_layer_1_addr_reg_1996">
<pin_list>
<pin id="1997" dir="0" index="0" bw="5" slack="1"/>
<pin id="1998" dir="1" index="1" bw="5" slack="1"/>
</pin_list>
<bind>
<opset="hidden_layer_1_addr "/>
</bind>
</comp>

<comp id="2001" class="1005" name="hidden_layer_1_addr_1_reg_2001">
<pin_list>
<pin id="2002" dir="0" index="0" bw="5" slack="1"/>
<pin id="2003" dir="1" index="1" bw="5" slack="1"/>
</pin_list>
<bind>
<opset="hidden_layer_1_addr_1 "/>
</bind>
</comp>

<comp id="2006" class="1005" name="hidden_layer_1_load_reg_2006">
<pin_list>
<pin id="2007" dir="0" index="0" bw="32" slack="11"/>
<pin id="2008" dir="1" index="1" bw="32" slack="11"/>
</pin_list>
<bind>
<opset="hidden_layer_1_load "/>
</bind>
</comp>

<comp id="2011" class="1005" name="hidden_layer_1_load_1_reg_2011">
<pin_list>
<pin id="2012" dir="0" index="0" bw="32" slack="11"/>
<pin id="2013" dir="1" index="1" bw="32" slack="11"/>
</pin_list>
<bind>
<opset="hidden_layer_1_load_1 "/>
</bind>
</comp>

<comp id="2016" class="1005" name="hidden_layer_1_addr_2_reg_2016">
<pin_list>
<pin id="2017" dir="0" index="0" bw="5" slack="1"/>
<pin id="2018" dir="1" index="1" bw="5" slack="1"/>
</pin_list>
<bind>
<opset="hidden_layer_1_addr_2 "/>
</bind>
</comp>

<comp id="2021" class="1005" name="hidden_layer_1_addr_3_reg_2021">
<pin_list>
<pin id="2022" dir="0" index="0" bw="5" slack="1"/>
<pin id="2023" dir="1" index="1" bw="5" slack="1"/>
</pin_list>
<bind>
<opset="hidden_layer_1_addr_3 "/>
</bind>
</comp>

<comp id="2026" class="1005" name="hidden_layer_1_load_2_reg_2026">
<pin_list>
<pin id="2027" dir="0" index="0" bw="32" slack="10"/>
<pin id="2028" dir="1" index="1" bw="32" slack="10"/>
</pin_list>
<bind>
<opset="hidden_layer_1_load_2 "/>
</bind>
</comp>

<comp id="2031" class="1005" name="hidden_layer_1_load_3_reg_2031">
<pin_list>
<pin id="2032" dir="0" index="0" bw="32" slack="10"/>
<pin id="2033" dir="1" index="1" bw="32" slack="10"/>
</pin_list>
<bind>
<opset="hidden_layer_1_load_3 "/>
</bind>
</comp>

<comp id="2036" class="1005" name="hidden_layer_1_addr_4_reg_2036">
<pin_list>
<pin id="2037" dir="0" index="0" bw="5" slack="1"/>
<pin id="2038" dir="1" index="1" bw="5" slack="1"/>
</pin_list>
<bind>
<opset="hidden_layer_1_addr_4 "/>
</bind>
</comp>

<comp id="2041" class="1005" name="hidden_layer_1_addr_5_reg_2041">
<pin_list>
<pin id="2042" dir="0" index="0" bw="5" slack="1"/>
<pin id="2043" dir="1" index="1" bw="5" slack="1"/>
</pin_list>
<bind>
<opset="hidden_layer_1_addr_5 "/>
</bind>
</comp>

<comp id="2046" class="1005" name="hidden_layer_1_load_4_reg_2046">
<pin_list>
<pin id="2047" dir="0" index="0" bw="32" slack="9"/>
<pin id="2048" dir="1" index="1" bw="32" slack="9"/>
</pin_list>
<bind>
<opset="hidden_layer_1_load_4 "/>
</bind>
</comp>

<comp id="2051" class="1005" name="hidden_layer_1_load_5_reg_2051">
<pin_list>
<pin id="2052" dir="0" index="0" bw="32" slack="9"/>
<pin id="2053" dir="1" index="1" bw="32" slack="9"/>
</pin_list>
<bind>
<opset="hidden_layer_1_load_5 "/>
</bind>
</comp>

<comp id="2056" class="1005" name="hidden_layer_1_addr_6_reg_2056">
<pin_list>
<pin id="2057" dir="0" index="0" bw="5" slack="1"/>
<pin id="2058" dir="1" index="1" bw="5" slack="1"/>
</pin_list>
<bind>
<opset="hidden_layer_1_addr_6 "/>
</bind>
</comp>

<comp id="2061" class="1005" name="hidden_layer_1_addr_7_reg_2061">
<pin_list>
<pin id="2062" dir="0" index="0" bw="5" slack="1"/>
<pin id="2063" dir="1" index="1" bw="5" slack="1"/>
</pin_list>
<bind>
<opset="hidden_layer_1_addr_7 "/>
</bind>
</comp>

<comp id="2066" class="1005" name="hidden_layer_1_load_6_reg_2066">
<pin_list>
<pin id="2067" dir="0" index="0" bw="32" slack="8"/>
<pin id="2068" dir="1" index="1" bw="32" slack="8"/>
</pin_list>
<bind>
<opset="hidden_layer_1_load_6 "/>
</bind>
</comp>

<comp id="2071" class="1005" name="hidden_layer_1_load_7_reg_2071">
<pin_list>
<pin id="2072" dir="0" index="0" bw="32" slack="8"/>
<pin id="2073" dir="1" index="1" bw="32" slack="8"/>
</pin_list>
<bind>
<opset="hidden_layer_1_load_7 "/>
</bind>
</comp>

<comp id="2076" class="1005" name="hidden_layer_1_addr_8_reg_2076">
<pin_list>
<pin id="2077" dir="0" index="0" bw="5" slack="1"/>
<pin id="2078" dir="1" index="1" bw="5" slack="1"/>
</pin_list>
<bind>
<opset="hidden_layer_1_addr_8 "/>
</bind>
</comp>

<comp id="2081" class="1005" name="hidden_layer_1_addr_9_reg_2081">
<pin_list>
<pin id="2082" dir="0" index="0" bw="5" slack="1"/>
<pin id="2083" dir="1" index="1" bw="5" slack="1"/>
</pin_list>
<bind>
<opset="hidden_layer_1_addr_9 "/>
</bind>
</comp>

<comp id="2086" class="1005" name="hidden_layer_1_load_8_reg_2086">
<pin_list>
<pin id="2087" dir="0" index="0" bw="32" slack="7"/>
<pin id="2088" dir="1" index="1" bw="32" slack="7"/>
</pin_list>
<bind>
<opset="hidden_layer_1_load_8 "/>
</bind>
</comp>

<comp id="2091" class="1005" name="hidden_layer_1_load_9_reg_2091">
<pin_list>
<pin id="2092" dir="0" index="0" bw="32" slack="7"/>
<pin id="2093" dir="1" index="1" bw="32" slack="7"/>
</pin_list>
<bind>
<opset="hidden_layer_1_load_9 "/>
</bind>
</comp>

<comp id="2096" class="1005" name="hidden_layer_1_addr_10_reg_2096">
<pin_list>
<pin id="2097" dir="0" index="0" bw="5" slack="1"/>
<pin id="2098" dir="1" index="1" bw="5" slack="1"/>
</pin_list>
<bind>
<opset="hidden_layer_1_addr_10 "/>
</bind>
</comp>

<comp id="2101" class="1005" name="hidden_layer_1_addr_11_reg_2101">
<pin_list>
<pin id="2102" dir="0" index="0" bw="5" slack="1"/>
<pin id="2103" dir="1" index="1" bw="5" slack="1"/>
</pin_list>
<bind>
<opset="hidden_layer_1_addr_11 "/>
</bind>
</comp>

<comp id="2106" class="1005" name="hidden_layer_1_load_10_reg_2106">
<pin_list>
<pin id="2107" dir="0" index="0" bw="32" slack="6"/>
<pin id="2108" dir="1" index="1" bw="32" slack="6"/>
</pin_list>
<bind>
<opset="hidden_layer_1_load_10 "/>
</bind>
</comp>

<comp id="2111" class="1005" name="hidden_layer_1_load_11_reg_2111">
<pin_list>
<pin id="2112" dir="0" index="0" bw="32" slack="6"/>
<pin id="2113" dir="1" index="1" bw="32" slack="6"/>
</pin_list>
<bind>
<opset="hidden_layer_1_load_11 "/>
</bind>
</comp>

<comp id="2116" class="1005" name="hidden_layer_1_addr_12_reg_2116">
<pin_list>
<pin id="2117" dir="0" index="0" bw="5" slack="1"/>
<pin id="2118" dir="1" index="1" bw="5" slack="1"/>
</pin_list>
<bind>
<opset="hidden_layer_1_addr_12 "/>
</bind>
</comp>

<comp id="2121" class="1005" name="hidden_layer_1_addr_13_reg_2121">
<pin_list>
<pin id="2122" dir="0" index="0" bw="5" slack="1"/>
<pin id="2123" dir="1" index="1" bw="5" slack="1"/>
</pin_list>
<bind>
<opset="hidden_layer_1_addr_13 "/>
</bind>
</comp>

<comp id="2126" class="1005" name="hidden_layer_1_load_12_reg_2126">
<pin_list>
<pin id="2127" dir="0" index="0" bw="32" slack="5"/>
<pin id="2128" dir="1" index="1" bw="32" slack="5"/>
</pin_list>
<bind>
<opset="hidden_layer_1_load_12 "/>
</bind>
</comp>

<comp id="2131" class="1005" name="hidden_layer_1_load_13_reg_2131">
<pin_list>
<pin id="2132" dir="0" index="0" bw="32" slack="5"/>
<pin id="2133" dir="1" index="1" bw="32" slack="5"/>
</pin_list>
<bind>
<opset="hidden_layer_1_load_13 "/>
</bind>
</comp>

<comp id="2136" class="1005" name="hidden_layer_1_addr_14_reg_2136">
<pin_list>
<pin id="2137" dir="0" index="0" bw="5" slack="1"/>
<pin id="2138" dir="1" index="1" bw="5" slack="1"/>
</pin_list>
<bind>
<opset="hidden_layer_1_addr_14 "/>
</bind>
</comp>

<comp id="2141" class="1005" name="hidden_layer_1_addr_15_reg_2141">
<pin_list>
<pin id="2142" dir="0" index="0" bw="5" slack="1"/>
<pin id="2143" dir="1" index="1" bw="5" slack="1"/>
</pin_list>
<bind>
<opset="hidden_layer_1_addr_15 "/>
</bind>
</comp>

<comp id="2146" class="1005" name="hidden_layer_1_load_14_reg_2146">
<pin_list>
<pin id="2147" dir="0" index="0" bw="32" slack="4"/>
<pin id="2148" dir="1" index="1" bw="32" slack="4"/>
</pin_list>
<bind>
<opset="hidden_layer_1_load_14 "/>
</bind>
</comp>

<comp id="2151" class="1005" name="hidden_layer_1_load_15_reg_2151">
<pin_list>
<pin id="2152" dir="0" index="0" bw="32" slack="4"/>
<pin id="2153" dir="1" index="1" bw="32" slack="4"/>
</pin_list>
<bind>
<opset="hidden_layer_1_load_15 "/>
</bind>
</comp>

<comp id="2156" class="1005" name="hidden_layer_1_addr_16_reg_2156">
<pin_list>
<pin id="2157" dir="0" index="0" bw="5" slack="1"/>
<pin id="2158" dir="1" index="1" bw="5" slack="1"/>
</pin_list>
<bind>
<opset="hidden_layer_1_addr_16 "/>
</bind>
</comp>

<comp id="2161" class="1005" name="hidden_layer_1_addr_17_reg_2161">
<pin_list>
<pin id="2162" dir="0" index="0" bw="5" slack="1"/>
<pin id="2163" dir="1" index="1" bw="5" slack="1"/>
</pin_list>
<bind>
<opset="hidden_layer_1_addr_17 "/>
</bind>
</comp>

<comp id="2166" class="1005" name="hidden_layer_1_load_16_reg_2166">
<pin_list>
<pin id="2167" dir="0" index="0" bw="32" slack="3"/>
<pin id="2168" dir="1" index="1" bw="32" slack="3"/>
</pin_list>
<bind>
<opset="hidden_layer_1_load_16 "/>
</bind>
</comp>

<comp id="2171" class="1005" name="hidden_layer_1_load_17_reg_2171">
<pin_list>
<pin id="2172" dir="0" index="0" bw="32" slack="3"/>
<pin id="2173" dir="1" index="1" bw="32" slack="3"/>
</pin_list>
<bind>
<opset="hidden_layer_1_load_17 "/>
</bind>
</comp>

<comp id="2176" class="1005" name="hidden_layer_1_addr_18_reg_2176">
<pin_list>
<pin id="2177" dir="0" index="0" bw="5" slack="1"/>
<pin id="2178" dir="1" index="1" bw="5" slack="1"/>
</pin_list>
<bind>
<opset="hidden_layer_1_addr_18 "/>
</bind>
</comp>

<comp id="2181" class="1005" name="hidden_layer_1_addr_19_reg_2181">
<pin_list>
<pin id="2182" dir="0" index="0" bw="5" slack="1"/>
<pin id="2183" dir="1" index="1" bw="5" slack="1"/>
</pin_list>
<bind>
<opset="hidden_layer_1_addr_19 "/>
</bind>
</comp>

<comp id="2186" class="1005" name="hidden_layer_1_load_18_reg_2186">
<pin_list>
<pin id="2187" dir="0" index="0" bw="32" slack="2"/>
<pin id="2188" dir="1" index="1" bw="32" slack="2"/>
</pin_list>
<bind>
<opset="hidden_layer_1_load_18 "/>
</bind>
</comp>

<comp id="2191" class="1005" name="hidden_layer_1_load_19_reg_2191">
<pin_list>
<pin id="2192" dir="0" index="0" bw="32" slack="2"/>
<pin id="2193" dir="1" index="1" bw="32" slack="2"/>
</pin_list>
<bind>
<opset="hidden_layer_1_load_19 "/>
</bind>
</comp>

<comp id="2196" class="1005" name="hidden_layer_1_addr_20_reg_2196">
<pin_list>
<pin id="2197" dir="0" index="0" bw="5" slack="1"/>
<pin id="2198" dir="1" index="1" bw="5" slack="1"/>
</pin_list>
<bind>
<opset="hidden_layer_1_addr_20 "/>
</bind>
</comp>

<comp id="2201" class="1005" name="hidden_layer_1_addr_21_reg_2201">
<pin_list>
<pin id="2202" dir="0" index="0" bw="5" slack="1"/>
<pin id="2203" dir="1" index="1" bw="5" slack="1"/>
</pin_list>
<bind>
<opset="hidden_layer_1_addr_21 "/>
</bind>
</comp>

<comp id="2206" class="1005" name="hidden_layer_1_load_20_reg_2206">
<pin_list>
<pin id="2207" dir="0" index="0" bw="32" slack="1"/>
<pin id="2208" dir="1" index="1" bw="32" slack="1"/>
</pin_list>
<bind>
<opset="hidden_layer_1_load_20 "/>
</bind>
</comp>

<comp id="2211" class="1005" name="hidden_layer_1_load_21_reg_2211">
<pin_list>
<pin id="2212" dir="0" index="0" bw="32" slack="1"/>
<pin id="2213" dir="1" index="1" bw="32" slack="1"/>
</pin_list>
<bind>
<opset="hidden_layer_1_load_21 "/>
</bind>
</comp>

<comp id="2216" class="1005" name="hidden_layer_1_addr_22_reg_2216">
<pin_list>
<pin id="2217" dir="0" index="0" bw="5" slack="1"/>
<pin id="2218" dir="1" index="1" bw="5" slack="1"/>
</pin_list>
<bind>
<opset="hidden_layer_1_addr_22 "/>
</bind>
</comp>

<comp id="2221" class="1005" name="hidden_layer_1_addr_23_reg_2221">
<pin_list>
<pin id="2222" dir="0" index="0" bw="5" slack="1"/>
<pin id="2223" dir="1" index="1" bw="5" slack="1"/>
</pin_list>
<bind>
<opset="hidden_layer_1_addr_23 "/>
</bind>
</comp>

<comp id="2226" class="1005" name="hidden_layer_1_load_22_reg_2226">
<pin_list>
<pin id="2227" dir="0" index="0" bw="32" slack="1"/>
<pin id="2228" dir="1" index="1" bw="32" slack="1"/>
</pin_list>
<bind>
<opset="hidden_layer_1_load_22 "/>
</bind>
</comp>

<comp id="2231" class="1005" name="hidden_layer_1_load_23_reg_2231">
<pin_list>
<pin id="2232" dir="0" index="0" bw="32" slack="1"/>
<pin id="2233" dir="1" index="1" bw="32" slack="1"/>
</pin_list>
<bind>
<opset="hidden_layer_1_load_23 "/>
</bind>
</comp>

<comp id="2236" class="1005" name="hidden_layer_2_addr_reg_2236">
<pin_list>
<pin id="2237" dir="0" index="0" bw="4" slack="1"/>
<pin id="2238" dir="1" index="1" bw="4" slack="1"/>
</pin_list>
<bind>
<opset="hidden_layer_2_addr "/>
</bind>
</comp>

<comp id="2241" class="1005" name="hidden_layer_2_addr_1_reg_2241">
<pin_list>
<pin id="2242" dir="0" index="0" bw="4" slack="1"/>
<pin id="2243" dir="1" index="1" bw="4" slack="1"/>
</pin_list>
<bind>
<opset="hidden_layer_2_addr_1 "/>
</bind>
</comp>

<comp id="2246" class="1005" name="hidden_layer_2_load_reg_2246">
<pin_list>
<pin id="2247" dir="0" index="0" bw="32" slack="5"/>
<pin id="2248" dir="1" index="1" bw="32" slack="5"/>
</pin_list>
<bind>
<opset="hidden_layer_2_load "/>
</bind>
</comp>

<comp id="2251" class="1005" name="hidden_layer_2_load_1_reg_2251">
<pin_list>
<pin id="2252" dir="0" index="0" bw="32" slack="5"/>
<pin id="2253" dir="1" index="1" bw="32" slack="5"/>
</pin_list>
<bind>
<opset="hidden_layer_2_load_1 "/>
</bind>
</comp>

<comp id="2256" class="1005" name="hidden_layer_2_addr_2_reg_2256">
<pin_list>
<pin id="2257" dir="0" index="0" bw="4" slack="1"/>
<pin id="2258" dir="1" index="1" bw="4" slack="1"/>
</pin_list>
<bind>
<opset="hidden_layer_2_addr_2 "/>
</bind>
</comp>

<comp id="2261" class="1005" name="hidden_layer_2_addr_3_reg_2261">
<pin_list>
<pin id="2262" dir="0" index="0" bw="4" slack="1"/>
<pin id="2263" dir="1" index="1" bw="4" slack="1"/>
</pin_list>
<bind>
<opset="hidden_layer_2_addr_3 "/>
</bind>
</comp>

<comp id="2266" class="1005" name="hidden_layer_2_load_2_reg_2266">
<pin_list>
<pin id="2267" dir="0" index="0" bw="32" slack="4"/>
<pin id="2268" dir="1" index="1" bw="32" slack="4"/>
</pin_list>
<bind>
<opset="hidden_layer_2_load_2 "/>
</bind>
</comp>

<comp id="2271" class="1005" name="hidden_layer_2_load_3_reg_2271">
<pin_list>
<pin id="2272" dir="0" index="0" bw="32" slack="4"/>
<pin id="2273" dir="1" index="1" bw="32" slack="4"/>
</pin_list>
<bind>
<opset="hidden_layer_2_load_3 "/>
</bind>
</comp>

<comp id="2276" class="1005" name="hidden_layer_2_addr_4_reg_2276">
<pin_list>
<pin id="2277" dir="0" index="0" bw="4" slack="1"/>
<pin id="2278" dir="1" index="1" bw="4" slack="1"/>
</pin_list>
<bind>
<opset="hidden_layer_2_addr_4 "/>
</bind>
</comp>

<comp id="2281" class="1005" name="hidden_layer_2_addr_5_reg_2281">
<pin_list>
<pin id="2282" dir="0" index="0" bw="4" slack="1"/>
<pin id="2283" dir="1" index="1" bw="4" slack="1"/>
</pin_list>
<bind>
<opset="hidden_layer_2_addr_5 "/>
</bind>
</comp>

<comp id="2286" class="1005" name="hidden_layer_2_load_4_reg_2286">
<pin_list>
<pin id="2287" dir="0" index="0" bw="32" slack="3"/>
<pin id="2288" dir="1" index="1" bw="32" slack="3"/>
</pin_list>
<bind>
<opset="hidden_layer_2_load_4 "/>
</bind>
</comp>

<comp id="2291" class="1005" name="hidden_layer_2_load_5_reg_2291">
<pin_list>
<pin id="2292" dir="0" index="0" bw="32" slack="3"/>
<pin id="2293" dir="1" index="1" bw="32" slack="3"/>
</pin_list>
<bind>
<opset="hidden_layer_2_load_5 "/>
</bind>
</comp>

<comp id="2296" class="1005" name="hidden_layer_2_addr_6_reg_2296">
<pin_list>
<pin id="2297" dir="0" index="0" bw="4" slack="1"/>
<pin id="2298" dir="1" index="1" bw="4" slack="1"/>
</pin_list>
<bind>
<opset="hidden_layer_2_addr_6 "/>
</bind>
</comp>

<comp id="2301" class="1005" name="hidden_layer_2_addr_7_reg_2301">
<pin_list>
<pin id="2302" dir="0" index="0" bw="4" slack="1"/>
<pin id="2303" dir="1" index="1" bw="4" slack="1"/>
</pin_list>
<bind>
<opset="hidden_layer_2_addr_7 "/>
</bind>
</comp>

<comp id="2306" class="1005" name="hidden_layer_2_load_6_reg_2306">
<pin_list>
<pin id="2307" dir="0" index="0" bw="32" slack="2"/>
<pin id="2308" dir="1" index="1" bw="32" slack="2"/>
</pin_list>
<bind>
<opset="hidden_layer_2_load_6 "/>
</bind>
</comp>

<comp id="2311" class="1005" name="hidden_layer_2_load_7_reg_2311">
<pin_list>
<pin id="2312" dir="0" index="0" bw="32" slack="2"/>
<pin id="2313" dir="1" index="1" bw="32" slack="2"/>
</pin_list>
<bind>
<opset="hidden_layer_2_load_7 "/>
</bind>
</comp>

<comp id="2316" class="1005" name="hidden_layer_2_addr_8_reg_2316">
<pin_list>
<pin id="2317" dir="0" index="0" bw="4" slack="1"/>
<pin id="2318" dir="1" index="1" bw="4" slack="1"/>
</pin_list>
<bind>
<opset="hidden_layer_2_addr_8 "/>
</bind>
</comp>

<comp id="2321" class="1005" name="hidden_layer_2_addr_9_reg_2321">
<pin_list>
<pin id="2322" dir="0" index="0" bw="4" slack="1"/>
<pin id="2323" dir="1" index="1" bw="4" slack="1"/>
</pin_list>
<bind>
<opset="hidden_layer_2_addr_9 "/>
</bind>
</comp>

<comp id="2326" class="1005" name="hidden_layer_2_load_8_reg_2326">
<pin_list>
<pin id="2327" dir="0" index="0" bw="32" slack="1"/>
<pin id="2328" dir="1" index="1" bw="32" slack="1"/>
</pin_list>
<bind>
<opset="hidden_layer_2_load_8 "/>
</bind>
</comp>

<comp id="2331" class="1005" name="hidden_layer_2_load_9_reg_2331">
<pin_list>
<pin id="2332" dir="0" index="0" bw="32" slack="1"/>
<pin id="2333" dir="1" index="1" bw="32" slack="1"/>
</pin_list>
<bind>
<opset="hidden_layer_2_load_9 "/>
</bind>
</comp>

<comp id="2336" class="1005" name="hidden_layer_2_addr_10_reg_2336">
<pin_list>
<pin id="2337" dir="0" index="0" bw="4" slack="1"/>
<pin id="2338" dir="1" index="1" bw="4" slack="1"/>
</pin_list>
<bind>
<opset="hidden_layer_2_addr_10 "/>
</bind>
</comp>

<comp id="2341" class="1005" name="hidden_layer_2_addr_11_reg_2341">
<pin_list>
<pin id="2342" dir="0" index="0" bw="4" slack="1"/>
<pin id="2343" dir="1" index="1" bw="4" slack="1"/>
</pin_list>
<bind>
<opset="hidden_layer_2_addr_11 "/>
</bind>
</comp>

<comp id="2346" class="1005" name="hidden_layer_2_load_10_reg_2346">
<pin_list>
<pin id="2347" dir="0" index="0" bw="32" slack="1"/>
<pin id="2348" dir="1" index="1" bw="32" slack="1"/>
</pin_list>
<bind>
<opset="hidden_layer_2_load_10 "/>
</bind>
</comp>

<comp id="2351" class="1005" name="hidden_layer_2_load_11_reg_2351">
<pin_list>
<pin id="2352" dir="0" index="0" bw="32" slack="1"/>
<pin id="2353" dir="1" index="1" bw="32" slack="1"/>
</pin_list>
<bind>
<opset="hidden_layer_2_load_11 "/>
</bind>
</comp>

<comp id="2371" class="1004" name="grp_fu_2371">
<pin_list>
<pin id="2372" dir="0" index="0" bw="32" slack="2147483647"/>
<pin id="2373" dir="0" index="1" bw="32" slack="2147483647"/>
<pin id="2374" dir="1" index="2" bw="32" slack="2147483647"/>
</pin_list>
<bind>
<opcode="fadd(9) " fcode="fadd"/>
<opset="add1/6 add3/6 add5/6 "/>
</bind>
</comp>

<comp id="2375" class="1004" name="grp_fu_2375">
<pin_list>
<pin id="2376" dir="0" index="0" bw="32" slack="2147483647"/>
<pin id="2377" dir="0" index="1" bw="32" slack="2147483647"/>
<pin id="2378" dir="1" index="2" bw="32" slack="2147483647"/>
</pin_list>
<bind>
<opcode="fadd(9) " fcode="fadd"/>
<opset="add1_1/10 add3_1/10 add5_1/10 "/>
</bind>
</comp>

<comp id="2379" class="1004" name="grp_fu_2379">
<pin_list>
<pin id="2380" dir="0" index="0" bw="32" slack="2147483647"/>
<pin id="2381" dir="0" index="1" bw="32" slack="2147483647"/>
<pin id="2382" dir="1" index="2" bw="32" slack="2147483647"/>
</pin_list>
<bind>
<opcode="fadd(9) " fcode="fadd"/>
<opset="add1_2/14 add3_2/14 add5_2/14 "/>
</bind>
</comp>

<comp id="2383" class="1004" name="grp_fu_2383">
<pin_list>
<pin id="2384" dir="0" index="0" bw="32" slack="2147483647"/>
<pin id="2385" dir="0" index="1" bw="32" slack="2147483647"/>
<pin id="2386" dir="1" index="2" bw="32" slack="2147483647"/>
</pin_list>
<bind>
<opcode="fadd(9) " fcode="fadd"/>
<opset="add1_3/18 add3_3/18 add5_3/18 "/>
</bind>
</comp>

<comp id="2387" class="1004" name="grp_fu_2387">
<pin_list>
<pin id="2388" dir="0" index="0" bw="32" slack="2147483647"/>
<pin id="2389" dir="0" index="1" bw="32" slack="2147483647"/>
<pin id="2390" dir="1" index="2" bw="32" slack="2147483647"/>
</pin_list>
<bind>
<opcode="fadd(9) " fcode="fadd"/>
<opset="add1_4/22 add3_4/22 add5_4/22 "/>
</bind>
</comp>

<comp id="2391" class="1004" name="grp_fu_2391">
<pin_list>
<pin id="2392" dir="0" index="0" bw="32" slack="2147483647"/>
<pin id="2393" dir="0" index="1" bw="32" slack="2147483647"/>
<pin id="2394" dir="1" index="2" bw="32" slack="2147483647"/>
</pin_list>
<bind>
<opcode="fadd(9) " fcode="fadd"/>
<opset="add1_5/26 add3_5/26 add5_5/26 "/>
</bind>
</comp>

<comp id="2395" class="1004" name="grp_fu_2395">
<pin_list>
<pin id="2396" dir="0" index="0" bw="32" slack="2147483647"/>
<pin id="2397" dir="0" index="1" bw="32" slack="2147483647"/>
<pin id="2398" dir="1" index="2" bw="32" slack="2147483647"/>
</pin_list>
<bind>
<opcode="fadd(9) " fcode="fadd"/>
<opset="add1_6/30 add3_6/30 add5_6/30 "/>
</bind>
</comp>

<comp id="2399" class="1004" name="grp_fu_2399">
<pin_list>
<pin id="2400" dir="0" index="0" bw="32" slack="2147483647"/>
<pin id="2401" dir="0" index="1" bw="32" slack="2147483647"/>
<pin id="2402" dir="1" index="2" bw="32" slack="2147483647"/>
</pin_list>
<bind>
<opcode="fadd(9) " fcode="fadd"/>
<opset="add1_7/34 add3_7/34 add5_7/34 "/>
</bind>
</comp>

<comp id="2403" class="1004" name="grp_fu_2403">
<pin_list>
<pin id="2404" dir="0" index="0" bw="32" slack="2147483647"/>
<pin id="2405" dir="0" index="1" bw="32" slack="2147483647"/>
<pin id="2406" dir="1" index="2" bw="32" slack="2147483647"/>
</pin_list>
<bind>
<opcode="fadd(9) " fcode="fadd"/>
<opset="add1_8/38 add3_8/38 add5_8/38 "/>
</bind>
</comp>

<comp id="2407" class="1004" name="grp_fu_2407">
<pin_list>
<pin id="2408" dir="0" index="0" bw="32" slack="2147483647"/>
<pin id="2409" dir="0" index="1" bw="32" slack="2147483647"/>
<pin id="2410" dir="1" index="2" bw="32" slack="2147483647"/>
</pin_list>
<bind>
<opcode="fadd(9) " fcode="fadd"/>
<opset="add1_9/42 add3_9/42 add5_9/42 "/>
</bind>
</comp>

<comp id="2411" class="1004" name="grp_fu_2411">
<pin_list>
<pin id="2412" dir="0" index="0" bw="32" slack="2147483647"/>
<pin id="2413" dir="0" index="1" bw="32" slack="2147483647"/>
<pin id="2414" dir="1" index="2" bw="32" slack="2147483647"/>
</pin_list>
<bind>
<opcode="fadd(9) " fcode="fadd"/>
<opset="add1_s/46 add3_s/46 add5_s/46 "/>
</bind>
</comp>

<comp id="2415" class="1004" name="grp_fu_2415">
<pin_list>
<pin id="2416" dir="0" index="0" bw="32" slack="2147483647"/>
<pin id="2417" dir="0" index="1" bw="32" slack="2147483647"/>
<pin id="2418" dir="1" index="2" bw="32" slack="2147483647"/>
</pin_list>
<bind>
<opcode="fadd(9) " fcode="fadd"/>
<opset="add1_10/50 add3_10/50 add5_10/50 "/>
</bind>
</comp>

<comp id="2419" class="1004" name="grp_fu_2419">
<pin_list>
<pin id="2420" dir="0" index="0" bw="32" slack="2147483647"/>
<pin id="2421" dir="0" index="1" bw="32" slack="2147483647"/>
<pin id="2422" dir="1" index="2" bw="32" slack="2147483647"/>
</pin_list>
<bind>
<opcode="fadd(9) " fcode="fadd"/>
<opset="add1_11/54 add3_11/54 add4/54 "/>
</bind>
</comp>

<comp id="2423" class="1004" name="grp_fu_2423">
<pin_list>
<pin id="2424" dir="0" index="0" bw="32" slack="2147483647"/>
<pin id="2425" dir="0" index="1" bw="32" slack="2147483647"/>
<pin id="2426" dir="1" index="2" bw="32" slack="2147483647"/>
</pin_list>
<bind>
<opcode="fadd(9) " fcode="fadd"/>
<opset="add1_12/58 add3_12/58 "/>
</bind>
</comp>

<comp id="2427" class="1004" name="grp_fu_2427">
<pin_list>
<pin id="2428" dir="0" index="0" bw="32" slack="2147483647"/>
<pin id="2429" dir="0" index="1" bw="32" slack="2147483647"/>
<pin id="2430" dir="1" index="2" bw="32" slack="2147483647"/>
</pin_list>
<bind>
<opcode="fadd(9) " fcode="fadd"/>
<opset="add1_13/62 add3_13/62 "/>
</bind>
</comp>

<comp id="2431" class="1004" name="grp_fu_2431">
<pin_list>
<pin id="2432" dir="0" index="0" bw="32" slack="2147483647"/>
<pin id="2433" dir="0" index="1" bw="32" slack="2147483647"/>
<pin id="2434" dir="1" index="2" bw="32" slack="2147483647"/>
</pin_list>
<bind>
<opcode="fadd(9) " fcode="fadd"/>
<opset="add1_14/66 add3_14/66 "/>
</bind>
</comp>

<comp id="2435" class="1004" name="grp_fu_2435">
<pin_list>
<pin id="2436" dir="0" index="0" bw="32" slack="2147483647"/>
<pin id="2437" dir="0" index="1" bw="32" slack="2147483647"/>
<pin id="2438" dir="1" index="2" bw="32" slack="2147483647"/>
</pin_list>
<bind>
<opcode="fadd(9) " fcode="fadd"/>
<opset="add1_15/70 add3_15/70 "/>
</bind>
</comp>

<comp id="2439" class="1004" name="grp_fu_2439">
<pin_list>
<pin id="2440" dir="0" index="0" bw="32" slack="2147483647"/>
<pin id="2441" dir="0" index="1" bw="32" slack="2147483647"/>
<pin id="2442" dir="1" index="2" bw="32" slack="2147483647"/>
</pin_list>
<bind>
<opcode="fadd(9) " fcode="fadd"/>
<opset="add1_16/74 add3_16/74 "/>
</bind>
</comp>

<comp id="2443" class="1004" name="grp_fu_2443">
<pin_list>
<pin id="2444" dir="0" index="0" bw="32" slack="2147483647"/>
<pin id="2445" dir="0" index="1" bw="32" slack="2147483647"/>
<pin id="2446" dir="1" index="2" bw="32" slack="2147483647"/>
</pin_list>
<bind>
<opcode="fadd(9) " fcode="fadd"/>
<opset="add1_17/78 add3_17/78 "/>
</bind>
</comp>

<comp id="2447" class="1004" name="grp_fu_2447">
<pin_list>
<pin id="2448" dir="0" index="0" bw="32" slack="2147483647"/>
<pin id="2449" dir="0" index="1" bw="32" slack="2147483647"/>
<pin id="2450" dir="1" index="2" bw="32" slack="2147483647"/>
</pin_list>
<bind>
<opcode="fadd(9) " fcode="fadd"/>
<opset="add1_18/82 add3_18/82 "/>
</bind>
</comp>

<comp id="2451" class="1004" name="grp_fu_2451">
<pin_list>
<pin id="2452" dir="0" index="0" bw="32" slack="2147483647"/>
<pin id="2453" dir="0" index="1" bw="32" slack="2147483647"/>
<pin id="2454" dir="1" index="2" bw="32" slack="2147483647"/>
</pin_list>
<bind>
<opcode="fadd(9) " fcode="fadd"/>
<opset="add1_19/86 add3_19/86 "/>
</bind>
</comp>

<comp id="2455" class="1004" name="grp_fu_2455">
<pin_list>
<pin id="2456" dir="0" index="0" bw="32" slack="2147483647"/>
<pin id="2457" dir="0" index="1" bw="32" slack="2147483647"/>
<pin id="2458" dir="1" index="2" bw="32" slack="2147483647"/>
</pin_list>
<bind>
<opcode="fadd(9) " fcode="fadd"/>
<opset="add1_20/90 add3_20/90 "/>
</bind>
</comp>

<comp id="2459" class="1004" name="grp_fu_2459">
<pin_list>
<pin id="2460" dir="0" index="0" bw="32" slack="2147483647"/>
<pin id="2461" dir="0" index="1" bw="32" slack="2147483647"/>
<pin id="2462" dir="1" index="2" bw="32" slack="2147483647"/>
</pin_list>
<bind>
<opcode="fadd(9) " fcode="fadd"/>
<opset="add1_21/94 add3_21/94 "/>
</bind>
</comp>

<comp id="2463" class="1004" name="grp_fu_2463">
<pin_list>
<pin id="2464" dir="0" index="0" bw="32" slack="2147483647"/>
<pin id="2465" dir="0" index="1" bw="32" slack="2147483647"/>
<pin id="2466" dir="1" index="2" bw="32" slack="2147483647"/>
</pin_list>
<bind>
<opcode="fadd(9) " fcode="fadd"/>
<opset="add1_22/98 add3_22/98 "/>
</bind>
</comp>

<comp id="2467" class="1004" name="grp_fu_2467">
<pin_list>
<pin id="2468" dir="0" index="0" bw="32" slack="2147483647"/>
<pin id="2469" dir="0" index="1" bw="32" slack="2147483647"/>
<pin id="2470" dir="1" index="2" bw="32" slack="2147483647"/>
</pin_list>
<bind>
<opcode="fadd(9) " fcode="fadd"/>
<opset="add1_23/102 add2/102 "/>
</bind>
</comp>

<comp id="2471" class="1004" name="grp_fu_2471">
<pin_list>
<pin id="2472" dir="0" index="0" bw="32" slack="2147483647"/>
<pin id="2473" dir="0" index="1" bw="32" slack="2147483647"/>
<pin id="2474" dir="1" index="2" bw="32" slack="2147483647"/>
</pin_list>
<bind>
<opcode="fmul(13) " fcode="fmul"/>
<opset="mul/3 mul1/3 mul3/3 dc/3 "/>
</bind>
</comp>

<comp id="2475" class="1004" name="grp_fu_2475">
<pin_list>
<pin id="2476" dir="0" index="0" bw="32" slack="2147483647"/>
<pin id="2477" dir="0" index="1" bw="32" slack="2147483647"/>
<pin id="2478" dir="1" index="2" bw="32" slack="2147483647"/>
</pin_list>
<bind>
<opcode="fmul(13) " fcode="fmul"/>
<opset="mul_1/7 mul1_1/7 mul3_1/7 "/>
</bind>
</comp>

<comp id="2479" class="1004" name="grp_fu_2479">
<pin_list>
<pin id="2480" dir="0" index="0" bw="32" slack="2147483647"/>
<pin id="2481" dir="0" index="1" bw="32" slack="2147483647"/>
<pin id="2482" dir="1" index="2" bw="32" slack="2147483647"/>
</pin_list>
<bind>
<opcode="fmul(13) " fcode="fmul"/>
<opset="mul_2/11 mul1_2/11 mul3_2/11 "/>
</bind>
</comp>

<comp id="2483" class="1004" name="grp_fu_2483">
<pin_list>
<pin id="2484" dir="0" index="0" bw="32" slack="2147483647"/>
<pin id="2485" dir="0" index="1" bw="32" slack="2147483647"/>
<pin id="2486" dir="1" index="2" bw="32" slack="2147483647"/>
</pin_list>
<bind>
<opcode="fmul(13) " fcode="fmul"/>
<opset="mul_3/15 mul1_3/15 mul3_3/15 "/>
</bind>
</comp>

<comp id="2487" class="1004" name="grp_fu_2487">
<pin_list>
<pin id="2488" dir="0" index="0" bw="32" slack="2147483647"/>
<pin id="2489" dir="0" index="1" bw="32" slack="2147483647"/>
<pin id="2490" dir="1" index="2" bw="32" slack="2147483647"/>
</pin_list>
<bind>
<opcode="fmul(13) " fcode="fmul"/>
<opset="mul_4/19 mul1_4/19 mul3_4/19 "/>
</bind>
</comp>

<comp id="2491" class="1004" name="grp_fu_2491">
<pin_list>
<pin id="2492" dir="0" index="0" bw="32" slack="2147483647"/>
<pin id="2493" dir="0" index="1" bw="32" slack="2147483647"/>
<pin id="2494" dir="1" index="2" bw="32" slack="2147483647"/>
</pin_list>
<bind>
<opcode="fmul(13) " fcode="fmul"/>
<opset="mul_5/23 mul1_5/23 mul3_5/23 "/>
</bind>
</comp>

<comp id="2495" class="1004" name="grp_fu_2495">
<pin_list>
<pin id="2496" dir="0" index="0" bw="32" slack="2147483647"/>
<pin id="2497" dir="0" index="1" bw="32" slack="2147483647"/>
<pin id="2498" dir="1" index="2" bw="32" slack="2147483647"/>
</pin_list>
<bind>
<opcode="fmul(13) " fcode="fmul"/>
<opset="mul_6/27 mul1_6/27 mul3_6/27 "/>
</bind>
</comp>

<comp id="2499" class="1004" name="grp_fu_2499">
<pin_list>
<pin id="2500" dir="0" index="0" bw="32" slack="2147483647"/>
<pin id="2501" dir="0" index="1" bw="32" slack="2147483647"/>
<pin id="2502" dir="1" index="2" bw="32" slack="2147483647"/>
</pin_list>
<bind>
<opcode="fmul(13) " fcode="fmul"/>
<opset="mul_7/31 mul1_7/31 mul3_7/31 "/>
</bind>
</comp>

<comp id="2503" class="1004" name="grp_fu_2503">
<pin_list>
<pin id="2504" dir="0" index="0" bw="32" slack="2147483647"/>
<pin id="2505" dir="0" index="1" bw="32" slack="2147483647"/>
<pin id="2506" dir="1" index="2" bw="32" slack="2147483647"/>
</pin_list>
<bind>
<opcode="fmul(13) " fcode="fmul"/>
<opset="mul_8/35 mul1_8/35 mul3_8/35 "/>
</bind>
</comp>

<comp id="2507" class="1004" name="grp_fu_2507">
<pin_list>
<pin id="2508" dir="0" index="0" bw="32" slack="2147483647"/>
<pin id="2509" dir="0" index="1" bw="32" slack="2147483647"/>
<pin id="2510" dir="1" index="2" bw="32" slack="2147483647"/>
</pin_list>
<bind>
<opcode="fmul(13) " fcode="fmul"/>
<opset="mul_9/39 mul1_9/39 mul3_9/39 "/>
</bind>
</comp>

<comp id="2511" class="1004" name="grp_fu_2511">
<pin_list>
<pin id="2512" dir="0" index="0" bw="32" slack="2147483647"/>
<pin id="2513" dir="0" index="1" bw="32" slack="2147483647"/>
<pin id="2514" dir="1" index="2" bw="32" slack="2147483647"/>
</pin_list>
<bind>
<opcode="fmul(13) " fcode="fmul"/>
<opset="mul_s/43 mul1_s/43 mul3_s/43 "/>
</bind>
</comp>

<comp id="2515" class="1004" name="grp_fu_2515">
<pin_list>
<pin id="2516" dir="0" index="0" bw="32" slack="2147483647"/>
<pin id="2517" dir="0" index="1" bw="32" slack="2147483647"/>
<pin id="2518" dir="1" index="2" bw="32" slack="2147483647"/>
</pin_list>
<bind>
<opcode="fmul(13) " fcode="fmul"/>
<opset="mul_10/47 mul1_10/47 mul3_10/47 "/>
</bind>
</comp>

<comp id="2519" class="1004" name="grp_fu_2519">
<pin_list>
<pin id="2520" dir="0" index="0" bw="32" slack="2147483647"/>
<pin id="2521" dir="0" index="1" bw="32" slack="2147483647"/>
<pin id="2522" dir="1" index="2" bw="32" slack="2147483647"/>
</pin_list>
<bind>
<opcode="fmul(13) " fcode="fmul"/>
<opset="mul_11/51 mul1_11/51 "/>
</bind>
</comp>

<comp id="2523" class="1004" name="grp_fu_2523">
<pin_list>
<pin id="2524" dir="0" index="0" bw="32" slack="2147483647"/>
<pin id="2525" dir="0" index="1" bw="32" slack="2147483647"/>
<pin id="2526" dir="1" index="2" bw="32" slack="2147483647"/>
</pin_list>
<bind>
<opcode="fmul(13) " fcode="fmul"/>
<opset="mul_12/55 mul1_12/55 "/>
</bind>
</comp>

<comp id="2527" class="1004" name="grp_fu_2527">
<pin_list>
<pin id="2528" dir="0" index="0" bw="32" slack="2147483647"/>
<pin id="2529" dir="0" index="1" bw="32" slack="2147483647"/>
<pin id="2530" dir="1" index="2" bw="32" slack="2147483647"/>
</pin_list>
<bind>
<opcode="fmul(13) " fcode="fmul"/>
<opset="mul_13/59 mul1_13/59 "/>
</bind>
</comp>

<comp id="2531" class="1004" name="grp_fu_2531">
<pin_list>
<pin id="2532" dir="0" index="0" bw="32" slack="2147483647"/>
<pin id="2533" dir="0" index="1" bw="32" slack="2147483647"/>
<pin id="2534" dir="1" index="2" bw="32" slack="2147483647"/>
</pin_list>
<bind>
<opcode="fmul(13) " fcode="fmul"/>
<opset="mul_14/63 mul1_14/63 "/>
</bind>
</comp>

<comp id="2535" class="1004" name="grp_fu_2535">
<pin_list>
<pin id="2536" dir="0" index="0" bw="32" slack="2147483647"/>
<pin id="2537" dir="0" index="1" bw="32" slack="2147483647"/>
<pin id="2538" dir="1" index="2" bw="32" slack="2147483647"/>
</pin_list>
<bind>
<opcode="fmul(13) " fcode="fmul"/>
<opset="mul_15/67 mul1_15/67 "/>
</bind>
</comp>

<comp id="2539" class="1004" name="grp_fu_2539">
<pin_list>
<pin id="2540" dir="0" index="0" bw="32" slack="2147483647"/>
<pin id="2541" dir="0" index="1" bw="32" slack="2147483647"/>
<pin id="2542" dir="1" index="2" bw="32" slack="2147483647"/>
</pin_list>
<bind>
<opcode="fmul(13) " fcode="fmul"/>
<opset="mul_16/71 mul1_16/71 "/>
</bind>
</comp>

<comp id="2543" class="1004" name="grp_fu_2543">
<pin_list>
<pin id="2544" dir="0" index="0" bw="32" slack="2147483647"/>
<pin id="2545" dir="0" index="1" bw="32" slack="2147483647"/>
<pin id="2546" dir="1" index="2" bw="32" slack="2147483647"/>
</pin_list>
<bind>
<opcode="fmul(13) " fcode="fmul"/>
<opset="mul_17/75 mul1_17/75 "/>
</bind>
</comp>

<comp id="2547" class="1004" name="grp_fu_2547">
<pin_list>
<pin id="2548" dir="0" index="0" bw="32" slack="2147483647"/>
<pin id="2549" dir="0" index="1" bw="32" slack="2147483647"/>
<pin id="2550" dir="1" index="2" bw="32" slack="2147483647"/>
</pin_list>
<bind>
<opcode="fmul(13) " fcode="fmul"/>
<opset="mul_18/79 mul1_18/79 "/>
</bind>
</comp>

<comp id="2551" class="1004" name="grp_fu_2551">
<pin_list>
<pin id="2552" dir="0" index="0" bw="32" slack="2147483647"/>
<pin id="2553" dir="0" index="1" bw="32" slack="2147483647"/>
<pin id="2554" dir="1" index="2" bw="32" slack="2147483647"/>
</pin_list>
<bind>
<opcode="fmul(13) " fcode="fmul"/>
<opset="mul_19/83 mul1_19/83 "/>
</bind>
</comp>

<comp id="2555" class="1004" name="grp_fu_2555">
<pin_list>
<pin id="2556" dir="0" index="0" bw="32" slack="2147483647"/>
<pin id="2557" dir="0" index="1" bw="32" slack="2147483647"/>
<pin id="2558" dir="1" index="2" bw="32" slack="2147483647"/>
</pin_list>
<bind>
<opcode="fmul(13) " fcode="fmul"/>
<opset="mul_20/87 mul1_20/87 "/>
</bind>
</comp>

<comp id="2559" class="1004" name="grp_fu_2559">
<pin_list>
<pin id="2560" dir="0" index="0" bw="32" slack="2147483647"/>
<pin id="2561" dir="0" index="1" bw="32" slack="2147483647"/>
<pin id="2562" dir="1" index="2" bw="32" slack="2147483647"/>
</pin_list>
<bind>
<opcode="fmul(13) " fcode="fmul"/>
<opset="mul_21/91 mul1_21/91 "/>
</bind>
</comp>

<comp id="2563" class="1004" name="grp_fu_2563">
<pin_list>
<pin id="2564" dir="0" index="0" bw="32" slack="2147483647"/>
<pin id="2565" dir="0" index="1" bw="32" slack="2147483647"/>
<pin id="2566" dir="1" index="2" bw="32" slack="2147483647"/>
</pin_list>
<bind>
<opcode="fmul(13) " fcode="fmul"/>
<opset="mul_22/95 mul1_22/95 "/>
</bind>
</comp>

<comp id="2567" class="1004" name="grp_fu_2567">
<pin_list>
<pin id="2568" dir="0" index="0" bw="32" slack="2147483647"/>
<pin id="2569" dir="0" index="1" bw="32" slack="2147483647"/>
<pin id="2570" dir="1" index="2" bw="1" slack="2147483647"/>
</pin_list>
<bind>
<opcode="fcmp(46) " fcode="fcmp"/>
<opset="tmp_1/202 tmp_3/106 "/>
</bind>
</comp>

</comp_list>

<net_list>
<net id="351"><net_src comp="202" pin="0"/><net_sink comp="348" pin=0"/></net>

<net id="355"><net_src comp="202" pin="0"/><net_sink comp="352" pin=0"/></net>

<net id="359"><net_src comp="202" pin="0"/><net_sink comp="356" pin=0"/></net>

<net id="363"><net_src comp="202" pin="0"/><net_sink comp="360" pin=0"/></net>

<net id="367"><net_src comp="202" pin="0"/><net_sink comp="364" pin=0"/></net>

<net id="371"><net_src comp="202" pin="0"/><net_sink comp="368" pin=0"/></net>

<net id="375"><net_src comp="202" pin="0"/><net_sink comp="372" pin=0"/></net>

<net id="379"><net_src comp="202" pin="0"/><net_sink comp="376" pin=0"/></net>

<net id="383"><net_src comp="202" pin="0"/><net_sink comp="380" pin=0"/></net>

<net id="387"><net_src comp="202" pin="0"/><net_sink comp="384" pin=0"/></net>

<net id="391"><net_src comp="202" pin="0"/><net_sink comp="388" pin=0"/></net>

<net id="397"><net_src comp="222" pin="0"/><net_sink comp="392" pin=1"/></net>

<net id="398"><net_src comp="222" pin="0"/><net_sink comp="392" pin=2"/></net>

<net id="408"><net_src comp="392" pin="3"/><net_sink comp="399" pin=2"/></net>

<net id="414"><net_src comp="222" pin="0"/><net_sink comp="409" pin=1"/></net>

<net id="415"><net_src comp="202" pin="0"/><net_sink comp="409" pin=2"/></net>

<net id="416"><net_src comp="409" pin="3"/><net_sink comp="399" pin=0"/></net>

<net id="422"><net_src comp="222" pin="0"/><net_sink comp="417" pin=1"/></net>

<net id="423"><net_src comp="224" pin="0"/><net_sink comp="417" pin=2"/></net>

<net id="424"><net_src comp="417" pin="3"/><net_sink comp="399" pin=2"/></net>

<net id="430"><net_src comp="222" pin="0"/><net_sink comp="425" pin=1"/></net>

<net id="431"><net_src comp="226" pin="0"/><net_sink comp="425" pin=2"/></net>

<net id="432"><net_src comp="425" pin="3"/><net_sink comp="399" pin=0"/></net>

<net id="438"><net_src comp="222" pin="0"/><net_sink comp="433" pin=1"/></net>

<net id="439"><net_src comp="228" pin="0"/><net_sink comp="433" pin=2"/></net>

<net id="440"><net_src comp="433" pin="3"/><net_sink comp="399" pin=2"/></net>

<net id="446"><net_src comp="222" pin="0"/><net_sink comp="441" pin=1"/></net>

<net id="447"><net_src comp="230" pin="0"/><net_sink comp="441" pin=2"/></net>

<net id="448"><net_src comp="441" pin="3"/><net_sink comp="399" pin=0"/></net>

<net id="454"><net_src comp="222" pin="0"/><net_sink comp="449" pin=1"/></net>

<net id="455"><net_src comp="232" pin="0"/><net_sink comp="449" pin=2"/></net>

<net id="456"><net_src comp="449" pin="3"/><net_sink comp="399" pin=2"/></net>

<net id="462"><net_src comp="222" pin="0"/><net_sink comp="457" pin=1"/></net>

<net id="463"><net_src comp="234" pin="0"/><net_sink comp="457" pin=2"/></net>

<net id="464"><net_src comp="457" pin="3"/><net_sink comp="399" pin=0"/></net>

<net id="470"><net_src comp="222" pin="0"/><net_sink comp="465" pin=1"/></net>

<net id="471"><net_src comp="236" pin="0"/><net_sink comp="465" pin=2"/></net>

<net id="472"><net_src comp="465" pin="3"/><net_sink comp="399" pin=2"/></net>

<net id="478"><net_src comp="222" pin="0"/><net_sink comp="473" pin=1"/></net>

<net id="479"><net_src comp="238" pin="0"/><net_sink comp="473" pin=2"/></net>

<net id="480"><net_src comp="473" pin="3"/><net_sink comp="399" pin=0"/></net>

<net id="486"><net_src comp="222" pin="0"/><net_sink comp="481" pin=1"/></net>

<net id="487"><net_src comp="240" pin="0"/><net_sink comp="481" pin=2"/></net>

<net id="488"><net_src comp="481" pin="3"/><net_sink comp="399" pin=2"/></net>

<net id="494"><net_src comp="222" pin="0"/><net_sink comp="489" pin=1"/></net>

<net id="495"><net_src comp="242" pin="0"/><net_sink comp="489" pin=2"/></net>

<net id="496"><net_src comp="489" pin="3"/><net_sink comp="399" pin=0"/></net>

<net id="502"><net_src comp="222" pin="0"/><net_sink comp="497" pin=1"/></net>

<net id="503"><net_src comp="244" pin="0"/><net_sink comp="497" pin=2"/></net>

<net id="504"><net_src comp="497" pin="3"/><net_sink comp="399" pin=2"/></net>

<net id="510"><net_src comp="222" pin="0"/><net_sink comp="505" pin=1"/></net>

<net id="511"><net_src comp="246" pin="0"/><net_sink comp="505" pin=2"/></net>

<net id="512"><net_src comp="505" pin="3"/><net_sink comp="399" pin=0"/></net>

<net id="518"><net_src comp="222" pin="0"/><net_sink comp="513" pin=1"/></net>

<net id="519"><net_src comp="248" pin="0"/><net_sink comp="513" pin=2"/></net>

<net id="520"><net_src comp="513" pin="3"/><net_sink comp="399" pin=2"/></net>

<net id="526"><net_src comp="222" pin="0"/><net_sink comp="521" pin=1"/></net>

<net id="527"><net_src comp="250" pin="0"/><net_sink comp="521" pin=2"/></net>

<net id="528"><net_src comp="521" pin="3"/><net_sink comp="399" pin=0"/></net>

<net id="534"><net_src comp="222" pin="0"/><net_sink comp="529" pin=1"/></net>

<net id="535"><net_src comp="252" pin="0"/><net_sink comp="529" pin=2"/></net>

<net id="536"><net_src comp="529" pin="3"/><net_sink comp="399" pin=2"/></net>

<net id="542"><net_src comp="222" pin="0"/><net_sink comp="537" pin=1"/></net>

<net id="543"><net_src comp="254" pin="0"/><net_sink comp="537" pin=2"/></net>

<net id="544"><net_src comp="537" pin="3"/><net_sink comp="399" pin=0"/></net>

<net id="550"><net_src comp="222" pin="0"/><net_sink comp="545" pin=1"/></net>

<net id="551"><net_src comp="256" pin="0"/><net_sink comp="545" pin=2"/></net>

<net id="552"><net_src comp="545" pin="3"/><net_sink comp="399" pin=2"/></net>

<net id="558"><net_src comp="222" pin="0"/><net_sink comp="553" pin=1"/></net>

<net id="559"><net_src comp="258" pin="0"/><net_sink comp="553" pin=2"/></net>

<net id="560"><net_src comp="553" pin="3"/><net_sink comp="399" pin=0"/></net>

<net id="566"><net_src comp="222" pin="0"/><net_sink comp="561" pin=1"/></net>

<net id="567"><net_src comp="260" pin="0"/><net_sink comp="561" pin=2"/></net>

<net id="568"><net_src comp="561" pin="3"/><net_sink comp="399" pin=2"/></net>

<net id="574"><net_src comp="222" pin="0"/><net_sink comp="569" pin=1"/></net>

<net id="575"><net_src comp="262" pin="0"/><net_sink comp="569" pin=2"/></net>

<net id="576"><net_src comp="569" pin="3"/><net_sink comp="399" pin=0"/></net>

<net id="582"><net_src comp="222" pin="0"/><net_sink comp="577" pin=1"/></net>

<net id="583"><net_src comp="264" pin="0"/><net_sink comp="577" pin=2"/></net>

<net id="584"><net_src comp="577" pin="3"/><net_sink comp="399" pin=2"/></net>

<net id="590"><net_src comp="222" pin="0"/><net_sink comp="585" pin=1"/></net>

<net id="591"><net_src comp="266" pin="0"/><net_sink comp="585" pin=2"/></net>

<net id="592"><net_src comp="585" pin="3"/><net_sink comp="399" pin=0"/></net>

<net id="598"><net_src comp="222" pin="0"/><net_sink comp="593" pin=1"/></net>

<net id="599"><net_src comp="268" pin="0"/><net_sink comp="593" pin=2"/></net>

<net id="600"><net_src comp="593" pin="3"/><net_sink comp="399" pin=2"/></net>

<net id="606"><net_src comp="222" pin="0"/><net_sink comp="601" pin=1"/></net>

<net id="607"><net_src comp="270" pin="0"/><net_sink comp="601" pin=2"/></net>

<net id="608"><net_src comp="601" pin="3"/><net_sink comp="399" pin=0"/></net>

<net id="614"><net_src comp="222" pin="0"/><net_sink comp="609" pin=1"/></net>

<net id="615"><net_src comp="272" pin="0"/><net_sink comp="609" pin=2"/></net>

<net id="616"><net_src comp="609" pin="3"/><net_sink comp="399" pin=2"/></net>

<net id="622"><net_src comp="222" pin="0"/><net_sink comp="617" pin=1"/></net>

<net id="623"><net_src comp="274" pin="0"/><net_sink comp="617" pin=2"/></net>

<net id="624"><net_src comp="617" pin="3"/><net_sink comp="399" pin=0"/></net>

<net id="630"><net_src comp="222" pin="0"/><net_sink comp="625" pin=1"/></net>

<net id="631"><net_src comp="276" pin="0"/><net_sink comp="625" pin=2"/></net>

<net id="632"><net_src comp="625" pin="3"/><net_sink comp="399" pin=2"/></net>

<net id="638"><net_src comp="222" pin="0"/><net_sink comp="633" pin=1"/></net>

<net id="639"><net_src comp="278" pin="0"/><net_sink comp="633" pin=2"/></net>

<net id="640"><net_src comp="633" pin="3"/><net_sink comp="399" pin=0"/></net>

<net id="646"><net_src comp="222" pin="0"/><net_sink comp="641" pin=1"/></net>

<net id="647"><net_src comp="280" pin="0"/><net_sink comp="641" pin=2"/></net>

<net id="648"><net_src comp="641" pin="3"/><net_sink comp="399" pin=2"/></net>

<net id="654"><net_src comp="222" pin="0"/><net_sink comp="649" pin=1"/></net>

<net id="655"><net_src comp="282" pin="0"/><net_sink comp="649" pin=2"/></net>

<net id="656"><net_src comp="649" pin="3"/><net_sink comp="399" pin=0"/></net>

<net id="662"><net_src comp="222" pin="0"/><net_sink comp="657" pin=1"/></net>

<net id="663"><net_src comp="284" pin="0"/><net_sink comp="657" pin=2"/></net>

<net id="664"><net_src comp="657" pin="3"/><net_sink comp="399" pin=2"/></net>

<net id="670"><net_src comp="222" pin="0"/><net_sink comp="665" pin=1"/></net>

<net id="671"><net_src comp="286" pin="0"/><net_sink comp="665" pin=2"/></net>

<net id="672"><net_src comp="665" pin="3"/><net_sink comp="399" pin=0"/></net>

<net id="678"><net_src comp="222" pin="0"/><net_sink comp="673" pin=1"/></net>

<net id="679"><net_src comp="288" pin="0"/><net_sink comp="673" pin=2"/></net>

<net id="680"><net_src comp="673" pin="3"/><net_sink comp="399" pin=2"/></net>

<net id="686"><net_src comp="222" pin="0"/><net_sink comp="681" pin=1"/></net>

<net id="687"><net_src comp="290" pin="0"/><net_sink comp="681" pin=2"/></net>

<net id="688"><net_src comp="681" pin="3"/><net_sink comp="399" pin=0"/></net>

<net id="694"><net_src comp="222" pin="0"/><net_sink comp="689" pin=1"/></net>

<net id="695"><net_src comp="292" pin="0"/><net_sink comp="689" pin=2"/></net>

<net id="696"><net_src comp="689" pin="3"/><net_sink comp="399" pin=2"/></net>

<net id="702"><net_src comp="222" pin="0"/><net_sink comp="697" pin=1"/></net>

<net id="703"><net_src comp="294" pin="0"/><net_sink comp="697" pin=2"/></net>

<net id="704"><net_src comp="697" pin="3"/><net_sink comp="399" pin=0"/></net>

<net id="710"><net_src comp="222" pin="0"/><net_sink comp="705" pin=1"/></net>

<net id="711"><net_src comp="296" pin="0"/><net_sink comp="705" pin=2"/></net>

<net id="712"><net_src comp="705" pin="3"/><net_sink comp="399" pin=2"/></net>

<net id="718"><net_src comp="222" pin="0"/><net_sink comp="713" pin=1"/></net>

<net id="719"><net_src comp="298" pin="0"/><net_sink comp="713" pin=2"/></net>

<net id="720"><net_src comp="713" pin="3"/><net_sink comp="399" pin=0"/></net>

<net id="726"><net_src comp="222" pin="0"/><net_sink comp="721" pin=1"/></net>

<net id="727"><net_src comp="300" pin="0"/><net_sink comp="721" pin=2"/></net>

<net id="728"><net_src comp="721" pin="3"/><net_sink comp="399" pin=2"/></net>

<net id="734"><net_src comp="222" pin="0"/><net_sink comp="729" pin=1"/></net>

<net id="735"><net_src comp="302" pin="0"/><net_sink comp="729" pin=2"/></net>

<net id="736"><net_src comp="729" pin="3"/><net_sink comp="399" pin=0"/></net>

<net id="742"><net_src comp="222" pin="0"/><net_sink comp="737" pin=1"/></net>

<net id="743"><net_src comp="304" pin="0"/><net_sink comp="737" pin=2"/></net>

<net id="744"><net_src comp="737" pin="3"/><net_sink comp="399" pin=2"/></net>

<net id="750"><net_src comp="222" pin="0"/><net_sink comp="745" pin=1"/></net>

<net id="751"><net_src comp="306" pin="0"/><net_sink comp="745" pin=2"/></net>

<net id="752"><net_src comp="745" pin="3"/><net_sink comp="399" pin=0"/></net>

<net id="758"><net_src comp="222" pin="0"/><net_sink comp="753" pin=1"/></net>

<net id="759"><net_src comp="308" pin="0"/><net_sink comp="753" pin=2"/></net>

<net id="760"><net_src comp="753" pin="3"/><net_sink comp="399" pin=2"/></net>

<net id="766"><net_src comp="222" pin="0"/><net_sink comp="761" pin=1"/></net>

<net id="767"><net_src comp="310" pin="0"/><net_sink comp="761" pin=2"/></net>

<net id="768"><net_src comp="761" pin="3"/><net_sink comp="399" pin=0"/></net>

<net id="774"><net_src comp="222" pin="0"/><net_sink comp="769" pin=1"/></net>

<net id="775"><net_src comp="312" pin="0"/><net_sink comp="769" pin=2"/></net>

<net id="776"><net_src comp="769" pin="3"/><net_sink comp="399" pin=2"/></net>

<net id="782"><net_src comp="222" pin="0"/><net_sink comp="777" pin=1"/></net>

<net id="783"><net_src comp="314" pin="0"/><net_sink comp="777" pin=2"/></net>

<net id="784"><net_src comp="777" pin="3"/><net_sink comp="399" pin=0"/></net>

<net id="790"><net_src comp="222" pin="0"/><net_sink comp="785" pin=1"/></net>

<net id="791"><net_src comp="222" pin="0"/><net_sink comp="785" pin=2"/></net>

<net id="801"><net_src comp="785" pin="3"/><net_sink comp="792" pin=2"/></net>

<net id="807"><net_src comp="222" pin="0"/><net_sink comp="802" pin=1"/></net>

<net id="808"><net_src comp="202" pin="0"/><net_sink comp="802" pin=2"/></net>

<net id="809"><net_src comp="802" pin="3"/><net_sink comp="792" pin=0"/></net>

<net id="815"><net_src comp="222" pin="0"/><net_sink comp="810" pin=1"/></net>

<net id="816"><net_src comp="224" pin="0"/><net_sink comp="810" pin=2"/></net>

<net id="817"><net_src comp="810" pin="3"/><net_sink comp="792" pin=2"/></net>

<net id="823"><net_src comp="222" pin="0"/><net_sink comp="818" pin=1"/></net>

<net id="824"><net_src comp="226" pin="0"/><net_sink comp="818" pin=2"/></net>

<net id="825"><net_src comp="818" pin="3"/><net_sink comp="792" pin=0"/></net>

<net id="831"><net_src comp="222" pin="0"/><net_sink comp="826" pin=1"/></net>

<net id="832"><net_src comp="228" pin="0"/><net_sink comp="826" pin=2"/></net>

<net id="833"><net_src comp="826" pin="3"/><net_sink comp="792" pin=2"/></net>

<net id="839"><net_src comp="222" pin="0"/><net_sink comp="834" pin=1"/></net>

<net id="840"><net_src comp="230" pin="0"/><net_sink comp="834" pin=2"/></net>

<net id="841"><net_src comp="834" pin="3"/><net_sink comp="792" pin=0"/></net>

<net id="847"><net_src comp="222" pin="0"/><net_sink comp="842" pin=1"/></net>

<net id="848"><net_src comp="232" pin="0"/><net_sink comp="842" pin=2"/></net>

<net id="849"><net_src comp="842" pin="3"/><net_sink comp="792" pin=2"/></net>

<net id="855"><net_src comp="222" pin="0"/><net_sink comp="850" pin=1"/></net>

<net id="856"><net_src comp="234" pin="0"/><net_sink comp="850" pin=2"/></net>

<net id="857"><net_src comp="850" pin="3"/><net_sink comp="792" pin=0"/></net>

<net id="863"><net_src comp="222" pin="0"/><net_sink comp="858" pin=1"/></net>

<net id="864"><net_src comp="236" pin="0"/><net_sink comp="858" pin=2"/></net>

<net id="865"><net_src comp="858" pin="3"/><net_sink comp="792" pin=2"/></net>

<net id="871"><net_src comp="222" pin="0"/><net_sink comp="866" pin=1"/></net>

<net id="872"><net_src comp="238" pin="0"/><net_sink comp="866" pin=2"/></net>

<net id="873"><net_src comp="866" pin="3"/><net_sink comp="792" pin=0"/></net>

<net id="879"><net_src comp="222" pin="0"/><net_sink comp="874" pin=1"/></net>

<net id="880"><net_src comp="240" pin="0"/><net_sink comp="874" pin=2"/></net>

<net id="881"><net_src comp="874" pin="3"/><net_sink comp="792" pin=2"/></net>

<net id="887"><net_src comp="222" pin="0"/><net_sink comp="882" pin=1"/></net>

<net id="888"><net_src comp="242" pin="0"/><net_sink comp="882" pin=2"/></net>

<net id="889"><net_src comp="882" pin="3"/><net_sink comp="792" pin=0"/></net>

<net id="895"><net_src comp="222" pin="0"/><net_sink comp="890" pin=1"/></net>

<net id="896"><net_src comp="244" pin="0"/><net_sink comp="890" pin=2"/></net>

<net id="897"><net_src comp="890" pin="3"/><net_sink comp="792" pin=2"/></net>

<net id="903"><net_src comp="222" pin="0"/><net_sink comp="898" pin=1"/></net>

<net id="904"><net_src comp="246" pin="0"/><net_sink comp="898" pin=2"/></net>

<net id="905"><net_src comp="898" pin="3"/><net_sink comp="792" pin=0"/></net>

<net id="911"><net_src comp="222" pin="0"/><net_sink comp="906" pin=1"/></net>

<net id="912"><net_src comp="248" pin="0"/><net_sink comp="906" pin=2"/></net>

<net id="913"><net_src comp="906" pin="3"/><net_sink comp="792" pin=2"/></net>

<net id="919"><net_src comp="222" pin="0"/><net_sink comp="914" pin=1"/></net>

<net id="920"><net_src comp="250" pin="0"/><net_sink comp="914" pin=2"/></net>

<net id="921"><net_src comp="914" pin="3"/><net_sink comp="792" pin=0"/></net>

<net id="927"><net_src comp="222" pin="0"/><net_sink comp="922" pin=1"/></net>

<net id="928"><net_src comp="252" pin="0"/><net_sink comp="922" pin=2"/></net>

<net id="929"><net_src comp="922" pin="3"/><net_sink comp="792" pin=2"/></net>

<net id="935"><net_src comp="222" pin="0"/><net_sink comp="930" pin=1"/></net>

<net id="936"><net_src comp="254" pin="0"/><net_sink comp="930" pin=2"/></net>

<net id="937"><net_src comp="930" pin="3"/><net_sink comp="792" pin=0"/></net>

<net id="943"><net_src comp="222" pin="0"/><net_sink comp="938" pin=1"/></net>

<net id="944"><net_src comp="256" pin="0"/><net_sink comp="938" pin=2"/></net>

<net id="945"><net_src comp="938" pin="3"/><net_sink comp="792" pin=2"/></net>

<net id="951"><net_src comp="222" pin="0"/><net_sink comp="946" pin=1"/></net>

<net id="952"><net_src comp="258" pin="0"/><net_sink comp="946" pin=2"/></net>

<net id="953"><net_src comp="946" pin="3"/><net_sink comp="792" pin=0"/></net>

<net id="959"><net_src comp="222" pin="0"/><net_sink comp="954" pin=1"/></net>

<net id="960"><net_src comp="260" pin="0"/><net_sink comp="954" pin=2"/></net>

<net id="961"><net_src comp="954" pin="3"/><net_sink comp="792" pin=2"/></net>

<net id="967"><net_src comp="222" pin="0"/><net_sink comp="962" pin=1"/></net>

<net id="968"><net_src comp="262" pin="0"/><net_sink comp="962" pin=2"/></net>

<net id="969"><net_src comp="962" pin="3"/><net_sink comp="792" pin=0"/></net>

<net id="975"><net_src comp="222" pin="0"/><net_sink comp="970" pin=1"/></net>

<net id="976"><net_src comp="264" pin="0"/><net_sink comp="970" pin=2"/></net>

<net id="977"><net_src comp="970" pin="3"/><net_sink comp="792" pin=2"/></net>

<net id="983"><net_src comp="222" pin="0"/><net_sink comp="978" pin=1"/></net>

<net id="984"><net_src comp="266" pin="0"/><net_sink comp="978" pin=2"/></net>

<net id="985"><net_src comp="978" pin="3"/><net_sink comp="792" pin=0"/></net>

<net id="991"><net_src comp="222" pin="0"/><net_sink comp="986" pin=1"/></net>

<net id="992"><net_src comp="222" pin="0"/><net_sink comp="986" pin=2"/></net>

<net id="1002"><net_src comp="986" pin="3"/><net_sink comp="993" pin=2"/></net>

<net id="1008"><net_src comp="222" pin="0"/><net_sink comp="1003" pin=1"/></net>

<net id="1009"><net_src comp="202" pin="0"/><net_sink comp="1003" pin=2"/></net>

<net id="1010"><net_src comp="1003" pin="3"/><net_sink comp="993" pin=0"/></net>

<net id="1016"><net_src comp="222" pin="0"/><net_sink comp="1011" pin=1"/></net>

<net id="1017"><net_src comp="224" pin="0"/><net_sink comp="1011" pin=2"/></net>

<net id="1018"><net_src comp="1011" pin="3"/><net_sink comp="993" pin=2"/></net>

<net id="1024"><net_src comp="222" pin="0"/><net_sink comp="1019" pin=1"/></net>

<net id="1025"><net_src comp="226" pin="0"/><net_sink comp="1019" pin=2"/></net>

<net id="1026"><net_src comp="1019" pin="3"/><net_sink comp="993" pin=0"/></net>

<net id="1032"><net_src comp="222" pin="0"/><net_sink comp="1027" pin=1"/></net>

<net id="1033"><net_src comp="228" pin="0"/><net_sink comp="1027" pin=2"/></net>

<net id="1034"><net_src comp="1027" pin="3"/><net_sink comp="993" pin=2"/></net>

<net id="1040"><net_src comp="222" pin="0"/><net_sink comp="1035" pin=1"/></net>

<net id="1041"><net_src comp="230" pin="0"/><net_sink comp="1035" pin=2"/></net>

<net id="1042"><net_src comp="1035" pin="3"/><net_sink comp="993" pin=0"/></net>

<net id="1048"><net_src comp="222" pin="0"/><net_sink comp="1043" pin=1"/></net>

<net id="1049"><net_src comp="232" pin="0"/><net_sink comp="1043" pin=2"/></net>

<net id="1050"><net_src comp="1043" pin="3"/><net_sink comp="993" pin=2"/></net>

<net id="1056"><net_src comp="222" pin="0"/><net_sink comp="1051" pin=1"/></net>

<net id="1057"><net_src comp="234" pin="0"/><net_sink comp="1051" pin=2"/></net>

<net id="1058"><net_src comp="1051" pin="3"/><net_sink comp="993" pin=0"/></net>

<net id="1064"><net_src comp="222" pin="0"/><net_sink comp="1059" pin=1"/></net>

<net id="1065"><net_src comp="236" pin="0"/><net_sink comp="1059" pin=2"/></net>

<net id="1066"><net_src comp="1059" pin="3"/><net_sink comp="993" pin=2"/></net>

<net id="1072"><net_src comp="222" pin="0"/><net_sink comp="1067" pin=1"/></net>

<net id="1073"><net_src comp="238" pin="0"/><net_sink comp="1067" pin=2"/></net>

<net id="1074"><net_src comp="1067" pin="3"/><net_sink comp="993" pin=0"/></net>

<net id="1080"><net_src comp="222" pin="0"/><net_sink comp="1075" pin=1"/></net>

<net id="1081"><net_src comp="240" pin="0"/><net_sink comp="1075" pin=2"/></net>

<net id="1082"><net_src comp="1075" pin="3"/><net_sink comp="993" pin=2"/></net>

<net id="1088"><net_src comp="222" pin="0"/><net_sink comp="1083" pin=1"/></net>

<net id="1089"><net_src comp="242" pin="0"/><net_sink comp="1083" pin=2"/></net>

<net id="1090"><net_src comp="1083" pin="3"/><net_sink comp="993" pin=0"/></net>

<net id="1095"><net_src comp="204" pin="0"/><net_sink comp="1091" pin=0"/></net>

<net id="1096"><net_src comp="368" pin="1"/><net_sink comp="1091" pin=1"/></net>

<net id="1101"><net_src comp="206" pin="0"/><net_sink comp="1097" pin=0"/></net>

<net id="1102"><net_src comp="372" pin="1"/><net_sink comp="1097" pin=1"/></net>

<net id="1107"><net_src comp="208" pin="0"/><net_sink comp="1103" pin=0"/></net>

<net id="1108"><net_src comp="376" pin="1"/><net_sink comp="1103" pin=1"/></net>

<net id="1113"><net_src comp="210" pin="0"/><net_sink comp="1109" pin=0"/></net>

<net id="1114"><net_src comp="380" pin="1"/><net_sink comp="1109" pin=1"/></net>

<net id="1119"><net_src comp="212" pin="0"/><net_sink comp="1115" pin=0"/></net>

<net id="1120"><net_src comp="384" pin="1"/><net_sink comp="1115" pin=1"/></net>

<net id="1125"><net_src comp="214" pin="0"/><net_sink comp="1121" pin=0"/></net>

<net id="1126"><net_src comp="388" pin="1"/><net_sink comp="1121" pin=1"/></net>

<net id="1143"><net_src comp="218" pin="0"/><net_sink comp="1127" pin=0"/></net>

<net id="1144"><net_src comp="0" pin="0"/><net_sink comp="1127" pin=1"/></net>

<net id="1145"><net_src comp="2" pin="0"/><net_sink comp="1127" pin=2"/></net>

<net id="1146"><net_src comp="4" pin="0"/><net_sink comp="1127" pin=3"/></net>

<net id="1147"><net_src comp="6" pin="0"/><net_sink comp="1127" pin=4"/></net>

<net id="1148"><net_src comp="8" pin="0"/><net_sink comp="1127" pin=5"/></net>

<net id="1149"><net_src comp="10" pin="0"/><net_sink comp="1127" pin=6"/></net>

<net id="1150"><net_src comp="12" pin="0"/><net_sink comp="1127" pin=7"/></net>

<net id="1156"><net_src comp="220" pin="0"/><net_sink comp="1151" pin=0"/></net>

<net id="1258"><net_src comp="316" pin="0"/><net_sink comp="1157" pin=0"/></net>

<net id="1259"><net_src comp="399" pin="7"/><net_sink comp="1157" pin=48"/></net>

<net id="1260"><net_src comp="399" pin="3"/><net_sink comp="1157" pin=49"/></net>

<net id="1261"><net_src comp="28" pin="0"/><net_sink comp="1157" pin=50"/></net>

<net id="1262"><net_src comp="30" pin="0"/><net_sink comp="1157" pin=51"/></net>

<net id="1263"><net_src comp="32" pin="0"/><net_sink comp="1157" pin=52"/></net>

<net id="1264"><net_src comp="34" pin="0"/><net_sink comp="1157" pin=53"/></net>

<net id="1265"><net_src comp="36" pin="0"/><net_sink comp="1157" pin=54"/></net>

<net id="1266"><net_src comp="38" pin="0"/><net_sink comp="1157" pin=55"/></net>

<net id="1267"><net_src comp="40" pin="0"/><net_sink comp="1157" pin=56"/></net>

<net id="1268"><net_src comp="42" pin="0"/><net_sink comp="1157" pin=57"/></net>

<net id="1269"><net_src comp="44" pin="0"/><net_sink comp="1157" pin=58"/></net>

<net id="1270"><net_src comp="46" pin="0"/><net_sink comp="1157" pin=59"/></net>

<net id="1271"><net_src comp="48" pin="0"/><net_sink comp="1157" pin=60"/></net>

<net id="1272"><net_src comp="50" pin="0"/><net_sink comp="1157" pin=61"/></net>

<net id="1273"><net_src comp="52" pin="0"/><net_sink comp="1157" pin=62"/></net>

<net id="1274"><net_src comp="54" pin="0"/><net_sink comp="1157" pin=63"/></net>

<net id="1275"><net_src comp="56" pin="0"/><net_sink comp="1157" pin=64"/></net>

<net id="1276"><net_src comp="58" pin="0"/><net_sink comp="1157" pin=65"/></net>

<net id="1277"><net_src comp="60" pin="0"/><net_sink comp="1157" pin=66"/></net>

<net id="1278"><net_src comp="62" pin="0"/><net_sink comp="1157" pin=67"/></net>

<net id="1279"><net_src comp="64" pin="0"/><net_sink comp="1157" pin=68"/></net>

<net id="1280"><net_src comp="66" pin="0"/><net_sink comp="1157" pin=69"/></net>

<net id="1281"><net_src comp="68" pin="0"/><net_sink comp="1157" pin=70"/></net>

<net id="1282"><net_src comp="70" pin="0"/><net_sink comp="1157" pin=71"/></net>

<net id="1283"><net_src comp="72" pin="0"/><net_sink comp="1157" pin=72"/></net>

<net id="1284"><net_src comp="74" pin="0"/><net_sink comp="1157" pin=73"/></net>

<net id="1285"><net_src comp="76" pin="0"/><net_sink comp="1157" pin=74"/></net>

<net id="1286"><net_src comp="78" pin="0"/><net_sink comp="1157" pin=75"/></net>

<net id="1287"><net_src comp="80" pin="0"/><net_sink comp="1157" pin=76"/></net>

<net id="1288"><net_src comp="82" pin="0"/><net_sink comp="1157" pin=77"/></net>

<net id="1289"><net_src comp="84" pin="0"/><net_sink comp="1157" pin=78"/></net>

<net id="1290"><net_src comp="86" pin="0"/><net_sink comp="1157" pin=79"/></net>

<net id="1291"><net_src comp="88" pin="0"/><net_sink comp="1157" pin=80"/></net>

<net id="1292"><net_src comp="90" pin="0"/><net_sink comp="1157" pin=81"/></net>

<net id="1293"><net_src comp="92" pin="0"/><net_sink comp="1157" pin=82"/></net>

<net id="1294"><net_src comp="94" pin="0"/><net_sink comp="1157" pin=83"/></net>

<net id="1295"><net_src comp="96" pin="0"/><net_sink comp="1157" pin=84"/></net>

<net id="1296"><net_src comp="98" pin="0"/><net_sink comp="1157" pin=85"/></net>

<net id="1297"><net_src comp="100" pin="0"/><net_sink comp="1157" pin=86"/></net>

<net id="1298"><net_src comp="102" pin="0"/><net_sink comp="1157" pin=87"/></net>

<net id="1299"><net_src comp="104" pin="0"/><net_sink comp="1157" pin=88"/></net>

<net id="1300"><net_src comp="106" pin="0"/><net_sink comp="1157" pin=89"/></net>

<net id="1301"><net_src comp="108" pin="0"/><net_sink comp="1157" pin=90"/></net>

<net id="1302"><net_src comp="110" pin="0"/><net_sink comp="1157" pin=91"/></net>

<net id="1303"><net_src comp="112" pin="0"/><net_sink comp="1157" pin=92"/></net>

<net id="1304"><net_src comp="114" pin="0"/><net_sink comp="1157" pin=93"/></net>

<net id="1305"><net_src comp="116" pin="0"/><net_sink comp="1157" pin=94"/></net>

<net id="1306"><net_src comp="118" pin="0"/><net_sink comp="1157" pin=95"/></net>

<net id="1307"><net_src comp="120" pin="0"/><net_sink comp="1157" pin=96"/></net>

<net id="1308"><net_src comp="122" pin="0"/><net_sink comp="1157" pin=97"/></net>

<net id="1309"><net_src comp="124" pin="0"/><net_sink comp="1157" pin=98"/></net>

<net id="1363"><net_src comp="318" pin="0"/><net_sink comp="1310" pin=0"/></net>

<net id="1364"><net_src comp="792" pin="7"/><net_sink comp="1310" pin=24"/></net>

<net id="1365"><net_src comp="792" pin="3"/><net_sink comp="1310" pin=25"/></net>

<net id="1366"><net_src comp="126" pin="0"/><net_sink comp="1310" pin=26"/></net>

<net id="1367"><net_src comp="128" pin="0"/><net_sink comp="1310" pin=27"/></net>

<net id="1368"><net_src comp="130" pin="0"/><net_sink comp="1310" pin=28"/></net>

<net id="1369"><net_src comp="132" pin="0"/><net_sink comp="1310" pin=29"/></net>

<net id="1370"><net_src comp="134" pin="0"/><net_sink comp="1310" pin=30"/></net>

<net id="1371"><net_src comp="136" pin="0"/><net_sink comp="1310" pin=31"/></net>

<net id="1372"><net_src comp="138" pin="0"/><net_sink comp="1310" pin=32"/></net>

<net id="1373"><net_src comp="140" pin="0"/><net_sink comp="1310" pin=33"/></net>

<net id="1374"><net_src comp="142" pin="0"/><net_sink comp="1310" pin=34"/></net>

<net id="1375"><net_src comp="144" pin="0"/><net_sink comp="1310" pin=35"/></net>

<net id="1376"><net_src comp="146" pin="0"/><net_sink comp="1310" pin=36"/></net>

<net id="1377"><net_src comp="148" pin="0"/><net_sink comp="1310" pin=37"/></net>

<net id="1378"><net_src comp="150" pin="0"/><net_sink comp="1310" pin=38"/></net>

<net id="1379"><net_src comp="152" pin="0"/><net_sink comp="1310" pin=39"/></net>

<net id="1380"><net_src comp="154" pin="0"/><net_sink comp="1310" pin=40"/></net>

<net id="1381"><net_src comp="156" pin="0"/><net_sink comp="1310" pin=41"/></net>

<net id="1382"><net_src comp="158" pin="0"/><net_sink comp="1310" pin=42"/></net>

<net id="1383"><net_src comp="160" pin="0"/><net_sink comp="1310" pin=43"/></net>

<net id="1384"><net_src comp="162" pin="0"/><net_sink comp="1310" pin=44"/></net>

<net id="1385"><net_src comp="164" pin="0"/><net_sink comp="1310" pin=45"/></net>

<net id="1386"><net_src comp="166" pin="0"/><net_sink comp="1310" pin=46"/></net>

<net id="1387"><net_src comp="168" pin="0"/><net_sink comp="1310" pin=47"/></net>

<net id="1388"><net_src comp="170" pin="0"/><net_sink comp="1310" pin=48"/></net>

<net id="1389"><net_src comp="172" pin="0"/><net_sink comp="1310" pin=49"/></net>

<net id="1390"><net_src comp="174" pin="0"/><net_sink comp="1310" pin=50"/></net>

<net id="1420"><net_src comp="320" pin="0"/><net_sink comp="1391" pin=0"/></net>

<net id="1421"><net_src comp="993" pin="7"/><net_sink comp="1391" pin=12"/></net>

<net id="1422"><net_src comp="993" pin="3"/><net_sink comp="1391" pin=13"/></net>

<net id="1423"><net_src comp="176" pin="0"/><net_sink comp="1391" pin=14"/></net>

<net id="1424"><net_src comp="178" pin="0"/><net_sink comp="1391" pin=15"/></net>

<net id="1425"><net_src comp="180" pin="0"/><net_sink comp="1391" pin=16"/></net>

<net id="1426"><net_src comp="182" pin="0"/><net_sink comp="1391" pin=17"/></net>

<net id="1427"><net_src comp="184" pin="0"/><net_sink comp="1391" pin=18"/></net>

<net id="1428"><net_src comp="186" pin="0"/><net_sink comp="1391" pin=19"/></net>

<net id="1429"><net_src comp="188" pin="0"/><net_sink comp="1391" pin=20"/></net>

<net id="1430"><net_src comp="190" pin="0"/><net_sink comp="1391" pin=21"/></net>

<net id="1431"><net_src comp="192" pin="0"/><net_sink comp="1391" pin=22"/></net>

<net id="1432"><net_src comp="194" pin="0"/><net_sink comp="1391" pin=23"/></net>

<net id="1433"><net_src comp="196" pin="0"/><net_sink comp="1391" pin=24"/></net>

<net id="1434"><net_src comp="198" pin="0"/><net_sink comp="1391" pin=25"/></net>

<net id="1435"><net_src comp="200" pin="0"/><net_sink comp="1391" pin=26"/></net>

<net id="1441"><net_src comp="322" pin="0"/><net_sink comp="1436" pin=0"/></net>

<net id="1458"><net_src comp="324" pin="0"/><net_sink comp="1442" pin=0"/></net>

<net id="1459"><net_src comp="14" pin="0"/><net_sink comp="1442" pin=7"/></net>

<net id="1460"><net_src comp="16" pin="0"/><net_sink comp="1442" pin=8"/></net>

<net id="1461"><net_src comp="18" pin="0"/><net_sink comp="1442" pin=9"/></net>

<net id="1462"><net_src comp="20" pin="0"/><net_sink comp="1442" pin=10"/></net>

<net id="1463"><net_src comp="22" pin="0"/><net_sink comp="1442" pin=11"/></net>

<net id="1464"><net_src comp="24" pin="0"/><net_sink comp="1442" pin=12"/></net>

<net id="1465"><net_src comp="26" pin="0"/><net_sink comp="1442" pin=13"/></net>

<net id="1469"><net_src comp="1466" pin="1"/><net_sink comp="1442" pin=2"/></net>

<net id="1473"><net_src comp="1470" pin="1"/><net_sink comp="1442" pin=3"/></net>

<net id="1477"><net_src comp="1474" pin="1"/><net_sink comp="1442" pin=4"/></net>

<net id="1481"><net_src comp="1478" pin="1"/><net_sink comp="1442" pin=5"/></net>

<net id="1485"><net_src comp="1482" pin="1"/><net_sink comp="1442" pin=6"/></net>

<net id="1489"><net_src comp="348" pin="1"/><net_sink comp="1486" pin=0"/></net>

<net id="1490"><net_src comp="1486" pin="1"/><net_sink comp="1127" pin=13"/></net>

<net id="1491"><net_src comp="1486" pin="1"/><net_sink comp="1482" pin=0"/></net>

<net id="1495"><net_src comp="352" pin="1"/><net_sink comp="1492" pin=0"/></net>

<net id="1496"><net_src comp="1492" pin="1"/><net_sink comp="1127" pin=12"/></net>

<net id="1497"><net_src comp="1492" pin="1"/><net_sink comp="1478" pin=0"/></net>

<net id="1501"><net_src comp="356" pin="1"/><net_sink comp="1498" pin=0"/></net>

<net id="1502"><net_src comp="1498" pin="1"/><net_sink comp="1127" pin=11"/></net>

<net id="1503"><net_src comp="1498" pin="1"/><net_sink comp="1474" pin=0"/></net>

<net id="1507"><net_src comp="360" pin="1"/><net_sink comp="1504" pin=0"/></net>

<net id="1508"><net_src comp="1504" pin="1"/><net_sink comp="1127" pin=10"/></net>

<net id="1509"><net_src comp="1504" pin="1"/><net_sink comp="1470" pin=0"/></net>

<net id="1513"><net_src comp="364" pin="1"/><net_sink comp="1510" pin=0"/></net>

<net id="1514"><net_src comp="1510" pin="1"/><net_sink comp="1127" pin=9"/></net>

<net id="1515"><net_src comp="1510" pin="1"/><net_sink comp="1466" pin=0"/></net>

<net id="1519"><net_src comp="392" pin="3"/><net_sink comp="1516" pin=0"/></net>

<net id="1520"><net_src comp="1516" pin="1"/><net_sink comp="399" pin=2"/></net>

<net id="1524"><net_src comp="409" pin="3"/><net_sink comp="1521" pin=0"/></net>

<net id="1525"><net_src comp="1521" pin="1"/><net_sink comp="399" pin=0"/></net>

<net id="1529"><net_src comp="399" pin="7"/><net_sink comp="1526" pin=0"/></net>

<net id="1530"><net_src comp="1526" pin="1"/><net_sink comp="1157" pin=2"/></net>

<net id="1534"><net_src comp="399" pin="3"/><net_sink comp="1531" pin=0"/></net>

<net id="1535"><net_src comp="1531" pin="1"/><net_sink comp="1157" pin=3"/></net>

<net id="1539"><net_src comp="417" pin="3"/><net_sink comp="1536" pin=0"/></net>

<net id="1540"><net_src comp="1536" pin="1"/><net_sink comp="399" pin=2"/></net>

<net id="1544"><net_src comp="425" pin="3"/><net_sink comp="1541" pin=0"/></net>

<net id="1545"><net_src comp="1541" pin="1"/><net_sink comp="399" pin=0"/></net>

<net id="1549"><net_src comp="399" pin="7"/><net_sink comp="1546" pin=0"/></net>

<net id="1550"><net_src comp="1546" pin="1"/><net_sink comp="1157" pin=4"/></net>

<net id="1554"><net_src comp="399" pin="3"/><net_sink comp="1551" pin=0"/></net>

<net id="1555"><net_src comp="1551" pin="1"/><net_sink comp="1157" pin=5"/></net>

<net id="1559"><net_src comp="433" pin="3"/><net_sink comp="1556" pin=0"/></net>

<net id="1560"><net_src comp="1556" pin="1"/><net_sink comp="399" pin=2"/></net>

<net id="1564"><net_src comp="441" pin="3"/><net_sink comp="1561" pin=0"/></net>

<net id="1565"><net_src comp="1561" pin="1"/><net_sink comp="399" pin=0"/></net>

<net id="1569"><net_src comp="399" pin="7"/><net_sink comp="1566" pin=0"/></net>

<net id="1570"><net_src comp="1566" pin="1"/><net_sink comp="1157" pin=6"/></net>

<net id="1574"><net_src comp="399" pin="3"/><net_sink comp="1571" pin=0"/></net>

<net id="1575"><net_src comp="1571" pin="1"/><net_sink comp="1157" pin=7"/></net>

<net id="1579"><net_src comp="449" pin="3"/><net_sink comp="1576" pin=0"/></net>

<net id="1580"><net_src comp="1576" pin="1"/><net_sink comp="399" pin=2"/></net>

<net id="1584"><net_src comp="457" pin="3"/><net_sink comp="1581" pin=0"/></net>

<net id="1585"><net_src comp="1581" pin="1"/><net_sink comp="399" pin=0"/></net>

<net id="1589"><net_src comp="399" pin="7"/><net_sink comp="1586" pin=0"/></net>

<net id="1590"><net_src comp="1586" pin="1"/><net_sink comp="1157" pin=8"/></net>

<net id="1594"><net_src comp="399" pin="3"/><net_sink comp="1591" pin=0"/></net>

<net id="1595"><net_src comp="1591" pin="1"/><net_sink comp="1157" pin=9"/></net>

<net id="1599"><net_src comp="465" pin="3"/><net_sink comp="1596" pin=0"/></net>

<net id="1600"><net_src comp="1596" pin="1"/><net_sink comp="399" pin=2"/></net>

<net id="1604"><net_src comp="473" pin="3"/><net_sink comp="1601" pin=0"/></net>

<net id="1605"><net_src comp="1601" pin="1"/><net_sink comp="399" pin=0"/></net>

<net id="1609"><net_src comp="399" pin="7"/><net_sink comp="1606" pin=0"/></net>

<net id="1610"><net_src comp="1606" pin="1"/><net_sink comp="1157" pin=10"/></net>

<net id="1614"><net_src comp="399" pin="3"/><net_sink comp="1611" pin=0"/></net>

<net id="1615"><net_src comp="1611" pin="1"/><net_sink comp="1157" pin=11"/></net>

<net id="1619"><net_src comp="481" pin="3"/><net_sink comp="1616" pin=0"/></net>

<net id="1620"><net_src comp="1616" pin="1"/><net_sink comp="399" pin=2"/></net>

<net id="1624"><net_src comp="489" pin="3"/><net_sink comp="1621" pin=0"/></net>

<net id="1625"><net_src comp="1621" pin="1"/><net_sink comp="399" pin=0"/></net>

<net id="1629"><net_src comp="399" pin="7"/><net_sink comp="1626" pin=0"/></net>

<net id="1630"><net_src comp="1626" pin="1"/><net_sink comp="1157" pin=12"/></net>

<net id="1634"><net_src comp="399" pin="3"/><net_sink comp="1631" pin=0"/></net>

<net id="1635"><net_src comp="1631" pin="1"/><net_sink comp="1157" pin=13"/></net>

<net id="1639"><net_src comp="497" pin="3"/><net_sink comp="1636" pin=0"/></net>

<net id="1640"><net_src comp="1636" pin="1"/><net_sink comp="399" pin=2"/></net>

<net id="1644"><net_src comp="505" pin="3"/><net_sink comp="1641" pin=0"/></net>

<net id="1645"><net_src comp="1641" pin="1"/><net_sink comp="399" pin=0"/></net>

<net id="1649"><net_src comp="399" pin="7"/><net_sink comp="1646" pin=0"/></net>

<net id="1650"><net_src comp="1646" pin="1"/><net_sink comp="1157" pin=14"/></net>

<net id="1654"><net_src comp="399" pin="3"/><net_sink comp="1651" pin=0"/></net>

<net id="1655"><net_src comp="1651" pin="1"/><net_sink comp="1157" pin=15"/></net>

<net id="1659"><net_src comp="513" pin="3"/><net_sink comp="1656" pin=0"/></net>

<net id="1660"><net_src comp="1656" pin="1"/><net_sink comp="399" pin=2"/></net>

<net id="1664"><net_src comp="521" pin="3"/><net_sink comp="1661" pin=0"/></net>

<net id="1665"><net_src comp="1661" pin="1"/><net_sink comp="399" pin=0"/></net>

<net id="1669"><net_src comp="399" pin="7"/><net_sink comp="1666" pin=0"/></net>

<net id="1670"><net_src comp="1666" pin="1"/><net_sink comp="1157" pin=16"/></net>

<net id="1674"><net_src comp="399" pin="3"/><net_sink comp="1671" pin=0"/></net>

<net id="1675"><net_src comp="1671" pin="1"/><net_sink comp="1157" pin=17"/></net>

<net id="1679"><net_src comp="529" pin="3"/><net_sink comp="1676" pin=0"/></net>

<net id="1680"><net_src comp="1676" pin="1"/><net_sink comp="399" pin=2"/></net>

<net id="1684"><net_src comp="537" pin="3"/><net_sink comp="1681" pin=0"/></net>

<net id="1685"><net_src comp="1681" pin="1"/><net_sink comp="399" pin=0"/></net>

<net id="1689"><net_src comp="399" pin="7"/><net_sink comp="1686" pin=0"/></net>

<net id="1690"><net_src comp="1686" pin="1"/><net_sink comp="1157" pin=18"/></net>

<net id="1694"><net_src comp="399" pin="3"/><net_sink comp="1691" pin=0"/></net>

<net id="1695"><net_src comp="1691" pin="1"/><net_sink comp="1157" pin=19"/></net>

<net id="1699"><net_src comp="545" pin="3"/><net_sink comp="1696" pin=0"/></net>

<net id="1700"><net_src comp="1696" pin="1"/><net_sink comp="399" pin=2"/></net>

<net id="1704"><net_src comp="553" pin="3"/><net_sink comp="1701" pin=0"/></net>

<net id="1705"><net_src comp="1701" pin="1"/><net_sink comp="399" pin=0"/></net>

<net id="1709"><net_src comp="399" pin="7"/><net_sink comp="1706" pin=0"/></net>

<net id="1710"><net_src comp="1706" pin="1"/><net_sink comp="1157" pin=20"/></net>

<net id="1714"><net_src comp="399" pin="3"/><net_sink comp="1711" pin=0"/></net>

<net id="1715"><net_src comp="1711" pin="1"/><net_sink comp="1157" pin=21"/></net>

<net id="1719"><net_src comp="561" pin="3"/><net_sink comp="1716" pin=0"/></net>

<net id="1720"><net_src comp="1716" pin="1"/><net_sink comp="399" pin=2"/></net>

<net id="1724"><net_src comp="569" pin="3"/><net_sink comp="1721" pin=0"/></net>

<net id="1725"><net_src comp="1721" pin="1"/><net_sink comp="399" pin=0"/></net>

<net id="1729"><net_src comp="399" pin="7"/><net_sink comp="1726" pin=0"/></net>

<net id="1730"><net_src comp="1726" pin="1"/><net_sink comp="1157" pin=22"/></net>

<net id="1734"><net_src comp="399" pin="3"/><net_sink comp="1731" pin=0"/></net>

<net id="1735"><net_src comp="1731" pin="1"/><net_sink comp="1157" pin=23"/></net>

<net id="1739"><net_src comp="577" pin="3"/><net_sink comp="1736" pin=0"/></net>

<net id="1740"><net_src comp="1736" pin="1"/><net_sink comp="399" pin=2"/></net>

<net id="1744"><net_src comp="585" pin="3"/><net_sink comp="1741" pin=0"/></net>

<net id="1745"><net_src comp="1741" pin="1"/><net_sink comp="399" pin=0"/></net>

<net id="1749"><net_src comp="399" pin="7"/><net_sink comp="1746" pin=0"/></net>

<net id="1750"><net_src comp="1746" pin="1"/><net_sink comp="1157" pin=24"/></net>

<net id="1754"><net_src comp="399" pin="3"/><net_sink comp="1751" pin=0"/></net>

<net id="1755"><net_src comp="1751" pin="1"/><net_sink comp="1157" pin=25"/></net>

<net id="1759"><net_src comp="593" pin="3"/><net_sink comp="1756" pin=0"/></net>

<net id="1760"><net_src comp="1756" pin="1"/><net_sink comp="399" pin=2"/></net>

<net id="1764"><net_src comp="601" pin="3"/><net_sink comp="1761" pin=0"/></net>

<net id="1765"><net_src comp="1761" pin="1"/><net_sink comp="399" pin=0"/></net>

<net id="1769"><net_src comp="399" pin="7"/><net_sink comp="1766" pin=0"/></net>

<net id="1770"><net_src comp="1766" pin="1"/><net_sink comp="1157" pin=26"/></net>

<net id="1774"><net_src comp="399" pin="3"/><net_sink comp="1771" pin=0"/></net>

<net id="1775"><net_src comp="1771" pin="1"/><net_sink comp="1157" pin=27"/></net>

<net id="1779"><net_src comp="609" pin="3"/><net_sink comp="1776" pin=0"/></net>

<net id="1780"><net_src comp="1776" pin="1"/><net_sink comp="399" pin=2"/></net>

<net id="1784"><net_src comp="617" pin="3"/><net_sink comp="1781" pin=0"/></net>

<net id="1785"><net_src comp="1781" pin="1"/><net_sink comp="399" pin=0"/></net>

<net id="1789"><net_src comp="399" pin="7"/><net_sink comp="1786" pin=0"/></net>

<net id="1790"><net_src comp="1786" pin="1"/><net_sink comp="1157" pin=28"/></net>

<net id="1794"><net_src comp="399" pin="3"/><net_sink comp="1791" pin=0"/></net>

<net id="1795"><net_src comp="1791" pin="1"/><net_sink comp="1157" pin=29"/></net>

<net id="1799"><net_src comp="625" pin="3"/><net_sink comp="1796" pin=0"/></net>

<net id="1800"><net_src comp="1796" pin="1"/><net_sink comp="399" pin=2"/></net>

<net id="1804"><net_src comp="633" pin="3"/><net_sink comp="1801" pin=0"/></net>

<net id="1805"><net_src comp="1801" pin="1"/><net_sink comp="399" pin=0"/></net>

<net id="1809"><net_src comp="399" pin="7"/><net_sink comp="1806" pin=0"/></net>

<net id="1810"><net_src comp="1806" pin="1"/><net_sink comp="1157" pin=30"/></net>

<net id="1814"><net_src comp="399" pin="3"/><net_sink comp="1811" pin=0"/></net>

<net id="1815"><net_src comp="1811" pin="1"/><net_sink comp="1157" pin=31"/></net>

<net id="1819"><net_src comp="641" pin="3"/><net_sink comp="1816" pin=0"/></net>

<net id="1820"><net_src comp="1816" pin="1"/><net_sink comp="399" pin=2"/></net>

<net id="1824"><net_src comp="649" pin="3"/><net_sink comp="1821" pin=0"/></net>

<net id="1825"><net_src comp="1821" pin="1"/><net_sink comp="399" pin=0"/></net>

<net id="1829"><net_src comp="399" pin="7"/><net_sink comp="1826" pin=0"/></net>

<net id="1830"><net_src comp="1826" pin="1"/><net_sink comp="1157" pin=32"/></net>

<net id="1834"><net_src comp="399" pin="3"/><net_sink comp="1831" pin=0"/></net>

<net id="1835"><net_src comp="1831" pin="1"/><net_sink comp="1157" pin=33"/></net>

<net id="1839"><net_src comp="657" pin="3"/><net_sink comp="1836" pin=0"/></net>

<net id="1840"><net_src comp="1836" pin="1"/><net_sink comp="399" pin=2"/></net>

<net id="1844"><net_src comp="665" pin="3"/><net_sink comp="1841" pin=0"/></net>

<net id="1845"><net_src comp="1841" pin="1"/><net_sink comp="399" pin=0"/></net>

<net id="1849"><net_src comp="399" pin="7"/><net_sink comp="1846" pin=0"/></net>

<net id="1850"><net_src comp="1846" pin="1"/><net_sink comp="1157" pin=34"/></net>

<net id="1854"><net_src comp="399" pin="3"/><net_sink comp="1851" pin=0"/></net>

<net id="1855"><net_src comp="1851" pin="1"/><net_sink comp="1157" pin=35"/></net>

<net id="1859"><net_src comp="673" pin="3"/><net_sink comp="1856" pin=0"/></net>

<net id="1860"><net_src comp="1856" pin="1"/><net_sink comp="399" pin=2"/></net>

<net id="1864"><net_src comp="681" pin="3"/><net_sink comp="1861" pin=0"/></net>

<net id="1865"><net_src comp="1861" pin="1"/><net_sink comp="399" pin=0"/></net>

<net id="1869"><net_src comp="399" pin="7"/><net_sink comp="1866" pin=0"/></net>

<net id="1870"><net_src comp="1866" pin="1"/><net_sink comp="1157" pin=36"/></net>

<net id="1874"><net_src comp="399" pin="3"/><net_sink comp="1871" pin=0"/></net>

<net id="1875"><net_src comp="1871" pin="1"/><net_sink comp="1157" pin=37"/></net>

<net id="1879"><net_src comp="689" pin="3"/><net_sink comp="1876" pin=0"/></net>

<net id="1880"><net_src comp="1876" pin="1"/><net_sink comp="399" pin=2"/></net>

<net id="1884"><net_src comp="697" pin="3"/><net_sink comp="1881" pin=0"/></net>

<net id="1885"><net_src comp="1881" pin="1"/><net_sink comp="399" pin=0"/></net>

<net id="1889"><net_src comp="399" pin="7"/><net_sink comp="1886" pin=0"/></net>

<net id="1890"><net_src comp="1886" pin="1"/><net_sink comp="1157" pin=38"/></net>

<net id="1894"><net_src comp="399" pin="3"/><net_sink comp="1891" pin=0"/></net>

<net id="1895"><net_src comp="1891" pin="1"/><net_sink comp="1157" pin=39"/></net>

<net id="1899"><net_src comp="705" pin="3"/><net_sink comp="1896" pin=0"/></net>

<net id="1900"><net_src comp="1896" pin="1"/><net_sink comp="399" pin=2"/></net>

<net id="1904"><net_src comp="713" pin="3"/><net_sink comp="1901" pin=0"/></net>

<net id="1905"><net_src comp="1901" pin="1"/><net_sink comp="399" pin=0"/></net>

<net id="1909"><net_src comp="399" pin="7"/><net_sink comp="1906" pin=0"/></net>

<net id="1910"><net_src comp="1906" pin="1"/><net_sink comp="1157" pin=40"/></net>

<net id="1914"><net_src comp="399" pin="3"/><net_sink comp="1911" pin=0"/></net>

<net id="1915"><net_src comp="1911" pin="1"/><net_sink comp="1157" pin=41"/></net>

<net id="1919"><net_src comp="721" pin="3"/><net_sink comp="1916" pin=0"/></net>

<net id="1920"><net_src comp="1916" pin="1"/><net_sink comp="399" pin=2"/></net>

<net id="1924"><net_src comp="729" pin="3"/><net_sink comp="1921" pin=0"/></net>

<net id="1925"><net_src comp="1921" pin="1"/><net_sink comp="399" pin=0"/></net>

<net id="1929"><net_src comp="399" pin="7"/><net_sink comp="1926" pin=0"/></net>

<net id="1930"><net_src comp="1926" pin="1"/><net_sink comp="1157" pin=42"/></net>

<net id="1934"><net_src comp="399" pin="3"/><net_sink comp="1931" pin=0"/></net>

<net id="1935"><net_src comp="1931" pin="1"/><net_sink comp="1157" pin=43"/></net>

<net id="1939"><net_src comp="737" pin="3"/><net_sink comp="1936" pin=0"/></net>

<net id="1940"><net_src comp="1936" pin="1"/><net_sink comp="399" pin=2"/></net>

<net id="1944"><net_src comp="745" pin="3"/><net_sink comp="1941" pin=0"/></net>

<net id="1945"><net_src comp="1941" pin="1"/><net_sink comp="399" pin=0"/></net>

<net id="1949"><net_src comp="399" pin="7"/><net_sink comp="1946" pin=0"/></net>

<net id="1950"><net_src comp="1946" pin="1"/><net_sink comp="1157" pin=44"/></net>

<net id="1954"><net_src comp="399" pin="3"/><net_sink comp="1951" pin=0"/></net>

<net id="1955"><net_src comp="1951" pin="1"/><net_sink comp="1157" pin=45"/></net>

<net id="1959"><net_src comp="753" pin="3"/><net_sink comp="1956" pin=0"/></net>

<net id="1960"><net_src comp="1956" pin="1"/><net_sink comp="399" pin=2"/></net>

<net id="1964"><net_src comp="761" pin="3"/><net_sink comp="1961" pin=0"/></net>

<net id="1965"><net_src comp="1961" pin="1"/><net_sink comp="399" pin=0"/></net>

<net id="1969"><net_src comp="399" pin="7"/><net_sink comp="1966" pin=0"/></net>

<net id="1970"><net_src comp="1966" pin="1"/><net_sink comp="1157" pin=46"/></net>

<net id="1974"><net_src comp="399" pin="3"/><net_sink comp="1971" pin=0"/></net>

<net id="1975"><net_src comp="1971" pin="1"/><net_sink comp="1157" pin=47"/></net>

<net id="1979"><net_src comp="769" pin="3"/><net_sink comp="1976" pin=0"/></net>

<net id="1980"><net_src comp="1976" pin="1"/><net_sink comp="399" pin=2"/></net>

<net id="1984"><net_src comp="777" pin="3"/><net_sink comp="1981" pin=0"/></net>

<net id="1985"><net_src comp="1981" pin="1"/><net_sink comp="399" pin=0"/></net>

<net id="1989"><net_src comp="399" pin="7"/><net_sink comp="1986" pin=0"/></net>

<net id="1990"><net_src comp="1986" pin="1"/><net_sink comp="1157" pin=48"/></net>

<net id="1994"><net_src comp="399" pin="3"/><net_sink comp="1991" pin=0"/></net>

<net id="1995"><net_src comp="1991" pin="1"/><net_sink comp="1157" pin=49"/></net>

<net id="1999"><net_src comp="785" pin="3"/><net_sink comp="1996" pin=0"/></net>

<net id="2000"><net_src comp="1996" pin="1"/><net_sink comp="792" pin=2"/></net>

<net id="2004"><net_src comp="802" pin="3"/><net_sink comp="2001" pin=0"/></net>

<net id="2005"><net_src comp="2001" pin="1"/><net_sink comp="792" pin=0"/></net>

<net id="2009"><net_src comp="792" pin="7"/><net_sink comp="2006" pin=0"/></net>

<net id="2010"><net_src comp="2006" pin="1"/><net_sink comp="1310" pin=2"/></net>

<net id="2014"><net_src comp="792" pin="3"/><net_sink comp="2011" pin=0"/></net>

<net id="2015"><net_src comp="2011" pin="1"/><net_sink comp="1310" pin=3"/></net>

<net id="2019"><net_src comp="810" pin="3"/><net_sink comp="2016" pin=0"/></net>

<net id="2020"><net_src comp="2016" pin="1"/><net_sink comp="792" pin=2"/></net>

<net id="2024"><net_src comp="818" pin="3"/><net_sink comp="2021" pin=0"/></net>

<net id="2025"><net_src comp="2021" pin="1"/><net_sink comp="792" pin=0"/></net>

<net id="2029"><net_src comp="792" pin="7"/><net_sink comp="2026" pin=0"/></net>

<net id="2030"><net_src comp="2026" pin="1"/><net_sink comp="1310" pin=4"/></net>

<net id="2034"><net_src comp="792" pin="3"/><net_sink comp="2031" pin=0"/></net>

<net id="2035"><net_src comp="2031" pin="1"/><net_sink comp="1310" pin=5"/></net>

<net id="2039"><net_src comp="826" pin="3"/><net_sink comp="2036" pin=0"/></net>

<net id="2040"><net_src comp="2036" pin="1"/><net_sink comp="792" pin=2"/></net>

<net id="2044"><net_src comp="834" pin="3"/><net_sink comp="2041" pin=0"/></net>

<net id="2045"><net_src comp="2041" pin="1"/><net_sink comp="792" pin=0"/></net>

<net id="2049"><net_src comp="792" pin="7"/><net_sink comp="2046" pin=0"/></net>

<net id="2050"><net_src comp="2046" pin="1"/><net_sink comp="1310" pin=6"/></net>

<net id="2054"><net_src comp="792" pin="3"/><net_sink comp="2051" pin=0"/></net>

<net id="2055"><net_src comp="2051" pin="1"/><net_sink comp="1310" pin=7"/></net>

<net id="2059"><net_src comp="842" pin="3"/><net_sink comp="2056" pin=0"/></net>

<net id="2060"><net_src comp="2056" pin="1"/><net_sink comp="792" pin=2"/></net>

<net id="2064"><net_src comp="850" pin="3"/><net_sink comp="2061" pin=0"/></net>

<net id="2065"><net_src comp="2061" pin="1"/><net_sink comp="792" pin=0"/></net>

<net id="2069"><net_src comp="792" pin="7"/><net_sink comp="2066" pin=0"/></net>

<net id="2070"><net_src comp="2066" pin="1"/><net_sink comp="1310" pin=8"/></net>

<net id="2074"><net_src comp="792" pin="3"/><net_sink comp="2071" pin=0"/></net>

<net id="2075"><net_src comp="2071" pin="1"/><net_sink comp="1310" pin=9"/></net>

<net id="2079"><net_src comp="858" pin="3"/><net_sink comp="2076" pin=0"/></net>

<net id="2080"><net_src comp="2076" pin="1"/><net_sink comp="792" pin=2"/></net>

<net id="2084"><net_src comp="866" pin="3"/><net_sink comp="2081" pin=0"/></net>

<net id="2085"><net_src comp="2081" pin="1"/><net_sink comp="792" pin=0"/></net>

<net id="2089"><net_src comp="792" pin="7"/><net_sink comp="2086" pin=0"/></net>

<net id="2090"><net_src comp="2086" pin="1"/><net_sink comp="1310" pin=10"/></net>

<net id="2094"><net_src comp="792" pin="3"/><net_sink comp="2091" pin=0"/></net>

<net id="2095"><net_src comp="2091" pin="1"/><net_sink comp="1310" pin=11"/></net>

<net id="2099"><net_src comp="874" pin="3"/><net_sink comp="2096" pin=0"/></net>

<net id="2100"><net_src comp="2096" pin="1"/><net_sink comp="792" pin=2"/></net>

<net id="2104"><net_src comp="882" pin="3"/><net_sink comp="2101" pin=0"/></net>

<net id="2105"><net_src comp="2101" pin="1"/><net_sink comp="792" pin=0"/></net>

<net id="2109"><net_src comp="792" pin="7"/><net_sink comp="2106" pin=0"/></net>

<net id="2110"><net_src comp="2106" pin="1"/><net_sink comp="1310" pin=12"/></net>

<net id="2114"><net_src comp="792" pin="3"/><net_sink comp="2111" pin=0"/></net>

<net id="2115"><net_src comp="2111" pin="1"/><net_sink comp="1310" pin=13"/></net>

<net id="2119"><net_src comp="890" pin="3"/><net_sink comp="2116" pin=0"/></net>

<net id="2120"><net_src comp="2116" pin="1"/><net_sink comp="792" pin=2"/></net>

<net id="2124"><net_src comp="898" pin="3"/><net_sink comp="2121" pin=0"/></net>

<net id="2125"><net_src comp="2121" pin="1"/><net_sink comp="792" pin=0"/></net>

<net id="2129"><net_src comp="792" pin="7"/><net_sink comp="2126" pin=0"/></net>

<net id="2130"><net_src comp="2126" pin="1"/><net_sink comp="1310" pin=14"/></net>

<net id="2134"><net_src comp="792" pin="3"/><net_sink comp="2131" pin=0"/></net>

<net id="2135"><net_src comp="2131" pin="1"/><net_sink comp="1310" pin=15"/></net>

<net id="2139"><net_src comp="906" pin="3"/><net_sink comp="2136" pin=0"/></net>

<net id="2140"><net_src comp="2136" pin="1"/><net_sink comp="792" pin=2"/></net>

<net id="2144"><net_src comp="914" pin="3"/><net_sink comp="2141" pin=0"/></net>

<net id="2145"><net_src comp="2141" pin="1"/><net_sink comp="792" pin=0"/></net>

<net id="2149"><net_src comp="792" pin="7"/><net_sink comp="2146" pin=0"/></net>

<net id="2150"><net_src comp="2146" pin="1"/><net_sink comp="1310" pin=16"/></net>

<net id="2154"><net_src comp="792" pin="3"/><net_sink comp="2151" pin=0"/></net>

<net id="2155"><net_src comp="2151" pin="1"/><net_sink comp="1310" pin=17"/></net>

<net id="2159"><net_src comp="922" pin="3"/><net_sink comp="2156" pin=0"/></net>

<net id="2160"><net_src comp="2156" pin="1"/><net_sink comp="792" pin=2"/></net>

<net id="2164"><net_src comp="930" pin="3"/><net_sink comp="2161" pin=0"/></net>

<net id="2165"><net_src comp="2161" pin="1"/><net_sink comp="792" pin=0"/></net>

<net id="2169"><net_src comp="792" pin="7"/><net_sink comp="2166" pin=0"/></net>

<net id="2170"><net_src comp="2166" pin="1"/><net_sink comp="1310" pin=18"/></net>

<net id="2174"><net_src comp="792" pin="3"/><net_sink comp="2171" pin=0"/></net>

<net id="2175"><net_src comp="2171" pin="1"/><net_sink comp="1310" pin=19"/></net>

<net id="2179"><net_src comp="938" pin="3"/><net_sink comp="2176" pin=0"/></net>

<net id="2180"><net_src comp="2176" pin="1"/><net_sink comp="792" pin=2"/></net>

<net id="2184"><net_src comp="946" pin="3"/><net_sink comp="2181" pin=0"/></net>

<net id="2185"><net_src comp="2181" pin="1"/><net_sink comp="792" pin=0"/></net>

<net id="2189"><net_src comp="792" pin="7"/><net_sink comp="2186" pin=0"/></net>

<net id="2190"><net_src comp="2186" pin="1"/><net_sink comp="1310" pin=20"/></net>

<net id="2194"><net_src comp="792" pin="3"/><net_sink comp="2191" pin=0"/></net>

<net id="2195"><net_src comp="2191" pin="1"/><net_sink comp="1310" pin=21"/></net>

<net id="2199"><net_src comp="954" pin="3"/><net_sink comp="2196" pin=0"/></net>

<net id="2200"><net_src comp="2196" pin="1"/><net_sink comp="792" pin=2"/></net>

<net id="2204"><net_src comp="962" pin="3"/><net_sink comp="2201" pin=0"/></net>

<net id="2205"><net_src comp="2201" pin="1"/><net_sink comp="792" pin=0"/></net>

<net id="2209"><net_src comp="792" pin="7"/><net_sink comp="2206" pin=0"/></net>

<net id="2210"><net_src comp="2206" pin="1"/><net_sink comp="1310" pin=22"/></net>

<net id="2214"><net_src comp="792" pin="3"/><net_sink comp="2211" pin=0"/></net>

<net id="2215"><net_src comp="2211" pin="1"/><net_sink comp="1310" pin=23"/></net>

<net id="2219"><net_src comp="970" pin="3"/><net_sink comp="2216" pin=0"/></net>

<net id="2220"><net_src comp="2216" pin="1"/><net_sink comp="792" pin=2"/></net>

<net id="2224"><net_src comp="978" pin="3"/><net_sink comp="2221" pin=0"/></net>

<net id="2225"><net_src comp="2221" pin="1"/><net_sink comp="792" pin=0"/></net>

<net id="2229"><net_src comp="792" pin="7"/><net_sink comp="2226" pin=0"/></net>

<net id="2230"><net_src comp="2226" pin="1"/><net_sink comp="1310" pin=24"/></net>

<net id="2234"><net_src comp="792" pin="3"/><net_sink comp="2231" pin=0"/></net>

<net id="2235"><net_src comp="2231" pin="1"/><net_sink comp="1310" pin=25"/></net>

<net id="2239"><net_src comp="986" pin="3"/><net_sink comp="2236" pin=0"/></net>

<net id="2240"><net_src comp="2236" pin="1"/><net_sink comp="993" pin=2"/></net>

<net id="2244"><net_src comp="1003" pin="3"/><net_sink comp="2241" pin=0"/></net>

<net id="2245"><net_src comp="2241" pin="1"/><net_sink comp="993" pin=0"/></net>

<net id="2249"><net_src comp="993" pin="7"/><net_sink comp="2246" pin=0"/></net>

<net id="2250"><net_src comp="2246" pin="1"/><net_sink comp="1391" pin=2"/></net>

<net id="2254"><net_src comp="993" pin="3"/><net_sink comp="2251" pin=0"/></net>

<net id="2255"><net_src comp="2251" pin="1"/><net_sink comp="1391" pin=3"/></net>

<net id="2259"><net_src comp="1011" pin="3"/><net_sink comp="2256" pin=0"/></net>

<net id="2260"><net_src comp="2256" pin="1"/><net_sink comp="993" pin=2"/></net>

<net id="2264"><net_src comp="1019" pin="3"/><net_sink comp="2261" pin=0"/></net>

<net id="2265"><net_src comp="2261" pin="1"/><net_sink comp="993" pin=0"/></net>

<net id="2269"><net_src comp="993" pin="7"/><net_sink comp="2266" pin=0"/></net>

<net id="2270"><net_src comp="2266" pin="1"/><net_sink comp="1391" pin=4"/></net>

<net id="2274"><net_src comp="993" pin="3"/><net_sink comp="2271" pin=0"/></net>

<net id="2275"><net_src comp="2271" pin="1"/><net_sink comp="1391" pin=5"/></net>

<net id="2279"><net_src comp="1027" pin="3"/><net_sink comp="2276" pin=0"/></net>

<net id="2280"><net_src comp="2276" pin="1"/><net_sink comp="993" pin=2"/></net>

<net id="2284"><net_src comp="1035" pin="3"/><net_sink comp="2281" pin=0"/></net>

<net id="2285"><net_src comp="2281" pin="1"/><net_sink comp="993" pin=0"/></net>

<net id="2289"><net_src comp="993" pin="7"/><net_sink comp="2286" pin=0"/></net>

<net id="2290"><net_src comp="2286" pin="1"/><net_sink comp="1391" pin=6"/></net>

<net id="2294"><net_src comp="993" pin="3"/><net_sink comp="2291" pin=0"/></net>

<net id="2295"><net_src comp="2291" pin="1"/><net_sink comp="1391" pin=7"/></net>

<net id="2299"><net_src comp="1043" pin="3"/><net_sink comp="2296" pin=0"/></net>

<net id="2300"><net_src comp="2296" pin="1"/><net_sink comp="993" pin=2"/></net>

<net id="2304"><net_src comp="1051" pin="3"/><net_sink comp="2301" pin=0"/></net>

<net id="2305"><net_src comp="2301" pin="1"/><net_sink comp="993" pin=0"/></net>

<net id="2309"><net_src comp="993" pin="7"/><net_sink comp="2306" pin=0"/></net>

<net id="2310"><net_src comp="2306" pin="1"/><net_sink comp="1391" pin=8"/></net>

<net id="2314"><net_src comp="993" pin="3"/><net_sink comp="2311" pin=0"/></net>

<net id="2315"><net_src comp="2311" pin="1"/><net_sink comp="1391" pin=9"/></net>

<net id="2319"><net_src comp="1059" pin="3"/><net_sink comp="2316" pin=0"/></net>

<net id="2320"><net_src comp="2316" pin="1"/><net_sink comp="993" pin=2"/></net>

<net id="2324"><net_src comp="1067" pin="3"/><net_sink comp="2321" pin=0"/></net>

<net id="2325"><net_src comp="2321" pin="1"/><net_sink comp="993" pin=0"/></net>

<net id="2329"><net_src comp="993" pin="7"/><net_sink comp="2326" pin=0"/></net>

<net id="2330"><net_src comp="2326" pin="1"/><net_sink comp="1391" pin=10"/></net>

<net id="2334"><net_src comp="993" pin="3"/><net_sink comp="2331" pin=0"/></net>

<net id="2335"><net_src comp="2331" pin="1"/><net_sink comp="1391" pin=11"/></net>

<net id="2339"><net_src comp="1075" pin="3"/><net_sink comp="2336" pin=0"/></net>

<net id="2340"><net_src comp="2336" pin="1"/><net_sink comp="993" pin=2"/></net>

<net id="2344"><net_src comp="1083" pin="3"/><net_sink comp="2341" pin=0"/></net>

<net id="2345"><net_src comp="2341" pin="1"/><net_sink comp="993" pin=0"/></net>

<net id="2349"><net_src comp="993" pin="7"/><net_sink comp="2346" pin=0"/></net>

<net id="2350"><net_src comp="2346" pin="1"/><net_sink comp="1391" pin=12"/></net>

<net id="2354"><net_src comp="993" pin="3"/><net_sink comp="2351" pin=0"/></net>

<net id="2355"><net_src comp="2351" pin="1"/><net_sink comp="1391" pin=13"/></net>

</net_list>

</model> 
---------------- Datapath Model END ------------------

* FSMD analyzer results:
  - Output states:
	Port: out_data_V_data_V | {57 58 }
	Port: out_data_V_keep_V | {57 58 }
	Port: out_data_V_strb_V | {57 58 }
	Port: out_data_V_user_V | {57 58 }
	Port: out_data_V_last_V | {57 58 }
	Port: out_data_V_id_V | {57 58 }
	Port: out_data_V_dest_V | {57 58 }
 - Input state : 
	Port: MLP : in_data_V_data_V | {3 4 }
	Port: MLP : in_data_V_keep_V | {3 4 }
	Port: MLP : in_data_V_strb_V | {3 4 }
	Port: MLP : in_data_V_user_V | {3 4 }
	Port: MLP : in_data_V_last_V | {3 4 }
	Port: MLP : in_data_V_id_V | {3 4 }
	Port: MLP : in_data_V_dest_V | {3 4 }
	Port: MLP : weights_1_0 | {31 32 }
	Port: MLP : weights_1_1 | {31 32 }
	Port: MLP : weights_1_2 | {31 32 }
	Port: MLP : weights_1_3 | {31 32 }
	Port: MLP : weights_1_4 | {31 32 }
	Port: MLP : weights_1_5 | {31 32 }
	Port: MLP : weights_1_6 | {31 32 }
	Port: MLP : weights_1_7 | {31 32 }
	Port: MLP : weights_1_8 | {31 32 }
	Port: MLP : weights_1_9 | {31 32 }
	Port: MLP : weights_1_10 | {31 32 }
	Port: MLP : weights_1_11 | {31 32 }
	Port: MLP : weights_1_12 | {31 32 }
	Port: MLP : weights_1_13 | {31 32 }
	Port: MLP : weights_1_14 | {31 32 }
	Port: MLP : weights_1_15 | {31 32 }
	Port: MLP : weights_1_16 | {31 32 }
	Port: MLP : weights_1_17 | {31 32 }
	Port: MLP : weights_1_18 | {31 32 }
	Port: MLP : weights_1_19 | {31 32 }
	Port: MLP : weights_1_20 | {31 32 }
	Port: MLP : weights_1_21 | {31 32 }
	Port: MLP : weights_1_22 | {31 32 }
	Port: MLP : weights_1_23 | {31 32 }
	Port: MLP : weights_1_24 | {31 32 }
	Port: MLP : weights_1_25 | {31 32 }
	Port: MLP : weights_1_26 | {31 32 }
	Port: MLP : weights_1_27 | {31 32 }
	Port: MLP : weights_1_28 | {31 32 }
	Port: MLP : weights_1_29 | {31 32 }
	Port: MLP : weights_1_30 | {31 32 }
	Port: MLP : weights_1_31 | {31 32 }
	Port: MLP : weights_1_32 | {31 32 }
	Port: MLP : weights_1_33 | {31 32 }
	Port: MLP : weights_1_34 | {31 32 }
	Port: MLP : weights_1_35 | {31 32 }
	Port: MLP : weights_1_36 | {31 32 }
	Port: MLP : weights_1_37 | {31 32 }
	Port: MLP : weights_1_38 | {31 32 }
	Port: MLP : weights_1_39 | {31 32 }
	Port: MLP : weights_1_40 | {31 32 }
	Port: MLP : weights_1_41 | {31 32 }
	Port: MLP : weights_1_42 | {31 32 }
	Port: MLP : weights_1_43 | {31 32 }
	Port: MLP : weights_1_44 | {31 32 }
	Port: MLP : weights_1_45 | {31 32 }
	Port: MLP : weights_1_46 | {31 32 }
	Port: MLP : weights_1_47 | {31 32 }
	Port: MLP : hidden_bias_1 | {31 32 }
	Port: MLP : weights_2_0 | {45 46 }
	Port: MLP : weights_2_1 | {45 46 }
	Port: MLP : weights_2_2 | {45 46 }
	Port: MLP : weights_2_3 | {45 46 }
	Port: MLP : weights_2_4 | {45 46 }
	Port: MLP : weights_2_5 | {45 46 }
	Port: MLP : weights_2_6 | {45 46 }
	Port: MLP : weights_2_7 | {45 46 }
	Port: MLP : weights_2_8 | {45 46 }
	Port: MLP : weights_2_9 | {45 46 }
	Port: MLP : weights_2_10 | {45 46 }
	Port: MLP : weights_2_11 | {45 46 }
	Port: MLP : weights_2_12 | {45 46 }
	Port: MLP : weights_2_13 | {45 46 }
	Port: MLP : weights_2_14 | {45 46 }
	Port: MLP : weights_2_15 | {45 46 }
	Port: MLP : weights_2_16 | {45 46 }
	Port: MLP : weights_2_17 | {45 46 }
	Port: MLP : weights_2_18 | {45 46 }
	Port: MLP : weights_2_19 | {45 46 }
	Port: MLP : weights_2_20 | {45 46 }
	Port: MLP : weights_2_21 | {45 46 }
	Port: MLP : weights_2_22 | {45 46 }
	Port: MLP : weights_2_23 | {45 46 }
	Port: MLP : hidden_bias_2 | {45 46 }
	Port: MLP : output_weights_0 | {53 54 }
	Port: MLP : output_weights_1 | {53 54 }
	Port: MLP : output_weights_2 | {53 54 }
	Port: MLP : output_weights_3 | {53 54 }
	Port: MLP : output_weights_4 | {53 54 }
	Port: MLP : output_weights_5 | {53 54 }
	Port: MLP : output_weights_6 | {53 54 }
	Port: MLP : output_weights_7 | {53 54 }
	Port: MLP : output_weights_8 | {53 54 }
	Port: MLP : output_weights_9 | {53 54 }
	Port: MLP : output_weights_10 | {53 54 }
	Port: MLP : output_weights_11 | {53 54 }
	Port: MLP : output_bias | {53 54 }
  - Chain level:
	State 1
		call_ln0 : 1
		call_ln0 : 1
		call_ln0 : 1
		call_ln0 : 1
		call_ln0 : 1
		call_ln0 : 1
	State 2
	State 3
	State 4
	State 5
	State 6
	State 7
		input_features_casted_load : 1
		input_features_casted_load_1 : 1
	State 8
		input_features_casted_load_2 : 1
		input_features_casted_load_3 : 1
	State 9
		input_features_casted_load_4 : 1
		input_features_casted_load_5 : 1
	State 10
		input_features_casted_load_6 : 1
		input_features_casted_load_7 : 1
	State 11
		input_features_casted_load_8 : 1
		input_features_casted_load_9 : 1
	State 12
		input_features_casted_load_10 : 1
		input_features_casted_load_11 : 1
	State 13
		input_features_casted_load_12 : 1
		input_features_casted_load_13 : 1
	State 14
		input_features_casted_load_14 : 1
		input_features_casted_load_15 : 1
	State 15
		input_features_casted_load_16 : 1
		input_features_casted_load_17 : 1
	State 16
		input_features_casted_load_18 : 1
		input_features_casted_load_19 : 1
	State 17
		input_features_casted_load_20 : 1
		input_features_casted_load_21 : 1
	State 18
		input_features_casted_load_22 : 1
		input_features_casted_load_23 : 1
	State 19
		input_features_casted_load_24 : 1
		input_features_casted_load_25 : 1
	State 20
		input_features_casted_load_26 : 1
		input_features_casted_load_27 : 1
	State 21
		input_features_casted_load_28 : 1
		input_features_casted_load_29 : 1
	State 22
		input_features_casted_load_30 : 1
		input_features_casted_load_31 : 1
	State 23
		input_features_casted_load_32 : 1
		input_features_casted_load_33 : 1
	State 24
		input_features_casted_load_34 : 1
		input_features_casted_load_35 : 1
	State 25
		input_features_casted_load_36 : 1
		input_features_casted_load_37 : 1
	State 26
		input_features_casted_load_38 : 1
		input_features_casted_load_39 : 1
	State 27
		input_features_casted_load_40 : 1
		input_features_casted_load_41 : 1
	State 28
		input_features_casted_load_42 : 1
		input_features_casted_load_43 : 1
	State 29
		input_features_casted_load_44 : 1
		input_features_casted_load_45 : 1
	State 30
		input_features_casted_load_46 : 1
		input_features_casted_load_47 : 1
	State 31
		call_ln80 : 1
	State 32
	State 33
		hidden_layer_1_load : 1
		hidden_layer_1_load_1 : 1
	State 34
		hidden_layer_1_load_2 : 1
		hidden_layer_1_load_3 : 1
	State 35
		hidden_layer_1_load_4 : 1
		hidden_layer_1_load_5 : 1
	State 36
		hidden_layer_1_load_6 : 1
		hidden_layer_1_load_7 : 1
	State 37
		hidden_layer_1_load_8 : 1
		hidden_layer_1_load_9 : 1
	State 38
		hidden_layer_1_load_10 : 1
		hidden_layer_1_load_11 : 1
	State 39
		hidden_layer_1_load_12 : 1
		hidden_layer_1_load_13 : 1
	State 40
		hidden_layer_1_load_14 : 1
		hidden_layer_1_load_15 : 1
	State 41
		hidden_layer_1_load_16 : 1
		hidden_layer_1_load_17 : 1
	State 42
		hidden_layer_1_load_18 : 1
		hidden_layer_1_load_19 : 1
	State 43
		hidden_layer_1_load_20 : 1
		hidden_layer_1_load_21 : 1
	State 44
		hidden_layer_1_load_22 : 1
		hidden_layer_1_load_23 : 1
	State 45
		call_ln97 : 1
	State 46
	State 47
		hidden_layer_2_load : 1
		hidden_layer_2_load_1 : 1
	State 48
		hidden_layer_2_load_2 : 1
		hidden_layer_2_load_3 : 1
	State 49
		hidden_layer_2_load_4 : 1
		hidden_layer_2_load_5 : 1
	State 50
		hidden_layer_2_load_6 : 1
		hidden_layer_2_load_7 : 1
	State 51
		hidden_layer_2_load_8 : 1
		hidden_layer_2_load_9 : 1
	State 52
		hidden_layer_2_load_10 : 1
		hidden_layer_2_load_11 : 1
	State 53
		call_ln114 : 1
	State 54
	State 55
	State 56
	State 57
		call_ln0 : 1
	State 58
	State 59


============================================================
+ Verbose Summary: Datapath Resource usage 
============================================================

* Functional unit list:
|----------|--------------------------------------------|---------|---------|---------|---------|
| Operation|               Functional Unit              |   DSP   |  Delay  |    FF   |   LUT   |
|----------|--------------------------------------------|---------|---------|---------|---------|
|          |         grp_MLP_Pipeline_1_fu_1091         |    0    |    0    |    6    |    23   |
|          |         grp_MLP_Pipeline_2_fu_1097         |    0    |    0    |    6    |    23   |
|          |         grp_MLP_Pipeline_3_fu_1103         |    0    |    0    |    5    |    21   |
|          |         grp_MLP_Pipeline_4_fu_1109         |    0    |    0    |    4    |    21   |
|          |         grp_MLP_Pipeline_5_fu_1115         |    0    |    0    |    3    |    18   |
|          |         grp_MLP_Pipeline_6_fu_1121         |    0    |    0    |    3    |    18   |
|   call   |  grp_MLP_Pipeline_VITIS_LOOP_58_1_fu_1127  |    0    |    0    |    64   |    71   |
|          |  grp_MLP_Pipeline_VITIS_LOOP_69_2_fu_1151  |    0    |  0.854  |   237   |    41   |
|          |  grp_MLP_Pipeline_VITIS_LOOP_77_3_fu_1157  |   242   |  21.35  |  23790  |  17500  |
|          |  grp_MLP_Pipeline_VITIS_LOOP_94_5_fu_1310  |   122   |  11.102 |  12052  |   8908  |
|          |  grp_MLP_Pipeline_VITIS_LOOP_111_7_fu_1391 |    62   |  5.978  |   6162  |   4546  |
|          |  grp_MLP_Pipeline_VITIS_LOOP_123_9_fu_1436 |    3    |  0.427  |   263   |   496   |
|          | grp_MLP_Pipeline_VITIS_LOOP_128_10_fu_1442 |    0    |  0.427  |    28   |    35   |
|----------|--------------------------------------------|---------|---------|---------|---------|
|          |                 grp_fu_2371                |    2    |    0    |   227   |   214   |
|          |                 grp_fu_2375                |    2    |    0    |   227   |   214   |
|          |                 grp_fu_2379                |    2    |    0    |   227   |   214   |
|          |                 grp_fu_2383                |    2    |    0    |   227   |   214   |
|          |                 grp_fu_2387                |    2    |    0    |   227   |   214   |
|          |                 grp_fu_2391                |    2    |    0    |   227   |   214   |
|          |                 grp_fu_2395                |    2    |    0    |   227   |   214   |
|          |                 grp_fu_2399                |    2    |    0    |   227   |   214   |
|          |                 grp_fu_2403                |    2    |    0    |   227   |   214   |
|          |                 grp_fu_2407                |    2    |    0    |   227   |   214   |
|          |                 grp_fu_2411                |    2    |    0    |   227   |   214   |
|          |                 grp_fu_2415                |    2    |    0    |   227   |   214   |
|   fadd   |                 grp_fu_2419                |    2    |    0    |   227   |   214   |
|          |                 grp_fu_2423                |    2    |    0    |   227   |   214   |
|          |                 grp_fu_2427                |    2    |    0    |   227   |   214   |
|          |                 grp_fu_2431                |    2    |    0    |   227   |   214   |
|          |                 grp_fu_2435                |    2    |    0    |   227   |   214   |
|          |                 grp_fu_2439                |    2    |    0    |   227   |   214   |
|          |                 grp_fu_2443                |    2    |    0    |   227   |   214   |
|          |                 grp_fu_2447                |    2    |    0    |   227   |   214   |
|          |                 grp_fu_2451                |    2    |    0    |   227   |   214   |
|          |                 grp_fu_2455                |    2    |    0    |   227   |   214   |
|          |                 grp_fu_2459                |    2    |    0    |   227   |   214   |
|          |                 grp_fu_2463                |    2    |    0    |   227   |   214   |
|          |                 grp_fu_2467                |    2    |    0    |   227   |   214   |
|----------|--------------------------------------------|---------|---------|---------|---------|
|          |                 grp_fu_2471                |    3    |    0    |   128   |   135   |
|          |                 grp_fu_2475                |    3    |    0    |   128   |   135   |
|          |                 grp_fu_2479                |    3    |    0    |   128   |   135   |
|          |                 grp_fu_2483                |    3    |    0    |   128   |   135   |
|          |                 grp_fu_2487                |    3    |    0    |   128   |   135   |
|          |                 grp_fu_2491                |    3    |    0    |   128   |   135   |
|          |                 grp_fu_2495                |    3    |    0    |   128   |   135   |
|          |                 grp_fu_2499                |    3    |    0    |   128   |   135   |
|          |                 grp_fu_2503                |    3    |    0    |   128   |   135   |
|          |                 grp_fu_2507                |    3    |    0    |   128   |   135   |
|          |                 grp_fu_2511                |    3    |    0    |   128   |   135   |
|   fmul   |                 grp_fu_2515                |    3    |    0    |   128   |   135   |
|          |                 grp_fu_2519                |    3    |    0    |   128   |   135   |
|          |                 grp_fu_2523                |    3    |    0    |   128   |   135   |
|          |                 grp_fu_2527                |    3    |    0    |   128   |   135   |
|          |                 grp_fu_2531                |    3    |    0    |   128   |   135   |
|          |                 grp_fu_2535                |    3    |    0    |   128   |   135   |
|          |                 grp_fu_2539                |    3    |    0    |   128   |   135   |
|          |                 grp_fu_2543                |    3    |    0    |   128   |   135   |
|          |                 grp_fu_2547                |    3    |    0    |   128   |   135   |
|          |                 grp_fu_2551                |    3    |    0    |   128   |   135   |
|          |                 grp_fu_2555                |    3    |    0    |   128   |   135   |
|          |                 grp_fu_2559                |    3    |    0    |   128   |   135   |
|          |                 grp_fu_2563                |    3    |    0    |   128   |   135   |
|----------|--------------------------------------------|---------|---------|---------|---------|
|   fcmp   |                 grp_fu_2567                |    0    |    0    |    0    |    0    |
|----------|--------------------------------------------|---------|---------|---------|---------|
|   Total  |                                            |   551   |  40.138 |  51370  |  40311  |
|----------|--------------------------------------------|---------|---------|---------|---------|

Memories:
+---------------------+--------+--------+--------+--------+
|                     |  BRAM  |   FF   |   LUT  |  URAM  |
+---------------------+--------+--------+--------+--------+
|    hidden_bias_1    |    0   |   32   |   12   |    -   |
|    hidden_bias_2    |    0   |   32   |    6   |    -   |
|    hidden_layer_1   |    0   |   64   |   12   |    0   |
|    hidden_layer_2   |    0   |   64   |    6   |    0   |
|    input_features   |    1   |    0   |    0   |    0   |
|input_features_casted|    2   |    0   |    0   |    0   |
|     output_bias     |    0   |   32   |    3   |    -   |
|     output_layer    |    0   |   32   |    3   |    0   |
| output_layer_casted |    0   |   32   |    3   |    0   |
|   output_weights_0  |    0   |   32   |    3   |    -   |
|   output_weights_1  |    0   |   32   |    3   |    -   |
|  output_weights_10  |    0   |   32   |    3   |    -   |
|  output_weights_11  |    0   |   32   |    3   |    -   |
|   output_weights_2  |    0   |   32   |    3   |    -   |
|   output_weights_3  |    0   |   32   |    3   |    -   |
|   output_weights_4  |    0   |   32   |    3   |    -   |
|   output_weights_5  |    0   |   32   |    3   |    -   |
|   output_weights_6  |    0   |   32   |    3   |    -   |
|   output_weights_7  |    0   |   32   |    3   |    -   |
|   output_weights_8  |    0   |   32   |    3   |    -   |
|   output_weights_9  |    0   |   32   |    3   |    -   |
|     weights_1_0     |    0   |   32   |   12   |    -   |
|     weights_1_1     |    0   |   32   |   12   |    -   |
|     weights_1_10    |    0   |   32   |   12   |    -   |
|     weights_1_11    |    0   |   32   |   12   |    -   |
|     weights_1_12    |    0   |   32   |   12   |    -   |
|     weights_1_13    |    0   |   32   |   12   |    -   |
|     weights_1_14    |    0   |   32   |   12   |    -   |
|     weights_1_15    |    0   |   32   |   12   |    -   |
|     weights_1_16    |    0   |   32   |   12   |    -   |
|     weights_1_17    |    0   |   32   |   12   |    -   |
|     weights_1_18    |    0   |   32   |   12   |    -   |
|     weights_1_19    |    0   |   32   |   12   |    -   |
|     weights_1_2     |    0   |   32   |   12   |    -   |
|     weights_1_20    |    0   |   32   |   12   |    -   |
|     weights_1_21    |    0   |   32   |   12   |    -   |
|     weights_1_22    |    0   |   32   |   12   |    -   |
|     weights_1_23    |    0   |   32   |   12   |    -   |
|     weights_1_24    |    0   |   32   |   12   |    -   |
|     weights_1_25    |    0   |   32   |   12   |    -   |
|     weights_1_26    |    0   |   32   |   12   |    -   |
|     weights_1_27    |    0   |   32   |   12   |    -   |
|     weights_1_28    |    0   |   32   |   12   |    -   |
|     weights_1_29    |    0   |   32   |   12   |    -   |
|     weights_1_3     |    0   |   32   |   12   |    -   |
|     weights_1_30    |    0   |   32   |   12   |    -   |
|     weights_1_31    |    0   |   32   |   12   |    -   |
|     weights_1_32    |    0   |   32   |   12   |    -   |
|     weights_1_33    |    0   |   32   |   12   |    -   |
|     weights_1_34    |    0   |   32   |   12   |    -   |
|     weights_1_35    |    0   |   32   |   12   |    -   |
|     weights_1_36    |    0   |   32   |   12   |    -   |
|     weights_1_37    |    0   |   32   |   12   |    -   |
|     weights_1_38    |    0   |   32   |   12   |    -   |
|     weights_1_39    |    0   |   32   |   12   |    -   |
|     weights_1_4     |    0   |   32   |   12   |    -   |
|     weights_1_40    |    0   |   32   |   12   |    -   |
|     weights_1_41    |    0   |   32   |   12   |    -   |
|     weights_1_42    |    0   |   32   |   12   |    -   |
|     weights_1_43    |    0   |   32   |   12   |    -   |
|     weights_1_44    |    0   |   32   |   12   |    -   |
|     weights_1_45    |    0   |   32   |   12   |    -   |
|     weights_1_46    |    0   |   32   |   12   |    -   |
|     weights_1_47    |    0   |   32   |   12   |    -   |
|     weights_1_5     |    0   |   32   |   12   |    -   |
|     weights_1_6     |    0   |   32   |   12   |    -   |
|     weights_1_7     |    0   |   32   |   12   |    -   |
|     weights_1_8     |    0   |   32   |   12   |    -   |
|     weights_1_9     |    0   |   32   |   12   |    -   |
|     weights_2_0     |    0   |   32   |    6   |    -   |
|     weights_2_1     |    0   |   32   |    6   |    -   |
|     weights_2_10    |    0   |   32   |    6   |    -   |
|     weights_2_11    |    0   |   32   |    6   |    -   |
|     weights_2_12    |    0   |   32   |    6   |    -   |
|     weights_2_13    |    0   |   32   |    6   |    -   |
|     weights_2_14    |    0   |   32   |    6   |    -   |
|     weights_2_15    |    0   |   32   |    6   |    -   |
|     weights_2_16    |    0   |   32   |    6   |    -   |
|     weights_2_17    |    0   |   32   |    6   |    -   |
|     weights_2_18    |    0   |   32   |    6   |    -   |
|     weights_2_19    |    0   |   32   |    6   |    -   |
|     weights_2_2     |    0   |   32   |    6   |    -   |
|     weights_2_20    |    0   |   32   |    6   |    -   |
|     weights_2_21    |    0   |   32   |    6   |    -   |
|     weights_2_22    |    0   |   32   |    6   |    -   |
|     weights_2_23    |    0   |   32   |    6   |    -   |
|     weights_2_3     |    0   |   32   |    6   |    -   |
|     weights_2_4     |    0   |   32   |    6   |    -   |
|     weights_2_5     |    0   |   32   |    6   |    -   |
|     weights_2_6     |    0   |   32   |    6   |    -   |
|     weights_2_7     |    0   |   32   |    6   |    -   |
|     weights_2_8     |    0   |   32   |    6   |    -   |
|     weights_2_9     |    0   |   32   |    6   |    -   |
+---------------------+--------+--------+--------+--------+
|        Total        |    3   |  2976  |   801  |    0   |
+---------------------+--------+--------+--------+--------+

* Register list:
+--------------------------------------+--------+
|                                      |   FF   |
+--------------------------------------+--------+
|    hidden_layer_1_addr_10_reg_2096   |    5   |
|    hidden_layer_1_addr_11_reg_2101   |    5   |
|    hidden_layer_1_addr_12_reg_2116   |    5   |
|    hidden_layer_1_addr_13_reg_2121   |    5   |
|    hidden_layer_1_addr_14_reg_2136   |    5   |
|    hidden_layer_1_addr_15_reg_2141   |    5   |
|    hidden_layer_1_addr_16_reg_2156   |    5   |
|    hidden_layer_1_addr_17_reg_2161   |    5   |
|    hidden_layer_1_addr_18_reg_2176   |    5   |
|    hidden_layer_1_addr_19_reg_2181   |    5   |
|    hidden_layer_1_addr_1_reg_2001    |    5   |
|    hidden_layer_1_addr_20_reg_2196   |    5   |
|    hidden_layer_1_addr_21_reg_2201   |    5   |
|    hidden_layer_1_addr_22_reg_2216   |    5   |
|    hidden_layer_1_addr_23_reg_2221   |    5   |
|    hidden_layer_1_addr_2_reg_2016    |    5   |
|    hidden_layer_1_addr_3_reg_2021    |    5   |
|    hidden_layer_1_addr_4_reg_2036    |    5   |
|    hidden_layer_1_addr_5_reg_2041    |    5   |
|    hidden_layer_1_addr_6_reg_2056    |    5   |
|    hidden_layer_1_addr_7_reg_2061    |    5   |
|    hidden_layer_1_addr_8_reg_2076    |    5   |
|    hidden_layer_1_addr_9_reg_2081    |    5   |
|     hidden_layer_1_addr_reg_1996     |    5   |
|    hidden_layer_1_load_10_reg_2106   |   32   |
|    hidden_layer_1_load_11_reg_2111   |   32   |
|    hidden_layer_1_load_12_reg_2126   |   32   |
|    hidden_layer_1_load_13_reg_2131   |   32   |
|    hidden_layer_1_load_14_reg_2146   |   32   |
|    hidden_layer_1_load_15_reg_2151   |   32   |
|    hidden_layer_1_load_16_reg_2166   |   32   |
|    hidden_layer_1_load_17_reg_2171   |   32   |
|    hidden_layer_1_load_18_reg_2186   |   32   |
|    hidden_layer_1_load_19_reg_2191   |   32   |
|    hidden_layer_1_load_1_reg_2011    |   32   |
|    hidden_layer_1_load_20_reg_2206   |   32   |
|    hidden_layer_1_load_21_reg_2211   |   32   |
|    hidden_layer_1_load_22_reg_2226   |   32   |
|    hidden_layer_1_load_23_reg_2231   |   32   |
|    hidden_layer_1_load_2_reg_2026    |   32   |
|    hidden_layer_1_load_3_reg_2031    |   32   |
|    hidden_layer_1_load_4_reg_2046    |   32   |
|    hidden_layer_1_load_5_reg_2051    |   32   |
|    hidden_layer_1_load_6_reg_2066    |   32   |
|    hidden_layer_1_load_7_reg_2071    |   32   |
|    hidden_layer_1_load_8_reg_2086    |   32   |
|    hidden_layer_1_load_9_reg_2091    |   32   |
|     hidden_layer_1_load_reg_2006     |   32   |
|    hidden_layer_2_addr_10_reg_2336   |    4   |
|    hidden_layer_2_addr_11_reg_2341   |    4   |
|    hidden_layer_2_addr_1_reg_2241    |    4   |
|    hidden_layer_2_addr_2_reg_2256    |    4   |
|    hidden_layer_2_addr_3_reg_2261    |    4   |
|    hidden_layer_2_addr_4_reg_2276    |    4   |
|    hidden_layer_2_addr_5_reg_2281    |    4   |
|    hidden_layer_2_addr_6_reg_2296    |    4   |
|    hidden_layer_2_addr_7_reg_2301    |    4   |
|    hidden_layer_2_addr_8_reg_2316    |    4   |
|    hidden_layer_2_addr_9_reg_2321    |    4   |
|     hidden_layer_2_addr_reg_2236     |    4   |
|    hidden_layer_2_load_10_reg_2346   |   32   |
|    hidden_layer_2_load_11_reg_2351   |   32   |
|    hidden_layer_2_load_1_reg_2251    |   32   |
|    hidden_layer_2_load_2_reg_2266    |   32   |
|    hidden_layer_2_load_3_reg_2271    |   32   |
|    hidden_layer_2_load_4_reg_2286    |   32   |
|    hidden_layer_2_load_5_reg_2291    |   32   |
|    hidden_layer_2_load_6_reg_2306    |   32   |
|    hidden_layer_2_load_7_reg_2311    |   32   |
|    hidden_layer_2_load_8_reg_2326    |   32   |
|    hidden_layer_2_load_9_reg_2331    |   32   |
|     hidden_layer_2_load_reg_2246     |   32   |
|input_features_casted_addr_10_reg_1616|    6   |
|input_features_casted_addr_11_reg_1621|    6   |
|input_features_casted_addr_12_reg_1636|    6   |
|input_features_casted_addr_13_reg_1641|    6   |
|input_features_casted_addr_14_reg_1656|    6   |
|input_features_casted_addr_15_reg_1661|    6   |
|input_features_casted_addr_16_reg_1676|    6   |
|input_features_casted_addr_17_reg_1681|    6   |
|input_features_casted_addr_18_reg_1696|    6   |
|input_features_casted_addr_19_reg_1701|    6   |
| input_features_casted_addr_1_reg_1521|    6   |
|input_features_casted_addr_20_reg_1716|    6   |
|input_features_casted_addr_21_reg_1721|    6   |
|input_features_casted_addr_22_reg_1736|    6   |
|input_features_casted_addr_23_reg_1741|    6   |
|input_features_casted_addr_24_reg_1756|    6   |
|input_features_casted_addr_25_reg_1761|    6   |
|input_features_casted_addr_26_reg_1776|    6   |
|input_features_casted_addr_27_reg_1781|    6   |
|input_features_casted_addr_28_reg_1796|    6   |
|input_features_casted_addr_29_reg_1801|    6   |
| input_features_casted_addr_2_reg_1536|    6   |
|input_features_casted_addr_30_reg_1816|    6   |
|input_features_casted_addr_31_reg_1821|    6   |
|input_features_casted_addr_32_reg_1836|    6   |
|input_features_casted_addr_33_reg_1841|    6   |
|input_features_casted_addr_34_reg_1856|    6   |
|input_features_casted_addr_35_reg_1861|    6   |
|input_features_casted_addr_36_reg_1876|    6   |
|input_features_casted_addr_37_reg_1881|    6   |
|input_features_casted_addr_38_reg_1896|    6   |
|input_features_casted_addr_39_reg_1901|    6   |
| input_features_casted_addr_3_reg_1541|    6   |
|input_features_casted_addr_40_reg_1916|    6   |
|input_features_casted_addr_41_reg_1921|    6   |
|input_features_casted_addr_42_reg_1936|    6   |
|input_features_casted_addr_43_reg_1941|    6   |
|input_features_casted_addr_44_reg_1956|    6   |
|input_features_casted_addr_45_reg_1961|    6   |
|input_features_casted_addr_46_reg_1976|    6   |
|input_features_casted_addr_47_reg_1981|    6   |
| input_features_casted_addr_4_reg_1556|    6   |
| input_features_casted_addr_5_reg_1561|    6   |
| input_features_casted_addr_6_reg_1576|    6   |
| input_features_casted_addr_7_reg_1581|    6   |
| input_features_casted_addr_8_reg_1596|    6   |
| input_features_casted_addr_9_reg_1601|    6   |
|  input_features_casted_addr_reg_1516 |    6   |
|input_features_casted_load_10_reg_1626|   32   |
|input_features_casted_load_11_reg_1631|   32   |
|input_features_casted_load_12_reg_1646|   32   |
|input_features_casted_load_13_reg_1651|   32   |
|input_features_casted_load_14_reg_1666|   32   |
|input_features_casted_load_15_reg_1671|   32   |
|input_features_casted_load_16_reg_1686|   32   |
|input_features_casted_load_17_reg_1691|   32   |
|input_features_casted_load_18_reg_1706|   32   |
|input_features_casted_load_19_reg_1711|   32   |
| input_features_casted_load_1_reg_1531|   32   |
|input_features_casted_load_20_reg_1726|   32   |
|input_features_casted_load_21_reg_1731|   32   |
|input_features_casted_load_22_reg_1746|   32   |
|input_features_casted_load_23_reg_1751|   32   |
|input_features_casted_load_24_reg_1766|   32   |
|input_features_casted_load_25_reg_1771|   32   |
|input_features_casted_load_26_reg_1786|   32   |
|input_features_casted_load_27_reg_1791|   32   |
|input_features_casted_load_28_reg_1806|   32   |
|input_features_casted_load_29_reg_1811|   32   |
| input_features_casted_load_2_reg_1546|   32   |
|input_features_casted_load_30_reg_1826|   32   |
|input_features_casted_load_31_reg_1831|   32   |
|input_features_casted_load_32_reg_1846|   32   |
|input_features_casted_load_33_reg_1851|   32   |
|input_features_casted_load_34_reg_1866|   32   |
|input_features_casted_load_35_reg_1871|   32   |
|input_features_casted_load_36_reg_1886|   32   |
|input_features_casted_load_37_reg_1891|   32   |
|input_features_casted_load_38_reg_1906|   32   |
|input_features_casted_load_39_reg_1911|   32   |
| input_features_casted_load_3_reg_1551|   32   |
|input_features_casted_load_40_reg_1926|   32   |
|input_features_casted_load_41_reg_1931|   32   |
|input_features_casted_load_42_reg_1946|   32   |
|input_features_casted_load_43_reg_1951|   32   |
|input_features_casted_load_44_reg_1966|   32   |
|input_features_casted_load_45_reg_1971|   32   |
|input_features_casted_load_46_reg_1986|   32   |
|input_features_casted_load_47_reg_1991|   32   |
| input_features_casted_load_4_reg_1566|   32   |
| input_features_casted_load_5_reg_1571|   32   |
| input_features_casted_load_6_reg_1586|   32   |
| input_features_casted_load_7_reg_1591|   32   |
| input_features_casted_load_8_reg_1606|   32   |
| input_features_casted_load_9_reg_1611|   32   |
|  input_features_casted_load_reg_1526 |   32   |
|        tmp_dest_V_loc_reg_1486       |    6   |
|         tmp_id_V_loc_reg_1492        |    5   |
|        tmp_keep_V_loc_reg_1510       |    4   |
|        tmp_strb_V_loc_reg_1504       |    4   |
|        tmp_user_V_loc_reg_1498       |    2   |
+--------------------------------------+--------+
|                 Total                |  3165  |
+--------------------------------------+--------+

* Multiplexer (MUX) list: 
|-------------------------------------------|------|------|------|--------||---------||---------|
|                    Comp                   |  Pin | Size |  BW  | S x BW ||  Delay  ||   LUT   |
|-------------------------------------------|------|------|------|--------||---------||---------|
|             grp_access_fu_399             |  p0  |  48  |   6  |   288  ||   219   |
|             grp_access_fu_399             |  p2  |  48  |   0  |    0   ||   219   |
|             grp_access_fu_792             |  p0  |  24  |   5  |   120  ||   121   |
|             grp_access_fu_792             |  p2  |  24  |   0  |    0   ||   121   |
|             grp_access_fu_993             |  p0  |  12  |   4  |   48   ||    65   |
|             grp_access_fu_993             |  p2  |  12  |   0  |    0   ||    65   |
|  grp_MLP_Pipeline_VITIS_LOOP_77_3_fu_1157 |  p48 |   2  |  32  |   64   ||    9    |
|  grp_MLP_Pipeline_VITIS_LOOP_77_3_fu_1157 |  p49 |   2  |  32  |   64   ||    9    |
|  grp_MLP_Pipeline_VITIS_LOOP_94_5_fu_1310 |  p24 |   2  |  32  |   64   ||    9    |
|  grp_MLP_Pipeline_VITIS_LOOP_94_5_fu_1310 |  p25 |   2  |  32  |   64   ||    9    |
| grp_MLP_Pipeline_VITIS_LOOP_111_7_fu_1391 |  p12 |   2  |  32  |   64   ||    9    |
| grp_MLP_Pipeline_VITIS_LOOP_111_7_fu_1391 |  p13 |   2  |  32  |   64   ||    9    |
|-------------------------------------------|------|------|------|--------||---------||---------|
|                   Total                   |      |      |      |   840  || 7.77879 ||   864   |
|-------------------------------------------|------|------|------|--------||---------||---------|



* Summary:
+-----------+--------+--------+--------+--------+--------+--------+
|           |  BRAM  |   DSP  |  Delay |   FF   |   LUT  |  URAM  |
+-----------+--------+--------+--------+--------+--------+--------+
|  Function |    -   |   551  |   40   |  51370 |  40311 |    -   |
|   Memory  |    3   |    -   |    -   |  2976  |   801  |    0   |
|Multiplexer|    -   |    -   |    7   |    -   |   864  |    -   |
|  Register |    -   |    -   |    -   |  3165  |    -   |    -   |
+-----------+--------+--------+--------+--------+--------+--------+
|   Total   |    3   |   551  |   47   |  57511 |  41976 |    0   |
+-----------+--------+--------+--------+--------+--------+--------+
