

================================================================
== Vitis HLS Report for 'MLP'
================================================================
* Date:           Wed Feb 14 00:25:25 2024

* Version:        2022.1 (Build 3526262 on Mon Apr 18 15:48:16 MDT 2022)
* Project:        testHLS2
* Solution:       solution1 (Vivado IP Flow Target)
* Product family: zynquplus
* Target device:  xczu3eg-sbva484-2-i


================================================================
== Performance Estimates
================================================================
+ Timing: 
    * Summary: 
    +--------+----------+----------+------------+
    |  Clock |  Target  | Estimated| Uncertainty|
    +--------+----------+----------+------------+
    |ap_clk  |  10.00 ns|  7.114 ns|     2.70 ns|
    +--------+----------+----------+------------+

+ Latency: 
    * Summary: 
    +---------+---------+----------+----------+-----+-----+---------+
    |  Latency (cycles) |  Latency (absolute) |  Interval | Pipeline|
    |   min   |   max   |    min   |    max   | min | max |   Type  |
    +---------+---------+----------+----------+-----+-----+---------+
    |        ?|        ?|         ?|         ?|    ?|    ?|       no|
    +---------+---------+----------+----------+-----+-----+---------+

    + Detail: 
        * Instance: 
        N/A

        * Loop: 
        N/A

============================================================
+ Verbose Summary: Synthesis Manager
============================================================
InlineROM: 1
ExposeGlobal: 0
============================================================
+ Verbose Summary: CDFG Model
============================================================
IsTopModel: 1
ResetActiveHigh: 1
IsCombinational: 0
IsDatapathOnly: 0
HasWiredReturn: 1
HasMFsm: 0
HasVarLatency: 1
IsPipeline: 0
IsRtlPipelined: 0
IsInstanceOverlapped: 0
IsDontTouch: 0
HasImplIP: 0
IsGatedGlobalClock: 0


============================================================
+ Verbose Summary: Schedule
============================================================
* Number of FSM states : 59
* Pipeline : 0
* Dataflow Pipeline: 0

* FSM state transitions: 
1 --> 2 
2 --> 3 
3 --> 4 
4 --> 5 
5 --> 6 
6 --> 7 
7 --> 8 
8 --> 9 
9 --> 10 
10 --> 11 
11 --> 12 
12 --> 13 
13 --> 14 
14 --> 15 
15 --> 16 
16 --> 17 
17 --> 18 
18 --> 19 
19 --> 20 
20 --> 21 
21 --> 22 
22 --> 23 
23 --> 24 
24 --> 25 
25 --> 26 
26 --> 27 
27 --> 28 
28 --> 29 
29 --> 30 
30 --> 31 
31 --> 32 
32 --> 33 
33 --> 34 
34 --> 35 
35 --> 36 
36 --> 37 
37 --> 38 
38 --> 39 
39 --> 40 
40 --> 41 
41 --> 42 
42 --> 43 
43 --> 44 
44 --> 45 
45 --> 46 
46 --> 47 
47 --> 48 
48 --> 49 
49 --> 50 
50 --> 51 
51 --> 52 
52 --> 53 
53 --> 54 
54 --> 55 
55 --> 56 
56 --> 57 
57 --> 58 
58 --> 59 
59 --> 

* FSM state operations: 

State 1 <SV = 0> <Delay = 0.00>
ST_1 : Operation 60 [1/1] (0.00ns)   --->   "%tmp_dest_V_loc = alloca i64 1"   --->   Operation 60 'alloca' 'tmp_dest_V_loc' <Predicate = true> <Delay = 0.00>
ST_1 : Operation 61 [1/1] (0.00ns)   --->   "%tmp_id_V_loc = alloca i64 1"   --->   Operation 61 'alloca' 'tmp_id_V_loc' <Predicate = true> <Delay = 0.00>
ST_1 : Operation 62 [1/1] (0.00ns)   --->   "%tmp_user_V_loc = alloca i64 1"   --->   Operation 62 'alloca' 'tmp_user_V_loc' <Predicate = true> <Delay = 0.00>
ST_1 : Operation 63 [1/1] (0.00ns)   --->   "%tmp_strb_V_loc = alloca i64 1"   --->   Operation 63 'alloca' 'tmp_strb_V_loc' <Predicate = true> <Delay = 0.00>
ST_1 : Operation 64 [1/1] (0.00ns)   --->   "%tmp_keep_V_loc = alloca i64 1"   --->   Operation 64 'alloca' 'tmp_keep_V_loc' <Predicate = true> <Delay = 0.00>
ST_1 : Operation 65 [1/1] (0.00ns)   --->   "%input_features = alloca i64 1" [../../../../HWSWAI/HLS/SampleDatasetMLP.cpp:48]   --->   Operation 65 'alloca' 'input_features' <Predicate = true> <Delay = 0.00>
ST_1 : Operation 66 [1/1] (0.00ns)   --->   "%input_features_casted = alloca i64 1" [../../../../HWSWAI/HLS/SampleDatasetMLP.cpp:49]   --->   Operation 66 'alloca' 'input_features_casted' <Predicate = true> <Delay = 0.00> <CoreInst = "RAM">   --->   Core 83 'RAM' <Latency = 1> <II = 1> <Delay = 1.23> <Storage> <Opcode : 'load' 'store'> <Ports = 2> <Width = 32> <Depth = 48> <RAM>
ST_1 : Operation 67 [1/1] (0.00ns)   --->   "%hidden_layer_1 = alloca i64 1" [../../../../HWSWAI/HLS/SampleDatasetMLP.cpp:50]   --->   Operation 67 'alloca' 'hidden_layer_1' <Predicate = true> <Delay = 0.00> <CoreInst = "RAM">   --->   Core 83 'RAM' <Latency = 1> <II = 1> <Delay = 0.67> <Storage> <Opcode : 'load' 'store'> <Ports = 2> <Width = 32> <Depth = 24> <RAM>
ST_1 : Operation 68 [1/1] (0.00ns)   --->   "%hidden_layer_2 = alloca i64 1" [../../../../HWSWAI/HLS/SampleDatasetMLP.cpp:51]   --->   Operation 68 'alloca' 'hidden_layer_2' <Predicate = true> <Delay = 0.00> <CoreInst = "RAM">   --->   Core 83 'RAM' <Latency = 1> <II = 1> <Delay = 0.67> <Storage> <Opcode : 'load' 'store'> <Ports = 2> <Width = 32> <Depth = 12> <RAM>
ST_1 : Operation 69 [1/1] (0.00ns)   --->   "%output_layer = alloca i64 1" [../../../../HWSWAI/HLS/SampleDatasetMLP.cpp:52]   --->   Operation 69 'alloca' 'output_layer' <Predicate = true> <Delay = 0.00>
ST_1 : Operation 70 [1/1] (0.00ns)   --->   "%output_layer_casted = alloca i64 1" [../../../../HWSWAI/HLS/SampleDatasetMLP.cpp:53]   --->   Operation 70 'alloca' 'output_layer_casted' <Predicate = true> <Delay = 0.00>
ST_1 : Operation 71 [2/2] (0.00ns)   --->   "%call_ln0 = call void @MLP_Pipeline_1, i32 %input_features"   --->   Operation 71 'call' 'call_ln0' <Predicate = true> <Delay = 0.00> <CoreType = "Generic">   --->   Core 0 '' <Latency = 0> <II = 1> <Delay = 1.00> <Generic> <Opcode : >
ST_1 : Operation 72 [2/2] (0.00ns)   --->   "%call_ln0 = call void @MLP_Pipeline_2, i32 %input_features_casted"   --->   Operation 72 'call' 'call_ln0' <Predicate = true> <Delay = 0.00> <CoreType = "Generic">   --->   Core 0 '' <Latency = 0> <II = 1> <Delay = 1.00> <Generic> <Opcode : >
ST_1 : Operation 73 [2/2] (0.00ns)   --->   "%call_ln0 = call void @MLP_Pipeline_3, i32 %hidden_layer_1"   --->   Operation 73 'call' 'call_ln0' <Predicate = true> <Delay = 0.00> <CoreType = "Generic">   --->   Core 0 '' <Latency = 0> <II = 1> <Delay = 1.00> <Generic> <Opcode : >
ST_1 : Operation 74 [2/2] (0.00ns)   --->   "%call_ln0 = call void @MLP_Pipeline_4, i32 %hidden_layer_2"   --->   Operation 74 'call' 'call_ln0' <Predicate = true> <Delay = 0.00> <CoreType = "Generic">   --->   Core 0 '' <Latency = 0> <II = 1> <Delay = 1.00> <Generic> <Opcode : >
ST_1 : Operation 75 [2/2] (0.00ns)   --->   "%call_ln0 = call void @MLP_Pipeline_5, i32 %output_layer"   --->   Operation 75 'call' 'call_ln0' <Predicate = true> <Delay = 0.00> <CoreType = "Generic">   --->   Core 0 '' <Latency = 0> <II = 1> <Delay = 1.00> <Generic> <Opcode : >
ST_1 : Operation 76 [2/2] (0.00ns)   --->   "%call_ln0 = call void @MLP_Pipeline_6, i32 %output_layer_casted"   --->   Operation 76 'call' 'call_ln0' <Predicate = true> <Delay = 0.00> <CoreType = "Generic">   --->   Core 0 '' <Latency = 0> <II = 1> <Delay = 1.00> <Generic> <Opcode : >

State 2 <SV = 1> <Delay = 0.00>
ST_2 : Operation 77 [1/2] (0.00ns)   --->   "%call_ln0 = call void @MLP_Pipeline_1, i32 %input_features"   --->   Operation 77 'call' 'call_ln0' <Predicate = true> <Delay = 0.00> <CoreType = "Generic">   --->   Core 0 '' <Latency = 0> <II = 1> <Delay = 1.00> <Generic> <Opcode : >
ST_2 : Operation 78 [1/2] (0.00ns)   --->   "%call_ln0 = call void @MLP_Pipeline_2, i32 %input_features_casted"   --->   Operation 78 'call' 'call_ln0' <Predicate = true> <Delay = 0.00> <CoreType = "Generic">   --->   Core 0 '' <Latency = 0> <II = 1> <Delay = 1.00> <Generic> <Opcode : >
ST_2 : Operation 79 [1/2] (0.00ns)   --->   "%call_ln0 = call void @MLP_Pipeline_3, i32 %hidden_layer_1"   --->   Operation 79 'call' 'call_ln0' <Predicate = true> <Delay = 0.00> <CoreType = "Generic">   --->   Core 0 '' <Latency = 0> <II = 1> <Delay = 1.00> <Generic> <Opcode : >
ST_2 : Operation 80 [1/2] (0.00ns)   --->   "%call_ln0 = call void @MLP_Pipeline_4, i32 %hidden_layer_2"   --->   Operation 80 'call' 'call_ln0' <Predicate = true> <Delay = 0.00> <CoreType = "Generic">   --->   Core 0 '' <Latency = 0> <II = 1> <Delay = 1.00> <Generic> <Opcode : >
ST_2 : Operation 81 [1/2] (0.00ns)   --->   "%call_ln0 = call void @MLP_Pipeline_5, i32 %output_layer"   --->   Operation 81 'call' 'call_ln0' <Predicate = true> <Delay = 0.00> <CoreType = "Generic">   --->   Core 0 '' <Latency = 0> <II = 1> <Delay = 1.00> <Generic> <Opcode : >
ST_2 : Operation 82 [1/2] (0.00ns)   --->   "%call_ln0 = call void @MLP_Pipeline_6, i32 %output_layer_casted"   --->   Operation 82 'call' 'call_ln0' <Predicate = true> <Delay = 0.00> <CoreType = "Generic">   --->   Core 0 '' <Latency = 0> <II = 1> <Delay = 1.00> <Generic> <Opcode : >

State 3 <SV = 2> <Delay = 1.23>
ST_3 : Operation 83 [1/1] (0.00ns)   --->   "%empty = wait i32 @_ssdm_op_Wait"   --->   Operation 83 'wait' 'empty' <Predicate = true> <Delay = 0.00>
ST_3 : Operation 84 [2/2] (1.23ns)   --->   "%call_ln0 = call void @MLP_Pipeline_VITIS_LOOP_58_1, i32 %in_data_V_data_V, i4 %in_data_V_keep_V, i4 %in_data_V_strb_V, i2 %in_data_V_user_V, i1 %in_data_V_last_V, i5 %in_data_V_id_V, i6 %in_data_V_dest_V, i32 %input_features, i4 %tmp_keep_V_loc, i4 %tmp_strb_V_loc, i2 %tmp_user_V_loc, i5 %tmp_id_V_loc, i6 %tmp_dest_V_loc"   --->   Operation 84 'call' 'call_ln0' <Predicate = true> <Delay = 1.23> <CoreType = "Generic">   --->   Core 0 '' <Latency = 0> <II = 1> <Delay = 1.00> <Generic> <Opcode : >

State 4 <SV = 3> <Delay = 0.00>
ST_4 : Operation 85 [1/2] (0.00ns)   --->   "%call_ln0 = call void @MLP_Pipeline_VITIS_LOOP_58_1, i32 %in_data_V_data_V, i4 %in_data_V_keep_V, i4 %in_data_V_strb_V, i2 %in_data_V_user_V, i1 %in_data_V_last_V, i5 %in_data_V_id_V, i6 %in_data_V_dest_V, i32 %input_features, i4 %tmp_keep_V_loc, i4 %tmp_strb_V_loc, i2 %tmp_user_V_loc, i5 %tmp_id_V_loc, i6 %tmp_dest_V_loc"   --->   Operation 85 'call' 'call_ln0' <Predicate = true> <Delay = 0.00> <CoreType = "Generic">   --->   Core 0 '' <Latency = 0> <II = 1> <Delay = 1.00> <Generic> <Opcode : >

State 5 <SV = 4> <Delay = 0.00>
ST_5 : Operation 86 [1/1] (0.00ns)   --->   "%empty_53 = wait i32 @_ssdm_op_Wait"   --->   Operation 86 'wait' 'empty_53' <Predicate = true> <Delay = 0.00>
ST_5 : Operation 87 [2/2] (0.00ns)   --->   "%call_ln0 = call void @MLP_Pipeline_VITIS_LOOP_69_2, i32 %input_features, i32 %input_features_casted"   --->   Operation 87 'call' 'call_ln0' <Predicate = true> <Delay = 0.00> <CoreType = "Generic">   --->   Core 0 '' <Latency = 0> <II = 1> <Delay = 1.00> <Generic> <Opcode : >

State 6 <SV = 5> <Delay = 0.00>
ST_6 : Operation 88 [1/2] (0.00ns)   --->   "%call_ln0 = call void @MLP_Pipeline_VITIS_LOOP_69_2, i32 %input_features, i32 %input_features_casted"   --->   Operation 88 'call' 'call_ln0' <Predicate = true> <Delay = 0.00> <CoreType = "Generic">   --->   Core 0 '' <Latency = 0> <II = 1> <Delay = 1.00> <Generic> <Opcode : >

State 7 <SV = 6> <Delay = 1.23>
ST_7 : Operation 89 [1/1] (0.00ns)   --->   "%input_features_casted_addr = getelementptr i32 %input_features_casted, i64 0, i64 0" [../../../../HWSWAI/HLS/SampleDatasetMLP.cpp:80]   --->   Operation 89 'getelementptr' 'input_features_casted_addr' <Predicate = true> <Delay = 0.00>
ST_7 : Operation 90 [2/2] (1.23ns)   --->   "%input_features_casted_load = load i6 %input_features_casted_addr" [../../../../HWSWAI/HLS/SampleDatasetMLP.cpp:80]   --->   Operation 90 'load' 'input_features_casted_load' <Predicate = true> <Delay = 1.23> <CoreInst = "RAM">   --->   Core 83 'RAM' <Latency = 1> <II = 1> <Delay = 1.23> <Storage> <Opcode : 'load' 'store'> <Ports = 2> <Width = 32> <Depth = 48> <RAM>
ST_7 : Operation 91 [1/1] (0.00ns)   --->   "%input_features_casted_addr_1 = getelementptr i32 %input_features_casted, i64 0, i64 1" [../../../../HWSWAI/HLS/SampleDatasetMLP.cpp:80]   --->   Operation 91 'getelementptr' 'input_features_casted_addr_1' <Predicate = true> <Delay = 0.00>
ST_7 : Operation 92 [2/2] (1.23ns)   --->   "%input_features_casted_load_1 = load i6 %input_features_casted_addr_1" [../../../../HWSWAI/HLS/SampleDatasetMLP.cpp:80]   --->   Operation 92 'load' 'input_features_casted_load_1' <Predicate = true> <Delay = 1.23> <CoreInst = "RAM">   --->   Core 83 'RAM' <Latency = 1> <II = 1> <Delay = 1.23> <Storage> <Opcode : 'load' 'store'> <Ports = 2> <Width = 32> <Depth = 48> <RAM>

State 8 <SV = 7> <Delay = 1.23>
ST_8 : Operation 93 [1/2] (1.23ns)   --->   "%input_features_casted_load = load i6 %input_features_casted_addr" [../../../../HWSWAI/HLS/SampleDatasetMLP.cpp:80]   --->   Operation 93 'load' 'input_features_casted_load' <Predicate = true> <Delay = 1.23> <CoreInst = "RAM">   --->   Core 83 'RAM' <Latency = 1> <II = 1> <Delay = 1.23> <Storage> <Opcode : 'load' 'store'> <Ports = 2> <Width = 32> <Depth = 48> <RAM>
ST_8 : Operation 94 [1/2] (1.23ns)   --->   "%input_features_casted_load_1 = load i6 %input_features_casted_addr_1" [../../../../HWSWAI/HLS/SampleDatasetMLP.cpp:80]   --->   Operation 94 'load' 'input_features_casted_load_1' <Predicate = true> <Delay = 1.23> <CoreInst = "RAM">   --->   Core 83 'RAM' <Latency = 1> <II = 1> <Delay = 1.23> <Storage> <Opcode : 'load' 'store'> <Ports = 2> <Width = 32> <Depth = 48> <RAM>
ST_8 : Operation 95 [1/1] (0.00ns)   --->   "%input_features_casted_addr_2 = getelementptr i32 %input_features_casted, i64 0, i64 2" [../../../../HWSWAI/HLS/SampleDatasetMLP.cpp:80]   --->   Operation 95 'getelementptr' 'input_features_casted_addr_2' <Predicate = true> <Delay = 0.00>
ST_8 : Operation 96 [2/2] (1.23ns)   --->   "%input_features_casted_load_2 = load i6 %input_features_casted_addr_2" [../../../../HWSWAI/HLS/SampleDatasetMLP.cpp:80]   --->   Operation 96 'load' 'input_features_casted_load_2' <Predicate = true> <Delay = 1.23> <CoreInst = "RAM">   --->   Core 83 'RAM' <Latency = 1> <II = 1> <Delay = 1.23> <Storage> <Opcode : 'load' 'store'> <Ports = 2> <Width = 32> <Depth = 48> <RAM>
ST_8 : Operation 97 [1/1] (0.00ns)   --->   "%input_features_casted_addr_3 = getelementptr i32 %input_features_casted, i64 0, i64 3" [../../../../HWSWAI/HLS/SampleDatasetMLP.cpp:80]   --->   Operation 97 'getelementptr' 'input_features_casted_addr_3' <Predicate = true> <Delay = 0.00>
ST_8 : Operation 98 [2/2] (1.23ns)   --->   "%input_features_casted_load_3 = load i6 %input_features_casted_addr_3" [../../../../HWSWAI/HLS/SampleDatasetMLP.cpp:80]   --->   Operation 98 'load' 'input_features_casted_load_3' <Predicate = true> <Delay = 1.23> <CoreInst = "RAM">   --->   Core 83 'RAM' <Latency = 1> <II = 1> <Delay = 1.23> <Storage> <Opcode : 'load' 'store'> <Ports = 2> <Width = 32> <Depth = 48> <RAM>

State 9 <SV = 8> <Delay = 1.23>
ST_9 : Operation 99 [1/2] (1.23ns)   --->   "%input_features_casted_load_2 = load i6 %input_features_casted_addr_2" [../../../../HWSWAI/HLS/SampleDatasetMLP.cpp:80]   --->   Operation 99 'load' 'input_features_casted_load_2' <Predicate = true> <Delay = 1.23> <CoreInst = "RAM">   --->   Core 83 'RAM' <Latency = 1> <II = 1> <Delay = 1.23> <Storage> <Opcode : 'load' 'store'> <Ports = 2> <Width = 32> <Depth = 48> <RAM>
ST_9 : Operation 100 [1/2] (1.23ns)   --->   "%input_features_casted_load_3 = load i6 %input_features_casted_addr_3" [../../../../HWSWAI/HLS/SampleDatasetMLP.cpp:80]   --->   Operation 100 'load' 'input_features_casted_load_3' <Predicate = true> <Delay = 1.23> <CoreInst = "RAM">   --->   Core 83 'RAM' <Latency = 1> <II = 1> <Delay = 1.23> <Storage> <Opcode : 'load' 'store'> <Ports = 2> <Width = 32> <Depth = 48> <RAM>
ST_9 : Operation 101 [1/1] (0.00ns)   --->   "%input_features_casted_addr_4 = getelementptr i32 %input_features_casted, i64 0, i64 4" [../../../../HWSWAI/HLS/SampleDatasetMLP.cpp:80]   --->   Operation 101 'getelementptr' 'input_features_casted_addr_4' <Predicate = true> <Delay = 0.00>
ST_9 : Operation 102 [2/2] (1.23ns)   --->   "%input_features_casted_load_4 = load i6 %input_features_casted_addr_4" [../../../../HWSWAI/HLS/SampleDatasetMLP.cpp:80]   --->   Operation 102 'load' 'input_features_casted_load_4' <Predicate = true> <Delay = 1.23> <CoreInst = "RAM">   --->   Core 83 'RAM' <Latency = 1> <II = 1> <Delay = 1.23> <Storage> <Opcode : 'load' 'store'> <Ports = 2> <Width = 32> <Depth = 48> <RAM>
ST_9 : Operation 103 [1/1] (0.00ns)   --->   "%input_features_casted_addr_5 = getelementptr i32 %input_features_casted, i64 0, i64 5" [../../../../HWSWAI/HLS/SampleDatasetMLP.cpp:80]   --->   Operation 103 'getelementptr' 'input_features_casted_addr_5' <Predicate = true> <Delay = 0.00>
ST_9 : Operation 104 [2/2] (1.23ns)   --->   "%input_features_casted_load_5 = load i6 %input_features_casted_addr_5" [../../../../HWSWAI/HLS/SampleDatasetMLP.cpp:80]   --->   Operation 104 'load' 'input_features_casted_load_5' <Predicate = true> <Delay = 1.23> <CoreInst = "RAM">   --->   Core 83 'RAM' <Latency = 1> <II = 1> <Delay = 1.23> <Storage> <Opcode : 'load' 'store'> <Ports = 2> <Width = 32> <Depth = 48> <RAM>

State 10 <SV = 9> <Delay = 1.23>
ST_10 : Operation 105 [1/2] (1.23ns)   --->   "%input_features_casted_load_4 = load i6 %input_features_casted_addr_4" [../../../../HWSWAI/HLS/SampleDatasetMLP.cpp:80]   --->   Operation 105 'load' 'input_features_casted_load_4' <Predicate = true> <Delay = 1.23> <CoreInst = "RAM">   --->   Core 83 'RAM' <Latency = 1> <II = 1> <Delay = 1.23> <Storage> <Opcode : 'load' 'store'> <Ports = 2> <Width = 32> <Depth = 48> <RAM>
ST_10 : Operation 106 [1/2] (1.23ns)   --->   "%input_features_casted_load_5 = load i6 %input_features_casted_addr_5" [../../../../HWSWAI/HLS/SampleDatasetMLP.cpp:80]   --->   Operation 106 'load' 'input_features_casted_load_5' <Predicate = true> <Delay = 1.23> <CoreInst = "RAM">   --->   Core 83 'RAM' <Latency = 1> <II = 1> <Delay = 1.23> <Storage> <Opcode : 'load' 'store'> <Ports = 2> <Width = 32> <Depth = 48> <RAM>
ST_10 : Operation 107 [1/1] (0.00ns)   --->   "%input_features_casted_addr_6 = getelementptr i32 %input_features_casted, i64 0, i64 6" [../../../../HWSWAI/HLS/SampleDatasetMLP.cpp:80]   --->   Operation 107 'getelementptr' 'input_features_casted_addr_6' <Predicate = true> <Delay = 0.00>
ST_10 : Operation 108 [2/2] (1.23ns)   --->   "%input_features_casted_load_6 = load i6 %input_features_casted_addr_6" [../../../../HWSWAI/HLS/SampleDatasetMLP.cpp:80]   --->   Operation 108 'load' 'input_features_casted_load_6' <Predicate = true> <Delay = 1.23> <CoreInst = "RAM">   --->   Core 83 'RAM' <Latency = 1> <II = 1> <Delay = 1.23> <Storage> <Opcode : 'load' 'store'> <Ports = 2> <Width = 32> <Depth = 48> <RAM>
ST_10 : Operation 109 [1/1] (0.00ns)   --->   "%input_features_casted_addr_7 = getelementptr i32 %input_features_casted, i64 0, i64 7" [../../../../HWSWAI/HLS/SampleDatasetMLP.cpp:80]   --->   Operation 109 'getelementptr' 'input_features_casted_addr_7' <Predicate = true> <Delay = 0.00>
ST_10 : Operation 110 [2/2] (1.23ns)   --->   "%input_features_casted_load_7 = load i6 %input_features_casted_addr_7" [../../../../HWSWAI/HLS/SampleDatasetMLP.cpp:80]   --->   Operation 110 'load' 'input_features_casted_load_7' <Predicate = true> <Delay = 1.23> <CoreInst = "RAM">   --->   Core 83 'RAM' <Latency = 1> <II = 1> <Delay = 1.23> <Storage> <Opcode : 'load' 'store'> <Ports = 2> <Width = 32> <Depth = 48> <RAM>

State 11 <SV = 10> <Delay = 1.23>
ST_11 : Operation 111 [1/2] (1.23ns)   --->   "%input_features_casted_load_6 = load i6 %input_features_casted_addr_6" [../../../../HWSWAI/HLS/SampleDatasetMLP.cpp:80]   --->   Operation 111 'load' 'input_features_casted_load_6' <Predicate = true> <Delay = 1.23> <CoreInst = "RAM">   --->   Core 83 'RAM' <Latency = 1> <II = 1> <Delay = 1.23> <Storage> <Opcode : 'load' 'store'> <Ports = 2> <Width = 32> <Depth = 48> <RAM>
ST_11 : Operation 112 [1/2] (1.23ns)   --->   "%input_features_casted_load_7 = load i6 %input_features_casted_addr_7" [../../../../HWSWAI/HLS/SampleDatasetMLP.cpp:80]   --->   Operation 112 'load' 'input_features_casted_load_7' <Predicate = true> <Delay = 1.23> <CoreInst = "RAM">   --->   Core 83 'RAM' <Latency = 1> <II = 1> <Delay = 1.23> <Storage> <Opcode : 'load' 'store'> <Ports = 2> <Width = 32> <Depth = 48> <RAM>
ST_11 : Operation 113 [1/1] (0.00ns)   --->   "%input_features_casted_addr_8 = getelementptr i32 %input_features_casted, i64 0, i64 8" [../../../../HWSWAI/HLS/SampleDatasetMLP.cpp:80]   --->   Operation 113 'getelementptr' 'input_features_casted_addr_8' <Predicate = true> <Delay = 0.00>
ST_11 : Operation 114 [2/2] (1.23ns)   --->   "%input_features_casted_load_8 = load i6 %input_features_casted_addr_8" [../../../../HWSWAI/HLS/SampleDatasetMLP.cpp:80]   --->   Operation 114 'load' 'input_features_casted_load_8' <Predicate = true> <Delay = 1.23> <CoreInst = "RAM">   --->   Core 83 'RAM' <Latency = 1> <II = 1> <Delay = 1.23> <Storage> <Opcode : 'load' 'store'> <Ports = 2> <Width = 32> <Depth = 48> <RAM>
ST_11 : Operation 115 [1/1] (0.00ns)   --->   "%input_features_casted_addr_9 = getelementptr i32 %input_features_casted, i64 0, i64 9" [../../../../HWSWAI/HLS/SampleDatasetMLP.cpp:80]   --->   Operation 115 'getelementptr' 'input_features_casted_addr_9' <Predicate = true> <Delay = 0.00>
ST_11 : Operation 116 [2/2] (1.23ns)   --->   "%input_features_casted_load_9 = load i6 %input_features_casted_addr_9" [../../../../HWSWAI/HLS/SampleDatasetMLP.cpp:80]   --->   Operation 116 'load' 'input_features_casted_load_9' <Predicate = true> <Delay = 1.23> <CoreInst = "RAM">   --->   Core 83 'RAM' <Latency = 1> <II = 1> <Delay = 1.23> <Storage> <Opcode : 'load' 'store'> <Ports = 2> <Width = 32> <Depth = 48> <RAM>

State 12 <SV = 11> <Delay = 1.23>
ST_12 : Operation 117 [1/2] (1.23ns)   --->   "%input_features_casted_load_8 = load i6 %input_features_casted_addr_8" [../../../../HWSWAI/HLS/SampleDatasetMLP.cpp:80]   --->   Operation 117 'load' 'input_features_casted_load_8' <Predicate = true> <Delay = 1.23> <CoreInst = "RAM">   --->   Core 83 'RAM' <Latency = 1> <II = 1> <Delay = 1.23> <Storage> <Opcode : 'load' 'store'> <Ports = 2> <Width = 32> <Depth = 48> <RAM>
ST_12 : Operation 118 [1/2] (1.23ns)   --->   "%input_features_casted_load_9 = load i6 %input_features_casted_addr_9" [../../../../HWSWAI/HLS/SampleDatasetMLP.cpp:80]   --->   Operation 118 'load' 'input_features_casted_load_9' <Predicate = true> <Delay = 1.23> <CoreInst = "RAM">   --->   Core 83 'RAM' <Latency = 1> <II = 1> <Delay = 1.23> <Storage> <Opcode : 'load' 'store'> <Ports = 2> <Width = 32> <Depth = 48> <RAM>
ST_12 : Operation 119 [1/1] (0.00ns)   --->   "%input_features_casted_addr_10 = getelementptr i32 %input_features_casted, i64 0, i64 10" [../../../../HWSWAI/HLS/SampleDatasetMLP.cpp:80]   --->   Operation 119 'getelementptr' 'input_features_casted_addr_10' <Predicate = true> <Delay = 0.00>
ST_12 : Operation 120 [2/2] (1.23ns)   --->   "%input_features_casted_load_10 = load i6 %input_features_casted_addr_10" [../../../../HWSWAI/HLS/SampleDatasetMLP.cpp:80]   --->   Operation 120 'load' 'input_features_casted_load_10' <Predicate = true> <Delay = 1.23> <CoreInst = "RAM">   --->   Core 83 'RAM' <Latency = 1> <II = 1> <Delay = 1.23> <Storage> <Opcode : 'load' 'store'> <Ports = 2> <Width = 32> <Depth = 48> <RAM>
ST_12 : Operation 121 [1/1] (0.00ns)   --->   "%input_features_casted_addr_11 = getelementptr i32 %input_features_casted, i64 0, i64 11" [../../../../HWSWAI/HLS/SampleDatasetMLP.cpp:80]   --->   Operation 121 'getelementptr' 'input_features_casted_addr_11' <Predicate = true> <Delay = 0.00>
ST_12 : Operation 122 [2/2] (1.23ns)   --->   "%input_features_casted_load_11 = load i6 %input_features_casted_addr_11" [../../../../HWSWAI/HLS/SampleDatasetMLP.cpp:80]   --->   Operation 122 'load' 'input_features_casted_load_11' <Predicate = true> <Delay = 1.23> <CoreInst = "RAM">   --->   Core 83 'RAM' <Latency = 1> <II = 1> <Delay = 1.23> <Storage> <Opcode : 'load' 'store'> <Ports = 2> <Width = 32> <Depth = 48> <RAM>

State 13 <SV = 12> <Delay = 1.23>
ST_13 : Operation 123 [1/2] (1.23ns)   --->   "%input_features_casted_load_10 = load i6 %input_features_casted_addr_10" [../../../../HWSWAI/HLS/SampleDatasetMLP.cpp:80]   --->   Operation 123 'load' 'input_features_casted_load_10' <Predicate = true> <Delay = 1.23> <CoreInst = "RAM">   --->   Core 83 'RAM' <Latency = 1> <II = 1> <Delay = 1.23> <Storage> <Opcode : 'load' 'store'> <Ports = 2> <Width = 32> <Depth = 48> <RAM>
ST_13 : Operation 124 [1/2] (1.23ns)   --->   "%input_features_casted_load_11 = load i6 %input_features_casted_addr_11" [../../../../HWSWAI/HLS/SampleDatasetMLP.cpp:80]   --->   Operation 124 'load' 'input_features_casted_load_11' <Predicate = true> <Delay = 1.23> <CoreInst = "RAM">   --->   Core 83 'RAM' <Latency = 1> <II = 1> <Delay = 1.23> <Storage> <Opcode : 'load' 'store'> <Ports = 2> <Width = 32> <Depth = 48> <RAM>
ST_13 : Operation 125 [1/1] (0.00ns)   --->   "%input_features_casted_addr_12 = getelementptr i32 %input_features_casted, i64 0, i64 12" [../../../../HWSWAI/HLS/SampleDatasetMLP.cpp:80]   --->   Operation 125 'getelementptr' 'input_features_casted_addr_12' <Predicate = true> <Delay = 0.00>
ST_13 : Operation 126 [2/2] (1.23ns)   --->   "%input_features_casted_load_12 = load i6 %input_features_casted_addr_12" [../../../../HWSWAI/HLS/SampleDatasetMLP.cpp:80]   --->   Operation 126 'load' 'input_features_casted_load_12' <Predicate = true> <Delay = 1.23> <CoreInst = "RAM">   --->   Core 83 'RAM' <Latency = 1> <II = 1> <Delay = 1.23> <Storage> <Opcode : 'load' 'store'> <Ports = 2> <Width = 32> <Depth = 48> <RAM>
ST_13 : Operation 127 [1/1] (0.00ns)   --->   "%input_features_casted_addr_13 = getelementptr i32 %input_features_casted, i64 0, i64 13" [../../../../HWSWAI/HLS/SampleDatasetMLP.cpp:80]   --->   Operation 127 'getelementptr' 'input_features_casted_addr_13' <Predicate = true> <Delay = 0.00>
ST_13 : Operation 128 [2/2] (1.23ns)   --->   "%input_features_casted_load_13 = load i6 %input_features_casted_addr_13" [../../../../HWSWAI/HLS/SampleDatasetMLP.cpp:80]   --->   Operation 128 'load' 'input_features_casted_load_13' <Predicate = true> <Delay = 1.23> <CoreInst = "RAM">   --->   Core 83 'RAM' <Latency = 1> <II = 1> <Delay = 1.23> <Storage> <Opcode : 'load' 'store'> <Ports = 2> <Width = 32> <Depth = 48> <RAM>

State 14 <SV = 13> <Delay = 1.23>
ST_14 : Operation 129 [1/2] (1.23ns)   --->   "%input_features_casted_load_12 = load i6 %input_features_casted_addr_12" [../../../../HWSWAI/HLS/SampleDatasetMLP.cpp:80]   --->   Operation 129 'load' 'input_features_casted_load_12' <Predicate = true> <Delay = 1.23> <CoreInst = "RAM">   --->   Core 83 'RAM' <Latency = 1> <II = 1> <Delay = 1.23> <Storage> <Opcode : 'load' 'store'> <Ports = 2> <Width = 32> <Depth = 48> <RAM>
ST_14 : Operation 130 [1/2] (1.23ns)   --->   "%input_features_casted_load_13 = load i6 %input_features_casted_addr_13" [../../../../HWSWAI/HLS/SampleDatasetMLP.cpp:80]   --->   Operation 130 'load' 'input_features_casted_load_13' <Predicate = true> <Delay = 1.23> <CoreInst = "RAM">   --->   Core 83 'RAM' <Latency = 1> <II = 1> <Delay = 1.23> <Storage> <Opcode : 'load' 'store'> <Ports = 2> <Width = 32> <Depth = 48> <RAM>
ST_14 : Operation 131 [1/1] (0.00ns)   --->   "%input_features_casted_addr_14 = getelementptr i32 %input_features_casted, i64 0, i64 14" [../../../../HWSWAI/HLS/SampleDatasetMLP.cpp:80]   --->   Operation 131 'getelementptr' 'input_features_casted_addr_14' <Predicate = true> <Delay = 0.00>
ST_14 : Operation 132 [2/2] (1.23ns)   --->   "%input_features_casted_load_14 = load i6 %input_features_casted_addr_14" [../../../../HWSWAI/HLS/SampleDatasetMLP.cpp:80]   --->   Operation 132 'load' 'input_features_casted_load_14' <Predicate = true> <Delay = 1.23> <CoreInst = "RAM">   --->   Core 83 'RAM' <Latency = 1> <II = 1> <Delay = 1.23> <Storage> <Opcode : 'load' 'store'> <Ports = 2> <Width = 32> <Depth = 48> <RAM>
ST_14 : Operation 133 [1/1] (0.00ns)   --->   "%input_features_casted_addr_15 = getelementptr i32 %input_features_casted, i64 0, i64 15" [../../../../HWSWAI/HLS/SampleDatasetMLP.cpp:80]   --->   Operation 133 'getelementptr' 'input_features_casted_addr_15' <Predicate = true> <Delay = 0.00>
ST_14 : Operation 134 [2/2] (1.23ns)   --->   "%input_features_casted_load_15 = load i6 %input_features_casted_addr_15" [../../../../HWSWAI/HLS/SampleDatasetMLP.cpp:80]   --->   Operation 134 'load' 'input_features_casted_load_15' <Predicate = true> <Delay = 1.23> <CoreInst = "RAM">   --->   Core 83 'RAM' <Latency = 1> <II = 1> <Delay = 1.23> <Storage> <Opcode : 'load' 'store'> <Ports = 2> <Width = 32> <Depth = 48> <RAM>

State 15 <SV = 14> <Delay = 1.23>
ST_15 : Operation 135 [1/2] (1.23ns)   --->   "%input_features_casted_load_14 = load i6 %input_features_casted_addr_14" [../../../../HWSWAI/HLS/SampleDatasetMLP.cpp:80]   --->   Operation 135 'load' 'input_features_casted_load_14' <Predicate = true> <Delay = 1.23> <CoreInst = "RAM">   --->   Core 83 'RAM' <Latency = 1> <II = 1> <Delay = 1.23> <Storage> <Opcode : 'load' 'store'> <Ports = 2> <Width = 32> <Depth = 48> <RAM>
ST_15 : Operation 136 [1/2] (1.23ns)   --->   "%input_features_casted_load_15 = load i6 %input_features_casted_addr_15" [../../../../HWSWAI/HLS/SampleDatasetMLP.cpp:80]   --->   Operation 136 'load' 'input_features_casted_load_15' <Predicate = true> <Delay = 1.23> <CoreInst = "RAM">   --->   Core 83 'RAM' <Latency = 1> <II = 1> <Delay = 1.23> <Storage> <Opcode : 'load' 'store'> <Ports = 2> <Width = 32> <Depth = 48> <RAM>
ST_15 : Operation 137 [1/1] (0.00ns)   --->   "%input_features_casted_addr_16 = getelementptr i32 %input_features_casted, i64 0, i64 16" [../../../../HWSWAI/HLS/SampleDatasetMLP.cpp:80]   --->   Operation 137 'getelementptr' 'input_features_casted_addr_16' <Predicate = true> <Delay = 0.00>
ST_15 : Operation 138 [2/2] (1.23ns)   --->   "%input_features_casted_load_16 = load i6 %input_features_casted_addr_16" [../../../../HWSWAI/HLS/SampleDatasetMLP.cpp:80]   --->   Operation 138 'load' 'input_features_casted_load_16' <Predicate = true> <Delay = 1.23> <CoreInst = "RAM">   --->   Core 83 'RAM' <Latency = 1> <II = 1> <Delay = 1.23> <Storage> <Opcode : 'load' 'store'> <Ports = 2> <Width = 32> <Depth = 48> <RAM>
ST_15 : Operation 139 [1/1] (0.00ns)   --->   "%input_features_casted_addr_17 = getelementptr i32 %input_features_casted, i64 0, i64 17" [../../../../HWSWAI/HLS/SampleDatasetMLP.cpp:80]   --->   Operation 139 'getelementptr' 'input_features_casted_addr_17' <Predicate = true> <Delay = 0.00>
ST_15 : Operation 140 [2/2] (1.23ns)   --->   "%input_features_casted_load_17 = load i6 %input_features_casted_addr_17" [../../../../HWSWAI/HLS/SampleDatasetMLP.cpp:80]   --->   Operation 140 'load' 'input_features_casted_load_17' <Predicate = true> <Delay = 1.23> <CoreInst = "RAM">   --->   Core 83 'RAM' <Latency = 1> <II = 1> <Delay = 1.23> <Storage> <Opcode : 'load' 'store'> <Ports = 2> <Width = 32> <Depth = 48> <RAM>

State 16 <SV = 15> <Delay = 1.23>
ST_16 : Operation 141 [1/2] (1.23ns)   --->   "%input_features_casted_load_16 = load i6 %input_features_casted_addr_16" [../../../../HWSWAI/HLS/SampleDatasetMLP.cpp:80]   --->   Operation 141 'load' 'input_features_casted_load_16' <Predicate = true> <Delay = 1.23> <CoreInst = "RAM">   --->   Core 83 'RAM' <Latency = 1> <II = 1> <Delay = 1.23> <Storage> <Opcode : 'load' 'store'> <Ports = 2> <Width = 32> <Depth = 48> <RAM>
ST_16 : Operation 142 [1/2] (1.23ns)   --->   "%input_features_casted_load_17 = load i6 %input_features_casted_addr_17" [../../../../HWSWAI/HLS/SampleDatasetMLP.cpp:80]   --->   Operation 142 'load' 'input_features_casted_load_17' <Predicate = true> <Delay = 1.23> <CoreInst = "RAM">   --->   Core 83 'RAM' <Latency = 1> <II = 1> <Delay = 1.23> <Storage> <Opcode : 'load' 'store'> <Ports = 2> <Width = 32> <Depth = 48> <RAM>
ST_16 : Operation 143 [1/1] (0.00ns)   --->   "%input_features_casted_addr_18 = getelementptr i32 %input_features_casted, i64 0, i64 18" [../../../../HWSWAI/HLS/SampleDatasetMLP.cpp:80]   --->   Operation 143 'getelementptr' 'input_features_casted_addr_18' <Predicate = true> <Delay = 0.00>
ST_16 : Operation 144 [2/2] (1.23ns)   --->   "%input_features_casted_load_18 = load i6 %input_features_casted_addr_18" [../../../../HWSWAI/HLS/SampleDatasetMLP.cpp:80]   --->   Operation 144 'load' 'input_features_casted_load_18' <Predicate = true> <Delay = 1.23> <CoreInst = "RAM">   --->   Core 83 'RAM' <Latency = 1> <II = 1> <Delay = 1.23> <Storage> <Opcode : 'load' 'store'> <Ports = 2> <Width = 32> <Depth = 48> <RAM>
ST_16 : Operation 145 [1/1] (0.00ns)   --->   "%input_features_casted_addr_19 = getelementptr i32 %input_features_casted, i64 0, i64 19" [../../../../HWSWAI/HLS/SampleDatasetMLP.cpp:80]   --->   Operation 145 'getelementptr' 'input_features_casted_addr_19' <Predicate = true> <Delay = 0.00>
ST_16 : Operation 146 [2/2] (1.23ns)   --->   "%input_features_casted_load_19 = load i6 %input_features_casted_addr_19" [../../../../HWSWAI/HLS/SampleDatasetMLP.cpp:80]   --->   Operation 146 'load' 'input_features_casted_load_19' <Predicate = true> <Delay = 1.23> <CoreInst = "RAM">   --->   Core 83 'RAM' <Latency = 1> <II = 1> <Delay = 1.23> <Storage> <Opcode : 'load' 'store'> <Ports = 2> <Width = 32> <Depth = 48> <RAM>

State 17 <SV = 16> <Delay = 1.23>
ST_17 : Operation 147 [1/2] (1.23ns)   --->   "%input_features_casted_load_18 = load i6 %input_features_casted_addr_18" [../../../../HWSWAI/HLS/SampleDatasetMLP.cpp:80]   --->   Operation 147 'load' 'input_features_casted_load_18' <Predicate = true> <Delay = 1.23> <CoreInst = "RAM">   --->   Core 83 'RAM' <Latency = 1> <II = 1> <Delay = 1.23> <Storage> <Opcode : 'load' 'store'> <Ports = 2> <Width = 32> <Depth = 48> <RAM>
ST_17 : Operation 148 [1/2] (1.23ns)   --->   "%input_features_casted_load_19 = load i6 %input_features_casted_addr_19" [../../../../HWSWAI/HLS/SampleDatasetMLP.cpp:80]   --->   Operation 148 'load' 'input_features_casted_load_19' <Predicate = true> <Delay = 1.23> <CoreInst = "RAM">   --->   Core 83 'RAM' <Latency = 1> <II = 1> <Delay = 1.23> <Storage> <Opcode : 'load' 'store'> <Ports = 2> <Width = 32> <Depth = 48> <RAM>
ST_17 : Operation 149 [1/1] (0.00ns)   --->   "%input_features_casted_addr_20 = getelementptr i32 %input_features_casted, i64 0, i64 20" [../../../../HWSWAI/HLS/SampleDatasetMLP.cpp:80]   --->   Operation 149 'getelementptr' 'input_features_casted_addr_20' <Predicate = true> <Delay = 0.00>
ST_17 : Operation 150 [2/2] (1.23ns)   --->   "%input_features_casted_load_20 = load i6 %input_features_casted_addr_20" [../../../../HWSWAI/HLS/SampleDatasetMLP.cpp:80]   --->   Operation 150 'load' 'input_features_casted_load_20' <Predicate = true> <Delay = 1.23> <CoreInst = "RAM">   --->   Core 83 'RAM' <Latency = 1> <II = 1> <Delay = 1.23> <Storage> <Opcode : 'load' 'store'> <Ports = 2> <Width = 32> <Depth = 48> <RAM>
ST_17 : Operation 151 [1/1] (0.00ns)   --->   "%input_features_casted_addr_21 = getelementptr i32 %input_features_casted, i64 0, i64 21" [../../../../HWSWAI/HLS/SampleDatasetMLP.cpp:80]   --->   Operation 151 'getelementptr' 'input_features_casted_addr_21' <Predicate = true> <Delay = 0.00>
ST_17 : Operation 152 [2/2] (1.23ns)   --->   "%input_features_casted_load_21 = load i6 %input_features_casted_addr_21" [../../../../HWSWAI/HLS/SampleDatasetMLP.cpp:80]   --->   Operation 152 'load' 'input_features_casted_load_21' <Predicate = true> <Delay = 1.23> <CoreInst = "RAM">   --->   Core 83 'RAM' <Latency = 1> <II = 1> <Delay = 1.23> <Storage> <Opcode : 'load' 'store'> <Ports = 2> <Width = 32> <Depth = 48> <RAM>

State 18 <SV = 17> <Delay = 1.23>
ST_18 : Operation 153 [1/2] (1.23ns)   --->   "%input_features_casted_load_20 = load i6 %input_features_casted_addr_20" [../../../../HWSWAI/HLS/SampleDatasetMLP.cpp:80]   --->   Operation 153 'load' 'input_features_casted_load_20' <Predicate = true> <Delay = 1.23> <CoreInst = "RAM">   --->   Core 83 'RAM' <Latency = 1> <II = 1> <Delay = 1.23> <Storage> <Opcode : 'load' 'store'> <Ports = 2> <Width = 32> <Depth = 48> <RAM>
ST_18 : Operation 154 [1/2] (1.23ns)   --->   "%input_features_casted_load_21 = load i6 %input_features_casted_addr_21" [../../../../HWSWAI/HLS/SampleDatasetMLP.cpp:80]   --->   Operation 154 'load' 'input_features_casted_load_21' <Predicate = true> <Delay = 1.23> <CoreInst = "RAM">   --->   Core 83 'RAM' <Latency = 1> <II = 1> <Delay = 1.23> <Storage> <Opcode : 'load' 'store'> <Ports = 2> <Width = 32> <Depth = 48> <RAM>
ST_18 : Operation 155 [1/1] (0.00ns)   --->   "%input_features_casted_addr_22 = getelementptr i32 %input_features_casted, i64 0, i64 22" [../../../../HWSWAI/HLS/SampleDatasetMLP.cpp:80]   --->   Operation 155 'getelementptr' 'input_features_casted_addr_22' <Predicate = true> <Delay = 0.00>
ST_18 : Operation 156 [2/2] (1.23ns)   --->   "%input_features_casted_load_22 = load i6 %input_features_casted_addr_22" [../../../../HWSWAI/HLS/SampleDatasetMLP.cpp:80]   --->   Operation 156 'load' 'input_features_casted_load_22' <Predicate = true> <Delay = 1.23> <CoreInst = "RAM">   --->   Core 83 'RAM' <Latency = 1> <II = 1> <Delay = 1.23> <Storage> <Opcode : 'load' 'store'> <Ports = 2> <Width = 32> <Depth = 48> <RAM>
ST_18 : Operation 157 [1/1] (0.00ns)   --->   "%input_features_casted_addr_23 = getelementptr i32 %input_features_casted, i64 0, i64 23" [../../../../HWSWAI/HLS/SampleDatasetMLP.cpp:80]   --->   Operation 157 'getelementptr' 'input_features_casted_addr_23' <Predicate = true> <Delay = 0.00>
ST_18 : Operation 158 [2/2] (1.23ns)   --->   "%input_features_casted_load_23 = load i6 %input_features_casted_addr_23" [../../../../HWSWAI/HLS/SampleDatasetMLP.cpp:80]   --->   Operation 158 'load' 'input_features_casted_load_23' <Predicate = true> <Delay = 1.23> <CoreInst = "RAM">   --->   Core 83 'RAM' <Latency = 1> <II = 1> <Delay = 1.23> <Storage> <Opcode : 'load' 'store'> <Ports = 2> <Width = 32> <Depth = 48> <RAM>

State 19 <SV = 18> <Delay = 1.23>
ST_19 : Operation 159 [1/2] (1.23ns)   --->   "%input_features_casted_load_22 = load i6 %input_features_casted_addr_22" [../../../../HWSWAI/HLS/SampleDatasetMLP.cpp:80]   --->   Operation 159 'load' 'input_features_casted_load_22' <Predicate = true> <Delay = 1.23> <CoreInst = "RAM">   --->   Core 83 'RAM' <Latency = 1> <II = 1> <Delay = 1.23> <Storage> <Opcode : 'load' 'store'> <Ports = 2> <Width = 32> <Depth = 48> <RAM>
ST_19 : Operation 160 [1/2] (1.23ns)   --->   "%input_features_casted_load_23 = load i6 %input_features_casted_addr_23" [../../../../HWSWAI/HLS/SampleDatasetMLP.cpp:80]   --->   Operation 160 'load' 'input_features_casted_load_23' <Predicate = true> <Delay = 1.23> <CoreInst = "RAM">   --->   Core 83 'RAM' <Latency = 1> <II = 1> <Delay = 1.23> <Storage> <Opcode : 'load' 'store'> <Ports = 2> <Width = 32> <Depth = 48> <RAM>
ST_19 : Operation 161 [1/1] (0.00ns)   --->   "%input_features_casted_addr_24 = getelementptr i32 %input_features_casted, i64 0, i64 24" [../../../../HWSWAI/HLS/SampleDatasetMLP.cpp:80]   --->   Operation 161 'getelementptr' 'input_features_casted_addr_24' <Predicate = true> <Delay = 0.00>
ST_19 : Operation 162 [2/2] (1.23ns)   --->   "%input_features_casted_load_24 = load i6 %input_features_casted_addr_24" [../../../../HWSWAI/HLS/SampleDatasetMLP.cpp:80]   --->   Operation 162 'load' 'input_features_casted_load_24' <Predicate = true> <Delay = 1.23> <CoreInst = "RAM">   --->   Core 83 'RAM' <Latency = 1> <II = 1> <Delay = 1.23> <Storage> <Opcode : 'load' 'store'> <Ports = 2> <Width = 32> <Depth = 48> <RAM>
ST_19 : Operation 163 [1/1] (0.00ns)   --->   "%input_features_casted_addr_25 = getelementptr i32 %input_features_casted, i64 0, i64 25" [../../../../HWSWAI/HLS/SampleDatasetMLP.cpp:80]   --->   Operation 163 'getelementptr' 'input_features_casted_addr_25' <Predicate = true> <Delay = 0.00>
ST_19 : Operation 164 [2/2] (1.23ns)   --->   "%input_features_casted_load_25 = load i6 %input_features_casted_addr_25" [../../../../HWSWAI/HLS/SampleDatasetMLP.cpp:80]   --->   Operation 164 'load' 'input_features_casted_load_25' <Predicate = true> <Delay = 1.23> <CoreInst = "RAM">   --->   Core 83 'RAM' <Latency = 1> <II = 1> <Delay = 1.23> <Storage> <Opcode : 'load' 'store'> <Ports = 2> <Width = 32> <Depth = 48> <RAM>

State 20 <SV = 19> <Delay = 1.23>
ST_20 : Operation 165 [1/2] (1.23ns)   --->   "%input_features_casted_load_24 = load i6 %input_features_casted_addr_24" [../../../../HWSWAI/HLS/SampleDatasetMLP.cpp:80]   --->   Operation 165 'load' 'input_features_casted_load_24' <Predicate = true> <Delay = 1.23> <CoreInst = "RAM">   --->   Core 83 'RAM' <Latency = 1> <II = 1> <Delay = 1.23> <Storage> <Opcode : 'load' 'store'> <Ports = 2> <Width = 32> <Depth = 48> <RAM>
ST_20 : Operation 166 [1/2] (1.23ns)   --->   "%input_features_casted_load_25 = load i6 %input_features_casted_addr_25" [../../../../HWSWAI/HLS/SampleDatasetMLP.cpp:80]   --->   Operation 166 'load' 'input_features_casted_load_25' <Predicate = true> <Delay = 1.23> <CoreInst = "RAM">   --->   Core 83 'RAM' <Latency = 1> <II = 1> <Delay = 1.23> <Storage> <Opcode : 'load' 'store'> <Ports = 2> <Width = 32> <Depth = 48> <RAM>
ST_20 : Operation 167 [1/1] (0.00ns)   --->   "%input_features_casted_addr_26 = getelementptr i32 %input_features_casted, i64 0, i64 26" [../../../../HWSWAI/HLS/SampleDatasetMLP.cpp:80]   --->   Operation 167 'getelementptr' 'input_features_casted_addr_26' <Predicate = true> <Delay = 0.00>
ST_20 : Operation 168 [2/2] (1.23ns)   --->   "%input_features_casted_load_26 = load i6 %input_features_casted_addr_26" [../../../../HWSWAI/HLS/SampleDatasetMLP.cpp:80]   --->   Operation 168 'load' 'input_features_casted_load_26' <Predicate = true> <Delay = 1.23> <CoreInst = "RAM">   --->   Core 83 'RAM' <Latency = 1> <II = 1> <Delay = 1.23> <Storage> <Opcode : 'load' 'store'> <Ports = 2> <Width = 32> <Depth = 48> <RAM>
ST_20 : Operation 169 [1/1] (0.00ns)   --->   "%input_features_casted_addr_27 = getelementptr i32 %input_features_casted, i64 0, i64 27" [../../../../HWSWAI/HLS/SampleDatasetMLP.cpp:80]   --->   Operation 169 'getelementptr' 'input_features_casted_addr_27' <Predicate = true> <Delay = 0.00>
ST_20 : Operation 170 [2/2] (1.23ns)   --->   "%input_features_casted_load_27 = load i6 %input_features_casted_addr_27" [../../../../HWSWAI/HLS/SampleDatasetMLP.cpp:80]   --->   Operation 170 'load' 'input_features_casted_load_27' <Predicate = true> <Delay = 1.23> <CoreInst = "RAM">   --->   Core 83 'RAM' <Latency = 1> <II = 1> <Delay = 1.23> <Storage> <Opcode : 'load' 'store'> <Ports = 2> <Width = 32> <Depth = 48> <RAM>

State 21 <SV = 20> <Delay = 1.23>
ST_21 : Operation 171 [1/2] (1.23ns)   --->   "%input_features_casted_load_26 = load i6 %input_features_casted_addr_26" [../../../../HWSWAI/HLS/SampleDatasetMLP.cpp:80]   --->   Operation 171 'load' 'input_features_casted_load_26' <Predicate = true> <Delay = 1.23> <CoreInst = "RAM">   --->   Core 83 'RAM' <Latency = 1> <II = 1> <Delay = 1.23> <Storage> <Opcode : 'load' 'store'> <Ports = 2> <Width = 32> <Depth = 48> <RAM>
ST_21 : Operation 172 [1/2] (1.23ns)   --->   "%input_features_casted_load_27 = load i6 %input_features_casted_addr_27" [../../../../HWSWAI/HLS/SampleDatasetMLP.cpp:80]   --->   Operation 172 'load' 'input_features_casted_load_27' <Predicate = true> <Delay = 1.23> <CoreInst = "RAM">   --->   Core 83 'RAM' <Latency = 1> <II = 1> <Delay = 1.23> <Storage> <Opcode : 'load' 'store'> <Ports = 2> <Width = 32> <Depth = 48> <RAM>
ST_21 : Operation 173 [1/1] (0.00ns)   --->   "%input_features_casted_addr_28 = getelementptr i32 %input_features_casted, i64 0, i64 28" [../../../../HWSWAI/HLS/SampleDatasetMLP.cpp:80]   --->   Operation 173 'getelementptr' 'input_features_casted_addr_28' <Predicate = true> <Delay = 0.00>
ST_21 : Operation 174 [2/2] (1.23ns)   --->   "%input_features_casted_load_28 = load i6 %input_features_casted_addr_28" [../../../../HWSWAI/HLS/SampleDatasetMLP.cpp:80]   --->   Operation 174 'load' 'input_features_casted_load_28' <Predicate = true> <Delay = 1.23> <CoreInst = "RAM">   --->   Core 83 'RAM' <Latency = 1> <II = 1> <Delay = 1.23> <Storage> <Opcode : 'load' 'store'> <Ports = 2> <Width = 32> <Depth = 48> <RAM>
ST_21 : Operation 175 [1/1] (0.00ns)   --->   "%input_features_casted_addr_29 = getelementptr i32 %input_features_casted, i64 0, i64 29" [../../../../HWSWAI/HLS/SampleDatasetMLP.cpp:80]   --->   Operation 175 'getelementptr' 'input_features_casted_addr_29' <Predicate = true> <Delay = 0.00>
ST_21 : Operation 176 [2/2] (1.23ns)   --->   "%input_features_casted_load_29 = load i6 %input_features_casted_addr_29" [../../../../HWSWAI/HLS/SampleDatasetMLP.cpp:80]   --->   Operation 176 'load' 'input_features_casted_load_29' <Predicate = true> <Delay = 1.23> <CoreInst = "RAM">   --->   Core 83 'RAM' <Latency = 1> <II = 1> <Delay = 1.23> <Storage> <Opcode : 'load' 'store'> <Ports = 2> <Width = 32> <Depth = 48> <RAM>

State 22 <SV = 21> <Delay = 1.23>
ST_22 : Operation 177 [1/2] (1.23ns)   --->   "%input_features_casted_load_28 = load i6 %input_features_casted_addr_28" [../../../../HWSWAI/HLS/SampleDatasetMLP.cpp:80]   --->   Operation 177 'load' 'input_features_casted_load_28' <Predicate = true> <Delay = 1.23> <CoreInst = "RAM">   --->   Core 83 'RAM' <Latency = 1> <II = 1> <Delay = 1.23> <Storage> <Opcode : 'load' 'store'> <Ports = 2> <Width = 32> <Depth = 48> <RAM>
ST_22 : Operation 178 [1/2] (1.23ns)   --->   "%input_features_casted_load_29 = load i6 %input_features_casted_addr_29" [../../../../HWSWAI/HLS/SampleDatasetMLP.cpp:80]   --->   Operation 178 'load' 'input_features_casted_load_29' <Predicate = true> <Delay = 1.23> <CoreInst = "RAM">   --->   Core 83 'RAM' <Latency = 1> <II = 1> <Delay = 1.23> <Storage> <Opcode : 'load' 'store'> <Ports = 2> <Width = 32> <Depth = 48> <RAM>
ST_22 : Operation 179 [1/1] (0.00ns)   --->   "%input_features_casted_addr_30 = getelementptr i32 %input_features_casted, i64 0, i64 30" [../../../../HWSWAI/HLS/SampleDatasetMLP.cpp:80]   --->   Operation 179 'getelementptr' 'input_features_casted_addr_30' <Predicate = true> <Delay = 0.00>
ST_22 : Operation 180 [2/2] (1.23ns)   --->   "%input_features_casted_load_30 = load i6 %input_features_casted_addr_30" [../../../../HWSWAI/HLS/SampleDatasetMLP.cpp:80]   --->   Operation 180 'load' 'input_features_casted_load_30' <Predicate = true> <Delay = 1.23> <CoreInst = "RAM">   --->   Core 83 'RAM' <Latency = 1> <II = 1> <Delay = 1.23> <Storage> <Opcode : 'load' 'store'> <Ports = 2> <Width = 32> <Depth = 48> <RAM>
ST_22 : Operation 181 [1/1] (0.00ns)   --->   "%input_features_casted_addr_31 = getelementptr i32 %input_features_casted, i64 0, i64 31" [../../../../HWSWAI/HLS/SampleDatasetMLP.cpp:80]   --->   Operation 181 'getelementptr' 'input_features_casted_addr_31' <Predicate = true> <Delay = 0.00>
ST_22 : Operation 182 [2/2] (1.23ns)   --->   "%input_features_casted_load_31 = load i6 %input_features_casted_addr_31" [../../../../HWSWAI/HLS/SampleDatasetMLP.cpp:80]   --->   Operation 182 'load' 'input_features_casted_load_31' <Predicate = true> <Delay = 1.23> <CoreInst = "RAM">   --->   Core 83 'RAM' <Latency = 1> <II = 1> <Delay = 1.23> <Storage> <Opcode : 'load' 'store'> <Ports = 2> <Width = 32> <Depth = 48> <RAM>

State 23 <SV = 22> <Delay = 1.23>
ST_23 : Operation 183 [1/2] (1.23ns)   --->   "%input_features_casted_load_30 = load i6 %input_features_casted_addr_30" [../../../../HWSWAI/HLS/SampleDatasetMLP.cpp:80]   --->   Operation 183 'load' 'input_features_casted_load_30' <Predicate = true> <Delay = 1.23> <CoreInst = "RAM">   --->   Core 83 'RAM' <Latency = 1> <II = 1> <Delay = 1.23> <Storage> <Opcode : 'load' 'store'> <Ports = 2> <Width = 32> <Depth = 48> <RAM>
ST_23 : Operation 184 [1/2] (1.23ns)   --->   "%input_features_casted_load_31 = load i6 %input_features_casted_addr_31" [../../../../HWSWAI/HLS/SampleDatasetMLP.cpp:80]   --->   Operation 184 'load' 'input_features_casted_load_31' <Predicate = true> <Delay = 1.23> <CoreInst = "RAM">   --->   Core 83 'RAM' <Latency = 1> <II = 1> <Delay = 1.23> <Storage> <Opcode : 'load' 'store'> <Ports = 2> <Width = 32> <Depth = 48> <RAM>
ST_23 : Operation 185 [1/1] (0.00ns)   --->   "%input_features_casted_addr_32 = getelementptr i32 %input_features_casted, i64 0, i64 32" [../../../../HWSWAI/HLS/SampleDatasetMLP.cpp:80]   --->   Operation 185 'getelementptr' 'input_features_casted_addr_32' <Predicate = true> <Delay = 0.00>
ST_23 : Operation 186 [2/2] (1.23ns)   --->   "%input_features_casted_load_32 = load i6 %input_features_casted_addr_32" [../../../../HWSWAI/HLS/SampleDatasetMLP.cpp:80]   --->   Operation 186 'load' 'input_features_casted_load_32' <Predicate = true> <Delay = 1.23> <CoreInst = "RAM">   --->   Core 83 'RAM' <Latency = 1> <II = 1> <Delay = 1.23> <Storage> <Opcode : 'load' 'store'> <Ports = 2> <Width = 32> <Depth = 48> <RAM>
ST_23 : Operation 187 [1/1] (0.00ns)   --->   "%input_features_casted_addr_33 = getelementptr i32 %input_features_casted, i64 0, i64 33" [../../../../HWSWAI/HLS/SampleDatasetMLP.cpp:80]   --->   Operation 187 'getelementptr' 'input_features_casted_addr_33' <Predicate = true> <Delay = 0.00>
ST_23 : Operation 188 [2/2] (1.23ns)   --->   "%input_features_casted_load_33 = load i6 %input_features_casted_addr_33" [../../../../HWSWAI/HLS/SampleDatasetMLP.cpp:80]   --->   Operation 188 'load' 'input_features_casted_load_33' <Predicate = true> <Delay = 1.23> <CoreInst = "RAM">   --->   Core 83 'RAM' <Latency = 1> <II = 1> <Delay = 1.23> <Storage> <Opcode : 'load' 'store'> <Ports = 2> <Width = 32> <Depth = 48> <RAM>

State 24 <SV = 23> <Delay = 1.23>
ST_24 : Operation 189 [1/2] (1.23ns)   --->   "%input_features_casted_load_32 = load i6 %input_features_casted_addr_32" [../../../../HWSWAI/HLS/SampleDatasetMLP.cpp:80]   --->   Operation 189 'load' 'input_features_casted_load_32' <Predicate = true> <Delay = 1.23> <CoreInst = "RAM">   --->   Core 83 'RAM' <Latency = 1> <II = 1> <Delay = 1.23> <Storage> <Opcode : 'load' 'store'> <Ports = 2> <Width = 32> <Depth = 48> <RAM>
ST_24 : Operation 190 [1/2] (1.23ns)   --->   "%input_features_casted_load_33 = load i6 %input_features_casted_addr_33" [../../../../HWSWAI/HLS/SampleDatasetMLP.cpp:80]   --->   Operation 190 'load' 'input_features_casted_load_33' <Predicate = true> <Delay = 1.23> <CoreInst = "RAM">   --->   Core 83 'RAM' <Latency = 1> <II = 1> <Delay = 1.23> <Storage> <Opcode : 'load' 'store'> <Ports = 2> <Width = 32> <Depth = 48> <RAM>
ST_24 : Operation 191 [1/1] (0.00ns)   --->   "%input_features_casted_addr_34 = getelementptr i32 %input_features_casted, i64 0, i64 34" [../../../../HWSWAI/HLS/SampleDatasetMLP.cpp:80]   --->   Operation 191 'getelementptr' 'input_features_casted_addr_34' <Predicate = true> <Delay = 0.00>
ST_24 : Operation 192 [2/2] (1.23ns)   --->   "%input_features_casted_load_34 = load i6 %input_features_casted_addr_34" [../../../../HWSWAI/HLS/SampleDatasetMLP.cpp:80]   --->   Operation 192 'load' 'input_features_casted_load_34' <Predicate = true> <Delay = 1.23> <CoreInst = "RAM">   --->   Core 83 'RAM' <Latency = 1> <II = 1> <Delay = 1.23> <Storage> <Opcode : 'load' 'store'> <Ports = 2> <Width = 32> <Depth = 48> <RAM>
ST_24 : Operation 193 [1/1] (0.00ns)   --->   "%input_features_casted_addr_35 = getelementptr i32 %input_features_casted, i64 0, i64 35" [../../../../HWSWAI/HLS/SampleDatasetMLP.cpp:80]   --->   Operation 193 'getelementptr' 'input_features_casted_addr_35' <Predicate = true> <Delay = 0.00>
ST_24 : Operation 194 [2/2] (1.23ns)   --->   "%input_features_casted_load_35 = load i6 %input_features_casted_addr_35" [../../../../HWSWAI/HLS/SampleDatasetMLP.cpp:80]   --->   Operation 194 'load' 'input_features_casted_load_35' <Predicate = true> <Delay = 1.23> <CoreInst = "RAM">   --->   Core 83 'RAM' <Latency = 1> <II = 1> <Delay = 1.23> <Storage> <Opcode : 'load' 'store'> <Ports = 2> <Width = 32> <Depth = 48> <RAM>

State 25 <SV = 24> <Delay = 1.23>
ST_25 : Operation 195 [1/2] (1.23ns)   --->   "%input_features_casted_load_34 = load i6 %input_features_casted_addr_34" [../../../../HWSWAI/HLS/SampleDatasetMLP.cpp:80]   --->   Operation 195 'load' 'input_features_casted_load_34' <Predicate = true> <Delay = 1.23> <CoreInst = "RAM">   --->   Core 83 'RAM' <Latency = 1> <II = 1> <Delay = 1.23> <Storage> <Opcode : 'load' 'store'> <Ports = 2> <Width = 32> <Depth = 48> <RAM>
ST_25 : Operation 196 [1/2] (1.23ns)   --->   "%input_features_casted_load_35 = load i6 %input_features_casted_addr_35" [../../../../HWSWAI/HLS/SampleDatasetMLP.cpp:80]   --->   Operation 196 'load' 'input_features_casted_load_35' <Predicate = true> <Delay = 1.23> <CoreInst = "RAM">   --->   Core 83 'RAM' <Latency = 1> <II = 1> <Delay = 1.23> <Storage> <Opcode : 'load' 'store'> <Ports = 2> <Width = 32> <Depth = 48> <RAM>
ST_25 : Operation 197 [1/1] (0.00ns)   --->   "%input_features_casted_addr_36 = getelementptr i32 %input_features_casted, i64 0, i64 36" [../../../../HWSWAI/HLS/SampleDatasetMLP.cpp:80]   --->   Operation 197 'getelementptr' 'input_features_casted_addr_36' <Predicate = true> <Delay = 0.00>
ST_25 : Operation 198 [2/2] (1.23ns)   --->   "%input_features_casted_load_36 = load i6 %input_features_casted_addr_36" [../../../../HWSWAI/HLS/SampleDatasetMLP.cpp:80]   --->   Operation 198 'load' 'input_features_casted_load_36' <Predicate = true> <Delay = 1.23> <CoreInst = "RAM">   --->   Core 83 'RAM' <Latency = 1> <II = 1> <Delay = 1.23> <Storage> <Opcode : 'load' 'store'> <Ports = 2> <Width = 32> <Depth = 48> <RAM>
ST_25 : Operation 199 [1/1] (0.00ns)   --->   "%input_features_casted_addr_37 = getelementptr i32 %input_features_casted, i64 0, i64 37" [../../../../HWSWAI/HLS/SampleDatasetMLP.cpp:80]   --->   Operation 199 'getelementptr' 'input_features_casted_addr_37' <Predicate = true> <Delay = 0.00>
ST_25 : Operation 200 [2/2] (1.23ns)   --->   "%input_features_casted_load_37 = load i6 %input_features_casted_addr_37" [../../../../HWSWAI/HLS/SampleDatasetMLP.cpp:80]   --->   Operation 200 'load' 'input_features_casted_load_37' <Predicate = true> <Delay = 1.23> <CoreInst = "RAM">   --->   Core 83 'RAM' <Latency = 1> <II = 1> <Delay = 1.23> <Storage> <Opcode : 'load' 'store'> <Ports = 2> <Width = 32> <Depth = 48> <RAM>

State 26 <SV = 25> <Delay = 1.23>
ST_26 : Operation 201 [1/2] (1.23ns)   --->   "%input_features_casted_load_36 = load i6 %input_features_casted_addr_36" [../../../../HWSWAI/HLS/SampleDatasetMLP.cpp:80]   --->   Operation 201 'load' 'input_features_casted_load_36' <Predicate = true> <Delay = 1.23> <CoreInst = "RAM">   --->   Core 83 'RAM' <Latency = 1> <II = 1> <Delay = 1.23> <Storage> <Opcode : 'load' 'store'> <Ports = 2> <Width = 32> <Depth = 48> <RAM>
ST_26 : Operation 202 [1/2] (1.23ns)   --->   "%input_features_casted_load_37 = load i6 %input_features_casted_addr_37" [../../../../HWSWAI/HLS/SampleDatasetMLP.cpp:80]   --->   Operation 202 'load' 'input_features_casted_load_37' <Predicate = true> <Delay = 1.23> <CoreInst = "RAM">   --->   Core 83 'RAM' <Latency = 1> <II = 1> <Delay = 1.23> <Storage> <Opcode : 'load' 'store'> <Ports = 2> <Width = 32> <Depth = 48> <RAM>
ST_26 : Operation 203 [1/1] (0.00ns)   --->   "%input_features_casted_addr_38 = getelementptr i32 %input_features_casted, i64 0, i64 38" [../../../../HWSWAI/HLS/SampleDatasetMLP.cpp:80]   --->   Operation 203 'getelementptr' 'input_features_casted_addr_38' <Predicate = true> <Delay = 0.00>
ST_26 : Operation 204 [2/2] (1.23ns)   --->   "%input_features_casted_load_38 = load i6 %input_features_casted_addr_38" [../../../../HWSWAI/HLS/SampleDatasetMLP.cpp:80]   --->   Operation 204 'load' 'input_features_casted_load_38' <Predicate = true> <Delay = 1.23> <CoreInst = "RAM">   --->   Core 83 'RAM' <Latency = 1> <II = 1> <Delay = 1.23> <Storage> <Opcode : 'load' 'store'> <Ports = 2> <Width = 32> <Depth = 48> <RAM>
ST_26 : Operation 205 [1/1] (0.00ns)   --->   "%input_features_casted_addr_39 = getelementptr i32 %input_features_casted, i64 0, i64 39" [../../../../HWSWAI/HLS/SampleDatasetMLP.cpp:80]   --->   Operation 205 'getelementptr' 'input_features_casted_addr_39' <Predicate = true> <Delay = 0.00>
ST_26 : Operation 206 [2/2] (1.23ns)   --->   "%input_features_casted_load_39 = load i6 %input_features_casted_addr_39" [../../../../HWSWAI/HLS/SampleDatasetMLP.cpp:80]   --->   Operation 206 'load' 'input_features_casted_load_39' <Predicate = true> <Delay = 1.23> <CoreInst = "RAM">   --->   Core 83 'RAM' <Latency = 1> <II = 1> <Delay = 1.23> <Storage> <Opcode : 'load' 'store'> <Ports = 2> <Width = 32> <Depth = 48> <RAM>

State 27 <SV = 26> <Delay = 1.23>
ST_27 : Operation 207 [1/2] (1.23ns)   --->   "%input_features_casted_load_38 = load i6 %input_features_casted_addr_38" [../../../../HWSWAI/HLS/SampleDatasetMLP.cpp:80]   --->   Operation 207 'load' 'input_features_casted_load_38' <Predicate = true> <Delay = 1.23> <CoreInst = "RAM">   --->   Core 83 'RAM' <Latency = 1> <II = 1> <Delay = 1.23> <Storage> <Opcode : 'load' 'store'> <Ports = 2> <Width = 32> <Depth = 48> <RAM>
ST_27 : Operation 208 [1/2] (1.23ns)   --->   "%input_features_casted_load_39 = load i6 %input_features_casted_addr_39" [../../../../HWSWAI/HLS/SampleDatasetMLP.cpp:80]   --->   Operation 208 'load' 'input_features_casted_load_39' <Predicate = true> <Delay = 1.23> <CoreInst = "RAM">   --->   Core 83 'RAM' <Latency = 1> <II = 1> <Delay = 1.23> <Storage> <Opcode : 'load' 'store'> <Ports = 2> <Width = 32> <Depth = 48> <RAM>
ST_27 : Operation 209 [1/1] (0.00ns)   --->   "%input_features_casted_addr_40 = getelementptr i32 %input_features_casted, i64 0, i64 40" [../../../../HWSWAI/HLS/SampleDatasetMLP.cpp:80]   --->   Operation 209 'getelementptr' 'input_features_casted_addr_40' <Predicate = true> <Delay = 0.00>
ST_27 : Operation 210 [2/2] (1.23ns)   --->   "%input_features_casted_load_40 = load i6 %input_features_casted_addr_40" [../../../../HWSWAI/HLS/SampleDatasetMLP.cpp:80]   --->   Operation 210 'load' 'input_features_casted_load_40' <Predicate = true> <Delay = 1.23> <CoreInst = "RAM">   --->   Core 83 'RAM' <Latency = 1> <II = 1> <Delay = 1.23> <Storage> <Opcode : 'load' 'store'> <Ports = 2> <Width = 32> <Depth = 48> <RAM>
ST_27 : Operation 211 [1/1] (0.00ns)   --->   "%input_features_casted_addr_41 = getelementptr i32 %input_features_casted, i64 0, i64 41" [../../../../HWSWAI/HLS/SampleDatasetMLP.cpp:80]   --->   Operation 211 'getelementptr' 'input_features_casted_addr_41' <Predicate = true> <Delay = 0.00>
ST_27 : Operation 212 [2/2] (1.23ns)   --->   "%input_features_casted_load_41 = load i6 %input_features_casted_addr_41" [../../../../HWSWAI/HLS/SampleDatasetMLP.cpp:80]   --->   Operation 212 'load' 'input_features_casted_load_41' <Predicate = true> <Delay = 1.23> <CoreInst = "RAM">   --->   Core 83 'RAM' <Latency = 1> <II = 1> <Delay = 1.23> <Storage> <Opcode : 'load' 'store'> <Ports = 2> <Width = 32> <Depth = 48> <RAM>

State 28 <SV = 27> <Delay = 1.23>
ST_28 : Operation 213 [1/2] (1.23ns)   --->   "%input_features_casted_load_40 = load i6 %input_features_casted_addr_40" [../../../../HWSWAI/HLS/SampleDatasetMLP.cpp:80]   --->   Operation 213 'load' 'input_features_casted_load_40' <Predicate = true> <Delay = 1.23> <CoreInst = "RAM">   --->   Core 83 'RAM' <Latency = 1> <II = 1> <Delay = 1.23> <Storage> <Opcode : 'load' 'store'> <Ports = 2> <Width = 32> <Depth = 48> <RAM>
ST_28 : Operation 214 [1/2] (1.23ns)   --->   "%input_features_casted_load_41 = load i6 %input_features_casted_addr_41" [../../../../HWSWAI/HLS/SampleDatasetMLP.cpp:80]   --->   Operation 214 'load' 'input_features_casted_load_41' <Predicate = true> <Delay = 1.23> <CoreInst = "RAM">   --->   Core 83 'RAM' <Latency = 1> <II = 1> <Delay = 1.23> <Storage> <Opcode : 'load' 'store'> <Ports = 2> <Width = 32> <Depth = 48> <RAM>
ST_28 : Operation 215 [1/1] (0.00ns)   --->   "%input_features_casted_addr_42 = getelementptr i32 %input_features_casted, i64 0, i64 42" [../../../../HWSWAI/HLS/SampleDatasetMLP.cpp:80]   --->   Operation 215 'getelementptr' 'input_features_casted_addr_42' <Predicate = true> <Delay = 0.00>
ST_28 : Operation 216 [2/2] (1.23ns)   --->   "%input_features_casted_load_42 = load i6 %input_features_casted_addr_42" [../../../../HWSWAI/HLS/SampleDatasetMLP.cpp:80]   --->   Operation 216 'load' 'input_features_casted_load_42' <Predicate = true> <Delay = 1.23> <CoreInst = "RAM">   --->   Core 83 'RAM' <Latency = 1> <II = 1> <Delay = 1.23> <Storage> <Opcode : 'load' 'store'> <Ports = 2> <Width = 32> <Depth = 48> <RAM>
ST_28 : Operation 217 [1/1] (0.00ns)   --->   "%input_features_casted_addr_43 = getelementptr i32 %input_features_casted, i64 0, i64 43" [../../../../HWSWAI/HLS/SampleDatasetMLP.cpp:80]   --->   Operation 217 'getelementptr' 'input_features_casted_addr_43' <Predicate = true> <Delay = 0.00>
ST_28 : Operation 218 [2/2] (1.23ns)   --->   "%input_features_casted_load_43 = load i6 %input_features_casted_addr_43" [../../../../HWSWAI/HLS/SampleDatasetMLP.cpp:80]   --->   Operation 218 'load' 'input_features_casted_load_43' <Predicate = true> <Delay = 1.23> <CoreInst = "RAM">   --->   Core 83 'RAM' <Latency = 1> <II = 1> <Delay = 1.23> <Storage> <Opcode : 'load' 'store'> <Ports = 2> <Width = 32> <Depth = 48> <RAM>

State 29 <SV = 28> <Delay = 1.23>
ST_29 : Operation 219 [1/2] (1.23ns)   --->   "%input_features_casted_load_42 = load i6 %input_features_casted_addr_42" [../../../../HWSWAI/HLS/SampleDatasetMLP.cpp:80]   --->   Operation 219 'load' 'input_features_casted_load_42' <Predicate = true> <Delay = 1.23> <CoreInst = "RAM">   --->   Core 83 'RAM' <Latency = 1> <II = 1> <Delay = 1.23> <Storage> <Opcode : 'load' 'store'> <Ports = 2> <Width = 32> <Depth = 48> <RAM>
ST_29 : Operation 220 [1/2] (1.23ns)   --->   "%input_features_casted_load_43 = load i6 %input_features_casted_addr_43" [../../../../HWSWAI/HLS/SampleDatasetMLP.cpp:80]   --->   Operation 220 'load' 'input_features_casted_load_43' <Predicate = true> <Delay = 1.23> <CoreInst = "RAM">   --->   Core 83 'RAM' <Latency = 1> <II = 1> <Delay = 1.23> <Storage> <Opcode : 'load' 'store'> <Ports = 2> <Width = 32> <Depth = 48> <RAM>
ST_29 : Operation 221 [1/1] (0.00ns)   --->   "%input_features_casted_addr_44 = getelementptr i32 %input_features_casted, i64 0, i64 44" [../../../../HWSWAI/HLS/SampleDatasetMLP.cpp:80]   --->   Operation 221 'getelementptr' 'input_features_casted_addr_44' <Predicate = true> <Delay = 0.00>
ST_29 : Operation 222 [2/2] (1.23ns)   --->   "%input_features_casted_load_44 = load i6 %input_features_casted_addr_44" [../../../../HWSWAI/HLS/SampleDatasetMLP.cpp:80]   --->   Operation 222 'load' 'input_features_casted_load_44' <Predicate = true> <Delay = 1.23> <CoreInst = "RAM">   --->   Core 83 'RAM' <Latency = 1> <II = 1> <Delay = 1.23> <Storage> <Opcode : 'load' 'store'> <Ports = 2> <Width = 32> <Depth = 48> <RAM>
ST_29 : Operation 223 [1/1] (0.00ns)   --->   "%input_features_casted_addr_45 = getelementptr i32 %input_features_casted, i64 0, i64 45" [../../../../HWSWAI/HLS/SampleDatasetMLP.cpp:80]   --->   Operation 223 'getelementptr' 'input_features_casted_addr_45' <Predicate = true> <Delay = 0.00>
ST_29 : Operation 224 [2/2] (1.23ns)   --->   "%input_features_casted_load_45 = load i6 %input_features_casted_addr_45" [../../../../HWSWAI/HLS/SampleDatasetMLP.cpp:80]   --->   Operation 224 'load' 'input_features_casted_load_45' <Predicate = true> <Delay = 1.23> <CoreInst = "RAM">   --->   Core 83 'RAM' <Latency = 1> <II = 1> <Delay = 1.23> <Storage> <Opcode : 'load' 'store'> <Ports = 2> <Width = 32> <Depth = 48> <RAM>

State 30 <SV = 29> <Delay = 1.23>
ST_30 : Operation 225 [1/2] (1.23ns)   --->   "%input_features_casted_load_44 = load i6 %input_features_casted_addr_44" [../../../../HWSWAI/HLS/SampleDatasetMLP.cpp:80]   --->   Operation 225 'load' 'input_features_casted_load_44' <Predicate = true> <Delay = 1.23> <CoreInst = "RAM">   --->   Core 83 'RAM' <Latency = 1> <II = 1> <Delay = 1.23> <Storage> <Opcode : 'load' 'store'> <Ports = 2> <Width = 32> <Depth = 48> <RAM>
ST_30 : Operation 226 [1/2] (1.23ns)   --->   "%input_features_casted_load_45 = load i6 %input_features_casted_addr_45" [../../../../HWSWAI/HLS/SampleDatasetMLP.cpp:80]   --->   Operation 226 'load' 'input_features_casted_load_45' <Predicate = true> <Delay = 1.23> <CoreInst = "RAM">   --->   Core 83 'RAM' <Latency = 1> <II = 1> <Delay = 1.23> <Storage> <Opcode : 'load' 'store'> <Ports = 2> <Width = 32> <Depth = 48> <RAM>
ST_30 : Operation 227 [1/1] (0.00ns)   --->   "%input_features_casted_addr_46 = getelementptr i32 %input_features_casted, i64 0, i64 46" [../../../../HWSWAI/HLS/SampleDatasetMLP.cpp:80]   --->   Operation 227 'getelementptr' 'input_features_casted_addr_46' <Predicate = true> <Delay = 0.00>
ST_30 : Operation 228 [2/2] (1.23ns)   --->   "%input_features_casted_load_46 = load i6 %input_features_casted_addr_46" [../../../../HWSWAI/HLS/SampleDatasetMLP.cpp:80]   --->   Operation 228 'load' 'input_features_casted_load_46' <Predicate = true> <Delay = 1.23> <CoreInst = "RAM">   --->   Core 83 'RAM' <Latency = 1> <II = 1> <Delay = 1.23> <Storage> <Opcode : 'load' 'store'> <Ports = 2> <Width = 32> <Depth = 48> <RAM>
ST_30 : Operation 229 [1/1] (0.00ns)   --->   "%input_features_casted_addr_47 = getelementptr i32 %input_features_casted, i64 0, i64 47" [../../../../HWSWAI/HLS/SampleDatasetMLP.cpp:80]   --->   Operation 229 'getelementptr' 'input_features_casted_addr_47' <Predicate = true> <Delay = 0.00>
ST_30 : Operation 230 [2/2] (1.23ns)   --->   "%input_features_casted_load_47 = load i6 %input_features_casted_addr_47" [../../../../HWSWAI/HLS/SampleDatasetMLP.cpp:80]   --->   Operation 230 'load' 'input_features_casted_load_47' <Predicate = true> <Delay = 1.23> <CoreInst = "RAM">   --->   Core 83 'RAM' <Latency = 1> <II = 1> <Delay = 1.23> <Storage> <Opcode : 'load' 'store'> <Ports = 2> <Width = 32> <Depth = 48> <RAM>

State 31 <SV = 30> <Delay = 1.23>
ST_31 : Operation 231 [1/2] (1.23ns)   --->   "%input_features_casted_load_46 = load i6 %input_features_casted_addr_46" [../../../../HWSWAI/HLS/SampleDatasetMLP.cpp:80]   --->   Operation 231 'load' 'input_features_casted_load_46' <Predicate = true> <Delay = 1.23> <CoreInst = "RAM">   --->   Core 83 'RAM' <Latency = 1> <II = 1> <Delay = 1.23> <Storage> <Opcode : 'load' 'store'> <Ports = 2> <Width = 32> <Depth = 48> <RAM>
ST_31 : Operation 232 [1/2] (1.23ns)   --->   "%input_features_casted_load_47 = load i6 %input_features_casted_addr_47" [../../../../HWSWAI/HLS/SampleDatasetMLP.cpp:80]   --->   Operation 232 'load' 'input_features_casted_load_47' <Predicate = true> <Delay = 1.23> <CoreInst = "RAM">   --->   Core 83 'RAM' <Latency = 1> <II = 1> <Delay = 1.23> <Storage> <Opcode : 'load' 'store'> <Ports = 2> <Width = 32> <Depth = 48> <RAM>
ST_31 : Operation 233 [2/2] (0.00ns)   --->   "%call_ln80 = call void @MLP_Pipeline_VITIS_LOOP_77_3, i32 %hidden_layer_1, i32 %input_features_casted_load, i32 %input_features_casted_load_1, i32 %input_features_casted_load_2, i32 %input_features_casted_load_3, i32 %input_features_casted_load_4, i32 %input_features_casted_load_5, i32 %input_features_casted_load_6, i32 %input_features_casted_load_7, i32 %input_features_casted_load_8, i32 %input_features_casted_load_9, i32 %input_features_casted_load_10, i32 %input_features_casted_load_11, i32 %input_features_casted_load_12, i32 %input_features_casted_load_13, i32 %input_features_casted_load_14, i32 %input_features_casted_load_15, i32 %input_features_casted_load_16, i32 %input_features_casted_load_17, i32 %input_features_casted_load_18, i32 %input_features_casted_load_19, i32 %input_features_casted_load_20, i32 %input_features_casted_load_21, i32 %input_features_casted_load_22, i32 %input_features_casted_load_23, i32 %input_features_casted_load_24, i32 %input_features_casted_load_25, i32 %input_features_casted_load_26, i32 %input_features_casted_load_27, i32 %input_features_casted_load_28, i32 %input_features_casted_load_29, i32 %input_features_casted_load_30, i32 %input_features_casted_load_31, i32 %input_features_casted_load_32, i32 %input_features_casted_load_33, i32 %input_features_casted_load_34, i32 %input_features_casted_load_35, i32 %input_features_casted_load_36, i32 %input_features_casted_load_37, i32 %input_features_casted_load_38, i32 %input_features_casted_load_39, i32 %input_features_casted_load_40, i32 %input_features_casted_load_41, i32 %input_features_casted_load_42, i32 %input_features_casted_load_43, i32 %input_features_casted_load_44, i32 %input_features_casted_load_45, i32 %input_features_casted_load_46, i32 %input_features_casted_load_47, i32 %weights_1_0, i32 %weights_1_1, i32 %weights_1_2, i32 %weights_1_3, i32 %weights_1_4, i32 %weights_1_5, i32 %weights_1_6, i32 %weights_1_7, i32 %weights_1_8, i32 %weights_1_9, i32 %weights_1_10, i32 %weights_1_11, i32 %weights_1_12, i32 %weights_1_13, i32 %weights_1_14, i32 %weights_1_15, i32 %weights_1_16, i32 %weights_1_17, i32 %weights_1_18, i32 %weights_1_19, i32 %weights_1_20, i32 %weights_1_21, i32 %weights_1_22, i32 %weights_1_23, i32 %weights_1_24, i32 %weights_1_25, i32 %weights_1_26, i32 %weights_1_27, i32 %weights_1_28, i32 %weights_1_29, i32 %weights_1_30, i32 %weights_1_31, i32 %weights_1_32, i32 %weights_1_33, i32 %weights_1_34, i32 %weights_1_35, i32 %weights_1_36, i32 %weights_1_37, i32 %weights_1_38, i32 %weights_1_39, i32 %weights_1_40, i32 %weights_1_41, i32 %weights_1_42, i32 %weights_1_43, i32 %weights_1_44, i32 %weights_1_45, i32 %weights_1_46, i32 %weights_1_47, i32 %hidden_bias_1" [../../../../HWSWAI/HLS/SampleDatasetMLP.cpp:80]   --->   Operation 233 'call' 'call_ln80' <Predicate = true> <Delay = 0.00> <CoreType = "Generic">   --->   Core 0 '' <Latency = 0> <II = 1> <Delay = 1.00> <Generic> <Opcode : >

State 32 <SV = 31> <Delay = 0.00>
ST_32 : Operation 234 [1/2] (0.00ns)   --->   "%call_ln80 = call void @MLP_Pipeline_VITIS_LOOP_77_3, i32 %hidden_layer_1, i32 %input_features_casted_load, i32 %input_features_casted_load_1, i32 %input_features_casted_load_2, i32 %input_features_casted_load_3, i32 %input_features_casted_load_4, i32 %input_features_casted_load_5, i32 %input_features_casted_load_6, i32 %input_features_casted_load_7, i32 %input_features_casted_load_8, i32 %input_features_casted_load_9, i32 %input_features_casted_load_10, i32 %input_features_casted_load_11, i32 %input_features_casted_load_12, i32 %input_features_casted_load_13, i32 %input_features_casted_load_14, i32 %input_features_casted_load_15, i32 %input_features_casted_load_16, i32 %input_features_casted_load_17, i32 %input_features_casted_load_18, i32 %input_features_casted_load_19, i32 %input_features_casted_load_20, i32 %input_features_casted_load_21, i32 %input_features_casted_load_22, i32 %input_features_casted_load_23, i32 %input_features_casted_load_24, i32 %input_features_casted_load_25, i32 %input_features_casted_load_26, i32 %input_features_casted_load_27, i32 %input_features_casted_load_28, i32 %input_features_casted_load_29, i32 %input_features_casted_load_30, i32 %input_features_casted_load_31, i32 %input_features_casted_load_32, i32 %input_features_casted_load_33, i32 %input_features_casted_load_34, i32 %input_features_casted_load_35, i32 %input_features_casted_load_36, i32 %input_features_casted_load_37, i32 %input_features_casted_load_38, i32 %input_features_casted_load_39, i32 %input_features_casted_load_40, i32 %input_features_casted_load_41, i32 %input_features_casted_load_42, i32 %input_features_casted_load_43, i32 %input_features_casted_load_44, i32 %input_features_casted_load_45, i32 %input_features_casted_load_46, i32 %input_features_casted_load_47, i32 %weights_1_0, i32 %weights_1_1, i32 %weights_1_2, i32 %weights_1_3, i32 %weights_1_4, i32 %weights_1_5, i32 %weights_1_6, i32 %weights_1_7, i32 %weights_1_8, i32 %weights_1_9, i32 %weights_1_10, i32 %weights_1_11, i32 %weights_1_12, i32 %weights_1_13, i32 %weights_1_14, i32 %weights_1_15, i32 %weights_1_16, i32 %weights_1_17, i32 %weights_1_18, i32 %weights_1_19, i32 %weights_1_20, i32 %weights_1_21, i32 %weights_1_22, i32 %weights_1_23, i32 %weights_1_24, i32 %weights_1_25, i32 %weights_1_26, i32 %weights_1_27, i32 %weights_1_28, i32 %weights_1_29, i32 %weights_1_30, i32 %weights_1_31, i32 %weights_1_32, i32 %weights_1_33, i32 %weights_1_34, i32 %weights_1_35, i32 %weights_1_36, i32 %weights_1_37, i32 %weights_1_38, i32 %weights_1_39, i32 %weights_1_40, i32 %weights_1_41, i32 %weights_1_42, i32 %weights_1_43, i32 %weights_1_44, i32 %weights_1_45, i32 %weights_1_46, i32 %weights_1_47, i32 %hidden_bias_1" [../../../../HWSWAI/HLS/SampleDatasetMLP.cpp:80]   --->   Operation 234 'call' 'call_ln80' <Predicate = true> <Delay = 0.00> <CoreType = "Generic">   --->   Core 0 '' <Latency = 0> <II = 1> <Delay = 1.00> <Generic> <Opcode : >

State 33 <SV = 32> <Delay = 0.67>
ST_33 : Operation 235 [1/1] (0.00ns)   --->   "%hidden_layer_1_addr = getelementptr i32 %hidden_layer_1, i64 0, i64 0" [../../../../HWSWAI/HLS/SampleDatasetMLP.cpp:97]   --->   Operation 235 'getelementptr' 'hidden_layer_1_addr' <Predicate = true> <Delay = 0.00>
ST_33 : Operation 236 [2/2] (0.67ns)   --->   "%hidden_layer_1_load = load i5 %hidden_layer_1_addr" [../../../../HWSWAI/HLS/SampleDatasetMLP.cpp:97]   --->   Operation 236 'load' 'hidden_layer_1_load' <Predicate = true> <Delay = 0.67> <CoreInst = "RAM">   --->   Core 83 'RAM' <Latency = 1> <II = 1> <Delay = 0.67> <Storage> <Opcode : 'load' 'store'> <Ports = 2> <Width = 32> <Depth = 24> <RAM>
ST_33 : Operation 237 [1/1] (0.00ns)   --->   "%hidden_layer_1_addr_1 = getelementptr i32 %hidden_layer_1, i64 0, i64 1" [../../../../HWSWAI/HLS/SampleDatasetMLP.cpp:97]   --->   Operation 237 'getelementptr' 'hidden_layer_1_addr_1' <Predicate = true> <Delay = 0.00>
ST_33 : Operation 238 [2/2] (0.67ns)   --->   "%hidden_layer_1_load_1 = load i5 %hidden_layer_1_addr_1" [../../../../HWSWAI/HLS/SampleDatasetMLP.cpp:97]   --->   Operation 238 'load' 'hidden_layer_1_load_1' <Predicate = true> <Delay = 0.67> <CoreInst = "RAM">   --->   Core 83 'RAM' <Latency = 1> <II = 1> <Delay = 0.67> <Storage> <Opcode : 'load' 'store'> <Ports = 2> <Width = 32> <Depth = 24> <RAM>

State 34 <SV = 33> <Delay = 0.67>
ST_34 : Operation 239 [1/2] (0.67ns)   --->   "%hidden_layer_1_load = load i5 %hidden_layer_1_addr" [../../../../HWSWAI/HLS/SampleDatasetMLP.cpp:97]   --->   Operation 239 'load' 'hidden_layer_1_load' <Predicate = true> <Delay = 0.67> <CoreInst = "RAM">   --->   Core 83 'RAM' <Latency = 1> <II = 1> <Delay = 0.67> <Storage> <Opcode : 'load' 'store'> <Ports = 2> <Width = 32> <Depth = 24> <RAM>
ST_34 : Operation 240 [1/2] (0.67ns)   --->   "%hidden_layer_1_load_1 = load i5 %hidden_layer_1_addr_1" [../../../../HWSWAI/HLS/SampleDatasetMLP.cpp:97]   --->   Operation 240 'load' 'hidden_layer_1_load_1' <Predicate = true> <Delay = 0.67> <CoreInst = "RAM">   --->   Core 83 'RAM' <Latency = 1> <II = 1> <Delay = 0.67> <Storage> <Opcode : 'load' 'store'> <Ports = 2> <Width = 32> <Depth = 24> <RAM>
ST_34 : Operation 241 [1/1] (0.00ns)   --->   "%hidden_layer_1_addr_2 = getelementptr i32 %hidden_layer_1, i64 0, i64 2" [../../../../HWSWAI/HLS/SampleDatasetMLP.cpp:97]   --->   Operation 241 'getelementptr' 'hidden_layer_1_addr_2' <Predicate = true> <Delay = 0.00>
ST_34 : Operation 242 [2/2] (0.67ns)   --->   "%hidden_layer_1_load_2 = load i5 %hidden_layer_1_addr_2" [../../../../HWSWAI/HLS/SampleDatasetMLP.cpp:97]   --->   Operation 242 'load' 'hidden_layer_1_load_2' <Predicate = true> <Delay = 0.67> <CoreInst = "RAM">   --->   Core 83 'RAM' <Latency = 1> <II = 1> <Delay = 0.67> <Storage> <Opcode : 'load' 'store'> <Ports = 2> <Width = 32> <Depth = 24> <RAM>
ST_34 : Operation 243 [1/1] (0.00ns)   --->   "%hidden_layer_1_addr_3 = getelementptr i32 %hidden_layer_1, i64 0, i64 3" [../../../../HWSWAI/HLS/SampleDatasetMLP.cpp:97]   --->   Operation 243 'getelementptr' 'hidden_layer_1_addr_3' <Predicate = true> <Delay = 0.00>
ST_34 : Operation 244 [2/2] (0.67ns)   --->   "%hidden_layer_1_load_3 = load i5 %hidden_layer_1_addr_3" [../../../../HWSWAI/HLS/SampleDatasetMLP.cpp:97]   --->   Operation 244 'load' 'hidden_layer_1_load_3' <Predicate = true> <Delay = 0.67> <CoreInst = "RAM">   --->   Core 83 'RAM' <Latency = 1> <II = 1> <Delay = 0.67> <Storage> <Opcode : 'load' 'store'> <Ports = 2> <Width = 32> <Depth = 24> <RAM>

State 35 <SV = 34> <Delay = 0.67>
ST_35 : Operation 245 [1/2] (0.67ns)   --->   "%hidden_layer_1_load_2 = load i5 %hidden_layer_1_addr_2" [../../../../HWSWAI/HLS/SampleDatasetMLP.cpp:97]   --->   Operation 245 'load' 'hidden_layer_1_load_2' <Predicate = true> <Delay = 0.67> <CoreInst = "RAM">   --->   Core 83 'RAM' <Latency = 1> <II = 1> <Delay = 0.67> <Storage> <Opcode : 'load' 'store'> <Ports = 2> <Width = 32> <Depth = 24> <RAM>
ST_35 : Operation 246 [1/2] (0.67ns)   --->   "%hidden_layer_1_load_3 = load i5 %hidden_layer_1_addr_3" [../../../../HWSWAI/HLS/SampleDatasetMLP.cpp:97]   --->   Operation 246 'load' 'hidden_layer_1_load_3' <Predicate = true> <Delay = 0.67> <CoreInst = "RAM">   --->   Core 83 'RAM' <Latency = 1> <II = 1> <Delay = 0.67> <Storage> <Opcode : 'load' 'store'> <Ports = 2> <Width = 32> <Depth = 24> <RAM>
ST_35 : Operation 247 [1/1] (0.00ns)   --->   "%hidden_layer_1_addr_4 = getelementptr i32 %hidden_layer_1, i64 0, i64 4" [../../../../HWSWAI/HLS/SampleDatasetMLP.cpp:97]   --->   Operation 247 'getelementptr' 'hidden_layer_1_addr_4' <Predicate = true> <Delay = 0.00>
ST_35 : Operation 248 [2/2] (0.67ns)   --->   "%hidden_layer_1_load_4 = load i5 %hidden_layer_1_addr_4" [../../../../HWSWAI/HLS/SampleDatasetMLP.cpp:97]   --->   Operation 248 'load' 'hidden_layer_1_load_4' <Predicate = true> <Delay = 0.67> <CoreInst = "RAM">   --->   Core 83 'RAM' <Latency = 1> <II = 1> <Delay = 0.67> <Storage> <Opcode : 'load' 'store'> <Ports = 2> <Width = 32> <Depth = 24> <RAM>
ST_35 : Operation 249 [1/1] (0.00ns)   --->   "%hidden_layer_1_addr_5 = getelementptr i32 %hidden_layer_1, i64 0, i64 5" [../../../../HWSWAI/HLS/SampleDatasetMLP.cpp:97]   --->   Operation 249 'getelementptr' 'hidden_layer_1_addr_5' <Predicate = true> <Delay = 0.00>
ST_35 : Operation 250 [2/2] (0.67ns)   --->   "%hidden_layer_1_load_5 = load i5 %hidden_layer_1_addr_5" [../../../../HWSWAI/HLS/SampleDatasetMLP.cpp:97]   --->   Operation 250 'load' 'hidden_layer_1_load_5' <Predicate = true> <Delay = 0.67> <CoreInst = "RAM">   --->   Core 83 'RAM' <Latency = 1> <II = 1> <Delay = 0.67> <Storage> <Opcode : 'load' 'store'> <Ports = 2> <Width = 32> <Depth = 24> <RAM>

State 36 <SV = 35> <Delay = 0.67>
ST_36 : Operation 251 [1/2] (0.67ns)   --->   "%hidden_layer_1_load_4 = load i5 %hidden_layer_1_addr_4" [../../../../HWSWAI/HLS/SampleDatasetMLP.cpp:97]   --->   Operation 251 'load' 'hidden_layer_1_load_4' <Predicate = true> <Delay = 0.67> <CoreInst = "RAM">   --->   Core 83 'RAM' <Latency = 1> <II = 1> <Delay = 0.67> <Storage> <Opcode : 'load' 'store'> <Ports = 2> <Width = 32> <Depth = 24> <RAM>
ST_36 : Operation 252 [1/2] (0.67ns)   --->   "%hidden_layer_1_load_5 = load i5 %hidden_layer_1_addr_5" [../../../../HWSWAI/HLS/SampleDatasetMLP.cpp:97]   --->   Operation 252 'load' 'hidden_layer_1_load_5' <Predicate = true> <Delay = 0.67> <CoreInst = "RAM">   --->   Core 83 'RAM' <Latency = 1> <II = 1> <Delay = 0.67> <Storage> <Opcode : 'load' 'store'> <Ports = 2> <Width = 32> <Depth = 24> <RAM>
ST_36 : Operation 253 [1/1] (0.00ns)   --->   "%hidden_layer_1_addr_6 = getelementptr i32 %hidden_layer_1, i64 0, i64 6" [../../../../HWSWAI/HLS/SampleDatasetMLP.cpp:97]   --->   Operation 253 'getelementptr' 'hidden_layer_1_addr_6' <Predicate = true> <Delay = 0.00>
ST_36 : Operation 254 [2/2] (0.67ns)   --->   "%hidden_layer_1_load_6 = load i5 %hidden_layer_1_addr_6" [../../../../HWSWAI/HLS/SampleDatasetMLP.cpp:97]   --->   Operation 254 'load' 'hidden_layer_1_load_6' <Predicate = true> <Delay = 0.67> <CoreInst = "RAM">   --->   Core 83 'RAM' <Latency = 1> <II = 1> <Delay = 0.67> <Storage> <Opcode : 'load' 'store'> <Ports = 2> <Width = 32> <Depth = 24> <RAM>
ST_36 : Operation 255 [1/1] (0.00ns)   --->   "%hidden_layer_1_addr_7 = getelementptr i32 %hidden_layer_1, i64 0, i64 7" [../../../../HWSWAI/HLS/SampleDatasetMLP.cpp:97]   --->   Operation 255 'getelementptr' 'hidden_layer_1_addr_7' <Predicate = true> <Delay = 0.00>
ST_36 : Operation 256 [2/2] (0.67ns)   --->   "%hidden_layer_1_load_7 = load i5 %hidden_layer_1_addr_7" [../../../../HWSWAI/HLS/SampleDatasetMLP.cpp:97]   --->   Operation 256 'load' 'hidden_layer_1_load_7' <Predicate = true> <Delay = 0.67> <CoreInst = "RAM">   --->   Core 83 'RAM' <Latency = 1> <II = 1> <Delay = 0.67> <Storage> <Opcode : 'load' 'store'> <Ports = 2> <Width = 32> <Depth = 24> <RAM>

State 37 <SV = 36> <Delay = 0.67>
ST_37 : Operation 257 [1/2] (0.67ns)   --->   "%hidden_layer_1_load_6 = load i5 %hidden_layer_1_addr_6" [../../../../HWSWAI/HLS/SampleDatasetMLP.cpp:97]   --->   Operation 257 'load' 'hidden_layer_1_load_6' <Predicate = true> <Delay = 0.67> <CoreInst = "RAM">   --->   Core 83 'RAM' <Latency = 1> <II = 1> <Delay = 0.67> <Storage> <Opcode : 'load' 'store'> <Ports = 2> <Width = 32> <Depth = 24> <RAM>
ST_37 : Operation 258 [1/2] (0.67ns)   --->   "%hidden_layer_1_load_7 = load i5 %hidden_layer_1_addr_7" [../../../../HWSWAI/HLS/SampleDatasetMLP.cpp:97]   --->   Operation 258 'load' 'hidden_layer_1_load_7' <Predicate = true> <Delay = 0.67> <CoreInst = "RAM">   --->   Core 83 'RAM' <Latency = 1> <II = 1> <Delay = 0.67> <Storage> <Opcode : 'load' 'store'> <Ports = 2> <Width = 32> <Depth = 24> <RAM>
ST_37 : Operation 259 [1/1] (0.00ns)   --->   "%hidden_layer_1_addr_8 = getelementptr i32 %hidden_layer_1, i64 0, i64 8" [../../../../HWSWAI/HLS/SampleDatasetMLP.cpp:97]   --->   Operation 259 'getelementptr' 'hidden_layer_1_addr_8' <Predicate = true> <Delay = 0.00>
ST_37 : Operation 260 [2/2] (0.67ns)   --->   "%hidden_layer_1_load_8 = load i5 %hidden_layer_1_addr_8" [../../../../HWSWAI/HLS/SampleDatasetMLP.cpp:97]   --->   Operation 260 'load' 'hidden_layer_1_load_8' <Predicate = true> <Delay = 0.67> <CoreInst = "RAM">   --->   Core 83 'RAM' <Latency = 1> <II = 1> <Delay = 0.67> <Storage> <Opcode : 'load' 'store'> <Ports = 2> <Width = 32> <Depth = 24> <RAM>
ST_37 : Operation 261 [1/1] (0.00ns)   --->   "%hidden_layer_1_addr_9 = getelementptr i32 %hidden_layer_1, i64 0, i64 9" [../../../../HWSWAI/HLS/SampleDatasetMLP.cpp:97]   --->   Operation 261 'getelementptr' 'hidden_layer_1_addr_9' <Predicate = true> <Delay = 0.00>
ST_37 : Operation 262 [2/2] (0.67ns)   --->   "%hidden_layer_1_load_9 = load i5 %hidden_layer_1_addr_9" [../../../../HWSWAI/HLS/SampleDatasetMLP.cpp:97]   --->   Operation 262 'load' 'hidden_layer_1_load_9' <Predicate = true> <Delay = 0.67> <CoreInst = "RAM">   --->   Core 83 'RAM' <Latency = 1> <II = 1> <Delay = 0.67> <Storage> <Opcode : 'load' 'store'> <Ports = 2> <Width = 32> <Depth = 24> <RAM>

State 38 <SV = 37> <Delay = 0.67>
ST_38 : Operation 263 [1/2] (0.67ns)   --->   "%hidden_layer_1_load_8 = load i5 %hidden_layer_1_addr_8" [../../../../HWSWAI/HLS/SampleDatasetMLP.cpp:97]   --->   Operation 263 'load' 'hidden_layer_1_load_8' <Predicate = true> <Delay = 0.67> <CoreInst = "RAM">   --->   Core 83 'RAM' <Latency = 1> <II = 1> <Delay = 0.67> <Storage> <Opcode : 'load' 'store'> <Ports = 2> <Width = 32> <Depth = 24> <RAM>
ST_38 : Operation 264 [1/2] (0.67ns)   --->   "%hidden_layer_1_load_9 = load i5 %hidden_layer_1_addr_9" [../../../../HWSWAI/HLS/SampleDatasetMLP.cpp:97]   --->   Operation 264 'load' 'hidden_layer_1_load_9' <Predicate = true> <Delay = 0.67> <CoreInst = "RAM">   --->   Core 83 'RAM' <Latency = 1> <II = 1> <Delay = 0.67> <Storage> <Opcode : 'load' 'store'> <Ports = 2> <Width = 32> <Depth = 24> <RAM>
ST_38 : Operation 265 [1/1] (0.00ns)   --->   "%hidden_layer_1_addr_10 = getelementptr i32 %hidden_layer_1, i64 0, i64 10" [../../../../HWSWAI/HLS/SampleDatasetMLP.cpp:97]   --->   Operation 265 'getelementptr' 'hidden_layer_1_addr_10' <Predicate = true> <Delay = 0.00>
ST_38 : Operation 266 [2/2] (0.67ns)   --->   "%hidden_layer_1_load_10 = load i5 %hidden_layer_1_addr_10" [../../../../HWSWAI/HLS/SampleDatasetMLP.cpp:97]   --->   Operation 266 'load' 'hidden_layer_1_load_10' <Predicate = true> <Delay = 0.67> <CoreInst = "RAM">   --->   Core 83 'RAM' <Latency = 1> <II = 1> <Delay = 0.67> <Storage> <Opcode : 'load' 'store'> <Ports = 2> <Width = 32> <Depth = 24> <RAM>
ST_38 : Operation 267 [1/1] (0.00ns)   --->   "%hidden_layer_1_addr_11 = getelementptr i32 %hidden_layer_1, i64 0, i64 11" [../../../../HWSWAI/HLS/SampleDatasetMLP.cpp:97]   --->   Operation 267 'getelementptr' 'hidden_layer_1_addr_11' <Predicate = true> <Delay = 0.00>
ST_38 : Operation 268 [2/2] (0.67ns)   --->   "%hidden_layer_1_load_11 = load i5 %hidden_layer_1_addr_11" [../../../../HWSWAI/HLS/SampleDatasetMLP.cpp:97]   --->   Operation 268 'load' 'hidden_layer_1_load_11' <Predicate = true> <Delay = 0.67> <CoreInst = "RAM">   --->   Core 83 'RAM' <Latency = 1> <II = 1> <Delay = 0.67> <Storage> <Opcode : 'load' 'store'> <Ports = 2> <Width = 32> <Depth = 24> <RAM>

State 39 <SV = 38> <Delay = 0.67>
ST_39 : Operation 269 [1/2] (0.67ns)   --->   "%hidden_layer_1_load_10 = load i5 %hidden_layer_1_addr_10" [../../../../HWSWAI/HLS/SampleDatasetMLP.cpp:97]   --->   Operation 269 'load' 'hidden_layer_1_load_10' <Predicate = true> <Delay = 0.67> <CoreInst = "RAM">   --->   Core 83 'RAM' <Latency = 1> <II = 1> <Delay = 0.67> <Storage> <Opcode : 'load' 'store'> <Ports = 2> <Width = 32> <Depth = 24> <RAM>
ST_39 : Operation 270 [1/2] (0.67ns)   --->   "%hidden_layer_1_load_11 = load i5 %hidden_layer_1_addr_11" [../../../../HWSWAI/HLS/SampleDatasetMLP.cpp:97]   --->   Operation 270 'load' 'hidden_layer_1_load_11' <Predicate = true> <Delay = 0.67> <CoreInst = "RAM">   --->   Core 83 'RAM' <Latency = 1> <II = 1> <Delay = 0.67> <Storage> <Opcode : 'load' 'store'> <Ports = 2> <Width = 32> <Depth = 24> <RAM>
ST_39 : Operation 271 [1/1] (0.00ns)   --->   "%hidden_layer_1_addr_12 = getelementptr i32 %hidden_layer_1, i64 0, i64 12" [../../../../HWSWAI/HLS/SampleDatasetMLP.cpp:97]   --->   Operation 271 'getelementptr' 'hidden_layer_1_addr_12' <Predicate = true> <Delay = 0.00>
ST_39 : Operation 272 [2/2] (0.67ns)   --->   "%hidden_layer_1_load_12 = load i5 %hidden_layer_1_addr_12" [../../../../HWSWAI/HLS/SampleDatasetMLP.cpp:97]   --->   Operation 272 'load' 'hidden_layer_1_load_12' <Predicate = true> <Delay = 0.67> <CoreInst = "RAM">   --->   Core 83 'RAM' <Latency = 1> <II = 1> <Delay = 0.67> <Storage> <Opcode : 'load' 'store'> <Ports = 2> <Width = 32> <Depth = 24> <RAM>
ST_39 : Operation 273 [1/1] (0.00ns)   --->   "%hidden_layer_1_addr_13 = getelementptr i32 %hidden_layer_1, i64 0, i64 13" [../../../../HWSWAI/HLS/SampleDatasetMLP.cpp:97]   --->   Operation 273 'getelementptr' 'hidden_layer_1_addr_13' <Predicate = true> <Delay = 0.00>
ST_39 : Operation 274 [2/2] (0.67ns)   --->   "%hidden_layer_1_load_13 = load i5 %hidden_layer_1_addr_13" [../../../../HWSWAI/HLS/SampleDatasetMLP.cpp:97]   --->   Operation 274 'load' 'hidden_layer_1_load_13' <Predicate = true> <Delay = 0.67> <CoreInst = "RAM">   --->   Core 83 'RAM' <Latency = 1> <II = 1> <Delay = 0.67> <Storage> <Opcode : 'load' 'store'> <Ports = 2> <Width = 32> <Depth = 24> <RAM>

State 40 <SV = 39> <Delay = 0.67>
ST_40 : Operation 275 [1/2] (0.67ns)   --->   "%hidden_layer_1_load_12 = load i5 %hidden_layer_1_addr_12" [../../../../HWSWAI/HLS/SampleDatasetMLP.cpp:97]   --->   Operation 275 'load' 'hidden_layer_1_load_12' <Predicate = true> <Delay = 0.67> <CoreInst = "RAM">   --->   Core 83 'RAM' <Latency = 1> <II = 1> <Delay = 0.67> <Storage> <Opcode : 'load' 'store'> <Ports = 2> <Width = 32> <Depth = 24> <RAM>
ST_40 : Operation 276 [1/2] (0.67ns)   --->   "%hidden_layer_1_load_13 = load i5 %hidden_layer_1_addr_13" [../../../../HWSWAI/HLS/SampleDatasetMLP.cpp:97]   --->   Operation 276 'load' 'hidden_layer_1_load_13' <Predicate = true> <Delay = 0.67> <CoreInst = "RAM">   --->   Core 83 'RAM' <Latency = 1> <II = 1> <Delay = 0.67> <Storage> <Opcode : 'load' 'store'> <Ports = 2> <Width = 32> <Depth = 24> <RAM>
ST_40 : Operation 277 [1/1] (0.00ns)   --->   "%hidden_layer_1_addr_14 = getelementptr i32 %hidden_layer_1, i64 0, i64 14" [../../../../HWSWAI/HLS/SampleDatasetMLP.cpp:97]   --->   Operation 277 'getelementptr' 'hidden_layer_1_addr_14' <Predicate = true> <Delay = 0.00>
ST_40 : Operation 278 [2/2] (0.67ns)   --->   "%hidden_layer_1_load_14 = load i5 %hidden_layer_1_addr_14" [../../../../HWSWAI/HLS/SampleDatasetMLP.cpp:97]   --->   Operation 278 'load' 'hidden_layer_1_load_14' <Predicate = true> <Delay = 0.67> <CoreInst = "RAM">   --->   Core 83 'RAM' <Latency = 1> <II = 1> <Delay = 0.67> <Storage> <Opcode : 'load' 'store'> <Ports = 2> <Width = 32> <Depth = 24> <RAM>
ST_40 : Operation 279 [1/1] (0.00ns)   --->   "%hidden_layer_1_addr_15 = getelementptr i32 %hidden_layer_1, i64 0, i64 15" [../../../../HWSWAI/HLS/SampleDatasetMLP.cpp:97]   --->   Operation 279 'getelementptr' 'hidden_layer_1_addr_15' <Predicate = true> <Delay = 0.00>
ST_40 : Operation 280 [2/2] (0.67ns)   --->   "%hidden_layer_1_load_15 = load i5 %hidden_layer_1_addr_15" [../../../../HWSWAI/HLS/SampleDatasetMLP.cpp:97]   --->   Operation 280 'load' 'hidden_layer_1_load_15' <Predicate = true> <Delay = 0.67> <CoreInst = "RAM">   --->   Core 83 'RAM' <Latency = 1> <II = 1> <Delay = 0.67> <Storage> <Opcode : 'load' 'store'> <Ports = 2> <Width = 32> <Depth = 24> <RAM>

State 41 <SV = 40> <Delay = 0.67>
ST_41 : Operation 281 [1/2] (0.67ns)   --->   "%hidden_layer_1_load_14 = load i5 %hidden_layer_1_addr_14" [../../../../HWSWAI/HLS/SampleDatasetMLP.cpp:97]   --->   Operation 281 'load' 'hidden_layer_1_load_14' <Predicate = true> <Delay = 0.67> <CoreInst = "RAM">   --->   Core 83 'RAM' <Latency = 1> <II = 1> <Delay = 0.67> <Storage> <Opcode : 'load' 'store'> <Ports = 2> <Width = 32> <Depth = 24> <RAM>
ST_41 : Operation 282 [1/2] (0.67ns)   --->   "%hidden_layer_1_load_15 = load i5 %hidden_layer_1_addr_15" [../../../../HWSWAI/HLS/SampleDatasetMLP.cpp:97]   --->   Operation 282 'load' 'hidden_layer_1_load_15' <Predicate = true> <Delay = 0.67> <CoreInst = "RAM">   --->   Core 83 'RAM' <Latency = 1> <II = 1> <Delay = 0.67> <Storage> <Opcode : 'load' 'store'> <Ports = 2> <Width = 32> <Depth = 24> <RAM>
ST_41 : Operation 283 [1/1] (0.00ns)   --->   "%hidden_layer_1_addr_16 = getelementptr i32 %hidden_layer_1, i64 0, i64 16" [../../../../HWSWAI/HLS/SampleDatasetMLP.cpp:97]   --->   Operation 283 'getelementptr' 'hidden_layer_1_addr_16' <Predicate = true> <Delay = 0.00>
ST_41 : Operation 284 [2/2] (0.67ns)   --->   "%hidden_layer_1_load_16 = load i5 %hidden_layer_1_addr_16" [../../../../HWSWAI/HLS/SampleDatasetMLP.cpp:97]   --->   Operation 284 'load' 'hidden_layer_1_load_16' <Predicate = true> <Delay = 0.67> <CoreInst = "RAM">   --->   Core 83 'RAM' <Latency = 1> <II = 1> <Delay = 0.67> <Storage> <Opcode : 'load' 'store'> <Ports = 2> <Width = 32> <Depth = 24> <RAM>
ST_41 : Operation 285 [1/1] (0.00ns)   --->   "%hidden_layer_1_addr_17 = getelementptr i32 %hidden_layer_1, i64 0, i64 17" [../../../../HWSWAI/HLS/SampleDatasetMLP.cpp:97]   --->   Operation 285 'getelementptr' 'hidden_layer_1_addr_17' <Predicate = true> <Delay = 0.00>
ST_41 : Operation 286 [2/2] (0.67ns)   --->   "%hidden_layer_1_load_17 = load i5 %hidden_layer_1_addr_17" [../../../../HWSWAI/HLS/SampleDatasetMLP.cpp:97]   --->   Operation 286 'load' 'hidden_layer_1_load_17' <Predicate = true> <Delay = 0.67> <CoreInst = "RAM">   --->   Core 83 'RAM' <Latency = 1> <II = 1> <Delay = 0.67> <Storage> <Opcode : 'load' 'store'> <Ports = 2> <Width = 32> <Depth = 24> <RAM>

State 42 <SV = 41> <Delay = 0.67>
ST_42 : Operation 287 [1/2] (0.67ns)   --->   "%hidden_layer_1_load_16 = load i5 %hidden_layer_1_addr_16" [../../../../HWSWAI/HLS/SampleDatasetMLP.cpp:97]   --->   Operation 287 'load' 'hidden_layer_1_load_16' <Predicate = true> <Delay = 0.67> <CoreInst = "RAM">   --->   Core 83 'RAM' <Latency = 1> <II = 1> <Delay = 0.67> <Storage> <Opcode : 'load' 'store'> <Ports = 2> <Width = 32> <Depth = 24> <RAM>
ST_42 : Operation 288 [1/2] (0.67ns)   --->   "%hidden_layer_1_load_17 = load i5 %hidden_layer_1_addr_17" [../../../../HWSWAI/HLS/SampleDatasetMLP.cpp:97]   --->   Operation 288 'load' 'hidden_layer_1_load_17' <Predicate = true> <Delay = 0.67> <CoreInst = "RAM">   --->   Core 83 'RAM' <Latency = 1> <II = 1> <Delay = 0.67> <Storage> <Opcode : 'load' 'store'> <Ports = 2> <Width = 32> <Depth = 24> <RAM>
ST_42 : Operation 289 [1/1] (0.00ns)   --->   "%hidden_layer_1_addr_18 = getelementptr i32 %hidden_layer_1, i64 0, i64 18" [../../../../HWSWAI/HLS/SampleDatasetMLP.cpp:97]   --->   Operation 289 'getelementptr' 'hidden_layer_1_addr_18' <Predicate = true> <Delay = 0.00>
ST_42 : Operation 290 [2/2] (0.67ns)   --->   "%hidden_layer_1_load_18 = load i5 %hidden_layer_1_addr_18" [../../../../HWSWAI/HLS/SampleDatasetMLP.cpp:97]   --->   Operation 290 'load' 'hidden_layer_1_load_18' <Predicate = true> <Delay = 0.67> <CoreInst = "RAM">   --->   Core 83 'RAM' <Latency = 1> <II = 1> <Delay = 0.67> <Storage> <Opcode : 'load' 'store'> <Ports = 2> <Width = 32> <Depth = 24> <RAM>
ST_42 : Operation 291 [1/1] (0.00ns)   --->   "%hidden_layer_1_addr_19 = getelementptr i32 %hidden_layer_1, i64 0, i64 19" [../../../../HWSWAI/HLS/SampleDatasetMLP.cpp:97]   --->   Operation 291 'getelementptr' 'hidden_layer_1_addr_19' <Predicate = true> <Delay = 0.00>
ST_42 : Operation 292 [2/2] (0.67ns)   --->   "%hidden_layer_1_load_19 = load i5 %hidden_layer_1_addr_19" [../../../../HWSWAI/HLS/SampleDatasetMLP.cpp:97]   --->   Operation 292 'load' 'hidden_layer_1_load_19' <Predicate = true> <Delay = 0.67> <CoreInst = "RAM">   --->   Core 83 'RAM' <Latency = 1> <II = 1> <Delay = 0.67> <Storage> <Opcode : 'load' 'store'> <Ports = 2> <Width = 32> <Depth = 24> <RAM>

State 43 <SV = 42> <Delay = 0.67>
ST_43 : Operation 293 [1/2] (0.67ns)   --->   "%hidden_layer_1_load_18 = load i5 %hidden_layer_1_addr_18" [../../../../HWSWAI/HLS/SampleDatasetMLP.cpp:97]   --->   Operation 293 'load' 'hidden_layer_1_load_18' <Predicate = true> <Delay = 0.67> <CoreInst = "RAM">   --->   Core 83 'RAM' <Latency = 1> <II = 1> <Delay = 0.67> <Storage> <Opcode : 'load' 'store'> <Ports = 2> <Width = 32> <Depth = 24> <RAM>
ST_43 : Operation 294 [1/2] (0.67ns)   --->   "%hidden_layer_1_load_19 = load i5 %hidden_layer_1_addr_19" [../../../../HWSWAI/HLS/SampleDatasetMLP.cpp:97]   --->   Operation 294 'load' 'hidden_layer_1_load_19' <Predicate = true> <Delay = 0.67> <CoreInst = "RAM">   --->   Core 83 'RAM' <Latency = 1> <II = 1> <Delay = 0.67> <Storage> <Opcode : 'load' 'store'> <Ports = 2> <Width = 32> <Depth = 24> <RAM>
ST_43 : Operation 295 [1/1] (0.00ns)   --->   "%hidden_layer_1_addr_20 = getelementptr i32 %hidden_layer_1, i64 0, i64 20" [../../../../HWSWAI/HLS/SampleDatasetMLP.cpp:97]   --->   Operation 295 'getelementptr' 'hidden_layer_1_addr_20' <Predicate = true> <Delay = 0.00>
ST_43 : Operation 296 [2/2] (0.67ns)   --->   "%hidden_layer_1_load_20 = load i5 %hidden_layer_1_addr_20" [../../../../HWSWAI/HLS/SampleDatasetMLP.cpp:97]   --->   Operation 296 'load' 'hidden_layer_1_load_20' <Predicate = true> <Delay = 0.67> <CoreInst = "RAM">   --->   Core 83 'RAM' <Latency = 1> <II = 1> <Delay = 0.67> <Storage> <Opcode : 'load' 'store'> <Ports = 2> <Width = 32> <Depth = 24> <RAM>
ST_43 : Operation 297 [1/1] (0.00ns)   --->   "%hidden_layer_1_addr_21 = getelementptr i32 %hidden_layer_1, i64 0, i64 21" [../../../../HWSWAI/HLS/SampleDatasetMLP.cpp:97]   --->   Operation 297 'getelementptr' 'hidden_layer_1_addr_21' <Predicate = true> <Delay = 0.00>
ST_43 : Operation 298 [2/2] (0.67ns)   --->   "%hidden_layer_1_load_21 = load i5 %hidden_layer_1_addr_21" [../../../../HWSWAI/HLS/SampleDatasetMLP.cpp:97]   --->   Operation 298 'load' 'hidden_layer_1_load_21' <Predicate = true> <Delay = 0.67> <CoreInst = "RAM">   --->   Core 83 'RAM' <Latency = 1> <II = 1> <Delay = 0.67> <Storage> <Opcode : 'load' 'store'> <Ports = 2> <Width = 32> <Depth = 24> <RAM>

State 44 <SV = 43> <Delay = 0.67>
ST_44 : Operation 299 [1/2] (0.67ns)   --->   "%hidden_layer_1_load_20 = load i5 %hidden_layer_1_addr_20" [../../../../HWSWAI/HLS/SampleDatasetMLP.cpp:97]   --->   Operation 299 'load' 'hidden_layer_1_load_20' <Predicate = true> <Delay = 0.67> <CoreInst = "RAM">   --->   Core 83 'RAM' <Latency = 1> <II = 1> <Delay = 0.67> <Storage> <Opcode : 'load' 'store'> <Ports = 2> <Width = 32> <Depth = 24> <RAM>
ST_44 : Operation 300 [1/2] (0.67ns)   --->   "%hidden_layer_1_load_21 = load i5 %hidden_layer_1_addr_21" [../../../../HWSWAI/HLS/SampleDatasetMLP.cpp:97]   --->   Operation 300 'load' 'hidden_layer_1_load_21' <Predicate = true> <Delay = 0.67> <CoreInst = "RAM">   --->   Core 83 'RAM' <Latency = 1> <II = 1> <Delay = 0.67> <Storage> <Opcode : 'load' 'store'> <Ports = 2> <Width = 32> <Depth = 24> <RAM>
ST_44 : Operation 301 [1/1] (0.00ns)   --->   "%hidden_layer_1_addr_22 = getelementptr i32 %hidden_layer_1, i64 0, i64 22" [../../../../HWSWAI/HLS/SampleDatasetMLP.cpp:97]   --->   Operation 301 'getelementptr' 'hidden_layer_1_addr_22' <Predicate = true> <Delay = 0.00>
ST_44 : Operation 302 [2/2] (0.67ns)   --->   "%hidden_layer_1_load_22 = load i5 %hidden_layer_1_addr_22" [../../../../HWSWAI/HLS/SampleDatasetMLP.cpp:97]   --->   Operation 302 'load' 'hidden_layer_1_load_22' <Predicate = true> <Delay = 0.67> <CoreInst = "RAM">   --->   Core 83 'RAM' <Latency = 1> <II = 1> <Delay = 0.67> <Storage> <Opcode : 'load' 'store'> <Ports = 2> <Width = 32> <Depth = 24> <RAM>
ST_44 : Operation 303 [1/1] (0.00ns)   --->   "%hidden_layer_1_addr_23 = getelementptr i32 %hidden_layer_1, i64 0, i64 23" [../../../../HWSWAI/HLS/SampleDatasetMLP.cpp:97]   --->   Operation 303 'getelementptr' 'hidden_layer_1_addr_23' <Predicate = true> <Delay = 0.00>
ST_44 : Operation 304 [2/2] (0.67ns)   --->   "%hidden_layer_1_load_23 = load i5 %hidden_layer_1_addr_23" [../../../../HWSWAI/HLS/SampleDatasetMLP.cpp:97]   --->   Operation 304 'load' 'hidden_layer_1_load_23' <Predicate = true> <Delay = 0.67> <CoreInst = "RAM">   --->   Core 83 'RAM' <Latency = 1> <II = 1> <Delay = 0.67> <Storage> <Opcode : 'load' 'store'> <Ports = 2> <Width = 32> <Depth = 24> <RAM>

State 45 <SV = 44> <Delay = 0.67>
ST_45 : Operation 305 [1/2] (0.67ns)   --->   "%hidden_layer_1_load_22 = load i5 %hidden_layer_1_addr_22" [../../../../HWSWAI/HLS/SampleDatasetMLP.cpp:97]   --->   Operation 305 'load' 'hidden_layer_1_load_22' <Predicate = true> <Delay = 0.67> <CoreInst = "RAM">   --->   Core 83 'RAM' <Latency = 1> <II = 1> <Delay = 0.67> <Storage> <Opcode : 'load' 'store'> <Ports = 2> <Width = 32> <Depth = 24> <RAM>
ST_45 : Operation 306 [1/2] (0.67ns)   --->   "%hidden_layer_1_load_23 = load i5 %hidden_layer_1_addr_23" [../../../../HWSWAI/HLS/SampleDatasetMLP.cpp:97]   --->   Operation 306 'load' 'hidden_layer_1_load_23' <Predicate = true> <Delay = 0.67> <CoreInst = "RAM">   --->   Core 83 'RAM' <Latency = 1> <II = 1> <Delay = 0.67> <Storage> <Opcode : 'load' 'store'> <Ports = 2> <Width = 32> <Depth = 24> <RAM>
ST_45 : Operation 307 [2/2] (0.00ns)   --->   "%call_ln97 = call void @MLP_Pipeline_VITIS_LOOP_94_5, i32 %hidden_layer_2, i32 %hidden_layer_1_load, i32 %hidden_layer_1_load_1, i32 %hidden_layer_1_load_2, i32 %hidden_layer_1_load_3, i32 %hidden_layer_1_load_4, i32 %hidden_layer_1_load_5, i32 %hidden_layer_1_load_6, i32 %hidden_layer_1_load_7, i32 %hidden_layer_1_load_8, i32 %hidden_layer_1_load_9, i32 %hidden_layer_1_load_10, i32 %hidden_layer_1_load_11, i32 %hidden_layer_1_load_12, i32 %hidden_layer_1_load_13, i32 %hidden_layer_1_load_14, i32 %hidden_layer_1_load_15, i32 %hidden_layer_1_load_16, i32 %hidden_layer_1_load_17, i32 %hidden_layer_1_load_18, i32 %hidden_layer_1_load_19, i32 %hidden_layer_1_load_20, i32 %hidden_layer_1_load_21, i32 %hidden_layer_1_load_22, i32 %hidden_layer_1_load_23, i32 %weights_2_0, i32 %weights_2_1, i32 %weights_2_2, i32 %weights_2_3, i32 %weights_2_4, i32 %weights_2_5, i32 %weights_2_6, i32 %weights_2_7, i32 %weights_2_8, i32 %weights_2_9, i32 %weights_2_10, i32 %weights_2_11, i32 %weights_2_12, i32 %weights_2_13, i32 %weights_2_14, i32 %weights_2_15, i32 %weights_2_16, i32 %weights_2_17, i32 %weights_2_18, i32 %weights_2_19, i32 %weights_2_20, i32 %weights_2_21, i32 %weights_2_22, i32 %weights_2_23, i32 %hidden_bias_2" [../../../../HWSWAI/HLS/SampleDatasetMLP.cpp:97]   --->   Operation 307 'call' 'call_ln97' <Predicate = true> <Delay = 0.00> <CoreType = "Generic">   --->   Core 0 '' <Latency = 0> <II = 1> <Delay = 1.00> <Generic> <Opcode : >

State 46 <SV = 45> <Delay = 0.00>
ST_46 : Operation 308 [1/2] (0.00ns)   --->   "%call_ln97 = call void @MLP_Pipeline_VITIS_LOOP_94_5, i32 %hidden_layer_2, i32 %hidden_layer_1_load, i32 %hidden_layer_1_load_1, i32 %hidden_layer_1_load_2, i32 %hidden_layer_1_load_3, i32 %hidden_layer_1_load_4, i32 %hidden_layer_1_load_5, i32 %hidden_layer_1_load_6, i32 %hidden_layer_1_load_7, i32 %hidden_layer_1_load_8, i32 %hidden_layer_1_load_9, i32 %hidden_layer_1_load_10, i32 %hidden_layer_1_load_11, i32 %hidden_layer_1_load_12, i32 %hidden_layer_1_load_13, i32 %hidden_layer_1_load_14, i32 %hidden_layer_1_load_15, i32 %hidden_layer_1_load_16, i32 %hidden_layer_1_load_17, i32 %hidden_layer_1_load_18, i32 %hidden_layer_1_load_19, i32 %hidden_layer_1_load_20, i32 %hidden_layer_1_load_21, i32 %hidden_layer_1_load_22, i32 %hidden_layer_1_load_23, i32 %weights_2_0, i32 %weights_2_1, i32 %weights_2_2, i32 %weights_2_3, i32 %weights_2_4, i32 %weights_2_5, i32 %weights_2_6, i32 %weights_2_7, i32 %weights_2_8, i32 %weights_2_9, i32 %weights_2_10, i32 %weights_2_11, i32 %weights_2_12, i32 %weights_2_13, i32 %weights_2_14, i32 %weights_2_15, i32 %weights_2_16, i32 %weights_2_17, i32 %weights_2_18, i32 %weights_2_19, i32 %weights_2_20, i32 %weights_2_21, i32 %weights_2_22, i32 %weights_2_23, i32 %hidden_bias_2" [../../../../HWSWAI/HLS/SampleDatasetMLP.cpp:97]   --->   Operation 308 'call' 'call_ln97' <Predicate = true> <Delay = 0.00> <CoreType = "Generic">   --->   Core 0 '' <Latency = 0> <II = 1> <Delay = 1.00> <Generic> <Opcode : >

State 47 <SV = 46> <Delay = 0.67>
ST_47 : Operation 309 [1/1] (0.00ns)   --->   "%hidden_layer_2_addr = getelementptr i32 %hidden_layer_2, i64 0, i64 0" [../../../../HWSWAI/HLS/SampleDatasetMLP.cpp:114]   --->   Operation 309 'getelementptr' 'hidden_layer_2_addr' <Predicate = true> <Delay = 0.00>
ST_47 : Operation 310 [2/2] (0.67ns)   --->   "%hidden_layer_2_load = load i4 %hidden_layer_2_addr" [../../../../HWSWAI/HLS/SampleDatasetMLP.cpp:114]   --->   Operation 310 'load' 'hidden_layer_2_load' <Predicate = true> <Delay = 0.67> <CoreInst = "RAM">   --->   Core 83 'RAM' <Latency = 1> <II = 1> <Delay = 0.67> <Storage> <Opcode : 'load' 'store'> <Ports = 2> <Width = 32> <Depth = 12> <RAM>
ST_47 : Operation 311 [1/1] (0.00ns)   --->   "%hidden_layer_2_addr_1 = getelementptr i32 %hidden_layer_2, i64 0, i64 1" [../../../../HWSWAI/HLS/SampleDatasetMLP.cpp:114]   --->   Operation 311 'getelementptr' 'hidden_layer_2_addr_1' <Predicate = true> <Delay = 0.00>
ST_47 : Operation 312 [2/2] (0.67ns)   --->   "%hidden_layer_2_load_1 = load i4 %hidden_layer_2_addr_1" [../../../../HWSWAI/HLS/SampleDatasetMLP.cpp:114]   --->   Operation 312 'load' 'hidden_layer_2_load_1' <Predicate = true> <Delay = 0.67> <CoreInst = "RAM">   --->   Core 83 'RAM' <Latency = 1> <II = 1> <Delay = 0.67> <Storage> <Opcode : 'load' 'store'> <Ports = 2> <Width = 32> <Depth = 12> <RAM>

State 48 <SV = 47> <Delay = 0.67>
ST_48 : Operation 313 [1/2] (0.67ns)   --->   "%hidden_layer_2_load = load i4 %hidden_layer_2_addr" [../../../../HWSWAI/HLS/SampleDatasetMLP.cpp:114]   --->   Operation 313 'load' 'hidden_layer_2_load' <Predicate = true> <Delay = 0.67> <CoreInst = "RAM">   --->   Core 83 'RAM' <Latency = 1> <II = 1> <Delay = 0.67> <Storage> <Opcode : 'load' 'store'> <Ports = 2> <Width = 32> <Depth = 12> <RAM>
ST_48 : Operation 314 [1/2] (0.67ns)   --->   "%hidden_layer_2_load_1 = load i4 %hidden_layer_2_addr_1" [../../../../HWSWAI/HLS/SampleDatasetMLP.cpp:114]   --->   Operation 314 'load' 'hidden_layer_2_load_1' <Predicate = true> <Delay = 0.67> <CoreInst = "RAM">   --->   Core 83 'RAM' <Latency = 1> <II = 1> <Delay = 0.67> <Storage> <Opcode : 'load' 'store'> <Ports = 2> <Width = 32> <Depth = 12> <RAM>
ST_48 : Operation 315 [1/1] (0.00ns)   --->   "%hidden_layer_2_addr_2 = getelementptr i32 %hidden_layer_2, i64 0, i64 2" [../../../../HWSWAI/HLS/SampleDatasetMLP.cpp:114]   --->   Operation 315 'getelementptr' 'hidden_layer_2_addr_2' <Predicate = true> <Delay = 0.00>
ST_48 : Operation 316 [2/2] (0.67ns)   --->   "%hidden_layer_2_load_2 = load i4 %hidden_layer_2_addr_2" [../../../../HWSWAI/HLS/SampleDatasetMLP.cpp:114]   --->   Operation 316 'load' 'hidden_layer_2_load_2' <Predicate = true> <Delay = 0.67> <CoreInst = "RAM">   --->   Core 83 'RAM' <Latency = 1> <II = 1> <Delay = 0.67> <Storage> <Opcode : 'load' 'store'> <Ports = 2> <Width = 32> <Depth = 12> <RAM>
ST_48 : Operation 317 [1/1] (0.00ns)   --->   "%hidden_layer_2_addr_3 = getelementptr i32 %hidden_layer_2, i64 0, i64 3" [../../../../HWSWAI/HLS/SampleDatasetMLP.cpp:114]   --->   Operation 317 'getelementptr' 'hidden_layer_2_addr_3' <Predicate = true> <Delay = 0.00>
ST_48 : Operation 318 [2/2] (0.67ns)   --->   "%hidden_layer_2_load_3 = load i4 %hidden_layer_2_addr_3" [../../../../HWSWAI/HLS/SampleDatasetMLP.cpp:114]   --->   Operation 318 'load' 'hidden_layer_2_load_3' <Predicate = true> <Delay = 0.67> <CoreInst = "RAM">   --->   Core 83 'RAM' <Latency = 1> <II = 1> <Delay = 0.67> <Storage> <Opcode : 'load' 'store'> <Ports = 2> <Width = 32> <Depth = 12> <RAM>

State 49 <SV = 48> <Delay = 0.67>
ST_49 : Operation 319 [1/2] (0.67ns)   --->   "%hidden_layer_2_load_2 = load i4 %hidden_layer_2_addr_2" [../../../../HWSWAI/HLS/SampleDatasetMLP.cpp:114]   --->   Operation 319 'load' 'hidden_layer_2_load_2' <Predicate = true> <Delay = 0.67> <CoreInst = "RAM">   --->   Core 83 'RAM' <Latency = 1> <II = 1> <Delay = 0.67> <Storage> <Opcode : 'load' 'store'> <Ports = 2> <Width = 32> <Depth = 12> <RAM>
ST_49 : Operation 320 [1/2] (0.67ns)   --->   "%hidden_layer_2_load_3 = load i4 %hidden_layer_2_addr_3" [../../../../HWSWAI/HLS/SampleDatasetMLP.cpp:114]   --->   Operation 320 'load' 'hidden_layer_2_load_3' <Predicate = true> <Delay = 0.67> <CoreInst = "RAM">   --->   Core 83 'RAM' <Latency = 1> <II = 1> <Delay = 0.67> <Storage> <Opcode : 'load' 'store'> <Ports = 2> <Width = 32> <Depth = 12> <RAM>
ST_49 : Operation 321 [1/1] (0.00ns)   --->   "%hidden_layer_2_addr_4 = getelementptr i32 %hidden_layer_2, i64 0, i64 4" [../../../../HWSWAI/HLS/SampleDatasetMLP.cpp:114]   --->   Operation 321 'getelementptr' 'hidden_layer_2_addr_4' <Predicate = true> <Delay = 0.00>
ST_49 : Operation 322 [2/2] (0.67ns)   --->   "%hidden_layer_2_load_4 = load i4 %hidden_layer_2_addr_4" [../../../../HWSWAI/HLS/SampleDatasetMLP.cpp:114]   --->   Operation 322 'load' 'hidden_layer_2_load_4' <Predicate = true> <Delay = 0.67> <CoreInst = "RAM">   --->   Core 83 'RAM' <Latency = 1> <II = 1> <Delay = 0.67> <Storage> <Opcode : 'load' 'store'> <Ports = 2> <Width = 32> <Depth = 12> <RAM>
ST_49 : Operation 323 [1/1] (0.00ns)   --->   "%hidden_layer_2_addr_5 = getelementptr i32 %hidden_layer_2, i64 0, i64 5" [../../../../HWSWAI/HLS/SampleDatasetMLP.cpp:114]   --->   Operation 323 'getelementptr' 'hidden_layer_2_addr_5' <Predicate = true> <Delay = 0.00>
ST_49 : Operation 324 [2/2] (0.67ns)   --->   "%hidden_layer_2_load_5 = load i4 %hidden_layer_2_addr_5" [../../../../HWSWAI/HLS/SampleDatasetMLP.cpp:114]   --->   Operation 324 'load' 'hidden_layer_2_load_5' <Predicate = true> <Delay = 0.67> <CoreInst = "RAM">   --->   Core 83 'RAM' <Latency = 1> <II = 1> <Delay = 0.67> <Storage> <Opcode : 'load' 'store'> <Ports = 2> <Width = 32> <Depth = 12> <RAM>

State 50 <SV = 49> <Delay = 0.67>
ST_50 : Operation 325 [1/2] (0.67ns)   --->   "%hidden_layer_2_load_4 = load i4 %hidden_layer_2_addr_4" [../../../../HWSWAI/HLS/SampleDatasetMLP.cpp:114]   --->   Operation 325 'load' 'hidden_layer_2_load_4' <Predicate = true> <Delay = 0.67> <CoreInst = "RAM">   --->   Core 83 'RAM' <Latency = 1> <II = 1> <Delay = 0.67> <Storage> <Opcode : 'load' 'store'> <Ports = 2> <Width = 32> <Depth = 12> <RAM>
ST_50 : Operation 326 [1/2] (0.67ns)   --->   "%hidden_layer_2_load_5 = load i4 %hidden_layer_2_addr_5" [../../../../HWSWAI/HLS/SampleDatasetMLP.cpp:114]   --->   Operation 326 'load' 'hidden_layer_2_load_5' <Predicate = true> <Delay = 0.67> <CoreInst = "RAM">   --->   Core 83 'RAM' <Latency = 1> <II = 1> <Delay = 0.67> <Storage> <Opcode : 'load' 'store'> <Ports = 2> <Width = 32> <Depth = 12> <RAM>
ST_50 : Operation 327 [1/1] (0.00ns)   --->   "%hidden_layer_2_addr_6 = getelementptr i32 %hidden_layer_2, i64 0, i64 6" [../../../../HWSWAI/HLS/SampleDatasetMLP.cpp:114]   --->   Operation 327 'getelementptr' 'hidden_layer_2_addr_6' <Predicate = true> <Delay = 0.00>
ST_50 : Operation 328 [2/2] (0.67ns)   --->   "%hidden_layer_2_load_6 = load i4 %hidden_layer_2_addr_6" [../../../../HWSWAI/HLS/SampleDatasetMLP.cpp:114]   --->   Operation 328 'load' 'hidden_layer_2_load_6' <Predicate = true> <Delay = 0.67> <CoreInst = "RAM">   --->   Core 83 'RAM' <Latency = 1> <II = 1> <Delay = 0.67> <Storage> <Opcode : 'load' 'store'> <Ports = 2> <Width = 32> <Depth = 12> <RAM>
ST_50 : Operation 329 [1/1] (0.00ns)   --->   "%hidden_layer_2_addr_7 = getelementptr i32 %hidden_layer_2, i64 0, i64 7" [../../../../HWSWAI/HLS/SampleDatasetMLP.cpp:114]   --->   Operation 329 'getelementptr' 'hidden_layer_2_addr_7' <Predicate = true> <Delay = 0.00>
ST_50 : Operation 330 [2/2] (0.67ns)   --->   "%hidden_layer_2_load_7 = load i4 %hidden_layer_2_addr_7" [../../../../HWSWAI/HLS/SampleDatasetMLP.cpp:114]   --->   Operation 330 'load' 'hidden_layer_2_load_7' <Predicate = true> <Delay = 0.67> <CoreInst = "RAM">   --->   Core 83 'RAM' <Latency = 1> <II = 1> <Delay = 0.67> <Storage> <Opcode : 'load' 'store'> <Ports = 2> <Width = 32> <Depth = 12> <RAM>

State 51 <SV = 50> <Delay = 0.67>
ST_51 : Operation 331 [1/2] (0.67ns)   --->   "%hidden_layer_2_load_6 = load i4 %hidden_layer_2_addr_6" [../../../../HWSWAI/HLS/SampleDatasetMLP.cpp:114]   --->   Operation 331 'load' 'hidden_layer_2_load_6' <Predicate = true> <Delay = 0.67> <CoreInst = "RAM">   --->   Core 83 'RAM' <Latency = 1> <II = 1> <Delay = 0.67> <Storage> <Opcode : 'load' 'store'> <Ports = 2> <Width = 32> <Depth = 12> <RAM>
ST_51 : Operation 332 [1/2] (0.67ns)   --->   "%hidden_layer_2_load_7 = load i4 %hidden_layer_2_addr_7" [../../../../HWSWAI/HLS/SampleDatasetMLP.cpp:114]   --->   Operation 332 'load' 'hidden_layer_2_load_7' <Predicate = true> <Delay = 0.67> <CoreInst = "RAM">   --->   Core 83 'RAM' <Latency = 1> <II = 1> <Delay = 0.67> <Storage> <Opcode : 'load' 'store'> <Ports = 2> <Width = 32> <Depth = 12> <RAM>
ST_51 : Operation 333 [1/1] (0.00ns)   --->   "%hidden_layer_2_addr_8 = getelementptr i32 %hidden_layer_2, i64 0, i64 8" [../../../../HWSWAI/HLS/SampleDatasetMLP.cpp:114]   --->   Operation 333 'getelementptr' 'hidden_layer_2_addr_8' <Predicate = true> <Delay = 0.00>
ST_51 : Operation 334 [2/2] (0.67ns)   --->   "%hidden_layer_2_load_8 = load i4 %hidden_layer_2_addr_8" [../../../../HWSWAI/HLS/SampleDatasetMLP.cpp:114]   --->   Operation 334 'load' 'hidden_layer_2_load_8' <Predicate = true> <Delay = 0.67> <CoreInst = "RAM">   --->   Core 83 'RAM' <Latency = 1> <II = 1> <Delay = 0.67> <Storage> <Opcode : 'load' 'store'> <Ports = 2> <Width = 32> <Depth = 12> <RAM>
ST_51 : Operation 335 [1/1] (0.00ns)   --->   "%hidden_layer_2_addr_9 = getelementptr i32 %hidden_layer_2, i64 0, i64 9" [../../../../HWSWAI/HLS/SampleDatasetMLP.cpp:114]   --->   Operation 335 'getelementptr' 'hidden_layer_2_addr_9' <Predicate = true> <Delay = 0.00>
ST_51 : Operation 336 [2/2] (0.67ns)   --->   "%hidden_layer_2_load_9 = load i4 %hidden_layer_2_addr_9" [../../../../HWSWAI/HLS/SampleDatasetMLP.cpp:114]   --->   Operation 336 'load' 'hidden_layer_2_load_9' <Predicate = true> <Delay = 0.67> <CoreInst = "RAM">   --->   Core 83 'RAM' <Latency = 1> <II = 1> <Delay = 0.67> <Storage> <Opcode : 'load' 'store'> <Ports = 2> <Width = 32> <Depth = 12> <RAM>

State 52 <SV = 51> <Delay = 0.67>
ST_52 : Operation 337 [1/2] (0.67ns)   --->   "%hidden_layer_2_load_8 = load i4 %hidden_layer_2_addr_8" [../../../../HWSWAI/HLS/SampleDatasetMLP.cpp:114]   --->   Operation 337 'load' 'hidden_layer_2_load_8' <Predicate = true> <Delay = 0.67> <CoreInst = "RAM">   --->   Core 83 'RAM' <Latency = 1> <II = 1> <Delay = 0.67> <Storage> <Opcode : 'load' 'store'> <Ports = 2> <Width = 32> <Depth = 12> <RAM>
ST_52 : Operation 338 [1/2] (0.67ns)   --->   "%hidden_layer_2_load_9 = load i4 %hidden_layer_2_addr_9" [../../../../HWSWAI/HLS/SampleDatasetMLP.cpp:114]   --->   Operation 338 'load' 'hidden_layer_2_load_9' <Predicate = true> <Delay = 0.67> <CoreInst = "RAM">   --->   Core 83 'RAM' <Latency = 1> <II = 1> <Delay = 0.67> <Storage> <Opcode : 'load' 'store'> <Ports = 2> <Width = 32> <Depth = 12> <RAM>
ST_52 : Operation 339 [1/1] (0.00ns)   --->   "%hidden_layer_2_addr_10 = getelementptr i32 %hidden_layer_2, i64 0, i64 10" [../../../../HWSWAI/HLS/SampleDatasetMLP.cpp:114]   --->   Operation 339 'getelementptr' 'hidden_layer_2_addr_10' <Predicate = true> <Delay = 0.00>
ST_52 : Operation 340 [2/2] (0.67ns)   --->   "%hidden_layer_2_load_10 = load i4 %hidden_layer_2_addr_10" [../../../../HWSWAI/HLS/SampleDatasetMLP.cpp:114]   --->   Operation 340 'load' 'hidden_layer_2_load_10' <Predicate = true> <Delay = 0.67> <CoreInst = "RAM">   --->   Core 83 'RAM' <Latency = 1> <II = 1> <Delay = 0.67> <Storage> <Opcode : 'load' 'store'> <Ports = 2> <Width = 32> <Depth = 12> <RAM>
ST_52 : Operation 341 [1/1] (0.00ns)   --->   "%hidden_layer_2_addr_11 = getelementptr i32 %hidden_layer_2, i64 0, i64 11" [../../../../HWSWAI/HLS/SampleDatasetMLP.cpp:114]   --->   Operation 341 'getelementptr' 'hidden_layer_2_addr_11' <Predicate = true> <Delay = 0.00>
ST_52 : Operation 342 [2/2] (0.67ns)   --->   "%hidden_layer_2_load_11 = load i4 %hidden_layer_2_addr_11" [../../../../HWSWAI/HLS/SampleDatasetMLP.cpp:114]   --->   Operation 342 'load' 'hidden_layer_2_load_11' <Predicate = true> <Delay = 0.67> <CoreInst = "RAM">   --->   Core 83 'RAM' <Latency = 1> <II = 1> <Delay = 0.67> <Storage> <Opcode : 'load' 'store'> <Ports = 2> <Width = 32> <Depth = 12> <RAM>

State 53 <SV = 52> <Delay = 0.67>
ST_53 : Operation 343 [1/2] (0.67ns)   --->   "%hidden_layer_2_load_10 = load i4 %hidden_layer_2_addr_10" [../../../../HWSWAI/HLS/SampleDatasetMLP.cpp:114]   --->   Operation 343 'load' 'hidden_layer_2_load_10' <Predicate = true> <Delay = 0.67> <CoreInst = "RAM">   --->   Core 83 'RAM' <Latency = 1> <II = 1> <Delay = 0.67> <Storage> <Opcode : 'load' 'store'> <Ports = 2> <Width = 32> <Depth = 12> <RAM>
ST_53 : Operation 344 [1/2] (0.67ns)   --->   "%hidden_layer_2_load_11 = load i4 %hidden_layer_2_addr_11" [../../../../HWSWAI/HLS/SampleDatasetMLP.cpp:114]   --->   Operation 344 'load' 'hidden_layer_2_load_11' <Predicate = true> <Delay = 0.67> <CoreInst = "RAM">   --->   Core 83 'RAM' <Latency = 1> <II = 1> <Delay = 0.67> <Storage> <Opcode : 'load' 'store'> <Ports = 2> <Width = 32> <Depth = 12> <RAM>
ST_53 : Operation 345 [2/2] (0.00ns)   --->   "%call_ln114 = call void @MLP_Pipeline_VITIS_LOOP_111_7, i32 %output_layer, i32 %hidden_layer_2_load, i32 %hidden_layer_2_load_1, i32 %hidden_layer_2_load_2, i32 %hidden_layer_2_load_3, i32 %hidden_layer_2_load_4, i32 %hidden_layer_2_load_5, i32 %hidden_layer_2_load_6, i32 %hidden_layer_2_load_7, i32 %hidden_layer_2_load_8, i32 %hidden_layer_2_load_9, i32 %hidden_layer_2_load_10, i32 %hidden_layer_2_load_11, i32 %output_weights_0, i32 %output_weights_1, i32 %output_weights_2, i32 %output_weights_3, i32 %output_weights_4, i32 %output_weights_5, i32 %output_weights_6, i32 %output_weights_7, i32 %output_weights_8, i32 %output_weights_9, i32 %output_weights_10, i32 %output_weights_11, i32 %output_bias" [../../../../HWSWAI/HLS/SampleDatasetMLP.cpp:114]   --->   Operation 345 'call' 'call_ln114' <Predicate = true> <Delay = 0.00> <CoreType = "Generic">   --->   Core 0 '' <Latency = 0> <II = 1> <Delay = 1.00> <Generic> <Opcode : >

State 54 <SV = 53> <Delay = 0.00>
ST_54 : Operation 346 [1/2] (0.00ns)   --->   "%call_ln114 = call void @MLP_Pipeline_VITIS_LOOP_111_7, i32 %output_layer, i32 %hidden_layer_2_load, i32 %hidden_layer_2_load_1, i32 %hidden_layer_2_load_2, i32 %hidden_layer_2_load_3, i32 %hidden_layer_2_load_4, i32 %hidden_layer_2_load_5, i32 %hidden_layer_2_load_6, i32 %hidden_layer_2_load_7, i32 %hidden_layer_2_load_8, i32 %hidden_layer_2_load_9, i32 %hidden_layer_2_load_10, i32 %hidden_layer_2_load_11, i32 %output_weights_0, i32 %output_weights_1, i32 %output_weights_2, i32 %output_weights_3, i32 %output_weights_4, i32 %output_weights_5, i32 %output_weights_6, i32 %output_weights_7, i32 %output_weights_8, i32 %output_weights_9, i32 %output_weights_10, i32 %output_weights_11, i32 %output_bias" [../../../../HWSWAI/HLS/SampleDatasetMLP.cpp:114]   --->   Operation 346 'call' 'call_ln114' <Predicate = true> <Delay = 0.00> <CoreType = "Generic">   --->   Core 0 '' <Latency = 0> <II = 1> <Delay = 1.00> <Generic> <Opcode : >

State 55 <SV = 54> <Delay = 0.00>
ST_55 : Operation 347 [2/2] (0.00ns)   --->   "%call_ln0 = call void @MLP_Pipeline_VITIS_LOOP_123_9, i32 %output_layer, i32 %output_layer_casted"   --->   Operation 347 'call' 'call_ln0' <Predicate = true> <Delay = 0.00> <CoreType = "Generic">   --->   Core 0 '' <Latency = 0> <II = 1> <Delay = 1.00> <Generic> <Opcode : >

State 56 <SV = 55> <Delay = 0.00>
ST_56 : Operation 348 [1/2] (0.00ns)   --->   "%call_ln0 = call void @MLP_Pipeline_VITIS_LOOP_123_9, i32 %output_layer, i32 %output_layer_casted"   --->   Operation 348 'call' 'call_ln0' <Predicate = true> <Delay = 0.00> <CoreType = "Generic">   --->   Core 0 '' <Latency = 0> <II = 1> <Delay = 1.00> <Generic> <Opcode : >

State 57 <SV = 56> <Delay = 0.00>
ST_57 : Operation 349 [1/1] (0.00ns)   --->   "%tmp_keep_V_loc_load = load i4 %tmp_keep_V_loc"   --->   Operation 349 'load' 'tmp_keep_V_loc_load' <Predicate = true> <Delay = 0.00>
ST_57 : Operation 350 [1/1] (0.00ns)   --->   "%tmp_strb_V_loc_load = load i4 %tmp_strb_V_loc"   --->   Operation 350 'load' 'tmp_strb_V_loc_load' <Predicate = true> <Delay = 0.00>
ST_57 : Operation 351 [1/1] (0.00ns)   --->   "%tmp_user_V_loc_load = load i2 %tmp_user_V_loc"   --->   Operation 351 'load' 'tmp_user_V_loc_load' <Predicate = true> <Delay = 0.00>
ST_57 : Operation 352 [1/1] (0.00ns)   --->   "%tmp_id_V_loc_load = load i5 %tmp_id_V_loc"   --->   Operation 352 'load' 'tmp_id_V_loc_load' <Predicate = true> <Delay = 0.00>
ST_57 : Operation 353 [1/1] (0.00ns)   --->   "%tmp_dest_V_loc_load = load i6 %tmp_dest_V_loc"   --->   Operation 353 'load' 'tmp_dest_V_loc_load' <Predicate = true> <Delay = 0.00>
ST_57 : Operation 354 [1/1] (0.00ns)   --->   "%empty_54 = wait i32 @_ssdm_op_Wait"   --->   Operation 354 'wait' 'empty_54' <Predicate = true> <Delay = 0.00>
ST_57 : Operation 355 [2/2] (0.00ns)   --->   "%call_ln0 = call void @MLP_Pipeline_VITIS_LOOP_128_10, i32 %output_layer_casted, i4 %tmp_keep_V_loc_load, i4 %tmp_strb_V_loc_load, i2 %tmp_user_V_loc_load, i5 %tmp_id_V_loc_load, i6 %tmp_dest_V_loc_load, i32 %out_data_V_data_V, i4 %out_data_V_keep_V, i4 %out_data_V_strb_V, i2 %out_data_V_user_V, i1 %out_data_V_last_V, i5 %out_data_V_id_V, i6 %out_data_V_dest_V"   --->   Operation 355 'call' 'call_ln0' <Predicate = true> <Delay = 0.00> <CoreType = "Generic">   --->   Core 0 '' <Latency = 0> <II = 1> <Delay = 1.00> <Generic> <Opcode : >

State 58 <SV = 57> <Delay = 0.67>
ST_58 : Operation 356 [1/2] (0.67ns)   --->   "%call_ln0 = call void @MLP_Pipeline_VITIS_LOOP_128_10, i32 %output_layer_casted, i4 %tmp_keep_V_loc_load, i4 %tmp_strb_V_loc_load, i2 %tmp_user_V_loc_load, i5 %tmp_id_V_loc_load, i6 %tmp_dest_V_loc_load, i32 %out_data_V_data_V, i4 %out_data_V_keep_V, i4 %out_data_V_strb_V, i2 %out_data_V_user_V, i1 %out_data_V_last_V, i5 %out_data_V_id_V, i6 %out_data_V_dest_V"   --->   Operation 356 'call' 'call_ln0' <Predicate = true> <Delay = 0.67> <CoreType = "Generic">   --->   Core 0 '' <Latency = 0> <II = 1> <Delay = 1.00> <Generic> <Opcode : >

State 59 <SV = 58> <Delay = 0.00>
ST_59 : Operation 357 [1/1] (0.00ns)   --->   "%spectopmodule_ln40 = spectopmodule void @_ssdm_op_SpecTopModule, void @empty_2" [../../../../HWSWAI/HLS/SampleDatasetMLP.cpp:40]   --->   Operation 357 'spectopmodule' 'spectopmodule_ln40' <Predicate = true> <Delay = 0.00>
ST_59 : Operation 358 [1/1] (0.00ns)   --->   "%specinterface_ln40 = specinterface void @_ssdm_op_SpecInterface, i32 0, void @empty_3, i32 0, i32 0, void @empty_0, i32 0, i32 0, void @empty_0, void @empty_0, void @empty_0, i32 0, i32 0, i32 0, i32 0, void @empty_0, void @empty_0, i32 4294967295, i32 0" [../../../../HWSWAI/HLS/SampleDatasetMLP.cpp:40]   --->   Operation 358 'specinterface' 'specinterface_ln40' <Predicate = true> <Delay = 0.00>
ST_59 : Operation 359 [1/1] (0.00ns)   --->   "%specinterface_ln0 = specinterface void @_ssdm_op_SpecInterface, i32 %in_data_V_data_V, i4 %in_data_V_keep_V, i4 %in_data_V_strb_V, i2 %in_data_V_user_V, i1 %in_data_V_last_V, i5 %in_data_V_id_V, i6 %in_data_V_dest_V, void @empty_5, i32 1, i32 1, void @empty, i32 0, i32 0, void @empty_0, void @empty_0, void @empty_0, i32 0, i32 0, i32 0, i32 0, void @empty_0, void @empty_0, i32 4294967295, i32 0"   --->   Operation 359 'specinterface' 'specinterface_ln0' <Predicate = true> <Delay = 0.00>
ST_59 : Operation 360 [1/1] (0.00ns)   --->   "%specbitsmap_ln0 = specbitsmap void @_ssdm_op_SpecBitsMap, i32 %in_data_V_data_V"   --->   Operation 360 'specbitsmap' 'specbitsmap_ln0' <Predicate = true> <Delay = 0.00>
ST_59 : Operation 361 [1/1] (0.00ns)   --->   "%specbitsmap_ln0 = specbitsmap void @_ssdm_op_SpecBitsMap, i4 %in_data_V_keep_V"   --->   Operation 361 'specbitsmap' 'specbitsmap_ln0' <Predicate = true> <Delay = 0.00>
ST_59 : Operation 362 [1/1] (0.00ns)   --->   "%specbitsmap_ln0 = specbitsmap void @_ssdm_op_SpecBitsMap, i4 %in_data_V_strb_V"   --->   Operation 362 'specbitsmap' 'specbitsmap_ln0' <Predicate = true> <Delay = 0.00>
ST_59 : Operation 363 [1/1] (0.00ns)   --->   "%specbitsmap_ln0 = specbitsmap void @_ssdm_op_SpecBitsMap, i2 %in_data_V_user_V"   --->   Operation 363 'specbitsmap' 'specbitsmap_ln0' <Predicate = true> <Delay = 0.00>
ST_59 : Operation 364 [1/1] (0.00ns)   --->   "%specbitsmap_ln0 = specbitsmap void @_ssdm_op_SpecBitsMap, i1 %in_data_V_last_V"   --->   Operation 364 'specbitsmap' 'specbitsmap_ln0' <Predicate = true> <Delay = 0.00>
ST_59 : Operation 365 [1/1] (0.00ns)   --->   "%specbitsmap_ln0 = specbitsmap void @_ssdm_op_SpecBitsMap, i5 %in_data_V_id_V"   --->   Operation 365 'specbitsmap' 'specbitsmap_ln0' <Predicate = true> <Delay = 0.00>
ST_59 : Operation 366 [1/1] (0.00ns)   --->   "%specbitsmap_ln0 = specbitsmap void @_ssdm_op_SpecBitsMap, i6 %in_data_V_dest_V"   --->   Operation 366 'specbitsmap' 'specbitsmap_ln0' <Predicate = true> <Delay = 0.00>
ST_59 : Operation 367 [1/1] (0.00ns)   --->   "%specinterface_ln0 = specinterface void @_ssdm_op_SpecInterface, i32 %out_data_V_data_V, i4 %out_data_V_keep_V, i4 %out_data_V_strb_V, i2 %out_data_V_user_V, i1 %out_data_V_last_V, i5 %out_data_V_id_V, i6 %out_data_V_dest_V, void @empty_5, i32 1, i32 1, void @empty, i32 0, i32 0, void @empty_0, void @empty_0, void @empty_0, i32 0, i32 0, i32 0, i32 0, void @empty_0, void @empty_0, i32 4294967295, i32 0"   --->   Operation 367 'specinterface' 'specinterface_ln0' <Predicate = true> <Delay = 0.00>
ST_59 : Operation 368 [1/1] (0.00ns)   --->   "%specbitsmap_ln0 = specbitsmap void @_ssdm_op_SpecBitsMap, i32 %out_data_V_data_V"   --->   Operation 368 'specbitsmap' 'specbitsmap_ln0' <Predicate = true> <Delay = 0.00>
ST_59 : Operation 369 [1/1] (0.00ns)   --->   "%specbitsmap_ln0 = specbitsmap void @_ssdm_op_SpecBitsMap, i4 %out_data_V_keep_V"   --->   Operation 369 'specbitsmap' 'specbitsmap_ln0' <Predicate = true> <Delay = 0.00>
ST_59 : Operation 370 [1/1] (0.00ns)   --->   "%specbitsmap_ln0 = specbitsmap void @_ssdm_op_SpecBitsMap, i4 %out_data_V_strb_V"   --->   Operation 370 'specbitsmap' 'specbitsmap_ln0' <Predicate = true> <Delay = 0.00>
ST_59 : Operation 371 [1/1] (0.00ns)   --->   "%specbitsmap_ln0 = specbitsmap void @_ssdm_op_SpecBitsMap, i2 %out_data_V_user_V"   --->   Operation 371 'specbitsmap' 'specbitsmap_ln0' <Predicate = true> <Delay = 0.00>
ST_59 : Operation 372 [1/1] (0.00ns)   --->   "%specbitsmap_ln0 = specbitsmap void @_ssdm_op_SpecBitsMap, i1 %out_data_V_last_V"   --->   Operation 372 'specbitsmap' 'specbitsmap_ln0' <Predicate = true> <Delay = 0.00>
ST_59 : Operation 373 [1/1] (0.00ns)   --->   "%specbitsmap_ln0 = specbitsmap void @_ssdm_op_SpecBitsMap, i5 %out_data_V_id_V"   --->   Operation 373 'specbitsmap' 'specbitsmap_ln0' <Predicate = true> <Delay = 0.00>
ST_59 : Operation 374 [1/1] (0.00ns)   --->   "%specbitsmap_ln0 = specbitsmap void @_ssdm_op_SpecBitsMap, i6 %out_data_V_dest_V"   --->   Operation 374 'specbitsmap' 'specbitsmap_ln0' <Predicate = true> <Delay = 0.00>
ST_59 : Operation 375 [1/1] (0.00ns)   --->   "%ret_ln138 = ret" [../../../../HWSWAI/HLS/SampleDatasetMLP.cpp:138]   --->   Operation 375 'ret' 'ret_ln138' <Predicate = true> <Delay = 0.00>


============================================================
+ Verbose Summary: Timing violations
============================================================
Target clock period: 10ns, clock uncertainty: 2.7ns.

 <State 1>: 0ns
The critical path consists of the following:

 <State 2>: 0ns
The critical path consists of the following:

 <State 3>: 1.24ns
The critical path consists of the following:
	'call' operation ('call_ln0') to 'MLP_Pipeline_VITIS_LOOP_58_1' [138]  (1.24 ns)

 <State 4>: 0ns
The critical path consists of the following:

 <State 5>: 0ns
The critical path consists of the following:

 <State 6>: 0ns
The critical path consists of the following:

 <State 7>: 1.24ns
The critical path consists of the following:
	'getelementptr' operation ('input_features_casted_addr', ../../../../HWSWAI/HLS/SampleDatasetMLP.cpp:80) [146]  (0 ns)
	'load' operation ('input_features_casted_load', ../../../../HWSWAI/HLS/SampleDatasetMLP.cpp:80) on array 'input_features_casted', ../../../../HWSWAI/HLS/SampleDatasetMLP.cpp:49 [147]  (1.24 ns)

 <State 8>: 1.24ns
The critical path consists of the following:
	'load' operation ('input_features_casted_load', ../../../../HWSWAI/HLS/SampleDatasetMLP.cpp:80) on array 'input_features_casted', ../../../../HWSWAI/HLS/SampleDatasetMLP.cpp:49 [147]  (1.24 ns)

 <State 9>: 1.24ns
The critical path consists of the following:
	'load' operation ('input_features_casted_load_2', ../../../../HWSWAI/HLS/SampleDatasetMLP.cpp:80) on array 'input_features_casted', ../../../../HWSWAI/HLS/SampleDatasetMLP.cpp:49 [151]  (1.24 ns)

 <State 10>: 1.24ns
The critical path consists of the following:
	'load' operation ('input_features_casted_load_4', ../../../../HWSWAI/HLS/SampleDatasetMLP.cpp:80) on array 'input_features_casted', ../../../../HWSWAI/HLS/SampleDatasetMLP.cpp:49 [155]  (1.24 ns)

 <State 11>: 1.24ns
The critical path consists of the following:
	'load' operation ('input_features_casted_load_6', ../../../../HWSWAI/HLS/SampleDatasetMLP.cpp:80) on array 'input_features_casted', ../../../../HWSWAI/HLS/SampleDatasetMLP.cpp:49 [159]  (1.24 ns)

 <State 12>: 1.24ns
The critical path consists of the following:
	'load' operation ('input_features_casted_load_8', ../../../../HWSWAI/HLS/SampleDatasetMLP.cpp:80) on array 'input_features_casted', ../../../../HWSWAI/HLS/SampleDatasetMLP.cpp:49 [163]  (1.24 ns)

 <State 13>: 1.24ns
The critical path consists of the following:
	'load' operation ('input_features_casted_load_10', ../../../../HWSWAI/HLS/SampleDatasetMLP.cpp:80) on array 'input_features_casted', ../../../../HWSWAI/HLS/SampleDatasetMLP.cpp:49 [167]  (1.24 ns)

 <State 14>: 1.24ns
The critical path consists of the following:
	'load' operation ('input_features_casted_load_12', ../../../../HWSWAI/HLS/SampleDatasetMLP.cpp:80) on array 'input_features_casted', ../../../../HWSWAI/HLS/SampleDatasetMLP.cpp:49 [171]  (1.24 ns)

 <State 15>: 1.24ns
The critical path consists of the following:
	'load' operation ('input_features_casted_load_14', ../../../../HWSWAI/HLS/SampleDatasetMLP.cpp:80) on array 'input_features_casted', ../../../../HWSWAI/HLS/SampleDatasetMLP.cpp:49 [175]  (1.24 ns)

 <State 16>: 1.24ns
The critical path consists of the following:
	'load' operation ('input_features_casted_load_16', ../../../../HWSWAI/HLS/SampleDatasetMLP.cpp:80) on array 'input_features_casted', ../../../../HWSWAI/HLS/SampleDatasetMLP.cpp:49 [179]  (1.24 ns)

 <State 17>: 1.24ns
The critical path consists of the following:
	'load' operation ('input_features_casted_load_18', ../../../../HWSWAI/HLS/SampleDatasetMLP.cpp:80) on array 'input_features_casted', ../../../../HWSWAI/HLS/SampleDatasetMLP.cpp:49 [183]  (1.24 ns)

 <State 18>: 1.24ns
The critical path consists of the following:
	'load' operation ('input_features_casted_load_20', ../../../../HWSWAI/HLS/SampleDatasetMLP.cpp:80) on array 'input_features_casted', ../../../../HWSWAI/HLS/SampleDatasetMLP.cpp:49 [187]  (1.24 ns)

 <State 19>: 1.24ns
The critical path consists of the following:
	'load' operation ('input_features_casted_load_22', ../../../../HWSWAI/HLS/SampleDatasetMLP.cpp:80) on array 'input_features_casted', ../../../../HWSWAI/HLS/SampleDatasetMLP.cpp:49 [191]  (1.24 ns)

 <State 20>: 1.24ns
The critical path consists of the following:
	'load' operation ('input_features_casted_load_24', ../../../../HWSWAI/HLS/SampleDatasetMLP.cpp:80) on array 'input_features_casted', ../../../../HWSWAI/HLS/SampleDatasetMLP.cpp:49 [195]  (1.24 ns)

 <State 21>: 1.24ns
The critical path consists of the following:
	'load' operation ('input_features_casted_load_26', ../../../../HWSWAI/HLS/SampleDatasetMLP.cpp:80) on array 'input_features_casted', ../../../../HWSWAI/HLS/SampleDatasetMLP.cpp:49 [199]  (1.24 ns)

 <State 22>: 1.24ns
The critical path consists of the following:
	'load' operation ('input_features_casted_load_28', ../../../../HWSWAI/HLS/SampleDatasetMLP.cpp:80) on array 'input_features_casted', ../../../../HWSWAI/HLS/SampleDatasetMLP.cpp:49 [203]  (1.24 ns)

 <State 23>: 1.24ns
The critical path consists of the following:
	'load' operation ('input_features_casted_load_30', ../../../../HWSWAI/HLS/SampleDatasetMLP.cpp:80) on array 'input_features_casted', ../../../../HWSWAI/HLS/SampleDatasetMLP.cpp:49 [207]  (1.24 ns)

 <State 24>: 1.24ns
The critical path consists of the following:
	'load' operation ('input_features_casted_load_32', ../../../../HWSWAI/HLS/SampleDatasetMLP.cpp:80) on array 'input_features_casted', ../../../../HWSWAI/HLS/SampleDatasetMLP.cpp:49 [211]  (1.24 ns)

 <State 25>: 1.24ns
The critical path consists of the following:
	'load' operation ('input_features_casted_load_34', ../../../../HWSWAI/HLS/SampleDatasetMLP.cpp:80) on array 'input_features_casted', ../../../../HWSWAI/HLS/SampleDatasetMLP.cpp:49 [215]  (1.24 ns)

 <State 26>: 1.24ns
The critical path consists of the following:
	'load' operation ('input_features_casted_load_36', ../../../../HWSWAI/HLS/SampleDatasetMLP.cpp:80) on array 'input_features_casted', ../../../../HWSWAI/HLS/SampleDatasetMLP.cpp:49 [219]  (1.24 ns)

 <State 27>: 1.24ns
The critical path consists of the following:
	'load' operation ('input_features_casted_load_38', ../../../../HWSWAI/HLS/SampleDatasetMLP.cpp:80) on array 'input_features_casted', ../../../../HWSWAI/HLS/SampleDatasetMLP.cpp:49 [223]  (1.24 ns)

 <State 28>: 1.24ns
The critical path consists of the following:
	'load' operation ('input_features_casted_load_40', ../../../../HWSWAI/HLS/SampleDatasetMLP.cpp:80) on array 'input_features_casted', ../../../../HWSWAI/HLS/SampleDatasetMLP.cpp:49 [227]  (1.24 ns)

 <State 29>: 1.24ns
The critical path consists of the following:
	'load' operation ('input_features_casted_load_42', ../../../../HWSWAI/HLS/SampleDatasetMLP.cpp:80) on array 'input_features_casted', ../../../../HWSWAI/HLS/SampleDatasetMLP.cpp:49 [231]  (1.24 ns)

 <State 30>: 1.24ns
The critical path consists of the following:
	'load' operation ('input_features_casted_load_44', ../../../../HWSWAI/HLS/SampleDatasetMLP.cpp:80) on array 'input_features_casted', ../../../../HWSWAI/HLS/SampleDatasetMLP.cpp:49 [235]  (1.24 ns)

 <State 31>: 1.24ns
The critical path consists of the following:
	'load' operation ('input_features_casted_load_46', ../../../../HWSWAI/HLS/SampleDatasetMLP.cpp:80) on array 'input_features_casted', ../../../../HWSWAI/HLS/SampleDatasetMLP.cpp:49 [239]  (1.24 ns)

 <State 32>: 0ns
The critical path consists of the following:

 <State 33>: 0.677ns
The critical path consists of the following:
	'getelementptr' operation ('hidden_layer_1_addr', ../../../../HWSWAI/HLS/SampleDatasetMLP.cpp:97) [243]  (0 ns)
	'load' operation ('hidden_layer_1_load', ../../../../HWSWAI/HLS/SampleDatasetMLP.cpp:97) on array 'hidden_layer_1', ../../../../HWSWAI/HLS/SampleDatasetMLP.cpp:50 [244]  (0.677 ns)

 <State 34>: 0.677ns
The critical path consists of the following:
	'load' operation ('hidden_layer_1_load', ../../../../HWSWAI/HLS/SampleDatasetMLP.cpp:97) on array 'hidden_layer_1', ../../../../HWSWAI/HLS/SampleDatasetMLP.cpp:50 [244]  (0.677 ns)

 <State 35>: 0.677ns
The critical path consists of the following:
	'load' operation ('hidden_layer_1_load_2', ../../../../HWSWAI/HLS/SampleDatasetMLP.cpp:97) on array 'hidden_layer_1', ../../../../HWSWAI/HLS/SampleDatasetMLP.cpp:50 [248]  (0.677 ns)

 <State 36>: 0.677ns
The critical path consists of the following:
	'load' operation ('hidden_layer_1_load_4', ../../../../HWSWAI/HLS/SampleDatasetMLP.cpp:97) on array 'hidden_layer_1', ../../../../HWSWAI/HLS/SampleDatasetMLP.cpp:50 [252]  (0.677 ns)

 <State 37>: 0.677ns
The critical path consists of the following:
	'load' operation ('hidden_layer_1_load_6', ../../../../HWSWAI/HLS/SampleDatasetMLP.cpp:97) on array 'hidden_layer_1', ../../../../HWSWAI/HLS/SampleDatasetMLP.cpp:50 [256]  (0.677 ns)

 <State 38>: 0.677ns
The critical path consists of the following:
	'load' operation ('hidden_layer_1_load_8', ../../../../HWSWAI/HLS/SampleDatasetMLP.cpp:97) on array 'hidden_layer_1', ../../../../HWSWAI/HLS/SampleDatasetMLP.cpp:50 [260]  (0.677 ns)

 <State 39>: 0.677ns
The critical path consists of the following:
	'load' operation ('hidden_layer_1_load_10', ../../../../HWSWAI/HLS/SampleDatasetMLP.cpp:97) on array 'hidden_layer_1', ../../../../HWSWAI/HLS/SampleDatasetMLP.cpp:50 [264]  (0.677 ns)

 <State 40>: 0.677ns
The critical path consists of the following:
	'load' operation ('hidden_layer_1_load_12', ../../../../HWSWAI/HLS/SampleDatasetMLP.cpp:97) on array 'hidden_layer_1', ../../../../HWSWAI/HLS/SampleDatasetMLP.cpp:50 [268]  (0.677 ns)

 <State 41>: 0.677ns
The critical path consists of the following:
	'load' operation ('hidden_layer_1_load_14', ../../../../HWSWAI/HLS/SampleDatasetMLP.cpp:97) on array 'hidden_layer_1', ../../../../HWSWAI/HLS/SampleDatasetMLP.cpp:50 [272]  (0.677 ns)

 <State 42>: 0.677ns
The critical path consists of the following:
	'load' operation ('hidden_layer_1_load_16', ../../../../HWSWAI/HLS/SampleDatasetMLP.cpp:97) on array 'hidden_layer_1', ../../../../HWSWAI/HLS/SampleDatasetMLP.cpp:50 [276]  (0.677 ns)

 <State 43>: 0.677ns
The critical path consists of the following:
	'load' operation ('hidden_layer_1_load_18', ../../../../HWSWAI/HLS/SampleDatasetMLP.cpp:97) on array 'hidden_layer_1', ../../../../HWSWAI/HLS/SampleDatasetMLP.cpp:50 [280]  (0.677 ns)

 <State 44>: 0.677ns
The critical path consists of the following:
	'load' operation ('hidden_layer_1_load_20', ../../../../HWSWAI/HLS/SampleDatasetMLP.cpp:97) on array 'hidden_layer_1', ../../../../HWSWAI/HLS/SampleDatasetMLP.cpp:50 [284]  (0.677 ns)

 <State 45>: 0.677ns
The critical path consists of the following:
	'load' operation ('hidden_layer_1_load_22', ../../../../HWSWAI/HLS/SampleDatasetMLP.cpp:97) on array 'hidden_layer_1', ../../../../HWSWAI/HLS/SampleDatasetMLP.cpp:50 [288]  (0.677 ns)

 <State 46>: 0ns
The critical path consists of the following:

 <State 47>: 0.677ns
The critical path consists of the following:
	'getelementptr' operation ('hidden_layer_2_addr', ../../../../HWSWAI/HLS/SampleDatasetMLP.cpp:114) [292]  (0 ns)
	'load' operation ('hidden_layer_2_load', ../../../../HWSWAI/HLS/SampleDatasetMLP.cpp:114) on array 'hidden_layer_2', ../../../../HWSWAI/HLS/SampleDatasetMLP.cpp:51 [293]  (0.677 ns)

 <State 48>: 0.677ns
The critical path consists of the following:
	'load' operation ('hidden_layer_2_load', ../../../../HWSWAI/HLS/SampleDatasetMLP.cpp:114) on array 'hidden_layer_2', ../../../../HWSWAI/HLS/SampleDatasetMLP.cpp:51 [293]  (0.677 ns)

 <State 49>: 0.677ns
The critical path consists of the following:
	'load' operation ('hidden_layer_2_load_2', ../../../../HWSWAI/HLS/SampleDatasetMLP.cpp:114) on array 'hidden_layer_2', ../../../../HWSWAI/HLS/SampleDatasetMLP.cpp:51 [297]  (0.677 ns)

 <State 50>: 0.677ns
The critical path consists of the following:
	'load' operation ('hidden_layer_2_load_4', ../../../../HWSWAI/HLS/SampleDatasetMLP.cpp:114) on array 'hidden_layer_2', ../../../../HWSWAI/HLS/SampleDatasetMLP.cpp:51 [301]  (0.677 ns)

 <State 51>: 0.677ns
The critical path consists of the following:
	'load' operation ('hidden_layer_2_load_6', ../../../../HWSWAI/HLS/SampleDatasetMLP.cpp:114) on array 'hidden_layer_2', ../../../../HWSWAI/HLS/SampleDatasetMLP.cpp:51 [305]  (0.677 ns)

 <State 52>: 0.677ns
The critical path consists of the following:
	'load' operation ('hidden_layer_2_load_8', ../../../../HWSWAI/HLS/SampleDatasetMLP.cpp:114) on array 'hidden_layer_2', ../../../../HWSWAI/HLS/SampleDatasetMLP.cpp:51 [309]  (0.677 ns)

 <State 53>: 0.677ns
The critical path consists of the following:
	'load' operation ('hidden_layer_2_load_10', ../../../../HWSWAI/HLS/SampleDatasetMLP.cpp:114) on array 'hidden_layer_2', ../../../../HWSWAI/HLS/SampleDatasetMLP.cpp:51 [313]  (0.677 ns)

 <State 54>: 0ns
The critical path consists of the following:

 <State 55>: 0ns
The critical path consists of the following:

 <State 56>: 0ns
The critical path consists of the following:

 <State 57>: 0ns
The critical path consists of the following:

 <State 58>: 0.677ns
The critical path consists of the following:
	'call' operation ('call_ln0') to 'MLP_Pipeline_VITIS_LOOP_128_10' [319]  (0.677 ns)

 <State 59>: 0ns
The critical path consists of the following:


============================================================
+ Verbose Summary: Binding
============================================================
N/A
* FSMD analyzer results:
  - Output states:
 - Input state : 
  - Chain level:
	State 1
	State 2
	State 3
	State 4
	State 5
	State 6
	State 7
	State 8
	State 9
	State 10
	State 11
	State 12
	State 13
	State 14
	State 15
	State 16
	State 17
	State 18
	State 19
	State 20
	State 21
	State 22
	State 23
	State 24
	State 25
	State 26
	State 27
	State 28
	State 29
	State 30
	State 31
	State 32
	State 33
	State 34
	State 35
	State 36
	State 37
	State 38
	State 39
	State 40
	State 41
	State 42
	State 43
	State 44
	State 45
	State 46
	State 47
	State 48
	State 49
	State 50
	State 51
	State 52
	State 53
	State 54
	State 55
	State 56
	State 57
	State 58
	State 59


============================================================
+ Verbose Summary: Datapath Resource usage 
============================================================
N/A
