

================================================================
== Vitis HLS Report for 'MLP_Pipeline_VITIS_LOOP_94_5'
================================================================
* Date:           Wed Feb 14 00:25:20 2024

* Version:        2022.1 (Build 3526262 on Mon Apr 18 15:48:16 MDT 2022)
* Project:        testHLS2
* Solution:       solution1 (Vivado IP Flow Target)
* Product family: zynquplus
* Target device:  xczu3eg-sbva484-2-i


================================================================
== Performance Estimates
================================================================
+ Timing: 
    * Summary: 
    +--------+----------+----------+------------+
    |  Clock |  Target  | Estimated| Uncertainty|
    +--------+----------+----------+------------+
    |ap_clk  |  10.00 ns|  7.114 ns|     2.70 ns|
    +--------+----------+----------+------------+

+ Latency: 
    * Summary: 
    +---------+---------+----------+----------+-----+-----+---------+
    |  Latency (cycles) |  Latency (absolute) |  Interval | Pipeline|
    |   min   |   max   |    min   |    max   | min | max |   Type  |
    +---------+---------+----------+----------+-----+-----+---------+
    |      119|      119|  1.190 us|  1.190 us|  119|  119|       no|
    +---------+---------+----------+----------+-----+-----+---------+

    + Detail: 
        * Instance: 
        N/A

        * Loop: 
        +-------------------+---------+---------+----------+-----------+-----------+------+----------+
        |                   |  Latency (cycles) | Iteration|  Initiation Interval  | Trip |          |
        |     Loop Name     |   min   |   max   |  Latency |  achieved |   target  | Count| Pipelined|
        +-------------------+---------+---------+----------+-----------+-----------+------+----------+
        |- VITIS_LOOP_94_5  |      117|      117|       107|          1|          1|    12|       yes|
        +-------------------+---------+---------+----------+-----------+-----------+------+----------+

============================================================
+ Verbose Summary: Synthesis Manager
============================================================
InlineROM: 1
ExposeGlobal: 0
============================================================
+ Verbose Summary: CDFG Model
============================================================
IsTopModel: 0
ResetActiveHigh: 1
IsCombinational: 0
IsDatapathOnly: 0
HasWiredReturn: 1
HasMFsm: 2
HasVarLatency: 1
IsPipeline: 0
IsRtlPipelined: 0
IsInstanceOverlapped: 0
IsDontTouch: 0
HasImplIP: 0
IsGatedGlobalClock: 0

+ Individual pipeline summary: 
  * Pipeline-0: initiation interval (II) = 1, depth = 107


============================================================
+ Verbose Summary: Schedule
============================================================
* Number of FSM states : 107
* Pipeline : 1
  Pipeline-0 : II = 1, D = 107, States = { 1 2 3 4 5 6 7 8 9 10 11 12 13 14 15 16 17 18 19 20 21 22 23 24 25 26 27 28 29 30 31 32 33 34 35 36 37 38 39 40 41 42 43 44 45 46 47 48 49 50 51 52 53 54 55 56 57 58 59 60 61 62 63 64 65 66 67 68 69 70 71 72 73 74 75 76 77 78 79 80 81 82 83 84 85 86 87 88 89 90 91 92 93 94 95 96 97 98 99 100 101 102 103 104 105 106 107 }
* Dataflow Pipeline: 0

* FSM state transitions: 
1 --> 2 
2 --> 3 
3 --> 4 
4 --> 5 
5 --> 6 
6 --> 7 
7 --> 8 
8 --> 9 
9 --> 10 
10 --> 11 
11 --> 12 
12 --> 13 
13 --> 14 
14 --> 15 
15 --> 16 
16 --> 17 
17 --> 18 
18 --> 19 
19 --> 20 
20 --> 21 
21 --> 22 
22 --> 23 
23 --> 24 
24 --> 25 
25 --> 26 
26 --> 27 
27 --> 28 
28 --> 29 
29 --> 30 
30 --> 31 
31 --> 32 
32 --> 33 
33 --> 34 
34 --> 35 
35 --> 36 
36 --> 37 
37 --> 38 
38 --> 39 
39 --> 40 
40 --> 41 
41 --> 42 
42 --> 43 
43 --> 44 
44 --> 45 
45 --> 46 
46 --> 47 
47 --> 48 
48 --> 49 
49 --> 50 
50 --> 51 
51 --> 52 
52 --> 53 
53 --> 54 
54 --> 55 
55 --> 56 
56 --> 57 
57 --> 58 
58 --> 59 
59 --> 60 
60 --> 61 
61 --> 62 
62 --> 63 
63 --> 64 
64 --> 65 
65 --> 66 
66 --> 67 
67 --> 68 
68 --> 69 
69 --> 70 
70 --> 71 
71 --> 72 
72 --> 73 
73 --> 74 
74 --> 75 
75 --> 76 
76 --> 77 
77 --> 78 
78 --> 79 
79 --> 80 
80 --> 81 
81 --> 82 
82 --> 83 
83 --> 84 
84 --> 85 
85 --> 86 
86 --> 87 
87 --> 88 
88 --> 89 
89 --> 90 
90 --> 91 
91 --> 92 
92 --> 93 
93 --> 94 
94 --> 95 
95 --> 96 
96 --> 97 
97 --> 98 
98 --> 99 
99 --> 100 
100 --> 101 
101 --> 102 
102 --> 103 
103 --> 104 
104 --> 105 
105 --> 106 
106 --> 107 
107 --> 

* FSM state operations: 

State 1 <SV = 0> <Delay = 1.22>
ST_1 : Operation 110 [1/1] (0.00ns)   --->   "%i = alloca i32 1"   --->   Operation 110 'alloca' 'i' <Predicate = true> <Delay = 0.00>
ST_1 : Operation 111 [1/1] (0.00ns)   --->   "%hidden_layer_1_load_23_read = read i32 @_ssdm_op_Read.ap_auto.float, i32 %hidden_layer_1_load_23"   --->   Operation 111 'read' 'hidden_layer_1_load_23_read' <Predicate = true> <Delay = 0.00>
ST_1 : Operation 112 [1/1] (0.00ns)   --->   "%hidden_layer_1_load_22_read = read i32 @_ssdm_op_Read.ap_auto.float, i32 %hidden_layer_1_load_22"   --->   Operation 112 'read' 'hidden_layer_1_load_22_read' <Predicate = true> <Delay = 0.00>
ST_1 : Operation 113 [1/1] (0.00ns)   --->   "%hidden_layer_1_load_21_read = read i32 @_ssdm_op_Read.ap_auto.float, i32 %hidden_layer_1_load_21"   --->   Operation 113 'read' 'hidden_layer_1_load_21_read' <Predicate = true> <Delay = 0.00>
ST_1 : Operation 114 [1/1] (0.00ns)   --->   "%hidden_layer_1_load_20_read = read i32 @_ssdm_op_Read.ap_auto.float, i32 %hidden_layer_1_load_20"   --->   Operation 114 'read' 'hidden_layer_1_load_20_read' <Predicate = true> <Delay = 0.00>
ST_1 : Operation 115 [1/1] (0.00ns)   --->   "%hidden_layer_1_load_19_read = read i32 @_ssdm_op_Read.ap_auto.float, i32 %hidden_layer_1_load_19"   --->   Operation 115 'read' 'hidden_layer_1_load_19_read' <Predicate = true> <Delay = 0.00>
ST_1 : Operation 116 [1/1] (0.00ns)   --->   "%hidden_layer_1_load_18_read = read i32 @_ssdm_op_Read.ap_auto.float, i32 %hidden_layer_1_load_18"   --->   Operation 116 'read' 'hidden_layer_1_load_18_read' <Predicate = true> <Delay = 0.00>
ST_1 : Operation 117 [1/1] (0.00ns)   --->   "%hidden_layer_1_load_17_read = read i32 @_ssdm_op_Read.ap_auto.float, i32 %hidden_layer_1_load_17"   --->   Operation 117 'read' 'hidden_layer_1_load_17_read' <Predicate = true> <Delay = 0.00>
ST_1 : Operation 118 [1/1] (0.00ns)   --->   "%hidden_layer_1_load_16_read = read i32 @_ssdm_op_Read.ap_auto.float, i32 %hidden_layer_1_load_16"   --->   Operation 118 'read' 'hidden_layer_1_load_16_read' <Predicate = true> <Delay = 0.00>
ST_1 : Operation 119 [1/1] (0.00ns)   --->   "%hidden_layer_1_load_15_read = read i32 @_ssdm_op_Read.ap_auto.float, i32 %hidden_layer_1_load_15"   --->   Operation 119 'read' 'hidden_layer_1_load_15_read' <Predicate = true> <Delay = 0.00>
ST_1 : Operation 120 [1/1] (0.00ns)   --->   "%hidden_layer_1_load_14_read = read i32 @_ssdm_op_Read.ap_auto.float, i32 %hidden_layer_1_load_14"   --->   Operation 120 'read' 'hidden_layer_1_load_14_read' <Predicate = true> <Delay = 0.00>
ST_1 : Operation 121 [1/1] (0.00ns)   --->   "%hidden_layer_1_load_13_read = read i32 @_ssdm_op_Read.ap_auto.float, i32 %hidden_layer_1_load_13"   --->   Operation 121 'read' 'hidden_layer_1_load_13_read' <Predicate = true> <Delay = 0.00>
ST_1 : Operation 122 [1/1] (0.00ns)   --->   "%hidden_layer_1_load_12_read = read i32 @_ssdm_op_Read.ap_auto.float, i32 %hidden_layer_1_load_12"   --->   Operation 122 'read' 'hidden_layer_1_load_12_read' <Predicate = true> <Delay = 0.00>
ST_1 : Operation 123 [1/1] (0.00ns)   --->   "%hidden_layer_1_load_11_read = read i32 @_ssdm_op_Read.ap_auto.float, i32 %hidden_layer_1_load_11"   --->   Operation 123 'read' 'hidden_layer_1_load_11_read' <Predicate = true> <Delay = 0.00>
ST_1 : Operation 124 [1/1] (0.00ns)   --->   "%hidden_layer_1_load_10_read = read i32 @_ssdm_op_Read.ap_auto.float, i32 %hidden_layer_1_load_10"   --->   Operation 124 'read' 'hidden_layer_1_load_10_read' <Predicate = true> <Delay = 0.00>
ST_1 : Operation 125 [1/1] (0.00ns)   --->   "%hidden_layer_1_load_9_read = read i32 @_ssdm_op_Read.ap_auto.float, i32 %hidden_layer_1_load_9"   --->   Operation 125 'read' 'hidden_layer_1_load_9_read' <Predicate = true> <Delay = 0.00>
ST_1 : Operation 126 [1/1] (0.00ns)   --->   "%hidden_layer_1_load_8_read = read i32 @_ssdm_op_Read.ap_auto.float, i32 %hidden_layer_1_load_8"   --->   Operation 126 'read' 'hidden_layer_1_load_8_read' <Predicate = true> <Delay = 0.00>
ST_1 : Operation 127 [1/1] (0.00ns)   --->   "%hidden_layer_1_load_7_read = read i32 @_ssdm_op_Read.ap_auto.float, i32 %hidden_layer_1_load_7"   --->   Operation 127 'read' 'hidden_layer_1_load_7_read' <Predicate = true> <Delay = 0.00>
ST_1 : Operation 128 [1/1] (0.00ns)   --->   "%hidden_layer_1_load_6_read = read i32 @_ssdm_op_Read.ap_auto.float, i32 %hidden_layer_1_load_6"   --->   Operation 128 'read' 'hidden_layer_1_load_6_read' <Predicate = true> <Delay = 0.00>
ST_1 : Operation 129 [1/1] (0.00ns)   --->   "%hidden_layer_1_load_5_read = read i32 @_ssdm_op_Read.ap_auto.float, i32 %hidden_layer_1_load_5"   --->   Operation 129 'read' 'hidden_layer_1_load_5_read' <Predicate = true> <Delay = 0.00>
ST_1 : Operation 130 [1/1] (0.00ns)   --->   "%hidden_layer_1_load_4_read = read i32 @_ssdm_op_Read.ap_auto.float, i32 %hidden_layer_1_load_4"   --->   Operation 130 'read' 'hidden_layer_1_load_4_read' <Predicate = true> <Delay = 0.00>
ST_1 : Operation 131 [1/1] (0.00ns)   --->   "%hidden_layer_1_load_3_read = read i32 @_ssdm_op_Read.ap_auto.float, i32 %hidden_layer_1_load_3"   --->   Operation 131 'read' 'hidden_layer_1_load_3_read' <Predicate = true> <Delay = 0.00>
ST_1 : Operation 132 [1/1] (0.00ns)   --->   "%hidden_layer_1_load_2_read = read i32 @_ssdm_op_Read.ap_auto.float, i32 %hidden_layer_1_load_2"   --->   Operation 132 'read' 'hidden_layer_1_load_2_read' <Predicate = true> <Delay = 0.00>
ST_1 : Operation 133 [1/1] (0.00ns)   --->   "%hidden_layer_1_load_1_read = read i32 @_ssdm_op_Read.ap_auto.float, i32 %hidden_layer_1_load_1"   --->   Operation 133 'read' 'hidden_layer_1_load_1_read' <Predicate = true> <Delay = 0.00>
ST_1 : Operation 134 [1/1] (0.00ns)   --->   "%hidden_layer_1_load_read = read i32 @_ssdm_op_Read.ap_auto.float, i32 %hidden_layer_1_load"   --->   Operation 134 'read' 'hidden_layer_1_load_read' <Predicate = true> <Delay = 0.00>
ST_1 : Operation 135 [1/1] (0.42ns)   --->   "%store_ln0 = store i4 0, i4 %i"   --->   Operation 135 'store' 'store_ln0' <Predicate = true> <Delay = 0.42>
ST_1 : Operation 136 [1/1] (0.00ns)   --->   "%br_ln0 = br void %VITIS_LOOP_96_6"   --->   Operation 136 'br' 'br_ln0' <Predicate = true> <Delay = 0.00>
ST_1 : Operation 137 [1/1] (0.00ns)   --->   "%i_1 = load i4 %i" [../../../../HWSWAI/HLS/SampleDatasetMLP.cpp:94]   --->   Operation 137 'load' 'i_1' <Predicate = true> <Delay = 0.00>
ST_1 : Operation 138 [1/1] (0.00ns)   --->   "%specpipeline_ln0 = specpipeline void @_ssdm_op_SpecPipeline, i32 4294967295, i32 0, i32 1, i32 0, void @p_str"   --->   Operation 138 'specpipeline' 'specpipeline_ln0' <Predicate = true> <Delay = 0.00>
ST_1 : Operation 139 [1/1] (0.72ns)   --->   "%icmp_ln94 = icmp_eq  i4 %i_1, i4 12" [../../../../HWSWAI/HLS/SampleDatasetMLP.cpp:94]   --->   Operation 139 'icmp' 'icmp_ln94' <Predicate = true> <Delay = 0.72> <CoreInst = "Cmp">   --->   Core 9 'Cmp' <Latency = 0> <II = 1> <Delay = 0.72> <FuncUnit> <Opcode : 'icmp'> <InPorts = 2> <OutPorts = 1>
ST_1 : Operation 140 [1/1] (0.00ns)   --->   "%empty = speclooptripcount i32 @_ssdm_op_SpecLoopTripCount, i64 12, i64 12, i64 12"   --->   Operation 140 'speclooptripcount' 'empty' <Predicate = true> <Delay = 0.00>
ST_1 : Operation 141 [1/1] (0.79ns)   --->   "%add_ln94 = add i4 %i_1, i4 1" [../../../../HWSWAI/HLS/SampleDatasetMLP.cpp:94]   --->   Operation 141 'add' 'add_ln94' <Predicate = true> <Delay = 0.79> <CoreInst = "Adder">   --->   Core 1 'Adder' <Latency = 0> <II = 1> <Delay = 0.79> <FuncUnit> <Opcode : 'add' 'sub'> <InPorts = 2> <OutPorts = 1>
ST_1 : Operation 142 [1/1] (0.00ns)   --->   "%br_ln94 = br i1 %icmp_ln94, void %VITIS_LOOP_96_6.split, void %VITIS_LOOP_113_8.preheader.exitStub" [../../../../HWSWAI/HLS/SampleDatasetMLP.cpp:94]   --->   Operation 142 'br' 'br_ln94' <Predicate = true> <Delay = 0.00>
ST_1 : Operation 143 [1/1] (0.00ns)   --->   "%i_2_cast = zext i4 %i_1" [../../../../HWSWAI/HLS/SampleDatasetMLP.cpp:94]   --->   Operation 143 'zext' 'i_2_cast' <Predicate = (!icmp_ln94)> <Delay = 0.00>
ST_1 : Operation 144 [1/1] (0.00ns)   --->   "%weights_2_0_addr = getelementptr i32 %weights_2_0, i64 0, i64 %i_2_cast" [../../../../HWSWAI/HLS/SampleDatasetMLP.cpp:97]   --->   Operation 144 'getelementptr' 'weights_2_0_addr' <Predicate = (!icmp_ln94)> <Delay = 0.00>
ST_1 : Operation 145 [2/2] (0.67ns)   --->   "%weights_2_0_load = load i4 %weights_2_0_addr" [../../../../HWSWAI/HLS/SampleDatasetMLP.cpp:97]   --->   Operation 145 'load' 'weights_2_0_load' <Predicate = (!icmp_ln94)> <Delay = 0.67> <CoreInst = "ROM">   --->   Core 101 'ROM' <Latency = 1> <II = 1> <Delay = 0.67> <Storage> <Opcode : 'load'> <Ports = 0> <Width = 32> <Depth = 12> <ROM>
ST_1 : Operation 146 [1/1] (0.42ns)   --->   "%store_ln94 = store i4 %add_ln94, i4 %i" [../../../../HWSWAI/HLS/SampleDatasetMLP.cpp:94]   --->   Operation 146 'store' 'store_ln94' <Predicate = (!icmp_ln94)> <Delay = 0.42>

State 2 <SV = 1> <Delay = 0.67>
ST_2 : Operation 147 [1/2] (0.67ns)   --->   "%weights_2_0_load = load i4 %weights_2_0_addr" [../../../../HWSWAI/HLS/SampleDatasetMLP.cpp:97]   --->   Operation 147 'load' 'weights_2_0_load' <Predicate = true> <Delay = 0.67> <CoreInst = "ROM">   --->   Core 101 'ROM' <Latency = 1> <II = 1> <Delay = 0.67> <Storage> <Opcode : 'load'> <Ports = 0> <Width = 32> <Depth = 12> <ROM>

State 3 <SV = 2> <Delay = 7.01>
ST_3 : Operation 148 [3/3] (7.01ns)   --->   "%mul1 = fmul i32 %hidden_layer_1_load_read, i32 %weights_2_0_load" [../../../../HWSWAI/HLS/SampleDatasetMLP.cpp:97]   --->   Operation 148 'fmul' 'mul1' <Predicate = true> <Delay = 7.01> <CoreInst = "FMul_maxdsp">   --->   Core 30 'FMul_maxdsp' <Latency = 2> <II = 1> <Delay = 7.01> <FuncUnit> <Opcode : 'fmul'> <InPorts = 2> <OutPorts = 1>

State 4 <SV = 3> <Delay = 7.01>
ST_4 : Operation 149 [2/3] (7.01ns)   --->   "%mul1 = fmul i32 %hidden_layer_1_load_read, i32 %weights_2_0_load" [../../../../HWSWAI/HLS/SampleDatasetMLP.cpp:97]   --->   Operation 149 'fmul' 'mul1' <Predicate = true> <Delay = 7.01> <CoreInst = "FMul_maxdsp">   --->   Core 30 'FMul_maxdsp' <Latency = 2> <II = 1> <Delay = 7.01> <FuncUnit> <Opcode : 'fmul'> <InPorts = 2> <OutPorts = 1>

State 5 <SV = 4> <Delay = 7.01>
ST_5 : Operation 150 [1/3] (7.01ns)   --->   "%mul1 = fmul i32 %hidden_layer_1_load_read, i32 %weights_2_0_load" [../../../../HWSWAI/HLS/SampleDatasetMLP.cpp:97]   --->   Operation 150 'fmul' 'mul1' <Predicate = true> <Delay = 7.01> <CoreInst = "FMul_maxdsp">   --->   Core 30 'FMul_maxdsp' <Latency = 2> <II = 1> <Delay = 7.01> <FuncUnit> <Opcode : 'fmul'> <InPorts = 2> <OutPorts = 1>
ST_5 : Operation 151 [1/1] (0.00ns)   --->   "%weights_2_1_addr = getelementptr i32 %weights_2_1, i64 0, i64 %i_2_cast" [../../../../HWSWAI/HLS/SampleDatasetMLP.cpp:97]   --->   Operation 151 'getelementptr' 'weights_2_1_addr' <Predicate = true> <Delay = 0.00>
ST_5 : Operation 152 [2/2] (0.67ns)   --->   "%weights_2_1_load = load i4 %weights_2_1_addr" [../../../../HWSWAI/HLS/SampleDatasetMLP.cpp:97]   --->   Operation 152 'load' 'weights_2_1_load' <Predicate = true> <Delay = 0.67> <CoreInst = "ROM">   --->   Core 101 'ROM' <Latency = 1> <II = 1> <Delay = 0.67> <Storage> <Opcode : 'load'> <Ports = 0> <Width = 32> <Depth = 12> <ROM>

State 6 <SV = 5> <Delay = 6.43>
ST_6 : Operation 153 [4/4] (6.43ns)   --->   "%add3 = fadd i32 %mul1, i32 0" [../../../../HWSWAI/HLS/SampleDatasetMLP.cpp:97]   --->   Operation 153 'fadd' 'add3' <Predicate = true> <Delay = 6.43> <CoreInst = "FAddSub_fulldsp">   --->   Core 18 'FAddSub_fulldsp' <Latency = 3> <II = 1> <Delay = 6.43> <FuncUnit> <Opcode : 'fadd' 'fsub'> <InPorts = 2> <OutPorts = 1>
ST_6 : Operation 154 [1/2] (0.67ns)   --->   "%weights_2_1_load = load i4 %weights_2_1_addr" [../../../../HWSWAI/HLS/SampleDatasetMLP.cpp:97]   --->   Operation 154 'load' 'weights_2_1_load' <Predicate = true> <Delay = 0.67> <CoreInst = "ROM">   --->   Core 101 'ROM' <Latency = 1> <II = 1> <Delay = 0.67> <Storage> <Opcode : 'load'> <Ports = 0> <Width = 32> <Depth = 12> <ROM>

State 7 <SV = 6> <Delay = 7.01>
ST_7 : Operation 155 [3/4] (6.43ns)   --->   "%add3 = fadd i32 %mul1, i32 0" [../../../../HWSWAI/HLS/SampleDatasetMLP.cpp:97]   --->   Operation 155 'fadd' 'add3' <Predicate = true> <Delay = 6.43> <CoreInst = "FAddSub_fulldsp">   --->   Core 18 'FAddSub_fulldsp' <Latency = 3> <II = 1> <Delay = 6.43> <FuncUnit> <Opcode : 'fadd' 'fsub'> <InPorts = 2> <OutPorts = 1>
ST_7 : Operation 156 [3/3] (7.01ns)   --->   "%mul1_1 = fmul i32 %hidden_layer_1_load_1_read, i32 %weights_2_1_load" [../../../../HWSWAI/HLS/SampleDatasetMLP.cpp:97]   --->   Operation 156 'fmul' 'mul1_1' <Predicate = true> <Delay = 7.01> <CoreInst = "FMul_maxdsp">   --->   Core 30 'FMul_maxdsp' <Latency = 2> <II = 1> <Delay = 7.01> <FuncUnit> <Opcode : 'fmul'> <InPorts = 2> <OutPorts = 1>

State 8 <SV = 7> <Delay = 7.01>
ST_8 : Operation 157 [2/4] (6.43ns)   --->   "%add3 = fadd i32 %mul1, i32 0" [../../../../HWSWAI/HLS/SampleDatasetMLP.cpp:97]   --->   Operation 157 'fadd' 'add3' <Predicate = true> <Delay = 6.43> <CoreInst = "FAddSub_fulldsp">   --->   Core 18 'FAddSub_fulldsp' <Latency = 3> <II = 1> <Delay = 6.43> <FuncUnit> <Opcode : 'fadd' 'fsub'> <InPorts = 2> <OutPorts = 1>
ST_8 : Operation 158 [2/3] (7.01ns)   --->   "%mul1_1 = fmul i32 %hidden_layer_1_load_1_read, i32 %weights_2_1_load" [../../../../HWSWAI/HLS/SampleDatasetMLP.cpp:97]   --->   Operation 158 'fmul' 'mul1_1' <Predicate = true> <Delay = 7.01> <CoreInst = "FMul_maxdsp">   --->   Core 30 'FMul_maxdsp' <Latency = 2> <II = 1> <Delay = 7.01> <FuncUnit> <Opcode : 'fmul'> <InPorts = 2> <OutPorts = 1>

State 9 <SV = 8> <Delay = 7.01>
ST_9 : Operation 159 [1/4] (6.43ns)   --->   "%add3 = fadd i32 %mul1, i32 0" [../../../../HWSWAI/HLS/SampleDatasetMLP.cpp:97]   --->   Operation 159 'fadd' 'add3' <Predicate = true> <Delay = 6.43> <CoreInst = "FAddSub_fulldsp">   --->   Core 18 'FAddSub_fulldsp' <Latency = 3> <II = 1> <Delay = 6.43> <FuncUnit> <Opcode : 'fadd' 'fsub'> <InPorts = 2> <OutPorts = 1>
ST_9 : Operation 160 [1/3] (7.01ns)   --->   "%mul1_1 = fmul i32 %hidden_layer_1_load_1_read, i32 %weights_2_1_load" [../../../../HWSWAI/HLS/SampleDatasetMLP.cpp:97]   --->   Operation 160 'fmul' 'mul1_1' <Predicate = true> <Delay = 7.01> <CoreInst = "FMul_maxdsp">   --->   Core 30 'FMul_maxdsp' <Latency = 2> <II = 1> <Delay = 7.01> <FuncUnit> <Opcode : 'fmul'> <InPorts = 2> <OutPorts = 1>
ST_9 : Operation 161 [1/1] (0.00ns)   --->   "%weights_2_2_addr = getelementptr i32 %weights_2_2, i64 0, i64 %i_2_cast" [../../../../HWSWAI/HLS/SampleDatasetMLP.cpp:97]   --->   Operation 161 'getelementptr' 'weights_2_2_addr' <Predicate = true> <Delay = 0.00>
ST_9 : Operation 162 [2/2] (0.67ns)   --->   "%weights_2_2_load = load i4 %weights_2_2_addr" [../../../../HWSWAI/HLS/SampleDatasetMLP.cpp:97]   --->   Operation 162 'load' 'weights_2_2_load' <Predicate = true> <Delay = 0.67> <CoreInst = "ROM">   --->   Core 101 'ROM' <Latency = 1> <II = 1> <Delay = 0.67> <Storage> <Opcode : 'load'> <Ports = 0> <Width = 32> <Depth = 12> <ROM>

State 10 <SV = 9> <Delay = 6.43>
ST_10 : Operation 163 [4/4] (6.43ns)   --->   "%add3_1 = fadd i32 %add3, i32 %mul1_1" [../../../../HWSWAI/HLS/SampleDatasetMLP.cpp:97]   --->   Operation 163 'fadd' 'add3_1' <Predicate = true> <Delay = 6.43> <CoreInst = "FAddSub_fulldsp">   --->   Core 18 'FAddSub_fulldsp' <Latency = 3> <II = 1> <Delay = 6.43> <FuncUnit> <Opcode : 'fadd' 'fsub'> <InPorts = 2> <OutPorts = 1>
ST_10 : Operation 164 [1/2] (0.67ns)   --->   "%weights_2_2_load = load i4 %weights_2_2_addr" [../../../../HWSWAI/HLS/SampleDatasetMLP.cpp:97]   --->   Operation 164 'load' 'weights_2_2_load' <Predicate = true> <Delay = 0.67> <CoreInst = "ROM">   --->   Core 101 'ROM' <Latency = 1> <II = 1> <Delay = 0.67> <Storage> <Opcode : 'load'> <Ports = 0> <Width = 32> <Depth = 12> <ROM>

State 11 <SV = 10> <Delay = 7.01>
ST_11 : Operation 165 [3/4] (6.43ns)   --->   "%add3_1 = fadd i32 %add3, i32 %mul1_1" [../../../../HWSWAI/HLS/SampleDatasetMLP.cpp:97]   --->   Operation 165 'fadd' 'add3_1' <Predicate = true> <Delay = 6.43> <CoreInst = "FAddSub_fulldsp">   --->   Core 18 'FAddSub_fulldsp' <Latency = 3> <II = 1> <Delay = 6.43> <FuncUnit> <Opcode : 'fadd' 'fsub'> <InPorts = 2> <OutPorts = 1>
ST_11 : Operation 166 [3/3] (7.01ns)   --->   "%mul1_2 = fmul i32 %hidden_layer_1_load_2_read, i32 %weights_2_2_load" [../../../../HWSWAI/HLS/SampleDatasetMLP.cpp:97]   --->   Operation 166 'fmul' 'mul1_2' <Predicate = true> <Delay = 7.01> <CoreInst = "FMul_maxdsp">   --->   Core 30 'FMul_maxdsp' <Latency = 2> <II = 1> <Delay = 7.01> <FuncUnit> <Opcode : 'fmul'> <InPorts = 2> <OutPorts = 1>

State 12 <SV = 11> <Delay = 7.01>
ST_12 : Operation 167 [2/4] (6.43ns)   --->   "%add3_1 = fadd i32 %add3, i32 %mul1_1" [../../../../HWSWAI/HLS/SampleDatasetMLP.cpp:97]   --->   Operation 167 'fadd' 'add3_1' <Predicate = true> <Delay = 6.43> <CoreInst = "FAddSub_fulldsp">   --->   Core 18 'FAddSub_fulldsp' <Latency = 3> <II = 1> <Delay = 6.43> <FuncUnit> <Opcode : 'fadd' 'fsub'> <InPorts = 2> <OutPorts = 1>
ST_12 : Operation 168 [2/3] (7.01ns)   --->   "%mul1_2 = fmul i32 %hidden_layer_1_load_2_read, i32 %weights_2_2_load" [../../../../HWSWAI/HLS/SampleDatasetMLP.cpp:97]   --->   Operation 168 'fmul' 'mul1_2' <Predicate = true> <Delay = 7.01> <CoreInst = "FMul_maxdsp">   --->   Core 30 'FMul_maxdsp' <Latency = 2> <II = 1> <Delay = 7.01> <FuncUnit> <Opcode : 'fmul'> <InPorts = 2> <OutPorts = 1>

State 13 <SV = 12> <Delay = 7.01>
ST_13 : Operation 169 [1/4] (6.43ns)   --->   "%add3_1 = fadd i32 %add3, i32 %mul1_1" [../../../../HWSWAI/HLS/SampleDatasetMLP.cpp:97]   --->   Operation 169 'fadd' 'add3_1' <Predicate = true> <Delay = 6.43> <CoreInst = "FAddSub_fulldsp">   --->   Core 18 'FAddSub_fulldsp' <Latency = 3> <II = 1> <Delay = 6.43> <FuncUnit> <Opcode : 'fadd' 'fsub'> <InPorts = 2> <OutPorts = 1>
ST_13 : Operation 170 [1/3] (7.01ns)   --->   "%mul1_2 = fmul i32 %hidden_layer_1_load_2_read, i32 %weights_2_2_load" [../../../../HWSWAI/HLS/SampleDatasetMLP.cpp:97]   --->   Operation 170 'fmul' 'mul1_2' <Predicate = true> <Delay = 7.01> <CoreInst = "FMul_maxdsp">   --->   Core 30 'FMul_maxdsp' <Latency = 2> <II = 1> <Delay = 7.01> <FuncUnit> <Opcode : 'fmul'> <InPorts = 2> <OutPorts = 1>
ST_13 : Operation 171 [1/1] (0.00ns)   --->   "%weights_2_3_addr = getelementptr i32 %weights_2_3, i64 0, i64 %i_2_cast" [../../../../HWSWAI/HLS/SampleDatasetMLP.cpp:97]   --->   Operation 171 'getelementptr' 'weights_2_3_addr' <Predicate = true> <Delay = 0.00>
ST_13 : Operation 172 [2/2] (0.67ns)   --->   "%weights_2_3_load = load i4 %weights_2_3_addr" [../../../../HWSWAI/HLS/SampleDatasetMLP.cpp:97]   --->   Operation 172 'load' 'weights_2_3_load' <Predicate = true> <Delay = 0.67> <CoreInst = "ROM">   --->   Core 101 'ROM' <Latency = 1> <II = 1> <Delay = 0.67> <Storage> <Opcode : 'load'> <Ports = 0> <Width = 32> <Depth = 12> <ROM>

State 14 <SV = 13> <Delay = 6.43>
ST_14 : Operation 173 [4/4] (6.43ns)   --->   "%add3_2 = fadd i32 %add3_1, i32 %mul1_2" [../../../../HWSWAI/HLS/SampleDatasetMLP.cpp:97]   --->   Operation 173 'fadd' 'add3_2' <Predicate = true> <Delay = 6.43> <CoreInst = "FAddSub_fulldsp">   --->   Core 18 'FAddSub_fulldsp' <Latency = 3> <II = 1> <Delay = 6.43> <FuncUnit> <Opcode : 'fadd' 'fsub'> <InPorts = 2> <OutPorts = 1>
ST_14 : Operation 174 [1/2] (0.67ns)   --->   "%weights_2_3_load = load i4 %weights_2_3_addr" [../../../../HWSWAI/HLS/SampleDatasetMLP.cpp:97]   --->   Operation 174 'load' 'weights_2_3_load' <Predicate = true> <Delay = 0.67> <CoreInst = "ROM">   --->   Core 101 'ROM' <Latency = 1> <II = 1> <Delay = 0.67> <Storage> <Opcode : 'load'> <Ports = 0> <Width = 32> <Depth = 12> <ROM>

State 15 <SV = 14> <Delay = 7.01>
ST_15 : Operation 175 [3/4] (6.43ns)   --->   "%add3_2 = fadd i32 %add3_1, i32 %mul1_2" [../../../../HWSWAI/HLS/SampleDatasetMLP.cpp:97]   --->   Operation 175 'fadd' 'add3_2' <Predicate = true> <Delay = 6.43> <CoreInst = "FAddSub_fulldsp">   --->   Core 18 'FAddSub_fulldsp' <Latency = 3> <II = 1> <Delay = 6.43> <FuncUnit> <Opcode : 'fadd' 'fsub'> <InPorts = 2> <OutPorts = 1>
ST_15 : Operation 176 [3/3] (7.01ns)   --->   "%mul1_3 = fmul i32 %hidden_layer_1_load_3_read, i32 %weights_2_3_load" [../../../../HWSWAI/HLS/SampleDatasetMLP.cpp:97]   --->   Operation 176 'fmul' 'mul1_3' <Predicate = true> <Delay = 7.01> <CoreInst = "FMul_maxdsp">   --->   Core 30 'FMul_maxdsp' <Latency = 2> <II = 1> <Delay = 7.01> <FuncUnit> <Opcode : 'fmul'> <InPorts = 2> <OutPorts = 1>

State 16 <SV = 15> <Delay = 7.01>
ST_16 : Operation 177 [2/4] (6.43ns)   --->   "%add3_2 = fadd i32 %add3_1, i32 %mul1_2" [../../../../HWSWAI/HLS/SampleDatasetMLP.cpp:97]   --->   Operation 177 'fadd' 'add3_2' <Predicate = true> <Delay = 6.43> <CoreInst = "FAddSub_fulldsp">   --->   Core 18 'FAddSub_fulldsp' <Latency = 3> <II = 1> <Delay = 6.43> <FuncUnit> <Opcode : 'fadd' 'fsub'> <InPorts = 2> <OutPorts = 1>
ST_16 : Operation 178 [2/3] (7.01ns)   --->   "%mul1_3 = fmul i32 %hidden_layer_1_load_3_read, i32 %weights_2_3_load" [../../../../HWSWAI/HLS/SampleDatasetMLP.cpp:97]   --->   Operation 178 'fmul' 'mul1_3' <Predicate = true> <Delay = 7.01> <CoreInst = "FMul_maxdsp">   --->   Core 30 'FMul_maxdsp' <Latency = 2> <II = 1> <Delay = 7.01> <FuncUnit> <Opcode : 'fmul'> <InPorts = 2> <OutPorts = 1>

State 17 <SV = 16> <Delay = 7.01>
ST_17 : Operation 179 [1/4] (6.43ns)   --->   "%add3_2 = fadd i32 %add3_1, i32 %mul1_2" [../../../../HWSWAI/HLS/SampleDatasetMLP.cpp:97]   --->   Operation 179 'fadd' 'add3_2' <Predicate = true> <Delay = 6.43> <CoreInst = "FAddSub_fulldsp">   --->   Core 18 'FAddSub_fulldsp' <Latency = 3> <II = 1> <Delay = 6.43> <FuncUnit> <Opcode : 'fadd' 'fsub'> <InPorts = 2> <OutPorts = 1>
ST_17 : Operation 180 [1/3] (7.01ns)   --->   "%mul1_3 = fmul i32 %hidden_layer_1_load_3_read, i32 %weights_2_3_load" [../../../../HWSWAI/HLS/SampleDatasetMLP.cpp:97]   --->   Operation 180 'fmul' 'mul1_3' <Predicate = true> <Delay = 7.01> <CoreInst = "FMul_maxdsp">   --->   Core 30 'FMul_maxdsp' <Latency = 2> <II = 1> <Delay = 7.01> <FuncUnit> <Opcode : 'fmul'> <InPorts = 2> <OutPorts = 1>
ST_17 : Operation 181 [1/1] (0.00ns)   --->   "%weights_2_4_addr = getelementptr i32 %weights_2_4, i64 0, i64 %i_2_cast" [../../../../HWSWAI/HLS/SampleDatasetMLP.cpp:97]   --->   Operation 181 'getelementptr' 'weights_2_4_addr' <Predicate = true> <Delay = 0.00>
ST_17 : Operation 182 [2/2] (0.67ns)   --->   "%weights_2_4_load = load i4 %weights_2_4_addr" [../../../../HWSWAI/HLS/SampleDatasetMLP.cpp:97]   --->   Operation 182 'load' 'weights_2_4_load' <Predicate = true> <Delay = 0.67> <CoreInst = "ROM">   --->   Core 101 'ROM' <Latency = 1> <II = 1> <Delay = 0.67> <Storage> <Opcode : 'load'> <Ports = 0> <Width = 32> <Depth = 12> <ROM>

State 18 <SV = 17> <Delay = 6.43>
ST_18 : Operation 183 [4/4] (6.43ns)   --->   "%add3_3 = fadd i32 %add3_2, i32 %mul1_3" [../../../../HWSWAI/HLS/SampleDatasetMLP.cpp:97]   --->   Operation 183 'fadd' 'add3_3' <Predicate = true> <Delay = 6.43> <CoreInst = "FAddSub_fulldsp">   --->   Core 18 'FAddSub_fulldsp' <Latency = 3> <II = 1> <Delay = 6.43> <FuncUnit> <Opcode : 'fadd' 'fsub'> <InPorts = 2> <OutPorts = 1>
ST_18 : Operation 184 [1/2] (0.67ns)   --->   "%weights_2_4_load = load i4 %weights_2_4_addr" [../../../../HWSWAI/HLS/SampleDatasetMLP.cpp:97]   --->   Operation 184 'load' 'weights_2_4_load' <Predicate = true> <Delay = 0.67> <CoreInst = "ROM">   --->   Core 101 'ROM' <Latency = 1> <II = 1> <Delay = 0.67> <Storage> <Opcode : 'load'> <Ports = 0> <Width = 32> <Depth = 12> <ROM>

State 19 <SV = 18> <Delay = 7.01>
ST_19 : Operation 185 [3/4] (6.43ns)   --->   "%add3_3 = fadd i32 %add3_2, i32 %mul1_3" [../../../../HWSWAI/HLS/SampleDatasetMLP.cpp:97]   --->   Operation 185 'fadd' 'add3_3' <Predicate = true> <Delay = 6.43> <CoreInst = "FAddSub_fulldsp">   --->   Core 18 'FAddSub_fulldsp' <Latency = 3> <II = 1> <Delay = 6.43> <FuncUnit> <Opcode : 'fadd' 'fsub'> <InPorts = 2> <OutPorts = 1>
ST_19 : Operation 186 [3/3] (7.01ns)   --->   "%mul1_4 = fmul i32 %hidden_layer_1_load_4_read, i32 %weights_2_4_load" [../../../../HWSWAI/HLS/SampleDatasetMLP.cpp:97]   --->   Operation 186 'fmul' 'mul1_4' <Predicate = true> <Delay = 7.01> <CoreInst = "FMul_maxdsp">   --->   Core 30 'FMul_maxdsp' <Latency = 2> <II = 1> <Delay = 7.01> <FuncUnit> <Opcode : 'fmul'> <InPorts = 2> <OutPorts = 1>

State 20 <SV = 19> <Delay = 7.01>
ST_20 : Operation 187 [2/4] (6.43ns)   --->   "%add3_3 = fadd i32 %add3_2, i32 %mul1_3" [../../../../HWSWAI/HLS/SampleDatasetMLP.cpp:97]   --->   Operation 187 'fadd' 'add3_3' <Predicate = true> <Delay = 6.43> <CoreInst = "FAddSub_fulldsp">   --->   Core 18 'FAddSub_fulldsp' <Latency = 3> <II = 1> <Delay = 6.43> <FuncUnit> <Opcode : 'fadd' 'fsub'> <InPorts = 2> <OutPorts = 1>
ST_20 : Operation 188 [2/3] (7.01ns)   --->   "%mul1_4 = fmul i32 %hidden_layer_1_load_4_read, i32 %weights_2_4_load" [../../../../HWSWAI/HLS/SampleDatasetMLP.cpp:97]   --->   Operation 188 'fmul' 'mul1_4' <Predicate = true> <Delay = 7.01> <CoreInst = "FMul_maxdsp">   --->   Core 30 'FMul_maxdsp' <Latency = 2> <II = 1> <Delay = 7.01> <FuncUnit> <Opcode : 'fmul'> <InPorts = 2> <OutPorts = 1>

State 21 <SV = 20> <Delay = 7.01>
ST_21 : Operation 189 [1/4] (6.43ns)   --->   "%add3_3 = fadd i32 %add3_2, i32 %mul1_3" [../../../../HWSWAI/HLS/SampleDatasetMLP.cpp:97]   --->   Operation 189 'fadd' 'add3_3' <Predicate = true> <Delay = 6.43> <CoreInst = "FAddSub_fulldsp">   --->   Core 18 'FAddSub_fulldsp' <Latency = 3> <II = 1> <Delay = 6.43> <FuncUnit> <Opcode : 'fadd' 'fsub'> <InPorts = 2> <OutPorts = 1>
ST_21 : Operation 190 [1/3] (7.01ns)   --->   "%mul1_4 = fmul i32 %hidden_layer_1_load_4_read, i32 %weights_2_4_load" [../../../../HWSWAI/HLS/SampleDatasetMLP.cpp:97]   --->   Operation 190 'fmul' 'mul1_4' <Predicate = true> <Delay = 7.01> <CoreInst = "FMul_maxdsp">   --->   Core 30 'FMul_maxdsp' <Latency = 2> <II = 1> <Delay = 7.01> <FuncUnit> <Opcode : 'fmul'> <InPorts = 2> <OutPorts = 1>
ST_21 : Operation 191 [1/1] (0.00ns)   --->   "%weights_2_5_addr = getelementptr i32 %weights_2_5, i64 0, i64 %i_2_cast" [../../../../HWSWAI/HLS/SampleDatasetMLP.cpp:97]   --->   Operation 191 'getelementptr' 'weights_2_5_addr' <Predicate = true> <Delay = 0.00>
ST_21 : Operation 192 [2/2] (0.67ns)   --->   "%weights_2_5_load = load i4 %weights_2_5_addr" [../../../../HWSWAI/HLS/SampleDatasetMLP.cpp:97]   --->   Operation 192 'load' 'weights_2_5_load' <Predicate = true> <Delay = 0.67> <CoreInst = "ROM">   --->   Core 101 'ROM' <Latency = 1> <II = 1> <Delay = 0.67> <Storage> <Opcode : 'load'> <Ports = 0> <Width = 32> <Depth = 12> <ROM>

State 22 <SV = 21> <Delay = 6.43>
ST_22 : Operation 193 [4/4] (6.43ns)   --->   "%add3_4 = fadd i32 %add3_3, i32 %mul1_4" [../../../../HWSWAI/HLS/SampleDatasetMLP.cpp:97]   --->   Operation 193 'fadd' 'add3_4' <Predicate = true> <Delay = 6.43> <CoreInst = "FAddSub_fulldsp">   --->   Core 18 'FAddSub_fulldsp' <Latency = 3> <II = 1> <Delay = 6.43> <FuncUnit> <Opcode : 'fadd' 'fsub'> <InPorts = 2> <OutPorts = 1>
ST_22 : Operation 194 [1/2] (0.67ns)   --->   "%weights_2_5_load = load i4 %weights_2_5_addr" [../../../../HWSWAI/HLS/SampleDatasetMLP.cpp:97]   --->   Operation 194 'load' 'weights_2_5_load' <Predicate = true> <Delay = 0.67> <CoreInst = "ROM">   --->   Core 101 'ROM' <Latency = 1> <II = 1> <Delay = 0.67> <Storage> <Opcode : 'load'> <Ports = 0> <Width = 32> <Depth = 12> <ROM>

State 23 <SV = 22> <Delay = 7.01>
ST_23 : Operation 195 [3/4] (6.43ns)   --->   "%add3_4 = fadd i32 %add3_3, i32 %mul1_4" [../../../../HWSWAI/HLS/SampleDatasetMLP.cpp:97]   --->   Operation 195 'fadd' 'add3_4' <Predicate = true> <Delay = 6.43> <CoreInst = "FAddSub_fulldsp">   --->   Core 18 'FAddSub_fulldsp' <Latency = 3> <II = 1> <Delay = 6.43> <FuncUnit> <Opcode : 'fadd' 'fsub'> <InPorts = 2> <OutPorts = 1>
ST_23 : Operation 196 [3/3] (7.01ns)   --->   "%mul1_5 = fmul i32 %hidden_layer_1_load_5_read, i32 %weights_2_5_load" [../../../../HWSWAI/HLS/SampleDatasetMLP.cpp:97]   --->   Operation 196 'fmul' 'mul1_5' <Predicate = true> <Delay = 7.01> <CoreInst = "FMul_maxdsp">   --->   Core 30 'FMul_maxdsp' <Latency = 2> <II = 1> <Delay = 7.01> <FuncUnit> <Opcode : 'fmul'> <InPorts = 2> <OutPorts = 1>

State 24 <SV = 23> <Delay = 7.01>
ST_24 : Operation 197 [2/4] (6.43ns)   --->   "%add3_4 = fadd i32 %add3_3, i32 %mul1_4" [../../../../HWSWAI/HLS/SampleDatasetMLP.cpp:97]   --->   Operation 197 'fadd' 'add3_4' <Predicate = true> <Delay = 6.43> <CoreInst = "FAddSub_fulldsp">   --->   Core 18 'FAddSub_fulldsp' <Latency = 3> <II = 1> <Delay = 6.43> <FuncUnit> <Opcode : 'fadd' 'fsub'> <InPorts = 2> <OutPorts = 1>
ST_24 : Operation 198 [2/3] (7.01ns)   --->   "%mul1_5 = fmul i32 %hidden_layer_1_load_5_read, i32 %weights_2_5_load" [../../../../HWSWAI/HLS/SampleDatasetMLP.cpp:97]   --->   Operation 198 'fmul' 'mul1_5' <Predicate = true> <Delay = 7.01> <CoreInst = "FMul_maxdsp">   --->   Core 30 'FMul_maxdsp' <Latency = 2> <II = 1> <Delay = 7.01> <FuncUnit> <Opcode : 'fmul'> <InPorts = 2> <OutPorts = 1>

State 25 <SV = 24> <Delay = 7.01>
ST_25 : Operation 199 [1/4] (6.43ns)   --->   "%add3_4 = fadd i32 %add3_3, i32 %mul1_4" [../../../../HWSWAI/HLS/SampleDatasetMLP.cpp:97]   --->   Operation 199 'fadd' 'add3_4' <Predicate = true> <Delay = 6.43> <CoreInst = "FAddSub_fulldsp">   --->   Core 18 'FAddSub_fulldsp' <Latency = 3> <II = 1> <Delay = 6.43> <FuncUnit> <Opcode : 'fadd' 'fsub'> <InPorts = 2> <OutPorts = 1>
ST_25 : Operation 200 [1/3] (7.01ns)   --->   "%mul1_5 = fmul i32 %hidden_layer_1_load_5_read, i32 %weights_2_5_load" [../../../../HWSWAI/HLS/SampleDatasetMLP.cpp:97]   --->   Operation 200 'fmul' 'mul1_5' <Predicate = true> <Delay = 7.01> <CoreInst = "FMul_maxdsp">   --->   Core 30 'FMul_maxdsp' <Latency = 2> <II = 1> <Delay = 7.01> <FuncUnit> <Opcode : 'fmul'> <InPorts = 2> <OutPorts = 1>
ST_25 : Operation 201 [1/1] (0.00ns)   --->   "%weights_2_6_addr = getelementptr i32 %weights_2_6, i64 0, i64 %i_2_cast" [../../../../HWSWAI/HLS/SampleDatasetMLP.cpp:97]   --->   Operation 201 'getelementptr' 'weights_2_6_addr' <Predicate = true> <Delay = 0.00>
ST_25 : Operation 202 [2/2] (0.67ns)   --->   "%weights_2_6_load = load i4 %weights_2_6_addr" [../../../../HWSWAI/HLS/SampleDatasetMLP.cpp:97]   --->   Operation 202 'load' 'weights_2_6_load' <Predicate = true> <Delay = 0.67> <CoreInst = "ROM">   --->   Core 101 'ROM' <Latency = 1> <II = 1> <Delay = 0.67> <Storage> <Opcode : 'load'> <Ports = 0> <Width = 32> <Depth = 12> <ROM>

State 26 <SV = 25> <Delay = 6.43>
ST_26 : Operation 203 [4/4] (6.43ns)   --->   "%add3_5 = fadd i32 %add3_4, i32 %mul1_5" [../../../../HWSWAI/HLS/SampleDatasetMLP.cpp:97]   --->   Operation 203 'fadd' 'add3_5' <Predicate = true> <Delay = 6.43> <CoreInst = "FAddSub_fulldsp">   --->   Core 18 'FAddSub_fulldsp' <Latency = 3> <II = 1> <Delay = 6.43> <FuncUnit> <Opcode : 'fadd' 'fsub'> <InPorts = 2> <OutPorts = 1>
ST_26 : Operation 204 [1/2] (0.67ns)   --->   "%weights_2_6_load = load i4 %weights_2_6_addr" [../../../../HWSWAI/HLS/SampleDatasetMLP.cpp:97]   --->   Operation 204 'load' 'weights_2_6_load' <Predicate = true> <Delay = 0.67> <CoreInst = "ROM">   --->   Core 101 'ROM' <Latency = 1> <II = 1> <Delay = 0.67> <Storage> <Opcode : 'load'> <Ports = 0> <Width = 32> <Depth = 12> <ROM>

State 27 <SV = 26> <Delay = 7.01>
ST_27 : Operation 205 [3/4] (6.43ns)   --->   "%add3_5 = fadd i32 %add3_4, i32 %mul1_5" [../../../../HWSWAI/HLS/SampleDatasetMLP.cpp:97]   --->   Operation 205 'fadd' 'add3_5' <Predicate = true> <Delay = 6.43> <CoreInst = "FAddSub_fulldsp">   --->   Core 18 'FAddSub_fulldsp' <Latency = 3> <II = 1> <Delay = 6.43> <FuncUnit> <Opcode : 'fadd' 'fsub'> <InPorts = 2> <OutPorts = 1>
ST_27 : Operation 206 [3/3] (7.01ns)   --->   "%mul1_6 = fmul i32 %hidden_layer_1_load_6_read, i32 %weights_2_6_load" [../../../../HWSWAI/HLS/SampleDatasetMLP.cpp:97]   --->   Operation 206 'fmul' 'mul1_6' <Predicate = true> <Delay = 7.01> <CoreInst = "FMul_maxdsp">   --->   Core 30 'FMul_maxdsp' <Latency = 2> <II = 1> <Delay = 7.01> <FuncUnit> <Opcode : 'fmul'> <InPorts = 2> <OutPorts = 1>

State 28 <SV = 27> <Delay = 7.01>
ST_28 : Operation 207 [2/4] (6.43ns)   --->   "%add3_5 = fadd i32 %add3_4, i32 %mul1_5" [../../../../HWSWAI/HLS/SampleDatasetMLP.cpp:97]   --->   Operation 207 'fadd' 'add3_5' <Predicate = true> <Delay = 6.43> <CoreInst = "FAddSub_fulldsp">   --->   Core 18 'FAddSub_fulldsp' <Latency = 3> <II = 1> <Delay = 6.43> <FuncUnit> <Opcode : 'fadd' 'fsub'> <InPorts = 2> <OutPorts = 1>
ST_28 : Operation 208 [2/3] (7.01ns)   --->   "%mul1_6 = fmul i32 %hidden_layer_1_load_6_read, i32 %weights_2_6_load" [../../../../HWSWAI/HLS/SampleDatasetMLP.cpp:97]   --->   Operation 208 'fmul' 'mul1_6' <Predicate = true> <Delay = 7.01> <CoreInst = "FMul_maxdsp">   --->   Core 30 'FMul_maxdsp' <Latency = 2> <II = 1> <Delay = 7.01> <FuncUnit> <Opcode : 'fmul'> <InPorts = 2> <OutPorts = 1>

State 29 <SV = 28> <Delay = 7.01>
ST_29 : Operation 209 [1/4] (6.43ns)   --->   "%add3_5 = fadd i32 %add3_4, i32 %mul1_5" [../../../../HWSWAI/HLS/SampleDatasetMLP.cpp:97]   --->   Operation 209 'fadd' 'add3_5' <Predicate = true> <Delay = 6.43> <CoreInst = "FAddSub_fulldsp">   --->   Core 18 'FAddSub_fulldsp' <Latency = 3> <II = 1> <Delay = 6.43> <FuncUnit> <Opcode : 'fadd' 'fsub'> <InPorts = 2> <OutPorts = 1>
ST_29 : Operation 210 [1/3] (7.01ns)   --->   "%mul1_6 = fmul i32 %hidden_layer_1_load_6_read, i32 %weights_2_6_load" [../../../../HWSWAI/HLS/SampleDatasetMLP.cpp:97]   --->   Operation 210 'fmul' 'mul1_6' <Predicate = true> <Delay = 7.01> <CoreInst = "FMul_maxdsp">   --->   Core 30 'FMul_maxdsp' <Latency = 2> <II = 1> <Delay = 7.01> <FuncUnit> <Opcode : 'fmul'> <InPorts = 2> <OutPorts = 1>
ST_29 : Operation 211 [1/1] (0.00ns)   --->   "%weights_2_7_addr = getelementptr i32 %weights_2_7, i64 0, i64 %i_2_cast" [../../../../HWSWAI/HLS/SampleDatasetMLP.cpp:97]   --->   Operation 211 'getelementptr' 'weights_2_7_addr' <Predicate = true> <Delay = 0.00>
ST_29 : Operation 212 [2/2] (0.67ns)   --->   "%weights_2_7_load = load i4 %weights_2_7_addr" [../../../../HWSWAI/HLS/SampleDatasetMLP.cpp:97]   --->   Operation 212 'load' 'weights_2_7_load' <Predicate = true> <Delay = 0.67> <CoreInst = "ROM">   --->   Core 101 'ROM' <Latency = 1> <II = 1> <Delay = 0.67> <Storage> <Opcode : 'load'> <Ports = 0> <Width = 32> <Depth = 12> <ROM>

State 30 <SV = 29> <Delay = 6.43>
ST_30 : Operation 213 [4/4] (6.43ns)   --->   "%add3_6 = fadd i32 %add3_5, i32 %mul1_6" [../../../../HWSWAI/HLS/SampleDatasetMLP.cpp:97]   --->   Operation 213 'fadd' 'add3_6' <Predicate = true> <Delay = 6.43> <CoreInst = "FAddSub_fulldsp">   --->   Core 18 'FAddSub_fulldsp' <Latency = 3> <II = 1> <Delay = 6.43> <FuncUnit> <Opcode : 'fadd' 'fsub'> <InPorts = 2> <OutPorts = 1>
ST_30 : Operation 214 [1/2] (0.67ns)   --->   "%weights_2_7_load = load i4 %weights_2_7_addr" [../../../../HWSWAI/HLS/SampleDatasetMLP.cpp:97]   --->   Operation 214 'load' 'weights_2_7_load' <Predicate = true> <Delay = 0.67> <CoreInst = "ROM">   --->   Core 101 'ROM' <Latency = 1> <II = 1> <Delay = 0.67> <Storage> <Opcode : 'load'> <Ports = 0> <Width = 32> <Depth = 12> <ROM>

State 31 <SV = 30> <Delay = 7.01>
ST_31 : Operation 215 [3/4] (6.43ns)   --->   "%add3_6 = fadd i32 %add3_5, i32 %mul1_6" [../../../../HWSWAI/HLS/SampleDatasetMLP.cpp:97]   --->   Operation 215 'fadd' 'add3_6' <Predicate = true> <Delay = 6.43> <CoreInst = "FAddSub_fulldsp">   --->   Core 18 'FAddSub_fulldsp' <Latency = 3> <II = 1> <Delay = 6.43> <FuncUnit> <Opcode : 'fadd' 'fsub'> <InPorts = 2> <OutPorts = 1>
ST_31 : Operation 216 [3/3] (7.01ns)   --->   "%mul1_7 = fmul i32 %hidden_layer_1_load_7_read, i32 %weights_2_7_load" [../../../../HWSWAI/HLS/SampleDatasetMLP.cpp:97]   --->   Operation 216 'fmul' 'mul1_7' <Predicate = true> <Delay = 7.01> <CoreInst = "FMul_maxdsp">   --->   Core 30 'FMul_maxdsp' <Latency = 2> <II = 1> <Delay = 7.01> <FuncUnit> <Opcode : 'fmul'> <InPorts = 2> <OutPorts = 1>

State 32 <SV = 31> <Delay = 7.01>
ST_32 : Operation 217 [2/4] (6.43ns)   --->   "%add3_6 = fadd i32 %add3_5, i32 %mul1_6" [../../../../HWSWAI/HLS/SampleDatasetMLP.cpp:97]   --->   Operation 217 'fadd' 'add3_6' <Predicate = true> <Delay = 6.43> <CoreInst = "FAddSub_fulldsp">   --->   Core 18 'FAddSub_fulldsp' <Latency = 3> <II = 1> <Delay = 6.43> <FuncUnit> <Opcode : 'fadd' 'fsub'> <InPorts = 2> <OutPorts = 1>
ST_32 : Operation 218 [2/3] (7.01ns)   --->   "%mul1_7 = fmul i32 %hidden_layer_1_load_7_read, i32 %weights_2_7_load" [../../../../HWSWAI/HLS/SampleDatasetMLP.cpp:97]   --->   Operation 218 'fmul' 'mul1_7' <Predicate = true> <Delay = 7.01> <CoreInst = "FMul_maxdsp">   --->   Core 30 'FMul_maxdsp' <Latency = 2> <II = 1> <Delay = 7.01> <FuncUnit> <Opcode : 'fmul'> <InPorts = 2> <OutPorts = 1>

State 33 <SV = 32> <Delay = 7.01>
ST_33 : Operation 219 [1/4] (6.43ns)   --->   "%add3_6 = fadd i32 %add3_5, i32 %mul1_6" [../../../../HWSWAI/HLS/SampleDatasetMLP.cpp:97]   --->   Operation 219 'fadd' 'add3_6' <Predicate = true> <Delay = 6.43> <CoreInst = "FAddSub_fulldsp">   --->   Core 18 'FAddSub_fulldsp' <Latency = 3> <II = 1> <Delay = 6.43> <FuncUnit> <Opcode : 'fadd' 'fsub'> <InPorts = 2> <OutPorts = 1>
ST_33 : Operation 220 [1/3] (7.01ns)   --->   "%mul1_7 = fmul i32 %hidden_layer_1_load_7_read, i32 %weights_2_7_load" [../../../../HWSWAI/HLS/SampleDatasetMLP.cpp:97]   --->   Operation 220 'fmul' 'mul1_7' <Predicate = true> <Delay = 7.01> <CoreInst = "FMul_maxdsp">   --->   Core 30 'FMul_maxdsp' <Latency = 2> <II = 1> <Delay = 7.01> <FuncUnit> <Opcode : 'fmul'> <InPorts = 2> <OutPorts = 1>
ST_33 : Operation 221 [1/1] (0.00ns)   --->   "%weights_2_8_addr = getelementptr i32 %weights_2_8, i64 0, i64 %i_2_cast" [../../../../HWSWAI/HLS/SampleDatasetMLP.cpp:97]   --->   Operation 221 'getelementptr' 'weights_2_8_addr' <Predicate = true> <Delay = 0.00>
ST_33 : Operation 222 [2/2] (0.67ns)   --->   "%weights_2_8_load = load i4 %weights_2_8_addr" [../../../../HWSWAI/HLS/SampleDatasetMLP.cpp:97]   --->   Operation 222 'load' 'weights_2_8_load' <Predicate = true> <Delay = 0.67> <CoreInst = "ROM">   --->   Core 101 'ROM' <Latency = 1> <II = 1> <Delay = 0.67> <Storage> <Opcode : 'load'> <Ports = 0> <Width = 32> <Depth = 12> <ROM>

State 34 <SV = 33> <Delay = 6.43>
ST_34 : Operation 223 [4/4] (6.43ns)   --->   "%add3_7 = fadd i32 %add3_6, i32 %mul1_7" [../../../../HWSWAI/HLS/SampleDatasetMLP.cpp:97]   --->   Operation 223 'fadd' 'add3_7' <Predicate = true> <Delay = 6.43> <CoreInst = "FAddSub_fulldsp">   --->   Core 18 'FAddSub_fulldsp' <Latency = 3> <II = 1> <Delay = 6.43> <FuncUnit> <Opcode : 'fadd' 'fsub'> <InPorts = 2> <OutPorts = 1>
ST_34 : Operation 224 [1/2] (0.67ns)   --->   "%weights_2_8_load = load i4 %weights_2_8_addr" [../../../../HWSWAI/HLS/SampleDatasetMLP.cpp:97]   --->   Operation 224 'load' 'weights_2_8_load' <Predicate = true> <Delay = 0.67> <CoreInst = "ROM">   --->   Core 101 'ROM' <Latency = 1> <II = 1> <Delay = 0.67> <Storage> <Opcode : 'load'> <Ports = 0> <Width = 32> <Depth = 12> <ROM>

State 35 <SV = 34> <Delay = 7.01>
ST_35 : Operation 225 [3/4] (6.43ns)   --->   "%add3_7 = fadd i32 %add3_6, i32 %mul1_7" [../../../../HWSWAI/HLS/SampleDatasetMLP.cpp:97]   --->   Operation 225 'fadd' 'add3_7' <Predicate = true> <Delay = 6.43> <CoreInst = "FAddSub_fulldsp">   --->   Core 18 'FAddSub_fulldsp' <Latency = 3> <II = 1> <Delay = 6.43> <FuncUnit> <Opcode : 'fadd' 'fsub'> <InPorts = 2> <OutPorts = 1>
ST_35 : Operation 226 [3/3] (7.01ns)   --->   "%mul1_8 = fmul i32 %hidden_layer_1_load_8_read, i32 %weights_2_8_load" [../../../../HWSWAI/HLS/SampleDatasetMLP.cpp:97]   --->   Operation 226 'fmul' 'mul1_8' <Predicate = true> <Delay = 7.01> <CoreInst = "FMul_maxdsp">   --->   Core 30 'FMul_maxdsp' <Latency = 2> <II = 1> <Delay = 7.01> <FuncUnit> <Opcode : 'fmul'> <InPorts = 2> <OutPorts = 1>

State 36 <SV = 35> <Delay = 7.01>
ST_36 : Operation 227 [2/4] (6.43ns)   --->   "%add3_7 = fadd i32 %add3_6, i32 %mul1_7" [../../../../HWSWAI/HLS/SampleDatasetMLP.cpp:97]   --->   Operation 227 'fadd' 'add3_7' <Predicate = true> <Delay = 6.43> <CoreInst = "FAddSub_fulldsp">   --->   Core 18 'FAddSub_fulldsp' <Latency = 3> <II = 1> <Delay = 6.43> <FuncUnit> <Opcode : 'fadd' 'fsub'> <InPorts = 2> <OutPorts = 1>
ST_36 : Operation 228 [2/3] (7.01ns)   --->   "%mul1_8 = fmul i32 %hidden_layer_1_load_8_read, i32 %weights_2_8_load" [../../../../HWSWAI/HLS/SampleDatasetMLP.cpp:97]   --->   Operation 228 'fmul' 'mul1_8' <Predicate = true> <Delay = 7.01> <CoreInst = "FMul_maxdsp">   --->   Core 30 'FMul_maxdsp' <Latency = 2> <II = 1> <Delay = 7.01> <FuncUnit> <Opcode : 'fmul'> <InPorts = 2> <OutPorts = 1>

State 37 <SV = 36> <Delay = 7.01>
ST_37 : Operation 229 [1/4] (6.43ns)   --->   "%add3_7 = fadd i32 %add3_6, i32 %mul1_7" [../../../../HWSWAI/HLS/SampleDatasetMLP.cpp:97]   --->   Operation 229 'fadd' 'add3_7' <Predicate = true> <Delay = 6.43> <CoreInst = "FAddSub_fulldsp">   --->   Core 18 'FAddSub_fulldsp' <Latency = 3> <II = 1> <Delay = 6.43> <FuncUnit> <Opcode : 'fadd' 'fsub'> <InPorts = 2> <OutPorts = 1>
ST_37 : Operation 230 [1/3] (7.01ns)   --->   "%mul1_8 = fmul i32 %hidden_layer_1_load_8_read, i32 %weights_2_8_load" [../../../../HWSWAI/HLS/SampleDatasetMLP.cpp:97]   --->   Operation 230 'fmul' 'mul1_8' <Predicate = true> <Delay = 7.01> <CoreInst = "FMul_maxdsp">   --->   Core 30 'FMul_maxdsp' <Latency = 2> <II = 1> <Delay = 7.01> <FuncUnit> <Opcode : 'fmul'> <InPorts = 2> <OutPorts = 1>
ST_37 : Operation 231 [1/1] (0.00ns)   --->   "%weights_2_9_addr = getelementptr i32 %weights_2_9, i64 0, i64 %i_2_cast" [../../../../HWSWAI/HLS/SampleDatasetMLP.cpp:97]   --->   Operation 231 'getelementptr' 'weights_2_9_addr' <Predicate = true> <Delay = 0.00>
ST_37 : Operation 232 [2/2] (0.67ns)   --->   "%weights_2_9_load = load i4 %weights_2_9_addr" [../../../../HWSWAI/HLS/SampleDatasetMLP.cpp:97]   --->   Operation 232 'load' 'weights_2_9_load' <Predicate = true> <Delay = 0.67> <CoreInst = "ROM">   --->   Core 101 'ROM' <Latency = 1> <II = 1> <Delay = 0.67> <Storage> <Opcode : 'load'> <Ports = 0> <Width = 32> <Depth = 12> <ROM>

State 38 <SV = 37> <Delay = 6.43>
ST_38 : Operation 233 [4/4] (6.43ns)   --->   "%add3_8 = fadd i32 %add3_7, i32 %mul1_8" [../../../../HWSWAI/HLS/SampleDatasetMLP.cpp:97]   --->   Operation 233 'fadd' 'add3_8' <Predicate = true> <Delay = 6.43> <CoreInst = "FAddSub_fulldsp">   --->   Core 18 'FAddSub_fulldsp' <Latency = 3> <II = 1> <Delay = 6.43> <FuncUnit> <Opcode : 'fadd' 'fsub'> <InPorts = 2> <OutPorts = 1>
ST_38 : Operation 234 [1/2] (0.67ns)   --->   "%weights_2_9_load = load i4 %weights_2_9_addr" [../../../../HWSWAI/HLS/SampleDatasetMLP.cpp:97]   --->   Operation 234 'load' 'weights_2_9_load' <Predicate = true> <Delay = 0.67> <CoreInst = "ROM">   --->   Core 101 'ROM' <Latency = 1> <II = 1> <Delay = 0.67> <Storage> <Opcode : 'load'> <Ports = 0> <Width = 32> <Depth = 12> <ROM>

State 39 <SV = 38> <Delay = 7.01>
ST_39 : Operation 235 [3/4] (6.43ns)   --->   "%add3_8 = fadd i32 %add3_7, i32 %mul1_8" [../../../../HWSWAI/HLS/SampleDatasetMLP.cpp:97]   --->   Operation 235 'fadd' 'add3_8' <Predicate = true> <Delay = 6.43> <CoreInst = "FAddSub_fulldsp">   --->   Core 18 'FAddSub_fulldsp' <Latency = 3> <II = 1> <Delay = 6.43> <FuncUnit> <Opcode : 'fadd' 'fsub'> <InPorts = 2> <OutPorts = 1>
ST_39 : Operation 236 [3/3] (7.01ns)   --->   "%mul1_9 = fmul i32 %hidden_layer_1_load_9_read, i32 %weights_2_9_load" [../../../../HWSWAI/HLS/SampleDatasetMLP.cpp:97]   --->   Operation 236 'fmul' 'mul1_9' <Predicate = true> <Delay = 7.01> <CoreInst = "FMul_maxdsp">   --->   Core 30 'FMul_maxdsp' <Latency = 2> <II = 1> <Delay = 7.01> <FuncUnit> <Opcode : 'fmul'> <InPorts = 2> <OutPorts = 1>

State 40 <SV = 39> <Delay = 7.01>
ST_40 : Operation 237 [2/4] (6.43ns)   --->   "%add3_8 = fadd i32 %add3_7, i32 %mul1_8" [../../../../HWSWAI/HLS/SampleDatasetMLP.cpp:97]   --->   Operation 237 'fadd' 'add3_8' <Predicate = true> <Delay = 6.43> <CoreInst = "FAddSub_fulldsp">   --->   Core 18 'FAddSub_fulldsp' <Latency = 3> <II = 1> <Delay = 6.43> <FuncUnit> <Opcode : 'fadd' 'fsub'> <InPorts = 2> <OutPorts = 1>
ST_40 : Operation 238 [2/3] (7.01ns)   --->   "%mul1_9 = fmul i32 %hidden_layer_1_load_9_read, i32 %weights_2_9_load" [../../../../HWSWAI/HLS/SampleDatasetMLP.cpp:97]   --->   Operation 238 'fmul' 'mul1_9' <Predicate = true> <Delay = 7.01> <CoreInst = "FMul_maxdsp">   --->   Core 30 'FMul_maxdsp' <Latency = 2> <II = 1> <Delay = 7.01> <FuncUnit> <Opcode : 'fmul'> <InPorts = 2> <OutPorts = 1>

State 41 <SV = 40> <Delay = 7.01>
ST_41 : Operation 239 [1/4] (6.43ns)   --->   "%add3_8 = fadd i32 %add3_7, i32 %mul1_8" [../../../../HWSWAI/HLS/SampleDatasetMLP.cpp:97]   --->   Operation 239 'fadd' 'add3_8' <Predicate = true> <Delay = 6.43> <CoreInst = "FAddSub_fulldsp">   --->   Core 18 'FAddSub_fulldsp' <Latency = 3> <II = 1> <Delay = 6.43> <FuncUnit> <Opcode : 'fadd' 'fsub'> <InPorts = 2> <OutPorts = 1>
ST_41 : Operation 240 [1/3] (7.01ns)   --->   "%mul1_9 = fmul i32 %hidden_layer_1_load_9_read, i32 %weights_2_9_load" [../../../../HWSWAI/HLS/SampleDatasetMLP.cpp:97]   --->   Operation 240 'fmul' 'mul1_9' <Predicate = true> <Delay = 7.01> <CoreInst = "FMul_maxdsp">   --->   Core 30 'FMul_maxdsp' <Latency = 2> <II = 1> <Delay = 7.01> <FuncUnit> <Opcode : 'fmul'> <InPorts = 2> <OutPorts = 1>
ST_41 : Operation 241 [1/1] (0.00ns)   --->   "%weights_2_10_addr = getelementptr i32 %weights_2_10, i64 0, i64 %i_2_cast" [../../../../HWSWAI/HLS/SampleDatasetMLP.cpp:97]   --->   Operation 241 'getelementptr' 'weights_2_10_addr' <Predicate = true> <Delay = 0.00>
ST_41 : Operation 242 [2/2] (0.67ns)   --->   "%weights_2_10_load = load i4 %weights_2_10_addr" [../../../../HWSWAI/HLS/SampleDatasetMLP.cpp:97]   --->   Operation 242 'load' 'weights_2_10_load' <Predicate = true> <Delay = 0.67> <CoreInst = "ROM">   --->   Core 101 'ROM' <Latency = 1> <II = 1> <Delay = 0.67> <Storage> <Opcode : 'load'> <Ports = 0> <Width = 32> <Depth = 12> <ROM>

State 42 <SV = 41> <Delay = 6.43>
ST_42 : Operation 243 [4/4] (6.43ns)   --->   "%add3_9 = fadd i32 %add3_8, i32 %mul1_9" [../../../../HWSWAI/HLS/SampleDatasetMLP.cpp:97]   --->   Operation 243 'fadd' 'add3_9' <Predicate = true> <Delay = 6.43> <CoreInst = "FAddSub_fulldsp">   --->   Core 18 'FAddSub_fulldsp' <Latency = 3> <II = 1> <Delay = 6.43> <FuncUnit> <Opcode : 'fadd' 'fsub'> <InPorts = 2> <OutPorts = 1>
ST_42 : Operation 244 [1/2] (0.67ns)   --->   "%weights_2_10_load = load i4 %weights_2_10_addr" [../../../../HWSWAI/HLS/SampleDatasetMLP.cpp:97]   --->   Operation 244 'load' 'weights_2_10_load' <Predicate = true> <Delay = 0.67> <CoreInst = "ROM">   --->   Core 101 'ROM' <Latency = 1> <II = 1> <Delay = 0.67> <Storage> <Opcode : 'load'> <Ports = 0> <Width = 32> <Depth = 12> <ROM>

State 43 <SV = 42> <Delay = 7.01>
ST_43 : Operation 245 [3/4] (6.43ns)   --->   "%add3_9 = fadd i32 %add3_8, i32 %mul1_9" [../../../../HWSWAI/HLS/SampleDatasetMLP.cpp:97]   --->   Operation 245 'fadd' 'add3_9' <Predicate = true> <Delay = 6.43> <CoreInst = "FAddSub_fulldsp">   --->   Core 18 'FAddSub_fulldsp' <Latency = 3> <II = 1> <Delay = 6.43> <FuncUnit> <Opcode : 'fadd' 'fsub'> <InPorts = 2> <OutPorts = 1>
ST_43 : Operation 246 [3/3] (7.01ns)   --->   "%mul1_s = fmul i32 %hidden_layer_1_load_10_read, i32 %weights_2_10_load" [../../../../HWSWAI/HLS/SampleDatasetMLP.cpp:97]   --->   Operation 246 'fmul' 'mul1_s' <Predicate = true> <Delay = 7.01> <CoreInst = "FMul_maxdsp">   --->   Core 30 'FMul_maxdsp' <Latency = 2> <II = 1> <Delay = 7.01> <FuncUnit> <Opcode : 'fmul'> <InPorts = 2> <OutPorts = 1>

State 44 <SV = 43> <Delay = 7.01>
ST_44 : Operation 247 [2/4] (6.43ns)   --->   "%add3_9 = fadd i32 %add3_8, i32 %mul1_9" [../../../../HWSWAI/HLS/SampleDatasetMLP.cpp:97]   --->   Operation 247 'fadd' 'add3_9' <Predicate = true> <Delay = 6.43> <CoreInst = "FAddSub_fulldsp">   --->   Core 18 'FAddSub_fulldsp' <Latency = 3> <II = 1> <Delay = 6.43> <FuncUnit> <Opcode : 'fadd' 'fsub'> <InPorts = 2> <OutPorts = 1>
ST_44 : Operation 248 [2/3] (7.01ns)   --->   "%mul1_s = fmul i32 %hidden_layer_1_load_10_read, i32 %weights_2_10_load" [../../../../HWSWAI/HLS/SampleDatasetMLP.cpp:97]   --->   Operation 248 'fmul' 'mul1_s' <Predicate = true> <Delay = 7.01> <CoreInst = "FMul_maxdsp">   --->   Core 30 'FMul_maxdsp' <Latency = 2> <II = 1> <Delay = 7.01> <FuncUnit> <Opcode : 'fmul'> <InPorts = 2> <OutPorts = 1>

State 45 <SV = 44> <Delay = 7.01>
ST_45 : Operation 249 [1/4] (6.43ns)   --->   "%add3_9 = fadd i32 %add3_8, i32 %mul1_9" [../../../../HWSWAI/HLS/SampleDatasetMLP.cpp:97]   --->   Operation 249 'fadd' 'add3_9' <Predicate = true> <Delay = 6.43> <CoreInst = "FAddSub_fulldsp">   --->   Core 18 'FAddSub_fulldsp' <Latency = 3> <II = 1> <Delay = 6.43> <FuncUnit> <Opcode : 'fadd' 'fsub'> <InPorts = 2> <OutPorts = 1>
ST_45 : Operation 250 [1/3] (7.01ns)   --->   "%mul1_s = fmul i32 %hidden_layer_1_load_10_read, i32 %weights_2_10_load" [../../../../HWSWAI/HLS/SampleDatasetMLP.cpp:97]   --->   Operation 250 'fmul' 'mul1_s' <Predicate = true> <Delay = 7.01> <CoreInst = "FMul_maxdsp">   --->   Core 30 'FMul_maxdsp' <Latency = 2> <II = 1> <Delay = 7.01> <FuncUnit> <Opcode : 'fmul'> <InPorts = 2> <OutPorts = 1>
ST_45 : Operation 251 [1/1] (0.00ns)   --->   "%weights_2_11_addr = getelementptr i32 %weights_2_11, i64 0, i64 %i_2_cast" [../../../../HWSWAI/HLS/SampleDatasetMLP.cpp:97]   --->   Operation 251 'getelementptr' 'weights_2_11_addr' <Predicate = true> <Delay = 0.00>
ST_45 : Operation 252 [2/2] (0.67ns)   --->   "%weights_2_11_load = load i4 %weights_2_11_addr" [../../../../HWSWAI/HLS/SampleDatasetMLP.cpp:97]   --->   Operation 252 'load' 'weights_2_11_load' <Predicate = true> <Delay = 0.67> <CoreInst = "ROM">   --->   Core 101 'ROM' <Latency = 1> <II = 1> <Delay = 0.67> <Storage> <Opcode : 'load'> <Ports = 0> <Width = 32> <Depth = 12> <ROM>

State 46 <SV = 45> <Delay = 6.43>
ST_46 : Operation 253 [4/4] (6.43ns)   --->   "%add3_s = fadd i32 %add3_9, i32 %mul1_s" [../../../../HWSWAI/HLS/SampleDatasetMLP.cpp:97]   --->   Operation 253 'fadd' 'add3_s' <Predicate = true> <Delay = 6.43> <CoreInst = "FAddSub_fulldsp">   --->   Core 18 'FAddSub_fulldsp' <Latency = 3> <II = 1> <Delay = 6.43> <FuncUnit> <Opcode : 'fadd' 'fsub'> <InPorts = 2> <OutPorts = 1>
ST_46 : Operation 254 [1/2] (0.67ns)   --->   "%weights_2_11_load = load i4 %weights_2_11_addr" [../../../../HWSWAI/HLS/SampleDatasetMLP.cpp:97]   --->   Operation 254 'load' 'weights_2_11_load' <Predicate = true> <Delay = 0.67> <CoreInst = "ROM">   --->   Core 101 'ROM' <Latency = 1> <II = 1> <Delay = 0.67> <Storage> <Opcode : 'load'> <Ports = 0> <Width = 32> <Depth = 12> <ROM>

State 47 <SV = 46> <Delay = 7.01>
ST_47 : Operation 255 [3/4] (6.43ns)   --->   "%add3_s = fadd i32 %add3_9, i32 %mul1_s" [../../../../HWSWAI/HLS/SampleDatasetMLP.cpp:97]   --->   Operation 255 'fadd' 'add3_s' <Predicate = true> <Delay = 6.43> <CoreInst = "FAddSub_fulldsp">   --->   Core 18 'FAddSub_fulldsp' <Latency = 3> <II = 1> <Delay = 6.43> <FuncUnit> <Opcode : 'fadd' 'fsub'> <InPorts = 2> <OutPorts = 1>
ST_47 : Operation 256 [3/3] (7.01ns)   --->   "%mul1_10 = fmul i32 %hidden_layer_1_load_11_read, i32 %weights_2_11_load" [../../../../HWSWAI/HLS/SampleDatasetMLP.cpp:97]   --->   Operation 256 'fmul' 'mul1_10' <Predicate = true> <Delay = 7.01> <CoreInst = "FMul_maxdsp">   --->   Core 30 'FMul_maxdsp' <Latency = 2> <II = 1> <Delay = 7.01> <FuncUnit> <Opcode : 'fmul'> <InPorts = 2> <OutPorts = 1>

State 48 <SV = 47> <Delay = 7.01>
ST_48 : Operation 257 [2/4] (6.43ns)   --->   "%add3_s = fadd i32 %add3_9, i32 %mul1_s" [../../../../HWSWAI/HLS/SampleDatasetMLP.cpp:97]   --->   Operation 257 'fadd' 'add3_s' <Predicate = true> <Delay = 6.43> <CoreInst = "FAddSub_fulldsp">   --->   Core 18 'FAddSub_fulldsp' <Latency = 3> <II = 1> <Delay = 6.43> <FuncUnit> <Opcode : 'fadd' 'fsub'> <InPorts = 2> <OutPorts = 1>
ST_48 : Operation 258 [2/3] (7.01ns)   --->   "%mul1_10 = fmul i32 %hidden_layer_1_load_11_read, i32 %weights_2_11_load" [../../../../HWSWAI/HLS/SampleDatasetMLP.cpp:97]   --->   Operation 258 'fmul' 'mul1_10' <Predicate = true> <Delay = 7.01> <CoreInst = "FMul_maxdsp">   --->   Core 30 'FMul_maxdsp' <Latency = 2> <II = 1> <Delay = 7.01> <FuncUnit> <Opcode : 'fmul'> <InPorts = 2> <OutPorts = 1>

State 49 <SV = 48> <Delay = 7.01>
ST_49 : Operation 259 [1/4] (6.43ns)   --->   "%add3_s = fadd i32 %add3_9, i32 %mul1_s" [../../../../HWSWAI/HLS/SampleDatasetMLP.cpp:97]   --->   Operation 259 'fadd' 'add3_s' <Predicate = true> <Delay = 6.43> <CoreInst = "FAddSub_fulldsp">   --->   Core 18 'FAddSub_fulldsp' <Latency = 3> <II = 1> <Delay = 6.43> <FuncUnit> <Opcode : 'fadd' 'fsub'> <InPorts = 2> <OutPorts = 1>
ST_49 : Operation 260 [1/3] (7.01ns)   --->   "%mul1_10 = fmul i32 %hidden_layer_1_load_11_read, i32 %weights_2_11_load" [../../../../HWSWAI/HLS/SampleDatasetMLP.cpp:97]   --->   Operation 260 'fmul' 'mul1_10' <Predicate = true> <Delay = 7.01> <CoreInst = "FMul_maxdsp">   --->   Core 30 'FMul_maxdsp' <Latency = 2> <II = 1> <Delay = 7.01> <FuncUnit> <Opcode : 'fmul'> <InPorts = 2> <OutPorts = 1>
ST_49 : Operation 261 [1/1] (0.00ns)   --->   "%weights_2_12_addr = getelementptr i32 %weights_2_12, i64 0, i64 %i_2_cast" [../../../../HWSWAI/HLS/SampleDatasetMLP.cpp:97]   --->   Operation 261 'getelementptr' 'weights_2_12_addr' <Predicate = true> <Delay = 0.00>
ST_49 : Operation 262 [2/2] (0.67ns)   --->   "%weights_2_12_load = load i4 %weights_2_12_addr" [../../../../HWSWAI/HLS/SampleDatasetMLP.cpp:97]   --->   Operation 262 'load' 'weights_2_12_load' <Predicate = true> <Delay = 0.67> <CoreInst = "ROM">   --->   Core 101 'ROM' <Latency = 1> <II = 1> <Delay = 0.67> <Storage> <Opcode : 'load'> <Ports = 0> <Width = 32> <Depth = 12> <ROM>

State 50 <SV = 49> <Delay = 6.43>
ST_50 : Operation 263 [4/4] (6.43ns)   --->   "%add3_10 = fadd i32 %add3_s, i32 %mul1_10" [../../../../HWSWAI/HLS/SampleDatasetMLP.cpp:97]   --->   Operation 263 'fadd' 'add3_10' <Predicate = true> <Delay = 6.43> <CoreInst = "FAddSub_fulldsp">   --->   Core 18 'FAddSub_fulldsp' <Latency = 3> <II = 1> <Delay = 6.43> <FuncUnit> <Opcode : 'fadd' 'fsub'> <InPorts = 2> <OutPorts = 1>
ST_50 : Operation 264 [1/2] (0.67ns)   --->   "%weights_2_12_load = load i4 %weights_2_12_addr" [../../../../HWSWAI/HLS/SampleDatasetMLP.cpp:97]   --->   Operation 264 'load' 'weights_2_12_load' <Predicate = true> <Delay = 0.67> <CoreInst = "ROM">   --->   Core 101 'ROM' <Latency = 1> <II = 1> <Delay = 0.67> <Storage> <Opcode : 'load'> <Ports = 0> <Width = 32> <Depth = 12> <ROM>

State 51 <SV = 50> <Delay = 7.01>
ST_51 : Operation 265 [3/4] (6.43ns)   --->   "%add3_10 = fadd i32 %add3_s, i32 %mul1_10" [../../../../HWSWAI/HLS/SampleDatasetMLP.cpp:97]   --->   Operation 265 'fadd' 'add3_10' <Predicate = true> <Delay = 6.43> <CoreInst = "FAddSub_fulldsp">   --->   Core 18 'FAddSub_fulldsp' <Latency = 3> <II = 1> <Delay = 6.43> <FuncUnit> <Opcode : 'fadd' 'fsub'> <InPorts = 2> <OutPorts = 1>
ST_51 : Operation 266 [3/3] (7.01ns)   --->   "%mul1_11 = fmul i32 %hidden_layer_1_load_12_read, i32 %weights_2_12_load" [../../../../HWSWAI/HLS/SampleDatasetMLP.cpp:97]   --->   Operation 266 'fmul' 'mul1_11' <Predicate = true> <Delay = 7.01> <CoreInst = "FMul_maxdsp">   --->   Core 30 'FMul_maxdsp' <Latency = 2> <II = 1> <Delay = 7.01> <FuncUnit> <Opcode : 'fmul'> <InPorts = 2> <OutPorts = 1>

State 52 <SV = 51> <Delay = 7.01>
ST_52 : Operation 267 [2/4] (6.43ns)   --->   "%add3_10 = fadd i32 %add3_s, i32 %mul1_10" [../../../../HWSWAI/HLS/SampleDatasetMLP.cpp:97]   --->   Operation 267 'fadd' 'add3_10' <Predicate = true> <Delay = 6.43> <CoreInst = "FAddSub_fulldsp">   --->   Core 18 'FAddSub_fulldsp' <Latency = 3> <II = 1> <Delay = 6.43> <FuncUnit> <Opcode : 'fadd' 'fsub'> <InPorts = 2> <OutPorts = 1>
ST_52 : Operation 268 [2/3] (7.01ns)   --->   "%mul1_11 = fmul i32 %hidden_layer_1_load_12_read, i32 %weights_2_12_load" [../../../../HWSWAI/HLS/SampleDatasetMLP.cpp:97]   --->   Operation 268 'fmul' 'mul1_11' <Predicate = true> <Delay = 7.01> <CoreInst = "FMul_maxdsp">   --->   Core 30 'FMul_maxdsp' <Latency = 2> <II = 1> <Delay = 7.01> <FuncUnit> <Opcode : 'fmul'> <InPorts = 2> <OutPorts = 1>

State 53 <SV = 52> <Delay = 7.01>
ST_53 : Operation 269 [1/4] (6.43ns)   --->   "%add3_10 = fadd i32 %add3_s, i32 %mul1_10" [../../../../HWSWAI/HLS/SampleDatasetMLP.cpp:97]   --->   Operation 269 'fadd' 'add3_10' <Predicate = true> <Delay = 6.43> <CoreInst = "FAddSub_fulldsp">   --->   Core 18 'FAddSub_fulldsp' <Latency = 3> <II = 1> <Delay = 6.43> <FuncUnit> <Opcode : 'fadd' 'fsub'> <InPorts = 2> <OutPorts = 1>
ST_53 : Operation 270 [1/3] (7.01ns)   --->   "%mul1_11 = fmul i32 %hidden_layer_1_load_12_read, i32 %weights_2_12_load" [../../../../HWSWAI/HLS/SampleDatasetMLP.cpp:97]   --->   Operation 270 'fmul' 'mul1_11' <Predicate = true> <Delay = 7.01> <CoreInst = "FMul_maxdsp">   --->   Core 30 'FMul_maxdsp' <Latency = 2> <II = 1> <Delay = 7.01> <FuncUnit> <Opcode : 'fmul'> <InPorts = 2> <OutPorts = 1>
ST_53 : Operation 271 [1/1] (0.00ns)   --->   "%weights_2_13_addr = getelementptr i32 %weights_2_13, i64 0, i64 %i_2_cast" [../../../../HWSWAI/HLS/SampleDatasetMLP.cpp:97]   --->   Operation 271 'getelementptr' 'weights_2_13_addr' <Predicate = true> <Delay = 0.00>
ST_53 : Operation 272 [2/2] (0.67ns)   --->   "%weights_2_13_load = load i4 %weights_2_13_addr" [../../../../HWSWAI/HLS/SampleDatasetMLP.cpp:97]   --->   Operation 272 'load' 'weights_2_13_load' <Predicate = true> <Delay = 0.67> <CoreInst = "ROM">   --->   Core 101 'ROM' <Latency = 1> <II = 1> <Delay = 0.67> <Storage> <Opcode : 'load'> <Ports = 0> <Width = 32> <Depth = 12> <ROM>

State 54 <SV = 53> <Delay = 6.43>
ST_54 : Operation 273 [4/4] (6.43ns)   --->   "%add3_11 = fadd i32 %add3_10, i32 %mul1_11" [../../../../HWSWAI/HLS/SampleDatasetMLP.cpp:97]   --->   Operation 273 'fadd' 'add3_11' <Predicate = true> <Delay = 6.43> <CoreInst = "FAddSub_fulldsp">   --->   Core 18 'FAddSub_fulldsp' <Latency = 3> <II = 1> <Delay = 6.43> <FuncUnit> <Opcode : 'fadd' 'fsub'> <InPorts = 2> <OutPorts = 1>
ST_54 : Operation 274 [1/2] (0.67ns)   --->   "%weights_2_13_load = load i4 %weights_2_13_addr" [../../../../HWSWAI/HLS/SampleDatasetMLP.cpp:97]   --->   Operation 274 'load' 'weights_2_13_load' <Predicate = true> <Delay = 0.67> <CoreInst = "ROM">   --->   Core 101 'ROM' <Latency = 1> <II = 1> <Delay = 0.67> <Storage> <Opcode : 'load'> <Ports = 0> <Width = 32> <Depth = 12> <ROM>

State 55 <SV = 54> <Delay = 7.01>
ST_55 : Operation 275 [3/4] (6.43ns)   --->   "%add3_11 = fadd i32 %add3_10, i32 %mul1_11" [../../../../HWSWAI/HLS/SampleDatasetMLP.cpp:97]   --->   Operation 275 'fadd' 'add3_11' <Predicate = true> <Delay = 6.43> <CoreInst = "FAddSub_fulldsp">   --->   Core 18 'FAddSub_fulldsp' <Latency = 3> <II = 1> <Delay = 6.43> <FuncUnit> <Opcode : 'fadd' 'fsub'> <InPorts = 2> <OutPorts = 1>
ST_55 : Operation 276 [3/3] (7.01ns)   --->   "%mul1_12 = fmul i32 %hidden_layer_1_load_13_read, i32 %weights_2_13_load" [../../../../HWSWAI/HLS/SampleDatasetMLP.cpp:97]   --->   Operation 276 'fmul' 'mul1_12' <Predicate = true> <Delay = 7.01> <CoreInst = "FMul_maxdsp">   --->   Core 30 'FMul_maxdsp' <Latency = 2> <II = 1> <Delay = 7.01> <FuncUnit> <Opcode : 'fmul'> <InPorts = 2> <OutPorts = 1>

State 56 <SV = 55> <Delay = 7.01>
ST_56 : Operation 277 [2/4] (6.43ns)   --->   "%add3_11 = fadd i32 %add3_10, i32 %mul1_11" [../../../../HWSWAI/HLS/SampleDatasetMLP.cpp:97]   --->   Operation 277 'fadd' 'add3_11' <Predicate = true> <Delay = 6.43> <CoreInst = "FAddSub_fulldsp">   --->   Core 18 'FAddSub_fulldsp' <Latency = 3> <II = 1> <Delay = 6.43> <FuncUnit> <Opcode : 'fadd' 'fsub'> <InPorts = 2> <OutPorts = 1>
ST_56 : Operation 278 [2/3] (7.01ns)   --->   "%mul1_12 = fmul i32 %hidden_layer_1_load_13_read, i32 %weights_2_13_load" [../../../../HWSWAI/HLS/SampleDatasetMLP.cpp:97]   --->   Operation 278 'fmul' 'mul1_12' <Predicate = true> <Delay = 7.01> <CoreInst = "FMul_maxdsp">   --->   Core 30 'FMul_maxdsp' <Latency = 2> <II = 1> <Delay = 7.01> <FuncUnit> <Opcode : 'fmul'> <InPorts = 2> <OutPorts = 1>

State 57 <SV = 56> <Delay = 7.01>
ST_57 : Operation 279 [1/4] (6.43ns)   --->   "%add3_11 = fadd i32 %add3_10, i32 %mul1_11" [../../../../HWSWAI/HLS/SampleDatasetMLP.cpp:97]   --->   Operation 279 'fadd' 'add3_11' <Predicate = true> <Delay = 6.43> <CoreInst = "FAddSub_fulldsp">   --->   Core 18 'FAddSub_fulldsp' <Latency = 3> <II = 1> <Delay = 6.43> <FuncUnit> <Opcode : 'fadd' 'fsub'> <InPorts = 2> <OutPorts = 1>
ST_57 : Operation 280 [1/3] (7.01ns)   --->   "%mul1_12 = fmul i32 %hidden_layer_1_load_13_read, i32 %weights_2_13_load" [../../../../HWSWAI/HLS/SampleDatasetMLP.cpp:97]   --->   Operation 280 'fmul' 'mul1_12' <Predicate = true> <Delay = 7.01> <CoreInst = "FMul_maxdsp">   --->   Core 30 'FMul_maxdsp' <Latency = 2> <II = 1> <Delay = 7.01> <FuncUnit> <Opcode : 'fmul'> <InPorts = 2> <OutPorts = 1>
ST_57 : Operation 281 [1/1] (0.00ns)   --->   "%weights_2_14_addr = getelementptr i32 %weights_2_14, i64 0, i64 %i_2_cast" [../../../../HWSWAI/HLS/SampleDatasetMLP.cpp:97]   --->   Operation 281 'getelementptr' 'weights_2_14_addr' <Predicate = true> <Delay = 0.00>
ST_57 : Operation 282 [2/2] (0.67ns)   --->   "%weights_2_14_load = load i4 %weights_2_14_addr" [../../../../HWSWAI/HLS/SampleDatasetMLP.cpp:97]   --->   Operation 282 'load' 'weights_2_14_load' <Predicate = true> <Delay = 0.67> <CoreInst = "ROM">   --->   Core 101 'ROM' <Latency = 1> <II = 1> <Delay = 0.67> <Storage> <Opcode : 'load'> <Ports = 0> <Width = 32> <Depth = 12> <ROM>

State 58 <SV = 57> <Delay = 6.43>
ST_58 : Operation 283 [4/4] (6.43ns)   --->   "%add3_12 = fadd i32 %add3_11, i32 %mul1_12" [../../../../HWSWAI/HLS/SampleDatasetMLP.cpp:97]   --->   Operation 283 'fadd' 'add3_12' <Predicate = true> <Delay = 6.43> <CoreInst = "FAddSub_fulldsp">   --->   Core 18 'FAddSub_fulldsp' <Latency = 3> <II = 1> <Delay = 6.43> <FuncUnit> <Opcode : 'fadd' 'fsub'> <InPorts = 2> <OutPorts = 1>
ST_58 : Operation 284 [1/2] (0.67ns)   --->   "%weights_2_14_load = load i4 %weights_2_14_addr" [../../../../HWSWAI/HLS/SampleDatasetMLP.cpp:97]   --->   Operation 284 'load' 'weights_2_14_load' <Predicate = true> <Delay = 0.67> <CoreInst = "ROM">   --->   Core 101 'ROM' <Latency = 1> <II = 1> <Delay = 0.67> <Storage> <Opcode : 'load'> <Ports = 0> <Width = 32> <Depth = 12> <ROM>

State 59 <SV = 58> <Delay = 7.01>
ST_59 : Operation 285 [3/4] (6.43ns)   --->   "%add3_12 = fadd i32 %add3_11, i32 %mul1_12" [../../../../HWSWAI/HLS/SampleDatasetMLP.cpp:97]   --->   Operation 285 'fadd' 'add3_12' <Predicate = true> <Delay = 6.43> <CoreInst = "FAddSub_fulldsp">   --->   Core 18 'FAddSub_fulldsp' <Latency = 3> <II = 1> <Delay = 6.43> <FuncUnit> <Opcode : 'fadd' 'fsub'> <InPorts = 2> <OutPorts = 1>
ST_59 : Operation 286 [3/3] (7.01ns)   --->   "%mul1_13 = fmul i32 %hidden_layer_1_load_14_read, i32 %weights_2_14_load" [../../../../HWSWAI/HLS/SampleDatasetMLP.cpp:97]   --->   Operation 286 'fmul' 'mul1_13' <Predicate = true> <Delay = 7.01> <CoreInst = "FMul_maxdsp">   --->   Core 30 'FMul_maxdsp' <Latency = 2> <II = 1> <Delay = 7.01> <FuncUnit> <Opcode : 'fmul'> <InPorts = 2> <OutPorts = 1>

State 60 <SV = 59> <Delay = 7.01>
ST_60 : Operation 287 [2/4] (6.43ns)   --->   "%add3_12 = fadd i32 %add3_11, i32 %mul1_12" [../../../../HWSWAI/HLS/SampleDatasetMLP.cpp:97]   --->   Operation 287 'fadd' 'add3_12' <Predicate = true> <Delay = 6.43> <CoreInst = "FAddSub_fulldsp">   --->   Core 18 'FAddSub_fulldsp' <Latency = 3> <II = 1> <Delay = 6.43> <FuncUnit> <Opcode : 'fadd' 'fsub'> <InPorts = 2> <OutPorts = 1>
ST_60 : Operation 288 [2/3] (7.01ns)   --->   "%mul1_13 = fmul i32 %hidden_layer_1_load_14_read, i32 %weights_2_14_load" [../../../../HWSWAI/HLS/SampleDatasetMLP.cpp:97]   --->   Operation 288 'fmul' 'mul1_13' <Predicate = true> <Delay = 7.01> <CoreInst = "FMul_maxdsp">   --->   Core 30 'FMul_maxdsp' <Latency = 2> <II = 1> <Delay = 7.01> <FuncUnit> <Opcode : 'fmul'> <InPorts = 2> <OutPorts = 1>

State 61 <SV = 60> <Delay = 7.01>
ST_61 : Operation 289 [1/4] (6.43ns)   --->   "%add3_12 = fadd i32 %add3_11, i32 %mul1_12" [../../../../HWSWAI/HLS/SampleDatasetMLP.cpp:97]   --->   Operation 289 'fadd' 'add3_12' <Predicate = true> <Delay = 6.43> <CoreInst = "FAddSub_fulldsp">   --->   Core 18 'FAddSub_fulldsp' <Latency = 3> <II = 1> <Delay = 6.43> <FuncUnit> <Opcode : 'fadd' 'fsub'> <InPorts = 2> <OutPorts = 1>
ST_61 : Operation 290 [1/3] (7.01ns)   --->   "%mul1_13 = fmul i32 %hidden_layer_1_load_14_read, i32 %weights_2_14_load" [../../../../HWSWAI/HLS/SampleDatasetMLP.cpp:97]   --->   Operation 290 'fmul' 'mul1_13' <Predicate = true> <Delay = 7.01> <CoreInst = "FMul_maxdsp">   --->   Core 30 'FMul_maxdsp' <Latency = 2> <II = 1> <Delay = 7.01> <FuncUnit> <Opcode : 'fmul'> <InPorts = 2> <OutPorts = 1>
ST_61 : Operation 291 [1/1] (0.00ns)   --->   "%weights_2_15_addr = getelementptr i32 %weights_2_15, i64 0, i64 %i_2_cast" [../../../../HWSWAI/HLS/SampleDatasetMLP.cpp:97]   --->   Operation 291 'getelementptr' 'weights_2_15_addr' <Predicate = true> <Delay = 0.00>
ST_61 : Operation 292 [2/2] (0.67ns)   --->   "%weights_2_15_load = load i4 %weights_2_15_addr" [../../../../HWSWAI/HLS/SampleDatasetMLP.cpp:97]   --->   Operation 292 'load' 'weights_2_15_load' <Predicate = true> <Delay = 0.67> <CoreInst = "ROM">   --->   Core 101 'ROM' <Latency = 1> <II = 1> <Delay = 0.67> <Storage> <Opcode : 'load'> <Ports = 0> <Width = 32> <Depth = 12> <ROM>

State 62 <SV = 61> <Delay = 6.43>
ST_62 : Operation 293 [4/4] (6.43ns)   --->   "%add3_13 = fadd i32 %add3_12, i32 %mul1_13" [../../../../HWSWAI/HLS/SampleDatasetMLP.cpp:97]   --->   Operation 293 'fadd' 'add3_13' <Predicate = true> <Delay = 6.43> <CoreInst = "FAddSub_fulldsp">   --->   Core 18 'FAddSub_fulldsp' <Latency = 3> <II = 1> <Delay = 6.43> <FuncUnit> <Opcode : 'fadd' 'fsub'> <InPorts = 2> <OutPorts = 1>
ST_62 : Operation 294 [1/2] (0.67ns)   --->   "%weights_2_15_load = load i4 %weights_2_15_addr" [../../../../HWSWAI/HLS/SampleDatasetMLP.cpp:97]   --->   Operation 294 'load' 'weights_2_15_load' <Predicate = true> <Delay = 0.67> <CoreInst = "ROM">   --->   Core 101 'ROM' <Latency = 1> <II = 1> <Delay = 0.67> <Storage> <Opcode : 'load'> <Ports = 0> <Width = 32> <Depth = 12> <ROM>

State 63 <SV = 62> <Delay = 7.01>
ST_63 : Operation 295 [3/4] (6.43ns)   --->   "%add3_13 = fadd i32 %add3_12, i32 %mul1_13" [../../../../HWSWAI/HLS/SampleDatasetMLP.cpp:97]   --->   Operation 295 'fadd' 'add3_13' <Predicate = true> <Delay = 6.43> <CoreInst = "FAddSub_fulldsp">   --->   Core 18 'FAddSub_fulldsp' <Latency = 3> <II = 1> <Delay = 6.43> <FuncUnit> <Opcode : 'fadd' 'fsub'> <InPorts = 2> <OutPorts = 1>
ST_63 : Operation 296 [3/3] (7.01ns)   --->   "%mul1_14 = fmul i32 %hidden_layer_1_load_15_read, i32 %weights_2_15_load" [../../../../HWSWAI/HLS/SampleDatasetMLP.cpp:97]   --->   Operation 296 'fmul' 'mul1_14' <Predicate = true> <Delay = 7.01> <CoreInst = "FMul_maxdsp">   --->   Core 30 'FMul_maxdsp' <Latency = 2> <II = 1> <Delay = 7.01> <FuncUnit> <Opcode : 'fmul'> <InPorts = 2> <OutPorts = 1>

State 64 <SV = 63> <Delay = 7.01>
ST_64 : Operation 297 [2/4] (6.43ns)   --->   "%add3_13 = fadd i32 %add3_12, i32 %mul1_13" [../../../../HWSWAI/HLS/SampleDatasetMLP.cpp:97]   --->   Operation 297 'fadd' 'add3_13' <Predicate = true> <Delay = 6.43> <CoreInst = "FAddSub_fulldsp">   --->   Core 18 'FAddSub_fulldsp' <Latency = 3> <II = 1> <Delay = 6.43> <FuncUnit> <Opcode : 'fadd' 'fsub'> <InPorts = 2> <OutPorts = 1>
ST_64 : Operation 298 [2/3] (7.01ns)   --->   "%mul1_14 = fmul i32 %hidden_layer_1_load_15_read, i32 %weights_2_15_load" [../../../../HWSWAI/HLS/SampleDatasetMLP.cpp:97]   --->   Operation 298 'fmul' 'mul1_14' <Predicate = true> <Delay = 7.01> <CoreInst = "FMul_maxdsp">   --->   Core 30 'FMul_maxdsp' <Latency = 2> <II = 1> <Delay = 7.01> <FuncUnit> <Opcode : 'fmul'> <InPorts = 2> <OutPorts = 1>

State 65 <SV = 64> <Delay = 7.01>
ST_65 : Operation 299 [1/4] (6.43ns)   --->   "%add3_13 = fadd i32 %add3_12, i32 %mul1_13" [../../../../HWSWAI/HLS/SampleDatasetMLP.cpp:97]   --->   Operation 299 'fadd' 'add3_13' <Predicate = true> <Delay = 6.43> <CoreInst = "FAddSub_fulldsp">   --->   Core 18 'FAddSub_fulldsp' <Latency = 3> <II = 1> <Delay = 6.43> <FuncUnit> <Opcode : 'fadd' 'fsub'> <InPorts = 2> <OutPorts = 1>
ST_65 : Operation 300 [1/3] (7.01ns)   --->   "%mul1_14 = fmul i32 %hidden_layer_1_load_15_read, i32 %weights_2_15_load" [../../../../HWSWAI/HLS/SampleDatasetMLP.cpp:97]   --->   Operation 300 'fmul' 'mul1_14' <Predicate = true> <Delay = 7.01> <CoreInst = "FMul_maxdsp">   --->   Core 30 'FMul_maxdsp' <Latency = 2> <II = 1> <Delay = 7.01> <FuncUnit> <Opcode : 'fmul'> <InPorts = 2> <OutPorts = 1>
ST_65 : Operation 301 [1/1] (0.00ns)   --->   "%weights_2_16_addr = getelementptr i32 %weights_2_16, i64 0, i64 %i_2_cast" [../../../../HWSWAI/HLS/SampleDatasetMLP.cpp:97]   --->   Operation 301 'getelementptr' 'weights_2_16_addr' <Predicate = true> <Delay = 0.00>
ST_65 : Operation 302 [2/2] (0.67ns)   --->   "%weights_2_16_load = load i4 %weights_2_16_addr" [../../../../HWSWAI/HLS/SampleDatasetMLP.cpp:97]   --->   Operation 302 'load' 'weights_2_16_load' <Predicate = true> <Delay = 0.67> <CoreInst = "ROM">   --->   Core 101 'ROM' <Latency = 1> <II = 1> <Delay = 0.67> <Storage> <Opcode : 'load'> <Ports = 0> <Width = 32> <Depth = 12> <ROM>

State 66 <SV = 65> <Delay = 6.43>
ST_66 : Operation 303 [4/4] (6.43ns)   --->   "%add3_14 = fadd i32 %add3_13, i32 %mul1_14" [../../../../HWSWAI/HLS/SampleDatasetMLP.cpp:97]   --->   Operation 303 'fadd' 'add3_14' <Predicate = true> <Delay = 6.43> <CoreInst = "FAddSub_fulldsp">   --->   Core 18 'FAddSub_fulldsp' <Latency = 3> <II = 1> <Delay = 6.43> <FuncUnit> <Opcode : 'fadd' 'fsub'> <InPorts = 2> <OutPorts = 1>
ST_66 : Operation 304 [1/2] (0.67ns)   --->   "%weights_2_16_load = load i4 %weights_2_16_addr" [../../../../HWSWAI/HLS/SampleDatasetMLP.cpp:97]   --->   Operation 304 'load' 'weights_2_16_load' <Predicate = true> <Delay = 0.67> <CoreInst = "ROM">   --->   Core 101 'ROM' <Latency = 1> <II = 1> <Delay = 0.67> <Storage> <Opcode : 'load'> <Ports = 0> <Width = 32> <Depth = 12> <ROM>

State 67 <SV = 66> <Delay = 7.01>
ST_67 : Operation 305 [3/4] (6.43ns)   --->   "%add3_14 = fadd i32 %add3_13, i32 %mul1_14" [../../../../HWSWAI/HLS/SampleDatasetMLP.cpp:97]   --->   Operation 305 'fadd' 'add3_14' <Predicate = true> <Delay = 6.43> <CoreInst = "FAddSub_fulldsp">   --->   Core 18 'FAddSub_fulldsp' <Latency = 3> <II = 1> <Delay = 6.43> <FuncUnit> <Opcode : 'fadd' 'fsub'> <InPorts = 2> <OutPorts = 1>
ST_67 : Operation 306 [3/3] (7.01ns)   --->   "%mul1_15 = fmul i32 %hidden_layer_1_load_16_read, i32 %weights_2_16_load" [../../../../HWSWAI/HLS/SampleDatasetMLP.cpp:97]   --->   Operation 306 'fmul' 'mul1_15' <Predicate = true> <Delay = 7.01> <CoreInst = "FMul_maxdsp">   --->   Core 30 'FMul_maxdsp' <Latency = 2> <II = 1> <Delay = 7.01> <FuncUnit> <Opcode : 'fmul'> <InPorts = 2> <OutPorts = 1>

State 68 <SV = 67> <Delay = 7.01>
ST_68 : Operation 307 [2/4] (6.43ns)   --->   "%add3_14 = fadd i32 %add3_13, i32 %mul1_14" [../../../../HWSWAI/HLS/SampleDatasetMLP.cpp:97]   --->   Operation 307 'fadd' 'add3_14' <Predicate = true> <Delay = 6.43> <CoreInst = "FAddSub_fulldsp">   --->   Core 18 'FAddSub_fulldsp' <Latency = 3> <II = 1> <Delay = 6.43> <FuncUnit> <Opcode : 'fadd' 'fsub'> <InPorts = 2> <OutPorts = 1>
ST_68 : Operation 308 [2/3] (7.01ns)   --->   "%mul1_15 = fmul i32 %hidden_layer_1_load_16_read, i32 %weights_2_16_load" [../../../../HWSWAI/HLS/SampleDatasetMLP.cpp:97]   --->   Operation 308 'fmul' 'mul1_15' <Predicate = true> <Delay = 7.01> <CoreInst = "FMul_maxdsp">   --->   Core 30 'FMul_maxdsp' <Latency = 2> <II = 1> <Delay = 7.01> <FuncUnit> <Opcode : 'fmul'> <InPorts = 2> <OutPorts = 1>

State 69 <SV = 68> <Delay = 7.01>
ST_69 : Operation 309 [1/4] (6.43ns)   --->   "%add3_14 = fadd i32 %add3_13, i32 %mul1_14" [../../../../HWSWAI/HLS/SampleDatasetMLP.cpp:97]   --->   Operation 309 'fadd' 'add3_14' <Predicate = true> <Delay = 6.43> <CoreInst = "FAddSub_fulldsp">   --->   Core 18 'FAddSub_fulldsp' <Latency = 3> <II = 1> <Delay = 6.43> <FuncUnit> <Opcode : 'fadd' 'fsub'> <InPorts = 2> <OutPorts = 1>
ST_69 : Operation 310 [1/3] (7.01ns)   --->   "%mul1_15 = fmul i32 %hidden_layer_1_load_16_read, i32 %weights_2_16_load" [../../../../HWSWAI/HLS/SampleDatasetMLP.cpp:97]   --->   Operation 310 'fmul' 'mul1_15' <Predicate = true> <Delay = 7.01> <CoreInst = "FMul_maxdsp">   --->   Core 30 'FMul_maxdsp' <Latency = 2> <II = 1> <Delay = 7.01> <FuncUnit> <Opcode : 'fmul'> <InPorts = 2> <OutPorts = 1>
ST_69 : Operation 311 [1/1] (0.00ns)   --->   "%weights_2_17_addr = getelementptr i32 %weights_2_17, i64 0, i64 %i_2_cast" [../../../../HWSWAI/HLS/SampleDatasetMLP.cpp:97]   --->   Operation 311 'getelementptr' 'weights_2_17_addr' <Predicate = true> <Delay = 0.00>
ST_69 : Operation 312 [2/2] (0.67ns)   --->   "%weights_2_17_load = load i4 %weights_2_17_addr" [../../../../HWSWAI/HLS/SampleDatasetMLP.cpp:97]   --->   Operation 312 'load' 'weights_2_17_load' <Predicate = true> <Delay = 0.67> <CoreInst = "ROM">   --->   Core 101 'ROM' <Latency = 1> <II = 1> <Delay = 0.67> <Storage> <Opcode : 'load'> <Ports = 0> <Width = 32> <Depth = 12> <ROM>

State 70 <SV = 69> <Delay = 6.43>
ST_70 : Operation 313 [4/4] (6.43ns)   --->   "%add3_15 = fadd i32 %add3_14, i32 %mul1_15" [../../../../HWSWAI/HLS/SampleDatasetMLP.cpp:97]   --->   Operation 313 'fadd' 'add3_15' <Predicate = true> <Delay = 6.43> <CoreInst = "FAddSub_fulldsp">   --->   Core 18 'FAddSub_fulldsp' <Latency = 3> <II = 1> <Delay = 6.43> <FuncUnit> <Opcode : 'fadd' 'fsub'> <InPorts = 2> <OutPorts = 1>
ST_70 : Operation 314 [1/2] (0.67ns)   --->   "%weights_2_17_load = load i4 %weights_2_17_addr" [../../../../HWSWAI/HLS/SampleDatasetMLP.cpp:97]   --->   Operation 314 'load' 'weights_2_17_load' <Predicate = true> <Delay = 0.67> <CoreInst = "ROM">   --->   Core 101 'ROM' <Latency = 1> <II = 1> <Delay = 0.67> <Storage> <Opcode : 'load'> <Ports = 0> <Width = 32> <Depth = 12> <ROM>

State 71 <SV = 70> <Delay = 7.01>
ST_71 : Operation 315 [3/4] (6.43ns)   --->   "%add3_15 = fadd i32 %add3_14, i32 %mul1_15" [../../../../HWSWAI/HLS/SampleDatasetMLP.cpp:97]   --->   Operation 315 'fadd' 'add3_15' <Predicate = true> <Delay = 6.43> <CoreInst = "FAddSub_fulldsp">   --->   Core 18 'FAddSub_fulldsp' <Latency = 3> <II = 1> <Delay = 6.43> <FuncUnit> <Opcode : 'fadd' 'fsub'> <InPorts = 2> <OutPorts = 1>
ST_71 : Operation 316 [3/3] (7.01ns)   --->   "%mul1_16 = fmul i32 %hidden_layer_1_load_17_read, i32 %weights_2_17_load" [../../../../HWSWAI/HLS/SampleDatasetMLP.cpp:97]   --->   Operation 316 'fmul' 'mul1_16' <Predicate = true> <Delay = 7.01> <CoreInst = "FMul_maxdsp">   --->   Core 30 'FMul_maxdsp' <Latency = 2> <II = 1> <Delay = 7.01> <FuncUnit> <Opcode : 'fmul'> <InPorts = 2> <OutPorts = 1>

State 72 <SV = 71> <Delay = 7.01>
ST_72 : Operation 317 [2/4] (6.43ns)   --->   "%add3_15 = fadd i32 %add3_14, i32 %mul1_15" [../../../../HWSWAI/HLS/SampleDatasetMLP.cpp:97]   --->   Operation 317 'fadd' 'add3_15' <Predicate = true> <Delay = 6.43> <CoreInst = "FAddSub_fulldsp">   --->   Core 18 'FAddSub_fulldsp' <Latency = 3> <II = 1> <Delay = 6.43> <FuncUnit> <Opcode : 'fadd' 'fsub'> <InPorts = 2> <OutPorts = 1>
ST_72 : Operation 318 [2/3] (7.01ns)   --->   "%mul1_16 = fmul i32 %hidden_layer_1_load_17_read, i32 %weights_2_17_load" [../../../../HWSWAI/HLS/SampleDatasetMLP.cpp:97]   --->   Operation 318 'fmul' 'mul1_16' <Predicate = true> <Delay = 7.01> <CoreInst = "FMul_maxdsp">   --->   Core 30 'FMul_maxdsp' <Latency = 2> <II = 1> <Delay = 7.01> <FuncUnit> <Opcode : 'fmul'> <InPorts = 2> <OutPorts = 1>

State 73 <SV = 72> <Delay = 7.01>
ST_73 : Operation 319 [1/4] (6.43ns)   --->   "%add3_15 = fadd i32 %add3_14, i32 %mul1_15" [../../../../HWSWAI/HLS/SampleDatasetMLP.cpp:97]   --->   Operation 319 'fadd' 'add3_15' <Predicate = true> <Delay = 6.43> <CoreInst = "FAddSub_fulldsp">   --->   Core 18 'FAddSub_fulldsp' <Latency = 3> <II = 1> <Delay = 6.43> <FuncUnit> <Opcode : 'fadd' 'fsub'> <InPorts = 2> <OutPorts = 1>
ST_73 : Operation 320 [1/3] (7.01ns)   --->   "%mul1_16 = fmul i32 %hidden_layer_1_load_17_read, i32 %weights_2_17_load" [../../../../HWSWAI/HLS/SampleDatasetMLP.cpp:97]   --->   Operation 320 'fmul' 'mul1_16' <Predicate = true> <Delay = 7.01> <CoreInst = "FMul_maxdsp">   --->   Core 30 'FMul_maxdsp' <Latency = 2> <II = 1> <Delay = 7.01> <FuncUnit> <Opcode : 'fmul'> <InPorts = 2> <OutPorts = 1>
ST_73 : Operation 321 [1/1] (0.00ns)   --->   "%weights_2_18_addr = getelementptr i32 %weights_2_18, i64 0, i64 %i_2_cast" [../../../../HWSWAI/HLS/SampleDatasetMLP.cpp:97]   --->   Operation 321 'getelementptr' 'weights_2_18_addr' <Predicate = true> <Delay = 0.00>
ST_73 : Operation 322 [2/2] (0.67ns)   --->   "%weights_2_18_load = load i4 %weights_2_18_addr" [../../../../HWSWAI/HLS/SampleDatasetMLP.cpp:97]   --->   Operation 322 'load' 'weights_2_18_load' <Predicate = true> <Delay = 0.67> <CoreInst = "ROM">   --->   Core 101 'ROM' <Latency = 1> <II = 1> <Delay = 0.67> <Storage> <Opcode : 'load'> <Ports = 0> <Width = 32> <Depth = 12> <ROM>

State 74 <SV = 73> <Delay = 6.43>
ST_74 : Operation 323 [4/4] (6.43ns)   --->   "%add3_16 = fadd i32 %add3_15, i32 %mul1_16" [../../../../HWSWAI/HLS/SampleDatasetMLP.cpp:97]   --->   Operation 323 'fadd' 'add3_16' <Predicate = true> <Delay = 6.43> <CoreInst = "FAddSub_fulldsp">   --->   Core 18 'FAddSub_fulldsp' <Latency = 3> <II = 1> <Delay = 6.43> <FuncUnit> <Opcode : 'fadd' 'fsub'> <InPorts = 2> <OutPorts = 1>
ST_74 : Operation 324 [1/2] (0.67ns)   --->   "%weights_2_18_load = load i4 %weights_2_18_addr" [../../../../HWSWAI/HLS/SampleDatasetMLP.cpp:97]   --->   Operation 324 'load' 'weights_2_18_load' <Predicate = true> <Delay = 0.67> <CoreInst = "ROM">   --->   Core 101 'ROM' <Latency = 1> <II = 1> <Delay = 0.67> <Storage> <Opcode : 'load'> <Ports = 0> <Width = 32> <Depth = 12> <ROM>

State 75 <SV = 74> <Delay = 7.01>
ST_75 : Operation 325 [3/4] (6.43ns)   --->   "%add3_16 = fadd i32 %add3_15, i32 %mul1_16" [../../../../HWSWAI/HLS/SampleDatasetMLP.cpp:97]   --->   Operation 325 'fadd' 'add3_16' <Predicate = true> <Delay = 6.43> <CoreInst = "FAddSub_fulldsp">   --->   Core 18 'FAddSub_fulldsp' <Latency = 3> <II = 1> <Delay = 6.43> <FuncUnit> <Opcode : 'fadd' 'fsub'> <InPorts = 2> <OutPorts = 1>
ST_75 : Operation 326 [3/3] (7.01ns)   --->   "%mul1_17 = fmul i32 %hidden_layer_1_load_18_read, i32 %weights_2_18_load" [../../../../HWSWAI/HLS/SampleDatasetMLP.cpp:97]   --->   Operation 326 'fmul' 'mul1_17' <Predicate = true> <Delay = 7.01> <CoreInst = "FMul_maxdsp">   --->   Core 30 'FMul_maxdsp' <Latency = 2> <II = 1> <Delay = 7.01> <FuncUnit> <Opcode : 'fmul'> <InPorts = 2> <OutPorts = 1>

State 76 <SV = 75> <Delay = 7.01>
ST_76 : Operation 327 [2/4] (6.43ns)   --->   "%add3_16 = fadd i32 %add3_15, i32 %mul1_16" [../../../../HWSWAI/HLS/SampleDatasetMLP.cpp:97]   --->   Operation 327 'fadd' 'add3_16' <Predicate = true> <Delay = 6.43> <CoreInst = "FAddSub_fulldsp">   --->   Core 18 'FAddSub_fulldsp' <Latency = 3> <II = 1> <Delay = 6.43> <FuncUnit> <Opcode : 'fadd' 'fsub'> <InPorts = 2> <OutPorts = 1>
ST_76 : Operation 328 [2/3] (7.01ns)   --->   "%mul1_17 = fmul i32 %hidden_layer_1_load_18_read, i32 %weights_2_18_load" [../../../../HWSWAI/HLS/SampleDatasetMLP.cpp:97]   --->   Operation 328 'fmul' 'mul1_17' <Predicate = true> <Delay = 7.01> <CoreInst = "FMul_maxdsp">   --->   Core 30 'FMul_maxdsp' <Latency = 2> <II = 1> <Delay = 7.01> <FuncUnit> <Opcode : 'fmul'> <InPorts = 2> <OutPorts = 1>

State 77 <SV = 76> <Delay = 7.01>
ST_77 : Operation 329 [1/4] (6.43ns)   --->   "%add3_16 = fadd i32 %add3_15, i32 %mul1_16" [../../../../HWSWAI/HLS/SampleDatasetMLP.cpp:97]   --->   Operation 329 'fadd' 'add3_16' <Predicate = true> <Delay = 6.43> <CoreInst = "FAddSub_fulldsp">   --->   Core 18 'FAddSub_fulldsp' <Latency = 3> <II = 1> <Delay = 6.43> <FuncUnit> <Opcode : 'fadd' 'fsub'> <InPorts = 2> <OutPorts = 1>
ST_77 : Operation 330 [1/3] (7.01ns)   --->   "%mul1_17 = fmul i32 %hidden_layer_1_load_18_read, i32 %weights_2_18_load" [../../../../HWSWAI/HLS/SampleDatasetMLP.cpp:97]   --->   Operation 330 'fmul' 'mul1_17' <Predicate = true> <Delay = 7.01> <CoreInst = "FMul_maxdsp">   --->   Core 30 'FMul_maxdsp' <Latency = 2> <II = 1> <Delay = 7.01> <FuncUnit> <Opcode : 'fmul'> <InPorts = 2> <OutPorts = 1>
ST_77 : Operation 331 [1/1] (0.00ns)   --->   "%weights_2_19_addr = getelementptr i32 %weights_2_19, i64 0, i64 %i_2_cast" [../../../../HWSWAI/HLS/SampleDatasetMLP.cpp:97]   --->   Operation 331 'getelementptr' 'weights_2_19_addr' <Predicate = true> <Delay = 0.00>
ST_77 : Operation 332 [2/2] (0.67ns)   --->   "%weights_2_19_load = load i4 %weights_2_19_addr" [../../../../HWSWAI/HLS/SampleDatasetMLP.cpp:97]   --->   Operation 332 'load' 'weights_2_19_load' <Predicate = true> <Delay = 0.67> <CoreInst = "ROM">   --->   Core 101 'ROM' <Latency = 1> <II = 1> <Delay = 0.67> <Storage> <Opcode : 'load'> <Ports = 0> <Width = 32> <Depth = 12> <ROM>

State 78 <SV = 77> <Delay = 6.43>
ST_78 : Operation 333 [4/4] (6.43ns)   --->   "%add3_17 = fadd i32 %add3_16, i32 %mul1_17" [../../../../HWSWAI/HLS/SampleDatasetMLP.cpp:97]   --->   Operation 333 'fadd' 'add3_17' <Predicate = true> <Delay = 6.43> <CoreInst = "FAddSub_fulldsp">   --->   Core 18 'FAddSub_fulldsp' <Latency = 3> <II = 1> <Delay = 6.43> <FuncUnit> <Opcode : 'fadd' 'fsub'> <InPorts = 2> <OutPorts = 1>
ST_78 : Operation 334 [1/2] (0.67ns)   --->   "%weights_2_19_load = load i4 %weights_2_19_addr" [../../../../HWSWAI/HLS/SampleDatasetMLP.cpp:97]   --->   Operation 334 'load' 'weights_2_19_load' <Predicate = true> <Delay = 0.67> <CoreInst = "ROM">   --->   Core 101 'ROM' <Latency = 1> <II = 1> <Delay = 0.67> <Storage> <Opcode : 'load'> <Ports = 0> <Width = 32> <Depth = 12> <ROM>

State 79 <SV = 78> <Delay = 7.01>
ST_79 : Operation 335 [3/4] (6.43ns)   --->   "%add3_17 = fadd i32 %add3_16, i32 %mul1_17" [../../../../HWSWAI/HLS/SampleDatasetMLP.cpp:97]   --->   Operation 335 'fadd' 'add3_17' <Predicate = true> <Delay = 6.43> <CoreInst = "FAddSub_fulldsp">   --->   Core 18 'FAddSub_fulldsp' <Latency = 3> <II = 1> <Delay = 6.43> <FuncUnit> <Opcode : 'fadd' 'fsub'> <InPorts = 2> <OutPorts = 1>
ST_79 : Operation 336 [3/3] (7.01ns)   --->   "%mul1_18 = fmul i32 %hidden_layer_1_load_19_read, i32 %weights_2_19_load" [../../../../HWSWAI/HLS/SampleDatasetMLP.cpp:97]   --->   Operation 336 'fmul' 'mul1_18' <Predicate = true> <Delay = 7.01> <CoreInst = "FMul_maxdsp">   --->   Core 30 'FMul_maxdsp' <Latency = 2> <II = 1> <Delay = 7.01> <FuncUnit> <Opcode : 'fmul'> <InPorts = 2> <OutPorts = 1>

State 80 <SV = 79> <Delay = 7.01>
ST_80 : Operation 337 [2/4] (6.43ns)   --->   "%add3_17 = fadd i32 %add3_16, i32 %mul1_17" [../../../../HWSWAI/HLS/SampleDatasetMLP.cpp:97]   --->   Operation 337 'fadd' 'add3_17' <Predicate = true> <Delay = 6.43> <CoreInst = "FAddSub_fulldsp">   --->   Core 18 'FAddSub_fulldsp' <Latency = 3> <II = 1> <Delay = 6.43> <FuncUnit> <Opcode : 'fadd' 'fsub'> <InPorts = 2> <OutPorts = 1>
ST_80 : Operation 338 [2/3] (7.01ns)   --->   "%mul1_18 = fmul i32 %hidden_layer_1_load_19_read, i32 %weights_2_19_load" [../../../../HWSWAI/HLS/SampleDatasetMLP.cpp:97]   --->   Operation 338 'fmul' 'mul1_18' <Predicate = true> <Delay = 7.01> <CoreInst = "FMul_maxdsp">   --->   Core 30 'FMul_maxdsp' <Latency = 2> <II = 1> <Delay = 7.01> <FuncUnit> <Opcode : 'fmul'> <InPorts = 2> <OutPorts = 1>

State 81 <SV = 80> <Delay = 7.01>
ST_81 : Operation 339 [1/4] (6.43ns)   --->   "%add3_17 = fadd i32 %add3_16, i32 %mul1_17" [../../../../HWSWAI/HLS/SampleDatasetMLP.cpp:97]   --->   Operation 339 'fadd' 'add3_17' <Predicate = true> <Delay = 6.43> <CoreInst = "FAddSub_fulldsp">   --->   Core 18 'FAddSub_fulldsp' <Latency = 3> <II = 1> <Delay = 6.43> <FuncUnit> <Opcode : 'fadd' 'fsub'> <InPorts = 2> <OutPorts = 1>
ST_81 : Operation 340 [1/3] (7.01ns)   --->   "%mul1_18 = fmul i32 %hidden_layer_1_load_19_read, i32 %weights_2_19_load" [../../../../HWSWAI/HLS/SampleDatasetMLP.cpp:97]   --->   Operation 340 'fmul' 'mul1_18' <Predicate = true> <Delay = 7.01> <CoreInst = "FMul_maxdsp">   --->   Core 30 'FMul_maxdsp' <Latency = 2> <II = 1> <Delay = 7.01> <FuncUnit> <Opcode : 'fmul'> <InPorts = 2> <OutPorts = 1>
ST_81 : Operation 341 [1/1] (0.00ns)   --->   "%weights_2_20_addr = getelementptr i32 %weights_2_20, i64 0, i64 %i_2_cast" [../../../../HWSWAI/HLS/SampleDatasetMLP.cpp:97]   --->   Operation 341 'getelementptr' 'weights_2_20_addr' <Predicate = true> <Delay = 0.00>
ST_81 : Operation 342 [2/2] (0.67ns)   --->   "%weights_2_20_load = load i4 %weights_2_20_addr" [../../../../HWSWAI/HLS/SampleDatasetMLP.cpp:97]   --->   Operation 342 'load' 'weights_2_20_load' <Predicate = true> <Delay = 0.67> <CoreInst = "ROM">   --->   Core 101 'ROM' <Latency = 1> <II = 1> <Delay = 0.67> <Storage> <Opcode : 'load'> <Ports = 0> <Width = 32> <Depth = 12> <ROM>

State 82 <SV = 81> <Delay = 6.43>
ST_82 : Operation 343 [4/4] (6.43ns)   --->   "%add3_18 = fadd i32 %add3_17, i32 %mul1_18" [../../../../HWSWAI/HLS/SampleDatasetMLP.cpp:97]   --->   Operation 343 'fadd' 'add3_18' <Predicate = true> <Delay = 6.43> <CoreInst = "FAddSub_fulldsp">   --->   Core 18 'FAddSub_fulldsp' <Latency = 3> <II = 1> <Delay = 6.43> <FuncUnit> <Opcode : 'fadd' 'fsub'> <InPorts = 2> <OutPorts = 1>
ST_82 : Operation 344 [1/2] (0.67ns)   --->   "%weights_2_20_load = load i4 %weights_2_20_addr" [../../../../HWSWAI/HLS/SampleDatasetMLP.cpp:97]   --->   Operation 344 'load' 'weights_2_20_load' <Predicate = true> <Delay = 0.67> <CoreInst = "ROM">   --->   Core 101 'ROM' <Latency = 1> <II = 1> <Delay = 0.67> <Storage> <Opcode : 'load'> <Ports = 0> <Width = 32> <Depth = 12> <ROM>

State 83 <SV = 82> <Delay = 7.01>
ST_83 : Operation 345 [3/4] (6.43ns)   --->   "%add3_18 = fadd i32 %add3_17, i32 %mul1_18" [../../../../HWSWAI/HLS/SampleDatasetMLP.cpp:97]   --->   Operation 345 'fadd' 'add3_18' <Predicate = true> <Delay = 6.43> <CoreInst = "FAddSub_fulldsp">   --->   Core 18 'FAddSub_fulldsp' <Latency = 3> <II = 1> <Delay = 6.43> <FuncUnit> <Opcode : 'fadd' 'fsub'> <InPorts = 2> <OutPorts = 1>
ST_83 : Operation 346 [3/3] (7.01ns)   --->   "%mul1_19 = fmul i32 %hidden_layer_1_load_20_read, i32 %weights_2_20_load" [../../../../HWSWAI/HLS/SampleDatasetMLP.cpp:97]   --->   Operation 346 'fmul' 'mul1_19' <Predicate = true> <Delay = 7.01> <CoreInst = "FMul_maxdsp">   --->   Core 30 'FMul_maxdsp' <Latency = 2> <II = 1> <Delay = 7.01> <FuncUnit> <Opcode : 'fmul'> <InPorts = 2> <OutPorts = 1>

State 84 <SV = 83> <Delay = 7.01>
ST_84 : Operation 347 [2/4] (6.43ns)   --->   "%add3_18 = fadd i32 %add3_17, i32 %mul1_18" [../../../../HWSWAI/HLS/SampleDatasetMLP.cpp:97]   --->   Operation 347 'fadd' 'add3_18' <Predicate = true> <Delay = 6.43> <CoreInst = "FAddSub_fulldsp">   --->   Core 18 'FAddSub_fulldsp' <Latency = 3> <II = 1> <Delay = 6.43> <FuncUnit> <Opcode : 'fadd' 'fsub'> <InPorts = 2> <OutPorts = 1>
ST_84 : Operation 348 [2/3] (7.01ns)   --->   "%mul1_19 = fmul i32 %hidden_layer_1_load_20_read, i32 %weights_2_20_load" [../../../../HWSWAI/HLS/SampleDatasetMLP.cpp:97]   --->   Operation 348 'fmul' 'mul1_19' <Predicate = true> <Delay = 7.01> <CoreInst = "FMul_maxdsp">   --->   Core 30 'FMul_maxdsp' <Latency = 2> <II = 1> <Delay = 7.01> <FuncUnit> <Opcode : 'fmul'> <InPorts = 2> <OutPorts = 1>

State 85 <SV = 84> <Delay = 7.01>
ST_85 : Operation 349 [1/4] (6.43ns)   --->   "%add3_18 = fadd i32 %add3_17, i32 %mul1_18" [../../../../HWSWAI/HLS/SampleDatasetMLP.cpp:97]   --->   Operation 349 'fadd' 'add3_18' <Predicate = true> <Delay = 6.43> <CoreInst = "FAddSub_fulldsp">   --->   Core 18 'FAddSub_fulldsp' <Latency = 3> <II = 1> <Delay = 6.43> <FuncUnit> <Opcode : 'fadd' 'fsub'> <InPorts = 2> <OutPorts = 1>
ST_85 : Operation 350 [1/3] (7.01ns)   --->   "%mul1_19 = fmul i32 %hidden_layer_1_load_20_read, i32 %weights_2_20_load" [../../../../HWSWAI/HLS/SampleDatasetMLP.cpp:97]   --->   Operation 350 'fmul' 'mul1_19' <Predicate = true> <Delay = 7.01> <CoreInst = "FMul_maxdsp">   --->   Core 30 'FMul_maxdsp' <Latency = 2> <II = 1> <Delay = 7.01> <FuncUnit> <Opcode : 'fmul'> <InPorts = 2> <OutPorts = 1>
ST_85 : Operation 351 [1/1] (0.00ns)   --->   "%weights_2_21_addr = getelementptr i32 %weights_2_21, i64 0, i64 %i_2_cast" [../../../../HWSWAI/HLS/SampleDatasetMLP.cpp:97]   --->   Operation 351 'getelementptr' 'weights_2_21_addr' <Predicate = true> <Delay = 0.00>
ST_85 : Operation 352 [2/2] (0.67ns)   --->   "%weights_2_21_load = load i4 %weights_2_21_addr" [../../../../HWSWAI/HLS/SampleDatasetMLP.cpp:97]   --->   Operation 352 'load' 'weights_2_21_load' <Predicate = true> <Delay = 0.67> <CoreInst = "ROM">   --->   Core 101 'ROM' <Latency = 1> <II = 1> <Delay = 0.67> <Storage> <Opcode : 'load'> <Ports = 0> <Width = 32> <Depth = 12> <ROM>

State 86 <SV = 85> <Delay = 6.43>
ST_86 : Operation 353 [4/4] (6.43ns)   --->   "%add3_19 = fadd i32 %add3_18, i32 %mul1_19" [../../../../HWSWAI/HLS/SampleDatasetMLP.cpp:97]   --->   Operation 353 'fadd' 'add3_19' <Predicate = true> <Delay = 6.43> <CoreInst = "FAddSub_fulldsp">   --->   Core 18 'FAddSub_fulldsp' <Latency = 3> <II = 1> <Delay = 6.43> <FuncUnit> <Opcode : 'fadd' 'fsub'> <InPorts = 2> <OutPorts = 1>
ST_86 : Operation 354 [1/2] (0.67ns)   --->   "%weights_2_21_load = load i4 %weights_2_21_addr" [../../../../HWSWAI/HLS/SampleDatasetMLP.cpp:97]   --->   Operation 354 'load' 'weights_2_21_load' <Predicate = true> <Delay = 0.67> <CoreInst = "ROM">   --->   Core 101 'ROM' <Latency = 1> <II = 1> <Delay = 0.67> <Storage> <Opcode : 'load'> <Ports = 0> <Width = 32> <Depth = 12> <ROM>

State 87 <SV = 86> <Delay = 7.01>
ST_87 : Operation 355 [3/4] (6.43ns)   --->   "%add3_19 = fadd i32 %add3_18, i32 %mul1_19" [../../../../HWSWAI/HLS/SampleDatasetMLP.cpp:97]   --->   Operation 355 'fadd' 'add3_19' <Predicate = true> <Delay = 6.43> <CoreInst = "FAddSub_fulldsp">   --->   Core 18 'FAddSub_fulldsp' <Latency = 3> <II = 1> <Delay = 6.43> <FuncUnit> <Opcode : 'fadd' 'fsub'> <InPorts = 2> <OutPorts = 1>
ST_87 : Operation 356 [3/3] (7.01ns)   --->   "%mul1_20 = fmul i32 %hidden_layer_1_load_21_read, i32 %weights_2_21_load" [../../../../HWSWAI/HLS/SampleDatasetMLP.cpp:97]   --->   Operation 356 'fmul' 'mul1_20' <Predicate = true> <Delay = 7.01> <CoreInst = "FMul_maxdsp">   --->   Core 30 'FMul_maxdsp' <Latency = 2> <II = 1> <Delay = 7.01> <FuncUnit> <Opcode : 'fmul'> <InPorts = 2> <OutPorts = 1>

State 88 <SV = 87> <Delay = 7.01>
ST_88 : Operation 357 [2/4] (6.43ns)   --->   "%add3_19 = fadd i32 %add3_18, i32 %mul1_19" [../../../../HWSWAI/HLS/SampleDatasetMLP.cpp:97]   --->   Operation 357 'fadd' 'add3_19' <Predicate = true> <Delay = 6.43> <CoreInst = "FAddSub_fulldsp">   --->   Core 18 'FAddSub_fulldsp' <Latency = 3> <II = 1> <Delay = 6.43> <FuncUnit> <Opcode : 'fadd' 'fsub'> <InPorts = 2> <OutPorts = 1>
ST_88 : Operation 358 [2/3] (7.01ns)   --->   "%mul1_20 = fmul i32 %hidden_layer_1_load_21_read, i32 %weights_2_21_load" [../../../../HWSWAI/HLS/SampleDatasetMLP.cpp:97]   --->   Operation 358 'fmul' 'mul1_20' <Predicate = true> <Delay = 7.01> <CoreInst = "FMul_maxdsp">   --->   Core 30 'FMul_maxdsp' <Latency = 2> <II = 1> <Delay = 7.01> <FuncUnit> <Opcode : 'fmul'> <InPorts = 2> <OutPorts = 1>

State 89 <SV = 88> <Delay = 7.01>
ST_89 : Operation 359 [1/4] (6.43ns)   --->   "%add3_19 = fadd i32 %add3_18, i32 %mul1_19" [../../../../HWSWAI/HLS/SampleDatasetMLP.cpp:97]   --->   Operation 359 'fadd' 'add3_19' <Predicate = true> <Delay = 6.43> <CoreInst = "FAddSub_fulldsp">   --->   Core 18 'FAddSub_fulldsp' <Latency = 3> <II = 1> <Delay = 6.43> <FuncUnit> <Opcode : 'fadd' 'fsub'> <InPorts = 2> <OutPorts = 1>
ST_89 : Operation 360 [1/3] (7.01ns)   --->   "%mul1_20 = fmul i32 %hidden_layer_1_load_21_read, i32 %weights_2_21_load" [../../../../HWSWAI/HLS/SampleDatasetMLP.cpp:97]   --->   Operation 360 'fmul' 'mul1_20' <Predicate = true> <Delay = 7.01> <CoreInst = "FMul_maxdsp">   --->   Core 30 'FMul_maxdsp' <Latency = 2> <II = 1> <Delay = 7.01> <FuncUnit> <Opcode : 'fmul'> <InPorts = 2> <OutPorts = 1>
ST_89 : Operation 361 [1/1] (0.00ns)   --->   "%weights_2_22_addr = getelementptr i32 %weights_2_22, i64 0, i64 %i_2_cast" [../../../../HWSWAI/HLS/SampleDatasetMLP.cpp:97]   --->   Operation 361 'getelementptr' 'weights_2_22_addr' <Predicate = true> <Delay = 0.00>
ST_89 : Operation 362 [2/2] (0.67ns)   --->   "%weights_2_22_load = load i4 %weights_2_22_addr" [../../../../HWSWAI/HLS/SampleDatasetMLP.cpp:97]   --->   Operation 362 'load' 'weights_2_22_load' <Predicate = true> <Delay = 0.67> <CoreInst = "ROM">   --->   Core 101 'ROM' <Latency = 1> <II = 1> <Delay = 0.67> <Storage> <Opcode : 'load'> <Ports = 0> <Width = 32> <Depth = 12> <ROM>

State 90 <SV = 89> <Delay = 6.43>
ST_90 : Operation 363 [4/4] (6.43ns)   --->   "%add3_20 = fadd i32 %add3_19, i32 %mul1_20" [../../../../HWSWAI/HLS/SampleDatasetMLP.cpp:97]   --->   Operation 363 'fadd' 'add3_20' <Predicate = true> <Delay = 6.43> <CoreInst = "FAddSub_fulldsp">   --->   Core 18 'FAddSub_fulldsp' <Latency = 3> <II = 1> <Delay = 6.43> <FuncUnit> <Opcode : 'fadd' 'fsub'> <InPorts = 2> <OutPorts = 1>
ST_90 : Operation 364 [1/2] (0.67ns)   --->   "%weights_2_22_load = load i4 %weights_2_22_addr" [../../../../HWSWAI/HLS/SampleDatasetMLP.cpp:97]   --->   Operation 364 'load' 'weights_2_22_load' <Predicate = true> <Delay = 0.67> <CoreInst = "ROM">   --->   Core 101 'ROM' <Latency = 1> <II = 1> <Delay = 0.67> <Storage> <Opcode : 'load'> <Ports = 0> <Width = 32> <Depth = 12> <ROM>

State 91 <SV = 90> <Delay = 7.01>
ST_91 : Operation 365 [3/4] (6.43ns)   --->   "%add3_20 = fadd i32 %add3_19, i32 %mul1_20" [../../../../HWSWAI/HLS/SampleDatasetMLP.cpp:97]   --->   Operation 365 'fadd' 'add3_20' <Predicate = true> <Delay = 6.43> <CoreInst = "FAddSub_fulldsp">   --->   Core 18 'FAddSub_fulldsp' <Latency = 3> <II = 1> <Delay = 6.43> <FuncUnit> <Opcode : 'fadd' 'fsub'> <InPorts = 2> <OutPorts = 1>
ST_91 : Operation 366 [3/3] (7.01ns)   --->   "%mul1_21 = fmul i32 %hidden_layer_1_load_22_read, i32 %weights_2_22_load" [../../../../HWSWAI/HLS/SampleDatasetMLP.cpp:97]   --->   Operation 366 'fmul' 'mul1_21' <Predicate = true> <Delay = 7.01> <CoreInst = "FMul_maxdsp">   --->   Core 30 'FMul_maxdsp' <Latency = 2> <II = 1> <Delay = 7.01> <FuncUnit> <Opcode : 'fmul'> <InPorts = 2> <OutPorts = 1>

State 92 <SV = 91> <Delay = 7.01>
ST_92 : Operation 367 [2/4] (6.43ns)   --->   "%add3_20 = fadd i32 %add3_19, i32 %mul1_20" [../../../../HWSWAI/HLS/SampleDatasetMLP.cpp:97]   --->   Operation 367 'fadd' 'add3_20' <Predicate = true> <Delay = 6.43> <CoreInst = "FAddSub_fulldsp">   --->   Core 18 'FAddSub_fulldsp' <Latency = 3> <II = 1> <Delay = 6.43> <FuncUnit> <Opcode : 'fadd' 'fsub'> <InPorts = 2> <OutPorts = 1>
ST_92 : Operation 368 [2/3] (7.01ns)   --->   "%mul1_21 = fmul i32 %hidden_layer_1_load_22_read, i32 %weights_2_22_load" [../../../../HWSWAI/HLS/SampleDatasetMLP.cpp:97]   --->   Operation 368 'fmul' 'mul1_21' <Predicate = true> <Delay = 7.01> <CoreInst = "FMul_maxdsp">   --->   Core 30 'FMul_maxdsp' <Latency = 2> <II = 1> <Delay = 7.01> <FuncUnit> <Opcode : 'fmul'> <InPorts = 2> <OutPorts = 1>

State 93 <SV = 92> <Delay = 7.01>
ST_93 : Operation 369 [1/4] (6.43ns)   --->   "%add3_20 = fadd i32 %add3_19, i32 %mul1_20" [../../../../HWSWAI/HLS/SampleDatasetMLP.cpp:97]   --->   Operation 369 'fadd' 'add3_20' <Predicate = true> <Delay = 6.43> <CoreInst = "FAddSub_fulldsp">   --->   Core 18 'FAddSub_fulldsp' <Latency = 3> <II = 1> <Delay = 6.43> <FuncUnit> <Opcode : 'fadd' 'fsub'> <InPorts = 2> <OutPorts = 1>
ST_93 : Operation 370 [1/3] (7.01ns)   --->   "%mul1_21 = fmul i32 %hidden_layer_1_load_22_read, i32 %weights_2_22_load" [../../../../HWSWAI/HLS/SampleDatasetMLP.cpp:97]   --->   Operation 370 'fmul' 'mul1_21' <Predicate = true> <Delay = 7.01> <CoreInst = "FMul_maxdsp">   --->   Core 30 'FMul_maxdsp' <Latency = 2> <II = 1> <Delay = 7.01> <FuncUnit> <Opcode : 'fmul'> <InPorts = 2> <OutPorts = 1>
ST_93 : Operation 371 [1/1] (0.00ns)   --->   "%weights_2_23_addr = getelementptr i32 %weights_2_23, i64 0, i64 %i_2_cast" [../../../../HWSWAI/HLS/SampleDatasetMLP.cpp:97]   --->   Operation 371 'getelementptr' 'weights_2_23_addr' <Predicate = true> <Delay = 0.00>
ST_93 : Operation 372 [2/2] (0.67ns)   --->   "%weights_2_23_load = load i4 %weights_2_23_addr" [../../../../HWSWAI/HLS/SampleDatasetMLP.cpp:97]   --->   Operation 372 'load' 'weights_2_23_load' <Predicate = true> <Delay = 0.67> <CoreInst = "ROM">   --->   Core 101 'ROM' <Latency = 1> <II = 1> <Delay = 0.67> <Storage> <Opcode : 'load'> <Ports = 0> <Width = 32> <Depth = 12> <ROM>

State 94 <SV = 93> <Delay = 6.43>
ST_94 : Operation 373 [4/4] (6.43ns)   --->   "%add3_21 = fadd i32 %add3_20, i32 %mul1_21" [../../../../HWSWAI/HLS/SampleDatasetMLP.cpp:97]   --->   Operation 373 'fadd' 'add3_21' <Predicate = true> <Delay = 6.43> <CoreInst = "FAddSub_fulldsp">   --->   Core 18 'FAddSub_fulldsp' <Latency = 3> <II = 1> <Delay = 6.43> <FuncUnit> <Opcode : 'fadd' 'fsub'> <InPorts = 2> <OutPorts = 1>
ST_94 : Operation 374 [1/2] (0.67ns)   --->   "%weights_2_23_load = load i4 %weights_2_23_addr" [../../../../HWSWAI/HLS/SampleDatasetMLP.cpp:97]   --->   Operation 374 'load' 'weights_2_23_load' <Predicate = true> <Delay = 0.67> <CoreInst = "ROM">   --->   Core 101 'ROM' <Latency = 1> <II = 1> <Delay = 0.67> <Storage> <Opcode : 'load'> <Ports = 0> <Width = 32> <Depth = 12> <ROM>

State 95 <SV = 94> <Delay = 7.01>
ST_95 : Operation 375 [3/4] (6.43ns)   --->   "%add3_21 = fadd i32 %add3_20, i32 %mul1_21" [../../../../HWSWAI/HLS/SampleDatasetMLP.cpp:97]   --->   Operation 375 'fadd' 'add3_21' <Predicate = true> <Delay = 6.43> <CoreInst = "FAddSub_fulldsp">   --->   Core 18 'FAddSub_fulldsp' <Latency = 3> <II = 1> <Delay = 6.43> <FuncUnit> <Opcode : 'fadd' 'fsub'> <InPorts = 2> <OutPorts = 1>
ST_95 : Operation 376 [3/3] (7.01ns)   --->   "%mul1_22 = fmul i32 %hidden_layer_1_load_23_read, i32 %weights_2_23_load" [../../../../HWSWAI/HLS/SampleDatasetMLP.cpp:97]   --->   Operation 376 'fmul' 'mul1_22' <Predicate = true> <Delay = 7.01> <CoreInst = "FMul_maxdsp">   --->   Core 30 'FMul_maxdsp' <Latency = 2> <II = 1> <Delay = 7.01> <FuncUnit> <Opcode : 'fmul'> <InPorts = 2> <OutPorts = 1>

State 96 <SV = 95> <Delay = 7.01>
ST_96 : Operation 377 [2/4] (6.43ns)   --->   "%add3_21 = fadd i32 %add3_20, i32 %mul1_21" [../../../../HWSWAI/HLS/SampleDatasetMLP.cpp:97]   --->   Operation 377 'fadd' 'add3_21' <Predicate = true> <Delay = 6.43> <CoreInst = "FAddSub_fulldsp">   --->   Core 18 'FAddSub_fulldsp' <Latency = 3> <II = 1> <Delay = 6.43> <FuncUnit> <Opcode : 'fadd' 'fsub'> <InPorts = 2> <OutPorts = 1>
ST_96 : Operation 378 [2/3] (7.01ns)   --->   "%mul1_22 = fmul i32 %hidden_layer_1_load_23_read, i32 %weights_2_23_load" [../../../../HWSWAI/HLS/SampleDatasetMLP.cpp:97]   --->   Operation 378 'fmul' 'mul1_22' <Predicate = true> <Delay = 7.01> <CoreInst = "FMul_maxdsp">   --->   Core 30 'FMul_maxdsp' <Latency = 2> <II = 1> <Delay = 7.01> <FuncUnit> <Opcode : 'fmul'> <InPorts = 2> <OutPorts = 1>

State 97 <SV = 96> <Delay = 7.01>
ST_97 : Operation 379 [1/4] (6.43ns)   --->   "%add3_21 = fadd i32 %add3_20, i32 %mul1_21" [../../../../HWSWAI/HLS/SampleDatasetMLP.cpp:97]   --->   Operation 379 'fadd' 'add3_21' <Predicate = true> <Delay = 6.43> <CoreInst = "FAddSub_fulldsp">   --->   Core 18 'FAddSub_fulldsp' <Latency = 3> <II = 1> <Delay = 6.43> <FuncUnit> <Opcode : 'fadd' 'fsub'> <InPorts = 2> <OutPorts = 1>
ST_97 : Operation 380 [1/3] (7.01ns)   --->   "%mul1_22 = fmul i32 %hidden_layer_1_load_23_read, i32 %weights_2_23_load" [../../../../HWSWAI/HLS/SampleDatasetMLP.cpp:97]   --->   Operation 380 'fmul' 'mul1_22' <Predicate = true> <Delay = 7.01> <CoreInst = "FMul_maxdsp">   --->   Core 30 'FMul_maxdsp' <Latency = 2> <II = 1> <Delay = 7.01> <FuncUnit> <Opcode : 'fmul'> <InPorts = 2> <OutPorts = 1>

State 98 <SV = 97> <Delay = 6.43>
ST_98 : Operation 381 [4/4] (6.43ns)   --->   "%add3_22 = fadd i32 %add3_21, i32 %mul1_22" [../../../../HWSWAI/HLS/SampleDatasetMLP.cpp:97]   --->   Operation 381 'fadd' 'add3_22' <Predicate = true> <Delay = 6.43> <CoreInst = "FAddSub_fulldsp">   --->   Core 18 'FAddSub_fulldsp' <Latency = 3> <II = 1> <Delay = 6.43> <FuncUnit> <Opcode : 'fadd' 'fsub'> <InPorts = 2> <OutPorts = 1>

State 99 <SV = 98> <Delay = 6.43>
ST_99 : Operation 382 [3/4] (6.43ns)   --->   "%add3_22 = fadd i32 %add3_21, i32 %mul1_22" [../../../../HWSWAI/HLS/SampleDatasetMLP.cpp:97]   --->   Operation 382 'fadd' 'add3_22' <Predicate = true> <Delay = 6.43> <CoreInst = "FAddSub_fulldsp">   --->   Core 18 'FAddSub_fulldsp' <Latency = 3> <II = 1> <Delay = 6.43> <FuncUnit> <Opcode : 'fadd' 'fsub'> <InPorts = 2> <OutPorts = 1>

State 100 <SV = 99> <Delay = 6.43>
ST_100 : Operation 383 [2/4] (6.43ns)   --->   "%add3_22 = fadd i32 %add3_21, i32 %mul1_22" [../../../../HWSWAI/HLS/SampleDatasetMLP.cpp:97]   --->   Operation 383 'fadd' 'add3_22' <Predicate = true> <Delay = 6.43> <CoreInst = "FAddSub_fulldsp">   --->   Core 18 'FAddSub_fulldsp' <Latency = 3> <II = 1> <Delay = 6.43> <FuncUnit> <Opcode : 'fadd' 'fsub'> <InPorts = 2> <OutPorts = 1>

State 101 <SV = 100> <Delay = 6.43>
ST_101 : Operation 384 [1/4] (6.43ns)   --->   "%add3_22 = fadd i32 %add3_21, i32 %mul1_22" [../../../../HWSWAI/HLS/SampleDatasetMLP.cpp:97]   --->   Operation 384 'fadd' 'add3_22' <Predicate = true> <Delay = 6.43> <CoreInst = "FAddSub_fulldsp">   --->   Core 18 'FAddSub_fulldsp' <Latency = 3> <II = 1> <Delay = 6.43> <FuncUnit> <Opcode : 'fadd' 'fsub'> <InPorts = 2> <OutPorts = 1>
ST_101 : Operation 385 [1/1] (0.00ns)   --->   "%hidden_bias_2_addr = getelementptr i32 %hidden_bias_2, i64 0, i64 %i_2_cast" [../../../../HWSWAI/HLS/SampleDatasetMLP.cpp:100]   --->   Operation 385 'getelementptr' 'hidden_bias_2_addr' <Predicate = true> <Delay = 0.00>
ST_101 : Operation 386 [2/2] (0.67ns)   --->   "%hidden_bias_2_load = load i4 %hidden_bias_2_addr" [../../../../HWSWAI/HLS/SampleDatasetMLP.cpp:100]   --->   Operation 386 'load' 'hidden_bias_2_load' <Predicate = true> <Delay = 0.67> <CoreInst = "ROM">   --->   Core 101 'ROM' <Latency = 1> <II = 1> <Delay = 0.67> <Storage> <Opcode : 'load'> <Ports = 0> <Width = 32> <Depth = 12> <ROM>

State 102 <SV = 101> <Delay = 7.11>
ST_102 : Operation 387 [1/2] (0.67ns)   --->   "%hidden_bias_2_load = load i4 %hidden_bias_2_addr" [../../../../HWSWAI/HLS/SampleDatasetMLP.cpp:100]   --->   Operation 387 'load' 'hidden_bias_2_load' <Predicate = true> <Delay = 0.67> <CoreInst = "ROM">   --->   Core 101 'ROM' <Latency = 1> <II = 1> <Delay = 0.67> <Storage> <Opcode : 'load'> <Ports = 0> <Width = 32> <Depth = 12> <ROM>
ST_102 : Operation 388 [4/4] (6.43ns)   --->   "%add2 = fadd i32 %add3_22, i32 %hidden_bias_2_load" [../../../../HWSWAI/HLS/SampleDatasetMLP.cpp:100]   --->   Operation 388 'fadd' 'add2' <Predicate = true> <Delay = 6.43> <CoreInst = "FAddSub_fulldsp">   --->   Core 18 'FAddSub_fulldsp' <Latency = 3> <II = 1> <Delay = 6.43> <FuncUnit> <Opcode : 'fadd' 'fsub'> <InPorts = 2> <OutPorts = 1>

State 103 <SV = 102> <Delay = 6.43>
ST_103 : Operation 389 [3/4] (6.43ns)   --->   "%add2 = fadd i32 %add3_22, i32 %hidden_bias_2_load" [../../../../HWSWAI/HLS/SampleDatasetMLP.cpp:100]   --->   Operation 389 'fadd' 'add2' <Predicate = true> <Delay = 6.43> <CoreInst = "FAddSub_fulldsp">   --->   Core 18 'FAddSub_fulldsp' <Latency = 3> <II = 1> <Delay = 6.43> <FuncUnit> <Opcode : 'fadd' 'fsub'> <InPorts = 2> <OutPorts = 1>

State 104 <SV = 103> <Delay = 6.43>
ST_104 : Operation 390 [2/4] (6.43ns)   --->   "%add2 = fadd i32 %add3_22, i32 %hidden_bias_2_load" [../../../../HWSWAI/HLS/SampleDatasetMLP.cpp:100]   --->   Operation 390 'fadd' 'add2' <Predicate = true> <Delay = 6.43> <CoreInst = "FAddSub_fulldsp">   --->   Core 18 'FAddSub_fulldsp' <Latency = 3> <II = 1> <Delay = 6.43> <FuncUnit> <Opcode : 'fadd' 'fsub'> <InPorts = 2> <OutPorts = 1>

State 105 <SV = 104> <Delay = 6.43>
ST_105 : Operation 391 [1/4] (6.43ns)   --->   "%add2 = fadd i32 %add3_22, i32 %hidden_bias_2_load" [../../../../HWSWAI/HLS/SampleDatasetMLP.cpp:100]   --->   Operation 391 'fadd' 'add2' <Predicate = true> <Delay = 6.43> <CoreInst = "FAddSub_fulldsp">   --->   Core 18 'FAddSub_fulldsp' <Latency = 3> <II = 1> <Delay = 6.43> <FuncUnit> <Opcode : 'fadd' 'fsub'> <InPorts = 2> <OutPorts = 1>

State 106 <SV = 105> <Delay = 2.78>
ST_106 : Operation 392 [2/2] (2.78ns)   --->   "%tmp_3 = fcmp_olt  i32 %add2, i32 0" [../../../../HWSWAI/HLS/SampleDatasetMLP.cpp:102]   --->   Operation 392 'fcmp' 'tmp_3' <Predicate = true> <Delay = 2.78> <CoreInst = "FCompare">   --->   Core 19 'FCompare' <Latency = 1> <II = 1> <Delay = 2.78> <FuncUnit> <Opcode : 'fcmp'> <InPorts = 2> <OutPorts = 1>
ST_106 : Operation 406 [1/1] (0.00ns)   --->   "%ret_ln0 = ret"   --->   Operation 406 'ret' 'ret_ln0' <Predicate = (icmp_ln94)> <Delay = 0.00>

State 107 <SV = 106> <Delay = 3.90>
ST_107 : Operation 393 [1/1] (0.00ns)   --->   "%specloopname_ln94 = specloopname void @_ssdm_op_SpecLoopName, void @empty_6" [../../../../HWSWAI/HLS/SampleDatasetMLP.cpp:94]   --->   Operation 393 'specloopname' 'specloopname_ln94' <Predicate = true> <Delay = 0.00>
ST_107 : Operation 394 [1/1] (0.00ns)   --->   "%hidden_layer_2_addr = getelementptr i32 %hidden_layer_2, i64 0, i64 %i_2_cast" [../../../../HWSWAI/HLS/SampleDatasetMLP.cpp:95]   --->   Operation 394 'getelementptr' 'hidden_layer_2_addr' <Predicate = true> <Delay = 0.00>
ST_107 : Operation 395 [1/1] (0.00ns)   --->   "%bitcast_ln102 = bitcast i32 %add2" [../../../../HWSWAI/HLS/SampleDatasetMLP.cpp:102]   --->   Operation 395 'bitcast' 'bitcast_ln102' <Predicate = true> <Delay = 0.00>
ST_107 : Operation 396 [1/1] (0.00ns)   --->   "%tmp_2 = partselect i8 @_ssdm_op_PartSelect.i8.i32.i32.i32, i32 %bitcast_ln102, i32 23, i32 30" [../../../../HWSWAI/HLS/SampleDatasetMLP.cpp:102]   --->   Operation 396 'partselect' 'tmp_2' <Predicate = true> <Delay = 0.00>
ST_107 : Operation 397 [1/1] (0.00ns)   --->   "%trunc_ln102 = trunc i32 %bitcast_ln102" [../../../../HWSWAI/HLS/SampleDatasetMLP.cpp:102]   --->   Operation 397 'trunc' 'trunc_ln102' <Predicate = true> <Delay = 0.00>
ST_107 : Operation 398 [1/1] (0.84ns)   --->   "%icmp_ln102 = icmp_ne  i8 %tmp_2, i8 255" [../../../../HWSWAI/HLS/SampleDatasetMLP.cpp:102]   --->   Operation 398 'icmp' 'icmp_ln102' <Predicate = true> <Delay = 0.84> <CoreInst = "Cmp">   --->   Core 9 'Cmp' <Latency = 0> <II = 1> <Delay = 0.84> <FuncUnit> <Opcode : 'icmp'> <InPorts = 2> <OutPorts = 1>
ST_107 : Operation 399 [1/1] (1.05ns)   --->   "%icmp_ln102_1 = icmp_eq  i23 %trunc_ln102, i23 0" [../../../../HWSWAI/HLS/SampleDatasetMLP.cpp:102]   --->   Operation 399 'icmp' 'icmp_ln102_1' <Predicate = true> <Delay = 1.05> <CoreInst = "Cmp">   --->   Core 9 'Cmp' <Latency = 0> <II = 1> <Delay = 1.05> <FuncUnit> <Opcode : 'icmp'> <InPorts = 2> <OutPorts = 1>
ST_107 : Operation 400 [1/1] (0.00ns) (grouped into LUT with out node select_ln102)   --->   "%or_ln102 = or i1 %icmp_ln102_1, i1 %icmp_ln102" [../../../../HWSWAI/HLS/SampleDatasetMLP.cpp:102]   --->   Operation 400 'or' 'or_ln102' <Predicate = true> <Delay = 0.00> <CoreInst = "LogicGate">   --->   Core 74 'LogicGate' <Latency = 0> <II = 1> <Delay = 0.28> <FuncUnit> <Opcode : 'and' 'or' 'xor'> <InPorts = 2> <OutPorts = 1>
ST_107 : Operation 401 [1/2] (2.78ns)   --->   "%tmp_3 = fcmp_olt  i32 %add2, i32 0" [../../../../HWSWAI/HLS/SampleDatasetMLP.cpp:102]   --->   Operation 401 'fcmp' 'tmp_3' <Predicate = true> <Delay = 2.78> <CoreInst = "FCompare">   --->   Core 19 'FCompare' <Latency = 1> <II = 1> <Delay = 2.78> <FuncUnit> <Opcode : 'fcmp'> <InPorts = 2> <OutPorts = 1>
ST_107 : Operation 402 [1/1] (0.00ns) (grouped into LUT with out node select_ln102)   --->   "%and_ln102 = and i1 %or_ln102, i1 %tmp_3" [../../../../HWSWAI/HLS/SampleDatasetMLP.cpp:102]   --->   Operation 402 'and' 'and_ln102' <Predicate = true> <Delay = 0.00> <CoreInst = "LogicGate">   --->   Core 74 'LogicGate' <Latency = 0> <II = 1> <Delay = 0.28> <FuncUnit> <Opcode : 'and' 'or' 'xor'> <InPorts = 2> <OutPorts = 1>
ST_107 : Operation 403 [1/1] (0.44ns) (out node of the LUT)   --->   "%select_ln102 = select i1 %and_ln102, i32 0, i32 %add2" [../../../../HWSWAI/HLS/SampleDatasetMLP.cpp:102]   --->   Operation 403 'select' 'select_ln102' <Predicate = true> <Delay = 0.44> <CoreInst = "Sel">   --->   Core 73 'Sel' <Latency = 0> <II = 1> <Delay = 0.44> <FuncUnit> <Opcode : 'select'> <InPorts = 3> <OutPorts = 1>
ST_107 : Operation 404 [1/1] (0.67ns)   --->   "%store_ln100 = store i32 %select_ln102, i4 %hidden_layer_2_addr" [../../../../HWSWAI/HLS/SampleDatasetMLP.cpp:100]   --->   Operation 404 'store' 'store_ln100' <Predicate = true> <Delay = 0.67> <CoreInst = "RAM">   --->   Core 83 'RAM' <Latency = 1> <II = 1> <Delay = 0.67> <Storage> <Opcode : 'load' 'store'> <Ports = 2> <Width = 32> <Depth = 12> <RAM>
ST_107 : Operation 405 [1/1] (0.00ns)   --->   "%br_ln94 = br void %VITIS_LOOP_96_6" [../../../../HWSWAI/HLS/SampleDatasetMLP.cpp:94]   --->   Operation 405 'br' 'br_ln94' <Predicate = true> <Delay = 0.00>


============================================================
+ Verbose Summary: Binding
============================================================
STG Binding: 
---------------- STG Properties BEGIN ----------------
- Is combinational: 0
- Is one-state seq: 0
- Is datapath-only: 0
- Is pipelined: 0
- Is top level: 0
Port [ Return ] is wired: 1; IO mode=ap_ctrl_hs:ce=0
Port [ hidden_layer_2]:  wired=1; compound=1; hidden=0; nouse=0; global=0; static=0; extern=0; dir=1; type=1; pingpong=0; private_global=0; MemPort=[03]; IO mode=ap_memory:ce=0
Port [ hidden_layer_1_load]:  wired=1; compound=0; hidden=0; nouse=0; global=0; static=0; extern=0; dir=0; type=0; pingpong=0; private_global=0; IO mode=ap_none:ce=0
Port [ hidden_layer_1_load_1]:  wired=1; compound=0; hidden=0; nouse=0; global=0; static=0; extern=0; dir=0; type=0; pingpong=0; private_global=0; IO mode=ap_none:ce=0
Port [ hidden_layer_1_load_2]:  wired=1; compound=0; hidden=0; nouse=0; global=0; static=0; extern=0; dir=0; type=0; pingpong=0; private_global=0; IO mode=ap_none:ce=0
Port [ hidden_layer_1_load_3]:  wired=1; compound=0; hidden=0; nouse=0; global=0; static=0; extern=0; dir=0; type=0; pingpong=0; private_global=0; IO mode=ap_none:ce=0
Port [ hidden_layer_1_load_4]:  wired=1; compound=0; hidden=0; nouse=0; global=0; static=0; extern=0; dir=0; type=0; pingpong=0; private_global=0; IO mode=ap_none:ce=0
Port [ hidden_layer_1_load_5]:  wired=1; compound=0; hidden=0; nouse=0; global=0; static=0; extern=0; dir=0; type=0; pingpong=0; private_global=0; IO mode=ap_none:ce=0
Port [ hidden_layer_1_load_6]:  wired=1; compound=0; hidden=0; nouse=0; global=0; static=0; extern=0; dir=0; type=0; pingpong=0; private_global=0; IO mode=ap_none:ce=0
Port [ hidden_layer_1_load_7]:  wired=1; compound=0; hidden=0; nouse=0; global=0; static=0; extern=0; dir=0; type=0; pingpong=0; private_global=0; IO mode=ap_none:ce=0
Port [ hidden_layer_1_load_8]:  wired=1; compound=0; hidden=0; nouse=0; global=0; static=0; extern=0; dir=0; type=0; pingpong=0; private_global=0; IO mode=ap_none:ce=0
Port [ hidden_layer_1_load_9]:  wired=1; compound=0; hidden=0; nouse=0; global=0; static=0; extern=0; dir=0; type=0; pingpong=0; private_global=0; IO mode=ap_none:ce=0
Port [ hidden_layer_1_load_10]:  wired=1; compound=0; hidden=0; nouse=0; global=0; static=0; extern=0; dir=0; type=0; pingpong=0; private_global=0; IO mode=ap_none:ce=0
Port [ hidden_layer_1_load_11]:  wired=1; compound=0; hidden=0; nouse=0; global=0; static=0; extern=0; dir=0; type=0; pingpong=0; private_global=0; IO mode=ap_none:ce=0
Port [ hidden_layer_1_load_12]:  wired=1; compound=0; hidden=0; nouse=0; global=0; static=0; extern=0; dir=0; type=0; pingpong=0; private_global=0; IO mode=ap_none:ce=0
Port [ hidden_layer_1_load_13]:  wired=1; compound=0; hidden=0; nouse=0; global=0; static=0; extern=0; dir=0; type=0; pingpong=0; private_global=0; IO mode=ap_none:ce=0
Port [ hidden_layer_1_load_14]:  wired=1; compound=0; hidden=0; nouse=0; global=0; static=0; extern=0; dir=0; type=0; pingpong=0; private_global=0; IO mode=ap_none:ce=0
Port [ hidden_layer_1_load_15]:  wired=1; compound=0; hidden=0; nouse=0; global=0; static=0; extern=0; dir=0; type=0; pingpong=0; private_global=0; IO mode=ap_none:ce=0
Port [ hidden_layer_1_load_16]:  wired=1; compound=0; hidden=0; nouse=0; global=0; static=0; extern=0; dir=0; type=0; pingpong=0; private_global=0; IO mode=ap_none:ce=0
Port [ hidden_layer_1_load_17]:  wired=1; compound=0; hidden=0; nouse=0; global=0; static=0; extern=0; dir=0; type=0; pingpong=0; private_global=0; IO mode=ap_none:ce=0
Port [ hidden_layer_1_load_18]:  wired=1; compound=0; hidden=0; nouse=0; global=0; static=0; extern=0; dir=0; type=0; pingpong=0; private_global=0; IO mode=ap_none:ce=0
Port [ hidden_layer_1_load_19]:  wired=1; compound=0; hidden=0; nouse=0; global=0; static=0; extern=0; dir=0; type=0; pingpong=0; private_global=0; IO mode=ap_none:ce=0
Port [ hidden_layer_1_load_20]:  wired=1; compound=0; hidden=0; nouse=0; global=0; static=0; extern=0; dir=0; type=0; pingpong=0; private_global=0; IO mode=ap_none:ce=0
Port [ hidden_layer_1_load_21]:  wired=1; compound=0; hidden=0; nouse=0; global=0; static=0; extern=0; dir=0; type=0; pingpong=0; private_global=0; IO mode=ap_none:ce=0
Port [ hidden_layer_1_load_22]:  wired=1; compound=0; hidden=0; nouse=0; global=0; static=0; extern=0; dir=0; type=0; pingpong=0; private_global=0; IO mode=ap_none:ce=0
Port [ hidden_layer_1_load_23]:  wired=1; compound=0; hidden=0; nouse=0; global=0; static=0; extern=0; dir=0; type=0; pingpong=0; private_global=0; IO mode=ap_none:ce=0
Port [ weights_2_0]:  wired=0; compound=1; hidden=1; nouse=0; global=1; static=1; extern=0; dir=0; type=1; pingpong=0; private_global=1; MemPort=[1]; IO mode=ap_memory:ce=0
Port [ weights_2_1]:  wired=0; compound=1; hidden=1; nouse=0; global=1; static=1; extern=0; dir=0; type=1; pingpong=0; private_global=1; MemPort=[1]; IO mode=ap_memory:ce=0
Port [ weights_2_2]:  wired=0; compound=1; hidden=1; nouse=0; global=1; static=1; extern=0; dir=0; type=1; pingpong=0; private_global=1; MemPort=[1]; IO mode=ap_memory:ce=0
Port [ weights_2_3]:  wired=0; compound=1; hidden=1; nouse=0; global=1; static=1; extern=0; dir=0; type=1; pingpong=0; private_global=1; MemPort=[1]; IO mode=ap_memory:ce=0
Port [ weights_2_4]:  wired=0; compound=1; hidden=1; nouse=0; global=1; static=1; extern=0; dir=0; type=1; pingpong=0; private_global=1; MemPort=[1]; IO mode=ap_memory:ce=0
Port [ weights_2_5]:  wired=0; compound=1; hidden=1; nouse=0; global=1; static=1; extern=0; dir=0; type=1; pingpong=0; private_global=1; MemPort=[1]; IO mode=ap_memory:ce=0
Port [ weights_2_6]:  wired=0; compound=1; hidden=1; nouse=0; global=1; static=1; extern=0; dir=0; type=1; pingpong=0; private_global=1; MemPort=[1]; IO mode=ap_memory:ce=0
Port [ weights_2_7]:  wired=0; compound=1; hidden=1; nouse=0; global=1; static=1; extern=0; dir=0; type=1; pingpong=0; private_global=1; MemPort=[1]; IO mode=ap_memory:ce=0
Port [ weights_2_8]:  wired=0; compound=1; hidden=1; nouse=0; global=1; static=1; extern=0; dir=0; type=1; pingpong=0; private_global=1; MemPort=[1]; IO mode=ap_memory:ce=0
Port [ weights_2_9]:  wired=0; compound=1; hidden=1; nouse=0; global=1; static=1; extern=0; dir=0; type=1; pingpong=0; private_global=1; MemPort=[1]; IO mode=ap_memory:ce=0
Port [ weights_2_10]:  wired=0; compound=1; hidden=1; nouse=0; global=1; static=1; extern=0; dir=0; type=1; pingpong=0; private_global=1; MemPort=[1]; IO mode=ap_memory:ce=0
Port [ weights_2_11]:  wired=0; compound=1; hidden=1; nouse=0; global=1; static=1; extern=0; dir=0; type=1; pingpong=0; private_global=1; MemPort=[1]; IO mode=ap_memory:ce=0
Port [ weights_2_12]:  wired=0; compound=1; hidden=1; nouse=0; global=1; static=1; extern=0; dir=0; type=1; pingpong=0; private_global=1; MemPort=[1]; IO mode=ap_memory:ce=0
Port [ weights_2_13]:  wired=0; compound=1; hidden=1; nouse=0; global=1; static=1; extern=0; dir=0; type=1; pingpong=0; private_global=1; MemPort=[1]; IO mode=ap_memory:ce=0
Port [ weights_2_14]:  wired=0; compound=1; hidden=1; nouse=0; global=1; static=1; extern=0; dir=0; type=1; pingpong=0; private_global=1; MemPort=[1]; IO mode=ap_memory:ce=0
Port [ weights_2_15]:  wired=0; compound=1; hidden=1; nouse=0; global=1; static=1; extern=0; dir=0; type=1; pingpong=0; private_global=1; MemPort=[1]; IO mode=ap_memory:ce=0
Port [ weights_2_16]:  wired=0; compound=1; hidden=1; nouse=0; global=1; static=1; extern=0; dir=0; type=1; pingpong=0; private_global=1; MemPort=[1]; IO mode=ap_memory:ce=0
Port [ weights_2_17]:  wired=0; compound=1; hidden=1; nouse=0; global=1; static=1; extern=0; dir=0; type=1; pingpong=0; private_global=1; MemPort=[1]; IO mode=ap_memory:ce=0
Port [ weights_2_18]:  wired=0; compound=1; hidden=1; nouse=0; global=1; static=1; extern=0; dir=0; type=1; pingpong=0; private_global=1; MemPort=[1]; IO mode=ap_memory:ce=0
Port [ weights_2_19]:  wired=0; compound=1; hidden=1; nouse=0; global=1; static=1; extern=0; dir=0; type=1; pingpong=0; private_global=1; MemPort=[1]; IO mode=ap_memory:ce=0
Port [ weights_2_20]:  wired=0; compound=1; hidden=1; nouse=0; global=1; static=1; extern=0; dir=0; type=1; pingpong=0; private_global=1; MemPort=[1]; IO mode=ap_memory:ce=0
Port [ weights_2_21]:  wired=0; compound=1; hidden=1; nouse=0; global=1; static=1; extern=0; dir=0; type=1; pingpong=0; private_global=1; MemPort=[1]; IO mode=ap_memory:ce=0
Port [ weights_2_22]:  wired=0; compound=1; hidden=1; nouse=0; global=1; static=1; extern=0; dir=0; type=1; pingpong=0; private_global=1; MemPort=[1]; IO mode=ap_memory:ce=0
Port [ weights_2_23]:  wired=0; compound=1; hidden=1; nouse=0; global=1; static=1; extern=0; dir=0; type=1; pingpong=0; private_global=1; MemPort=[1]; IO mode=ap_memory:ce=0
Port [ hidden_bias_2]:  wired=0; compound=1; hidden=1; nouse=0; global=1; static=1; extern=0; dir=0; type=1; pingpong=0; private_global=1; MemPort=[1]; IO mode=ap_memory:ce=0
---------------- STG Properties END ------------------

---------------- Datapath Model BEGIN ----------------

<LifeTime>
<method=bitvector/>
i                           (alloca           ) [ 010000000000000000000000000000000000000000000000000000000000000000000000000000000000000000000000000000000000]
hidden_layer_1_load_23_read (read             ) [ 011111111111111111111111111111111111111111111111111111111111111111111111111111111111111111111111110000000000]
hidden_layer_1_load_22_read (read             ) [ 011111111111111111111111111111111111111111111111111111111111111111111111111111111111111111111100000000000000]
hidden_layer_1_load_21_read (read             ) [ 011111111111111111111111111111111111111111111111111111111111111111111111111111111111111111000000000000000000]
hidden_layer_1_load_20_read (read             ) [ 011111111111111111111111111111111111111111111111111111111111111111111111111111111111110000000000000000000000]
hidden_layer_1_load_19_read (read             ) [ 011111111111111111111111111111111111111111111111111111111111111111111111111111111100000000000000000000000000]
hidden_layer_1_load_18_read (read             ) [ 011111111111111111111111111111111111111111111111111111111111111111111111111111000000000000000000000000000000]
hidden_layer_1_load_17_read (read             ) [ 011111111111111111111111111111111111111111111111111111111111111111111111110000000000000000000000000000000000]
hidden_layer_1_load_16_read (read             ) [ 011111111111111111111111111111111111111111111111111111111111111111111100000000000000000000000000000000000000]
hidden_layer_1_load_15_read (read             ) [ 011111111111111111111111111111111111111111111111111111111111111111000000000000000000000000000000000000000000]
hidden_layer_1_load_14_read (read             ) [ 011111111111111111111111111111111111111111111111111111111111110000000000000000000000000000000000000000000000]
hidden_layer_1_load_13_read (read             ) [ 011111111111111111111111111111111111111111111111111111111100000000000000000000000000000000000000000000000000]
hidden_layer_1_load_12_read (read             ) [ 011111111111111111111111111111111111111111111111111111000000000000000000000000000000000000000000000000000000]
hidden_layer_1_load_11_read (read             ) [ 011111111111111111111111111111111111111111111111110000000000000000000000000000000000000000000000000000000000]
hidden_layer_1_load_10_read (read             ) [ 011111111111111111111111111111111111111111111100000000000000000000000000000000000000000000000000000000000000]
hidden_layer_1_load_9_read  (read             ) [ 011111111111111111111111111111111111111111000000000000000000000000000000000000000000000000000000000000000000]
hidden_layer_1_load_8_read  (read             ) [ 011111111111111111111111111111111111110000000000000000000000000000000000000000000000000000000000000000000000]
hidden_layer_1_load_7_read  (read             ) [ 011111111111111111111111111111111100000000000000000000000000000000000000000000000000000000000000000000000000]
hidden_layer_1_load_6_read  (read             ) [ 011111111111111111111111111111000000000000000000000000000000000000000000000000000000000000000000000000000000]
hidden_layer_1_load_5_read  (read             ) [ 011111111111111111111111110000000000000000000000000000000000000000000000000000000000000000000000000000000000]
hidden_layer_1_load_4_read  (read             ) [ 011111111111111111111100000000000000000000000000000000000000000000000000000000000000000000000000000000000000]
hidden_layer_1_load_3_read  (read             ) [ 011111111111111111000000000000000000000000000000000000000000000000000000000000000000000000000000000000000000]
hidden_layer_1_load_2_read  (read             ) [ 011111111111110000000000000000000000000000000000000000000000000000000000000000000000000000000000000000000000]
hidden_layer_1_load_1_read  (read             ) [ 011111111100000000000000000000000000000000000000000000000000000000000000000000000000000000000000000000000000]
hidden_layer_1_load_read    (read             ) [ 011111000000000000000000000000000000000000000000000000000000000000000000000000000000000000000000000000000000]
store_ln0                   (store            ) [ 000000000000000000000000000000000000000000000000000000000000000000000000000000000000000000000000000000000000]
br_ln0                      (br               ) [ 000000000000000000000000000000000000000000000000000000000000000000000000000000000000000000000000000000000000]
i_1                         (load             ) [ 000000000000000000000000000000000000000000000000000000000000000000000000000000000000000000000000000000000000]
specpipeline_ln0            (specpipeline     ) [ 000000000000000000000000000000000000000000000000000000000000000000000000000000000000000000000000000000000000]
icmp_ln94                   (icmp             ) [ 011111111111111111111111111111111111111111111111111111111111111111111111111111111111111111111111111111111110]
empty                       (speclooptripcount) [ 000000000000000000000000000000000000000000000000000000000000000000000000000000000000000000000000000000000000]
add_ln94                    (add              ) [ 000000000000000000000000000000000000000000000000000000000000000000000000000000000000000000000000000000000000]
br_ln94                     (br               ) [ 000000000000000000000000000000000000000000000000000000000000000000000000000000000000000000000000000000000000]
i_2_cast                    (zext             ) [ 011111111111111111111111111111111111111111111111111111111111111111111111111111111111111111111111111111111111]
weights_2_0_addr            (getelementptr    ) [ 011000000000000000000000000000000000000000000000000000000000000000000000000000000000000000000000000000000000]
store_ln94                  (store            ) [ 000000000000000000000000000000000000000000000000000000000000000000000000000000000000000000000000000000000000]
weights_2_0_load            (load             ) [ 010111000000000000000000000000000000000000000000000000000000000000000000000000000000000000000000000000000000]
mul1                        (fmul             ) [ 010000111100000000000000000000000000000000000000000000000000000000000000000000000000000000000000000000000000]
weights_2_1_addr            (getelementptr    ) [ 010000100000000000000000000000000000000000000000000000000000000000000000000000000000000000000000000000000000]
weights_2_1_load            (load             ) [ 010000011100000000000000000000000000000000000000000000000000000000000000000000000000000000000000000000000000]
add3                        (fadd             ) [ 010000000011110000000000000000000000000000000000000000000000000000000000000000000000000000000000000000000000]
mul1_1                      (fmul             ) [ 010000000011110000000000000000000000000000000000000000000000000000000000000000000000000000000000000000000000]
weights_2_2_addr            (getelementptr    ) [ 010000000010000000000000000000000000000000000000000000000000000000000000000000000000000000000000000000000000]
weights_2_2_load            (load             ) [ 010000000001110000000000000000000000000000000000000000000000000000000000000000000000000000000000000000000000]
add3_1                      (fadd             ) [ 010000000000001111000000000000000000000000000000000000000000000000000000000000000000000000000000000000000000]
mul1_2                      (fmul             ) [ 010000000000001111000000000000000000000000000000000000000000000000000000000000000000000000000000000000000000]
weights_2_3_addr            (getelementptr    ) [ 010000000000001000000000000000000000000000000000000000000000000000000000000000000000000000000000000000000000]
weights_2_3_load            (load             ) [ 010000000000000111000000000000000000000000000000000000000000000000000000000000000000000000000000000000000000]
add3_2                      (fadd             ) [ 010000000000000000111100000000000000000000000000000000000000000000000000000000000000000000000000000000000000]
mul1_3                      (fmul             ) [ 010000000000000000111100000000000000000000000000000000000000000000000000000000000000000000000000000000000000]
weights_2_4_addr            (getelementptr    ) [ 010000000000000000100000000000000000000000000000000000000000000000000000000000000000000000000000000000000000]
weights_2_4_load            (load             ) [ 010000000000000000011100000000000000000000000000000000000000000000000000000000000000000000000000000000000000]
add3_3                      (fadd             ) [ 010000000000000000000011110000000000000000000000000000000000000000000000000000000000000000000000000000000000]
mul1_4                      (fmul             ) [ 010000000000000000000011110000000000000000000000000000000000000000000000000000000000000000000000000000000000]
weights_2_5_addr            (getelementptr    ) [ 010000000000000000000010000000000000000000000000000000000000000000000000000000000000000000000000000000000000]
weights_2_5_load            (load             ) [ 010000000000000000000001110000000000000000000000000000000000000000000000000000000000000000000000000000000000]
add3_4                      (fadd             ) [ 010000000000000000000000001111000000000000000000000000000000000000000000000000000000000000000000000000000000]
mul1_5                      (fmul             ) [ 010000000000000000000000001111000000000000000000000000000000000000000000000000000000000000000000000000000000]
weights_2_6_addr            (getelementptr    ) [ 010000000000000000000000001000000000000000000000000000000000000000000000000000000000000000000000000000000000]
weights_2_6_load            (load             ) [ 010000000000000000000000000111000000000000000000000000000000000000000000000000000000000000000000000000000000]
add3_5                      (fadd             ) [ 010000000000000000000000000000111100000000000000000000000000000000000000000000000000000000000000000000000000]
mul1_6                      (fmul             ) [ 010000000000000000000000000000111100000000000000000000000000000000000000000000000000000000000000000000000000]
weights_2_7_addr            (getelementptr    ) [ 010000000000000000000000000000100000000000000000000000000000000000000000000000000000000000000000000000000000]
weights_2_7_load            (load             ) [ 010000000000000000000000000000011100000000000000000000000000000000000000000000000000000000000000000000000000]
add3_6                      (fadd             ) [ 010000000000000000000000000000000011110000000000000000000000000000000000000000000000000000000000000000000000]
mul1_7                      (fmul             ) [ 010000000000000000000000000000000011110000000000000000000000000000000000000000000000000000000000000000000000]
weights_2_8_addr            (getelementptr    ) [ 010000000000000000000000000000000010000000000000000000000000000000000000000000000000000000000000000000000000]
weights_2_8_load            (load             ) [ 010000000000000000000000000000000001110000000000000000000000000000000000000000000000000000000000000000000000]
add3_7                      (fadd             ) [ 010000000000000000000000000000000000001111000000000000000000000000000000000000000000000000000000000000000000]
mul1_8                      (fmul             ) [ 010000000000000000000000000000000000001111000000000000000000000000000000000000000000000000000000000000000000]
weights_2_9_addr            (getelementptr    ) [ 010000000000000000000000000000000000001000000000000000000000000000000000000000000000000000000000000000000000]
weights_2_9_load            (load             ) [ 010000000000000000000000000000000000000111000000000000000000000000000000000000000000000000000000000000000000]
add3_8                      (fadd             ) [ 010000000000000000000000000000000000000000111100000000000000000000000000000000000000000000000000000000000000]
mul1_9                      (fmul             ) [ 010000000000000000000000000000000000000000111100000000000000000000000000000000000000000000000000000000000000]
weights_2_10_addr           (getelementptr    ) [ 010000000000000000000000000000000000000000100000000000000000000000000000000000000000000000000000000000000000]
weights_2_10_load           (load             ) [ 010000000000000000000000000000000000000000011100000000000000000000000000000000000000000000000000000000000000]
add3_9                      (fadd             ) [ 010000000000000000000000000000000000000000000011110000000000000000000000000000000000000000000000000000000000]
mul1_s                      (fmul             ) [ 010000000000000000000000000000000000000000000011110000000000000000000000000000000000000000000000000000000000]
weights_2_11_addr           (getelementptr    ) [ 010000000000000000000000000000000000000000000010000000000000000000000000000000000000000000000000000000000000]
weights_2_11_load           (load             ) [ 010000000000000000000000000000000000000000000001110000000000000000000000000000000000000000000000000000000000]
add3_s                      (fadd             ) [ 010000000000000000000000000000000000000000000000001111000000000000000000000000000000000000000000000000000000]
mul1_10                     (fmul             ) [ 010000000000000000000000000000000000000000000000001111000000000000000000000000000000000000000000000000000000]
weights_2_12_addr           (getelementptr    ) [ 010000000000000000000000000000000000000000000000001000000000000000000000000000000000000000000000000000000000]
weights_2_12_load           (load             ) [ 010000000000000000000000000000000000000000000000000111000000000000000000000000000000000000000000000000000000]
add3_10                     (fadd             ) [ 010000000000000000000000000000000000000000000000000000111100000000000000000000000000000000000000000000000000]
mul1_11                     (fmul             ) [ 010000000000000000000000000000000000000000000000000000111100000000000000000000000000000000000000000000000000]
weights_2_13_addr           (getelementptr    ) [ 010000000000000000000000000000000000000000000000000000100000000000000000000000000000000000000000000000000000]
weights_2_13_load           (load             ) [ 010000000000000000000000000000000000000000000000000000011100000000000000000000000000000000000000000000000000]
add3_11                     (fadd             ) [ 010000000000000000000000000000000000000000000000000000000011110000000000000000000000000000000000000000000000]
mul1_12                     (fmul             ) [ 010000000000000000000000000000000000000000000000000000000011110000000000000000000000000000000000000000000000]
weights_2_14_addr           (getelementptr    ) [ 010000000000000000000000000000000000000000000000000000000010000000000000000000000000000000000000000000000000]
weights_2_14_load           (load             ) [ 010000000000000000000000000000000000000000000000000000000001110000000000000000000000000000000000000000000000]
add3_12                     (fadd             ) [ 010000000000000000000000000000000000000000000000000000000000001111000000000000000000000000000000000000000000]
mul1_13                     (fmul             ) [ 010000000000000000000000000000000000000000000000000000000000001111000000000000000000000000000000000000000000]
weights_2_15_addr           (getelementptr    ) [ 010000000000000000000000000000000000000000000000000000000000001000000000000000000000000000000000000000000000]
weights_2_15_load           (load             ) [ 010000000000000000000000000000000000000000000000000000000000000111000000000000000000000000000000000000000000]
add3_13                     (fadd             ) [ 010000000000000000000000000000000000000000000000000000000000000000111100000000000000000000000000000000000000]
mul1_14                     (fmul             ) [ 010000000000000000000000000000000000000000000000000000000000000000111100000000000000000000000000000000000000]
weights_2_16_addr           (getelementptr    ) [ 010000000000000000000000000000000000000000000000000000000000000000100000000000000000000000000000000000000000]
weights_2_16_load           (load             ) [ 010000000000000000000000000000000000000000000000000000000000000000011100000000000000000000000000000000000000]
add3_14                     (fadd             ) [ 010000000000000000000000000000000000000000000000000000000000000000000011110000000000000000000000000000000000]
mul1_15                     (fmul             ) [ 010000000000000000000000000000000000000000000000000000000000000000000011110000000000000000000000000000000000]
weights_2_17_addr           (getelementptr    ) [ 010000000000000000000000000000000000000000000000000000000000000000000010000000000000000000000000000000000000]
weights_2_17_load           (load             ) [ 010000000000000000000000000000000000000000000000000000000000000000000001110000000000000000000000000000000000]
add3_15                     (fadd             ) [ 010000000000000000000000000000000000000000000000000000000000000000000000001111000000000000000000000000000000]
mul1_16                     (fmul             ) [ 010000000000000000000000000000000000000000000000000000000000000000000000001111000000000000000000000000000000]
weights_2_18_addr           (getelementptr    ) [ 010000000000000000000000000000000000000000000000000000000000000000000000001000000000000000000000000000000000]
weights_2_18_load           (load             ) [ 010000000000000000000000000000000000000000000000000000000000000000000000000111000000000000000000000000000000]
add3_16                     (fadd             ) [ 010000000000000000000000000000000000000000000000000000000000000000000000000000111100000000000000000000000000]
mul1_17                     (fmul             ) [ 010000000000000000000000000000000000000000000000000000000000000000000000000000111100000000000000000000000000]
weights_2_19_addr           (getelementptr    ) [ 010000000000000000000000000000000000000000000000000000000000000000000000000000100000000000000000000000000000]
weights_2_19_load           (load             ) [ 010000000000000000000000000000000000000000000000000000000000000000000000000000011100000000000000000000000000]
add3_17                     (fadd             ) [ 010000000000000000000000000000000000000000000000000000000000000000000000000000000011110000000000000000000000]
mul1_18                     (fmul             ) [ 010000000000000000000000000000000000000000000000000000000000000000000000000000000011110000000000000000000000]
weights_2_20_addr           (getelementptr    ) [ 010000000000000000000000000000000000000000000000000000000000000000000000000000000010000000000000000000000000]
weights_2_20_load           (load             ) [ 010000000000000000000000000000000000000000000000000000000000000000000000000000000001110000000000000000000000]
add3_18                     (fadd             ) [ 010000000000000000000000000000000000000000000000000000000000000000000000000000000000001111000000000000000000]
mul1_19                     (fmul             ) [ 010000000000000000000000000000000000000000000000000000000000000000000000000000000000001111000000000000000000]
weights_2_21_addr           (getelementptr    ) [ 010000000000000000000000000000000000000000000000000000000000000000000000000000000000001000000000000000000000]
weights_2_21_load           (load             ) [ 010000000000000000000000000000000000000000000000000000000000000000000000000000000000000111000000000000000000]
add3_19                     (fadd             ) [ 010000000000000000000000000000000000000000000000000000000000000000000000000000000000000000111100000000000000]
mul1_20                     (fmul             ) [ 010000000000000000000000000000000000000000000000000000000000000000000000000000000000000000111100000000000000]
weights_2_22_addr           (getelementptr    ) [ 010000000000000000000000000000000000000000000000000000000000000000000000000000000000000000100000000000000000]
weights_2_22_load           (load             ) [ 010000000000000000000000000000000000000000000000000000000000000000000000000000000000000000011100000000000000]
add3_20                     (fadd             ) [ 010000000000000000000000000000000000000000000000000000000000000000000000000000000000000000000011110000000000]
mul1_21                     (fmul             ) [ 010000000000000000000000000000000000000000000000000000000000000000000000000000000000000000000011110000000000]
weights_2_23_addr           (getelementptr    ) [ 010000000000000000000000000000000000000000000000000000000000000000000000000000000000000000000010000000000000]
weights_2_23_load           (load             ) [ 010000000000000000000000000000000000000000000000000000000000000000000000000000000000000000000001110000000000]
add3_21                     (fadd             ) [ 010000000000000000000000000000000000000000000000000000000000000000000000000000000000000000000000001111000000]
mul1_22                     (fmul             ) [ 010000000000000000000000000000000000000000000000000000000000000000000000000000000000000000000000001111000000]
add3_22                     (fadd             ) [ 010000000000000000000000000000000000000000000000000000000000000000000000000000000000000000000000000000111100]
hidden_bias_2_addr          (getelementptr    ) [ 010000000000000000000000000000000000000000000000000000000000000000000000000000000000000000000000000000100000]
hidden_bias_2_load          (load             ) [ 010000000000000000000000000000000000000000000000000000000000000000000000000000000000000000000000000000011100]
add2                        (fadd             ) [ 010000000000000000000000000000000000000000000000000000000000000000000000000000000000000000000000000000000011]
specloopname_ln94           (specloopname     ) [ 000000000000000000000000000000000000000000000000000000000000000000000000000000000000000000000000000000000000]
hidden_layer_2_addr         (getelementptr    ) [ 000000000000000000000000000000000000000000000000000000000000000000000000000000000000000000000000000000000000]
bitcast_ln102               (bitcast          ) [ 000000000000000000000000000000000000000000000000000000000000000000000000000000000000000000000000000000000000]
tmp_2                       (partselect       ) [ 000000000000000000000000000000000000000000000000000000000000000000000000000000000000000000000000000000000000]
trunc_ln102                 (trunc            ) [ 000000000000000000000000000000000000000000000000000000000000000000000000000000000000000000000000000000000000]
icmp_ln102                  (icmp             ) [ 000000000000000000000000000000000000000000000000000000000000000000000000000000000000000000000000000000000000]
icmp_ln102_1                (icmp             ) [ 000000000000000000000000000000000000000000000000000000000000000000000000000000000000000000000000000000000000]
or_ln102                    (or               ) [ 000000000000000000000000000000000000000000000000000000000000000000000000000000000000000000000000000000000000]
tmp_3                       (fcmp             ) [ 000000000000000000000000000000000000000000000000000000000000000000000000000000000000000000000000000000000000]
and_ln102                   (and              ) [ 000000000000000000000000000000000000000000000000000000000000000000000000000000000000000000000000000000000000]
select_ln102                (select           ) [ 000000000000000000000000000000000000000000000000000000000000000000000000000000000000000000000000000000000000]
store_ln100                 (store            ) [ 000000000000000000000000000000000000000000000000000000000000000000000000000000000000000000000000000000000000]
br_ln94                     (br               ) [ 000000000000000000000000000000000000000000000000000000000000000000000000000000000000000000000000000000000000]
ret_ln0                     (ret              ) [ 000000000000000000000000000000000000000000000000000000000000000000000000000000000000000000000000000000000000]
</LifeTime>

<model>

<comp_list>
<comp id="0" class="1000" name="hidden_layer_2">
<pin_list>
<pin id="1" dir="1" index="0" bw="1" slack="0"/>
</pin_list>
<bind>
<StgValue><ssdm name="hidden_layer_2"/><MemPortTyVec>0 3 </MemPortTyVec>
</StgValue>
</bind>
</comp>

<comp id="2" class="1000" name="hidden_layer_1_load">
<pin_list>
<pin id="3" dir="1" index="0" bw="1" slack="0"/>
</pin_list>
<bind>
<StgValue><ssdm name="hidden_layer_1_load"/></StgValue>
</bind>
</comp>

<comp id="4" class="1000" name="hidden_layer_1_load_1">
<pin_list>
<pin id="5" dir="1" index="0" bw="1" slack="0"/>
</pin_list>
<bind>
<StgValue><ssdm name="hidden_layer_1_load_1"/></StgValue>
</bind>
</comp>

<comp id="6" class="1000" name="hidden_layer_1_load_2">
<pin_list>
<pin id="7" dir="1" index="0" bw="1" slack="0"/>
</pin_list>
<bind>
<StgValue><ssdm name="hidden_layer_1_load_2"/></StgValue>
</bind>
</comp>

<comp id="8" class="1000" name="hidden_layer_1_load_3">
<pin_list>
<pin id="9" dir="1" index="0" bw="1" slack="0"/>
</pin_list>
<bind>
<StgValue><ssdm name="hidden_layer_1_load_3"/></StgValue>
</bind>
</comp>

<comp id="10" class="1000" name="hidden_layer_1_load_4">
<pin_list>
<pin id="11" dir="1" index="0" bw="1" slack="0"/>
</pin_list>
<bind>
<StgValue><ssdm name="hidden_layer_1_load_4"/></StgValue>
</bind>
</comp>

<comp id="12" class="1000" name="hidden_layer_1_load_5">
<pin_list>
<pin id="13" dir="1" index="0" bw="1" slack="0"/>
</pin_list>
<bind>
<StgValue><ssdm name="hidden_layer_1_load_5"/></StgValue>
</bind>
</comp>

<comp id="14" class="1000" name="hidden_layer_1_load_6">
<pin_list>
<pin id="15" dir="1" index="0" bw="1" slack="0"/>
</pin_list>
<bind>
<StgValue><ssdm name="hidden_layer_1_load_6"/></StgValue>
</bind>
</comp>

<comp id="16" class="1000" name="hidden_layer_1_load_7">
<pin_list>
<pin id="17" dir="1" index="0" bw="1" slack="0"/>
</pin_list>
<bind>
<StgValue><ssdm name="hidden_layer_1_load_7"/></StgValue>
</bind>
</comp>

<comp id="18" class="1000" name="hidden_layer_1_load_8">
<pin_list>
<pin id="19" dir="1" index="0" bw="1" slack="0"/>
</pin_list>
<bind>
<StgValue><ssdm name="hidden_layer_1_load_8"/></StgValue>
</bind>
</comp>

<comp id="20" class="1000" name="hidden_layer_1_load_9">
<pin_list>
<pin id="21" dir="1" index="0" bw="1" slack="0"/>
</pin_list>
<bind>
<StgValue><ssdm name="hidden_layer_1_load_9"/></StgValue>
</bind>
</comp>

<comp id="22" class="1000" name="hidden_layer_1_load_10">
<pin_list>
<pin id="23" dir="1" index="0" bw="1" slack="0"/>
</pin_list>
<bind>
<StgValue><ssdm name="hidden_layer_1_load_10"/></StgValue>
</bind>
</comp>

<comp id="24" class="1000" name="hidden_layer_1_load_11">
<pin_list>
<pin id="25" dir="1" index="0" bw="1" slack="0"/>
</pin_list>
<bind>
<StgValue><ssdm name="hidden_layer_1_load_11"/></StgValue>
</bind>
</comp>

<comp id="26" class="1000" name="hidden_layer_1_load_12">
<pin_list>
<pin id="27" dir="1" index="0" bw="1" slack="0"/>
</pin_list>
<bind>
<StgValue><ssdm name="hidden_layer_1_load_12"/></StgValue>
</bind>
</comp>

<comp id="28" class="1000" name="hidden_layer_1_load_13">
<pin_list>
<pin id="29" dir="1" index="0" bw="1" slack="0"/>
</pin_list>
<bind>
<StgValue><ssdm name="hidden_layer_1_load_13"/></StgValue>
</bind>
</comp>

<comp id="30" class="1000" name="hidden_layer_1_load_14">
<pin_list>
<pin id="31" dir="1" index="0" bw="1" slack="0"/>
</pin_list>
<bind>
<StgValue><ssdm name="hidden_layer_1_load_14"/></StgValue>
</bind>
</comp>

<comp id="32" class="1000" name="hidden_layer_1_load_15">
<pin_list>
<pin id="33" dir="1" index="0" bw="1" slack="0"/>
</pin_list>
<bind>
<StgValue><ssdm name="hidden_layer_1_load_15"/></StgValue>
</bind>
</comp>

<comp id="34" class="1000" name="hidden_layer_1_load_16">
<pin_list>
<pin id="35" dir="1" index="0" bw="1" slack="0"/>
</pin_list>
<bind>
<StgValue><ssdm name="hidden_layer_1_load_16"/></StgValue>
</bind>
</comp>

<comp id="36" class="1000" name="hidden_layer_1_load_17">
<pin_list>
<pin id="37" dir="1" index="0" bw="1" slack="0"/>
</pin_list>
<bind>
<StgValue><ssdm name="hidden_layer_1_load_17"/></StgValue>
</bind>
</comp>

<comp id="38" class="1000" name="hidden_layer_1_load_18">
<pin_list>
<pin id="39" dir="1" index="0" bw="1" slack="0"/>
</pin_list>
<bind>
<StgValue><ssdm name="hidden_layer_1_load_18"/></StgValue>
</bind>
</comp>

<comp id="40" class="1000" name="hidden_layer_1_load_19">
<pin_list>
<pin id="41" dir="1" index="0" bw="1" slack="0"/>
</pin_list>
<bind>
<StgValue><ssdm name="hidden_layer_1_load_19"/></StgValue>
</bind>
</comp>

<comp id="42" class="1000" name="hidden_layer_1_load_20">
<pin_list>
<pin id="43" dir="1" index="0" bw="1" slack="0"/>
</pin_list>
<bind>
<StgValue><ssdm name="hidden_layer_1_load_20"/></StgValue>
</bind>
</comp>

<comp id="44" class="1000" name="hidden_layer_1_load_21">
<pin_list>
<pin id="45" dir="1" index="0" bw="1" slack="0"/>
</pin_list>
<bind>
<StgValue><ssdm name="hidden_layer_1_load_21"/></StgValue>
</bind>
</comp>

<comp id="46" class="1000" name="hidden_layer_1_load_22">
<pin_list>
<pin id="47" dir="1" index="0" bw="1" slack="0"/>
</pin_list>
<bind>
<StgValue><ssdm name="hidden_layer_1_load_22"/></StgValue>
</bind>
</comp>

<comp id="48" class="1000" name="hidden_layer_1_load_23">
<pin_list>
<pin id="49" dir="1" index="0" bw="1" slack="0"/>
</pin_list>
<bind>
<StgValue><ssdm name="hidden_layer_1_load_23"/></StgValue>
</bind>
</comp>

<comp id="50" class="1000" name="weights_2_0">
<pin_list>
<pin id="51" dir="1" index="0" bw="1" slack="0"/>
</pin_list>
<bind>
<StgValue><ssdm name="weights_2_0"/><MemPortTyVec>1 </MemPortTyVec>
</StgValue>
</bind>
</comp>

<comp id="52" class="1000" name="weights_2_1">
<pin_list>
<pin id="53" dir="1" index="0" bw="1" slack="0"/>
</pin_list>
<bind>
<StgValue><ssdm name="weights_2_1"/><MemPortTyVec>1 </MemPortTyVec>
</StgValue>
</bind>
</comp>

<comp id="54" class="1000" name="weights_2_2">
<pin_list>
<pin id="55" dir="1" index="0" bw="1" slack="0"/>
</pin_list>
<bind>
<StgValue><ssdm name="weights_2_2"/><MemPortTyVec>1 </MemPortTyVec>
</StgValue>
</bind>
</comp>

<comp id="56" class="1000" name="weights_2_3">
<pin_list>
<pin id="57" dir="1" index="0" bw="1" slack="0"/>
</pin_list>
<bind>
<StgValue><ssdm name="weights_2_3"/><MemPortTyVec>1 </MemPortTyVec>
</StgValue>
</bind>
</comp>

<comp id="58" class="1000" name="weights_2_4">
<pin_list>
<pin id="59" dir="1" index="0" bw="1" slack="0"/>
</pin_list>
<bind>
<StgValue><ssdm name="weights_2_4"/><MemPortTyVec>1 </MemPortTyVec>
</StgValue>
</bind>
</comp>

<comp id="60" class="1000" name="weights_2_5">
<pin_list>
<pin id="61" dir="1" index="0" bw="1" slack="0"/>
</pin_list>
<bind>
<StgValue><ssdm name="weights_2_5"/><MemPortTyVec>1 </MemPortTyVec>
</StgValue>
</bind>
</comp>

<comp id="62" class="1000" name="weights_2_6">
<pin_list>
<pin id="63" dir="1" index="0" bw="1" slack="0"/>
</pin_list>
<bind>
<StgValue><ssdm name="weights_2_6"/><MemPortTyVec>1 </MemPortTyVec>
</StgValue>
</bind>
</comp>

<comp id="64" class="1000" name="weights_2_7">
<pin_list>
<pin id="65" dir="1" index="0" bw="1" slack="0"/>
</pin_list>
<bind>
<StgValue><ssdm name="weights_2_7"/><MemPortTyVec>1 </MemPortTyVec>
</StgValue>
</bind>
</comp>

<comp id="66" class="1000" name="weights_2_8">
<pin_list>
<pin id="67" dir="1" index="0" bw="1" slack="0"/>
</pin_list>
<bind>
<StgValue><ssdm name="weights_2_8"/><MemPortTyVec>1 </MemPortTyVec>
</StgValue>
</bind>
</comp>

<comp id="68" class="1000" name="weights_2_9">
<pin_list>
<pin id="69" dir="1" index="0" bw="1" slack="0"/>
</pin_list>
<bind>
<StgValue><ssdm name="weights_2_9"/><MemPortTyVec>1 </MemPortTyVec>
</StgValue>
</bind>
</comp>

<comp id="70" class="1000" name="weights_2_10">
<pin_list>
<pin id="71" dir="1" index="0" bw="1" slack="0"/>
</pin_list>
<bind>
<StgValue><ssdm name="weights_2_10"/><MemPortTyVec>1 </MemPortTyVec>
</StgValue>
</bind>
</comp>

<comp id="72" class="1000" name="weights_2_11">
<pin_list>
<pin id="73" dir="1" index="0" bw="1" slack="0"/>
</pin_list>
<bind>
<StgValue><ssdm name="weights_2_11"/><MemPortTyVec>1 </MemPortTyVec>
</StgValue>
</bind>
</comp>

<comp id="74" class="1000" name="weights_2_12">
<pin_list>
<pin id="75" dir="1" index="0" bw="1" slack="0"/>
</pin_list>
<bind>
<StgValue><ssdm name="weights_2_12"/><MemPortTyVec>1 </MemPortTyVec>
</StgValue>
</bind>
</comp>

<comp id="76" class="1000" name="weights_2_13">
<pin_list>
<pin id="77" dir="1" index="0" bw="1" slack="0"/>
</pin_list>
<bind>
<StgValue><ssdm name="weights_2_13"/><MemPortTyVec>1 </MemPortTyVec>
</StgValue>
</bind>
</comp>

<comp id="78" class="1000" name="weights_2_14">
<pin_list>
<pin id="79" dir="1" index="0" bw="1" slack="0"/>
</pin_list>
<bind>
<StgValue><ssdm name="weights_2_14"/><MemPortTyVec>1 </MemPortTyVec>
</StgValue>
</bind>
</comp>

<comp id="80" class="1000" name="weights_2_15">
<pin_list>
<pin id="81" dir="1" index="0" bw="1" slack="0"/>
</pin_list>
<bind>
<StgValue><ssdm name="weights_2_15"/><MemPortTyVec>1 </MemPortTyVec>
</StgValue>
</bind>
</comp>

<comp id="82" class="1000" name="weights_2_16">
<pin_list>
<pin id="83" dir="1" index="0" bw="1" slack="0"/>
</pin_list>
<bind>
<StgValue><ssdm name="weights_2_16"/><MemPortTyVec>1 </MemPortTyVec>
</StgValue>
</bind>
</comp>

<comp id="84" class="1000" name="weights_2_17">
<pin_list>
<pin id="85" dir="1" index="0" bw="1" slack="0"/>
</pin_list>
<bind>
<StgValue><ssdm name="weights_2_17"/><MemPortTyVec>1 </MemPortTyVec>
</StgValue>
</bind>
</comp>

<comp id="86" class="1000" name="weights_2_18">
<pin_list>
<pin id="87" dir="1" index="0" bw="1" slack="0"/>
</pin_list>
<bind>
<StgValue><ssdm name="weights_2_18"/><MemPortTyVec>1 </MemPortTyVec>
</StgValue>
</bind>
</comp>

<comp id="88" class="1000" name="weights_2_19">
<pin_list>
<pin id="89" dir="1" index="0" bw="1" slack="0"/>
</pin_list>
<bind>
<StgValue><ssdm name="weights_2_19"/><MemPortTyVec>1 </MemPortTyVec>
</StgValue>
</bind>
</comp>

<comp id="90" class="1000" name="weights_2_20">
<pin_list>
<pin id="91" dir="1" index="0" bw="1" slack="0"/>
</pin_list>
<bind>
<StgValue><ssdm name="weights_2_20"/><MemPortTyVec>1 </MemPortTyVec>
</StgValue>
</bind>
</comp>

<comp id="92" class="1000" name="weights_2_21">
<pin_list>
<pin id="93" dir="1" index="0" bw="1" slack="0"/>
</pin_list>
<bind>
<StgValue><ssdm name="weights_2_21"/><MemPortTyVec>1 </MemPortTyVec>
</StgValue>
</bind>
</comp>

<comp id="94" class="1000" name="weights_2_22">
<pin_list>
<pin id="95" dir="1" index="0" bw="1" slack="0"/>
</pin_list>
<bind>
<StgValue><ssdm name="weights_2_22"/><MemPortTyVec>1 </MemPortTyVec>
</StgValue>
</bind>
</comp>

<comp id="96" class="1000" name="weights_2_23">
<pin_list>
<pin id="97" dir="1" index="0" bw="1" slack="0"/>
</pin_list>
<bind>
<StgValue><ssdm name="weights_2_23"/><MemPortTyVec>1 </MemPortTyVec>
</StgValue>
</bind>
</comp>

<comp id="98" class="1000" name="hidden_bias_2">
<pin_list>
<pin id="99" dir="1" index="0" bw="1" slack="0"/>
</pin_list>
<bind>
<StgValue><ssdm name="hidden_bias_2"/><MemPortTyVec>1 </MemPortTyVec>
</StgValue>
</bind>
</comp>

<comp id="100" class="1001" name="const_100">
<pin_list>
<pin id="101" dir="1" index="0" bw="1" slack="0"/>
</pin_list>
<bind>
<StgValue><ssdm name=""/></StgValue>
</bind>
</comp>

<comp id="102" class="1001" name="const_102">
<pin_list>
<pin id="103" dir="1" index="0" bw="1" slack="0"/>
</pin_list>
<bind>
<StgValue><ssdm name="_ssdm_op_Read.ap_auto.float"/></StgValue>
</bind>
</comp>

<comp id="104" class="1001" name="const_104">
<pin_list>
<pin id="105" dir="1" index="0" bw="1" slack="0"/>
</pin_list>
<bind>
<StgValue><ssdm name=""/></StgValue>
</bind>
</comp>

<comp id="106" class="1001" name="const_106">
<pin_list>
<pin id="107" dir="1" index="0" bw="1" slack="2147483647"/>
</pin_list>
<bind>
<StgValue><ssdm name="_ssdm_op_SpecPipeline"/></StgValue>
</bind>
</comp>

<comp id="108" class="1001" name="const_108">
<pin_list>
<pin id="109" dir="1" index="0" bw="1" slack="2147483647"/>
</pin_list>
<bind>
<StgValue><ssdm name=""/></StgValue>
</bind>
</comp>

<comp id="110" class="1001" name="const_110">
<pin_list>
<pin id="111" dir="1" index="0" bw="1" slack="2147483647"/>
</pin_list>
<bind>
<StgValue><ssdm name=""/></StgValue>
</bind>
</comp>

<comp id="112" class="1001" name="const_112">
<pin_list>
<pin id="113" dir="1" index="0" bw="1" slack="2147483647"/>
</pin_list>
<bind>
<StgValue><ssdm name="p_str"/></StgValue>
</bind>
</comp>

<comp id="114" class="1001" name="const_114">
<pin_list>
<pin id="115" dir="1" index="0" bw="1" slack="0"/>
</pin_list>
<bind>
<StgValue><ssdm name=""/></StgValue>
</bind>
</comp>

<comp id="116" class="1001" name="const_116">
<pin_list>
<pin id="117" dir="1" index="0" bw="1" slack="2147483647"/>
</pin_list>
<bind>
<StgValue><ssdm name="_ssdm_op_SpecLoopTripCount"/></StgValue>
</bind>
</comp>

<comp id="118" class="1001" name="const_118">
<pin_list>
<pin id="119" dir="1" index="0" bw="1" slack="2147483647"/>
</pin_list>
<bind>
<StgValue><ssdm name=""/></StgValue>
</bind>
</comp>

<comp id="120" class="1001" name="const_120">
<pin_list>
<pin id="121" dir="1" index="0" bw="1" slack="0"/>
</pin_list>
<bind>
<StgValue><ssdm name=""/></StgValue>
</bind>
</comp>

<comp id="122" class="1001" name="const_122">
<pin_list>
<pin id="123" dir="1" index="0" bw="1" slack="0"/>
</pin_list>
<bind>
<StgValue><ssdm name=""/></StgValue>
</bind>
</comp>

<comp id="124" class="1001" name="const_124">
<pin_list>
<pin id="125" dir="1" index="0" bw="1" slack="0"/>
</pin_list>
<bind>
<StgValue><ssdm name=""/></StgValue>
</bind>
</comp>

<comp id="126" class="1001" name="const_126">
<pin_list>
<pin id="127" dir="1" index="0" bw="1" slack="2147483647"/>
</pin_list>
<bind>
<StgValue><ssdm name="_ssdm_op_SpecLoopName"/></StgValue>
</bind>
</comp>

<comp id="128" class="1001" name="const_128">
<pin_list>
<pin id="129" dir="1" index="0" bw="1" slack="2147483647"/>
</pin_list>
<bind>
<StgValue><ssdm name="empty_6"/></StgValue>
</bind>
</comp>

<comp id="130" class="1001" name="const_130">
<pin_list>
<pin id="131" dir="1" index="0" bw="1" slack="0"/>
</pin_list>
<bind>
<StgValue><ssdm name="_ssdm_op_PartSelect.i8.i32.i32.i32"/></StgValue>
</bind>
</comp>

<comp id="132" class="1001" name="const_132">
<pin_list>
<pin id="133" dir="1" index="0" bw="1" slack="0"/>
</pin_list>
<bind>
<StgValue><ssdm name=""/></StgValue>
</bind>
</comp>

<comp id="134" class="1001" name="const_134">
<pin_list>
<pin id="135" dir="1" index="0" bw="1" slack="0"/>
</pin_list>
<bind>
<StgValue><ssdm name=""/></StgValue>
</bind>
</comp>

<comp id="136" class="1001" name="const_136">
<pin_list>
<pin id="137" dir="1" index="0" bw="1" slack="0"/>
</pin_list>
<bind>
<StgValue><ssdm name=""/></StgValue>
</bind>
</comp>

<comp id="138" class="1001" name="const_138">
<pin_list>
<pin id="139" dir="1" index="0" bw="1" slack="0"/>
</pin_list>
<bind>
<StgValue><ssdm name=""/></StgValue>
</bind>
</comp>

<comp id="140" class="1004" name="i_fu_140">
<pin_list>
<pin id="141" dir="0" index="0" bw="1" slack="0"/>
<pin id="142" dir="1" index="1" bw="4" slack="0"/>
</pin_list>
<bind>
<opcode="alloca(26) " fcode="alloca"/>
<opset="i/1 "/>
</bind>
</comp>

<comp id="144" class="1004" name="hidden_layer_1_load_23_read_read_fu_144">
<pin_list>
<pin id="145" dir="0" index="0" bw="32" slack="0"/>
<pin id="146" dir="0" index="1" bw="32" slack="0"/>
<pin id="147" dir="1" index="2" bw="32" slack="94"/>
</pin_list>
<bind>
<opcode="read(1150) " fcode="read"/>
<opset="hidden_layer_1_load_23_read/1 "/>
</bind>
</comp>

<comp id="150" class="1004" name="hidden_layer_1_load_22_read_read_fu_150">
<pin_list>
<pin id="151" dir="0" index="0" bw="32" slack="0"/>
<pin id="152" dir="0" index="1" bw="32" slack="0"/>
<pin id="153" dir="1" index="2" bw="32" slack="90"/>
</pin_list>
<bind>
<opcode="read(1150) " fcode="read"/>
<opset="hidden_layer_1_load_22_read/1 "/>
</bind>
</comp>

<comp id="156" class="1004" name="hidden_layer_1_load_21_read_read_fu_156">
<pin_list>
<pin id="157" dir="0" index="0" bw="32" slack="0"/>
<pin id="158" dir="0" index="1" bw="32" slack="0"/>
<pin id="159" dir="1" index="2" bw="32" slack="86"/>
</pin_list>
<bind>
<opcode="read(1150) " fcode="read"/>
<opset="hidden_layer_1_load_21_read/1 "/>
</bind>
</comp>

<comp id="162" class="1004" name="hidden_layer_1_load_20_read_read_fu_162">
<pin_list>
<pin id="163" dir="0" index="0" bw="32" slack="0"/>
<pin id="164" dir="0" index="1" bw="32" slack="0"/>
<pin id="165" dir="1" index="2" bw="32" slack="82"/>
</pin_list>
<bind>
<opcode="read(1150) " fcode="read"/>
<opset="hidden_layer_1_load_20_read/1 "/>
</bind>
</comp>

<comp id="168" class="1004" name="hidden_layer_1_load_19_read_read_fu_168">
<pin_list>
<pin id="169" dir="0" index="0" bw="32" slack="0"/>
<pin id="170" dir="0" index="1" bw="32" slack="0"/>
<pin id="171" dir="1" index="2" bw="32" slack="78"/>
</pin_list>
<bind>
<opcode="read(1150) " fcode="read"/>
<opset="hidden_layer_1_load_19_read/1 "/>
</bind>
</comp>

<comp id="174" class="1004" name="hidden_layer_1_load_18_read_read_fu_174">
<pin_list>
<pin id="175" dir="0" index="0" bw="32" slack="0"/>
<pin id="176" dir="0" index="1" bw="32" slack="0"/>
<pin id="177" dir="1" index="2" bw="32" slack="74"/>
</pin_list>
<bind>
<opcode="read(1150) " fcode="read"/>
<opset="hidden_layer_1_load_18_read/1 "/>
</bind>
</comp>

<comp id="180" class="1004" name="hidden_layer_1_load_17_read_read_fu_180">
<pin_list>
<pin id="181" dir="0" index="0" bw="32" slack="0"/>
<pin id="182" dir="0" index="1" bw="32" slack="0"/>
<pin id="183" dir="1" index="2" bw="32" slack="70"/>
</pin_list>
<bind>
<opcode="read(1150) " fcode="read"/>
<opset="hidden_layer_1_load_17_read/1 "/>
</bind>
</comp>

<comp id="186" class="1004" name="hidden_layer_1_load_16_read_read_fu_186">
<pin_list>
<pin id="187" dir="0" index="0" bw="32" slack="0"/>
<pin id="188" dir="0" index="1" bw="32" slack="0"/>
<pin id="189" dir="1" index="2" bw="32" slack="66"/>
</pin_list>
<bind>
<opcode="read(1150) " fcode="read"/>
<opset="hidden_layer_1_load_16_read/1 "/>
</bind>
</comp>

<comp id="192" class="1004" name="hidden_layer_1_load_15_read_read_fu_192">
<pin_list>
<pin id="193" dir="0" index="0" bw="32" slack="0"/>
<pin id="194" dir="0" index="1" bw="32" slack="0"/>
<pin id="195" dir="1" index="2" bw="32" slack="62"/>
</pin_list>
<bind>
<opcode="read(1150) " fcode="read"/>
<opset="hidden_layer_1_load_15_read/1 "/>
</bind>
</comp>

<comp id="198" class="1004" name="hidden_layer_1_load_14_read_read_fu_198">
<pin_list>
<pin id="199" dir="0" index="0" bw="32" slack="0"/>
<pin id="200" dir="0" index="1" bw="32" slack="0"/>
<pin id="201" dir="1" index="2" bw="32" slack="58"/>
</pin_list>
<bind>
<opcode="read(1150) " fcode="read"/>
<opset="hidden_layer_1_load_14_read/1 "/>
</bind>
</comp>

<comp id="204" class="1004" name="hidden_layer_1_load_13_read_read_fu_204">
<pin_list>
<pin id="205" dir="0" index="0" bw="32" slack="0"/>
<pin id="206" dir="0" index="1" bw="32" slack="0"/>
<pin id="207" dir="1" index="2" bw="32" slack="54"/>
</pin_list>
<bind>
<opcode="read(1150) " fcode="read"/>
<opset="hidden_layer_1_load_13_read/1 "/>
</bind>
</comp>

<comp id="210" class="1004" name="hidden_layer_1_load_12_read_read_fu_210">
<pin_list>
<pin id="211" dir="0" index="0" bw="32" slack="0"/>
<pin id="212" dir="0" index="1" bw="32" slack="0"/>
<pin id="213" dir="1" index="2" bw="32" slack="50"/>
</pin_list>
<bind>
<opcode="read(1150) " fcode="read"/>
<opset="hidden_layer_1_load_12_read/1 "/>
</bind>
</comp>

<comp id="216" class="1004" name="hidden_layer_1_load_11_read_read_fu_216">
<pin_list>
<pin id="217" dir="0" index="0" bw="32" slack="0"/>
<pin id="218" dir="0" index="1" bw="32" slack="0"/>
<pin id="219" dir="1" index="2" bw="32" slack="46"/>
</pin_list>
<bind>
<opcode="read(1150) " fcode="read"/>
<opset="hidden_layer_1_load_11_read/1 "/>
</bind>
</comp>

<comp id="222" class="1004" name="hidden_layer_1_load_10_read_read_fu_222">
<pin_list>
<pin id="223" dir="0" index="0" bw="32" slack="0"/>
<pin id="224" dir="0" index="1" bw="32" slack="0"/>
<pin id="225" dir="1" index="2" bw="32" slack="42"/>
</pin_list>
<bind>
<opcode="read(1150) " fcode="read"/>
<opset="hidden_layer_1_load_10_read/1 "/>
</bind>
</comp>

<comp id="228" class="1004" name="hidden_layer_1_load_9_read_read_fu_228">
<pin_list>
<pin id="229" dir="0" index="0" bw="32" slack="0"/>
<pin id="230" dir="0" index="1" bw="32" slack="0"/>
<pin id="231" dir="1" index="2" bw="32" slack="38"/>
</pin_list>
<bind>
<opcode="read(1150) " fcode="read"/>
<opset="hidden_layer_1_load_9_read/1 "/>
</bind>
</comp>

<comp id="234" class="1004" name="hidden_layer_1_load_8_read_read_fu_234">
<pin_list>
<pin id="235" dir="0" index="0" bw="32" slack="0"/>
<pin id="236" dir="0" index="1" bw="32" slack="0"/>
<pin id="237" dir="1" index="2" bw="32" slack="34"/>
</pin_list>
<bind>
<opcode="read(1150) " fcode="read"/>
<opset="hidden_layer_1_load_8_read/1 "/>
</bind>
</comp>

<comp id="240" class="1004" name="hidden_layer_1_load_7_read_read_fu_240">
<pin_list>
<pin id="241" dir="0" index="0" bw="32" slack="0"/>
<pin id="242" dir="0" index="1" bw="32" slack="0"/>
<pin id="243" dir="1" index="2" bw="32" slack="30"/>
</pin_list>
<bind>
<opcode="read(1150) " fcode="read"/>
<opset="hidden_layer_1_load_7_read/1 "/>
</bind>
</comp>

<comp id="246" class="1004" name="hidden_layer_1_load_6_read_read_fu_246">
<pin_list>
<pin id="247" dir="0" index="0" bw="32" slack="0"/>
<pin id="248" dir="0" index="1" bw="32" slack="0"/>
<pin id="249" dir="1" index="2" bw="32" slack="26"/>
</pin_list>
<bind>
<opcode="read(1150) " fcode="read"/>
<opset="hidden_layer_1_load_6_read/1 "/>
</bind>
</comp>

<comp id="252" class="1004" name="hidden_layer_1_load_5_read_read_fu_252">
<pin_list>
<pin id="253" dir="0" index="0" bw="32" slack="0"/>
<pin id="254" dir="0" index="1" bw="32" slack="0"/>
<pin id="255" dir="1" index="2" bw="32" slack="22"/>
</pin_list>
<bind>
<opcode="read(1150) " fcode="read"/>
<opset="hidden_layer_1_load_5_read/1 "/>
</bind>
</comp>

<comp id="258" class="1004" name="hidden_layer_1_load_4_read_read_fu_258">
<pin_list>
<pin id="259" dir="0" index="0" bw="32" slack="0"/>
<pin id="260" dir="0" index="1" bw="32" slack="0"/>
<pin id="261" dir="1" index="2" bw="32" slack="18"/>
</pin_list>
<bind>
<opcode="read(1150) " fcode="read"/>
<opset="hidden_layer_1_load_4_read/1 "/>
</bind>
</comp>

<comp id="264" class="1004" name="hidden_layer_1_load_3_read_read_fu_264">
<pin_list>
<pin id="265" dir="0" index="0" bw="32" slack="0"/>
<pin id="266" dir="0" index="1" bw="32" slack="0"/>
<pin id="267" dir="1" index="2" bw="32" slack="14"/>
</pin_list>
<bind>
<opcode="read(1150) " fcode="read"/>
<opset="hidden_layer_1_load_3_read/1 "/>
</bind>
</comp>

<comp id="270" class="1004" name="hidden_layer_1_load_2_read_read_fu_270">
<pin_list>
<pin id="271" dir="0" index="0" bw="32" slack="0"/>
<pin id="272" dir="0" index="1" bw="32" slack="0"/>
<pin id="273" dir="1" index="2" bw="32" slack="10"/>
</pin_list>
<bind>
<opcode="read(1150) " fcode="read"/>
<opset="hidden_layer_1_load_2_read/1 "/>
</bind>
</comp>

<comp id="276" class="1004" name="hidden_layer_1_load_1_read_read_fu_276">
<pin_list>
<pin id="277" dir="0" index="0" bw="32" slack="0"/>
<pin id="278" dir="0" index="1" bw="32" slack="0"/>
<pin id="279" dir="1" index="2" bw="32" slack="6"/>
</pin_list>
<bind>
<opcode="read(1150) " fcode="read"/>
<opset="hidden_layer_1_load_1_read/1 "/>
</bind>
</comp>

<comp id="282" class="1004" name="hidden_layer_1_load_read_read_fu_282">
<pin_list>
<pin id="283" dir="0" index="0" bw="32" slack="0"/>
<pin id="284" dir="0" index="1" bw="32" slack="0"/>
<pin id="285" dir="1" index="2" bw="32" slack="2"/>
</pin_list>
<bind>
<opcode="read(1150) " fcode="read"/>
<opset="hidden_layer_1_load_read/1 "/>
</bind>
</comp>

<comp id="288" class="1004" name="weights_2_0_addr_gep_fu_288">
<pin_list>
<pin id="289" dir="0" index="0" bw="32" slack="0"/>
<pin id="290" dir="0" index="1" bw="1" slack="0"/>
<pin id="291" dir="0" index="2" bw="4" slack="0"/>
<pin id="292" dir="1" index="3" bw="4" slack="0"/>
</pin_list>
<bind>
<opcode="getelementptr(29) " fcode="getelementptr"/>
<opset="weights_2_0_addr/1 "/>
</bind>
</comp>

<comp id="295" class="1004" name="grp_access_fu_295">
<pin_list>
<pin id="296" dir="0" index="0" bw="4" slack="0"/>
<pin id="297" dir="0" index="1" bw="32" slack="2147483647"/>
<pin id="298" dir="0" index="2" bw="0" slack="2147483647"/>
<pin id="299" dir="1" index="3" bw="32" slack="1"/>
</pin_list>
<bind>
<opcode="load(27) " fcode="load"/>
<opset="weights_2_0_load/1 "/>
</bind>
</comp>

<comp id="301" class="1004" name="weights_2_1_addr_gep_fu_301">
<pin_list>
<pin id="302" dir="0" index="0" bw="32" slack="0"/>
<pin id="303" dir="0" index="1" bw="1" slack="0"/>
<pin id="304" dir="0" index="2" bw="4" slack="4"/>
<pin id="305" dir="1" index="3" bw="4" slack="0"/>
</pin_list>
<bind>
<opcode="getelementptr(29) " fcode="getelementptr"/>
<opset="weights_2_1_addr/5 "/>
</bind>
</comp>

<comp id="308" class="1004" name="grp_access_fu_308">
<pin_list>
<pin id="309" dir="0" index="0" bw="4" slack="0"/>
<pin id="310" dir="0" index="1" bw="32" slack="2147483647"/>
<pin id="311" dir="0" index="2" bw="0" slack="2147483647"/>
<pin id="312" dir="1" index="3" bw="32" slack="1"/>
</pin_list>
<bind>
<opcode="load(27) " fcode="load"/>
<opset="weights_2_1_load/5 "/>
</bind>
</comp>

<comp id="314" class="1004" name="weights_2_2_addr_gep_fu_314">
<pin_list>
<pin id="315" dir="0" index="0" bw="32" slack="0"/>
<pin id="316" dir="0" index="1" bw="1" slack="0"/>
<pin id="317" dir="0" index="2" bw="4" slack="8"/>
<pin id="318" dir="1" index="3" bw="4" slack="0"/>
</pin_list>
<bind>
<opcode="getelementptr(29) " fcode="getelementptr"/>
<opset="weights_2_2_addr/9 "/>
</bind>
</comp>

<comp id="321" class="1004" name="grp_access_fu_321">
<pin_list>
<pin id="322" dir="0" index="0" bw="4" slack="0"/>
<pin id="323" dir="0" index="1" bw="32" slack="2147483647"/>
<pin id="324" dir="0" index="2" bw="0" slack="2147483647"/>
<pin id="325" dir="1" index="3" bw="32" slack="1"/>
</pin_list>
<bind>
<opcode="load(27) " fcode="load"/>
<opset="weights_2_2_load/9 "/>
</bind>
</comp>

<comp id="327" class="1004" name="weights_2_3_addr_gep_fu_327">
<pin_list>
<pin id="328" dir="0" index="0" bw="32" slack="0"/>
<pin id="329" dir="0" index="1" bw="1" slack="0"/>
<pin id="330" dir="0" index="2" bw="4" slack="12"/>
<pin id="331" dir="1" index="3" bw="4" slack="0"/>
</pin_list>
<bind>
<opcode="getelementptr(29) " fcode="getelementptr"/>
<opset="weights_2_3_addr/13 "/>
</bind>
</comp>

<comp id="334" class="1004" name="grp_access_fu_334">
<pin_list>
<pin id="335" dir="0" index="0" bw="4" slack="0"/>
<pin id="336" dir="0" index="1" bw="32" slack="2147483647"/>
<pin id="337" dir="0" index="2" bw="0" slack="2147483647"/>
<pin id="338" dir="1" index="3" bw="32" slack="1"/>
</pin_list>
<bind>
<opcode="load(27) " fcode="load"/>
<opset="weights_2_3_load/13 "/>
</bind>
</comp>

<comp id="340" class="1004" name="weights_2_4_addr_gep_fu_340">
<pin_list>
<pin id="341" dir="0" index="0" bw="32" slack="0"/>
<pin id="342" dir="0" index="1" bw="1" slack="0"/>
<pin id="343" dir="0" index="2" bw="4" slack="16"/>
<pin id="344" dir="1" index="3" bw="4" slack="0"/>
</pin_list>
<bind>
<opcode="getelementptr(29) " fcode="getelementptr"/>
<opset="weights_2_4_addr/17 "/>
</bind>
</comp>

<comp id="347" class="1004" name="grp_access_fu_347">
<pin_list>
<pin id="348" dir="0" index="0" bw="4" slack="0"/>
<pin id="349" dir="0" index="1" bw="32" slack="2147483647"/>
<pin id="350" dir="0" index="2" bw="0" slack="2147483647"/>
<pin id="351" dir="1" index="3" bw="32" slack="1"/>
</pin_list>
<bind>
<opcode="load(27) " fcode="load"/>
<opset="weights_2_4_load/17 "/>
</bind>
</comp>

<comp id="353" class="1004" name="weights_2_5_addr_gep_fu_353">
<pin_list>
<pin id="354" dir="0" index="0" bw="32" slack="0"/>
<pin id="355" dir="0" index="1" bw="1" slack="0"/>
<pin id="356" dir="0" index="2" bw="4" slack="20"/>
<pin id="357" dir="1" index="3" bw="4" slack="0"/>
</pin_list>
<bind>
<opcode="getelementptr(29) " fcode="getelementptr"/>
<opset="weights_2_5_addr/21 "/>
</bind>
</comp>

<comp id="360" class="1004" name="grp_access_fu_360">
<pin_list>
<pin id="361" dir="0" index="0" bw="4" slack="0"/>
<pin id="362" dir="0" index="1" bw="32" slack="2147483647"/>
<pin id="363" dir="0" index="2" bw="0" slack="2147483647"/>
<pin id="364" dir="1" index="3" bw="32" slack="1"/>
</pin_list>
<bind>
<opcode="load(27) " fcode="load"/>
<opset="weights_2_5_load/21 "/>
</bind>
</comp>

<comp id="366" class="1004" name="weights_2_6_addr_gep_fu_366">
<pin_list>
<pin id="367" dir="0" index="0" bw="32" slack="0"/>
<pin id="368" dir="0" index="1" bw="1" slack="0"/>
<pin id="369" dir="0" index="2" bw="4" slack="24"/>
<pin id="370" dir="1" index="3" bw="4" slack="0"/>
</pin_list>
<bind>
<opcode="getelementptr(29) " fcode="getelementptr"/>
<opset="weights_2_6_addr/25 "/>
</bind>
</comp>

<comp id="373" class="1004" name="grp_access_fu_373">
<pin_list>
<pin id="374" dir="0" index="0" bw="4" slack="0"/>
<pin id="375" dir="0" index="1" bw="32" slack="2147483647"/>
<pin id="376" dir="0" index="2" bw="0" slack="2147483647"/>
<pin id="377" dir="1" index="3" bw="32" slack="1"/>
</pin_list>
<bind>
<opcode="load(27) " fcode="load"/>
<opset="weights_2_6_load/25 "/>
</bind>
</comp>

<comp id="379" class="1004" name="weights_2_7_addr_gep_fu_379">
<pin_list>
<pin id="380" dir="0" index="0" bw="32" slack="0"/>
<pin id="381" dir="0" index="1" bw="1" slack="0"/>
<pin id="382" dir="0" index="2" bw="4" slack="28"/>
<pin id="383" dir="1" index="3" bw="4" slack="0"/>
</pin_list>
<bind>
<opcode="getelementptr(29) " fcode="getelementptr"/>
<opset="weights_2_7_addr/29 "/>
</bind>
</comp>

<comp id="386" class="1004" name="grp_access_fu_386">
<pin_list>
<pin id="387" dir="0" index="0" bw="4" slack="0"/>
<pin id="388" dir="0" index="1" bw="32" slack="2147483647"/>
<pin id="389" dir="0" index="2" bw="0" slack="2147483647"/>
<pin id="390" dir="1" index="3" bw="32" slack="1"/>
</pin_list>
<bind>
<opcode="load(27) " fcode="load"/>
<opset="weights_2_7_load/29 "/>
</bind>
</comp>

<comp id="392" class="1004" name="weights_2_8_addr_gep_fu_392">
<pin_list>
<pin id="393" dir="0" index="0" bw="32" slack="0"/>
<pin id="394" dir="0" index="1" bw="1" slack="0"/>
<pin id="395" dir="0" index="2" bw="4" slack="32"/>
<pin id="396" dir="1" index="3" bw="4" slack="0"/>
</pin_list>
<bind>
<opcode="getelementptr(29) " fcode="getelementptr"/>
<opset="weights_2_8_addr/33 "/>
</bind>
</comp>

<comp id="399" class="1004" name="grp_access_fu_399">
<pin_list>
<pin id="400" dir="0" index="0" bw="4" slack="0"/>
<pin id="401" dir="0" index="1" bw="32" slack="2147483647"/>
<pin id="402" dir="0" index="2" bw="0" slack="2147483647"/>
<pin id="403" dir="1" index="3" bw="32" slack="1"/>
</pin_list>
<bind>
<opcode="load(27) " fcode="load"/>
<opset="weights_2_8_load/33 "/>
</bind>
</comp>

<comp id="405" class="1004" name="weights_2_9_addr_gep_fu_405">
<pin_list>
<pin id="406" dir="0" index="0" bw="32" slack="0"/>
<pin id="407" dir="0" index="1" bw="1" slack="0"/>
<pin id="408" dir="0" index="2" bw="4" slack="36"/>
<pin id="409" dir="1" index="3" bw="4" slack="0"/>
</pin_list>
<bind>
<opcode="getelementptr(29) " fcode="getelementptr"/>
<opset="weights_2_9_addr/37 "/>
</bind>
</comp>

<comp id="412" class="1004" name="grp_access_fu_412">
<pin_list>
<pin id="413" dir="0" index="0" bw="4" slack="0"/>
<pin id="414" dir="0" index="1" bw="32" slack="2147483647"/>
<pin id="415" dir="0" index="2" bw="0" slack="2147483647"/>
<pin id="416" dir="1" index="3" bw="32" slack="1"/>
</pin_list>
<bind>
<opcode="load(27) " fcode="load"/>
<opset="weights_2_9_load/37 "/>
</bind>
</comp>

<comp id="418" class="1004" name="weights_2_10_addr_gep_fu_418">
<pin_list>
<pin id="419" dir="0" index="0" bw="32" slack="0"/>
<pin id="420" dir="0" index="1" bw="1" slack="0"/>
<pin id="421" dir="0" index="2" bw="4" slack="40"/>
<pin id="422" dir="1" index="3" bw="4" slack="0"/>
</pin_list>
<bind>
<opcode="getelementptr(29) " fcode="getelementptr"/>
<opset="weights_2_10_addr/41 "/>
</bind>
</comp>

<comp id="425" class="1004" name="grp_access_fu_425">
<pin_list>
<pin id="426" dir="0" index="0" bw="4" slack="0"/>
<pin id="427" dir="0" index="1" bw="32" slack="2147483647"/>
<pin id="428" dir="0" index="2" bw="0" slack="2147483647"/>
<pin id="429" dir="1" index="3" bw="32" slack="1"/>
</pin_list>
<bind>
<opcode="load(27) " fcode="load"/>
<opset="weights_2_10_load/41 "/>
</bind>
</comp>

<comp id="431" class="1004" name="weights_2_11_addr_gep_fu_431">
<pin_list>
<pin id="432" dir="0" index="0" bw="32" slack="0"/>
<pin id="433" dir="0" index="1" bw="1" slack="0"/>
<pin id="434" dir="0" index="2" bw="4" slack="44"/>
<pin id="435" dir="1" index="3" bw="4" slack="0"/>
</pin_list>
<bind>
<opcode="getelementptr(29) " fcode="getelementptr"/>
<opset="weights_2_11_addr/45 "/>
</bind>
</comp>

<comp id="438" class="1004" name="grp_access_fu_438">
<pin_list>
<pin id="439" dir="0" index="0" bw="4" slack="0"/>
<pin id="440" dir="0" index="1" bw="32" slack="2147483647"/>
<pin id="441" dir="0" index="2" bw="0" slack="2147483647"/>
<pin id="442" dir="1" index="3" bw="32" slack="1"/>
</pin_list>
<bind>
<opcode="load(27) " fcode="load"/>
<opset="weights_2_11_load/45 "/>
</bind>
</comp>

<comp id="444" class="1004" name="weights_2_12_addr_gep_fu_444">
<pin_list>
<pin id="445" dir="0" index="0" bw="32" slack="0"/>
<pin id="446" dir="0" index="1" bw="1" slack="0"/>
<pin id="447" dir="0" index="2" bw="4" slack="48"/>
<pin id="448" dir="1" index="3" bw="4" slack="0"/>
</pin_list>
<bind>
<opcode="getelementptr(29) " fcode="getelementptr"/>
<opset="weights_2_12_addr/49 "/>
</bind>
</comp>

<comp id="451" class="1004" name="grp_access_fu_451">
<pin_list>
<pin id="452" dir="0" index="0" bw="4" slack="0"/>
<pin id="453" dir="0" index="1" bw="32" slack="2147483647"/>
<pin id="454" dir="0" index="2" bw="0" slack="2147483647"/>
<pin id="455" dir="1" index="3" bw="32" slack="1"/>
</pin_list>
<bind>
<opcode="load(27) " fcode="load"/>
<opset="weights_2_12_load/49 "/>
</bind>
</comp>

<comp id="457" class="1004" name="weights_2_13_addr_gep_fu_457">
<pin_list>
<pin id="458" dir="0" index="0" bw="32" slack="0"/>
<pin id="459" dir="0" index="1" bw="1" slack="0"/>
<pin id="460" dir="0" index="2" bw="4" slack="52"/>
<pin id="461" dir="1" index="3" bw="4" slack="0"/>
</pin_list>
<bind>
<opcode="getelementptr(29) " fcode="getelementptr"/>
<opset="weights_2_13_addr/53 "/>
</bind>
</comp>

<comp id="464" class="1004" name="grp_access_fu_464">
<pin_list>
<pin id="465" dir="0" index="0" bw="4" slack="0"/>
<pin id="466" dir="0" index="1" bw="32" slack="2147483647"/>
<pin id="467" dir="0" index="2" bw="0" slack="2147483647"/>
<pin id="468" dir="1" index="3" bw="32" slack="1"/>
</pin_list>
<bind>
<opcode="load(27) " fcode="load"/>
<opset="weights_2_13_load/53 "/>
</bind>
</comp>

<comp id="470" class="1004" name="weights_2_14_addr_gep_fu_470">
<pin_list>
<pin id="471" dir="0" index="0" bw="32" slack="0"/>
<pin id="472" dir="0" index="1" bw="1" slack="0"/>
<pin id="473" dir="0" index="2" bw="4" slack="56"/>
<pin id="474" dir="1" index="3" bw="4" slack="0"/>
</pin_list>
<bind>
<opcode="getelementptr(29) " fcode="getelementptr"/>
<opset="weights_2_14_addr/57 "/>
</bind>
</comp>

<comp id="477" class="1004" name="grp_access_fu_477">
<pin_list>
<pin id="478" dir="0" index="0" bw="4" slack="0"/>
<pin id="479" dir="0" index="1" bw="32" slack="2147483647"/>
<pin id="480" dir="0" index="2" bw="0" slack="2147483647"/>
<pin id="481" dir="1" index="3" bw="32" slack="1"/>
</pin_list>
<bind>
<opcode="load(27) " fcode="load"/>
<opset="weights_2_14_load/57 "/>
</bind>
</comp>

<comp id="483" class="1004" name="weights_2_15_addr_gep_fu_483">
<pin_list>
<pin id="484" dir="0" index="0" bw="32" slack="0"/>
<pin id="485" dir="0" index="1" bw="1" slack="0"/>
<pin id="486" dir="0" index="2" bw="4" slack="60"/>
<pin id="487" dir="1" index="3" bw="4" slack="0"/>
</pin_list>
<bind>
<opcode="getelementptr(29) " fcode="getelementptr"/>
<opset="weights_2_15_addr/61 "/>
</bind>
</comp>

<comp id="490" class="1004" name="grp_access_fu_490">
<pin_list>
<pin id="491" dir="0" index="0" bw="4" slack="0"/>
<pin id="492" dir="0" index="1" bw="32" slack="2147483647"/>
<pin id="493" dir="0" index="2" bw="0" slack="2147483647"/>
<pin id="494" dir="1" index="3" bw="32" slack="1"/>
</pin_list>
<bind>
<opcode="load(27) " fcode="load"/>
<opset="weights_2_15_load/61 "/>
</bind>
</comp>

<comp id="496" class="1004" name="weights_2_16_addr_gep_fu_496">
<pin_list>
<pin id="497" dir="0" index="0" bw="32" slack="0"/>
<pin id="498" dir="0" index="1" bw="1" slack="0"/>
<pin id="499" dir="0" index="2" bw="4" slack="64"/>
<pin id="500" dir="1" index="3" bw="4" slack="0"/>
</pin_list>
<bind>
<opcode="getelementptr(29) " fcode="getelementptr"/>
<opset="weights_2_16_addr/65 "/>
</bind>
</comp>

<comp id="503" class="1004" name="grp_access_fu_503">
<pin_list>
<pin id="504" dir="0" index="0" bw="4" slack="0"/>
<pin id="505" dir="0" index="1" bw="32" slack="2147483647"/>
<pin id="506" dir="0" index="2" bw="0" slack="2147483647"/>
<pin id="507" dir="1" index="3" bw="32" slack="1"/>
</pin_list>
<bind>
<opcode="load(27) " fcode="load"/>
<opset="weights_2_16_load/65 "/>
</bind>
</comp>

<comp id="509" class="1004" name="weights_2_17_addr_gep_fu_509">
<pin_list>
<pin id="510" dir="0" index="0" bw="32" slack="0"/>
<pin id="511" dir="0" index="1" bw="1" slack="0"/>
<pin id="512" dir="0" index="2" bw="4" slack="68"/>
<pin id="513" dir="1" index="3" bw="4" slack="0"/>
</pin_list>
<bind>
<opcode="getelementptr(29) " fcode="getelementptr"/>
<opset="weights_2_17_addr/69 "/>
</bind>
</comp>

<comp id="516" class="1004" name="grp_access_fu_516">
<pin_list>
<pin id="517" dir="0" index="0" bw="4" slack="0"/>
<pin id="518" dir="0" index="1" bw="32" slack="2147483647"/>
<pin id="519" dir="0" index="2" bw="0" slack="2147483647"/>
<pin id="520" dir="1" index="3" bw="32" slack="1"/>
</pin_list>
<bind>
<opcode="load(27) " fcode="load"/>
<opset="weights_2_17_load/69 "/>
</bind>
</comp>

<comp id="522" class="1004" name="weights_2_18_addr_gep_fu_522">
<pin_list>
<pin id="523" dir="0" index="0" bw="32" slack="0"/>
<pin id="524" dir="0" index="1" bw="1" slack="0"/>
<pin id="525" dir="0" index="2" bw="4" slack="72"/>
<pin id="526" dir="1" index="3" bw="4" slack="0"/>
</pin_list>
<bind>
<opcode="getelementptr(29) " fcode="getelementptr"/>
<opset="weights_2_18_addr/73 "/>
</bind>
</comp>

<comp id="529" class="1004" name="grp_access_fu_529">
<pin_list>
<pin id="530" dir="0" index="0" bw="4" slack="0"/>
<pin id="531" dir="0" index="1" bw="32" slack="2147483647"/>
<pin id="532" dir="0" index="2" bw="0" slack="2147483647"/>
<pin id="533" dir="1" index="3" bw="32" slack="1"/>
</pin_list>
<bind>
<opcode="load(27) " fcode="load"/>
<opset="weights_2_18_load/73 "/>
</bind>
</comp>

<comp id="535" class="1004" name="weights_2_19_addr_gep_fu_535">
<pin_list>
<pin id="536" dir="0" index="0" bw="32" slack="0"/>
<pin id="537" dir="0" index="1" bw="1" slack="0"/>
<pin id="538" dir="0" index="2" bw="4" slack="76"/>
<pin id="539" dir="1" index="3" bw="4" slack="0"/>
</pin_list>
<bind>
<opcode="getelementptr(29) " fcode="getelementptr"/>
<opset="weights_2_19_addr/77 "/>
</bind>
</comp>

<comp id="542" class="1004" name="grp_access_fu_542">
<pin_list>
<pin id="543" dir="0" index="0" bw="4" slack="0"/>
<pin id="544" dir="0" index="1" bw="32" slack="2147483647"/>
<pin id="545" dir="0" index="2" bw="0" slack="2147483647"/>
<pin id="546" dir="1" index="3" bw="32" slack="1"/>
</pin_list>
<bind>
<opcode="load(27) " fcode="load"/>
<opset="weights_2_19_load/77 "/>
</bind>
</comp>

<comp id="548" class="1004" name="weights_2_20_addr_gep_fu_548">
<pin_list>
<pin id="549" dir="0" index="0" bw="32" slack="0"/>
<pin id="550" dir="0" index="1" bw="1" slack="0"/>
<pin id="551" dir="0" index="2" bw="4" slack="80"/>
<pin id="552" dir="1" index="3" bw="4" slack="0"/>
</pin_list>
<bind>
<opcode="getelementptr(29) " fcode="getelementptr"/>
<opset="weights_2_20_addr/81 "/>
</bind>
</comp>

<comp id="555" class="1004" name="grp_access_fu_555">
<pin_list>
<pin id="556" dir="0" index="0" bw="4" slack="0"/>
<pin id="557" dir="0" index="1" bw="32" slack="2147483647"/>
<pin id="558" dir="0" index="2" bw="0" slack="2147483647"/>
<pin id="559" dir="1" index="3" bw="32" slack="1"/>
</pin_list>
<bind>
<opcode="load(27) " fcode="load"/>
<opset="weights_2_20_load/81 "/>
</bind>
</comp>

<comp id="561" class="1004" name="weights_2_21_addr_gep_fu_561">
<pin_list>
<pin id="562" dir="0" index="0" bw="32" slack="0"/>
<pin id="563" dir="0" index="1" bw="1" slack="0"/>
<pin id="564" dir="0" index="2" bw="4" slack="84"/>
<pin id="565" dir="1" index="3" bw="4" slack="0"/>
</pin_list>
<bind>
<opcode="getelementptr(29) " fcode="getelementptr"/>
<opset="weights_2_21_addr/85 "/>
</bind>
</comp>

<comp id="568" class="1004" name="grp_access_fu_568">
<pin_list>
<pin id="569" dir="0" index="0" bw="4" slack="0"/>
<pin id="570" dir="0" index="1" bw="32" slack="2147483647"/>
<pin id="571" dir="0" index="2" bw="0" slack="2147483647"/>
<pin id="572" dir="1" index="3" bw="32" slack="1"/>
</pin_list>
<bind>
<opcode="load(27) " fcode="load"/>
<opset="weights_2_21_load/85 "/>
</bind>
</comp>

<comp id="574" class="1004" name="weights_2_22_addr_gep_fu_574">
<pin_list>
<pin id="575" dir="0" index="0" bw="32" slack="0"/>
<pin id="576" dir="0" index="1" bw="1" slack="0"/>
<pin id="577" dir="0" index="2" bw="4" slack="88"/>
<pin id="578" dir="1" index="3" bw="4" slack="0"/>
</pin_list>
<bind>
<opcode="getelementptr(29) " fcode="getelementptr"/>
<opset="weights_2_22_addr/89 "/>
</bind>
</comp>

<comp id="581" class="1004" name="grp_access_fu_581">
<pin_list>
<pin id="582" dir="0" index="0" bw="4" slack="0"/>
<pin id="583" dir="0" index="1" bw="32" slack="2147483647"/>
<pin id="584" dir="0" index="2" bw="0" slack="2147483647"/>
<pin id="585" dir="1" index="3" bw="32" slack="1"/>
</pin_list>
<bind>
<opcode="load(27) " fcode="load"/>
<opset="weights_2_22_load/89 "/>
</bind>
</comp>

<comp id="587" class="1004" name="weights_2_23_addr_gep_fu_587">
<pin_list>
<pin id="588" dir="0" index="0" bw="32" slack="0"/>
<pin id="589" dir="0" index="1" bw="1" slack="0"/>
<pin id="590" dir="0" index="2" bw="4" slack="92"/>
<pin id="591" dir="1" index="3" bw="4" slack="0"/>
</pin_list>
<bind>
<opcode="getelementptr(29) " fcode="getelementptr"/>
<opset="weights_2_23_addr/93 "/>
</bind>
</comp>

<comp id="594" class="1004" name="grp_access_fu_594">
<pin_list>
<pin id="595" dir="0" index="0" bw="4" slack="0"/>
<pin id="596" dir="0" index="1" bw="32" slack="2147483647"/>
<pin id="597" dir="0" index="2" bw="0" slack="2147483647"/>
<pin id="598" dir="1" index="3" bw="32" slack="1"/>
</pin_list>
<bind>
<opcode="load(27) " fcode="load"/>
<opset="weights_2_23_load/93 "/>
</bind>
</comp>

<comp id="600" class="1004" name="hidden_bias_2_addr_gep_fu_600">
<pin_list>
<pin id="601" dir="0" index="0" bw="32" slack="0"/>
<pin id="602" dir="0" index="1" bw="1" slack="0"/>
<pin id="603" dir="0" index="2" bw="4" slack="100"/>
<pin id="604" dir="1" index="3" bw="4" slack="0"/>
</pin_list>
<bind>
<opcode="getelementptr(29) " fcode="getelementptr"/>
<opset="hidden_bias_2_addr/101 "/>
</bind>
</comp>

<comp id="607" class="1004" name="grp_access_fu_607">
<pin_list>
<pin id="608" dir="0" index="0" bw="4" slack="0"/>
<pin id="609" dir="0" index="1" bw="32" slack="2147483647"/>
<pin id="610" dir="0" index="2" bw="0" slack="2147483647"/>
<pin id="611" dir="1" index="3" bw="32" slack="0"/>
</pin_list>
<bind>
<opcode="load(27) " fcode="load"/>
<opset="hidden_bias_2_load/101 "/>
</bind>
</comp>

<comp id="613" class="1004" name="hidden_layer_2_addr_gep_fu_613">
<pin_list>
<pin id="614" dir="0" index="0" bw="32" slack="0"/>
<pin id="615" dir="0" index="1" bw="1" slack="0"/>
<pin id="616" dir="0" index="2" bw="4" slack="106"/>
<pin id="617" dir="1" index="3" bw="4" slack="0"/>
</pin_list>
<bind>
<opcode="getelementptr(29) " fcode="getelementptr"/>
<opset="hidden_layer_2_addr/107 "/>
</bind>
</comp>

<comp id="620" class="1004" name="store_ln100_access_fu_620">
<pin_list>
<pin id="621" dir="0" index="0" bw="4" slack="0"/>
<pin id="622" dir="0" index="1" bw="32" slack="0"/>
<pin id="623" dir="0" index="2" bw="0" slack="2147483647"/>
<pin id="624" dir="1" index="3" bw="32" slack="2147483647"/>
</pin_list>
<bind>
<opcode="store(28) " fcode="store"/>
<opset="store_ln100/107 "/>
</bind>
</comp>

<comp id="626" class="1004" name="grp_fu_626">
<pin_list>
<pin id="627" dir="0" index="0" bw="32" slack="1"/>
<pin id="628" dir="0" index="1" bw="32" slack="0"/>
<pin id="629" dir="1" index="2" bw="32" slack="1"/>
</pin_list>
<bind>
<opcode="fadd(9) " fcode="fadd"/>
<opset="add3/6 "/>
</bind>
</comp>

<comp id="631" class="1004" name="grp_fu_631">
<pin_list>
<pin id="632" dir="0" index="0" bw="32" slack="1"/>
<pin id="633" dir="0" index="1" bw="32" slack="1"/>
<pin id="634" dir="1" index="2" bw="32" slack="1"/>
</pin_list>
<bind>
<opcode="fadd(9) " fcode="fadd"/>
<opset="add3_1/10 "/>
</bind>
</comp>

<comp id="635" class="1004" name="grp_fu_635">
<pin_list>
<pin id="636" dir="0" index="0" bw="32" slack="1"/>
<pin id="637" dir="0" index="1" bw="32" slack="1"/>
<pin id="638" dir="1" index="2" bw="32" slack="1"/>
</pin_list>
<bind>
<opcode="fadd(9) " fcode="fadd"/>
<opset="add3_2/14 "/>
</bind>
</comp>

<comp id="639" class="1004" name="grp_fu_639">
<pin_list>
<pin id="640" dir="0" index="0" bw="32" slack="1"/>
<pin id="641" dir="0" index="1" bw="32" slack="1"/>
<pin id="642" dir="1" index="2" bw="32" slack="1"/>
</pin_list>
<bind>
<opcode="fadd(9) " fcode="fadd"/>
<opset="add3_3/18 "/>
</bind>
</comp>

<comp id="643" class="1004" name="grp_fu_643">
<pin_list>
<pin id="644" dir="0" index="0" bw="32" slack="1"/>
<pin id="645" dir="0" index="1" bw="32" slack="1"/>
<pin id="646" dir="1" index="2" bw="32" slack="1"/>
</pin_list>
<bind>
<opcode="fadd(9) " fcode="fadd"/>
<opset="add3_4/22 "/>
</bind>
</comp>

<comp id="647" class="1004" name="grp_fu_647">
<pin_list>
<pin id="648" dir="0" index="0" bw="32" slack="1"/>
<pin id="649" dir="0" index="1" bw="32" slack="1"/>
<pin id="650" dir="1" index="2" bw="32" slack="1"/>
</pin_list>
<bind>
<opcode="fadd(9) " fcode="fadd"/>
<opset="add3_5/26 "/>
</bind>
</comp>

<comp id="651" class="1004" name="grp_fu_651">
<pin_list>
<pin id="652" dir="0" index="0" bw="32" slack="1"/>
<pin id="653" dir="0" index="1" bw="32" slack="1"/>
<pin id="654" dir="1" index="2" bw="32" slack="1"/>
</pin_list>
<bind>
<opcode="fadd(9) " fcode="fadd"/>
<opset="add3_6/30 "/>
</bind>
</comp>

<comp id="655" class="1004" name="grp_fu_655">
<pin_list>
<pin id="656" dir="0" index="0" bw="32" slack="1"/>
<pin id="657" dir="0" index="1" bw="32" slack="1"/>
<pin id="658" dir="1" index="2" bw="32" slack="1"/>
</pin_list>
<bind>
<opcode="fadd(9) " fcode="fadd"/>
<opset="add3_7/34 "/>
</bind>
</comp>

<comp id="659" class="1004" name="grp_fu_659">
<pin_list>
<pin id="660" dir="0" index="0" bw="32" slack="1"/>
<pin id="661" dir="0" index="1" bw="32" slack="1"/>
<pin id="662" dir="1" index="2" bw="32" slack="1"/>
</pin_list>
<bind>
<opcode="fadd(9) " fcode="fadd"/>
<opset="add3_8/38 "/>
</bind>
</comp>

<comp id="663" class="1004" name="grp_fu_663">
<pin_list>
<pin id="664" dir="0" index="0" bw="32" slack="1"/>
<pin id="665" dir="0" index="1" bw="32" slack="1"/>
<pin id="666" dir="1" index="2" bw="32" slack="1"/>
</pin_list>
<bind>
<opcode="fadd(9) " fcode="fadd"/>
<opset="add3_9/42 "/>
</bind>
</comp>

<comp id="667" class="1004" name="grp_fu_667">
<pin_list>
<pin id="668" dir="0" index="0" bw="32" slack="1"/>
<pin id="669" dir="0" index="1" bw="32" slack="1"/>
<pin id="670" dir="1" index="2" bw="32" slack="1"/>
</pin_list>
<bind>
<opcode="fadd(9) " fcode="fadd"/>
<opset="add3_s/46 "/>
</bind>
</comp>

<comp id="671" class="1004" name="grp_fu_671">
<pin_list>
<pin id="672" dir="0" index="0" bw="32" slack="1"/>
<pin id="673" dir="0" index="1" bw="32" slack="1"/>
<pin id="674" dir="1" index="2" bw="32" slack="1"/>
</pin_list>
<bind>
<opcode="fadd(9) " fcode="fadd"/>
<opset="add3_10/50 "/>
</bind>
</comp>

<comp id="675" class="1004" name="grp_fu_675">
<pin_list>
<pin id="676" dir="0" index="0" bw="32" slack="1"/>
<pin id="677" dir="0" index="1" bw="32" slack="1"/>
<pin id="678" dir="1" index="2" bw="32" slack="1"/>
</pin_list>
<bind>
<opcode="fadd(9) " fcode="fadd"/>
<opset="add3_11/54 "/>
</bind>
</comp>

<comp id="679" class="1004" name="grp_fu_679">
<pin_list>
<pin id="680" dir="0" index="0" bw="32" slack="1"/>
<pin id="681" dir="0" index="1" bw="32" slack="1"/>
<pin id="682" dir="1" index="2" bw="32" slack="1"/>
</pin_list>
<bind>
<opcode="fadd(9) " fcode="fadd"/>
<opset="add3_12/58 "/>
</bind>
</comp>

<comp id="683" class="1004" name="grp_fu_683">
<pin_list>
<pin id="684" dir="0" index="0" bw="32" slack="1"/>
<pin id="685" dir="0" index="1" bw="32" slack="1"/>
<pin id="686" dir="1" index="2" bw="32" slack="1"/>
</pin_list>
<bind>
<opcode="fadd(9) " fcode="fadd"/>
<opset="add3_13/62 "/>
</bind>
</comp>

<comp id="687" class="1004" name="grp_fu_687">
<pin_list>
<pin id="688" dir="0" index="0" bw="32" slack="1"/>
<pin id="689" dir="0" index="1" bw="32" slack="1"/>
<pin id="690" dir="1" index="2" bw="32" slack="1"/>
</pin_list>
<bind>
<opcode="fadd(9) " fcode="fadd"/>
<opset="add3_14/66 "/>
</bind>
</comp>

<comp id="691" class="1004" name="grp_fu_691">
<pin_list>
<pin id="692" dir="0" index="0" bw="32" slack="1"/>
<pin id="693" dir="0" index="1" bw="32" slack="1"/>
<pin id="694" dir="1" index="2" bw="32" slack="1"/>
</pin_list>
<bind>
<opcode="fadd(9) " fcode="fadd"/>
<opset="add3_15/70 "/>
</bind>
</comp>

<comp id="695" class="1004" name="grp_fu_695">
<pin_list>
<pin id="696" dir="0" index="0" bw="32" slack="1"/>
<pin id="697" dir="0" index="1" bw="32" slack="1"/>
<pin id="698" dir="1" index="2" bw="32" slack="1"/>
</pin_list>
<bind>
<opcode="fadd(9) " fcode="fadd"/>
<opset="add3_16/74 "/>
</bind>
</comp>

<comp id="699" class="1004" name="grp_fu_699">
<pin_list>
<pin id="700" dir="0" index="0" bw="32" slack="1"/>
<pin id="701" dir="0" index="1" bw="32" slack="1"/>
<pin id="702" dir="1" index="2" bw="32" slack="1"/>
</pin_list>
<bind>
<opcode="fadd(9) " fcode="fadd"/>
<opset="add3_17/78 "/>
</bind>
</comp>

<comp id="703" class="1004" name="grp_fu_703">
<pin_list>
<pin id="704" dir="0" index="0" bw="32" slack="1"/>
<pin id="705" dir="0" index="1" bw="32" slack="1"/>
<pin id="706" dir="1" index="2" bw="32" slack="1"/>
</pin_list>
<bind>
<opcode="fadd(9) " fcode="fadd"/>
<opset="add3_18/82 "/>
</bind>
</comp>

<comp id="707" class="1004" name="grp_fu_707">
<pin_list>
<pin id="708" dir="0" index="0" bw="32" slack="1"/>
<pin id="709" dir="0" index="1" bw="32" slack="1"/>
<pin id="710" dir="1" index="2" bw="32" slack="1"/>
</pin_list>
<bind>
<opcode="fadd(9) " fcode="fadd"/>
<opset="add3_19/86 "/>
</bind>
</comp>

<comp id="711" class="1004" name="grp_fu_711">
<pin_list>
<pin id="712" dir="0" index="0" bw="32" slack="1"/>
<pin id="713" dir="0" index="1" bw="32" slack="1"/>
<pin id="714" dir="1" index="2" bw="32" slack="1"/>
</pin_list>
<bind>
<opcode="fadd(9) " fcode="fadd"/>
<opset="add3_20/90 "/>
</bind>
</comp>

<comp id="715" class="1004" name="grp_fu_715">
<pin_list>
<pin id="716" dir="0" index="0" bw="32" slack="1"/>
<pin id="717" dir="0" index="1" bw="32" slack="1"/>
<pin id="718" dir="1" index="2" bw="32" slack="1"/>
</pin_list>
<bind>
<opcode="fadd(9) " fcode="fadd"/>
<opset="add3_21/94 "/>
</bind>
</comp>

<comp id="719" class="1004" name="grp_fu_719">
<pin_list>
<pin id="720" dir="0" index="0" bw="32" slack="1"/>
<pin id="721" dir="0" index="1" bw="32" slack="1"/>
<pin id="722" dir="1" index="2" bw="32" slack="1"/>
</pin_list>
<bind>
<opcode="fadd(9) " fcode="fadd"/>
<opset="add3_22/98 "/>
</bind>
</comp>

<comp id="723" class="1004" name="grp_fu_723">
<pin_list>
<pin id="724" dir="0" index="0" bw="32" slack="1"/>
<pin id="725" dir="0" index="1" bw="32" slack="0"/>
<pin id="726" dir="1" index="2" bw="32" slack="1"/>
</pin_list>
<bind>
<opcode="fadd(9) " fcode="fadd"/>
<opset="add2/102 "/>
</bind>
</comp>

<comp id="728" class="1004" name="grp_fu_728">
<pin_list>
<pin id="729" dir="0" index="0" bw="32" slack="2"/>
<pin id="730" dir="0" index="1" bw="32" slack="1"/>
<pin id="731" dir="1" index="2" bw="32" slack="1"/>
</pin_list>
<bind>
<opcode="fmul(13) " fcode="fmul"/>
<opset="mul1/3 "/>
</bind>
</comp>

<comp id="732" class="1004" name="grp_fu_732">
<pin_list>
<pin id="733" dir="0" index="0" bw="32" slack="6"/>
<pin id="734" dir="0" index="1" bw="32" slack="1"/>
<pin id="735" dir="1" index="2" bw="32" slack="1"/>
</pin_list>
<bind>
<opcode="fmul(13) " fcode="fmul"/>
<opset="mul1_1/7 "/>
</bind>
</comp>

<comp id="736" class="1004" name="grp_fu_736">
<pin_list>
<pin id="737" dir="0" index="0" bw="32" slack="10"/>
<pin id="738" dir="0" index="1" bw="32" slack="1"/>
<pin id="739" dir="1" index="2" bw="32" slack="1"/>
</pin_list>
<bind>
<opcode="fmul(13) " fcode="fmul"/>
<opset="mul1_2/11 "/>
</bind>
</comp>

<comp id="740" class="1004" name="grp_fu_740">
<pin_list>
<pin id="741" dir="0" index="0" bw="32" slack="14"/>
<pin id="742" dir="0" index="1" bw="32" slack="1"/>
<pin id="743" dir="1" index="2" bw="32" slack="1"/>
</pin_list>
<bind>
<opcode="fmul(13) " fcode="fmul"/>
<opset="mul1_3/15 "/>
</bind>
</comp>

<comp id="744" class="1004" name="grp_fu_744">
<pin_list>
<pin id="745" dir="0" index="0" bw="32" slack="18"/>
<pin id="746" dir="0" index="1" bw="32" slack="1"/>
<pin id="747" dir="1" index="2" bw="32" slack="1"/>
</pin_list>
<bind>
<opcode="fmul(13) " fcode="fmul"/>
<opset="mul1_4/19 "/>
</bind>
</comp>

<comp id="748" class="1004" name="grp_fu_748">
<pin_list>
<pin id="749" dir="0" index="0" bw="32" slack="22"/>
<pin id="750" dir="0" index="1" bw="32" slack="1"/>
<pin id="751" dir="1" index="2" bw="32" slack="1"/>
</pin_list>
<bind>
<opcode="fmul(13) " fcode="fmul"/>
<opset="mul1_5/23 "/>
</bind>
</comp>

<comp id="752" class="1004" name="grp_fu_752">
<pin_list>
<pin id="753" dir="0" index="0" bw="32" slack="26"/>
<pin id="754" dir="0" index="1" bw="32" slack="1"/>
<pin id="755" dir="1" index="2" bw="32" slack="1"/>
</pin_list>
<bind>
<opcode="fmul(13) " fcode="fmul"/>
<opset="mul1_6/27 "/>
</bind>
</comp>

<comp id="756" class="1004" name="grp_fu_756">
<pin_list>
<pin id="757" dir="0" index="0" bw="32" slack="30"/>
<pin id="758" dir="0" index="1" bw="32" slack="1"/>
<pin id="759" dir="1" index="2" bw="32" slack="1"/>
</pin_list>
<bind>
<opcode="fmul(13) " fcode="fmul"/>
<opset="mul1_7/31 "/>
</bind>
</comp>

<comp id="760" class="1004" name="grp_fu_760">
<pin_list>
<pin id="761" dir="0" index="0" bw="32" slack="34"/>
<pin id="762" dir="0" index="1" bw="32" slack="1"/>
<pin id="763" dir="1" index="2" bw="32" slack="1"/>
</pin_list>
<bind>
<opcode="fmul(13) " fcode="fmul"/>
<opset="mul1_8/35 "/>
</bind>
</comp>

<comp id="764" class="1004" name="grp_fu_764">
<pin_list>
<pin id="765" dir="0" index="0" bw="32" slack="38"/>
<pin id="766" dir="0" index="1" bw="32" slack="1"/>
<pin id="767" dir="1" index="2" bw="32" slack="1"/>
</pin_list>
<bind>
<opcode="fmul(13) " fcode="fmul"/>
<opset="mul1_9/39 "/>
</bind>
</comp>

<comp id="768" class="1004" name="grp_fu_768">
<pin_list>
<pin id="769" dir="0" index="0" bw="32" slack="42"/>
<pin id="770" dir="0" index="1" bw="32" slack="1"/>
<pin id="771" dir="1" index="2" bw="32" slack="1"/>
</pin_list>
<bind>
<opcode="fmul(13) " fcode="fmul"/>
<opset="mul1_s/43 "/>
</bind>
</comp>

<comp id="772" class="1004" name="grp_fu_772">
<pin_list>
<pin id="773" dir="0" index="0" bw="32" slack="46"/>
<pin id="774" dir="0" index="1" bw="32" slack="1"/>
<pin id="775" dir="1" index="2" bw="32" slack="1"/>
</pin_list>
<bind>
<opcode="fmul(13) " fcode="fmul"/>
<opset="mul1_10/47 "/>
</bind>
</comp>

<comp id="776" class="1004" name="grp_fu_776">
<pin_list>
<pin id="777" dir="0" index="0" bw="32" slack="50"/>
<pin id="778" dir="0" index="1" bw="32" slack="1"/>
<pin id="779" dir="1" index="2" bw="32" slack="1"/>
</pin_list>
<bind>
<opcode="fmul(13) " fcode="fmul"/>
<opset="mul1_11/51 "/>
</bind>
</comp>

<comp id="780" class="1004" name="grp_fu_780">
<pin_list>
<pin id="781" dir="0" index="0" bw="32" slack="54"/>
<pin id="782" dir="0" index="1" bw="32" slack="1"/>
<pin id="783" dir="1" index="2" bw="32" slack="1"/>
</pin_list>
<bind>
<opcode="fmul(13) " fcode="fmul"/>
<opset="mul1_12/55 "/>
</bind>
</comp>

<comp id="784" class="1004" name="grp_fu_784">
<pin_list>
<pin id="785" dir="0" index="0" bw="32" slack="58"/>
<pin id="786" dir="0" index="1" bw="32" slack="1"/>
<pin id="787" dir="1" index="2" bw="32" slack="1"/>
</pin_list>
<bind>
<opcode="fmul(13) " fcode="fmul"/>
<opset="mul1_13/59 "/>
</bind>
</comp>

<comp id="788" class="1004" name="grp_fu_788">
<pin_list>
<pin id="789" dir="0" index="0" bw="32" slack="62"/>
<pin id="790" dir="0" index="1" bw="32" slack="1"/>
<pin id="791" dir="1" index="2" bw="32" slack="1"/>
</pin_list>
<bind>
<opcode="fmul(13) " fcode="fmul"/>
<opset="mul1_14/63 "/>
</bind>
</comp>

<comp id="792" class="1004" name="grp_fu_792">
<pin_list>
<pin id="793" dir="0" index="0" bw="32" slack="66"/>
<pin id="794" dir="0" index="1" bw="32" slack="1"/>
<pin id="795" dir="1" index="2" bw="32" slack="1"/>
</pin_list>
<bind>
<opcode="fmul(13) " fcode="fmul"/>
<opset="mul1_15/67 "/>
</bind>
</comp>

<comp id="796" class="1004" name="grp_fu_796">
<pin_list>
<pin id="797" dir="0" index="0" bw="32" slack="70"/>
<pin id="798" dir="0" index="1" bw="32" slack="1"/>
<pin id="799" dir="1" index="2" bw="32" slack="1"/>
</pin_list>
<bind>
<opcode="fmul(13) " fcode="fmul"/>
<opset="mul1_16/71 "/>
</bind>
</comp>

<comp id="800" class="1004" name="grp_fu_800">
<pin_list>
<pin id="801" dir="0" index="0" bw="32" slack="74"/>
<pin id="802" dir="0" index="1" bw="32" slack="1"/>
<pin id="803" dir="1" index="2" bw="32" slack="1"/>
</pin_list>
<bind>
<opcode="fmul(13) " fcode="fmul"/>
<opset="mul1_17/75 "/>
</bind>
</comp>

<comp id="804" class="1004" name="grp_fu_804">
<pin_list>
<pin id="805" dir="0" index="0" bw="32" slack="78"/>
<pin id="806" dir="0" index="1" bw="32" slack="1"/>
<pin id="807" dir="1" index="2" bw="32" slack="1"/>
</pin_list>
<bind>
<opcode="fmul(13) " fcode="fmul"/>
<opset="mul1_18/79 "/>
</bind>
</comp>

<comp id="808" class="1004" name="grp_fu_808">
<pin_list>
<pin id="809" dir="0" index="0" bw="32" slack="82"/>
<pin id="810" dir="0" index="1" bw="32" slack="1"/>
<pin id="811" dir="1" index="2" bw="32" slack="1"/>
</pin_list>
<bind>
<opcode="fmul(13) " fcode="fmul"/>
<opset="mul1_19/83 "/>
</bind>
</comp>

<comp id="812" class="1004" name="grp_fu_812">
<pin_list>
<pin id="813" dir="0" index="0" bw="32" slack="86"/>
<pin id="814" dir="0" index="1" bw="32" slack="1"/>
<pin id="815" dir="1" index="2" bw="32" slack="1"/>
</pin_list>
<bind>
<opcode="fmul(13) " fcode="fmul"/>
<opset="mul1_20/87 "/>
</bind>
</comp>

<comp id="816" class="1004" name="grp_fu_816">
<pin_list>
<pin id="817" dir="0" index="0" bw="32" slack="90"/>
<pin id="818" dir="0" index="1" bw="32" slack="1"/>
<pin id="819" dir="1" index="2" bw="32" slack="1"/>
</pin_list>
<bind>
<opcode="fmul(13) " fcode="fmul"/>
<opset="mul1_21/91 "/>
</bind>
</comp>

<comp id="820" class="1004" name="grp_fu_820">
<pin_list>
<pin id="821" dir="0" index="0" bw="32" slack="94"/>
<pin id="822" dir="0" index="1" bw="32" slack="1"/>
<pin id="823" dir="1" index="2" bw="32" slack="1"/>
</pin_list>
<bind>
<opcode="fmul(13) " fcode="fmul"/>
<opset="mul1_22/95 "/>
</bind>
</comp>

<comp id="824" class="1004" name="grp_fu_824">
<pin_list>
<pin id="825" dir="0" index="0" bw="32" slack="1"/>
<pin id="826" dir="0" index="1" bw="32" slack="0"/>
<pin id="827" dir="1" index="2" bw="1" slack="0"/>
</pin_list>
<bind>
<opcode="fcmp(46) " fcode="fcmp"/>
<opset="tmp_3/106 "/>
</bind>
</comp>

<comp id="829" class="1004" name="store_ln0_store_fu_829">
<pin_list>
<pin id="830" dir="0" index="0" bw="1" slack="0"/>
<pin id="831" dir="0" index="1" bw="4" slack="0"/>
<pin id="832" dir="1" index="2" bw="0" slack="2147483647"/>
</pin_list>
<bind>
<opcode="store(28) " fcode="store"/>
<opset="store_ln0/1 "/>
</bind>
</comp>

<comp id="834" class="1004" name="i_1_load_fu_834">
<pin_list>
<pin id="835" dir="0" index="0" bw="4" slack="0"/>
<pin id="836" dir="1" index="1" bw="4" slack="0"/>
</pin_list>
<bind>
<opcode="load(27) " fcode="load"/>
<opset="i_1/1 "/>
</bind>
</comp>

<comp id="837" class="1004" name="icmp_ln94_fu_837">
<pin_list>
<pin id="838" dir="0" index="0" bw="4" slack="0"/>
<pin id="839" dir="0" index="1" bw="3" slack="0"/>
<pin id="840" dir="1" index="2" bw="1" slack="105"/>
</pin_list>
<bind>
<opcode="icmp(45) " fcode="icmp"/>
<opset="icmp_ln94/1 "/>
</bind>
</comp>

<comp id="843" class="1004" name="add_ln94_fu_843">
<pin_list>
<pin id="844" dir="0" index="0" bw="4" slack="0"/>
<pin id="845" dir="0" index="1" bw="1" slack="0"/>
<pin id="846" dir="1" index="2" bw="4" slack="0"/>
</pin_list>
<bind>
<opcode="add(8) " fcode="add"/>
<opset="add_ln94/1 "/>
</bind>
</comp>

<comp id="849" class="1004" name="i_2_cast_fu_849">
<pin_list>
<pin id="850" dir="0" index="0" bw="4" slack="0"/>
<pin id="851" dir="1" index="1" bw="64" slack="0"/>
</pin_list>
<bind>
<opcode="zext(34) " fcode="zext"/>
<opset="i_2_cast/1 "/>
</bind>
</comp>

<comp id="854" class="1004" name="store_ln94_store_fu_854">
<pin_list>
<pin id="855" dir="0" index="0" bw="4" slack="0"/>
<pin id="856" dir="0" index="1" bw="4" slack="0"/>
<pin id="857" dir="1" index="2" bw="0" slack="2147483647"/>
</pin_list>
<bind>
<opcode="store(28) " fcode="store"/>
<opset="store_ln94/1 "/>
</bind>
</comp>

<comp id="859" class="1004" name="bitcast_ln102_fu_859">
<pin_list>
<pin id="860" dir="0" index="0" bw="32" slack="2"/>
<pin id="861" dir="1" index="1" bw="32" slack="0"/>
</pin_list>
<bind>
<opcode="bitcast(44) " fcode="bitcast"/>
<opset="bitcast_ln102/107 "/>
</bind>
</comp>

<comp id="862" class="1004" name="tmp_2_fu_862">
<pin_list>
<pin id="863" dir="0" index="0" bw="8" slack="0"/>
<pin id="864" dir="0" index="1" bw="32" slack="0"/>
<pin id="865" dir="0" index="2" bw="6" slack="0"/>
<pin id="866" dir="0" index="3" bw="6" slack="0"/>
<pin id="867" dir="1" index="4" bw="8" slack="0"/>
</pin_list>
<bind>
<opcode="partselect(1002) " fcode="partselect"/>
<opset="tmp_2/107 "/>
</bind>
</comp>

<comp id="872" class="1004" name="trunc_ln102_fu_872">
<pin_list>
<pin id="873" dir="0" index="0" bw="32" slack="0"/>
<pin id="874" dir="1" index="1" bw="23" slack="0"/>
</pin_list>
<bind>
<opcode="trunc(33) " fcode="trunc"/>
<opset="trunc_ln102/107 "/>
</bind>
</comp>

<comp id="876" class="1004" name="icmp_ln102_fu_876">
<pin_list>
<pin id="877" dir="0" index="0" bw="8" slack="0"/>
<pin id="878" dir="0" index="1" bw="1" slack="0"/>
<pin id="879" dir="1" index="2" bw="1" slack="0"/>
</pin_list>
<bind>
<opcode="icmp(45) " fcode="icmp"/>
<opset="icmp_ln102/107 "/>
</bind>
</comp>

<comp id="882" class="1004" name="icmp_ln102_1_fu_882">
<pin_list>
<pin id="883" dir="0" index="0" bw="23" slack="0"/>
<pin id="884" dir="0" index="1" bw="1" slack="0"/>
<pin id="885" dir="1" index="2" bw="1" slack="0"/>
</pin_list>
<bind>
<opcode="icmp(45) " fcode="icmp"/>
<opset="icmp_ln102_1/107 "/>
</bind>
</comp>

<comp id="888" class="1004" name="or_ln102_fu_888">
<pin_list>
<pin id="889" dir="0" index="0" bw="1" slack="0"/>
<pin id="890" dir="0" index="1" bw="1" slack="0"/>
<pin id="891" dir="1" index="2" bw="1" slack="0"/>
</pin_list>
<bind>
<opcode="or(24) " fcode="or"/>
<opset="or_ln102/107 "/>
</bind>
</comp>

<comp id="894" class="1004" name="and_ln102_fu_894">
<pin_list>
<pin id="895" dir="0" index="0" bw="1" slack="0"/>
<pin id="896" dir="0" index="1" bw="1" slack="0"/>
<pin id="897" dir="1" index="2" bw="1" slack="0"/>
</pin_list>
<bind>
<opcode="and(23) " fcode="and"/>
<opset="and_ln102/107 "/>
</bind>
</comp>

<comp id="900" class="1004" name="select_ln102_fu_900">
<pin_list>
<pin id="901" dir="0" index="0" bw="1" slack="0"/>
<pin id="902" dir="0" index="1" bw="32" slack="0"/>
<pin id="903" dir="0" index="2" bw="32" slack="2"/>
<pin id="904" dir="1" index="3" bw="32" slack="0"/>
</pin_list>
<bind>
<opcode="select(49) " fcode="select"/>
<opset="select_ln102/107 "/>
</bind>
</comp>

<comp id="908" class="1005" name="i_reg_908">
<pin_list>
<pin id="909" dir="0" index="0" bw="4" slack="0"/>
<pin id="910" dir="1" index="1" bw="4" slack="0"/>
</pin_list>
<bind>
<opset="i "/>
</bind>
</comp>

<comp id="915" class="1005" name="hidden_layer_1_load_23_read_reg_915">
<pin_list>
<pin id="916" dir="0" index="0" bw="32" slack="94"/>
<pin id="917" dir="1" index="1" bw="32" slack="94"/>
</pin_list>
<bind>
<opset="hidden_layer_1_load_23_read "/>
</bind>
</comp>

<comp id="920" class="1005" name="hidden_layer_1_load_22_read_reg_920">
<pin_list>
<pin id="921" dir="0" index="0" bw="32" slack="90"/>
<pin id="922" dir="1" index="1" bw="32" slack="90"/>
</pin_list>
<bind>
<opset="hidden_layer_1_load_22_read "/>
</bind>
</comp>

<comp id="925" class="1005" name="hidden_layer_1_load_21_read_reg_925">
<pin_list>
<pin id="926" dir="0" index="0" bw="32" slack="86"/>
<pin id="927" dir="1" index="1" bw="32" slack="86"/>
</pin_list>
<bind>
<opset="hidden_layer_1_load_21_read "/>
</bind>
</comp>

<comp id="930" class="1005" name="hidden_layer_1_load_20_read_reg_930">
<pin_list>
<pin id="931" dir="0" index="0" bw="32" slack="82"/>
<pin id="932" dir="1" index="1" bw="32" slack="82"/>
</pin_list>
<bind>
<opset="hidden_layer_1_load_20_read "/>
</bind>
</comp>

<comp id="935" class="1005" name="hidden_layer_1_load_19_read_reg_935">
<pin_list>
<pin id="936" dir="0" index="0" bw="32" slack="78"/>
<pin id="937" dir="1" index="1" bw="32" slack="78"/>
</pin_list>
<bind>
<opset="hidden_layer_1_load_19_read "/>
</bind>
</comp>

<comp id="940" class="1005" name="hidden_layer_1_load_18_read_reg_940">
<pin_list>
<pin id="941" dir="0" index="0" bw="32" slack="74"/>
<pin id="942" dir="1" index="1" bw="32" slack="74"/>
</pin_list>
<bind>
<opset="hidden_layer_1_load_18_read "/>
</bind>
</comp>

<comp id="945" class="1005" name="hidden_layer_1_load_17_read_reg_945">
<pin_list>
<pin id="946" dir="0" index="0" bw="32" slack="70"/>
<pin id="947" dir="1" index="1" bw="32" slack="70"/>
</pin_list>
<bind>
<opset="hidden_layer_1_load_17_read "/>
</bind>
</comp>

<comp id="950" class="1005" name="hidden_layer_1_load_16_read_reg_950">
<pin_list>
<pin id="951" dir="0" index="0" bw="32" slack="66"/>
<pin id="952" dir="1" index="1" bw="32" slack="66"/>
</pin_list>
<bind>
<opset="hidden_layer_1_load_16_read "/>
</bind>
</comp>

<comp id="955" class="1005" name="hidden_layer_1_load_15_read_reg_955">
<pin_list>
<pin id="956" dir="0" index="0" bw="32" slack="62"/>
<pin id="957" dir="1" index="1" bw="32" slack="62"/>
</pin_list>
<bind>
<opset="hidden_layer_1_load_15_read "/>
</bind>
</comp>

<comp id="960" class="1005" name="hidden_layer_1_load_14_read_reg_960">
<pin_list>
<pin id="961" dir="0" index="0" bw="32" slack="58"/>
<pin id="962" dir="1" index="1" bw="32" slack="58"/>
</pin_list>
<bind>
<opset="hidden_layer_1_load_14_read "/>
</bind>
</comp>

<comp id="965" class="1005" name="hidden_layer_1_load_13_read_reg_965">
<pin_list>
<pin id="966" dir="0" index="0" bw="32" slack="54"/>
<pin id="967" dir="1" index="1" bw="32" slack="54"/>
</pin_list>
<bind>
<opset="hidden_layer_1_load_13_read "/>
</bind>
</comp>

<comp id="970" class="1005" name="hidden_layer_1_load_12_read_reg_970">
<pin_list>
<pin id="971" dir="0" index="0" bw="32" slack="50"/>
<pin id="972" dir="1" index="1" bw="32" slack="50"/>
</pin_list>
<bind>
<opset="hidden_layer_1_load_12_read "/>
</bind>
</comp>

<comp id="975" class="1005" name="hidden_layer_1_load_11_read_reg_975">
<pin_list>
<pin id="976" dir="0" index="0" bw="32" slack="46"/>
<pin id="977" dir="1" index="1" bw="32" slack="46"/>
</pin_list>
<bind>
<opset="hidden_layer_1_load_11_read "/>
</bind>
</comp>

<comp id="980" class="1005" name="hidden_layer_1_load_10_read_reg_980">
<pin_list>
<pin id="981" dir="0" index="0" bw="32" slack="42"/>
<pin id="982" dir="1" index="1" bw="32" slack="42"/>
</pin_list>
<bind>
<opset="hidden_layer_1_load_10_read "/>
</bind>
</comp>

<comp id="985" class="1005" name="hidden_layer_1_load_9_read_reg_985">
<pin_list>
<pin id="986" dir="0" index="0" bw="32" slack="38"/>
<pin id="987" dir="1" index="1" bw="32" slack="38"/>
</pin_list>
<bind>
<opset="hidden_layer_1_load_9_read "/>
</bind>
</comp>

<comp id="990" class="1005" name="hidden_layer_1_load_8_read_reg_990">
<pin_list>
<pin id="991" dir="0" index="0" bw="32" slack="34"/>
<pin id="992" dir="1" index="1" bw="32" slack="34"/>
</pin_list>
<bind>
<opset="hidden_layer_1_load_8_read "/>
</bind>
</comp>

<comp id="995" class="1005" name="hidden_layer_1_load_7_read_reg_995">
<pin_list>
<pin id="996" dir="0" index="0" bw="32" slack="30"/>
<pin id="997" dir="1" index="1" bw="32" slack="30"/>
</pin_list>
<bind>
<opset="hidden_layer_1_load_7_read "/>
</bind>
</comp>

<comp id="1000" class="1005" name="hidden_layer_1_load_6_read_reg_1000">
<pin_list>
<pin id="1001" dir="0" index="0" bw="32" slack="26"/>
<pin id="1002" dir="1" index="1" bw="32" slack="26"/>
</pin_list>
<bind>
<opset="hidden_layer_1_load_6_read "/>
</bind>
</comp>

<comp id="1005" class="1005" name="hidden_layer_1_load_5_read_reg_1005">
<pin_list>
<pin id="1006" dir="0" index="0" bw="32" slack="22"/>
<pin id="1007" dir="1" index="1" bw="32" slack="22"/>
</pin_list>
<bind>
<opset="hidden_layer_1_load_5_read "/>
</bind>
</comp>

<comp id="1010" class="1005" name="hidden_layer_1_load_4_read_reg_1010">
<pin_list>
<pin id="1011" dir="0" index="0" bw="32" slack="18"/>
<pin id="1012" dir="1" index="1" bw="32" slack="18"/>
</pin_list>
<bind>
<opset="hidden_layer_1_load_4_read "/>
</bind>
</comp>

<comp id="1015" class="1005" name="hidden_layer_1_load_3_read_reg_1015">
<pin_list>
<pin id="1016" dir="0" index="0" bw="32" slack="14"/>
<pin id="1017" dir="1" index="1" bw="32" slack="14"/>
</pin_list>
<bind>
<opset="hidden_layer_1_load_3_read "/>
</bind>
</comp>

<comp id="1020" class="1005" name="hidden_layer_1_load_2_read_reg_1020">
<pin_list>
<pin id="1021" dir="0" index="0" bw="32" slack="10"/>
<pin id="1022" dir="1" index="1" bw="32" slack="10"/>
</pin_list>
<bind>
<opset="hidden_layer_1_load_2_read "/>
</bind>
</comp>

<comp id="1025" class="1005" name="hidden_layer_1_load_1_read_reg_1025">
<pin_list>
<pin id="1026" dir="0" index="0" bw="32" slack="6"/>
<pin id="1027" dir="1" index="1" bw="32" slack="6"/>
</pin_list>
<bind>
<opset="hidden_layer_1_load_1_read "/>
</bind>
</comp>

<comp id="1030" class="1005" name="hidden_layer_1_load_read_reg_1030">
<pin_list>
<pin id="1031" dir="0" index="0" bw="32" slack="2"/>
<pin id="1032" dir="1" index="1" bw="32" slack="2"/>
</pin_list>
<bind>
<opset="hidden_layer_1_load_read "/>
</bind>
</comp>

<comp id="1035" class="1005" name="icmp_ln94_reg_1035">
<pin_list>
<pin id="1036" dir="0" index="0" bw="1" slack="105"/>
<pin id="1037" dir="1" index="1" bw="1" slack="2147483647"/>
</pin_list>
<bind>
<opset="icmp_ln94 "/>
</bind>
</comp>

<comp id="1039" class="1005" name="i_2_cast_reg_1039">
<pin_list>
<pin id="1040" dir="0" index="0" bw="64" slack="4"/>
<pin id="1041" dir="1" index="1" bw="64" slack="4"/>
</pin_list>
<bind>
<opset="i_2_cast "/>
</bind>
</comp>

<comp id="1068" class="1005" name="weights_2_0_addr_reg_1068">
<pin_list>
<pin id="1069" dir="0" index="0" bw="4" slack="1"/>
<pin id="1070" dir="1" index="1" bw="4" slack="1"/>
</pin_list>
<bind>
<opset="weights_2_0_addr "/>
</bind>
</comp>

<comp id="1073" class="1005" name="weights_2_0_load_reg_1073">
<pin_list>
<pin id="1074" dir="0" index="0" bw="32" slack="1"/>
<pin id="1075" dir="1" index="1" bw="32" slack="1"/>
</pin_list>
<bind>
<opset="weights_2_0_load "/>
</bind>
</comp>

<comp id="1078" class="1005" name="mul1_reg_1078">
<pin_list>
<pin id="1079" dir="0" index="0" bw="32" slack="1"/>
<pin id="1080" dir="1" index="1" bw="32" slack="1"/>
</pin_list>
<bind>
<opset="mul1 "/>
</bind>
</comp>

<comp id="1083" class="1005" name="weights_2_1_addr_reg_1083">
<pin_list>
<pin id="1084" dir="0" index="0" bw="4" slack="1"/>
<pin id="1085" dir="1" index="1" bw="4" slack="1"/>
</pin_list>
<bind>
<opset="weights_2_1_addr "/>
</bind>
</comp>

<comp id="1088" class="1005" name="weights_2_1_load_reg_1088">
<pin_list>
<pin id="1089" dir="0" index="0" bw="32" slack="1"/>
<pin id="1090" dir="1" index="1" bw="32" slack="1"/>
</pin_list>
<bind>
<opset="weights_2_1_load "/>
</bind>
</comp>

<comp id="1093" class="1005" name="add3_reg_1093">
<pin_list>
<pin id="1094" dir="0" index="0" bw="32" slack="1"/>
<pin id="1095" dir="1" index="1" bw="32" slack="1"/>
</pin_list>
<bind>
<opset="add3 "/>
</bind>
</comp>

<comp id="1098" class="1005" name="mul1_1_reg_1098">
<pin_list>
<pin id="1099" dir="0" index="0" bw="32" slack="1"/>
<pin id="1100" dir="1" index="1" bw="32" slack="1"/>
</pin_list>
<bind>
<opset="mul1_1 "/>
</bind>
</comp>

<comp id="1103" class="1005" name="weights_2_2_addr_reg_1103">
<pin_list>
<pin id="1104" dir="0" index="0" bw="4" slack="1"/>
<pin id="1105" dir="1" index="1" bw="4" slack="1"/>
</pin_list>
<bind>
<opset="weights_2_2_addr "/>
</bind>
</comp>

<comp id="1108" class="1005" name="weights_2_2_load_reg_1108">
<pin_list>
<pin id="1109" dir="0" index="0" bw="32" slack="1"/>
<pin id="1110" dir="1" index="1" bw="32" slack="1"/>
</pin_list>
<bind>
<opset="weights_2_2_load "/>
</bind>
</comp>

<comp id="1113" class="1005" name="add3_1_reg_1113">
<pin_list>
<pin id="1114" dir="0" index="0" bw="32" slack="1"/>
<pin id="1115" dir="1" index="1" bw="32" slack="1"/>
</pin_list>
<bind>
<opset="add3_1 "/>
</bind>
</comp>

<comp id="1118" class="1005" name="mul1_2_reg_1118">
<pin_list>
<pin id="1119" dir="0" index="0" bw="32" slack="1"/>
<pin id="1120" dir="1" index="1" bw="32" slack="1"/>
</pin_list>
<bind>
<opset="mul1_2 "/>
</bind>
</comp>

<comp id="1123" class="1005" name="weights_2_3_addr_reg_1123">
<pin_list>
<pin id="1124" dir="0" index="0" bw="4" slack="1"/>
<pin id="1125" dir="1" index="1" bw="4" slack="1"/>
</pin_list>
<bind>
<opset="weights_2_3_addr "/>
</bind>
</comp>

<comp id="1128" class="1005" name="weights_2_3_load_reg_1128">
<pin_list>
<pin id="1129" dir="0" index="0" bw="32" slack="1"/>
<pin id="1130" dir="1" index="1" bw="32" slack="1"/>
</pin_list>
<bind>
<opset="weights_2_3_load "/>
</bind>
</comp>

<comp id="1133" class="1005" name="add3_2_reg_1133">
<pin_list>
<pin id="1134" dir="0" index="0" bw="32" slack="1"/>
<pin id="1135" dir="1" index="1" bw="32" slack="1"/>
</pin_list>
<bind>
<opset="add3_2 "/>
</bind>
</comp>

<comp id="1138" class="1005" name="mul1_3_reg_1138">
<pin_list>
<pin id="1139" dir="0" index="0" bw="32" slack="1"/>
<pin id="1140" dir="1" index="1" bw="32" slack="1"/>
</pin_list>
<bind>
<opset="mul1_3 "/>
</bind>
</comp>

<comp id="1143" class="1005" name="weights_2_4_addr_reg_1143">
<pin_list>
<pin id="1144" dir="0" index="0" bw="4" slack="1"/>
<pin id="1145" dir="1" index="1" bw="4" slack="1"/>
</pin_list>
<bind>
<opset="weights_2_4_addr "/>
</bind>
</comp>

<comp id="1148" class="1005" name="weights_2_4_load_reg_1148">
<pin_list>
<pin id="1149" dir="0" index="0" bw="32" slack="1"/>
<pin id="1150" dir="1" index="1" bw="32" slack="1"/>
</pin_list>
<bind>
<opset="weights_2_4_load "/>
</bind>
</comp>

<comp id="1153" class="1005" name="add3_3_reg_1153">
<pin_list>
<pin id="1154" dir="0" index="0" bw="32" slack="1"/>
<pin id="1155" dir="1" index="1" bw="32" slack="1"/>
</pin_list>
<bind>
<opset="add3_3 "/>
</bind>
</comp>

<comp id="1158" class="1005" name="mul1_4_reg_1158">
<pin_list>
<pin id="1159" dir="0" index="0" bw="32" slack="1"/>
<pin id="1160" dir="1" index="1" bw="32" slack="1"/>
</pin_list>
<bind>
<opset="mul1_4 "/>
</bind>
</comp>

<comp id="1163" class="1005" name="weights_2_5_addr_reg_1163">
<pin_list>
<pin id="1164" dir="0" index="0" bw="4" slack="1"/>
<pin id="1165" dir="1" index="1" bw="4" slack="1"/>
</pin_list>
<bind>
<opset="weights_2_5_addr "/>
</bind>
</comp>

<comp id="1168" class="1005" name="weights_2_5_load_reg_1168">
<pin_list>
<pin id="1169" dir="0" index="0" bw="32" slack="1"/>
<pin id="1170" dir="1" index="1" bw="32" slack="1"/>
</pin_list>
<bind>
<opset="weights_2_5_load "/>
</bind>
</comp>

<comp id="1173" class="1005" name="add3_4_reg_1173">
<pin_list>
<pin id="1174" dir="0" index="0" bw="32" slack="1"/>
<pin id="1175" dir="1" index="1" bw="32" slack="1"/>
</pin_list>
<bind>
<opset="add3_4 "/>
</bind>
</comp>

<comp id="1178" class="1005" name="mul1_5_reg_1178">
<pin_list>
<pin id="1179" dir="0" index="0" bw="32" slack="1"/>
<pin id="1180" dir="1" index="1" bw="32" slack="1"/>
</pin_list>
<bind>
<opset="mul1_5 "/>
</bind>
</comp>

<comp id="1183" class="1005" name="weights_2_6_addr_reg_1183">
<pin_list>
<pin id="1184" dir="0" index="0" bw="4" slack="1"/>
<pin id="1185" dir="1" index="1" bw="4" slack="1"/>
</pin_list>
<bind>
<opset="weights_2_6_addr "/>
</bind>
</comp>

<comp id="1188" class="1005" name="weights_2_6_load_reg_1188">
<pin_list>
<pin id="1189" dir="0" index="0" bw="32" slack="1"/>
<pin id="1190" dir="1" index="1" bw="32" slack="1"/>
</pin_list>
<bind>
<opset="weights_2_6_load "/>
</bind>
</comp>

<comp id="1193" class="1005" name="add3_5_reg_1193">
<pin_list>
<pin id="1194" dir="0" index="0" bw="32" slack="1"/>
<pin id="1195" dir="1" index="1" bw="32" slack="1"/>
</pin_list>
<bind>
<opset="add3_5 "/>
</bind>
</comp>

<comp id="1198" class="1005" name="mul1_6_reg_1198">
<pin_list>
<pin id="1199" dir="0" index="0" bw="32" slack="1"/>
<pin id="1200" dir="1" index="1" bw="32" slack="1"/>
</pin_list>
<bind>
<opset="mul1_6 "/>
</bind>
</comp>

<comp id="1203" class="1005" name="weights_2_7_addr_reg_1203">
<pin_list>
<pin id="1204" dir="0" index="0" bw="4" slack="1"/>
<pin id="1205" dir="1" index="1" bw="4" slack="1"/>
</pin_list>
<bind>
<opset="weights_2_7_addr "/>
</bind>
</comp>

<comp id="1208" class="1005" name="weights_2_7_load_reg_1208">
<pin_list>
<pin id="1209" dir="0" index="0" bw="32" slack="1"/>
<pin id="1210" dir="1" index="1" bw="32" slack="1"/>
</pin_list>
<bind>
<opset="weights_2_7_load "/>
</bind>
</comp>

<comp id="1213" class="1005" name="add3_6_reg_1213">
<pin_list>
<pin id="1214" dir="0" index="0" bw="32" slack="1"/>
<pin id="1215" dir="1" index="1" bw="32" slack="1"/>
</pin_list>
<bind>
<opset="add3_6 "/>
</bind>
</comp>

<comp id="1218" class="1005" name="mul1_7_reg_1218">
<pin_list>
<pin id="1219" dir="0" index="0" bw="32" slack="1"/>
<pin id="1220" dir="1" index="1" bw="32" slack="1"/>
</pin_list>
<bind>
<opset="mul1_7 "/>
</bind>
</comp>

<comp id="1223" class="1005" name="weights_2_8_addr_reg_1223">
<pin_list>
<pin id="1224" dir="0" index="0" bw="4" slack="1"/>
<pin id="1225" dir="1" index="1" bw="4" slack="1"/>
</pin_list>
<bind>
<opset="weights_2_8_addr "/>
</bind>
</comp>

<comp id="1228" class="1005" name="weights_2_8_load_reg_1228">
<pin_list>
<pin id="1229" dir="0" index="0" bw="32" slack="1"/>
<pin id="1230" dir="1" index="1" bw="32" slack="1"/>
</pin_list>
<bind>
<opset="weights_2_8_load "/>
</bind>
</comp>

<comp id="1233" class="1005" name="add3_7_reg_1233">
<pin_list>
<pin id="1234" dir="0" index="0" bw="32" slack="1"/>
<pin id="1235" dir="1" index="1" bw="32" slack="1"/>
</pin_list>
<bind>
<opset="add3_7 "/>
</bind>
</comp>

<comp id="1238" class="1005" name="mul1_8_reg_1238">
<pin_list>
<pin id="1239" dir="0" index="0" bw="32" slack="1"/>
<pin id="1240" dir="1" index="1" bw="32" slack="1"/>
</pin_list>
<bind>
<opset="mul1_8 "/>
</bind>
</comp>

<comp id="1243" class="1005" name="weights_2_9_addr_reg_1243">
<pin_list>
<pin id="1244" dir="0" index="0" bw="4" slack="1"/>
<pin id="1245" dir="1" index="1" bw="4" slack="1"/>
</pin_list>
<bind>
<opset="weights_2_9_addr "/>
</bind>
</comp>

<comp id="1248" class="1005" name="weights_2_9_load_reg_1248">
<pin_list>
<pin id="1249" dir="0" index="0" bw="32" slack="1"/>
<pin id="1250" dir="1" index="1" bw="32" slack="1"/>
</pin_list>
<bind>
<opset="weights_2_9_load "/>
</bind>
</comp>

<comp id="1253" class="1005" name="add3_8_reg_1253">
<pin_list>
<pin id="1254" dir="0" index="0" bw="32" slack="1"/>
<pin id="1255" dir="1" index="1" bw="32" slack="1"/>
</pin_list>
<bind>
<opset="add3_8 "/>
</bind>
</comp>

<comp id="1258" class="1005" name="mul1_9_reg_1258">
<pin_list>
<pin id="1259" dir="0" index="0" bw="32" slack="1"/>
<pin id="1260" dir="1" index="1" bw="32" slack="1"/>
</pin_list>
<bind>
<opset="mul1_9 "/>
</bind>
</comp>

<comp id="1263" class="1005" name="weights_2_10_addr_reg_1263">
<pin_list>
<pin id="1264" dir="0" index="0" bw="4" slack="1"/>
<pin id="1265" dir="1" index="1" bw="4" slack="1"/>
</pin_list>
<bind>
<opset="weights_2_10_addr "/>
</bind>
</comp>

<comp id="1268" class="1005" name="weights_2_10_load_reg_1268">
<pin_list>
<pin id="1269" dir="0" index="0" bw="32" slack="1"/>
<pin id="1270" dir="1" index="1" bw="32" slack="1"/>
</pin_list>
<bind>
<opset="weights_2_10_load "/>
</bind>
</comp>

<comp id="1273" class="1005" name="add3_9_reg_1273">
<pin_list>
<pin id="1274" dir="0" index="0" bw="32" slack="1"/>
<pin id="1275" dir="1" index="1" bw="32" slack="1"/>
</pin_list>
<bind>
<opset="add3_9 "/>
</bind>
</comp>

<comp id="1278" class="1005" name="mul1_s_reg_1278">
<pin_list>
<pin id="1279" dir="0" index="0" bw="32" slack="1"/>
<pin id="1280" dir="1" index="1" bw="32" slack="1"/>
</pin_list>
<bind>
<opset="mul1_s "/>
</bind>
</comp>

<comp id="1283" class="1005" name="weights_2_11_addr_reg_1283">
<pin_list>
<pin id="1284" dir="0" index="0" bw="4" slack="1"/>
<pin id="1285" dir="1" index="1" bw="4" slack="1"/>
</pin_list>
<bind>
<opset="weights_2_11_addr "/>
</bind>
</comp>

<comp id="1288" class="1005" name="weights_2_11_load_reg_1288">
<pin_list>
<pin id="1289" dir="0" index="0" bw="32" slack="1"/>
<pin id="1290" dir="1" index="1" bw="32" slack="1"/>
</pin_list>
<bind>
<opset="weights_2_11_load "/>
</bind>
</comp>

<comp id="1293" class="1005" name="add3_s_reg_1293">
<pin_list>
<pin id="1294" dir="0" index="0" bw="32" slack="1"/>
<pin id="1295" dir="1" index="1" bw="32" slack="1"/>
</pin_list>
<bind>
<opset="add3_s "/>
</bind>
</comp>

<comp id="1298" class="1005" name="mul1_10_reg_1298">
<pin_list>
<pin id="1299" dir="0" index="0" bw="32" slack="1"/>
<pin id="1300" dir="1" index="1" bw="32" slack="1"/>
</pin_list>
<bind>
<opset="mul1_10 "/>
</bind>
</comp>

<comp id="1303" class="1005" name="weights_2_12_addr_reg_1303">
<pin_list>
<pin id="1304" dir="0" index="0" bw="4" slack="1"/>
<pin id="1305" dir="1" index="1" bw="4" slack="1"/>
</pin_list>
<bind>
<opset="weights_2_12_addr "/>
</bind>
</comp>

<comp id="1308" class="1005" name="weights_2_12_load_reg_1308">
<pin_list>
<pin id="1309" dir="0" index="0" bw="32" slack="1"/>
<pin id="1310" dir="1" index="1" bw="32" slack="1"/>
</pin_list>
<bind>
<opset="weights_2_12_load "/>
</bind>
</comp>

<comp id="1313" class="1005" name="add3_10_reg_1313">
<pin_list>
<pin id="1314" dir="0" index="0" bw="32" slack="1"/>
<pin id="1315" dir="1" index="1" bw="32" slack="1"/>
</pin_list>
<bind>
<opset="add3_10 "/>
</bind>
</comp>

<comp id="1318" class="1005" name="mul1_11_reg_1318">
<pin_list>
<pin id="1319" dir="0" index="0" bw="32" slack="1"/>
<pin id="1320" dir="1" index="1" bw="32" slack="1"/>
</pin_list>
<bind>
<opset="mul1_11 "/>
</bind>
</comp>

<comp id="1323" class="1005" name="weights_2_13_addr_reg_1323">
<pin_list>
<pin id="1324" dir="0" index="0" bw="4" slack="1"/>
<pin id="1325" dir="1" index="1" bw="4" slack="1"/>
</pin_list>
<bind>
<opset="weights_2_13_addr "/>
</bind>
</comp>

<comp id="1328" class="1005" name="weights_2_13_load_reg_1328">
<pin_list>
<pin id="1329" dir="0" index="0" bw="32" slack="1"/>
<pin id="1330" dir="1" index="1" bw="32" slack="1"/>
</pin_list>
<bind>
<opset="weights_2_13_load "/>
</bind>
</comp>

<comp id="1333" class="1005" name="add3_11_reg_1333">
<pin_list>
<pin id="1334" dir="0" index="0" bw="32" slack="1"/>
<pin id="1335" dir="1" index="1" bw="32" slack="1"/>
</pin_list>
<bind>
<opset="add3_11 "/>
</bind>
</comp>

<comp id="1338" class="1005" name="mul1_12_reg_1338">
<pin_list>
<pin id="1339" dir="0" index="0" bw="32" slack="1"/>
<pin id="1340" dir="1" index="1" bw="32" slack="1"/>
</pin_list>
<bind>
<opset="mul1_12 "/>
</bind>
</comp>

<comp id="1343" class="1005" name="weights_2_14_addr_reg_1343">
<pin_list>
<pin id="1344" dir="0" index="0" bw="4" slack="1"/>
<pin id="1345" dir="1" index="1" bw="4" slack="1"/>
</pin_list>
<bind>
<opset="weights_2_14_addr "/>
</bind>
</comp>

<comp id="1348" class="1005" name="weights_2_14_load_reg_1348">
<pin_list>
<pin id="1349" dir="0" index="0" bw="32" slack="1"/>
<pin id="1350" dir="1" index="1" bw="32" slack="1"/>
</pin_list>
<bind>
<opset="weights_2_14_load "/>
</bind>
</comp>

<comp id="1353" class="1005" name="add3_12_reg_1353">
<pin_list>
<pin id="1354" dir="0" index="0" bw="32" slack="1"/>
<pin id="1355" dir="1" index="1" bw="32" slack="1"/>
</pin_list>
<bind>
<opset="add3_12 "/>
</bind>
</comp>

<comp id="1358" class="1005" name="mul1_13_reg_1358">
<pin_list>
<pin id="1359" dir="0" index="0" bw="32" slack="1"/>
<pin id="1360" dir="1" index="1" bw="32" slack="1"/>
</pin_list>
<bind>
<opset="mul1_13 "/>
</bind>
</comp>

<comp id="1363" class="1005" name="weights_2_15_addr_reg_1363">
<pin_list>
<pin id="1364" dir="0" index="0" bw="4" slack="1"/>
<pin id="1365" dir="1" index="1" bw="4" slack="1"/>
</pin_list>
<bind>
<opset="weights_2_15_addr "/>
</bind>
</comp>

<comp id="1368" class="1005" name="weights_2_15_load_reg_1368">
<pin_list>
<pin id="1369" dir="0" index="0" bw="32" slack="1"/>
<pin id="1370" dir="1" index="1" bw="32" slack="1"/>
</pin_list>
<bind>
<opset="weights_2_15_load "/>
</bind>
</comp>

<comp id="1373" class="1005" name="add3_13_reg_1373">
<pin_list>
<pin id="1374" dir="0" index="0" bw="32" slack="1"/>
<pin id="1375" dir="1" index="1" bw="32" slack="1"/>
</pin_list>
<bind>
<opset="add3_13 "/>
</bind>
</comp>

<comp id="1378" class="1005" name="mul1_14_reg_1378">
<pin_list>
<pin id="1379" dir="0" index="0" bw="32" slack="1"/>
<pin id="1380" dir="1" index="1" bw="32" slack="1"/>
</pin_list>
<bind>
<opset="mul1_14 "/>
</bind>
</comp>

<comp id="1383" class="1005" name="weights_2_16_addr_reg_1383">
<pin_list>
<pin id="1384" dir="0" index="0" bw="4" slack="1"/>
<pin id="1385" dir="1" index="1" bw="4" slack="1"/>
</pin_list>
<bind>
<opset="weights_2_16_addr "/>
</bind>
</comp>

<comp id="1388" class="1005" name="weights_2_16_load_reg_1388">
<pin_list>
<pin id="1389" dir="0" index="0" bw="32" slack="1"/>
<pin id="1390" dir="1" index="1" bw="32" slack="1"/>
</pin_list>
<bind>
<opset="weights_2_16_load "/>
</bind>
</comp>

<comp id="1393" class="1005" name="add3_14_reg_1393">
<pin_list>
<pin id="1394" dir="0" index="0" bw="32" slack="1"/>
<pin id="1395" dir="1" index="1" bw="32" slack="1"/>
</pin_list>
<bind>
<opset="add3_14 "/>
</bind>
</comp>

<comp id="1398" class="1005" name="mul1_15_reg_1398">
<pin_list>
<pin id="1399" dir="0" index="0" bw="32" slack="1"/>
<pin id="1400" dir="1" index="1" bw="32" slack="1"/>
</pin_list>
<bind>
<opset="mul1_15 "/>
</bind>
</comp>

<comp id="1403" class="1005" name="weights_2_17_addr_reg_1403">
<pin_list>
<pin id="1404" dir="0" index="0" bw="4" slack="1"/>
<pin id="1405" dir="1" index="1" bw="4" slack="1"/>
</pin_list>
<bind>
<opset="weights_2_17_addr "/>
</bind>
</comp>

<comp id="1408" class="1005" name="weights_2_17_load_reg_1408">
<pin_list>
<pin id="1409" dir="0" index="0" bw="32" slack="1"/>
<pin id="1410" dir="1" index="1" bw="32" slack="1"/>
</pin_list>
<bind>
<opset="weights_2_17_load "/>
</bind>
</comp>

<comp id="1413" class="1005" name="add3_15_reg_1413">
<pin_list>
<pin id="1414" dir="0" index="0" bw="32" slack="1"/>
<pin id="1415" dir="1" index="1" bw="32" slack="1"/>
</pin_list>
<bind>
<opset="add3_15 "/>
</bind>
</comp>

<comp id="1418" class="1005" name="mul1_16_reg_1418">
<pin_list>
<pin id="1419" dir="0" index="0" bw="32" slack="1"/>
<pin id="1420" dir="1" index="1" bw="32" slack="1"/>
</pin_list>
<bind>
<opset="mul1_16 "/>
</bind>
</comp>

<comp id="1423" class="1005" name="weights_2_18_addr_reg_1423">
<pin_list>
<pin id="1424" dir="0" index="0" bw="4" slack="1"/>
<pin id="1425" dir="1" index="1" bw="4" slack="1"/>
</pin_list>
<bind>
<opset="weights_2_18_addr "/>
</bind>
</comp>

<comp id="1428" class="1005" name="weights_2_18_load_reg_1428">
<pin_list>
<pin id="1429" dir="0" index="0" bw="32" slack="1"/>
<pin id="1430" dir="1" index="1" bw="32" slack="1"/>
</pin_list>
<bind>
<opset="weights_2_18_load "/>
</bind>
</comp>

<comp id="1433" class="1005" name="add3_16_reg_1433">
<pin_list>
<pin id="1434" dir="0" index="0" bw="32" slack="1"/>
<pin id="1435" dir="1" index="1" bw="32" slack="1"/>
</pin_list>
<bind>
<opset="add3_16 "/>
</bind>
</comp>

<comp id="1438" class="1005" name="mul1_17_reg_1438">
<pin_list>
<pin id="1439" dir="0" index="0" bw="32" slack="1"/>
<pin id="1440" dir="1" index="1" bw="32" slack="1"/>
</pin_list>
<bind>
<opset="mul1_17 "/>
</bind>
</comp>

<comp id="1443" class="1005" name="weights_2_19_addr_reg_1443">
<pin_list>
<pin id="1444" dir="0" index="0" bw="4" slack="1"/>
<pin id="1445" dir="1" index="1" bw="4" slack="1"/>
</pin_list>
<bind>
<opset="weights_2_19_addr "/>
</bind>
</comp>

<comp id="1448" class="1005" name="weights_2_19_load_reg_1448">
<pin_list>
<pin id="1449" dir="0" index="0" bw="32" slack="1"/>
<pin id="1450" dir="1" index="1" bw="32" slack="1"/>
</pin_list>
<bind>
<opset="weights_2_19_load "/>
</bind>
</comp>

<comp id="1453" class="1005" name="add3_17_reg_1453">
<pin_list>
<pin id="1454" dir="0" index="0" bw="32" slack="1"/>
<pin id="1455" dir="1" index="1" bw="32" slack="1"/>
</pin_list>
<bind>
<opset="add3_17 "/>
</bind>
</comp>

<comp id="1458" class="1005" name="mul1_18_reg_1458">
<pin_list>
<pin id="1459" dir="0" index="0" bw="32" slack="1"/>
<pin id="1460" dir="1" index="1" bw="32" slack="1"/>
</pin_list>
<bind>
<opset="mul1_18 "/>
</bind>
</comp>

<comp id="1463" class="1005" name="weights_2_20_addr_reg_1463">
<pin_list>
<pin id="1464" dir="0" index="0" bw="4" slack="1"/>
<pin id="1465" dir="1" index="1" bw="4" slack="1"/>
</pin_list>
<bind>
<opset="weights_2_20_addr "/>
</bind>
</comp>

<comp id="1468" class="1005" name="weights_2_20_load_reg_1468">
<pin_list>
<pin id="1469" dir="0" index="0" bw="32" slack="1"/>
<pin id="1470" dir="1" index="1" bw="32" slack="1"/>
</pin_list>
<bind>
<opset="weights_2_20_load "/>
</bind>
</comp>

<comp id="1473" class="1005" name="add3_18_reg_1473">
<pin_list>
<pin id="1474" dir="0" index="0" bw="32" slack="1"/>
<pin id="1475" dir="1" index="1" bw="32" slack="1"/>
</pin_list>
<bind>
<opset="add3_18 "/>
</bind>
</comp>

<comp id="1478" class="1005" name="mul1_19_reg_1478">
<pin_list>
<pin id="1479" dir="0" index="0" bw="32" slack="1"/>
<pin id="1480" dir="1" index="1" bw="32" slack="1"/>
</pin_list>
<bind>
<opset="mul1_19 "/>
</bind>
</comp>

<comp id="1483" class="1005" name="weights_2_21_addr_reg_1483">
<pin_list>
<pin id="1484" dir="0" index="0" bw="4" slack="1"/>
<pin id="1485" dir="1" index="1" bw="4" slack="1"/>
</pin_list>
<bind>
<opset="weights_2_21_addr "/>
</bind>
</comp>

<comp id="1488" class="1005" name="weights_2_21_load_reg_1488">
<pin_list>
<pin id="1489" dir="0" index="0" bw="32" slack="1"/>
<pin id="1490" dir="1" index="1" bw="32" slack="1"/>
</pin_list>
<bind>
<opset="weights_2_21_load "/>
</bind>
</comp>

<comp id="1493" class="1005" name="add3_19_reg_1493">
<pin_list>
<pin id="1494" dir="0" index="0" bw="32" slack="1"/>
<pin id="1495" dir="1" index="1" bw="32" slack="1"/>
</pin_list>
<bind>
<opset="add3_19 "/>
</bind>
</comp>

<comp id="1498" class="1005" name="mul1_20_reg_1498">
<pin_list>
<pin id="1499" dir="0" index="0" bw="32" slack="1"/>
<pin id="1500" dir="1" index="1" bw="32" slack="1"/>
</pin_list>
<bind>
<opset="mul1_20 "/>
</bind>
</comp>

<comp id="1503" class="1005" name="weights_2_22_addr_reg_1503">
<pin_list>
<pin id="1504" dir="0" index="0" bw="4" slack="1"/>
<pin id="1505" dir="1" index="1" bw="4" slack="1"/>
</pin_list>
<bind>
<opset="weights_2_22_addr "/>
</bind>
</comp>

<comp id="1508" class="1005" name="weights_2_22_load_reg_1508">
<pin_list>
<pin id="1509" dir="0" index="0" bw="32" slack="1"/>
<pin id="1510" dir="1" index="1" bw="32" slack="1"/>
</pin_list>
<bind>
<opset="weights_2_22_load "/>
</bind>
</comp>

<comp id="1513" class="1005" name="add3_20_reg_1513">
<pin_list>
<pin id="1514" dir="0" index="0" bw="32" slack="1"/>
<pin id="1515" dir="1" index="1" bw="32" slack="1"/>
</pin_list>
<bind>
<opset="add3_20 "/>
</bind>
</comp>

<comp id="1518" class="1005" name="mul1_21_reg_1518">
<pin_list>
<pin id="1519" dir="0" index="0" bw="32" slack="1"/>
<pin id="1520" dir="1" index="1" bw="32" slack="1"/>
</pin_list>
<bind>
<opset="mul1_21 "/>
</bind>
</comp>

<comp id="1523" class="1005" name="weights_2_23_addr_reg_1523">
<pin_list>
<pin id="1524" dir="0" index="0" bw="4" slack="1"/>
<pin id="1525" dir="1" index="1" bw="4" slack="1"/>
</pin_list>
<bind>
<opset="weights_2_23_addr "/>
</bind>
</comp>

<comp id="1528" class="1005" name="weights_2_23_load_reg_1528">
<pin_list>
<pin id="1529" dir="0" index="0" bw="32" slack="1"/>
<pin id="1530" dir="1" index="1" bw="32" slack="1"/>
</pin_list>
<bind>
<opset="weights_2_23_load "/>
</bind>
</comp>

<comp id="1533" class="1005" name="add3_21_reg_1533">
<pin_list>
<pin id="1534" dir="0" index="0" bw="32" slack="1"/>
<pin id="1535" dir="1" index="1" bw="32" slack="1"/>
</pin_list>
<bind>
<opset="add3_21 "/>
</bind>
</comp>

<comp id="1538" class="1005" name="mul1_22_reg_1538">
<pin_list>
<pin id="1539" dir="0" index="0" bw="32" slack="1"/>
<pin id="1540" dir="1" index="1" bw="32" slack="1"/>
</pin_list>
<bind>
<opset="mul1_22 "/>
</bind>
</comp>

<comp id="1543" class="1005" name="add3_22_reg_1543">
<pin_list>
<pin id="1544" dir="0" index="0" bw="32" slack="1"/>
<pin id="1545" dir="1" index="1" bw="32" slack="1"/>
</pin_list>
<bind>
<opset="add3_22 "/>
</bind>
</comp>

<comp id="1548" class="1005" name="hidden_bias_2_addr_reg_1548">
<pin_list>
<pin id="1549" dir="0" index="0" bw="4" slack="1"/>
<pin id="1550" dir="1" index="1" bw="4" slack="1"/>
</pin_list>
<bind>
<opset="hidden_bias_2_addr "/>
</bind>
</comp>

<comp id="1553" class="1005" name="hidden_bias_2_load_reg_1553">
<pin_list>
<pin id="1554" dir="0" index="0" bw="32" slack="1"/>
<pin id="1555" dir="1" index="1" bw="32" slack="1"/>
</pin_list>
<bind>
<opset="hidden_bias_2_load "/>
</bind>
</comp>

<comp id="1558" class="1005" name="add2_reg_1558">
<pin_list>
<pin id="1559" dir="0" index="0" bw="32" slack="1"/>
<pin id="1560" dir="1" index="1" bw="32" slack="1"/>
</pin_list>
<bind>
<opset="add2 "/>
</bind>
</comp>

</comp_list>

<net_list>
<net id="143"><net_src comp="100" pin="0"/><net_sink comp="140" pin=0"/></net>

<net id="148"><net_src comp="102" pin="0"/><net_sink comp="144" pin=0"/></net>

<net id="149"><net_src comp="48" pin="0"/><net_sink comp="144" pin=1"/></net>

<net id="154"><net_src comp="102" pin="0"/><net_sink comp="150" pin=0"/></net>

<net id="155"><net_src comp="46" pin="0"/><net_sink comp="150" pin=1"/></net>

<net id="160"><net_src comp="102" pin="0"/><net_sink comp="156" pin=0"/></net>

<net id="161"><net_src comp="44" pin="0"/><net_sink comp="156" pin=1"/></net>

<net id="166"><net_src comp="102" pin="0"/><net_sink comp="162" pin=0"/></net>

<net id="167"><net_src comp="42" pin="0"/><net_sink comp="162" pin=1"/></net>

<net id="172"><net_src comp="102" pin="0"/><net_sink comp="168" pin=0"/></net>

<net id="173"><net_src comp="40" pin="0"/><net_sink comp="168" pin=1"/></net>

<net id="178"><net_src comp="102" pin="0"/><net_sink comp="174" pin=0"/></net>

<net id="179"><net_src comp="38" pin="0"/><net_sink comp="174" pin=1"/></net>

<net id="184"><net_src comp="102" pin="0"/><net_sink comp="180" pin=0"/></net>

<net id="185"><net_src comp="36" pin="0"/><net_sink comp="180" pin=1"/></net>

<net id="190"><net_src comp="102" pin="0"/><net_sink comp="186" pin=0"/></net>

<net id="191"><net_src comp="34" pin="0"/><net_sink comp="186" pin=1"/></net>

<net id="196"><net_src comp="102" pin="0"/><net_sink comp="192" pin=0"/></net>

<net id="197"><net_src comp="32" pin="0"/><net_sink comp="192" pin=1"/></net>

<net id="202"><net_src comp="102" pin="0"/><net_sink comp="198" pin=0"/></net>

<net id="203"><net_src comp="30" pin="0"/><net_sink comp="198" pin=1"/></net>

<net id="208"><net_src comp="102" pin="0"/><net_sink comp="204" pin=0"/></net>

<net id="209"><net_src comp="28" pin="0"/><net_sink comp="204" pin=1"/></net>

<net id="214"><net_src comp="102" pin="0"/><net_sink comp="210" pin=0"/></net>

<net id="215"><net_src comp="26" pin="0"/><net_sink comp="210" pin=1"/></net>

<net id="220"><net_src comp="102" pin="0"/><net_sink comp="216" pin=0"/></net>

<net id="221"><net_src comp="24" pin="0"/><net_sink comp="216" pin=1"/></net>

<net id="226"><net_src comp="102" pin="0"/><net_sink comp="222" pin=0"/></net>

<net id="227"><net_src comp="22" pin="0"/><net_sink comp="222" pin=1"/></net>

<net id="232"><net_src comp="102" pin="0"/><net_sink comp="228" pin=0"/></net>

<net id="233"><net_src comp="20" pin="0"/><net_sink comp="228" pin=1"/></net>

<net id="238"><net_src comp="102" pin="0"/><net_sink comp="234" pin=0"/></net>

<net id="239"><net_src comp="18" pin="0"/><net_sink comp="234" pin=1"/></net>

<net id="244"><net_src comp="102" pin="0"/><net_sink comp="240" pin=0"/></net>

<net id="245"><net_src comp="16" pin="0"/><net_sink comp="240" pin=1"/></net>

<net id="250"><net_src comp="102" pin="0"/><net_sink comp="246" pin=0"/></net>

<net id="251"><net_src comp="14" pin="0"/><net_sink comp="246" pin=1"/></net>

<net id="256"><net_src comp="102" pin="0"/><net_sink comp="252" pin=0"/></net>

<net id="257"><net_src comp="12" pin="0"/><net_sink comp="252" pin=1"/></net>

<net id="262"><net_src comp="102" pin="0"/><net_sink comp="258" pin=0"/></net>

<net id="263"><net_src comp="10" pin="0"/><net_sink comp="258" pin=1"/></net>

<net id="268"><net_src comp="102" pin="0"/><net_sink comp="264" pin=0"/></net>

<net id="269"><net_src comp="8" pin="0"/><net_sink comp="264" pin=1"/></net>

<net id="274"><net_src comp="102" pin="0"/><net_sink comp="270" pin=0"/></net>

<net id="275"><net_src comp="6" pin="0"/><net_sink comp="270" pin=1"/></net>

<net id="280"><net_src comp="102" pin="0"/><net_sink comp="276" pin=0"/></net>

<net id="281"><net_src comp="4" pin="0"/><net_sink comp="276" pin=1"/></net>

<net id="286"><net_src comp="102" pin="0"/><net_sink comp="282" pin=0"/></net>

<net id="287"><net_src comp="2" pin="0"/><net_sink comp="282" pin=1"/></net>

<net id="293"><net_src comp="50" pin="0"/><net_sink comp="288" pin=0"/></net>

<net id="294"><net_src comp="122" pin="0"/><net_sink comp="288" pin=1"/></net>

<net id="300"><net_src comp="288" pin="3"/><net_sink comp="295" pin=0"/></net>

<net id="306"><net_src comp="52" pin="0"/><net_sink comp="301" pin=0"/></net>

<net id="307"><net_src comp="122" pin="0"/><net_sink comp="301" pin=1"/></net>

<net id="313"><net_src comp="301" pin="3"/><net_sink comp="308" pin=0"/></net>

<net id="319"><net_src comp="54" pin="0"/><net_sink comp="314" pin=0"/></net>

<net id="320"><net_src comp="122" pin="0"/><net_sink comp="314" pin=1"/></net>

<net id="326"><net_src comp="314" pin="3"/><net_sink comp="321" pin=0"/></net>

<net id="332"><net_src comp="56" pin="0"/><net_sink comp="327" pin=0"/></net>

<net id="333"><net_src comp="122" pin="0"/><net_sink comp="327" pin=1"/></net>

<net id="339"><net_src comp="327" pin="3"/><net_sink comp="334" pin=0"/></net>

<net id="345"><net_src comp="58" pin="0"/><net_sink comp="340" pin=0"/></net>

<net id="346"><net_src comp="122" pin="0"/><net_sink comp="340" pin=1"/></net>

<net id="352"><net_src comp="340" pin="3"/><net_sink comp="347" pin=0"/></net>

<net id="358"><net_src comp="60" pin="0"/><net_sink comp="353" pin=0"/></net>

<net id="359"><net_src comp="122" pin="0"/><net_sink comp="353" pin=1"/></net>

<net id="365"><net_src comp="353" pin="3"/><net_sink comp="360" pin=0"/></net>

<net id="371"><net_src comp="62" pin="0"/><net_sink comp="366" pin=0"/></net>

<net id="372"><net_src comp="122" pin="0"/><net_sink comp="366" pin=1"/></net>

<net id="378"><net_src comp="366" pin="3"/><net_sink comp="373" pin=0"/></net>

<net id="384"><net_src comp="64" pin="0"/><net_sink comp="379" pin=0"/></net>

<net id="385"><net_src comp="122" pin="0"/><net_sink comp="379" pin=1"/></net>

<net id="391"><net_src comp="379" pin="3"/><net_sink comp="386" pin=0"/></net>

<net id="397"><net_src comp="66" pin="0"/><net_sink comp="392" pin=0"/></net>

<net id="398"><net_src comp="122" pin="0"/><net_sink comp="392" pin=1"/></net>

<net id="404"><net_src comp="392" pin="3"/><net_sink comp="399" pin=0"/></net>

<net id="410"><net_src comp="68" pin="0"/><net_sink comp="405" pin=0"/></net>

<net id="411"><net_src comp="122" pin="0"/><net_sink comp="405" pin=1"/></net>

<net id="417"><net_src comp="405" pin="3"/><net_sink comp="412" pin=0"/></net>

<net id="423"><net_src comp="70" pin="0"/><net_sink comp="418" pin=0"/></net>

<net id="424"><net_src comp="122" pin="0"/><net_sink comp="418" pin=1"/></net>

<net id="430"><net_src comp="418" pin="3"/><net_sink comp="425" pin=0"/></net>

<net id="436"><net_src comp="72" pin="0"/><net_sink comp="431" pin=0"/></net>

<net id="437"><net_src comp="122" pin="0"/><net_sink comp="431" pin=1"/></net>

<net id="443"><net_src comp="431" pin="3"/><net_sink comp="438" pin=0"/></net>

<net id="449"><net_src comp="74" pin="0"/><net_sink comp="444" pin=0"/></net>

<net id="450"><net_src comp="122" pin="0"/><net_sink comp="444" pin=1"/></net>

<net id="456"><net_src comp="444" pin="3"/><net_sink comp="451" pin=0"/></net>

<net id="462"><net_src comp="76" pin="0"/><net_sink comp="457" pin=0"/></net>

<net id="463"><net_src comp="122" pin="0"/><net_sink comp="457" pin=1"/></net>

<net id="469"><net_src comp="457" pin="3"/><net_sink comp="464" pin=0"/></net>

<net id="475"><net_src comp="78" pin="0"/><net_sink comp="470" pin=0"/></net>

<net id="476"><net_src comp="122" pin="0"/><net_sink comp="470" pin=1"/></net>

<net id="482"><net_src comp="470" pin="3"/><net_sink comp="477" pin=0"/></net>

<net id="488"><net_src comp="80" pin="0"/><net_sink comp="483" pin=0"/></net>

<net id="489"><net_src comp="122" pin="0"/><net_sink comp="483" pin=1"/></net>

<net id="495"><net_src comp="483" pin="3"/><net_sink comp="490" pin=0"/></net>

<net id="501"><net_src comp="82" pin="0"/><net_sink comp="496" pin=0"/></net>

<net id="502"><net_src comp="122" pin="0"/><net_sink comp="496" pin=1"/></net>

<net id="508"><net_src comp="496" pin="3"/><net_sink comp="503" pin=0"/></net>

<net id="514"><net_src comp="84" pin="0"/><net_sink comp="509" pin=0"/></net>

<net id="515"><net_src comp="122" pin="0"/><net_sink comp="509" pin=1"/></net>

<net id="521"><net_src comp="509" pin="3"/><net_sink comp="516" pin=0"/></net>

<net id="527"><net_src comp="86" pin="0"/><net_sink comp="522" pin=0"/></net>

<net id="528"><net_src comp="122" pin="0"/><net_sink comp="522" pin=1"/></net>

<net id="534"><net_src comp="522" pin="3"/><net_sink comp="529" pin=0"/></net>

<net id="540"><net_src comp="88" pin="0"/><net_sink comp="535" pin=0"/></net>

<net id="541"><net_src comp="122" pin="0"/><net_sink comp="535" pin=1"/></net>

<net id="547"><net_src comp="535" pin="3"/><net_sink comp="542" pin=0"/></net>

<net id="553"><net_src comp="90" pin="0"/><net_sink comp="548" pin=0"/></net>

<net id="554"><net_src comp="122" pin="0"/><net_sink comp="548" pin=1"/></net>

<net id="560"><net_src comp="548" pin="3"/><net_sink comp="555" pin=0"/></net>

<net id="566"><net_src comp="92" pin="0"/><net_sink comp="561" pin=0"/></net>

<net id="567"><net_src comp="122" pin="0"/><net_sink comp="561" pin=1"/></net>

<net id="573"><net_src comp="561" pin="3"/><net_sink comp="568" pin=0"/></net>

<net id="579"><net_src comp="94" pin="0"/><net_sink comp="574" pin=0"/></net>

<net id="580"><net_src comp="122" pin="0"/><net_sink comp="574" pin=1"/></net>

<net id="586"><net_src comp="574" pin="3"/><net_sink comp="581" pin=0"/></net>

<net id="592"><net_src comp="96" pin="0"/><net_sink comp="587" pin=0"/></net>

<net id="593"><net_src comp="122" pin="0"/><net_sink comp="587" pin=1"/></net>

<net id="599"><net_src comp="587" pin="3"/><net_sink comp="594" pin=0"/></net>

<net id="605"><net_src comp="98" pin="0"/><net_sink comp="600" pin=0"/></net>

<net id="606"><net_src comp="122" pin="0"/><net_sink comp="600" pin=1"/></net>

<net id="612"><net_src comp="600" pin="3"/><net_sink comp="607" pin=0"/></net>

<net id="618"><net_src comp="0" pin="0"/><net_sink comp="613" pin=0"/></net>

<net id="619"><net_src comp="122" pin="0"/><net_sink comp="613" pin=1"/></net>

<net id="625"><net_src comp="613" pin="3"/><net_sink comp="620" pin=0"/></net>

<net id="630"><net_src comp="124" pin="0"/><net_sink comp="626" pin=1"/></net>

<net id="727"><net_src comp="607" pin="3"/><net_sink comp="723" pin=1"/></net>

<net id="828"><net_src comp="124" pin="0"/><net_sink comp="824" pin=1"/></net>

<net id="833"><net_src comp="104" pin="0"/><net_sink comp="829" pin=0"/></net>

<net id="841"><net_src comp="834" pin="1"/><net_sink comp="837" pin=0"/></net>

<net id="842"><net_src comp="114" pin="0"/><net_sink comp="837" pin=1"/></net>

<net id="847"><net_src comp="834" pin="1"/><net_sink comp="843" pin=0"/></net>

<net id="848"><net_src comp="120" pin="0"/><net_sink comp="843" pin=1"/></net>

<net id="852"><net_src comp="834" pin="1"/><net_sink comp="849" pin=0"/></net>

<net id="853"><net_src comp="849" pin="1"/><net_sink comp="288" pin=2"/></net>

<net id="858"><net_src comp="843" pin="2"/><net_sink comp="854" pin=0"/></net>

<net id="868"><net_src comp="130" pin="0"/><net_sink comp="862" pin=0"/></net>

<net id="869"><net_src comp="859" pin="1"/><net_sink comp="862" pin=1"/></net>

<net id="870"><net_src comp="132" pin="0"/><net_sink comp="862" pin=2"/></net>

<net id="871"><net_src comp="134" pin="0"/><net_sink comp="862" pin=3"/></net>

<net id="875"><net_src comp="859" pin="1"/><net_sink comp="872" pin=0"/></net>

<net id="880"><net_src comp="862" pin="4"/><net_sink comp="876" pin=0"/></net>

<net id="881"><net_src comp="136" pin="0"/><net_sink comp="876" pin=1"/></net>

<net id="886"><net_src comp="872" pin="1"/><net_sink comp="882" pin=0"/></net>

<net id="887"><net_src comp="138" pin="0"/><net_sink comp="882" pin=1"/></net>

<net id="892"><net_src comp="882" pin="2"/><net_sink comp="888" pin=0"/></net>

<net id="893"><net_src comp="876" pin="2"/><net_sink comp="888" pin=1"/></net>

<net id="898"><net_src comp="888" pin="2"/><net_sink comp="894" pin=0"/></net>

<net id="899"><net_src comp="824" pin="2"/><net_sink comp="894" pin=1"/></net>

<net id="905"><net_src comp="894" pin="2"/><net_sink comp="900" pin=0"/></net>

<net id="906"><net_src comp="124" pin="0"/><net_sink comp="900" pin=1"/></net>

<net id="907"><net_src comp="900" pin="3"/><net_sink comp="620" pin=1"/></net>

<net id="911"><net_src comp="140" pin="1"/><net_sink comp="908" pin=0"/></net>

<net id="912"><net_src comp="908" pin="1"/><net_sink comp="829" pin=1"/></net>

<net id="913"><net_src comp="908" pin="1"/><net_sink comp="834" pin=0"/></net>

<net id="914"><net_src comp="908" pin="1"/><net_sink comp="854" pin=1"/></net>

<net id="918"><net_src comp="144" pin="2"/><net_sink comp="915" pin=0"/></net>

<net id="919"><net_src comp="915" pin="1"/><net_sink comp="820" pin=0"/></net>

<net id="923"><net_src comp="150" pin="2"/><net_sink comp="920" pin=0"/></net>

<net id="924"><net_src comp="920" pin="1"/><net_sink comp="816" pin=0"/></net>

<net id="928"><net_src comp="156" pin="2"/><net_sink comp="925" pin=0"/></net>

<net id="929"><net_src comp="925" pin="1"/><net_sink comp="812" pin=0"/></net>

<net id="933"><net_src comp="162" pin="2"/><net_sink comp="930" pin=0"/></net>

<net id="934"><net_src comp="930" pin="1"/><net_sink comp="808" pin=0"/></net>

<net id="938"><net_src comp="168" pin="2"/><net_sink comp="935" pin=0"/></net>

<net id="939"><net_src comp="935" pin="1"/><net_sink comp="804" pin=0"/></net>

<net id="943"><net_src comp="174" pin="2"/><net_sink comp="940" pin=0"/></net>

<net id="944"><net_src comp="940" pin="1"/><net_sink comp="800" pin=0"/></net>

<net id="948"><net_src comp="180" pin="2"/><net_sink comp="945" pin=0"/></net>

<net id="949"><net_src comp="945" pin="1"/><net_sink comp="796" pin=0"/></net>

<net id="953"><net_src comp="186" pin="2"/><net_sink comp="950" pin=0"/></net>

<net id="954"><net_src comp="950" pin="1"/><net_sink comp="792" pin=0"/></net>

<net id="958"><net_src comp="192" pin="2"/><net_sink comp="955" pin=0"/></net>

<net id="959"><net_src comp="955" pin="1"/><net_sink comp="788" pin=0"/></net>

<net id="963"><net_src comp="198" pin="2"/><net_sink comp="960" pin=0"/></net>

<net id="964"><net_src comp="960" pin="1"/><net_sink comp="784" pin=0"/></net>

<net id="968"><net_src comp="204" pin="2"/><net_sink comp="965" pin=0"/></net>

<net id="969"><net_src comp="965" pin="1"/><net_sink comp="780" pin=0"/></net>

<net id="973"><net_src comp="210" pin="2"/><net_sink comp="970" pin=0"/></net>

<net id="974"><net_src comp="970" pin="1"/><net_sink comp="776" pin=0"/></net>

<net id="978"><net_src comp="216" pin="2"/><net_sink comp="975" pin=0"/></net>

<net id="979"><net_src comp="975" pin="1"/><net_sink comp="772" pin=0"/></net>

<net id="983"><net_src comp="222" pin="2"/><net_sink comp="980" pin=0"/></net>

<net id="984"><net_src comp="980" pin="1"/><net_sink comp="768" pin=0"/></net>

<net id="988"><net_src comp="228" pin="2"/><net_sink comp="985" pin=0"/></net>

<net id="989"><net_src comp="985" pin="1"/><net_sink comp="764" pin=0"/></net>

<net id="993"><net_src comp="234" pin="2"/><net_sink comp="990" pin=0"/></net>

<net id="994"><net_src comp="990" pin="1"/><net_sink comp="760" pin=0"/></net>

<net id="998"><net_src comp="240" pin="2"/><net_sink comp="995" pin=0"/></net>

<net id="999"><net_src comp="995" pin="1"/><net_sink comp="756" pin=0"/></net>

<net id="1003"><net_src comp="246" pin="2"/><net_sink comp="1000" pin=0"/></net>

<net id="1004"><net_src comp="1000" pin="1"/><net_sink comp="752" pin=0"/></net>

<net id="1008"><net_src comp="252" pin="2"/><net_sink comp="1005" pin=0"/></net>

<net id="1009"><net_src comp="1005" pin="1"/><net_sink comp="748" pin=0"/></net>

<net id="1013"><net_src comp="258" pin="2"/><net_sink comp="1010" pin=0"/></net>

<net id="1014"><net_src comp="1010" pin="1"/><net_sink comp="744" pin=0"/></net>

<net id="1018"><net_src comp="264" pin="2"/><net_sink comp="1015" pin=0"/></net>

<net id="1019"><net_src comp="1015" pin="1"/><net_sink comp="740" pin=0"/></net>

<net id="1023"><net_src comp="270" pin="2"/><net_sink comp="1020" pin=0"/></net>

<net id="1024"><net_src comp="1020" pin="1"/><net_sink comp="736" pin=0"/></net>

<net id="1028"><net_src comp="276" pin="2"/><net_sink comp="1025" pin=0"/></net>

<net id="1029"><net_src comp="1025" pin="1"/><net_sink comp="732" pin=0"/></net>

<net id="1033"><net_src comp="282" pin="2"/><net_sink comp="1030" pin=0"/></net>

<net id="1034"><net_src comp="1030" pin="1"/><net_sink comp="728" pin=0"/></net>

<net id="1038"><net_src comp="837" pin="2"/><net_sink comp="1035" pin=0"/></net>

<net id="1042"><net_src comp="849" pin="1"/><net_sink comp="1039" pin=0"/></net>

<net id="1043"><net_src comp="1039" pin="1"/><net_sink comp="301" pin=2"/></net>

<net id="1044"><net_src comp="1039" pin="1"/><net_sink comp="314" pin=2"/></net>

<net id="1045"><net_src comp="1039" pin="1"/><net_sink comp="327" pin=2"/></net>

<net id="1046"><net_src comp="1039" pin="1"/><net_sink comp="340" pin=2"/></net>

<net id="1047"><net_src comp="1039" pin="1"/><net_sink comp="353" pin=2"/></net>

<net id="1048"><net_src comp="1039" pin="1"/><net_sink comp="366" pin=2"/></net>

<net id="1049"><net_src comp="1039" pin="1"/><net_sink comp="379" pin=2"/></net>

<net id="1050"><net_src comp="1039" pin="1"/><net_sink comp="392" pin=2"/></net>

<net id="1051"><net_src comp="1039" pin="1"/><net_sink comp="405" pin=2"/></net>

<net id="1052"><net_src comp="1039" pin="1"/><net_sink comp="418" pin=2"/></net>

<net id="1053"><net_src comp="1039" pin="1"/><net_sink comp="431" pin=2"/></net>

<net id="1054"><net_src comp="1039" pin="1"/><net_sink comp="444" pin=2"/></net>

<net id="1055"><net_src comp="1039" pin="1"/><net_sink comp="457" pin=2"/></net>

<net id="1056"><net_src comp="1039" pin="1"/><net_sink comp="470" pin=2"/></net>

<net id="1057"><net_src comp="1039" pin="1"/><net_sink comp="483" pin=2"/></net>

<net id="1058"><net_src comp="1039" pin="1"/><net_sink comp="496" pin=2"/></net>

<net id="1059"><net_src comp="1039" pin="1"/><net_sink comp="509" pin=2"/></net>

<net id="1060"><net_src comp="1039" pin="1"/><net_sink comp="522" pin=2"/></net>

<net id="1061"><net_src comp="1039" pin="1"/><net_sink comp="535" pin=2"/></net>

<net id="1062"><net_src comp="1039" pin="1"/><net_sink comp="548" pin=2"/></net>

<net id="1063"><net_src comp="1039" pin="1"/><net_sink comp="561" pin=2"/></net>

<net id="1064"><net_src comp="1039" pin="1"/><net_sink comp="574" pin=2"/></net>

<net id="1065"><net_src comp="1039" pin="1"/><net_sink comp="587" pin=2"/></net>

<net id="1066"><net_src comp="1039" pin="1"/><net_sink comp="600" pin=2"/></net>

<net id="1067"><net_src comp="1039" pin="1"/><net_sink comp="613" pin=2"/></net>

<net id="1071"><net_src comp="288" pin="3"/><net_sink comp="1068" pin=0"/></net>

<net id="1072"><net_src comp="1068" pin="1"/><net_sink comp="295" pin=0"/></net>

<net id="1076"><net_src comp="295" pin="3"/><net_sink comp="1073" pin=0"/></net>

<net id="1077"><net_src comp="1073" pin="1"/><net_sink comp="728" pin=1"/></net>

<net id="1081"><net_src comp="728" pin="2"/><net_sink comp="1078" pin=0"/></net>

<net id="1082"><net_src comp="1078" pin="1"/><net_sink comp="626" pin=0"/></net>

<net id="1086"><net_src comp="301" pin="3"/><net_sink comp="1083" pin=0"/></net>

<net id="1087"><net_src comp="1083" pin="1"/><net_sink comp="308" pin=0"/></net>

<net id="1091"><net_src comp="308" pin="3"/><net_sink comp="1088" pin=0"/></net>

<net id="1092"><net_src comp="1088" pin="1"/><net_sink comp="732" pin=1"/></net>

<net id="1096"><net_src comp="626" pin="2"/><net_sink comp="1093" pin=0"/></net>

<net id="1097"><net_src comp="1093" pin="1"/><net_sink comp="631" pin=0"/></net>

<net id="1101"><net_src comp="732" pin="2"/><net_sink comp="1098" pin=0"/></net>

<net id="1102"><net_src comp="1098" pin="1"/><net_sink comp="631" pin=1"/></net>

<net id="1106"><net_src comp="314" pin="3"/><net_sink comp="1103" pin=0"/></net>

<net id="1107"><net_src comp="1103" pin="1"/><net_sink comp="321" pin=0"/></net>

<net id="1111"><net_src comp="321" pin="3"/><net_sink comp="1108" pin=0"/></net>

<net id="1112"><net_src comp="1108" pin="1"/><net_sink comp="736" pin=1"/></net>

<net id="1116"><net_src comp="631" pin="2"/><net_sink comp="1113" pin=0"/></net>

<net id="1117"><net_src comp="1113" pin="1"/><net_sink comp="635" pin=0"/></net>

<net id="1121"><net_src comp="736" pin="2"/><net_sink comp="1118" pin=0"/></net>

<net id="1122"><net_src comp="1118" pin="1"/><net_sink comp="635" pin=1"/></net>

<net id="1126"><net_src comp="327" pin="3"/><net_sink comp="1123" pin=0"/></net>

<net id="1127"><net_src comp="1123" pin="1"/><net_sink comp="334" pin=0"/></net>

<net id="1131"><net_src comp="334" pin="3"/><net_sink comp="1128" pin=0"/></net>

<net id="1132"><net_src comp="1128" pin="1"/><net_sink comp="740" pin=1"/></net>

<net id="1136"><net_src comp="635" pin="2"/><net_sink comp="1133" pin=0"/></net>

<net id="1137"><net_src comp="1133" pin="1"/><net_sink comp="639" pin=0"/></net>

<net id="1141"><net_src comp="740" pin="2"/><net_sink comp="1138" pin=0"/></net>

<net id="1142"><net_src comp="1138" pin="1"/><net_sink comp="639" pin=1"/></net>

<net id="1146"><net_src comp="340" pin="3"/><net_sink comp="1143" pin=0"/></net>

<net id="1147"><net_src comp="1143" pin="1"/><net_sink comp="347" pin=0"/></net>

<net id="1151"><net_src comp="347" pin="3"/><net_sink comp="1148" pin=0"/></net>

<net id="1152"><net_src comp="1148" pin="1"/><net_sink comp="744" pin=1"/></net>

<net id="1156"><net_src comp="639" pin="2"/><net_sink comp="1153" pin=0"/></net>

<net id="1157"><net_src comp="1153" pin="1"/><net_sink comp="643" pin=0"/></net>

<net id="1161"><net_src comp="744" pin="2"/><net_sink comp="1158" pin=0"/></net>

<net id="1162"><net_src comp="1158" pin="1"/><net_sink comp="643" pin=1"/></net>

<net id="1166"><net_src comp="353" pin="3"/><net_sink comp="1163" pin=0"/></net>

<net id="1167"><net_src comp="1163" pin="1"/><net_sink comp="360" pin=0"/></net>

<net id="1171"><net_src comp="360" pin="3"/><net_sink comp="1168" pin=0"/></net>

<net id="1172"><net_src comp="1168" pin="1"/><net_sink comp="748" pin=1"/></net>

<net id="1176"><net_src comp="643" pin="2"/><net_sink comp="1173" pin=0"/></net>

<net id="1177"><net_src comp="1173" pin="1"/><net_sink comp="647" pin=0"/></net>

<net id="1181"><net_src comp="748" pin="2"/><net_sink comp="1178" pin=0"/></net>

<net id="1182"><net_src comp="1178" pin="1"/><net_sink comp="647" pin=1"/></net>

<net id="1186"><net_src comp="366" pin="3"/><net_sink comp="1183" pin=0"/></net>

<net id="1187"><net_src comp="1183" pin="1"/><net_sink comp="373" pin=0"/></net>

<net id="1191"><net_src comp="373" pin="3"/><net_sink comp="1188" pin=0"/></net>

<net id="1192"><net_src comp="1188" pin="1"/><net_sink comp="752" pin=1"/></net>

<net id="1196"><net_src comp="647" pin="2"/><net_sink comp="1193" pin=0"/></net>

<net id="1197"><net_src comp="1193" pin="1"/><net_sink comp="651" pin=0"/></net>

<net id="1201"><net_src comp="752" pin="2"/><net_sink comp="1198" pin=0"/></net>

<net id="1202"><net_src comp="1198" pin="1"/><net_sink comp="651" pin=1"/></net>

<net id="1206"><net_src comp="379" pin="3"/><net_sink comp="1203" pin=0"/></net>

<net id="1207"><net_src comp="1203" pin="1"/><net_sink comp="386" pin=0"/></net>

<net id="1211"><net_src comp="386" pin="3"/><net_sink comp="1208" pin=0"/></net>

<net id="1212"><net_src comp="1208" pin="1"/><net_sink comp="756" pin=1"/></net>

<net id="1216"><net_src comp="651" pin="2"/><net_sink comp="1213" pin=0"/></net>

<net id="1217"><net_src comp="1213" pin="1"/><net_sink comp="655" pin=0"/></net>

<net id="1221"><net_src comp="756" pin="2"/><net_sink comp="1218" pin=0"/></net>

<net id="1222"><net_src comp="1218" pin="1"/><net_sink comp="655" pin=1"/></net>

<net id="1226"><net_src comp="392" pin="3"/><net_sink comp="1223" pin=0"/></net>

<net id="1227"><net_src comp="1223" pin="1"/><net_sink comp="399" pin=0"/></net>

<net id="1231"><net_src comp="399" pin="3"/><net_sink comp="1228" pin=0"/></net>

<net id="1232"><net_src comp="1228" pin="1"/><net_sink comp="760" pin=1"/></net>

<net id="1236"><net_src comp="655" pin="2"/><net_sink comp="1233" pin=0"/></net>

<net id="1237"><net_src comp="1233" pin="1"/><net_sink comp="659" pin=0"/></net>

<net id="1241"><net_src comp="760" pin="2"/><net_sink comp="1238" pin=0"/></net>

<net id="1242"><net_src comp="1238" pin="1"/><net_sink comp="659" pin=1"/></net>

<net id="1246"><net_src comp="405" pin="3"/><net_sink comp="1243" pin=0"/></net>

<net id="1247"><net_src comp="1243" pin="1"/><net_sink comp="412" pin=0"/></net>

<net id="1251"><net_src comp="412" pin="3"/><net_sink comp="1248" pin=0"/></net>

<net id="1252"><net_src comp="1248" pin="1"/><net_sink comp="764" pin=1"/></net>

<net id="1256"><net_src comp="659" pin="2"/><net_sink comp="1253" pin=0"/></net>

<net id="1257"><net_src comp="1253" pin="1"/><net_sink comp="663" pin=0"/></net>

<net id="1261"><net_src comp="764" pin="2"/><net_sink comp="1258" pin=0"/></net>

<net id="1262"><net_src comp="1258" pin="1"/><net_sink comp="663" pin=1"/></net>

<net id="1266"><net_src comp="418" pin="3"/><net_sink comp="1263" pin=0"/></net>

<net id="1267"><net_src comp="1263" pin="1"/><net_sink comp="425" pin=0"/></net>

<net id="1271"><net_src comp="425" pin="3"/><net_sink comp="1268" pin=0"/></net>

<net id="1272"><net_src comp="1268" pin="1"/><net_sink comp="768" pin=1"/></net>

<net id="1276"><net_src comp="663" pin="2"/><net_sink comp="1273" pin=0"/></net>

<net id="1277"><net_src comp="1273" pin="1"/><net_sink comp="667" pin=0"/></net>

<net id="1281"><net_src comp="768" pin="2"/><net_sink comp="1278" pin=0"/></net>

<net id="1282"><net_src comp="1278" pin="1"/><net_sink comp="667" pin=1"/></net>

<net id="1286"><net_src comp="431" pin="3"/><net_sink comp="1283" pin=0"/></net>

<net id="1287"><net_src comp="1283" pin="1"/><net_sink comp="438" pin=0"/></net>

<net id="1291"><net_src comp="438" pin="3"/><net_sink comp="1288" pin=0"/></net>

<net id="1292"><net_src comp="1288" pin="1"/><net_sink comp="772" pin=1"/></net>

<net id="1296"><net_src comp="667" pin="2"/><net_sink comp="1293" pin=0"/></net>

<net id="1297"><net_src comp="1293" pin="1"/><net_sink comp="671" pin=0"/></net>

<net id="1301"><net_src comp="772" pin="2"/><net_sink comp="1298" pin=0"/></net>

<net id="1302"><net_src comp="1298" pin="1"/><net_sink comp="671" pin=1"/></net>

<net id="1306"><net_src comp="444" pin="3"/><net_sink comp="1303" pin=0"/></net>

<net id="1307"><net_src comp="1303" pin="1"/><net_sink comp="451" pin=0"/></net>

<net id="1311"><net_src comp="451" pin="3"/><net_sink comp="1308" pin=0"/></net>

<net id="1312"><net_src comp="1308" pin="1"/><net_sink comp="776" pin=1"/></net>

<net id="1316"><net_src comp="671" pin="2"/><net_sink comp="1313" pin=0"/></net>

<net id="1317"><net_src comp="1313" pin="1"/><net_sink comp="675" pin=0"/></net>

<net id="1321"><net_src comp="776" pin="2"/><net_sink comp="1318" pin=0"/></net>

<net id="1322"><net_src comp="1318" pin="1"/><net_sink comp="675" pin=1"/></net>

<net id="1326"><net_src comp="457" pin="3"/><net_sink comp="1323" pin=0"/></net>

<net id="1327"><net_src comp="1323" pin="1"/><net_sink comp="464" pin=0"/></net>

<net id="1331"><net_src comp="464" pin="3"/><net_sink comp="1328" pin=0"/></net>

<net id="1332"><net_src comp="1328" pin="1"/><net_sink comp="780" pin=1"/></net>

<net id="1336"><net_src comp="675" pin="2"/><net_sink comp="1333" pin=0"/></net>

<net id="1337"><net_src comp="1333" pin="1"/><net_sink comp="679" pin=0"/></net>

<net id="1341"><net_src comp="780" pin="2"/><net_sink comp="1338" pin=0"/></net>

<net id="1342"><net_src comp="1338" pin="1"/><net_sink comp="679" pin=1"/></net>

<net id="1346"><net_src comp="470" pin="3"/><net_sink comp="1343" pin=0"/></net>

<net id="1347"><net_src comp="1343" pin="1"/><net_sink comp="477" pin=0"/></net>

<net id="1351"><net_src comp="477" pin="3"/><net_sink comp="1348" pin=0"/></net>

<net id="1352"><net_src comp="1348" pin="1"/><net_sink comp="784" pin=1"/></net>

<net id="1356"><net_src comp="679" pin="2"/><net_sink comp="1353" pin=0"/></net>

<net id="1357"><net_src comp="1353" pin="1"/><net_sink comp="683" pin=0"/></net>

<net id="1361"><net_src comp="784" pin="2"/><net_sink comp="1358" pin=0"/></net>

<net id="1362"><net_src comp="1358" pin="1"/><net_sink comp="683" pin=1"/></net>

<net id="1366"><net_src comp="483" pin="3"/><net_sink comp="1363" pin=0"/></net>

<net id="1367"><net_src comp="1363" pin="1"/><net_sink comp="490" pin=0"/></net>

<net id="1371"><net_src comp="490" pin="3"/><net_sink comp="1368" pin=0"/></net>

<net id="1372"><net_src comp="1368" pin="1"/><net_sink comp="788" pin=1"/></net>

<net id="1376"><net_src comp="683" pin="2"/><net_sink comp="1373" pin=0"/></net>

<net id="1377"><net_src comp="1373" pin="1"/><net_sink comp="687" pin=0"/></net>

<net id="1381"><net_src comp="788" pin="2"/><net_sink comp="1378" pin=0"/></net>

<net id="1382"><net_src comp="1378" pin="1"/><net_sink comp="687" pin=1"/></net>

<net id="1386"><net_src comp="496" pin="3"/><net_sink comp="1383" pin=0"/></net>

<net id="1387"><net_src comp="1383" pin="1"/><net_sink comp="503" pin=0"/></net>

<net id="1391"><net_src comp="503" pin="3"/><net_sink comp="1388" pin=0"/></net>

<net id="1392"><net_src comp="1388" pin="1"/><net_sink comp="792" pin=1"/></net>

<net id="1396"><net_src comp="687" pin="2"/><net_sink comp="1393" pin=0"/></net>

<net id="1397"><net_src comp="1393" pin="1"/><net_sink comp="691" pin=0"/></net>

<net id="1401"><net_src comp="792" pin="2"/><net_sink comp="1398" pin=0"/></net>

<net id="1402"><net_src comp="1398" pin="1"/><net_sink comp="691" pin=1"/></net>

<net id="1406"><net_src comp="509" pin="3"/><net_sink comp="1403" pin=0"/></net>

<net id="1407"><net_src comp="1403" pin="1"/><net_sink comp="516" pin=0"/></net>

<net id="1411"><net_src comp="516" pin="3"/><net_sink comp="1408" pin=0"/></net>

<net id="1412"><net_src comp="1408" pin="1"/><net_sink comp="796" pin=1"/></net>

<net id="1416"><net_src comp="691" pin="2"/><net_sink comp="1413" pin=0"/></net>

<net id="1417"><net_src comp="1413" pin="1"/><net_sink comp="695" pin=0"/></net>

<net id="1421"><net_src comp="796" pin="2"/><net_sink comp="1418" pin=0"/></net>

<net id="1422"><net_src comp="1418" pin="1"/><net_sink comp="695" pin=1"/></net>

<net id="1426"><net_src comp="522" pin="3"/><net_sink comp="1423" pin=0"/></net>

<net id="1427"><net_src comp="1423" pin="1"/><net_sink comp="529" pin=0"/></net>

<net id="1431"><net_src comp="529" pin="3"/><net_sink comp="1428" pin=0"/></net>

<net id="1432"><net_src comp="1428" pin="1"/><net_sink comp="800" pin=1"/></net>

<net id="1436"><net_src comp="695" pin="2"/><net_sink comp="1433" pin=0"/></net>

<net id="1437"><net_src comp="1433" pin="1"/><net_sink comp="699" pin=0"/></net>

<net id="1441"><net_src comp="800" pin="2"/><net_sink comp="1438" pin=0"/></net>

<net id="1442"><net_src comp="1438" pin="1"/><net_sink comp="699" pin=1"/></net>

<net id="1446"><net_src comp="535" pin="3"/><net_sink comp="1443" pin=0"/></net>

<net id="1447"><net_src comp="1443" pin="1"/><net_sink comp="542" pin=0"/></net>

<net id="1451"><net_src comp="542" pin="3"/><net_sink comp="1448" pin=0"/></net>

<net id="1452"><net_src comp="1448" pin="1"/><net_sink comp="804" pin=1"/></net>

<net id="1456"><net_src comp="699" pin="2"/><net_sink comp="1453" pin=0"/></net>

<net id="1457"><net_src comp="1453" pin="1"/><net_sink comp="703" pin=0"/></net>

<net id="1461"><net_src comp="804" pin="2"/><net_sink comp="1458" pin=0"/></net>

<net id="1462"><net_src comp="1458" pin="1"/><net_sink comp="703" pin=1"/></net>

<net id="1466"><net_src comp="548" pin="3"/><net_sink comp="1463" pin=0"/></net>

<net id="1467"><net_src comp="1463" pin="1"/><net_sink comp="555" pin=0"/></net>

<net id="1471"><net_src comp="555" pin="3"/><net_sink comp="1468" pin=0"/></net>

<net id="1472"><net_src comp="1468" pin="1"/><net_sink comp="808" pin=1"/></net>

<net id="1476"><net_src comp="703" pin="2"/><net_sink comp="1473" pin=0"/></net>

<net id="1477"><net_src comp="1473" pin="1"/><net_sink comp="707" pin=0"/></net>

<net id="1481"><net_src comp="808" pin="2"/><net_sink comp="1478" pin=0"/></net>

<net id="1482"><net_src comp="1478" pin="1"/><net_sink comp="707" pin=1"/></net>

<net id="1486"><net_src comp="561" pin="3"/><net_sink comp="1483" pin=0"/></net>

<net id="1487"><net_src comp="1483" pin="1"/><net_sink comp="568" pin=0"/></net>

<net id="1491"><net_src comp="568" pin="3"/><net_sink comp="1488" pin=0"/></net>

<net id="1492"><net_src comp="1488" pin="1"/><net_sink comp="812" pin=1"/></net>

<net id="1496"><net_src comp="707" pin="2"/><net_sink comp="1493" pin=0"/></net>

<net id="1497"><net_src comp="1493" pin="1"/><net_sink comp="711" pin=0"/></net>

<net id="1501"><net_src comp="812" pin="2"/><net_sink comp="1498" pin=0"/></net>

<net id="1502"><net_src comp="1498" pin="1"/><net_sink comp="711" pin=1"/></net>

<net id="1506"><net_src comp="574" pin="3"/><net_sink comp="1503" pin=0"/></net>

<net id="1507"><net_src comp="1503" pin="1"/><net_sink comp="581" pin=0"/></net>

<net id="1511"><net_src comp="581" pin="3"/><net_sink comp="1508" pin=0"/></net>

<net id="1512"><net_src comp="1508" pin="1"/><net_sink comp="816" pin=1"/></net>

<net id="1516"><net_src comp="711" pin="2"/><net_sink comp="1513" pin=0"/></net>

<net id="1517"><net_src comp="1513" pin="1"/><net_sink comp="715" pin=0"/></net>

<net id="1521"><net_src comp="816" pin="2"/><net_sink comp="1518" pin=0"/></net>

<net id="1522"><net_src comp="1518" pin="1"/><net_sink comp="715" pin=1"/></net>

<net id="1526"><net_src comp="587" pin="3"/><net_sink comp="1523" pin=0"/></net>

<net id="1527"><net_src comp="1523" pin="1"/><net_sink comp="594" pin=0"/></net>

<net id="1531"><net_src comp="594" pin="3"/><net_sink comp="1528" pin=0"/></net>

<net id="1532"><net_src comp="1528" pin="1"/><net_sink comp="820" pin=1"/></net>

<net id="1536"><net_src comp="715" pin="2"/><net_sink comp="1533" pin=0"/></net>

<net id="1537"><net_src comp="1533" pin="1"/><net_sink comp="719" pin=0"/></net>

<net id="1541"><net_src comp="820" pin="2"/><net_sink comp="1538" pin=0"/></net>

<net id="1542"><net_src comp="1538" pin="1"/><net_sink comp="719" pin=1"/></net>

<net id="1546"><net_src comp="719" pin="2"/><net_sink comp="1543" pin=0"/></net>

<net id="1547"><net_src comp="1543" pin="1"/><net_sink comp="723" pin=0"/></net>

<net id="1551"><net_src comp="600" pin="3"/><net_sink comp="1548" pin=0"/></net>

<net id="1552"><net_src comp="1548" pin="1"/><net_sink comp="607" pin=0"/></net>

<net id="1556"><net_src comp="607" pin="3"/><net_sink comp="1553" pin=0"/></net>

<net id="1557"><net_src comp="1553" pin="1"/><net_sink comp="723" pin=1"/></net>

<net id="1561"><net_src comp="723" pin="2"/><net_sink comp="1558" pin=0"/></net>

<net id="1562"><net_src comp="1558" pin="1"/><net_sink comp="824" pin=0"/></net>

<net id="1563"><net_src comp="1558" pin="1"/><net_sink comp="859" pin=0"/></net>

<net id="1564"><net_src comp="1558" pin="1"/><net_sink comp="900" pin=2"/></net>

</net_list>

</model> 
---------------- Datapath Model END ------------------

* FSMD analyzer results:
  - Output states:
	Port: hidden_layer_2 | {107 }
 - Input state : 
	Port: MLP_Pipeline_VITIS_LOOP_94_5 : hidden_layer_1_load | {1 }
	Port: MLP_Pipeline_VITIS_LOOP_94_5 : hidden_layer_1_load_1 | {1 }
	Port: MLP_Pipeline_VITIS_LOOP_94_5 : hidden_layer_1_load_2 | {1 }
	Port: MLP_Pipeline_VITIS_LOOP_94_5 : hidden_layer_1_load_3 | {1 }
	Port: MLP_Pipeline_VITIS_LOOP_94_5 : hidden_layer_1_load_4 | {1 }
	Port: MLP_Pipeline_VITIS_LOOP_94_5 : hidden_layer_1_load_5 | {1 }
	Port: MLP_Pipeline_VITIS_LOOP_94_5 : hidden_layer_1_load_6 | {1 }
	Port: MLP_Pipeline_VITIS_LOOP_94_5 : hidden_layer_1_load_7 | {1 }
	Port: MLP_Pipeline_VITIS_LOOP_94_5 : hidden_layer_1_load_8 | {1 }
	Port: MLP_Pipeline_VITIS_LOOP_94_5 : hidden_layer_1_load_9 | {1 }
	Port: MLP_Pipeline_VITIS_LOOP_94_5 : hidden_layer_1_load_10 | {1 }
	Port: MLP_Pipeline_VITIS_LOOP_94_5 : hidden_layer_1_load_11 | {1 }
	Port: MLP_Pipeline_VITIS_LOOP_94_5 : hidden_layer_1_load_12 | {1 }
	Port: MLP_Pipeline_VITIS_LOOP_94_5 : hidden_layer_1_load_13 | {1 }
	Port: MLP_Pipeline_VITIS_LOOP_94_5 : hidden_layer_1_load_14 | {1 }
	Port: MLP_Pipeline_VITIS_LOOP_94_5 : hidden_layer_1_load_15 | {1 }
	Port: MLP_Pipeline_VITIS_LOOP_94_5 : hidden_layer_1_load_16 | {1 }
	Port: MLP_Pipeline_VITIS_LOOP_94_5 : hidden_layer_1_load_17 | {1 }
	Port: MLP_Pipeline_VITIS_LOOP_94_5 : hidden_layer_1_load_18 | {1 }
	Port: MLP_Pipeline_VITIS_LOOP_94_5 : hidden_layer_1_load_19 | {1 }
	Port: MLP_Pipeline_VITIS_LOOP_94_5 : hidden_layer_1_load_20 | {1 }
	Port: MLP_Pipeline_VITIS_LOOP_94_5 : hidden_layer_1_load_21 | {1 }
	Port: MLP_Pipeline_VITIS_LOOP_94_5 : hidden_layer_1_load_22 | {1 }
	Port: MLP_Pipeline_VITIS_LOOP_94_5 : hidden_layer_1_load_23 | {1 }
	Port: MLP_Pipeline_VITIS_LOOP_94_5 : weights_2_0 | {1 2 }
	Port: MLP_Pipeline_VITIS_LOOP_94_5 : weights_2_1 | {5 6 }
	Port: MLP_Pipeline_VITIS_LOOP_94_5 : weights_2_2 | {9 10 }
	Port: MLP_Pipeline_VITIS_LOOP_94_5 : weights_2_3 | {13 14 }
	Port: MLP_Pipeline_VITIS_LOOP_94_5 : weights_2_4 | {17 18 }
	Port: MLP_Pipeline_VITIS_LOOP_94_5 : weights_2_5 | {21 22 }
	Port: MLP_Pipeline_VITIS_LOOP_94_5 : weights_2_6 | {25 26 }
	Port: MLP_Pipeline_VITIS_LOOP_94_5 : weights_2_7 | {29 30 }
	Port: MLP_Pipeline_VITIS_LOOP_94_5 : weights_2_8 | {33 34 }
	Port: MLP_Pipeline_VITIS_LOOP_94_5 : weights_2_9 | {37 38 }
	Port: MLP_Pipeline_VITIS_LOOP_94_5 : weights_2_10 | {41 42 }
	Port: MLP_Pipeline_VITIS_LOOP_94_5 : weights_2_11 | {45 46 }
	Port: MLP_Pipeline_VITIS_LOOP_94_5 : weights_2_12 | {49 50 }
	Port: MLP_Pipeline_VITIS_LOOP_94_5 : weights_2_13 | {53 54 }
	Port: MLP_Pipeline_VITIS_LOOP_94_5 : weights_2_14 | {57 58 }
	Port: MLP_Pipeline_VITIS_LOOP_94_5 : weights_2_15 | {61 62 }
	Port: MLP_Pipeline_VITIS_LOOP_94_5 : weights_2_16 | {65 66 }
	Port: MLP_Pipeline_VITIS_LOOP_94_5 : weights_2_17 | {69 70 }
	Port: MLP_Pipeline_VITIS_LOOP_94_5 : weights_2_18 | {73 74 }
	Port: MLP_Pipeline_VITIS_LOOP_94_5 : weights_2_19 | {77 78 }
	Port: MLP_Pipeline_VITIS_LOOP_94_5 : weights_2_20 | {81 82 }
	Port: MLP_Pipeline_VITIS_LOOP_94_5 : weights_2_21 | {85 86 }
	Port: MLP_Pipeline_VITIS_LOOP_94_5 : weights_2_22 | {89 90 }
	Port: MLP_Pipeline_VITIS_LOOP_94_5 : weights_2_23 | {93 94 }
	Port: MLP_Pipeline_VITIS_LOOP_94_5 : hidden_bias_2 | {101 102 }
  - Chain level:
	State 1
		store_ln0 : 1
		i_1 : 1
		icmp_ln94 : 2
		add_ln94 : 2
		br_ln94 : 3
		i_2_cast : 2
		weights_2_0_addr : 3
		weights_2_0_load : 4
		store_ln94 : 3
	State 2
	State 3
	State 4
	State 5
		weights_2_1_load : 1
	State 6
	State 7
	State 8
	State 9
		weights_2_2_load : 1
	State 10
	State 11
	State 12
	State 13
		weights_2_3_load : 1
	State 14
	State 15
	State 16
	State 17
		weights_2_4_load : 1
	State 18
	State 19
	State 20
	State 21
		weights_2_5_load : 1
	State 22
	State 23
	State 24
	State 25
		weights_2_6_load : 1
	State 26
	State 27
	State 28
	State 29
		weights_2_7_load : 1
	State 30
	State 31
	State 32
	State 33
		weights_2_8_load : 1
	State 34
	State 35
	State 36
	State 37
		weights_2_9_load : 1
	State 38
	State 39
	State 40
	State 41
		weights_2_10_load : 1
	State 42
	State 43
	State 44
	State 45
		weights_2_11_load : 1
	State 46
	State 47
	State 48
	State 49
		weights_2_12_load : 1
	State 50
	State 51
	State 52
	State 53
		weights_2_13_load : 1
	State 54
	State 55
	State 56
	State 57
		weights_2_14_load : 1
	State 58
	State 59
	State 60
	State 61
		weights_2_15_load : 1
	State 62
	State 63
	State 64
	State 65
		weights_2_16_load : 1
	State 66
	State 67
	State 68
	State 69
		weights_2_17_load : 1
	State 70
	State 71
	State 72
	State 73
		weights_2_18_load : 1
	State 74
	State 75
	State 76
	State 77
		weights_2_19_load : 1
	State 78
	State 79
	State 80
	State 81
		weights_2_20_load : 1
	State 82
	State 83
	State 84
	State 85
		weights_2_21_load : 1
	State 86
	State 87
	State 88
	State 89
		weights_2_22_load : 1
	State 90
	State 91
	State 92
	State 93
		weights_2_23_load : 1
	State 94
	State 95
	State 96
	State 97
	State 98
	State 99
	State 100
	State 101
		hidden_bias_2_load : 1
	State 102
		add2 : 1
	State 103
	State 104
	State 105
	State 106
	State 107
		tmp_2 : 1
		trunc_ln102 : 1
		icmp_ln102 : 2
		icmp_ln102_1 : 2
		or_ln102 : 3
		and_ln102 : 3
		select_ln102 : 3
		store_ln100 : 4


============================================================
+ Verbose Summary: Datapath Resource usage 
============================================================

* Functional unit list:
|----------|-----------------------------------------|---------|---------|---------|
| Operation|             Functional Unit             |   DSP   |    FF   |   LUT   |
|----------|-----------------------------------------|---------|---------|---------|
|          |                grp_fu_626               |    2    |   227   |   214   |
|          |                grp_fu_631               |    2    |   227   |   214   |
|          |                grp_fu_635               |    2    |   227   |   214   |
|          |                grp_fu_639               |    2    |   227   |   214   |
|          |                grp_fu_643               |    2    |   227   |   214   |
|          |                grp_fu_647               |    2    |   227   |   214   |
|          |                grp_fu_651               |    2    |   227   |   214   |
|          |                grp_fu_655               |    2    |   227   |   214   |
|          |                grp_fu_659               |    2    |   227   |   214   |
|          |                grp_fu_663               |    2    |   227   |   214   |
|          |                grp_fu_667               |    2    |   227   |   214   |
|          |                grp_fu_671               |    2    |   227   |   214   |
|   fadd   |                grp_fu_675               |    2    |   227   |   214   |
|          |                grp_fu_679               |    2    |   227   |   214   |
|          |                grp_fu_683               |    2    |   227   |   214   |
|          |                grp_fu_687               |    2    |   227   |   214   |
|          |                grp_fu_691               |    2    |   227   |   214   |
|          |                grp_fu_695               |    2    |   227   |   214   |
|          |                grp_fu_699               |    2    |   227   |   214   |
|          |                grp_fu_703               |    2    |   227   |   214   |
|          |                grp_fu_707               |    2    |   227   |   214   |
|          |                grp_fu_711               |    2    |   227   |   214   |
|          |                grp_fu_715               |    2    |   227   |   214   |
|          |                grp_fu_719               |    2    |   227   |   214   |
|          |                grp_fu_723               |    2    |   227   |   214   |
|----------|-----------------------------------------|---------|---------|---------|
|          |                grp_fu_728               |    3    |   128   |   135   |
|          |                grp_fu_732               |    3    |   128   |   135   |
|          |                grp_fu_736               |    3    |   128   |   135   |
|          |                grp_fu_740               |    3    |   128   |   135   |
|          |                grp_fu_744               |    3    |   128   |   135   |
|          |                grp_fu_748               |    3    |   128   |   135   |
|          |                grp_fu_752               |    3    |   128   |   135   |
|          |                grp_fu_756               |    3    |   128   |   135   |
|          |                grp_fu_760               |    3    |   128   |   135   |
|          |                grp_fu_764               |    3    |   128   |   135   |
|          |                grp_fu_768               |    3    |   128   |   135   |
|   fmul   |                grp_fu_772               |    3    |   128   |   135   |
|          |                grp_fu_776               |    3    |   128   |   135   |
|          |                grp_fu_780               |    3    |   128   |   135   |
|          |                grp_fu_784               |    3    |   128   |   135   |
|          |                grp_fu_788               |    3    |   128   |   135   |
|          |                grp_fu_792               |    3    |   128   |   135   |
|          |                grp_fu_796               |    3    |   128   |   135   |
|          |                grp_fu_800               |    3    |   128   |   135   |
|          |                grp_fu_804               |    3    |   128   |   135   |
|          |                grp_fu_808               |    3    |   128   |   135   |
|          |                grp_fu_812               |    3    |   128   |   135   |
|          |                grp_fu_816               |    3    |   128   |   135   |
|          |                grp_fu_820               |    3    |   128   |   135   |
|----------|-----------------------------------------|---------|---------|---------|
|          |             icmp_ln94_fu_837            |    0    |    0    |    9    |
|   icmp   |            icmp_ln102_fu_876            |    0    |    0    |    11   |
|          |           icmp_ln102_1_fu_882           |    0    |    0    |    16   |
|----------|-----------------------------------------|---------|---------|---------|
|  select  |           select_ln102_fu_900           |    0    |    0    |    32   |
|----------|-----------------------------------------|---------|---------|---------|
|    add   |             add_ln94_fu_843             |    0    |    0    |    12   |
|----------|-----------------------------------------|---------|---------|---------|
|    or    |             or_ln102_fu_888             |    0    |    0    |    2    |
|----------|-----------------------------------------|---------|---------|---------|
|    and   |             and_ln102_fu_894            |    0    |    0    |    2    |
|----------|-----------------------------------------|---------|---------|---------|
|          | hidden_layer_1_load_23_read_read_fu_144 |    0    |    0    |    0    |
|          | hidden_layer_1_load_22_read_read_fu_150 |    0    |    0    |    0    |
|          | hidden_layer_1_load_21_read_read_fu_156 |    0    |    0    |    0    |
|          | hidden_layer_1_load_20_read_read_fu_162 |    0    |    0    |    0    |
|          | hidden_layer_1_load_19_read_read_fu_168 |    0    |    0    |    0    |
|          | hidden_layer_1_load_18_read_read_fu_174 |    0    |    0    |    0    |
|          | hidden_layer_1_load_17_read_read_fu_180 |    0    |    0    |    0    |
|          | hidden_layer_1_load_16_read_read_fu_186 |    0    |    0    |    0    |
|          | hidden_layer_1_load_15_read_read_fu_192 |    0    |    0    |    0    |
|          | hidden_layer_1_load_14_read_read_fu_198 |    0    |    0    |    0    |
|          | hidden_layer_1_load_13_read_read_fu_204 |    0    |    0    |    0    |
|   read   | hidden_layer_1_load_12_read_read_fu_210 |    0    |    0    |    0    |
|          | hidden_layer_1_load_11_read_read_fu_216 |    0    |    0    |    0    |
|          | hidden_layer_1_load_10_read_read_fu_222 |    0    |    0    |    0    |
|          |  hidden_layer_1_load_9_read_read_fu_228 |    0    |    0    |    0    |
|          |  hidden_layer_1_load_8_read_read_fu_234 |    0    |    0    |    0    |
|          |  hidden_layer_1_load_7_read_read_fu_240 |    0    |    0    |    0    |
|          |  hidden_layer_1_load_6_read_read_fu_246 |    0    |    0    |    0    |
|          |  hidden_layer_1_load_5_read_read_fu_252 |    0    |    0    |    0    |
|          |  hidden_layer_1_load_4_read_read_fu_258 |    0    |    0    |    0    |
|          |  hidden_layer_1_load_3_read_read_fu_264 |    0    |    0    |    0    |
|          |  hidden_layer_1_load_2_read_read_fu_270 |    0    |    0    |    0    |
|          |  hidden_layer_1_load_1_read_read_fu_276 |    0    |    0    |    0    |
|          |   hidden_layer_1_load_read_read_fu_282  |    0    |    0    |    0    |
|----------|-----------------------------------------|---------|---------|---------|
|   fcmp   |                grp_fu_824               |    0    |    0    |    0    |
|----------|-----------------------------------------|---------|---------|---------|
|   zext   |             i_2_cast_fu_849             |    0    |    0    |    0    |
|----------|-----------------------------------------|---------|---------|---------|
|partselect|               tmp_2_fu_862              |    0    |    0    |    0    |
|----------|-----------------------------------------|---------|---------|---------|
|   trunc  |            trunc_ln102_fu_872           |    0    |    0    |    0    |
|----------|-----------------------------------------|---------|---------|---------|
|   Total  |                                         |   122   |   8747  |   8674  |
|----------|-----------------------------------------|---------|---------|---------|

Memories:
N/A

* Register list:
+-----------------------------------+--------+
|                                   |   FF   |
+-----------------------------------+--------+
|           add2_reg_1558           |   32   |
|          add3_10_reg_1313         |   32   |
|          add3_11_reg_1333         |   32   |
|          add3_12_reg_1353         |   32   |
|          add3_13_reg_1373         |   32   |
|          add3_14_reg_1393         |   32   |
|          add3_15_reg_1413         |   32   |
|          add3_16_reg_1433         |   32   |
|          add3_17_reg_1453         |   32   |
|          add3_18_reg_1473         |   32   |
|          add3_19_reg_1493         |   32   |
|          add3_1_reg_1113          |   32   |
|          add3_20_reg_1513         |   32   |
|          add3_21_reg_1533         |   32   |
|          add3_22_reg_1543         |   32   |
|          add3_2_reg_1133          |   32   |
|          add3_3_reg_1153          |   32   |
|          add3_4_reg_1173          |   32   |
|          add3_5_reg_1193          |   32   |
|          add3_6_reg_1213          |   32   |
|          add3_7_reg_1233          |   32   |
|          add3_8_reg_1253          |   32   |
|          add3_9_reg_1273          |   32   |
|           add3_reg_1093           |   32   |
|          add3_s_reg_1293          |   32   |
|    hidden_bias_2_addr_reg_1548    |    4   |
|    hidden_bias_2_load_reg_1553    |   32   |
|hidden_layer_1_load_10_read_reg_980|   32   |
|hidden_layer_1_load_11_read_reg_975|   32   |
|hidden_layer_1_load_12_read_reg_970|   32   |
|hidden_layer_1_load_13_read_reg_965|   32   |
|hidden_layer_1_load_14_read_reg_960|   32   |
|hidden_layer_1_load_15_read_reg_955|   32   |
|hidden_layer_1_load_16_read_reg_950|   32   |
|hidden_layer_1_load_17_read_reg_945|   32   |
|hidden_layer_1_load_18_read_reg_940|   32   |
|hidden_layer_1_load_19_read_reg_935|   32   |
|hidden_layer_1_load_1_read_reg_1025|   32   |
|hidden_layer_1_load_20_read_reg_930|   32   |
|hidden_layer_1_load_21_read_reg_925|   32   |
|hidden_layer_1_load_22_read_reg_920|   32   |
|hidden_layer_1_load_23_read_reg_915|   32   |
|hidden_layer_1_load_2_read_reg_1020|   32   |
|hidden_layer_1_load_3_read_reg_1015|   32   |
|hidden_layer_1_load_4_read_reg_1010|   32   |
|hidden_layer_1_load_5_read_reg_1005|   32   |
|hidden_layer_1_load_6_read_reg_1000|   32   |
| hidden_layer_1_load_7_read_reg_995|   32   |
| hidden_layer_1_load_8_read_reg_990|   32   |
| hidden_layer_1_load_9_read_reg_985|   32   |
| hidden_layer_1_load_read_reg_1030 |   32   |
|         i_2_cast_reg_1039         |   64   |
|             i_reg_908             |    4   |
|         icmp_ln94_reg_1035        |    1   |
|          mul1_10_reg_1298         |   32   |
|          mul1_11_reg_1318         |   32   |
|          mul1_12_reg_1338         |   32   |
|          mul1_13_reg_1358         |   32   |
|          mul1_14_reg_1378         |   32   |
|          mul1_15_reg_1398         |   32   |
|          mul1_16_reg_1418         |   32   |
|          mul1_17_reg_1438         |   32   |
|          mul1_18_reg_1458         |   32   |
|          mul1_19_reg_1478         |   32   |
|          mul1_1_reg_1098          |   32   |
|          mul1_20_reg_1498         |   32   |
|          mul1_21_reg_1518         |   32   |
|          mul1_22_reg_1538         |   32   |
|          mul1_2_reg_1118          |   32   |
|          mul1_3_reg_1138          |   32   |
|          mul1_4_reg_1158          |   32   |
|          mul1_5_reg_1178          |   32   |
|          mul1_6_reg_1198          |   32   |
|          mul1_7_reg_1218          |   32   |
|          mul1_8_reg_1238          |   32   |
|          mul1_9_reg_1258          |   32   |
|           mul1_reg_1078           |   32   |
|          mul1_s_reg_1278          |   32   |
|     weights_2_0_addr_reg_1068     |    4   |
|     weights_2_0_load_reg_1073     |   32   |
|     weights_2_10_addr_reg_1263    |    4   |
|     weights_2_10_load_reg_1268    |   32   |
|     weights_2_11_addr_reg_1283    |    4   |
|     weights_2_11_load_reg_1288    |   32   |
|     weights_2_12_addr_reg_1303    |    4   |
|     weights_2_12_load_reg_1308    |   32   |
|     weights_2_13_addr_reg_1323    |    4   |
|     weights_2_13_load_reg_1328    |   32   |
|     weights_2_14_addr_reg_1343    |    4   |
|     weights_2_14_load_reg_1348    |   32   |
|     weights_2_15_addr_reg_1363    |    4   |
|     weights_2_15_load_reg_1368    |   32   |
|     weights_2_16_addr_reg_1383    |    4   |
|     weights_2_16_load_reg_1388    |   32   |
|     weights_2_17_addr_reg_1403    |    4   |
|     weights_2_17_load_reg_1408    |   32   |
|     weights_2_18_addr_reg_1423    |    4   |
|     weights_2_18_load_reg_1428    |   32   |
|     weights_2_19_addr_reg_1443    |    4   |
|     weights_2_19_load_reg_1448    |   32   |
|     weights_2_1_addr_reg_1083     |    4   |
|     weights_2_1_load_reg_1088     |   32   |
|     weights_2_20_addr_reg_1463    |    4   |
|     weights_2_20_load_reg_1468    |   32   |
|     weights_2_21_addr_reg_1483    |    4   |
|     weights_2_21_load_reg_1488    |   32   |
|     weights_2_22_addr_reg_1503    |    4   |
|     weights_2_22_load_reg_1508    |   32   |
|     weights_2_23_addr_reg_1523    |    4   |
|     weights_2_23_load_reg_1528    |   32   |
|     weights_2_2_addr_reg_1103     |    4   |
|     weights_2_2_load_reg_1108     |   32   |
|     weights_2_3_addr_reg_1123     |    4   |
|     weights_2_3_load_reg_1128     |   32   |
|     weights_2_4_addr_reg_1143     |    4   |
|     weights_2_4_load_reg_1148     |   32   |
|     weights_2_5_addr_reg_1163     |    4   |
|     weights_2_5_load_reg_1168     |   32   |
|     weights_2_6_addr_reg_1183     |    4   |
|     weights_2_6_load_reg_1188     |   32   |
|     weights_2_7_addr_reg_1203     |    4   |
|     weights_2_7_load_reg_1208     |   32   |
|     weights_2_8_addr_reg_1223     |    4   |
|     weights_2_8_load_reg_1228     |   32   |
|     weights_2_9_addr_reg_1243     |    4   |
|     weights_2_9_load_reg_1248     |   32   |
+-----------------------------------+--------+
|               Total               |  3305  |
+-----------------------------------+--------+

* Multiplexer (MUX) list: 
|-------------------|------|------|------|--------||---------||---------|
|        Comp       |  Pin | Size |  BW  | S x BW ||  Delay  ||   LUT   |
|-------------------|------|------|------|--------||---------||---------|
| grp_access_fu_295 |  p0  |   2  |   4  |    8   ||    9    |
| grp_access_fu_308 |  p0  |   2  |   4  |    8   ||    9    |
| grp_access_fu_321 |  p0  |   2  |   4  |    8   ||    9    |
| grp_access_fu_334 |  p0  |   2  |   4  |    8   ||    9    |
| grp_access_fu_347 |  p0  |   2  |   4  |    8   ||    9    |
| grp_access_fu_360 |  p0  |   2  |   4  |    8   ||    9    |
| grp_access_fu_373 |  p0  |   2  |   4  |    8   ||    9    |
| grp_access_fu_386 |  p0  |   2  |   4  |    8   ||    9    |
| grp_access_fu_399 |  p0  |   2  |   4  |    8   ||    9    |
| grp_access_fu_412 |  p0  |   2  |   4  |    8   ||    9    |
| grp_access_fu_425 |  p0  |   2  |   4  |    8   ||    9    |
| grp_access_fu_438 |  p0  |   2  |   4  |    8   ||    9    |
| grp_access_fu_451 |  p0  |   2  |   4  |    8   ||    9    |
| grp_access_fu_464 |  p0  |   2  |   4  |    8   ||    9    |
| grp_access_fu_477 |  p0  |   2  |   4  |    8   ||    9    |
| grp_access_fu_490 |  p0  |   2  |   4  |    8   ||    9    |
| grp_access_fu_503 |  p0  |   2  |   4  |    8   ||    9    |
| grp_access_fu_516 |  p0  |   2  |   4  |    8   ||    9    |
| grp_access_fu_529 |  p0  |   2  |   4  |    8   ||    9    |
| grp_access_fu_542 |  p0  |   2  |   4  |    8   ||    9    |
| grp_access_fu_555 |  p0  |   2  |   4  |    8   ||    9    |
| grp_access_fu_568 |  p0  |   2  |   4  |    8   ||    9    |
| grp_access_fu_581 |  p0  |   2  |   4  |    8   ||    9    |
| grp_access_fu_594 |  p0  |   2  |   4  |    8   ||    9    |
| grp_access_fu_607 |  p0  |   2  |   4  |    8   ||    9    |
|     grp_fu_723    |  p1  |   2  |  32  |   64   ||    9    |
|-------------------|------|------|------|--------||---------||---------|
|       Total       |      |      |      |   264  ||  11.102 ||   234   |
|-------------------|------|------|------|--------||---------||---------|



* Summary:
+-----------+--------+--------+--------+--------+
|           |   DSP  |  Delay |   FF   |   LUT  |
+-----------+--------+--------+--------+--------+
|  Function |   122  |    -   |  8747  |  8674  |
|   Memory  |    -   |    -   |    -   |    -   |
|Multiplexer|    -   |   11   |    -   |   234  |
|  Register |    -   |    -   |  3305  |    -   |
+-----------+--------+--------+--------+--------+
|   Total   |   122  |   11   |  12052 |  8908  |
+-----------+--------+--------+--------+--------+
