

================================================================
== Vitis HLS Report for 'MLP_Pipeline_VITIS_LOOP_77_3'
================================================================
* Date:           Wed Feb 14 00:25:15 2024

* Version:        2022.1 (Build 3526262 on Mon Apr 18 15:48:16 MDT 2022)
* Project:        testHLS2
* Solution:       solution1 (Vivado IP Flow Target)
* Product family: zynquplus
* Target device:  xczu3eg-sbva484-2-i


================================================================
== Performance Estimates
================================================================
+ Timing: 
    * Summary: 
    +--------+----------+----------+------------+
    |  Clock |  Target  | Estimated| Uncertainty|
    +--------+----------+----------+------------+
    |ap_clk  |  10.00 ns|  7.114 ns|     2.70 ns|
    +--------+----------+----------+------------+

+ Latency: 
    * Summary: 
    +---------+---------+----------+----------+-----+-----+---------+
    |  Latency (cycles) |  Latency (absolute) |  Interval | Pipeline|
    |   min   |   max   |    min   |    max   | min | max |   Type  |
    +---------+---------+----------+----------+-----+-----+---------+
    |      227|      227|  2.270 us|  2.270 us|  227|  227|       no|
    +---------+---------+----------+----------+-----+-----+---------+

    + Detail: 
        * Instance: 
        N/A

        * Loop: 
        +-------------------+---------+---------+----------+-----------+-----------+------+----------+
        |                   |  Latency (cycles) | Iteration|  Initiation Interval  | Trip |          |
        |     Loop Name     |   min   |   max   |  Latency |  achieved |   target  | Count| Pipelined|
        +-------------------+---------+---------+----------+-----------+-----------+------+----------+
        |- VITIS_LOOP_77_3  |      225|      225|       203|          1|          1|    24|       yes|
        +-------------------+---------+---------+----------+-----------+-----------+------+----------+

============================================================
+ Verbose Summary: Synthesis Manager
============================================================
InlineROM: 1
ExposeGlobal: 0
============================================================
+ Verbose Summary: CDFG Model
============================================================
IsTopModel: 0
ResetActiveHigh: 1
IsCombinational: 0
IsDatapathOnly: 0
HasWiredReturn: 1
HasMFsm: 2
HasVarLatency: 1
IsPipeline: 0
IsRtlPipelined: 0
IsInstanceOverlapped: 0
IsDontTouch: 0
HasImplIP: 0
IsGatedGlobalClock: 0

+ Individual pipeline summary: 
  * Pipeline-0: initiation interval (II) = 1, depth = 203


============================================================
+ Verbose Summary: Schedule
============================================================
* Number of FSM states : 203
* Pipeline : 1
  Pipeline-0 : II = 1, D = 203, States = { 1 2 3 4 5 6 7 8 9 10 11 12 13 14 15 16 17 18 19 20 21 22 23 24 25 26 27 28 29 30 31 32 33 34 35 36 37 38 39 40 41 42 43 44 45 46 47 48 49 50 51 52 53 54 55 56 57 58 59 60 61 62 63 64 65 66 67 68 69 70 71 72 73 74 75 76 77 78 79 80 81 82 83 84 85 86 87 88 89 90 91 92 93 94 95 96 97 98 99 100 101 102 103 104 105 106 107 108 109 110 111 112 113 114 115 116 117 118 119 120 121 122 123 124 125 126 127 128 129 130 131 132 133 134 135 136 137 138 139 140 141 142 143 144 145 146 147 148 149 150 151 152 153 154 155 156 157 158 159 160 161 162 163 164 165 166 167 168 169 170 171 172 173 174 175 176 177 178 179 180 181 182 183 184 185 186 187 188 189 190 191 192 193 194 195 196 197 198 199 200 201 202 203 }
* Dataflow Pipeline: 0

* FSM state transitions: 
1 --> 2 
2 --> 3 
3 --> 4 
4 --> 5 
5 --> 6 
6 --> 7 
7 --> 8 
8 --> 9 
9 --> 10 
10 --> 11 
11 --> 12 
12 --> 13 
13 --> 14 
14 --> 15 
15 --> 16 
16 --> 17 
17 --> 18 
18 --> 19 
19 --> 20 
20 --> 21 
21 --> 22 
22 --> 23 
23 --> 24 
24 --> 25 
25 --> 26 
26 --> 27 
27 --> 28 
28 --> 29 
29 --> 30 
30 --> 31 
31 --> 32 
32 --> 33 
33 --> 34 
34 --> 35 
35 --> 36 
36 --> 37 
37 --> 38 
38 --> 39 
39 --> 40 
40 --> 41 
41 --> 42 
42 --> 43 
43 --> 44 
44 --> 45 
45 --> 46 
46 --> 47 
47 --> 48 
48 --> 49 
49 --> 50 
50 --> 51 
51 --> 52 
52 --> 53 
53 --> 54 
54 --> 55 
55 --> 56 
56 --> 57 
57 --> 58 
58 --> 59 
59 --> 60 
60 --> 61 
61 --> 62 
62 --> 63 
63 --> 64 
64 --> 65 
65 --> 66 
66 --> 67 
67 --> 68 
68 --> 69 
69 --> 70 
70 --> 71 
71 --> 72 
72 --> 73 
73 --> 74 
74 --> 75 
75 --> 76 
76 --> 77 
77 --> 78 
78 --> 79 
79 --> 80 
80 --> 81 
81 --> 82 
82 --> 83 
83 --> 84 
84 --> 85 
85 --> 86 
86 --> 87 
87 --> 88 
88 --> 89 
89 --> 90 
90 --> 91 
91 --> 92 
92 --> 93 
93 --> 94 
94 --> 95 
95 --> 96 
96 --> 97 
97 --> 98 
98 --> 99 
99 --> 100 
100 --> 101 
101 --> 102 
102 --> 103 
103 --> 104 
104 --> 105 
105 --> 106 
106 --> 107 
107 --> 108 
108 --> 109 
109 --> 110 
110 --> 111 
111 --> 112 
112 --> 113 
113 --> 114 
114 --> 115 
115 --> 116 
116 --> 117 
117 --> 118 
118 --> 119 
119 --> 120 
120 --> 121 
121 --> 122 
122 --> 123 
123 --> 124 
124 --> 125 
125 --> 126 
126 --> 127 
127 --> 128 
128 --> 129 
129 --> 130 
130 --> 131 
131 --> 132 
132 --> 133 
133 --> 134 
134 --> 135 
135 --> 136 
136 --> 137 
137 --> 138 
138 --> 139 
139 --> 140 
140 --> 141 
141 --> 142 
142 --> 143 
143 --> 144 
144 --> 145 
145 --> 146 
146 --> 147 
147 --> 148 
148 --> 149 
149 --> 150 
150 --> 151 
151 --> 152 
152 --> 153 
153 --> 154 
154 --> 155 
155 --> 156 
156 --> 157 
157 --> 158 
158 --> 159 
159 --> 160 
160 --> 161 
161 --> 162 
162 --> 163 
163 --> 164 
164 --> 165 
165 --> 166 
166 --> 167 
167 --> 168 
168 --> 169 
169 --> 170 
170 --> 171 
171 --> 172 
172 --> 173 
173 --> 174 
174 --> 175 
175 --> 176 
176 --> 177 
177 --> 178 
178 --> 179 
179 --> 180 
180 --> 181 
181 --> 182 
182 --> 183 
183 --> 184 
184 --> 185 
185 --> 186 
186 --> 187 
187 --> 188 
188 --> 189 
189 --> 190 
190 --> 191 
191 --> 192 
192 --> 193 
193 --> 194 
194 --> 195 
195 --> 196 
196 --> 197 
197 --> 198 
198 --> 199 
199 --> 200 
200 --> 201 
201 --> 202 
202 --> 203 
203 --> 

* FSM state operations: 

State 1 <SV = 0> <Delay = 1.21>
ST_1 : Operation 206 [1/1] (0.00ns)   --->   "%i_1 = alloca i32 1"   --->   Operation 206 'alloca' 'i_1' <Predicate = true> <Delay = 0.00>
ST_1 : Operation 207 [1/1] (0.00ns)   --->   "%input_features_casted_load_47_read = read i32 @_ssdm_op_Read.ap_auto.float, i32 %input_features_casted_load_47"   --->   Operation 207 'read' 'input_features_casted_load_47_read' <Predicate = true> <Delay = 0.00>
ST_1 : Operation 208 [1/1] (0.00ns)   --->   "%input_features_casted_load_46_read = read i32 @_ssdm_op_Read.ap_auto.float, i32 %input_features_casted_load_46"   --->   Operation 208 'read' 'input_features_casted_load_46_read' <Predicate = true> <Delay = 0.00>
ST_1 : Operation 209 [1/1] (0.00ns)   --->   "%input_features_casted_load_45_read = read i32 @_ssdm_op_Read.ap_auto.float, i32 %input_features_casted_load_45"   --->   Operation 209 'read' 'input_features_casted_load_45_read' <Predicate = true> <Delay = 0.00>
ST_1 : Operation 210 [1/1] (0.00ns)   --->   "%input_features_casted_load_44_read = read i32 @_ssdm_op_Read.ap_auto.float, i32 %input_features_casted_load_44"   --->   Operation 210 'read' 'input_features_casted_load_44_read' <Predicate = true> <Delay = 0.00>
ST_1 : Operation 211 [1/1] (0.00ns)   --->   "%input_features_casted_load_43_read = read i32 @_ssdm_op_Read.ap_auto.float, i32 %input_features_casted_load_43"   --->   Operation 211 'read' 'input_features_casted_load_43_read' <Predicate = true> <Delay = 0.00>
ST_1 : Operation 212 [1/1] (0.00ns)   --->   "%input_features_casted_load_42_read = read i32 @_ssdm_op_Read.ap_auto.float, i32 %input_features_casted_load_42"   --->   Operation 212 'read' 'input_features_casted_load_42_read' <Predicate = true> <Delay = 0.00>
ST_1 : Operation 213 [1/1] (0.00ns)   --->   "%input_features_casted_load_41_read = read i32 @_ssdm_op_Read.ap_auto.float, i32 %input_features_casted_load_41"   --->   Operation 213 'read' 'input_features_casted_load_41_read' <Predicate = true> <Delay = 0.00>
ST_1 : Operation 214 [1/1] (0.00ns)   --->   "%input_features_casted_load_40_read = read i32 @_ssdm_op_Read.ap_auto.float, i32 %input_features_casted_load_40"   --->   Operation 214 'read' 'input_features_casted_load_40_read' <Predicate = true> <Delay = 0.00>
ST_1 : Operation 215 [1/1] (0.00ns)   --->   "%input_features_casted_load_39_read = read i32 @_ssdm_op_Read.ap_auto.float, i32 %input_features_casted_load_39"   --->   Operation 215 'read' 'input_features_casted_load_39_read' <Predicate = true> <Delay = 0.00>
ST_1 : Operation 216 [1/1] (0.00ns)   --->   "%input_features_casted_load_38_read = read i32 @_ssdm_op_Read.ap_auto.float, i32 %input_features_casted_load_38"   --->   Operation 216 'read' 'input_features_casted_load_38_read' <Predicate = true> <Delay = 0.00>
ST_1 : Operation 217 [1/1] (0.00ns)   --->   "%input_features_casted_load_37_read = read i32 @_ssdm_op_Read.ap_auto.float, i32 %input_features_casted_load_37"   --->   Operation 217 'read' 'input_features_casted_load_37_read' <Predicate = true> <Delay = 0.00>
ST_1 : Operation 218 [1/1] (0.00ns)   --->   "%input_features_casted_load_36_read = read i32 @_ssdm_op_Read.ap_auto.float, i32 %input_features_casted_load_36"   --->   Operation 218 'read' 'input_features_casted_load_36_read' <Predicate = true> <Delay = 0.00>
ST_1 : Operation 219 [1/1] (0.00ns)   --->   "%input_features_casted_load_35_read = read i32 @_ssdm_op_Read.ap_auto.float, i32 %input_features_casted_load_35"   --->   Operation 219 'read' 'input_features_casted_load_35_read' <Predicate = true> <Delay = 0.00>
ST_1 : Operation 220 [1/1] (0.00ns)   --->   "%input_features_casted_load_34_read = read i32 @_ssdm_op_Read.ap_auto.float, i32 %input_features_casted_load_34"   --->   Operation 220 'read' 'input_features_casted_load_34_read' <Predicate = true> <Delay = 0.00>
ST_1 : Operation 221 [1/1] (0.00ns)   --->   "%input_features_casted_load_33_read = read i32 @_ssdm_op_Read.ap_auto.float, i32 %input_features_casted_load_33"   --->   Operation 221 'read' 'input_features_casted_load_33_read' <Predicate = true> <Delay = 0.00>
ST_1 : Operation 222 [1/1] (0.00ns)   --->   "%input_features_casted_load_32_read = read i32 @_ssdm_op_Read.ap_auto.float, i32 %input_features_casted_load_32"   --->   Operation 222 'read' 'input_features_casted_load_32_read' <Predicate = true> <Delay = 0.00>
ST_1 : Operation 223 [1/1] (0.00ns)   --->   "%input_features_casted_load_31_read = read i32 @_ssdm_op_Read.ap_auto.float, i32 %input_features_casted_load_31"   --->   Operation 223 'read' 'input_features_casted_load_31_read' <Predicate = true> <Delay = 0.00>
ST_1 : Operation 224 [1/1] (0.00ns)   --->   "%input_features_casted_load_30_read = read i32 @_ssdm_op_Read.ap_auto.float, i32 %input_features_casted_load_30"   --->   Operation 224 'read' 'input_features_casted_load_30_read' <Predicate = true> <Delay = 0.00>
ST_1 : Operation 225 [1/1] (0.00ns)   --->   "%input_features_casted_load_29_read = read i32 @_ssdm_op_Read.ap_auto.float, i32 %input_features_casted_load_29"   --->   Operation 225 'read' 'input_features_casted_load_29_read' <Predicate = true> <Delay = 0.00>
ST_1 : Operation 226 [1/1] (0.00ns)   --->   "%input_features_casted_load_28_read = read i32 @_ssdm_op_Read.ap_auto.float, i32 %input_features_casted_load_28"   --->   Operation 226 'read' 'input_features_casted_load_28_read' <Predicate = true> <Delay = 0.00>
ST_1 : Operation 227 [1/1] (0.00ns)   --->   "%input_features_casted_load_27_read = read i32 @_ssdm_op_Read.ap_auto.float, i32 %input_features_casted_load_27"   --->   Operation 227 'read' 'input_features_casted_load_27_read' <Predicate = true> <Delay = 0.00>
ST_1 : Operation 228 [1/1] (0.00ns)   --->   "%input_features_casted_load_26_read = read i32 @_ssdm_op_Read.ap_auto.float, i32 %input_features_casted_load_26"   --->   Operation 228 'read' 'input_features_casted_load_26_read' <Predicate = true> <Delay = 0.00>
ST_1 : Operation 229 [1/1] (0.00ns)   --->   "%input_features_casted_load_25_read = read i32 @_ssdm_op_Read.ap_auto.float, i32 %input_features_casted_load_25"   --->   Operation 229 'read' 'input_features_casted_load_25_read' <Predicate = true> <Delay = 0.00>
ST_1 : Operation 230 [1/1] (0.00ns)   --->   "%input_features_casted_load_24_read = read i32 @_ssdm_op_Read.ap_auto.float, i32 %input_features_casted_load_24"   --->   Operation 230 'read' 'input_features_casted_load_24_read' <Predicate = true> <Delay = 0.00>
ST_1 : Operation 231 [1/1] (0.00ns)   --->   "%input_features_casted_load_23_read = read i32 @_ssdm_op_Read.ap_auto.float, i32 %input_features_casted_load_23"   --->   Operation 231 'read' 'input_features_casted_load_23_read' <Predicate = true> <Delay = 0.00>
ST_1 : Operation 232 [1/1] (0.00ns)   --->   "%input_features_casted_load_22_read = read i32 @_ssdm_op_Read.ap_auto.float, i32 %input_features_casted_load_22"   --->   Operation 232 'read' 'input_features_casted_load_22_read' <Predicate = true> <Delay = 0.00>
ST_1 : Operation 233 [1/1] (0.00ns)   --->   "%input_features_casted_load_21_read = read i32 @_ssdm_op_Read.ap_auto.float, i32 %input_features_casted_load_21"   --->   Operation 233 'read' 'input_features_casted_load_21_read' <Predicate = true> <Delay = 0.00>
ST_1 : Operation 234 [1/1] (0.00ns)   --->   "%input_features_casted_load_20_read = read i32 @_ssdm_op_Read.ap_auto.float, i32 %input_features_casted_load_20"   --->   Operation 234 'read' 'input_features_casted_load_20_read' <Predicate = true> <Delay = 0.00>
ST_1 : Operation 235 [1/1] (0.00ns)   --->   "%input_features_casted_load_19_read = read i32 @_ssdm_op_Read.ap_auto.float, i32 %input_features_casted_load_19"   --->   Operation 235 'read' 'input_features_casted_load_19_read' <Predicate = true> <Delay = 0.00>
ST_1 : Operation 236 [1/1] (0.00ns)   --->   "%input_features_casted_load_18_read = read i32 @_ssdm_op_Read.ap_auto.float, i32 %input_features_casted_load_18"   --->   Operation 236 'read' 'input_features_casted_load_18_read' <Predicate = true> <Delay = 0.00>
ST_1 : Operation 237 [1/1] (0.00ns)   --->   "%input_features_casted_load_17_read = read i32 @_ssdm_op_Read.ap_auto.float, i32 %input_features_casted_load_17"   --->   Operation 237 'read' 'input_features_casted_load_17_read' <Predicate = true> <Delay = 0.00>
ST_1 : Operation 238 [1/1] (0.00ns)   --->   "%input_features_casted_load_16_read = read i32 @_ssdm_op_Read.ap_auto.float, i32 %input_features_casted_load_16"   --->   Operation 238 'read' 'input_features_casted_load_16_read' <Predicate = true> <Delay = 0.00>
ST_1 : Operation 239 [1/1] (0.00ns)   --->   "%input_features_casted_load_15_read = read i32 @_ssdm_op_Read.ap_auto.float, i32 %input_features_casted_load_15"   --->   Operation 239 'read' 'input_features_casted_load_15_read' <Predicate = true> <Delay = 0.00>
ST_1 : Operation 240 [1/1] (0.00ns)   --->   "%input_features_casted_load_14_read = read i32 @_ssdm_op_Read.ap_auto.float, i32 %input_features_casted_load_14"   --->   Operation 240 'read' 'input_features_casted_load_14_read' <Predicate = true> <Delay = 0.00>
ST_1 : Operation 241 [1/1] (0.00ns)   --->   "%input_features_casted_load_13_read = read i32 @_ssdm_op_Read.ap_auto.float, i32 %input_features_casted_load_13"   --->   Operation 241 'read' 'input_features_casted_load_13_read' <Predicate = true> <Delay = 0.00>
ST_1 : Operation 242 [1/1] (0.00ns)   --->   "%input_features_casted_load_12_read = read i32 @_ssdm_op_Read.ap_auto.float, i32 %input_features_casted_load_12"   --->   Operation 242 'read' 'input_features_casted_load_12_read' <Predicate = true> <Delay = 0.00>
ST_1 : Operation 243 [1/1] (0.00ns)   --->   "%input_features_casted_load_11_read = read i32 @_ssdm_op_Read.ap_auto.float, i32 %input_features_casted_load_11"   --->   Operation 243 'read' 'input_features_casted_load_11_read' <Predicate = true> <Delay = 0.00>
ST_1 : Operation 244 [1/1] (0.00ns)   --->   "%input_features_casted_load_10_read = read i32 @_ssdm_op_Read.ap_auto.float, i32 %input_features_casted_load_10"   --->   Operation 244 'read' 'input_features_casted_load_10_read' <Predicate = true> <Delay = 0.00>
ST_1 : Operation 245 [1/1] (0.00ns)   --->   "%input_features_casted_load_9_read = read i32 @_ssdm_op_Read.ap_auto.float, i32 %input_features_casted_load_9"   --->   Operation 245 'read' 'input_features_casted_load_9_read' <Predicate = true> <Delay = 0.00>
ST_1 : Operation 246 [1/1] (0.00ns)   --->   "%input_features_casted_load_8_read = read i32 @_ssdm_op_Read.ap_auto.float, i32 %input_features_casted_load_8"   --->   Operation 246 'read' 'input_features_casted_load_8_read' <Predicate = true> <Delay = 0.00>
ST_1 : Operation 247 [1/1] (0.00ns)   --->   "%input_features_casted_load_7_read = read i32 @_ssdm_op_Read.ap_auto.float, i32 %input_features_casted_load_7"   --->   Operation 247 'read' 'input_features_casted_load_7_read' <Predicate = true> <Delay = 0.00>
ST_1 : Operation 248 [1/1] (0.00ns)   --->   "%input_features_casted_load_6_read = read i32 @_ssdm_op_Read.ap_auto.float, i32 %input_features_casted_load_6"   --->   Operation 248 'read' 'input_features_casted_load_6_read' <Predicate = true> <Delay = 0.00>
ST_1 : Operation 249 [1/1] (0.00ns)   --->   "%input_features_casted_load_5_read = read i32 @_ssdm_op_Read.ap_auto.float, i32 %input_features_casted_load_5"   --->   Operation 249 'read' 'input_features_casted_load_5_read' <Predicate = true> <Delay = 0.00>
ST_1 : Operation 250 [1/1] (0.00ns)   --->   "%input_features_casted_load_4_read = read i32 @_ssdm_op_Read.ap_auto.float, i32 %input_features_casted_load_4"   --->   Operation 250 'read' 'input_features_casted_load_4_read' <Predicate = true> <Delay = 0.00>
ST_1 : Operation 251 [1/1] (0.00ns)   --->   "%input_features_casted_load_3_read = read i32 @_ssdm_op_Read.ap_auto.float, i32 %input_features_casted_load_3"   --->   Operation 251 'read' 'input_features_casted_load_3_read' <Predicate = true> <Delay = 0.00>
ST_1 : Operation 252 [1/1] (0.00ns)   --->   "%input_features_casted_load_2_read = read i32 @_ssdm_op_Read.ap_auto.float, i32 %input_features_casted_load_2"   --->   Operation 252 'read' 'input_features_casted_load_2_read' <Predicate = true> <Delay = 0.00>
ST_1 : Operation 253 [1/1] (0.00ns)   --->   "%input_features_casted_load_1_read = read i32 @_ssdm_op_Read.ap_auto.float, i32 %input_features_casted_load_1"   --->   Operation 253 'read' 'input_features_casted_load_1_read' <Predicate = true> <Delay = 0.00>
ST_1 : Operation 254 [1/1] (0.00ns)   --->   "%input_features_casted_load_read = read i32 @_ssdm_op_Read.ap_auto.float, i32 %input_features_casted_load"   --->   Operation 254 'read' 'input_features_casted_load_read' <Predicate = true> <Delay = 0.00>
ST_1 : Operation 255 [1/1] (0.42ns)   --->   "%store_ln0 = store i5 0, i5 %i_1"   --->   Operation 255 'store' 'store_ln0' <Predicate = true> <Delay = 0.42>
ST_1 : Operation 256 [1/1] (0.00ns)   --->   "%br_ln0 = br void %VITIS_LOOP_79_4"   --->   Operation 256 'br' 'br_ln0' <Predicate = true> <Delay = 0.00>
ST_1 : Operation 257 [1/1] (0.00ns)   --->   "%i = load i5 %i_1" [../../../../HWSWAI/HLS/SampleDatasetMLP.cpp:77]   --->   Operation 257 'load' 'i' <Predicate = true> <Delay = 0.00>
ST_1 : Operation 258 [1/1] (0.00ns)   --->   "%specpipeline_ln0 = specpipeline void @_ssdm_op_SpecPipeline, i32 4294967295, i32 0, i32 1, i32 0, void @p_str"   --->   Operation 258 'specpipeline' 'specpipeline_ln0' <Predicate = true> <Delay = 0.00>
ST_1 : Operation 259 [1/1] (0.75ns)   --->   "%icmp_ln77 = icmp_eq  i5 %i, i5 24" [../../../../HWSWAI/HLS/SampleDatasetMLP.cpp:77]   --->   Operation 259 'icmp' 'icmp_ln77' <Predicate = true> <Delay = 0.75> <CoreInst = "Cmp">   --->   Core 9 'Cmp' <Latency = 0> <II = 1> <Delay = 0.75> <FuncUnit> <Opcode : 'icmp'> <InPorts = 2> <OutPorts = 1>
ST_1 : Operation 260 [1/1] (0.00ns)   --->   "%empty = speclooptripcount i32 @_ssdm_op_SpecLoopTripCount, i64 24, i64 24, i64 24"   --->   Operation 260 'speclooptripcount' 'empty' <Predicate = true> <Delay = 0.00>
ST_1 : Operation 261 [1/1] (0.78ns)   --->   "%add_ln77 = add i5 %i, i5 1" [../../../../HWSWAI/HLS/SampleDatasetMLP.cpp:77]   --->   Operation 261 'add' 'add_ln77' <Predicate = true> <Delay = 0.78> <CoreInst = "Adder">   --->   Core 1 'Adder' <Latency = 0> <II = 1> <Delay = 0.78> <FuncUnit> <Opcode : 'add' 'sub'> <InPorts = 2> <OutPorts = 1>
ST_1 : Operation 262 [1/1] (0.00ns)   --->   "%br_ln77 = br i1 %icmp_ln77, void %VITIS_LOOP_79_4.split, void %VITIS_LOOP_96_6.preheader.exitStub" [../../../../HWSWAI/HLS/SampleDatasetMLP.cpp:77]   --->   Operation 262 'br' 'br_ln77' <Predicate = true> <Delay = 0.00>
ST_1 : Operation 263 [1/1] (0.00ns)   --->   "%i_1_cast = zext i5 %i" [../../../../HWSWAI/HLS/SampleDatasetMLP.cpp:77]   --->   Operation 263 'zext' 'i_1_cast' <Predicate = (!icmp_ln77)> <Delay = 0.00>
ST_1 : Operation 264 [1/1] (0.00ns)   --->   "%weights_1_0_addr = getelementptr i32 %weights_1_0, i64 0, i64 %i_1_cast" [../../../../HWSWAI/HLS/SampleDatasetMLP.cpp:80]   --->   Operation 264 'getelementptr' 'weights_1_0_addr' <Predicate = (!icmp_ln77)> <Delay = 0.00>
ST_1 : Operation 265 [2/2] (0.67ns)   --->   "%weights_1_0_load = load i5 %weights_1_0_addr" [../../../../HWSWAI/HLS/SampleDatasetMLP.cpp:80]   --->   Operation 265 'load' 'weights_1_0_load' <Predicate = (!icmp_ln77)> <Delay = 0.67> <CoreInst = "ROM">   --->   Core 101 'ROM' <Latency = 1> <II = 1> <Delay = 0.67> <Storage> <Opcode : 'load'> <Ports = 0> <Width = 32> <Depth = 24> <ROM>
ST_1 : Operation 266 [1/1] (0.42ns)   --->   "%store_ln77 = store i5 %add_ln77, i5 %i_1" [../../../../HWSWAI/HLS/SampleDatasetMLP.cpp:77]   --->   Operation 266 'store' 'store_ln77' <Predicate = (!icmp_ln77)> <Delay = 0.42>

State 2 <SV = 1> <Delay = 0.67>
ST_2 : Operation 267 [1/2] (0.67ns)   --->   "%weights_1_0_load = load i5 %weights_1_0_addr" [../../../../HWSWAI/HLS/SampleDatasetMLP.cpp:80]   --->   Operation 267 'load' 'weights_1_0_load' <Predicate = true> <Delay = 0.67> <CoreInst = "ROM">   --->   Core 101 'ROM' <Latency = 1> <II = 1> <Delay = 0.67> <Storage> <Opcode : 'load'> <Ports = 0> <Width = 32> <Depth = 24> <ROM>

State 3 <SV = 2> <Delay = 7.01>
ST_3 : Operation 268 [3/3] (7.01ns)   --->   "%mul = fmul i32 %input_features_casted_load_read, i32 %weights_1_0_load" [../../../../HWSWAI/HLS/SampleDatasetMLP.cpp:80]   --->   Operation 268 'fmul' 'mul' <Predicate = true> <Delay = 7.01> <CoreInst = "FMul_maxdsp">   --->   Core 30 'FMul_maxdsp' <Latency = 2> <II = 1> <Delay = 7.01> <FuncUnit> <Opcode : 'fmul'> <InPorts = 2> <OutPorts = 1>

State 4 <SV = 3> <Delay = 7.01>
ST_4 : Operation 269 [2/3] (7.01ns)   --->   "%mul = fmul i32 %input_features_casted_load_read, i32 %weights_1_0_load" [../../../../HWSWAI/HLS/SampleDatasetMLP.cpp:80]   --->   Operation 269 'fmul' 'mul' <Predicate = true> <Delay = 7.01> <CoreInst = "FMul_maxdsp">   --->   Core 30 'FMul_maxdsp' <Latency = 2> <II = 1> <Delay = 7.01> <FuncUnit> <Opcode : 'fmul'> <InPorts = 2> <OutPorts = 1>

State 5 <SV = 4> <Delay = 7.01>
ST_5 : Operation 270 [1/3] (7.01ns)   --->   "%mul = fmul i32 %input_features_casted_load_read, i32 %weights_1_0_load" [../../../../HWSWAI/HLS/SampleDatasetMLP.cpp:80]   --->   Operation 270 'fmul' 'mul' <Predicate = true> <Delay = 7.01> <CoreInst = "FMul_maxdsp">   --->   Core 30 'FMul_maxdsp' <Latency = 2> <II = 1> <Delay = 7.01> <FuncUnit> <Opcode : 'fmul'> <InPorts = 2> <OutPorts = 1>
ST_5 : Operation 271 [1/1] (0.00ns)   --->   "%weights_1_1_addr = getelementptr i32 %weights_1_1, i64 0, i64 %i_1_cast" [../../../../HWSWAI/HLS/SampleDatasetMLP.cpp:80]   --->   Operation 271 'getelementptr' 'weights_1_1_addr' <Predicate = true> <Delay = 0.00>
ST_5 : Operation 272 [2/2] (0.67ns)   --->   "%weights_1_1_load = load i5 %weights_1_1_addr" [../../../../HWSWAI/HLS/SampleDatasetMLP.cpp:80]   --->   Operation 272 'load' 'weights_1_1_load' <Predicate = true> <Delay = 0.67> <CoreInst = "ROM">   --->   Core 101 'ROM' <Latency = 1> <II = 1> <Delay = 0.67> <Storage> <Opcode : 'load'> <Ports = 0> <Width = 32> <Depth = 24> <ROM>

State 6 <SV = 5> <Delay = 6.43>
ST_6 : Operation 273 [4/4] (6.43ns)   --->   "%add1 = fadd i32 %mul, i32 0" [../../../../HWSWAI/HLS/SampleDatasetMLP.cpp:80]   --->   Operation 273 'fadd' 'add1' <Predicate = true> <Delay = 6.43> <CoreInst = "FAddSub_fulldsp">   --->   Core 18 'FAddSub_fulldsp' <Latency = 3> <II = 1> <Delay = 6.43> <FuncUnit> <Opcode : 'fadd' 'fsub'> <InPorts = 2> <OutPorts = 1>
ST_6 : Operation 274 [1/2] (0.67ns)   --->   "%weights_1_1_load = load i5 %weights_1_1_addr" [../../../../HWSWAI/HLS/SampleDatasetMLP.cpp:80]   --->   Operation 274 'load' 'weights_1_1_load' <Predicate = true> <Delay = 0.67> <CoreInst = "ROM">   --->   Core 101 'ROM' <Latency = 1> <II = 1> <Delay = 0.67> <Storage> <Opcode : 'load'> <Ports = 0> <Width = 32> <Depth = 24> <ROM>

State 7 <SV = 6> <Delay = 7.01>
ST_7 : Operation 275 [3/4] (6.43ns)   --->   "%add1 = fadd i32 %mul, i32 0" [../../../../HWSWAI/HLS/SampleDatasetMLP.cpp:80]   --->   Operation 275 'fadd' 'add1' <Predicate = true> <Delay = 6.43> <CoreInst = "FAddSub_fulldsp">   --->   Core 18 'FAddSub_fulldsp' <Latency = 3> <II = 1> <Delay = 6.43> <FuncUnit> <Opcode : 'fadd' 'fsub'> <InPorts = 2> <OutPorts = 1>
ST_7 : Operation 276 [3/3] (7.01ns)   --->   "%mul_1 = fmul i32 %input_features_casted_load_1_read, i32 %weights_1_1_load" [../../../../HWSWAI/HLS/SampleDatasetMLP.cpp:80]   --->   Operation 276 'fmul' 'mul_1' <Predicate = true> <Delay = 7.01> <CoreInst = "FMul_maxdsp">   --->   Core 30 'FMul_maxdsp' <Latency = 2> <II = 1> <Delay = 7.01> <FuncUnit> <Opcode : 'fmul'> <InPorts = 2> <OutPorts = 1>

State 8 <SV = 7> <Delay = 7.01>
ST_8 : Operation 277 [2/4] (6.43ns)   --->   "%add1 = fadd i32 %mul, i32 0" [../../../../HWSWAI/HLS/SampleDatasetMLP.cpp:80]   --->   Operation 277 'fadd' 'add1' <Predicate = true> <Delay = 6.43> <CoreInst = "FAddSub_fulldsp">   --->   Core 18 'FAddSub_fulldsp' <Latency = 3> <II = 1> <Delay = 6.43> <FuncUnit> <Opcode : 'fadd' 'fsub'> <InPorts = 2> <OutPorts = 1>
ST_8 : Operation 278 [2/3] (7.01ns)   --->   "%mul_1 = fmul i32 %input_features_casted_load_1_read, i32 %weights_1_1_load" [../../../../HWSWAI/HLS/SampleDatasetMLP.cpp:80]   --->   Operation 278 'fmul' 'mul_1' <Predicate = true> <Delay = 7.01> <CoreInst = "FMul_maxdsp">   --->   Core 30 'FMul_maxdsp' <Latency = 2> <II = 1> <Delay = 7.01> <FuncUnit> <Opcode : 'fmul'> <InPorts = 2> <OutPorts = 1>

State 9 <SV = 8> <Delay = 7.01>
ST_9 : Operation 279 [1/4] (6.43ns)   --->   "%add1 = fadd i32 %mul, i32 0" [../../../../HWSWAI/HLS/SampleDatasetMLP.cpp:80]   --->   Operation 279 'fadd' 'add1' <Predicate = true> <Delay = 6.43> <CoreInst = "FAddSub_fulldsp">   --->   Core 18 'FAddSub_fulldsp' <Latency = 3> <II = 1> <Delay = 6.43> <FuncUnit> <Opcode : 'fadd' 'fsub'> <InPorts = 2> <OutPorts = 1>
ST_9 : Operation 280 [1/3] (7.01ns)   --->   "%mul_1 = fmul i32 %input_features_casted_load_1_read, i32 %weights_1_1_load" [../../../../HWSWAI/HLS/SampleDatasetMLP.cpp:80]   --->   Operation 280 'fmul' 'mul_1' <Predicate = true> <Delay = 7.01> <CoreInst = "FMul_maxdsp">   --->   Core 30 'FMul_maxdsp' <Latency = 2> <II = 1> <Delay = 7.01> <FuncUnit> <Opcode : 'fmul'> <InPorts = 2> <OutPorts = 1>
ST_9 : Operation 281 [1/1] (0.00ns)   --->   "%weights_1_2_addr = getelementptr i32 %weights_1_2, i64 0, i64 %i_1_cast" [../../../../HWSWAI/HLS/SampleDatasetMLP.cpp:80]   --->   Operation 281 'getelementptr' 'weights_1_2_addr' <Predicate = true> <Delay = 0.00>
ST_9 : Operation 282 [2/2] (0.67ns)   --->   "%weights_1_2_load = load i5 %weights_1_2_addr" [../../../../HWSWAI/HLS/SampleDatasetMLP.cpp:80]   --->   Operation 282 'load' 'weights_1_2_load' <Predicate = true> <Delay = 0.67> <CoreInst = "ROM">   --->   Core 101 'ROM' <Latency = 1> <II = 1> <Delay = 0.67> <Storage> <Opcode : 'load'> <Ports = 0> <Width = 32> <Depth = 24> <ROM>

State 10 <SV = 9> <Delay = 6.43>
ST_10 : Operation 283 [4/4] (6.43ns)   --->   "%add1_1 = fadd i32 %add1, i32 %mul_1" [../../../../HWSWAI/HLS/SampleDatasetMLP.cpp:80]   --->   Operation 283 'fadd' 'add1_1' <Predicate = true> <Delay = 6.43> <CoreInst = "FAddSub_fulldsp">   --->   Core 18 'FAddSub_fulldsp' <Latency = 3> <II = 1> <Delay = 6.43> <FuncUnit> <Opcode : 'fadd' 'fsub'> <InPorts = 2> <OutPorts = 1>
ST_10 : Operation 284 [1/2] (0.67ns)   --->   "%weights_1_2_load = load i5 %weights_1_2_addr" [../../../../HWSWAI/HLS/SampleDatasetMLP.cpp:80]   --->   Operation 284 'load' 'weights_1_2_load' <Predicate = true> <Delay = 0.67> <CoreInst = "ROM">   --->   Core 101 'ROM' <Latency = 1> <II = 1> <Delay = 0.67> <Storage> <Opcode : 'load'> <Ports = 0> <Width = 32> <Depth = 24> <ROM>

State 11 <SV = 10> <Delay = 7.01>
ST_11 : Operation 285 [3/4] (6.43ns)   --->   "%add1_1 = fadd i32 %add1, i32 %mul_1" [../../../../HWSWAI/HLS/SampleDatasetMLP.cpp:80]   --->   Operation 285 'fadd' 'add1_1' <Predicate = true> <Delay = 6.43> <CoreInst = "FAddSub_fulldsp">   --->   Core 18 'FAddSub_fulldsp' <Latency = 3> <II = 1> <Delay = 6.43> <FuncUnit> <Opcode : 'fadd' 'fsub'> <InPorts = 2> <OutPorts = 1>
ST_11 : Operation 286 [3/3] (7.01ns)   --->   "%mul_2 = fmul i32 %input_features_casted_load_2_read, i32 %weights_1_2_load" [../../../../HWSWAI/HLS/SampleDatasetMLP.cpp:80]   --->   Operation 286 'fmul' 'mul_2' <Predicate = true> <Delay = 7.01> <CoreInst = "FMul_maxdsp">   --->   Core 30 'FMul_maxdsp' <Latency = 2> <II = 1> <Delay = 7.01> <FuncUnit> <Opcode : 'fmul'> <InPorts = 2> <OutPorts = 1>

State 12 <SV = 11> <Delay = 7.01>
ST_12 : Operation 287 [2/4] (6.43ns)   --->   "%add1_1 = fadd i32 %add1, i32 %mul_1" [../../../../HWSWAI/HLS/SampleDatasetMLP.cpp:80]   --->   Operation 287 'fadd' 'add1_1' <Predicate = true> <Delay = 6.43> <CoreInst = "FAddSub_fulldsp">   --->   Core 18 'FAddSub_fulldsp' <Latency = 3> <II = 1> <Delay = 6.43> <FuncUnit> <Opcode : 'fadd' 'fsub'> <InPorts = 2> <OutPorts = 1>
ST_12 : Operation 288 [2/3] (7.01ns)   --->   "%mul_2 = fmul i32 %input_features_casted_load_2_read, i32 %weights_1_2_load" [../../../../HWSWAI/HLS/SampleDatasetMLP.cpp:80]   --->   Operation 288 'fmul' 'mul_2' <Predicate = true> <Delay = 7.01> <CoreInst = "FMul_maxdsp">   --->   Core 30 'FMul_maxdsp' <Latency = 2> <II = 1> <Delay = 7.01> <FuncUnit> <Opcode : 'fmul'> <InPorts = 2> <OutPorts = 1>

State 13 <SV = 12> <Delay = 7.01>
ST_13 : Operation 289 [1/4] (6.43ns)   --->   "%add1_1 = fadd i32 %add1, i32 %mul_1" [../../../../HWSWAI/HLS/SampleDatasetMLP.cpp:80]   --->   Operation 289 'fadd' 'add1_1' <Predicate = true> <Delay = 6.43> <CoreInst = "FAddSub_fulldsp">   --->   Core 18 'FAddSub_fulldsp' <Latency = 3> <II = 1> <Delay = 6.43> <FuncUnit> <Opcode : 'fadd' 'fsub'> <InPorts = 2> <OutPorts = 1>
ST_13 : Operation 290 [1/3] (7.01ns)   --->   "%mul_2 = fmul i32 %input_features_casted_load_2_read, i32 %weights_1_2_load" [../../../../HWSWAI/HLS/SampleDatasetMLP.cpp:80]   --->   Operation 290 'fmul' 'mul_2' <Predicate = true> <Delay = 7.01> <CoreInst = "FMul_maxdsp">   --->   Core 30 'FMul_maxdsp' <Latency = 2> <II = 1> <Delay = 7.01> <FuncUnit> <Opcode : 'fmul'> <InPorts = 2> <OutPorts = 1>
ST_13 : Operation 291 [1/1] (0.00ns)   --->   "%weights_1_3_addr = getelementptr i32 %weights_1_3, i64 0, i64 %i_1_cast" [../../../../HWSWAI/HLS/SampleDatasetMLP.cpp:80]   --->   Operation 291 'getelementptr' 'weights_1_3_addr' <Predicate = true> <Delay = 0.00>
ST_13 : Operation 292 [2/2] (0.67ns)   --->   "%weights_1_3_load = load i5 %weights_1_3_addr" [../../../../HWSWAI/HLS/SampleDatasetMLP.cpp:80]   --->   Operation 292 'load' 'weights_1_3_load' <Predicate = true> <Delay = 0.67> <CoreInst = "ROM">   --->   Core 101 'ROM' <Latency = 1> <II = 1> <Delay = 0.67> <Storage> <Opcode : 'load'> <Ports = 0> <Width = 32> <Depth = 24> <ROM>

State 14 <SV = 13> <Delay = 6.43>
ST_14 : Operation 293 [4/4] (6.43ns)   --->   "%add1_2 = fadd i32 %add1_1, i32 %mul_2" [../../../../HWSWAI/HLS/SampleDatasetMLP.cpp:80]   --->   Operation 293 'fadd' 'add1_2' <Predicate = true> <Delay = 6.43> <CoreInst = "FAddSub_fulldsp">   --->   Core 18 'FAddSub_fulldsp' <Latency = 3> <II = 1> <Delay = 6.43> <FuncUnit> <Opcode : 'fadd' 'fsub'> <InPorts = 2> <OutPorts = 1>
ST_14 : Operation 294 [1/2] (0.67ns)   --->   "%weights_1_3_load = load i5 %weights_1_3_addr" [../../../../HWSWAI/HLS/SampleDatasetMLP.cpp:80]   --->   Operation 294 'load' 'weights_1_3_load' <Predicate = true> <Delay = 0.67> <CoreInst = "ROM">   --->   Core 101 'ROM' <Latency = 1> <II = 1> <Delay = 0.67> <Storage> <Opcode : 'load'> <Ports = 0> <Width = 32> <Depth = 24> <ROM>

State 15 <SV = 14> <Delay = 7.01>
ST_15 : Operation 295 [3/4] (6.43ns)   --->   "%add1_2 = fadd i32 %add1_1, i32 %mul_2" [../../../../HWSWAI/HLS/SampleDatasetMLP.cpp:80]   --->   Operation 295 'fadd' 'add1_2' <Predicate = true> <Delay = 6.43> <CoreInst = "FAddSub_fulldsp">   --->   Core 18 'FAddSub_fulldsp' <Latency = 3> <II = 1> <Delay = 6.43> <FuncUnit> <Opcode : 'fadd' 'fsub'> <InPorts = 2> <OutPorts = 1>
ST_15 : Operation 296 [3/3] (7.01ns)   --->   "%mul_3 = fmul i32 %input_features_casted_load_3_read, i32 %weights_1_3_load" [../../../../HWSWAI/HLS/SampleDatasetMLP.cpp:80]   --->   Operation 296 'fmul' 'mul_3' <Predicate = true> <Delay = 7.01> <CoreInst = "FMul_maxdsp">   --->   Core 30 'FMul_maxdsp' <Latency = 2> <II = 1> <Delay = 7.01> <FuncUnit> <Opcode : 'fmul'> <InPorts = 2> <OutPorts = 1>

State 16 <SV = 15> <Delay = 7.01>
ST_16 : Operation 297 [2/4] (6.43ns)   --->   "%add1_2 = fadd i32 %add1_1, i32 %mul_2" [../../../../HWSWAI/HLS/SampleDatasetMLP.cpp:80]   --->   Operation 297 'fadd' 'add1_2' <Predicate = true> <Delay = 6.43> <CoreInst = "FAddSub_fulldsp">   --->   Core 18 'FAddSub_fulldsp' <Latency = 3> <II = 1> <Delay = 6.43> <FuncUnit> <Opcode : 'fadd' 'fsub'> <InPorts = 2> <OutPorts = 1>
ST_16 : Operation 298 [2/3] (7.01ns)   --->   "%mul_3 = fmul i32 %input_features_casted_load_3_read, i32 %weights_1_3_load" [../../../../HWSWAI/HLS/SampleDatasetMLP.cpp:80]   --->   Operation 298 'fmul' 'mul_3' <Predicate = true> <Delay = 7.01> <CoreInst = "FMul_maxdsp">   --->   Core 30 'FMul_maxdsp' <Latency = 2> <II = 1> <Delay = 7.01> <FuncUnit> <Opcode : 'fmul'> <InPorts = 2> <OutPorts = 1>

State 17 <SV = 16> <Delay = 7.01>
ST_17 : Operation 299 [1/4] (6.43ns)   --->   "%add1_2 = fadd i32 %add1_1, i32 %mul_2" [../../../../HWSWAI/HLS/SampleDatasetMLP.cpp:80]   --->   Operation 299 'fadd' 'add1_2' <Predicate = true> <Delay = 6.43> <CoreInst = "FAddSub_fulldsp">   --->   Core 18 'FAddSub_fulldsp' <Latency = 3> <II = 1> <Delay = 6.43> <FuncUnit> <Opcode : 'fadd' 'fsub'> <InPorts = 2> <OutPorts = 1>
ST_17 : Operation 300 [1/3] (7.01ns)   --->   "%mul_3 = fmul i32 %input_features_casted_load_3_read, i32 %weights_1_3_load" [../../../../HWSWAI/HLS/SampleDatasetMLP.cpp:80]   --->   Operation 300 'fmul' 'mul_3' <Predicate = true> <Delay = 7.01> <CoreInst = "FMul_maxdsp">   --->   Core 30 'FMul_maxdsp' <Latency = 2> <II = 1> <Delay = 7.01> <FuncUnit> <Opcode : 'fmul'> <InPorts = 2> <OutPorts = 1>
ST_17 : Operation 301 [1/1] (0.00ns)   --->   "%weights_1_4_addr = getelementptr i32 %weights_1_4, i64 0, i64 %i_1_cast" [../../../../HWSWAI/HLS/SampleDatasetMLP.cpp:80]   --->   Operation 301 'getelementptr' 'weights_1_4_addr' <Predicate = true> <Delay = 0.00>
ST_17 : Operation 302 [2/2] (0.67ns)   --->   "%weights_1_4_load = load i5 %weights_1_4_addr" [../../../../HWSWAI/HLS/SampleDatasetMLP.cpp:80]   --->   Operation 302 'load' 'weights_1_4_load' <Predicate = true> <Delay = 0.67> <CoreInst = "ROM">   --->   Core 101 'ROM' <Latency = 1> <II = 1> <Delay = 0.67> <Storage> <Opcode : 'load'> <Ports = 0> <Width = 32> <Depth = 24> <ROM>

State 18 <SV = 17> <Delay = 6.43>
ST_18 : Operation 303 [4/4] (6.43ns)   --->   "%add1_3 = fadd i32 %add1_2, i32 %mul_3" [../../../../HWSWAI/HLS/SampleDatasetMLP.cpp:80]   --->   Operation 303 'fadd' 'add1_3' <Predicate = true> <Delay = 6.43> <CoreInst = "FAddSub_fulldsp">   --->   Core 18 'FAddSub_fulldsp' <Latency = 3> <II = 1> <Delay = 6.43> <FuncUnit> <Opcode : 'fadd' 'fsub'> <InPorts = 2> <OutPorts = 1>
ST_18 : Operation 304 [1/2] (0.67ns)   --->   "%weights_1_4_load = load i5 %weights_1_4_addr" [../../../../HWSWAI/HLS/SampleDatasetMLP.cpp:80]   --->   Operation 304 'load' 'weights_1_4_load' <Predicate = true> <Delay = 0.67> <CoreInst = "ROM">   --->   Core 101 'ROM' <Latency = 1> <II = 1> <Delay = 0.67> <Storage> <Opcode : 'load'> <Ports = 0> <Width = 32> <Depth = 24> <ROM>

State 19 <SV = 18> <Delay = 7.01>
ST_19 : Operation 305 [3/4] (6.43ns)   --->   "%add1_3 = fadd i32 %add1_2, i32 %mul_3" [../../../../HWSWAI/HLS/SampleDatasetMLP.cpp:80]   --->   Operation 305 'fadd' 'add1_3' <Predicate = true> <Delay = 6.43> <CoreInst = "FAddSub_fulldsp">   --->   Core 18 'FAddSub_fulldsp' <Latency = 3> <II = 1> <Delay = 6.43> <FuncUnit> <Opcode : 'fadd' 'fsub'> <InPorts = 2> <OutPorts = 1>
ST_19 : Operation 306 [3/3] (7.01ns)   --->   "%mul_4 = fmul i32 %input_features_casted_load_4_read, i32 %weights_1_4_load" [../../../../HWSWAI/HLS/SampleDatasetMLP.cpp:80]   --->   Operation 306 'fmul' 'mul_4' <Predicate = true> <Delay = 7.01> <CoreInst = "FMul_maxdsp">   --->   Core 30 'FMul_maxdsp' <Latency = 2> <II = 1> <Delay = 7.01> <FuncUnit> <Opcode : 'fmul'> <InPorts = 2> <OutPorts = 1>

State 20 <SV = 19> <Delay = 7.01>
ST_20 : Operation 307 [2/4] (6.43ns)   --->   "%add1_3 = fadd i32 %add1_2, i32 %mul_3" [../../../../HWSWAI/HLS/SampleDatasetMLP.cpp:80]   --->   Operation 307 'fadd' 'add1_3' <Predicate = true> <Delay = 6.43> <CoreInst = "FAddSub_fulldsp">   --->   Core 18 'FAddSub_fulldsp' <Latency = 3> <II = 1> <Delay = 6.43> <FuncUnit> <Opcode : 'fadd' 'fsub'> <InPorts = 2> <OutPorts = 1>
ST_20 : Operation 308 [2/3] (7.01ns)   --->   "%mul_4 = fmul i32 %input_features_casted_load_4_read, i32 %weights_1_4_load" [../../../../HWSWAI/HLS/SampleDatasetMLP.cpp:80]   --->   Operation 308 'fmul' 'mul_4' <Predicate = true> <Delay = 7.01> <CoreInst = "FMul_maxdsp">   --->   Core 30 'FMul_maxdsp' <Latency = 2> <II = 1> <Delay = 7.01> <FuncUnit> <Opcode : 'fmul'> <InPorts = 2> <OutPorts = 1>

State 21 <SV = 20> <Delay = 7.01>
ST_21 : Operation 309 [1/4] (6.43ns)   --->   "%add1_3 = fadd i32 %add1_2, i32 %mul_3" [../../../../HWSWAI/HLS/SampleDatasetMLP.cpp:80]   --->   Operation 309 'fadd' 'add1_3' <Predicate = true> <Delay = 6.43> <CoreInst = "FAddSub_fulldsp">   --->   Core 18 'FAddSub_fulldsp' <Latency = 3> <II = 1> <Delay = 6.43> <FuncUnit> <Opcode : 'fadd' 'fsub'> <InPorts = 2> <OutPorts = 1>
ST_21 : Operation 310 [1/3] (7.01ns)   --->   "%mul_4 = fmul i32 %input_features_casted_load_4_read, i32 %weights_1_4_load" [../../../../HWSWAI/HLS/SampleDatasetMLP.cpp:80]   --->   Operation 310 'fmul' 'mul_4' <Predicate = true> <Delay = 7.01> <CoreInst = "FMul_maxdsp">   --->   Core 30 'FMul_maxdsp' <Latency = 2> <II = 1> <Delay = 7.01> <FuncUnit> <Opcode : 'fmul'> <InPorts = 2> <OutPorts = 1>
ST_21 : Operation 311 [1/1] (0.00ns)   --->   "%weights_1_5_addr = getelementptr i32 %weights_1_5, i64 0, i64 %i_1_cast" [../../../../HWSWAI/HLS/SampleDatasetMLP.cpp:80]   --->   Operation 311 'getelementptr' 'weights_1_5_addr' <Predicate = true> <Delay = 0.00>
ST_21 : Operation 312 [2/2] (0.67ns)   --->   "%weights_1_5_load = load i5 %weights_1_5_addr" [../../../../HWSWAI/HLS/SampleDatasetMLP.cpp:80]   --->   Operation 312 'load' 'weights_1_5_load' <Predicate = true> <Delay = 0.67> <CoreInst = "ROM">   --->   Core 101 'ROM' <Latency = 1> <II = 1> <Delay = 0.67> <Storage> <Opcode : 'load'> <Ports = 0> <Width = 32> <Depth = 24> <ROM>

State 22 <SV = 21> <Delay = 6.43>
ST_22 : Operation 313 [4/4] (6.43ns)   --->   "%add1_4 = fadd i32 %add1_3, i32 %mul_4" [../../../../HWSWAI/HLS/SampleDatasetMLP.cpp:80]   --->   Operation 313 'fadd' 'add1_4' <Predicate = true> <Delay = 6.43> <CoreInst = "FAddSub_fulldsp">   --->   Core 18 'FAddSub_fulldsp' <Latency = 3> <II = 1> <Delay = 6.43> <FuncUnit> <Opcode : 'fadd' 'fsub'> <InPorts = 2> <OutPorts = 1>
ST_22 : Operation 314 [1/2] (0.67ns)   --->   "%weights_1_5_load = load i5 %weights_1_5_addr" [../../../../HWSWAI/HLS/SampleDatasetMLP.cpp:80]   --->   Operation 314 'load' 'weights_1_5_load' <Predicate = true> <Delay = 0.67> <CoreInst = "ROM">   --->   Core 101 'ROM' <Latency = 1> <II = 1> <Delay = 0.67> <Storage> <Opcode : 'load'> <Ports = 0> <Width = 32> <Depth = 24> <ROM>

State 23 <SV = 22> <Delay = 7.01>
ST_23 : Operation 315 [3/4] (6.43ns)   --->   "%add1_4 = fadd i32 %add1_3, i32 %mul_4" [../../../../HWSWAI/HLS/SampleDatasetMLP.cpp:80]   --->   Operation 315 'fadd' 'add1_4' <Predicate = true> <Delay = 6.43> <CoreInst = "FAddSub_fulldsp">   --->   Core 18 'FAddSub_fulldsp' <Latency = 3> <II = 1> <Delay = 6.43> <FuncUnit> <Opcode : 'fadd' 'fsub'> <InPorts = 2> <OutPorts = 1>
ST_23 : Operation 316 [3/3] (7.01ns)   --->   "%mul_5 = fmul i32 %input_features_casted_load_5_read, i32 %weights_1_5_load" [../../../../HWSWAI/HLS/SampleDatasetMLP.cpp:80]   --->   Operation 316 'fmul' 'mul_5' <Predicate = true> <Delay = 7.01> <CoreInst = "FMul_maxdsp">   --->   Core 30 'FMul_maxdsp' <Latency = 2> <II = 1> <Delay = 7.01> <FuncUnit> <Opcode : 'fmul'> <InPorts = 2> <OutPorts = 1>

State 24 <SV = 23> <Delay = 7.01>
ST_24 : Operation 317 [2/4] (6.43ns)   --->   "%add1_4 = fadd i32 %add1_3, i32 %mul_4" [../../../../HWSWAI/HLS/SampleDatasetMLP.cpp:80]   --->   Operation 317 'fadd' 'add1_4' <Predicate = true> <Delay = 6.43> <CoreInst = "FAddSub_fulldsp">   --->   Core 18 'FAddSub_fulldsp' <Latency = 3> <II = 1> <Delay = 6.43> <FuncUnit> <Opcode : 'fadd' 'fsub'> <InPorts = 2> <OutPorts = 1>
ST_24 : Operation 318 [2/3] (7.01ns)   --->   "%mul_5 = fmul i32 %input_features_casted_load_5_read, i32 %weights_1_5_load" [../../../../HWSWAI/HLS/SampleDatasetMLP.cpp:80]   --->   Operation 318 'fmul' 'mul_5' <Predicate = true> <Delay = 7.01> <CoreInst = "FMul_maxdsp">   --->   Core 30 'FMul_maxdsp' <Latency = 2> <II = 1> <Delay = 7.01> <FuncUnit> <Opcode : 'fmul'> <InPorts = 2> <OutPorts = 1>

State 25 <SV = 24> <Delay = 7.01>
ST_25 : Operation 319 [1/4] (6.43ns)   --->   "%add1_4 = fadd i32 %add1_3, i32 %mul_4" [../../../../HWSWAI/HLS/SampleDatasetMLP.cpp:80]   --->   Operation 319 'fadd' 'add1_4' <Predicate = true> <Delay = 6.43> <CoreInst = "FAddSub_fulldsp">   --->   Core 18 'FAddSub_fulldsp' <Latency = 3> <II = 1> <Delay = 6.43> <FuncUnit> <Opcode : 'fadd' 'fsub'> <InPorts = 2> <OutPorts = 1>
ST_25 : Operation 320 [1/3] (7.01ns)   --->   "%mul_5 = fmul i32 %input_features_casted_load_5_read, i32 %weights_1_5_load" [../../../../HWSWAI/HLS/SampleDatasetMLP.cpp:80]   --->   Operation 320 'fmul' 'mul_5' <Predicate = true> <Delay = 7.01> <CoreInst = "FMul_maxdsp">   --->   Core 30 'FMul_maxdsp' <Latency = 2> <II = 1> <Delay = 7.01> <FuncUnit> <Opcode : 'fmul'> <InPorts = 2> <OutPorts = 1>
ST_25 : Operation 321 [1/1] (0.00ns)   --->   "%weights_1_6_addr = getelementptr i32 %weights_1_6, i64 0, i64 %i_1_cast" [../../../../HWSWAI/HLS/SampleDatasetMLP.cpp:80]   --->   Operation 321 'getelementptr' 'weights_1_6_addr' <Predicate = true> <Delay = 0.00>
ST_25 : Operation 322 [2/2] (0.67ns)   --->   "%weights_1_6_load = load i5 %weights_1_6_addr" [../../../../HWSWAI/HLS/SampleDatasetMLP.cpp:80]   --->   Operation 322 'load' 'weights_1_6_load' <Predicate = true> <Delay = 0.67> <CoreInst = "ROM">   --->   Core 101 'ROM' <Latency = 1> <II = 1> <Delay = 0.67> <Storage> <Opcode : 'load'> <Ports = 0> <Width = 32> <Depth = 24> <ROM>

State 26 <SV = 25> <Delay = 6.43>
ST_26 : Operation 323 [4/4] (6.43ns)   --->   "%add1_5 = fadd i32 %add1_4, i32 %mul_5" [../../../../HWSWAI/HLS/SampleDatasetMLP.cpp:80]   --->   Operation 323 'fadd' 'add1_5' <Predicate = true> <Delay = 6.43> <CoreInst = "FAddSub_fulldsp">   --->   Core 18 'FAddSub_fulldsp' <Latency = 3> <II = 1> <Delay = 6.43> <FuncUnit> <Opcode : 'fadd' 'fsub'> <InPorts = 2> <OutPorts = 1>
ST_26 : Operation 324 [1/2] (0.67ns)   --->   "%weights_1_6_load = load i5 %weights_1_6_addr" [../../../../HWSWAI/HLS/SampleDatasetMLP.cpp:80]   --->   Operation 324 'load' 'weights_1_6_load' <Predicate = true> <Delay = 0.67> <CoreInst = "ROM">   --->   Core 101 'ROM' <Latency = 1> <II = 1> <Delay = 0.67> <Storage> <Opcode : 'load'> <Ports = 0> <Width = 32> <Depth = 24> <ROM>

State 27 <SV = 26> <Delay = 7.01>
ST_27 : Operation 325 [3/4] (6.43ns)   --->   "%add1_5 = fadd i32 %add1_4, i32 %mul_5" [../../../../HWSWAI/HLS/SampleDatasetMLP.cpp:80]   --->   Operation 325 'fadd' 'add1_5' <Predicate = true> <Delay = 6.43> <CoreInst = "FAddSub_fulldsp">   --->   Core 18 'FAddSub_fulldsp' <Latency = 3> <II = 1> <Delay = 6.43> <FuncUnit> <Opcode : 'fadd' 'fsub'> <InPorts = 2> <OutPorts = 1>
ST_27 : Operation 326 [3/3] (7.01ns)   --->   "%mul_6 = fmul i32 %input_features_casted_load_6_read, i32 %weights_1_6_load" [../../../../HWSWAI/HLS/SampleDatasetMLP.cpp:80]   --->   Operation 326 'fmul' 'mul_6' <Predicate = true> <Delay = 7.01> <CoreInst = "FMul_maxdsp">   --->   Core 30 'FMul_maxdsp' <Latency = 2> <II = 1> <Delay = 7.01> <FuncUnit> <Opcode : 'fmul'> <InPorts = 2> <OutPorts = 1>

State 28 <SV = 27> <Delay = 7.01>
ST_28 : Operation 327 [2/4] (6.43ns)   --->   "%add1_5 = fadd i32 %add1_4, i32 %mul_5" [../../../../HWSWAI/HLS/SampleDatasetMLP.cpp:80]   --->   Operation 327 'fadd' 'add1_5' <Predicate = true> <Delay = 6.43> <CoreInst = "FAddSub_fulldsp">   --->   Core 18 'FAddSub_fulldsp' <Latency = 3> <II = 1> <Delay = 6.43> <FuncUnit> <Opcode : 'fadd' 'fsub'> <InPorts = 2> <OutPorts = 1>
ST_28 : Operation 328 [2/3] (7.01ns)   --->   "%mul_6 = fmul i32 %input_features_casted_load_6_read, i32 %weights_1_6_load" [../../../../HWSWAI/HLS/SampleDatasetMLP.cpp:80]   --->   Operation 328 'fmul' 'mul_6' <Predicate = true> <Delay = 7.01> <CoreInst = "FMul_maxdsp">   --->   Core 30 'FMul_maxdsp' <Latency = 2> <II = 1> <Delay = 7.01> <FuncUnit> <Opcode : 'fmul'> <InPorts = 2> <OutPorts = 1>

State 29 <SV = 28> <Delay = 7.01>
ST_29 : Operation 329 [1/4] (6.43ns)   --->   "%add1_5 = fadd i32 %add1_4, i32 %mul_5" [../../../../HWSWAI/HLS/SampleDatasetMLP.cpp:80]   --->   Operation 329 'fadd' 'add1_5' <Predicate = true> <Delay = 6.43> <CoreInst = "FAddSub_fulldsp">   --->   Core 18 'FAddSub_fulldsp' <Latency = 3> <II = 1> <Delay = 6.43> <FuncUnit> <Opcode : 'fadd' 'fsub'> <InPorts = 2> <OutPorts = 1>
ST_29 : Operation 330 [1/3] (7.01ns)   --->   "%mul_6 = fmul i32 %input_features_casted_load_6_read, i32 %weights_1_6_load" [../../../../HWSWAI/HLS/SampleDatasetMLP.cpp:80]   --->   Operation 330 'fmul' 'mul_6' <Predicate = true> <Delay = 7.01> <CoreInst = "FMul_maxdsp">   --->   Core 30 'FMul_maxdsp' <Latency = 2> <II = 1> <Delay = 7.01> <FuncUnit> <Opcode : 'fmul'> <InPorts = 2> <OutPorts = 1>
ST_29 : Operation 331 [1/1] (0.00ns)   --->   "%weights_1_7_addr = getelementptr i32 %weights_1_7, i64 0, i64 %i_1_cast" [../../../../HWSWAI/HLS/SampleDatasetMLP.cpp:80]   --->   Operation 331 'getelementptr' 'weights_1_7_addr' <Predicate = true> <Delay = 0.00>
ST_29 : Operation 332 [2/2] (0.67ns)   --->   "%weights_1_7_load = load i5 %weights_1_7_addr" [../../../../HWSWAI/HLS/SampleDatasetMLP.cpp:80]   --->   Operation 332 'load' 'weights_1_7_load' <Predicate = true> <Delay = 0.67> <CoreInst = "ROM">   --->   Core 101 'ROM' <Latency = 1> <II = 1> <Delay = 0.67> <Storage> <Opcode : 'load'> <Ports = 0> <Width = 32> <Depth = 24> <ROM>

State 30 <SV = 29> <Delay = 6.43>
ST_30 : Operation 333 [4/4] (6.43ns)   --->   "%add1_6 = fadd i32 %add1_5, i32 %mul_6" [../../../../HWSWAI/HLS/SampleDatasetMLP.cpp:80]   --->   Operation 333 'fadd' 'add1_6' <Predicate = true> <Delay = 6.43> <CoreInst = "FAddSub_fulldsp">   --->   Core 18 'FAddSub_fulldsp' <Latency = 3> <II = 1> <Delay = 6.43> <FuncUnit> <Opcode : 'fadd' 'fsub'> <InPorts = 2> <OutPorts = 1>
ST_30 : Operation 334 [1/2] (0.67ns)   --->   "%weights_1_7_load = load i5 %weights_1_7_addr" [../../../../HWSWAI/HLS/SampleDatasetMLP.cpp:80]   --->   Operation 334 'load' 'weights_1_7_load' <Predicate = true> <Delay = 0.67> <CoreInst = "ROM">   --->   Core 101 'ROM' <Latency = 1> <II = 1> <Delay = 0.67> <Storage> <Opcode : 'load'> <Ports = 0> <Width = 32> <Depth = 24> <ROM>

State 31 <SV = 30> <Delay = 7.01>
ST_31 : Operation 335 [3/4] (6.43ns)   --->   "%add1_6 = fadd i32 %add1_5, i32 %mul_6" [../../../../HWSWAI/HLS/SampleDatasetMLP.cpp:80]   --->   Operation 335 'fadd' 'add1_6' <Predicate = true> <Delay = 6.43> <CoreInst = "FAddSub_fulldsp">   --->   Core 18 'FAddSub_fulldsp' <Latency = 3> <II = 1> <Delay = 6.43> <FuncUnit> <Opcode : 'fadd' 'fsub'> <InPorts = 2> <OutPorts = 1>
ST_31 : Operation 336 [3/3] (7.01ns)   --->   "%mul_7 = fmul i32 %input_features_casted_load_7_read, i32 %weights_1_7_load" [../../../../HWSWAI/HLS/SampleDatasetMLP.cpp:80]   --->   Operation 336 'fmul' 'mul_7' <Predicate = true> <Delay = 7.01> <CoreInst = "FMul_maxdsp">   --->   Core 30 'FMul_maxdsp' <Latency = 2> <II = 1> <Delay = 7.01> <FuncUnit> <Opcode : 'fmul'> <InPorts = 2> <OutPorts = 1>

State 32 <SV = 31> <Delay = 7.01>
ST_32 : Operation 337 [2/4] (6.43ns)   --->   "%add1_6 = fadd i32 %add1_5, i32 %mul_6" [../../../../HWSWAI/HLS/SampleDatasetMLP.cpp:80]   --->   Operation 337 'fadd' 'add1_6' <Predicate = true> <Delay = 6.43> <CoreInst = "FAddSub_fulldsp">   --->   Core 18 'FAddSub_fulldsp' <Latency = 3> <II = 1> <Delay = 6.43> <FuncUnit> <Opcode : 'fadd' 'fsub'> <InPorts = 2> <OutPorts = 1>
ST_32 : Operation 338 [2/3] (7.01ns)   --->   "%mul_7 = fmul i32 %input_features_casted_load_7_read, i32 %weights_1_7_load" [../../../../HWSWAI/HLS/SampleDatasetMLP.cpp:80]   --->   Operation 338 'fmul' 'mul_7' <Predicate = true> <Delay = 7.01> <CoreInst = "FMul_maxdsp">   --->   Core 30 'FMul_maxdsp' <Latency = 2> <II = 1> <Delay = 7.01> <FuncUnit> <Opcode : 'fmul'> <InPorts = 2> <OutPorts = 1>

State 33 <SV = 32> <Delay = 7.01>
ST_33 : Operation 339 [1/4] (6.43ns)   --->   "%add1_6 = fadd i32 %add1_5, i32 %mul_6" [../../../../HWSWAI/HLS/SampleDatasetMLP.cpp:80]   --->   Operation 339 'fadd' 'add1_6' <Predicate = true> <Delay = 6.43> <CoreInst = "FAddSub_fulldsp">   --->   Core 18 'FAddSub_fulldsp' <Latency = 3> <II = 1> <Delay = 6.43> <FuncUnit> <Opcode : 'fadd' 'fsub'> <InPorts = 2> <OutPorts = 1>
ST_33 : Operation 340 [1/3] (7.01ns)   --->   "%mul_7 = fmul i32 %input_features_casted_load_7_read, i32 %weights_1_7_load" [../../../../HWSWAI/HLS/SampleDatasetMLP.cpp:80]   --->   Operation 340 'fmul' 'mul_7' <Predicate = true> <Delay = 7.01> <CoreInst = "FMul_maxdsp">   --->   Core 30 'FMul_maxdsp' <Latency = 2> <II = 1> <Delay = 7.01> <FuncUnit> <Opcode : 'fmul'> <InPorts = 2> <OutPorts = 1>
ST_33 : Operation 341 [1/1] (0.00ns)   --->   "%weights_1_8_addr = getelementptr i32 %weights_1_8, i64 0, i64 %i_1_cast" [../../../../HWSWAI/HLS/SampleDatasetMLP.cpp:80]   --->   Operation 341 'getelementptr' 'weights_1_8_addr' <Predicate = true> <Delay = 0.00>
ST_33 : Operation 342 [2/2] (0.67ns)   --->   "%weights_1_8_load = load i5 %weights_1_8_addr" [../../../../HWSWAI/HLS/SampleDatasetMLP.cpp:80]   --->   Operation 342 'load' 'weights_1_8_load' <Predicate = true> <Delay = 0.67> <CoreInst = "ROM">   --->   Core 101 'ROM' <Latency = 1> <II = 1> <Delay = 0.67> <Storage> <Opcode : 'load'> <Ports = 0> <Width = 32> <Depth = 24> <ROM>

State 34 <SV = 33> <Delay = 6.43>
ST_34 : Operation 343 [4/4] (6.43ns)   --->   "%add1_7 = fadd i32 %add1_6, i32 %mul_7" [../../../../HWSWAI/HLS/SampleDatasetMLP.cpp:80]   --->   Operation 343 'fadd' 'add1_7' <Predicate = true> <Delay = 6.43> <CoreInst = "FAddSub_fulldsp">   --->   Core 18 'FAddSub_fulldsp' <Latency = 3> <II = 1> <Delay = 6.43> <FuncUnit> <Opcode : 'fadd' 'fsub'> <InPorts = 2> <OutPorts = 1>
ST_34 : Operation 344 [1/2] (0.67ns)   --->   "%weights_1_8_load = load i5 %weights_1_8_addr" [../../../../HWSWAI/HLS/SampleDatasetMLP.cpp:80]   --->   Operation 344 'load' 'weights_1_8_load' <Predicate = true> <Delay = 0.67> <CoreInst = "ROM">   --->   Core 101 'ROM' <Latency = 1> <II = 1> <Delay = 0.67> <Storage> <Opcode : 'load'> <Ports = 0> <Width = 32> <Depth = 24> <ROM>

State 35 <SV = 34> <Delay = 7.01>
ST_35 : Operation 345 [3/4] (6.43ns)   --->   "%add1_7 = fadd i32 %add1_6, i32 %mul_7" [../../../../HWSWAI/HLS/SampleDatasetMLP.cpp:80]   --->   Operation 345 'fadd' 'add1_7' <Predicate = true> <Delay = 6.43> <CoreInst = "FAddSub_fulldsp">   --->   Core 18 'FAddSub_fulldsp' <Latency = 3> <II = 1> <Delay = 6.43> <FuncUnit> <Opcode : 'fadd' 'fsub'> <InPorts = 2> <OutPorts = 1>
ST_35 : Operation 346 [3/3] (7.01ns)   --->   "%mul_8 = fmul i32 %input_features_casted_load_8_read, i32 %weights_1_8_load" [../../../../HWSWAI/HLS/SampleDatasetMLP.cpp:80]   --->   Operation 346 'fmul' 'mul_8' <Predicate = true> <Delay = 7.01> <CoreInst = "FMul_maxdsp">   --->   Core 30 'FMul_maxdsp' <Latency = 2> <II = 1> <Delay = 7.01> <FuncUnit> <Opcode : 'fmul'> <InPorts = 2> <OutPorts = 1>

State 36 <SV = 35> <Delay = 7.01>
ST_36 : Operation 347 [2/4] (6.43ns)   --->   "%add1_7 = fadd i32 %add1_6, i32 %mul_7" [../../../../HWSWAI/HLS/SampleDatasetMLP.cpp:80]   --->   Operation 347 'fadd' 'add1_7' <Predicate = true> <Delay = 6.43> <CoreInst = "FAddSub_fulldsp">   --->   Core 18 'FAddSub_fulldsp' <Latency = 3> <II = 1> <Delay = 6.43> <FuncUnit> <Opcode : 'fadd' 'fsub'> <InPorts = 2> <OutPorts = 1>
ST_36 : Operation 348 [2/3] (7.01ns)   --->   "%mul_8 = fmul i32 %input_features_casted_load_8_read, i32 %weights_1_8_load" [../../../../HWSWAI/HLS/SampleDatasetMLP.cpp:80]   --->   Operation 348 'fmul' 'mul_8' <Predicate = true> <Delay = 7.01> <CoreInst = "FMul_maxdsp">   --->   Core 30 'FMul_maxdsp' <Latency = 2> <II = 1> <Delay = 7.01> <FuncUnit> <Opcode : 'fmul'> <InPorts = 2> <OutPorts = 1>

State 37 <SV = 36> <Delay = 7.01>
ST_37 : Operation 349 [1/4] (6.43ns)   --->   "%add1_7 = fadd i32 %add1_6, i32 %mul_7" [../../../../HWSWAI/HLS/SampleDatasetMLP.cpp:80]   --->   Operation 349 'fadd' 'add1_7' <Predicate = true> <Delay = 6.43> <CoreInst = "FAddSub_fulldsp">   --->   Core 18 'FAddSub_fulldsp' <Latency = 3> <II = 1> <Delay = 6.43> <FuncUnit> <Opcode : 'fadd' 'fsub'> <InPorts = 2> <OutPorts = 1>
ST_37 : Operation 350 [1/3] (7.01ns)   --->   "%mul_8 = fmul i32 %input_features_casted_load_8_read, i32 %weights_1_8_load" [../../../../HWSWAI/HLS/SampleDatasetMLP.cpp:80]   --->   Operation 350 'fmul' 'mul_8' <Predicate = true> <Delay = 7.01> <CoreInst = "FMul_maxdsp">   --->   Core 30 'FMul_maxdsp' <Latency = 2> <II = 1> <Delay = 7.01> <FuncUnit> <Opcode : 'fmul'> <InPorts = 2> <OutPorts = 1>
ST_37 : Operation 351 [1/1] (0.00ns)   --->   "%weights_1_9_addr = getelementptr i32 %weights_1_9, i64 0, i64 %i_1_cast" [../../../../HWSWAI/HLS/SampleDatasetMLP.cpp:80]   --->   Operation 351 'getelementptr' 'weights_1_9_addr' <Predicate = true> <Delay = 0.00>
ST_37 : Operation 352 [2/2] (0.67ns)   --->   "%weights_1_9_load = load i5 %weights_1_9_addr" [../../../../HWSWAI/HLS/SampleDatasetMLP.cpp:80]   --->   Operation 352 'load' 'weights_1_9_load' <Predicate = true> <Delay = 0.67> <CoreInst = "ROM">   --->   Core 101 'ROM' <Latency = 1> <II = 1> <Delay = 0.67> <Storage> <Opcode : 'load'> <Ports = 0> <Width = 32> <Depth = 24> <ROM>

State 38 <SV = 37> <Delay = 6.43>
ST_38 : Operation 353 [4/4] (6.43ns)   --->   "%add1_8 = fadd i32 %add1_7, i32 %mul_8" [../../../../HWSWAI/HLS/SampleDatasetMLP.cpp:80]   --->   Operation 353 'fadd' 'add1_8' <Predicate = true> <Delay = 6.43> <CoreInst = "FAddSub_fulldsp">   --->   Core 18 'FAddSub_fulldsp' <Latency = 3> <II = 1> <Delay = 6.43> <FuncUnit> <Opcode : 'fadd' 'fsub'> <InPorts = 2> <OutPorts = 1>
ST_38 : Operation 354 [1/2] (0.67ns)   --->   "%weights_1_9_load = load i5 %weights_1_9_addr" [../../../../HWSWAI/HLS/SampleDatasetMLP.cpp:80]   --->   Operation 354 'load' 'weights_1_9_load' <Predicate = true> <Delay = 0.67> <CoreInst = "ROM">   --->   Core 101 'ROM' <Latency = 1> <II = 1> <Delay = 0.67> <Storage> <Opcode : 'load'> <Ports = 0> <Width = 32> <Depth = 24> <ROM>

State 39 <SV = 38> <Delay = 7.01>
ST_39 : Operation 355 [3/4] (6.43ns)   --->   "%add1_8 = fadd i32 %add1_7, i32 %mul_8" [../../../../HWSWAI/HLS/SampleDatasetMLP.cpp:80]   --->   Operation 355 'fadd' 'add1_8' <Predicate = true> <Delay = 6.43> <CoreInst = "FAddSub_fulldsp">   --->   Core 18 'FAddSub_fulldsp' <Latency = 3> <II = 1> <Delay = 6.43> <FuncUnit> <Opcode : 'fadd' 'fsub'> <InPorts = 2> <OutPorts = 1>
ST_39 : Operation 356 [3/3] (7.01ns)   --->   "%mul_9 = fmul i32 %input_features_casted_load_9_read, i32 %weights_1_9_load" [../../../../HWSWAI/HLS/SampleDatasetMLP.cpp:80]   --->   Operation 356 'fmul' 'mul_9' <Predicate = true> <Delay = 7.01> <CoreInst = "FMul_maxdsp">   --->   Core 30 'FMul_maxdsp' <Latency = 2> <II = 1> <Delay = 7.01> <FuncUnit> <Opcode : 'fmul'> <InPorts = 2> <OutPorts = 1>

State 40 <SV = 39> <Delay = 7.01>
ST_40 : Operation 357 [2/4] (6.43ns)   --->   "%add1_8 = fadd i32 %add1_7, i32 %mul_8" [../../../../HWSWAI/HLS/SampleDatasetMLP.cpp:80]   --->   Operation 357 'fadd' 'add1_8' <Predicate = true> <Delay = 6.43> <CoreInst = "FAddSub_fulldsp">   --->   Core 18 'FAddSub_fulldsp' <Latency = 3> <II = 1> <Delay = 6.43> <FuncUnit> <Opcode : 'fadd' 'fsub'> <InPorts = 2> <OutPorts = 1>
ST_40 : Operation 358 [2/3] (7.01ns)   --->   "%mul_9 = fmul i32 %input_features_casted_load_9_read, i32 %weights_1_9_load" [../../../../HWSWAI/HLS/SampleDatasetMLP.cpp:80]   --->   Operation 358 'fmul' 'mul_9' <Predicate = true> <Delay = 7.01> <CoreInst = "FMul_maxdsp">   --->   Core 30 'FMul_maxdsp' <Latency = 2> <II = 1> <Delay = 7.01> <FuncUnit> <Opcode : 'fmul'> <InPorts = 2> <OutPorts = 1>

State 41 <SV = 40> <Delay = 7.01>
ST_41 : Operation 359 [1/4] (6.43ns)   --->   "%add1_8 = fadd i32 %add1_7, i32 %mul_8" [../../../../HWSWAI/HLS/SampleDatasetMLP.cpp:80]   --->   Operation 359 'fadd' 'add1_8' <Predicate = true> <Delay = 6.43> <CoreInst = "FAddSub_fulldsp">   --->   Core 18 'FAddSub_fulldsp' <Latency = 3> <II = 1> <Delay = 6.43> <FuncUnit> <Opcode : 'fadd' 'fsub'> <InPorts = 2> <OutPorts = 1>
ST_41 : Operation 360 [1/3] (7.01ns)   --->   "%mul_9 = fmul i32 %input_features_casted_load_9_read, i32 %weights_1_9_load" [../../../../HWSWAI/HLS/SampleDatasetMLP.cpp:80]   --->   Operation 360 'fmul' 'mul_9' <Predicate = true> <Delay = 7.01> <CoreInst = "FMul_maxdsp">   --->   Core 30 'FMul_maxdsp' <Latency = 2> <II = 1> <Delay = 7.01> <FuncUnit> <Opcode : 'fmul'> <InPorts = 2> <OutPorts = 1>
ST_41 : Operation 361 [1/1] (0.00ns)   --->   "%weights_1_10_addr = getelementptr i32 %weights_1_10, i64 0, i64 %i_1_cast" [../../../../HWSWAI/HLS/SampleDatasetMLP.cpp:80]   --->   Operation 361 'getelementptr' 'weights_1_10_addr' <Predicate = true> <Delay = 0.00>
ST_41 : Operation 362 [2/2] (0.67ns)   --->   "%weights_1_10_load = load i5 %weights_1_10_addr" [../../../../HWSWAI/HLS/SampleDatasetMLP.cpp:80]   --->   Operation 362 'load' 'weights_1_10_load' <Predicate = true> <Delay = 0.67> <CoreInst = "ROM">   --->   Core 101 'ROM' <Latency = 1> <II = 1> <Delay = 0.67> <Storage> <Opcode : 'load'> <Ports = 0> <Width = 32> <Depth = 24> <ROM>

State 42 <SV = 41> <Delay = 6.43>
ST_42 : Operation 363 [4/4] (6.43ns)   --->   "%add1_9 = fadd i32 %add1_8, i32 %mul_9" [../../../../HWSWAI/HLS/SampleDatasetMLP.cpp:80]   --->   Operation 363 'fadd' 'add1_9' <Predicate = true> <Delay = 6.43> <CoreInst = "FAddSub_fulldsp">   --->   Core 18 'FAddSub_fulldsp' <Latency = 3> <II = 1> <Delay = 6.43> <FuncUnit> <Opcode : 'fadd' 'fsub'> <InPorts = 2> <OutPorts = 1>
ST_42 : Operation 364 [1/2] (0.67ns)   --->   "%weights_1_10_load = load i5 %weights_1_10_addr" [../../../../HWSWAI/HLS/SampleDatasetMLP.cpp:80]   --->   Operation 364 'load' 'weights_1_10_load' <Predicate = true> <Delay = 0.67> <CoreInst = "ROM">   --->   Core 101 'ROM' <Latency = 1> <II = 1> <Delay = 0.67> <Storage> <Opcode : 'load'> <Ports = 0> <Width = 32> <Depth = 24> <ROM>

State 43 <SV = 42> <Delay = 7.01>
ST_43 : Operation 365 [3/4] (6.43ns)   --->   "%add1_9 = fadd i32 %add1_8, i32 %mul_9" [../../../../HWSWAI/HLS/SampleDatasetMLP.cpp:80]   --->   Operation 365 'fadd' 'add1_9' <Predicate = true> <Delay = 6.43> <CoreInst = "FAddSub_fulldsp">   --->   Core 18 'FAddSub_fulldsp' <Latency = 3> <II = 1> <Delay = 6.43> <FuncUnit> <Opcode : 'fadd' 'fsub'> <InPorts = 2> <OutPorts = 1>
ST_43 : Operation 366 [3/3] (7.01ns)   --->   "%mul_s = fmul i32 %input_features_casted_load_10_read, i32 %weights_1_10_load" [../../../../HWSWAI/HLS/SampleDatasetMLP.cpp:80]   --->   Operation 366 'fmul' 'mul_s' <Predicate = true> <Delay = 7.01> <CoreInst = "FMul_maxdsp">   --->   Core 30 'FMul_maxdsp' <Latency = 2> <II = 1> <Delay = 7.01> <FuncUnit> <Opcode : 'fmul'> <InPorts = 2> <OutPorts = 1>

State 44 <SV = 43> <Delay = 7.01>
ST_44 : Operation 367 [2/4] (6.43ns)   --->   "%add1_9 = fadd i32 %add1_8, i32 %mul_9" [../../../../HWSWAI/HLS/SampleDatasetMLP.cpp:80]   --->   Operation 367 'fadd' 'add1_9' <Predicate = true> <Delay = 6.43> <CoreInst = "FAddSub_fulldsp">   --->   Core 18 'FAddSub_fulldsp' <Latency = 3> <II = 1> <Delay = 6.43> <FuncUnit> <Opcode : 'fadd' 'fsub'> <InPorts = 2> <OutPorts = 1>
ST_44 : Operation 368 [2/3] (7.01ns)   --->   "%mul_s = fmul i32 %input_features_casted_load_10_read, i32 %weights_1_10_load" [../../../../HWSWAI/HLS/SampleDatasetMLP.cpp:80]   --->   Operation 368 'fmul' 'mul_s' <Predicate = true> <Delay = 7.01> <CoreInst = "FMul_maxdsp">   --->   Core 30 'FMul_maxdsp' <Latency = 2> <II = 1> <Delay = 7.01> <FuncUnit> <Opcode : 'fmul'> <InPorts = 2> <OutPorts = 1>

State 45 <SV = 44> <Delay = 7.01>
ST_45 : Operation 369 [1/4] (6.43ns)   --->   "%add1_9 = fadd i32 %add1_8, i32 %mul_9" [../../../../HWSWAI/HLS/SampleDatasetMLP.cpp:80]   --->   Operation 369 'fadd' 'add1_9' <Predicate = true> <Delay = 6.43> <CoreInst = "FAddSub_fulldsp">   --->   Core 18 'FAddSub_fulldsp' <Latency = 3> <II = 1> <Delay = 6.43> <FuncUnit> <Opcode : 'fadd' 'fsub'> <InPorts = 2> <OutPorts = 1>
ST_45 : Operation 370 [1/3] (7.01ns)   --->   "%mul_s = fmul i32 %input_features_casted_load_10_read, i32 %weights_1_10_load" [../../../../HWSWAI/HLS/SampleDatasetMLP.cpp:80]   --->   Operation 370 'fmul' 'mul_s' <Predicate = true> <Delay = 7.01> <CoreInst = "FMul_maxdsp">   --->   Core 30 'FMul_maxdsp' <Latency = 2> <II = 1> <Delay = 7.01> <FuncUnit> <Opcode : 'fmul'> <InPorts = 2> <OutPorts = 1>
ST_45 : Operation 371 [1/1] (0.00ns)   --->   "%weights_1_11_addr = getelementptr i32 %weights_1_11, i64 0, i64 %i_1_cast" [../../../../HWSWAI/HLS/SampleDatasetMLP.cpp:80]   --->   Operation 371 'getelementptr' 'weights_1_11_addr' <Predicate = true> <Delay = 0.00>
ST_45 : Operation 372 [2/2] (0.67ns)   --->   "%weights_1_11_load = load i5 %weights_1_11_addr" [../../../../HWSWAI/HLS/SampleDatasetMLP.cpp:80]   --->   Operation 372 'load' 'weights_1_11_load' <Predicate = true> <Delay = 0.67> <CoreInst = "ROM">   --->   Core 101 'ROM' <Latency = 1> <II = 1> <Delay = 0.67> <Storage> <Opcode : 'load'> <Ports = 0> <Width = 32> <Depth = 24> <ROM>

State 46 <SV = 45> <Delay = 6.43>
ST_46 : Operation 373 [4/4] (6.43ns)   --->   "%add1_s = fadd i32 %add1_9, i32 %mul_s" [../../../../HWSWAI/HLS/SampleDatasetMLP.cpp:80]   --->   Operation 373 'fadd' 'add1_s' <Predicate = true> <Delay = 6.43> <CoreInst = "FAddSub_fulldsp">   --->   Core 18 'FAddSub_fulldsp' <Latency = 3> <II = 1> <Delay = 6.43> <FuncUnit> <Opcode : 'fadd' 'fsub'> <InPorts = 2> <OutPorts = 1>
ST_46 : Operation 374 [1/2] (0.67ns)   --->   "%weights_1_11_load = load i5 %weights_1_11_addr" [../../../../HWSWAI/HLS/SampleDatasetMLP.cpp:80]   --->   Operation 374 'load' 'weights_1_11_load' <Predicate = true> <Delay = 0.67> <CoreInst = "ROM">   --->   Core 101 'ROM' <Latency = 1> <II = 1> <Delay = 0.67> <Storage> <Opcode : 'load'> <Ports = 0> <Width = 32> <Depth = 24> <ROM>

State 47 <SV = 46> <Delay = 7.01>
ST_47 : Operation 375 [3/4] (6.43ns)   --->   "%add1_s = fadd i32 %add1_9, i32 %mul_s" [../../../../HWSWAI/HLS/SampleDatasetMLP.cpp:80]   --->   Operation 375 'fadd' 'add1_s' <Predicate = true> <Delay = 6.43> <CoreInst = "FAddSub_fulldsp">   --->   Core 18 'FAddSub_fulldsp' <Latency = 3> <II = 1> <Delay = 6.43> <FuncUnit> <Opcode : 'fadd' 'fsub'> <InPorts = 2> <OutPorts = 1>
ST_47 : Operation 376 [3/3] (7.01ns)   --->   "%mul_10 = fmul i32 %input_features_casted_load_11_read, i32 %weights_1_11_load" [../../../../HWSWAI/HLS/SampleDatasetMLP.cpp:80]   --->   Operation 376 'fmul' 'mul_10' <Predicate = true> <Delay = 7.01> <CoreInst = "FMul_maxdsp">   --->   Core 30 'FMul_maxdsp' <Latency = 2> <II = 1> <Delay = 7.01> <FuncUnit> <Opcode : 'fmul'> <InPorts = 2> <OutPorts = 1>

State 48 <SV = 47> <Delay = 7.01>
ST_48 : Operation 377 [2/4] (6.43ns)   --->   "%add1_s = fadd i32 %add1_9, i32 %mul_s" [../../../../HWSWAI/HLS/SampleDatasetMLP.cpp:80]   --->   Operation 377 'fadd' 'add1_s' <Predicate = true> <Delay = 6.43> <CoreInst = "FAddSub_fulldsp">   --->   Core 18 'FAddSub_fulldsp' <Latency = 3> <II = 1> <Delay = 6.43> <FuncUnit> <Opcode : 'fadd' 'fsub'> <InPorts = 2> <OutPorts = 1>
ST_48 : Operation 378 [2/3] (7.01ns)   --->   "%mul_10 = fmul i32 %input_features_casted_load_11_read, i32 %weights_1_11_load" [../../../../HWSWAI/HLS/SampleDatasetMLP.cpp:80]   --->   Operation 378 'fmul' 'mul_10' <Predicate = true> <Delay = 7.01> <CoreInst = "FMul_maxdsp">   --->   Core 30 'FMul_maxdsp' <Latency = 2> <II = 1> <Delay = 7.01> <FuncUnit> <Opcode : 'fmul'> <InPorts = 2> <OutPorts = 1>

State 49 <SV = 48> <Delay = 7.01>
ST_49 : Operation 379 [1/4] (6.43ns)   --->   "%add1_s = fadd i32 %add1_9, i32 %mul_s" [../../../../HWSWAI/HLS/SampleDatasetMLP.cpp:80]   --->   Operation 379 'fadd' 'add1_s' <Predicate = true> <Delay = 6.43> <CoreInst = "FAddSub_fulldsp">   --->   Core 18 'FAddSub_fulldsp' <Latency = 3> <II = 1> <Delay = 6.43> <FuncUnit> <Opcode : 'fadd' 'fsub'> <InPorts = 2> <OutPorts = 1>
ST_49 : Operation 380 [1/3] (7.01ns)   --->   "%mul_10 = fmul i32 %input_features_casted_load_11_read, i32 %weights_1_11_load" [../../../../HWSWAI/HLS/SampleDatasetMLP.cpp:80]   --->   Operation 380 'fmul' 'mul_10' <Predicate = true> <Delay = 7.01> <CoreInst = "FMul_maxdsp">   --->   Core 30 'FMul_maxdsp' <Latency = 2> <II = 1> <Delay = 7.01> <FuncUnit> <Opcode : 'fmul'> <InPorts = 2> <OutPorts = 1>
ST_49 : Operation 381 [1/1] (0.00ns)   --->   "%weights_1_12_addr = getelementptr i32 %weights_1_12, i64 0, i64 %i_1_cast" [../../../../HWSWAI/HLS/SampleDatasetMLP.cpp:80]   --->   Operation 381 'getelementptr' 'weights_1_12_addr' <Predicate = true> <Delay = 0.00>
ST_49 : Operation 382 [2/2] (0.67ns)   --->   "%weights_1_12_load = load i5 %weights_1_12_addr" [../../../../HWSWAI/HLS/SampleDatasetMLP.cpp:80]   --->   Operation 382 'load' 'weights_1_12_load' <Predicate = true> <Delay = 0.67> <CoreInst = "ROM">   --->   Core 101 'ROM' <Latency = 1> <II = 1> <Delay = 0.67> <Storage> <Opcode : 'load'> <Ports = 0> <Width = 32> <Depth = 24> <ROM>

State 50 <SV = 49> <Delay = 6.43>
ST_50 : Operation 383 [4/4] (6.43ns)   --->   "%add1_10 = fadd i32 %add1_s, i32 %mul_10" [../../../../HWSWAI/HLS/SampleDatasetMLP.cpp:80]   --->   Operation 383 'fadd' 'add1_10' <Predicate = true> <Delay = 6.43> <CoreInst = "FAddSub_fulldsp">   --->   Core 18 'FAddSub_fulldsp' <Latency = 3> <II = 1> <Delay = 6.43> <FuncUnit> <Opcode : 'fadd' 'fsub'> <InPorts = 2> <OutPorts = 1>
ST_50 : Operation 384 [1/2] (0.67ns)   --->   "%weights_1_12_load = load i5 %weights_1_12_addr" [../../../../HWSWAI/HLS/SampleDatasetMLP.cpp:80]   --->   Operation 384 'load' 'weights_1_12_load' <Predicate = true> <Delay = 0.67> <CoreInst = "ROM">   --->   Core 101 'ROM' <Latency = 1> <II = 1> <Delay = 0.67> <Storage> <Opcode : 'load'> <Ports = 0> <Width = 32> <Depth = 24> <ROM>

State 51 <SV = 50> <Delay = 7.01>
ST_51 : Operation 385 [3/4] (6.43ns)   --->   "%add1_10 = fadd i32 %add1_s, i32 %mul_10" [../../../../HWSWAI/HLS/SampleDatasetMLP.cpp:80]   --->   Operation 385 'fadd' 'add1_10' <Predicate = true> <Delay = 6.43> <CoreInst = "FAddSub_fulldsp">   --->   Core 18 'FAddSub_fulldsp' <Latency = 3> <II = 1> <Delay = 6.43> <FuncUnit> <Opcode : 'fadd' 'fsub'> <InPorts = 2> <OutPorts = 1>
ST_51 : Operation 386 [3/3] (7.01ns)   --->   "%mul_11 = fmul i32 %input_features_casted_load_12_read, i32 %weights_1_12_load" [../../../../HWSWAI/HLS/SampleDatasetMLP.cpp:80]   --->   Operation 386 'fmul' 'mul_11' <Predicate = true> <Delay = 7.01> <CoreInst = "FMul_maxdsp">   --->   Core 30 'FMul_maxdsp' <Latency = 2> <II = 1> <Delay = 7.01> <FuncUnit> <Opcode : 'fmul'> <InPorts = 2> <OutPorts = 1>

State 52 <SV = 51> <Delay = 7.01>
ST_52 : Operation 387 [2/4] (6.43ns)   --->   "%add1_10 = fadd i32 %add1_s, i32 %mul_10" [../../../../HWSWAI/HLS/SampleDatasetMLP.cpp:80]   --->   Operation 387 'fadd' 'add1_10' <Predicate = true> <Delay = 6.43> <CoreInst = "FAddSub_fulldsp">   --->   Core 18 'FAddSub_fulldsp' <Latency = 3> <II = 1> <Delay = 6.43> <FuncUnit> <Opcode : 'fadd' 'fsub'> <InPorts = 2> <OutPorts = 1>
ST_52 : Operation 388 [2/3] (7.01ns)   --->   "%mul_11 = fmul i32 %input_features_casted_load_12_read, i32 %weights_1_12_load" [../../../../HWSWAI/HLS/SampleDatasetMLP.cpp:80]   --->   Operation 388 'fmul' 'mul_11' <Predicate = true> <Delay = 7.01> <CoreInst = "FMul_maxdsp">   --->   Core 30 'FMul_maxdsp' <Latency = 2> <II = 1> <Delay = 7.01> <FuncUnit> <Opcode : 'fmul'> <InPorts = 2> <OutPorts = 1>

State 53 <SV = 52> <Delay = 7.01>
ST_53 : Operation 389 [1/4] (6.43ns)   --->   "%add1_10 = fadd i32 %add1_s, i32 %mul_10" [../../../../HWSWAI/HLS/SampleDatasetMLP.cpp:80]   --->   Operation 389 'fadd' 'add1_10' <Predicate = true> <Delay = 6.43> <CoreInst = "FAddSub_fulldsp">   --->   Core 18 'FAddSub_fulldsp' <Latency = 3> <II = 1> <Delay = 6.43> <FuncUnit> <Opcode : 'fadd' 'fsub'> <InPorts = 2> <OutPorts = 1>
ST_53 : Operation 390 [1/3] (7.01ns)   --->   "%mul_11 = fmul i32 %input_features_casted_load_12_read, i32 %weights_1_12_load" [../../../../HWSWAI/HLS/SampleDatasetMLP.cpp:80]   --->   Operation 390 'fmul' 'mul_11' <Predicate = true> <Delay = 7.01> <CoreInst = "FMul_maxdsp">   --->   Core 30 'FMul_maxdsp' <Latency = 2> <II = 1> <Delay = 7.01> <FuncUnit> <Opcode : 'fmul'> <InPorts = 2> <OutPorts = 1>
ST_53 : Operation 391 [1/1] (0.00ns)   --->   "%weights_1_13_addr = getelementptr i32 %weights_1_13, i64 0, i64 %i_1_cast" [../../../../HWSWAI/HLS/SampleDatasetMLP.cpp:80]   --->   Operation 391 'getelementptr' 'weights_1_13_addr' <Predicate = true> <Delay = 0.00>
ST_53 : Operation 392 [2/2] (0.67ns)   --->   "%weights_1_13_load = load i5 %weights_1_13_addr" [../../../../HWSWAI/HLS/SampleDatasetMLP.cpp:80]   --->   Operation 392 'load' 'weights_1_13_load' <Predicate = true> <Delay = 0.67> <CoreInst = "ROM">   --->   Core 101 'ROM' <Latency = 1> <II = 1> <Delay = 0.67> <Storage> <Opcode : 'load'> <Ports = 0> <Width = 32> <Depth = 24> <ROM>

State 54 <SV = 53> <Delay = 6.43>
ST_54 : Operation 393 [4/4] (6.43ns)   --->   "%add1_11 = fadd i32 %add1_10, i32 %mul_11" [../../../../HWSWAI/HLS/SampleDatasetMLP.cpp:80]   --->   Operation 393 'fadd' 'add1_11' <Predicate = true> <Delay = 6.43> <CoreInst = "FAddSub_fulldsp">   --->   Core 18 'FAddSub_fulldsp' <Latency = 3> <II = 1> <Delay = 6.43> <FuncUnit> <Opcode : 'fadd' 'fsub'> <InPorts = 2> <OutPorts = 1>
ST_54 : Operation 394 [1/2] (0.67ns)   --->   "%weights_1_13_load = load i5 %weights_1_13_addr" [../../../../HWSWAI/HLS/SampleDatasetMLP.cpp:80]   --->   Operation 394 'load' 'weights_1_13_load' <Predicate = true> <Delay = 0.67> <CoreInst = "ROM">   --->   Core 101 'ROM' <Latency = 1> <II = 1> <Delay = 0.67> <Storage> <Opcode : 'load'> <Ports = 0> <Width = 32> <Depth = 24> <ROM>

State 55 <SV = 54> <Delay = 7.01>
ST_55 : Operation 395 [3/4] (6.43ns)   --->   "%add1_11 = fadd i32 %add1_10, i32 %mul_11" [../../../../HWSWAI/HLS/SampleDatasetMLP.cpp:80]   --->   Operation 395 'fadd' 'add1_11' <Predicate = true> <Delay = 6.43> <CoreInst = "FAddSub_fulldsp">   --->   Core 18 'FAddSub_fulldsp' <Latency = 3> <II = 1> <Delay = 6.43> <FuncUnit> <Opcode : 'fadd' 'fsub'> <InPorts = 2> <OutPorts = 1>
ST_55 : Operation 396 [3/3] (7.01ns)   --->   "%mul_12 = fmul i32 %input_features_casted_load_13_read, i32 %weights_1_13_load" [../../../../HWSWAI/HLS/SampleDatasetMLP.cpp:80]   --->   Operation 396 'fmul' 'mul_12' <Predicate = true> <Delay = 7.01> <CoreInst = "FMul_maxdsp">   --->   Core 30 'FMul_maxdsp' <Latency = 2> <II = 1> <Delay = 7.01> <FuncUnit> <Opcode : 'fmul'> <InPorts = 2> <OutPorts = 1>

State 56 <SV = 55> <Delay = 7.01>
ST_56 : Operation 397 [2/4] (6.43ns)   --->   "%add1_11 = fadd i32 %add1_10, i32 %mul_11" [../../../../HWSWAI/HLS/SampleDatasetMLP.cpp:80]   --->   Operation 397 'fadd' 'add1_11' <Predicate = true> <Delay = 6.43> <CoreInst = "FAddSub_fulldsp">   --->   Core 18 'FAddSub_fulldsp' <Latency = 3> <II = 1> <Delay = 6.43> <FuncUnit> <Opcode : 'fadd' 'fsub'> <InPorts = 2> <OutPorts = 1>
ST_56 : Operation 398 [2/3] (7.01ns)   --->   "%mul_12 = fmul i32 %input_features_casted_load_13_read, i32 %weights_1_13_load" [../../../../HWSWAI/HLS/SampleDatasetMLP.cpp:80]   --->   Operation 398 'fmul' 'mul_12' <Predicate = true> <Delay = 7.01> <CoreInst = "FMul_maxdsp">   --->   Core 30 'FMul_maxdsp' <Latency = 2> <II = 1> <Delay = 7.01> <FuncUnit> <Opcode : 'fmul'> <InPorts = 2> <OutPorts = 1>

State 57 <SV = 56> <Delay = 7.01>
ST_57 : Operation 399 [1/4] (6.43ns)   --->   "%add1_11 = fadd i32 %add1_10, i32 %mul_11" [../../../../HWSWAI/HLS/SampleDatasetMLP.cpp:80]   --->   Operation 399 'fadd' 'add1_11' <Predicate = true> <Delay = 6.43> <CoreInst = "FAddSub_fulldsp">   --->   Core 18 'FAddSub_fulldsp' <Latency = 3> <II = 1> <Delay = 6.43> <FuncUnit> <Opcode : 'fadd' 'fsub'> <InPorts = 2> <OutPorts = 1>
ST_57 : Operation 400 [1/3] (7.01ns)   --->   "%mul_12 = fmul i32 %input_features_casted_load_13_read, i32 %weights_1_13_load" [../../../../HWSWAI/HLS/SampleDatasetMLP.cpp:80]   --->   Operation 400 'fmul' 'mul_12' <Predicate = true> <Delay = 7.01> <CoreInst = "FMul_maxdsp">   --->   Core 30 'FMul_maxdsp' <Latency = 2> <II = 1> <Delay = 7.01> <FuncUnit> <Opcode : 'fmul'> <InPorts = 2> <OutPorts = 1>
ST_57 : Operation 401 [1/1] (0.00ns)   --->   "%weights_1_14_addr = getelementptr i32 %weights_1_14, i64 0, i64 %i_1_cast" [../../../../HWSWAI/HLS/SampleDatasetMLP.cpp:80]   --->   Operation 401 'getelementptr' 'weights_1_14_addr' <Predicate = true> <Delay = 0.00>
ST_57 : Operation 402 [2/2] (0.67ns)   --->   "%weights_1_14_load = load i5 %weights_1_14_addr" [../../../../HWSWAI/HLS/SampleDatasetMLP.cpp:80]   --->   Operation 402 'load' 'weights_1_14_load' <Predicate = true> <Delay = 0.67> <CoreInst = "ROM">   --->   Core 101 'ROM' <Latency = 1> <II = 1> <Delay = 0.67> <Storage> <Opcode : 'load'> <Ports = 0> <Width = 32> <Depth = 24> <ROM>

State 58 <SV = 57> <Delay = 6.43>
ST_58 : Operation 403 [4/4] (6.43ns)   --->   "%add1_12 = fadd i32 %add1_11, i32 %mul_12" [../../../../HWSWAI/HLS/SampleDatasetMLP.cpp:80]   --->   Operation 403 'fadd' 'add1_12' <Predicate = true> <Delay = 6.43> <CoreInst = "FAddSub_fulldsp">   --->   Core 18 'FAddSub_fulldsp' <Latency = 3> <II = 1> <Delay = 6.43> <FuncUnit> <Opcode : 'fadd' 'fsub'> <InPorts = 2> <OutPorts = 1>
ST_58 : Operation 404 [1/2] (0.67ns)   --->   "%weights_1_14_load = load i5 %weights_1_14_addr" [../../../../HWSWAI/HLS/SampleDatasetMLP.cpp:80]   --->   Operation 404 'load' 'weights_1_14_load' <Predicate = true> <Delay = 0.67> <CoreInst = "ROM">   --->   Core 101 'ROM' <Latency = 1> <II = 1> <Delay = 0.67> <Storage> <Opcode : 'load'> <Ports = 0> <Width = 32> <Depth = 24> <ROM>

State 59 <SV = 58> <Delay = 7.01>
ST_59 : Operation 405 [3/4] (6.43ns)   --->   "%add1_12 = fadd i32 %add1_11, i32 %mul_12" [../../../../HWSWAI/HLS/SampleDatasetMLP.cpp:80]   --->   Operation 405 'fadd' 'add1_12' <Predicate = true> <Delay = 6.43> <CoreInst = "FAddSub_fulldsp">   --->   Core 18 'FAddSub_fulldsp' <Latency = 3> <II = 1> <Delay = 6.43> <FuncUnit> <Opcode : 'fadd' 'fsub'> <InPorts = 2> <OutPorts = 1>
ST_59 : Operation 406 [3/3] (7.01ns)   --->   "%mul_13 = fmul i32 %input_features_casted_load_14_read, i32 %weights_1_14_load" [../../../../HWSWAI/HLS/SampleDatasetMLP.cpp:80]   --->   Operation 406 'fmul' 'mul_13' <Predicate = true> <Delay = 7.01> <CoreInst = "FMul_maxdsp">   --->   Core 30 'FMul_maxdsp' <Latency = 2> <II = 1> <Delay = 7.01> <FuncUnit> <Opcode : 'fmul'> <InPorts = 2> <OutPorts = 1>

State 60 <SV = 59> <Delay = 7.01>
ST_60 : Operation 407 [2/4] (6.43ns)   --->   "%add1_12 = fadd i32 %add1_11, i32 %mul_12" [../../../../HWSWAI/HLS/SampleDatasetMLP.cpp:80]   --->   Operation 407 'fadd' 'add1_12' <Predicate = true> <Delay = 6.43> <CoreInst = "FAddSub_fulldsp">   --->   Core 18 'FAddSub_fulldsp' <Latency = 3> <II = 1> <Delay = 6.43> <FuncUnit> <Opcode : 'fadd' 'fsub'> <InPorts = 2> <OutPorts = 1>
ST_60 : Operation 408 [2/3] (7.01ns)   --->   "%mul_13 = fmul i32 %input_features_casted_load_14_read, i32 %weights_1_14_load" [../../../../HWSWAI/HLS/SampleDatasetMLP.cpp:80]   --->   Operation 408 'fmul' 'mul_13' <Predicate = true> <Delay = 7.01> <CoreInst = "FMul_maxdsp">   --->   Core 30 'FMul_maxdsp' <Latency = 2> <II = 1> <Delay = 7.01> <FuncUnit> <Opcode : 'fmul'> <InPorts = 2> <OutPorts = 1>

State 61 <SV = 60> <Delay = 7.01>
ST_61 : Operation 409 [1/4] (6.43ns)   --->   "%add1_12 = fadd i32 %add1_11, i32 %mul_12" [../../../../HWSWAI/HLS/SampleDatasetMLP.cpp:80]   --->   Operation 409 'fadd' 'add1_12' <Predicate = true> <Delay = 6.43> <CoreInst = "FAddSub_fulldsp">   --->   Core 18 'FAddSub_fulldsp' <Latency = 3> <II = 1> <Delay = 6.43> <FuncUnit> <Opcode : 'fadd' 'fsub'> <InPorts = 2> <OutPorts = 1>
ST_61 : Operation 410 [1/3] (7.01ns)   --->   "%mul_13 = fmul i32 %input_features_casted_load_14_read, i32 %weights_1_14_load" [../../../../HWSWAI/HLS/SampleDatasetMLP.cpp:80]   --->   Operation 410 'fmul' 'mul_13' <Predicate = true> <Delay = 7.01> <CoreInst = "FMul_maxdsp">   --->   Core 30 'FMul_maxdsp' <Latency = 2> <II = 1> <Delay = 7.01> <FuncUnit> <Opcode : 'fmul'> <InPorts = 2> <OutPorts = 1>
ST_61 : Operation 411 [1/1] (0.00ns)   --->   "%weights_1_15_addr = getelementptr i32 %weights_1_15, i64 0, i64 %i_1_cast" [../../../../HWSWAI/HLS/SampleDatasetMLP.cpp:80]   --->   Operation 411 'getelementptr' 'weights_1_15_addr' <Predicate = true> <Delay = 0.00>
ST_61 : Operation 412 [2/2] (0.67ns)   --->   "%weights_1_15_load = load i5 %weights_1_15_addr" [../../../../HWSWAI/HLS/SampleDatasetMLP.cpp:80]   --->   Operation 412 'load' 'weights_1_15_load' <Predicate = true> <Delay = 0.67> <CoreInst = "ROM">   --->   Core 101 'ROM' <Latency = 1> <II = 1> <Delay = 0.67> <Storage> <Opcode : 'load'> <Ports = 0> <Width = 32> <Depth = 24> <ROM>

State 62 <SV = 61> <Delay = 6.43>
ST_62 : Operation 413 [4/4] (6.43ns)   --->   "%add1_13 = fadd i32 %add1_12, i32 %mul_13" [../../../../HWSWAI/HLS/SampleDatasetMLP.cpp:80]   --->   Operation 413 'fadd' 'add1_13' <Predicate = true> <Delay = 6.43> <CoreInst = "FAddSub_fulldsp">   --->   Core 18 'FAddSub_fulldsp' <Latency = 3> <II = 1> <Delay = 6.43> <FuncUnit> <Opcode : 'fadd' 'fsub'> <InPorts = 2> <OutPorts = 1>
ST_62 : Operation 414 [1/2] (0.67ns)   --->   "%weights_1_15_load = load i5 %weights_1_15_addr" [../../../../HWSWAI/HLS/SampleDatasetMLP.cpp:80]   --->   Operation 414 'load' 'weights_1_15_load' <Predicate = true> <Delay = 0.67> <CoreInst = "ROM">   --->   Core 101 'ROM' <Latency = 1> <II = 1> <Delay = 0.67> <Storage> <Opcode : 'load'> <Ports = 0> <Width = 32> <Depth = 24> <ROM>

State 63 <SV = 62> <Delay = 7.01>
ST_63 : Operation 415 [3/4] (6.43ns)   --->   "%add1_13 = fadd i32 %add1_12, i32 %mul_13" [../../../../HWSWAI/HLS/SampleDatasetMLP.cpp:80]   --->   Operation 415 'fadd' 'add1_13' <Predicate = true> <Delay = 6.43> <CoreInst = "FAddSub_fulldsp">   --->   Core 18 'FAddSub_fulldsp' <Latency = 3> <II = 1> <Delay = 6.43> <FuncUnit> <Opcode : 'fadd' 'fsub'> <InPorts = 2> <OutPorts = 1>
ST_63 : Operation 416 [3/3] (7.01ns)   --->   "%mul_14 = fmul i32 %input_features_casted_load_15_read, i32 %weights_1_15_load" [../../../../HWSWAI/HLS/SampleDatasetMLP.cpp:80]   --->   Operation 416 'fmul' 'mul_14' <Predicate = true> <Delay = 7.01> <CoreInst = "FMul_maxdsp">   --->   Core 30 'FMul_maxdsp' <Latency = 2> <II = 1> <Delay = 7.01> <FuncUnit> <Opcode : 'fmul'> <InPorts = 2> <OutPorts = 1>

State 64 <SV = 63> <Delay = 7.01>
ST_64 : Operation 417 [2/4] (6.43ns)   --->   "%add1_13 = fadd i32 %add1_12, i32 %mul_13" [../../../../HWSWAI/HLS/SampleDatasetMLP.cpp:80]   --->   Operation 417 'fadd' 'add1_13' <Predicate = true> <Delay = 6.43> <CoreInst = "FAddSub_fulldsp">   --->   Core 18 'FAddSub_fulldsp' <Latency = 3> <II = 1> <Delay = 6.43> <FuncUnit> <Opcode : 'fadd' 'fsub'> <InPorts = 2> <OutPorts = 1>
ST_64 : Operation 418 [2/3] (7.01ns)   --->   "%mul_14 = fmul i32 %input_features_casted_load_15_read, i32 %weights_1_15_load" [../../../../HWSWAI/HLS/SampleDatasetMLP.cpp:80]   --->   Operation 418 'fmul' 'mul_14' <Predicate = true> <Delay = 7.01> <CoreInst = "FMul_maxdsp">   --->   Core 30 'FMul_maxdsp' <Latency = 2> <II = 1> <Delay = 7.01> <FuncUnit> <Opcode : 'fmul'> <InPorts = 2> <OutPorts = 1>

State 65 <SV = 64> <Delay = 7.01>
ST_65 : Operation 419 [1/4] (6.43ns)   --->   "%add1_13 = fadd i32 %add1_12, i32 %mul_13" [../../../../HWSWAI/HLS/SampleDatasetMLP.cpp:80]   --->   Operation 419 'fadd' 'add1_13' <Predicate = true> <Delay = 6.43> <CoreInst = "FAddSub_fulldsp">   --->   Core 18 'FAddSub_fulldsp' <Latency = 3> <II = 1> <Delay = 6.43> <FuncUnit> <Opcode : 'fadd' 'fsub'> <InPorts = 2> <OutPorts = 1>
ST_65 : Operation 420 [1/3] (7.01ns)   --->   "%mul_14 = fmul i32 %input_features_casted_load_15_read, i32 %weights_1_15_load" [../../../../HWSWAI/HLS/SampleDatasetMLP.cpp:80]   --->   Operation 420 'fmul' 'mul_14' <Predicate = true> <Delay = 7.01> <CoreInst = "FMul_maxdsp">   --->   Core 30 'FMul_maxdsp' <Latency = 2> <II = 1> <Delay = 7.01> <FuncUnit> <Opcode : 'fmul'> <InPorts = 2> <OutPorts = 1>
ST_65 : Operation 421 [1/1] (0.00ns)   --->   "%weights_1_16_addr = getelementptr i32 %weights_1_16, i64 0, i64 %i_1_cast" [../../../../HWSWAI/HLS/SampleDatasetMLP.cpp:80]   --->   Operation 421 'getelementptr' 'weights_1_16_addr' <Predicate = true> <Delay = 0.00>
ST_65 : Operation 422 [2/2] (0.67ns)   --->   "%weights_1_16_load = load i5 %weights_1_16_addr" [../../../../HWSWAI/HLS/SampleDatasetMLP.cpp:80]   --->   Operation 422 'load' 'weights_1_16_load' <Predicate = true> <Delay = 0.67> <CoreInst = "ROM">   --->   Core 101 'ROM' <Latency = 1> <II = 1> <Delay = 0.67> <Storage> <Opcode : 'load'> <Ports = 0> <Width = 32> <Depth = 24> <ROM>

State 66 <SV = 65> <Delay = 6.43>
ST_66 : Operation 423 [4/4] (6.43ns)   --->   "%add1_14 = fadd i32 %add1_13, i32 %mul_14" [../../../../HWSWAI/HLS/SampleDatasetMLP.cpp:80]   --->   Operation 423 'fadd' 'add1_14' <Predicate = true> <Delay = 6.43> <CoreInst = "FAddSub_fulldsp">   --->   Core 18 'FAddSub_fulldsp' <Latency = 3> <II = 1> <Delay = 6.43> <FuncUnit> <Opcode : 'fadd' 'fsub'> <InPorts = 2> <OutPorts = 1>
ST_66 : Operation 424 [1/2] (0.67ns)   --->   "%weights_1_16_load = load i5 %weights_1_16_addr" [../../../../HWSWAI/HLS/SampleDatasetMLP.cpp:80]   --->   Operation 424 'load' 'weights_1_16_load' <Predicate = true> <Delay = 0.67> <CoreInst = "ROM">   --->   Core 101 'ROM' <Latency = 1> <II = 1> <Delay = 0.67> <Storage> <Opcode : 'load'> <Ports = 0> <Width = 32> <Depth = 24> <ROM>

State 67 <SV = 66> <Delay = 7.01>
ST_67 : Operation 425 [3/4] (6.43ns)   --->   "%add1_14 = fadd i32 %add1_13, i32 %mul_14" [../../../../HWSWAI/HLS/SampleDatasetMLP.cpp:80]   --->   Operation 425 'fadd' 'add1_14' <Predicate = true> <Delay = 6.43> <CoreInst = "FAddSub_fulldsp">   --->   Core 18 'FAddSub_fulldsp' <Latency = 3> <II = 1> <Delay = 6.43> <FuncUnit> <Opcode : 'fadd' 'fsub'> <InPorts = 2> <OutPorts = 1>
ST_67 : Operation 426 [3/3] (7.01ns)   --->   "%mul_15 = fmul i32 %input_features_casted_load_16_read, i32 %weights_1_16_load" [../../../../HWSWAI/HLS/SampleDatasetMLP.cpp:80]   --->   Operation 426 'fmul' 'mul_15' <Predicate = true> <Delay = 7.01> <CoreInst = "FMul_maxdsp">   --->   Core 30 'FMul_maxdsp' <Latency = 2> <II = 1> <Delay = 7.01> <FuncUnit> <Opcode : 'fmul'> <InPorts = 2> <OutPorts = 1>

State 68 <SV = 67> <Delay = 7.01>
ST_68 : Operation 427 [2/4] (6.43ns)   --->   "%add1_14 = fadd i32 %add1_13, i32 %mul_14" [../../../../HWSWAI/HLS/SampleDatasetMLP.cpp:80]   --->   Operation 427 'fadd' 'add1_14' <Predicate = true> <Delay = 6.43> <CoreInst = "FAddSub_fulldsp">   --->   Core 18 'FAddSub_fulldsp' <Latency = 3> <II = 1> <Delay = 6.43> <FuncUnit> <Opcode : 'fadd' 'fsub'> <InPorts = 2> <OutPorts = 1>
ST_68 : Operation 428 [2/3] (7.01ns)   --->   "%mul_15 = fmul i32 %input_features_casted_load_16_read, i32 %weights_1_16_load" [../../../../HWSWAI/HLS/SampleDatasetMLP.cpp:80]   --->   Operation 428 'fmul' 'mul_15' <Predicate = true> <Delay = 7.01> <CoreInst = "FMul_maxdsp">   --->   Core 30 'FMul_maxdsp' <Latency = 2> <II = 1> <Delay = 7.01> <FuncUnit> <Opcode : 'fmul'> <InPorts = 2> <OutPorts = 1>

State 69 <SV = 68> <Delay = 7.01>
ST_69 : Operation 429 [1/4] (6.43ns)   --->   "%add1_14 = fadd i32 %add1_13, i32 %mul_14" [../../../../HWSWAI/HLS/SampleDatasetMLP.cpp:80]   --->   Operation 429 'fadd' 'add1_14' <Predicate = true> <Delay = 6.43> <CoreInst = "FAddSub_fulldsp">   --->   Core 18 'FAddSub_fulldsp' <Latency = 3> <II = 1> <Delay = 6.43> <FuncUnit> <Opcode : 'fadd' 'fsub'> <InPorts = 2> <OutPorts = 1>
ST_69 : Operation 430 [1/3] (7.01ns)   --->   "%mul_15 = fmul i32 %input_features_casted_load_16_read, i32 %weights_1_16_load" [../../../../HWSWAI/HLS/SampleDatasetMLP.cpp:80]   --->   Operation 430 'fmul' 'mul_15' <Predicate = true> <Delay = 7.01> <CoreInst = "FMul_maxdsp">   --->   Core 30 'FMul_maxdsp' <Latency = 2> <II = 1> <Delay = 7.01> <FuncUnit> <Opcode : 'fmul'> <InPorts = 2> <OutPorts = 1>
ST_69 : Operation 431 [1/1] (0.00ns)   --->   "%weights_1_17_addr = getelementptr i32 %weights_1_17, i64 0, i64 %i_1_cast" [../../../../HWSWAI/HLS/SampleDatasetMLP.cpp:80]   --->   Operation 431 'getelementptr' 'weights_1_17_addr' <Predicate = true> <Delay = 0.00>
ST_69 : Operation 432 [2/2] (0.67ns)   --->   "%weights_1_17_load = load i5 %weights_1_17_addr" [../../../../HWSWAI/HLS/SampleDatasetMLP.cpp:80]   --->   Operation 432 'load' 'weights_1_17_load' <Predicate = true> <Delay = 0.67> <CoreInst = "ROM">   --->   Core 101 'ROM' <Latency = 1> <II = 1> <Delay = 0.67> <Storage> <Opcode : 'load'> <Ports = 0> <Width = 32> <Depth = 24> <ROM>

State 70 <SV = 69> <Delay = 6.43>
ST_70 : Operation 433 [4/4] (6.43ns)   --->   "%add1_15 = fadd i32 %add1_14, i32 %mul_15" [../../../../HWSWAI/HLS/SampleDatasetMLP.cpp:80]   --->   Operation 433 'fadd' 'add1_15' <Predicate = true> <Delay = 6.43> <CoreInst = "FAddSub_fulldsp">   --->   Core 18 'FAddSub_fulldsp' <Latency = 3> <II = 1> <Delay = 6.43> <FuncUnit> <Opcode : 'fadd' 'fsub'> <InPorts = 2> <OutPorts = 1>
ST_70 : Operation 434 [1/2] (0.67ns)   --->   "%weights_1_17_load = load i5 %weights_1_17_addr" [../../../../HWSWAI/HLS/SampleDatasetMLP.cpp:80]   --->   Operation 434 'load' 'weights_1_17_load' <Predicate = true> <Delay = 0.67> <CoreInst = "ROM">   --->   Core 101 'ROM' <Latency = 1> <II = 1> <Delay = 0.67> <Storage> <Opcode : 'load'> <Ports = 0> <Width = 32> <Depth = 24> <ROM>

State 71 <SV = 70> <Delay = 7.01>
ST_71 : Operation 435 [3/4] (6.43ns)   --->   "%add1_15 = fadd i32 %add1_14, i32 %mul_15" [../../../../HWSWAI/HLS/SampleDatasetMLP.cpp:80]   --->   Operation 435 'fadd' 'add1_15' <Predicate = true> <Delay = 6.43> <CoreInst = "FAddSub_fulldsp">   --->   Core 18 'FAddSub_fulldsp' <Latency = 3> <II = 1> <Delay = 6.43> <FuncUnit> <Opcode : 'fadd' 'fsub'> <InPorts = 2> <OutPorts = 1>
ST_71 : Operation 436 [3/3] (7.01ns)   --->   "%mul_16 = fmul i32 %input_features_casted_load_17_read, i32 %weights_1_17_load" [../../../../HWSWAI/HLS/SampleDatasetMLP.cpp:80]   --->   Operation 436 'fmul' 'mul_16' <Predicate = true> <Delay = 7.01> <CoreInst = "FMul_maxdsp">   --->   Core 30 'FMul_maxdsp' <Latency = 2> <II = 1> <Delay = 7.01> <FuncUnit> <Opcode : 'fmul'> <InPorts = 2> <OutPorts = 1>

State 72 <SV = 71> <Delay = 7.01>
ST_72 : Operation 437 [2/4] (6.43ns)   --->   "%add1_15 = fadd i32 %add1_14, i32 %mul_15" [../../../../HWSWAI/HLS/SampleDatasetMLP.cpp:80]   --->   Operation 437 'fadd' 'add1_15' <Predicate = true> <Delay = 6.43> <CoreInst = "FAddSub_fulldsp">   --->   Core 18 'FAddSub_fulldsp' <Latency = 3> <II = 1> <Delay = 6.43> <FuncUnit> <Opcode : 'fadd' 'fsub'> <InPorts = 2> <OutPorts = 1>
ST_72 : Operation 438 [2/3] (7.01ns)   --->   "%mul_16 = fmul i32 %input_features_casted_load_17_read, i32 %weights_1_17_load" [../../../../HWSWAI/HLS/SampleDatasetMLP.cpp:80]   --->   Operation 438 'fmul' 'mul_16' <Predicate = true> <Delay = 7.01> <CoreInst = "FMul_maxdsp">   --->   Core 30 'FMul_maxdsp' <Latency = 2> <II = 1> <Delay = 7.01> <FuncUnit> <Opcode : 'fmul'> <InPorts = 2> <OutPorts = 1>

State 73 <SV = 72> <Delay = 7.01>
ST_73 : Operation 439 [1/4] (6.43ns)   --->   "%add1_15 = fadd i32 %add1_14, i32 %mul_15" [../../../../HWSWAI/HLS/SampleDatasetMLP.cpp:80]   --->   Operation 439 'fadd' 'add1_15' <Predicate = true> <Delay = 6.43> <CoreInst = "FAddSub_fulldsp">   --->   Core 18 'FAddSub_fulldsp' <Latency = 3> <II = 1> <Delay = 6.43> <FuncUnit> <Opcode : 'fadd' 'fsub'> <InPorts = 2> <OutPorts = 1>
ST_73 : Operation 440 [1/3] (7.01ns)   --->   "%mul_16 = fmul i32 %input_features_casted_load_17_read, i32 %weights_1_17_load" [../../../../HWSWAI/HLS/SampleDatasetMLP.cpp:80]   --->   Operation 440 'fmul' 'mul_16' <Predicate = true> <Delay = 7.01> <CoreInst = "FMul_maxdsp">   --->   Core 30 'FMul_maxdsp' <Latency = 2> <II = 1> <Delay = 7.01> <FuncUnit> <Opcode : 'fmul'> <InPorts = 2> <OutPorts = 1>
ST_73 : Operation 441 [1/1] (0.00ns)   --->   "%weights_1_18_addr = getelementptr i32 %weights_1_18, i64 0, i64 %i_1_cast" [../../../../HWSWAI/HLS/SampleDatasetMLP.cpp:80]   --->   Operation 441 'getelementptr' 'weights_1_18_addr' <Predicate = true> <Delay = 0.00>
ST_73 : Operation 442 [2/2] (0.67ns)   --->   "%weights_1_18_load = load i5 %weights_1_18_addr" [../../../../HWSWAI/HLS/SampleDatasetMLP.cpp:80]   --->   Operation 442 'load' 'weights_1_18_load' <Predicate = true> <Delay = 0.67> <CoreInst = "ROM">   --->   Core 101 'ROM' <Latency = 1> <II = 1> <Delay = 0.67> <Storage> <Opcode : 'load'> <Ports = 0> <Width = 32> <Depth = 24> <ROM>

State 74 <SV = 73> <Delay = 6.43>
ST_74 : Operation 443 [4/4] (6.43ns)   --->   "%add1_16 = fadd i32 %add1_15, i32 %mul_16" [../../../../HWSWAI/HLS/SampleDatasetMLP.cpp:80]   --->   Operation 443 'fadd' 'add1_16' <Predicate = true> <Delay = 6.43> <CoreInst = "FAddSub_fulldsp">   --->   Core 18 'FAddSub_fulldsp' <Latency = 3> <II = 1> <Delay = 6.43> <FuncUnit> <Opcode : 'fadd' 'fsub'> <InPorts = 2> <OutPorts = 1>
ST_74 : Operation 444 [1/2] (0.67ns)   --->   "%weights_1_18_load = load i5 %weights_1_18_addr" [../../../../HWSWAI/HLS/SampleDatasetMLP.cpp:80]   --->   Operation 444 'load' 'weights_1_18_load' <Predicate = true> <Delay = 0.67> <CoreInst = "ROM">   --->   Core 101 'ROM' <Latency = 1> <II = 1> <Delay = 0.67> <Storage> <Opcode : 'load'> <Ports = 0> <Width = 32> <Depth = 24> <ROM>

State 75 <SV = 74> <Delay = 7.01>
ST_75 : Operation 445 [3/4] (6.43ns)   --->   "%add1_16 = fadd i32 %add1_15, i32 %mul_16" [../../../../HWSWAI/HLS/SampleDatasetMLP.cpp:80]   --->   Operation 445 'fadd' 'add1_16' <Predicate = true> <Delay = 6.43> <CoreInst = "FAddSub_fulldsp">   --->   Core 18 'FAddSub_fulldsp' <Latency = 3> <II = 1> <Delay = 6.43> <FuncUnit> <Opcode : 'fadd' 'fsub'> <InPorts = 2> <OutPorts = 1>
ST_75 : Operation 446 [3/3] (7.01ns)   --->   "%mul_17 = fmul i32 %input_features_casted_load_18_read, i32 %weights_1_18_load" [../../../../HWSWAI/HLS/SampleDatasetMLP.cpp:80]   --->   Operation 446 'fmul' 'mul_17' <Predicate = true> <Delay = 7.01> <CoreInst = "FMul_maxdsp">   --->   Core 30 'FMul_maxdsp' <Latency = 2> <II = 1> <Delay = 7.01> <FuncUnit> <Opcode : 'fmul'> <InPorts = 2> <OutPorts = 1>

State 76 <SV = 75> <Delay = 7.01>
ST_76 : Operation 447 [2/4] (6.43ns)   --->   "%add1_16 = fadd i32 %add1_15, i32 %mul_16" [../../../../HWSWAI/HLS/SampleDatasetMLP.cpp:80]   --->   Operation 447 'fadd' 'add1_16' <Predicate = true> <Delay = 6.43> <CoreInst = "FAddSub_fulldsp">   --->   Core 18 'FAddSub_fulldsp' <Latency = 3> <II = 1> <Delay = 6.43> <FuncUnit> <Opcode : 'fadd' 'fsub'> <InPorts = 2> <OutPorts = 1>
ST_76 : Operation 448 [2/3] (7.01ns)   --->   "%mul_17 = fmul i32 %input_features_casted_load_18_read, i32 %weights_1_18_load" [../../../../HWSWAI/HLS/SampleDatasetMLP.cpp:80]   --->   Operation 448 'fmul' 'mul_17' <Predicate = true> <Delay = 7.01> <CoreInst = "FMul_maxdsp">   --->   Core 30 'FMul_maxdsp' <Latency = 2> <II = 1> <Delay = 7.01> <FuncUnit> <Opcode : 'fmul'> <InPorts = 2> <OutPorts = 1>

State 77 <SV = 76> <Delay = 7.01>
ST_77 : Operation 449 [1/4] (6.43ns)   --->   "%add1_16 = fadd i32 %add1_15, i32 %mul_16" [../../../../HWSWAI/HLS/SampleDatasetMLP.cpp:80]   --->   Operation 449 'fadd' 'add1_16' <Predicate = true> <Delay = 6.43> <CoreInst = "FAddSub_fulldsp">   --->   Core 18 'FAddSub_fulldsp' <Latency = 3> <II = 1> <Delay = 6.43> <FuncUnit> <Opcode : 'fadd' 'fsub'> <InPorts = 2> <OutPorts = 1>
ST_77 : Operation 450 [1/3] (7.01ns)   --->   "%mul_17 = fmul i32 %input_features_casted_load_18_read, i32 %weights_1_18_load" [../../../../HWSWAI/HLS/SampleDatasetMLP.cpp:80]   --->   Operation 450 'fmul' 'mul_17' <Predicate = true> <Delay = 7.01> <CoreInst = "FMul_maxdsp">   --->   Core 30 'FMul_maxdsp' <Latency = 2> <II = 1> <Delay = 7.01> <FuncUnit> <Opcode : 'fmul'> <InPorts = 2> <OutPorts = 1>
ST_77 : Operation 451 [1/1] (0.00ns)   --->   "%weights_1_19_addr = getelementptr i32 %weights_1_19, i64 0, i64 %i_1_cast" [../../../../HWSWAI/HLS/SampleDatasetMLP.cpp:80]   --->   Operation 451 'getelementptr' 'weights_1_19_addr' <Predicate = true> <Delay = 0.00>
ST_77 : Operation 452 [2/2] (0.67ns)   --->   "%weights_1_19_load = load i5 %weights_1_19_addr" [../../../../HWSWAI/HLS/SampleDatasetMLP.cpp:80]   --->   Operation 452 'load' 'weights_1_19_load' <Predicate = true> <Delay = 0.67> <CoreInst = "ROM">   --->   Core 101 'ROM' <Latency = 1> <II = 1> <Delay = 0.67> <Storage> <Opcode : 'load'> <Ports = 0> <Width = 32> <Depth = 24> <ROM>

State 78 <SV = 77> <Delay = 6.43>
ST_78 : Operation 453 [4/4] (6.43ns)   --->   "%add1_17 = fadd i32 %add1_16, i32 %mul_17" [../../../../HWSWAI/HLS/SampleDatasetMLP.cpp:80]   --->   Operation 453 'fadd' 'add1_17' <Predicate = true> <Delay = 6.43> <CoreInst = "FAddSub_fulldsp">   --->   Core 18 'FAddSub_fulldsp' <Latency = 3> <II = 1> <Delay = 6.43> <FuncUnit> <Opcode : 'fadd' 'fsub'> <InPorts = 2> <OutPorts = 1>
ST_78 : Operation 454 [1/2] (0.67ns)   --->   "%weights_1_19_load = load i5 %weights_1_19_addr" [../../../../HWSWAI/HLS/SampleDatasetMLP.cpp:80]   --->   Operation 454 'load' 'weights_1_19_load' <Predicate = true> <Delay = 0.67> <CoreInst = "ROM">   --->   Core 101 'ROM' <Latency = 1> <II = 1> <Delay = 0.67> <Storage> <Opcode : 'load'> <Ports = 0> <Width = 32> <Depth = 24> <ROM>

State 79 <SV = 78> <Delay = 7.01>
ST_79 : Operation 455 [3/4] (6.43ns)   --->   "%add1_17 = fadd i32 %add1_16, i32 %mul_17" [../../../../HWSWAI/HLS/SampleDatasetMLP.cpp:80]   --->   Operation 455 'fadd' 'add1_17' <Predicate = true> <Delay = 6.43> <CoreInst = "FAddSub_fulldsp">   --->   Core 18 'FAddSub_fulldsp' <Latency = 3> <II = 1> <Delay = 6.43> <FuncUnit> <Opcode : 'fadd' 'fsub'> <InPorts = 2> <OutPorts = 1>
ST_79 : Operation 456 [3/3] (7.01ns)   --->   "%mul_18 = fmul i32 %input_features_casted_load_19_read, i32 %weights_1_19_load" [../../../../HWSWAI/HLS/SampleDatasetMLP.cpp:80]   --->   Operation 456 'fmul' 'mul_18' <Predicate = true> <Delay = 7.01> <CoreInst = "FMul_maxdsp">   --->   Core 30 'FMul_maxdsp' <Latency = 2> <II = 1> <Delay = 7.01> <FuncUnit> <Opcode : 'fmul'> <InPorts = 2> <OutPorts = 1>

State 80 <SV = 79> <Delay = 7.01>
ST_80 : Operation 457 [2/4] (6.43ns)   --->   "%add1_17 = fadd i32 %add1_16, i32 %mul_17" [../../../../HWSWAI/HLS/SampleDatasetMLP.cpp:80]   --->   Operation 457 'fadd' 'add1_17' <Predicate = true> <Delay = 6.43> <CoreInst = "FAddSub_fulldsp">   --->   Core 18 'FAddSub_fulldsp' <Latency = 3> <II = 1> <Delay = 6.43> <FuncUnit> <Opcode : 'fadd' 'fsub'> <InPorts = 2> <OutPorts = 1>
ST_80 : Operation 458 [2/3] (7.01ns)   --->   "%mul_18 = fmul i32 %input_features_casted_load_19_read, i32 %weights_1_19_load" [../../../../HWSWAI/HLS/SampleDatasetMLP.cpp:80]   --->   Operation 458 'fmul' 'mul_18' <Predicate = true> <Delay = 7.01> <CoreInst = "FMul_maxdsp">   --->   Core 30 'FMul_maxdsp' <Latency = 2> <II = 1> <Delay = 7.01> <FuncUnit> <Opcode : 'fmul'> <InPorts = 2> <OutPorts = 1>

State 81 <SV = 80> <Delay = 7.01>
ST_81 : Operation 459 [1/4] (6.43ns)   --->   "%add1_17 = fadd i32 %add1_16, i32 %mul_17" [../../../../HWSWAI/HLS/SampleDatasetMLP.cpp:80]   --->   Operation 459 'fadd' 'add1_17' <Predicate = true> <Delay = 6.43> <CoreInst = "FAddSub_fulldsp">   --->   Core 18 'FAddSub_fulldsp' <Latency = 3> <II = 1> <Delay = 6.43> <FuncUnit> <Opcode : 'fadd' 'fsub'> <InPorts = 2> <OutPorts = 1>
ST_81 : Operation 460 [1/3] (7.01ns)   --->   "%mul_18 = fmul i32 %input_features_casted_load_19_read, i32 %weights_1_19_load" [../../../../HWSWAI/HLS/SampleDatasetMLP.cpp:80]   --->   Operation 460 'fmul' 'mul_18' <Predicate = true> <Delay = 7.01> <CoreInst = "FMul_maxdsp">   --->   Core 30 'FMul_maxdsp' <Latency = 2> <II = 1> <Delay = 7.01> <FuncUnit> <Opcode : 'fmul'> <InPorts = 2> <OutPorts = 1>
ST_81 : Operation 461 [1/1] (0.00ns)   --->   "%weights_1_20_addr = getelementptr i32 %weights_1_20, i64 0, i64 %i_1_cast" [../../../../HWSWAI/HLS/SampleDatasetMLP.cpp:80]   --->   Operation 461 'getelementptr' 'weights_1_20_addr' <Predicate = true> <Delay = 0.00>
ST_81 : Operation 462 [2/2] (0.67ns)   --->   "%weights_1_20_load = load i5 %weights_1_20_addr" [../../../../HWSWAI/HLS/SampleDatasetMLP.cpp:80]   --->   Operation 462 'load' 'weights_1_20_load' <Predicate = true> <Delay = 0.67> <CoreInst = "ROM">   --->   Core 101 'ROM' <Latency = 1> <II = 1> <Delay = 0.67> <Storage> <Opcode : 'load'> <Ports = 0> <Width = 32> <Depth = 24> <ROM>

State 82 <SV = 81> <Delay = 6.43>
ST_82 : Operation 463 [4/4] (6.43ns)   --->   "%add1_18 = fadd i32 %add1_17, i32 %mul_18" [../../../../HWSWAI/HLS/SampleDatasetMLP.cpp:80]   --->   Operation 463 'fadd' 'add1_18' <Predicate = true> <Delay = 6.43> <CoreInst = "FAddSub_fulldsp">   --->   Core 18 'FAddSub_fulldsp' <Latency = 3> <II = 1> <Delay = 6.43> <FuncUnit> <Opcode : 'fadd' 'fsub'> <InPorts = 2> <OutPorts = 1>
ST_82 : Operation 464 [1/2] (0.67ns)   --->   "%weights_1_20_load = load i5 %weights_1_20_addr" [../../../../HWSWAI/HLS/SampleDatasetMLP.cpp:80]   --->   Operation 464 'load' 'weights_1_20_load' <Predicate = true> <Delay = 0.67> <CoreInst = "ROM">   --->   Core 101 'ROM' <Latency = 1> <II = 1> <Delay = 0.67> <Storage> <Opcode : 'load'> <Ports = 0> <Width = 32> <Depth = 24> <ROM>

State 83 <SV = 82> <Delay = 7.01>
ST_83 : Operation 465 [3/4] (6.43ns)   --->   "%add1_18 = fadd i32 %add1_17, i32 %mul_18" [../../../../HWSWAI/HLS/SampleDatasetMLP.cpp:80]   --->   Operation 465 'fadd' 'add1_18' <Predicate = true> <Delay = 6.43> <CoreInst = "FAddSub_fulldsp">   --->   Core 18 'FAddSub_fulldsp' <Latency = 3> <II = 1> <Delay = 6.43> <FuncUnit> <Opcode : 'fadd' 'fsub'> <InPorts = 2> <OutPorts = 1>
ST_83 : Operation 466 [3/3] (7.01ns)   --->   "%mul_19 = fmul i32 %input_features_casted_load_20_read, i32 %weights_1_20_load" [../../../../HWSWAI/HLS/SampleDatasetMLP.cpp:80]   --->   Operation 466 'fmul' 'mul_19' <Predicate = true> <Delay = 7.01> <CoreInst = "FMul_maxdsp">   --->   Core 30 'FMul_maxdsp' <Latency = 2> <II = 1> <Delay = 7.01> <FuncUnit> <Opcode : 'fmul'> <InPorts = 2> <OutPorts = 1>

State 84 <SV = 83> <Delay = 7.01>
ST_84 : Operation 467 [2/4] (6.43ns)   --->   "%add1_18 = fadd i32 %add1_17, i32 %mul_18" [../../../../HWSWAI/HLS/SampleDatasetMLP.cpp:80]   --->   Operation 467 'fadd' 'add1_18' <Predicate = true> <Delay = 6.43> <CoreInst = "FAddSub_fulldsp">   --->   Core 18 'FAddSub_fulldsp' <Latency = 3> <II = 1> <Delay = 6.43> <FuncUnit> <Opcode : 'fadd' 'fsub'> <InPorts = 2> <OutPorts = 1>
ST_84 : Operation 468 [2/3] (7.01ns)   --->   "%mul_19 = fmul i32 %input_features_casted_load_20_read, i32 %weights_1_20_load" [../../../../HWSWAI/HLS/SampleDatasetMLP.cpp:80]   --->   Operation 468 'fmul' 'mul_19' <Predicate = true> <Delay = 7.01> <CoreInst = "FMul_maxdsp">   --->   Core 30 'FMul_maxdsp' <Latency = 2> <II = 1> <Delay = 7.01> <FuncUnit> <Opcode : 'fmul'> <InPorts = 2> <OutPorts = 1>

State 85 <SV = 84> <Delay = 7.01>
ST_85 : Operation 469 [1/4] (6.43ns)   --->   "%add1_18 = fadd i32 %add1_17, i32 %mul_18" [../../../../HWSWAI/HLS/SampleDatasetMLP.cpp:80]   --->   Operation 469 'fadd' 'add1_18' <Predicate = true> <Delay = 6.43> <CoreInst = "FAddSub_fulldsp">   --->   Core 18 'FAddSub_fulldsp' <Latency = 3> <II = 1> <Delay = 6.43> <FuncUnit> <Opcode : 'fadd' 'fsub'> <InPorts = 2> <OutPorts = 1>
ST_85 : Operation 470 [1/3] (7.01ns)   --->   "%mul_19 = fmul i32 %input_features_casted_load_20_read, i32 %weights_1_20_load" [../../../../HWSWAI/HLS/SampleDatasetMLP.cpp:80]   --->   Operation 470 'fmul' 'mul_19' <Predicate = true> <Delay = 7.01> <CoreInst = "FMul_maxdsp">   --->   Core 30 'FMul_maxdsp' <Latency = 2> <II = 1> <Delay = 7.01> <FuncUnit> <Opcode : 'fmul'> <InPorts = 2> <OutPorts = 1>
ST_85 : Operation 471 [1/1] (0.00ns)   --->   "%weights_1_21_addr = getelementptr i32 %weights_1_21, i64 0, i64 %i_1_cast" [../../../../HWSWAI/HLS/SampleDatasetMLP.cpp:80]   --->   Operation 471 'getelementptr' 'weights_1_21_addr' <Predicate = true> <Delay = 0.00>
ST_85 : Operation 472 [2/2] (0.67ns)   --->   "%weights_1_21_load = load i5 %weights_1_21_addr" [../../../../HWSWAI/HLS/SampleDatasetMLP.cpp:80]   --->   Operation 472 'load' 'weights_1_21_load' <Predicate = true> <Delay = 0.67> <CoreInst = "ROM">   --->   Core 101 'ROM' <Latency = 1> <II = 1> <Delay = 0.67> <Storage> <Opcode : 'load'> <Ports = 0> <Width = 32> <Depth = 24> <ROM>

State 86 <SV = 85> <Delay = 6.43>
ST_86 : Operation 473 [4/4] (6.43ns)   --->   "%add1_19 = fadd i32 %add1_18, i32 %mul_19" [../../../../HWSWAI/HLS/SampleDatasetMLP.cpp:80]   --->   Operation 473 'fadd' 'add1_19' <Predicate = true> <Delay = 6.43> <CoreInst = "FAddSub_fulldsp">   --->   Core 18 'FAddSub_fulldsp' <Latency = 3> <II = 1> <Delay = 6.43> <FuncUnit> <Opcode : 'fadd' 'fsub'> <InPorts = 2> <OutPorts = 1>
ST_86 : Operation 474 [1/2] (0.67ns)   --->   "%weights_1_21_load = load i5 %weights_1_21_addr" [../../../../HWSWAI/HLS/SampleDatasetMLP.cpp:80]   --->   Operation 474 'load' 'weights_1_21_load' <Predicate = true> <Delay = 0.67> <CoreInst = "ROM">   --->   Core 101 'ROM' <Latency = 1> <II = 1> <Delay = 0.67> <Storage> <Opcode : 'load'> <Ports = 0> <Width = 32> <Depth = 24> <ROM>

State 87 <SV = 86> <Delay = 7.01>
ST_87 : Operation 475 [3/4] (6.43ns)   --->   "%add1_19 = fadd i32 %add1_18, i32 %mul_19" [../../../../HWSWAI/HLS/SampleDatasetMLP.cpp:80]   --->   Operation 475 'fadd' 'add1_19' <Predicate = true> <Delay = 6.43> <CoreInst = "FAddSub_fulldsp">   --->   Core 18 'FAddSub_fulldsp' <Latency = 3> <II = 1> <Delay = 6.43> <FuncUnit> <Opcode : 'fadd' 'fsub'> <InPorts = 2> <OutPorts = 1>
ST_87 : Operation 476 [3/3] (7.01ns)   --->   "%mul_20 = fmul i32 %input_features_casted_load_21_read, i32 %weights_1_21_load" [../../../../HWSWAI/HLS/SampleDatasetMLP.cpp:80]   --->   Operation 476 'fmul' 'mul_20' <Predicate = true> <Delay = 7.01> <CoreInst = "FMul_maxdsp">   --->   Core 30 'FMul_maxdsp' <Latency = 2> <II = 1> <Delay = 7.01> <FuncUnit> <Opcode : 'fmul'> <InPorts = 2> <OutPorts = 1>

State 88 <SV = 87> <Delay = 7.01>
ST_88 : Operation 477 [2/4] (6.43ns)   --->   "%add1_19 = fadd i32 %add1_18, i32 %mul_19" [../../../../HWSWAI/HLS/SampleDatasetMLP.cpp:80]   --->   Operation 477 'fadd' 'add1_19' <Predicate = true> <Delay = 6.43> <CoreInst = "FAddSub_fulldsp">   --->   Core 18 'FAddSub_fulldsp' <Latency = 3> <II = 1> <Delay = 6.43> <FuncUnit> <Opcode : 'fadd' 'fsub'> <InPorts = 2> <OutPorts = 1>
ST_88 : Operation 478 [2/3] (7.01ns)   --->   "%mul_20 = fmul i32 %input_features_casted_load_21_read, i32 %weights_1_21_load" [../../../../HWSWAI/HLS/SampleDatasetMLP.cpp:80]   --->   Operation 478 'fmul' 'mul_20' <Predicate = true> <Delay = 7.01> <CoreInst = "FMul_maxdsp">   --->   Core 30 'FMul_maxdsp' <Latency = 2> <II = 1> <Delay = 7.01> <FuncUnit> <Opcode : 'fmul'> <InPorts = 2> <OutPorts = 1>

State 89 <SV = 88> <Delay = 7.01>
ST_89 : Operation 479 [1/4] (6.43ns)   --->   "%add1_19 = fadd i32 %add1_18, i32 %mul_19" [../../../../HWSWAI/HLS/SampleDatasetMLP.cpp:80]   --->   Operation 479 'fadd' 'add1_19' <Predicate = true> <Delay = 6.43> <CoreInst = "FAddSub_fulldsp">   --->   Core 18 'FAddSub_fulldsp' <Latency = 3> <II = 1> <Delay = 6.43> <FuncUnit> <Opcode : 'fadd' 'fsub'> <InPorts = 2> <OutPorts = 1>
ST_89 : Operation 480 [1/3] (7.01ns)   --->   "%mul_20 = fmul i32 %input_features_casted_load_21_read, i32 %weights_1_21_load" [../../../../HWSWAI/HLS/SampleDatasetMLP.cpp:80]   --->   Operation 480 'fmul' 'mul_20' <Predicate = true> <Delay = 7.01> <CoreInst = "FMul_maxdsp">   --->   Core 30 'FMul_maxdsp' <Latency = 2> <II = 1> <Delay = 7.01> <FuncUnit> <Opcode : 'fmul'> <InPorts = 2> <OutPorts = 1>
ST_89 : Operation 481 [1/1] (0.00ns)   --->   "%weights_1_22_addr = getelementptr i32 %weights_1_22, i64 0, i64 %i_1_cast" [../../../../HWSWAI/HLS/SampleDatasetMLP.cpp:80]   --->   Operation 481 'getelementptr' 'weights_1_22_addr' <Predicate = true> <Delay = 0.00>
ST_89 : Operation 482 [2/2] (0.67ns)   --->   "%weights_1_22_load = load i5 %weights_1_22_addr" [../../../../HWSWAI/HLS/SampleDatasetMLP.cpp:80]   --->   Operation 482 'load' 'weights_1_22_load' <Predicate = true> <Delay = 0.67> <CoreInst = "ROM">   --->   Core 101 'ROM' <Latency = 1> <II = 1> <Delay = 0.67> <Storage> <Opcode : 'load'> <Ports = 0> <Width = 32> <Depth = 24> <ROM>

State 90 <SV = 89> <Delay = 6.43>
ST_90 : Operation 483 [4/4] (6.43ns)   --->   "%add1_20 = fadd i32 %add1_19, i32 %mul_20" [../../../../HWSWAI/HLS/SampleDatasetMLP.cpp:80]   --->   Operation 483 'fadd' 'add1_20' <Predicate = true> <Delay = 6.43> <CoreInst = "FAddSub_fulldsp">   --->   Core 18 'FAddSub_fulldsp' <Latency = 3> <II = 1> <Delay = 6.43> <FuncUnit> <Opcode : 'fadd' 'fsub'> <InPorts = 2> <OutPorts = 1>
ST_90 : Operation 484 [1/2] (0.67ns)   --->   "%weights_1_22_load = load i5 %weights_1_22_addr" [../../../../HWSWAI/HLS/SampleDatasetMLP.cpp:80]   --->   Operation 484 'load' 'weights_1_22_load' <Predicate = true> <Delay = 0.67> <CoreInst = "ROM">   --->   Core 101 'ROM' <Latency = 1> <II = 1> <Delay = 0.67> <Storage> <Opcode : 'load'> <Ports = 0> <Width = 32> <Depth = 24> <ROM>

State 91 <SV = 90> <Delay = 7.01>
ST_91 : Operation 485 [3/4] (6.43ns)   --->   "%add1_20 = fadd i32 %add1_19, i32 %mul_20" [../../../../HWSWAI/HLS/SampleDatasetMLP.cpp:80]   --->   Operation 485 'fadd' 'add1_20' <Predicate = true> <Delay = 6.43> <CoreInst = "FAddSub_fulldsp">   --->   Core 18 'FAddSub_fulldsp' <Latency = 3> <II = 1> <Delay = 6.43> <FuncUnit> <Opcode : 'fadd' 'fsub'> <InPorts = 2> <OutPorts = 1>
ST_91 : Operation 486 [3/3] (7.01ns)   --->   "%mul_21 = fmul i32 %input_features_casted_load_22_read, i32 %weights_1_22_load" [../../../../HWSWAI/HLS/SampleDatasetMLP.cpp:80]   --->   Operation 486 'fmul' 'mul_21' <Predicate = true> <Delay = 7.01> <CoreInst = "FMul_maxdsp">   --->   Core 30 'FMul_maxdsp' <Latency = 2> <II = 1> <Delay = 7.01> <FuncUnit> <Opcode : 'fmul'> <InPorts = 2> <OutPorts = 1>

State 92 <SV = 91> <Delay = 7.01>
ST_92 : Operation 487 [2/4] (6.43ns)   --->   "%add1_20 = fadd i32 %add1_19, i32 %mul_20" [../../../../HWSWAI/HLS/SampleDatasetMLP.cpp:80]   --->   Operation 487 'fadd' 'add1_20' <Predicate = true> <Delay = 6.43> <CoreInst = "FAddSub_fulldsp">   --->   Core 18 'FAddSub_fulldsp' <Latency = 3> <II = 1> <Delay = 6.43> <FuncUnit> <Opcode : 'fadd' 'fsub'> <InPorts = 2> <OutPorts = 1>
ST_92 : Operation 488 [2/3] (7.01ns)   --->   "%mul_21 = fmul i32 %input_features_casted_load_22_read, i32 %weights_1_22_load" [../../../../HWSWAI/HLS/SampleDatasetMLP.cpp:80]   --->   Operation 488 'fmul' 'mul_21' <Predicate = true> <Delay = 7.01> <CoreInst = "FMul_maxdsp">   --->   Core 30 'FMul_maxdsp' <Latency = 2> <II = 1> <Delay = 7.01> <FuncUnit> <Opcode : 'fmul'> <InPorts = 2> <OutPorts = 1>

State 93 <SV = 92> <Delay = 7.01>
ST_93 : Operation 489 [1/4] (6.43ns)   --->   "%add1_20 = fadd i32 %add1_19, i32 %mul_20" [../../../../HWSWAI/HLS/SampleDatasetMLP.cpp:80]   --->   Operation 489 'fadd' 'add1_20' <Predicate = true> <Delay = 6.43> <CoreInst = "FAddSub_fulldsp">   --->   Core 18 'FAddSub_fulldsp' <Latency = 3> <II = 1> <Delay = 6.43> <FuncUnit> <Opcode : 'fadd' 'fsub'> <InPorts = 2> <OutPorts = 1>
ST_93 : Operation 490 [1/3] (7.01ns)   --->   "%mul_21 = fmul i32 %input_features_casted_load_22_read, i32 %weights_1_22_load" [../../../../HWSWAI/HLS/SampleDatasetMLP.cpp:80]   --->   Operation 490 'fmul' 'mul_21' <Predicate = true> <Delay = 7.01> <CoreInst = "FMul_maxdsp">   --->   Core 30 'FMul_maxdsp' <Latency = 2> <II = 1> <Delay = 7.01> <FuncUnit> <Opcode : 'fmul'> <InPorts = 2> <OutPorts = 1>
ST_93 : Operation 491 [1/1] (0.00ns)   --->   "%weights_1_23_addr = getelementptr i32 %weights_1_23, i64 0, i64 %i_1_cast" [../../../../HWSWAI/HLS/SampleDatasetMLP.cpp:80]   --->   Operation 491 'getelementptr' 'weights_1_23_addr' <Predicate = true> <Delay = 0.00>
ST_93 : Operation 492 [2/2] (0.67ns)   --->   "%weights_1_23_load = load i5 %weights_1_23_addr" [../../../../HWSWAI/HLS/SampleDatasetMLP.cpp:80]   --->   Operation 492 'load' 'weights_1_23_load' <Predicate = true> <Delay = 0.67> <CoreInst = "ROM">   --->   Core 101 'ROM' <Latency = 1> <II = 1> <Delay = 0.67> <Storage> <Opcode : 'load'> <Ports = 0> <Width = 32> <Depth = 24> <ROM>

State 94 <SV = 93> <Delay = 6.43>
ST_94 : Operation 493 [4/4] (6.43ns)   --->   "%add1_21 = fadd i32 %add1_20, i32 %mul_21" [../../../../HWSWAI/HLS/SampleDatasetMLP.cpp:80]   --->   Operation 493 'fadd' 'add1_21' <Predicate = true> <Delay = 6.43> <CoreInst = "FAddSub_fulldsp">   --->   Core 18 'FAddSub_fulldsp' <Latency = 3> <II = 1> <Delay = 6.43> <FuncUnit> <Opcode : 'fadd' 'fsub'> <InPorts = 2> <OutPorts = 1>
ST_94 : Operation 494 [1/2] (0.67ns)   --->   "%weights_1_23_load = load i5 %weights_1_23_addr" [../../../../HWSWAI/HLS/SampleDatasetMLP.cpp:80]   --->   Operation 494 'load' 'weights_1_23_load' <Predicate = true> <Delay = 0.67> <CoreInst = "ROM">   --->   Core 101 'ROM' <Latency = 1> <II = 1> <Delay = 0.67> <Storage> <Opcode : 'load'> <Ports = 0> <Width = 32> <Depth = 24> <ROM>

State 95 <SV = 94> <Delay = 7.01>
ST_95 : Operation 495 [3/4] (6.43ns)   --->   "%add1_21 = fadd i32 %add1_20, i32 %mul_21" [../../../../HWSWAI/HLS/SampleDatasetMLP.cpp:80]   --->   Operation 495 'fadd' 'add1_21' <Predicate = true> <Delay = 6.43> <CoreInst = "FAddSub_fulldsp">   --->   Core 18 'FAddSub_fulldsp' <Latency = 3> <II = 1> <Delay = 6.43> <FuncUnit> <Opcode : 'fadd' 'fsub'> <InPorts = 2> <OutPorts = 1>
ST_95 : Operation 496 [3/3] (7.01ns)   --->   "%mul_22 = fmul i32 %input_features_casted_load_23_read, i32 %weights_1_23_load" [../../../../HWSWAI/HLS/SampleDatasetMLP.cpp:80]   --->   Operation 496 'fmul' 'mul_22' <Predicate = true> <Delay = 7.01> <CoreInst = "FMul_maxdsp">   --->   Core 30 'FMul_maxdsp' <Latency = 2> <II = 1> <Delay = 7.01> <FuncUnit> <Opcode : 'fmul'> <InPorts = 2> <OutPorts = 1>

State 96 <SV = 95> <Delay = 7.01>
ST_96 : Operation 497 [2/4] (6.43ns)   --->   "%add1_21 = fadd i32 %add1_20, i32 %mul_21" [../../../../HWSWAI/HLS/SampleDatasetMLP.cpp:80]   --->   Operation 497 'fadd' 'add1_21' <Predicate = true> <Delay = 6.43> <CoreInst = "FAddSub_fulldsp">   --->   Core 18 'FAddSub_fulldsp' <Latency = 3> <II = 1> <Delay = 6.43> <FuncUnit> <Opcode : 'fadd' 'fsub'> <InPorts = 2> <OutPorts = 1>
ST_96 : Operation 498 [2/3] (7.01ns)   --->   "%mul_22 = fmul i32 %input_features_casted_load_23_read, i32 %weights_1_23_load" [../../../../HWSWAI/HLS/SampleDatasetMLP.cpp:80]   --->   Operation 498 'fmul' 'mul_22' <Predicate = true> <Delay = 7.01> <CoreInst = "FMul_maxdsp">   --->   Core 30 'FMul_maxdsp' <Latency = 2> <II = 1> <Delay = 7.01> <FuncUnit> <Opcode : 'fmul'> <InPorts = 2> <OutPorts = 1>

State 97 <SV = 96> <Delay = 7.01>
ST_97 : Operation 499 [1/4] (6.43ns)   --->   "%add1_21 = fadd i32 %add1_20, i32 %mul_21" [../../../../HWSWAI/HLS/SampleDatasetMLP.cpp:80]   --->   Operation 499 'fadd' 'add1_21' <Predicate = true> <Delay = 6.43> <CoreInst = "FAddSub_fulldsp">   --->   Core 18 'FAddSub_fulldsp' <Latency = 3> <II = 1> <Delay = 6.43> <FuncUnit> <Opcode : 'fadd' 'fsub'> <InPorts = 2> <OutPorts = 1>
ST_97 : Operation 500 [1/3] (7.01ns)   --->   "%mul_22 = fmul i32 %input_features_casted_load_23_read, i32 %weights_1_23_load" [../../../../HWSWAI/HLS/SampleDatasetMLP.cpp:80]   --->   Operation 500 'fmul' 'mul_22' <Predicate = true> <Delay = 7.01> <CoreInst = "FMul_maxdsp">   --->   Core 30 'FMul_maxdsp' <Latency = 2> <II = 1> <Delay = 7.01> <FuncUnit> <Opcode : 'fmul'> <InPorts = 2> <OutPorts = 1>
ST_97 : Operation 501 [1/1] (0.00ns)   --->   "%weights_1_24_addr = getelementptr i32 %weights_1_24, i64 0, i64 %i_1_cast" [../../../../HWSWAI/HLS/SampleDatasetMLP.cpp:80]   --->   Operation 501 'getelementptr' 'weights_1_24_addr' <Predicate = true> <Delay = 0.00>
ST_97 : Operation 502 [2/2] (0.67ns)   --->   "%weights_1_24_load = load i5 %weights_1_24_addr" [../../../../HWSWAI/HLS/SampleDatasetMLP.cpp:80]   --->   Operation 502 'load' 'weights_1_24_load' <Predicate = true> <Delay = 0.67> <CoreInst = "ROM">   --->   Core 101 'ROM' <Latency = 1> <II = 1> <Delay = 0.67> <Storage> <Opcode : 'load'> <Ports = 0> <Width = 32> <Depth = 24> <ROM>

State 98 <SV = 97> <Delay = 6.43>
ST_98 : Operation 503 [4/4] (6.43ns)   --->   "%add1_22 = fadd i32 %add1_21, i32 %mul_22" [../../../../HWSWAI/HLS/SampleDatasetMLP.cpp:80]   --->   Operation 503 'fadd' 'add1_22' <Predicate = true> <Delay = 6.43> <CoreInst = "FAddSub_fulldsp">   --->   Core 18 'FAddSub_fulldsp' <Latency = 3> <II = 1> <Delay = 6.43> <FuncUnit> <Opcode : 'fadd' 'fsub'> <InPorts = 2> <OutPorts = 1>
ST_98 : Operation 504 [1/2] (0.67ns)   --->   "%weights_1_24_load = load i5 %weights_1_24_addr" [../../../../HWSWAI/HLS/SampleDatasetMLP.cpp:80]   --->   Operation 504 'load' 'weights_1_24_load' <Predicate = true> <Delay = 0.67> <CoreInst = "ROM">   --->   Core 101 'ROM' <Latency = 1> <II = 1> <Delay = 0.67> <Storage> <Opcode : 'load'> <Ports = 0> <Width = 32> <Depth = 24> <ROM>

State 99 <SV = 98> <Delay = 7.01>
ST_99 : Operation 505 [3/4] (6.43ns)   --->   "%add1_22 = fadd i32 %add1_21, i32 %mul_22" [../../../../HWSWAI/HLS/SampleDatasetMLP.cpp:80]   --->   Operation 505 'fadd' 'add1_22' <Predicate = true> <Delay = 6.43> <CoreInst = "FAddSub_fulldsp">   --->   Core 18 'FAddSub_fulldsp' <Latency = 3> <II = 1> <Delay = 6.43> <FuncUnit> <Opcode : 'fadd' 'fsub'> <InPorts = 2> <OutPorts = 1>
ST_99 : Operation 506 [3/3] (7.01ns)   --->   "%mul_23 = fmul i32 %input_features_casted_load_24_read, i32 %weights_1_24_load" [../../../../HWSWAI/HLS/SampleDatasetMLP.cpp:80]   --->   Operation 506 'fmul' 'mul_23' <Predicate = true> <Delay = 7.01> <CoreInst = "FMul_maxdsp">   --->   Core 30 'FMul_maxdsp' <Latency = 2> <II = 1> <Delay = 7.01> <FuncUnit> <Opcode : 'fmul'> <InPorts = 2> <OutPorts = 1>

State 100 <SV = 99> <Delay = 7.01>
ST_100 : Operation 507 [2/4] (6.43ns)   --->   "%add1_22 = fadd i32 %add1_21, i32 %mul_22" [../../../../HWSWAI/HLS/SampleDatasetMLP.cpp:80]   --->   Operation 507 'fadd' 'add1_22' <Predicate = true> <Delay = 6.43> <CoreInst = "FAddSub_fulldsp">   --->   Core 18 'FAddSub_fulldsp' <Latency = 3> <II = 1> <Delay = 6.43> <FuncUnit> <Opcode : 'fadd' 'fsub'> <InPorts = 2> <OutPorts = 1>
ST_100 : Operation 508 [2/3] (7.01ns)   --->   "%mul_23 = fmul i32 %input_features_casted_load_24_read, i32 %weights_1_24_load" [../../../../HWSWAI/HLS/SampleDatasetMLP.cpp:80]   --->   Operation 508 'fmul' 'mul_23' <Predicate = true> <Delay = 7.01> <CoreInst = "FMul_maxdsp">   --->   Core 30 'FMul_maxdsp' <Latency = 2> <II = 1> <Delay = 7.01> <FuncUnit> <Opcode : 'fmul'> <InPorts = 2> <OutPorts = 1>

State 101 <SV = 100> <Delay = 7.01>
ST_101 : Operation 509 [1/4] (6.43ns)   --->   "%add1_22 = fadd i32 %add1_21, i32 %mul_22" [../../../../HWSWAI/HLS/SampleDatasetMLP.cpp:80]   --->   Operation 509 'fadd' 'add1_22' <Predicate = true> <Delay = 6.43> <CoreInst = "FAddSub_fulldsp">   --->   Core 18 'FAddSub_fulldsp' <Latency = 3> <II = 1> <Delay = 6.43> <FuncUnit> <Opcode : 'fadd' 'fsub'> <InPorts = 2> <OutPorts = 1>
ST_101 : Operation 510 [1/3] (7.01ns)   --->   "%mul_23 = fmul i32 %input_features_casted_load_24_read, i32 %weights_1_24_load" [../../../../HWSWAI/HLS/SampleDatasetMLP.cpp:80]   --->   Operation 510 'fmul' 'mul_23' <Predicate = true> <Delay = 7.01> <CoreInst = "FMul_maxdsp">   --->   Core 30 'FMul_maxdsp' <Latency = 2> <II = 1> <Delay = 7.01> <FuncUnit> <Opcode : 'fmul'> <InPorts = 2> <OutPorts = 1>
ST_101 : Operation 511 [1/1] (0.00ns)   --->   "%weights_1_25_addr = getelementptr i32 %weights_1_25, i64 0, i64 %i_1_cast" [../../../../HWSWAI/HLS/SampleDatasetMLP.cpp:80]   --->   Operation 511 'getelementptr' 'weights_1_25_addr' <Predicate = true> <Delay = 0.00>
ST_101 : Operation 512 [2/2] (0.67ns)   --->   "%weights_1_25_load = load i5 %weights_1_25_addr" [../../../../HWSWAI/HLS/SampleDatasetMLP.cpp:80]   --->   Operation 512 'load' 'weights_1_25_load' <Predicate = true> <Delay = 0.67> <CoreInst = "ROM">   --->   Core 101 'ROM' <Latency = 1> <II = 1> <Delay = 0.67> <Storage> <Opcode : 'load'> <Ports = 0> <Width = 32> <Depth = 24> <ROM>

State 102 <SV = 101> <Delay = 6.43>
ST_102 : Operation 513 [4/4] (6.43ns)   --->   "%add1_23 = fadd i32 %add1_22, i32 %mul_23" [../../../../HWSWAI/HLS/SampleDatasetMLP.cpp:80]   --->   Operation 513 'fadd' 'add1_23' <Predicate = true> <Delay = 6.43> <CoreInst = "FAddSub_fulldsp">   --->   Core 18 'FAddSub_fulldsp' <Latency = 3> <II = 1> <Delay = 6.43> <FuncUnit> <Opcode : 'fadd' 'fsub'> <InPorts = 2> <OutPorts = 1>
ST_102 : Operation 514 [1/2] (0.67ns)   --->   "%weights_1_25_load = load i5 %weights_1_25_addr" [../../../../HWSWAI/HLS/SampleDatasetMLP.cpp:80]   --->   Operation 514 'load' 'weights_1_25_load' <Predicate = true> <Delay = 0.67> <CoreInst = "ROM">   --->   Core 101 'ROM' <Latency = 1> <II = 1> <Delay = 0.67> <Storage> <Opcode : 'load'> <Ports = 0> <Width = 32> <Depth = 24> <ROM>

State 103 <SV = 102> <Delay = 7.01>
ST_103 : Operation 515 [3/4] (6.43ns)   --->   "%add1_23 = fadd i32 %add1_22, i32 %mul_23" [../../../../HWSWAI/HLS/SampleDatasetMLP.cpp:80]   --->   Operation 515 'fadd' 'add1_23' <Predicate = true> <Delay = 6.43> <CoreInst = "FAddSub_fulldsp">   --->   Core 18 'FAddSub_fulldsp' <Latency = 3> <II = 1> <Delay = 6.43> <FuncUnit> <Opcode : 'fadd' 'fsub'> <InPorts = 2> <OutPorts = 1>
ST_103 : Operation 516 [3/3] (7.01ns)   --->   "%mul_24 = fmul i32 %input_features_casted_load_25_read, i32 %weights_1_25_load" [../../../../HWSWAI/HLS/SampleDatasetMLP.cpp:80]   --->   Operation 516 'fmul' 'mul_24' <Predicate = true> <Delay = 7.01> <CoreInst = "FMul_maxdsp">   --->   Core 30 'FMul_maxdsp' <Latency = 2> <II = 1> <Delay = 7.01> <FuncUnit> <Opcode : 'fmul'> <InPorts = 2> <OutPorts = 1>

State 104 <SV = 103> <Delay = 7.01>
ST_104 : Operation 517 [2/4] (6.43ns)   --->   "%add1_23 = fadd i32 %add1_22, i32 %mul_23" [../../../../HWSWAI/HLS/SampleDatasetMLP.cpp:80]   --->   Operation 517 'fadd' 'add1_23' <Predicate = true> <Delay = 6.43> <CoreInst = "FAddSub_fulldsp">   --->   Core 18 'FAddSub_fulldsp' <Latency = 3> <II = 1> <Delay = 6.43> <FuncUnit> <Opcode : 'fadd' 'fsub'> <InPorts = 2> <OutPorts = 1>
ST_104 : Operation 518 [2/3] (7.01ns)   --->   "%mul_24 = fmul i32 %input_features_casted_load_25_read, i32 %weights_1_25_load" [../../../../HWSWAI/HLS/SampleDatasetMLP.cpp:80]   --->   Operation 518 'fmul' 'mul_24' <Predicate = true> <Delay = 7.01> <CoreInst = "FMul_maxdsp">   --->   Core 30 'FMul_maxdsp' <Latency = 2> <II = 1> <Delay = 7.01> <FuncUnit> <Opcode : 'fmul'> <InPorts = 2> <OutPorts = 1>

State 105 <SV = 104> <Delay = 7.01>
ST_105 : Operation 519 [1/4] (6.43ns)   --->   "%add1_23 = fadd i32 %add1_22, i32 %mul_23" [../../../../HWSWAI/HLS/SampleDatasetMLP.cpp:80]   --->   Operation 519 'fadd' 'add1_23' <Predicate = true> <Delay = 6.43> <CoreInst = "FAddSub_fulldsp">   --->   Core 18 'FAddSub_fulldsp' <Latency = 3> <II = 1> <Delay = 6.43> <FuncUnit> <Opcode : 'fadd' 'fsub'> <InPorts = 2> <OutPorts = 1>
ST_105 : Operation 520 [1/3] (7.01ns)   --->   "%mul_24 = fmul i32 %input_features_casted_load_25_read, i32 %weights_1_25_load" [../../../../HWSWAI/HLS/SampleDatasetMLP.cpp:80]   --->   Operation 520 'fmul' 'mul_24' <Predicate = true> <Delay = 7.01> <CoreInst = "FMul_maxdsp">   --->   Core 30 'FMul_maxdsp' <Latency = 2> <II = 1> <Delay = 7.01> <FuncUnit> <Opcode : 'fmul'> <InPorts = 2> <OutPorts = 1>
ST_105 : Operation 521 [1/1] (0.00ns)   --->   "%weights_1_26_addr = getelementptr i32 %weights_1_26, i64 0, i64 %i_1_cast" [../../../../HWSWAI/HLS/SampleDatasetMLP.cpp:80]   --->   Operation 521 'getelementptr' 'weights_1_26_addr' <Predicate = true> <Delay = 0.00>
ST_105 : Operation 522 [2/2] (0.67ns)   --->   "%weights_1_26_load = load i5 %weights_1_26_addr" [../../../../HWSWAI/HLS/SampleDatasetMLP.cpp:80]   --->   Operation 522 'load' 'weights_1_26_load' <Predicate = true> <Delay = 0.67> <CoreInst = "ROM">   --->   Core 101 'ROM' <Latency = 1> <II = 1> <Delay = 0.67> <Storage> <Opcode : 'load'> <Ports = 0> <Width = 32> <Depth = 24> <ROM>

State 106 <SV = 105> <Delay = 6.43>
ST_106 : Operation 523 [4/4] (6.43ns)   --->   "%add1_24 = fadd i32 %add1_23, i32 %mul_24" [../../../../HWSWAI/HLS/SampleDatasetMLP.cpp:80]   --->   Operation 523 'fadd' 'add1_24' <Predicate = true> <Delay = 6.43> <CoreInst = "FAddSub_fulldsp">   --->   Core 18 'FAddSub_fulldsp' <Latency = 3> <II = 1> <Delay = 6.43> <FuncUnit> <Opcode : 'fadd' 'fsub'> <InPorts = 2> <OutPorts = 1>
ST_106 : Operation 524 [1/2] (0.67ns)   --->   "%weights_1_26_load = load i5 %weights_1_26_addr" [../../../../HWSWAI/HLS/SampleDatasetMLP.cpp:80]   --->   Operation 524 'load' 'weights_1_26_load' <Predicate = true> <Delay = 0.67> <CoreInst = "ROM">   --->   Core 101 'ROM' <Latency = 1> <II = 1> <Delay = 0.67> <Storage> <Opcode : 'load'> <Ports = 0> <Width = 32> <Depth = 24> <ROM>

State 107 <SV = 106> <Delay = 7.01>
ST_107 : Operation 525 [3/4] (6.43ns)   --->   "%add1_24 = fadd i32 %add1_23, i32 %mul_24" [../../../../HWSWAI/HLS/SampleDatasetMLP.cpp:80]   --->   Operation 525 'fadd' 'add1_24' <Predicate = true> <Delay = 6.43> <CoreInst = "FAddSub_fulldsp">   --->   Core 18 'FAddSub_fulldsp' <Latency = 3> <II = 1> <Delay = 6.43> <FuncUnit> <Opcode : 'fadd' 'fsub'> <InPorts = 2> <OutPorts = 1>
ST_107 : Operation 526 [3/3] (7.01ns)   --->   "%mul_25 = fmul i32 %input_features_casted_load_26_read, i32 %weights_1_26_load" [../../../../HWSWAI/HLS/SampleDatasetMLP.cpp:80]   --->   Operation 526 'fmul' 'mul_25' <Predicate = true> <Delay = 7.01> <CoreInst = "FMul_maxdsp">   --->   Core 30 'FMul_maxdsp' <Latency = 2> <II = 1> <Delay = 7.01> <FuncUnit> <Opcode : 'fmul'> <InPorts = 2> <OutPorts = 1>

State 108 <SV = 107> <Delay = 7.01>
ST_108 : Operation 527 [2/4] (6.43ns)   --->   "%add1_24 = fadd i32 %add1_23, i32 %mul_24" [../../../../HWSWAI/HLS/SampleDatasetMLP.cpp:80]   --->   Operation 527 'fadd' 'add1_24' <Predicate = true> <Delay = 6.43> <CoreInst = "FAddSub_fulldsp">   --->   Core 18 'FAddSub_fulldsp' <Latency = 3> <II = 1> <Delay = 6.43> <FuncUnit> <Opcode : 'fadd' 'fsub'> <InPorts = 2> <OutPorts = 1>
ST_108 : Operation 528 [2/3] (7.01ns)   --->   "%mul_25 = fmul i32 %input_features_casted_load_26_read, i32 %weights_1_26_load" [../../../../HWSWAI/HLS/SampleDatasetMLP.cpp:80]   --->   Operation 528 'fmul' 'mul_25' <Predicate = true> <Delay = 7.01> <CoreInst = "FMul_maxdsp">   --->   Core 30 'FMul_maxdsp' <Latency = 2> <II = 1> <Delay = 7.01> <FuncUnit> <Opcode : 'fmul'> <InPorts = 2> <OutPorts = 1>

State 109 <SV = 108> <Delay = 7.01>
ST_109 : Operation 529 [1/4] (6.43ns)   --->   "%add1_24 = fadd i32 %add1_23, i32 %mul_24" [../../../../HWSWAI/HLS/SampleDatasetMLP.cpp:80]   --->   Operation 529 'fadd' 'add1_24' <Predicate = true> <Delay = 6.43> <CoreInst = "FAddSub_fulldsp">   --->   Core 18 'FAddSub_fulldsp' <Latency = 3> <II = 1> <Delay = 6.43> <FuncUnit> <Opcode : 'fadd' 'fsub'> <InPorts = 2> <OutPorts = 1>
ST_109 : Operation 530 [1/3] (7.01ns)   --->   "%mul_25 = fmul i32 %input_features_casted_load_26_read, i32 %weights_1_26_load" [../../../../HWSWAI/HLS/SampleDatasetMLP.cpp:80]   --->   Operation 530 'fmul' 'mul_25' <Predicate = true> <Delay = 7.01> <CoreInst = "FMul_maxdsp">   --->   Core 30 'FMul_maxdsp' <Latency = 2> <II = 1> <Delay = 7.01> <FuncUnit> <Opcode : 'fmul'> <InPorts = 2> <OutPorts = 1>
ST_109 : Operation 531 [1/1] (0.00ns)   --->   "%weights_1_27_addr = getelementptr i32 %weights_1_27, i64 0, i64 %i_1_cast" [../../../../HWSWAI/HLS/SampleDatasetMLP.cpp:80]   --->   Operation 531 'getelementptr' 'weights_1_27_addr' <Predicate = true> <Delay = 0.00>
ST_109 : Operation 532 [2/2] (0.67ns)   --->   "%weights_1_27_load = load i5 %weights_1_27_addr" [../../../../HWSWAI/HLS/SampleDatasetMLP.cpp:80]   --->   Operation 532 'load' 'weights_1_27_load' <Predicate = true> <Delay = 0.67> <CoreInst = "ROM">   --->   Core 101 'ROM' <Latency = 1> <II = 1> <Delay = 0.67> <Storage> <Opcode : 'load'> <Ports = 0> <Width = 32> <Depth = 24> <ROM>

State 110 <SV = 109> <Delay = 6.43>
ST_110 : Operation 533 [4/4] (6.43ns)   --->   "%add1_25 = fadd i32 %add1_24, i32 %mul_25" [../../../../HWSWAI/HLS/SampleDatasetMLP.cpp:80]   --->   Operation 533 'fadd' 'add1_25' <Predicate = true> <Delay = 6.43> <CoreInst = "FAddSub_fulldsp">   --->   Core 18 'FAddSub_fulldsp' <Latency = 3> <II = 1> <Delay = 6.43> <FuncUnit> <Opcode : 'fadd' 'fsub'> <InPorts = 2> <OutPorts = 1>
ST_110 : Operation 534 [1/2] (0.67ns)   --->   "%weights_1_27_load = load i5 %weights_1_27_addr" [../../../../HWSWAI/HLS/SampleDatasetMLP.cpp:80]   --->   Operation 534 'load' 'weights_1_27_load' <Predicate = true> <Delay = 0.67> <CoreInst = "ROM">   --->   Core 101 'ROM' <Latency = 1> <II = 1> <Delay = 0.67> <Storage> <Opcode : 'load'> <Ports = 0> <Width = 32> <Depth = 24> <ROM>

State 111 <SV = 110> <Delay = 7.01>
ST_111 : Operation 535 [3/4] (6.43ns)   --->   "%add1_25 = fadd i32 %add1_24, i32 %mul_25" [../../../../HWSWAI/HLS/SampleDatasetMLP.cpp:80]   --->   Operation 535 'fadd' 'add1_25' <Predicate = true> <Delay = 6.43> <CoreInst = "FAddSub_fulldsp">   --->   Core 18 'FAddSub_fulldsp' <Latency = 3> <II = 1> <Delay = 6.43> <FuncUnit> <Opcode : 'fadd' 'fsub'> <InPorts = 2> <OutPorts = 1>
ST_111 : Operation 536 [3/3] (7.01ns)   --->   "%mul_26 = fmul i32 %input_features_casted_load_27_read, i32 %weights_1_27_load" [../../../../HWSWAI/HLS/SampleDatasetMLP.cpp:80]   --->   Operation 536 'fmul' 'mul_26' <Predicate = true> <Delay = 7.01> <CoreInst = "FMul_maxdsp">   --->   Core 30 'FMul_maxdsp' <Latency = 2> <II = 1> <Delay = 7.01> <FuncUnit> <Opcode : 'fmul'> <InPorts = 2> <OutPorts = 1>

State 112 <SV = 111> <Delay = 7.01>
ST_112 : Operation 537 [2/4] (6.43ns)   --->   "%add1_25 = fadd i32 %add1_24, i32 %mul_25" [../../../../HWSWAI/HLS/SampleDatasetMLP.cpp:80]   --->   Operation 537 'fadd' 'add1_25' <Predicate = true> <Delay = 6.43> <CoreInst = "FAddSub_fulldsp">   --->   Core 18 'FAddSub_fulldsp' <Latency = 3> <II = 1> <Delay = 6.43> <FuncUnit> <Opcode : 'fadd' 'fsub'> <InPorts = 2> <OutPorts = 1>
ST_112 : Operation 538 [2/3] (7.01ns)   --->   "%mul_26 = fmul i32 %input_features_casted_load_27_read, i32 %weights_1_27_load" [../../../../HWSWAI/HLS/SampleDatasetMLP.cpp:80]   --->   Operation 538 'fmul' 'mul_26' <Predicate = true> <Delay = 7.01> <CoreInst = "FMul_maxdsp">   --->   Core 30 'FMul_maxdsp' <Latency = 2> <II = 1> <Delay = 7.01> <FuncUnit> <Opcode : 'fmul'> <InPorts = 2> <OutPorts = 1>

State 113 <SV = 112> <Delay = 7.01>
ST_113 : Operation 539 [1/4] (6.43ns)   --->   "%add1_25 = fadd i32 %add1_24, i32 %mul_25" [../../../../HWSWAI/HLS/SampleDatasetMLP.cpp:80]   --->   Operation 539 'fadd' 'add1_25' <Predicate = true> <Delay = 6.43> <CoreInst = "FAddSub_fulldsp">   --->   Core 18 'FAddSub_fulldsp' <Latency = 3> <II = 1> <Delay = 6.43> <FuncUnit> <Opcode : 'fadd' 'fsub'> <InPorts = 2> <OutPorts = 1>
ST_113 : Operation 540 [1/3] (7.01ns)   --->   "%mul_26 = fmul i32 %input_features_casted_load_27_read, i32 %weights_1_27_load" [../../../../HWSWAI/HLS/SampleDatasetMLP.cpp:80]   --->   Operation 540 'fmul' 'mul_26' <Predicate = true> <Delay = 7.01> <CoreInst = "FMul_maxdsp">   --->   Core 30 'FMul_maxdsp' <Latency = 2> <II = 1> <Delay = 7.01> <FuncUnit> <Opcode : 'fmul'> <InPorts = 2> <OutPorts = 1>
ST_113 : Operation 541 [1/1] (0.00ns)   --->   "%weights_1_28_addr = getelementptr i32 %weights_1_28, i64 0, i64 %i_1_cast" [../../../../HWSWAI/HLS/SampleDatasetMLP.cpp:80]   --->   Operation 541 'getelementptr' 'weights_1_28_addr' <Predicate = true> <Delay = 0.00>
ST_113 : Operation 542 [2/2] (0.67ns)   --->   "%weights_1_28_load = load i5 %weights_1_28_addr" [../../../../HWSWAI/HLS/SampleDatasetMLP.cpp:80]   --->   Operation 542 'load' 'weights_1_28_load' <Predicate = true> <Delay = 0.67> <CoreInst = "ROM">   --->   Core 101 'ROM' <Latency = 1> <II = 1> <Delay = 0.67> <Storage> <Opcode : 'load'> <Ports = 0> <Width = 32> <Depth = 24> <ROM>

State 114 <SV = 113> <Delay = 6.43>
ST_114 : Operation 543 [4/4] (6.43ns)   --->   "%add1_26 = fadd i32 %add1_25, i32 %mul_26" [../../../../HWSWAI/HLS/SampleDatasetMLP.cpp:80]   --->   Operation 543 'fadd' 'add1_26' <Predicate = true> <Delay = 6.43> <CoreInst = "FAddSub_fulldsp">   --->   Core 18 'FAddSub_fulldsp' <Latency = 3> <II = 1> <Delay = 6.43> <FuncUnit> <Opcode : 'fadd' 'fsub'> <InPorts = 2> <OutPorts = 1>
ST_114 : Operation 544 [1/2] (0.67ns)   --->   "%weights_1_28_load = load i5 %weights_1_28_addr" [../../../../HWSWAI/HLS/SampleDatasetMLP.cpp:80]   --->   Operation 544 'load' 'weights_1_28_load' <Predicate = true> <Delay = 0.67> <CoreInst = "ROM">   --->   Core 101 'ROM' <Latency = 1> <II = 1> <Delay = 0.67> <Storage> <Opcode : 'load'> <Ports = 0> <Width = 32> <Depth = 24> <ROM>

State 115 <SV = 114> <Delay = 7.01>
ST_115 : Operation 545 [3/4] (6.43ns)   --->   "%add1_26 = fadd i32 %add1_25, i32 %mul_26" [../../../../HWSWAI/HLS/SampleDatasetMLP.cpp:80]   --->   Operation 545 'fadd' 'add1_26' <Predicate = true> <Delay = 6.43> <CoreInst = "FAddSub_fulldsp">   --->   Core 18 'FAddSub_fulldsp' <Latency = 3> <II = 1> <Delay = 6.43> <FuncUnit> <Opcode : 'fadd' 'fsub'> <InPorts = 2> <OutPorts = 1>
ST_115 : Operation 546 [3/3] (7.01ns)   --->   "%mul_27 = fmul i32 %input_features_casted_load_28_read, i32 %weights_1_28_load" [../../../../HWSWAI/HLS/SampleDatasetMLP.cpp:80]   --->   Operation 546 'fmul' 'mul_27' <Predicate = true> <Delay = 7.01> <CoreInst = "FMul_maxdsp">   --->   Core 30 'FMul_maxdsp' <Latency = 2> <II = 1> <Delay = 7.01> <FuncUnit> <Opcode : 'fmul'> <InPorts = 2> <OutPorts = 1>

State 116 <SV = 115> <Delay = 7.01>
ST_116 : Operation 547 [2/4] (6.43ns)   --->   "%add1_26 = fadd i32 %add1_25, i32 %mul_26" [../../../../HWSWAI/HLS/SampleDatasetMLP.cpp:80]   --->   Operation 547 'fadd' 'add1_26' <Predicate = true> <Delay = 6.43> <CoreInst = "FAddSub_fulldsp">   --->   Core 18 'FAddSub_fulldsp' <Latency = 3> <II = 1> <Delay = 6.43> <FuncUnit> <Opcode : 'fadd' 'fsub'> <InPorts = 2> <OutPorts = 1>
ST_116 : Operation 548 [2/3] (7.01ns)   --->   "%mul_27 = fmul i32 %input_features_casted_load_28_read, i32 %weights_1_28_load" [../../../../HWSWAI/HLS/SampleDatasetMLP.cpp:80]   --->   Operation 548 'fmul' 'mul_27' <Predicate = true> <Delay = 7.01> <CoreInst = "FMul_maxdsp">   --->   Core 30 'FMul_maxdsp' <Latency = 2> <II = 1> <Delay = 7.01> <FuncUnit> <Opcode : 'fmul'> <InPorts = 2> <OutPorts = 1>

State 117 <SV = 116> <Delay = 7.01>
ST_117 : Operation 549 [1/4] (6.43ns)   --->   "%add1_26 = fadd i32 %add1_25, i32 %mul_26" [../../../../HWSWAI/HLS/SampleDatasetMLP.cpp:80]   --->   Operation 549 'fadd' 'add1_26' <Predicate = true> <Delay = 6.43> <CoreInst = "FAddSub_fulldsp">   --->   Core 18 'FAddSub_fulldsp' <Latency = 3> <II = 1> <Delay = 6.43> <FuncUnit> <Opcode : 'fadd' 'fsub'> <InPorts = 2> <OutPorts = 1>
ST_117 : Operation 550 [1/3] (7.01ns)   --->   "%mul_27 = fmul i32 %input_features_casted_load_28_read, i32 %weights_1_28_load" [../../../../HWSWAI/HLS/SampleDatasetMLP.cpp:80]   --->   Operation 550 'fmul' 'mul_27' <Predicate = true> <Delay = 7.01> <CoreInst = "FMul_maxdsp">   --->   Core 30 'FMul_maxdsp' <Latency = 2> <II = 1> <Delay = 7.01> <FuncUnit> <Opcode : 'fmul'> <InPorts = 2> <OutPorts = 1>
ST_117 : Operation 551 [1/1] (0.00ns)   --->   "%weights_1_29_addr = getelementptr i32 %weights_1_29, i64 0, i64 %i_1_cast" [../../../../HWSWAI/HLS/SampleDatasetMLP.cpp:80]   --->   Operation 551 'getelementptr' 'weights_1_29_addr' <Predicate = true> <Delay = 0.00>
ST_117 : Operation 552 [2/2] (0.67ns)   --->   "%weights_1_29_load = load i5 %weights_1_29_addr" [../../../../HWSWAI/HLS/SampleDatasetMLP.cpp:80]   --->   Operation 552 'load' 'weights_1_29_load' <Predicate = true> <Delay = 0.67> <CoreInst = "ROM">   --->   Core 101 'ROM' <Latency = 1> <II = 1> <Delay = 0.67> <Storage> <Opcode : 'load'> <Ports = 0> <Width = 32> <Depth = 24> <ROM>

State 118 <SV = 117> <Delay = 6.43>
ST_118 : Operation 553 [4/4] (6.43ns)   --->   "%add1_27 = fadd i32 %add1_26, i32 %mul_27" [../../../../HWSWAI/HLS/SampleDatasetMLP.cpp:80]   --->   Operation 553 'fadd' 'add1_27' <Predicate = true> <Delay = 6.43> <CoreInst = "FAddSub_fulldsp">   --->   Core 18 'FAddSub_fulldsp' <Latency = 3> <II = 1> <Delay = 6.43> <FuncUnit> <Opcode : 'fadd' 'fsub'> <InPorts = 2> <OutPorts = 1>
ST_118 : Operation 554 [1/2] (0.67ns)   --->   "%weights_1_29_load = load i5 %weights_1_29_addr" [../../../../HWSWAI/HLS/SampleDatasetMLP.cpp:80]   --->   Operation 554 'load' 'weights_1_29_load' <Predicate = true> <Delay = 0.67> <CoreInst = "ROM">   --->   Core 101 'ROM' <Latency = 1> <II = 1> <Delay = 0.67> <Storage> <Opcode : 'load'> <Ports = 0> <Width = 32> <Depth = 24> <ROM>

State 119 <SV = 118> <Delay = 7.01>
ST_119 : Operation 555 [3/4] (6.43ns)   --->   "%add1_27 = fadd i32 %add1_26, i32 %mul_27" [../../../../HWSWAI/HLS/SampleDatasetMLP.cpp:80]   --->   Operation 555 'fadd' 'add1_27' <Predicate = true> <Delay = 6.43> <CoreInst = "FAddSub_fulldsp">   --->   Core 18 'FAddSub_fulldsp' <Latency = 3> <II = 1> <Delay = 6.43> <FuncUnit> <Opcode : 'fadd' 'fsub'> <InPorts = 2> <OutPorts = 1>
ST_119 : Operation 556 [3/3] (7.01ns)   --->   "%mul_28 = fmul i32 %input_features_casted_load_29_read, i32 %weights_1_29_load" [../../../../HWSWAI/HLS/SampleDatasetMLP.cpp:80]   --->   Operation 556 'fmul' 'mul_28' <Predicate = true> <Delay = 7.01> <CoreInst = "FMul_maxdsp">   --->   Core 30 'FMul_maxdsp' <Latency = 2> <II = 1> <Delay = 7.01> <FuncUnit> <Opcode : 'fmul'> <InPorts = 2> <OutPorts = 1>

State 120 <SV = 119> <Delay = 7.01>
ST_120 : Operation 557 [2/4] (6.43ns)   --->   "%add1_27 = fadd i32 %add1_26, i32 %mul_27" [../../../../HWSWAI/HLS/SampleDatasetMLP.cpp:80]   --->   Operation 557 'fadd' 'add1_27' <Predicate = true> <Delay = 6.43> <CoreInst = "FAddSub_fulldsp">   --->   Core 18 'FAddSub_fulldsp' <Latency = 3> <II = 1> <Delay = 6.43> <FuncUnit> <Opcode : 'fadd' 'fsub'> <InPorts = 2> <OutPorts = 1>
ST_120 : Operation 558 [2/3] (7.01ns)   --->   "%mul_28 = fmul i32 %input_features_casted_load_29_read, i32 %weights_1_29_load" [../../../../HWSWAI/HLS/SampleDatasetMLP.cpp:80]   --->   Operation 558 'fmul' 'mul_28' <Predicate = true> <Delay = 7.01> <CoreInst = "FMul_maxdsp">   --->   Core 30 'FMul_maxdsp' <Latency = 2> <II = 1> <Delay = 7.01> <FuncUnit> <Opcode : 'fmul'> <InPorts = 2> <OutPorts = 1>

State 121 <SV = 120> <Delay = 7.01>
ST_121 : Operation 559 [1/4] (6.43ns)   --->   "%add1_27 = fadd i32 %add1_26, i32 %mul_27" [../../../../HWSWAI/HLS/SampleDatasetMLP.cpp:80]   --->   Operation 559 'fadd' 'add1_27' <Predicate = true> <Delay = 6.43> <CoreInst = "FAddSub_fulldsp">   --->   Core 18 'FAddSub_fulldsp' <Latency = 3> <II = 1> <Delay = 6.43> <FuncUnit> <Opcode : 'fadd' 'fsub'> <InPorts = 2> <OutPorts = 1>
ST_121 : Operation 560 [1/3] (7.01ns)   --->   "%mul_28 = fmul i32 %input_features_casted_load_29_read, i32 %weights_1_29_load" [../../../../HWSWAI/HLS/SampleDatasetMLP.cpp:80]   --->   Operation 560 'fmul' 'mul_28' <Predicate = true> <Delay = 7.01> <CoreInst = "FMul_maxdsp">   --->   Core 30 'FMul_maxdsp' <Latency = 2> <II = 1> <Delay = 7.01> <FuncUnit> <Opcode : 'fmul'> <InPorts = 2> <OutPorts = 1>
ST_121 : Operation 561 [1/1] (0.00ns)   --->   "%weights_1_30_addr = getelementptr i32 %weights_1_30, i64 0, i64 %i_1_cast" [../../../../HWSWAI/HLS/SampleDatasetMLP.cpp:80]   --->   Operation 561 'getelementptr' 'weights_1_30_addr' <Predicate = true> <Delay = 0.00>
ST_121 : Operation 562 [2/2] (0.67ns)   --->   "%weights_1_30_load = load i5 %weights_1_30_addr" [../../../../HWSWAI/HLS/SampleDatasetMLP.cpp:80]   --->   Operation 562 'load' 'weights_1_30_load' <Predicate = true> <Delay = 0.67> <CoreInst = "ROM">   --->   Core 101 'ROM' <Latency = 1> <II = 1> <Delay = 0.67> <Storage> <Opcode : 'load'> <Ports = 0> <Width = 32> <Depth = 24> <ROM>

State 122 <SV = 121> <Delay = 6.43>
ST_122 : Operation 563 [4/4] (6.43ns)   --->   "%add1_28 = fadd i32 %add1_27, i32 %mul_28" [../../../../HWSWAI/HLS/SampleDatasetMLP.cpp:80]   --->   Operation 563 'fadd' 'add1_28' <Predicate = true> <Delay = 6.43> <CoreInst = "FAddSub_fulldsp">   --->   Core 18 'FAddSub_fulldsp' <Latency = 3> <II = 1> <Delay = 6.43> <FuncUnit> <Opcode : 'fadd' 'fsub'> <InPorts = 2> <OutPorts = 1>
ST_122 : Operation 564 [1/2] (0.67ns)   --->   "%weights_1_30_load = load i5 %weights_1_30_addr" [../../../../HWSWAI/HLS/SampleDatasetMLP.cpp:80]   --->   Operation 564 'load' 'weights_1_30_load' <Predicate = true> <Delay = 0.67> <CoreInst = "ROM">   --->   Core 101 'ROM' <Latency = 1> <II = 1> <Delay = 0.67> <Storage> <Opcode : 'load'> <Ports = 0> <Width = 32> <Depth = 24> <ROM>

State 123 <SV = 122> <Delay = 7.01>
ST_123 : Operation 565 [3/4] (6.43ns)   --->   "%add1_28 = fadd i32 %add1_27, i32 %mul_28" [../../../../HWSWAI/HLS/SampleDatasetMLP.cpp:80]   --->   Operation 565 'fadd' 'add1_28' <Predicate = true> <Delay = 6.43> <CoreInst = "FAddSub_fulldsp">   --->   Core 18 'FAddSub_fulldsp' <Latency = 3> <II = 1> <Delay = 6.43> <FuncUnit> <Opcode : 'fadd' 'fsub'> <InPorts = 2> <OutPorts = 1>
ST_123 : Operation 566 [3/3] (7.01ns)   --->   "%mul_29 = fmul i32 %input_features_casted_load_30_read, i32 %weights_1_30_load" [../../../../HWSWAI/HLS/SampleDatasetMLP.cpp:80]   --->   Operation 566 'fmul' 'mul_29' <Predicate = true> <Delay = 7.01> <CoreInst = "FMul_maxdsp">   --->   Core 30 'FMul_maxdsp' <Latency = 2> <II = 1> <Delay = 7.01> <FuncUnit> <Opcode : 'fmul'> <InPorts = 2> <OutPorts = 1>

State 124 <SV = 123> <Delay = 7.01>
ST_124 : Operation 567 [2/4] (6.43ns)   --->   "%add1_28 = fadd i32 %add1_27, i32 %mul_28" [../../../../HWSWAI/HLS/SampleDatasetMLP.cpp:80]   --->   Operation 567 'fadd' 'add1_28' <Predicate = true> <Delay = 6.43> <CoreInst = "FAddSub_fulldsp">   --->   Core 18 'FAddSub_fulldsp' <Latency = 3> <II = 1> <Delay = 6.43> <FuncUnit> <Opcode : 'fadd' 'fsub'> <InPorts = 2> <OutPorts = 1>
ST_124 : Operation 568 [2/3] (7.01ns)   --->   "%mul_29 = fmul i32 %input_features_casted_load_30_read, i32 %weights_1_30_load" [../../../../HWSWAI/HLS/SampleDatasetMLP.cpp:80]   --->   Operation 568 'fmul' 'mul_29' <Predicate = true> <Delay = 7.01> <CoreInst = "FMul_maxdsp">   --->   Core 30 'FMul_maxdsp' <Latency = 2> <II = 1> <Delay = 7.01> <FuncUnit> <Opcode : 'fmul'> <InPorts = 2> <OutPorts = 1>

State 125 <SV = 124> <Delay = 7.01>
ST_125 : Operation 569 [1/4] (6.43ns)   --->   "%add1_28 = fadd i32 %add1_27, i32 %mul_28" [../../../../HWSWAI/HLS/SampleDatasetMLP.cpp:80]   --->   Operation 569 'fadd' 'add1_28' <Predicate = true> <Delay = 6.43> <CoreInst = "FAddSub_fulldsp">   --->   Core 18 'FAddSub_fulldsp' <Latency = 3> <II = 1> <Delay = 6.43> <FuncUnit> <Opcode : 'fadd' 'fsub'> <InPorts = 2> <OutPorts = 1>
ST_125 : Operation 570 [1/3] (7.01ns)   --->   "%mul_29 = fmul i32 %input_features_casted_load_30_read, i32 %weights_1_30_load" [../../../../HWSWAI/HLS/SampleDatasetMLP.cpp:80]   --->   Operation 570 'fmul' 'mul_29' <Predicate = true> <Delay = 7.01> <CoreInst = "FMul_maxdsp">   --->   Core 30 'FMul_maxdsp' <Latency = 2> <II = 1> <Delay = 7.01> <FuncUnit> <Opcode : 'fmul'> <InPorts = 2> <OutPorts = 1>
ST_125 : Operation 571 [1/1] (0.00ns)   --->   "%weights_1_31_addr = getelementptr i32 %weights_1_31, i64 0, i64 %i_1_cast" [../../../../HWSWAI/HLS/SampleDatasetMLP.cpp:80]   --->   Operation 571 'getelementptr' 'weights_1_31_addr' <Predicate = true> <Delay = 0.00>
ST_125 : Operation 572 [2/2] (0.67ns)   --->   "%weights_1_31_load = load i5 %weights_1_31_addr" [../../../../HWSWAI/HLS/SampleDatasetMLP.cpp:80]   --->   Operation 572 'load' 'weights_1_31_load' <Predicate = true> <Delay = 0.67> <CoreInst = "ROM">   --->   Core 101 'ROM' <Latency = 1> <II = 1> <Delay = 0.67> <Storage> <Opcode : 'load'> <Ports = 0> <Width = 32> <Depth = 24> <ROM>

State 126 <SV = 125> <Delay = 6.43>
ST_126 : Operation 573 [4/4] (6.43ns)   --->   "%add1_29 = fadd i32 %add1_28, i32 %mul_29" [../../../../HWSWAI/HLS/SampleDatasetMLP.cpp:80]   --->   Operation 573 'fadd' 'add1_29' <Predicate = true> <Delay = 6.43> <CoreInst = "FAddSub_fulldsp">   --->   Core 18 'FAddSub_fulldsp' <Latency = 3> <II = 1> <Delay = 6.43> <FuncUnit> <Opcode : 'fadd' 'fsub'> <InPorts = 2> <OutPorts = 1>
ST_126 : Operation 574 [1/2] (0.67ns)   --->   "%weights_1_31_load = load i5 %weights_1_31_addr" [../../../../HWSWAI/HLS/SampleDatasetMLP.cpp:80]   --->   Operation 574 'load' 'weights_1_31_load' <Predicate = true> <Delay = 0.67> <CoreInst = "ROM">   --->   Core 101 'ROM' <Latency = 1> <II = 1> <Delay = 0.67> <Storage> <Opcode : 'load'> <Ports = 0> <Width = 32> <Depth = 24> <ROM>

State 127 <SV = 126> <Delay = 7.01>
ST_127 : Operation 575 [3/4] (6.43ns)   --->   "%add1_29 = fadd i32 %add1_28, i32 %mul_29" [../../../../HWSWAI/HLS/SampleDatasetMLP.cpp:80]   --->   Operation 575 'fadd' 'add1_29' <Predicate = true> <Delay = 6.43> <CoreInst = "FAddSub_fulldsp">   --->   Core 18 'FAddSub_fulldsp' <Latency = 3> <II = 1> <Delay = 6.43> <FuncUnit> <Opcode : 'fadd' 'fsub'> <InPorts = 2> <OutPorts = 1>
ST_127 : Operation 576 [3/3] (7.01ns)   --->   "%mul_30 = fmul i32 %input_features_casted_load_31_read, i32 %weights_1_31_load" [../../../../HWSWAI/HLS/SampleDatasetMLP.cpp:80]   --->   Operation 576 'fmul' 'mul_30' <Predicate = true> <Delay = 7.01> <CoreInst = "FMul_maxdsp">   --->   Core 30 'FMul_maxdsp' <Latency = 2> <II = 1> <Delay = 7.01> <FuncUnit> <Opcode : 'fmul'> <InPorts = 2> <OutPorts = 1>

State 128 <SV = 127> <Delay = 7.01>
ST_128 : Operation 577 [2/4] (6.43ns)   --->   "%add1_29 = fadd i32 %add1_28, i32 %mul_29" [../../../../HWSWAI/HLS/SampleDatasetMLP.cpp:80]   --->   Operation 577 'fadd' 'add1_29' <Predicate = true> <Delay = 6.43> <CoreInst = "FAddSub_fulldsp">   --->   Core 18 'FAddSub_fulldsp' <Latency = 3> <II = 1> <Delay = 6.43> <FuncUnit> <Opcode : 'fadd' 'fsub'> <InPorts = 2> <OutPorts = 1>
ST_128 : Operation 578 [2/3] (7.01ns)   --->   "%mul_30 = fmul i32 %input_features_casted_load_31_read, i32 %weights_1_31_load" [../../../../HWSWAI/HLS/SampleDatasetMLP.cpp:80]   --->   Operation 578 'fmul' 'mul_30' <Predicate = true> <Delay = 7.01> <CoreInst = "FMul_maxdsp">   --->   Core 30 'FMul_maxdsp' <Latency = 2> <II = 1> <Delay = 7.01> <FuncUnit> <Opcode : 'fmul'> <InPorts = 2> <OutPorts = 1>

State 129 <SV = 128> <Delay = 7.01>
ST_129 : Operation 579 [1/4] (6.43ns)   --->   "%add1_29 = fadd i32 %add1_28, i32 %mul_29" [../../../../HWSWAI/HLS/SampleDatasetMLP.cpp:80]   --->   Operation 579 'fadd' 'add1_29' <Predicate = true> <Delay = 6.43> <CoreInst = "FAddSub_fulldsp">   --->   Core 18 'FAddSub_fulldsp' <Latency = 3> <II = 1> <Delay = 6.43> <FuncUnit> <Opcode : 'fadd' 'fsub'> <InPorts = 2> <OutPorts = 1>
ST_129 : Operation 580 [1/3] (7.01ns)   --->   "%mul_30 = fmul i32 %input_features_casted_load_31_read, i32 %weights_1_31_load" [../../../../HWSWAI/HLS/SampleDatasetMLP.cpp:80]   --->   Operation 580 'fmul' 'mul_30' <Predicate = true> <Delay = 7.01> <CoreInst = "FMul_maxdsp">   --->   Core 30 'FMul_maxdsp' <Latency = 2> <II = 1> <Delay = 7.01> <FuncUnit> <Opcode : 'fmul'> <InPorts = 2> <OutPorts = 1>
ST_129 : Operation 581 [1/1] (0.00ns)   --->   "%weights_1_32_addr = getelementptr i32 %weights_1_32, i64 0, i64 %i_1_cast" [../../../../HWSWAI/HLS/SampleDatasetMLP.cpp:80]   --->   Operation 581 'getelementptr' 'weights_1_32_addr' <Predicate = true> <Delay = 0.00>
ST_129 : Operation 582 [2/2] (0.67ns)   --->   "%weights_1_32_load = load i5 %weights_1_32_addr" [../../../../HWSWAI/HLS/SampleDatasetMLP.cpp:80]   --->   Operation 582 'load' 'weights_1_32_load' <Predicate = true> <Delay = 0.67> <CoreInst = "ROM">   --->   Core 101 'ROM' <Latency = 1> <II = 1> <Delay = 0.67> <Storage> <Opcode : 'load'> <Ports = 0> <Width = 32> <Depth = 24> <ROM>

State 130 <SV = 129> <Delay = 6.43>
ST_130 : Operation 583 [4/4] (6.43ns)   --->   "%add1_30 = fadd i32 %add1_29, i32 %mul_30" [../../../../HWSWAI/HLS/SampleDatasetMLP.cpp:80]   --->   Operation 583 'fadd' 'add1_30' <Predicate = true> <Delay = 6.43> <CoreInst = "FAddSub_fulldsp">   --->   Core 18 'FAddSub_fulldsp' <Latency = 3> <II = 1> <Delay = 6.43> <FuncUnit> <Opcode : 'fadd' 'fsub'> <InPorts = 2> <OutPorts = 1>
ST_130 : Operation 584 [1/2] (0.67ns)   --->   "%weights_1_32_load = load i5 %weights_1_32_addr" [../../../../HWSWAI/HLS/SampleDatasetMLP.cpp:80]   --->   Operation 584 'load' 'weights_1_32_load' <Predicate = true> <Delay = 0.67> <CoreInst = "ROM">   --->   Core 101 'ROM' <Latency = 1> <II = 1> <Delay = 0.67> <Storage> <Opcode : 'load'> <Ports = 0> <Width = 32> <Depth = 24> <ROM>

State 131 <SV = 130> <Delay = 7.01>
ST_131 : Operation 585 [3/4] (6.43ns)   --->   "%add1_30 = fadd i32 %add1_29, i32 %mul_30" [../../../../HWSWAI/HLS/SampleDatasetMLP.cpp:80]   --->   Operation 585 'fadd' 'add1_30' <Predicate = true> <Delay = 6.43> <CoreInst = "FAddSub_fulldsp">   --->   Core 18 'FAddSub_fulldsp' <Latency = 3> <II = 1> <Delay = 6.43> <FuncUnit> <Opcode : 'fadd' 'fsub'> <InPorts = 2> <OutPorts = 1>
ST_131 : Operation 586 [3/3] (7.01ns)   --->   "%mul_31 = fmul i32 %input_features_casted_load_32_read, i32 %weights_1_32_load" [../../../../HWSWAI/HLS/SampleDatasetMLP.cpp:80]   --->   Operation 586 'fmul' 'mul_31' <Predicate = true> <Delay = 7.01> <CoreInst = "FMul_maxdsp">   --->   Core 30 'FMul_maxdsp' <Latency = 2> <II = 1> <Delay = 7.01> <FuncUnit> <Opcode : 'fmul'> <InPorts = 2> <OutPorts = 1>

State 132 <SV = 131> <Delay = 7.01>
ST_132 : Operation 587 [2/4] (6.43ns)   --->   "%add1_30 = fadd i32 %add1_29, i32 %mul_30" [../../../../HWSWAI/HLS/SampleDatasetMLP.cpp:80]   --->   Operation 587 'fadd' 'add1_30' <Predicate = true> <Delay = 6.43> <CoreInst = "FAddSub_fulldsp">   --->   Core 18 'FAddSub_fulldsp' <Latency = 3> <II = 1> <Delay = 6.43> <FuncUnit> <Opcode : 'fadd' 'fsub'> <InPorts = 2> <OutPorts = 1>
ST_132 : Operation 588 [2/3] (7.01ns)   --->   "%mul_31 = fmul i32 %input_features_casted_load_32_read, i32 %weights_1_32_load" [../../../../HWSWAI/HLS/SampleDatasetMLP.cpp:80]   --->   Operation 588 'fmul' 'mul_31' <Predicate = true> <Delay = 7.01> <CoreInst = "FMul_maxdsp">   --->   Core 30 'FMul_maxdsp' <Latency = 2> <II = 1> <Delay = 7.01> <FuncUnit> <Opcode : 'fmul'> <InPorts = 2> <OutPorts = 1>

State 133 <SV = 132> <Delay = 7.01>
ST_133 : Operation 589 [1/4] (6.43ns)   --->   "%add1_30 = fadd i32 %add1_29, i32 %mul_30" [../../../../HWSWAI/HLS/SampleDatasetMLP.cpp:80]   --->   Operation 589 'fadd' 'add1_30' <Predicate = true> <Delay = 6.43> <CoreInst = "FAddSub_fulldsp">   --->   Core 18 'FAddSub_fulldsp' <Latency = 3> <II = 1> <Delay = 6.43> <FuncUnit> <Opcode : 'fadd' 'fsub'> <InPorts = 2> <OutPorts = 1>
ST_133 : Operation 590 [1/3] (7.01ns)   --->   "%mul_31 = fmul i32 %input_features_casted_load_32_read, i32 %weights_1_32_load" [../../../../HWSWAI/HLS/SampleDatasetMLP.cpp:80]   --->   Operation 590 'fmul' 'mul_31' <Predicate = true> <Delay = 7.01> <CoreInst = "FMul_maxdsp">   --->   Core 30 'FMul_maxdsp' <Latency = 2> <II = 1> <Delay = 7.01> <FuncUnit> <Opcode : 'fmul'> <InPorts = 2> <OutPorts = 1>
ST_133 : Operation 591 [1/1] (0.00ns)   --->   "%weights_1_33_addr = getelementptr i32 %weights_1_33, i64 0, i64 %i_1_cast" [../../../../HWSWAI/HLS/SampleDatasetMLP.cpp:80]   --->   Operation 591 'getelementptr' 'weights_1_33_addr' <Predicate = true> <Delay = 0.00>
ST_133 : Operation 592 [2/2] (0.67ns)   --->   "%weights_1_33_load = load i5 %weights_1_33_addr" [../../../../HWSWAI/HLS/SampleDatasetMLP.cpp:80]   --->   Operation 592 'load' 'weights_1_33_load' <Predicate = true> <Delay = 0.67> <CoreInst = "ROM">   --->   Core 101 'ROM' <Latency = 1> <II = 1> <Delay = 0.67> <Storage> <Opcode : 'load'> <Ports = 0> <Width = 32> <Depth = 24> <ROM>

State 134 <SV = 133> <Delay = 6.43>
ST_134 : Operation 593 [4/4] (6.43ns)   --->   "%add1_31 = fadd i32 %add1_30, i32 %mul_31" [../../../../HWSWAI/HLS/SampleDatasetMLP.cpp:80]   --->   Operation 593 'fadd' 'add1_31' <Predicate = true> <Delay = 6.43> <CoreInst = "FAddSub_fulldsp">   --->   Core 18 'FAddSub_fulldsp' <Latency = 3> <II = 1> <Delay = 6.43> <FuncUnit> <Opcode : 'fadd' 'fsub'> <InPorts = 2> <OutPorts = 1>
ST_134 : Operation 594 [1/2] (0.67ns)   --->   "%weights_1_33_load = load i5 %weights_1_33_addr" [../../../../HWSWAI/HLS/SampleDatasetMLP.cpp:80]   --->   Operation 594 'load' 'weights_1_33_load' <Predicate = true> <Delay = 0.67> <CoreInst = "ROM">   --->   Core 101 'ROM' <Latency = 1> <II = 1> <Delay = 0.67> <Storage> <Opcode : 'load'> <Ports = 0> <Width = 32> <Depth = 24> <ROM>

State 135 <SV = 134> <Delay = 7.01>
ST_135 : Operation 595 [3/4] (6.43ns)   --->   "%add1_31 = fadd i32 %add1_30, i32 %mul_31" [../../../../HWSWAI/HLS/SampleDatasetMLP.cpp:80]   --->   Operation 595 'fadd' 'add1_31' <Predicate = true> <Delay = 6.43> <CoreInst = "FAddSub_fulldsp">   --->   Core 18 'FAddSub_fulldsp' <Latency = 3> <II = 1> <Delay = 6.43> <FuncUnit> <Opcode : 'fadd' 'fsub'> <InPorts = 2> <OutPorts = 1>
ST_135 : Operation 596 [3/3] (7.01ns)   --->   "%mul_32 = fmul i32 %input_features_casted_load_33_read, i32 %weights_1_33_load" [../../../../HWSWAI/HLS/SampleDatasetMLP.cpp:80]   --->   Operation 596 'fmul' 'mul_32' <Predicate = true> <Delay = 7.01> <CoreInst = "FMul_maxdsp">   --->   Core 30 'FMul_maxdsp' <Latency = 2> <II = 1> <Delay = 7.01> <FuncUnit> <Opcode : 'fmul'> <InPorts = 2> <OutPorts = 1>

State 136 <SV = 135> <Delay = 7.01>
ST_136 : Operation 597 [2/4] (6.43ns)   --->   "%add1_31 = fadd i32 %add1_30, i32 %mul_31" [../../../../HWSWAI/HLS/SampleDatasetMLP.cpp:80]   --->   Operation 597 'fadd' 'add1_31' <Predicate = true> <Delay = 6.43> <CoreInst = "FAddSub_fulldsp">   --->   Core 18 'FAddSub_fulldsp' <Latency = 3> <II = 1> <Delay = 6.43> <FuncUnit> <Opcode : 'fadd' 'fsub'> <InPorts = 2> <OutPorts = 1>
ST_136 : Operation 598 [2/3] (7.01ns)   --->   "%mul_32 = fmul i32 %input_features_casted_load_33_read, i32 %weights_1_33_load" [../../../../HWSWAI/HLS/SampleDatasetMLP.cpp:80]   --->   Operation 598 'fmul' 'mul_32' <Predicate = true> <Delay = 7.01> <CoreInst = "FMul_maxdsp">   --->   Core 30 'FMul_maxdsp' <Latency = 2> <II = 1> <Delay = 7.01> <FuncUnit> <Opcode : 'fmul'> <InPorts = 2> <OutPorts = 1>

State 137 <SV = 136> <Delay = 7.01>
ST_137 : Operation 599 [1/4] (6.43ns)   --->   "%add1_31 = fadd i32 %add1_30, i32 %mul_31" [../../../../HWSWAI/HLS/SampleDatasetMLP.cpp:80]   --->   Operation 599 'fadd' 'add1_31' <Predicate = true> <Delay = 6.43> <CoreInst = "FAddSub_fulldsp">   --->   Core 18 'FAddSub_fulldsp' <Latency = 3> <II = 1> <Delay = 6.43> <FuncUnit> <Opcode : 'fadd' 'fsub'> <InPorts = 2> <OutPorts = 1>
ST_137 : Operation 600 [1/3] (7.01ns)   --->   "%mul_32 = fmul i32 %input_features_casted_load_33_read, i32 %weights_1_33_load" [../../../../HWSWAI/HLS/SampleDatasetMLP.cpp:80]   --->   Operation 600 'fmul' 'mul_32' <Predicate = true> <Delay = 7.01> <CoreInst = "FMul_maxdsp">   --->   Core 30 'FMul_maxdsp' <Latency = 2> <II = 1> <Delay = 7.01> <FuncUnit> <Opcode : 'fmul'> <InPorts = 2> <OutPorts = 1>
ST_137 : Operation 601 [1/1] (0.00ns)   --->   "%weights_1_34_addr = getelementptr i32 %weights_1_34, i64 0, i64 %i_1_cast" [../../../../HWSWAI/HLS/SampleDatasetMLP.cpp:80]   --->   Operation 601 'getelementptr' 'weights_1_34_addr' <Predicate = true> <Delay = 0.00>
ST_137 : Operation 602 [2/2] (0.67ns)   --->   "%weights_1_34_load = load i5 %weights_1_34_addr" [../../../../HWSWAI/HLS/SampleDatasetMLP.cpp:80]   --->   Operation 602 'load' 'weights_1_34_load' <Predicate = true> <Delay = 0.67> <CoreInst = "ROM">   --->   Core 101 'ROM' <Latency = 1> <II = 1> <Delay = 0.67> <Storage> <Opcode : 'load'> <Ports = 0> <Width = 32> <Depth = 24> <ROM>

State 138 <SV = 137> <Delay = 6.43>
ST_138 : Operation 603 [4/4] (6.43ns)   --->   "%add1_32 = fadd i32 %add1_31, i32 %mul_32" [../../../../HWSWAI/HLS/SampleDatasetMLP.cpp:80]   --->   Operation 603 'fadd' 'add1_32' <Predicate = true> <Delay = 6.43> <CoreInst = "FAddSub_fulldsp">   --->   Core 18 'FAddSub_fulldsp' <Latency = 3> <II = 1> <Delay = 6.43> <FuncUnit> <Opcode : 'fadd' 'fsub'> <InPorts = 2> <OutPorts = 1>
ST_138 : Operation 604 [1/2] (0.67ns)   --->   "%weights_1_34_load = load i5 %weights_1_34_addr" [../../../../HWSWAI/HLS/SampleDatasetMLP.cpp:80]   --->   Operation 604 'load' 'weights_1_34_load' <Predicate = true> <Delay = 0.67> <CoreInst = "ROM">   --->   Core 101 'ROM' <Latency = 1> <II = 1> <Delay = 0.67> <Storage> <Opcode : 'load'> <Ports = 0> <Width = 32> <Depth = 24> <ROM>

State 139 <SV = 138> <Delay = 7.01>
ST_139 : Operation 605 [3/4] (6.43ns)   --->   "%add1_32 = fadd i32 %add1_31, i32 %mul_32" [../../../../HWSWAI/HLS/SampleDatasetMLP.cpp:80]   --->   Operation 605 'fadd' 'add1_32' <Predicate = true> <Delay = 6.43> <CoreInst = "FAddSub_fulldsp">   --->   Core 18 'FAddSub_fulldsp' <Latency = 3> <II = 1> <Delay = 6.43> <FuncUnit> <Opcode : 'fadd' 'fsub'> <InPorts = 2> <OutPorts = 1>
ST_139 : Operation 606 [3/3] (7.01ns)   --->   "%mul_33 = fmul i32 %input_features_casted_load_34_read, i32 %weights_1_34_load" [../../../../HWSWAI/HLS/SampleDatasetMLP.cpp:80]   --->   Operation 606 'fmul' 'mul_33' <Predicate = true> <Delay = 7.01> <CoreInst = "FMul_maxdsp">   --->   Core 30 'FMul_maxdsp' <Latency = 2> <II = 1> <Delay = 7.01> <FuncUnit> <Opcode : 'fmul'> <InPorts = 2> <OutPorts = 1>

State 140 <SV = 139> <Delay = 7.01>
ST_140 : Operation 607 [2/4] (6.43ns)   --->   "%add1_32 = fadd i32 %add1_31, i32 %mul_32" [../../../../HWSWAI/HLS/SampleDatasetMLP.cpp:80]   --->   Operation 607 'fadd' 'add1_32' <Predicate = true> <Delay = 6.43> <CoreInst = "FAddSub_fulldsp">   --->   Core 18 'FAddSub_fulldsp' <Latency = 3> <II = 1> <Delay = 6.43> <FuncUnit> <Opcode : 'fadd' 'fsub'> <InPorts = 2> <OutPorts = 1>
ST_140 : Operation 608 [2/3] (7.01ns)   --->   "%mul_33 = fmul i32 %input_features_casted_load_34_read, i32 %weights_1_34_load" [../../../../HWSWAI/HLS/SampleDatasetMLP.cpp:80]   --->   Operation 608 'fmul' 'mul_33' <Predicate = true> <Delay = 7.01> <CoreInst = "FMul_maxdsp">   --->   Core 30 'FMul_maxdsp' <Latency = 2> <II = 1> <Delay = 7.01> <FuncUnit> <Opcode : 'fmul'> <InPorts = 2> <OutPorts = 1>

State 141 <SV = 140> <Delay = 7.01>
ST_141 : Operation 609 [1/4] (6.43ns)   --->   "%add1_32 = fadd i32 %add1_31, i32 %mul_32" [../../../../HWSWAI/HLS/SampleDatasetMLP.cpp:80]   --->   Operation 609 'fadd' 'add1_32' <Predicate = true> <Delay = 6.43> <CoreInst = "FAddSub_fulldsp">   --->   Core 18 'FAddSub_fulldsp' <Latency = 3> <II = 1> <Delay = 6.43> <FuncUnit> <Opcode : 'fadd' 'fsub'> <InPorts = 2> <OutPorts = 1>
ST_141 : Operation 610 [1/3] (7.01ns)   --->   "%mul_33 = fmul i32 %input_features_casted_load_34_read, i32 %weights_1_34_load" [../../../../HWSWAI/HLS/SampleDatasetMLP.cpp:80]   --->   Operation 610 'fmul' 'mul_33' <Predicate = true> <Delay = 7.01> <CoreInst = "FMul_maxdsp">   --->   Core 30 'FMul_maxdsp' <Latency = 2> <II = 1> <Delay = 7.01> <FuncUnit> <Opcode : 'fmul'> <InPorts = 2> <OutPorts = 1>
ST_141 : Operation 611 [1/1] (0.00ns)   --->   "%weights_1_35_addr = getelementptr i32 %weights_1_35, i64 0, i64 %i_1_cast" [../../../../HWSWAI/HLS/SampleDatasetMLP.cpp:80]   --->   Operation 611 'getelementptr' 'weights_1_35_addr' <Predicate = true> <Delay = 0.00>
ST_141 : Operation 612 [2/2] (0.67ns)   --->   "%weights_1_35_load = load i5 %weights_1_35_addr" [../../../../HWSWAI/HLS/SampleDatasetMLP.cpp:80]   --->   Operation 612 'load' 'weights_1_35_load' <Predicate = true> <Delay = 0.67> <CoreInst = "ROM">   --->   Core 101 'ROM' <Latency = 1> <II = 1> <Delay = 0.67> <Storage> <Opcode : 'load'> <Ports = 0> <Width = 32> <Depth = 24> <ROM>

State 142 <SV = 141> <Delay = 6.43>
ST_142 : Operation 613 [4/4] (6.43ns)   --->   "%add1_33 = fadd i32 %add1_32, i32 %mul_33" [../../../../HWSWAI/HLS/SampleDatasetMLP.cpp:80]   --->   Operation 613 'fadd' 'add1_33' <Predicate = true> <Delay = 6.43> <CoreInst = "FAddSub_fulldsp">   --->   Core 18 'FAddSub_fulldsp' <Latency = 3> <II = 1> <Delay = 6.43> <FuncUnit> <Opcode : 'fadd' 'fsub'> <InPorts = 2> <OutPorts = 1>
ST_142 : Operation 614 [1/2] (0.67ns)   --->   "%weights_1_35_load = load i5 %weights_1_35_addr" [../../../../HWSWAI/HLS/SampleDatasetMLP.cpp:80]   --->   Operation 614 'load' 'weights_1_35_load' <Predicate = true> <Delay = 0.67> <CoreInst = "ROM">   --->   Core 101 'ROM' <Latency = 1> <II = 1> <Delay = 0.67> <Storage> <Opcode : 'load'> <Ports = 0> <Width = 32> <Depth = 24> <ROM>

State 143 <SV = 142> <Delay = 7.01>
ST_143 : Operation 615 [3/4] (6.43ns)   --->   "%add1_33 = fadd i32 %add1_32, i32 %mul_33" [../../../../HWSWAI/HLS/SampleDatasetMLP.cpp:80]   --->   Operation 615 'fadd' 'add1_33' <Predicate = true> <Delay = 6.43> <CoreInst = "FAddSub_fulldsp">   --->   Core 18 'FAddSub_fulldsp' <Latency = 3> <II = 1> <Delay = 6.43> <FuncUnit> <Opcode : 'fadd' 'fsub'> <InPorts = 2> <OutPorts = 1>
ST_143 : Operation 616 [3/3] (7.01ns)   --->   "%mul_34 = fmul i32 %input_features_casted_load_35_read, i32 %weights_1_35_load" [../../../../HWSWAI/HLS/SampleDatasetMLP.cpp:80]   --->   Operation 616 'fmul' 'mul_34' <Predicate = true> <Delay = 7.01> <CoreInst = "FMul_maxdsp">   --->   Core 30 'FMul_maxdsp' <Latency = 2> <II = 1> <Delay = 7.01> <FuncUnit> <Opcode : 'fmul'> <InPorts = 2> <OutPorts = 1>

State 144 <SV = 143> <Delay = 7.01>
ST_144 : Operation 617 [2/4] (6.43ns)   --->   "%add1_33 = fadd i32 %add1_32, i32 %mul_33" [../../../../HWSWAI/HLS/SampleDatasetMLP.cpp:80]   --->   Operation 617 'fadd' 'add1_33' <Predicate = true> <Delay = 6.43> <CoreInst = "FAddSub_fulldsp">   --->   Core 18 'FAddSub_fulldsp' <Latency = 3> <II = 1> <Delay = 6.43> <FuncUnit> <Opcode : 'fadd' 'fsub'> <InPorts = 2> <OutPorts = 1>
ST_144 : Operation 618 [2/3] (7.01ns)   --->   "%mul_34 = fmul i32 %input_features_casted_load_35_read, i32 %weights_1_35_load" [../../../../HWSWAI/HLS/SampleDatasetMLP.cpp:80]   --->   Operation 618 'fmul' 'mul_34' <Predicate = true> <Delay = 7.01> <CoreInst = "FMul_maxdsp">   --->   Core 30 'FMul_maxdsp' <Latency = 2> <II = 1> <Delay = 7.01> <FuncUnit> <Opcode : 'fmul'> <InPorts = 2> <OutPorts = 1>

State 145 <SV = 144> <Delay = 7.01>
ST_145 : Operation 619 [1/4] (6.43ns)   --->   "%add1_33 = fadd i32 %add1_32, i32 %mul_33" [../../../../HWSWAI/HLS/SampleDatasetMLP.cpp:80]   --->   Operation 619 'fadd' 'add1_33' <Predicate = true> <Delay = 6.43> <CoreInst = "FAddSub_fulldsp">   --->   Core 18 'FAddSub_fulldsp' <Latency = 3> <II = 1> <Delay = 6.43> <FuncUnit> <Opcode : 'fadd' 'fsub'> <InPorts = 2> <OutPorts = 1>
ST_145 : Operation 620 [1/3] (7.01ns)   --->   "%mul_34 = fmul i32 %input_features_casted_load_35_read, i32 %weights_1_35_load" [../../../../HWSWAI/HLS/SampleDatasetMLP.cpp:80]   --->   Operation 620 'fmul' 'mul_34' <Predicate = true> <Delay = 7.01> <CoreInst = "FMul_maxdsp">   --->   Core 30 'FMul_maxdsp' <Latency = 2> <II = 1> <Delay = 7.01> <FuncUnit> <Opcode : 'fmul'> <InPorts = 2> <OutPorts = 1>
ST_145 : Operation 621 [1/1] (0.00ns)   --->   "%weights_1_36_addr = getelementptr i32 %weights_1_36, i64 0, i64 %i_1_cast" [../../../../HWSWAI/HLS/SampleDatasetMLP.cpp:80]   --->   Operation 621 'getelementptr' 'weights_1_36_addr' <Predicate = true> <Delay = 0.00>
ST_145 : Operation 622 [2/2] (0.67ns)   --->   "%weights_1_36_load = load i5 %weights_1_36_addr" [../../../../HWSWAI/HLS/SampleDatasetMLP.cpp:80]   --->   Operation 622 'load' 'weights_1_36_load' <Predicate = true> <Delay = 0.67> <CoreInst = "ROM">   --->   Core 101 'ROM' <Latency = 1> <II = 1> <Delay = 0.67> <Storage> <Opcode : 'load'> <Ports = 0> <Width = 32> <Depth = 24> <ROM>

State 146 <SV = 145> <Delay = 6.43>
ST_146 : Operation 623 [4/4] (6.43ns)   --->   "%add1_34 = fadd i32 %add1_33, i32 %mul_34" [../../../../HWSWAI/HLS/SampleDatasetMLP.cpp:80]   --->   Operation 623 'fadd' 'add1_34' <Predicate = true> <Delay = 6.43> <CoreInst = "FAddSub_fulldsp">   --->   Core 18 'FAddSub_fulldsp' <Latency = 3> <II = 1> <Delay = 6.43> <FuncUnit> <Opcode : 'fadd' 'fsub'> <InPorts = 2> <OutPorts = 1>
ST_146 : Operation 624 [1/2] (0.67ns)   --->   "%weights_1_36_load = load i5 %weights_1_36_addr" [../../../../HWSWAI/HLS/SampleDatasetMLP.cpp:80]   --->   Operation 624 'load' 'weights_1_36_load' <Predicate = true> <Delay = 0.67> <CoreInst = "ROM">   --->   Core 101 'ROM' <Latency = 1> <II = 1> <Delay = 0.67> <Storage> <Opcode : 'load'> <Ports = 0> <Width = 32> <Depth = 24> <ROM>

State 147 <SV = 146> <Delay = 7.01>
ST_147 : Operation 625 [3/4] (6.43ns)   --->   "%add1_34 = fadd i32 %add1_33, i32 %mul_34" [../../../../HWSWAI/HLS/SampleDatasetMLP.cpp:80]   --->   Operation 625 'fadd' 'add1_34' <Predicate = true> <Delay = 6.43> <CoreInst = "FAddSub_fulldsp">   --->   Core 18 'FAddSub_fulldsp' <Latency = 3> <II = 1> <Delay = 6.43> <FuncUnit> <Opcode : 'fadd' 'fsub'> <InPorts = 2> <OutPorts = 1>
ST_147 : Operation 626 [3/3] (7.01ns)   --->   "%mul_35 = fmul i32 %input_features_casted_load_36_read, i32 %weights_1_36_load" [../../../../HWSWAI/HLS/SampleDatasetMLP.cpp:80]   --->   Operation 626 'fmul' 'mul_35' <Predicate = true> <Delay = 7.01> <CoreInst = "FMul_maxdsp">   --->   Core 30 'FMul_maxdsp' <Latency = 2> <II = 1> <Delay = 7.01> <FuncUnit> <Opcode : 'fmul'> <InPorts = 2> <OutPorts = 1>

State 148 <SV = 147> <Delay = 7.01>
ST_148 : Operation 627 [2/4] (6.43ns)   --->   "%add1_34 = fadd i32 %add1_33, i32 %mul_34" [../../../../HWSWAI/HLS/SampleDatasetMLP.cpp:80]   --->   Operation 627 'fadd' 'add1_34' <Predicate = true> <Delay = 6.43> <CoreInst = "FAddSub_fulldsp">   --->   Core 18 'FAddSub_fulldsp' <Latency = 3> <II = 1> <Delay = 6.43> <FuncUnit> <Opcode : 'fadd' 'fsub'> <InPorts = 2> <OutPorts = 1>
ST_148 : Operation 628 [2/3] (7.01ns)   --->   "%mul_35 = fmul i32 %input_features_casted_load_36_read, i32 %weights_1_36_load" [../../../../HWSWAI/HLS/SampleDatasetMLP.cpp:80]   --->   Operation 628 'fmul' 'mul_35' <Predicate = true> <Delay = 7.01> <CoreInst = "FMul_maxdsp">   --->   Core 30 'FMul_maxdsp' <Latency = 2> <II = 1> <Delay = 7.01> <FuncUnit> <Opcode : 'fmul'> <InPorts = 2> <OutPorts = 1>

State 149 <SV = 148> <Delay = 7.01>
ST_149 : Operation 629 [1/4] (6.43ns)   --->   "%add1_34 = fadd i32 %add1_33, i32 %mul_34" [../../../../HWSWAI/HLS/SampleDatasetMLP.cpp:80]   --->   Operation 629 'fadd' 'add1_34' <Predicate = true> <Delay = 6.43> <CoreInst = "FAddSub_fulldsp">   --->   Core 18 'FAddSub_fulldsp' <Latency = 3> <II = 1> <Delay = 6.43> <FuncUnit> <Opcode : 'fadd' 'fsub'> <InPorts = 2> <OutPorts = 1>
ST_149 : Operation 630 [1/3] (7.01ns)   --->   "%mul_35 = fmul i32 %input_features_casted_load_36_read, i32 %weights_1_36_load" [../../../../HWSWAI/HLS/SampleDatasetMLP.cpp:80]   --->   Operation 630 'fmul' 'mul_35' <Predicate = true> <Delay = 7.01> <CoreInst = "FMul_maxdsp">   --->   Core 30 'FMul_maxdsp' <Latency = 2> <II = 1> <Delay = 7.01> <FuncUnit> <Opcode : 'fmul'> <InPorts = 2> <OutPorts = 1>
ST_149 : Operation 631 [1/1] (0.00ns)   --->   "%weights_1_37_addr = getelementptr i32 %weights_1_37, i64 0, i64 %i_1_cast" [../../../../HWSWAI/HLS/SampleDatasetMLP.cpp:80]   --->   Operation 631 'getelementptr' 'weights_1_37_addr' <Predicate = true> <Delay = 0.00>
ST_149 : Operation 632 [2/2] (0.67ns)   --->   "%weights_1_37_load = load i5 %weights_1_37_addr" [../../../../HWSWAI/HLS/SampleDatasetMLP.cpp:80]   --->   Operation 632 'load' 'weights_1_37_load' <Predicate = true> <Delay = 0.67> <CoreInst = "ROM">   --->   Core 101 'ROM' <Latency = 1> <II = 1> <Delay = 0.67> <Storage> <Opcode : 'load'> <Ports = 0> <Width = 32> <Depth = 24> <ROM>

State 150 <SV = 149> <Delay = 6.43>
ST_150 : Operation 633 [4/4] (6.43ns)   --->   "%add1_35 = fadd i32 %add1_34, i32 %mul_35" [../../../../HWSWAI/HLS/SampleDatasetMLP.cpp:80]   --->   Operation 633 'fadd' 'add1_35' <Predicate = true> <Delay = 6.43> <CoreInst = "FAddSub_fulldsp">   --->   Core 18 'FAddSub_fulldsp' <Latency = 3> <II = 1> <Delay = 6.43> <FuncUnit> <Opcode : 'fadd' 'fsub'> <InPorts = 2> <OutPorts = 1>
ST_150 : Operation 634 [1/2] (0.67ns)   --->   "%weights_1_37_load = load i5 %weights_1_37_addr" [../../../../HWSWAI/HLS/SampleDatasetMLP.cpp:80]   --->   Operation 634 'load' 'weights_1_37_load' <Predicate = true> <Delay = 0.67> <CoreInst = "ROM">   --->   Core 101 'ROM' <Latency = 1> <II = 1> <Delay = 0.67> <Storage> <Opcode : 'load'> <Ports = 0> <Width = 32> <Depth = 24> <ROM>

State 151 <SV = 150> <Delay = 7.01>
ST_151 : Operation 635 [3/4] (6.43ns)   --->   "%add1_35 = fadd i32 %add1_34, i32 %mul_35" [../../../../HWSWAI/HLS/SampleDatasetMLP.cpp:80]   --->   Operation 635 'fadd' 'add1_35' <Predicate = true> <Delay = 6.43> <CoreInst = "FAddSub_fulldsp">   --->   Core 18 'FAddSub_fulldsp' <Latency = 3> <II = 1> <Delay = 6.43> <FuncUnit> <Opcode : 'fadd' 'fsub'> <InPorts = 2> <OutPorts = 1>
ST_151 : Operation 636 [3/3] (7.01ns)   --->   "%mul_36 = fmul i32 %input_features_casted_load_37_read, i32 %weights_1_37_load" [../../../../HWSWAI/HLS/SampleDatasetMLP.cpp:80]   --->   Operation 636 'fmul' 'mul_36' <Predicate = true> <Delay = 7.01> <CoreInst = "FMul_maxdsp">   --->   Core 30 'FMul_maxdsp' <Latency = 2> <II = 1> <Delay = 7.01> <FuncUnit> <Opcode : 'fmul'> <InPorts = 2> <OutPorts = 1>

State 152 <SV = 151> <Delay = 7.01>
ST_152 : Operation 637 [2/4] (6.43ns)   --->   "%add1_35 = fadd i32 %add1_34, i32 %mul_35" [../../../../HWSWAI/HLS/SampleDatasetMLP.cpp:80]   --->   Operation 637 'fadd' 'add1_35' <Predicate = true> <Delay = 6.43> <CoreInst = "FAddSub_fulldsp">   --->   Core 18 'FAddSub_fulldsp' <Latency = 3> <II = 1> <Delay = 6.43> <FuncUnit> <Opcode : 'fadd' 'fsub'> <InPorts = 2> <OutPorts = 1>
ST_152 : Operation 638 [2/3] (7.01ns)   --->   "%mul_36 = fmul i32 %input_features_casted_load_37_read, i32 %weights_1_37_load" [../../../../HWSWAI/HLS/SampleDatasetMLP.cpp:80]   --->   Operation 638 'fmul' 'mul_36' <Predicate = true> <Delay = 7.01> <CoreInst = "FMul_maxdsp">   --->   Core 30 'FMul_maxdsp' <Latency = 2> <II = 1> <Delay = 7.01> <FuncUnit> <Opcode : 'fmul'> <InPorts = 2> <OutPorts = 1>

State 153 <SV = 152> <Delay = 7.01>
ST_153 : Operation 639 [1/4] (6.43ns)   --->   "%add1_35 = fadd i32 %add1_34, i32 %mul_35" [../../../../HWSWAI/HLS/SampleDatasetMLP.cpp:80]   --->   Operation 639 'fadd' 'add1_35' <Predicate = true> <Delay = 6.43> <CoreInst = "FAddSub_fulldsp">   --->   Core 18 'FAddSub_fulldsp' <Latency = 3> <II = 1> <Delay = 6.43> <FuncUnit> <Opcode : 'fadd' 'fsub'> <InPorts = 2> <OutPorts = 1>
ST_153 : Operation 640 [1/3] (7.01ns)   --->   "%mul_36 = fmul i32 %input_features_casted_load_37_read, i32 %weights_1_37_load" [../../../../HWSWAI/HLS/SampleDatasetMLP.cpp:80]   --->   Operation 640 'fmul' 'mul_36' <Predicate = true> <Delay = 7.01> <CoreInst = "FMul_maxdsp">   --->   Core 30 'FMul_maxdsp' <Latency = 2> <II = 1> <Delay = 7.01> <FuncUnit> <Opcode : 'fmul'> <InPorts = 2> <OutPorts = 1>
ST_153 : Operation 641 [1/1] (0.00ns)   --->   "%weights_1_38_addr = getelementptr i32 %weights_1_38, i64 0, i64 %i_1_cast" [../../../../HWSWAI/HLS/SampleDatasetMLP.cpp:80]   --->   Operation 641 'getelementptr' 'weights_1_38_addr' <Predicate = true> <Delay = 0.00>
ST_153 : Operation 642 [2/2] (0.67ns)   --->   "%weights_1_38_load = load i5 %weights_1_38_addr" [../../../../HWSWAI/HLS/SampleDatasetMLP.cpp:80]   --->   Operation 642 'load' 'weights_1_38_load' <Predicate = true> <Delay = 0.67> <CoreInst = "ROM">   --->   Core 101 'ROM' <Latency = 1> <II = 1> <Delay = 0.67> <Storage> <Opcode : 'load'> <Ports = 0> <Width = 32> <Depth = 24> <ROM>

State 154 <SV = 153> <Delay = 6.43>
ST_154 : Operation 643 [4/4] (6.43ns)   --->   "%add1_36 = fadd i32 %add1_35, i32 %mul_36" [../../../../HWSWAI/HLS/SampleDatasetMLP.cpp:80]   --->   Operation 643 'fadd' 'add1_36' <Predicate = true> <Delay = 6.43> <CoreInst = "FAddSub_fulldsp">   --->   Core 18 'FAddSub_fulldsp' <Latency = 3> <II = 1> <Delay = 6.43> <FuncUnit> <Opcode : 'fadd' 'fsub'> <InPorts = 2> <OutPorts = 1>
ST_154 : Operation 644 [1/2] (0.67ns)   --->   "%weights_1_38_load = load i5 %weights_1_38_addr" [../../../../HWSWAI/HLS/SampleDatasetMLP.cpp:80]   --->   Operation 644 'load' 'weights_1_38_load' <Predicate = true> <Delay = 0.67> <CoreInst = "ROM">   --->   Core 101 'ROM' <Latency = 1> <II = 1> <Delay = 0.67> <Storage> <Opcode : 'load'> <Ports = 0> <Width = 32> <Depth = 24> <ROM>

State 155 <SV = 154> <Delay = 7.01>
ST_155 : Operation 645 [3/4] (6.43ns)   --->   "%add1_36 = fadd i32 %add1_35, i32 %mul_36" [../../../../HWSWAI/HLS/SampleDatasetMLP.cpp:80]   --->   Operation 645 'fadd' 'add1_36' <Predicate = true> <Delay = 6.43> <CoreInst = "FAddSub_fulldsp">   --->   Core 18 'FAddSub_fulldsp' <Latency = 3> <II = 1> <Delay = 6.43> <FuncUnit> <Opcode : 'fadd' 'fsub'> <InPorts = 2> <OutPorts = 1>
ST_155 : Operation 646 [3/3] (7.01ns)   --->   "%mul_37 = fmul i32 %input_features_casted_load_38_read, i32 %weights_1_38_load" [../../../../HWSWAI/HLS/SampleDatasetMLP.cpp:80]   --->   Operation 646 'fmul' 'mul_37' <Predicate = true> <Delay = 7.01> <CoreInst = "FMul_maxdsp">   --->   Core 30 'FMul_maxdsp' <Latency = 2> <II = 1> <Delay = 7.01> <FuncUnit> <Opcode : 'fmul'> <InPorts = 2> <OutPorts = 1>

State 156 <SV = 155> <Delay = 7.01>
ST_156 : Operation 647 [2/4] (6.43ns)   --->   "%add1_36 = fadd i32 %add1_35, i32 %mul_36" [../../../../HWSWAI/HLS/SampleDatasetMLP.cpp:80]   --->   Operation 647 'fadd' 'add1_36' <Predicate = true> <Delay = 6.43> <CoreInst = "FAddSub_fulldsp">   --->   Core 18 'FAddSub_fulldsp' <Latency = 3> <II = 1> <Delay = 6.43> <FuncUnit> <Opcode : 'fadd' 'fsub'> <InPorts = 2> <OutPorts = 1>
ST_156 : Operation 648 [2/3] (7.01ns)   --->   "%mul_37 = fmul i32 %input_features_casted_load_38_read, i32 %weights_1_38_load" [../../../../HWSWAI/HLS/SampleDatasetMLP.cpp:80]   --->   Operation 648 'fmul' 'mul_37' <Predicate = true> <Delay = 7.01> <CoreInst = "FMul_maxdsp">   --->   Core 30 'FMul_maxdsp' <Latency = 2> <II = 1> <Delay = 7.01> <FuncUnit> <Opcode : 'fmul'> <InPorts = 2> <OutPorts = 1>

State 157 <SV = 156> <Delay = 7.01>
ST_157 : Operation 649 [1/4] (6.43ns)   --->   "%add1_36 = fadd i32 %add1_35, i32 %mul_36" [../../../../HWSWAI/HLS/SampleDatasetMLP.cpp:80]   --->   Operation 649 'fadd' 'add1_36' <Predicate = true> <Delay = 6.43> <CoreInst = "FAddSub_fulldsp">   --->   Core 18 'FAddSub_fulldsp' <Latency = 3> <II = 1> <Delay = 6.43> <FuncUnit> <Opcode : 'fadd' 'fsub'> <InPorts = 2> <OutPorts = 1>
ST_157 : Operation 650 [1/3] (7.01ns)   --->   "%mul_37 = fmul i32 %input_features_casted_load_38_read, i32 %weights_1_38_load" [../../../../HWSWAI/HLS/SampleDatasetMLP.cpp:80]   --->   Operation 650 'fmul' 'mul_37' <Predicate = true> <Delay = 7.01> <CoreInst = "FMul_maxdsp">   --->   Core 30 'FMul_maxdsp' <Latency = 2> <II = 1> <Delay = 7.01> <FuncUnit> <Opcode : 'fmul'> <InPorts = 2> <OutPorts = 1>
ST_157 : Operation 651 [1/1] (0.00ns)   --->   "%weights_1_39_addr = getelementptr i32 %weights_1_39, i64 0, i64 %i_1_cast" [../../../../HWSWAI/HLS/SampleDatasetMLP.cpp:80]   --->   Operation 651 'getelementptr' 'weights_1_39_addr' <Predicate = true> <Delay = 0.00>
ST_157 : Operation 652 [2/2] (0.67ns)   --->   "%weights_1_39_load = load i5 %weights_1_39_addr" [../../../../HWSWAI/HLS/SampleDatasetMLP.cpp:80]   --->   Operation 652 'load' 'weights_1_39_load' <Predicate = true> <Delay = 0.67> <CoreInst = "ROM">   --->   Core 101 'ROM' <Latency = 1> <II = 1> <Delay = 0.67> <Storage> <Opcode : 'load'> <Ports = 0> <Width = 32> <Depth = 24> <ROM>

State 158 <SV = 157> <Delay = 6.43>
ST_158 : Operation 653 [4/4] (6.43ns)   --->   "%add1_37 = fadd i32 %add1_36, i32 %mul_37" [../../../../HWSWAI/HLS/SampleDatasetMLP.cpp:80]   --->   Operation 653 'fadd' 'add1_37' <Predicate = true> <Delay = 6.43> <CoreInst = "FAddSub_fulldsp">   --->   Core 18 'FAddSub_fulldsp' <Latency = 3> <II = 1> <Delay = 6.43> <FuncUnit> <Opcode : 'fadd' 'fsub'> <InPorts = 2> <OutPorts = 1>
ST_158 : Operation 654 [1/2] (0.67ns)   --->   "%weights_1_39_load = load i5 %weights_1_39_addr" [../../../../HWSWAI/HLS/SampleDatasetMLP.cpp:80]   --->   Operation 654 'load' 'weights_1_39_load' <Predicate = true> <Delay = 0.67> <CoreInst = "ROM">   --->   Core 101 'ROM' <Latency = 1> <II = 1> <Delay = 0.67> <Storage> <Opcode : 'load'> <Ports = 0> <Width = 32> <Depth = 24> <ROM>

State 159 <SV = 158> <Delay = 7.01>
ST_159 : Operation 655 [3/4] (6.43ns)   --->   "%add1_37 = fadd i32 %add1_36, i32 %mul_37" [../../../../HWSWAI/HLS/SampleDatasetMLP.cpp:80]   --->   Operation 655 'fadd' 'add1_37' <Predicate = true> <Delay = 6.43> <CoreInst = "FAddSub_fulldsp">   --->   Core 18 'FAddSub_fulldsp' <Latency = 3> <II = 1> <Delay = 6.43> <FuncUnit> <Opcode : 'fadd' 'fsub'> <InPorts = 2> <OutPorts = 1>
ST_159 : Operation 656 [3/3] (7.01ns)   --->   "%mul_38 = fmul i32 %input_features_casted_load_39_read, i32 %weights_1_39_load" [../../../../HWSWAI/HLS/SampleDatasetMLP.cpp:80]   --->   Operation 656 'fmul' 'mul_38' <Predicate = true> <Delay = 7.01> <CoreInst = "FMul_maxdsp">   --->   Core 30 'FMul_maxdsp' <Latency = 2> <II = 1> <Delay = 7.01> <FuncUnit> <Opcode : 'fmul'> <InPorts = 2> <OutPorts = 1>

State 160 <SV = 159> <Delay = 7.01>
ST_160 : Operation 657 [2/4] (6.43ns)   --->   "%add1_37 = fadd i32 %add1_36, i32 %mul_37" [../../../../HWSWAI/HLS/SampleDatasetMLP.cpp:80]   --->   Operation 657 'fadd' 'add1_37' <Predicate = true> <Delay = 6.43> <CoreInst = "FAddSub_fulldsp">   --->   Core 18 'FAddSub_fulldsp' <Latency = 3> <II = 1> <Delay = 6.43> <FuncUnit> <Opcode : 'fadd' 'fsub'> <InPorts = 2> <OutPorts = 1>
ST_160 : Operation 658 [2/3] (7.01ns)   --->   "%mul_38 = fmul i32 %input_features_casted_load_39_read, i32 %weights_1_39_load" [../../../../HWSWAI/HLS/SampleDatasetMLP.cpp:80]   --->   Operation 658 'fmul' 'mul_38' <Predicate = true> <Delay = 7.01> <CoreInst = "FMul_maxdsp">   --->   Core 30 'FMul_maxdsp' <Latency = 2> <II = 1> <Delay = 7.01> <FuncUnit> <Opcode : 'fmul'> <InPorts = 2> <OutPorts = 1>

State 161 <SV = 160> <Delay = 7.01>
ST_161 : Operation 659 [1/4] (6.43ns)   --->   "%add1_37 = fadd i32 %add1_36, i32 %mul_37" [../../../../HWSWAI/HLS/SampleDatasetMLP.cpp:80]   --->   Operation 659 'fadd' 'add1_37' <Predicate = true> <Delay = 6.43> <CoreInst = "FAddSub_fulldsp">   --->   Core 18 'FAddSub_fulldsp' <Latency = 3> <II = 1> <Delay = 6.43> <FuncUnit> <Opcode : 'fadd' 'fsub'> <InPorts = 2> <OutPorts = 1>
ST_161 : Operation 660 [1/3] (7.01ns)   --->   "%mul_38 = fmul i32 %input_features_casted_load_39_read, i32 %weights_1_39_load" [../../../../HWSWAI/HLS/SampleDatasetMLP.cpp:80]   --->   Operation 660 'fmul' 'mul_38' <Predicate = true> <Delay = 7.01> <CoreInst = "FMul_maxdsp">   --->   Core 30 'FMul_maxdsp' <Latency = 2> <II = 1> <Delay = 7.01> <FuncUnit> <Opcode : 'fmul'> <InPorts = 2> <OutPorts = 1>
ST_161 : Operation 661 [1/1] (0.00ns)   --->   "%weights_1_40_addr = getelementptr i32 %weights_1_40, i64 0, i64 %i_1_cast" [../../../../HWSWAI/HLS/SampleDatasetMLP.cpp:80]   --->   Operation 661 'getelementptr' 'weights_1_40_addr' <Predicate = true> <Delay = 0.00>
ST_161 : Operation 662 [2/2] (0.67ns)   --->   "%weights_1_40_load = load i5 %weights_1_40_addr" [../../../../HWSWAI/HLS/SampleDatasetMLP.cpp:80]   --->   Operation 662 'load' 'weights_1_40_load' <Predicate = true> <Delay = 0.67> <CoreInst = "ROM">   --->   Core 101 'ROM' <Latency = 1> <II = 1> <Delay = 0.67> <Storage> <Opcode : 'load'> <Ports = 0> <Width = 32> <Depth = 24> <ROM>

State 162 <SV = 161> <Delay = 6.43>
ST_162 : Operation 663 [4/4] (6.43ns)   --->   "%add1_38 = fadd i32 %add1_37, i32 %mul_38" [../../../../HWSWAI/HLS/SampleDatasetMLP.cpp:80]   --->   Operation 663 'fadd' 'add1_38' <Predicate = true> <Delay = 6.43> <CoreInst = "FAddSub_fulldsp">   --->   Core 18 'FAddSub_fulldsp' <Latency = 3> <II = 1> <Delay = 6.43> <FuncUnit> <Opcode : 'fadd' 'fsub'> <InPorts = 2> <OutPorts = 1>
ST_162 : Operation 664 [1/2] (0.67ns)   --->   "%weights_1_40_load = load i5 %weights_1_40_addr" [../../../../HWSWAI/HLS/SampleDatasetMLP.cpp:80]   --->   Operation 664 'load' 'weights_1_40_load' <Predicate = true> <Delay = 0.67> <CoreInst = "ROM">   --->   Core 101 'ROM' <Latency = 1> <II = 1> <Delay = 0.67> <Storage> <Opcode : 'load'> <Ports = 0> <Width = 32> <Depth = 24> <ROM>

State 163 <SV = 162> <Delay = 7.01>
ST_163 : Operation 665 [3/4] (6.43ns)   --->   "%add1_38 = fadd i32 %add1_37, i32 %mul_38" [../../../../HWSWAI/HLS/SampleDatasetMLP.cpp:80]   --->   Operation 665 'fadd' 'add1_38' <Predicate = true> <Delay = 6.43> <CoreInst = "FAddSub_fulldsp">   --->   Core 18 'FAddSub_fulldsp' <Latency = 3> <II = 1> <Delay = 6.43> <FuncUnit> <Opcode : 'fadd' 'fsub'> <InPorts = 2> <OutPorts = 1>
ST_163 : Operation 666 [3/3] (7.01ns)   --->   "%mul_39 = fmul i32 %input_features_casted_load_40_read, i32 %weights_1_40_load" [../../../../HWSWAI/HLS/SampleDatasetMLP.cpp:80]   --->   Operation 666 'fmul' 'mul_39' <Predicate = true> <Delay = 7.01> <CoreInst = "FMul_maxdsp">   --->   Core 30 'FMul_maxdsp' <Latency = 2> <II = 1> <Delay = 7.01> <FuncUnit> <Opcode : 'fmul'> <InPorts = 2> <OutPorts = 1>

State 164 <SV = 163> <Delay = 7.01>
ST_164 : Operation 667 [2/4] (6.43ns)   --->   "%add1_38 = fadd i32 %add1_37, i32 %mul_38" [../../../../HWSWAI/HLS/SampleDatasetMLP.cpp:80]   --->   Operation 667 'fadd' 'add1_38' <Predicate = true> <Delay = 6.43> <CoreInst = "FAddSub_fulldsp">   --->   Core 18 'FAddSub_fulldsp' <Latency = 3> <II = 1> <Delay = 6.43> <FuncUnit> <Opcode : 'fadd' 'fsub'> <InPorts = 2> <OutPorts = 1>
ST_164 : Operation 668 [2/3] (7.01ns)   --->   "%mul_39 = fmul i32 %input_features_casted_load_40_read, i32 %weights_1_40_load" [../../../../HWSWAI/HLS/SampleDatasetMLP.cpp:80]   --->   Operation 668 'fmul' 'mul_39' <Predicate = true> <Delay = 7.01> <CoreInst = "FMul_maxdsp">   --->   Core 30 'FMul_maxdsp' <Latency = 2> <II = 1> <Delay = 7.01> <FuncUnit> <Opcode : 'fmul'> <InPorts = 2> <OutPorts = 1>

State 165 <SV = 164> <Delay = 7.01>
ST_165 : Operation 669 [1/4] (6.43ns)   --->   "%add1_38 = fadd i32 %add1_37, i32 %mul_38" [../../../../HWSWAI/HLS/SampleDatasetMLP.cpp:80]   --->   Operation 669 'fadd' 'add1_38' <Predicate = true> <Delay = 6.43> <CoreInst = "FAddSub_fulldsp">   --->   Core 18 'FAddSub_fulldsp' <Latency = 3> <II = 1> <Delay = 6.43> <FuncUnit> <Opcode : 'fadd' 'fsub'> <InPorts = 2> <OutPorts = 1>
ST_165 : Operation 670 [1/3] (7.01ns)   --->   "%mul_39 = fmul i32 %input_features_casted_load_40_read, i32 %weights_1_40_load" [../../../../HWSWAI/HLS/SampleDatasetMLP.cpp:80]   --->   Operation 670 'fmul' 'mul_39' <Predicate = true> <Delay = 7.01> <CoreInst = "FMul_maxdsp">   --->   Core 30 'FMul_maxdsp' <Latency = 2> <II = 1> <Delay = 7.01> <FuncUnit> <Opcode : 'fmul'> <InPorts = 2> <OutPorts = 1>
ST_165 : Operation 671 [1/1] (0.00ns)   --->   "%weights_1_41_addr = getelementptr i32 %weights_1_41, i64 0, i64 %i_1_cast" [../../../../HWSWAI/HLS/SampleDatasetMLP.cpp:80]   --->   Operation 671 'getelementptr' 'weights_1_41_addr' <Predicate = true> <Delay = 0.00>
ST_165 : Operation 672 [2/2] (0.67ns)   --->   "%weights_1_41_load = load i5 %weights_1_41_addr" [../../../../HWSWAI/HLS/SampleDatasetMLP.cpp:80]   --->   Operation 672 'load' 'weights_1_41_load' <Predicate = true> <Delay = 0.67> <CoreInst = "ROM">   --->   Core 101 'ROM' <Latency = 1> <II = 1> <Delay = 0.67> <Storage> <Opcode : 'load'> <Ports = 0> <Width = 32> <Depth = 24> <ROM>

State 166 <SV = 165> <Delay = 6.43>
ST_166 : Operation 673 [4/4] (6.43ns)   --->   "%add1_39 = fadd i32 %add1_38, i32 %mul_39" [../../../../HWSWAI/HLS/SampleDatasetMLP.cpp:80]   --->   Operation 673 'fadd' 'add1_39' <Predicate = true> <Delay = 6.43> <CoreInst = "FAddSub_fulldsp">   --->   Core 18 'FAddSub_fulldsp' <Latency = 3> <II = 1> <Delay = 6.43> <FuncUnit> <Opcode : 'fadd' 'fsub'> <InPorts = 2> <OutPorts = 1>
ST_166 : Operation 674 [1/2] (0.67ns)   --->   "%weights_1_41_load = load i5 %weights_1_41_addr" [../../../../HWSWAI/HLS/SampleDatasetMLP.cpp:80]   --->   Operation 674 'load' 'weights_1_41_load' <Predicate = true> <Delay = 0.67> <CoreInst = "ROM">   --->   Core 101 'ROM' <Latency = 1> <II = 1> <Delay = 0.67> <Storage> <Opcode : 'load'> <Ports = 0> <Width = 32> <Depth = 24> <ROM>

State 167 <SV = 166> <Delay = 7.01>
ST_167 : Operation 675 [3/4] (6.43ns)   --->   "%add1_39 = fadd i32 %add1_38, i32 %mul_39" [../../../../HWSWAI/HLS/SampleDatasetMLP.cpp:80]   --->   Operation 675 'fadd' 'add1_39' <Predicate = true> <Delay = 6.43> <CoreInst = "FAddSub_fulldsp">   --->   Core 18 'FAddSub_fulldsp' <Latency = 3> <II = 1> <Delay = 6.43> <FuncUnit> <Opcode : 'fadd' 'fsub'> <InPorts = 2> <OutPorts = 1>
ST_167 : Operation 676 [3/3] (7.01ns)   --->   "%mul_40 = fmul i32 %input_features_casted_load_41_read, i32 %weights_1_41_load" [../../../../HWSWAI/HLS/SampleDatasetMLP.cpp:80]   --->   Operation 676 'fmul' 'mul_40' <Predicate = true> <Delay = 7.01> <CoreInst = "FMul_maxdsp">   --->   Core 30 'FMul_maxdsp' <Latency = 2> <II = 1> <Delay = 7.01> <FuncUnit> <Opcode : 'fmul'> <InPorts = 2> <OutPorts = 1>

State 168 <SV = 167> <Delay = 7.01>
ST_168 : Operation 677 [2/4] (6.43ns)   --->   "%add1_39 = fadd i32 %add1_38, i32 %mul_39" [../../../../HWSWAI/HLS/SampleDatasetMLP.cpp:80]   --->   Operation 677 'fadd' 'add1_39' <Predicate = true> <Delay = 6.43> <CoreInst = "FAddSub_fulldsp">   --->   Core 18 'FAddSub_fulldsp' <Latency = 3> <II = 1> <Delay = 6.43> <FuncUnit> <Opcode : 'fadd' 'fsub'> <InPorts = 2> <OutPorts = 1>
ST_168 : Operation 678 [2/3] (7.01ns)   --->   "%mul_40 = fmul i32 %input_features_casted_load_41_read, i32 %weights_1_41_load" [../../../../HWSWAI/HLS/SampleDatasetMLP.cpp:80]   --->   Operation 678 'fmul' 'mul_40' <Predicate = true> <Delay = 7.01> <CoreInst = "FMul_maxdsp">   --->   Core 30 'FMul_maxdsp' <Latency = 2> <II = 1> <Delay = 7.01> <FuncUnit> <Opcode : 'fmul'> <InPorts = 2> <OutPorts = 1>

State 169 <SV = 168> <Delay = 7.01>
ST_169 : Operation 679 [1/4] (6.43ns)   --->   "%add1_39 = fadd i32 %add1_38, i32 %mul_39" [../../../../HWSWAI/HLS/SampleDatasetMLP.cpp:80]   --->   Operation 679 'fadd' 'add1_39' <Predicate = true> <Delay = 6.43> <CoreInst = "FAddSub_fulldsp">   --->   Core 18 'FAddSub_fulldsp' <Latency = 3> <II = 1> <Delay = 6.43> <FuncUnit> <Opcode : 'fadd' 'fsub'> <InPorts = 2> <OutPorts = 1>
ST_169 : Operation 680 [1/3] (7.01ns)   --->   "%mul_40 = fmul i32 %input_features_casted_load_41_read, i32 %weights_1_41_load" [../../../../HWSWAI/HLS/SampleDatasetMLP.cpp:80]   --->   Operation 680 'fmul' 'mul_40' <Predicate = true> <Delay = 7.01> <CoreInst = "FMul_maxdsp">   --->   Core 30 'FMul_maxdsp' <Latency = 2> <II = 1> <Delay = 7.01> <FuncUnit> <Opcode : 'fmul'> <InPorts = 2> <OutPorts = 1>
ST_169 : Operation 681 [1/1] (0.00ns)   --->   "%weights_1_42_addr = getelementptr i32 %weights_1_42, i64 0, i64 %i_1_cast" [../../../../HWSWAI/HLS/SampleDatasetMLP.cpp:80]   --->   Operation 681 'getelementptr' 'weights_1_42_addr' <Predicate = true> <Delay = 0.00>
ST_169 : Operation 682 [2/2] (0.67ns)   --->   "%weights_1_42_load = load i5 %weights_1_42_addr" [../../../../HWSWAI/HLS/SampleDatasetMLP.cpp:80]   --->   Operation 682 'load' 'weights_1_42_load' <Predicate = true> <Delay = 0.67> <CoreInst = "ROM">   --->   Core 101 'ROM' <Latency = 1> <II = 1> <Delay = 0.67> <Storage> <Opcode : 'load'> <Ports = 0> <Width = 32> <Depth = 24> <ROM>

State 170 <SV = 169> <Delay = 6.43>
ST_170 : Operation 683 [4/4] (6.43ns)   --->   "%add1_40 = fadd i32 %add1_39, i32 %mul_40" [../../../../HWSWAI/HLS/SampleDatasetMLP.cpp:80]   --->   Operation 683 'fadd' 'add1_40' <Predicate = true> <Delay = 6.43> <CoreInst = "FAddSub_fulldsp">   --->   Core 18 'FAddSub_fulldsp' <Latency = 3> <II = 1> <Delay = 6.43> <FuncUnit> <Opcode : 'fadd' 'fsub'> <InPorts = 2> <OutPorts = 1>
ST_170 : Operation 684 [1/2] (0.67ns)   --->   "%weights_1_42_load = load i5 %weights_1_42_addr" [../../../../HWSWAI/HLS/SampleDatasetMLP.cpp:80]   --->   Operation 684 'load' 'weights_1_42_load' <Predicate = true> <Delay = 0.67> <CoreInst = "ROM">   --->   Core 101 'ROM' <Latency = 1> <II = 1> <Delay = 0.67> <Storage> <Opcode : 'load'> <Ports = 0> <Width = 32> <Depth = 24> <ROM>

State 171 <SV = 170> <Delay = 7.01>
ST_171 : Operation 685 [3/4] (6.43ns)   --->   "%add1_40 = fadd i32 %add1_39, i32 %mul_40" [../../../../HWSWAI/HLS/SampleDatasetMLP.cpp:80]   --->   Operation 685 'fadd' 'add1_40' <Predicate = true> <Delay = 6.43> <CoreInst = "FAddSub_fulldsp">   --->   Core 18 'FAddSub_fulldsp' <Latency = 3> <II = 1> <Delay = 6.43> <FuncUnit> <Opcode : 'fadd' 'fsub'> <InPorts = 2> <OutPorts = 1>
ST_171 : Operation 686 [3/3] (7.01ns)   --->   "%mul_41 = fmul i32 %input_features_casted_load_42_read, i32 %weights_1_42_load" [../../../../HWSWAI/HLS/SampleDatasetMLP.cpp:80]   --->   Operation 686 'fmul' 'mul_41' <Predicate = true> <Delay = 7.01> <CoreInst = "FMul_maxdsp">   --->   Core 30 'FMul_maxdsp' <Latency = 2> <II = 1> <Delay = 7.01> <FuncUnit> <Opcode : 'fmul'> <InPorts = 2> <OutPorts = 1>

State 172 <SV = 171> <Delay = 7.01>
ST_172 : Operation 687 [2/4] (6.43ns)   --->   "%add1_40 = fadd i32 %add1_39, i32 %mul_40" [../../../../HWSWAI/HLS/SampleDatasetMLP.cpp:80]   --->   Operation 687 'fadd' 'add1_40' <Predicate = true> <Delay = 6.43> <CoreInst = "FAddSub_fulldsp">   --->   Core 18 'FAddSub_fulldsp' <Latency = 3> <II = 1> <Delay = 6.43> <FuncUnit> <Opcode : 'fadd' 'fsub'> <InPorts = 2> <OutPorts = 1>
ST_172 : Operation 688 [2/3] (7.01ns)   --->   "%mul_41 = fmul i32 %input_features_casted_load_42_read, i32 %weights_1_42_load" [../../../../HWSWAI/HLS/SampleDatasetMLP.cpp:80]   --->   Operation 688 'fmul' 'mul_41' <Predicate = true> <Delay = 7.01> <CoreInst = "FMul_maxdsp">   --->   Core 30 'FMul_maxdsp' <Latency = 2> <II = 1> <Delay = 7.01> <FuncUnit> <Opcode : 'fmul'> <InPorts = 2> <OutPorts = 1>

State 173 <SV = 172> <Delay = 7.01>
ST_173 : Operation 689 [1/4] (6.43ns)   --->   "%add1_40 = fadd i32 %add1_39, i32 %mul_40" [../../../../HWSWAI/HLS/SampleDatasetMLP.cpp:80]   --->   Operation 689 'fadd' 'add1_40' <Predicate = true> <Delay = 6.43> <CoreInst = "FAddSub_fulldsp">   --->   Core 18 'FAddSub_fulldsp' <Latency = 3> <II = 1> <Delay = 6.43> <FuncUnit> <Opcode : 'fadd' 'fsub'> <InPorts = 2> <OutPorts = 1>
ST_173 : Operation 690 [1/3] (7.01ns)   --->   "%mul_41 = fmul i32 %input_features_casted_load_42_read, i32 %weights_1_42_load" [../../../../HWSWAI/HLS/SampleDatasetMLP.cpp:80]   --->   Operation 690 'fmul' 'mul_41' <Predicate = true> <Delay = 7.01> <CoreInst = "FMul_maxdsp">   --->   Core 30 'FMul_maxdsp' <Latency = 2> <II = 1> <Delay = 7.01> <FuncUnit> <Opcode : 'fmul'> <InPorts = 2> <OutPorts = 1>
ST_173 : Operation 691 [1/1] (0.00ns)   --->   "%weights_1_43_addr = getelementptr i32 %weights_1_43, i64 0, i64 %i_1_cast" [../../../../HWSWAI/HLS/SampleDatasetMLP.cpp:80]   --->   Operation 691 'getelementptr' 'weights_1_43_addr' <Predicate = true> <Delay = 0.00>
ST_173 : Operation 692 [2/2] (0.67ns)   --->   "%weights_1_43_load = load i5 %weights_1_43_addr" [../../../../HWSWAI/HLS/SampleDatasetMLP.cpp:80]   --->   Operation 692 'load' 'weights_1_43_load' <Predicate = true> <Delay = 0.67> <CoreInst = "ROM">   --->   Core 101 'ROM' <Latency = 1> <II = 1> <Delay = 0.67> <Storage> <Opcode : 'load'> <Ports = 0> <Width = 32> <Depth = 24> <ROM>

State 174 <SV = 173> <Delay = 6.43>
ST_174 : Operation 693 [4/4] (6.43ns)   --->   "%add1_41 = fadd i32 %add1_40, i32 %mul_41" [../../../../HWSWAI/HLS/SampleDatasetMLP.cpp:80]   --->   Operation 693 'fadd' 'add1_41' <Predicate = true> <Delay = 6.43> <CoreInst = "FAddSub_fulldsp">   --->   Core 18 'FAddSub_fulldsp' <Latency = 3> <II = 1> <Delay = 6.43> <FuncUnit> <Opcode : 'fadd' 'fsub'> <InPorts = 2> <OutPorts = 1>
ST_174 : Operation 694 [1/2] (0.67ns)   --->   "%weights_1_43_load = load i5 %weights_1_43_addr" [../../../../HWSWAI/HLS/SampleDatasetMLP.cpp:80]   --->   Operation 694 'load' 'weights_1_43_load' <Predicate = true> <Delay = 0.67> <CoreInst = "ROM">   --->   Core 101 'ROM' <Latency = 1> <II = 1> <Delay = 0.67> <Storage> <Opcode : 'load'> <Ports = 0> <Width = 32> <Depth = 24> <ROM>

State 175 <SV = 174> <Delay = 7.01>
ST_175 : Operation 695 [3/4] (6.43ns)   --->   "%add1_41 = fadd i32 %add1_40, i32 %mul_41" [../../../../HWSWAI/HLS/SampleDatasetMLP.cpp:80]   --->   Operation 695 'fadd' 'add1_41' <Predicate = true> <Delay = 6.43> <CoreInst = "FAddSub_fulldsp">   --->   Core 18 'FAddSub_fulldsp' <Latency = 3> <II = 1> <Delay = 6.43> <FuncUnit> <Opcode : 'fadd' 'fsub'> <InPorts = 2> <OutPorts = 1>
ST_175 : Operation 696 [3/3] (7.01ns)   --->   "%mul_42 = fmul i32 %input_features_casted_load_43_read, i32 %weights_1_43_load" [../../../../HWSWAI/HLS/SampleDatasetMLP.cpp:80]   --->   Operation 696 'fmul' 'mul_42' <Predicate = true> <Delay = 7.01> <CoreInst = "FMul_maxdsp">   --->   Core 30 'FMul_maxdsp' <Latency = 2> <II = 1> <Delay = 7.01> <FuncUnit> <Opcode : 'fmul'> <InPorts = 2> <OutPorts = 1>

State 176 <SV = 175> <Delay = 7.01>
ST_176 : Operation 697 [2/4] (6.43ns)   --->   "%add1_41 = fadd i32 %add1_40, i32 %mul_41" [../../../../HWSWAI/HLS/SampleDatasetMLP.cpp:80]   --->   Operation 697 'fadd' 'add1_41' <Predicate = true> <Delay = 6.43> <CoreInst = "FAddSub_fulldsp">   --->   Core 18 'FAddSub_fulldsp' <Latency = 3> <II = 1> <Delay = 6.43> <FuncUnit> <Opcode : 'fadd' 'fsub'> <InPorts = 2> <OutPorts = 1>
ST_176 : Operation 698 [2/3] (7.01ns)   --->   "%mul_42 = fmul i32 %input_features_casted_load_43_read, i32 %weights_1_43_load" [../../../../HWSWAI/HLS/SampleDatasetMLP.cpp:80]   --->   Operation 698 'fmul' 'mul_42' <Predicate = true> <Delay = 7.01> <CoreInst = "FMul_maxdsp">   --->   Core 30 'FMul_maxdsp' <Latency = 2> <II = 1> <Delay = 7.01> <FuncUnit> <Opcode : 'fmul'> <InPorts = 2> <OutPorts = 1>

State 177 <SV = 176> <Delay = 7.01>
ST_177 : Operation 699 [1/4] (6.43ns)   --->   "%add1_41 = fadd i32 %add1_40, i32 %mul_41" [../../../../HWSWAI/HLS/SampleDatasetMLP.cpp:80]   --->   Operation 699 'fadd' 'add1_41' <Predicate = true> <Delay = 6.43> <CoreInst = "FAddSub_fulldsp">   --->   Core 18 'FAddSub_fulldsp' <Latency = 3> <II = 1> <Delay = 6.43> <FuncUnit> <Opcode : 'fadd' 'fsub'> <InPorts = 2> <OutPorts = 1>
ST_177 : Operation 700 [1/3] (7.01ns)   --->   "%mul_42 = fmul i32 %input_features_casted_load_43_read, i32 %weights_1_43_load" [../../../../HWSWAI/HLS/SampleDatasetMLP.cpp:80]   --->   Operation 700 'fmul' 'mul_42' <Predicate = true> <Delay = 7.01> <CoreInst = "FMul_maxdsp">   --->   Core 30 'FMul_maxdsp' <Latency = 2> <II = 1> <Delay = 7.01> <FuncUnit> <Opcode : 'fmul'> <InPorts = 2> <OutPorts = 1>
ST_177 : Operation 701 [1/1] (0.00ns)   --->   "%weights_1_44_addr = getelementptr i32 %weights_1_44, i64 0, i64 %i_1_cast" [../../../../HWSWAI/HLS/SampleDatasetMLP.cpp:80]   --->   Operation 701 'getelementptr' 'weights_1_44_addr' <Predicate = true> <Delay = 0.00>
ST_177 : Operation 702 [2/2] (0.67ns)   --->   "%weights_1_44_load = load i5 %weights_1_44_addr" [../../../../HWSWAI/HLS/SampleDatasetMLP.cpp:80]   --->   Operation 702 'load' 'weights_1_44_load' <Predicate = true> <Delay = 0.67> <CoreInst = "ROM">   --->   Core 101 'ROM' <Latency = 1> <II = 1> <Delay = 0.67> <Storage> <Opcode : 'load'> <Ports = 0> <Width = 32> <Depth = 24> <ROM>

State 178 <SV = 177> <Delay = 6.43>
ST_178 : Operation 703 [4/4] (6.43ns)   --->   "%add1_42 = fadd i32 %add1_41, i32 %mul_42" [../../../../HWSWAI/HLS/SampleDatasetMLP.cpp:80]   --->   Operation 703 'fadd' 'add1_42' <Predicate = true> <Delay = 6.43> <CoreInst = "FAddSub_fulldsp">   --->   Core 18 'FAddSub_fulldsp' <Latency = 3> <II = 1> <Delay = 6.43> <FuncUnit> <Opcode : 'fadd' 'fsub'> <InPorts = 2> <OutPorts = 1>
ST_178 : Operation 704 [1/2] (0.67ns)   --->   "%weights_1_44_load = load i5 %weights_1_44_addr" [../../../../HWSWAI/HLS/SampleDatasetMLP.cpp:80]   --->   Operation 704 'load' 'weights_1_44_load' <Predicate = true> <Delay = 0.67> <CoreInst = "ROM">   --->   Core 101 'ROM' <Latency = 1> <II = 1> <Delay = 0.67> <Storage> <Opcode : 'load'> <Ports = 0> <Width = 32> <Depth = 24> <ROM>

State 179 <SV = 178> <Delay = 7.01>
ST_179 : Operation 705 [3/4] (6.43ns)   --->   "%add1_42 = fadd i32 %add1_41, i32 %mul_42" [../../../../HWSWAI/HLS/SampleDatasetMLP.cpp:80]   --->   Operation 705 'fadd' 'add1_42' <Predicate = true> <Delay = 6.43> <CoreInst = "FAddSub_fulldsp">   --->   Core 18 'FAddSub_fulldsp' <Latency = 3> <II = 1> <Delay = 6.43> <FuncUnit> <Opcode : 'fadd' 'fsub'> <InPorts = 2> <OutPorts = 1>
ST_179 : Operation 706 [3/3] (7.01ns)   --->   "%mul_43 = fmul i32 %input_features_casted_load_44_read, i32 %weights_1_44_load" [../../../../HWSWAI/HLS/SampleDatasetMLP.cpp:80]   --->   Operation 706 'fmul' 'mul_43' <Predicate = true> <Delay = 7.01> <CoreInst = "FMul_maxdsp">   --->   Core 30 'FMul_maxdsp' <Latency = 2> <II = 1> <Delay = 7.01> <FuncUnit> <Opcode : 'fmul'> <InPorts = 2> <OutPorts = 1>

State 180 <SV = 179> <Delay = 7.01>
ST_180 : Operation 707 [2/4] (6.43ns)   --->   "%add1_42 = fadd i32 %add1_41, i32 %mul_42" [../../../../HWSWAI/HLS/SampleDatasetMLP.cpp:80]   --->   Operation 707 'fadd' 'add1_42' <Predicate = true> <Delay = 6.43> <CoreInst = "FAddSub_fulldsp">   --->   Core 18 'FAddSub_fulldsp' <Latency = 3> <II = 1> <Delay = 6.43> <FuncUnit> <Opcode : 'fadd' 'fsub'> <InPorts = 2> <OutPorts = 1>
ST_180 : Operation 708 [2/3] (7.01ns)   --->   "%mul_43 = fmul i32 %input_features_casted_load_44_read, i32 %weights_1_44_load" [../../../../HWSWAI/HLS/SampleDatasetMLP.cpp:80]   --->   Operation 708 'fmul' 'mul_43' <Predicate = true> <Delay = 7.01> <CoreInst = "FMul_maxdsp">   --->   Core 30 'FMul_maxdsp' <Latency = 2> <II = 1> <Delay = 7.01> <FuncUnit> <Opcode : 'fmul'> <InPorts = 2> <OutPorts = 1>

State 181 <SV = 180> <Delay = 7.01>
ST_181 : Operation 709 [1/4] (6.43ns)   --->   "%add1_42 = fadd i32 %add1_41, i32 %mul_42" [../../../../HWSWAI/HLS/SampleDatasetMLP.cpp:80]   --->   Operation 709 'fadd' 'add1_42' <Predicate = true> <Delay = 6.43> <CoreInst = "FAddSub_fulldsp">   --->   Core 18 'FAddSub_fulldsp' <Latency = 3> <II = 1> <Delay = 6.43> <FuncUnit> <Opcode : 'fadd' 'fsub'> <InPorts = 2> <OutPorts = 1>
ST_181 : Operation 710 [1/3] (7.01ns)   --->   "%mul_43 = fmul i32 %input_features_casted_load_44_read, i32 %weights_1_44_load" [../../../../HWSWAI/HLS/SampleDatasetMLP.cpp:80]   --->   Operation 710 'fmul' 'mul_43' <Predicate = true> <Delay = 7.01> <CoreInst = "FMul_maxdsp">   --->   Core 30 'FMul_maxdsp' <Latency = 2> <II = 1> <Delay = 7.01> <FuncUnit> <Opcode : 'fmul'> <InPorts = 2> <OutPorts = 1>
ST_181 : Operation 711 [1/1] (0.00ns)   --->   "%weights_1_45_addr = getelementptr i32 %weights_1_45, i64 0, i64 %i_1_cast" [../../../../HWSWAI/HLS/SampleDatasetMLP.cpp:80]   --->   Operation 711 'getelementptr' 'weights_1_45_addr' <Predicate = true> <Delay = 0.00>
ST_181 : Operation 712 [2/2] (0.67ns)   --->   "%weights_1_45_load = load i5 %weights_1_45_addr" [../../../../HWSWAI/HLS/SampleDatasetMLP.cpp:80]   --->   Operation 712 'load' 'weights_1_45_load' <Predicate = true> <Delay = 0.67> <CoreInst = "ROM">   --->   Core 101 'ROM' <Latency = 1> <II = 1> <Delay = 0.67> <Storage> <Opcode : 'load'> <Ports = 0> <Width = 32> <Depth = 24> <ROM>

State 182 <SV = 181> <Delay = 6.43>
ST_182 : Operation 713 [4/4] (6.43ns)   --->   "%add1_43 = fadd i32 %add1_42, i32 %mul_43" [../../../../HWSWAI/HLS/SampleDatasetMLP.cpp:80]   --->   Operation 713 'fadd' 'add1_43' <Predicate = true> <Delay = 6.43> <CoreInst = "FAddSub_fulldsp">   --->   Core 18 'FAddSub_fulldsp' <Latency = 3> <II = 1> <Delay = 6.43> <FuncUnit> <Opcode : 'fadd' 'fsub'> <InPorts = 2> <OutPorts = 1>
ST_182 : Operation 714 [1/2] (0.67ns)   --->   "%weights_1_45_load = load i5 %weights_1_45_addr" [../../../../HWSWAI/HLS/SampleDatasetMLP.cpp:80]   --->   Operation 714 'load' 'weights_1_45_load' <Predicate = true> <Delay = 0.67> <CoreInst = "ROM">   --->   Core 101 'ROM' <Latency = 1> <II = 1> <Delay = 0.67> <Storage> <Opcode : 'load'> <Ports = 0> <Width = 32> <Depth = 24> <ROM>

State 183 <SV = 182> <Delay = 7.01>
ST_183 : Operation 715 [3/4] (6.43ns)   --->   "%add1_43 = fadd i32 %add1_42, i32 %mul_43" [../../../../HWSWAI/HLS/SampleDatasetMLP.cpp:80]   --->   Operation 715 'fadd' 'add1_43' <Predicate = true> <Delay = 6.43> <CoreInst = "FAddSub_fulldsp">   --->   Core 18 'FAddSub_fulldsp' <Latency = 3> <II = 1> <Delay = 6.43> <FuncUnit> <Opcode : 'fadd' 'fsub'> <InPorts = 2> <OutPorts = 1>
ST_183 : Operation 716 [3/3] (7.01ns)   --->   "%mul_44 = fmul i32 %input_features_casted_load_45_read, i32 %weights_1_45_load" [../../../../HWSWAI/HLS/SampleDatasetMLP.cpp:80]   --->   Operation 716 'fmul' 'mul_44' <Predicate = true> <Delay = 7.01> <CoreInst = "FMul_maxdsp">   --->   Core 30 'FMul_maxdsp' <Latency = 2> <II = 1> <Delay = 7.01> <FuncUnit> <Opcode : 'fmul'> <InPorts = 2> <OutPorts = 1>

State 184 <SV = 183> <Delay = 7.01>
ST_184 : Operation 717 [2/4] (6.43ns)   --->   "%add1_43 = fadd i32 %add1_42, i32 %mul_43" [../../../../HWSWAI/HLS/SampleDatasetMLP.cpp:80]   --->   Operation 717 'fadd' 'add1_43' <Predicate = true> <Delay = 6.43> <CoreInst = "FAddSub_fulldsp">   --->   Core 18 'FAddSub_fulldsp' <Latency = 3> <II = 1> <Delay = 6.43> <FuncUnit> <Opcode : 'fadd' 'fsub'> <InPorts = 2> <OutPorts = 1>
ST_184 : Operation 718 [2/3] (7.01ns)   --->   "%mul_44 = fmul i32 %input_features_casted_load_45_read, i32 %weights_1_45_load" [../../../../HWSWAI/HLS/SampleDatasetMLP.cpp:80]   --->   Operation 718 'fmul' 'mul_44' <Predicate = true> <Delay = 7.01> <CoreInst = "FMul_maxdsp">   --->   Core 30 'FMul_maxdsp' <Latency = 2> <II = 1> <Delay = 7.01> <FuncUnit> <Opcode : 'fmul'> <InPorts = 2> <OutPorts = 1>

State 185 <SV = 184> <Delay = 7.01>
ST_185 : Operation 719 [1/4] (6.43ns)   --->   "%add1_43 = fadd i32 %add1_42, i32 %mul_43" [../../../../HWSWAI/HLS/SampleDatasetMLP.cpp:80]   --->   Operation 719 'fadd' 'add1_43' <Predicate = true> <Delay = 6.43> <CoreInst = "FAddSub_fulldsp">   --->   Core 18 'FAddSub_fulldsp' <Latency = 3> <II = 1> <Delay = 6.43> <FuncUnit> <Opcode : 'fadd' 'fsub'> <InPorts = 2> <OutPorts = 1>
ST_185 : Operation 720 [1/3] (7.01ns)   --->   "%mul_44 = fmul i32 %input_features_casted_load_45_read, i32 %weights_1_45_load" [../../../../HWSWAI/HLS/SampleDatasetMLP.cpp:80]   --->   Operation 720 'fmul' 'mul_44' <Predicate = true> <Delay = 7.01> <CoreInst = "FMul_maxdsp">   --->   Core 30 'FMul_maxdsp' <Latency = 2> <II = 1> <Delay = 7.01> <FuncUnit> <Opcode : 'fmul'> <InPorts = 2> <OutPorts = 1>
ST_185 : Operation 721 [1/1] (0.00ns)   --->   "%weights_1_46_addr = getelementptr i32 %weights_1_46, i64 0, i64 %i_1_cast" [../../../../HWSWAI/HLS/SampleDatasetMLP.cpp:80]   --->   Operation 721 'getelementptr' 'weights_1_46_addr' <Predicate = true> <Delay = 0.00>
ST_185 : Operation 722 [2/2] (0.67ns)   --->   "%weights_1_46_load = load i5 %weights_1_46_addr" [../../../../HWSWAI/HLS/SampleDatasetMLP.cpp:80]   --->   Operation 722 'load' 'weights_1_46_load' <Predicate = true> <Delay = 0.67> <CoreInst = "ROM">   --->   Core 101 'ROM' <Latency = 1> <II = 1> <Delay = 0.67> <Storage> <Opcode : 'load'> <Ports = 0> <Width = 32> <Depth = 24> <ROM>

State 186 <SV = 185> <Delay = 6.43>
ST_186 : Operation 723 [4/4] (6.43ns)   --->   "%add1_44 = fadd i32 %add1_43, i32 %mul_44" [../../../../HWSWAI/HLS/SampleDatasetMLP.cpp:80]   --->   Operation 723 'fadd' 'add1_44' <Predicate = true> <Delay = 6.43> <CoreInst = "FAddSub_fulldsp">   --->   Core 18 'FAddSub_fulldsp' <Latency = 3> <II = 1> <Delay = 6.43> <FuncUnit> <Opcode : 'fadd' 'fsub'> <InPorts = 2> <OutPorts = 1>
ST_186 : Operation 724 [1/2] (0.67ns)   --->   "%weights_1_46_load = load i5 %weights_1_46_addr" [../../../../HWSWAI/HLS/SampleDatasetMLP.cpp:80]   --->   Operation 724 'load' 'weights_1_46_load' <Predicate = true> <Delay = 0.67> <CoreInst = "ROM">   --->   Core 101 'ROM' <Latency = 1> <II = 1> <Delay = 0.67> <Storage> <Opcode : 'load'> <Ports = 0> <Width = 32> <Depth = 24> <ROM>

State 187 <SV = 186> <Delay = 7.01>
ST_187 : Operation 725 [3/4] (6.43ns)   --->   "%add1_44 = fadd i32 %add1_43, i32 %mul_44" [../../../../HWSWAI/HLS/SampleDatasetMLP.cpp:80]   --->   Operation 725 'fadd' 'add1_44' <Predicate = true> <Delay = 6.43> <CoreInst = "FAddSub_fulldsp">   --->   Core 18 'FAddSub_fulldsp' <Latency = 3> <II = 1> <Delay = 6.43> <FuncUnit> <Opcode : 'fadd' 'fsub'> <InPorts = 2> <OutPorts = 1>
ST_187 : Operation 726 [3/3] (7.01ns)   --->   "%mul_45 = fmul i32 %input_features_casted_load_46_read, i32 %weights_1_46_load" [../../../../HWSWAI/HLS/SampleDatasetMLP.cpp:80]   --->   Operation 726 'fmul' 'mul_45' <Predicate = true> <Delay = 7.01> <CoreInst = "FMul_maxdsp">   --->   Core 30 'FMul_maxdsp' <Latency = 2> <II = 1> <Delay = 7.01> <FuncUnit> <Opcode : 'fmul'> <InPorts = 2> <OutPorts = 1>

State 188 <SV = 187> <Delay = 7.01>
ST_188 : Operation 727 [2/4] (6.43ns)   --->   "%add1_44 = fadd i32 %add1_43, i32 %mul_44" [../../../../HWSWAI/HLS/SampleDatasetMLP.cpp:80]   --->   Operation 727 'fadd' 'add1_44' <Predicate = true> <Delay = 6.43> <CoreInst = "FAddSub_fulldsp">   --->   Core 18 'FAddSub_fulldsp' <Latency = 3> <II = 1> <Delay = 6.43> <FuncUnit> <Opcode : 'fadd' 'fsub'> <InPorts = 2> <OutPorts = 1>
ST_188 : Operation 728 [2/3] (7.01ns)   --->   "%mul_45 = fmul i32 %input_features_casted_load_46_read, i32 %weights_1_46_load" [../../../../HWSWAI/HLS/SampleDatasetMLP.cpp:80]   --->   Operation 728 'fmul' 'mul_45' <Predicate = true> <Delay = 7.01> <CoreInst = "FMul_maxdsp">   --->   Core 30 'FMul_maxdsp' <Latency = 2> <II = 1> <Delay = 7.01> <FuncUnit> <Opcode : 'fmul'> <InPorts = 2> <OutPorts = 1>

State 189 <SV = 188> <Delay = 7.01>
ST_189 : Operation 729 [1/4] (6.43ns)   --->   "%add1_44 = fadd i32 %add1_43, i32 %mul_44" [../../../../HWSWAI/HLS/SampleDatasetMLP.cpp:80]   --->   Operation 729 'fadd' 'add1_44' <Predicate = true> <Delay = 6.43> <CoreInst = "FAddSub_fulldsp">   --->   Core 18 'FAddSub_fulldsp' <Latency = 3> <II = 1> <Delay = 6.43> <FuncUnit> <Opcode : 'fadd' 'fsub'> <InPorts = 2> <OutPorts = 1>
ST_189 : Operation 730 [1/3] (7.01ns)   --->   "%mul_45 = fmul i32 %input_features_casted_load_46_read, i32 %weights_1_46_load" [../../../../HWSWAI/HLS/SampleDatasetMLP.cpp:80]   --->   Operation 730 'fmul' 'mul_45' <Predicate = true> <Delay = 7.01> <CoreInst = "FMul_maxdsp">   --->   Core 30 'FMul_maxdsp' <Latency = 2> <II = 1> <Delay = 7.01> <FuncUnit> <Opcode : 'fmul'> <InPorts = 2> <OutPorts = 1>
ST_189 : Operation 731 [1/1] (0.00ns)   --->   "%weights_1_47_addr = getelementptr i32 %weights_1_47, i64 0, i64 %i_1_cast" [../../../../HWSWAI/HLS/SampleDatasetMLP.cpp:80]   --->   Operation 731 'getelementptr' 'weights_1_47_addr' <Predicate = true> <Delay = 0.00>
ST_189 : Operation 732 [2/2] (0.67ns)   --->   "%weights_1_47_load = load i5 %weights_1_47_addr" [../../../../HWSWAI/HLS/SampleDatasetMLP.cpp:80]   --->   Operation 732 'load' 'weights_1_47_load' <Predicate = true> <Delay = 0.67> <CoreInst = "ROM">   --->   Core 101 'ROM' <Latency = 1> <II = 1> <Delay = 0.67> <Storage> <Opcode : 'load'> <Ports = 0> <Width = 32> <Depth = 24> <ROM>

State 190 <SV = 189> <Delay = 6.43>
ST_190 : Operation 733 [4/4] (6.43ns)   --->   "%add1_45 = fadd i32 %add1_44, i32 %mul_45" [../../../../HWSWAI/HLS/SampleDatasetMLP.cpp:80]   --->   Operation 733 'fadd' 'add1_45' <Predicate = true> <Delay = 6.43> <CoreInst = "FAddSub_fulldsp">   --->   Core 18 'FAddSub_fulldsp' <Latency = 3> <II = 1> <Delay = 6.43> <FuncUnit> <Opcode : 'fadd' 'fsub'> <InPorts = 2> <OutPorts = 1>
ST_190 : Operation 734 [1/2] (0.67ns)   --->   "%weights_1_47_load = load i5 %weights_1_47_addr" [../../../../HWSWAI/HLS/SampleDatasetMLP.cpp:80]   --->   Operation 734 'load' 'weights_1_47_load' <Predicate = true> <Delay = 0.67> <CoreInst = "ROM">   --->   Core 101 'ROM' <Latency = 1> <II = 1> <Delay = 0.67> <Storage> <Opcode : 'load'> <Ports = 0> <Width = 32> <Depth = 24> <ROM>

State 191 <SV = 190> <Delay = 7.01>
ST_191 : Operation 735 [3/4] (6.43ns)   --->   "%add1_45 = fadd i32 %add1_44, i32 %mul_45" [../../../../HWSWAI/HLS/SampleDatasetMLP.cpp:80]   --->   Operation 735 'fadd' 'add1_45' <Predicate = true> <Delay = 6.43> <CoreInst = "FAddSub_fulldsp">   --->   Core 18 'FAddSub_fulldsp' <Latency = 3> <II = 1> <Delay = 6.43> <FuncUnit> <Opcode : 'fadd' 'fsub'> <InPorts = 2> <OutPorts = 1>
ST_191 : Operation 736 [3/3] (7.01ns)   --->   "%mul_46 = fmul i32 %input_features_casted_load_47_read, i32 %weights_1_47_load" [../../../../HWSWAI/HLS/SampleDatasetMLP.cpp:80]   --->   Operation 736 'fmul' 'mul_46' <Predicate = true> <Delay = 7.01> <CoreInst = "FMul_maxdsp">   --->   Core 30 'FMul_maxdsp' <Latency = 2> <II = 1> <Delay = 7.01> <FuncUnit> <Opcode : 'fmul'> <InPorts = 2> <OutPorts = 1>

State 192 <SV = 191> <Delay = 7.01>
ST_192 : Operation 737 [2/4] (6.43ns)   --->   "%add1_45 = fadd i32 %add1_44, i32 %mul_45" [../../../../HWSWAI/HLS/SampleDatasetMLP.cpp:80]   --->   Operation 737 'fadd' 'add1_45' <Predicate = true> <Delay = 6.43> <CoreInst = "FAddSub_fulldsp">   --->   Core 18 'FAddSub_fulldsp' <Latency = 3> <II = 1> <Delay = 6.43> <FuncUnit> <Opcode : 'fadd' 'fsub'> <InPorts = 2> <OutPorts = 1>
ST_192 : Operation 738 [2/3] (7.01ns)   --->   "%mul_46 = fmul i32 %input_features_casted_load_47_read, i32 %weights_1_47_load" [../../../../HWSWAI/HLS/SampleDatasetMLP.cpp:80]   --->   Operation 738 'fmul' 'mul_46' <Predicate = true> <Delay = 7.01> <CoreInst = "FMul_maxdsp">   --->   Core 30 'FMul_maxdsp' <Latency = 2> <II = 1> <Delay = 7.01> <FuncUnit> <Opcode : 'fmul'> <InPorts = 2> <OutPorts = 1>

State 193 <SV = 192> <Delay = 7.01>
ST_193 : Operation 739 [1/4] (6.43ns)   --->   "%add1_45 = fadd i32 %add1_44, i32 %mul_45" [../../../../HWSWAI/HLS/SampleDatasetMLP.cpp:80]   --->   Operation 739 'fadd' 'add1_45' <Predicate = true> <Delay = 6.43> <CoreInst = "FAddSub_fulldsp">   --->   Core 18 'FAddSub_fulldsp' <Latency = 3> <II = 1> <Delay = 6.43> <FuncUnit> <Opcode : 'fadd' 'fsub'> <InPorts = 2> <OutPorts = 1>
ST_193 : Operation 740 [1/3] (7.01ns)   --->   "%mul_46 = fmul i32 %input_features_casted_load_47_read, i32 %weights_1_47_load" [../../../../HWSWAI/HLS/SampleDatasetMLP.cpp:80]   --->   Operation 740 'fmul' 'mul_46' <Predicate = true> <Delay = 7.01> <CoreInst = "FMul_maxdsp">   --->   Core 30 'FMul_maxdsp' <Latency = 2> <II = 1> <Delay = 7.01> <FuncUnit> <Opcode : 'fmul'> <InPorts = 2> <OutPorts = 1>

State 194 <SV = 193> <Delay = 6.43>
ST_194 : Operation 741 [4/4] (6.43ns)   --->   "%add1_46 = fadd i32 %add1_45, i32 %mul_46" [../../../../HWSWAI/HLS/SampleDatasetMLP.cpp:80]   --->   Operation 741 'fadd' 'add1_46' <Predicate = true> <Delay = 6.43> <CoreInst = "FAddSub_fulldsp">   --->   Core 18 'FAddSub_fulldsp' <Latency = 3> <II = 1> <Delay = 6.43> <FuncUnit> <Opcode : 'fadd' 'fsub'> <InPorts = 2> <OutPorts = 1>

State 195 <SV = 194> <Delay = 6.43>
ST_195 : Operation 742 [3/4] (6.43ns)   --->   "%add1_46 = fadd i32 %add1_45, i32 %mul_46" [../../../../HWSWAI/HLS/SampleDatasetMLP.cpp:80]   --->   Operation 742 'fadd' 'add1_46' <Predicate = true> <Delay = 6.43> <CoreInst = "FAddSub_fulldsp">   --->   Core 18 'FAddSub_fulldsp' <Latency = 3> <II = 1> <Delay = 6.43> <FuncUnit> <Opcode : 'fadd' 'fsub'> <InPorts = 2> <OutPorts = 1>

State 196 <SV = 195> <Delay = 6.43>
ST_196 : Operation 743 [2/4] (6.43ns)   --->   "%add1_46 = fadd i32 %add1_45, i32 %mul_46" [../../../../HWSWAI/HLS/SampleDatasetMLP.cpp:80]   --->   Operation 743 'fadd' 'add1_46' <Predicate = true> <Delay = 6.43> <CoreInst = "FAddSub_fulldsp">   --->   Core 18 'FAddSub_fulldsp' <Latency = 3> <II = 1> <Delay = 6.43> <FuncUnit> <Opcode : 'fadd' 'fsub'> <InPorts = 2> <OutPorts = 1>

State 197 <SV = 196> <Delay = 6.43>
ST_197 : Operation 744 [1/4] (6.43ns)   --->   "%add1_46 = fadd i32 %add1_45, i32 %mul_46" [../../../../HWSWAI/HLS/SampleDatasetMLP.cpp:80]   --->   Operation 744 'fadd' 'add1_46' <Predicate = true> <Delay = 6.43> <CoreInst = "FAddSub_fulldsp">   --->   Core 18 'FAddSub_fulldsp' <Latency = 3> <II = 1> <Delay = 6.43> <FuncUnit> <Opcode : 'fadd' 'fsub'> <InPorts = 2> <OutPorts = 1>
ST_197 : Operation 745 [1/1] (0.00ns)   --->   "%hidden_bias_1_addr = getelementptr i32 %hidden_bias_1, i64 0, i64 %i_1_cast" [../../../../HWSWAI/HLS/SampleDatasetMLP.cpp:84]   --->   Operation 745 'getelementptr' 'hidden_bias_1_addr' <Predicate = true> <Delay = 0.00>
ST_197 : Operation 746 [2/2] (0.67ns)   --->   "%hidden_bias_1_load = load i5 %hidden_bias_1_addr" [../../../../HWSWAI/HLS/SampleDatasetMLP.cpp:84]   --->   Operation 746 'load' 'hidden_bias_1_load' <Predicate = true> <Delay = 0.67> <CoreInst = "ROM">   --->   Core 101 'ROM' <Latency = 1> <II = 1> <Delay = 0.67> <Storage> <Opcode : 'load'> <Ports = 0> <Width = 32> <Depth = 24> <ROM>

State 198 <SV = 197> <Delay = 7.11>
ST_198 : Operation 747 [1/2] (0.67ns)   --->   "%hidden_bias_1_load = load i5 %hidden_bias_1_addr" [../../../../HWSWAI/HLS/SampleDatasetMLP.cpp:84]   --->   Operation 747 'load' 'hidden_bias_1_load' <Predicate = true> <Delay = 0.67> <CoreInst = "ROM">   --->   Core 101 'ROM' <Latency = 1> <II = 1> <Delay = 0.67> <Storage> <Opcode : 'load'> <Ports = 0> <Width = 32> <Depth = 24> <ROM>
ST_198 : Operation 748 [4/4] (6.43ns)   --->   "%add = fadd i32 %add1_46, i32 %hidden_bias_1_load" [../../../../HWSWAI/HLS/SampleDatasetMLP.cpp:84]   --->   Operation 748 'fadd' 'add' <Predicate = true> <Delay = 6.43> <CoreInst = "FAddSub_fulldsp">   --->   Core 18 'FAddSub_fulldsp' <Latency = 3> <II = 1> <Delay = 6.43> <FuncUnit> <Opcode : 'fadd' 'fsub'> <InPorts = 2> <OutPorts = 1>

State 199 <SV = 198> <Delay = 6.43>
ST_199 : Operation 749 [3/4] (6.43ns)   --->   "%add = fadd i32 %add1_46, i32 %hidden_bias_1_load" [../../../../HWSWAI/HLS/SampleDatasetMLP.cpp:84]   --->   Operation 749 'fadd' 'add' <Predicate = true> <Delay = 6.43> <CoreInst = "FAddSub_fulldsp">   --->   Core 18 'FAddSub_fulldsp' <Latency = 3> <II = 1> <Delay = 6.43> <FuncUnit> <Opcode : 'fadd' 'fsub'> <InPorts = 2> <OutPorts = 1>

State 200 <SV = 199> <Delay = 6.43>
ST_200 : Operation 750 [2/4] (6.43ns)   --->   "%add = fadd i32 %add1_46, i32 %hidden_bias_1_load" [../../../../HWSWAI/HLS/SampleDatasetMLP.cpp:84]   --->   Operation 750 'fadd' 'add' <Predicate = true> <Delay = 6.43> <CoreInst = "FAddSub_fulldsp">   --->   Core 18 'FAddSub_fulldsp' <Latency = 3> <II = 1> <Delay = 6.43> <FuncUnit> <Opcode : 'fadd' 'fsub'> <InPorts = 2> <OutPorts = 1>

State 201 <SV = 200> <Delay = 6.43>
ST_201 : Operation 751 [1/4] (6.43ns)   --->   "%add = fadd i32 %add1_46, i32 %hidden_bias_1_load" [../../../../HWSWAI/HLS/SampleDatasetMLP.cpp:84]   --->   Operation 751 'fadd' 'add' <Predicate = true> <Delay = 6.43> <CoreInst = "FAddSub_fulldsp">   --->   Core 18 'FAddSub_fulldsp' <Latency = 3> <II = 1> <Delay = 6.43> <FuncUnit> <Opcode : 'fadd' 'fsub'> <InPorts = 2> <OutPorts = 1>

State 202 <SV = 201> <Delay = 2.78>
ST_202 : Operation 752 [2/2] (2.78ns)   --->   "%tmp_1 = fcmp_olt  i32 %add, i32 0" [../../../../HWSWAI/HLS/SampleDatasetMLP.cpp:86]   --->   Operation 752 'fcmp' 'tmp_1' <Predicate = true> <Delay = 2.78> <CoreInst = "FCompare">   --->   Core 19 'FCompare' <Latency = 1> <II = 1> <Delay = 2.78> <FuncUnit> <Opcode : 'fcmp'> <InPorts = 2> <OutPorts = 1>
ST_202 : Operation 766 [1/1] (0.00ns)   --->   "%ret_ln0 = ret"   --->   Operation 766 'ret' 'ret_ln0' <Predicate = (icmp_ln77)> <Delay = 0.00>

State 203 <SV = 202> <Delay = 3.90>
ST_203 : Operation 753 [1/1] (0.00ns)   --->   "%specloopname_ln77 = specloopname void @_ssdm_op_SpecLoopName, void @empty_10" [../../../../HWSWAI/HLS/SampleDatasetMLP.cpp:77]   --->   Operation 753 'specloopname' 'specloopname_ln77' <Predicate = true> <Delay = 0.00>
ST_203 : Operation 754 [1/1] (0.00ns)   --->   "%hidden_layer_1_addr = getelementptr i32 %hidden_layer_1, i64 0, i64 %i_1_cast" [../../../../HWSWAI/HLS/SampleDatasetMLP.cpp:78]   --->   Operation 754 'getelementptr' 'hidden_layer_1_addr' <Predicate = true> <Delay = 0.00>
ST_203 : Operation 755 [1/1] (0.00ns)   --->   "%bitcast_ln86 = bitcast i32 %add" [../../../../HWSWAI/HLS/SampleDatasetMLP.cpp:86]   --->   Operation 755 'bitcast' 'bitcast_ln86' <Predicate = true> <Delay = 0.00>
ST_203 : Operation 756 [1/1] (0.00ns)   --->   "%tmp = partselect i8 @_ssdm_op_PartSelect.i8.i32.i32.i32, i32 %bitcast_ln86, i32 23, i32 30" [../../../../HWSWAI/HLS/SampleDatasetMLP.cpp:86]   --->   Operation 756 'partselect' 'tmp' <Predicate = true> <Delay = 0.00>
ST_203 : Operation 757 [1/1] (0.00ns)   --->   "%trunc_ln86 = trunc i32 %bitcast_ln86" [../../../../HWSWAI/HLS/SampleDatasetMLP.cpp:86]   --->   Operation 757 'trunc' 'trunc_ln86' <Predicate = true> <Delay = 0.00>
ST_203 : Operation 758 [1/1] (0.84ns)   --->   "%icmp_ln86 = icmp_ne  i8 %tmp, i8 255" [../../../../HWSWAI/HLS/SampleDatasetMLP.cpp:86]   --->   Operation 758 'icmp' 'icmp_ln86' <Predicate = true> <Delay = 0.84> <CoreInst = "Cmp">   --->   Core 9 'Cmp' <Latency = 0> <II = 1> <Delay = 0.84> <FuncUnit> <Opcode : 'icmp'> <InPorts = 2> <OutPorts = 1>
ST_203 : Operation 759 [1/1] (1.05ns)   --->   "%icmp_ln86_1 = icmp_eq  i23 %trunc_ln86, i23 0" [../../../../HWSWAI/HLS/SampleDatasetMLP.cpp:86]   --->   Operation 759 'icmp' 'icmp_ln86_1' <Predicate = true> <Delay = 1.05> <CoreInst = "Cmp">   --->   Core 9 'Cmp' <Latency = 0> <II = 1> <Delay = 1.05> <FuncUnit> <Opcode : 'icmp'> <InPorts = 2> <OutPorts = 1>
ST_203 : Operation 760 [1/1] (0.00ns) (grouped into LUT with out node select_ln86)   --->   "%or_ln86 = or i1 %icmp_ln86_1, i1 %icmp_ln86" [../../../../HWSWAI/HLS/SampleDatasetMLP.cpp:86]   --->   Operation 760 'or' 'or_ln86' <Predicate = true> <Delay = 0.00> <CoreInst = "LogicGate">   --->   Core 74 'LogicGate' <Latency = 0> <II = 1> <Delay = 0.28> <FuncUnit> <Opcode : 'and' 'or' 'xor'> <InPorts = 2> <OutPorts = 1>
ST_203 : Operation 761 [1/2] (2.78ns)   --->   "%tmp_1 = fcmp_olt  i32 %add, i32 0" [../../../../HWSWAI/HLS/SampleDatasetMLP.cpp:86]   --->   Operation 761 'fcmp' 'tmp_1' <Predicate = true> <Delay = 2.78> <CoreInst = "FCompare">   --->   Core 19 'FCompare' <Latency = 1> <II = 1> <Delay = 2.78> <FuncUnit> <Opcode : 'fcmp'> <InPorts = 2> <OutPorts = 1>
ST_203 : Operation 762 [1/1] (0.00ns) (grouped into LUT with out node select_ln86)   --->   "%and_ln86 = and i1 %or_ln86, i1 %tmp_1" [../../../../HWSWAI/HLS/SampleDatasetMLP.cpp:86]   --->   Operation 762 'and' 'and_ln86' <Predicate = true> <Delay = 0.00> <CoreInst = "LogicGate">   --->   Core 74 'LogicGate' <Latency = 0> <II = 1> <Delay = 0.28> <FuncUnit> <Opcode : 'and' 'or' 'xor'> <InPorts = 2> <OutPorts = 1>
ST_203 : Operation 763 [1/1] (0.44ns) (out node of the LUT)   --->   "%select_ln86 = select i1 %and_ln86, i32 0, i32 %add" [../../../../HWSWAI/HLS/SampleDatasetMLP.cpp:86]   --->   Operation 763 'select' 'select_ln86' <Predicate = true> <Delay = 0.44> <CoreInst = "Sel">   --->   Core 73 'Sel' <Latency = 0> <II = 1> <Delay = 0.44> <FuncUnit> <Opcode : 'select'> <InPorts = 3> <OutPorts = 1>
ST_203 : Operation 764 [1/1] (0.67ns)   --->   "%store_ln84 = store i32 %select_ln86, i5 %hidden_layer_1_addr" [../../../../HWSWAI/HLS/SampleDatasetMLP.cpp:84]   --->   Operation 764 'store' 'store_ln84' <Predicate = true> <Delay = 0.67> <CoreInst = "RAM">   --->   Core 83 'RAM' <Latency = 1> <II = 1> <Delay = 0.67> <Storage> <Opcode : 'load' 'store'> <Ports = 2> <Width = 32> <Depth = 24> <RAM>
ST_203 : Operation 765 [1/1] (0.00ns)   --->   "%br_ln77 = br void %VITIS_LOOP_79_4" [../../../../HWSWAI/HLS/SampleDatasetMLP.cpp:77]   --->   Operation 765 'br' 'br_ln77' <Predicate = true> <Delay = 0.00>


============================================================
+ Verbose Summary: Binding
============================================================
STG Binding: 
---------------- STG Properties BEGIN ----------------
- Is combinational: 0
- Is one-state seq: 0
- Is datapath-only: 0
- Is pipelined: 0
- Is top level: 0
Port [ Return ] is wired: 1; IO mode=ap_ctrl_hs:ce=0
Port [ hidden_layer_1]:  wired=1; compound=1; hidden=0; nouse=0; global=0; static=0; extern=0; dir=1; type=1; pingpong=0; private_global=0; MemPort=[03]; IO mode=ap_memory:ce=0
Port [ input_features_casted_load]:  wired=1; compound=0; hidden=0; nouse=0; global=0; static=0; extern=0; dir=0; type=0; pingpong=0; private_global=0; IO mode=ap_none:ce=0
Port [ input_features_casted_load_1]:  wired=1; compound=0; hidden=0; nouse=0; global=0; static=0; extern=0; dir=0; type=0; pingpong=0; private_global=0; IO mode=ap_none:ce=0
Port [ input_features_casted_load_2]:  wired=1; compound=0; hidden=0; nouse=0; global=0; static=0; extern=0; dir=0; type=0; pingpong=0; private_global=0; IO mode=ap_none:ce=0
Port [ input_features_casted_load_3]:  wired=1; compound=0; hidden=0; nouse=0; global=0; static=0; extern=0; dir=0; type=0; pingpong=0; private_global=0; IO mode=ap_none:ce=0
Port [ input_features_casted_load_4]:  wired=1; compound=0; hidden=0; nouse=0; global=0; static=0; extern=0; dir=0; type=0; pingpong=0; private_global=0; IO mode=ap_none:ce=0
Port [ input_features_casted_load_5]:  wired=1; compound=0; hidden=0; nouse=0; global=0; static=0; extern=0; dir=0; type=0; pingpong=0; private_global=0; IO mode=ap_none:ce=0
Port [ input_features_casted_load_6]:  wired=1; compound=0; hidden=0; nouse=0; global=0; static=0; extern=0; dir=0; type=0; pingpong=0; private_global=0; IO mode=ap_none:ce=0
Port [ input_features_casted_load_7]:  wired=1; compound=0; hidden=0; nouse=0; global=0; static=0; extern=0; dir=0; type=0; pingpong=0; private_global=0; IO mode=ap_none:ce=0
Port [ input_features_casted_load_8]:  wired=1; compound=0; hidden=0; nouse=0; global=0; static=0; extern=0; dir=0; type=0; pingpong=0; private_global=0; IO mode=ap_none:ce=0
Port [ input_features_casted_load_9]:  wired=1; compound=0; hidden=0; nouse=0; global=0; static=0; extern=0; dir=0; type=0; pingpong=0; private_global=0; IO mode=ap_none:ce=0
Port [ input_features_casted_load_10]:  wired=1; compound=0; hidden=0; nouse=0; global=0; static=0; extern=0; dir=0; type=0; pingpong=0; private_global=0; IO mode=ap_none:ce=0
Port [ input_features_casted_load_11]:  wired=1; compound=0; hidden=0; nouse=0; global=0; static=0; extern=0; dir=0; type=0; pingpong=0; private_global=0; IO mode=ap_none:ce=0
Port [ input_features_casted_load_12]:  wired=1; compound=0; hidden=0; nouse=0; global=0; static=0; extern=0; dir=0; type=0; pingpong=0; private_global=0; IO mode=ap_none:ce=0
Port [ input_features_casted_load_13]:  wired=1; compound=0; hidden=0; nouse=0; global=0; static=0; extern=0; dir=0; type=0; pingpong=0; private_global=0; IO mode=ap_none:ce=0
Port [ input_features_casted_load_14]:  wired=1; compound=0; hidden=0; nouse=0; global=0; static=0; extern=0; dir=0; type=0; pingpong=0; private_global=0; IO mode=ap_none:ce=0
Port [ input_features_casted_load_15]:  wired=1; compound=0; hidden=0; nouse=0; global=0; static=0; extern=0; dir=0; type=0; pingpong=0; private_global=0; IO mode=ap_none:ce=0
Port [ input_features_casted_load_16]:  wired=1; compound=0; hidden=0; nouse=0; global=0; static=0; extern=0; dir=0; type=0; pingpong=0; private_global=0; IO mode=ap_none:ce=0
Port [ input_features_casted_load_17]:  wired=1; compound=0; hidden=0; nouse=0; global=0; static=0; extern=0; dir=0; type=0; pingpong=0; private_global=0; IO mode=ap_none:ce=0
Port [ input_features_casted_load_18]:  wired=1; compound=0; hidden=0; nouse=0; global=0; static=0; extern=0; dir=0; type=0; pingpong=0; private_global=0; IO mode=ap_none:ce=0
Port [ input_features_casted_load_19]:  wired=1; compound=0; hidden=0; nouse=0; global=0; static=0; extern=0; dir=0; type=0; pingpong=0; private_global=0; IO mode=ap_none:ce=0
Port [ input_features_casted_load_20]:  wired=1; compound=0; hidden=0; nouse=0; global=0; static=0; extern=0; dir=0; type=0; pingpong=0; private_global=0; IO mode=ap_none:ce=0
Port [ input_features_casted_load_21]:  wired=1; compound=0; hidden=0; nouse=0; global=0; static=0; extern=0; dir=0; type=0; pingpong=0; private_global=0; IO mode=ap_none:ce=0
Port [ input_features_casted_load_22]:  wired=1; compound=0; hidden=0; nouse=0; global=0; static=0; extern=0; dir=0; type=0; pingpong=0; private_global=0; IO mode=ap_none:ce=0
Port [ input_features_casted_load_23]:  wired=1; compound=0; hidden=0; nouse=0; global=0; static=0; extern=0; dir=0; type=0; pingpong=0; private_global=0; IO mode=ap_none:ce=0
Port [ input_features_casted_load_24]:  wired=1; compound=0; hidden=0; nouse=0; global=0; static=0; extern=0; dir=0; type=0; pingpong=0; private_global=0; IO mode=ap_none:ce=0
Port [ input_features_casted_load_25]:  wired=1; compound=0; hidden=0; nouse=0; global=0; static=0; extern=0; dir=0; type=0; pingpong=0; private_global=0; IO mode=ap_none:ce=0
Port [ input_features_casted_load_26]:  wired=1; compound=0; hidden=0; nouse=0; global=0; static=0; extern=0; dir=0; type=0; pingpong=0; private_global=0; IO mode=ap_none:ce=0
Port [ input_features_casted_load_27]:  wired=1; compound=0; hidden=0; nouse=0; global=0; static=0; extern=0; dir=0; type=0; pingpong=0; private_global=0; IO mode=ap_none:ce=0
Port [ input_features_casted_load_28]:  wired=1; compound=0; hidden=0; nouse=0; global=0; static=0; extern=0; dir=0; type=0; pingpong=0; private_global=0; IO mode=ap_none:ce=0
Port [ input_features_casted_load_29]:  wired=1; compound=0; hidden=0; nouse=0; global=0; static=0; extern=0; dir=0; type=0; pingpong=0; private_global=0; IO mode=ap_none:ce=0
Port [ input_features_casted_load_30]:  wired=1; compound=0; hidden=0; nouse=0; global=0; static=0; extern=0; dir=0; type=0; pingpong=0; private_global=0; IO mode=ap_none:ce=0
Port [ input_features_casted_load_31]:  wired=1; compound=0; hidden=0; nouse=0; global=0; static=0; extern=0; dir=0; type=0; pingpong=0; private_global=0; IO mode=ap_none:ce=0
Port [ input_features_casted_load_32]:  wired=1; compound=0; hidden=0; nouse=0; global=0; static=0; extern=0; dir=0; type=0; pingpong=0; private_global=0; IO mode=ap_none:ce=0
Port [ input_features_casted_load_33]:  wired=1; compound=0; hidden=0; nouse=0; global=0; static=0; extern=0; dir=0; type=0; pingpong=0; private_global=0; IO mode=ap_none:ce=0
Port [ input_features_casted_load_34]:  wired=1; compound=0; hidden=0; nouse=0; global=0; static=0; extern=0; dir=0; type=0; pingpong=0; private_global=0; IO mode=ap_none:ce=0
Port [ input_features_casted_load_35]:  wired=1; compound=0; hidden=0; nouse=0; global=0; static=0; extern=0; dir=0; type=0; pingpong=0; private_global=0; IO mode=ap_none:ce=0
Port [ input_features_casted_load_36]:  wired=1; compound=0; hidden=0; nouse=0; global=0; static=0; extern=0; dir=0; type=0; pingpong=0; private_global=0; IO mode=ap_none:ce=0
Port [ input_features_casted_load_37]:  wired=1; compound=0; hidden=0; nouse=0; global=0; static=0; extern=0; dir=0; type=0; pingpong=0; private_global=0; IO mode=ap_none:ce=0
Port [ input_features_casted_load_38]:  wired=1; compound=0; hidden=0; nouse=0; global=0; static=0; extern=0; dir=0; type=0; pingpong=0; private_global=0; IO mode=ap_none:ce=0
Port [ input_features_casted_load_39]:  wired=1; compound=0; hidden=0; nouse=0; global=0; static=0; extern=0; dir=0; type=0; pingpong=0; private_global=0; IO mode=ap_none:ce=0
Port [ input_features_casted_load_40]:  wired=1; compound=0; hidden=0; nouse=0; global=0; static=0; extern=0; dir=0; type=0; pingpong=0; private_global=0; IO mode=ap_none:ce=0
Port [ input_features_casted_load_41]:  wired=1; compound=0; hidden=0; nouse=0; global=0; static=0; extern=0; dir=0; type=0; pingpong=0; private_global=0; IO mode=ap_none:ce=0
Port [ input_features_casted_load_42]:  wired=1; compound=0; hidden=0; nouse=0; global=0; static=0; extern=0; dir=0; type=0; pingpong=0; private_global=0; IO mode=ap_none:ce=0
Port [ input_features_casted_load_43]:  wired=1; compound=0; hidden=0; nouse=0; global=0; static=0; extern=0; dir=0; type=0; pingpong=0; private_global=0; IO mode=ap_none:ce=0
Port [ input_features_casted_load_44]:  wired=1; compound=0; hidden=0; nouse=0; global=0; static=0; extern=0; dir=0; type=0; pingpong=0; private_global=0; IO mode=ap_none:ce=0
Port [ input_features_casted_load_45]:  wired=1; compound=0; hidden=0; nouse=0; global=0; static=0; extern=0; dir=0; type=0; pingpong=0; private_global=0; IO mode=ap_none:ce=0
Port [ input_features_casted_load_46]:  wired=1; compound=0; hidden=0; nouse=0; global=0; static=0; extern=0; dir=0; type=0; pingpong=0; private_global=0; IO mode=ap_none:ce=0
Port [ input_features_casted_load_47]:  wired=1; compound=0; hidden=0; nouse=0; global=0; static=0; extern=0; dir=0; type=0; pingpong=0; private_global=0; IO mode=ap_none:ce=0
Port [ weights_1_0]:  wired=0; compound=1; hidden=1; nouse=0; global=1; static=1; extern=0; dir=0; type=1; pingpong=0; private_global=1; MemPort=[1]; IO mode=ap_memory:ce=0
Port [ weights_1_1]:  wired=0; compound=1; hidden=1; nouse=0; global=1; static=1; extern=0; dir=0; type=1; pingpong=0; private_global=1; MemPort=[1]; IO mode=ap_memory:ce=0
Port [ weights_1_2]:  wired=0; compound=1; hidden=1; nouse=0; global=1; static=1; extern=0; dir=0; type=1; pingpong=0; private_global=1; MemPort=[1]; IO mode=ap_memory:ce=0
Port [ weights_1_3]:  wired=0; compound=1; hidden=1; nouse=0; global=1; static=1; extern=0; dir=0; type=1; pingpong=0; private_global=1; MemPort=[1]; IO mode=ap_memory:ce=0
Port [ weights_1_4]:  wired=0; compound=1; hidden=1; nouse=0; global=1; static=1; extern=0; dir=0; type=1; pingpong=0; private_global=1; MemPort=[1]; IO mode=ap_memory:ce=0
Port [ weights_1_5]:  wired=0; compound=1; hidden=1; nouse=0; global=1; static=1; extern=0; dir=0; type=1; pingpong=0; private_global=1; MemPort=[1]; IO mode=ap_memory:ce=0
Port [ weights_1_6]:  wired=0; compound=1; hidden=1; nouse=0; global=1; static=1; extern=0; dir=0; type=1; pingpong=0; private_global=1; MemPort=[1]; IO mode=ap_memory:ce=0
Port [ weights_1_7]:  wired=0; compound=1; hidden=1; nouse=0; global=1; static=1; extern=0; dir=0; type=1; pingpong=0; private_global=1; MemPort=[1]; IO mode=ap_memory:ce=0
Port [ weights_1_8]:  wired=0; compound=1; hidden=1; nouse=0; global=1; static=1; extern=0; dir=0; type=1; pingpong=0; private_global=1; MemPort=[1]; IO mode=ap_memory:ce=0
Port [ weights_1_9]:  wired=0; compound=1; hidden=1; nouse=0; global=1; static=1; extern=0; dir=0; type=1; pingpong=0; private_global=1; MemPort=[1]; IO mode=ap_memory:ce=0
Port [ weights_1_10]:  wired=0; compound=1; hidden=1; nouse=0; global=1; static=1; extern=0; dir=0; type=1; pingpong=0; private_global=1; MemPort=[1]; IO mode=ap_memory:ce=0
Port [ weights_1_11]:  wired=0; compound=1; hidden=1; nouse=0; global=1; static=1; extern=0; dir=0; type=1; pingpong=0; private_global=1; MemPort=[1]; IO mode=ap_memory:ce=0
Port [ weights_1_12]:  wired=0; compound=1; hidden=1; nouse=0; global=1; static=1; extern=0; dir=0; type=1; pingpong=0; private_global=1; MemPort=[1]; IO mode=ap_memory:ce=0
Port [ weights_1_13]:  wired=0; compound=1; hidden=1; nouse=0; global=1; static=1; extern=0; dir=0; type=1; pingpong=0; private_global=1; MemPort=[1]; IO mode=ap_memory:ce=0
Port [ weights_1_14]:  wired=0; compound=1; hidden=1; nouse=0; global=1; static=1; extern=0; dir=0; type=1; pingpong=0; private_global=1; MemPort=[1]; IO mode=ap_memory:ce=0
Port [ weights_1_15]:  wired=0; compound=1; hidden=1; nouse=0; global=1; static=1; extern=0; dir=0; type=1; pingpong=0; private_global=1; MemPort=[1]; IO mode=ap_memory:ce=0
Port [ weights_1_16]:  wired=0; compound=1; hidden=1; nouse=0; global=1; static=1; extern=0; dir=0; type=1; pingpong=0; private_global=1; MemPort=[1]; IO mode=ap_memory:ce=0
Port [ weights_1_17]:  wired=0; compound=1; hidden=1; nouse=0; global=1; static=1; extern=0; dir=0; type=1; pingpong=0; private_global=1; MemPort=[1]; IO mode=ap_memory:ce=0
Port [ weights_1_18]:  wired=0; compound=1; hidden=1; nouse=0; global=1; static=1; extern=0; dir=0; type=1; pingpong=0; private_global=1; MemPort=[1]; IO mode=ap_memory:ce=0
Port [ weights_1_19]:  wired=0; compound=1; hidden=1; nouse=0; global=1; static=1; extern=0; dir=0; type=1; pingpong=0; private_global=1; MemPort=[1]; IO mode=ap_memory:ce=0
Port [ weights_1_20]:  wired=0; compound=1; hidden=1; nouse=0; global=1; static=1; extern=0; dir=0; type=1; pingpong=0; private_global=1; MemPort=[1]; IO mode=ap_memory:ce=0
Port [ weights_1_21]:  wired=0; compound=1; hidden=1; nouse=0; global=1; static=1; extern=0; dir=0; type=1; pingpong=0; private_global=1; MemPort=[1]; IO mode=ap_memory:ce=0
Port [ weights_1_22]:  wired=0; compound=1; hidden=1; nouse=0; global=1; static=1; extern=0; dir=0; type=1; pingpong=0; private_global=1; MemPort=[1]; IO mode=ap_memory:ce=0
Port [ weights_1_23]:  wired=0; compound=1; hidden=1; nouse=0; global=1; static=1; extern=0; dir=0; type=1; pingpong=0; private_global=1; MemPort=[1]; IO mode=ap_memory:ce=0
Port [ weights_1_24]:  wired=0; compound=1; hidden=1; nouse=0; global=1; static=1; extern=0; dir=0; type=1; pingpong=0; private_global=1; MemPort=[1]; IO mode=ap_memory:ce=0
Port [ weights_1_25]:  wired=0; compound=1; hidden=1; nouse=0; global=1; static=1; extern=0; dir=0; type=1; pingpong=0; private_global=1; MemPort=[1]; IO mode=ap_memory:ce=0
Port [ weights_1_26]:  wired=0; compound=1; hidden=1; nouse=0; global=1; static=1; extern=0; dir=0; type=1; pingpong=0; private_global=1; MemPort=[1]; IO mode=ap_memory:ce=0
Port [ weights_1_27]:  wired=0; compound=1; hidden=1; nouse=0; global=1; static=1; extern=0; dir=0; type=1; pingpong=0; private_global=1; MemPort=[1]; IO mode=ap_memory:ce=0
Port [ weights_1_28]:  wired=0; compound=1; hidden=1; nouse=0; global=1; static=1; extern=0; dir=0; type=1; pingpong=0; private_global=1; MemPort=[1]; IO mode=ap_memory:ce=0
Port [ weights_1_29]:  wired=0; compound=1; hidden=1; nouse=0; global=1; static=1; extern=0; dir=0; type=1; pingpong=0; private_global=1; MemPort=[1]; IO mode=ap_memory:ce=0
Port [ weights_1_30]:  wired=0; compound=1; hidden=1; nouse=0; global=1; static=1; extern=0; dir=0; type=1; pingpong=0; private_global=1; MemPort=[1]; IO mode=ap_memory:ce=0
Port [ weights_1_31]:  wired=0; compound=1; hidden=1; nouse=0; global=1; static=1; extern=0; dir=0; type=1; pingpong=0; private_global=1; MemPort=[1]; IO mode=ap_memory:ce=0
Port [ weights_1_32]:  wired=0; compound=1; hidden=1; nouse=0; global=1; static=1; extern=0; dir=0; type=1; pingpong=0; private_global=1; MemPort=[1]; IO mode=ap_memory:ce=0
Port [ weights_1_33]:  wired=0; compound=1; hidden=1; nouse=0; global=1; static=1; extern=0; dir=0; type=1; pingpong=0; private_global=1; MemPort=[1]; IO mode=ap_memory:ce=0
Port [ weights_1_34]:  wired=0; compound=1; hidden=1; nouse=0; global=1; static=1; extern=0; dir=0; type=1; pingpong=0; private_global=1; MemPort=[1]; IO mode=ap_memory:ce=0
Port [ weights_1_35]:  wired=0; compound=1; hidden=1; nouse=0; global=1; static=1; extern=0; dir=0; type=1; pingpong=0; private_global=1; MemPort=[1]; IO mode=ap_memory:ce=0
Port [ weights_1_36]:  wired=0; compound=1; hidden=1; nouse=0; global=1; static=1; extern=0; dir=0; type=1; pingpong=0; private_global=1; MemPort=[1]; IO mode=ap_memory:ce=0
Port [ weights_1_37]:  wired=0; compound=1; hidden=1; nouse=0; global=1; static=1; extern=0; dir=0; type=1; pingpong=0; private_global=1; MemPort=[1]; IO mode=ap_memory:ce=0
Port [ weights_1_38]:  wired=0; compound=1; hidden=1; nouse=0; global=1; static=1; extern=0; dir=0; type=1; pingpong=0; private_global=1; MemPort=[1]; IO mode=ap_memory:ce=0
Port [ weights_1_39]:  wired=0; compound=1; hidden=1; nouse=0; global=1; static=1; extern=0; dir=0; type=1; pingpong=0; private_global=1; MemPort=[1]; IO mode=ap_memory:ce=0
Port [ weights_1_40]:  wired=0; compound=1; hidden=1; nouse=0; global=1; static=1; extern=0; dir=0; type=1; pingpong=0; private_global=1; MemPort=[1]; IO mode=ap_memory:ce=0
Port [ weights_1_41]:  wired=0; compound=1; hidden=1; nouse=0; global=1; static=1; extern=0; dir=0; type=1; pingpong=0; private_global=1; MemPort=[1]; IO mode=ap_memory:ce=0
Port [ weights_1_42]:  wired=0; compound=1; hidden=1; nouse=0; global=1; static=1; extern=0; dir=0; type=1; pingpong=0; private_global=1; MemPort=[1]; IO mode=ap_memory:ce=0
Port [ weights_1_43]:  wired=0; compound=1; hidden=1; nouse=0; global=1; static=1; extern=0; dir=0; type=1; pingpong=0; private_global=1; MemPort=[1]; IO mode=ap_memory:ce=0
Port [ weights_1_44]:  wired=0; compound=1; hidden=1; nouse=0; global=1; static=1; extern=0; dir=0; type=1; pingpong=0; private_global=1; MemPort=[1]; IO mode=ap_memory:ce=0
Port [ weights_1_45]:  wired=0; compound=1; hidden=1; nouse=0; global=1; static=1; extern=0; dir=0; type=1; pingpong=0; private_global=1; MemPort=[1]; IO mode=ap_memory:ce=0
Port [ weights_1_46]:  wired=0; compound=1; hidden=1; nouse=0; global=1; static=1; extern=0; dir=0; type=1; pingpong=0; private_global=1; MemPort=[1]; IO mode=ap_memory:ce=0
Port [ weights_1_47]:  wired=0; compound=1; hidden=1; nouse=0; global=1; static=1; extern=0; dir=0; type=1; pingpong=0; private_global=1; MemPort=[1]; IO mode=ap_memory:ce=0
Port [ hidden_bias_1]:  wired=0; compound=1; hidden=1; nouse=0; global=1; static=1; extern=0; dir=0; type=1; pingpong=0; private_global=1; MemPort=[1]; IO mode=ap_memory:ce=0
---------------- STG Properties END ------------------

---------------- Datapath Model BEGIN ----------------

<LifeTime>
<method=bitvector/>
i_1                                (alloca           ) [ 010000000000000000000000000000000000000000000000000000000000000000000000000000000000000000000000000000000000000000000000000000000000000000000000000000000000000000000000000000000000000000000000000000000000]
input_features_casted_load_47_read (read             ) [ 011111111111111111111111111111111111111111111111111111111111111111111111111111111111111111111111111111111111111111111111111111111111111111111111111111111111111111111111111111111111111111111111110000000000]
input_features_casted_load_46_read (read             ) [ 011111111111111111111111111111111111111111111111111111111111111111111111111111111111111111111111111111111111111111111111111111111111111111111111111111111111111111111111111111111111111111111100000000000000]
input_features_casted_load_45_read (read             ) [ 011111111111111111111111111111111111111111111111111111111111111111111111111111111111111111111111111111111111111111111111111111111111111111111111111111111111111111111111111111111111111111000000000000000000]
input_features_casted_load_44_read (read             ) [ 011111111111111111111111111111111111111111111111111111111111111111111111111111111111111111111111111111111111111111111111111111111111111111111111111111111111111111111111111111111111110000000000000000000000]
input_features_casted_load_43_read (read             ) [ 011111111111111111111111111111111111111111111111111111111111111111111111111111111111111111111111111111111111111111111111111111111111111111111111111111111111111111111111111111111100000000000000000000000000]
input_features_casted_load_42_read (read             ) [ 011111111111111111111111111111111111111111111111111111111111111111111111111111111111111111111111111111111111111111111111111111111111111111111111111111111111111111111111111111000000000000000000000000000000]
input_features_casted_load_41_read (read             ) [ 011111111111111111111111111111111111111111111111111111111111111111111111111111111111111111111111111111111111111111111111111111111111111111111111111111111111111111111111110000000000000000000000000000000000]
input_features_casted_load_40_read (read             ) [ 011111111111111111111111111111111111111111111111111111111111111111111111111111111111111111111111111111111111111111111111111111111111111111111111111111111111111111111100000000000000000000000000000000000000]
input_features_casted_load_39_read (read             ) [ 011111111111111111111111111111111111111111111111111111111111111111111111111111111111111111111111111111111111111111111111111111111111111111111111111111111111111111000000000000000000000000000000000000000000]
input_features_casted_load_38_read (read             ) [ 011111111111111111111111111111111111111111111111111111111111111111111111111111111111111111111111111111111111111111111111111111111111111111111111111111111111110000000000000000000000000000000000000000000000]
input_features_casted_load_37_read (read             ) [ 011111111111111111111111111111111111111111111111111111111111111111111111111111111111111111111111111111111111111111111111111111111111111111111111111111111100000000000000000000000000000000000000000000000000]
input_features_casted_load_36_read (read             ) [ 011111111111111111111111111111111111111111111111111111111111111111111111111111111111111111111111111111111111111111111111111111111111111111111111111111000000000000000000000000000000000000000000000000000000]
input_features_casted_load_35_read (read             ) [ 011111111111111111111111111111111111111111111111111111111111111111111111111111111111111111111111111111111111111111111111111111111111111111111111110000000000000000000000000000000000000000000000000000000000]
input_features_casted_load_34_read (read             ) [ 011111111111111111111111111111111111111111111111111111111111111111111111111111111111111111111111111111111111111111111111111111111111111111111100000000000000000000000000000000000000000000000000000000000000]
input_features_casted_load_33_read (read             ) [ 011111111111111111111111111111111111111111111111111111111111111111111111111111111111111111111111111111111111111111111111111111111111111111000000000000000000000000000000000000000000000000000000000000000000]
input_features_casted_load_32_read (read             ) [ 011111111111111111111111111111111111111111111111111111111111111111111111111111111111111111111111111111111111111111111111111111111111110000000000000000000000000000000000000000000000000000000000000000000000]
input_features_casted_load_31_read (read             ) [ 011111111111111111111111111111111111111111111111111111111111111111111111111111111111111111111111111111111111111111111111111111111100000000000000000000000000000000000000000000000000000000000000000000000000]
input_features_casted_load_30_read (read             ) [ 011111111111111111111111111111111111111111111111111111111111111111111111111111111111111111111111111111111111111111111111111111000000000000000000000000000000000000000000000000000000000000000000000000000000]
input_features_casted_load_29_read (read             ) [ 011111111111111111111111111111111111111111111111111111111111111111111111111111111111111111111111111111111111111111111111110000000000000000000000000000000000000000000000000000000000000000000000000000000000]
input_features_casted_load_28_read (read             ) [ 011111111111111111111111111111111111111111111111111111111111111111111111111111111111111111111111111111111111111111111100000000000000000000000000000000000000000000000000000000000000000000000000000000000000]
input_features_casted_load_27_read (read             ) [ 011111111111111111111111111111111111111111111111111111111111111111111111111111111111111111111111111111111111111111000000000000000000000000000000000000000000000000000000000000000000000000000000000000000000]
input_features_casted_load_26_read (read             ) [ 011111111111111111111111111111111111111111111111111111111111111111111111111111111111111111111111111111111111110000000000000000000000000000000000000000000000000000000000000000000000000000000000000000000000]
input_features_casted_load_25_read (read             ) [ 011111111111111111111111111111111111111111111111111111111111111111111111111111111111111111111111111111111100000000000000000000000000000000000000000000000000000000000000000000000000000000000000000000000000]
input_features_casted_load_24_read (read             ) [ 011111111111111111111111111111111111111111111111111111111111111111111111111111111111111111111111111111000000000000000000000000000000000000000000000000000000000000000000000000000000000000000000000000000000]
input_features_casted_load_23_read (read             ) [ 011111111111111111111111111111111111111111111111111111111111111111111111111111111111111111111111110000000000000000000000000000000000000000000000000000000000000000000000000000000000000000000000000000000000]
input_features_casted_load_22_read (read             ) [ 011111111111111111111111111111111111111111111111111111111111111111111111111111111111111111111100000000000000000000000000000000000000000000000000000000000000000000000000000000000000000000000000000000000000]
input_features_casted_load_21_read (read             ) [ 011111111111111111111111111111111111111111111111111111111111111111111111111111111111111111000000000000000000000000000000000000000000000000000000000000000000000000000000000000000000000000000000000000000000]
input_features_casted_load_20_read (read             ) [ 011111111111111111111111111111111111111111111111111111111111111111111111111111111111110000000000000000000000000000000000000000000000000000000000000000000000000000000000000000000000000000000000000000000000]
input_features_casted_load_19_read (read             ) [ 011111111111111111111111111111111111111111111111111111111111111111111111111111111100000000000000000000000000000000000000000000000000000000000000000000000000000000000000000000000000000000000000000000000000]
input_features_casted_load_18_read (read             ) [ 011111111111111111111111111111111111111111111111111111111111111111111111111111000000000000000000000000000000000000000000000000000000000000000000000000000000000000000000000000000000000000000000000000000000]
input_features_casted_load_17_read (read             ) [ 011111111111111111111111111111111111111111111111111111111111111111111111110000000000000000000000000000000000000000000000000000000000000000000000000000000000000000000000000000000000000000000000000000000000]
input_features_casted_load_16_read (read             ) [ 011111111111111111111111111111111111111111111111111111111111111111111100000000000000000000000000000000000000000000000000000000000000000000000000000000000000000000000000000000000000000000000000000000000000]
input_features_casted_load_15_read (read             ) [ 011111111111111111111111111111111111111111111111111111111111111111000000000000000000000000000000000000000000000000000000000000000000000000000000000000000000000000000000000000000000000000000000000000000000]
input_features_casted_load_14_read (read             ) [ 011111111111111111111111111111111111111111111111111111111111110000000000000000000000000000000000000000000000000000000000000000000000000000000000000000000000000000000000000000000000000000000000000000000000]
input_features_casted_load_13_read (read             ) [ 011111111111111111111111111111111111111111111111111111111100000000000000000000000000000000000000000000000000000000000000000000000000000000000000000000000000000000000000000000000000000000000000000000000000]
input_features_casted_load_12_read (read             ) [ 011111111111111111111111111111111111111111111111111111000000000000000000000000000000000000000000000000000000000000000000000000000000000000000000000000000000000000000000000000000000000000000000000000000000]
input_features_casted_load_11_read (read             ) [ 011111111111111111111111111111111111111111111111110000000000000000000000000000000000000000000000000000000000000000000000000000000000000000000000000000000000000000000000000000000000000000000000000000000000]
input_features_casted_load_10_read (read             ) [ 011111111111111111111111111111111111111111111100000000000000000000000000000000000000000000000000000000000000000000000000000000000000000000000000000000000000000000000000000000000000000000000000000000000000]
input_features_casted_load_9_read  (read             ) [ 011111111111111111111111111111111111111111000000000000000000000000000000000000000000000000000000000000000000000000000000000000000000000000000000000000000000000000000000000000000000000000000000000000000000]
input_features_casted_load_8_read  (read             ) [ 011111111111111111111111111111111111110000000000000000000000000000000000000000000000000000000000000000000000000000000000000000000000000000000000000000000000000000000000000000000000000000000000000000000000]
input_features_casted_load_7_read  (read             ) [ 011111111111111111111111111111111100000000000000000000000000000000000000000000000000000000000000000000000000000000000000000000000000000000000000000000000000000000000000000000000000000000000000000000000000]
input_features_casted_load_6_read  (read             ) [ 011111111111111111111111111111000000000000000000000000000000000000000000000000000000000000000000000000000000000000000000000000000000000000000000000000000000000000000000000000000000000000000000000000000000]
input_features_casted_load_5_read  (read             ) [ 011111111111111111111111110000000000000000000000000000000000000000000000000000000000000000000000000000000000000000000000000000000000000000000000000000000000000000000000000000000000000000000000000000000000]
input_features_casted_load_4_read  (read             ) [ 011111111111111111111100000000000000000000000000000000000000000000000000000000000000000000000000000000000000000000000000000000000000000000000000000000000000000000000000000000000000000000000000000000000000]
input_features_casted_load_3_read  (read             ) [ 011111111111111111000000000000000000000000000000000000000000000000000000000000000000000000000000000000000000000000000000000000000000000000000000000000000000000000000000000000000000000000000000000000000000]
input_features_casted_load_2_read  (read             ) [ 011111111111110000000000000000000000000000000000000000000000000000000000000000000000000000000000000000000000000000000000000000000000000000000000000000000000000000000000000000000000000000000000000000000000]
input_features_casted_load_1_read  (read             ) [ 011111111100000000000000000000000000000000000000000000000000000000000000000000000000000000000000000000000000000000000000000000000000000000000000000000000000000000000000000000000000000000000000000000000000]
input_features_casted_load_read    (read             ) [ 011111000000000000000000000000000000000000000000000000000000000000000000000000000000000000000000000000000000000000000000000000000000000000000000000000000000000000000000000000000000000000000000000000000000]
store_ln0                          (store            ) [ 000000000000000000000000000000000000000000000000000000000000000000000000000000000000000000000000000000000000000000000000000000000000000000000000000000000000000000000000000000000000000000000000000000000000]
br_ln0                             (br               ) [ 000000000000000000000000000000000000000000000000000000000000000000000000000000000000000000000000000000000000000000000000000000000000000000000000000000000000000000000000000000000000000000000000000000000000]
i                                  (load             ) [ 000000000000000000000000000000000000000000000000000000000000000000000000000000000000000000000000000000000000000000000000000000000000000000000000000000000000000000000000000000000000000000000000000000000000]
specpipeline_ln0                   (specpipeline     ) [ 000000000000000000000000000000000000000000000000000000000000000000000000000000000000000000000000000000000000000000000000000000000000000000000000000000000000000000000000000000000000000000000000000000000000]
icmp_ln77                          (icmp             ) [ 011111111111111111111111111111111111111111111111111111111111111111111111111111111111111111111111111111111111111111111111111111111111111111111111111111111111111111111111111111111111111111111111111111111110]
empty                              (speclooptripcount) [ 000000000000000000000000000000000000000000000000000000000000000000000000000000000000000000000000000000000000000000000000000000000000000000000000000000000000000000000000000000000000000000000000000000000000]
add_ln77                           (add              ) [ 000000000000000000000000000000000000000000000000000000000000000000000000000000000000000000000000000000000000000000000000000000000000000000000000000000000000000000000000000000000000000000000000000000000000]
br_ln77                            (br               ) [ 000000000000000000000000000000000000000000000000000000000000000000000000000000000000000000000000000000000000000000000000000000000000000000000000000000000000000000000000000000000000000000000000000000000000]
i_1_cast                           (zext             ) [ 011111111111111111111111111111111111111111111111111111111111111111111111111111111111111111111111111111111111111111111111111111111111111111111111111111111111111111111111111111111111111111111111111111111111]
weights_1_0_addr                   (getelementptr    ) [ 011000000000000000000000000000000000000000000000000000000000000000000000000000000000000000000000000000000000000000000000000000000000000000000000000000000000000000000000000000000000000000000000000000000000]
store_ln77                         (store            ) [ 000000000000000000000000000000000000000000000000000000000000000000000000000000000000000000000000000000000000000000000000000000000000000000000000000000000000000000000000000000000000000000000000000000000000]
weights_1_0_load                   (load             ) [ 010111000000000000000000000000000000000000000000000000000000000000000000000000000000000000000000000000000000000000000000000000000000000000000000000000000000000000000000000000000000000000000000000000000000]
mul                                (fmul             ) [ 010000111100000000000000000000000000000000000000000000000000000000000000000000000000000000000000000000000000000000000000000000000000000000000000000000000000000000000000000000000000000000000000000000000000]
weights_1_1_addr                   (getelementptr    ) [ 010000100000000000000000000000000000000000000000000000000000000000000000000000000000000000000000000000000000000000000000000000000000000000000000000000000000000000000000000000000000000000000000000000000000]
weights_1_1_load                   (load             ) [ 010000011100000000000000000000000000000000000000000000000000000000000000000000000000000000000000000000000000000000000000000000000000000000000000000000000000000000000000000000000000000000000000000000000000]
add1                               (fadd             ) [ 010000000011110000000000000000000000000000000000000000000000000000000000000000000000000000000000000000000000000000000000000000000000000000000000000000000000000000000000000000000000000000000000000000000000]
mul_1                              (fmul             ) [ 010000000011110000000000000000000000000000000000000000000000000000000000000000000000000000000000000000000000000000000000000000000000000000000000000000000000000000000000000000000000000000000000000000000000]
weights_1_2_addr                   (getelementptr    ) [ 010000000010000000000000000000000000000000000000000000000000000000000000000000000000000000000000000000000000000000000000000000000000000000000000000000000000000000000000000000000000000000000000000000000000]
weights_1_2_load                   (load             ) [ 010000000001110000000000000000000000000000000000000000000000000000000000000000000000000000000000000000000000000000000000000000000000000000000000000000000000000000000000000000000000000000000000000000000000]
add1_1                             (fadd             ) [ 010000000000001111000000000000000000000000000000000000000000000000000000000000000000000000000000000000000000000000000000000000000000000000000000000000000000000000000000000000000000000000000000000000000000]
mul_2                              (fmul             ) [ 010000000000001111000000000000000000000000000000000000000000000000000000000000000000000000000000000000000000000000000000000000000000000000000000000000000000000000000000000000000000000000000000000000000000]
weights_1_3_addr                   (getelementptr    ) [ 010000000000001000000000000000000000000000000000000000000000000000000000000000000000000000000000000000000000000000000000000000000000000000000000000000000000000000000000000000000000000000000000000000000000]
weights_1_3_load                   (load             ) [ 010000000000000111000000000000000000000000000000000000000000000000000000000000000000000000000000000000000000000000000000000000000000000000000000000000000000000000000000000000000000000000000000000000000000]
add1_2                             (fadd             ) [ 010000000000000000111100000000000000000000000000000000000000000000000000000000000000000000000000000000000000000000000000000000000000000000000000000000000000000000000000000000000000000000000000000000000000]
mul_3                              (fmul             ) [ 010000000000000000111100000000000000000000000000000000000000000000000000000000000000000000000000000000000000000000000000000000000000000000000000000000000000000000000000000000000000000000000000000000000000]
weights_1_4_addr                   (getelementptr    ) [ 010000000000000000100000000000000000000000000000000000000000000000000000000000000000000000000000000000000000000000000000000000000000000000000000000000000000000000000000000000000000000000000000000000000000]
weights_1_4_load                   (load             ) [ 010000000000000000011100000000000000000000000000000000000000000000000000000000000000000000000000000000000000000000000000000000000000000000000000000000000000000000000000000000000000000000000000000000000000]
add1_3                             (fadd             ) [ 010000000000000000000011110000000000000000000000000000000000000000000000000000000000000000000000000000000000000000000000000000000000000000000000000000000000000000000000000000000000000000000000000000000000]
mul_4                              (fmul             ) [ 010000000000000000000011110000000000000000000000000000000000000000000000000000000000000000000000000000000000000000000000000000000000000000000000000000000000000000000000000000000000000000000000000000000000]
weights_1_5_addr                   (getelementptr    ) [ 010000000000000000000010000000000000000000000000000000000000000000000000000000000000000000000000000000000000000000000000000000000000000000000000000000000000000000000000000000000000000000000000000000000000]
weights_1_5_load                   (load             ) [ 010000000000000000000001110000000000000000000000000000000000000000000000000000000000000000000000000000000000000000000000000000000000000000000000000000000000000000000000000000000000000000000000000000000000]
add1_4                             (fadd             ) [ 010000000000000000000000001111000000000000000000000000000000000000000000000000000000000000000000000000000000000000000000000000000000000000000000000000000000000000000000000000000000000000000000000000000000]
mul_5                              (fmul             ) [ 010000000000000000000000001111000000000000000000000000000000000000000000000000000000000000000000000000000000000000000000000000000000000000000000000000000000000000000000000000000000000000000000000000000000]
weights_1_6_addr                   (getelementptr    ) [ 010000000000000000000000001000000000000000000000000000000000000000000000000000000000000000000000000000000000000000000000000000000000000000000000000000000000000000000000000000000000000000000000000000000000]
weights_1_6_load                   (load             ) [ 010000000000000000000000000111000000000000000000000000000000000000000000000000000000000000000000000000000000000000000000000000000000000000000000000000000000000000000000000000000000000000000000000000000000]
add1_5                             (fadd             ) [ 010000000000000000000000000000111100000000000000000000000000000000000000000000000000000000000000000000000000000000000000000000000000000000000000000000000000000000000000000000000000000000000000000000000000]
mul_6                              (fmul             ) [ 010000000000000000000000000000111100000000000000000000000000000000000000000000000000000000000000000000000000000000000000000000000000000000000000000000000000000000000000000000000000000000000000000000000000]
weights_1_7_addr                   (getelementptr    ) [ 010000000000000000000000000000100000000000000000000000000000000000000000000000000000000000000000000000000000000000000000000000000000000000000000000000000000000000000000000000000000000000000000000000000000]
weights_1_7_load                   (load             ) [ 010000000000000000000000000000011100000000000000000000000000000000000000000000000000000000000000000000000000000000000000000000000000000000000000000000000000000000000000000000000000000000000000000000000000]
add1_6                             (fadd             ) [ 010000000000000000000000000000000011110000000000000000000000000000000000000000000000000000000000000000000000000000000000000000000000000000000000000000000000000000000000000000000000000000000000000000000000]
mul_7                              (fmul             ) [ 010000000000000000000000000000000011110000000000000000000000000000000000000000000000000000000000000000000000000000000000000000000000000000000000000000000000000000000000000000000000000000000000000000000000]
weights_1_8_addr                   (getelementptr    ) [ 010000000000000000000000000000000010000000000000000000000000000000000000000000000000000000000000000000000000000000000000000000000000000000000000000000000000000000000000000000000000000000000000000000000000]
weights_1_8_load                   (load             ) [ 010000000000000000000000000000000001110000000000000000000000000000000000000000000000000000000000000000000000000000000000000000000000000000000000000000000000000000000000000000000000000000000000000000000000]
add1_7                             (fadd             ) [ 010000000000000000000000000000000000001111000000000000000000000000000000000000000000000000000000000000000000000000000000000000000000000000000000000000000000000000000000000000000000000000000000000000000000]
mul_8                              (fmul             ) [ 010000000000000000000000000000000000001111000000000000000000000000000000000000000000000000000000000000000000000000000000000000000000000000000000000000000000000000000000000000000000000000000000000000000000]
weights_1_9_addr                   (getelementptr    ) [ 010000000000000000000000000000000000001000000000000000000000000000000000000000000000000000000000000000000000000000000000000000000000000000000000000000000000000000000000000000000000000000000000000000000000]
weights_1_9_load                   (load             ) [ 010000000000000000000000000000000000000111000000000000000000000000000000000000000000000000000000000000000000000000000000000000000000000000000000000000000000000000000000000000000000000000000000000000000000]
add1_8                             (fadd             ) [ 010000000000000000000000000000000000000000111100000000000000000000000000000000000000000000000000000000000000000000000000000000000000000000000000000000000000000000000000000000000000000000000000000000000000]
mul_9                              (fmul             ) [ 010000000000000000000000000000000000000000111100000000000000000000000000000000000000000000000000000000000000000000000000000000000000000000000000000000000000000000000000000000000000000000000000000000000000]
weights_1_10_addr                  (getelementptr    ) [ 010000000000000000000000000000000000000000100000000000000000000000000000000000000000000000000000000000000000000000000000000000000000000000000000000000000000000000000000000000000000000000000000000000000000]
weights_1_10_load                  (load             ) [ 010000000000000000000000000000000000000000011100000000000000000000000000000000000000000000000000000000000000000000000000000000000000000000000000000000000000000000000000000000000000000000000000000000000000]
add1_9                             (fadd             ) [ 010000000000000000000000000000000000000000000011110000000000000000000000000000000000000000000000000000000000000000000000000000000000000000000000000000000000000000000000000000000000000000000000000000000000]
mul_s                              (fmul             ) [ 010000000000000000000000000000000000000000000011110000000000000000000000000000000000000000000000000000000000000000000000000000000000000000000000000000000000000000000000000000000000000000000000000000000000]
weights_1_11_addr                  (getelementptr    ) [ 010000000000000000000000000000000000000000000010000000000000000000000000000000000000000000000000000000000000000000000000000000000000000000000000000000000000000000000000000000000000000000000000000000000000]
weights_1_11_load                  (load             ) [ 010000000000000000000000000000000000000000000001110000000000000000000000000000000000000000000000000000000000000000000000000000000000000000000000000000000000000000000000000000000000000000000000000000000000]
add1_s                             (fadd             ) [ 010000000000000000000000000000000000000000000000001111000000000000000000000000000000000000000000000000000000000000000000000000000000000000000000000000000000000000000000000000000000000000000000000000000000]
mul_10                             (fmul             ) [ 010000000000000000000000000000000000000000000000001111000000000000000000000000000000000000000000000000000000000000000000000000000000000000000000000000000000000000000000000000000000000000000000000000000000]
weights_1_12_addr                  (getelementptr    ) [ 010000000000000000000000000000000000000000000000001000000000000000000000000000000000000000000000000000000000000000000000000000000000000000000000000000000000000000000000000000000000000000000000000000000000]
weights_1_12_load                  (load             ) [ 010000000000000000000000000000000000000000000000000111000000000000000000000000000000000000000000000000000000000000000000000000000000000000000000000000000000000000000000000000000000000000000000000000000000]
add1_10                            (fadd             ) [ 010000000000000000000000000000000000000000000000000000111100000000000000000000000000000000000000000000000000000000000000000000000000000000000000000000000000000000000000000000000000000000000000000000000000]
mul_11                             (fmul             ) [ 010000000000000000000000000000000000000000000000000000111100000000000000000000000000000000000000000000000000000000000000000000000000000000000000000000000000000000000000000000000000000000000000000000000000]
weights_1_13_addr                  (getelementptr    ) [ 010000000000000000000000000000000000000000000000000000100000000000000000000000000000000000000000000000000000000000000000000000000000000000000000000000000000000000000000000000000000000000000000000000000000]
weights_1_13_load                  (load             ) [ 010000000000000000000000000000000000000000000000000000011100000000000000000000000000000000000000000000000000000000000000000000000000000000000000000000000000000000000000000000000000000000000000000000000000]
add1_11                            (fadd             ) [ 010000000000000000000000000000000000000000000000000000000011110000000000000000000000000000000000000000000000000000000000000000000000000000000000000000000000000000000000000000000000000000000000000000000000]
mul_12                             (fmul             ) [ 010000000000000000000000000000000000000000000000000000000011110000000000000000000000000000000000000000000000000000000000000000000000000000000000000000000000000000000000000000000000000000000000000000000000]
weights_1_14_addr                  (getelementptr    ) [ 010000000000000000000000000000000000000000000000000000000010000000000000000000000000000000000000000000000000000000000000000000000000000000000000000000000000000000000000000000000000000000000000000000000000]
weights_1_14_load                  (load             ) [ 010000000000000000000000000000000000000000000000000000000001110000000000000000000000000000000000000000000000000000000000000000000000000000000000000000000000000000000000000000000000000000000000000000000000]
add1_12                            (fadd             ) [ 010000000000000000000000000000000000000000000000000000000000001111000000000000000000000000000000000000000000000000000000000000000000000000000000000000000000000000000000000000000000000000000000000000000000]
mul_13                             (fmul             ) [ 010000000000000000000000000000000000000000000000000000000000001111000000000000000000000000000000000000000000000000000000000000000000000000000000000000000000000000000000000000000000000000000000000000000000]
weights_1_15_addr                  (getelementptr    ) [ 010000000000000000000000000000000000000000000000000000000000001000000000000000000000000000000000000000000000000000000000000000000000000000000000000000000000000000000000000000000000000000000000000000000000]
weights_1_15_load                  (load             ) [ 010000000000000000000000000000000000000000000000000000000000000111000000000000000000000000000000000000000000000000000000000000000000000000000000000000000000000000000000000000000000000000000000000000000000]
add1_13                            (fadd             ) [ 010000000000000000000000000000000000000000000000000000000000000000111100000000000000000000000000000000000000000000000000000000000000000000000000000000000000000000000000000000000000000000000000000000000000]
mul_14                             (fmul             ) [ 010000000000000000000000000000000000000000000000000000000000000000111100000000000000000000000000000000000000000000000000000000000000000000000000000000000000000000000000000000000000000000000000000000000000]
weights_1_16_addr                  (getelementptr    ) [ 010000000000000000000000000000000000000000000000000000000000000000100000000000000000000000000000000000000000000000000000000000000000000000000000000000000000000000000000000000000000000000000000000000000000]
weights_1_16_load                  (load             ) [ 010000000000000000000000000000000000000000000000000000000000000000011100000000000000000000000000000000000000000000000000000000000000000000000000000000000000000000000000000000000000000000000000000000000000]
add1_14                            (fadd             ) [ 010000000000000000000000000000000000000000000000000000000000000000000011110000000000000000000000000000000000000000000000000000000000000000000000000000000000000000000000000000000000000000000000000000000000]
mul_15                             (fmul             ) [ 010000000000000000000000000000000000000000000000000000000000000000000011110000000000000000000000000000000000000000000000000000000000000000000000000000000000000000000000000000000000000000000000000000000000]
weights_1_17_addr                  (getelementptr    ) [ 010000000000000000000000000000000000000000000000000000000000000000000010000000000000000000000000000000000000000000000000000000000000000000000000000000000000000000000000000000000000000000000000000000000000]
weights_1_17_load                  (load             ) [ 010000000000000000000000000000000000000000000000000000000000000000000001110000000000000000000000000000000000000000000000000000000000000000000000000000000000000000000000000000000000000000000000000000000000]
add1_15                            (fadd             ) [ 010000000000000000000000000000000000000000000000000000000000000000000000001111000000000000000000000000000000000000000000000000000000000000000000000000000000000000000000000000000000000000000000000000000000]
mul_16                             (fmul             ) [ 010000000000000000000000000000000000000000000000000000000000000000000000001111000000000000000000000000000000000000000000000000000000000000000000000000000000000000000000000000000000000000000000000000000000]
weights_1_18_addr                  (getelementptr    ) [ 010000000000000000000000000000000000000000000000000000000000000000000000001000000000000000000000000000000000000000000000000000000000000000000000000000000000000000000000000000000000000000000000000000000000]
weights_1_18_load                  (load             ) [ 010000000000000000000000000000000000000000000000000000000000000000000000000111000000000000000000000000000000000000000000000000000000000000000000000000000000000000000000000000000000000000000000000000000000]
add1_16                            (fadd             ) [ 010000000000000000000000000000000000000000000000000000000000000000000000000000111100000000000000000000000000000000000000000000000000000000000000000000000000000000000000000000000000000000000000000000000000]
mul_17                             (fmul             ) [ 010000000000000000000000000000000000000000000000000000000000000000000000000000111100000000000000000000000000000000000000000000000000000000000000000000000000000000000000000000000000000000000000000000000000]
weights_1_19_addr                  (getelementptr    ) [ 010000000000000000000000000000000000000000000000000000000000000000000000000000100000000000000000000000000000000000000000000000000000000000000000000000000000000000000000000000000000000000000000000000000000]
weights_1_19_load                  (load             ) [ 010000000000000000000000000000000000000000000000000000000000000000000000000000011100000000000000000000000000000000000000000000000000000000000000000000000000000000000000000000000000000000000000000000000000]
add1_17                            (fadd             ) [ 010000000000000000000000000000000000000000000000000000000000000000000000000000000011110000000000000000000000000000000000000000000000000000000000000000000000000000000000000000000000000000000000000000000000]
mul_18                             (fmul             ) [ 010000000000000000000000000000000000000000000000000000000000000000000000000000000011110000000000000000000000000000000000000000000000000000000000000000000000000000000000000000000000000000000000000000000000]
weights_1_20_addr                  (getelementptr    ) [ 010000000000000000000000000000000000000000000000000000000000000000000000000000000010000000000000000000000000000000000000000000000000000000000000000000000000000000000000000000000000000000000000000000000000]
weights_1_20_load                  (load             ) [ 010000000000000000000000000000000000000000000000000000000000000000000000000000000001110000000000000000000000000000000000000000000000000000000000000000000000000000000000000000000000000000000000000000000000]
add1_18                            (fadd             ) [ 010000000000000000000000000000000000000000000000000000000000000000000000000000000000001111000000000000000000000000000000000000000000000000000000000000000000000000000000000000000000000000000000000000000000]
mul_19                             (fmul             ) [ 010000000000000000000000000000000000000000000000000000000000000000000000000000000000001111000000000000000000000000000000000000000000000000000000000000000000000000000000000000000000000000000000000000000000]
weights_1_21_addr                  (getelementptr    ) [ 010000000000000000000000000000000000000000000000000000000000000000000000000000000000001000000000000000000000000000000000000000000000000000000000000000000000000000000000000000000000000000000000000000000000]
weights_1_21_load                  (load             ) [ 010000000000000000000000000000000000000000000000000000000000000000000000000000000000000111000000000000000000000000000000000000000000000000000000000000000000000000000000000000000000000000000000000000000000]
add1_19                            (fadd             ) [ 010000000000000000000000000000000000000000000000000000000000000000000000000000000000000000111100000000000000000000000000000000000000000000000000000000000000000000000000000000000000000000000000000000000000]
mul_20                             (fmul             ) [ 010000000000000000000000000000000000000000000000000000000000000000000000000000000000000000111100000000000000000000000000000000000000000000000000000000000000000000000000000000000000000000000000000000000000]
weights_1_22_addr                  (getelementptr    ) [ 010000000000000000000000000000000000000000000000000000000000000000000000000000000000000000100000000000000000000000000000000000000000000000000000000000000000000000000000000000000000000000000000000000000000]
weights_1_22_load                  (load             ) [ 010000000000000000000000000000000000000000000000000000000000000000000000000000000000000000011100000000000000000000000000000000000000000000000000000000000000000000000000000000000000000000000000000000000000]
add1_20                            (fadd             ) [ 010000000000000000000000000000000000000000000000000000000000000000000000000000000000000000000011110000000000000000000000000000000000000000000000000000000000000000000000000000000000000000000000000000000000]
mul_21                             (fmul             ) [ 010000000000000000000000000000000000000000000000000000000000000000000000000000000000000000000011110000000000000000000000000000000000000000000000000000000000000000000000000000000000000000000000000000000000]
weights_1_23_addr                  (getelementptr    ) [ 010000000000000000000000000000000000000000000000000000000000000000000000000000000000000000000010000000000000000000000000000000000000000000000000000000000000000000000000000000000000000000000000000000000000]
weights_1_23_load                  (load             ) [ 010000000000000000000000000000000000000000000000000000000000000000000000000000000000000000000001110000000000000000000000000000000000000000000000000000000000000000000000000000000000000000000000000000000000]
add1_21                            (fadd             ) [ 010000000000000000000000000000000000000000000000000000000000000000000000000000000000000000000000001111000000000000000000000000000000000000000000000000000000000000000000000000000000000000000000000000000000]
mul_22                             (fmul             ) [ 010000000000000000000000000000000000000000000000000000000000000000000000000000000000000000000000001111000000000000000000000000000000000000000000000000000000000000000000000000000000000000000000000000000000]
weights_1_24_addr                  (getelementptr    ) [ 010000000000000000000000000000000000000000000000000000000000000000000000000000000000000000000000001000000000000000000000000000000000000000000000000000000000000000000000000000000000000000000000000000000000]
weights_1_24_load                  (load             ) [ 010000000000000000000000000000000000000000000000000000000000000000000000000000000000000000000000000111000000000000000000000000000000000000000000000000000000000000000000000000000000000000000000000000000000]
add1_22                            (fadd             ) [ 010000000000000000000000000000000000000000000000000000000000000000000000000000000000000000000000000000111100000000000000000000000000000000000000000000000000000000000000000000000000000000000000000000000000]
mul_23                             (fmul             ) [ 010000000000000000000000000000000000000000000000000000000000000000000000000000000000000000000000000000111100000000000000000000000000000000000000000000000000000000000000000000000000000000000000000000000000]
weights_1_25_addr                  (getelementptr    ) [ 010000000000000000000000000000000000000000000000000000000000000000000000000000000000000000000000000000100000000000000000000000000000000000000000000000000000000000000000000000000000000000000000000000000000]
weights_1_25_load                  (load             ) [ 010000000000000000000000000000000000000000000000000000000000000000000000000000000000000000000000000000011100000000000000000000000000000000000000000000000000000000000000000000000000000000000000000000000000]
add1_23                            (fadd             ) [ 010000000000000000000000000000000000000000000000000000000000000000000000000000000000000000000000000000000011110000000000000000000000000000000000000000000000000000000000000000000000000000000000000000000000]
mul_24                             (fmul             ) [ 010000000000000000000000000000000000000000000000000000000000000000000000000000000000000000000000000000000011110000000000000000000000000000000000000000000000000000000000000000000000000000000000000000000000]
weights_1_26_addr                  (getelementptr    ) [ 010000000000000000000000000000000000000000000000000000000000000000000000000000000000000000000000000000000010000000000000000000000000000000000000000000000000000000000000000000000000000000000000000000000000]
weights_1_26_load                  (load             ) [ 010000000000000000000000000000000000000000000000000000000000000000000000000000000000000000000000000000000001110000000000000000000000000000000000000000000000000000000000000000000000000000000000000000000000]
add1_24                            (fadd             ) [ 010000000000000000000000000000000000000000000000000000000000000000000000000000000000000000000000000000000000001111000000000000000000000000000000000000000000000000000000000000000000000000000000000000000000]
mul_25                             (fmul             ) [ 010000000000000000000000000000000000000000000000000000000000000000000000000000000000000000000000000000000000001111000000000000000000000000000000000000000000000000000000000000000000000000000000000000000000]
weights_1_27_addr                  (getelementptr    ) [ 010000000000000000000000000000000000000000000000000000000000000000000000000000000000000000000000000000000000001000000000000000000000000000000000000000000000000000000000000000000000000000000000000000000000]
weights_1_27_load                  (load             ) [ 010000000000000000000000000000000000000000000000000000000000000000000000000000000000000000000000000000000000000111000000000000000000000000000000000000000000000000000000000000000000000000000000000000000000]
add1_25                            (fadd             ) [ 010000000000000000000000000000000000000000000000000000000000000000000000000000000000000000000000000000000000000000111100000000000000000000000000000000000000000000000000000000000000000000000000000000000000]
mul_26                             (fmul             ) [ 010000000000000000000000000000000000000000000000000000000000000000000000000000000000000000000000000000000000000000111100000000000000000000000000000000000000000000000000000000000000000000000000000000000000]
weights_1_28_addr                  (getelementptr    ) [ 010000000000000000000000000000000000000000000000000000000000000000000000000000000000000000000000000000000000000000100000000000000000000000000000000000000000000000000000000000000000000000000000000000000000]
weights_1_28_load                  (load             ) [ 010000000000000000000000000000000000000000000000000000000000000000000000000000000000000000000000000000000000000000011100000000000000000000000000000000000000000000000000000000000000000000000000000000000000]
add1_26                            (fadd             ) [ 010000000000000000000000000000000000000000000000000000000000000000000000000000000000000000000000000000000000000000000011110000000000000000000000000000000000000000000000000000000000000000000000000000000000]
mul_27                             (fmul             ) [ 010000000000000000000000000000000000000000000000000000000000000000000000000000000000000000000000000000000000000000000011110000000000000000000000000000000000000000000000000000000000000000000000000000000000]
weights_1_29_addr                  (getelementptr    ) [ 010000000000000000000000000000000000000000000000000000000000000000000000000000000000000000000000000000000000000000000010000000000000000000000000000000000000000000000000000000000000000000000000000000000000]
weights_1_29_load                  (load             ) [ 010000000000000000000000000000000000000000000000000000000000000000000000000000000000000000000000000000000000000000000001110000000000000000000000000000000000000000000000000000000000000000000000000000000000]
add1_27                            (fadd             ) [ 010000000000000000000000000000000000000000000000000000000000000000000000000000000000000000000000000000000000000000000000001111000000000000000000000000000000000000000000000000000000000000000000000000000000]
mul_28                             (fmul             ) [ 010000000000000000000000000000000000000000000000000000000000000000000000000000000000000000000000000000000000000000000000001111000000000000000000000000000000000000000000000000000000000000000000000000000000]
weights_1_30_addr                  (getelementptr    ) [ 010000000000000000000000000000000000000000000000000000000000000000000000000000000000000000000000000000000000000000000000001000000000000000000000000000000000000000000000000000000000000000000000000000000000]
weights_1_30_load                  (load             ) [ 010000000000000000000000000000000000000000000000000000000000000000000000000000000000000000000000000000000000000000000000000111000000000000000000000000000000000000000000000000000000000000000000000000000000]
add1_28                            (fadd             ) [ 010000000000000000000000000000000000000000000000000000000000000000000000000000000000000000000000000000000000000000000000000000111100000000000000000000000000000000000000000000000000000000000000000000000000]
mul_29                             (fmul             ) [ 010000000000000000000000000000000000000000000000000000000000000000000000000000000000000000000000000000000000000000000000000000111100000000000000000000000000000000000000000000000000000000000000000000000000]
weights_1_31_addr                  (getelementptr    ) [ 010000000000000000000000000000000000000000000000000000000000000000000000000000000000000000000000000000000000000000000000000000100000000000000000000000000000000000000000000000000000000000000000000000000000]
weights_1_31_load                  (load             ) [ 010000000000000000000000000000000000000000000000000000000000000000000000000000000000000000000000000000000000000000000000000000011100000000000000000000000000000000000000000000000000000000000000000000000000]
add1_29                            (fadd             ) [ 010000000000000000000000000000000000000000000000000000000000000000000000000000000000000000000000000000000000000000000000000000000011110000000000000000000000000000000000000000000000000000000000000000000000]
mul_30                             (fmul             ) [ 010000000000000000000000000000000000000000000000000000000000000000000000000000000000000000000000000000000000000000000000000000000011110000000000000000000000000000000000000000000000000000000000000000000000]
weights_1_32_addr                  (getelementptr    ) [ 010000000000000000000000000000000000000000000000000000000000000000000000000000000000000000000000000000000000000000000000000000000010000000000000000000000000000000000000000000000000000000000000000000000000]
weights_1_32_load                  (load             ) [ 010000000000000000000000000000000000000000000000000000000000000000000000000000000000000000000000000000000000000000000000000000000001110000000000000000000000000000000000000000000000000000000000000000000000]
add1_30                            (fadd             ) [ 010000000000000000000000000000000000000000000000000000000000000000000000000000000000000000000000000000000000000000000000000000000000001111000000000000000000000000000000000000000000000000000000000000000000]
mul_31                             (fmul             ) [ 010000000000000000000000000000000000000000000000000000000000000000000000000000000000000000000000000000000000000000000000000000000000001111000000000000000000000000000000000000000000000000000000000000000000]
weights_1_33_addr                  (getelementptr    ) [ 010000000000000000000000000000000000000000000000000000000000000000000000000000000000000000000000000000000000000000000000000000000000001000000000000000000000000000000000000000000000000000000000000000000000]
weights_1_33_load                  (load             ) [ 010000000000000000000000000000000000000000000000000000000000000000000000000000000000000000000000000000000000000000000000000000000000000111000000000000000000000000000000000000000000000000000000000000000000]
add1_31                            (fadd             ) [ 010000000000000000000000000000000000000000000000000000000000000000000000000000000000000000000000000000000000000000000000000000000000000000111100000000000000000000000000000000000000000000000000000000000000]
mul_32                             (fmul             ) [ 010000000000000000000000000000000000000000000000000000000000000000000000000000000000000000000000000000000000000000000000000000000000000000111100000000000000000000000000000000000000000000000000000000000000]
weights_1_34_addr                  (getelementptr    ) [ 010000000000000000000000000000000000000000000000000000000000000000000000000000000000000000000000000000000000000000000000000000000000000000100000000000000000000000000000000000000000000000000000000000000000]
weights_1_34_load                  (load             ) [ 010000000000000000000000000000000000000000000000000000000000000000000000000000000000000000000000000000000000000000000000000000000000000000011100000000000000000000000000000000000000000000000000000000000000]
add1_32                            (fadd             ) [ 010000000000000000000000000000000000000000000000000000000000000000000000000000000000000000000000000000000000000000000000000000000000000000000011110000000000000000000000000000000000000000000000000000000000]
mul_33                             (fmul             ) [ 010000000000000000000000000000000000000000000000000000000000000000000000000000000000000000000000000000000000000000000000000000000000000000000011110000000000000000000000000000000000000000000000000000000000]
weights_1_35_addr                  (getelementptr    ) [ 010000000000000000000000000000000000000000000000000000000000000000000000000000000000000000000000000000000000000000000000000000000000000000000010000000000000000000000000000000000000000000000000000000000000]
weights_1_35_load                  (load             ) [ 010000000000000000000000000000000000000000000000000000000000000000000000000000000000000000000000000000000000000000000000000000000000000000000001110000000000000000000000000000000000000000000000000000000000]
add1_33                            (fadd             ) [ 010000000000000000000000000000000000000000000000000000000000000000000000000000000000000000000000000000000000000000000000000000000000000000000000001111000000000000000000000000000000000000000000000000000000]
mul_34                             (fmul             ) [ 010000000000000000000000000000000000000000000000000000000000000000000000000000000000000000000000000000000000000000000000000000000000000000000000001111000000000000000000000000000000000000000000000000000000]
weights_1_36_addr                  (getelementptr    ) [ 010000000000000000000000000000000000000000000000000000000000000000000000000000000000000000000000000000000000000000000000000000000000000000000000001000000000000000000000000000000000000000000000000000000000]
weights_1_36_load                  (load             ) [ 010000000000000000000000000000000000000000000000000000000000000000000000000000000000000000000000000000000000000000000000000000000000000000000000000111000000000000000000000000000000000000000000000000000000]
add1_34                            (fadd             ) [ 010000000000000000000000000000000000000000000000000000000000000000000000000000000000000000000000000000000000000000000000000000000000000000000000000000111100000000000000000000000000000000000000000000000000]
mul_35                             (fmul             ) [ 010000000000000000000000000000000000000000000000000000000000000000000000000000000000000000000000000000000000000000000000000000000000000000000000000000111100000000000000000000000000000000000000000000000000]
weights_1_37_addr                  (getelementptr    ) [ 010000000000000000000000000000000000000000000000000000000000000000000000000000000000000000000000000000000000000000000000000000000000000000000000000000100000000000000000000000000000000000000000000000000000]
weights_1_37_load                  (load             ) [ 010000000000000000000000000000000000000000000000000000000000000000000000000000000000000000000000000000000000000000000000000000000000000000000000000000011100000000000000000000000000000000000000000000000000]
add1_35                            (fadd             ) [ 010000000000000000000000000000000000000000000000000000000000000000000000000000000000000000000000000000000000000000000000000000000000000000000000000000000011110000000000000000000000000000000000000000000000]
mul_36                             (fmul             ) [ 010000000000000000000000000000000000000000000000000000000000000000000000000000000000000000000000000000000000000000000000000000000000000000000000000000000011110000000000000000000000000000000000000000000000]
weights_1_38_addr                  (getelementptr    ) [ 010000000000000000000000000000000000000000000000000000000000000000000000000000000000000000000000000000000000000000000000000000000000000000000000000000000010000000000000000000000000000000000000000000000000]
weights_1_38_load                  (load             ) [ 010000000000000000000000000000000000000000000000000000000000000000000000000000000000000000000000000000000000000000000000000000000000000000000000000000000001110000000000000000000000000000000000000000000000]
add1_36                            (fadd             ) [ 010000000000000000000000000000000000000000000000000000000000000000000000000000000000000000000000000000000000000000000000000000000000000000000000000000000000001111000000000000000000000000000000000000000000]
mul_37                             (fmul             ) [ 010000000000000000000000000000000000000000000000000000000000000000000000000000000000000000000000000000000000000000000000000000000000000000000000000000000000001111000000000000000000000000000000000000000000]
weights_1_39_addr                  (getelementptr    ) [ 010000000000000000000000000000000000000000000000000000000000000000000000000000000000000000000000000000000000000000000000000000000000000000000000000000000000001000000000000000000000000000000000000000000000]
weights_1_39_load                  (load             ) [ 010000000000000000000000000000000000000000000000000000000000000000000000000000000000000000000000000000000000000000000000000000000000000000000000000000000000000111000000000000000000000000000000000000000000]
add1_37                            (fadd             ) [ 010000000000000000000000000000000000000000000000000000000000000000000000000000000000000000000000000000000000000000000000000000000000000000000000000000000000000000111100000000000000000000000000000000000000]
mul_38                             (fmul             ) [ 010000000000000000000000000000000000000000000000000000000000000000000000000000000000000000000000000000000000000000000000000000000000000000000000000000000000000000111100000000000000000000000000000000000000]
weights_1_40_addr                  (getelementptr    ) [ 010000000000000000000000000000000000000000000000000000000000000000000000000000000000000000000000000000000000000000000000000000000000000000000000000000000000000000100000000000000000000000000000000000000000]
weights_1_40_load                  (load             ) [ 010000000000000000000000000000000000000000000000000000000000000000000000000000000000000000000000000000000000000000000000000000000000000000000000000000000000000000011100000000000000000000000000000000000000]
add1_38                            (fadd             ) [ 010000000000000000000000000000000000000000000000000000000000000000000000000000000000000000000000000000000000000000000000000000000000000000000000000000000000000000000011110000000000000000000000000000000000]
mul_39                             (fmul             ) [ 010000000000000000000000000000000000000000000000000000000000000000000000000000000000000000000000000000000000000000000000000000000000000000000000000000000000000000000011110000000000000000000000000000000000]
weights_1_41_addr                  (getelementptr    ) [ 010000000000000000000000000000000000000000000000000000000000000000000000000000000000000000000000000000000000000000000000000000000000000000000000000000000000000000000010000000000000000000000000000000000000]
weights_1_41_load                  (load             ) [ 010000000000000000000000000000000000000000000000000000000000000000000000000000000000000000000000000000000000000000000000000000000000000000000000000000000000000000000001110000000000000000000000000000000000]
add1_39                            (fadd             ) [ 010000000000000000000000000000000000000000000000000000000000000000000000000000000000000000000000000000000000000000000000000000000000000000000000000000000000000000000000001111000000000000000000000000000000]
mul_40                             (fmul             ) [ 010000000000000000000000000000000000000000000000000000000000000000000000000000000000000000000000000000000000000000000000000000000000000000000000000000000000000000000000001111000000000000000000000000000000]
weights_1_42_addr                  (getelementptr    ) [ 010000000000000000000000000000000000000000000000000000000000000000000000000000000000000000000000000000000000000000000000000000000000000000000000000000000000000000000000001000000000000000000000000000000000]
weights_1_42_load                  (load             ) [ 010000000000000000000000000000000000000000000000000000000000000000000000000000000000000000000000000000000000000000000000000000000000000000000000000000000000000000000000000111000000000000000000000000000000]
add1_40                            (fadd             ) [ 010000000000000000000000000000000000000000000000000000000000000000000000000000000000000000000000000000000000000000000000000000000000000000000000000000000000000000000000000000111100000000000000000000000000]
mul_41                             (fmul             ) [ 010000000000000000000000000000000000000000000000000000000000000000000000000000000000000000000000000000000000000000000000000000000000000000000000000000000000000000000000000000111100000000000000000000000000]
weights_1_43_addr                  (getelementptr    ) [ 010000000000000000000000000000000000000000000000000000000000000000000000000000000000000000000000000000000000000000000000000000000000000000000000000000000000000000000000000000100000000000000000000000000000]
weights_1_43_load                  (load             ) [ 010000000000000000000000000000000000000000000000000000000000000000000000000000000000000000000000000000000000000000000000000000000000000000000000000000000000000000000000000000011100000000000000000000000000]
add1_41                            (fadd             ) [ 010000000000000000000000000000000000000000000000000000000000000000000000000000000000000000000000000000000000000000000000000000000000000000000000000000000000000000000000000000000011110000000000000000000000]
mul_42                             (fmul             ) [ 010000000000000000000000000000000000000000000000000000000000000000000000000000000000000000000000000000000000000000000000000000000000000000000000000000000000000000000000000000000011110000000000000000000000]
weights_1_44_addr                  (getelementptr    ) [ 010000000000000000000000000000000000000000000000000000000000000000000000000000000000000000000000000000000000000000000000000000000000000000000000000000000000000000000000000000000010000000000000000000000000]
weights_1_44_load                  (load             ) [ 010000000000000000000000000000000000000000000000000000000000000000000000000000000000000000000000000000000000000000000000000000000000000000000000000000000000000000000000000000000001110000000000000000000000]
add1_42                            (fadd             ) [ 010000000000000000000000000000000000000000000000000000000000000000000000000000000000000000000000000000000000000000000000000000000000000000000000000000000000000000000000000000000000001111000000000000000000]
mul_43                             (fmul             ) [ 010000000000000000000000000000000000000000000000000000000000000000000000000000000000000000000000000000000000000000000000000000000000000000000000000000000000000000000000000000000000001111000000000000000000]
weights_1_45_addr                  (getelementptr    ) [ 010000000000000000000000000000000000000000000000000000000000000000000000000000000000000000000000000000000000000000000000000000000000000000000000000000000000000000000000000000000000001000000000000000000000]
weights_1_45_load                  (load             ) [ 010000000000000000000000000000000000000000000000000000000000000000000000000000000000000000000000000000000000000000000000000000000000000000000000000000000000000000000000000000000000000111000000000000000000]
add1_43                            (fadd             ) [ 010000000000000000000000000000000000000000000000000000000000000000000000000000000000000000000000000000000000000000000000000000000000000000000000000000000000000000000000000000000000000000111100000000000000]
mul_44                             (fmul             ) [ 010000000000000000000000000000000000000000000000000000000000000000000000000000000000000000000000000000000000000000000000000000000000000000000000000000000000000000000000000000000000000000111100000000000000]
weights_1_46_addr                  (getelementptr    ) [ 010000000000000000000000000000000000000000000000000000000000000000000000000000000000000000000000000000000000000000000000000000000000000000000000000000000000000000000000000000000000000000100000000000000000]
weights_1_46_load                  (load             ) [ 010000000000000000000000000000000000000000000000000000000000000000000000000000000000000000000000000000000000000000000000000000000000000000000000000000000000000000000000000000000000000000011100000000000000]
add1_44                            (fadd             ) [ 010000000000000000000000000000000000000000000000000000000000000000000000000000000000000000000000000000000000000000000000000000000000000000000000000000000000000000000000000000000000000000000011110000000000]
mul_45                             (fmul             ) [ 010000000000000000000000000000000000000000000000000000000000000000000000000000000000000000000000000000000000000000000000000000000000000000000000000000000000000000000000000000000000000000000011110000000000]
weights_1_47_addr                  (getelementptr    ) [ 010000000000000000000000000000000000000000000000000000000000000000000000000000000000000000000000000000000000000000000000000000000000000000000000000000000000000000000000000000000000000000000010000000000000]
weights_1_47_load                  (load             ) [ 010000000000000000000000000000000000000000000000000000000000000000000000000000000000000000000000000000000000000000000000000000000000000000000000000000000000000000000000000000000000000000000001110000000000]
add1_45                            (fadd             ) [ 010000000000000000000000000000000000000000000000000000000000000000000000000000000000000000000000000000000000000000000000000000000000000000000000000000000000000000000000000000000000000000000000001111000000]
mul_46                             (fmul             ) [ 010000000000000000000000000000000000000000000000000000000000000000000000000000000000000000000000000000000000000000000000000000000000000000000000000000000000000000000000000000000000000000000000001111000000]
add1_46                            (fadd             ) [ 010000000000000000000000000000000000000000000000000000000000000000000000000000000000000000000000000000000000000000000000000000000000000000000000000000000000000000000000000000000000000000000000000000111100]
hidden_bias_1_addr                 (getelementptr    ) [ 010000000000000000000000000000000000000000000000000000000000000000000000000000000000000000000000000000000000000000000000000000000000000000000000000000000000000000000000000000000000000000000000000000100000]
hidden_bias_1_load                 (load             ) [ 010000000000000000000000000000000000000000000000000000000000000000000000000000000000000000000000000000000000000000000000000000000000000000000000000000000000000000000000000000000000000000000000000000011100]
add                                (fadd             ) [ 010000000000000000000000000000000000000000000000000000000000000000000000000000000000000000000000000000000000000000000000000000000000000000000000000000000000000000000000000000000000000000000000000000000011]
specloopname_ln77                  (specloopname     ) [ 000000000000000000000000000000000000000000000000000000000000000000000000000000000000000000000000000000000000000000000000000000000000000000000000000000000000000000000000000000000000000000000000000000000000]
hidden_layer_1_addr                (getelementptr    ) [ 000000000000000000000000000000000000000000000000000000000000000000000000000000000000000000000000000000000000000000000000000000000000000000000000000000000000000000000000000000000000000000000000000000000000]
bitcast_ln86                       (bitcast          ) [ 000000000000000000000000000000000000000000000000000000000000000000000000000000000000000000000000000000000000000000000000000000000000000000000000000000000000000000000000000000000000000000000000000000000000]
tmp                                (partselect       ) [ 000000000000000000000000000000000000000000000000000000000000000000000000000000000000000000000000000000000000000000000000000000000000000000000000000000000000000000000000000000000000000000000000000000000000]
trunc_ln86                         (trunc            ) [ 000000000000000000000000000000000000000000000000000000000000000000000000000000000000000000000000000000000000000000000000000000000000000000000000000000000000000000000000000000000000000000000000000000000000]
icmp_ln86                          (icmp             ) [ 000000000000000000000000000000000000000000000000000000000000000000000000000000000000000000000000000000000000000000000000000000000000000000000000000000000000000000000000000000000000000000000000000000000000]
icmp_ln86_1                        (icmp             ) [ 000000000000000000000000000000000000000000000000000000000000000000000000000000000000000000000000000000000000000000000000000000000000000000000000000000000000000000000000000000000000000000000000000000000000]
or_ln86                            (or               ) [ 000000000000000000000000000000000000000000000000000000000000000000000000000000000000000000000000000000000000000000000000000000000000000000000000000000000000000000000000000000000000000000000000000000000000]
tmp_1                              (fcmp             ) [ 000000000000000000000000000000000000000000000000000000000000000000000000000000000000000000000000000000000000000000000000000000000000000000000000000000000000000000000000000000000000000000000000000000000000]
and_ln86                           (and              ) [ 000000000000000000000000000000000000000000000000000000000000000000000000000000000000000000000000000000000000000000000000000000000000000000000000000000000000000000000000000000000000000000000000000000000000]
select_ln86                        (select           ) [ 000000000000000000000000000000000000000000000000000000000000000000000000000000000000000000000000000000000000000000000000000000000000000000000000000000000000000000000000000000000000000000000000000000000000]
store_ln84                         (store            ) [ 000000000000000000000000000000000000000000000000000000000000000000000000000000000000000000000000000000000000000000000000000000000000000000000000000000000000000000000000000000000000000000000000000000000000]
br_ln77                            (br               ) [ 000000000000000000000000000000000000000000000000000000000000000000000000000000000000000000000000000000000000000000000000000000000000000000000000000000000000000000000000000000000000000000000000000000000000]
ret_ln0                            (ret              ) [ 000000000000000000000000000000000000000000000000000000000000000000000000000000000000000000000000000000000000000000000000000000000000000000000000000000000000000000000000000000000000000000000000000000000000]
</LifeTime>

<model>

<comp_list>
<comp id="0" class="1000" name="hidden_layer_1">
<pin_list>
<pin id="1" dir="1" index="0" bw="1" slack="0"/>
</pin_list>
<bind>
<StgValue><ssdm name="hidden_layer_1"/><MemPortTyVec>0 3 </MemPortTyVec>
</StgValue>
</bind>
</comp>

<comp id="2" class="1000" name="input_features_casted_load">
<pin_list>
<pin id="3" dir="1" index="0" bw="1" slack="0"/>
</pin_list>
<bind>
<StgValue><ssdm name="input_features_casted_load"/></StgValue>
</bind>
</comp>

<comp id="4" class="1000" name="input_features_casted_load_1">
<pin_list>
<pin id="5" dir="1" index="0" bw="1" slack="0"/>
</pin_list>
<bind>
<StgValue><ssdm name="input_features_casted_load_1"/></StgValue>
</bind>
</comp>

<comp id="6" class="1000" name="input_features_casted_load_2">
<pin_list>
<pin id="7" dir="1" index="0" bw="1" slack="0"/>
</pin_list>
<bind>
<StgValue><ssdm name="input_features_casted_load_2"/></StgValue>
</bind>
</comp>

<comp id="8" class="1000" name="input_features_casted_load_3">
<pin_list>
<pin id="9" dir="1" index="0" bw="1" slack="0"/>
</pin_list>
<bind>
<StgValue><ssdm name="input_features_casted_load_3"/></StgValue>
</bind>
</comp>

<comp id="10" class="1000" name="input_features_casted_load_4">
<pin_list>
<pin id="11" dir="1" index="0" bw="1" slack="0"/>
</pin_list>
<bind>
<StgValue><ssdm name="input_features_casted_load_4"/></StgValue>
</bind>
</comp>

<comp id="12" class="1000" name="input_features_casted_load_5">
<pin_list>
<pin id="13" dir="1" index="0" bw="1" slack="0"/>
</pin_list>
<bind>
<StgValue><ssdm name="input_features_casted_load_5"/></StgValue>
</bind>
</comp>

<comp id="14" class="1000" name="input_features_casted_load_6">
<pin_list>
<pin id="15" dir="1" index="0" bw="1" slack="0"/>
</pin_list>
<bind>
<StgValue><ssdm name="input_features_casted_load_6"/></StgValue>
</bind>
</comp>

<comp id="16" class="1000" name="input_features_casted_load_7">
<pin_list>
<pin id="17" dir="1" index="0" bw="1" slack="0"/>
</pin_list>
<bind>
<StgValue><ssdm name="input_features_casted_load_7"/></StgValue>
</bind>
</comp>

<comp id="18" class="1000" name="input_features_casted_load_8">
<pin_list>
<pin id="19" dir="1" index="0" bw="1" slack="0"/>
</pin_list>
<bind>
<StgValue><ssdm name="input_features_casted_load_8"/></StgValue>
</bind>
</comp>

<comp id="20" class="1000" name="input_features_casted_load_9">
<pin_list>
<pin id="21" dir="1" index="0" bw="1" slack="0"/>
</pin_list>
<bind>
<StgValue><ssdm name="input_features_casted_load_9"/></StgValue>
</bind>
</comp>

<comp id="22" class="1000" name="input_features_casted_load_10">
<pin_list>
<pin id="23" dir="1" index="0" bw="1" slack="0"/>
</pin_list>
<bind>
<StgValue><ssdm name="input_features_casted_load_10"/></StgValue>
</bind>
</comp>

<comp id="24" class="1000" name="input_features_casted_load_11">
<pin_list>
<pin id="25" dir="1" index="0" bw="1" slack="0"/>
</pin_list>
<bind>
<StgValue><ssdm name="input_features_casted_load_11"/></StgValue>
</bind>
</comp>

<comp id="26" class="1000" name="input_features_casted_load_12">
<pin_list>
<pin id="27" dir="1" index="0" bw="1" slack="0"/>
</pin_list>
<bind>
<StgValue><ssdm name="input_features_casted_load_12"/></StgValue>
</bind>
</comp>

<comp id="28" class="1000" name="input_features_casted_load_13">
<pin_list>
<pin id="29" dir="1" index="0" bw="1" slack="0"/>
</pin_list>
<bind>
<StgValue><ssdm name="input_features_casted_load_13"/></StgValue>
</bind>
</comp>

<comp id="30" class="1000" name="input_features_casted_load_14">
<pin_list>
<pin id="31" dir="1" index="0" bw="1" slack="0"/>
</pin_list>
<bind>
<StgValue><ssdm name="input_features_casted_load_14"/></StgValue>
</bind>
</comp>

<comp id="32" class="1000" name="input_features_casted_load_15">
<pin_list>
<pin id="33" dir="1" index="0" bw="1" slack="0"/>
</pin_list>
<bind>
<StgValue><ssdm name="input_features_casted_load_15"/></StgValue>
</bind>
</comp>

<comp id="34" class="1000" name="input_features_casted_load_16">
<pin_list>
<pin id="35" dir="1" index="0" bw="1" slack="0"/>
</pin_list>
<bind>
<StgValue><ssdm name="input_features_casted_load_16"/></StgValue>
</bind>
</comp>

<comp id="36" class="1000" name="input_features_casted_load_17">
<pin_list>
<pin id="37" dir="1" index="0" bw="1" slack="0"/>
</pin_list>
<bind>
<StgValue><ssdm name="input_features_casted_load_17"/></StgValue>
</bind>
</comp>

<comp id="38" class="1000" name="input_features_casted_load_18">
<pin_list>
<pin id="39" dir="1" index="0" bw="1" slack="0"/>
</pin_list>
<bind>
<StgValue><ssdm name="input_features_casted_load_18"/></StgValue>
</bind>
</comp>

<comp id="40" class="1000" name="input_features_casted_load_19">
<pin_list>
<pin id="41" dir="1" index="0" bw="1" slack="0"/>
</pin_list>
<bind>
<StgValue><ssdm name="input_features_casted_load_19"/></StgValue>
</bind>
</comp>

<comp id="42" class="1000" name="input_features_casted_load_20">
<pin_list>
<pin id="43" dir="1" index="0" bw="1" slack="0"/>
</pin_list>
<bind>
<StgValue><ssdm name="input_features_casted_load_20"/></StgValue>
</bind>
</comp>

<comp id="44" class="1000" name="input_features_casted_load_21">
<pin_list>
<pin id="45" dir="1" index="0" bw="1" slack="0"/>
</pin_list>
<bind>
<StgValue><ssdm name="input_features_casted_load_21"/></StgValue>
</bind>
</comp>

<comp id="46" class="1000" name="input_features_casted_load_22">
<pin_list>
<pin id="47" dir="1" index="0" bw="1" slack="0"/>
</pin_list>
<bind>
<StgValue><ssdm name="input_features_casted_load_22"/></StgValue>
</bind>
</comp>

<comp id="48" class="1000" name="input_features_casted_load_23">
<pin_list>
<pin id="49" dir="1" index="0" bw="1" slack="0"/>
</pin_list>
<bind>
<StgValue><ssdm name="input_features_casted_load_23"/></StgValue>
</bind>
</comp>

<comp id="50" class="1000" name="input_features_casted_load_24">
<pin_list>
<pin id="51" dir="1" index="0" bw="1" slack="0"/>
</pin_list>
<bind>
<StgValue><ssdm name="input_features_casted_load_24"/></StgValue>
</bind>
</comp>

<comp id="52" class="1000" name="input_features_casted_load_25">
<pin_list>
<pin id="53" dir="1" index="0" bw="1" slack="0"/>
</pin_list>
<bind>
<StgValue><ssdm name="input_features_casted_load_25"/></StgValue>
</bind>
</comp>

<comp id="54" class="1000" name="input_features_casted_load_26">
<pin_list>
<pin id="55" dir="1" index="0" bw="1" slack="0"/>
</pin_list>
<bind>
<StgValue><ssdm name="input_features_casted_load_26"/></StgValue>
</bind>
</comp>

<comp id="56" class="1000" name="input_features_casted_load_27">
<pin_list>
<pin id="57" dir="1" index="0" bw="1" slack="0"/>
</pin_list>
<bind>
<StgValue><ssdm name="input_features_casted_load_27"/></StgValue>
</bind>
</comp>

<comp id="58" class="1000" name="input_features_casted_load_28">
<pin_list>
<pin id="59" dir="1" index="0" bw="1" slack="0"/>
</pin_list>
<bind>
<StgValue><ssdm name="input_features_casted_load_28"/></StgValue>
</bind>
</comp>

<comp id="60" class="1000" name="input_features_casted_load_29">
<pin_list>
<pin id="61" dir="1" index="0" bw="1" slack="0"/>
</pin_list>
<bind>
<StgValue><ssdm name="input_features_casted_load_29"/></StgValue>
</bind>
</comp>

<comp id="62" class="1000" name="input_features_casted_load_30">
<pin_list>
<pin id="63" dir="1" index="0" bw="1" slack="0"/>
</pin_list>
<bind>
<StgValue><ssdm name="input_features_casted_load_30"/></StgValue>
</bind>
</comp>

<comp id="64" class="1000" name="input_features_casted_load_31">
<pin_list>
<pin id="65" dir="1" index="0" bw="1" slack="0"/>
</pin_list>
<bind>
<StgValue><ssdm name="input_features_casted_load_31"/></StgValue>
</bind>
</comp>

<comp id="66" class="1000" name="input_features_casted_load_32">
<pin_list>
<pin id="67" dir="1" index="0" bw="1" slack="0"/>
</pin_list>
<bind>
<StgValue><ssdm name="input_features_casted_load_32"/></StgValue>
</bind>
</comp>

<comp id="68" class="1000" name="input_features_casted_load_33">
<pin_list>
<pin id="69" dir="1" index="0" bw="1" slack="0"/>
</pin_list>
<bind>
<StgValue><ssdm name="input_features_casted_load_33"/></StgValue>
</bind>
</comp>

<comp id="70" class="1000" name="input_features_casted_load_34">
<pin_list>
<pin id="71" dir="1" index="0" bw="1" slack="0"/>
</pin_list>
<bind>
<StgValue><ssdm name="input_features_casted_load_34"/></StgValue>
</bind>
</comp>

<comp id="72" class="1000" name="input_features_casted_load_35">
<pin_list>
<pin id="73" dir="1" index="0" bw="1" slack="0"/>
</pin_list>
<bind>
<StgValue><ssdm name="input_features_casted_load_35"/></StgValue>
</bind>
</comp>

<comp id="74" class="1000" name="input_features_casted_load_36">
<pin_list>
<pin id="75" dir="1" index="0" bw="1" slack="0"/>
</pin_list>
<bind>
<StgValue><ssdm name="input_features_casted_load_36"/></StgValue>
</bind>
</comp>

<comp id="76" class="1000" name="input_features_casted_load_37">
<pin_list>
<pin id="77" dir="1" index="0" bw="1" slack="0"/>
</pin_list>
<bind>
<StgValue><ssdm name="input_features_casted_load_37"/></StgValue>
</bind>
</comp>

<comp id="78" class="1000" name="input_features_casted_load_38">
<pin_list>
<pin id="79" dir="1" index="0" bw="1" slack="0"/>
</pin_list>
<bind>
<StgValue><ssdm name="input_features_casted_load_38"/></StgValue>
</bind>
</comp>

<comp id="80" class="1000" name="input_features_casted_load_39">
<pin_list>
<pin id="81" dir="1" index="0" bw="1" slack="0"/>
</pin_list>
<bind>
<StgValue><ssdm name="input_features_casted_load_39"/></StgValue>
</bind>
</comp>

<comp id="82" class="1000" name="input_features_casted_load_40">
<pin_list>
<pin id="83" dir="1" index="0" bw="1" slack="0"/>
</pin_list>
<bind>
<StgValue><ssdm name="input_features_casted_load_40"/></StgValue>
</bind>
</comp>

<comp id="84" class="1000" name="input_features_casted_load_41">
<pin_list>
<pin id="85" dir="1" index="0" bw="1" slack="0"/>
</pin_list>
<bind>
<StgValue><ssdm name="input_features_casted_load_41"/></StgValue>
</bind>
</comp>

<comp id="86" class="1000" name="input_features_casted_load_42">
<pin_list>
<pin id="87" dir="1" index="0" bw="1" slack="0"/>
</pin_list>
<bind>
<StgValue><ssdm name="input_features_casted_load_42"/></StgValue>
</bind>
</comp>

<comp id="88" class="1000" name="input_features_casted_load_43">
<pin_list>
<pin id="89" dir="1" index="0" bw="1" slack="0"/>
</pin_list>
<bind>
<StgValue><ssdm name="input_features_casted_load_43"/></StgValue>
</bind>
</comp>

<comp id="90" class="1000" name="input_features_casted_load_44">
<pin_list>
<pin id="91" dir="1" index="0" bw="1" slack="0"/>
</pin_list>
<bind>
<StgValue><ssdm name="input_features_casted_load_44"/></StgValue>
</bind>
</comp>

<comp id="92" class="1000" name="input_features_casted_load_45">
<pin_list>
<pin id="93" dir="1" index="0" bw="1" slack="0"/>
</pin_list>
<bind>
<StgValue><ssdm name="input_features_casted_load_45"/></StgValue>
</bind>
</comp>

<comp id="94" class="1000" name="input_features_casted_load_46">
<pin_list>
<pin id="95" dir="1" index="0" bw="1" slack="0"/>
</pin_list>
<bind>
<StgValue><ssdm name="input_features_casted_load_46"/></StgValue>
</bind>
</comp>

<comp id="96" class="1000" name="input_features_casted_load_47">
<pin_list>
<pin id="97" dir="1" index="0" bw="1" slack="0"/>
</pin_list>
<bind>
<StgValue><ssdm name="input_features_casted_load_47"/></StgValue>
</bind>
</comp>

<comp id="98" class="1000" name="weights_1_0">
<pin_list>
<pin id="99" dir="1" index="0" bw="1" slack="0"/>
</pin_list>
<bind>
<StgValue><ssdm name="weights_1_0"/><MemPortTyVec>1 </MemPortTyVec>
</StgValue>
</bind>
</comp>

<comp id="100" class="1000" name="weights_1_1">
<pin_list>
<pin id="101" dir="1" index="0" bw="1" slack="0"/>
</pin_list>
<bind>
<StgValue><ssdm name="weights_1_1"/><MemPortTyVec>1 </MemPortTyVec>
</StgValue>
</bind>
</comp>

<comp id="102" class="1000" name="weights_1_2">
<pin_list>
<pin id="103" dir="1" index="0" bw="1" slack="0"/>
</pin_list>
<bind>
<StgValue><ssdm name="weights_1_2"/><MemPortTyVec>1 </MemPortTyVec>
</StgValue>
</bind>
</comp>

<comp id="104" class="1000" name="weights_1_3">
<pin_list>
<pin id="105" dir="1" index="0" bw="1" slack="0"/>
</pin_list>
<bind>
<StgValue><ssdm name="weights_1_3"/><MemPortTyVec>1 </MemPortTyVec>
</StgValue>
</bind>
</comp>

<comp id="106" class="1000" name="weights_1_4">
<pin_list>
<pin id="107" dir="1" index="0" bw="1" slack="0"/>
</pin_list>
<bind>
<StgValue><ssdm name="weights_1_4"/><MemPortTyVec>1 </MemPortTyVec>
</StgValue>
</bind>
</comp>

<comp id="108" class="1000" name="weights_1_5">
<pin_list>
<pin id="109" dir="1" index="0" bw="1" slack="0"/>
</pin_list>
<bind>
<StgValue><ssdm name="weights_1_5"/><MemPortTyVec>1 </MemPortTyVec>
</StgValue>
</bind>
</comp>

<comp id="110" class="1000" name="weights_1_6">
<pin_list>
<pin id="111" dir="1" index="0" bw="1" slack="0"/>
</pin_list>
<bind>
<StgValue><ssdm name="weights_1_6"/><MemPortTyVec>1 </MemPortTyVec>
</StgValue>
</bind>
</comp>

<comp id="112" class="1000" name="weights_1_7">
<pin_list>
<pin id="113" dir="1" index="0" bw="1" slack="0"/>
</pin_list>
<bind>
<StgValue><ssdm name="weights_1_7"/><MemPortTyVec>1 </MemPortTyVec>
</StgValue>
</bind>
</comp>

<comp id="114" class="1000" name="weights_1_8">
<pin_list>
<pin id="115" dir="1" index="0" bw="1" slack="0"/>
</pin_list>
<bind>
<StgValue><ssdm name="weights_1_8"/><MemPortTyVec>1 </MemPortTyVec>
</StgValue>
</bind>
</comp>

<comp id="116" class="1000" name="weights_1_9">
<pin_list>
<pin id="117" dir="1" index="0" bw="1" slack="0"/>
</pin_list>
<bind>
<StgValue><ssdm name="weights_1_9"/><MemPortTyVec>1 </MemPortTyVec>
</StgValue>
</bind>
</comp>

<comp id="118" class="1000" name="weights_1_10">
<pin_list>
<pin id="119" dir="1" index="0" bw="1" slack="0"/>
</pin_list>
<bind>
<StgValue><ssdm name="weights_1_10"/><MemPortTyVec>1 </MemPortTyVec>
</StgValue>
</bind>
</comp>

<comp id="120" class="1000" name="weights_1_11">
<pin_list>
<pin id="121" dir="1" index="0" bw="1" slack="0"/>
</pin_list>
<bind>
<StgValue><ssdm name="weights_1_11"/><MemPortTyVec>1 </MemPortTyVec>
</StgValue>
</bind>
</comp>

<comp id="122" class="1000" name="weights_1_12">
<pin_list>
<pin id="123" dir="1" index="0" bw="1" slack="0"/>
</pin_list>
<bind>
<StgValue><ssdm name="weights_1_12"/><MemPortTyVec>1 </MemPortTyVec>
</StgValue>
</bind>
</comp>

<comp id="124" class="1000" name="weights_1_13">
<pin_list>
<pin id="125" dir="1" index="0" bw="1" slack="0"/>
</pin_list>
<bind>
<StgValue><ssdm name="weights_1_13"/><MemPortTyVec>1 </MemPortTyVec>
</StgValue>
</bind>
</comp>

<comp id="126" class="1000" name="weights_1_14">
<pin_list>
<pin id="127" dir="1" index="0" bw="1" slack="0"/>
</pin_list>
<bind>
<StgValue><ssdm name="weights_1_14"/><MemPortTyVec>1 </MemPortTyVec>
</StgValue>
</bind>
</comp>

<comp id="128" class="1000" name="weights_1_15">
<pin_list>
<pin id="129" dir="1" index="0" bw="1" slack="0"/>
</pin_list>
<bind>
<StgValue><ssdm name="weights_1_15"/><MemPortTyVec>1 </MemPortTyVec>
</StgValue>
</bind>
</comp>

<comp id="130" class="1000" name="weights_1_16">
<pin_list>
<pin id="131" dir="1" index="0" bw="1" slack="0"/>
</pin_list>
<bind>
<StgValue><ssdm name="weights_1_16"/><MemPortTyVec>1 </MemPortTyVec>
</StgValue>
</bind>
</comp>

<comp id="132" class="1000" name="weights_1_17">
<pin_list>
<pin id="133" dir="1" index="0" bw="1" slack="0"/>
</pin_list>
<bind>
<StgValue><ssdm name="weights_1_17"/><MemPortTyVec>1 </MemPortTyVec>
</StgValue>
</bind>
</comp>

<comp id="134" class="1000" name="weights_1_18">
<pin_list>
<pin id="135" dir="1" index="0" bw="1" slack="0"/>
</pin_list>
<bind>
<StgValue><ssdm name="weights_1_18"/><MemPortTyVec>1 </MemPortTyVec>
</StgValue>
</bind>
</comp>

<comp id="136" class="1000" name="weights_1_19">
<pin_list>
<pin id="137" dir="1" index="0" bw="1" slack="0"/>
</pin_list>
<bind>
<StgValue><ssdm name="weights_1_19"/><MemPortTyVec>1 </MemPortTyVec>
</StgValue>
</bind>
</comp>

<comp id="138" class="1000" name="weights_1_20">
<pin_list>
<pin id="139" dir="1" index="0" bw="1" slack="0"/>
</pin_list>
<bind>
<StgValue><ssdm name="weights_1_20"/><MemPortTyVec>1 </MemPortTyVec>
</StgValue>
</bind>
</comp>

<comp id="140" class="1000" name="weights_1_21">
<pin_list>
<pin id="141" dir="1" index="0" bw="1" slack="0"/>
</pin_list>
<bind>
<StgValue><ssdm name="weights_1_21"/><MemPortTyVec>1 </MemPortTyVec>
</StgValue>
</bind>
</comp>

<comp id="142" class="1000" name="weights_1_22">
<pin_list>
<pin id="143" dir="1" index="0" bw="1" slack="0"/>
</pin_list>
<bind>
<StgValue><ssdm name="weights_1_22"/><MemPortTyVec>1 </MemPortTyVec>
</StgValue>
</bind>
</comp>

<comp id="144" class="1000" name="weights_1_23">
<pin_list>
<pin id="145" dir="1" index="0" bw="1" slack="0"/>
</pin_list>
<bind>
<StgValue><ssdm name="weights_1_23"/><MemPortTyVec>1 </MemPortTyVec>
</StgValue>
</bind>
</comp>

<comp id="146" class="1000" name="weights_1_24">
<pin_list>
<pin id="147" dir="1" index="0" bw="1" slack="0"/>
</pin_list>
<bind>
<StgValue><ssdm name="weights_1_24"/><MemPortTyVec>1 </MemPortTyVec>
</StgValue>
</bind>
</comp>

<comp id="148" class="1000" name="weights_1_25">
<pin_list>
<pin id="149" dir="1" index="0" bw="1" slack="0"/>
</pin_list>
<bind>
<StgValue><ssdm name="weights_1_25"/><MemPortTyVec>1 </MemPortTyVec>
</StgValue>
</bind>
</comp>

<comp id="150" class="1000" name="weights_1_26">
<pin_list>
<pin id="151" dir="1" index="0" bw="1" slack="0"/>
</pin_list>
<bind>
<StgValue><ssdm name="weights_1_26"/><MemPortTyVec>1 </MemPortTyVec>
</StgValue>
</bind>
</comp>

<comp id="152" class="1000" name="weights_1_27">
<pin_list>
<pin id="153" dir="1" index="0" bw="1" slack="0"/>
</pin_list>
<bind>
<StgValue><ssdm name="weights_1_27"/><MemPortTyVec>1 </MemPortTyVec>
</StgValue>
</bind>
</comp>

<comp id="154" class="1000" name="weights_1_28">
<pin_list>
<pin id="155" dir="1" index="0" bw="1" slack="0"/>
</pin_list>
<bind>
<StgValue><ssdm name="weights_1_28"/><MemPortTyVec>1 </MemPortTyVec>
</StgValue>
</bind>
</comp>

<comp id="156" class="1000" name="weights_1_29">
<pin_list>
<pin id="157" dir="1" index="0" bw="1" slack="0"/>
</pin_list>
<bind>
<StgValue><ssdm name="weights_1_29"/><MemPortTyVec>1 </MemPortTyVec>
</StgValue>
</bind>
</comp>

<comp id="158" class="1000" name="weights_1_30">
<pin_list>
<pin id="159" dir="1" index="0" bw="1" slack="0"/>
</pin_list>
<bind>
<StgValue><ssdm name="weights_1_30"/><MemPortTyVec>1 </MemPortTyVec>
</StgValue>
</bind>
</comp>

<comp id="160" class="1000" name="weights_1_31">
<pin_list>
<pin id="161" dir="1" index="0" bw="1" slack="0"/>
</pin_list>
<bind>
<StgValue><ssdm name="weights_1_31"/><MemPortTyVec>1 </MemPortTyVec>
</StgValue>
</bind>
</comp>

<comp id="162" class="1000" name="weights_1_32">
<pin_list>
<pin id="163" dir="1" index="0" bw="1" slack="0"/>
</pin_list>
<bind>
<StgValue><ssdm name="weights_1_32"/><MemPortTyVec>1 </MemPortTyVec>
</StgValue>
</bind>
</comp>

<comp id="164" class="1000" name="weights_1_33">
<pin_list>
<pin id="165" dir="1" index="0" bw="1" slack="0"/>
</pin_list>
<bind>
<StgValue><ssdm name="weights_1_33"/><MemPortTyVec>1 </MemPortTyVec>
</StgValue>
</bind>
</comp>

<comp id="166" class="1000" name="weights_1_34">
<pin_list>
<pin id="167" dir="1" index="0" bw="1" slack="0"/>
</pin_list>
<bind>
<StgValue><ssdm name="weights_1_34"/><MemPortTyVec>1 </MemPortTyVec>
</StgValue>
</bind>
</comp>

<comp id="168" class="1000" name="weights_1_35">
<pin_list>
<pin id="169" dir="1" index="0" bw="1" slack="0"/>
</pin_list>
<bind>
<StgValue><ssdm name="weights_1_35"/><MemPortTyVec>1 </MemPortTyVec>
</StgValue>
</bind>
</comp>

<comp id="170" class="1000" name="weights_1_36">
<pin_list>
<pin id="171" dir="1" index="0" bw="1" slack="0"/>
</pin_list>
<bind>
<StgValue><ssdm name="weights_1_36"/><MemPortTyVec>1 </MemPortTyVec>
</StgValue>
</bind>
</comp>

<comp id="172" class="1000" name="weights_1_37">
<pin_list>
<pin id="173" dir="1" index="0" bw="1" slack="0"/>
</pin_list>
<bind>
<StgValue><ssdm name="weights_1_37"/><MemPortTyVec>1 </MemPortTyVec>
</StgValue>
</bind>
</comp>

<comp id="174" class="1000" name="weights_1_38">
<pin_list>
<pin id="175" dir="1" index="0" bw="1" slack="0"/>
</pin_list>
<bind>
<StgValue><ssdm name="weights_1_38"/><MemPortTyVec>1 </MemPortTyVec>
</StgValue>
</bind>
</comp>

<comp id="176" class="1000" name="weights_1_39">
<pin_list>
<pin id="177" dir="1" index="0" bw="1" slack="0"/>
</pin_list>
<bind>
<StgValue><ssdm name="weights_1_39"/><MemPortTyVec>1 </MemPortTyVec>
</StgValue>
</bind>
</comp>

<comp id="178" class="1000" name="weights_1_40">
<pin_list>
<pin id="179" dir="1" index="0" bw="1" slack="0"/>
</pin_list>
<bind>
<StgValue><ssdm name="weights_1_40"/><MemPortTyVec>1 </MemPortTyVec>
</StgValue>
</bind>
</comp>

<comp id="180" class="1000" name="weights_1_41">
<pin_list>
<pin id="181" dir="1" index="0" bw="1" slack="0"/>
</pin_list>
<bind>
<StgValue><ssdm name="weights_1_41"/><MemPortTyVec>1 </MemPortTyVec>
</StgValue>
</bind>
</comp>

<comp id="182" class="1000" name="weights_1_42">
<pin_list>
<pin id="183" dir="1" index="0" bw="1" slack="0"/>
</pin_list>
<bind>
<StgValue><ssdm name="weights_1_42"/><MemPortTyVec>1 </MemPortTyVec>
</StgValue>
</bind>
</comp>

<comp id="184" class="1000" name="weights_1_43">
<pin_list>
<pin id="185" dir="1" index="0" bw="1" slack="0"/>
</pin_list>
<bind>
<StgValue><ssdm name="weights_1_43"/><MemPortTyVec>1 </MemPortTyVec>
</StgValue>
</bind>
</comp>

<comp id="186" class="1000" name="weights_1_44">
<pin_list>
<pin id="187" dir="1" index="0" bw="1" slack="0"/>
</pin_list>
<bind>
<StgValue><ssdm name="weights_1_44"/><MemPortTyVec>1 </MemPortTyVec>
</StgValue>
</bind>
</comp>

<comp id="188" class="1000" name="weights_1_45">
<pin_list>
<pin id="189" dir="1" index="0" bw="1" slack="0"/>
</pin_list>
<bind>
<StgValue><ssdm name="weights_1_45"/><MemPortTyVec>1 </MemPortTyVec>
</StgValue>
</bind>
</comp>

<comp id="190" class="1000" name="weights_1_46">
<pin_list>
<pin id="191" dir="1" index="0" bw="1" slack="0"/>
</pin_list>
<bind>
<StgValue><ssdm name="weights_1_46"/><MemPortTyVec>1 </MemPortTyVec>
</StgValue>
</bind>
</comp>

<comp id="192" class="1000" name="weights_1_47">
<pin_list>
<pin id="193" dir="1" index="0" bw="1" slack="0"/>
</pin_list>
<bind>
<StgValue><ssdm name="weights_1_47"/><MemPortTyVec>1 </MemPortTyVec>
</StgValue>
</bind>
</comp>

<comp id="194" class="1000" name="hidden_bias_1">
<pin_list>
<pin id="195" dir="1" index="0" bw="1" slack="0"/>
</pin_list>
<bind>
<StgValue><ssdm name="hidden_bias_1"/><MemPortTyVec>1 </MemPortTyVec>
</StgValue>
</bind>
</comp>

<comp id="196" class="1001" name="const_196">
<pin_list>
<pin id="197" dir="1" index="0" bw="1" slack="0"/>
</pin_list>
<bind>
<StgValue><ssdm name=""/></StgValue>
</bind>
</comp>

<comp id="198" class="1001" name="const_198">
<pin_list>
<pin id="199" dir="1" index="0" bw="1" slack="0"/>
</pin_list>
<bind>
<StgValue><ssdm name="_ssdm_op_Read.ap_auto.float"/></StgValue>
</bind>
</comp>

<comp id="200" class="1001" name="const_200">
<pin_list>
<pin id="201" dir="1" index="0" bw="1" slack="0"/>
</pin_list>
<bind>
<StgValue><ssdm name=""/></StgValue>
</bind>
</comp>

<comp id="202" class="1001" name="const_202">
<pin_list>
<pin id="203" dir="1" index="0" bw="1" slack="2147483647"/>
</pin_list>
<bind>
<StgValue><ssdm name="_ssdm_op_SpecPipeline"/></StgValue>
</bind>
</comp>

<comp id="204" class="1001" name="const_204">
<pin_list>
<pin id="205" dir="1" index="0" bw="1" slack="2147483647"/>
</pin_list>
<bind>
<StgValue><ssdm name=""/></StgValue>
</bind>
</comp>

<comp id="206" class="1001" name="const_206">
<pin_list>
<pin id="207" dir="1" index="0" bw="1" slack="2147483647"/>
</pin_list>
<bind>
<StgValue><ssdm name=""/></StgValue>
</bind>
</comp>

<comp id="208" class="1001" name="const_208">
<pin_list>
<pin id="209" dir="1" index="0" bw="1" slack="2147483647"/>
</pin_list>
<bind>
<StgValue><ssdm name="p_str"/></StgValue>
</bind>
</comp>

<comp id="210" class="1001" name="const_210">
<pin_list>
<pin id="211" dir="1" index="0" bw="1" slack="0"/>
</pin_list>
<bind>
<StgValue><ssdm name=""/></StgValue>
</bind>
</comp>

<comp id="212" class="1001" name="const_212">
<pin_list>
<pin id="213" dir="1" index="0" bw="1" slack="2147483647"/>
</pin_list>
<bind>
<StgValue><ssdm name="_ssdm_op_SpecLoopTripCount"/></StgValue>
</bind>
</comp>

<comp id="214" class="1001" name="const_214">
<pin_list>
<pin id="215" dir="1" index="0" bw="1" slack="2147483647"/>
</pin_list>
<bind>
<StgValue><ssdm name=""/></StgValue>
</bind>
</comp>

<comp id="216" class="1001" name="const_216">
<pin_list>
<pin id="217" dir="1" index="0" bw="1" slack="0"/>
</pin_list>
<bind>
<StgValue><ssdm name=""/></StgValue>
</bind>
</comp>

<comp id="218" class="1001" name="const_218">
<pin_list>
<pin id="219" dir="1" index="0" bw="1" slack="0"/>
</pin_list>
<bind>
<StgValue><ssdm name=""/></StgValue>
</bind>
</comp>

<comp id="220" class="1001" name="const_220">
<pin_list>
<pin id="221" dir="1" index="0" bw="1" slack="0"/>
</pin_list>
<bind>
<StgValue><ssdm name=""/></StgValue>
</bind>
</comp>

<comp id="222" class="1001" name="const_222">
<pin_list>
<pin id="223" dir="1" index="0" bw="1" slack="2147483647"/>
</pin_list>
<bind>
<StgValue><ssdm name="_ssdm_op_SpecLoopName"/></StgValue>
</bind>
</comp>

<comp id="224" class="1001" name="const_224">
<pin_list>
<pin id="225" dir="1" index="0" bw="1" slack="2147483647"/>
</pin_list>
<bind>
<StgValue><ssdm name="empty_10"/></StgValue>
</bind>
</comp>

<comp id="226" class="1001" name="const_226">
<pin_list>
<pin id="227" dir="1" index="0" bw="1" slack="0"/>
</pin_list>
<bind>
<StgValue><ssdm name="_ssdm_op_PartSelect.i8.i32.i32.i32"/></StgValue>
</bind>
</comp>

<comp id="228" class="1001" name="const_228">
<pin_list>
<pin id="229" dir="1" index="0" bw="1" slack="0"/>
</pin_list>
<bind>
<StgValue><ssdm name=""/></StgValue>
</bind>
</comp>

<comp id="230" class="1001" name="const_230">
<pin_list>
<pin id="231" dir="1" index="0" bw="1" slack="0"/>
</pin_list>
<bind>
<StgValue><ssdm name=""/></StgValue>
</bind>
</comp>

<comp id="232" class="1001" name="const_232">
<pin_list>
<pin id="233" dir="1" index="0" bw="1" slack="0"/>
</pin_list>
<bind>
<StgValue><ssdm name=""/></StgValue>
</bind>
</comp>

<comp id="234" class="1001" name="const_234">
<pin_list>
<pin id="235" dir="1" index="0" bw="1" slack="0"/>
</pin_list>
<bind>
<StgValue><ssdm name=""/></StgValue>
</bind>
</comp>

<comp id="236" class="1004" name="i_1_fu_236">
<pin_list>
<pin id="237" dir="0" index="0" bw="1" slack="0"/>
<pin id="238" dir="1" index="1" bw="5" slack="0"/>
</pin_list>
<bind>
<opcode="alloca(26) " fcode="alloca"/>
<opset="i_1/1 "/>
</bind>
</comp>

<comp id="240" class="1004" name="input_features_casted_load_47_read_read_fu_240">
<pin_list>
<pin id="241" dir="0" index="0" bw="32" slack="0"/>
<pin id="242" dir="0" index="1" bw="32" slack="0"/>
<pin id="243" dir="1" index="2" bw="32" slack="190"/>
</pin_list>
<bind>
<opcode="read(1150) " fcode="read"/>
<opset="input_features_casted_load_47_read/1 "/>
</bind>
</comp>

<comp id="246" class="1004" name="input_features_casted_load_46_read_read_fu_246">
<pin_list>
<pin id="247" dir="0" index="0" bw="32" slack="0"/>
<pin id="248" dir="0" index="1" bw="32" slack="0"/>
<pin id="249" dir="1" index="2" bw="32" slack="186"/>
</pin_list>
<bind>
<opcode="read(1150) " fcode="read"/>
<opset="input_features_casted_load_46_read/1 "/>
</bind>
</comp>

<comp id="252" class="1004" name="input_features_casted_load_45_read_read_fu_252">
<pin_list>
<pin id="253" dir="0" index="0" bw="32" slack="0"/>
<pin id="254" dir="0" index="1" bw="32" slack="0"/>
<pin id="255" dir="1" index="2" bw="32" slack="182"/>
</pin_list>
<bind>
<opcode="read(1150) " fcode="read"/>
<opset="input_features_casted_load_45_read/1 "/>
</bind>
</comp>

<comp id="258" class="1004" name="input_features_casted_load_44_read_read_fu_258">
<pin_list>
<pin id="259" dir="0" index="0" bw="32" slack="0"/>
<pin id="260" dir="0" index="1" bw="32" slack="0"/>
<pin id="261" dir="1" index="2" bw="32" slack="178"/>
</pin_list>
<bind>
<opcode="read(1150) " fcode="read"/>
<opset="input_features_casted_load_44_read/1 "/>
</bind>
</comp>

<comp id="264" class="1004" name="input_features_casted_load_43_read_read_fu_264">
<pin_list>
<pin id="265" dir="0" index="0" bw="32" slack="0"/>
<pin id="266" dir="0" index="1" bw="32" slack="0"/>
<pin id="267" dir="1" index="2" bw="32" slack="174"/>
</pin_list>
<bind>
<opcode="read(1150) " fcode="read"/>
<opset="input_features_casted_load_43_read/1 "/>
</bind>
</comp>

<comp id="270" class="1004" name="input_features_casted_load_42_read_read_fu_270">
<pin_list>
<pin id="271" dir="0" index="0" bw="32" slack="0"/>
<pin id="272" dir="0" index="1" bw="32" slack="0"/>
<pin id="273" dir="1" index="2" bw="32" slack="170"/>
</pin_list>
<bind>
<opcode="read(1150) " fcode="read"/>
<opset="input_features_casted_load_42_read/1 "/>
</bind>
</comp>

<comp id="276" class="1004" name="input_features_casted_load_41_read_read_fu_276">
<pin_list>
<pin id="277" dir="0" index="0" bw="32" slack="0"/>
<pin id="278" dir="0" index="1" bw="32" slack="0"/>
<pin id="279" dir="1" index="2" bw="32" slack="166"/>
</pin_list>
<bind>
<opcode="read(1150) " fcode="read"/>
<opset="input_features_casted_load_41_read/1 "/>
</bind>
</comp>

<comp id="282" class="1004" name="input_features_casted_load_40_read_read_fu_282">
<pin_list>
<pin id="283" dir="0" index="0" bw="32" slack="0"/>
<pin id="284" dir="0" index="1" bw="32" slack="0"/>
<pin id="285" dir="1" index="2" bw="32" slack="162"/>
</pin_list>
<bind>
<opcode="read(1150) " fcode="read"/>
<opset="input_features_casted_load_40_read/1 "/>
</bind>
</comp>

<comp id="288" class="1004" name="input_features_casted_load_39_read_read_fu_288">
<pin_list>
<pin id="289" dir="0" index="0" bw="32" slack="0"/>
<pin id="290" dir="0" index="1" bw="32" slack="0"/>
<pin id="291" dir="1" index="2" bw="32" slack="158"/>
</pin_list>
<bind>
<opcode="read(1150) " fcode="read"/>
<opset="input_features_casted_load_39_read/1 "/>
</bind>
</comp>

<comp id="294" class="1004" name="input_features_casted_load_38_read_read_fu_294">
<pin_list>
<pin id="295" dir="0" index="0" bw="32" slack="0"/>
<pin id="296" dir="0" index="1" bw="32" slack="0"/>
<pin id="297" dir="1" index="2" bw="32" slack="154"/>
</pin_list>
<bind>
<opcode="read(1150) " fcode="read"/>
<opset="input_features_casted_load_38_read/1 "/>
</bind>
</comp>

<comp id="300" class="1004" name="input_features_casted_load_37_read_read_fu_300">
<pin_list>
<pin id="301" dir="0" index="0" bw="32" slack="0"/>
<pin id="302" dir="0" index="1" bw="32" slack="0"/>
<pin id="303" dir="1" index="2" bw="32" slack="150"/>
</pin_list>
<bind>
<opcode="read(1150) " fcode="read"/>
<opset="input_features_casted_load_37_read/1 "/>
</bind>
</comp>

<comp id="306" class="1004" name="input_features_casted_load_36_read_read_fu_306">
<pin_list>
<pin id="307" dir="0" index="0" bw="32" slack="0"/>
<pin id="308" dir="0" index="1" bw="32" slack="0"/>
<pin id="309" dir="1" index="2" bw="32" slack="146"/>
</pin_list>
<bind>
<opcode="read(1150) " fcode="read"/>
<opset="input_features_casted_load_36_read/1 "/>
</bind>
</comp>

<comp id="312" class="1004" name="input_features_casted_load_35_read_read_fu_312">
<pin_list>
<pin id="313" dir="0" index="0" bw="32" slack="0"/>
<pin id="314" dir="0" index="1" bw="32" slack="0"/>
<pin id="315" dir="1" index="2" bw="32" slack="142"/>
</pin_list>
<bind>
<opcode="read(1150) " fcode="read"/>
<opset="input_features_casted_load_35_read/1 "/>
</bind>
</comp>

<comp id="318" class="1004" name="input_features_casted_load_34_read_read_fu_318">
<pin_list>
<pin id="319" dir="0" index="0" bw="32" slack="0"/>
<pin id="320" dir="0" index="1" bw="32" slack="0"/>
<pin id="321" dir="1" index="2" bw="32" slack="138"/>
</pin_list>
<bind>
<opcode="read(1150) " fcode="read"/>
<opset="input_features_casted_load_34_read/1 "/>
</bind>
</comp>

<comp id="324" class="1004" name="input_features_casted_load_33_read_read_fu_324">
<pin_list>
<pin id="325" dir="0" index="0" bw="32" slack="0"/>
<pin id="326" dir="0" index="1" bw="32" slack="0"/>
<pin id="327" dir="1" index="2" bw="32" slack="134"/>
</pin_list>
<bind>
<opcode="read(1150) " fcode="read"/>
<opset="input_features_casted_load_33_read/1 "/>
</bind>
</comp>

<comp id="330" class="1004" name="input_features_casted_load_32_read_read_fu_330">
<pin_list>
<pin id="331" dir="0" index="0" bw="32" slack="0"/>
<pin id="332" dir="0" index="1" bw="32" slack="0"/>
<pin id="333" dir="1" index="2" bw="32" slack="130"/>
</pin_list>
<bind>
<opcode="read(1150) " fcode="read"/>
<opset="input_features_casted_load_32_read/1 "/>
</bind>
</comp>

<comp id="336" class="1004" name="input_features_casted_load_31_read_read_fu_336">
<pin_list>
<pin id="337" dir="0" index="0" bw="32" slack="0"/>
<pin id="338" dir="0" index="1" bw="32" slack="0"/>
<pin id="339" dir="1" index="2" bw="32" slack="126"/>
</pin_list>
<bind>
<opcode="read(1150) " fcode="read"/>
<opset="input_features_casted_load_31_read/1 "/>
</bind>
</comp>

<comp id="342" class="1004" name="input_features_casted_load_30_read_read_fu_342">
<pin_list>
<pin id="343" dir="0" index="0" bw="32" slack="0"/>
<pin id="344" dir="0" index="1" bw="32" slack="0"/>
<pin id="345" dir="1" index="2" bw="32" slack="122"/>
</pin_list>
<bind>
<opcode="read(1150) " fcode="read"/>
<opset="input_features_casted_load_30_read/1 "/>
</bind>
</comp>

<comp id="348" class="1004" name="input_features_casted_load_29_read_read_fu_348">
<pin_list>
<pin id="349" dir="0" index="0" bw="32" slack="0"/>
<pin id="350" dir="0" index="1" bw="32" slack="0"/>
<pin id="351" dir="1" index="2" bw="32" slack="118"/>
</pin_list>
<bind>
<opcode="read(1150) " fcode="read"/>
<opset="input_features_casted_load_29_read/1 "/>
</bind>
</comp>

<comp id="354" class="1004" name="input_features_casted_load_28_read_read_fu_354">
<pin_list>
<pin id="355" dir="0" index="0" bw="32" slack="0"/>
<pin id="356" dir="0" index="1" bw="32" slack="0"/>
<pin id="357" dir="1" index="2" bw="32" slack="114"/>
</pin_list>
<bind>
<opcode="read(1150) " fcode="read"/>
<opset="input_features_casted_load_28_read/1 "/>
</bind>
</comp>

<comp id="360" class="1004" name="input_features_casted_load_27_read_read_fu_360">
<pin_list>
<pin id="361" dir="0" index="0" bw="32" slack="0"/>
<pin id="362" dir="0" index="1" bw="32" slack="0"/>
<pin id="363" dir="1" index="2" bw="32" slack="110"/>
</pin_list>
<bind>
<opcode="read(1150) " fcode="read"/>
<opset="input_features_casted_load_27_read/1 "/>
</bind>
</comp>

<comp id="366" class="1004" name="input_features_casted_load_26_read_read_fu_366">
<pin_list>
<pin id="367" dir="0" index="0" bw="32" slack="0"/>
<pin id="368" dir="0" index="1" bw="32" slack="0"/>
<pin id="369" dir="1" index="2" bw="32" slack="106"/>
</pin_list>
<bind>
<opcode="read(1150) " fcode="read"/>
<opset="input_features_casted_load_26_read/1 "/>
</bind>
</comp>

<comp id="372" class="1004" name="input_features_casted_load_25_read_read_fu_372">
<pin_list>
<pin id="373" dir="0" index="0" bw="32" slack="0"/>
<pin id="374" dir="0" index="1" bw="32" slack="0"/>
<pin id="375" dir="1" index="2" bw="32" slack="102"/>
</pin_list>
<bind>
<opcode="read(1150) " fcode="read"/>
<opset="input_features_casted_load_25_read/1 "/>
</bind>
</comp>

<comp id="378" class="1004" name="input_features_casted_load_24_read_read_fu_378">
<pin_list>
<pin id="379" dir="0" index="0" bw="32" slack="0"/>
<pin id="380" dir="0" index="1" bw="32" slack="0"/>
<pin id="381" dir="1" index="2" bw="32" slack="98"/>
</pin_list>
<bind>
<opcode="read(1150) " fcode="read"/>
<opset="input_features_casted_load_24_read/1 "/>
</bind>
</comp>

<comp id="384" class="1004" name="input_features_casted_load_23_read_read_fu_384">
<pin_list>
<pin id="385" dir="0" index="0" bw="32" slack="0"/>
<pin id="386" dir="0" index="1" bw="32" slack="0"/>
<pin id="387" dir="1" index="2" bw="32" slack="94"/>
</pin_list>
<bind>
<opcode="read(1150) " fcode="read"/>
<opset="input_features_casted_load_23_read/1 "/>
</bind>
</comp>

<comp id="390" class="1004" name="input_features_casted_load_22_read_read_fu_390">
<pin_list>
<pin id="391" dir="0" index="0" bw="32" slack="0"/>
<pin id="392" dir="0" index="1" bw="32" slack="0"/>
<pin id="393" dir="1" index="2" bw="32" slack="90"/>
</pin_list>
<bind>
<opcode="read(1150) " fcode="read"/>
<opset="input_features_casted_load_22_read/1 "/>
</bind>
</comp>

<comp id="396" class="1004" name="input_features_casted_load_21_read_read_fu_396">
<pin_list>
<pin id="397" dir="0" index="0" bw="32" slack="0"/>
<pin id="398" dir="0" index="1" bw="32" slack="0"/>
<pin id="399" dir="1" index="2" bw="32" slack="86"/>
</pin_list>
<bind>
<opcode="read(1150) " fcode="read"/>
<opset="input_features_casted_load_21_read/1 "/>
</bind>
</comp>

<comp id="402" class="1004" name="input_features_casted_load_20_read_read_fu_402">
<pin_list>
<pin id="403" dir="0" index="0" bw="32" slack="0"/>
<pin id="404" dir="0" index="1" bw="32" slack="0"/>
<pin id="405" dir="1" index="2" bw="32" slack="82"/>
</pin_list>
<bind>
<opcode="read(1150) " fcode="read"/>
<opset="input_features_casted_load_20_read/1 "/>
</bind>
</comp>

<comp id="408" class="1004" name="input_features_casted_load_19_read_read_fu_408">
<pin_list>
<pin id="409" dir="0" index="0" bw="32" slack="0"/>
<pin id="410" dir="0" index="1" bw="32" slack="0"/>
<pin id="411" dir="1" index="2" bw="32" slack="78"/>
</pin_list>
<bind>
<opcode="read(1150) " fcode="read"/>
<opset="input_features_casted_load_19_read/1 "/>
</bind>
</comp>

<comp id="414" class="1004" name="input_features_casted_load_18_read_read_fu_414">
<pin_list>
<pin id="415" dir="0" index="0" bw="32" slack="0"/>
<pin id="416" dir="0" index="1" bw="32" slack="0"/>
<pin id="417" dir="1" index="2" bw="32" slack="74"/>
</pin_list>
<bind>
<opcode="read(1150) " fcode="read"/>
<opset="input_features_casted_load_18_read/1 "/>
</bind>
</comp>

<comp id="420" class="1004" name="input_features_casted_load_17_read_read_fu_420">
<pin_list>
<pin id="421" dir="0" index="0" bw="32" slack="0"/>
<pin id="422" dir="0" index="1" bw="32" slack="0"/>
<pin id="423" dir="1" index="2" bw="32" slack="70"/>
</pin_list>
<bind>
<opcode="read(1150) " fcode="read"/>
<opset="input_features_casted_load_17_read/1 "/>
</bind>
</comp>

<comp id="426" class="1004" name="input_features_casted_load_16_read_read_fu_426">
<pin_list>
<pin id="427" dir="0" index="0" bw="32" slack="0"/>
<pin id="428" dir="0" index="1" bw="32" slack="0"/>
<pin id="429" dir="1" index="2" bw="32" slack="66"/>
</pin_list>
<bind>
<opcode="read(1150) " fcode="read"/>
<opset="input_features_casted_load_16_read/1 "/>
</bind>
</comp>

<comp id="432" class="1004" name="input_features_casted_load_15_read_read_fu_432">
<pin_list>
<pin id="433" dir="0" index="0" bw="32" slack="0"/>
<pin id="434" dir="0" index="1" bw="32" slack="0"/>
<pin id="435" dir="1" index="2" bw="32" slack="62"/>
</pin_list>
<bind>
<opcode="read(1150) " fcode="read"/>
<opset="input_features_casted_load_15_read/1 "/>
</bind>
</comp>

<comp id="438" class="1004" name="input_features_casted_load_14_read_read_fu_438">
<pin_list>
<pin id="439" dir="0" index="0" bw="32" slack="0"/>
<pin id="440" dir="0" index="1" bw="32" slack="0"/>
<pin id="441" dir="1" index="2" bw="32" slack="58"/>
</pin_list>
<bind>
<opcode="read(1150) " fcode="read"/>
<opset="input_features_casted_load_14_read/1 "/>
</bind>
</comp>

<comp id="444" class="1004" name="input_features_casted_load_13_read_read_fu_444">
<pin_list>
<pin id="445" dir="0" index="0" bw="32" slack="0"/>
<pin id="446" dir="0" index="1" bw="32" slack="0"/>
<pin id="447" dir="1" index="2" bw="32" slack="54"/>
</pin_list>
<bind>
<opcode="read(1150) " fcode="read"/>
<opset="input_features_casted_load_13_read/1 "/>
</bind>
</comp>

<comp id="450" class="1004" name="input_features_casted_load_12_read_read_fu_450">
<pin_list>
<pin id="451" dir="0" index="0" bw="32" slack="0"/>
<pin id="452" dir="0" index="1" bw="32" slack="0"/>
<pin id="453" dir="1" index="2" bw="32" slack="50"/>
</pin_list>
<bind>
<opcode="read(1150) " fcode="read"/>
<opset="input_features_casted_load_12_read/1 "/>
</bind>
</comp>

<comp id="456" class="1004" name="input_features_casted_load_11_read_read_fu_456">
<pin_list>
<pin id="457" dir="0" index="0" bw="32" slack="0"/>
<pin id="458" dir="0" index="1" bw="32" slack="0"/>
<pin id="459" dir="1" index="2" bw="32" slack="46"/>
</pin_list>
<bind>
<opcode="read(1150) " fcode="read"/>
<opset="input_features_casted_load_11_read/1 "/>
</bind>
</comp>

<comp id="462" class="1004" name="input_features_casted_load_10_read_read_fu_462">
<pin_list>
<pin id="463" dir="0" index="0" bw="32" slack="0"/>
<pin id="464" dir="0" index="1" bw="32" slack="0"/>
<pin id="465" dir="1" index="2" bw="32" slack="42"/>
</pin_list>
<bind>
<opcode="read(1150) " fcode="read"/>
<opset="input_features_casted_load_10_read/1 "/>
</bind>
</comp>

<comp id="468" class="1004" name="input_features_casted_load_9_read_read_fu_468">
<pin_list>
<pin id="469" dir="0" index="0" bw="32" slack="0"/>
<pin id="470" dir="0" index="1" bw="32" slack="0"/>
<pin id="471" dir="1" index="2" bw="32" slack="38"/>
</pin_list>
<bind>
<opcode="read(1150) " fcode="read"/>
<opset="input_features_casted_load_9_read/1 "/>
</bind>
</comp>

<comp id="474" class="1004" name="input_features_casted_load_8_read_read_fu_474">
<pin_list>
<pin id="475" dir="0" index="0" bw="32" slack="0"/>
<pin id="476" dir="0" index="1" bw="32" slack="0"/>
<pin id="477" dir="1" index="2" bw="32" slack="34"/>
</pin_list>
<bind>
<opcode="read(1150) " fcode="read"/>
<opset="input_features_casted_load_8_read/1 "/>
</bind>
</comp>

<comp id="480" class="1004" name="input_features_casted_load_7_read_read_fu_480">
<pin_list>
<pin id="481" dir="0" index="0" bw="32" slack="0"/>
<pin id="482" dir="0" index="1" bw="32" slack="0"/>
<pin id="483" dir="1" index="2" bw="32" slack="30"/>
</pin_list>
<bind>
<opcode="read(1150) " fcode="read"/>
<opset="input_features_casted_load_7_read/1 "/>
</bind>
</comp>

<comp id="486" class="1004" name="input_features_casted_load_6_read_read_fu_486">
<pin_list>
<pin id="487" dir="0" index="0" bw="32" slack="0"/>
<pin id="488" dir="0" index="1" bw="32" slack="0"/>
<pin id="489" dir="1" index="2" bw="32" slack="26"/>
</pin_list>
<bind>
<opcode="read(1150) " fcode="read"/>
<opset="input_features_casted_load_6_read/1 "/>
</bind>
</comp>

<comp id="492" class="1004" name="input_features_casted_load_5_read_read_fu_492">
<pin_list>
<pin id="493" dir="0" index="0" bw="32" slack="0"/>
<pin id="494" dir="0" index="1" bw="32" slack="0"/>
<pin id="495" dir="1" index="2" bw="32" slack="22"/>
</pin_list>
<bind>
<opcode="read(1150) " fcode="read"/>
<opset="input_features_casted_load_5_read/1 "/>
</bind>
</comp>

<comp id="498" class="1004" name="input_features_casted_load_4_read_read_fu_498">
<pin_list>
<pin id="499" dir="0" index="0" bw="32" slack="0"/>
<pin id="500" dir="0" index="1" bw="32" slack="0"/>
<pin id="501" dir="1" index="2" bw="32" slack="18"/>
</pin_list>
<bind>
<opcode="read(1150) " fcode="read"/>
<opset="input_features_casted_load_4_read/1 "/>
</bind>
</comp>

<comp id="504" class="1004" name="input_features_casted_load_3_read_read_fu_504">
<pin_list>
<pin id="505" dir="0" index="0" bw="32" slack="0"/>
<pin id="506" dir="0" index="1" bw="32" slack="0"/>
<pin id="507" dir="1" index="2" bw="32" slack="14"/>
</pin_list>
<bind>
<opcode="read(1150) " fcode="read"/>
<opset="input_features_casted_load_3_read/1 "/>
</bind>
</comp>

<comp id="510" class="1004" name="input_features_casted_load_2_read_read_fu_510">
<pin_list>
<pin id="511" dir="0" index="0" bw="32" slack="0"/>
<pin id="512" dir="0" index="1" bw="32" slack="0"/>
<pin id="513" dir="1" index="2" bw="32" slack="10"/>
</pin_list>
<bind>
<opcode="read(1150) " fcode="read"/>
<opset="input_features_casted_load_2_read/1 "/>
</bind>
</comp>

<comp id="516" class="1004" name="input_features_casted_load_1_read_read_fu_516">
<pin_list>
<pin id="517" dir="0" index="0" bw="32" slack="0"/>
<pin id="518" dir="0" index="1" bw="32" slack="0"/>
<pin id="519" dir="1" index="2" bw="32" slack="6"/>
</pin_list>
<bind>
<opcode="read(1150) " fcode="read"/>
<opset="input_features_casted_load_1_read/1 "/>
</bind>
</comp>

<comp id="522" class="1004" name="input_features_casted_load_read_read_fu_522">
<pin_list>
<pin id="523" dir="0" index="0" bw="32" slack="0"/>
<pin id="524" dir="0" index="1" bw="32" slack="0"/>
<pin id="525" dir="1" index="2" bw="32" slack="2"/>
</pin_list>
<bind>
<opcode="read(1150) " fcode="read"/>
<opset="input_features_casted_load_read/1 "/>
</bind>
</comp>

<comp id="528" class="1004" name="weights_1_0_addr_gep_fu_528">
<pin_list>
<pin id="529" dir="0" index="0" bw="32" slack="0"/>
<pin id="530" dir="0" index="1" bw="1" slack="0"/>
<pin id="531" dir="0" index="2" bw="5" slack="0"/>
<pin id="532" dir="1" index="3" bw="5" slack="0"/>
</pin_list>
<bind>
<opcode="getelementptr(29) " fcode="getelementptr"/>
<opset="weights_1_0_addr/1 "/>
</bind>
</comp>

<comp id="535" class="1004" name="grp_access_fu_535">
<pin_list>
<pin id="536" dir="0" index="0" bw="5" slack="0"/>
<pin id="537" dir="0" index="1" bw="32" slack="2147483647"/>
<pin id="538" dir="0" index="2" bw="0" slack="2147483647"/>
<pin id="539" dir="1" index="3" bw="32" slack="1"/>
</pin_list>
<bind>
<opcode="load(27) " fcode="load"/>
<opset="weights_1_0_load/1 "/>
</bind>
</comp>

<comp id="541" class="1004" name="weights_1_1_addr_gep_fu_541">
<pin_list>
<pin id="542" dir="0" index="0" bw="32" slack="0"/>
<pin id="543" dir="0" index="1" bw="1" slack="0"/>
<pin id="544" dir="0" index="2" bw="5" slack="4"/>
<pin id="545" dir="1" index="3" bw="5" slack="0"/>
</pin_list>
<bind>
<opcode="getelementptr(29) " fcode="getelementptr"/>
<opset="weights_1_1_addr/5 "/>
</bind>
</comp>

<comp id="548" class="1004" name="grp_access_fu_548">
<pin_list>
<pin id="549" dir="0" index="0" bw="5" slack="0"/>
<pin id="550" dir="0" index="1" bw="32" slack="2147483647"/>
<pin id="551" dir="0" index="2" bw="0" slack="2147483647"/>
<pin id="552" dir="1" index="3" bw="32" slack="1"/>
</pin_list>
<bind>
<opcode="load(27) " fcode="load"/>
<opset="weights_1_1_load/5 "/>
</bind>
</comp>

<comp id="554" class="1004" name="weights_1_2_addr_gep_fu_554">
<pin_list>
<pin id="555" dir="0" index="0" bw="32" slack="0"/>
<pin id="556" dir="0" index="1" bw="1" slack="0"/>
<pin id="557" dir="0" index="2" bw="5" slack="8"/>
<pin id="558" dir="1" index="3" bw="5" slack="0"/>
</pin_list>
<bind>
<opcode="getelementptr(29) " fcode="getelementptr"/>
<opset="weights_1_2_addr/9 "/>
</bind>
</comp>

<comp id="561" class="1004" name="grp_access_fu_561">
<pin_list>
<pin id="562" dir="0" index="0" bw="5" slack="0"/>
<pin id="563" dir="0" index="1" bw="32" slack="2147483647"/>
<pin id="564" dir="0" index="2" bw="0" slack="2147483647"/>
<pin id="565" dir="1" index="3" bw="32" slack="1"/>
</pin_list>
<bind>
<opcode="load(27) " fcode="load"/>
<opset="weights_1_2_load/9 "/>
</bind>
</comp>

<comp id="567" class="1004" name="weights_1_3_addr_gep_fu_567">
<pin_list>
<pin id="568" dir="0" index="0" bw="32" slack="0"/>
<pin id="569" dir="0" index="1" bw="1" slack="0"/>
<pin id="570" dir="0" index="2" bw="5" slack="12"/>
<pin id="571" dir="1" index="3" bw="5" slack="0"/>
</pin_list>
<bind>
<opcode="getelementptr(29) " fcode="getelementptr"/>
<opset="weights_1_3_addr/13 "/>
</bind>
</comp>

<comp id="574" class="1004" name="grp_access_fu_574">
<pin_list>
<pin id="575" dir="0" index="0" bw="5" slack="0"/>
<pin id="576" dir="0" index="1" bw="32" slack="2147483647"/>
<pin id="577" dir="0" index="2" bw="0" slack="2147483647"/>
<pin id="578" dir="1" index="3" bw="32" slack="1"/>
</pin_list>
<bind>
<opcode="load(27) " fcode="load"/>
<opset="weights_1_3_load/13 "/>
</bind>
</comp>

<comp id="580" class="1004" name="weights_1_4_addr_gep_fu_580">
<pin_list>
<pin id="581" dir="0" index="0" bw="32" slack="0"/>
<pin id="582" dir="0" index="1" bw="1" slack="0"/>
<pin id="583" dir="0" index="2" bw="5" slack="16"/>
<pin id="584" dir="1" index="3" bw="5" slack="0"/>
</pin_list>
<bind>
<opcode="getelementptr(29) " fcode="getelementptr"/>
<opset="weights_1_4_addr/17 "/>
</bind>
</comp>

<comp id="587" class="1004" name="grp_access_fu_587">
<pin_list>
<pin id="588" dir="0" index="0" bw="5" slack="0"/>
<pin id="589" dir="0" index="1" bw="32" slack="2147483647"/>
<pin id="590" dir="0" index="2" bw="0" slack="2147483647"/>
<pin id="591" dir="1" index="3" bw="32" slack="1"/>
</pin_list>
<bind>
<opcode="load(27) " fcode="load"/>
<opset="weights_1_4_load/17 "/>
</bind>
</comp>

<comp id="593" class="1004" name="weights_1_5_addr_gep_fu_593">
<pin_list>
<pin id="594" dir="0" index="0" bw="32" slack="0"/>
<pin id="595" dir="0" index="1" bw="1" slack="0"/>
<pin id="596" dir="0" index="2" bw="5" slack="20"/>
<pin id="597" dir="1" index="3" bw="5" slack="0"/>
</pin_list>
<bind>
<opcode="getelementptr(29) " fcode="getelementptr"/>
<opset="weights_1_5_addr/21 "/>
</bind>
</comp>

<comp id="600" class="1004" name="grp_access_fu_600">
<pin_list>
<pin id="601" dir="0" index="0" bw="5" slack="0"/>
<pin id="602" dir="0" index="1" bw="32" slack="2147483647"/>
<pin id="603" dir="0" index="2" bw="0" slack="2147483647"/>
<pin id="604" dir="1" index="3" bw="32" slack="1"/>
</pin_list>
<bind>
<opcode="load(27) " fcode="load"/>
<opset="weights_1_5_load/21 "/>
</bind>
</comp>

<comp id="606" class="1004" name="weights_1_6_addr_gep_fu_606">
<pin_list>
<pin id="607" dir="0" index="0" bw="32" slack="0"/>
<pin id="608" dir="0" index="1" bw="1" slack="0"/>
<pin id="609" dir="0" index="2" bw="5" slack="24"/>
<pin id="610" dir="1" index="3" bw="5" slack="0"/>
</pin_list>
<bind>
<opcode="getelementptr(29) " fcode="getelementptr"/>
<opset="weights_1_6_addr/25 "/>
</bind>
</comp>

<comp id="613" class="1004" name="grp_access_fu_613">
<pin_list>
<pin id="614" dir="0" index="0" bw="5" slack="0"/>
<pin id="615" dir="0" index="1" bw="32" slack="2147483647"/>
<pin id="616" dir="0" index="2" bw="0" slack="2147483647"/>
<pin id="617" dir="1" index="3" bw="32" slack="1"/>
</pin_list>
<bind>
<opcode="load(27) " fcode="load"/>
<opset="weights_1_6_load/25 "/>
</bind>
</comp>

<comp id="619" class="1004" name="weights_1_7_addr_gep_fu_619">
<pin_list>
<pin id="620" dir="0" index="0" bw="32" slack="0"/>
<pin id="621" dir="0" index="1" bw="1" slack="0"/>
<pin id="622" dir="0" index="2" bw="5" slack="28"/>
<pin id="623" dir="1" index="3" bw="5" slack="0"/>
</pin_list>
<bind>
<opcode="getelementptr(29) " fcode="getelementptr"/>
<opset="weights_1_7_addr/29 "/>
</bind>
</comp>

<comp id="626" class="1004" name="grp_access_fu_626">
<pin_list>
<pin id="627" dir="0" index="0" bw="5" slack="0"/>
<pin id="628" dir="0" index="1" bw="32" slack="2147483647"/>
<pin id="629" dir="0" index="2" bw="0" slack="2147483647"/>
<pin id="630" dir="1" index="3" bw="32" slack="1"/>
</pin_list>
<bind>
<opcode="load(27) " fcode="load"/>
<opset="weights_1_7_load/29 "/>
</bind>
</comp>

<comp id="632" class="1004" name="weights_1_8_addr_gep_fu_632">
<pin_list>
<pin id="633" dir="0" index="0" bw="32" slack="0"/>
<pin id="634" dir="0" index="1" bw="1" slack="0"/>
<pin id="635" dir="0" index="2" bw="5" slack="32"/>
<pin id="636" dir="1" index="3" bw="5" slack="0"/>
</pin_list>
<bind>
<opcode="getelementptr(29) " fcode="getelementptr"/>
<opset="weights_1_8_addr/33 "/>
</bind>
</comp>

<comp id="639" class="1004" name="grp_access_fu_639">
<pin_list>
<pin id="640" dir="0" index="0" bw="5" slack="0"/>
<pin id="641" dir="0" index="1" bw="32" slack="2147483647"/>
<pin id="642" dir="0" index="2" bw="0" slack="2147483647"/>
<pin id="643" dir="1" index="3" bw="32" slack="1"/>
</pin_list>
<bind>
<opcode="load(27) " fcode="load"/>
<opset="weights_1_8_load/33 "/>
</bind>
</comp>

<comp id="645" class="1004" name="weights_1_9_addr_gep_fu_645">
<pin_list>
<pin id="646" dir="0" index="0" bw="32" slack="0"/>
<pin id="647" dir="0" index="1" bw="1" slack="0"/>
<pin id="648" dir="0" index="2" bw="5" slack="36"/>
<pin id="649" dir="1" index="3" bw="5" slack="0"/>
</pin_list>
<bind>
<opcode="getelementptr(29) " fcode="getelementptr"/>
<opset="weights_1_9_addr/37 "/>
</bind>
</comp>

<comp id="652" class="1004" name="grp_access_fu_652">
<pin_list>
<pin id="653" dir="0" index="0" bw="5" slack="0"/>
<pin id="654" dir="0" index="1" bw="32" slack="2147483647"/>
<pin id="655" dir="0" index="2" bw="0" slack="2147483647"/>
<pin id="656" dir="1" index="3" bw="32" slack="1"/>
</pin_list>
<bind>
<opcode="load(27) " fcode="load"/>
<opset="weights_1_9_load/37 "/>
</bind>
</comp>

<comp id="658" class="1004" name="weights_1_10_addr_gep_fu_658">
<pin_list>
<pin id="659" dir="0" index="0" bw="32" slack="0"/>
<pin id="660" dir="0" index="1" bw="1" slack="0"/>
<pin id="661" dir="0" index="2" bw="5" slack="40"/>
<pin id="662" dir="1" index="3" bw="5" slack="0"/>
</pin_list>
<bind>
<opcode="getelementptr(29) " fcode="getelementptr"/>
<opset="weights_1_10_addr/41 "/>
</bind>
</comp>

<comp id="665" class="1004" name="grp_access_fu_665">
<pin_list>
<pin id="666" dir="0" index="0" bw="5" slack="0"/>
<pin id="667" dir="0" index="1" bw="32" slack="2147483647"/>
<pin id="668" dir="0" index="2" bw="0" slack="2147483647"/>
<pin id="669" dir="1" index="3" bw="32" slack="1"/>
</pin_list>
<bind>
<opcode="load(27) " fcode="load"/>
<opset="weights_1_10_load/41 "/>
</bind>
</comp>

<comp id="671" class="1004" name="weights_1_11_addr_gep_fu_671">
<pin_list>
<pin id="672" dir="0" index="0" bw="32" slack="0"/>
<pin id="673" dir="0" index="1" bw="1" slack="0"/>
<pin id="674" dir="0" index="2" bw="5" slack="44"/>
<pin id="675" dir="1" index="3" bw="5" slack="0"/>
</pin_list>
<bind>
<opcode="getelementptr(29) " fcode="getelementptr"/>
<opset="weights_1_11_addr/45 "/>
</bind>
</comp>

<comp id="678" class="1004" name="grp_access_fu_678">
<pin_list>
<pin id="679" dir="0" index="0" bw="5" slack="0"/>
<pin id="680" dir="0" index="1" bw="32" slack="2147483647"/>
<pin id="681" dir="0" index="2" bw="0" slack="2147483647"/>
<pin id="682" dir="1" index="3" bw="32" slack="1"/>
</pin_list>
<bind>
<opcode="load(27) " fcode="load"/>
<opset="weights_1_11_load/45 "/>
</bind>
</comp>

<comp id="684" class="1004" name="weights_1_12_addr_gep_fu_684">
<pin_list>
<pin id="685" dir="0" index="0" bw="32" slack="0"/>
<pin id="686" dir="0" index="1" bw="1" slack="0"/>
<pin id="687" dir="0" index="2" bw="5" slack="48"/>
<pin id="688" dir="1" index="3" bw="5" slack="0"/>
</pin_list>
<bind>
<opcode="getelementptr(29) " fcode="getelementptr"/>
<opset="weights_1_12_addr/49 "/>
</bind>
</comp>

<comp id="691" class="1004" name="grp_access_fu_691">
<pin_list>
<pin id="692" dir="0" index="0" bw="5" slack="0"/>
<pin id="693" dir="0" index="1" bw="32" slack="2147483647"/>
<pin id="694" dir="0" index="2" bw="0" slack="2147483647"/>
<pin id="695" dir="1" index="3" bw="32" slack="1"/>
</pin_list>
<bind>
<opcode="load(27) " fcode="load"/>
<opset="weights_1_12_load/49 "/>
</bind>
</comp>

<comp id="697" class="1004" name="weights_1_13_addr_gep_fu_697">
<pin_list>
<pin id="698" dir="0" index="0" bw="32" slack="0"/>
<pin id="699" dir="0" index="1" bw="1" slack="0"/>
<pin id="700" dir="0" index="2" bw="5" slack="52"/>
<pin id="701" dir="1" index="3" bw="5" slack="0"/>
</pin_list>
<bind>
<opcode="getelementptr(29) " fcode="getelementptr"/>
<opset="weights_1_13_addr/53 "/>
</bind>
</comp>

<comp id="704" class="1004" name="grp_access_fu_704">
<pin_list>
<pin id="705" dir="0" index="0" bw="5" slack="0"/>
<pin id="706" dir="0" index="1" bw="32" slack="2147483647"/>
<pin id="707" dir="0" index="2" bw="0" slack="2147483647"/>
<pin id="708" dir="1" index="3" bw="32" slack="1"/>
</pin_list>
<bind>
<opcode="load(27) " fcode="load"/>
<opset="weights_1_13_load/53 "/>
</bind>
</comp>

<comp id="710" class="1004" name="weights_1_14_addr_gep_fu_710">
<pin_list>
<pin id="711" dir="0" index="0" bw="32" slack="0"/>
<pin id="712" dir="0" index="1" bw="1" slack="0"/>
<pin id="713" dir="0" index="2" bw="5" slack="56"/>
<pin id="714" dir="1" index="3" bw="5" slack="0"/>
</pin_list>
<bind>
<opcode="getelementptr(29) " fcode="getelementptr"/>
<opset="weights_1_14_addr/57 "/>
</bind>
</comp>

<comp id="717" class="1004" name="grp_access_fu_717">
<pin_list>
<pin id="718" dir="0" index="0" bw="5" slack="0"/>
<pin id="719" dir="0" index="1" bw="32" slack="2147483647"/>
<pin id="720" dir="0" index="2" bw="0" slack="2147483647"/>
<pin id="721" dir="1" index="3" bw="32" slack="1"/>
</pin_list>
<bind>
<opcode="load(27) " fcode="load"/>
<opset="weights_1_14_load/57 "/>
</bind>
</comp>

<comp id="723" class="1004" name="weights_1_15_addr_gep_fu_723">
<pin_list>
<pin id="724" dir="0" index="0" bw="32" slack="0"/>
<pin id="725" dir="0" index="1" bw="1" slack="0"/>
<pin id="726" dir="0" index="2" bw="5" slack="60"/>
<pin id="727" dir="1" index="3" bw="5" slack="0"/>
</pin_list>
<bind>
<opcode="getelementptr(29) " fcode="getelementptr"/>
<opset="weights_1_15_addr/61 "/>
</bind>
</comp>

<comp id="730" class="1004" name="grp_access_fu_730">
<pin_list>
<pin id="731" dir="0" index="0" bw="5" slack="0"/>
<pin id="732" dir="0" index="1" bw="32" slack="2147483647"/>
<pin id="733" dir="0" index="2" bw="0" slack="2147483647"/>
<pin id="734" dir="1" index="3" bw="32" slack="1"/>
</pin_list>
<bind>
<opcode="load(27) " fcode="load"/>
<opset="weights_1_15_load/61 "/>
</bind>
</comp>

<comp id="736" class="1004" name="weights_1_16_addr_gep_fu_736">
<pin_list>
<pin id="737" dir="0" index="0" bw="32" slack="0"/>
<pin id="738" dir="0" index="1" bw="1" slack="0"/>
<pin id="739" dir="0" index="2" bw="5" slack="64"/>
<pin id="740" dir="1" index="3" bw="5" slack="0"/>
</pin_list>
<bind>
<opcode="getelementptr(29) " fcode="getelementptr"/>
<opset="weights_1_16_addr/65 "/>
</bind>
</comp>

<comp id="743" class="1004" name="grp_access_fu_743">
<pin_list>
<pin id="744" dir="0" index="0" bw="5" slack="0"/>
<pin id="745" dir="0" index="1" bw="32" slack="2147483647"/>
<pin id="746" dir="0" index="2" bw="0" slack="2147483647"/>
<pin id="747" dir="1" index="3" bw="32" slack="1"/>
</pin_list>
<bind>
<opcode="load(27) " fcode="load"/>
<opset="weights_1_16_load/65 "/>
</bind>
</comp>

<comp id="749" class="1004" name="weights_1_17_addr_gep_fu_749">
<pin_list>
<pin id="750" dir="0" index="0" bw="32" slack="0"/>
<pin id="751" dir="0" index="1" bw="1" slack="0"/>
<pin id="752" dir="0" index="2" bw="5" slack="68"/>
<pin id="753" dir="1" index="3" bw="5" slack="0"/>
</pin_list>
<bind>
<opcode="getelementptr(29) " fcode="getelementptr"/>
<opset="weights_1_17_addr/69 "/>
</bind>
</comp>

<comp id="756" class="1004" name="grp_access_fu_756">
<pin_list>
<pin id="757" dir="0" index="0" bw="5" slack="0"/>
<pin id="758" dir="0" index="1" bw="32" slack="2147483647"/>
<pin id="759" dir="0" index="2" bw="0" slack="2147483647"/>
<pin id="760" dir="1" index="3" bw="32" slack="1"/>
</pin_list>
<bind>
<opcode="load(27) " fcode="load"/>
<opset="weights_1_17_load/69 "/>
</bind>
</comp>

<comp id="762" class="1004" name="weights_1_18_addr_gep_fu_762">
<pin_list>
<pin id="763" dir="0" index="0" bw="32" slack="0"/>
<pin id="764" dir="0" index="1" bw="1" slack="0"/>
<pin id="765" dir="0" index="2" bw="5" slack="72"/>
<pin id="766" dir="1" index="3" bw="5" slack="0"/>
</pin_list>
<bind>
<opcode="getelementptr(29) " fcode="getelementptr"/>
<opset="weights_1_18_addr/73 "/>
</bind>
</comp>

<comp id="769" class="1004" name="grp_access_fu_769">
<pin_list>
<pin id="770" dir="0" index="0" bw="5" slack="0"/>
<pin id="771" dir="0" index="1" bw="32" slack="2147483647"/>
<pin id="772" dir="0" index="2" bw="0" slack="2147483647"/>
<pin id="773" dir="1" index="3" bw="32" slack="1"/>
</pin_list>
<bind>
<opcode="load(27) " fcode="load"/>
<opset="weights_1_18_load/73 "/>
</bind>
</comp>

<comp id="775" class="1004" name="weights_1_19_addr_gep_fu_775">
<pin_list>
<pin id="776" dir="0" index="0" bw="32" slack="0"/>
<pin id="777" dir="0" index="1" bw="1" slack="0"/>
<pin id="778" dir="0" index="2" bw="5" slack="76"/>
<pin id="779" dir="1" index="3" bw="5" slack="0"/>
</pin_list>
<bind>
<opcode="getelementptr(29) " fcode="getelementptr"/>
<opset="weights_1_19_addr/77 "/>
</bind>
</comp>

<comp id="782" class="1004" name="grp_access_fu_782">
<pin_list>
<pin id="783" dir="0" index="0" bw="5" slack="0"/>
<pin id="784" dir="0" index="1" bw="32" slack="2147483647"/>
<pin id="785" dir="0" index="2" bw="0" slack="2147483647"/>
<pin id="786" dir="1" index="3" bw="32" slack="1"/>
</pin_list>
<bind>
<opcode="load(27) " fcode="load"/>
<opset="weights_1_19_load/77 "/>
</bind>
</comp>

<comp id="788" class="1004" name="weights_1_20_addr_gep_fu_788">
<pin_list>
<pin id="789" dir="0" index="0" bw="32" slack="0"/>
<pin id="790" dir="0" index="1" bw="1" slack="0"/>
<pin id="791" dir="0" index="2" bw="5" slack="80"/>
<pin id="792" dir="1" index="3" bw="5" slack="0"/>
</pin_list>
<bind>
<opcode="getelementptr(29) " fcode="getelementptr"/>
<opset="weights_1_20_addr/81 "/>
</bind>
</comp>

<comp id="795" class="1004" name="grp_access_fu_795">
<pin_list>
<pin id="796" dir="0" index="0" bw="5" slack="0"/>
<pin id="797" dir="0" index="1" bw="32" slack="2147483647"/>
<pin id="798" dir="0" index="2" bw="0" slack="2147483647"/>
<pin id="799" dir="1" index="3" bw="32" slack="1"/>
</pin_list>
<bind>
<opcode="load(27) " fcode="load"/>
<opset="weights_1_20_load/81 "/>
</bind>
</comp>

<comp id="801" class="1004" name="weights_1_21_addr_gep_fu_801">
<pin_list>
<pin id="802" dir="0" index="0" bw="32" slack="0"/>
<pin id="803" dir="0" index="1" bw="1" slack="0"/>
<pin id="804" dir="0" index="2" bw="5" slack="84"/>
<pin id="805" dir="1" index="3" bw="5" slack="0"/>
</pin_list>
<bind>
<opcode="getelementptr(29) " fcode="getelementptr"/>
<opset="weights_1_21_addr/85 "/>
</bind>
</comp>

<comp id="808" class="1004" name="grp_access_fu_808">
<pin_list>
<pin id="809" dir="0" index="0" bw="5" slack="0"/>
<pin id="810" dir="0" index="1" bw="32" slack="2147483647"/>
<pin id="811" dir="0" index="2" bw="0" slack="2147483647"/>
<pin id="812" dir="1" index="3" bw="32" slack="1"/>
</pin_list>
<bind>
<opcode="load(27) " fcode="load"/>
<opset="weights_1_21_load/85 "/>
</bind>
</comp>

<comp id="814" class="1004" name="weights_1_22_addr_gep_fu_814">
<pin_list>
<pin id="815" dir="0" index="0" bw="32" slack="0"/>
<pin id="816" dir="0" index="1" bw="1" slack="0"/>
<pin id="817" dir="0" index="2" bw="5" slack="88"/>
<pin id="818" dir="1" index="3" bw="5" slack="0"/>
</pin_list>
<bind>
<opcode="getelementptr(29) " fcode="getelementptr"/>
<opset="weights_1_22_addr/89 "/>
</bind>
</comp>

<comp id="821" class="1004" name="grp_access_fu_821">
<pin_list>
<pin id="822" dir="0" index="0" bw="5" slack="0"/>
<pin id="823" dir="0" index="1" bw="32" slack="2147483647"/>
<pin id="824" dir="0" index="2" bw="0" slack="2147483647"/>
<pin id="825" dir="1" index="3" bw="32" slack="1"/>
</pin_list>
<bind>
<opcode="load(27) " fcode="load"/>
<opset="weights_1_22_load/89 "/>
</bind>
</comp>

<comp id="827" class="1004" name="weights_1_23_addr_gep_fu_827">
<pin_list>
<pin id="828" dir="0" index="0" bw="32" slack="0"/>
<pin id="829" dir="0" index="1" bw="1" slack="0"/>
<pin id="830" dir="0" index="2" bw="5" slack="92"/>
<pin id="831" dir="1" index="3" bw="5" slack="0"/>
</pin_list>
<bind>
<opcode="getelementptr(29) " fcode="getelementptr"/>
<opset="weights_1_23_addr/93 "/>
</bind>
</comp>

<comp id="834" class="1004" name="grp_access_fu_834">
<pin_list>
<pin id="835" dir="0" index="0" bw="5" slack="0"/>
<pin id="836" dir="0" index="1" bw="32" slack="2147483647"/>
<pin id="837" dir="0" index="2" bw="0" slack="2147483647"/>
<pin id="838" dir="1" index="3" bw="32" slack="1"/>
</pin_list>
<bind>
<opcode="load(27) " fcode="load"/>
<opset="weights_1_23_load/93 "/>
</bind>
</comp>

<comp id="840" class="1004" name="weights_1_24_addr_gep_fu_840">
<pin_list>
<pin id="841" dir="0" index="0" bw="32" slack="0"/>
<pin id="842" dir="0" index="1" bw="1" slack="0"/>
<pin id="843" dir="0" index="2" bw="5" slack="96"/>
<pin id="844" dir="1" index="3" bw="5" slack="0"/>
</pin_list>
<bind>
<opcode="getelementptr(29) " fcode="getelementptr"/>
<opset="weights_1_24_addr/97 "/>
</bind>
</comp>

<comp id="847" class="1004" name="grp_access_fu_847">
<pin_list>
<pin id="848" dir="0" index="0" bw="5" slack="0"/>
<pin id="849" dir="0" index="1" bw="32" slack="2147483647"/>
<pin id="850" dir="0" index="2" bw="0" slack="2147483647"/>
<pin id="851" dir="1" index="3" bw="32" slack="1"/>
</pin_list>
<bind>
<opcode="load(27) " fcode="load"/>
<opset="weights_1_24_load/97 "/>
</bind>
</comp>

<comp id="853" class="1004" name="weights_1_25_addr_gep_fu_853">
<pin_list>
<pin id="854" dir="0" index="0" bw="32" slack="0"/>
<pin id="855" dir="0" index="1" bw="1" slack="0"/>
<pin id="856" dir="0" index="2" bw="5" slack="100"/>
<pin id="857" dir="1" index="3" bw="5" slack="0"/>
</pin_list>
<bind>
<opcode="getelementptr(29) " fcode="getelementptr"/>
<opset="weights_1_25_addr/101 "/>
</bind>
</comp>

<comp id="860" class="1004" name="grp_access_fu_860">
<pin_list>
<pin id="861" dir="0" index="0" bw="5" slack="0"/>
<pin id="862" dir="0" index="1" bw="32" slack="2147483647"/>
<pin id="863" dir="0" index="2" bw="0" slack="2147483647"/>
<pin id="864" dir="1" index="3" bw="32" slack="1"/>
</pin_list>
<bind>
<opcode="load(27) " fcode="load"/>
<opset="weights_1_25_load/101 "/>
</bind>
</comp>

<comp id="866" class="1004" name="weights_1_26_addr_gep_fu_866">
<pin_list>
<pin id="867" dir="0" index="0" bw="32" slack="0"/>
<pin id="868" dir="0" index="1" bw="1" slack="0"/>
<pin id="869" dir="0" index="2" bw="5" slack="104"/>
<pin id="870" dir="1" index="3" bw="5" slack="0"/>
</pin_list>
<bind>
<opcode="getelementptr(29) " fcode="getelementptr"/>
<opset="weights_1_26_addr/105 "/>
</bind>
</comp>

<comp id="873" class="1004" name="grp_access_fu_873">
<pin_list>
<pin id="874" dir="0" index="0" bw="5" slack="0"/>
<pin id="875" dir="0" index="1" bw="32" slack="2147483647"/>
<pin id="876" dir="0" index="2" bw="0" slack="2147483647"/>
<pin id="877" dir="1" index="3" bw="32" slack="1"/>
</pin_list>
<bind>
<opcode="load(27) " fcode="load"/>
<opset="weights_1_26_load/105 "/>
</bind>
</comp>

<comp id="879" class="1004" name="weights_1_27_addr_gep_fu_879">
<pin_list>
<pin id="880" dir="0" index="0" bw="32" slack="0"/>
<pin id="881" dir="0" index="1" bw="1" slack="0"/>
<pin id="882" dir="0" index="2" bw="5" slack="108"/>
<pin id="883" dir="1" index="3" bw="5" slack="0"/>
</pin_list>
<bind>
<opcode="getelementptr(29) " fcode="getelementptr"/>
<opset="weights_1_27_addr/109 "/>
</bind>
</comp>

<comp id="886" class="1004" name="grp_access_fu_886">
<pin_list>
<pin id="887" dir="0" index="0" bw="5" slack="0"/>
<pin id="888" dir="0" index="1" bw="32" slack="2147483647"/>
<pin id="889" dir="0" index="2" bw="0" slack="2147483647"/>
<pin id="890" dir="1" index="3" bw="32" slack="1"/>
</pin_list>
<bind>
<opcode="load(27) " fcode="load"/>
<opset="weights_1_27_load/109 "/>
</bind>
</comp>

<comp id="892" class="1004" name="weights_1_28_addr_gep_fu_892">
<pin_list>
<pin id="893" dir="0" index="0" bw="32" slack="0"/>
<pin id="894" dir="0" index="1" bw="1" slack="0"/>
<pin id="895" dir="0" index="2" bw="5" slack="112"/>
<pin id="896" dir="1" index="3" bw="5" slack="0"/>
</pin_list>
<bind>
<opcode="getelementptr(29) " fcode="getelementptr"/>
<opset="weights_1_28_addr/113 "/>
</bind>
</comp>

<comp id="899" class="1004" name="grp_access_fu_899">
<pin_list>
<pin id="900" dir="0" index="0" bw="5" slack="0"/>
<pin id="901" dir="0" index="1" bw="32" slack="2147483647"/>
<pin id="902" dir="0" index="2" bw="0" slack="2147483647"/>
<pin id="903" dir="1" index="3" bw="32" slack="1"/>
</pin_list>
<bind>
<opcode="load(27) " fcode="load"/>
<opset="weights_1_28_load/113 "/>
</bind>
</comp>

<comp id="905" class="1004" name="weights_1_29_addr_gep_fu_905">
<pin_list>
<pin id="906" dir="0" index="0" bw="32" slack="0"/>
<pin id="907" dir="0" index="1" bw="1" slack="0"/>
<pin id="908" dir="0" index="2" bw="5" slack="116"/>
<pin id="909" dir="1" index="3" bw="5" slack="0"/>
</pin_list>
<bind>
<opcode="getelementptr(29) " fcode="getelementptr"/>
<opset="weights_1_29_addr/117 "/>
</bind>
</comp>

<comp id="912" class="1004" name="grp_access_fu_912">
<pin_list>
<pin id="913" dir="0" index="0" bw="5" slack="0"/>
<pin id="914" dir="0" index="1" bw="32" slack="2147483647"/>
<pin id="915" dir="0" index="2" bw="0" slack="2147483647"/>
<pin id="916" dir="1" index="3" bw="32" slack="1"/>
</pin_list>
<bind>
<opcode="load(27) " fcode="load"/>
<opset="weights_1_29_load/117 "/>
</bind>
</comp>

<comp id="918" class="1004" name="weights_1_30_addr_gep_fu_918">
<pin_list>
<pin id="919" dir="0" index="0" bw="32" slack="0"/>
<pin id="920" dir="0" index="1" bw="1" slack="0"/>
<pin id="921" dir="0" index="2" bw="5" slack="120"/>
<pin id="922" dir="1" index="3" bw="5" slack="0"/>
</pin_list>
<bind>
<opcode="getelementptr(29) " fcode="getelementptr"/>
<opset="weights_1_30_addr/121 "/>
</bind>
</comp>

<comp id="925" class="1004" name="grp_access_fu_925">
<pin_list>
<pin id="926" dir="0" index="0" bw="5" slack="0"/>
<pin id="927" dir="0" index="1" bw="32" slack="2147483647"/>
<pin id="928" dir="0" index="2" bw="0" slack="2147483647"/>
<pin id="929" dir="1" index="3" bw="32" slack="1"/>
</pin_list>
<bind>
<opcode="load(27) " fcode="load"/>
<opset="weights_1_30_load/121 "/>
</bind>
</comp>

<comp id="931" class="1004" name="weights_1_31_addr_gep_fu_931">
<pin_list>
<pin id="932" dir="0" index="0" bw="32" slack="0"/>
<pin id="933" dir="0" index="1" bw="1" slack="0"/>
<pin id="934" dir="0" index="2" bw="5" slack="124"/>
<pin id="935" dir="1" index="3" bw="5" slack="0"/>
</pin_list>
<bind>
<opcode="getelementptr(29) " fcode="getelementptr"/>
<opset="weights_1_31_addr/125 "/>
</bind>
</comp>

<comp id="938" class="1004" name="grp_access_fu_938">
<pin_list>
<pin id="939" dir="0" index="0" bw="5" slack="0"/>
<pin id="940" dir="0" index="1" bw="32" slack="2147483647"/>
<pin id="941" dir="0" index="2" bw="0" slack="2147483647"/>
<pin id="942" dir="1" index="3" bw="32" slack="1"/>
</pin_list>
<bind>
<opcode="load(27) " fcode="load"/>
<opset="weights_1_31_load/125 "/>
</bind>
</comp>

<comp id="944" class="1004" name="weights_1_32_addr_gep_fu_944">
<pin_list>
<pin id="945" dir="0" index="0" bw="32" slack="0"/>
<pin id="946" dir="0" index="1" bw="1" slack="0"/>
<pin id="947" dir="0" index="2" bw="5" slack="128"/>
<pin id="948" dir="1" index="3" bw="5" slack="0"/>
</pin_list>
<bind>
<opcode="getelementptr(29) " fcode="getelementptr"/>
<opset="weights_1_32_addr/129 "/>
</bind>
</comp>

<comp id="951" class="1004" name="grp_access_fu_951">
<pin_list>
<pin id="952" dir="0" index="0" bw="5" slack="0"/>
<pin id="953" dir="0" index="1" bw="32" slack="2147483647"/>
<pin id="954" dir="0" index="2" bw="0" slack="2147483647"/>
<pin id="955" dir="1" index="3" bw="32" slack="1"/>
</pin_list>
<bind>
<opcode="load(27) " fcode="load"/>
<opset="weights_1_32_load/129 "/>
</bind>
</comp>

<comp id="957" class="1004" name="weights_1_33_addr_gep_fu_957">
<pin_list>
<pin id="958" dir="0" index="0" bw="32" slack="0"/>
<pin id="959" dir="0" index="1" bw="1" slack="0"/>
<pin id="960" dir="0" index="2" bw="5" slack="132"/>
<pin id="961" dir="1" index="3" bw="5" slack="0"/>
</pin_list>
<bind>
<opcode="getelementptr(29) " fcode="getelementptr"/>
<opset="weights_1_33_addr/133 "/>
</bind>
</comp>

<comp id="964" class="1004" name="grp_access_fu_964">
<pin_list>
<pin id="965" dir="0" index="0" bw="5" slack="0"/>
<pin id="966" dir="0" index="1" bw="32" slack="2147483647"/>
<pin id="967" dir="0" index="2" bw="0" slack="2147483647"/>
<pin id="968" dir="1" index="3" bw="32" slack="1"/>
</pin_list>
<bind>
<opcode="load(27) " fcode="load"/>
<opset="weights_1_33_load/133 "/>
</bind>
</comp>

<comp id="970" class="1004" name="weights_1_34_addr_gep_fu_970">
<pin_list>
<pin id="971" dir="0" index="0" bw="32" slack="0"/>
<pin id="972" dir="0" index="1" bw="1" slack="0"/>
<pin id="973" dir="0" index="2" bw="5" slack="136"/>
<pin id="974" dir="1" index="3" bw="5" slack="0"/>
</pin_list>
<bind>
<opcode="getelementptr(29) " fcode="getelementptr"/>
<opset="weights_1_34_addr/137 "/>
</bind>
</comp>

<comp id="977" class="1004" name="grp_access_fu_977">
<pin_list>
<pin id="978" dir="0" index="0" bw="5" slack="0"/>
<pin id="979" dir="0" index="1" bw="32" slack="2147483647"/>
<pin id="980" dir="0" index="2" bw="0" slack="2147483647"/>
<pin id="981" dir="1" index="3" bw="32" slack="1"/>
</pin_list>
<bind>
<opcode="load(27) " fcode="load"/>
<opset="weights_1_34_load/137 "/>
</bind>
</comp>

<comp id="983" class="1004" name="weights_1_35_addr_gep_fu_983">
<pin_list>
<pin id="984" dir="0" index="0" bw="32" slack="0"/>
<pin id="985" dir="0" index="1" bw="1" slack="0"/>
<pin id="986" dir="0" index="2" bw="5" slack="140"/>
<pin id="987" dir="1" index="3" bw="5" slack="0"/>
</pin_list>
<bind>
<opcode="getelementptr(29) " fcode="getelementptr"/>
<opset="weights_1_35_addr/141 "/>
</bind>
</comp>

<comp id="990" class="1004" name="grp_access_fu_990">
<pin_list>
<pin id="991" dir="0" index="0" bw="5" slack="0"/>
<pin id="992" dir="0" index="1" bw="32" slack="2147483647"/>
<pin id="993" dir="0" index="2" bw="0" slack="2147483647"/>
<pin id="994" dir="1" index="3" bw="32" slack="1"/>
</pin_list>
<bind>
<opcode="load(27) " fcode="load"/>
<opset="weights_1_35_load/141 "/>
</bind>
</comp>

<comp id="996" class="1004" name="weights_1_36_addr_gep_fu_996">
<pin_list>
<pin id="997" dir="0" index="0" bw="32" slack="0"/>
<pin id="998" dir="0" index="1" bw="1" slack="0"/>
<pin id="999" dir="0" index="2" bw="5" slack="144"/>
<pin id="1000" dir="1" index="3" bw="5" slack="0"/>
</pin_list>
<bind>
<opcode="getelementptr(29) " fcode="getelementptr"/>
<opset="weights_1_36_addr/145 "/>
</bind>
</comp>

<comp id="1003" class="1004" name="grp_access_fu_1003">
<pin_list>
<pin id="1004" dir="0" index="0" bw="5" slack="0"/>
<pin id="1005" dir="0" index="1" bw="32" slack="2147483647"/>
<pin id="1006" dir="0" index="2" bw="0" slack="2147483647"/>
<pin id="1007" dir="1" index="3" bw="32" slack="1"/>
</pin_list>
<bind>
<opcode="load(27) " fcode="load"/>
<opset="weights_1_36_load/145 "/>
</bind>
</comp>

<comp id="1009" class="1004" name="weights_1_37_addr_gep_fu_1009">
<pin_list>
<pin id="1010" dir="0" index="0" bw="32" slack="0"/>
<pin id="1011" dir="0" index="1" bw="1" slack="0"/>
<pin id="1012" dir="0" index="2" bw="5" slack="148"/>
<pin id="1013" dir="1" index="3" bw="5" slack="0"/>
</pin_list>
<bind>
<opcode="getelementptr(29) " fcode="getelementptr"/>
<opset="weights_1_37_addr/149 "/>
</bind>
</comp>

<comp id="1016" class="1004" name="grp_access_fu_1016">
<pin_list>
<pin id="1017" dir="0" index="0" bw="5" slack="0"/>
<pin id="1018" dir="0" index="1" bw="32" slack="2147483647"/>
<pin id="1019" dir="0" index="2" bw="0" slack="2147483647"/>
<pin id="1020" dir="1" index="3" bw="32" slack="1"/>
</pin_list>
<bind>
<opcode="load(27) " fcode="load"/>
<opset="weights_1_37_load/149 "/>
</bind>
</comp>

<comp id="1022" class="1004" name="weights_1_38_addr_gep_fu_1022">
<pin_list>
<pin id="1023" dir="0" index="0" bw="32" slack="0"/>
<pin id="1024" dir="0" index="1" bw="1" slack="0"/>
<pin id="1025" dir="0" index="2" bw="5" slack="152"/>
<pin id="1026" dir="1" index="3" bw="5" slack="0"/>
</pin_list>
<bind>
<opcode="getelementptr(29) " fcode="getelementptr"/>
<opset="weights_1_38_addr/153 "/>
</bind>
</comp>

<comp id="1029" class="1004" name="grp_access_fu_1029">
<pin_list>
<pin id="1030" dir="0" index="0" bw="5" slack="0"/>
<pin id="1031" dir="0" index="1" bw="32" slack="2147483647"/>
<pin id="1032" dir="0" index="2" bw="0" slack="2147483647"/>
<pin id="1033" dir="1" index="3" bw="32" slack="1"/>
</pin_list>
<bind>
<opcode="load(27) " fcode="load"/>
<opset="weights_1_38_load/153 "/>
</bind>
</comp>

<comp id="1035" class="1004" name="weights_1_39_addr_gep_fu_1035">
<pin_list>
<pin id="1036" dir="0" index="0" bw="32" slack="0"/>
<pin id="1037" dir="0" index="1" bw="1" slack="0"/>
<pin id="1038" dir="0" index="2" bw="5" slack="156"/>
<pin id="1039" dir="1" index="3" bw="5" slack="0"/>
</pin_list>
<bind>
<opcode="getelementptr(29) " fcode="getelementptr"/>
<opset="weights_1_39_addr/157 "/>
</bind>
</comp>

<comp id="1042" class="1004" name="grp_access_fu_1042">
<pin_list>
<pin id="1043" dir="0" index="0" bw="5" slack="0"/>
<pin id="1044" dir="0" index="1" bw="32" slack="2147483647"/>
<pin id="1045" dir="0" index="2" bw="0" slack="2147483647"/>
<pin id="1046" dir="1" index="3" bw="32" slack="1"/>
</pin_list>
<bind>
<opcode="load(27) " fcode="load"/>
<opset="weights_1_39_load/157 "/>
</bind>
</comp>

<comp id="1048" class="1004" name="weights_1_40_addr_gep_fu_1048">
<pin_list>
<pin id="1049" dir="0" index="0" bw="32" slack="0"/>
<pin id="1050" dir="0" index="1" bw="1" slack="0"/>
<pin id="1051" dir="0" index="2" bw="5" slack="160"/>
<pin id="1052" dir="1" index="3" bw="5" slack="0"/>
</pin_list>
<bind>
<opcode="getelementptr(29) " fcode="getelementptr"/>
<opset="weights_1_40_addr/161 "/>
</bind>
</comp>

<comp id="1055" class="1004" name="grp_access_fu_1055">
<pin_list>
<pin id="1056" dir="0" index="0" bw="5" slack="0"/>
<pin id="1057" dir="0" index="1" bw="32" slack="2147483647"/>
<pin id="1058" dir="0" index="2" bw="0" slack="2147483647"/>
<pin id="1059" dir="1" index="3" bw="32" slack="1"/>
</pin_list>
<bind>
<opcode="load(27) " fcode="load"/>
<opset="weights_1_40_load/161 "/>
</bind>
</comp>

<comp id="1061" class="1004" name="weights_1_41_addr_gep_fu_1061">
<pin_list>
<pin id="1062" dir="0" index="0" bw="32" slack="0"/>
<pin id="1063" dir="0" index="1" bw="1" slack="0"/>
<pin id="1064" dir="0" index="2" bw="5" slack="164"/>
<pin id="1065" dir="1" index="3" bw="5" slack="0"/>
</pin_list>
<bind>
<opcode="getelementptr(29) " fcode="getelementptr"/>
<opset="weights_1_41_addr/165 "/>
</bind>
</comp>

<comp id="1068" class="1004" name="grp_access_fu_1068">
<pin_list>
<pin id="1069" dir="0" index="0" bw="5" slack="0"/>
<pin id="1070" dir="0" index="1" bw="32" slack="2147483647"/>
<pin id="1071" dir="0" index="2" bw="0" slack="2147483647"/>
<pin id="1072" dir="1" index="3" bw="32" slack="1"/>
</pin_list>
<bind>
<opcode="load(27) " fcode="load"/>
<opset="weights_1_41_load/165 "/>
</bind>
</comp>

<comp id="1074" class="1004" name="weights_1_42_addr_gep_fu_1074">
<pin_list>
<pin id="1075" dir="0" index="0" bw="32" slack="0"/>
<pin id="1076" dir="0" index="1" bw="1" slack="0"/>
<pin id="1077" dir="0" index="2" bw="5" slack="168"/>
<pin id="1078" dir="1" index="3" bw="5" slack="0"/>
</pin_list>
<bind>
<opcode="getelementptr(29) " fcode="getelementptr"/>
<opset="weights_1_42_addr/169 "/>
</bind>
</comp>

<comp id="1081" class="1004" name="grp_access_fu_1081">
<pin_list>
<pin id="1082" dir="0" index="0" bw="5" slack="0"/>
<pin id="1083" dir="0" index="1" bw="32" slack="2147483647"/>
<pin id="1084" dir="0" index="2" bw="0" slack="2147483647"/>
<pin id="1085" dir="1" index="3" bw="32" slack="1"/>
</pin_list>
<bind>
<opcode="load(27) " fcode="load"/>
<opset="weights_1_42_load/169 "/>
</bind>
</comp>

<comp id="1087" class="1004" name="weights_1_43_addr_gep_fu_1087">
<pin_list>
<pin id="1088" dir="0" index="0" bw="32" slack="0"/>
<pin id="1089" dir="0" index="1" bw="1" slack="0"/>
<pin id="1090" dir="0" index="2" bw="5" slack="172"/>
<pin id="1091" dir="1" index="3" bw="5" slack="0"/>
</pin_list>
<bind>
<opcode="getelementptr(29) " fcode="getelementptr"/>
<opset="weights_1_43_addr/173 "/>
</bind>
</comp>

<comp id="1094" class="1004" name="grp_access_fu_1094">
<pin_list>
<pin id="1095" dir="0" index="0" bw="5" slack="0"/>
<pin id="1096" dir="0" index="1" bw="32" slack="2147483647"/>
<pin id="1097" dir="0" index="2" bw="0" slack="2147483647"/>
<pin id="1098" dir="1" index="3" bw="32" slack="1"/>
</pin_list>
<bind>
<opcode="load(27) " fcode="load"/>
<opset="weights_1_43_load/173 "/>
</bind>
</comp>

<comp id="1100" class="1004" name="weights_1_44_addr_gep_fu_1100">
<pin_list>
<pin id="1101" dir="0" index="0" bw="32" slack="0"/>
<pin id="1102" dir="0" index="1" bw="1" slack="0"/>
<pin id="1103" dir="0" index="2" bw="5" slack="176"/>
<pin id="1104" dir="1" index="3" bw="5" slack="0"/>
</pin_list>
<bind>
<opcode="getelementptr(29) " fcode="getelementptr"/>
<opset="weights_1_44_addr/177 "/>
</bind>
</comp>

<comp id="1107" class="1004" name="grp_access_fu_1107">
<pin_list>
<pin id="1108" dir="0" index="0" bw="5" slack="0"/>
<pin id="1109" dir="0" index="1" bw="32" slack="2147483647"/>
<pin id="1110" dir="0" index="2" bw="0" slack="2147483647"/>
<pin id="1111" dir="1" index="3" bw="32" slack="1"/>
</pin_list>
<bind>
<opcode="load(27) " fcode="load"/>
<opset="weights_1_44_load/177 "/>
</bind>
</comp>

<comp id="1113" class="1004" name="weights_1_45_addr_gep_fu_1113">
<pin_list>
<pin id="1114" dir="0" index="0" bw="32" slack="0"/>
<pin id="1115" dir="0" index="1" bw="1" slack="0"/>
<pin id="1116" dir="0" index="2" bw="5" slack="180"/>
<pin id="1117" dir="1" index="3" bw="5" slack="0"/>
</pin_list>
<bind>
<opcode="getelementptr(29) " fcode="getelementptr"/>
<opset="weights_1_45_addr/181 "/>
</bind>
</comp>

<comp id="1120" class="1004" name="grp_access_fu_1120">
<pin_list>
<pin id="1121" dir="0" index="0" bw="5" slack="0"/>
<pin id="1122" dir="0" index="1" bw="32" slack="2147483647"/>
<pin id="1123" dir="0" index="2" bw="0" slack="2147483647"/>
<pin id="1124" dir="1" index="3" bw="32" slack="1"/>
</pin_list>
<bind>
<opcode="load(27) " fcode="load"/>
<opset="weights_1_45_load/181 "/>
</bind>
</comp>

<comp id="1126" class="1004" name="weights_1_46_addr_gep_fu_1126">
<pin_list>
<pin id="1127" dir="0" index="0" bw="32" slack="0"/>
<pin id="1128" dir="0" index="1" bw="1" slack="0"/>
<pin id="1129" dir="0" index="2" bw="5" slack="184"/>
<pin id="1130" dir="1" index="3" bw="5" slack="0"/>
</pin_list>
<bind>
<opcode="getelementptr(29) " fcode="getelementptr"/>
<opset="weights_1_46_addr/185 "/>
</bind>
</comp>

<comp id="1133" class="1004" name="grp_access_fu_1133">
<pin_list>
<pin id="1134" dir="0" index="0" bw="5" slack="0"/>
<pin id="1135" dir="0" index="1" bw="32" slack="2147483647"/>
<pin id="1136" dir="0" index="2" bw="0" slack="2147483647"/>
<pin id="1137" dir="1" index="3" bw="32" slack="1"/>
</pin_list>
<bind>
<opcode="load(27) " fcode="load"/>
<opset="weights_1_46_load/185 "/>
</bind>
</comp>

<comp id="1139" class="1004" name="weights_1_47_addr_gep_fu_1139">
<pin_list>
<pin id="1140" dir="0" index="0" bw="32" slack="0"/>
<pin id="1141" dir="0" index="1" bw="1" slack="0"/>
<pin id="1142" dir="0" index="2" bw="5" slack="188"/>
<pin id="1143" dir="1" index="3" bw="5" slack="0"/>
</pin_list>
<bind>
<opcode="getelementptr(29) " fcode="getelementptr"/>
<opset="weights_1_47_addr/189 "/>
</bind>
</comp>

<comp id="1146" class="1004" name="grp_access_fu_1146">
<pin_list>
<pin id="1147" dir="0" index="0" bw="5" slack="0"/>
<pin id="1148" dir="0" index="1" bw="32" slack="2147483647"/>
<pin id="1149" dir="0" index="2" bw="0" slack="2147483647"/>
<pin id="1150" dir="1" index="3" bw="32" slack="1"/>
</pin_list>
<bind>
<opcode="load(27) " fcode="load"/>
<opset="weights_1_47_load/189 "/>
</bind>
</comp>

<comp id="1152" class="1004" name="hidden_bias_1_addr_gep_fu_1152">
<pin_list>
<pin id="1153" dir="0" index="0" bw="32" slack="0"/>
<pin id="1154" dir="0" index="1" bw="1" slack="0"/>
<pin id="1155" dir="0" index="2" bw="5" slack="196"/>
<pin id="1156" dir="1" index="3" bw="5" slack="0"/>
</pin_list>
<bind>
<opcode="getelementptr(29) " fcode="getelementptr"/>
<opset="hidden_bias_1_addr/197 "/>
</bind>
</comp>

<comp id="1159" class="1004" name="grp_access_fu_1159">
<pin_list>
<pin id="1160" dir="0" index="0" bw="5" slack="0"/>
<pin id="1161" dir="0" index="1" bw="32" slack="2147483647"/>
<pin id="1162" dir="0" index="2" bw="0" slack="2147483647"/>
<pin id="1163" dir="1" index="3" bw="32" slack="0"/>
</pin_list>
<bind>
<opcode="load(27) " fcode="load"/>
<opset="hidden_bias_1_load/197 "/>
</bind>
</comp>

<comp id="1165" class="1004" name="hidden_layer_1_addr_gep_fu_1165">
<pin_list>
<pin id="1166" dir="0" index="0" bw="32" slack="0"/>
<pin id="1167" dir="0" index="1" bw="1" slack="0"/>
<pin id="1168" dir="0" index="2" bw="5" slack="202"/>
<pin id="1169" dir="1" index="3" bw="5" slack="0"/>
</pin_list>
<bind>
<opcode="getelementptr(29) " fcode="getelementptr"/>
<opset="hidden_layer_1_addr/203 "/>
</bind>
</comp>

<comp id="1172" class="1004" name="store_ln84_access_fu_1172">
<pin_list>
<pin id="1173" dir="0" index="0" bw="5" slack="0"/>
<pin id="1174" dir="0" index="1" bw="32" slack="0"/>
<pin id="1175" dir="0" index="2" bw="0" slack="2147483647"/>
<pin id="1176" dir="1" index="3" bw="32" slack="2147483647"/>
</pin_list>
<bind>
<opcode="store(28) " fcode="store"/>
<opset="store_ln84/203 "/>
</bind>
</comp>

<comp id="1178" class="1004" name="grp_fu_1178">
<pin_list>
<pin id="1179" dir="0" index="0" bw="32" slack="1"/>
<pin id="1180" dir="0" index="1" bw="32" slack="0"/>
<pin id="1181" dir="1" index="2" bw="32" slack="1"/>
</pin_list>
<bind>
<opcode="fadd(9) " fcode="fadd"/>
<opset="add1/6 "/>
</bind>
</comp>

<comp id="1183" class="1004" name="grp_fu_1183">
<pin_list>
<pin id="1184" dir="0" index="0" bw="32" slack="1"/>
<pin id="1185" dir="0" index="1" bw="32" slack="1"/>
<pin id="1186" dir="1" index="2" bw="32" slack="1"/>
</pin_list>
<bind>
<opcode="fadd(9) " fcode="fadd"/>
<opset="add1_1/10 "/>
</bind>
</comp>

<comp id="1187" class="1004" name="grp_fu_1187">
<pin_list>
<pin id="1188" dir="0" index="0" bw="32" slack="1"/>
<pin id="1189" dir="0" index="1" bw="32" slack="1"/>
<pin id="1190" dir="1" index="2" bw="32" slack="1"/>
</pin_list>
<bind>
<opcode="fadd(9) " fcode="fadd"/>
<opset="add1_2/14 "/>
</bind>
</comp>

<comp id="1191" class="1004" name="grp_fu_1191">
<pin_list>
<pin id="1192" dir="0" index="0" bw="32" slack="1"/>
<pin id="1193" dir="0" index="1" bw="32" slack="1"/>
<pin id="1194" dir="1" index="2" bw="32" slack="1"/>
</pin_list>
<bind>
<opcode="fadd(9) " fcode="fadd"/>
<opset="add1_3/18 "/>
</bind>
</comp>

<comp id="1195" class="1004" name="grp_fu_1195">
<pin_list>
<pin id="1196" dir="0" index="0" bw="32" slack="1"/>
<pin id="1197" dir="0" index="1" bw="32" slack="1"/>
<pin id="1198" dir="1" index="2" bw="32" slack="1"/>
</pin_list>
<bind>
<opcode="fadd(9) " fcode="fadd"/>
<opset="add1_4/22 "/>
</bind>
</comp>

<comp id="1199" class="1004" name="grp_fu_1199">
<pin_list>
<pin id="1200" dir="0" index="0" bw="32" slack="1"/>
<pin id="1201" dir="0" index="1" bw="32" slack="1"/>
<pin id="1202" dir="1" index="2" bw="32" slack="1"/>
</pin_list>
<bind>
<opcode="fadd(9) " fcode="fadd"/>
<opset="add1_5/26 "/>
</bind>
</comp>

<comp id="1203" class="1004" name="grp_fu_1203">
<pin_list>
<pin id="1204" dir="0" index="0" bw="32" slack="1"/>
<pin id="1205" dir="0" index="1" bw="32" slack="1"/>
<pin id="1206" dir="1" index="2" bw="32" slack="1"/>
</pin_list>
<bind>
<opcode="fadd(9) " fcode="fadd"/>
<opset="add1_6/30 "/>
</bind>
</comp>

<comp id="1207" class="1004" name="grp_fu_1207">
<pin_list>
<pin id="1208" dir="0" index="0" bw="32" slack="1"/>
<pin id="1209" dir="0" index="1" bw="32" slack="1"/>
<pin id="1210" dir="1" index="2" bw="32" slack="1"/>
</pin_list>
<bind>
<opcode="fadd(9) " fcode="fadd"/>
<opset="add1_7/34 "/>
</bind>
</comp>

<comp id="1211" class="1004" name="grp_fu_1211">
<pin_list>
<pin id="1212" dir="0" index="0" bw="32" slack="1"/>
<pin id="1213" dir="0" index="1" bw="32" slack="1"/>
<pin id="1214" dir="1" index="2" bw="32" slack="1"/>
</pin_list>
<bind>
<opcode="fadd(9) " fcode="fadd"/>
<opset="add1_8/38 "/>
</bind>
</comp>

<comp id="1215" class="1004" name="grp_fu_1215">
<pin_list>
<pin id="1216" dir="0" index="0" bw="32" slack="1"/>
<pin id="1217" dir="0" index="1" bw="32" slack="1"/>
<pin id="1218" dir="1" index="2" bw="32" slack="1"/>
</pin_list>
<bind>
<opcode="fadd(9) " fcode="fadd"/>
<opset="add1_9/42 "/>
</bind>
</comp>

<comp id="1219" class="1004" name="grp_fu_1219">
<pin_list>
<pin id="1220" dir="0" index="0" bw="32" slack="1"/>
<pin id="1221" dir="0" index="1" bw="32" slack="1"/>
<pin id="1222" dir="1" index="2" bw="32" slack="1"/>
</pin_list>
<bind>
<opcode="fadd(9) " fcode="fadd"/>
<opset="add1_s/46 "/>
</bind>
</comp>

<comp id="1223" class="1004" name="grp_fu_1223">
<pin_list>
<pin id="1224" dir="0" index="0" bw="32" slack="1"/>
<pin id="1225" dir="0" index="1" bw="32" slack="1"/>
<pin id="1226" dir="1" index="2" bw="32" slack="1"/>
</pin_list>
<bind>
<opcode="fadd(9) " fcode="fadd"/>
<opset="add1_10/50 "/>
</bind>
</comp>

<comp id="1227" class="1004" name="grp_fu_1227">
<pin_list>
<pin id="1228" dir="0" index="0" bw="32" slack="1"/>
<pin id="1229" dir="0" index="1" bw="32" slack="1"/>
<pin id="1230" dir="1" index="2" bw="32" slack="1"/>
</pin_list>
<bind>
<opcode="fadd(9) " fcode="fadd"/>
<opset="add1_11/54 "/>
</bind>
</comp>

<comp id="1231" class="1004" name="grp_fu_1231">
<pin_list>
<pin id="1232" dir="0" index="0" bw="32" slack="1"/>
<pin id="1233" dir="0" index="1" bw="32" slack="1"/>
<pin id="1234" dir="1" index="2" bw="32" slack="1"/>
</pin_list>
<bind>
<opcode="fadd(9) " fcode="fadd"/>
<opset="add1_12/58 "/>
</bind>
</comp>

<comp id="1235" class="1004" name="grp_fu_1235">
<pin_list>
<pin id="1236" dir="0" index="0" bw="32" slack="1"/>
<pin id="1237" dir="0" index="1" bw="32" slack="1"/>
<pin id="1238" dir="1" index="2" bw="32" slack="1"/>
</pin_list>
<bind>
<opcode="fadd(9) " fcode="fadd"/>
<opset="add1_13/62 "/>
</bind>
</comp>

<comp id="1239" class="1004" name="grp_fu_1239">
<pin_list>
<pin id="1240" dir="0" index="0" bw="32" slack="1"/>
<pin id="1241" dir="0" index="1" bw="32" slack="1"/>
<pin id="1242" dir="1" index="2" bw="32" slack="1"/>
</pin_list>
<bind>
<opcode="fadd(9) " fcode="fadd"/>
<opset="add1_14/66 "/>
</bind>
</comp>

<comp id="1243" class="1004" name="grp_fu_1243">
<pin_list>
<pin id="1244" dir="0" index="0" bw="32" slack="1"/>
<pin id="1245" dir="0" index="1" bw="32" slack="1"/>
<pin id="1246" dir="1" index="2" bw="32" slack="1"/>
</pin_list>
<bind>
<opcode="fadd(9) " fcode="fadd"/>
<opset="add1_15/70 "/>
</bind>
</comp>

<comp id="1247" class="1004" name="grp_fu_1247">
<pin_list>
<pin id="1248" dir="0" index="0" bw="32" slack="1"/>
<pin id="1249" dir="0" index="1" bw="32" slack="1"/>
<pin id="1250" dir="1" index="2" bw="32" slack="1"/>
</pin_list>
<bind>
<opcode="fadd(9) " fcode="fadd"/>
<opset="add1_16/74 "/>
</bind>
</comp>

<comp id="1251" class="1004" name="grp_fu_1251">
<pin_list>
<pin id="1252" dir="0" index="0" bw="32" slack="1"/>
<pin id="1253" dir="0" index="1" bw="32" slack="1"/>
<pin id="1254" dir="1" index="2" bw="32" slack="1"/>
</pin_list>
<bind>
<opcode="fadd(9) " fcode="fadd"/>
<opset="add1_17/78 "/>
</bind>
</comp>

<comp id="1255" class="1004" name="grp_fu_1255">
<pin_list>
<pin id="1256" dir="0" index="0" bw="32" slack="1"/>
<pin id="1257" dir="0" index="1" bw="32" slack="1"/>
<pin id="1258" dir="1" index="2" bw="32" slack="1"/>
</pin_list>
<bind>
<opcode="fadd(9) " fcode="fadd"/>
<opset="add1_18/82 "/>
</bind>
</comp>

<comp id="1259" class="1004" name="grp_fu_1259">
<pin_list>
<pin id="1260" dir="0" index="0" bw="32" slack="1"/>
<pin id="1261" dir="0" index="1" bw="32" slack="1"/>
<pin id="1262" dir="1" index="2" bw="32" slack="1"/>
</pin_list>
<bind>
<opcode="fadd(9) " fcode="fadd"/>
<opset="add1_19/86 "/>
</bind>
</comp>

<comp id="1263" class="1004" name="grp_fu_1263">
<pin_list>
<pin id="1264" dir="0" index="0" bw="32" slack="1"/>
<pin id="1265" dir="0" index="1" bw="32" slack="1"/>
<pin id="1266" dir="1" index="2" bw="32" slack="1"/>
</pin_list>
<bind>
<opcode="fadd(9) " fcode="fadd"/>
<opset="add1_20/90 "/>
</bind>
</comp>

<comp id="1267" class="1004" name="grp_fu_1267">
<pin_list>
<pin id="1268" dir="0" index="0" bw="32" slack="1"/>
<pin id="1269" dir="0" index="1" bw="32" slack="1"/>
<pin id="1270" dir="1" index="2" bw="32" slack="1"/>
</pin_list>
<bind>
<opcode="fadd(9) " fcode="fadd"/>
<opset="add1_21/94 "/>
</bind>
</comp>

<comp id="1271" class="1004" name="grp_fu_1271">
<pin_list>
<pin id="1272" dir="0" index="0" bw="32" slack="1"/>
<pin id="1273" dir="0" index="1" bw="32" slack="1"/>
<pin id="1274" dir="1" index="2" bw="32" slack="1"/>
</pin_list>
<bind>
<opcode="fadd(9) " fcode="fadd"/>
<opset="add1_22/98 "/>
</bind>
</comp>

<comp id="1275" class="1004" name="grp_fu_1275">
<pin_list>
<pin id="1276" dir="0" index="0" bw="32" slack="1"/>
<pin id="1277" dir="0" index="1" bw="32" slack="1"/>
<pin id="1278" dir="1" index="2" bw="32" slack="1"/>
</pin_list>
<bind>
<opcode="fadd(9) " fcode="fadd"/>
<opset="add1_23/102 "/>
</bind>
</comp>

<comp id="1279" class="1004" name="grp_fu_1279">
<pin_list>
<pin id="1280" dir="0" index="0" bw="32" slack="1"/>
<pin id="1281" dir="0" index="1" bw="32" slack="1"/>
<pin id="1282" dir="1" index="2" bw="32" slack="1"/>
</pin_list>
<bind>
<opcode="fadd(9) " fcode="fadd"/>
<opset="add1_24/106 "/>
</bind>
</comp>

<comp id="1283" class="1004" name="grp_fu_1283">
<pin_list>
<pin id="1284" dir="0" index="0" bw="32" slack="1"/>
<pin id="1285" dir="0" index="1" bw="32" slack="1"/>
<pin id="1286" dir="1" index="2" bw="32" slack="1"/>
</pin_list>
<bind>
<opcode="fadd(9) " fcode="fadd"/>
<opset="add1_25/110 "/>
</bind>
</comp>

<comp id="1287" class="1004" name="grp_fu_1287">
<pin_list>
<pin id="1288" dir="0" index="0" bw="32" slack="1"/>
<pin id="1289" dir="0" index="1" bw="32" slack="1"/>
<pin id="1290" dir="1" index="2" bw="32" slack="1"/>
</pin_list>
<bind>
<opcode="fadd(9) " fcode="fadd"/>
<opset="add1_26/114 "/>
</bind>
</comp>

<comp id="1291" class="1004" name="grp_fu_1291">
<pin_list>
<pin id="1292" dir="0" index="0" bw="32" slack="1"/>
<pin id="1293" dir="0" index="1" bw="32" slack="1"/>
<pin id="1294" dir="1" index="2" bw="32" slack="1"/>
</pin_list>
<bind>
<opcode="fadd(9) " fcode="fadd"/>
<opset="add1_27/118 "/>
</bind>
</comp>

<comp id="1295" class="1004" name="grp_fu_1295">
<pin_list>
<pin id="1296" dir="0" index="0" bw="32" slack="1"/>
<pin id="1297" dir="0" index="1" bw="32" slack="1"/>
<pin id="1298" dir="1" index="2" bw="32" slack="1"/>
</pin_list>
<bind>
<opcode="fadd(9) " fcode="fadd"/>
<opset="add1_28/122 "/>
</bind>
</comp>

<comp id="1299" class="1004" name="grp_fu_1299">
<pin_list>
<pin id="1300" dir="0" index="0" bw="32" slack="1"/>
<pin id="1301" dir="0" index="1" bw="32" slack="1"/>
<pin id="1302" dir="1" index="2" bw="32" slack="1"/>
</pin_list>
<bind>
<opcode="fadd(9) " fcode="fadd"/>
<opset="add1_29/126 "/>
</bind>
</comp>

<comp id="1303" class="1004" name="grp_fu_1303">
<pin_list>
<pin id="1304" dir="0" index="0" bw="32" slack="1"/>
<pin id="1305" dir="0" index="1" bw="32" slack="1"/>
<pin id="1306" dir="1" index="2" bw="32" slack="1"/>
</pin_list>
<bind>
<opcode="fadd(9) " fcode="fadd"/>
<opset="add1_30/130 "/>
</bind>
</comp>

<comp id="1307" class="1004" name="grp_fu_1307">
<pin_list>
<pin id="1308" dir="0" index="0" bw="32" slack="1"/>
<pin id="1309" dir="0" index="1" bw="32" slack="1"/>
<pin id="1310" dir="1" index="2" bw="32" slack="1"/>
</pin_list>
<bind>
<opcode="fadd(9) " fcode="fadd"/>
<opset="add1_31/134 "/>
</bind>
</comp>

<comp id="1311" class="1004" name="grp_fu_1311">
<pin_list>
<pin id="1312" dir="0" index="0" bw="32" slack="1"/>
<pin id="1313" dir="0" index="1" bw="32" slack="1"/>
<pin id="1314" dir="1" index="2" bw="32" slack="1"/>
</pin_list>
<bind>
<opcode="fadd(9) " fcode="fadd"/>
<opset="add1_32/138 "/>
</bind>
</comp>

<comp id="1315" class="1004" name="grp_fu_1315">
<pin_list>
<pin id="1316" dir="0" index="0" bw="32" slack="1"/>
<pin id="1317" dir="0" index="1" bw="32" slack="1"/>
<pin id="1318" dir="1" index="2" bw="32" slack="1"/>
</pin_list>
<bind>
<opcode="fadd(9) " fcode="fadd"/>
<opset="add1_33/142 "/>
</bind>
</comp>

<comp id="1319" class="1004" name="grp_fu_1319">
<pin_list>
<pin id="1320" dir="0" index="0" bw="32" slack="1"/>
<pin id="1321" dir="0" index="1" bw="32" slack="1"/>
<pin id="1322" dir="1" index="2" bw="32" slack="1"/>
</pin_list>
<bind>
<opcode="fadd(9) " fcode="fadd"/>
<opset="add1_34/146 "/>
</bind>
</comp>

<comp id="1323" class="1004" name="grp_fu_1323">
<pin_list>
<pin id="1324" dir="0" index="0" bw="32" slack="1"/>
<pin id="1325" dir="0" index="1" bw="32" slack="1"/>
<pin id="1326" dir="1" index="2" bw="32" slack="1"/>
</pin_list>
<bind>
<opcode="fadd(9) " fcode="fadd"/>
<opset="add1_35/150 "/>
</bind>
</comp>

<comp id="1327" class="1004" name="grp_fu_1327">
<pin_list>
<pin id="1328" dir="0" index="0" bw="32" slack="1"/>
<pin id="1329" dir="0" index="1" bw="32" slack="1"/>
<pin id="1330" dir="1" index="2" bw="32" slack="1"/>
</pin_list>
<bind>
<opcode="fadd(9) " fcode="fadd"/>
<opset="add1_36/154 "/>
</bind>
</comp>

<comp id="1331" class="1004" name="grp_fu_1331">
<pin_list>
<pin id="1332" dir="0" index="0" bw="32" slack="1"/>
<pin id="1333" dir="0" index="1" bw="32" slack="1"/>
<pin id="1334" dir="1" index="2" bw="32" slack="1"/>
</pin_list>
<bind>
<opcode="fadd(9) " fcode="fadd"/>
<opset="add1_37/158 "/>
</bind>
</comp>

<comp id="1335" class="1004" name="grp_fu_1335">
<pin_list>
<pin id="1336" dir="0" index="0" bw="32" slack="1"/>
<pin id="1337" dir="0" index="1" bw="32" slack="1"/>
<pin id="1338" dir="1" index="2" bw="32" slack="1"/>
</pin_list>
<bind>
<opcode="fadd(9) " fcode="fadd"/>
<opset="add1_38/162 "/>
</bind>
</comp>

<comp id="1339" class="1004" name="grp_fu_1339">
<pin_list>
<pin id="1340" dir="0" index="0" bw="32" slack="1"/>
<pin id="1341" dir="0" index="1" bw="32" slack="1"/>
<pin id="1342" dir="1" index="2" bw="32" slack="1"/>
</pin_list>
<bind>
<opcode="fadd(9) " fcode="fadd"/>
<opset="add1_39/166 "/>
</bind>
</comp>

<comp id="1343" class="1004" name="grp_fu_1343">
<pin_list>
<pin id="1344" dir="0" index="0" bw="32" slack="1"/>
<pin id="1345" dir="0" index="1" bw="32" slack="1"/>
<pin id="1346" dir="1" index="2" bw="32" slack="1"/>
</pin_list>
<bind>
<opcode="fadd(9) " fcode="fadd"/>
<opset="add1_40/170 "/>
</bind>
</comp>

<comp id="1347" class="1004" name="grp_fu_1347">
<pin_list>
<pin id="1348" dir="0" index="0" bw="32" slack="1"/>
<pin id="1349" dir="0" index="1" bw="32" slack="1"/>
<pin id="1350" dir="1" index="2" bw="32" slack="1"/>
</pin_list>
<bind>
<opcode="fadd(9) " fcode="fadd"/>
<opset="add1_41/174 "/>
</bind>
</comp>

<comp id="1351" class="1004" name="grp_fu_1351">
<pin_list>
<pin id="1352" dir="0" index="0" bw="32" slack="1"/>
<pin id="1353" dir="0" index="1" bw="32" slack="1"/>
<pin id="1354" dir="1" index="2" bw="32" slack="1"/>
</pin_list>
<bind>
<opcode="fadd(9) " fcode="fadd"/>
<opset="add1_42/178 "/>
</bind>
</comp>

<comp id="1355" class="1004" name="grp_fu_1355">
<pin_list>
<pin id="1356" dir="0" index="0" bw="32" slack="1"/>
<pin id="1357" dir="0" index="1" bw="32" slack="1"/>
<pin id="1358" dir="1" index="2" bw="32" slack="1"/>
</pin_list>
<bind>
<opcode="fadd(9) " fcode="fadd"/>
<opset="add1_43/182 "/>
</bind>
</comp>

<comp id="1359" class="1004" name="grp_fu_1359">
<pin_list>
<pin id="1360" dir="0" index="0" bw="32" slack="1"/>
<pin id="1361" dir="0" index="1" bw="32" slack="1"/>
<pin id="1362" dir="1" index="2" bw="32" slack="1"/>
</pin_list>
<bind>
<opcode="fadd(9) " fcode="fadd"/>
<opset="add1_44/186 "/>
</bind>
</comp>

<comp id="1363" class="1004" name="grp_fu_1363">
<pin_list>
<pin id="1364" dir="0" index="0" bw="32" slack="1"/>
<pin id="1365" dir="0" index="1" bw="32" slack="1"/>
<pin id="1366" dir="1" index="2" bw="32" slack="1"/>
</pin_list>
<bind>
<opcode="fadd(9) " fcode="fadd"/>
<opset="add1_45/190 "/>
</bind>
</comp>

<comp id="1367" class="1004" name="grp_fu_1367">
<pin_list>
<pin id="1368" dir="0" index="0" bw="32" slack="1"/>
<pin id="1369" dir="0" index="1" bw="32" slack="1"/>
<pin id="1370" dir="1" index="2" bw="32" slack="1"/>
</pin_list>
<bind>
<opcode="fadd(9) " fcode="fadd"/>
<opset="add1_46/194 "/>
</bind>
</comp>

<comp id="1371" class="1004" name="grp_fu_1371">
<pin_list>
<pin id="1372" dir="0" index="0" bw="32" slack="1"/>
<pin id="1373" dir="0" index="1" bw="32" slack="0"/>
<pin id="1374" dir="1" index="2" bw="32" slack="1"/>
</pin_list>
<bind>
<opcode="fadd(9) " fcode="fadd"/>
<opset="add/198 "/>
</bind>
</comp>

<comp id="1376" class="1004" name="grp_fu_1376">
<pin_list>
<pin id="1377" dir="0" index="0" bw="32" slack="2"/>
<pin id="1378" dir="0" index="1" bw="32" slack="1"/>
<pin id="1379" dir="1" index="2" bw="32" slack="1"/>
</pin_list>
<bind>
<opcode="fmul(13) " fcode="fmul"/>
<opset="mul/3 "/>
</bind>
</comp>

<comp id="1380" class="1004" name="grp_fu_1380">
<pin_list>
<pin id="1381" dir="0" index="0" bw="32" slack="6"/>
<pin id="1382" dir="0" index="1" bw="32" slack="1"/>
<pin id="1383" dir="1" index="2" bw="32" slack="1"/>
</pin_list>
<bind>
<opcode="fmul(13) " fcode="fmul"/>
<opset="mul_1/7 "/>
</bind>
</comp>

<comp id="1384" class="1004" name="grp_fu_1384">
<pin_list>
<pin id="1385" dir="0" index="0" bw="32" slack="10"/>
<pin id="1386" dir="0" index="1" bw="32" slack="1"/>
<pin id="1387" dir="1" index="2" bw="32" slack="1"/>
</pin_list>
<bind>
<opcode="fmul(13) " fcode="fmul"/>
<opset="mul_2/11 "/>
</bind>
</comp>

<comp id="1388" class="1004" name="grp_fu_1388">
<pin_list>
<pin id="1389" dir="0" index="0" bw="32" slack="14"/>
<pin id="1390" dir="0" index="1" bw="32" slack="1"/>
<pin id="1391" dir="1" index="2" bw="32" slack="1"/>
</pin_list>
<bind>
<opcode="fmul(13) " fcode="fmul"/>
<opset="mul_3/15 "/>
</bind>
</comp>

<comp id="1392" class="1004" name="grp_fu_1392">
<pin_list>
<pin id="1393" dir="0" index="0" bw="32" slack="18"/>
<pin id="1394" dir="0" index="1" bw="32" slack="1"/>
<pin id="1395" dir="1" index="2" bw="32" slack="1"/>
</pin_list>
<bind>
<opcode="fmul(13) " fcode="fmul"/>
<opset="mul_4/19 "/>
</bind>
</comp>

<comp id="1396" class="1004" name="grp_fu_1396">
<pin_list>
<pin id="1397" dir="0" index="0" bw="32" slack="22"/>
<pin id="1398" dir="0" index="1" bw="32" slack="1"/>
<pin id="1399" dir="1" index="2" bw="32" slack="1"/>
</pin_list>
<bind>
<opcode="fmul(13) " fcode="fmul"/>
<opset="mul_5/23 "/>
</bind>
</comp>

<comp id="1400" class="1004" name="grp_fu_1400">
<pin_list>
<pin id="1401" dir="0" index="0" bw="32" slack="26"/>
<pin id="1402" dir="0" index="1" bw="32" slack="1"/>
<pin id="1403" dir="1" index="2" bw="32" slack="1"/>
</pin_list>
<bind>
<opcode="fmul(13) " fcode="fmul"/>
<opset="mul_6/27 "/>
</bind>
</comp>

<comp id="1404" class="1004" name="grp_fu_1404">
<pin_list>
<pin id="1405" dir="0" index="0" bw="32" slack="30"/>
<pin id="1406" dir="0" index="1" bw="32" slack="1"/>
<pin id="1407" dir="1" index="2" bw="32" slack="1"/>
</pin_list>
<bind>
<opcode="fmul(13) " fcode="fmul"/>
<opset="mul_7/31 "/>
</bind>
</comp>

<comp id="1408" class="1004" name="grp_fu_1408">
<pin_list>
<pin id="1409" dir="0" index="0" bw="32" slack="34"/>
<pin id="1410" dir="0" index="1" bw="32" slack="1"/>
<pin id="1411" dir="1" index="2" bw="32" slack="1"/>
</pin_list>
<bind>
<opcode="fmul(13) " fcode="fmul"/>
<opset="mul_8/35 "/>
</bind>
</comp>

<comp id="1412" class="1004" name="grp_fu_1412">
<pin_list>
<pin id="1413" dir="0" index="0" bw="32" slack="38"/>
<pin id="1414" dir="0" index="1" bw="32" slack="1"/>
<pin id="1415" dir="1" index="2" bw="32" slack="1"/>
</pin_list>
<bind>
<opcode="fmul(13) " fcode="fmul"/>
<opset="mul_9/39 "/>
</bind>
</comp>

<comp id="1416" class="1004" name="grp_fu_1416">
<pin_list>
<pin id="1417" dir="0" index="0" bw="32" slack="42"/>
<pin id="1418" dir="0" index="1" bw="32" slack="1"/>
<pin id="1419" dir="1" index="2" bw="32" slack="1"/>
</pin_list>
<bind>
<opcode="fmul(13) " fcode="fmul"/>
<opset="mul_s/43 "/>
</bind>
</comp>

<comp id="1420" class="1004" name="grp_fu_1420">
<pin_list>
<pin id="1421" dir="0" index="0" bw="32" slack="46"/>
<pin id="1422" dir="0" index="1" bw="32" slack="1"/>
<pin id="1423" dir="1" index="2" bw="32" slack="1"/>
</pin_list>
<bind>
<opcode="fmul(13) " fcode="fmul"/>
<opset="mul_10/47 "/>
</bind>
</comp>

<comp id="1424" class="1004" name="grp_fu_1424">
<pin_list>
<pin id="1425" dir="0" index="0" bw="32" slack="50"/>
<pin id="1426" dir="0" index="1" bw="32" slack="1"/>
<pin id="1427" dir="1" index="2" bw="32" slack="1"/>
</pin_list>
<bind>
<opcode="fmul(13) " fcode="fmul"/>
<opset="mul_11/51 "/>
</bind>
</comp>

<comp id="1428" class="1004" name="grp_fu_1428">
<pin_list>
<pin id="1429" dir="0" index="0" bw="32" slack="54"/>
<pin id="1430" dir="0" index="1" bw="32" slack="1"/>
<pin id="1431" dir="1" index="2" bw="32" slack="1"/>
</pin_list>
<bind>
<opcode="fmul(13) " fcode="fmul"/>
<opset="mul_12/55 "/>
</bind>
</comp>

<comp id="1432" class="1004" name="grp_fu_1432">
<pin_list>
<pin id="1433" dir="0" index="0" bw="32" slack="58"/>
<pin id="1434" dir="0" index="1" bw="32" slack="1"/>
<pin id="1435" dir="1" index="2" bw="32" slack="1"/>
</pin_list>
<bind>
<opcode="fmul(13) " fcode="fmul"/>
<opset="mul_13/59 "/>
</bind>
</comp>

<comp id="1436" class="1004" name="grp_fu_1436">
<pin_list>
<pin id="1437" dir="0" index="0" bw="32" slack="62"/>
<pin id="1438" dir="0" index="1" bw="32" slack="1"/>
<pin id="1439" dir="1" index="2" bw="32" slack="1"/>
</pin_list>
<bind>
<opcode="fmul(13) " fcode="fmul"/>
<opset="mul_14/63 "/>
</bind>
</comp>

<comp id="1440" class="1004" name="grp_fu_1440">
<pin_list>
<pin id="1441" dir="0" index="0" bw="32" slack="66"/>
<pin id="1442" dir="0" index="1" bw="32" slack="1"/>
<pin id="1443" dir="1" index="2" bw="32" slack="1"/>
</pin_list>
<bind>
<opcode="fmul(13) " fcode="fmul"/>
<opset="mul_15/67 "/>
</bind>
</comp>

<comp id="1444" class="1004" name="grp_fu_1444">
<pin_list>
<pin id="1445" dir="0" index="0" bw="32" slack="70"/>
<pin id="1446" dir="0" index="1" bw="32" slack="1"/>
<pin id="1447" dir="1" index="2" bw="32" slack="1"/>
</pin_list>
<bind>
<opcode="fmul(13) " fcode="fmul"/>
<opset="mul_16/71 "/>
</bind>
</comp>

<comp id="1448" class="1004" name="grp_fu_1448">
<pin_list>
<pin id="1449" dir="0" index="0" bw="32" slack="74"/>
<pin id="1450" dir="0" index="1" bw="32" slack="1"/>
<pin id="1451" dir="1" index="2" bw="32" slack="1"/>
</pin_list>
<bind>
<opcode="fmul(13) " fcode="fmul"/>
<opset="mul_17/75 "/>
</bind>
</comp>

<comp id="1452" class="1004" name="grp_fu_1452">
<pin_list>
<pin id="1453" dir="0" index="0" bw="32" slack="78"/>
<pin id="1454" dir="0" index="1" bw="32" slack="1"/>
<pin id="1455" dir="1" index="2" bw="32" slack="1"/>
</pin_list>
<bind>
<opcode="fmul(13) " fcode="fmul"/>
<opset="mul_18/79 "/>
</bind>
</comp>

<comp id="1456" class="1004" name="grp_fu_1456">
<pin_list>
<pin id="1457" dir="0" index="0" bw="32" slack="82"/>
<pin id="1458" dir="0" index="1" bw="32" slack="1"/>
<pin id="1459" dir="1" index="2" bw="32" slack="1"/>
</pin_list>
<bind>
<opcode="fmul(13) " fcode="fmul"/>
<opset="mul_19/83 "/>
</bind>
</comp>

<comp id="1460" class="1004" name="grp_fu_1460">
<pin_list>
<pin id="1461" dir="0" index="0" bw="32" slack="86"/>
<pin id="1462" dir="0" index="1" bw="32" slack="1"/>
<pin id="1463" dir="1" index="2" bw="32" slack="1"/>
</pin_list>
<bind>
<opcode="fmul(13) " fcode="fmul"/>
<opset="mul_20/87 "/>
</bind>
</comp>

<comp id="1464" class="1004" name="grp_fu_1464">
<pin_list>
<pin id="1465" dir="0" index="0" bw="32" slack="90"/>
<pin id="1466" dir="0" index="1" bw="32" slack="1"/>
<pin id="1467" dir="1" index="2" bw="32" slack="1"/>
</pin_list>
<bind>
<opcode="fmul(13) " fcode="fmul"/>
<opset="mul_21/91 "/>
</bind>
</comp>

<comp id="1468" class="1004" name="grp_fu_1468">
<pin_list>
<pin id="1469" dir="0" index="0" bw="32" slack="94"/>
<pin id="1470" dir="0" index="1" bw="32" slack="1"/>
<pin id="1471" dir="1" index="2" bw="32" slack="1"/>
</pin_list>
<bind>
<opcode="fmul(13) " fcode="fmul"/>
<opset="mul_22/95 "/>
</bind>
</comp>

<comp id="1472" class="1004" name="grp_fu_1472">
<pin_list>
<pin id="1473" dir="0" index="0" bw="32" slack="98"/>
<pin id="1474" dir="0" index="1" bw="32" slack="1"/>
<pin id="1475" dir="1" index="2" bw="32" slack="1"/>
</pin_list>
<bind>
<opcode="fmul(13) " fcode="fmul"/>
<opset="mul_23/99 "/>
</bind>
</comp>

<comp id="1476" class="1004" name="grp_fu_1476">
<pin_list>
<pin id="1477" dir="0" index="0" bw="32" slack="102"/>
<pin id="1478" dir="0" index="1" bw="32" slack="1"/>
<pin id="1479" dir="1" index="2" bw="32" slack="1"/>
</pin_list>
<bind>
<opcode="fmul(13) " fcode="fmul"/>
<opset="mul_24/103 "/>
</bind>
</comp>

<comp id="1480" class="1004" name="grp_fu_1480">
<pin_list>
<pin id="1481" dir="0" index="0" bw="32" slack="106"/>
<pin id="1482" dir="0" index="1" bw="32" slack="1"/>
<pin id="1483" dir="1" index="2" bw="32" slack="1"/>
</pin_list>
<bind>
<opcode="fmul(13) " fcode="fmul"/>
<opset="mul_25/107 "/>
</bind>
</comp>

<comp id="1484" class="1004" name="grp_fu_1484">
<pin_list>
<pin id="1485" dir="0" index="0" bw="32" slack="110"/>
<pin id="1486" dir="0" index="1" bw="32" slack="1"/>
<pin id="1487" dir="1" index="2" bw="32" slack="1"/>
</pin_list>
<bind>
<opcode="fmul(13) " fcode="fmul"/>
<opset="mul_26/111 "/>
</bind>
</comp>

<comp id="1488" class="1004" name="grp_fu_1488">
<pin_list>
<pin id="1489" dir="0" index="0" bw="32" slack="114"/>
<pin id="1490" dir="0" index="1" bw="32" slack="1"/>
<pin id="1491" dir="1" index="2" bw="32" slack="1"/>
</pin_list>
<bind>
<opcode="fmul(13) " fcode="fmul"/>
<opset="mul_27/115 "/>
</bind>
</comp>

<comp id="1492" class="1004" name="grp_fu_1492">
<pin_list>
<pin id="1493" dir="0" index="0" bw="32" slack="118"/>
<pin id="1494" dir="0" index="1" bw="32" slack="1"/>
<pin id="1495" dir="1" index="2" bw="32" slack="1"/>
</pin_list>
<bind>
<opcode="fmul(13) " fcode="fmul"/>
<opset="mul_28/119 "/>
</bind>
</comp>

<comp id="1496" class="1004" name="grp_fu_1496">
<pin_list>
<pin id="1497" dir="0" index="0" bw="32" slack="122"/>
<pin id="1498" dir="0" index="1" bw="32" slack="1"/>
<pin id="1499" dir="1" index="2" bw="32" slack="1"/>
</pin_list>
<bind>
<opcode="fmul(13) " fcode="fmul"/>
<opset="mul_29/123 "/>
</bind>
</comp>

<comp id="1500" class="1004" name="grp_fu_1500">
<pin_list>
<pin id="1501" dir="0" index="0" bw="32" slack="126"/>
<pin id="1502" dir="0" index="1" bw="32" slack="1"/>
<pin id="1503" dir="1" index="2" bw="32" slack="1"/>
</pin_list>
<bind>
<opcode="fmul(13) " fcode="fmul"/>
<opset="mul_30/127 "/>
</bind>
</comp>

<comp id="1504" class="1004" name="grp_fu_1504">
<pin_list>
<pin id="1505" dir="0" index="0" bw="32" slack="130"/>
<pin id="1506" dir="0" index="1" bw="32" slack="1"/>
<pin id="1507" dir="1" index="2" bw="32" slack="1"/>
</pin_list>
<bind>
<opcode="fmul(13) " fcode="fmul"/>
<opset="mul_31/131 "/>
</bind>
</comp>

<comp id="1508" class="1004" name="grp_fu_1508">
<pin_list>
<pin id="1509" dir="0" index="0" bw="32" slack="134"/>
<pin id="1510" dir="0" index="1" bw="32" slack="1"/>
<pin id="1511" dir="1" index="2" bw="32" slack="1"/>
</pin_list>
<bind>
<opcode="fmul(13) " fcode="fmul"/>
<opset="mul_32/135 "/>
</bind>
</comp>

<comp id="1512" class="1004" name="grp_fu_1512">
<pin_list>
<pin id="1513" dir="0" index="0" bw="32" slack="138"/>
<pin id="1514" dir="0" index="1" bw="32" slack="1"/>
<pin id="1515" dir="1" index="2" bw="32" slack="1"/>
</pin_list>
<bind>
<opcode="fmul(13) " fcode="fmul"/>
<opset="mul_33/139 "/>
</bind>
</comp>

<comp id="1516" class="1004" name="grp_fu_1516">
<pin_list>
<pin id="1517" dir="0" index="0" bw="32" slack="142"/>
<pin id="1518" dir="0" index="1" bw="32" slack="1"/>
<pin id="1519" dir="1" index="2" bw="32" slack="1"/>
</pin_list>
<bind>
<opcode="fmul(13) " fcode="fmul"/>
<opset="mul_34/143 "/>
</bind>
</comp>

<comp id="1520" class="1004" name="grp_fu_1520">
<pin_list>
<pin id="1521" dir="0" index="0" bw="32" slack="146"/>
<pin id="1522" dir="0" index="1" bw="32" slack="1"/>
<pin id="1523" dir="1" index="2" bw="32" slack="1"/>
</pin_list>
<bind>
<opcode="fmul(13) " fcode="fmul"/>
<opset="mul_35/147 "/>
</bind>
</comp>

<comp id="1524" class="1004" name="grp_fu_1524">
<pin_list>
<pin id="1525" dir="0" index="0" bw="32" slack="150"/>
<pin id="1526" dir="0" index="1" bw="32" slack="1"/>
<pin id="1527" dir="1" index="2" bw="32" slack="1"/>
</pin_list>
<bind>
<opcode="fmul(13) " fcode="fmul"/>
<opset="mul_36/151 "/>
</bind>
</comp>

<comp id="1528" class="1004" name="grp_fu_1528">
<pin_list>
<pin id="1529" dir="0" index="0" bw="32" slack="154"/>
<pin id="1530" dir="0" index="1" bw="32" slack="1"/>
<pin id="1531" dir="1" index="2" bw="32" slack="1"/>
</pin_list>
<bind>
<opcode="fmul(13) " fcode="fmul"/>
<opset="mul_37/155 "/>
</bind>
</comp>

<comp id="1532" class="1004" name="grp_fu_1532">
<pin_list>
<pin id="1533" dir="0" index="0" bw="32" slack="158"/>
<pin id="1534" dir="0" index="1" bw="32" slack="1"/>
<pin id="1535" dir="1" index="2" bw="32" slack="1"/>
</pin_list>
<bind>
<opcode="fmul(13) " fcode="fmul"/>
<opset="mul_38/159 "/>
</bind>
</comp>

<comp id="1536" class="1004" name="grp_fu_1536">
<pin_list>
<pin id="1537" dir="0" index="0" bw="32" slack="162"/>
<pin id="1538" dir="0" index="1" bw="32" slack="1"/>
<pin id="1539" dir="1" index="2" bw="32" slack="1"/>
</pin_list>
<bind>
<opcode="fmul(13) " fcode="fmul"/>
<opset="mul_39/163 "/>
</bind>
</comp>

<comp id="1540" class="1004" name="grp_fu_1540">
<pin_list>
<pin id="1541" dir="0" index="0" bw="32" slack="166"/>
<pin id="1542" dir="0" index="1" bw="32" slack="1"/>
<pin id="1543" dir="1" index="2" bw="32" slack="1"/>
</pin_list>
<bind>
<opcode="fmul(13) " fcode="fmul"/>
<opset="mul_40/167 "/>
</bind>
</comp>

<comp id="1544" class="1004" name="grp_fu_1544">
<pin_list>
<pin id="1545" dir="0" index="0" bw="32" slack="170"/>
<pin id="1546" dir="0" index="1" bw="32" slack="1"/>
<pin id="1547" dir="1" index="2" bw="32" slack="1"/>
</pin_list>
<bind>
<opcode="fmul(13) " fcode="fmul"/>
<opset="mul_41/171 "/>
</bind>
</comp>

<comp id="1548" class="1004" name="grp_fu_1548">
<pin_list>
<pin id="1549" dir="0" index="0" bw="32" slack="174"/>
<pin id="1550" dir="0" index="1" bw="32" slack="1"/>
<pin id="1551" dir="1" index="2" bw="32" slack="1"/>
</pin_list>
<bind>
<opcode="fmul(13) " fcode="fmul"/>
<opset="mul_42/175 "/>
</bind>
</comp>

<comp id="1552" class="1004" name="grp_fu_1552">
<pin_list>
<pin id="1553" dir="0" index="0" bw="32" slack="178"/>
<pin id="1554" dir="0" index="1" bw="32" slack="1"/>
<pin id="1555" dir="1" index="2" bw="32" slack="1"/>
</pin_list>
<bind>
<opcode="fmul(13) " fcode="fmul"/>
<opset="mul_43/179 "/>
</bind>
</comp>

<comp id="1556" class="1004" name="grp_fu_1556">
<pin_list>
<pin id="1557" dir="0" index="0" bw="32" slack="182"/>
<pin id="1558" dir="0" index="1" bw="32" slack="1"/>
<pin id="1559" dir="1" index="2" bw="32" slack="1"/>
</pin_list>
<bind>
<opcode="fmul(13) " fcode="fmul"/>
<opset="mul_44/183 "/>
</bind>
</comp>

<comp id="1560" class="1004" name="grp_fu_1560">
<pin_list>
<pin id="1561" dir="0" index="0" bw="32" slack="186"/>
<pin id="1562" dir="0" index="1" bw="32" slack="1"/>
<pin id="1563" dir="1" index="2" bw="32" slack="1"/>
</pin_list>
<bind>
<opcode="fmul(13) " fcode="fmul"/>
<opset="mul_45/187 "/>
</bind>
</comp>

<comp id="1564" class="1004" name="grp_fu_1564">
<pin_list>
<pin id="1565" dir="0" index="0" bw="32" slack="190"/>
<pin id="1566" dir="0" index="1" bw="32" slack="1"/>
<pin id="1567" dir="1" index="2" bw="32" slack="1"/>
</pin_list>
<bind>
<opcode="fmul(13) " fcode="fmul"/>
<opset="mul_46/191 "/>
</bind>
</comp>

<comp id="1568" class="1004" name="grp_fu_1568">
<pin_list>
<pin id="1569" dir="0" index="0" bw="32" slack="1"/>
<pin id="1570" dir="0" index="1" bw="32" slack="0"/>
<pin id="1571" dir="1" index="2" bw="1" slack="0"/>
</pin_list>
<bind>
<opcode="fcmp(46) " fcode="fcmp"/>
<opset="tmp_1/202 "/>
</bind>
</comp>

<comp id="1573" class="1004" name="store_ln0_store_fu_1573">
<pin_list>
<pin id="1574" dir="0" index="0" bw="1" slack="0"/>
<pin id="1575" dir="0" index="1" bw="5" slack="0"/>
<pin id="1576" dir="1" index="2" bw="0" slack="2147483647"/>
</pin_list>
<bind>
<opcode="store(28) " fcode="store"/>
<opset="store_ln0/1 "/>
</bind>
</comp>

<comp id="1578" class="1004" name="i_load_fu_1578">
<pin_list>
<pin id="1579" dir="0" index="0" bw="5" slack="0"/>
<pin id="1580" dir="1" index="1" bw="5" slack="0"/>
</pin_list>
<bind>
<opcode="load(27) " fcode="load"/>
<opset="i/1 "/>
</bind>
</comp>

<comp id="1581" class="1004" name="icmp_ln77_fu_1581">
<pin_list>
<pin id="1582" dir="0" index="0" bw="5" slack="0"/>
<pin id="1583" dir="0" index="1" bw="4" slack="0"/>
<pin id="1584" dir="1" index="2" bw="1" slack="201"/>
</pin_list>
<bind>
<opcode="icmp(45) " fcode="icmp"/>
<opset="icmp_ln77/1 "/>
</bind>
</comp>

<comp id="1587" class="1004" name="add_ln77_fu_1587">
<pin_list>
<pin id="1588" dir="0" index="0" bw="5" slack="0"/>
<pin id="1589" dir="0" index="1" bw="1" slack="0"/>
<pin id="1590" dir="1" index="2" bw="5" slack="0"/>
</pin_list>
<bind>
<opcode="add(8) " fcode="add"/>
<opset="add_ln77/1 "/>
</bind>
</comp>

<comp id="1593" class="1004" name="i_1_cast_fu_1593">
<pin_list>
<pin id="1594" dir="0" index="0" bw="5" slack="0"/>
<pin id="1595" dir="1" index="1" bw="64" slack="0"/>
</pin_list>
<bind>
<opcode="zext(34) " fcode="zext"/>
<opset="i_1_cast/1 "/>
</bind>
</comp>

<comp id="1598" class="1004" name="store_ln77_store_fu_1598">
<pin_list>
<pin id="1599" dir="0" index="0" bw="5" slack="0"/>
<pin id="1600" dir="0" index="1" bw="5" slack="0"/>
<pin id="1601" dir="1" index="2" bw="0" slack="2147483647"/>
</pin_list>
<bind>
<opcode="store(28) " fcode="store"/>
<opset="store_ln77/1 "/>
</bind>
</comp>

<comp id="1603" class="1004" name="bitcast_ln86_fu_1603">
<pin_list>
<pin id="1604" dir="0" index="0" bw="32" slack="2"/>
<pin id="1605" dir="1" index="1" bw="32" slack="0"/>
</pin_list>
<bind>
<opcode="bitcast(44) " fcode="bitcast"/>
<opset="bitcast_ln86/203 "/>
</bind>
</comp>

<comp id="1606" class="1004" name="tmp_fu_1606">
<pin_list>
<pin id="1607" dir="0" index="0" bw="8" slack="0"/>
<pin id="1608" dir="0" index="1" bw="32" slack="0"/>
<pin id="1609" dir="0" index="2" bw="6" slack="0"/>
<pin id="1610" dir="0" index="3" bw="6" slack="0"/>
<pin id="1611" dir="1" index="4" bw="8" slack="0"/>
</pin_list>
<bind>
<opcode="partselect(1002) " fcode="partselect"/>
<opset="tmp/203 "/>
</bind>
</comp>

<comp id="1616" class="1004" name="trunc_ln86_fu_1616">
<pin_list>
<pin id="1617" dir="0" index="0" bw="32" slack="0"/>
<pin id="1618" dir="1" index="1" bw="23" slack="0"/>
</pin_list>
<bind>
<opcode="trunc(33) " fcode="trunc"/>
<opset="trunc_ln86/203 "/>
</bind>
</comp>

<comp id="1620" class="1004" name="icmp_ln86_fu_1620">
<pin_list>
<pin id="1621" dir="0" index="0" bw="8" slack="0"/>
<pin id="1622" dir="0" index="1" bw="1" slack="0"/>
<pin id="1623" dir="1" index="2" bw="1" slack="0"/>
</pin_list>
<bind>
<opcode="icmp(45) " fcode="icmp"/>
<opset="icmp_ln86/203 "/>
</bind>
</comp>

<comp id="1626" class="1004" name="icmp_ln86_1_fu_1626">
<pin_list>
<pin id="1627" dir="0" index="0" bw="23" slack="0"/>
<pin id="1628" dir="0" index="1" bw="1" slack="0"/>
<pin id="1629" dir="1" index="2" bw="1" slack="0"/>
</pin_list>
<bind>
<opcode="icmp(45) " fcode="icmp"/>
<opset="icmp_ln86_1/203 "/>
</bind>
</comp>

<comp id="1632" class="1004" name="or_ln86_fu_1632">
<pin_list>
<pin id="1633" dir="0" index="0" bw="1" slack="0"/>
<pin id="1634" dir="0" index="1" bw="1" slack="0"/>
<pin id="1635" dir="1" index="2" bw="1" slack="0"/>
</pin_list>
<bind>
<opcode="or(24) " fcode="or"/>
<opset="or_ln86/203 "/>
</bind>
</comp>

<comp id="1638" class="1004" name="and_ln86_fu_1638">
<pin_list>
<pin id="1639" dir="0" index="0" bw="1" slack="0"/>
<pin id="1640" dir="0" index="1" bw="1" slack="0"/>
<pin id="1641" dir="1" index="2" bw="1" slack="0"/>
</pin_list>
<bind>
<opcode="and(23) " fcode="and"/>
<opset="and_ln86/203 "/>
</bind>
</comp>

<comp id="1644" class="1004" name="select_ln86_fu_1644">
<pin_list>
<pin id="1645" dir="0" index="0" bw="1" slack="0"/>
<pin id="1646" dir="0" index="1" bw="32" slack="0"/>
<pin id="1647" dir="0" index="2" bw="32" slack="2"/>
<pin id="1648" dir="1" index="3" bw="32" slack="0"/>
</pin_list>
<bind>
<opcode="select(49) " fcode="select"/>
<opset="select_ln86/203 "/>
</bind>
</comp>

<comp id="1652" class="1005" name="i_1_reg_1652">
<pin_list>
<pin id="1653" dir="0" index="0" bw="5" slack="0"/>
<pin id="1654" dir="1" index="1" bw="5" slack="0"/>
</pin_list>
<bind>
<opset="i_1 "/>
</bind>
</comp>

<comp id="1659" class="1005" name="input_features_casted_load_47_read_reg_1659">
<pin_list>
<pin id="1660" dir="0" index="0" bw="32" slack="190"/>
<pin id="1661" dir="1" index="1" bw="32" slack="190"/>
</pin_list>
<bind>
<opset="input_features_casted_load_47_read "/>
</bind>
</comp>

<comp id="1664" class="1005" name="input_features_casted_load_46_read_reg_1664">
<pin_list>
<pin id="1665" dir="0" index="0" bw="32" slack="186"/>
<pin id="1666" dir="1" index="1" bw="32" slack="186"/>
</pin_list>
<bind>
<opset="input_features_casted_load_46_read "/>
</bind>
</comp>

<comp id="1669" class="1005" name="input_features_casted_load_45_read_reg_1669">
<pin_list>
<pin id="1670" dir="0" index="0" bw="32" slack="182"/>
<pin id="1671" dir="1" index="1" bw="32" slack="182"/>
</pin_list>
<bind>
<opset="input_features_casted_load_45_read "/>
</bind>
</comp>

<comp id="1674" class="1005" name="input_features_casted_load_44_read_reg_1674">
<pin_list>
<pin id="1675" dir="0" index="0" bw="32" slack="178"/>
<pin id="1676" dir="1" index="1" bw="32" slack="178"/>
</pin_list>
<bind>
<opset="input_features_casted_load_44_read "/>
</bind>
</comp>

<comp id="1679" class="1005" name="input_features_casted_load_43_read_reg_1679">
<pin_list>
<pin id="1680" dir="0" index="0" bw="32" slack="174"/>
<pin id="1681" dir="1" index="1" bw="32" slack="174"/>
</pin_list>
<bind>
<opset="input_features_casted_load_43_read "/>
</bind>
</comp>

<comp id="1684" class="1005" name="input_features_casted_load_42_read_reg_1684">
<pin_list>
<pin id="1685" dir="0" index="0" bw="32" slack="170"/>
<pin id="1686" dir="1" index="1" bw="32" slack="170"/>
</pin_list>
<bind>
<opset="input_features_casted_load_42_read "/>
</bind>
</comp>

<comp id="1689" class="1005" name="input_features_casted_load_41_read_reg_1689">
<pin_list>
<pin id="1690" dir="0" index="0" bw="32" slack="166"/>
<pin id="1691" dir="1" index="1" bw="32" slack="166"/>
</pin_list>
<bind>
<opset="input_features_casted_load_41_read "/>
</bind>
</comp>

<comp id="1694" class="1005" name="input_features_casted_load_40_read_reg_1694">
<pin_list>
<pin id="1695" dir="0" index="0" bw="32" slack="162"/>
<pin id="1696" dir="1" index="1" bw="32" slack="162"/>
</pin_list>
<bind>
<opset="input_features_casted_load_40_read "/>
</bind>
</comp>

<comp id="1699" class="1005" name="input_features_casted_load_39_read_reg_1699">
<pin_list>
<pin id="1700" dir="0" index="0" bw="32" slack="158"/>
<pin id="1701" dir="1" index="1" bw="32" slack="158"/>
</pin_list>
<bind>
<opset="input_features_casted_load_39_read "/>
</bind>
</comp>

<comp id="1704" class="1005" name="input_features_casted_load_38_read_reg_1704">
<pin_list>
<pin id="1705" dir="0" index="0" bw="32" slack="154"/>
<pin id="1706" dir="1" index="1" bw="32" slack="154"/>
</pin_list>
<bind>
<opset="input_features_casted_load_38_read "/>
</bind>
</comp>

<comp id="1709" class="1005" name="input_features_casted_load_37_read_reg_1709">
<pin_list>
<pin id="1710" dir="0" index="0" bw="32" slack="150"/>
<pin id="1711" dir="1" index="1" bw="32" slack="150"/>
</pin_list>
<bind>
<opset="input_features_casted_load_37_read "/>
</bind>
</comp>

<comp id="1714" class="1005" name="input_features_casted_load_36_read_reg_1714">
<pin_list>
<pin id="1715" dir="0" index="0" bw="32" slack="146"/>
<pin id="1716" dir="1" index="1" bw="32" slack="146"/>
</pin_list>
<bind>
<opset="input_features_casted_load_36_read "/>
</bind>
</comp>

<comp id="1719" class="1005" name="input_features_casted_load_35_read_reg_1719">
<pin_list>
<pin id="1720" dir="0" index="0" bw="32" slack="142"/>
<pin id="1721" dir="1" index="1" bw="32" slack="142"/>
</pin_list>
<bind>
<opset="input_features_casted_load_35_read "/>
</bind>
</comp>

<comp id="1724" class="1005" name="input_features_casted_load_34_read_reg_1724">
<pin_list>
<pin id="1725" dir="0" index="0" bw="32" slack="138"/>
<pin id="1726" dir="1" index="1" bw="32" slack="138"/>
</pin_list>
<bind>
<opset="input_features_casted_load_34_read "/>
</bind>
</comp>

<comp id="1729" class="1005" name="input_features_casted_load_33_read_reg_1729">
<pin_list>
<pin id="1730" dir="0" index="0" bw="32" slack="134"/>
<pin id="1731" dir="1" index="1" bw="32" slack="134"/>
</pin_list>
<bind>
<opset="input_features_casted_load_33_read "/>
</bind>
</comp>

<comp id="1734" class="1005" name="input_features_casted_load_32_read_reg_1734">
<pin_list>
<pin id="1735" dir="0" index="0" bw="32" slack="130"/>
<pin id="1736" dir="1" index="1" bw="32" slack="130"/>
</pin_list>
<bind>
<opset="input_features_casted_load_32_read "/>
</bind>
</comp>

<comp id="1739" class="1005" name="input_features_casted_load_31_read_reg_1739">
<pin_list>
<pin id="1740" dir="0" index="0" bw="32" slack="126"/>
<pin id="1741" dir="1" index="1" bw="32" slack="126"/>
</pin_list>
<bind>
<opset="input_features_casted_load_31_read "/>
</bind>
</comp>

<comp id="1744" class="1005" name="input_features_casted_load_30_read_reg_1744">
<pin_list>
<pin id="1745" dir="0" index="0" bw="32" slack="122"/>
<pin id="1746" dir="1" index="1" bw="32" slack="122"/>
</pin_list>
<bind>
<opset="input_features_casted_load_30_read "/>
</bind>
</comp>

<comp id="1749" class="1005" name="input_features_casted_load_29_read_reg_1749">
<pin_list>
<pin id="1750" dir="0" index="0" bw="32" slack="118"/>
<pin id="1751" dir="1" index="1" bw="32" slack="118"/>
</pin_list>
<bind>
<opset="input_features_casted_load_29_read "/>
</bind>
</comp>

<comp id="1754" class="1005" name="input_features_casted_load_28_read_reg_1754">
<pin_list>
<pin id="1755" dir="0" index="0" bw="32" slack="114"/>
<pin id="1756" dir="1" index="1" bw="32" slack="114"/>
</pin_list>
<bind>
<opset="input_features_casted_load_28_read "/>
</bind>
</comp>

<comp id="1759" class="1005" name="input_features_casted_load_27_read_reg_1759">
<pin_list>
<pin id="1760" dir="0" index="0" bw="32" slack="110"/>
<pin id="1761" dir="1" index="1" bw="32" slack="110"/>
</pin_list>
<bind>
<opset="input_features_casted_load_27_read "/>
</bind>
</comp>

<comp id="1764" class="1005" name="input_features_casted_load_26_read_reg_1764">
<pin_list>
<pin id="1765" dir="0" index="0" bw="32" slack="106"/>
<pin id="1766" dir="1" index="1" bw="32" slack="106"/>
</pin_list>
<bind>
<opset="input_features_casted_load_26_read "/>
</bind>
</comp>

<comp id="1769" class="1005" name="input_features_casted_load_25_read_reg_1769">
<pin_list>
<pin id="1770" dir="0" index="0" bw="32" slack="102"/>
<pin id="1771" dir="1" index="1" bw="32" slack="102"/>
</pin_list>
<bind>
<opset="input_features_casted_load_25_read "/>
</bind>
</comp>

<comp id="1774" class="1005" name="input_features_casted_load_24_read_reg_1774">
<pin_list>
<pin id="1775" dir="0" index="0" bw="32" slack="98"/>
<pin id="1776" dir="1" index="1" bw="32" slack="98"/>
</pin_list>
<bind>
<opset="input_features_casted_load_24_read "/>
</bind>
</comp>

<comp id="1779" class="1005" name="input_features_casted_load_23_read_reg_1779">
<pin_list>
<pin id="1780" dir="0" index="0" bw="32" slack="94"/>
<pin id="1781" dir="1" index="1" bw="32" slack="94"/>
</pin_list>
<bind>
<opset="input_features_casted_load_23_read "/>
</bind>
</comp>

<comp id="1784" class="1005" name="input_features_casted_load_22_read_reg_1784">
<pin_list>
<pin id="1785" dir="0" index="0" bw="32" slack="90"/>
<pin id="1786" dir="1" index="1" bw="32" slack="90"/>
</pin_list>
<bind>
<opset="input_features_casted_load_22_read "/>
</bind>
</comp>

<comp id="1789" class="1005" name="input_features_casted_load_21_read_reg_1789">
<pin_list>
<pin id="1790" dir="0" index="0" bw="32" slack="86"/>
<pin id="1791" dir="1" index="1" bw="32" slack="86"/>
</pin_list>
<bind>
<opset="input_features_casted_load_21_read "/>
</bind>
</comp>

<comp id="1794" class="1005" name="input_features_casted_load_20_read_reg_1794">
<pin_list>
<pin id="1795" dir="0" index="0" bw="32" slack="82"/>
<pin id="1796" dir="1" index="1" bw="32" slack="82"/>
</pin_list>
<bind>
<opset="input_features_casted_load_20_read "/>
</bind>
</comp>

<comp id="1799" class="1005" name="input_features_casted_load_19_read_reg_1799">
<pin_list>
<pin id="1800" dir="0" index="0" bw="32" slack="78"/>
<pin id="1801" dir="1" index="1" bw="32" slack="78"/>
</pin_list>
<bind>
<opset="input_features_casted_load_19_read "/>
</bind>
</comp>

<comp id="1804" class="1005" name="input_features_casted_load_18_read_reg_1804">
<pin_list>
<pin id="1805" dir="0" index="0" bw="32" slack="74"/>
<pin id="1806" dir="1" index="1" bw="32" slack="74"/>
</pin_list>
<bind>
<opset="input_features_casted_load_18_read "/>
</bind>
</comp>

<comp id="1809" class="1005" name="input_features_casted_load_17_read_reg_1809">
<pin_list>
<pin id="1810" dir="0" index="0" bw="32" slack="70"/>
<pin id="1811" dir="1" index="1" bw="32" slack="70"/>
</pin_list>
<bind>
<opset="input_features_casted_load_17_read "/>
</bind>
</comp>

<comp id="1814" class="1005" name="input_features_casted_load_16_read_reg_1814">
<pin_list>
<pin id="1815" dir="0" index="0" bw="32" slack="66"/>
<pin id="1816" dir="1" index="1" bw="32" slack="66"/>
</pin_list>
<bind>
<opset="input_features_casted_load_16_read "/>
</bind>
</comp>

<comp id="1819" class="1005" name="input_features_casted_load_15_read_reg_1819">
<pin_list>
<pin id="1820" dir="0" index="0" bw="32" slack="62"/>
<pin id="1821" dir="1" index="1" bw="32" slack="62"/>
</pin_list>
<bind>
<opset="input_features_casted_load_15_read "/>
</bind>
</comp>

<comp id="1824" class="1005" name="input_features_casted_load_14_read_reg_1824">
<pin_list>
<pin id="1825" dir="0" index="0" bw="32" slack="58"/>
<pin id="1826" dir="1" index="1" bw="32" slack="58"/>
</pin_list>
<bind>
<opset="input_features_casted_load_14_read "/>
</bind>
</comp>

<comp id="1829" class="1005" name="input_features_casted_load_13_read_reg_1829">
<pin_list>
<pin id="1830" dir="0" index="0" bw="32" slack="54"/>
<pin id="1831" dir="1" index="1" bw="32" slack="54"/>
</pin_list>
<bind>
<opset="input_features_casted_load_13_read "/>
</bind>
</comp>

<comp id="1834" class="1005" name="input_features_casted_load_12_read_reg_1834">
<pin_list>
<pin id="1835" dir="0" index="0" bw="32" slack="50"/>
<pin id="1836" dir="1" index="1" bw="32" slack="50"/>
</pin_list>
<bind>
<opset="input_features_casted_load_12_read "/>
</bind>
</comp>

<comp id="1839" class="1005" name="input_features_casted_load_11_read_reg_1839">
<pin_list>
<pin id="1840" dir="0" index="0" bw="32" slack="46"/>
<pin id="1841" dir="1" index="1" bw="32" slack="46"/>
</pin_list>
<bind>
<opset="input_features_casted_load_11_read "/>
</bind>
</comp>

<comp id="1844" class="1005" name="input_features_casted_load_10_read_reg_1844">
<pin_list>
<pin id="1845" dir="0" index="0" bw="32" slack="42"/>
<pin id="1846" dir="1" index="1" bw="32" slack="42"/>
</pin_list>
<bind>
<opset="input_features_casted_load_10_read "/>
</bind>
</comp>

<comp id="1849" class="1005" name="input_features_casted_load_9_read_reg_1849">
<pin_list>
<pin id="1850" dir="0" index="0" bw="32" slack="38"/>
<pin id="1851" dir="1" index="1" bw="32" slack="38"/>
</pin_list>
<bind>
<opset="input_features_casted_load_9_read "/>
</bind>
</comp>

<comp id="1854" class="1005" name="input_features_casted_load_8_read_reg_1854">
<pin_list>
<pin id="1855" dir="0" index="0" bw="32" slack="34"/>
<pin id="1856" dir="1" index="1" bw="32" slack="34"/>
</pin_list>
<bind>
<opset="input_features_casted_load_8_read "/>
</bind>
</comp>

<comp id="1859" class="1005" name="input_features_casted_load_7_read_reg_1859">
<pin_list>
<pin id="1860" dir="0" index="0" bw="32" slack="30"/>
<pin id="1861" dir="1" index="1" bw="32" slack="30"/>
</pin_list>
<bind>
<opset="input_features_casted_load_7_read "/>
</bind>
</comp>

<comp id="1864" class="1005" name="input_features_casted_load_6_read_reg_1864">
<pin_list>
<pin id="1865" dir="0" index="0" bw="32" slack="26"/>
<pin id="1866" dir="1" index="1" bw="32" slack="26"/>
</pin_list>
<bind>
<opset="input_features_casted_load_6_read "/>
</bind>
</comp>

<comp id="1869" class="1005" name="input_features_casted_load_5_read_reg_1869">
<pin_list>
<pin id="1870" dir="0" index="0" bw="32" slack="22"/>
<pin id="1871" dir="1" index="1" bw="32" slack="22"/>
</pin_list>
<bind>
<opset="input_features_casted_load_5_read "/>
</bind>
</comp>

<comp id="1874" class="1005" name="input_features_casted_load_4_read_reg_1874">
<pin_list>
<pin id="1875" dir="0" index="0" bw="32" slack="18"/>
<pin id="1876" dir="1" index="1" bw="32" slack="18"/>
</pin_list>
<bind>
<opset="input_features_casted_load_4_read "/>
</bind>
</comp>

<comp id="1879" class="1005" name="input_features_casted_load_3_read_reg_1879">
<pin_list>
<pin id="1880" dir="0" index="0" bw="32" slack="14"/>
<pin id="1881" dir="1" index="1" bw="32" slack="14"/>
</pin_list>
<bind>
<opset="input_features_casted_load_3_read "/>
</bind>
</comp>

<comp id="1884" class="1005" name="input_features_casted_load_2_read_reg_1884">
<pin_list>
<pin id="1885" dir="0" index="0" bw="32" slack="10"/>
<pin id="1886" dir="1" index="1" bw="32" slack="10"/>
</pin_list>
<bind>
<opset="input_features_casted_load_2_read "/>
</bind>
</comp>

<comp id="1889" class="1005" name="input_features_casted_load_1_read_reg_1889">
<pin_list>
<pin id="1890" dir="0" index="0" bw="32" slack="6"/>
<pin id="1891" dir="1" index="1" bw="32" slack="6"/>
</pin_list>
<bind>
<opset="input_features_casted_load_1_read "/>
</bind>
</comp>

<comp id="1894" class="1005" name="input_features_casted_load_read_reg_1894">
<pin_list>
<pin id="1895" dir="0" index="0" bw="32" slack="2"/>
<pin id="1896" dir="1" index="1" bw="32" slack="2"/>
</pin_list>
<bind>
<opset="input_features_casted_load_read "/>
</bind>
</comp>

<comp id="1899" class="1005" name="icmp_ln77_reg_1899">
<pin_list>
<pin id="1900" dir="0" index="0" bw="1" slack="201"/>
<pin id="1901" dir="1" index="1" bw="1" slack="2147483647"/>
</pin_list>
<bind>
<opset="icmp_ln77 "/>
</bind>
</comp>

<comp id="1903" class="1005" name="i_1_cast_reg_1903">
<pin_list>
<pin id="1904" dir="0" index="0" bw="64" slack="4"/>
<pin id="1905" dir="1" index="1" bw="64" slack="4"/>
</pin_list>
<bind>
<opset="i_1_cast "/>
</bind>
</comp>

<comp id="1956" class="1005" name="weights_1_0_addr_reg_1956">
<pin_list>
<pin id="1957" dir="0" index="0" bw="5" slack="1"/>
<pin id="1958" dir="1" index="1" bw="5" slack="1"/>
</pin_list>
<bind>
<opset="weights_1_0_addr "/>
</bind>
</comp>

<comp id="1961" class="1005" name="weights_1_0_load_reg_1961">
<pin_list>
<pin id="1962" dir="0" index="0" bw="32" slack="1"/>
<pin id="1963" dir="1" index="1" bw="32" slack="1"/>
</pin_list>
<bind>
<opset="weights_1_0_load "/>
</bind>
</comp>

<comp id="1966" class="1005" name="mul_reg_1966">
<pin_list>
<pin id="1967" dir="0" index="0" bw="32" slack="1"/>
<pin id="1968" dir="1" index="1" bw="32" slack="1"/>
</pin_list>
<bind>
<opset="mul "/>
</bind>
</comp>

<comp id="1971" class="1005" name="weights_1_1_addr_reg_1971">
<pin_list>
<pin id="1972" dir="0" index="0" bw="5" slack="1"/>
<pin id="1973" dir="1" index="1" bw="5" slack="1"/>
</pin_list>
<bind>
<opset="weights_1_1_addr "/>
</bind>
</comp>

<comp id="1976" class="1005" name="weights_1_1_load_reg_1976">
<pin_list>
<pin id="1977" dir="0" index="0" bw="32" slack="1"/>
<pin id="1978" dir="1" index="1" bw="32" slack="1"/>
</pin_list>
<bind>
<opset="weights_1_1_load "/>
</bind>
</comp>

<comp id="1981" class="1005" name="add1_reg_1981">
<pin_list>
<pin id="1982" dir="0" index="0" bw="32" slack="1"/>
<pin id="1983" dir="1" index="1" bw="32" slack="1"/>
</pin_list>
<bind>
<opset="add1 "/>
</bind>
</comp>

<comp id="1986" class="1005" name="mul_1_reg_1986">
<pin_list>
<pin id="1987" dir="0" index="0" bw="32" slack="1"/>
<pin id="1988" dir="1" index="1" bw="32" slack="1"/>
</pin_list>
<bind>
<opset="mul_1 "/>
</bind>
</comp>

<comp id="1991" class="1005" name="weights_1_2_addr_reg_1991">
<pin_list>
<pin id="1992" dir="0" index="0" bw="5" slack="1"/>
<pin id="1993" dir="1" index="1" bw="5" slack="1"/>
</pin_list>
<bind>
<opset="weights_1_2_addr "/>
</bind>
</comp>

<comp id="1996" class="1005" name="weights_1_2_load_reg_1996">
<pin_list>
<pin id="1997" dir="0" index="0" bw="32" slack="1"/>
<pin id="1998" dir="1" index="1" bw="32" slack="1"/>
</pin_list>
<bind>
<opset="weights_1_2_load "/>
</bind>
</comp>

<comp id="2001" class="1005" name="add1_1_reg_2001">
<pin_list>
<pin id="2002" dir="0" index="0" bw="32" slack="1"/>
<pin id="2003" dir="1" index="1" bw="32" slack="1"/>
</pin_list>
<bind>
<opset="add1_1 "/>
</bind>
</comp>

<comp id="2006" class="1005" name="mul_2_reg_2006">
<pin_list>
<pin id="2007" dir="0" index="0" bw="32" slack="1"/>
<pin id="2008" dir="1" index="1" bw="32" slack="1"/>
</pin_list>
<bind>
<opset="mul_2 "/>
</bind>
</comp>

<comp id="2011" class="1005" name="weights_1_3_addr_reg_2011">
<pin_list>
<pin id="2012" dir="0" index="0" bw="5" slack="1"/>
<pin id="2013" dir="1" index="1" bw="5" slack="1"/>
</pin_list>
<bind>
<opset="weights_1_3_addr "/>
</bind>
</comp>

<comp id="2016" class="1005" name="weights_1_3_load_reg_2016">
<pin_list>
<pin id="2017" dir="0" index="0" bw="32" slack="1"/>
<pin id="2018" dir="1" index="1" bw="32" slack="1"/>
</pin_list>
<bind>
<opset="weights_1_3_load "/>
</bind>
</comp>

<comp id="2021" class="1005" name="add1_2_reg_2021">
<pin_list>
<pin id="2022" dir="0" index="0" bw="32" slack="1"/>
<pin id="2023" dir="1" index="1" bw="32" slack="1"/>
</pin_list>
<bind>
<opset="add1_2 "/>
</bind>
</comp>

<comp id="2026" class="1005" name="mul_3_reg_2026">
<pin_list>
<pin id="2027" dir="0" index="0" bw="32" slack="1"/>
<pin id="2028" dir="1" index="1" bw="32" slack="1"/>
</pin_list>
<bind>
<opset="mul_3 "/>
</bind>
</comp>

<comp id="2031" class="1005" name="weights_1_4_addr_reg_2031">
<pin_list>
<pin id="2032" dir="0" index="0" bw="5" slack="1"/>
<pin id="2033" dir="1" index="1" bw="5" slack="1"/>
</pin_list>
<bind>
<opset="weights_1_4_addr "/>
</bind>
</comp>

<comp id="2036" class="1005" name="weights_1_4_load_reg_2036">
<pin_list>
<pin id="2037" dir="0" index="0" bw="32" slack="1"/>
<pin id="2038" dir="1" index="1" bw="32" slack="1"/>
</pin_list>
<bind>
<opset="weights_1_4_load "/>
</bind>
</comp>

<comp id="2041" class="1005" name="add1_3_reg_2041">
<pin_list>
<pin id="2042" dir="0" index="0" bw="32" slack="1"/>
<pin id="2043" dir="1" index="1" bw="32" slack="1"/>
</pin_list>
<bind>
<opset="add1_3 "/>
</bind>
</comp>

<comp id="2046" class="1005" name="mul_4_reg_2046">
<pin_list>
<pin id="2047" dir="0" index="0" bw="32" slack="1"/>
<pin id="2048" dir="1" index="1" bw="32" slack="1"/>
</pin_list>
<bind>
<opset="mul_4 "/>
</bind>
</comp>

<comp id="2051" class="1005" name="weights_1_5_addr_reg_2051">
<pin_list>
<pin id="2052" dir="0" index="0" bw="5" slack="1"/>
<pin id="2053" dir="1" index="1" bw="5" slack="1"/>
</pin_list>
<bind>
<opset="weights_1_5_addr "/>
</bind>
</comp>

<comp id="2056" class="1005" name="weights_1_5_load_reg_2056">
<pin_list>
<pin id="2057" dir="0" index="0" bw="32" slack="1"/>
<pin id="2058" dir="1" index="1" bw="32" slack="1"/>
</pin_list>
<bind>
<opset="weights_1_5_load "/>
</bind>
</comp>

<comp id="2061" class="1005" name="add1_4_reg_2061">
<pin_list>
<pin id="2062" dir="0" index="0" bw="32" slack="1"/>
<pin id="2063" dir="1" index="1" bw="32" slack="1"/>
</pin_list>
<bind>
<opset="add1_4 "/>
</bind>
</comp>

<comp id="2066" class="1005" name="mul_5_reg_2066">
<pin_list>
<pin id="2067" dir="0" index="0" bw="32" slack="1"/>
<pin id="2068" dir="1" index="1" bw="32" slack="1"/>
</pin_list>
<bind>
<opset="mul_5 "/>
</bind>
</comp>

<comp id="2071" class="1005" name="weights_1_6_addr_reg_2071">
<pin_list>
<pin id="2072" dir="0" index="0" bw="5" slack="1"/>
<pin id="2073" dir="1" index="1" bw="5" slack="1"/>
</pin_list>
<bind>
<opset="weights_1_6_addr "/>
</bind>
</comp>

<comp id="2076" class="1005" name="weights_1_6_load_reg_2076">
<pin_list>
<pin id="2077" dir="0" index="0" bw="32" slack="1"/>
<pin id="2078" dir="1" index="1" bw="32" slack="1"/>
</pin_list>
<bind>
<opset="weights_1_6_load "/>
</bind>
</comp>

<comp id="2081" class="1005" name="add1_5_reg_2081">
<pin_list>
<pin id="2082" dir="0" index="0" bw="32" slack="1"/>
<pin id="2083" dir="1" index="1" bw="32" slack="1"/>
</pin_list>
<bind>
<opset="add1_5 "/>
</bind>
</comp>

<comp id="2086" class="1005" name="mul_6_reg_2086">
<pin_list>
<pin id="2087" dir="0" index="0" bw="32" slack="1"/>
<pin id="2088" dir="1" index="1" bw="32" slack="1"/>
</pin_list>
<bind>
<opset="mul_6 "/>
</bind>
</comp>

<comp id="2091" class="1005" name="weights_1_7_addr_reg_2091">
<pin_list>
<pin id="2092" dir="0" index="0" bw="5" slack="1"/>
<pin id="2093" dir="1" index="1" bw="5" slack="1"/>
</pin_list>
<bind>
<opset="weights_1_7_addr "/>
</bind>
</comp>

<comp id="2096" class="1005" name="weights_1_7_load_reg_2096">
<pin_list>
<pin id="2097" dir="0" index="0" bw="32" slack="1"/>
<pin id="2098" dir="1" index="1" bw="32" slack="1"/>
</pin_list>
<bind>
<opset="weights_1_7_load "/>
</bind>
</comp>

<comp id="2101" class="1005" name="add1_6_reg_2101">
<pin_list>
<pin id="2102" dir="0" index="0" bw="32" slack="1"/>
<pin id="2103" dir="1" index="1" bw="32" slack="1"/>
</pin_list>
<bind>
<opset="add1_6 "/>
</bind>
</comp>

<comp id="2106" class="1005" name="mul_7_reg_2106">
<pin_list>
<pin id="2107" dir="0" index="0" bw="32" slack="1"/>
<pin id="2108" dir="1" index="1" bw="32" slack="1"/>
</pin_list>
<bind>
<opset="mul_7 "/>
</bind>
</comp>

<comp id="2111" class="1005" name="weights_1_8_addr_reg_2111">
<pin_list>
<pin id="2112" dir="0" index="0" bw="5" slack="1"/>
<pin id="2113" dir="1" index="1" bw="5" slack="1"/>
</pin_list>
<bind>
<opset="weights_1_8_addr "/>
</bind>
</comp>

<comp id="2116" class="1005" name="weights_1_8_load_reg_2116">
<pin_list>
<pin id="2117" dir="0" index="0" bw="32" slack="1"/>
<pin id="2118" dir="1" index="1" bw="32" slack="1"/>
</pin_list>
<bind>
<opset="weights_1_8_load "/>
</bind>
</comp>

<comp id="2121" class="1005" name="add1_7_reg_2121">
<pin_list>
<pin id="2122" dir="0" index="0" bw="32" slack="1"/>
<pin id="2123" dir="1" index="1" bw="32" slack="1"/>
</pin_list>
<bind>
<opset="add1_7 "/>
</bind>
</comp>

<comp id="2126" class="1005" name="mul_8_reg_2126">
<pin_list>
<pin id="2127" dir="0" index="0" bw="32" slack="1"/>
<pin id="2128" dir="1" index="1" bw="32" slack="1"/>
</pin_list>
<bind>
<opset="mul_8 "/>
</bind>
</comp>

<comp id="2131" class="1005" name="weights_1_9_addr_reg_2131">
<pin_list>
<pin id="2132" dir="0" index="0" bw="5" slack="1"/>
<pin id="2133" dir="1" index="1" bw="5" slack="1"/>
</pin_list>
<bind>
<opset="weights_1_9_addr "/>
</bind>
</comp>

<comp id="2136" class="1005" name="weights_1_9_load_reg_2136">
<pin_list>
<pin id="2137" dir="0" index="0" bw="32" slack="1"/>
<pin id="2138" dir="1" index="1" bw="32" slack="1"/>
</pin_list>
<bind>
<opset="weights_1_9_load "/>
</bind>
</comp>

<comp id="2141" class="1005" name="add1_8_reg_2141">
<pin_list>
<pin id="2142" dir="0" index="0" bw="32" slack="1"/>
<pin id="2143" dir="1" index="1" bw="32" slack="1"/>
</pin_list>
<bind>
<opset="add1_8 "/>
</bind>
</comp>

<comp id="2146" class="1005" name="mul_9_reg_2146">
<pin_list>
<pin id="2147" dir="0" index="0" bw="32" slack="1"/>
<pin id="2148" dir="1" index="1" bw="32" slack="1"/>
</pin_list>
<bind>
<opset="mul_9 "/>
</bind>
</comp>

<comp id="2151" class="1005" name="weights_1_10_addr_reg_2151">
<pin_list>
<pin id="2152" dir="0" index="0" bw="5" slack="1"/>
<pin id="2153" dir="1" index="1" bw="5" slack="1"/>
</pin_list>
<bind>
<opset="weights_1_10_addr "/>
</bind>
</comp>

<comp id="2156" class="1005" name="weights_1_10_load_reg_2156">
<pin_list>
<pin id="2157" dir="0" index="0" bw="32" slack="1"/>
<pin id="2158" dir="1" index="1" bw="32" slack="1"/>
</pin_list>
<bind>
<opset="weights_1_10_load "/>
</bind>
</comp>

<comp id="2161" class="1005" name="add1_9_reg_2161">
<pin_list>
<pin id="2162" dir="0" index="0" bw="32" slack="1"/>
<pin id="2163" dir="1" index="1" bw="32" slack="1"/>
</pin_list>
<bind>
<opset="add1_9 "/>
</bind>
</comp>

<comp id="2166" class="1005" name="mul_s_reg_2166">
<pin_list>
<pin id="2167" dir="0" index="0" bw="32" slack="1"/>
<pin id="2168" dir="1" index="1" bw="32" slack="1"/>
</pin_list>
<bind>
<opset="mul_s "/>
</bind>
</comp>

<comp id="2171" class="1005" name="weights_1_11_addr_reg_2171">
<pin_list>
<pin id="2172" dir="0" index="0" bw="5" slack="1"/>
<pin id="2173" dir="1" index="1" bw="5" slack="1"/>
</pin_list>
<bind>
<opset="weights_1_11_addr "/>
</bind>
</comp>

<comp id="2176" class="1005" name="weights_1_11_load_reg_2176">
<pin_list>
<pin id="2177" dir="0" index="0" bw="32" slack="1"/>
<pin id="2178" dir="1" index="1" bw="32" slack="1"/>
</pin_list>
<bind>
<opset="weights_1_11_load "/>
</bind>
</comp>

<comp id="2181" class="1005" name="add1_s_reg_2181">
<pin_list>
<pin id="2182" dir="0" index="0" bw="32" slack="1"/>
<pin id="2183" dir="1" index="1" bw="32" slack="1"/>
</pin_list>
<bind>
<opset="add1_s "/>
</bind>
</comp>

<comp id="2186" class="1005" name="mul_10_reg_2186">
<pin_list>
<pin id="2187" dir="0" index="0" bw="32" slack="1"/>
<pin id="2188" dir="1" index="1" bw="32" slack="1"/>
</pin_list>
<bind>
<opset="mul_10 "/>
</bind>
</comp>

<comp id="2191" class="1005" name="weights_1_12_addr_reg_2191">
<pin_list>
<pin id="2192" dir="0" index="0" bw="5" slack="1"/>
<pin id="2193" dir="1" index="1" bw="5" slack="1"/>
</pin_list>
<bind>
<opset="weights_1_12_addr "/>
</bind>
</comp>

<comp id="2196" class="1005" name="weights_1_12_load_reg_2196">
<pin_list>
<pin id="2197" dir="0" index="0" bw="32" slack="1"/>
<pin id="2198" dir="1" index="1" bw="32" slack="1"/>
</pin_list>
<bind>
<opset="weights_1_12_load "/>
</bind>
</comp>

<comp id="2201" class="1005" name="add1_10_reg_2201">
<pin_list>
<pin id="2202" dir="0" index="0" bw="32" slack="1"/>
<pin id="2203" dir="1" index="1" bw="32" slack="1"/>
</pin_list>
<bind>
<opset="add1_10 "/>
</bind>
</comp>

<comp id="2206" class="1005" name="mul_11_reg_2206">
<pin_list>
<pin id="2207" dir="0" index="0" bw="32" slack="1"/>
<pin id="2208" dir="1" index="1" bw="32" slack="1"/>
</pin_list>
<bind>
<opset="mul_11 "/>
</bind>
</comp>

<comp id="2211" class="1005" name="weights_1_13_addr_reg_2211">
<pin_list>
<pin id="2212" dir="0" index="0" bw="5" slack="1"/>
<pin id="2213" dir="1" index="1" bw="5" slack="1"/>
</pin_list>
<bind>
<opset="weights_1_13_addr "/>
</bind>
</comp>

<comp id="2216" class="1005" name="weights_1_13_load_reg_2216">
<pin_list>
<pin id="2217" dir="0" index="0" bw="32" slack="1"/>
<pin id="2218" dir="1" index="1" bw="32" slack="1"/>
</pin_list>
<bind>
<opset="weights_1_13_load "/>
</bind>
</comp>

<comp id="2221" class="1005" name="add1_11_reg_2221">
<pin_list>
<pin id="2222" dir="0" index="0" bw="32" slack="1"/>
<pin id="2223" dir="1" index="1" bw="32" slack="1"/>
</pin_list>
<bind>
<opset="add1_11 "/>
</bind>
</comp>

<comp id="2226" class="1005" name="mul_12_reg_2226">
<pin_list>
<pin id="2227" dir="0" index="0" bw="32" slack="1"/>
<pin id="2228" dir="1" index="1" bw="32" slack="1"/>
</pin_list>
<bind>
<opset="mul_12 "/>
</bind>
</comp>

<comp id="2231" class="1005" name="weights_1_14_addr_reg_2231">
<pin_list>
<pin id="2232" dir="0" index="0" bw="5" slack="1"/>
<pin id="2233" dir="1" index="1" bw="5" slack="1"/>
</pin_list>
<bind>
<opset="weights_1_14_addr "/>
</bind>
</comp>

<comp id="2236" class="1005" name="weights_1_14_load_reg_2236">
<pin_list>
<pin id="2237" dir="0" index="0" bw="32" slack="1"/>
<pin id="2238" dir="1" index="1" bw="32" slack="1"/>
</pin_list>
<bind>
<opset="weights_1_14_load "/>
</bind>
</comp>

<comp id="2241" class="1005" name="add1_12_reg_2241">
<pin_list>
<pin id="2242" dir="0" index="0" bw="32" slack="1"/>
<pin id="2243" dir="1" index="1" bw="32" slack="1"/>
</pin_list>
<bind>
<opset="add1_12 "/>
</bind>
</comp>

<comp id="2246" class="1005" name="mul_13_reg_2246">
<pin_list>
<pin id="2247" dir="0" index="0" bw="32" slack="1"/>
<pin id="2248" dir="1" index="1" bw="32" slack="1"/>
</pin_list>
<bind>
<opset="mul_13 "/>
</bind>
</comp>

<comp id="2251" class="1005" name="weights_1_15_addr_reg_2251">
<pin_list>
<pin id="2252" dir="0" index="0" bw="5" slack="1"/>
<pin id="2253" dir="1" index="1" bw="5" slack="1"/>
</pin_list>
<bind>
<opset="weights_1_15_addr "/>
</bind>
</comp>

<comp id="2256" class="1005" name="weights_1_15_load_reg_2256">
<pin_list>
<pin id="2257" dir="0" index="0" bw="32" slack="1"/>
<pin id="2258" dir="1" index="1" bw="32" slack="1"/>
</pin_list>
<bind>
<opset="weights_1_15_load "/>
</bind>
</comp>

<comp id="2261" class="1005" name="add1_13_reg_2261">
<pin_list>
<pin id="2262" dir="0" index="0" bw="32" slack="1"/>
<pin id="2263" dir="1" index="1" bw="32" slack="1"/>
</pin_list>
<bind>
<opset="add1_13 "/>
</bind>
</comp>

<comp id="2266" class="1005" name="mul_14_reg_2266">
<pin_list>
<pin id="2267" dir="0" index="0" bw="32" slack="1"/>
<pin id="2268" dir="1" index="1" bw="32" slack="1"/>
</pin_list>
<bind>
<opset="mul_14 "/>
</bind>
</comp>

<comp id="2271" class="1005" name="weights_1_16_addr_reg_2271">
<pin_list>
<pin id="2272" dir="0" index="0" bw="5" slack="1"/>
<pin id="2273" dir="1" index="1" bw="5" slack="1"/>
</pin_list>
<bind>
<opset="weights_1_16_addr "/>
</bind>
</comp>

<comp id="2276" class="1005" name="weights_1_16_load_reg_2276">
<pin_list>
<pin id="2277" dir="0" index="0" bw="32" slack="1"/>
<pin id="2278" dir="1" index="1" bw="32" slack="1"/>
</pin_list>
<bind>
<opset="weights_1_16_load "/>
</bind>
</comp>

<comp id="2281" class="1005" name="add1_14_reg_2281">
<pin_list>
<pin id="2282" dir="0" index="0" bw="32" slack="1"/>
<pin id="2283" dir="1" index="1" bw="32" slack="1"/>
</pin_list>
<bind>
<opset="add1_14 "/>
</bind>
</comp>

<comp id="2286" class="1005" name="mul_15_reg_2286">
<pin_list>
<pin id="2287" dir="0" index="0" bw="32" slack="1"/>
<pin id="2288" dir="1" index="1" bw="32" slack="1"/>
</pin_list>
<bind>
<opset="mul_15 "/>
</bind>
</comp>

<comp id="2291" class="1005" name="weights_1_17_addr_reg_2291">
<pin_list>
<pin id="2292" dir="0" index="0" bw="5" slack="1"/>
<pin id="2293" dir="1" index="1" bw="5" slack="1"/>
</pin_list>
<bind>
<opset="weights_1_17_addr "/>
</bind>
</comp>

<comp id="2296" class="1005" name="weights_1_17_load_reg_2296">
<pin_list>
<pin id="2297" dir="0" index="0" bw="32" slack="1"/>
<pin id="2298" dir="1" index="1" bw="32" slack="1"/>
</pin_list>
<bind>
<opset="weights_1_17_load "/>
</bind>
</comp>

<comp id="2301" class="1005" name="add1_15_reg_2301">
<pin_list>
<pin id="2302" dir="0" index="0" bw="32" slack="1"/>
<pin id="2303" dir="1" index="1" bw="32" slack="1"/>
</pin_list>
<bind>
<opset="add1_15 "/>
</bind>
</comp>

<comp id="2306" class="1005" name="mul_16_reg_2306">
<pin_list>
<pin id="2307" dir="0" index="0" bw="32" slack="1"/>
<pin id="2308" dir="1" index="1" bw="32" slack="1"/>
</pin_list>
<bind>
<opset="mul_16 "/>
</bind>
</comp>

<comp id="2311" class="1005" name="weights_1_18_addr_reg_2311">
<pin_list>
<pin id="2312" dir="0" index="0" bw="5" slack="1"/>
<pin id="2313" dir="1" index="1" bw="5" slack="1"/>
</pin_list>
<bind>
<opset="weights_1_18_addr "/>
</bind>
</comp>

<comp id="2316" class="1005" name="weights_1_18_load_reg_2316">
<pin_list>
<pin id="2317" dir="0" index="0" bw="32" slack="1"/>
<pin id="2318" dir="1" index="1" bw="32" slack="1"/>
</pin_list>
<bind>
<opset="weights_1_18_load "/>
</bind>
</comp>

<comp id="2321" class="1005" name="add1_16_reg_2321">
<pin_list>
<pin id="2322" dir="0" index="0" bw="32" slack="1"/>
<pin id="2323" dir="1" index="1" bw="32" slack="1"/>
</pin_list>
<bind>
<opset="add1_16 "/>
</bind>
</comp>

<comp id="2326" class="1005" name="mul_17_reg_2326">
<pin_list>
<pin id="2327" dir="0" index="0" bw="32" slack="1"/>
<pin id="2328" dir="1" index="1" bw="32" slack="1"/>
</pin_list>
<bind>
<opset="mul_17 "/>
</bind>
</comp>

<comp id="2331" class="1005" name="weights_1_19_addr_reg_2331">
<pin_list>
<pin id="2332" dir="0" index="0" bw="5" slack="1"/>
<pin id="2333" dir="1" index="1" bw="5" slack="1"/>
</pin_list>
<bind>
<opset="weights_1_19_addr "/>
</bind>
</comp>

<comp id="2336" class="1005" name="weights_1_19_load_reg_2336">
<pin_list>
<pin id="2337" dir="0" index="0" bw="32" slack="1"/>
<pin id="2338" dir="1" index="1" bw="32" slack="1"/>
</pin_list>
<bind>
<opset="weights_1_19_load "/>
</bind>
</comp>

<comp id="2341" class="1005" name="add1_17_reg_2341">
<pin_list>
<pin id="2342" dir="0" index="0" bw="32" slack="1"/>
<pin id="2343" dir="1" index="1" bw="32" slack="1"/>
</pin_list>
<bind>
<opset="add1_17 "/>
</bind>
</comp>

<comp id="2346" class="1005" name="mul_18_reg_2346">
<pin_list>
<pin id="2347" dir="0" index="0" bw="32" slack="1"/>
<pin id="2348" dir="1" index="1" bw="32" slack="1"/>
</pin_list>
<bind>
<opset="mul_18 "/>
</bind>
</comp>

<comp id="2351" class="1005" name="weights_1_20_addr_reg_2351">
<pin_list>
<pin id="2352" dir="0" index="0" bw="5" slack="1"/>
<pin id="2353" dir="1" index="1" bw="5" slack="1"/>
</pin_list>
<bind>
<opset="weights_1_20_addr "/>
</bind>
</comp>

<comp id="2356" class="1005" name="weights_1_20_load_reg_2356">
<pin_list>
<pin id="2357" dir="0" index="0" bw="32" slack="1"/>
<pin id="2358" dir="1" index="1" bw="32" slack="1"/>
</pin_list>
<bind>
<opset="weights_1_20_load "/>
</bind>
</comp>

<comp id="2361" class="1005" name="add1_18_reg_2361">
<pin_list>
<pin id="2362" dir="0" index="0" bw="32" slack="1"/>
<pin id="2363" dir="1" index="1" bw="32" slack="1"/>
</pin_list>
<bind>
<opset="add1_18 "/>
</bind>
</comp>

<comp id="2366" class="1005" name="mul_19_reg_2366">
<pin_list>
<pin id="2367" dir="0" index="0" bw="32" slack="1"/>
<pin id="2368" dir="1" index="1" bw="32" slack="1"/>
</pin_list>
<bind>
<opset="mul_19 "/>
</bind>
</comp>

<comp id="2371" class="1005" name="weights_1_21_addr_reg_2371">
<pin_list>
<pin id="2372" dir="0" index="0" bw="5" slack="1"/>
<pin id="2373" dir="1" index="1" bw="5" slack="1"/>
</pin_list>
<bind>
<opset="weights_1_21_addr "/>
</bind>
</comp>

<comp id="2376" class="1005" name="weights_1_21_load_reg_2376">
<pin_list>
<pin id="2377" dir="0" index="0" bw="32" slack="1"/>
<pin id="2378" dir="1" index="1" bw="32" slack="1"/>
</pin_list>
<bind>
<opset="weights_1_21_load "/>
</bind>
</comp>

<comp id="2381" class="1005" name="add1_19_reg_2381">
<pin_list>
<pin id="2382" dir="0" index="0" bw="32" slack="1"/>
<pin id="2383" dir="1" index="1" bw="32" slack="1"/>
</pin_list>
<bind>
<opset="add1_19 "/>
</bind>
</comp>

<comp id="2386" class="1005" name="mul_20_reg_2386">
<pin_list>
<pin id="2387" dir="0" index="0" bw="32" slack="1"/>
<pin id="2388" dir="1" index="1" bw="32" slack="1"/>
</pin_list>
<bind>
<opset="mul_20 "/>
</bind>
</comp>

<comp id="2391" class="1005" name="weights_1_22_addr_reg_2391">
<pin_list>
<pin id="2392" dir="0" index="0" bw="5" slack="1"/>
<pin id="2393" dir="1" index="1" bw="5" slack="1"/>
</pin_list>
<bind>
<opset="weights_1_22_addr "/>
</bind>
</comp>

<comp id="2396" class="1005" name="weights_1_22_load_reg_2396">
<pin_list>
<pin id="2397" dir="0" index="0" bw="32" slack="1"/>
<pin id="2398" dir="1" index="1" bw="32" slack="1"/>
</pin_list>
<bind>
<opset="weights_1_22_load "/>
</bind>
</comp>

<comp id="2401" class="1005" name="add1_20_reg_2401">
<pin_list>
<pin id="2402" dir="0" index="0" bw="32" slack="1"/>
<pin id="2403" dir="1" index="1" bw="32" slack="1"/>
</pin_list>
<bind>
<opset="add1_20 "/>
</bind>
</comp>

<comp id="2406" class="1005" name="mul_21_reg_2406">
<pin_list>
<pin id="2407" dir="0" index="0" bw="32" slack="1"/>
<pin id="2408" dir="1" index="1" bw="32" slack="1"/>
</pin_list>
<bind>
<opset="mul_21 "/>
</bind>
</comp>

<comp id="2411" class="1005" name="weights_1_23_addr_reg_2411">
<pin_list>
<pin id="2412" dir="0" index="0" bw="5" slack="1"/>
<pin id="2413" dir="1" index="1" bw="5" slack="1"/>
</pin_list>
<bind>
<opset="weights_1_23_addr "/>
</bind>
</comp>

<comp id="2416" class="1005" name="weights_1_23_load_reg_2416">
<pin_list>
<pin id="2417" dir="0" index="0" bw="32" slack="1"/>
<pin id="2418" dir="1" index="1" bw="32" slack="1"/>
</pin_list>
<bind>
<opset="weights_1_23_load "/>
</bind>
</comp>

<comp id="2421" class="1005" name="add1_21_reg_2421">
<pin_list>
<pin id="2422" dir="0" index="0" bw="32" slack="1"/>
<pin id="2423" dir="1" index="1" bw="32" slack="1"/>
</pin_list>
<bind>
<opset="add1_21 "/>
</bind>
</comp>

<comp id="2426" class="1005" name="mul_22_reg_2426">
<pin_list>
<pin id="2427" dir="0" index="0" bw="32" slack="1"/>
<pin id="2428" dir="1" index="1" bw="32" slack="1"/>
</pin_list>
<bind>
<opset="mul_22 "/>
</bind>
</comp>

<comp id="2431" class="1005" name="weights_1_24_addr_reg_2431">
<pin_list>
<pin id="2432" dir="0" index="0" bw="5" slack="1"/>
<pin id="2433" dir="1" index="1" bw="5" slack="1"/>
</pin_list>
<bind>
<opset="weights_1_24_addr "/>
</bind>
</comp>

<comp id="2436" class="1005" name="weights_1_24_load_reg_2436">
<pin_list>
<pin id="2437" dir="0" index="0" bw="32" slack="1"/>
<pin id="2438" dir="1" index="1" bw="32" slack="1"/>
</pin_list>
<bind>
<opset="weights_1_24_load "/>
</bind>
</comp>

<comp id="2441" class="1005" name="add1_22_reg_2441">
<pin_list>
<pin id="2442" dir="0" index="0" bw="32" slack="1"/>
<pin id="2443" dir="1" index="1" bw="32" slack="1"/>
</pin_list>
<bind>
<opset="add1_22 "/>
</bind>
</comp>

<comp id="2446" class="1005" name="mul_23_reg_2446">
<pin_list>
<pin id="2447" dir="0" index="0" bw="32" slack="1"/>
<pin id="2448" dir="1" index="1" bw="32" slack="1"/>
</pin_list>
<bind>
<opset="mul_23 "/>
</bind>
</comp>

<comp id="2451" class="1005" name="weights_1_25_addr_reg_2451">
<pin_list>
<pin id="2452" dir="0" index="0" bw="5" slack="1"/>
<pin id="2453" dir="1" index="1" bw="5" slack="1"/>
</pin_list>
<bind>
<opset="weights_1_25_addr "/>
</bind>
</comp>

<comp id="2456" class="1005" name="weights_1_25_load_reg_2456">
<pin_list>
<pin id="2457" dir="0" index="0" bw="32" slack="1"/>
<pin id="2458" dir="1" index="1" bw="32" slack="1"/>
</pin_list>
<bind>
<opset="weights_1_25_load "/>
</bind>
</comp>

<comp id="2461" class="1005" name="add1_23_reg_2461">
<pin_list>
<pin id="2462" dir="0" index="0" bw="32" slack="1"/>
<pin id="2463" dir="1" index="1" bw="32" slack="1"/>
</pin_list>
<bind>
<opset="add1_23 "/>
</bind>
</comp>

<comp id="2466" class="1005" name="mul_24_reg_2466">
<pin_list>
<pin id="2467" dir="0" index="0" bw="32" slack="1"/>
<pin id="2468" dir="1" index="1" bw="32" slack="1"/>
</pin_list>
<bind>
<opset="mul_24 "/>
</bind>
</comp>

<comp id="2471" class="1005" name="weights_1_26_addr_reg_2471">
<pin_list>
<pin id="2472" dir="0" index="0" bw="5" slack="1"/>
<pin id="2473" dir="1" index="1" bw="5" slack="1"/>
</pin_list>
<bind>
<opset="weights_1_26_addr "/>
</bind>
</comp>

<comp id="2476" class="1005" name="weights_1_26_load_reg_2476">
<pin_list>
<pin id="2477" dir="0" index="0" bw="32" slack="1"/>
<pin id="2478" dir="1" index="1" bw="32" slack="1"/>
</pin_list>
<bind>
<opset="weights_1_26_load "/>
</bind>
</comp>

<comp id="2481" class="1005" name="add1_24_reg_2481">
<pin_list>
<pin id="2482" dir="0" index="0" bw="32" slack="1"/>
<pin id="2483" dir="1" index="1" bw="32" slack="1"/>
</pin_list>
<bind>
<opset="add1_24 "/>
</bind>
</comp>

<comp id="2486" class="1005" name="mul_25_reg_2486">
<pin_list>
<pin id="2487" dir="0" index="0" bw="32" slack="1"/>
<pin id="2488" dir="1" index="1" bw="32" slack="1"/>
</pin_list>
<bind>
<opset="mul_25 "/>
</bind>
</comp>

<comp id="2491" class="1005" name="weights_1_27_addr_reg_2491">
<pin_list>
<pin id="2492" dir="0" index="0" bw="5" slack="1"/>
<pin id="2493" dir="1" index="1" bw="5" slack="1"/>
</pin_list>
<bind>
<opset="weights_1_27_addr "/>
</bind>
</comp>

<comp id="2496" class="1005" name="weights_1_27_load_reg_2496">
<pin_list>
<pin id="2497" dir="0" index="0" bw="32" slack="1"/>
<pin id="2498" dir="1" index="1" bw="32" slack="1"/>
</pin_list>
<bind>
<opset="weights_1_27_load "/>
</bind>
</comp>

<comp id="2501" class="1005" name="add1_25_reg_2501">
<pin_list>
<pin id="2502" dir="0" index="0" bw="32" slack="1"/>
<pin id="2503" dir="1" index="1" bw="32" slack="1"/>
</pin_list>
<bind>
<opset="add1_25 "/>
</bind>
</comp>

<comp id="2506" class="1005" name="mul_26_reg_2506">
<pin_list>
<pin id="2507" dir="0" index="0" bw="32" slack="1"/>
<pin id="2508" dir="1" index="1" bw="32" slack="1"/>
</pin_list>
<bind>
<opset="mul_26 "/>
</bind>
</comp>

<comp id="2511" class="1005" name="weights_1_28_addr_reg_2511">
<pin_list>
<pin id="2512" dir="0" index="0" bw="5" slack="1"/>
<pin id="2513" dir="1" index="1" bw="5" slack="1"/>
</pin_list>
<bind>
<opset="weights_1_28_addr "/>
</bind>
</comp>

<comp id="2516" class="1005" name="weights_1_28_load_reg_2516">
<pin_list>
<pin id="2517" dir="0" index="0" bw="32" slack="1"/>
<pin id="2518" dir="1" index="1" bw="32" slack="1"/>
</pin_list>
<bind>
<opset="weights_1_28_load "/>
</bind>
</comp>

<comp id="2521" class="1005" name="add1_26_reg_2521">
<pin_list>
<pin id="2522" dir="0" index="0" bw="32" slack="1"/>
<pin id="2523" dir="1" index="1" bw="32" slack="1"/>
</pin_list>
<bind>
<opset="add1_26 "/>
</bind>
</comp>

<comp id="2526" class="1005" name="mul_27_reg_2526">
<pin_list>
<pin id="2527" dir="0" index="0" bw="32" slack="1"/>
<pin id="2528" dir="1" index="1" bw="32" slack="1"/>
</pin_list>
<bind>
<opset="mul_27 "/>
</bind>
</comp>

<comp id="2531" class="1005" name="weights_1_29_addr_reg_2531">
<pin_list>
<pin id="2532" dir="0" index="0" bw="5" slack="1"/>
<pin id="2533" dir="1" index="1" bw="5" slack="1"/>
</pin_list>
<bind>
<opset="weights_1_29_addr "/>
</bind>
</comp>

<comp id="2536" class="1005" name="weights_1_29_load_reg_2536">
<pin_list>
<pin id="2537" dir="0" index="0" bw="32" slack="1"/>
<pin id="2538" dir="1" index="1" bw="32" slack="1"/>
</pin_list>
<bind>
<opset="weights_1_29_load "/>
</bind>
</comp>

<comp id="2541" class="1005" name="add1_27_reg_2541">
<pin_list>
<pin id="2542" dir="0" index="0" bw="32" slack="1"/>
<pin id="2543" dir="1" index="1" bw="32" slack="1"/>
</pin_list>
<bind>
<opset="add1_27 "/>
</bind>
</comp>

<comp id="2546" class="1005" name="mul_28_reg_2546">
<pin_list>
<pin id="2547" dir="0" index="0" bw="32" slack="1"/>
<pin id="2548" dir="1" index="1" bw="32" slack="1"/>
</pin_list>
<bind>
<opset="mul_28 "/>
</bind>
</comp>

<comp id="2551" class="1005" name="weights_1_30_addr_reg_2551">
<pin_list>
<pin id="2552" dir="0" index="0" bw="5" slack="1"/>
<pin id="2553" dir="1" index="1" bw="5" slack="1"/>
</pin_list>
<bind>
<opset="weights_1_30_addr "/>
</bind>
</comp>

<comp id="2556" class="1005" name="weights_1_30_load_reg_2556">
<pin_list>
<pin id="2557" dir="0" index="0" bw="32" slack="1"/>
<pin id="2558" dir="1" index="1" bw="32" slack="1"/>
</pin_list>
<bind>
<opset="weights_1_30_load "/>
</bind>
</comp>

<comp id="2561" class="1005" name="add1_28_reg_2561">
<pin_list>
<pin id="2562" dir="0" index="0" bw="32" slack="1"/>
<pin id="2563" dir="1" index="1" bw="32" slack="1"/>
</pin_list>
<bind>
<opset="add1_28 "/>
</bind>
</comp>

<comp id="2566" class="1005" name="mul_29_reg_2566">
<pin_list>
<pin id="2567" dir="0" index="0" bw="32" slack="1"/>
<pin id="2568" dir="1" index="1" bw="32" slack="1"/>
</pin_list>
<bind>
<opset="mul_29 "/>
</bind>
</comp>

<comp id="2571" class="1005" name="weights_1_31_addr_reg_2571">
<pin_list>
<pin id="2572" dir="0" index="0" bw="5" slack="1"/>
<pin id="2573" dir="1" index="1" bw="5" slack="1"/>
</pin_list>
<bind>
<opset="weights_1_31_addr "/>
</bind>
</comp>

<comp id="2576" class="1005" name="weights_1_31_load_reg_2576">
<pin_list>
<pin id="2577" dir="0" index="0" bw="32" slack="1"/>
<pin id="2578" dir="1" index="1" bw="32" slack="1"/>
</pin_list>
<bind>
<opset="weights_1_31_load "/>
</bind>
</comp>

<comp id="2581" class="1005" name="add1_29_reg_2581">
<pin_list>
<pin id="2582" dir="0" index="0" bw="32" slack="1"/>
<pin id="2583" dir="1" index="1" bw="32" slack="1"/>
</pin_list>
<bind>
<opset="add1_29 "/>
</bind>
</comp>

<comp id="2586" class="1005" name="mul_30_reg_2586">
<pin_list>
<pin id="2587" dir="0" index="0" bw="32" slack="1"/>
<pin id="2588" dir="1" index="1" bw="32" slack="1"/>
</pin_list>
<bind>
<opset="mul_30 "/>
</bind>
</comp>

<comp id="2591" class="1005" name="weights_1_32_addr_reg_2591">
<pin_list>
<pin id="2592" dir="0" index="0" bw="5" slack="1"/>
<pin id="2593" dir="1" index="1" bw="5" slack="1"/>
</pin_list>
<bind>
<opset="weights_1_32_addr "/>
</bind>
</comp>

<comp id="2596" class="1005" name="weights_1_32_load_reg_2596">
<pin_list>
<pin id="2597" dir="0" index="0" bw="32" slack="1"/>
<pin id="2598" dir="1" index="1" bw="32" slack="1"/>
</pin_list>
<bind>
<opset="weights_1_32_load "/>
</bind>
</comp>

<comp id="2601" class="1005" name="add1_30_reg_2601">
<pin_list>
<pin id="2602" dir="0" index="0" bw="32" slack="1"/>
<pin id="2603" dir="1" index="1" bw="32" slack="1"/>
</pin_list>
<bind>
<opset="add1_30 "/>
</bind>
</comp>

<comp id="2606" class="1005" name="mul_31_reg_2606">
<pin_list>
<pin id="2607" dir="0" index="0" bw="32" slack="1"/>
<pin id="2608" dir="1" index="1" bw="32" slack="1"/>
</pin_list>
<bind>
<opset="mul_31 "/>
</bind>
</comp>

<comp id="2611" class="1005" name="weights_1_33_addr_reg_2611">
<pin_list>
<pin id="2612" dir="0" index="0" bw="5" slack="1"/>
<pin id="2613" dir="1" index="1" bw="5" slack="1"/>
</pin_list>
<bind>
<opset="weights_1_33_addr "/>
</bind>
</comp>

<comp id="2616" class="1005" name="weights_1_33_load_reg_2616">
<pin_list>
<pin id="2617" dir="0" index="0" bw="32" slack="1"/>
<pin id="2618" dir="1" index="1" bw="32" slack="1"/>
</pin_list>
<bind>
<opset="weights_1_33_load "/>
</bind>
</comp>

<comp id="2621" class="1005" name="add1_31_reg_2621">
<pin_list>
<pin id="2622" dir="0" index="0" bw="32" slack="1"/>
<pin id="2623" dir="1" index="1" bw="32" slack="1"/>
</pin_list>
<bind>
<opset="add1_31 "/>
</bind>
</comp>

<comp id="2626" class="1005" name="mul_32_reg_2626">
<pin_list>
<pin id="2627" dir="0" index="0" bw="32" slack="1"/>
<pin id="2628" dir="1" index="1" bw="32" slack="1"/>
</pin_list>
<bind>
<opset="mul_32 "/>
</bind>
</comp>

<comp id="2631" class="1005" name="weights_1_34_addr_reg_2631">
<pin_list>
<pin id="2632" dir="0" index="0" bw="5" slack="1"/>
<pin id="2633" dir="1" index="1" bw="5" slack="1"/>
</pin_list>
<bind>
<opset="weights_1_34_addr "/>
</bind>
</comp>

<comp id="2636" class="1005" name="weights_1_34_load_reg_2636">
<pin_list>
<pin id="2637" dir="0" index="0" bw="32" slack="1"/>
<pin id="2638" dir="1" index="1" bw="32" slack="1"/>
</pin_list>
<bind>
<opset="weights_1_34_load "/>
</bind>
</comp>

<comp id="2641" class="1005" name="add1_32_reg_2641">
<pin_list>
<pin id="2642" dir="0" index="0" bw="32" slack="1"/>
<pin id="2643" dir="1" index="1" bw="32" slack="1"/>
</pin_list>
<bind>
<opset="add1_32 "/>
</bind>
</comp>

<comp id="2646" class="1005" name="mul_33_reg_2646">
<pin_list>
<pin id="2647" dir="0" index="0" bw="32" slack="1"/>
<pin id="2648" dir="1" index="1" bw="32" slack="1"/>
</pin_list>
<bind>
<opset="mul_33 "/>
</bind>
</comp>

<comp id="2651" class="1005" name="weights_1_35_addr_reg_2651">
<pin_list>
<pin id="2652" dir="0" index="0" bw="5" slack="1"/>
<pin id="2653" dir="1" index="1" bw="5" slack="1"/>
</pin_list>
<bind>
<opset="weights_1_35_addr "/>
</bind>
</comp>

<comp id="2656" class="1005" name="weights_1_35_load_reg_2656">
<pin_list>
<pin id="2657" dir="0" index="0" bw="32" slack="1"/>
<pin id="2658" dir="1" index="1" bw="32" slack="1"/>
</pin_list>
<bind>
<opset="weights_1_35_load "/>
</bind>
</comp>

<comp id="2661" class="1005" name="add1_33_reg_2661">
<pin_list>
<pin id="2662" dir="0" index="0" bw="32" slack="1"/>
<pin id="2663" dir="1" index="1" bw="32" slack="1"/>
</pin_list>
<bind>
<opset="add1_33 "/>
</bind>
</comp>

<comp id="2666" class="1005" name="mul_34_reg_2666">
<pin_list>
<pin id="2667" dir="0" index="0" bw="32" slack="1"/>
<pin id="2668" dir="1" index="1" bw="32" slack="1"/>
</pin_list>
<bind>
<opset="mul_34 "/>
</bind>
</comp>

<comp id="2671" class="1005" name="weights_1_36_addr_reg_2671">
<pin_list>
<pin id="2672" dir="0" index="0" bw="5" slack="1"/>
<pin id="2673" dir="1" index="1" bw="5" slack="1"/>
</pin_list>
<bind>
<opset="weights_1_36_addr "/>
</bind>
</comp>

<comp id="2676" class="1005" name="weights_1_36_load_reg_2676">
<pin_list>
<pin id="2677" dir="0" index="0" bw="32" slack="1"/>
<pin id="2678" dir="1" index="1" bw="32" slack="1"/>
</pin_list>
<bind>
<opset="weights_1_36_load "/>
</bind>
</comp>

<comp id="2681" class="1005" name="add1_34_reg_2681">
<pin_list>
<pin id="2682" dir="0" index="0" bw="32" slack="1"/>
<pin id="2683" dir="1" index="1" bw="32" slack="1"/>
</pin_list>
<bind>
<opset="add1_34 "/>
</bind>
</comp>

<comp id="2686" class="1005" name="mul_35_reg_2686">
<pin_list>
<pin id="2687" dir="0" index="0" bw="32" slack="1"/>
<pin id="2688" dir="1" index="1" bw="32" slack="1"/>
</pin_list>
<bind>
<opset="mul_35 "/>
</bind>
</comp>

<comp id="2691" class="1005" name="weights_1_37_addr_reg_2691">
<pin_list>
<pin id="2692" dir="0" index="0" bw="5" slack="1"/>
<pin id="2693" dir="1" index="1" bw="5" slack="1"/>
</pin_list>
<bind>
<opset="weights_1_37_addr "/>
</bind>
</comp>

<comp id="2696" class="1005" name="weights_1_37_load_reg_2696">
<pin_list>
<pin id="2697" dir="0" index="0" bw="32" slack="1"/>
<pin id="2698" dir="1" index="1" bw="32" slack="1"/>
</pin_list>
<bind>
<opset="weights_1_37_load "/>
</bind>
</comp>

<comp id="2701" class="1005" name="add1_35_reg_2701">
<pin_list>
<pin id="2702" dir="0" index="0" bw="32" slack="1"/>
<pin id="2703" dir="1" index="1" bw="32" slack="1"/>
</pin_list>
<bind>
<opset="add1_35 "/>
</bind>
</comp>

<comp id="2706" class="1005" name="mul_36_reg_2706">
<pin_list>
<pin id="2707" dir="0" index="0" bw="32" slack="1"/>
<pin id="2708" dir="1" index="1" bw="32" slack="1"/>
</pin_list>
<bind>
<opset="mul_36 "/>
</bind>
</comp>

<comp id="2711" class="1005" name="weights_1_38_addr_reg_2711">
<pin_list>
<pin id="2712" dir="0" index="0" bw="5" slack="1"/>
<pin id="2713" dir="1" index="1" bw="5" slack="1"/>
</pin_list>
<bind>
<opset="weights_1_38_addr "/>
</bind>
</comp>

<comp id="2716" class="1005" name="weights_1_38_load_reg_2716">
<pin_list>
<pin id="2717" dir="0" index="0" bw="32" slack="1"/>
<pin id="2718" dir="1" index="1" bw="32" slack="1"/>
</pin_list>
<bind>
<opset="weights_1_38_load "/>
</bind>
</comp>

<comp id="2721" class="1005" name="add1_36_reg_2721">
<pin_list>
<pin id="2722" dir="0" index="0" bw="32" slack="1"/>
<pin id="2723" dir="1" index="1" bw="32" slack="1"/>
</pin_list>
<bind>
<opset="add1_36 "/>
</bind>
</comp>

<comp id="2726" class="1005" name="mul_37_reg_2726">
<pin_list>
<pin id="2727" dir="0" index="0" bw="32" slack="1"/>
<pin id="2728" dir="1" index="1" bw="32" slack="1"/>
</pin_list>
<bind>
<opset="mul_37 "/>
</bind>
</comp>

<comp id="2731" class="1005" name="weights_1_39_addr_reg_2731">
<pin_list>
<pin id="2732" dir="0" index="0" bw="5" slack="1"/>
<pin id="2733" dir="1" index="1" bw="5" slack="1"/>
</pin_list>
<bind>
<opset="weights_1_39_addr "/>
</bind>
</comp>

<comp id="2736" class="1005" name="weights_1_39_load_reg_2736">
<pin_list>
<pin id="2737" dir="0" index="0" bw="32" slack="1"/>
<pin id="2738" dir="1" index="1" bw="32" slack="1"/>
</pin_list>
<bind>
<opset="weights_1_39_load "/>
</bind>
</comp>

<comp id="2741" class="1005" name="add1_37_reg_2741">
<pin_list>
<pin id="2742" dir="0" index="0" bw="32" slack="1"/>
<pin id="2743" dir="1" index="1" bw="32" slack="1"/>
</pin_list>
<bind>
<opset="add1_37 "/>
</bind>
</comp>

<comp id="2746" class="1005" name="mul_38_reg_2746">
<pin_list>
<pin id="2747" dir="0" index="0" bw="32" slack="1"/>
<pin id="2748" dir="1" index="1" bw="32" slack="1"/>
</pin_list>
<bind>
<opset="mul_38 "/>
</bind>
</comp>

<comp id="2751" class="1005" name="weights_1_40_addr_reg_2751">
<pin_list>
<pin id="2752" dir="0" index="0" bw="5" slack="1"/>
<pin id="2753" dir="1" index="1" bw="5" slack="1"/>
</pin_list>
<bind>
<opset="weights_1_40_addr "/>
</bind>
</comp>

<comp id="2756" class="1005" name="weights_1_40_load_reg_2756">
<pin_list>
<pin id="2757" dir="0" index="0" bw="32" slack="1"/>
<pin id="2758" dir="1" index="1" bw="32" slack="1"/>
</pin_list>
<bind>
<opset="weights_1_40_load "/>
</bind>
</comp>

<comp id="2761" class="1005" name="add1_38_reg_2761">
<pin_list>
<pin id="2762" dir="0" index="0" bw="32" slack="1"/>
<pin id="2763" dir="1" index="1" bw="32" slack="1"/>
</pin_list>
<bind>
<opset="add1_38 "/>
</bind>
</comp>

<comp id="2766" class="1005" name="mul_39_reg_2766">
<pin_list>
<pin id="2767" dir="0" index="0" bw="32" slack="1"/>
<pin id="2768" dir="1" index="1" bw="32" slack="1"/>
</pin_list>
<bind>
<opset="mul_39 "/>
</bind>
</comp>

<comp id="2771" class="1005" name="weights_1_41_addr_reg_2771">
<pin_list>
<pin id="2772" dir="0" index="0" bw="5" slack="1"/>
<pin id="2773" dir="1" index="1" bw="5" slack="1"/>
</pin_list>
<bind>
<opset="weights_1_41_addr "/>
</bind>
</comp>

<comp id="2776" class="1005" name="weights_1_41_load_reg_2776">
<pin_list>
<pin id="2777" dir="0" index="0" bw="32" slack="1"/>
<pin id="2778" dir="1" index="1" bw="32" slack="1"/>
</pin_list>
<bind>
<opset="weights_1_41_load "/>
</bind>
</comp>

<comp id="2781" class="1005" name="add1_39_reg_2781">
<pin_list>
<pin id="2782" dir="0" index="0" bw="32" slack="1"/>
<pin id="2783" dir="1" index="1" bw="32" slack="1"/>
</pin_list>
<bind>
<opset="add1_39 "/>
</bind>
</comp>

<comp id="2786" class="1005" name="mul_40_reg_2786">
<pin_list>
<pin id="2787" dir="0" index="0" bw="32" slack="1"/>
<pin id="2788" dir="1" index="1" bw="32" slack="1"/>
</pin_list>
<bind>
<opset="mul_40 "/>
</bind>
</comp>

<comp id="2791" class="1005" name="weights_1_42_addr_reg_2791">
<pin_list>
<pin id="2792" dir="0" index="0" bw="5" slack="1"/>
<pin id="2793" dir="1" index="1" bw="5" slack="1"/>
</pin_list>
<bind>
<opset="weights_1_42_addr "/>
</bind>
</comp>

<comp id="2796" class="1005" name="weights_1_42_load_reg_2796">
<pin_list>
<pin id="2797" dir="0" index="0" bw="32" slack="1"/>
<pin id="2798" dir="1" index="1" bw="32" slack="1"/>
</pin_list>
<bind>
<opset="weights_1_42_load "/>
</bind>
</comp>

<comp id="2801" class="1005" name="add1_40_reg_2801">
<pin_list>
<pin id="2802" dir="0" index="0" bw="32" slack="1"/>
<pin id="2803" dir="1" index="1" bw="32" slack="1"/>
</pin_list>
<bind>
<opset="add1_40 "/>
</bind>
</comp>

<comp id="2806" class="1005" name="mul_41_reg_2806">
<pin_list>
<pin id="2807" dir="0" index="0" bw="32" slack="1"/>
<pin id="2808" dir="1" index="1" bw="32" slack="1"/>
</pin_list>
<bind>
<opset="mul_41 "/>
</bind>
</comp>

<comp id="2811" class="1005" name="weights_1_43_addr_reg_2811">
<pin_list>
<pin id="2812" dir="0" index="0" bw="5" slack="1"/>
<pin id="2813" dir="1" index="1" bw="5" slack="1"/>
</pin_list>
<bind>
<opset="weights_1_43_addr "/>
</bind>
</comp>

<comp id="2816" class="1005" name="weights_1_43_load_reg_2816">
<pin_list>
<pin id="2817" dir="0" index="0" bw="32" slack="1"/>
<pin id="2818" dir="1" index="1" bw="32" slack="1"/>
</pin_list>
<bind>
<opset="weights_1_43_load "/>
</bind>
</comp>

<comp id="2821" class="1005" name="add1_41_reg_2821">
<pin_list>
<pin id="2822" dir="0" index="0" bw="32" slack="1"/>
<pin id="2823" dir="1" index="1" bw="32" slack="1"/>
</pin_list>
<bind>
<opset="add1_41 "/>
</bind>
</comp>

<comp id="2826" class="1005" name="mul_42_reg_2826">
<pin_list>
<pin id="2827" dir="0" index="0" bw="32" slack="1"/>
<pin id="2828" dir="1" index="1" bw="32" slack="1"/>
</pin_list>
<bind>
<opset="mul_42 "/>
</bind>
</comp>

<comp id="2831" class="1005" name="weights_1_44_addr_reg_2831">
<pin_list>
<pin id="2832" dir="0" index="0" bw="5" slack="1"/>
<pin id="2833" dir="1" index="1" bw="5" slack="1"/>
</pin_list>
<bind>
<opset="weights_1_44_addr "/>
</bind>
</comp>

<comp id="2836" class="1005" name="weights_1_44_load_reg_2836">
<pin_list>
<pin id="2837" dir="0" index="0" bw="32" slack="1"/>
<pin id="2838" dir="1" index="1" bw="32" slack="1"/>
</pin_list>
<bind>
<opset="weights_1_44_load "/>
</bind>
</comp>

<comp id="2841" class="1005" name="add1_42_reg_2841">
<pin_list>
<pin id="2842" dir="0" index="0" bw="32" slack="1"/>
<pin id="2843" dir="1" index="1" bw="32" slack="1"/>
</pin_list>
<bind>
<opset="add1_42 "/>
</bind>
</comp>

<comp id="2846" class="1005" name="mul_43_reg_2846">
<pin_list>
<pin id="2847" dir="0" index="0" bw="32" slack="1"/>
<pin id="2848" dir="1" index="1" bw="32" slack="1"/>
</pin_list>
<bind>
<opset="mul_43 "/>
</bind>
</comp>

<comp id="2851" class="1005" name="weights_1_45_addr_reg_2851">
<pin_list>
<pin id="2852" dir="0" index="0" bw="5" slack="1"/>
<pin id="2853" dir="1" index="1" bw="5" slack="1"/>
</pin_list>
<bind>
<opset="weights_1_45_addr "/>
</bind>
</comp>

<comp id="2856" class="1005" name="weights_1_45_load_reg_2856">
<pin_list>
<pin id="2857" dir="0" index="0" bw="32" slack="1"/>
<pin id="2858" dir="1" index="1" bw="32" slack="1"/>
</pin_list>
<bind>
<opset="weights_1_45_load "/>
</bind>
</comp>

<comp id="2861" class="1005" name="add1_43_reg_2861">
<pin_list>
<pin id="2862" dir="0" index="0" bw="32" slack="1"/>
<pin id="2863" dir="1" index="1" bw="32" slack="1"/>
</pin_list>
<bind>
<opset="add1_43 "/>
</bind>
</comp>

<comp id="2866" class="1005" name="mul_44_reg_2866">
<pin_list>
<pin id="2867" dir="0" index="0" bw="32" slack="1"/>
<pin id="2868" dir="1" index="1" bw="32" slack="1"/>
</pin_list>
<bind>
<opset="mul_44 "/>
</bind>
</comp>

<comp id="2871" class="1005" name="weights_1_46_addr_reg_2871">
<pin_list>
<pin id="2872" dir="0" index="0" bw="5" slack="1"/>
<pin id="2873" dir="1" index="1" bw="5" slack="1"/>
</pin_list>
<bind>
<opset="weights_1_46_addr "/>
</bind>
</comp>

<comp id="2876" class="1005" name="weights_1_46_load_reg_2876">
<pin_list>
<pin id="2877" dir="0" index="0" bw="32" slack="1"/>
<pin id="2878" dir="1" index="1" bw="32" slack="1"/>
</pin_list>
<bind>
<opset="weights_1_46_load "/>
</bind>
</comp>

<comp id="2881" class="1005" name="add1_44_reg_2881">
<pin_list>
<pin id="2882" dir="0" index="0" bw="32" slack="1"/>
<pin id="2883" dir="1" index="1" bw="32" slack="1"/>
</pin_list>
<bind>
<opset="add1_44 "/>
</bind>
</comp>

<comp id="2886" class="1005" name="mul_45_reg_2886">
<pin_list>
<pin id="2887" dir="0" index="0" bw="32" slack="1"/>
<pin id="2888" dir="1" index="1" bw="32" slack="1"/>
</pin_list>
<bind>
<opset="mul_45 "/>
</bind>
</comp>

<comp id="2891" class="1005" name="weights_1_47_addr_reg_2891">
<pin_list>
<pin id="2892" dir="0" index="0" bw="5" slack="1"/>
<pin id="2893" dir="1" index="1" bw="5" slack="1"/>
</pin_list>
<bind>
<opset="weights_1_47_addr "/>
</bind>
</comp>

<comp id="2896" class="1005" name="weights_1_47_load_reg_2896">
<pin_list>
<pin id="2897" dir="0" index="0" bw="32" slack="1"/>
<pin id="2898" dir="1" index="1" bw="32" slack="1"/>
</pin_list>
<bind>
<opset="weights_1_47_load "/>
</bind>
</comp>

<comp id="2901" class="1005" name="add1_45_reg_2901">
<pin_list>
<pin id="2902" dir="0" index="0" bw="32" slack="1"/>
<pin id="2903" dir="1" index="1" bw="32" slack="1"/>
</pin_list>
<bind>
<opset="add1_45 "/>
</bind>
</comp>

<comp id="2906" class="1005" name="mul_46_reg_2906">
<pin_list>
<pin id="2907" dir="0" index="0" bw="32" slack="1"/>
<pin id="2908" dir="1" index="1" bw="32" slack="1"/>
</pin_list>
<bind>
<opset="mul_46 "/>
</bind>
</comp>

<comp id="2911" class="1005" name="add1_46_reg_2911">
<pin_list>
<pin id="2912" dir="0" index="0" bw="32" slack="1"/>
<pin id="2913" dir="1" index="1" bw="32" slack="1"/>
</pin_list>
<bind>
<opset="add1_46 "/>
</bind>
</comp>

<comp id="2916" class="1005" name="hidden_bias_1_addr_reg_2916">
<pin_list>
<pin id="2917" dir="0" index="0" bw="5" slack="1"/>
<pin id="2918" dir="1" index="1" bw="5" slack="1"/>
</pin_list>
<bind>
<opset="hidden_bias_1_addr "/>
</bind>
</comp>

<comp id="2921" class="1005" name="hidden_bias_1_load_reg_2921">
<pin_list>
<pin id="2922" dir="0" index="0" bw="32" slack="1"/>
<pin id="2923" dir="1" index="1" bw="32" slack="1"/>
</pin_list>
<bind>
<opset="hidden_bias_1_load "/>
</bind>
</comp>

<comp id="2926" class="1005" name="add_reg_2926">
<pin_list>
<pin id="2927" dir="0" index="0" bw="32" slack="1"/>
<pin id="2928" dir="1" index="1" bw="32" slack="1"/>
</pin_list>
<bind>
<opset="add "/>
</bind>
</comp>

</comp_list>

<net_list>
<net id="239"><net_src comp="196" pin="0"/><net_sink comp="236" pin=0"/></net>

<net id="244"><net_src comp="198" pin="0"/><net_sink comp="240" pin=0"/></net>

<net id="245"><net_src comp="96" pin="0"/><net_sink comp="240" pin=1"/></net>

<net id="250"><net_src comp="198" pin="0"/><net_sink comp="246" pin=0"/></net>

<net id="251"><net_src comp="94" pin="0"/><net_sink comp="246" pin=1"/></net>

<net id="256"><net_src comp="198" pin="0"/><net_sink comp="252" pin=0"/></net>

<net id="257"><net_src comp="92" pin="0"/><net_sink comp="252" pin=1"/></net>

<net id="262"><net_src comp="198" pin="0"/><net_sink comp="258" pin=0"/></net>

<net id="263"><net_src comp="90" pin="0"/><net_sink comp="258" pin=1"/></net>

<net id="268"><net_src comp="198" pin="0"/><net_sink comp="264" pin=0"/></net>

<net id="269"><net_src comp="88" pin="0"/><net_sink comp="264" pin=1"/></net>

<net id="274"><net_src comp="198" pin="0"/><net_sink comp="270" pin=0"/></net>

<net id="275"><net_src comp="86" pin="0"/><net_sink comp="270" pin=1"/></net>

<net id="280"><net_src comp="198" pin="0"/><net_sink comp="276" pin=0"/></net>

<net id="281"><net_src comp="84" pin="0"/><net_sink comp="276" pin=1"/></net>

<net id="286"><net_src comp="198" pin="0"/><net_sink comp="282" pin=0"/></net>

<net id="287"><net_src comp="82" pin="0"/><net_sink comp="282" pin=1"/></net>

<net id="292"><net_src comp="198" pin="0"/><net_sink comp="288" pin=0"/></net>

<net id="293"><net_src comp="80" pin="0"/><net_sink comp="288" pin=1"/></net>

<net id="298"><net_src comp="198" pin="0"/><net_sink comp="294" pin=0"/></net>

<net id="299"><net_src comp="78" pin="0"/><net_sink comp="294" pin=1"/></net>

<net id="304"><net_src comp="198" pin="0"/><net_sink comp="300" pin=0"/></net>

<net id="305"><net_src comp="76" pin="0"/><net_sink comp="300" pin=1"/></net>

<net id="310"><net_src comp="198" pin="0"/><net_sink comp="306" pin=0"/></net>

<net id="311"><net_src comp="74" pin="0"/><net_sink comp="306" pin=1"/></net>

<net id="316"><net_src comp="198" pin="0"/><net_sink comp="312" pin=0"/></net>

<net id="317"><net_src comp="72" pin="0"/><net_sink comp="312" pin=1"/></net>

<net id="322"><net_src comp="198" pin="0"/><net_sink comp="318" pin=0"/></net>

<net id="323"><net_src comp="70" pin="0"/><net_sink comp="318" pin=1"/></net>

<net id="328"><net_src comp="198" pin="0"/><net_sink comp="324" pin=0"/></net>

<net id="329"><net_src comp="68" pin="0"/><net_sink comp="324" pin=1"/></net>

<net id="334"><net_src comp="198" pin="0"/><net_sink comp="330" pin=0"/></net>

<net id="335"><net_src comp="66" pin="0"/><net_sink comp="330" pin=1"/></net>

<net id="340"><net_src comp="198" pin="0"/><net_sink comp="336" pin=0"/></net>

<net id="341"><net_src comp="64" pin="0"/><net_sink comp="336" pin=1"/></net>

<net id="346"><net_src comp="198" pin="0"/><net_sink comp="342" pin=0"/></net>

<net id="347"><net_src comp="62" pin="0"/><net_sink comp="342" pin=1"/></net>

<net id="352"><net_src comp="198" pin="0"/><net_sink comp="348" pin=0"/></net>

<net id="353"><net_src comp="60" pin="0"/><net_sink comp="348" pin=1"/></net>

<net id="358"><net_src comp="198" pin="0"/><net_sink comp="354" pin=0"/></net>

<net id="359"><net_src comp="58" pin="0"/><net_sink comp="354" pin=1"/></net>

<net id="364"><net_src comp="198" pin="0"/><net_sink comp="360" pin=0"/></net>

<net id="365"><net_src comp="56" pin="0"/><net_sink comp="360" pin=1"/></net>

<net id="370"><net_src comp="198" pin="0"/><net_sink comp="366" pin=0"/></net>

<net id="371"><net_src comp="54" pin="0"/><net_sink comp="366" pin=1"/></net>

<net id="376"><net_src comp="198" pin="0"/><net_sink comp="372" pin=0"/></net>

<net id="377"><net_src comp="52" pin="0"/><net_sink comp="372" pin=1"/></net>

<net id="382"><net_src comp="198" pin="0"/><net_sink comp="378" pin=0"/></net>

<net id="383"><net_src comp="50" pin="0"/><net_sink comp="378" pin=1"/></net>

<net id="388"><net_src comp="198" pin="0"/><net_sink comp="384" pin=0"/></net>

<net id="389"><net_src comp="48" pin="0"/><net_sink comp="384" pin=1"/></net>

<net id="394"><net_src comp="198" pin="0"/><net_sink comp="390" pin=0"/></net>

<net id="395"><net_src comp="46" pin="0"/><net_sink comp="390" pin=1"/></net>

<net id="400"><net_src comp="198" pin="0"/><net_sink comp="396" pin=0"/></net>

<net id="401"><net_src comp="44" pin="0"/><net_sink comp="396" pin=1"/></net>

<net id="406"><net_src comp="198" pin="0"/><net_sink comp="402" pin=0"/></net>

<net id="407"><net_src comp="42" pin="0"/><net_sink comp="402" pin=1"/></net>

<net id="412"><net_src comp="198" pin="0"/><net_sink comp="408" pin=0"/></net>

<net id="413"><net_src comp="40" pin="0"/><net_sink comp="408" pin=1"/></net>

<net id="418"><net_src comp="198" pin="0"/><net_sink comp="414" pin=0"/></net>

<net id="419"><net_src comp="38" pin="0"/><net_sink comp="414" pin=1"/></net>

<net id="424"><net_src comp="198" pin="0"/><net_sink comp="420" pin=0"/></net>

<net id="425"><net_src comp="36" pin="0"/><net_sink comp="420" pin=1"/></net>

<net id="430"><net_src comp="198" pin="0"/><net_sink comp="426" pin=0"/></net>

<net id="431"><net_src comp="34" pin="0"/><net_sink comp="426" pin=1"/></net>

<net id="436"><net_src comp="198" pin="0"/><net_sink comp="432" pin=0"/></net>

<net id="437"><net_src comp="32" pin="0"/><net_sink comp="432" pin=1"/></net>

<net id="442"><net_src comp="198" pin="0"/><net_sink comp="438" pin=0"/></net>

<net id="443"><net_src comp="30" pin="0"/><net_sink comp="438" pin=1"/></net>

<net id="448"><net_src comp="198" pin="0"/><net_sink comp="444" pin=0"/></net>

<net id="449"><net_src comp="28" pin="0"/><net_sink comp="444" pin=1"/></net>

<net id="454"><net_src comp="198" pin="0"/><net_sink comp="450" pin=0"/></net>

<net id="455"><net_src comp="26" pin="0"/><net_sink comp="450" pin=1"/></net>

<net id="460"><net_src comp="198" pin="0"/><net_sink comp="456" pin=0"/></net>

<net id="461"><net_src comp="24" pin="0"/><net_sink comp="456" pin=1"/></net>

<net id="466"><net_src comp="198" pin="0"/><net_sink comp="462" pin=0"/></net>

<net id="467"><net_src comp="22" pin="0"/><net_sink comp="462" pin=1"/></net>

<net id="472"><net_src comp="198" pin="0"/><net_sink comp="468" pin=0"/></net>

<net id="473"><net_src comp="20" pin="0"/><net_sink comp="468" pin=1"/></net>

<net id="478"><net_src comp="198" pin="0"/><net_sink comp="474" pin=0"/></net>

<net id="479"><net_src comp="18" pin="0"/><net_sink comp="474" pin=1"/></net>

<net id="484"><net_src comp="198" pin="0"/><net_sink comp="480" pin=0"/></net>

<net id="485"><net_src comp="16" pin="0"/><net_sink comp="480" pin=1"/></net>

<net id="490"><net_src comp="198" pin="0"/><net_sink comp="486" pin=0"/></net>

<net id="491"><net_src comp="14" pin="0"/><net_sink comp="486" pin=1"/></net>

<net id="496"><net_src comp="198" pin="0"/><net_sink comp="492" pin=0"/></net>

<net id="497"><net_src comp="12" pin="0"/><net_sink comp="492" pin=1"/></net>

<net id="502"><net_src comp="198" pin="0"/><net_sink comp="498" pin=0"/></net>

<net id="503"><net_src comp="10" pin="0"/><net_sink comp="498" pin=1"/></net>

<net id="508"><net_src comp="198" pin="0"/><net_sink comp="504" pin=0"/></net>

<net id="509"><net_src comp="8" pin="0"/><net_sink comp="504" pin=1"/></net>

<net id="514"><net_src comp="198" pin="0"/><net_sink comp="510" pin=0"/></net>

<net id="515"><net_src comp="6" pin="0"/><net_sink comp="510" pin=1"/></net>

<net id="520"><net_src comp="198" pin="0"/><net_sink comp="516" pin=0"/></net>

<net id="521"><net_src comp="4" pin="0"/><net_sink comp="516" pin=1"/></net>

<net id="526"><net_src comp="198" pin="0"/><net_sink comp="522" pin=0"/></net>

<net id="527"><net_src comp="2" pin="0"/><net_sink comp="522" pin=1"/></net>

<net id="533"><net_src comp="98" pin="0"/><net_sink comp="528" pin=0"/></net>

<net id="534"><net_src comp="218" pin="0"/><net_sink comp="528" pin=1"/></net>

<net id="540"><net_src comp="528" pin="3"/><net_sink comp="535" pin=0"/></net>

<net id="546"><net_src comp="100" pin="0"/><net_sink comp="541" pin=0"/></net>

<net id="547"><net_src comp="218" pin="0"/><net_sink comp="541" pin=1"/></net>

<net id="553"><net_src comp="541" pin="3"/><net_sink comp="548" pin=0"/></net>

<net id="559"><net_src comp="102" pin="0"/><net_sink comp="554" pin=0"/></net>

<net id="560"><net_src comp="218" pin="0"/><net_sink comp="554" pin=1"/></net>

<net id="566"><net_src comp="554" pin="3"/><net_sink comp="561" pin=0"/></net>

<net id="572"><net_src comp="104" pin="0"/><net_sink comp="567" pin=0"/></net>

<net id="573"><net_src comp="218" pin="0"/><net_sink comp="567" pin=1"/></net>

<net id="579"><net_src comp="567" pin="3"/><net_sink comp="574" pin=0"/></net>

<net id="585"><net_src comp="106" pin="0"/><net_sink comp="580" pin=0"/></net>

<net id="586"><net_src comp="218" pin="0"/><net_sink comp="580" pin=1"/></net>

<net id="592"><net_src comp="580" pin="3"/><net_sink comp="587" pin=0"/></net>

<net id="598"><net_src comp="108" pin="0"/><net_sink comp="593" pin=0"/></net>

<net id="599"><net_src comp="218" pin="0"/><net_sink comp="593" pin=1"/></net>

<net id="605"><net_src comp="593" pin="3"/><net_sink comp="600" pin=0"/></net>

<net id="611"><net_src comp="110" pin="0"/><net_sink comp="606" pin=0"/></net>

<net id="612"><net_src comp="218" pin="0"/><net_sink comp="606" pin=1"/></net>

<net id="618"><net_src comp="606" pin="3"/><net_sink comp="613" pin=0"/></net>

<net id="624"><net_src comp="112" pin="0"/><net_sink comp="619" pin=0"/></net>

<net id="625"><net_src comp="218" pin="0"/><net_sink comp="619" pin=1"/></net>

<net id="631"><net_src comp="619" pin="3"/><net_sink comp="626" pin=0"/></net>

<net id="637"><net_src comp="114" pin="0"/><net_sink comp="632" pin=0"/></net>

<net id="638"><net_src comp="218" pin="0"/><net_sink comp="632" pin=1"/></net>

<net id="644"><net_src comp="632" pin="3"/><net_sink comp="639" pin=0"/></net>

<net id="650"><net_src comp="116" pin="0"/><net_sink comp="645" pin=0"/></net>

<net id="651"><net_src comp="218" pin="0"/><net_sink comp="645" pin=1"/></net>

<net id="657"><net_src comp="645" pin="3"/><net_sink comp="652" pin=0"/></net>

<net id="663"><net_src comp="118" pin="0"/><net_sink comp="658" pin=0"/></net>

<net id="664"><net_src comp="218" pin="0"/><net_sink comp="658" pin=1"/></net>

<net id="670"><net_src comp="658" pin="3"/><net_sink comp="665" pin=0"/></net>

<net id="676"><net_src comp="120" pin="0"/><net_sink comp="671" pin=0"/></net>

<net id="677"><net_src comp="218" pin="0"/><net_sink comp="671" pin=1"/></net>

<net id="683"><net_src comp="671" pin="3"/><net_sink comp="678" pin=0"/></net>

<net id="689"><net_src comp="122" pin="0"/><net_sink comp="684" pin=0"/></net>

<net id="690"><net_src comp="218" pin="0"/><net_sink comp="684" pin=1"/></net>

<net id="696"><net_src comp="684" pin="3"/><net_sink comp="691" pin=0"/></net>

<net id="702"><net_src comp="124" pin="0"/><net_sink comp="697" pin=0"/></net>

<net id="703"><net_src comp="218" pin="0"/><net_sink comp="697" pin=1"/></net>

<net id="709"><net_src comp="697" pin="3"/><net_sink comp="704" pin=0"/></net>

<net id="715"><net_src comp="126" pin="0"/><net_sink comp="710" pin=0"/></net>

<net id="716"><net_src comp="218" pin="0"/><net_sink comp="710" pin=1"/></net>

<net id="722"><net_src comp="710" pin="3"/><net_sink comp="717" pin=0"/></net>

<net id="728"><net_src comp="128" pin="0"/><net_sink comp="723" pin=0"/></net>

<net id="729"><net_src comp="218" pin="0"/><net_sink comp="723" pin=1"/></net>

<net id="735"><net_src comp="723" pin="3"/><net_sink comp="730" pin=0"/></net>

<net id="741"><net_src comp="130" pin="0"/><net_sink comp="736" pin=0"/></net>

<net id="742"><net_src comp="218" pin="0"/><net_sink comp="736" pin=1"/></net>

<net id="748"><net_src comp="736" pin="3"/><net_sink comp="743" pin=0"/></net>

<net id="754"><net_src comp="132" pin="0"/><net_sink comp="749" pin=0"/></net>

<net id="755"><net_src comp="218" pin="0"/><net_sink comp="749" pin=1"/></net>

<net id="761"><net_src comp="749" pin="3"/><net_sink comp="756" pin=0"/></net>

<net id="767"><net_src comp="134" pin="0"/><net_sink comp="762" pin=0"/></net>

<net id="768"><net_src comp="218" pin="0"/><net_sink comp="762" pin=1"/></net>

<net id="774"><net_src comp="762" pin="3"/><net_sink comp="769" pin=0"/></net>

<net id="780"><net_src comp="136" pin="0"/><net_sink comp="775" pin=0"/></net>

<net id="781"><net_src comp="218" pin="0"/><net_sink comp="775" pin=1"/></net>

<net id="787"><net_src comp="775" pin="3"/><net_sink comp="782" pin=0"/></net>

<net id="793"><net_src comp="138" pin="0"/><net_sink comp="788" pin=0"/></net>

<net id="794"><net_src comp="218" pin="0"/><net_sink comp="788" pin=1"/></net>

<net id="800"><net_src comp="788" pin="3"/><net_sink comp="795" pin=0"/></net>

<net id="806"><net_src comp="140" pin="0"/><net_sink comp="801" pin=0"/></net>

<net id="807"><net_src comp="218" pin="0"/><net_sink comp="801" pin=1"/></net>

<net id="813"><net_src comp="801" pin="3"/><net_sink comp="808" pin=0"/></net>

<net id="819"><net_src comp="142" pin="0"/><net_sink comp="814" pin=0"/></net>

<net id="820"><net_src comp="218" pin="0"/><net_sink comp="814" pin=1"/></net>

<net id="826"><net_src comp="814" pin="3"/><net_sink comp="821" pin=0"/></net>

<net id="832"><net_src comp="144" pin="0"/><net_sink comp="827" pin=0"/></net>

<net id="833"><net_src comp="218" pin="0"/><net_sink comp="827" pin=1"/></net>

<net id="839"><net_src comp="827" pin="3"/><net_sink comp="834" pin=0"/></net>

<net id="845"><net_src comp="146" pin="0"/><net_sink comp="840" pin=0"/></net>

<net id="846"><net_src comp="218" pin="0"/><net_sink comp="840" pin=1"/></net>

<net id="852"><net_src comp="840" pin="3"/><net_sink comp="847" pin=0"/></net>

<net id="858"><net_src comp="148" pin="0"/><net_sink comp="853" pin=0"/></net>

<net id="859"><net_src comp="218" pin="0"/><net_sink comp="853" pin=1"/></net>

<net id="865"><net_src comp="853" pin="3"/><net_sink comp="860" pin=0"/></net>

<net id="871"><net_src comp="150" pin="0"/><net_sink comp="866" pin=0"/></net>

<net id="872"><net_src comp="218" pin="0"/><net_sink comp="866" pin=1"/></net>

<net id="878"><net_src comp="866" pin="3"/><net_sink comp="873" pin=0"/></net>

<net id="884"><net_src comp="152" pin="0"/><net_sink comp="879" pin=0"/></net>

<net id="885"><net_src comp="218" pin="0"/><net_sink comp="879" pin=1"/></net>

<net id="891"><net_src comp="879" pin="3"/><net_sink comp="886" pin=0"/></net>

<net id="897"><net_src comp="154" pin="0"/><net_sink comp="892" pin=0"/></net>

<net id="898"><net_src comp="218" pin="0"/><net_sink comp="892" pin=1"/></net>

<net id="904"><net_src comp="892" pin="3"/><net_sink comp="899" pin=0"/></net>

<net id="910"><net_src comp="156" pin="0"/><net_sink comp="905" pin=0"/></net>

<net id="911"><net_src comp="218" pin="0"/><net_sink comp="905" pin=1"/></net>

<net id="917"><net_src comp="905" pin="3"/><net_sink comp="912" pin=0"/></net>

<net id="923"><net_src comp="158" pin="0"/><net_sink comp="918" pin=0"/></net>

<net id="924"><net_src comp="218" pin="0"/><net_sink comp="918" pin=1"/></net>

<net id="930"><net_src comp="918" pin="3"/><net_sink comp="925" pin=0"/></net>

<net id="936"><net_src comp="160" pin="0"/><net_sink comp="931" pin=0"/></net>

<net id="937"><net_src comp="218" pin="0"/><net_sink comp="931" pin=1"/></net>

<net id="943"><net_src comp="931" pin="3"/><net_sink comp="938" pin=0"/></net>

<net id="949"><net_src comp="162" pin="0"/><net_sink comp="944" pin=0"/></net>

<net id="950"><net_src comp="218" pin="0"/><net_sink comp="944" pin=1"/></net>

<net id="956"><net_src comp="944" pin="3"/><net_sink comp="951" pin=0"/></net>

<net id="962"><net_src comp="164" pin="0"/><net_sink comp="957" pin=0"/></net>

<net id="963"><net_src comp="218" pin="0"/><net_sink comp="957" pin=1"/></net>

<net id="969"><net_src comp="957" pin="3"/><net_sink comp="964" pin=0"/></net>

<net id="975"><net_src comp="166" pin="0"/><net_sink comp="970" pin=0"/></net>

<net id="976"><net_src comp="218" pin="0"/><net_sink comp="970" pin=1"/></net>

<net id="982"><net_src comp="970" pin="3"/><net_sink comp="977" pin=0"/></net>

<net id="988"><net_src comp="168" pin="0"/><net_sink comp="983" pin=0"/></net>

<net id="989"><net_src comp="218" pin="0"/><net_sink comp="983" pin=1"/></net>

<net id="995"><net_src comp="983" pin="3"/><net_sink comp="990" pin=0"/></net>

<net id="1001"><net_src comp="170" pin="0"/><net_sink comp="996" pin=0"/></net>

<net id="1002"><net_src comp="218" pin="0"/><net_sink comp="996" pin=1"/></net>

<net id="1008"><net_src comp="996" pin="3"/><net_sink comp="1003" pin=0"/></net>

<net id="1014"><net_src comp="172" pin="0"/><net_sink comp="1009" pin=0"/></net>

<net id="1015"><net_src comp="218" pin="0"/><net_sink comp="1009" pin=1"/></net>

<net id="1021"><net_src comp="1009" pin="3"/><net_sink comp="1016" pin=0"/></net>

<net id="1027"><net_src comp="174" pin="0"/><net_sink comp="1022" pin=0"/></net>

<net id="1028"><net_src comp="218" pin="0"/><net_sink comp="1022" pin=1"/></net>

<net id="1034"><net_src comp="1022" pin="3"/><net_sink comp="1029" pin=0"/></net>

<net id="1040"><net_src comp="176" pin="0"/><net_sink comp="1035" pin=0"/></net>

<net id="1041"><net_src comp="218" pin="0"/><net_sink comp="1035" pin=1"/></net>

<net id="1047"><net_src comp="1035" pin="3"/><net_sink comp="1042" pin=0"/></net>

<net id="1053"><net_src comp="178" pin="0"/><net_sink comp="1048" pin=0"/></net>

<net id="1054"><net_src comp="218" pin="0"/><net_sink comp="1048" pin=1"/></net>

<net id="1060"><net_src comp="1048" pin="3"/><net_sink comp="1055" pin=0"/></net>

<net id="1066"><net_src comp="180" pin="0"/><net_sink comp="1061" pin=0"/></net>

<net id="1067"><net_src comp="218" pin="0"/><net_sink comp="1061" pin=1"/></net>

<net id="1073"><net_src comp="1061" pin="3"/><net_sink comp="1068" pin=0"/></net>

<net id="1079"><net_src comp="182" pin="0"/><net_sink comp="1074" pin=0"/></net>

<net id="1080"><net_src comp="218" pin="0"/><net_sink comp="1074" pin=1"/></net>

<net id="1086"><net_src comp="1074" pin="3"/><net_sink comp="1081" pin=0"/></net>

<net id="1092"><net_src comp="184" pin="0"/><net_sink comp="1087" pin=0"/></net>

<net id="1093"><net_src comp="218" pin="0"/><net_sink comp="1087" pin=1"/></net>

<net id="1099"><net_src comp="1087" pin="3"/><net_sink comp="1094" pin=0"/></net>

<net id="1105"><net_src comp="186" pin="0"/><net_sink comp="1100" pin=0"/></net>

<net id="1106"><net_src comp="218" pin="0"/><net_sink comp="1100" pin=1"/></net>

<net id="1112"><net_src comp="1100" pin="3"/><net_sink comp="1107" pin=0"/></net>

<net id="1118"><net_src comp="188" pin="0"/><net_sink comp="1113" pin=0"/></net>

<net id="1119"><net_src comp="218" pin="0"/><net_sink comp="1113" pin=1"/></net>

<net id="1125"><net_src comp="1113" pin="3"/><net_sink comp="1120" pin=0"/></net>

<net id="1131"><net_src comp="190" pin="0"/><net_sink comp="1126" pin=0"/></net>

<net id="1132"><net_src comp="218" pin="0"/><net_sink comp="1126" pin=1"/></net>

<net id="1138"><net_src comp="1126" pin="3"/><net_sink comp="1133" pin=0"/></net>

<net id="1144"><net_src comp="192" pin="0"/><net_sink comp="1139" pin=0"/></net>

<net id="1145"><net_src comp="218" pin="0"/><net_sink comp="1139" pin=1"/></net>

<net id="1151"><net_src comp="1139" pin="3"/><net_sink comp="1146" pin=0"/></net>

<net id="1157"><net_src comp="194" pin="0"/><net_sink comp="1152" pin=0"/></net>

<net id="1158"><net_src comp="218" pin="0"/><net_sink comp="1152" pin=1"/></net>

<net id="1164"><net_src comp="1152" pin="3"/><net_sink comp="1159" pin=0"/></net>

<net id="1170"><net_src comp="0" pin="0"/><net_sink comp="1165" pin=0"/></net>

<net id="1171"><net_src comp="218" pin="0"/><net_sink comp="1165" pin=1"/></net>

<net id="1177"><net_src comp="1165" pin="3"/><net_sink comp="1172" pin=0"/></net>

<net id="1182"><net_src comp="220" pin="0"/><net_sink comp="1178" pin=1"/></net>

<net id="1375"><net_src comp="1159" pin="3"/><net_sink comp="1371" pin=1"/></net>

<net id="1572"><net_src comp="220" pin="0"/><net_sink comp="1568" pin=1"/></net>

<net id="1577"><net_src comp="200" pin="0"/><net_sink comp="1573" pin=0"/></net>

<net id="1585"><net_src comp="1578" pin="1"/><net_sink comp="1581" pin=0"/></net>

<net id="1586"><net_src comp="210" pin="0"/><net_sink comp="1581" pin=1"/></net>

<net id="1591"><net_src comp="1578" pin="1"/><net_sink comp="1587" pin=0"/></net>

<net id="1592"><net_src comp="216" pin="0"/><net_sink comp="1587" pin=1"/></net>

<net id="1596"><net_src comp="1578" pin="1"/><net_sink comp="1593" pin=0"/></net>

<net id="1597"><net_src comp="1593" pin="1"/><net_sink comp="528" pin=2"/></net>

<net id="1602"><net_src comp="1587" pin="2"/><net_sink comp="1598" pin=0"/></net>

<net id="1612"><net_src comp="226" pin="0"/><net_sink comp="1606" pin=0"/></net>

<net id="1613"><net_src comp="1603" pin="1"/><net_sink comp="1606" pin=1"/></net>

<net id="1614"><net_src comp="228" pin="0"/><net_sink comp="1606" pin=2"/></net>

<net id="1615"><net_src comp="230" pin="0"/><net_sink comp="1606" pin=3"/></net>

<net id="1619"><net_src comp="1603" pin="1"/><net_sink comp="1616" pin=0"/></net>

<net id="1624"><net_src comp="1606" pin="4"/><net_sink comp="1620" pin=0"/></net>

<net id="1625"><net_src comp="232" pin="0"/><net_sink comp="1620" pin=1"/></net>

<net id="1630"><net_src comp="1616" pin="1"/><net_sink comp="1626" pin=0"/></net>

<net id="1631"><net_src comp="234" pin="0"/><net_sink comp="1626" pin=1"/></net>

<net id="1636"><net_src comp="1626" pin="2"/><net_sink comp="1632" pin=0"/></net>

<net id="1637"><net_src comp="1620" pin="2"/><net_sink comp="1632" pin=1"/></net>

<net id="1642"><net_src comp="1632" pin="2"/><net_sink comp="1638" pin=0"/></net>

<net id="1643"><net_src comp="1568" pin="2"/><net_sink comp="1638" pin=1"/></net>

<net id="1649"><net_src comp="1638" pin="2"/><net_sink comp="1644" pin=0"/></net>

<net id="1650"><net_src comp="220" pin="0"/><net_sink comp="1644" pin=1"/></net>

<net id="1651"><net_src comp="1644" pin="3"/><net_sink comp="1172" pin=1"/></net>

<net id="1655"><net_src comp="236" pin="1"/><net_sink comp="1652" pin=0"/></net>

<net id="1656"><net_src comp="1652" pin="1"/><net_sink comp="1573" pin=1"/></net>

<net id="1657"><net_src comp="1652" pin="1"/><net_sink comp="1578" pin=0"/></net>

<net id="1658"><net_src comp="1652" pin="1"/><net_sink comp="1598" pin=1"/></net>

<net id="1662"><net_src comp="240" pin="2"/><net_sink comp="1659" pin=0"/></net>

<net id="1663"><net_src comp="1659" pin="1"/><net_sink comp="1564" pin=0"/></net>

<net id="1667"><net_src comp="246" pin="2"/><net_sink comp="1664" pin=0"/></net>

<net id="1668"><net_src comp="1664" pin="1"/><net_sink comp="1560" pin=0"/></net>

<net id="1672"><net_src comp="252" pin="2"/><net_sink comp="1669" pin=0"/></net>

<net id="1673"><net_src comp="1669" pin="1"/><net_sink comp="1556" pin=0"/></net>

<net id="1677"><net_src comp="258" pin="2"/><net_sink comp="1674" pin=0"/></net>

<net id="1678"><net_src comp="1674" pin="1"/><net_sink comp="1552" pin=0"/></net>

<net id="1682"><net_src comp="264" pin="2"/><net_sink comp="1679" pin=0"/></net>

<net id="1683"><net_src comp="1679" pin="1"/><net_sink comp="1548" pin=0"/></net>

<net id="1687"><net_src comp="270" pin="2"/><net_sink comp="1684" pin=0"/></net>

<net id="1688"><net_src comp="1684" pin="1"/><net_sink comp="1544" pin=0"/></net>

<net id="1692"><net_src comp="276" pin="2"/><net_sink comp="1689" pin=0"/></net>

<net id="1693"><net_src comp="1689" pin="1"/><net_sink comp="1540" pin=0"/></net>

<net id="1697"><net_src comp="282" pin="2"/><net_sink comp="1694" pin=0"/></net>

<net id="1698"><net_src comp="1694" pin="1"/><net_sink comp="1536" pin=0"/></net>

<net id="1702"><net_src comp="288" pin="2"/><net_sink comp="1699" pin=0"/></net>

<net id="1703"><net_src comp="1699" pin="1"/><net_sink comp="1532" pin=0"/></net>

<net id="1707"><net_src comp="294" pin="2"/><net_sink comp="1704" pin=0"/></net>

<net id="1708"><net_src comp="1704" pin="1"/><net_sink comp="1528" pin=0"/></net>

<net id="1712"><net_src comp="300" pin="2"/><net_sink comp="1709" pin=0"/></net>

<net id="1713"><net_src comp="1709" pin="1"/><net_sink comp="1524" pin=0"/></net>

<net id="1717"><net_src comp="306" pin="2"/><net_sink comp="1714" pin=0"/></net>

<net id="1718"><net_src comp="1714" pin="1"/><net_sink comp="1520" pin=0"/></net>

<net id="1722"><net_src comp="312" pin="2"/><net_sink comp="1719" pin=0"/></net>

<net id="1723"><net_src comp="1719" pin="1"/><net_sink comp="1516" pin=0"/></net>

<net id="1727"><net_src comp="318" pin="2"/><net_sink comp="1724" pin=0"/></net>

<net id="1728"><net_src comp="1724" pin="1"/><net_sink comp="1512" pin=0"/></net>

<net id="1732"><net_src comp="324" pin="2"/><net_sink comp="1729" pin=0"/></net>

<net id="1733"><net_src comp="1729" pin="1"/><net_sink comp="1508" pin=0"/></net>

<net id="1737"><net_src comp="330" pin="2"/><net_sink comp="1734" pin=0"/></net>

<net id="1738"><net_src comp="1734" pin="1"/><net_sink comp="1504" pin=0"/></net>

<net id="1742"><net_src comp="336" pin="2"/><net_sink comp="1739" pin=0"/></net>

<net id="1743"><net_src comp="1739" pin="1"/><net_sink comp="1500" pin=0"/></net>

<net id="1747"><net_src comp="342" pin="2"/><net_sink comp="1744" pin=0"/></net>

<net id="1748"><net_src comp="1744" pin="1"/><net_sink comp="1496" pin=0"/></net>

<net id="1752"><net_src comp="348" pin="2"/><net_sink comp="1749" pin=0"/></net>

<net id="1753"><net_src comp="1749" pin="1"/><net_sink comp="1492" pin=0"/></net>

<net id="1757"><net_src comp="354" pin="2"/><net_sink comp="1754" pin=0"/></net>

<net id="1758"><net_src comp="1754" pin="1"/><net_sink comp="1488" pin=0"/></net>

<net id="1762"><net_src comp="360" pin="2"/><net_sink comp="1759" pin=0"/></net>

<net id="1763"><net_src comp="1759" pin="1"/><net_sink comp="1484" pin=0"/></net>

<net id="1767"><net_src comp="366" pin="2"/><net_sink comp="1764" pin=0"/></net>

<net id="1768"><net_src comp="1764" pin="1"/><net_sink comp="1480" pin=0"/></net>

<net id="1772"><net_src comp="372" pin="2"/><net_sink comp="1769" pin=0"/></net>

<net id="1773"><net_src comp="1769" pin="1"/><net_sink comp="1476" pin=0"/></net>

<net id="1777"><net_src comp="378" pin="2"/><net_sink comp="1774" pin=0"/></net>

<net id="1778"><net_src comp="1774" pin="1"/><net_sink comp="1472" pin=0"/></net>

<net id="1782"><net_src comp="384" pin="2"/><net_sink comp="1779" pin=0"/></net>

<net id="1783"><net_src comp="1779" pin="1"/><net_sink comp="1468" pin=0"/></net>

<net id="1787"><net_src comp="390" pin="2"/><net_sink comp="1784" pin=0"/></net>

<net id="1788"><net_src comp="1784" pin="1"/><net_sink comp="1464" pin=0"/></net>

<net id="1792"><net_src comp="396" pin="2"/><net_sink comp="1789" pin=0"/></net>

<net id="1793"><net_src comp="1789" pin="1"/><net_sink comp="1460" pin=0"/></net>

<net id="1797"><net_src comp="402" pin="2"/><net_sink comp="1794" pin=0"/></net>

<net id="1798"><net_src comp="1794" pin="1"/><net_sink comp="1456" pin=0"/></net>

<net id="1802"><net_src comp="408" pin="2"/><net_sink comp="1799" pin=0"/></net>

<net id="1803"><net_src comp="1799" pin="1"/><net_sink comp="1452" pin=0"/></net>

<net id="1807"><net_src comp="414" pin="2"/><net_sink comp="1804" pin=0"/></net>

<net id="1808"><net_src comp="1804" pin="1"/><net_sink comp="1448" pin=0"/></net>

<net id="1812"><net_src comp="420" pin="2"/><net_sink comp="1809" pin=0"/></net>

<net id="1813"><net_src comp="1809" pin="1"/><net_sink comp="1444" pin=0"/></net>

<net id="1817"><net_src comp="426" pin="2"/><net_sink comp="1814" pin=0"/></net>

<net id="1818"><net_src comp="1814" pin="1"/><net_sink comp="1440" pin=0"/></net>

<net id="1822"><net_src comp="432" pin="2"/><net_sink comp="1819" pin=0"/></net>

<net id="1823"><net_src comp="1819" pin="1"/><net_sink comp="1436" pin=0"/></net>

<net id="1827"><net_src comp="438" pin="2"/><net_sink comp="1824" pin=0"/></net>

<net id="1828"><net_src comp="1824" pin="1"/><net_sink comp="1432" pin=0"/></net>

<net id="1832"><net_src comp="444" pin="2"/><net_sink comp="1829" pin=0"/></net>

<net id="1833"><net_src comp="1829" pin="1"/><net_sink comp="1428" pin=0"/></net>

<net id="1837"><net_src comp="450" pin="2"/><net_sink comp="1834" pin=0"/></net>

<net id="1838"><net_src comp="1834" pin="1"/><net_sink comp="1424" pin=0"/></net>

<net id="1842"><net_src comp="456" pin="2"/><net_sink comp="1839" pin=0"/></net>

<net id="1843"><net_src comp="1839" pin="1"/><net_sink comp="1420" pin=0"/></net>

<net id="1847"><net_src comp="462" pin="2"/><net_sink comp="1844" pin=0"/></net>

<net id="1848"><net_src comp="1844" pin="1"/><net_sink comp="1416" pin=0"/></net>

<net id="1852"><net_src comp="468" pin="2"/><net_sink comp="1849" pin=0"/></net>

<net id="1853"><net_src comp="1849" pin="1"/><net_sink comp="1412" pin=0"/></net>

<net id="1857"><net_src comp="474" pin="2"/><net_sink comp="1854" pin=0"/></net>

<net id="1858"><net_src comp="1854" pin="1"/><net_sink comp="1408" pin=0"/></net>

<net id="1862"><net_src comp="480" pin="2"/><net_sink comp="1859" pin=0"/></net>

<net id="1863"><net_src comp="1859" pin="1"/><net_sink comp="1404" pin=0"/></net>

<net id="1867"><net_src comp="486" pin="2"/><net_sink comp="1864" pin=0"/></net>

<net id="1868"><net_src comp="1864" pin="1"/><net_sink comp="1400" pin=0"/></net>

<net id="1872"><net_src comp="492" pin="2"/><net_sink comp="1869" pin=0"/></net>

<net id="1873"><net_src comp="1869" pin="1"/><net_sink comp="1396" pin=0"/></net>

<net id="1877"><net_src comp="498" pin="2"/><net_sink comp="1874" pin=0"/></net>

<net id="1878"><net_src comp="1874" pin="1"/><net_sink comp="1392" pin=0"/></net>

<net id="1882"><net_src comp="504" pin="2"/><net_sink comp="1879" pin=0"/></net>

<net id="1883"><net_src comp="1879" pin="1"/><net_sink comp="1388" pin=0"/></net>

<net id="1887"><net_src comp="510" pin="2"/><net_sink comp="1884" pin=0"/></net>

<net id="1888"><net_src comp="1884" pin="1"/><net_sink comp="1384" pin=0"/></net>

<net id="1892"><net_src comp="516" pin="2"/><net_sink comp="1889" pin=0"/></net>

<net id="1893"><net_src comp="1889" pin="1"/><net_sink comp="1380" pin=0"/></net>

<net id="1897"><net_src comp="522" pin="2"/><net_sink comp="1894" pin=0"/></net>

<net id="1898"><net_src comp="1894" pin="1"/><net_sink comp="1376" pin=0"/></net>

<net id="1902"><net_src comp="1581" pin="2"/><net_sink comp="1899" pin=0"/></net>

<net id="1906"><net_src comp="1593" pin="1"/><net_sink comp="1903" pin=0"/></net>

<net id="1907"><net_src comp="1903" pin="1"/><net_sink comp="541" pin=2"/></net>

<net id="1908"><net_src comp="1903" pin="1"/><net_sink comp="554" pin=2"/></net>

<net id="1909"><net_src comp="1903" pin="1"/><net_sink comp="567" pin=2"/></net>

<net id="1910"><net_src comp="1903" pin="1"/><net_sink comp="580" pin=2"/></net>

<net id="1911"><net_src comp="1903" pin="1"/><net_sink comp="593" pin=2"/></net>

<net id="1912"><net_src comp="1903" pin="1"/><net_sink comp="606" pin=2"/></net>

<net id="1913"><net_src comp="1903" pin="1"/><net_sink comp="619" pin=2"/></net>

<net id="1914"><net_src comp="1903" pin="1"/><net_sink comp="632" pin=2"/></net>

<net id="1915"><net_src comp="1903" pin="1"/><net_sink comp="645" pin=2"/></net>

<net id="1916"><net_src comp="1903" pin="1"/><net_sink comp="658" pin=2"/></net>

<net id="1917"><net_src comp="1903" pin="1"/><net_sink comp="671" pin=2"/></net>

<net id="1918"><net_src comp="1903" pin="1"/><net_sink comp="684" pin=2"/></net>

<net id="1919"><net_src comp="1903" pin="1"/><net_sink comp="697" pin=2"/></net>

<net id="1920"><net_src comp="1903" pin="1"/><net_sink comp="710" pin=2"/></net>

<net id="1921"><net_src comp="1903" pin="1"/><net_sink comp="723" pin=2"/></net>

<net id="1922"><net_src comp="1903" pin="1"/><net_sink comp="736" pin=2"/></net>

<net id="1923"><net_src comp="1903" pin="1"/><net_sink comp="749" pin=2"/></net>

<net id="1924"><net_src comp="1903" pin="1"/><net_sink comp="762" pin=2"/></net>

<net id="1925"><net_src comp="1903" pin="1"/><net_sink comp="775" pin=2"/></net>

<net id="1926"><net_src comp="1903" pin="1"/><net_sink comp="788" pin=2"/></net>

<net id="1927"><net_src comp="1903" pin="1"/><net_sink comp="801" pin=2"/></net>

<net id="1928"><net_src comp="1903" pin="1"/><net_sink comp="814" pin=2"/></net>

<net id="1929"><net_src comp="1903" pin="1"/><net_sink comp="827" pin=2"/></net>

<net id="1930"><net_src comp="1903" pin="1"/><net_sink comp="840" pin=2"/></net>

<net id="1931"><net_src comp="1903" pin="1"/><net_sink comp="853" pin=2"/></net>

<net id="1932"><net_src comp="1903" pin="1"/><net_sink comp="866" pin=2"/></net>

<net id="1933"><net_src comp="1903" pin="1"/><net_sink comp="879" pin=2"/></net>

<net id="1934"><net_src comp="1903" pin="1"/><net_sink comp="892" pin=2"/></net>

<net id="1935"><net_src comp="1903" pin="1"/><net_sink comp="905" pin=2"/></net>

<net id="1936"><net_src comp="1903" pin="1"/><net_sink comp="918" pin=2"/></net>

<net id="1937"><net_src comp="1903" pin="1"/><net_sink comp="931" pin=2"/></net>

<net id="1938"><net_src comp="1903" pin="1"/><net_sink comp="944" pin=2"/></net>

<net id="1939"><net_src comp="1903" pin="1"/><net_sink comp="957" pin=2"/></net>

<net id="1940"><net_src comp="1903" pin="1"/><net_sink comp="970" pin=2"/></net>

<net id="1941"><net_src comp="1903" pin="1"/><net_sink comp="983" pin=2"/></net>

<net id="1942"><net_src comp="1903" pin="1"/><net_sink comp="996" pin=2"/></net>

<net id="1943"><net_src comp="1903" pin="1"/><net_sink comp="1009" pin=2"/></net>

<net id="1944"><net_src comp="1903" pin="1"/><net_sink comp="1022" pin=2"/></net>

<net id="1945"><net_src comp="1903" pin="1"/><net_sink comp="1035" pin=2"/></net>

<net id="1946"><net_src comp="1903" pin="1"/><net_sink comp="1048" pin=2"/></net>

<net id="1947"><net_src comp="1903" pin="1"/><net_sink comp="1061" pin=2"/></net>

<net id="1948"><net_src comp="1903" pin="1"/><net_sink comp="1074" pin=2"/></net>

<net id="1949"><net_src comp="1903" pin="1"/><net_sink comp="1087" pin=2"/></net>

<net id="1950"><net_src comp="1903" pin="1"/><net_sink comp="1100" pin=2"/></net>

<net id="1951"><net_src comp="1903" pin="1"/><net_sink comp="1113" pin=2"/></net>

<net id="1952"><net_src comp="1903" pin="1"/><net_sink comp="1126" pin=2"/></net>

<net id="1953"><net_src comp="1903" pin="1"/><net_sink comp="1139" pin=2"/></net>

<net id="1954"><net_src comp="1903" pin="1"/><net_sink comp="1152" pin=2"/></net>

<net id="1955"><net_src comp="1903" pin="1"/><net_sink comp="1165" pin=2"/></net>

<net id="1959"><net_src comp="528" pin="3"/><net_sink comp="1956" pin=0"/></net>

<net id="1960"><net_src comp="1956" pin="1"/><net_sink comp="535" pin=0"/></net>

<net id="1964"><net_src comp="535" pin="3"/><net_sink comp="1961" pin=0"/></net>

<net id="1965"><net_src comp="1961" pin="1"/><net_sink comp="1376" pin=1"/></net>

<net id="1969"><net_src comp="1376" pin="2"/><net_sink comp="1966" pin=0"/></net>

<net id="1970"><net_src comp="1966" pin="1"/><net_sink comp="1178" pin=0"/></net>

<net id="1974"><net_src comp="541" pin="3"/><net_sink comp="1971" pin=0"/></net>

<net id="1975"><net_src comp="1971" pin="1"/><net_sink comp="548" pin=0"/></net>

<net id="1979"><net_src comp="548" pin="3"/><net_sink comp="1976" pin=0"/></net>

<net id="1980"><net_src comp="1976" pin="1"/><net_sink comp="1380" pin=1"/></net>

<net id="1984"><net_src comp="1178" pin="2"/><net_sink comp="1981" pin=0"/></net>

<net id="1985"><net_src comp="1981" pin="1"/><net_sink comp="1183" pin=0"/></net>

<net id="1989"><net_src comp="1380" pin="2"/><net_sink comp="1986" pin=0"/></net>

<net id="1990"><net_src comp="1986" pin="1"/><net_sink comp="1183" pin=1"/></net>

<net id="1994"><net_src comp="554" pin="3"/><net_sink comp="1991" pin=0"/></net>

<net id="1995"><net_src comp="1991" pin="1"/><net_sink comp="561" pin=0"/></net>

<net id="1999"><net_src comp="561" pin="3"/><net_sink comp="1996" pin=0"/></net>

<net id="2000"><net_src comp="1996" pin="1"/><net_sink comp="1384" pin=1"/></net>

<net id="2004"><net_src comp="1183" pin="2"/><net_sink comp="2001" pin=0"/></net>

<net id="2005"><net_src comp="2001" pin="1"/><net_sink comp="1187" pin=0"/></net>

<net id="2009"><net_src comp="1384" pin="2"/><net_sink comp="2006" pin=0"/></net>

<net id="2010"><net_src comp="2006" pin="1"/><net_sink comp="1187" pin=1"/></net>

<net id="2014"><net_src comp="567" pin="3"/><net_sink comp="2011" pin=0"/></net>

<net id="2015"><net_src comp="2011" pin="1"/><net_sink comp="574" pin=0"/></net>

<net id="2019"><net_src comp="574" pin="3"/><net_sink comp="2016" pin=0"/></net>

<net id="2020"><net_src comp="2016" pin="1"/><net_sink comp="1388" pin=1"/></net>

<net id="2024"><net_src comp="1187" pin="2"/><net_sink comp="2021" pin=0"/></net>

<net id="2025"><net_src comp="2021" pin="1"/><net_sink comp="1191" pin=0"/></net>

<net id="2029"><net_src comp="1388" pin="2"/><net_sink comp="2026" pin=0"/></net>

<net id="2030"><net_src comp="2026" pin="1"/><net_sink comp="1191" pin=1"/></net>

<net id="2034"><net_src comp="580" pin="3"/><net_sink comp="2031" pin=0"/></net>

<net id="2035"><net_src comp="2031" pin="1"/><net_sink comp="587" pin=0"/></net>

<net id="2039"><net_src comp="587" pin="3"/><net_sink comp="2036" pin=0"/></net>

<net id="2040"><net_src comp="2036" pin="1"/><net_sink comp="1392" pin=1"/></net>

<net id="2044"><net_src comp="1191" pin="2"/><net_sink comp="2041" pin=0"/></net>

<net id="2045"><net_src comp="2041" pin="1"/><net_sink comp="1195" pin=0"/></net>

<net id="2049"><net_src comp="1392" pin="2"/><net_sink comp="2046" pin=0"/></net>

<net id="2050"><net_src comp="2046" pin="1"/><net_sink comp="1195" pin=1"/></net>

<net id="2054"><net_src comp="593" pin="3"/><net_sink comp="2051" pin=0"/></net>

<net id="2055"><net_src comp="2051" pin="1"/><net_sink comp="600" pin=0"/></net>

<net id="2059"><net_src comp="600" pin="3"/><net_sink comp="2056" pin=0"/></net>

<net id="2060"><net_src comp="2056" pin="1"/><net_sink comp="1396" pin=1"/></net>

<net id="2064"><net_src comp="1195" pin="2"/><net_sink comp="2061" pin=0"/></net>

<net id="2065"><net_src comp="2061" pin="1"/><net_sink comp="1199" pin=0"/></net>

<net id="2069"><net_src comp="1396" pin="2"/><net_sink comp="2066" pin=0"/></net>

<net id="2070"><net_src comp="2066" pin="1"/><net_sink comp="1199" pin=1"/></net>

<net id="2074"><net_src comp="606" pin="3"/><net_sink comp="2071" pin=0"/></net>

<net id="2075"><net_src comp="2071" pin="1"/><net_sink comp="613" pin=0"/></net>

<net id="2079"><net_src comp="613" pin="3"/><net_sink comp="2076" pin=0"/></net>

<net id="2080"><net_src comp="2076" pin="1"/><net_sink comp="1400" pin=1"/></net>

<net id="2084"><net_src comp="1199" pin="2"/><net_sink comp="2081" pin=0"/></net>

<net id="2085"><net_src comp="2081" pin="1"/><net_sink comp="1203" pin=0"/></net>

<net id="2089"><net_src comp="1400" pin="2"/><net_sink comp="2086" pin=0"/></net>

<net id="2090"><net_src comp="2086" pin="1"/><net_sink comp="1203" pin=1"/></net>

<net id="2094"><net_src comp="619" pin="3"/><net_sink comp="2091" pin=0"/></net>

<net id="2095"><net_src comp="2091" pin="1"/><net_sink comp="626" pin=0"/></net>

<net id="2099"><net_src comp="626" pin="3"/><net_sink comp="2096" pin=0"/></net>

<net id="2100"><net_src comp="2096" pin="1"/><net_sink comp="1404" pin=1"/></net>

<net id="2104"><net_src comp="1203" pin="2"/><net_sink comp="2101" pin=0"/></net>

<net id="2105"><net_src comp="2101" pin="1"/><net_sink comp="1207" pin=0"/></net>

<net id="2109"><net_src comp="1404" pin="2"/><net_sink comp="2106" pin=0"/></net>

<net id="2110"><net_src comp="2106" pin="1"/><net_sink comp="1207" pin=1"/></net>

<net id="2114"><net_src comp="632" pin="3"/><net_sink comp="2111" pin=0"/></net>

<net id="2115"><net_src comp="2111" pin="1"/><net_sink comp="639" pin=0"/></net>

<net id="2119"><net_src comp="639" pin="3"/><net_sink comp="2116" pin=0"/></net>

<net id="2120"><net_src comp="2116" pin="1"/><net_sink comp="1408" pin=1"/></net>

<net id="2124"><net_src comp="1207" pin="2"/><net_sink comp="2121" pin=0"/></net>

<net id="2125"><net_src comp="2121" pin="1"/><net_sink comp="1211" pin=0"/></net>

<net id="2129"><net_src comp="1408" pin="2"/><net_sink comp="2126" pin=0"/></net>

<net id="2130"><net_src comp="2126" pin="1"/><net_sink comp="1211" pin=1"/></net>

<net id="2134"><net_src comp="645" pin="3"/><net_sink comp="2131" pin=0"/></net>

<net id="2135"><net_src comp="2131" pin="1"/><net_sink comp="652" pin=0"/></net>

<net id="2139"><net_src comp="652" pin="3"/><net_sink comp="2136" pin=0"/></net>

<net id="2140"><net_src comp="2136" pin="1"/><net_sink comp="1412" pin=1"/></net>

<net id="2144"><net_src comp="1211" pin="2"/><net_sink comp="2141" pin=0"/></net>

<net id="2145"><net_src comp="2141" pin="1"/><net_sink comp="1215" pin=0"/></net>

<net id="2149"><net_src comp="1412" pin="2"/><net_sink comp="2146" pin=0"/></net>

<net id="2150"><net_src comp="2146" pin="1"/><net_sink comp="1215" pin=1"/></net>

<net id="2154"><net_src comp="658" pin="3"/><net_sink comp="2151" pin=0"/></net>

<net id="2155"><net_src comp="2151" pin="1"/><net_sink comp="665" pin=0"/></net>

<net id="2159"><net_src comp="665" pin="3"/><net_sink comp="2156" pin=0"/></net>

<net id="2160"><net_src comp="2156" pin="1"/><net_sink comp="1416" pin=1"/></net>

<net id="2164"><net_src comp="1215" pin="2"/><net_sink comp="2161" pin=0"/></net>

<net id="2165"><net_src comp="2161" pin="1"/><net_sink comp="1219" pin=0"/></net>

<net id="2169"><net_src comp="1416" pin="2"/><net_sink comp="2166" pin=0"/></net>

<net id="2170"><net_src comp="2166" pin="1"/><net_sink comp="1219" pin=1"/></net>

<net id="2174"><net_src comp="671" pin="3"/><net_sink comp="2171" pin=0"/></net>

<net id="2175"><net_src comp="2171" pin="1"/><net_sink comp="678" pin=0"/></net>

<net id="2179"><net_src comp="678" pin="3"/><net_sink comp="2176" pin=0"/></net>

<net id="2180"><net_src comp="2176" pin="1"/><net_sink comp="1420" pin=1"/></net>

<net id="2184"><net_src comp="1219" pin="2"/><net_sink comp="2181" pin=0"/></net>

<net id="2185"><net_src comp="2181" pin="1"/><net_sink comp="1223" pin=0"/></net>

<net id="2189"><net_src comp="1420" pin="2"/><net_sink comp="2186" pin=0"/></net>

<net id="2190"><net_src comp="2186" pin="1"/><net_sink comp="1223" pin=1"/></net>

<net id="2194"><net_src comp="684" pin="3"/><net_sink comp="2191" pin=0"/></net>

<net id="2195"><net_src comp="2191" pin="1"/><net_sink comp="691" pin=0"/></net>

<net id="2199"><net_src comp="691" pin="3"/><net_sink comp="2196" pin=0"/></net>

<net id="2200"><net_src comp="2196" pin="1"/><net_sink comp="1424" pin=1"/></net>

<net id="2204"><net_src comp="1223" pin="2"/><net_sink comp="2201" pin=0"/></net>

<net id="2205"><net_src comp="2201" pin="1"/><net_sink comp="1227" pin=0"/></net>

<net id="2209"><net_src comp="1424" pin="2"/><net_sink comp="2206" pin=0"/></net>

<net id="2210"><net_src comp="2206" pin="1"/><net_sink comp="1227" pin=1"/></net>

<net id="2214"><net_src comp="697" pin="3"/><net_sink comp="2211" pin=0"/></net>

<net id="2215"><net_src comp="2211" pin="1"/><net_sink comp="704" pin=0"/></net>

<net id="2219"><net_src comp="704" pin="3"/><net_sink comp="2216" pin=0"/></net>

<net id="2220"><net_src comp="2216" pin="1"/><net_sink comp="1428" pin=1"/></net>

<net id="2224"><net_src comp="1227" pin="2"/><net_sink comp="2221" pin=0"/></net>

<net id="2225"><net_src comp="2221" pin="1"/><net_sink comp="1231" pin=0"/></net>

<net id="2229"><net_src comp="1428" pin="2"/><net_sink comp="2226" pin=0"/></net>

<net id="2230"><net_src comp="2226" pin="1"/><net_sink comp="1231" pin=1"/></net>

<net id="2234"><net_src comp="710" pin="3"/><net_sink comp="2231" pin=0"/></net>

<net id="2235"><net_src comp="2231" pin="1"/><net_sink comp="717" pin=0"/></net>

<net id="2239"><net_src comp="717" pin="3"/><net_sink comp="2236" pin=0"/></net>

<net id="2240"><net_src comp="2236" pin="1"/><net_sink comp="1432" pin=1"/></net>

<net id="2244"><net_src comp="1231" pin="2"/><net_sink comp="2241" pin=0"/></net>

<net id="2245"><net_src comp="2241" pin="1"/><net_sink comp="1235" pin=0"/></net>

<net id="2249"><net_src comp="1432" pin="2"/><net_sink comp="2246" pin=0"/></net>

<net id="2250"><net_src comp="2246" pin="1"/><net_sink comp="1235" pin=1"/></net>

<net id="2254"><net_src comp="723" pin="3"/><net_sink comp="2251" pin=0"/></net>

<net id="2255"><net_src comp="2251" pin="1"/><net_sink comp="730" pin=0"/></net>

<net id="2259"><net_src comp="730" pin="3"/><net_sink comp="2256" pin=0"/></net>

<net id="2260"><net_src comp="2256" pin="1"/><net_sink comp="1436" pin=1"/></net>

<net id="2264"><net_src comp="1235" pin="2"/><net_sink comp="2261" pin=0"/></net>

<net id="2265"><net_src comp="2261" pin="1"/><net_sink comp="1239" pin=0"/></net>

<net id="2269"><net_src comp="1436" pin="2"/><net_sink comp="2266" pin=0"/></net>

<net id="2270"><net_src comp="2266" pin="1"/><net_sink comp="1239" pin=1"/></net>

<net id="2274"><net_src comp="736" pin="3"/><net_sink comp="2271" pin=0"/></net>

<net id="2275"><net_src comp="2271" pin="1"/><net_sink comp="743" pin=0"/></net>

<net id="2279"><net_src comp="743" pin="3"/><net_sink comp="2276" pin=0"/></net>

<net id="2280"><net_src comp="2276" pin="1"/><net_sink comp="1440" pin=1"/></net>

<net id="2284"><net_src comp="1239" pin="2"/><net_sink comp="2281" pin=0"/></net>

<net id="2285"><net_src comp="2281" pin="1"/><net_sink comp="1243" pin=0"/></net>

<net id="2289"><net_src comp="1440" pin="2"/><net_sink comp="2286" pin=0"/></net>

<net id="2290"><net_src comp="2286" pin="1"/><net_sink comp="1243" pin=1"/></net>

<net id="2294"><net_src comp="749" pin="3"/><net_sink comp="2291" pin=0"/></net>

<net id="2295"><net_src comp="2291" pin="1"/><net_sink comp="756" pin=0"/></net>

<net id="2299"><net_src comp="756" pin="3"/><net_sink comp="2296" pin=0"/></net>

<net id="2300"><net_src comp="2296" pin="1"/><net_sink comp="1444" pin=1"/></net>

<net id="2304"><net_src comp="1243" pin="2"/><net_sink comp="2301" pin=0"/></net>

<net id="2305"><net_src comp="2301" pin="1"/><net_sink comp="1247" pin=0"/></net>

<net id="2309"><net_src comp="1444" pin="2"/><net_sink comp="2306" pin=0"/></net>

<net id="2310"><net_src comp="2306" pin="1"/><net_sink comp="1247" pin=1"/></net>

<net id="2314"><net_src comp="762" pin="3"/><net_sink comp="2311" pin=0"/></net>

<net id="2315"><net_src comp="2311" pin="1"/><net_sink comp="769" pin=0"/></net>

<net id="2319"><net_src comp="769" pin="3"/><net_sink comp="2316" pin=0"/></net>

<net id="2320"><net_src comp="2316" pin="1"/><net_sink comp="1448" pin=1"/></net>

<net id="2324"><net_src comp="1247" pin="2"/><net_sink comp="2321" pin=0"/></net>

<net id="2325"><net_src comp="2321" pin="1"/><net_sink comp="1251" pin=0"/></net>

<net id="2329"><net_src comp="1448" pin="2"/><net_sink comp="2326" pin=0"/></net>

<net id="2330"><net_src comp="2326" pin="1"/><net_sink comp="1251" pin=1"/></net>

<net id="2334"><net_src comp="775" pin="3"/><net_sink comp="2331" pin=0"/></net>

<net id="2335"><net_src comp="2331" pin="1"/><net_sink comp="782" pin=0"/></net>

<net id="2339"><net_src comp="782" pin="3"/><net_sink comp="2336" pin=0"/></net>

<net id="2340"><net_src comp="2336" pin="1"/><net_sink comp="1452" pin=1"/></net>

<net id="2344"><net_src comp="1251" pin="2"/><net_sink comp="2341" pin=0"/></net>

<net id="2345"><net_src comp="2341" pin="1"/><net_sink comp="1255" pin=0"/></net>

<net id="2349"><net_src comp="1452" pin="2"/><net_sink comp="2346" pin=0"/></net>

<net id="2350"><net_src comp="2346" pin="1"/><net_sink comp="1255" pin=1"/></net>

<net id="2354"><net_src comp="788" pin="3"/><net_sink comp="2351" pin=0"/></net>

<net id="2355"><net_src comp="2351" pin="1"/><net_sink comp="795" pin=0"/></net>

<net id="2359"><net_src comp="795" pin="3"/><net_sink comp="2356" pin=0"/></net>

<net id="2360"><net_src comp="2356" pin="1"/><net_sink comp="1456" pin=1"/></net>

<net id="2364"><net_src comp="1255" pin="2"/><net_sink comp="2361" pin=0"/></net>

<net id="2365"><net_src comp="2361" pin="1"/><net_sink comp="1259" pin=0"/></net>

<net id="2369"><net_src comp="1456" pin="2"/><net_sink comp="2366" pin=0"/></net>

<net id="2370"><net_src comp="2366" pin="1"/><net_sink comp="1259" pin=1"/></net>

<net id="2374"><net_src comp="801" pin="3"/><net_sink comp="2371" pin=0"/></net>

<net id="2375"><net_src comp="2371" pin="1"/><net_sink comp="808" pin=0"/></net>

<net id="2379"><net_src comp="808" pin="3"/><net_sink comp="2376" pin=0"/></net>

<net id="2380"><net_src comp="2376" pin="1"/><net_sink comp="1460" pin=1"/></net>

<net id="2384"><net_src comp="1259" pin="2"/><net_sink comp="2381" pin=0"/></net>

<net id="2385"><net_src comp="2381" pin="1"/><net_sink comp="1263" pin=0"/></net>

<net id="2389"><net_src comp="1460" pin="2"/><net_sink comp="2386" pin=0"/></net>

<net id="2390"><net_src comp="2386" pin="1"/><net_sink comp="1263" pin=1"/></net>

<net id="2394"><net_src comp="814" pin="3"/><net_sink comp="2391" pin=0"/></net>

<net id="2395"><net_src comp="2391" pin="1"/><net_sink comp="821" pin=0"/></net>

<net id="2399"><net_src comp="821" pin="3"/><net_sink comp="2396" pin=0"/></net>

<net id="2400"><net_src comp="2396" pin="1"/><net_sink comp="1464" pin=1"/></net>

<net id="2404"><net_src comp="1263" pin="2"/><net_sink comp="2401" pin=0"/></net>

<net id="2405"><net_src comp="2401" pin="1"/><net_sink comp="1267" pin=0"/></net>

<net id="2409"><net_src comp="1464" pin="2"/><net_sink comp="2406" pin=0"/></net>

<net id="2410"><net_src comp="2406" pin="1"/><net_sink comp="1267" pin=1"/></net>

<net id="2414"><net_src comp="827" pin="3"/><net_sink comp="2411" pin=0"/></net>

<net id="2415"><net_src comp="2411" pin="1"/><net_sink comp="834" pin=0"/></net>

<net id="2419"><net_src comp="834" pin="3"/><net_sink comp="2416" pin=0"/></net>

<net id="2420"><net_src comp="2416" pin="1"/><net_sink comp="1468" pin=1"/></net>

<net id="2424"><net_src comp="1267" pin="2"/><net_sink comp="2421" pin=0"/></net>

<net id="2425"><net_src comp="2421" pin="1"/><net_sink comp="1271" pin=0"/></net>

<net id="2429"><net_src comp="1468" pin="2"/><net_sink comp="2426" pin=0"/></net>

<net id="2430"><net_src comp="2426" pin="1"/><net_sink comp="1271" pin=1"/></net>

<net id="2434"><net_src comp="840" pin="3"/><net_sink comp="2431" pin=0"/></net>

<net id="2435"><net_src comp="2431" pin="1"/><net_sink comp="847" pin=0"/></net>

<net id="2439"><net_src comp="847" pin="3"/><net_sink comp="2436" pin=0"/></net>

<net id="2440"><net_src comp="2436" pin="1"/><net_sink comp="1472" pin=1"/></net>

<net id="2444"><net_src comp="1271" pin="2"/><net_sink comp="2441" pin=0"/></net>

<net id="2445"><net_src comp="2441" pin="1"/><net_sink comp="1275" pin=0"/></net>

<net id="2449"><net_src comp="1472" pin="2"/><net_sink comp="2446" pin=0"/></net>

<net id="2450"><net_src comp="2446" pin="1"/><net_sink comp="1275" pin=1"/></net>

<net id="2454"><net_src comp="853" pin="3"/><net_sink comp="2451" pin=0"/></net>

<net id="2455"><net_src comp="2451" pin="1"/><net_sink comp="860" pin=0"/></net>

<net id="2459"><net_src comp="860" pin="3"/><net_sink comp="2456" pin=0"/></net>

<net id="2460"><net_src comp="2456" pin="1"/><net_sink comp="1476" pin=1"/></net>

<net id="2464"><net_src comp="1275" pin="2"/><net_sink comp="2461" pin=0"/></net>

<net id="2465"><net_src comp="2461" pin="1"/><net_sink comp="1279" pin=0"/></net>

<net id="2469"><net_src comp="1476" pin="2"/><net_sink comp="2466" pin=0"/></net>

<net id="2470"><net_src comp="2466" pin="1"/><net_sink comp="1279" pin=1"/></net>

<net id="2474"><net_src comp="866" pin="3"/><net_sink comp="2471" pin=0"/></net>

<net id="2475"><net_src comp="2471" pin="1"/><net_sink comp="873" pin=0"/></net>

<net id="2479"><net_src comp="873" pin="3"/><net_sink comp="2476" pin=0"/></net>

<net id="2480"><net_src comp="2476" pin="1"/><net_sink comp="1480" pin=1"/></net>

<net id="2484"><net_src comp="1279" pin="2"/><net_sink comp="2481" pin=0"/></net>

<net id="2485"><net_src comp="2481" pin="1"/><net_sink comp="1283" pin=0"/></net>

<net id="2489"><net_src comp="1480" pin="2"/><net_sink comp="2486" pin=0"/></net>

<net id="2490"><net_src comp="2486" pin="1"/><net_sink comp="1283" pin=1"/></net>

<net id="2494"><net_src comp="879" pin="3"/><net_sink comp="2491" pin=0"/></net>

<net id="2495"><net_src comp="2491" pin="1"/><net_sink comp="886" pin=0"/></net>

<net id="2499"><net_src comp="886" pin="3"/><net_sink comp="2496" pin=0"/></net>

<net id="2500"><net_src comp="2496" pin="1"/><net_sink comp="1484" pin=1"/></net>

<net id="2504"><net_src comp="1283" pin="2"/><net_sink comp="2501" pin=0"/></net>

<net id="2505"><net_src comp="2501" pin="1"/><net_sink comp="1287" pin=0"/></net>

<net id="2509"><net_src comp="1484" pin="2"/><net_sink comp="2506" pin=0"/></net>

<net id="2510"><net_src comp="2506" pin="1"/><net_sink comp="1287" pin=1"/></net>

<net id="2514"><net_src comp="892" pin="3"/><net_sink comp="2511" pin=0"/></net>

<net id="2515"><net_src comp="2511" pin="1"/><net_sink comp="899" pin=0"/></net>

<net id="2519"><net_src comp="899" pin="3"/><net_sink comp="2516" pin=0"/></net>

<net id="2520"><net_src comp="2516" pin="1"/><net_sink comp="1488" pin=1"/></net>

<net id="2524"><net_src comp="1287" pin="2"/><net_sink comp="2521" pin=0"/></net>

<net id="2525"><net_src comp="2521" pin="1"/><net_sink comp="1291" pin=0"/></net>

<net id="2529"><net_src comp="1488" pin="2"/><net_sink comp="2526" pin=0"/></net>

<net id="2530"><net_src comp="2526" pin="1"/><net_sink comp="1291" pin=1"/></net>

<net id="2534"><net_src comp="905" pin="3"/><net_sink comp="2531" pin=0"/></net>

<net id="2535"><net_src comp="2531" pin="1"/><net_sink comp="912" pin=0"/></net>

<net id="2539"><net_src comp="912" pin="3"/><net_sink comp="2536" pin=0"/></net>

<net id="2540"><net_src comp="2536" pin="1"/><net_sink comp="1492" pin=1"/></net>

<net id="2544"><net_src comp="1291" pin="2"/><net_sink comp="2541" pin=0"/></net>

<net id="2545"><net_src comp="2541" pin="1"/><net_sink comp="1295" pin=0"/></net>

<net id="2549"><net_src comp="1492" pin="2"/><net_sink comp="2546" pin=0"/></net>

<net id="2550"><net_src comp="2546" pin="1"/><net_sink comp="1295" pin=1"/></net>

<net id="2554"><net_src comp="918" pin="3"/><net_sink comp="2551" pin=0"/></net>

<net id="2555"><net_src comp="2551" pin="1"/><net_sink comp="925" pin=0"/></net>

<net id="2559"><net_src comp="925" pin="3"/><net_sink comp="2556" pin=0"/></net>

<net id="2560"><net_src comp="2556" pin="1"/><net_sink comp="1496" pin=1"/></net>

<net id="2564"><net_src comp="1295" pin="2"/><net_sink comp="2561" pin=0"/></net>

<net id="2565"><net_src comp="2561" pin="1"/><net_sink comp="1299" pin=0"/></net>

<net id="2569"><net_src comp="1496" pin="2"/><net_sink comp="2566" pin=0"/></net>

<net id="2570"><net_src comp="2566" pin="1"/><net_sink comp="1299" pin=1"/></net>

<net id="2574"><net_src comp="931" pin="3"/><net_sink comp="2571" pin=0"/></net>

<net id="2575"><net_src comp="2571" pin="1"/><net_sink comp="938" pin=0"/></net>

<net id="2579"><net_src comp="938" pin="3"/><net_sink comp="2576" pin=0"/></net>

<net id="2580"><net_src comp="2576" pin="1"/><net_sink comp="1500" pin=1"/></net>

<net id="2584"><net_src comp="1299" pin="2"/><net_sink comp="2581" pin=0"/></net>

<net id="2585"><net_src comp="2581" pin="1"/><net_sink comp="1303" pin=0"/></net>

<net id="2589"><net_src comp="1500" pin="2"/><net_sink comp="2586" pin=0"/></net>

<net id="2590"><net_src comp="2586" pin="1"/><net_sink comp="1303" pin=1"/></net>

<net id="2594"><net_src comp="944" pin="3"/><net_sink comp="2591" pin=0"/></net>

<net id="2595"><net_src comp="2591" pin="1"/><net_sink comp="951" pin=0"/></net>

<net id="2599"><net_src comp="951" pin="3"/><net_sink comp="2596" pin=0"/></net>

<net id="2600"><net_src comp="2596" pin="1"/><net_sink comp="1504" pin=1"/></net>

<net id="2604"><net_src comp="1303" pin="2"/><net_sink comp="2601" pin=0"/></net>

<net id="2605"><net_src comp="2601" pin="1"/><net_sink comp="1307" pin=0"/></net>

<net id="2609"><net_src comp="1504" pin="2"/><net_sink comp="2606" pin=0"/></net>

<net id="2610"><net_src comp="2606" pin="1"/><net_sink comp="1307" pin=1"/></net>

<net id="2614"><net_src comp="957" pin="3"/><net_sink comp="2611" pin=0"/></net>

<net id="2615"><net_src comp="2611" pin="1"/><net_sink comp="964" pin=0"/></net>

<net id="2619"><net_src comp="964" pin="3"/><net_sink comp="2616" pin=0"/></net>

<net id="2620"><net_src comp="2616" pin="1"/><net_sink comp="1508" pin=1"/></net>

<net id="2624"><net_src comp="1307" pin="2"/><net_sink comp="2621" pin=0"/></net>

<net id="2625"><net_src comp="2621" pin="1"/><net_sink comp="1311" pin=0"/></net>

<net id="2629"><net_src comp="1508" pin="2"/><net_sink comp="2626" pin=0"/></net>

<net id="2630"><net_src comp="2626" pin="1"/><net_sink comp="1311" pin=1"/></net>

<net id="2634"><net_src comp="970" pin="3"/><net_sink comp="2631" pin=0"/></net>

<net id="2635"><net_src comp="2631" pin="1"/><net_sink comp="977" pin=0"/></net>

<net id="2639"><net_src comp="977" pin="3"/><net_sink comp="2636" pin=0"/></net>

<net id="2640"><net_src comp="2636" pin="1"/><net_sink comp="1512" pin=1"/></net>

<net id="2644"><net_src comp="1311" pin="2"/><net_sink comp="2641" pin=0"/></net>

<net id="2645"><net_src comp="2641" pin="1"/><net_sink comp="1315" pin=0"/></net>

<net id="2649"><net_src comp="1512" pin="2"/><net_sink comp="2646" pin=0"/></net>

<net id="2650"><net_src comp="2646" pin="1"/><net_sink comp="1315" pin=1"/></net>

<net id="2654"><net_src comp="983" pin="3"/><net_sink comp="2651" pin=0"/></net>

<net id="2655"><net_src comp="2651" pin="1"/><net_sink comp="990" pin=0"/></net>

<net id="2659"><net_src comp="990" pin="3"/><net_sink comp="2656" pin=0"/></net>

<net id="2660"><net_src comp="2656" pin="1"/><net_sink comp="1516" pin=1"/></net>

<net id="2664"><net_src comp="1315" pin="2"/><net_sink comp="2661" pin=0"/></net>

<net id="2665"><net_src comp="2661" pin="1"/><net_sink comp="1319" pin=0"/></net>

<net id="2669"><net_src comp="1516" pin="2"/><net_sink comp="2666" pin=0"/></net>

<net id="2670"><net_src comp="2666" pin="1"/><net_sink comp="1319" pin=1"/></net>

<net id="2674"><net_src comp="996" pin="3"/><net_sink comp="2671" pin=0"/></net>

<net id="2675"><net_src comp="2671" pin="1"/><net_sink comp="1003" pin=0"/></net>

<net id="2679"><net_src comp="1003" pin="3"/><net_sink comp="2676" pin=0"/></net>

<net id="2680"><net_src comp="2676" pin="1"/><net_sink comp="1520" pin=1"/></net>

<net id="2684"><net_src comp="1319" pin="2"/><net_sink comp="2681" pin=0"/></net>

<net id="2685"><net_src comp="2681" pin="1"/><net_sink comp="1323" pin=0"/></net>

<net id="2689"><net_src comp="1520" pin="2"/><net_sink comp="2686" pin=0"/></net>

<net id="2690"><net_src comp="2686" pin="1"/><net_sink comp="1323" pin=1"/></net>

<net id="2694"><net_src comp="1009" pin="3"/><net_sink comp="2691" pin=0"/></net>

<net id="2695"><net_src comp="2691" pin="1"/><net_sink comp="1016" pin=0"/></net>

<net id="2699"><net_src comp="1016" pin="3"/><net_sink comp="2696" pin=0"/></net>

<net id="2700"><net_src comp="2696" pin="1"/><net_sink comp="1524" pin=1"/></net>

<net id="2704"><net_src comp="1323" pin="2"/><net_sink comp="2701" pin=0"/></net>

<net id="2705"><net_src comp="2701" pin="1"/><net_sink comp="1327" pin=0"/></net>

<net id="2709"><net_src comp="1524" pin="2"/><net_sink comp="2706" pin=0"/></net>

<net id="2710"><net_src comp="2706" pin="1"/><net_sink comp="1327" pin=1"/></net>

<net id="2714"><net_src comp="1022" pin="3"/><net_sink comp="2711" pin=0"/></net>

<net id="2715"><net_src comp="2711" pin="1"/><net_sink comp="1029" pin=0"/></net>

<net id="2719"><net_src comp="1029" pin="3"/><net_sink comp="2716" pin=0"/></net>

<net id="2720"><net_src comp="2716" pin="1"/><net_sink comp="1528" pin=1"/></net>

<net id="2724"><net_src comp="1327" pin="2"/><net_sink comp="2721" pin=0"/></net>

<net id="2725"><net_src comp="2721" pin="1"/><net_sink comp="1331" pin=0"/></net>

<net id="2729"><net_src comp="1528" pin="2"/><net_sink comp="2726" pin=0"/></net>

<net id="2730"><net_src comp="2726" pin="1"/><net_sink comp="1331" pin=1"/></net>

<net id="2734"><net_src comp="1035" pin="3"/><net_sink comp="2731" pin=0"/></net>

<net id="2735"><net_src comp="2731" pin="1"/><net_sink comp="1042" pin=0"/></net>

<net id="2739"><net_src comp="1042" pin="3"/><net_sink comp="2736" pin=0"/></net>

<net id="2740"><net_src comp="2736" pin="1"/><net_sink comp="1532" pin=1"/></net>

<net id="2744"><net_src comp="1331" pin="2"/><net_sink comp="2741" pin=0"/></net>

<net id="2745"><net_src comp="2741" pin="1"/><net_sink comp="1335" pin=0"/></net>

<net id="2749"><net_src comp="1532" pin="2"/><net_sink comp="2746" pin=0"/></net>

<net id="2750"><net_src comp="2746" pin="1"/><net_sink comp="1335" pin=1"/></net>

<net id="2754"><net_src comp="1048" pin="3"/><net_sink comp="2751" pin=0"/></net>

<net id="2755"><net_src comp="2751" pin="1"/><net_sink comp="1055" pin=0"/></net>

<net id="2759"><net_src comp="1055" pin="3"/><net_sink comp="2756" pin=0"/></net>

<net id="2760"><net_src comp="2756" pin="1"/><net_sink comp="1536" pin=1"/></net>

<net id="2764"><net_src comp="1335" pin="2"/><net_sink comp="2761" pin=0"/></net>

<net id="2765"><net_src comp="2761" pin="1"/><net_sink comp="1339" pin=0"/></net>

<net id="2769"><net_src comp="1536" pin="2"/><net_sink comp="2766" pin=0"/></net>

<net id="2770"><net_src comp="2766" pin="1"/><net_sink comp="1339" pin=1"/></net>

<net id="2774"><net_src comp="1061" pin="3"/><net_sink comp="2771" pin=0"/></net>

<net id="2775"><net_src comp="2771" pin="1"/><net_sink comp="1068" pin=0"/></net>

<net id="2779"><net_src comp="1068" pin="3"/><net_sink comp="2776" pin=0"/></net>

<net id="2780"><net_src comp="2776" pin="1"/><net_sink comp="1540" pin=1"/></net>

<net id="2784"><net_src comp="1339" pin="2"/><net_sink comp="2781" pin=0"/></net>

<net id="2785"><net_src comp="2781" pin="1"/><net_sink comp="1343" pin=0"/></net>

<net id="2789"><net_src comp="1540" pin="2"/><net_sink comp="2786" pin=0"/></net>

<net id="2790"><net_src comp="2786" pin="1"/><net_sink comp="1343" pin=1"/></net>

<net id="2794"><net_src comp="1074" pin="3"/><net_sink comp="2791" pin=0"/></net>

<net id="2795"><net_src comp="2791" pin="1"/><net_sink comp="1081" pin=0"/></net>

<net id="2799"><net_src comp="1081" pin="3"/><net_sink comp="2796" pin=0"/></net>

<net id="2800"><net_src comp="2796" pin="1"/><net_sink comp="1544" pin=1"/></net>

<net id="2804"><net_src comp="1343" pin="2"/><net_sink comp="2801" pin=0"/></net>

<net id="2805"><net_src comp="2801" pin="1"/><net_sink comp="1347" pin=0"/></net>

<net id="2809"><net_src comp="1544" pin="2"/><net_sink comp="2806" pin=0"/></net>

<net id="2810"><net_src comp="2806" pin="1"/><net_sink comp="1347" pin=1"/></net>

<net id="2814"><net_src comp="1087" pin="3"/><net_sink comp="2811" pin=0"/></net>

<net id="2815"><net_src comp="2811" pin="1"/><net_sink comp="1094" pin=0"/></net>

<net id="2819"><net_src comp="1094" pin="3"/><net_sink comp="2816" pin=0"/></net>

<net id="2820"><net_src comp="2816" pin="1"/><net_sink comp="1548" pin=1"/></net>

<net id="2824"><net_src comp="1347" pin="2"/><net_sink comp="2821" pin=0"/></net>

<net id="2825"><net_src comp="2821" pin="1"/><net_sink comp="1351" pin=0"/></net>

<net id="2829"><net_src comp="1548" pin="2"/><net_sink comp="2826" pin=0"/></net>

<net id="2830"><net_src comp="2826" pin="1"/><net_sink comp="1351" pin=1"/></net>

<net id="2834"><net_src comp="1100" pin="3"/><net_sink comp="2831" pin=0"/></net>

<net id="2835"><net_src comp="2831" pin="1"/><net_sink comp="1107" pin=0"/></net>

<net id="2839"><net_src comp="1107" pin="3"/><net_sink comp="2836" pin=0"/></net>

<net id="2840"><net_src comp="2836" pin="1"/><net_sink comp="1552" pin=1"/></net>

<net id="2844"><net_src comp="1351" pin="2"/><net_sink comp="2841" pin=0"/></net>

<net id="2845"><net_src comp="2841" pin="1"/><net_sink comp="1355" pin=0"/></net>

<net id="2849"><net_src comp="1552" pin="2"/><net_sink comp="2846" pin=0"/></net>

<net id="2850"><net_src comp="2846" pin="1"/><net_sink comp="1355" pin=1"/></net>

<net id="2854"><net_src comp="1113" pin="3"/><net_sink comp="2851" pin=0"/></net>

<net id="2855"><net_src comp="2851" pin="1"/><net_sink comp="1120" pin=0"/></net>

<net id="2859"><net_src comp="1120" pin="3"/><net_sink comp="2856" pin=0"/></net>

<net id="2860"><net_src comp="2856" pin="1"/><net_sink comp="1556" pin=1"/></net>

<net id="2864"><net_src comp="1355" pin="2"/><net_sink comp="2861" pin=0"/></net>

<net id="2865"><net_src comp="2861" pin="1"/><net_sink comp="1359" pin=0"/></net>

<net id="2869"><net_src comp="1556" pin="2"/><net_sink comp="2866" pin=0"/></net>

<net id="2870"><net_src comp="2866" pin="1"/><net_sink comp="1359" pin=1"/></net>

<net id="2874"><net_src comp="1126" pin="3"/><net_sink comp="2871" pin=0"/></net>

<net id="2875"><net_src comp="2871" pin="1"/><net_sink comp="1133" pin=0"/></net>

<net id="2879"><net_src comp="1133" pin="3"/><net_sink comp="2876" pin=0"/></net>

<net id="2880"><net_src comp="2876" pin="1"/><net_sink comp="1560" pin=1"/></net>

<net id="2884"><net_src comp="1359" pin="2"/><net_sink comp="2881" pin=0"/></net>

<net id="2885"><net_src comp="2881" pin="1"/><net_sink comp="1363" pin=0"/></net>

<net id="2889"><net_src comp="1560" pin="2"/><net_sink comp="2886" pin=0"/></net>

<net id="2890"><net_src comp="2886" pin="1"/><net_sink comp="1363" pin=1"/></net>

<net id="2894"><net_src comp="1139" pin="3"/><net_sink comp="2891" pin=0"/></net>

<net id="2895"><net_src comp="2891" pin="1"/><net_sink comp="1146" pin=0"/></net>

<net id="2899"><net_src comp="1146" pin="3"/><net_sink comp="2896" pin=0"/></net>

<net id="2900"><net_src comp="2896" pin="1"/><net_sink comp="1564" pin=1"/></net>

<net id="2904"><net_src comp="1363" pin="2"/><net_sink comp="2901" pin=0"/></net>

<net id="2905"><net_src comp="2901" pin="1"/><net_sink comp="1367" pin=0"/></net>

<net id="2909"><net_src comp="1564" pin="2"/><net_sink comp="2906" pin=0"/></net>

<net id="2910"><net_src comp="2906" pin="1"/><net_sink comp="1367" pin=1"/></net>

<net id="2914"><net_src comp="1367" pin="2"/><net_sink comp="2911" pin=0"/></net>

<net id="2915"><net_src comp="2911" pin="1"/><net_sink comp="1371" pin=0"/></net>

<net id="2919"><net_src comp="1152" pin="3"/><net_sink comp="2916" pin=0"/></net>

<net id="2920"><net_src comp="2916" pin="1"/><net_sink comp="1159" pin=0"/></net>

<net id="2924"><net_src comp="1159" pin="3"/><net_sink comp="2921" pin=0"/></net>

<net id="2925"><net_src comp="2921" pin="1"/><net_sink comp="1371" pin=1"/></net>

<net id="2929"><net_src comp="1371" pin="2"/><net_sink comp="2926" pin=0"/></net>

<net id="2930"><net_src comp="2926" pin="1"/><net_sink comp="1568" pin=0"/></net>

<net id="2931"><net_src comp="2926" pin="1"/><net_sink comp="1603" pin=0"/></net>

<net id="2932"><net_src comp="2926" pin="1"/><net_sink comp="1644" pin=2"/></net>

</net_list>

</model> 
---------------- Datapath Model END ------------------

* FSMD analyzer results:
  - Output states:
	Port: hidden_layer_1 | {203 }
 - Input state : 
	Port: MLP_Pipeline_VITIS_LOOP_77_3 : input_features_casted_load | {1 }
	Port: MLP_Pipeline_VITIS_LOOP_77_3 : input_features_casted_load_1 | {1 }
	Port: MLP_Pipeline_VITIS_LOOP_77_3 : input_features_casted_load_2 | {1 }
	Port: MLP_Pipeline_VITIS_LOOP_77_3 : input_features_casted_load_3 | {1 }
	Port: MLP_Pipeline_VITIS_LOOP_77_3 : input_features_casted_load_4 | {1 }
	Port: MLP_Pipeline_VITIS_LOOP_77_3 : input_features_casted_load_5 | {1 }
	Port: MLP_Pipeline_VITIS_LOOP_77_3 : input_features_casted_load_6 | {1 }
	Port: MLP_Pipeline_VITIS_LOOP_77_3 : input_features_casted_load_7 | {1 }
	Port: MLP_Pipeline_VITIS_LOOP_77_3 : input_features_casted_load_8 | {1 }
	Port: MLP_Pipeline_VITIS_LOOP_77_3 : input_features_casted_load_9 | {1 }
	Port: MLP_Pipeline_VITIS_LOOP_77_3 : input_features_casted_load_10 | {1 }
	Port: MLP_Pipeline_VITIS_LOOP_77_3 : input_features_casted_load_11 | {1 }
	Port: MLP_Pipeline_VITIS_LOOP_77_3 : input_features_casted_load_12 | {1 }
	Port: MLP_Pipeline_VITIS_LOOP_77_3 : input_features_casted_load_13 | {1 }
	Port: MLP_Pipeline_VITIS_LOOP_77_3 : input_features_casted_load_14 | {1 }
	Port: MLP_Pipeline_VITIS_LOOP_77_3 : input_features_casted_load_15 | {1 }
	Port: MLP_Pipeline_VITIS_LOOP_77_3 : input_features_casted_load_16 | {1 }
	Port: MLP_Pipeline_VITIS_LOOP_77_3 : input_features_casted_load_17 | {1 }
	Port: MLP_Pipeline_VITIS_LOOP_77_3 : input_features_casted_load_18 | {1 }
	Port: MLP_Pipeline_VITIS_LOOP_77_3 : input_features_casted_load_19 | {1 }
	Port: MLP_Pipeline_VITIS_LOOP_77_3 : input_features_casted_load_20 | {1 }
	Port: MLP_Pipeline_VITIS_LOOP_77_3 : input_features_casted_load_21 | {1 }
	Port: MLP_Pipeline_VITIS_LOOP_77_3 : input_features_casted_load_22 | {1 }
	Port: MLP_Pipeline_VITIS_LOOP_77_3 : input_features_casted_load_23 | {1 }
	Port: MLP_Pipeline_VITIS_LOOP_77_3 : input_features_casted_load_24 | {1 }
	Port: MLP_Pipeline_VITIS_LOOP_77_3 : input_features_casted_load_25 | {1 }
	Port: MLP_Pipeline_VITIS_LOOP_77_3 : input_features_casted_load_26 | {1 }
	Port: MLP_Pipeline_VITIS_LOOP_77_3 : input_features_casted_load_27 | {1 }
	Port: MLP_Pipeline_VITIS_LOOP_77_3 : input_features_casted_load_28 | {1 }
	Port: MLP_Pipeline_VITIS_LOOP_77_3 : input_features_casted_load_29 | {1 }
	Port: MLP_Pipeline_VITIS_LOOP_77_3 : input_features_casted_load_30 | {1 }
	Port: MLP_Pipeline_VITIS_LOOP_77_3 : input_features_casted_load_31 | {1 }
	Port: MLP_Pipeline_VITIS_LOOP_77_3 : input_features_casted_load_32 | {1 }
	Port: MLP_Pipeline_VITIS_LOOP_77_3 : input_features_casted_load_33 | {1 }
	Port: MLP_Pipeline_VITIS_LOOP_77_3 : input_features_casted_load_34 | {1 }
	Port: MLP_Pipeline_VITIS_LOOP_77_3 : input_features_casted_load_35 | {1 }
	Port: MLP_Pipeline_VITIS_LOOP_77_3 : input_features_casted_load_36 | {1 }
	Port: MLP_Pipeline_VITIS_LOOP_77_3 : input_features_casted_load_37 | {1 }
	Port: MLP_Pipeline_VITIS_LOOP_77_3 : input_features_casted_load_38 | {1 }
	Port: MLP_Pipeline_VITIS_LOOP_77_3 : input_features_casted_load_39 | {1 }
	Port: MLP_Pipeline_VITIS_LOOP_77_3 : input_features_casted_load_40 | {1 }
	Port: MLP_Pipeline_VITIS_LOOP_77_3 : input_features_casted_load_41 | {1 }
	Port: MLP_Pipeline_VITIS_LOOP_77_3 : input_features_casted_load_42 | {1 }
	Port: MLP_Pipeline_VITIS_LOOP_77_3 : input_features_casted_load_43 | {1 }
	Port: MLP_Pipeline_VITIS_LOOP_77_3 : input_features_casted_load_44 | {1 }
	Port: MLP_Pipeline_VITIS_LOOP_77_3 : input_features_casted_load_45 | {1 }
	Port: MLP_Pipeline_VITIS_LOOP_77_3 : input_features_casted_load_46 | {1 }
	Port: MLP_Pipeline_VITIS_LOOP_77_3 : input_features_casted_load_47 | {1 }
	Port: MLP_Pipeline_VITIS_LOOP_77_3 : weights_1_0 | {1 2 }
	Port: MLP_Pipeline_VITIS_LOOP_77_3 : weights_1_1 | {5 6 }
	Port: MLP_Pipeline_VITIS_LOOP_77_3 : weights_1_2 | {9 10 }
	Port: MLP_Pipeline_VITIS_LOOP_77_3 : weights_1_3 | {13 14 }
	Port: MLP_Pipeline_VITIS_LOOP_77_3 : weights_1_4 | {17 18 }
	Port: MLP_Pipeline_VITIS_LOOP_77_3 : weights_1_5 | {21 22 }
	Port: MLP_Pipeline_VITIS_LOOP_77_3 : weights_1_6 | {25 26 }
	Port: MLP_Pipeline_VITIS_LOOP_77_3 : weights_1_7 | {29 30 }
	Port: MLP_Pipeline_VITIS_LOOP_77_3 : weights_1_8 | {33 34 }
	Port: MLP_Pipeline_VITIS_LOOP_77_3 : weights_1_9 | {37 38 }
	Port: MLP_Pipeline_VITIS_LOOP_77_3 : weights_1_10 | {41 42 }
	Port: MLP_Pipeline_VITIS_LOOP_77_3 : weights_1_11 | {45 46 }
	Port: MLP_Pipeline_VITIS_LOOP_77_3 : weights_1_12 | {49 50 }
	Port: MLP_Pipeline_VITIS_LOOP_77_3 : weights_1_13 | {53 54 }
	Port: MLP_Pipeline_VITIS_LOOP_77_3 : weights_1_14 | {57 58 }
	Port: MLP_Pipeline_VITIS_LOOP_77_3 : weights_1_15 | {61 62 }
	Port: MLP_Pipeline_VITIS_LOOP_77_3 : weights_1_16 | {65 66 }
	Port: MLP_Pipeline_VITIS_LOOP_77_3 : weights_1_17 | {69 70 }
	Port: MLP_Pipeline_VITIS_LOOP_77_3 : weights_1_18 | {73 74 }
	Port: MLP_Pipeline_VITIS_LOOP_77_3 : weights_1_19 | {77 78 }
	Port: MLP_Pipeline_VITIS_LOOP_77_3 : weights_1_20 | {81 82 }
	Port: MLP_Pipeline_VITIS_LOOP_77_3 : weights_1_21 | {85 86 }
	Port: MLP_Pipeline_VITIS_LOOP_77_3 : weights_1_22 | {89 90 }
	Port: MLP_Pipeline_VITIS_LOOP_77_3 : weights_1_23 | {93 94 }
	Port: MLP_Pipeline_VITIS_LOOP_77_3 : weights_1_24 | {97 98 }
	Port: MLP_Pipeline_VITIS_LOOP_77_3 : weights_1_25 | {101 102 }
	Port: MLP_Pipeline_VITIS_LOOP_77_3 : weights_1_26 | {105 106 }
	Port: MLP_Pipeline_VITIS_LOOP_77_3 : weights_1_27 | {109 110 }
	Port: MLP_Pipeline_VITIS_LOOP_77_3 : weights_1_28 | {113 114 }
	Port: MLP_Pipeline_VITIS_LOOP_77_3 : weights_1_29 | {117 118 }
	Port: MLP_Pipeline_VITIS_LOOP_77_3 : weights_1_30 | {121 122 }
	Port: MLP_Pipeline_VITIS_LOOP_77_3 : weights_1_31 | {125 126 }
	Port: MLP_Pipeline_VITIS_LOOP_77_3 : weights_1_32 | {129 130 }
	Port: MLP_Pipeline_VITIS_LOOP_77_3 : weights_1_33 | {133 134 }
	Port: MLP_Pipeline_VITIS_LOOP_77_3 : weights_1_34 | {137 138 }
	Port: MLP_Pipeline_VITIS_LOOP_77_3 : weights_1_35 | {141 142 }
	Port: MLP_Pipeline_VITIS_LOOP_77_3 : weights_1_36 | {145 146 }
	Port: MLP_Pipeline_VITIS_LOOP_77_3 : weights_1_37 | {149 150 }
	Port: MLP_Pipeline_VITIS_LOOP_77_3 : weights_1_38 | {153 154 }
	Port: MLP_Pipeline_VITIS_LOOP_77_3 : weights_1_39 | {157 158 }
	Port: MLP_Pipeline_VITIS_LOOP_77_3 : weights_1_40 | {161 162 }
	Port: MLP_Pipeline_VITIS_LOOP_77_3 : weights_1_41 | {165 166 }
	Port: MLP_Pipeline_VITIS_LOOP_77_3 : weights_1_42 | {169 170 }
	Port: MLP_Pipeline_VITIS_LOOP_77_3 : weights_1_43 | {173 174 }
	Port: MLP_Pipeline_VITIS_LOOP_77_3 : weights_1_44 | {177 178 }
	Port: MLP_Pipeline_VITIS_LOOP_77_3 : weights_1_45 | {181 182 }
	Port: MLP_Pipeline_VITIS_LOOP_77_3 : weights_1_46 | {185 186 }
	Port: MLP_Pipeline_VITIS_LOOP_77_3 : weights_1_47 | {189 190 }
	Port: MLP_Pipeline_VITIS_LOOP_77_3 : hidden_bias_1 | {197 198 }
  - Chain level:
	State 1
		store_ln0 : 1
		i : 1
		icmp_ln77 : 2
		add_ln77 : 2
		br_ln77 : 3
		i_1_cast : 2
		weights_1_0_addr : 3
		weights_1_0_load : 4
		store_ln77 : 3
	State 2
	State 3
	State 4
	State 5
		weights_1_1_load : 1
	State 6
	State 7
	State 8
	State 9
		weights_1_2_load : 1
	State 10
	State 11
	State 12
	State 13
		weights_1_3_load : 1
	State 14
	State 15
	State 16
	State 17
		weights_1_4_load : 1
	State 18
	State 19
	State 20
	State 21
		weights_1_5_load : 1
	State 22
	State 23
	State 24
	State 25
		weights_1_6_load : 1
	State 26
	State 27
	State 28
	State 29
		weights_1_7_load : 1
	State 30
	State 31
	State 32
	State 33
		weights_1_8_load : 1
	State 34
	State 35
	State 36
	State 37
		weights_1_9_load : 1
	State 38
	State 39
	State 40
	State 41
		weights_1_10_load : 1
	State 42
	State 43
	State 44
	State 45
		weights_1_11_load : 1
	State 46
	State 47
	State 48
	State 49
		weights_1_12_load : 1
	State 50
	State 51
	State 52
	State 53
		weights_1_13_load : 1
	State 54
	State 55
	State 56
	State 57
		weights_1_14_load : 1
	State 58
	State 59
	State 60
	State 61
		weights_1_15_load : 1
	State 62
	State 63
	State 64
	State 65
		weights_1_16_load : 1
	State 66
	State 67
	State 68
	State 69
		weights_1_17_load : 1
	State 70
	State 71
	State 72
	State 73
		weights_1_18_load : 1
	State 74
	State 75
	State 76
	State 77
		weights_1_19_load : 1
	State 78
	State 79
	State 80
	State 81
		weights_1_20_load : 1
	State 82
	State 83
	State 84
	State 85
		weights_1_21_load : 1
	State 86
	State 87
	State 88
	State 89
		weights_1_22_load : 1
	State 90
	State 91
	State 92
	State 93
		weights_1_23_load : 1
	State 94
	State 95
	State 96
	State 97
		weights_1_24_load : 1
	State 98
	State 99
	State 100
	State 101
		weights_1_25_load : 1
	State 102
	State 103
	State 104
	State 105
		weights_1_26_load : 1
	State 106
	State 107
	State 108
	State 109
		weights_1_27_load : 1
	State 110
	State 111
	State 112
	State 113
		weights_1_28_load : 1
	State 114
	State 115
	State 116
	State 117
		weights_1_29_load : 1
	State 118
	State 119
	State 120
	State 121
		weights_1_30_load : 1
	State 122
	State 123
	State 124
	State 125
		weights_1_31_load : 1
	State 126
	State 127
	State 128
	State 129
		weights_1_32_load : 1
	State 130
	State 131
	State 132
	State 133
		weights_1_33_load : 1
	State 134
	State 135
	State 136
	State 137
		weights_1_34_load : 1
	State 138
	State 139
	State 140
	State 141
		weights_1_35_load : 1
	State 142
	State 143
	State 144
	State 145
		weights_1_36_load : 1
	State 146
	State 147
	State 148
	State 149
		weights_1_37_load : 1
	State 150
	State 151
	State 152
	State 153
		weights_1_38_load : 1
	State 154
	State 155
	State 156
	State 157
		weights_1_39_load : 1
	State 158
	State 159
	State 160
	State 161
		weights_1_40_load : 1
	State 162
	State 163
	State 164
	State 165
		weights_1_41_load : 1
	State 166
	State 167
	State 168
	State 169
		weights_1_42_load : 1
	State 170
	State 171
	State 172
	State 173
		weights_1_43_load : 1
	State 174
	State 175
	State 176
	State 177
		weights_1_44_load : 1
	State 178
	State 179
	State 180
	State 181
		weights_1_45_load : 1
	State 182
	State 183
	State 184
	State 185
		weights_1_46_load : 1
	State 186
	State 187
	State 188
	State 189
		weights_1_47_load : 1
	State 190
	State 191
	State 192
	State 193
	State 194
	State 195
	State 196
	State 197
		hidden_bias_1_load : 1
	State 198
		add : 1
	State 199
	State 200
	State 201
	State 202
	State 203
		tmp : 1
		trunc_ln86 : 1
		icmp_ln86 : 2
		icmp_ln86_1 : 2
		or_ln86 : 3
		and_ln86 : 3
		select_ln86 : 3
		store_ln84 : 4


============================================================
+ Verbose Summary: Datapath Resource usage 
============================================================

* Functional unit list:
|----------|------------------------------------------------|---------|---------|---------|
| Operation|                 Functional Unit                |   DSP   |    FF   |   LUT   |
|----------|------------------------------------------------|---------|---------|---------|
|          |                   grp_fu_1178                  |    2    |   227   |   214   |
|          |                   grp_fu_1183                  |    2    |   227   |   214   |
|          |                   grp_fu_1187                  |    2    |   227   |   214   |
|          |                   grp_fu_1191                  |    2    |   227   |   214   |
|          |                   grp_fu_1195                  |    2    |   227   |   214   |
|          |                   grp_fu_1199                  |    2    |   227   |   214   |
|          |                   grp_fu_1203                  |    2    |   227   |   214   |
|          |                   grp_fu_1207                  |    2    |   227   |   214   |
|          |                   grp_fu_1211                  |    2    |   227   |   214   |
|          |                   grp_fu_1215                  |    2    |   227   |   214   |
|          |                   grp_fu_1219                  |    2    |   227   |   214   |
|          |                   grp_fu_1223                  |    2    |   227   |   214   |
|          |                   grp_fu_1227                  |    2    |   227   |   214   |
|          |                   grp_fu_1231                  |    2    |   227   |   214   |
|          |                   grp_fu_1235                  |    2    |   227   |   214   |
|          |                   grp_fu_1239                  |    2    |   227   |   214   |
|          |                   grp_fu_1243                  |    2    |   227   |   214   |
|          |                   grp_fu_1247                  |    2    |   227   |   214   |
|          |                   grp_fu_1251                  |    2    |   227   |   214   |
|          |                   grp_fu_1255                  |    2    |   227   |   214   |
|          |                   grp_fu_1259                  |    2    |   227   |   214   |
|          |                   grp_fu_1263                  |    2    |   227   |   214   |
|          |                   grp_fu_1267                  |    2    |   227   |   214   |
|          |                   grp_fu_1271                  |    2    |   227   |   214   |
|   fadd   |                   grp_fu_1275                  |    2    |   227   |   214   |
|          |                   grp_fu_1279                  |    2    |   227   |   214   |
|          |                   grp_fu_1283                  |    2    |   227   |   214   |
|          |                   grp_fu_1287                  |    2    |   227   |   214   |
|          |                   grp_fu_1291                  |    2    |   227   |   214   |
|          |                   grp_fu_1295                  |    2    |   227   |   214   |
|          |                   grp_fu_1299                  |    2    |   227   |   214   |
|          |                   grp_fu_1303                  |    2    |   227   |   214   |
|          |                   grp_fu_1307                  |    2    |   227   |   214   |
|          |                   grp_fu_1311                  |    2    |   227   |   214   |
|          |                   grp_fu_1315                  |    2    |   227   |   214   |
|          |                   grp_fu_1319                  |    2    |   227   |   214   |
|          |                   grp_fu_1323                  |    2    |   227   |   214   |
|          |                   grp_fu_1327                  |    2    |   227   |   214   |
|          |                   grp_fu_1331                  |    2    |   227   |   214   |
|          |                   grp_fu_1335                  |    2    |   227   |   214   |
|          |                   grp_fu_1339                  |    2    |   227   |   214   |
|          |                   grp_fu_1343                  |    2    |   227   |   214   |
|          |                   grp_fu_1347                  |    2    |   227   |   214   |
|          |                   grp_fu_1351                  |    2    |   227   |   214   |
|          |                   grp_fu_1355                  |    2    |   227   |   214   |
|          |                   grp_fu_1359                  |    2    |   227   |   214   |
|          |                   grp_fu_1363                  |    2    |   227   |   214   |
|          |                   grp_fu_1367                  |    2    |   227   |   214   |
|          |                   grp_fu_1371                  |    2    |   227   |   214   |
|----------|------------------------------------------------|---------|---------|---------|
|          |                   grp_fu_1376                  |    3    |   128   |   135   |
|          |                   grp_fu_1380                  |    3    |   128   |   135   |
|          |                   grp_fu_1384                  |    3    |   128   |   135   |
|          |                   grp_fu_1388                  |    3    |   128   |   135   |
|          |                   grp_fu_1392                  |    3    |   128   |   135   |
|          |                   grp_fu_1396                  |    3    |   128   |   135   |
|          |                   grp_fu_1400                  |    3    |   128   |   135   |
|          |                   grp_fu_1404                  |    3    |   128   |   135   |
|          |                   grp_fu_1408                  |    3    |   128   |   135   |
|          |                   grp_fu_1412                  |    3    |   128   |   135   |
|          |                   grp_fu_1416                  |    3    |   128   |   135   |
|          |                   grp_fu_1420                  |    3    |   128   |   135   |
|          |                   grp_fu_1424                  |    3    |   128   |   135   |
|          |                   grp_fu_1428                  |    3    |   128   |   135   |
|          |                   grp_fu_1432                  |    3    |   128   |   135   |
|          |                   grp_fu_1436                  |    3    |   128   |   135   |
|          |                   grp_fu_1440                  |    3    |   128   |   135   |
|          |                   grp_fu_1444                  |    3    |   128   |   135   |
|          |                   grp_fu_1448                  |    3    |   128   |   135   |
|          |                   grp_fu_1452                  |    3    |   128   |   135   |
|          |                   grp_fu_1456                  |    3    |   128   |   135   |
|          |                   grp_fu_1460                  |    3    |   128   |   135   |
|          |                   grp_fu_1464                  |    3    |   128   |   135   |
|   fmul   |                   grp_fu_1468                  |    3    |   128   |   135   |
|          |                   grp_fu_1472                  |    3    |   128   |   135   |
|          |                   grp_fu_1476                  |    3    |   128   |   135   |
|          |                   grp_fu_1480                  |    3    |   128   |   135   |
|          |                   grp_fu_1484                  |    3    |   128   |   135   |
|          |                   grp_fu_1488                  |    3    |   128   |   135   |
|          |                   grp_fu_1492                  |    3    |   128   |   135   |
|          |                   grp_fu_1496                  |    3    |   128   |   135   |
|          |                   grp_fu_1500                  |    3    |   128   |   135   |
|          |                   grp_fu_1504                  |    3    |   128   |   135   |
|          |                   grp_fu_1508                  |    3    |   128   |   135   |
|          |                   grp_fu_1512                  |    3    |   128   |   135   |
|          |                   grp_fu_1516                  |    3    |   128   |   135   |
|          |                   grp_fu_1520                  |    3    |   128   |   135   |
|          |                   grp_fu_1524                  |    3    |   128   |   135   |
|          |                   grp_fu_1528                  |    3    |   128   |   135   |
|          |                   grp_fu_1532                  |    3    |   128   |   135   |
|          |                   grp_fu_1536                  |    3    |   128   |   135   |
|          |                   grp_fu_1540                  |    3    |   128   |   135   |
|          |                   grp_fu_1544                  |    3    |   128   |   135   |
|          |                   grp_fu_1548                  |    3    |   128   |   135   |
|          |                   grp_fu_1552                  |    3    |   128   |   135   |
|          |                   grp_fu_1556                  |    3    |   128   |   135   |
|          |                   grp_fu_1560                  |    3    |   128   |   135   |
|          |                   grp_fu_1564                  |    3    |   128   |   135   |
|----------|------------------------------------------------|---------|---------|---------|
|          |                icmp_ln77_fu_1581               |    0    |    0    |    9    |
|   icmp   |                icmp_ln86_fu_1620               |    0    |    0    |    11   |
|          |               icmp_ln86_1_fu_1626              |    0    |    0    |    16   |
|----------|------------------------------------------------|---------|---------|---------|
|  select  |               select_ln86_fu_1644              |    0    |    0    |    32   |
|----------|------------------------------------------------|---------|---------|---------|
|    add   |                add_ln77_fu_1587                |    0    |    0    |    12   |
|----------|------------------------------------------------|---------|---------|---------|
|    or    |                 or_ln86_fu_1632                |    0    |    0    |    2    |
|----------|------------------------------------------------|---------|---------|---------|
|    and   |                and_ln86_fu_1638                |    0    |    0    |    2    |
|----------|------------------------------------------------|---------|---------|---------|
|          | input_features_casted_load_47_read_read_fu_240 |    0    |    0    |    0    |
|          | input_features_casted_load_46_read_read_fu_246 |    0    |    0    |    0    |
|          | input_features_casted_load_45_read_read_fu_252 |    0    |    0    |    0    |
|          | input_features_casted_load_44_read_read_fu_258 |    0    |    0    |    0    |
|          | input_features_casted_load_43_read_read_fu_264 |    0    |    0    |    0    |
|          | input_features_casted_load_42_read_read_fu_270 |    0    |    0    |    0    |
|          | input_features_casted_load_41_read_read_fu_276 |    0    |    0    |    0    |
|          | input_features_casted_load_40_read_read_fu_282 |    0    |    0    |    0    |
|          | input_features_casted_load_39_read_read_fu_288 |    0    |    0    |    0    |
|          | input_features_casted_load_38_read_read_fu_294 |    0    |    0    |    0    |
|          | input_features_casted_load_37_read_read_fu_300 |    0    |    0    |    0    |
|          | input_features_casted_load_36_read_read_fu_306 |    0    |    0    |    0    |
|          | input_features_casted_load_35_read_read_fu_312 |    0    |    0    |    0    |
|          | input_features_casted_load_34_read_read_fu_318 |    0    |    0    |    0    |
|          | input_features_casted_load_33_read_read_fu_324 |    0    |    0    |    0    |
|          | input_features_casted_load_32_read_read_fu_330 |    0    |    0    |    0    |
|          | input_features_casted_load_31_read_read_fu_336 |    0    |    0    |    0    |
|          | input_features_casted_load_30_read_read_fu_342 |    0    |    0    |    0    |
|          | input_features_casted_load_29_read_read_fu_348 |    0    |    0    |    0    |
|          | input_features_casted_load_28_read_read_fu_354 |    0    |    0    |    0    |
|          | input_features_casted_load_27_read_read_fu_360 |    0    |    0    |    0    |
|          | input_features_casted_load_26_read_read_fu_366 |    0    |    0    |    0    |
|          | input_features_casted_load_25_read_read_fu_372 |    0    |    0    |    0    |
|   read   | input_features_casted_load_24_read_read_fu_378 |    0    |    0    |    0    |
|          | input_features_casted_load_23_read_read_fu_384 |    0    |    0    |    0    |
|          | input_features_casted_load_22_read_read_fu_390 |    0    |    0    |    0    |
|          | input_features_casted_load_21_read_read_fu_396 |    0    |    0    |    0    |
|          | input_features_casted_load_20_read_read_fu_402 |    0    |    0    |    0    |
|          | input_features_casted_load_19_read_read_fu_408 |    0    |    0    |    0    |
|          | input_features_casted_load_18_read_read_fu_414 |    0    |    0    |    0    |
|          | input_features_casted_load_17_read_read_fu_420 |    0    |    0    |    0    |
|          | input_features_casted_load_16_read_read_fu_426 |    0    |    0    |    0    |
|          | input_features_casted_load_15_read_read_fu_432 |    0    |    0    |    0    |
|          | input_features_casted_load_14_read_read_fu_438 |    0    |    0    |    0    |
|          | input_features_casted_load_13_read_read_fu_444 |    0    |    0    |    0    |
|          | input_features_casted_load_12_read_read_fu_450 |    0    |    0    |    0    |
|          | input_features_casted_load_11_read_read_fu_456 |    0    |    0    |    0    |
|          | input_features_casted_load_10_read_read_fu_462 |    0    |    0    |    0    |
|          |  input_features_casted_load_9_read_read_fu_468 |    0    |    0    |    0    |
|          |  input_features_casted_load_8_read_read_fu_474 |    0    |    0    |    0    |
|          |  input_features_casted_load_7_read_read_fu_480 |    0    |    0    |    0    |
|          |  input_features_casted_load_6_read_read_fu_486 |    0    |    0    |    0    |
|          |  input_features_casted_load_5_read_read_fu_492 |    0    |    0    |    0    |
|          |  input_features_casted_load_4_read_read_fu_498 |    0    |    0    |    0    |
|          |  input_features_casted_load_3_read_read_fu_504 |    0    |    0    |    0    |
|          |  input_features_casted_load_2_read_read_fu_510 |    0    |    0    |    0    |
|          |  input_features_casted_load_1_read_read_fu_516 |    0    |    0    |    0    |
|          |   input_features_casted_load_read_read_fu_522  |    0    |    0    |    0    |
|----------|------------------------------------------------|---------|---------|---------|
|   fcmp   |                   grp_fu_1568                  |    0    |    0    |    0    |
|----------|------------------------------------------------|---------|---------|---------|
|   zext   |                i_1_cast_fu_1593                |    0    |    0    |    0    |
|----------|------------------------------------------------|---------|---------|---------|
|partselect|                   tmp_fu_1606                  |    0    |    0    |    0    |
|----------|------------------------------------------------|---------|---------|---------|
|   trunc  |               trunc_ln86_fu_1616               |    0    |    0    |    0    |
|----------|------------------------------------------------|---------|---------|---------|
|   Total  |                                                |   242   |  17267  |  17050  |
|----------|------------------------------------------------|---------|---------|---------|

Memories:
N/A

* Register list:
+-------------------------------------------+--------+
|                                           |   FF   |
+-------------------------------------------+--------+
|              add1_10_reg_2201             |   32   |
|              add1_11_reg_2221             |   32   |
|              add1_12_reg_2241             |   32   |
|              add1_13_reg_2261             |   32   |
|              add1_14_reg_2281             |   32   |
|              add1_15_reg_2301             |   32   |
|              add1_16_reg_2321             |   32   |
|              add1_17_reg_2341             |   32   |
|              add1_18_reg_2361             |   32   |
|              add1_19_reg_2381             |   32   |
|              add1_1_reg_2001              |   32   |
|              add1_20_reg_2401             |   32   |
|              add1_21_reg_2421             |   32   |
|              add1_22_reg_2441             |   32   |
|              add1_23_reg_2461             |   32   |
|              add1_24_reg_2481             |   32   |
|              add1_25_reg_2501             |   32   |
|              add1_26_reg_2521             |   32   |
|              add1_27_reg_2541             |   32   |
|              add1_28_reg_2561             |   32   |
|              add1_29_reg_2581             |   32   |
|              add1_2_reg_2021              |   32   |
|              add1_30_reg_2601             |   32   |
|              add1_31_reg_2621             |   32   |
|              add1_32_reg_2641             |   32   |
|              add1_33_reg_2661             |   32   |
|              add1_34_reg_2681             |   32   |
|              add1_35_reg_2701             |   32   |
|              add1_36_reg_2721             |   32   |
|              add1_37_reg_2741             |   32   |
|              add1_38_reg_2761             |   32   |
|              add1_39_reg_2781             |   32   |
|              add1_3_reg_2041              |   32   |
|              add1_40_reg_2801             |   32   |
|              add1_41_reg_2821             |   32   |
|              add1_42_reg_2841             |   32   |
|              add1_43_reg_2861             |   32   |
|              add1_44_reg_2881             |   32   |
|              add1_45_reg_2901             |   32   |
|              add1_46_reg_2911             |   32   |
|              add1_4_reg_2061              |   32   |
|              add1_5_reg_2081              |   32   |
|              add1_6_reg_2101              |   32   |
|              add1_7_reg_2121              |   32   |
|              add1_8_reg_2141              |   32   |
|              add1_9_reg_2161              |   32   |
|               add1_reg_1981               |   32   |
|              add1_s_reg_2181              |   32   |
|                add_reg_2926               |   32   |
|        hidden_bias_1_addr_reg_2916        |    5   |
|        hidden_bias_1_load_reg_2921        |   32   |
|             i_1_cast_reg_1903             |   64   |
|                i_1_reg_1652               |    5   |
|             icmp_ln77_reg_1899            |    1   |
|input_features_casted_load_10_read_reg_1844|   32   |
|input_features_casted_load_11_read_reg_1839|   32   |
|input_features_casted_load_12_read_reg_1834|   32   |
|input_features_casted_load_13_read_reg_1829|   32   |
|input_features_casted_load_14_read_reg_1824|   32   |
|input_features_casted_load_15_read_reg_1819|   32   |
|input_features_casted_load_16_read_reg_1814|   32   |
|input_features_casted_load_17_read_reg_1809|   32   |
|input_features_casted_load_18_read_reg_1804|   32   |
|input_features_casted_load_19_read_reg_1799|   32   |
| input_features_casted_load_1_read_reg_1889|   32   |
|input_features_casted_load_20_read_reg_1794|   32   |
|input_features_casted_load_21_read_reg_1789|   32   |
|input_features_casted_load_22_read_reg_1784|   32   |
|input_features_casted_load_23_read_reg_1779|   32   |
|input_features_casted_load_24_read_reg_1774|   32   |
|input_features_casted_load_25_read_reg_1769|   32   |
|input_features_casted_load_26_read_reg_1764|   32   |
|input_features_casted_load_27_read_reg_1759|   32   |
|input_features_casted_load_28_read_reg_1754|   32   |
|input_features_casted_load_29_read_reg_1749|   32   |
| input_features_casted_load_2_read_reg_1884|   32   |
|input_features_casted_load_30_read_reg_1744|   32   |
|input_features_casted_load_31_read_reg_1739|   32   |
|input_features_casted_load_32_read_reg_1734|   32   |
|input_features_casted_load_33_read_reg_1729|   32   |
|input_features_casted_load_34_read_reg_1724|   32   |
|input_features_casted_load_35_read_reg_1719|   32   |
|input_features_casted_load_36_read_reg_1714|   32   |
|input_features_casted_load_37_read_reg_1709|   32   |
|input_features_casted_load_38_read_reg_1704|   32   |
|input_features_casted_load_39_read_reg_1699|   32   |
| input_features_casted_load_3_read_reg_1879|   32   |
|input_features_casted_load_40_read_reg_1694|   32   |
|input_features_casted_load_41_read_reg_1689|   32   |
|input_features_casted_load_42_read_reg_1684|   32   |
|input_features_casted_load_43_read_reg_1679|   32   |
|input_features_casted_load_44_read_reg_1674|   32   |
|input_features_casted_load_45_read_reg_1669|   32   |
|input_features_casted_load_46_read_reg_1664|   32   |
|input_features_casted_load_47_read_reg_1659|   32   |
| input_features_casted_load_4_read_reg_1874|   32   |
| input_features_casted_load_5_read_reg_1869|   32   |
| input_features_casted_load_6_read_reg_1864|   32   |
| input_features_casted_load_7_read_reg_1859|   32   |
| input_features_casted_load_8_read_reg_1854|   32   |
| input_features_casted_load_9_read_reg_1849|   32   |
|  input_features_casted_load_read_reg_1894 |   32   |
|              mul_10_reg_2186              |   32   |
|              mul_11_reg_2206              |   32   |
|              mul_12_reg_2226              |   32   |
|              mul_13_reg_2246              |   32   |
|              mul_14_reg_2266              |   32   |
|              mul_15_reg_2286              |   32   |
|              mul_16_reg_2306              |   32   |
|              mul_17_reg_2326              |   32   |
|              mul_18_reg_2346              |   32   |
|              mul_19_reg_2366              |   32   |
|               mul_1_reg_1986              |   32   |
|              mul_20_reg_2386              |   32   |
|              mul_21_reg_2406              |   32   |
|              mul_22_reg_2426              |   32   |
|              mul_23_reg_2446              |   32   |
|              mul_24_reg_2466              |   32   |
|              mul_25_reg_2486              |   32   |
|              mul_26_reg_2506              |   32   |
|              mul_27_reg_2526              |   32   |
|              mul_28_reg_2546              |   32   |
|              mul_29_reg_2566              |   32   |
|               mul_2_reg_2006              |   32   |
|              mul_30_reg_2586              |   32   |
|              mul_31_reg_2606              |   32   |
|              mul_32_reg_2626              |   32   |
|              mul_33_reg_2646              |   32   |
|              mul_34_reg_2666              |   32   |
|              mul_35_reg_2686              |   32   |
|              mul_36_reg_2706              |   32   |
|              mul_37_reg_2726              |   32   |
|              mul_38_reg_2746              |   32   |
|              mul_39_reg_2766              |   32   |
|               mul_3_reg_2026              |   32   |
|              mul_40_reg_2786              |   32   |
|              mul_41_reg_2806              |   32   |
|              mul_42_reg_2826              |   32   |
|              mul_43_reg_2846              |   32   |
|              mul_44_reg_2866              |   32   |
|              mul_45_reg_2886              |   32   |
|              mul_46_reg_2906              |   32   |
|               mul_4_reg_2046              |   32   |
|               mul_5_reg_2066              |   32   |
|               mul_6_reg_2086              |   32   |
|               mul_7_reg_2106              |   32   |
|               mul_8_reg_2126              |   32   |
|               mul_9_reg_2146              |   32   |
|                mul_reg_1966               |   32   |
|               mul_s_reg_2166              |   32   |
|         weights_1_0_addr_reg_1956         |    5   |
|         weights_1_0_load_reg_1961         |   32   |
|         weights_1_10_addr_reg_2151        |    5   |
|         weights_1_10_load_reg_2156        |   32   |
|         weights_1_11_addr_reg_2171        |    5   |
|         weights_1_11_load_reg_2176        |   32   |
|         weights_1_12_addr_reg_2191        |    5   |
|         weights_1_12_load_reg_2196        |   32   |
|         weights_1_13_addr_reg_2211        |    5   |
|         weights_1_13_load_reg_2216        |   32   |
|         weights_1_14_addr_reg_2231        |    5   |
|         weights_1_14_load_reg_2236        |   32   |
|         weights_1_15_addr_reg_2251        |    5   |
|         weights_1_15_load_reg_2256        |   32   |
|         weights_1_16_addr_reg_2271        |    5   |
|         weights_1_16_load_reg_2276        |   32   |
|         weights_1_17_addr_reg_2291        |    5   |
|         weights_1_17_load_reg_2296        |   32   |
|         weights_1_18_addr_reg_2311        |    5   |
|         weights_1_18_load_reg_2316        |   32   |
|         weights_1_19_addr_reg_2331        |    5   |
|         weights_1_19_load_reg_2336        |   32   |
|         weights_1_1_addr_reg_1971         |    5   |
|         weights_1_1_load_reg_1976         |   32   |
|         weights_1_20_addr_reg_2351        |    5   |
|         weights_1_20_load_reg_2356        |   32   |
|         weights_1_21_addr_reg_2371        |    5   |
|         weights_1_21_load_reg_2376        |   32   |
|         weights_1_22_addr_reg_2391        |    5   |
|         weights_1_22_load_reg_2396        |   32   |
|         weights_1_23_addr_reg_2411        |    5   |
|         weights_1_23_load_reg_2416        |   32   |
|         weights_1_24_addr_reg_2431        |    5   |
|         weights_1_24_load_reg_2436        |   32   |
|         weights_1_25_addr_reg_2451        |    5   |
|         weights_1_25_load_reg_2456        |   32   |
|         weights_1_26_addr_reg_2471        |    5   |
|         weights_1_26_load_reg_2476        |   32   |
|         weights_1_27_addr_reg_2491        |    5   |
|         weights_1_27_load_reg_2496        |   32   |
|         weights_1_28_addr_reg_2511        |    5   |
|         weights_1_28_load_reg_2516        |   32   |
|         weights_1_29_addr_reg_2531        |    5   |
|         weights_1_29_load_reg_2536        |   32   |
|         weights_1_2_addr_reg_1991         |    5   |
|         weights_1_2_load_reg_1996         |   32   |
|         weights_1_30_addr_reg_2551        |    5   |
|         weights_1_30_load_reg_2556        |   32   |
|         weights_1_31_addr_reg_2571        |    5   |
|         weights_1_31_load_reg_2576        |   32   |
|         weights_1_32_addr_reg_2591        |    5   |
|         weights_1_32_load_reg_2596        |   32   |
|         weights_1_33_addr_reg_2611        |    5   |
|         weights_1_33_load_reg_2616        |   32   |
|         weights_1_34_addr_reg_2631        |    5   |
|         weights_1_34_load_reg_2636        |   32   |
|         weights_1_35_addr_reg_2651        |    5   |
|         weights_1_35_load_reg_2656        |   32   |
|         weights_1_36_addr_reg_2671        |    5   |
|         weights_1_36_load_reg_2676        |   32   |
|         weights_1_37_addr_reg_2691        |    5   |
|         weights_1_37_load_reg_2696        |   32   |
|         weights_1_38_addr_reg_2711        |    5   |
|         weights_1_38_load_reg_2716        |   32   |
|         weights_1_39_addr_reg_2731        |    5   |
|         weights_1_39_load_reg_2736        |   32   |
|         weights_1_3_addr_reg_2011         |    5   |
|         weights_1_3_load_reg_2016         |   32   |
|         weights_1_40_addr_reg_2751        |    5   |
|         weights_1_40_load_reg_2756        |   32   |
|         weights_1_41_addr_reg_2771        |    5   |
|         weights_1_41_load_reg_2776        |   32   |
|         weights_1_42_addr_reg_2791        |    5   |
|         weights_1_42_load_reg_2796        |   32   |
|         weights_1_43_addr_reg_2811        |    5   |
|         weights_1_43_load_reg_2816        |   32   |
|         weights_1_44_addr_reg_2831        |    5   |
|         weights_1_44_load_reg_2836        |   32   |
|         weights_1_45_addr_reg_2851        |    5   |
|         weights_1_45_load_reg_2856        |   32   |
|         weights_1_46_addr_reg_2871        |    5   |
|         weights_1_46_load_reg_2876        |   32   |
|         weights_1_47_addr_reg_2891        |    5   |
|         weights_1_47_load_reg_2896        |   32   |
|         weights_1_4_addr_reg_2031         |    5   |
|         weights_1_4_load_reg_2036         |   32   |
|         weights_1_5_addr_reg_2051         |    5   |
|         weights_1_5_load_reg_2056         |   32   |
|         weights_1_6_addr_reg_2071         |    5   |
|         weights_1_6_load_reg_2076         |   32   |
|         weights_1_7_addr_reg_2091         |    5   |
|         weights_1_7_load_reg_2096         |   32   |
|         weights_1_8_addr_reg_2111         |    5   |
|         weights_1_8_load_reg_2116         |   32   |
|         weights_1_9_addr_reg_2131         |    5   |
|         weights_1_9_load_reg_2136         |   32   |
+-------------------------------------------+--------+
|                   Total                   |  6523  |
+-------------------------------------------+--------+

* Multiplexer (MUX) list: 
|--------------------|------|------|------|--------||---------||---------|
|        Comp        |  Pin | Size |  BW  | S x BW ||  Delay  ||   LUT   |
|--------------------|------|------|------|--------||---------||---------|
|  grp_access_fu_535 |  p0  |   2  |   5  |   10   ||    9    |
|  grp_access_fu_548 |  p0  |   2  |   5  |   10   ||    9    |
|  grp_access_fu_561 |  p0  |   2  |   5  |   10   ||    9    |
|  grp_access_fu_574 |  p0  |   2  |   5  |   10   ||    9    |
|  grp_access_fu_587 |  p0  |   2  |   5  |   10   ||    9    |
|  grp_access_fu_600 |  p0  |   2  |   5  |   10   ||    9    |
|  grp_access_fu_613 |  p0  |   2  |   5  |   10   ||    9    |
|  grp_access_fu_626 |  p0  |   2  |   5  |   10   ||    9    |
|  grp_access_fu_639 |  p0  |   2  |   5  |   10   ||    9    |
|  grp_access_fu_652 |  p0  |   2  |   5  |   10   ||    9    |
|  grp_access_fu_665 |  p0  |   2  |   5  |   10   ||    9    |
|  grp_access_fu_678 |  p0  |   2  |   5  |   10   ||    9    |
|  grp_access_fu_691 |  p0  |   2  |   5  |   10   ||    9    |
|  grp_access_fu_704 |  p0  |   2  |   5  |   10   ||    9    |
|  grp_access_fu_717 |  p0  |   2  |   5  |   10   ||    9    |
|  grp_access_fu_730 |  p0  |   2  |   5  |   10   ||    9    |
|  grp_access_fu_743 |  p0  |   2  |   5  |   10   ||    9    |
|  grp_access_fu_756 |  p0  |   2  |   5  |   10   ||    9    |
|  grp_access_fu_769 |  p0  |   2  |   5  |   10   ||    9    |
|  grp_access_fu_782 |  p0  |   2  |   5  |   10   ||    9    |
|  grp_access_fu_795 |  p0  |   2  |   5  |   10   ||    9    |
|  grp_access_fu_808 |  p0  |   2  |   5  |   10   ||    9    |
|  grp_access_fu_821 |  p0  |   2  |   5  |   10   ||    9    |
|  grp_access_fu_834 |  p0  |   2  |   5  |   10   ||    9    |
|  grp_access_fu_847 |  p0  |   2  |   5  |   10   ||    9    |
|  grp_access_fu_860 |  p0  |   2  |   5  |   10   ||    9    |
|  grp_access_fu_873 |  p0  |   2  |   5  |   10   ||    9    |
|  grp_access_fu_886 |  p0  |   2  |   5  |   10   ||    9    |
|  grp_access_fu_899 |  p0  |   2  |   5  |   10   ||    9    |
|  grp_access_fu_912 |  p0  |   2  |   5  |   10   ||    9    |
|  grp_access_fu_925 |  p0  |   2  |   5  |   10   ||    9    |
|  grp_access_fu_938 |  p0  |   2  |   5  |   10   ||    9    |
|  grp_access_fu_951 |  p0  |   2  |   5  |   10   ||    9    |
|  grp_access_fu_964 |  p0  |   2  |   5  |   10   ||    9    |
|  grp_access_fu_977 |  p0  |   2  |   5  |   10   ||    9    |
|  grp_access_fu_990 |  p0  |   2  |   5  |   10   ||    9    |
| grp_access_fu_1003 |  p0  |   2  |   5  |   10   ||    9    |
| grp_access_fu_1016 |  p0  |   2  |   5  |   10   ||    9    |
| grp_access_fu_1029 |  p0  |   2  |   5  |   10   ||    9    |
| grp_access_fu_1042 |  p0  |   2  |   5  |   10   ||    9    |
| grp_access_fu_1055 |  p0  |   2  |   5  |   10   ||    9    |
| grp_access_fu_1068 |  p0  |   2  |   5  |   10   ||    9    |
| grp_access_fu_1081 |  p0  |   2  |   5  |   10   ||    9    |
| grp_access_fu_1094 |  p0  |   2  |   5  |   10   ||    9    |
| grp_access_fu_1107 |  p0  |   2  |   5  |   10   ||    9    |
| grp_access_fu_1120 |  p0  |   2  |   5  |   10   ||    9    |
| grp_access_fu_1133 |  p0  |   2  |   5  |   10   ||    9    |
| grp_access_fu_1146 |  p0  |   2  |   5  |   10   ||    9    |
| grp_access_fu_1159 |  p0  |   2  |   5  |   10   ||    9    |
|     grp_fu_1371    |  p1  |   2  |  32  |   64   ||    9    |
|--------------------|------|------|------|--------||---------||---------|
|        Total       |      |      |      |   554  ||  21.35  ||   450   |
|--------------------|------|------|------|--------||---------||---------|



* Summary:
+-----------+--------+--------+--------+--------+
|           |   DSP  |  Delay |   FF   |   LUT  |
+-----------+--------+--------+--------+--------+
|  Function |   242  |    -   |  17267 |  17050 |
|   Memory  |    -   |    -   |    -   |    -   |
|Multiplexer|    -   |   21   |    -   |   450  |
|  Register |    -   |    -   |  6523  |    -   |
+-----------+--------+--------+--------+--------+
|   Total   |   242  |   21   |  23790 |  17500 |
+-----------+--------+--------+--------+--------+
