

================================================================
== Vitis HLS Report for 'MLP_Pipeline_VITIS_LOOP_94_5'
================================================================
* Date:           Wed Feb 14 00:25:19 2024

* Version:        2022.1 (Build 3526262 on Mon Apr 18 15:48:16 MDT 2022)
* Project:        testHLS2
* Solution:       solution1 (Vivado IP Flow Target)
* Product family: zynquplus
* Target device:  xczu3eg-sbva484-2-i


================================================================
== Performance Estimates
================================================================
+ Timing: 
    * Summary: 
    +--------+----------+----------+------------+
    |  Clock |  Target  | Estimated| Uncertainty|
    +--------+----------+----------+------------+
    |ap_clk  |  10.00 ns|  7.114 ns|     2.70 ns|
    +--------+----------+----------+------------+

+ Latency: 
    * Summary: 
    +---------+---------+----------+----------+-----+-----+---------+
    |  Latency (cycles) |  Latency (absolute) |  Interval | Pipeline|
    |   min   |   max   |    min   |    max   | min | max |   Type  |
    +---------+---------+----------+----------+-----+-----+---------+
    |      119|      119|  1.190 us|  1.190 us|  119|  119|       no|
    +---------+---------+----------+----------+-----+-----+---------+

    + Detail: 
        * Instance: 
        N/A

        * Loop: 
        +-------------------+---------+---------+----------+-----------+-----------+------+----------+
        |                   |  Latency (cycles) | Iteration|  Initiation Interval  | Trip |          |
        |     Loop Name     |   min   |   max   |  Latency |  achieved |   target  | Count| Pipelined|
        +-------------------+---------+---------+----------+-----------+-----------+------+----------+
        |- VITIS_LOOP_94_5  |      117|      117|       107|          1|          1|    12|       yes|
        +-------------------+---------+---------+----------+-----------+-----------+------+----------+

============================================================
+ Verbose Summary: Synthesis Manager
============================================================
InlineROM: 1
ExposeGlobal: 0
============================================================
+ Verbose Summary: CDFG Model
============================================================
IsTopModel: 0
ResetActiveHigh: 1
IsCombinational: 0
IsDatapathOnly: 0
HasWiredReturn: 1
HasMFsm: 2
HasVarLatency: 1
IsPipeline: 0
IsRtlPipelined: 0
IsInstanceOverlapped: 0
IsDontTouch: 0
HasImplIP: 0
IsGatedGlobalClock: 0

+ Individual pipeline summary: 
  * Pipeline-0: initiation interval (II) = 1, depth = 107


============================================================
+ Verbose Summary: Schedule
============================================================
* Number of FSM states : 107
* Pipeline : 1
  Pipeline-0 : II = 1, D = 107, States = { 1 2 3 4 5 6 7 8 9 10 11 12 13 14 15 16 17 18 19 20 21 22 23 24 25 26 27 28 29 30 31 32 33 34 35 36 37 38 39 40 41 42 43 44 45 46 47 48 49 50 51 52 53 54 55 56 57 58 59 60 61 62 63 64 65 66 67 68 69 70 71 72 73 74 75 76 77 78 79 80 81 82 83 84 85 86 87 88 89 90 91 92 93 94 95 96 97 98 99 100 101 102 103 104 105 106 107 }
* Dataflow Pipeline: 0

* FSM state transitions: 
1 --> 2 
2 --> 3 
3 --> 4 
4 --> 5 
5 --> 6 
6 --> 7 
7 --> 8 
8 --> 9 
9 --> 10 
10 --> 11 
11 --> 12 
12 --> 13 
13 --> 14 
14 --> 15 
15 --> 16 
16 --> 17 
17 --> 18 
18 --> 19 
19 --> 20 
20 --> 21 
21 --> 22 
22 --> 23 
23 --> 24 
24 --> 25 
25 --> 26 
26 --> 27 
27 --> 28 
28 --> 29 
29 --> 30 
30 --> 31 
31 --> 32 
32 --> 33 
33 --> 34 
34 --> 35 
35 --> 36 
36 --> 37 
37 --> 38 
38 --> 39 
39 --> 40 
40 --> 41 
41 --> 42 
42 --> 43 
43 --> 44 
44 --> 45 
45 --> 46 
46 --> 47 
47 --> 48 
48 --> 49 
49 --> 50 
50 --> 51 
51 --> 52 
52 --> 53 
53 --> 54 
54 --> 55 
55 --> 56 
56 --> 57 
57 --> 58 
58 --> 59 
59 --> 60 
60 --> 61 
61 --> 62 
62 --> 63 
63 --> 64 
64 --> 65 
65 --> 66 
66 --> 67 
67 --> 68 
68 --> 69 
69 --> 70 
70 --> 71 
71 --> 72 
72 --> 73 
73 --> 74 
74 --> 75 
75 --> 76 
76 --> 77 
77 --> 78 
78 --> 79 
79 --> 80 
80 --> 81 
81 --> 82 
82 --> 83 
83 --> 84 
84 --> 85 
85 --> 86 
86 --> 87 
87 --> 88 
88 --> 89 
89 --> 90 
90 --> 91 
91 --> 92 
92 --> 93 
93 --> 94 
94 --> 95 
95 --> 96 
96 --> 97 
97 --> 98 
98 --> 99 
99 --> 100 
100 --> 101 
101 --> 102 
102 --> 103 
103 --> 104 
104 --> 105 
105 --> 106 
106 --> 107 
107 --> 

* FSM state operations: 

State 1 <SV = 0> <Delay = 1.22>
ST_1 : Operation 110 [1/1] (0.00ns)   --->   "%i = alloca i32 1"   --->   Operation 110 'alloca' 'i' <Predicate = true> <Delay = 0.00>
ST_1 : Operation 111 [1/1] (0.00ns)   --->   "%hidden_layer_1_load_23_read = read i32 @_ssdm_op_Read.ap_auto.float, i32 %hidden_layer_1_load_23"   --->   Operation 111 'read' 'hidden_layer_1_load_23_read' <Predicate = true> <Delay = 0.00>
ST_1 : Operation 112 [1/1] (0.00ns)   --->   "%hidden_layer_1_load_22_read = read i32 @_ssdm_op_Read.ap_auto.float, i32 %hidden_layer_1_load_22"   --->   Operation 112 'read' 'hidden_layer_1_load_22_read' <Predicate = true> <Delay = 0.00>
ST_1 : Operation 113 [1/1] (0.00ns)   --->   "%hidden_layer_1_load_21_read = read i32 @_ssdm_op_Read.ap_auto.float, i32 %hidden_layer_1_load_21"   --->   Operation 113 'read' 'hidden_layer_1_load_21_read' <Predicate = true> <Delay = 0.00>
ST_1 : Operation 114 [1/1] (0.00ns)   --->   "%hidden_layer_1_load_20_read = read i32 @_ssdm_op_Read.ap_auto.float, i32 %hidden_layer_1_load_20"   --->   Operation 114 'read' 'hidden_layer_1_load_20_read' <Predicate = true> <Delay = 0.00>
ST_1 : Operation 115 [1/1] (0.00ns)   --->   "%hidden_layer_1_load_19_read = read i32 @_ssdm_op_Read.ap_auto.float, i32 %hidden_layer_1_load_19"   --->   Operation 115 'read' 'hidden_layer_1_load_19_read' <Predicate = true> <Delay = 0.00>
ST_1 : Operation 116 [1/1] (0.00ns)   --->   "%hidden_layer_1_load_18_read = read i32 @_ssdm_op_Read.ap_auto.float, i32 %hidden_layer_1_load_18"   --->   Operation 116 'read' 'hidden_layer_1_load_18_read' <Predicate = true> <Delay = 0.00>
ST_1 : Operation 117 [1/1] (0.00ns)   --->   "%hidden_layer_1_load_17_read = read i32 @_ssdm_op_Read.ap_auto.float, i32 %hidden_layer_1_load_17"   --->   Operation 117 'read' 'hidden_layer_1_load_17_read' <Predicate = true> <Delay = 0.00>
ST_1 : Operation 118 [1/1] (0.00ns)   --->   "%hidden_layer_1_load_16_read = read i32 @_ssdm_op_Read.ap_auto.float, i32 %hidden_layer_1_load_16"   --->   Operation 118 'read' 'hidden_layer_1_load_16_read' <Predicate = true> <Delay = 0.00>
ST_1 : Operation 119 [1/1] (0.00ns)   --->   "%hidden_layer_1_load_15_read = read i32 @_ssdm_op_Read.ap_auto.float, i32 %hidden_layer_1_load_15"   --->   Operation 119 'read' 'hidden_layer_1_load_15_read' <Predicate = true> <Delay = 0.00>
ST_1 : Operation 120 [1/1] (0.00ns)   --->   "%hidden_layer_1_load_14_read = read i32 @_ssdm_op_Read.ap_auto.float, i32 %hidden_layer_1_load_14"   --->   Operation 120 'read' 'hidden_layer_1_load_14_read' <Predicate = true> <Delay = 0.00>
ST_1 : Operation 121 [1/1] (0.00ns)   --->   "%hidden_layer_1_load_13_read = read i32 @_ssdm_op_Read.ap_auto.float, i32 %hidden_layer_1_load_13"   --->   Operation 121 'read' 'hidden_layer_1_load_13_read' <Predicate = true> <Delay = 0.00>
ST_1 : Operation 122 [1/1] (0.00ns)   --->   "%hidden_layer_1_load_12_read = read i32 @_ssdm_op_Read.ap_auto.float, i32 %hidden_layer_1_load_12"   --->   Operation 122 'read' 'hidden_layer_1_load_12_read' <Predicate = true> <Delay = 0.00>
ST_1 : Operation 123 [1/1] (0.00ns)   --->   "%hidden_layer_1_load_11_read = read i32 @_ssdm_op_Read.ap_auto.float, i32 %hidden_layer_1_load_11"   --->   Operation 123 'read' 'hidden_layer_1_load_11_read' <Predicate = true> <Delay = 0.00>
ST_1 : Operation 124 [1/1] (0.00ns)   --->   "%hidden_layer_1_load_10_read = read i32 @_ssdm_op_Read.ap_auto.float, i32 %hidden_layer_1_load_10"   --->   Operation 124 'read' 'hidden_layer_1_load_10_read' <Predicate = true> <Delay = 0.00>
ST_1 : Operation 125 [1/1] (0.00ns)   --->   "%hidden_layer_1_load_9_read = read i32 @_ssdm_op_Read.ap_auto.float, i32 %hidden_layer_1_load_9"   --->   Operation 125 'read' 'hidden_layer_1_load_9_read' <Predicate = true> <Delay = 0.00>
ST_1 : Operation 126 [1/1] (0.00ns)   --->   "%hidden_layer_1_load_8_read = read i32 @_ssdm_op_Read.ap_auto.float, i32 %hidden_layer_1_load_8"   --->   Operation 126 'read' 'hidden_layer_1_load_8_read' <Predicate = true> <Delay = 0.00>
ST_1 : Operation 127 [1/1] (0.00ns)   --->   "%hidden_layer_1_load_7_read = read i32 @_ssdm_op_Read.ap_auto.float, i32 %hidden_layer_1_load_7"   --->   Operation 127 'read' 'hidden_layer_1_load_7_read' <Predicate = true> <Delay = 0.00>
ST_1 : Operation 128 [1/1] (0.00ns)   --->   "%hidden_layer_1_load_6_read = read i32 @_ssdm_op_Read.ap_auto.float, i32 %hidden_layer_1_load_6"   --->   Operation 128 'read' 'hidden_layer_1_load_6_read' <Predicate = true> <Delay = 0.00>
ST_1 : Operation 129 [1/1] (0.00ns)   --->   "%hidden_layer_1_load_5_read = read i32 @_ssdm_op_Read.ap_auto.float, i32 %hidden_layer_1_load_5"   --->   Operation 129 'read' 'hidden_layer_1_load_5_read' <Predicate = true> <Delay = 0.00>
ST_1 : Operation 130 [1/1] (0.00ns)   --->   "%hidden_layer_1_load_4_read = read i32 @_ssdm_op_Read.ap_auto.float, i32 %hidden_layer_1_load_4"   --->   Operation 130 'read' 'hidden_layer_1_load_4_read' <Predicate = true> <Delay = 0.00>
ST_1 : Operation 131 [1/1] (0.00ns)   --->   "%hidden_layer_1_load_3_read = read i32 @_ssdm_op_Read.ap_auto.float, i32 %hidden_layer_1_load_3"   --->   Operation 131 'read' 'hidden_layer_1_load_3_read' <Predicate = true> <Delay = 0.00>
ST_1 : Operation 132 [1/1] (0.00ns)   --->   "%hidden_layer_1_load_2_read = read i32 @_ssdm_op_Read.ap_auto.float, i32 %hidden_layer_1_load_2"   --->   Operation 132 'read' 'hidden_layer_1_load_2_read' <Predicate = true> <Delay = 0.00>
ST_1 : Operation 133 [1/1] (0.00ns)   --->   "%hidden_layer_1_load_1_read = read i32 @_ssdm_op_Read.ap_auto.float, i32 %hidden_layer_1_load_1"   --->   Operation 133 'read' 'hidden_layer_1_load_1_read' <Predicate = true> <Delay = 0.00>
ST_1 : Operation 134 [1/1] (0.00ns)   --->   "%hidden_layer_1_load_read = read i32 @_ssdm_op_Read.ap_auto.float, i32 %hidden_layer_1_load"   --->   Operation 134 'read' 'hidden_layer_1_load_read' <Predicate = true> <Delay = 0.00>
ST_1 : Operation 135 [1/1] (0.42ns)   --->   "%store_ln0 = store i4 0, i4 %i"   --->   Operation 135 'store' 'store_ln0' <Predicate = true> <Delay = 0.42>
ST_1 : Operation 136 [1/1] (0.00ns)   --->   "%br_ln0 = br void %VITIS_LOOP_96_6"   --->   Operation 136 'br' 'br_ln0' <Predicate = true> <Delay = 0.00>
ST_1 : Operation 137 [1/1] (0.00ns)   --->   "%i_1 = load i4 %i" [../../../../HWSWAI/HLS/SampleDatasetMLP.cpp:94]   --->   Operation 137 'load' 'i_1' <Predicate = true> <Delay = 0.00>
ST_1 : Operation 138 [1/1] (0.00ns)   --->   "%specpipeline_ln0 = specpipeline void @_ssdm_op_SpecPipeline, i32 4294967295, i32 0, i32 1, i32 0, void @p_str"   --->   Operation 138 'specpipeline' 'specpipeline_ln0' <Predicate = true> <Delay = 0.00>
ST_1 : Operation 139 [1/1] (0.72ns)   --->   "%icmp_ln94 = icmp_eq  i4 %i_1, i4 12" [../../../../HWSWAI/HLS/SampleDatasetMLP.cpp:94]   --->   Operation 139 'icmp' 'icmp_ln94' <Predicate = true> <Delay = 0.72> <CoreInst = "Cmp">   --->   Core 9 'Cmp' <Latency = 0> <II = 1> <Delay = 0.72> <FuncUnit> <Opcode : 'icmp'> <InPorts = 2> <OutPorts = 1>
ST_1 : Operation 140 [1/1] (0.00ns)   --->   "%empty = speclooptripcount i32 @_ssdm_op_SpecLoopTripCount, i64 12, i64 12, i64 12"   --->   Operation 140 'speclooptripcount' 'empty' <Predicate = true> <Delay = 0.00>
ST_1 : Operation 141 [1/1] (0.79ns)   --->   "%add_ln94 = add i4 %i_1, i4 1" [../../../../HWSWAI/HLS/SampleDatasetMLP.cpp:94]   --->   Operation 141 'add' 'add_ln94' <Predicate = true> <Delay = 0.79> <CoreInst = "Adder">   --->   Core 1 'Adder' <Latency = 0> <II = 1> <Delay = 0.79> <FuncUnit> <Opcode : 'add' 'sub'> <InPorts = 2> <OutPorts = 1>
ST_1 : Operation 142 [1/1] (0.00ns)   --->   "%br_ln94 = br i1 %icmp_ln94, void %VITIS_LOOP_96_6.split, void %VITIS_LOOP_113_8.preheader.exitStub" [../../../../HWSWAI/HLS/SampleDatasetMLP.cpp:94]   --->   Operation 142 'br' 'br_ln94' <Predicate = true> <Delay = 0.00>
ST_1 : Operation 143 [1/1] (0.00ns)   --->   "%i_2_cast = zext i4 %i_1" [../../../../HWSWAI/HLS/SampleDatasetMLP.cpp:94]   --->   Operation 143 'zext' 'i_2_cast' <Predicate = (!icmp_ln94)> <Delay = 0.00>
ST_1 : Operation 144 [1/1] (0.00ns)   --->   "%weights_2_0_addr = getelementptr i32 %weights_2_0, i64 0, i64 %i_2_cast" [../../../../HWSWAI/HLS/SampleDatasetMLP.cpp:97]   --->   Operation 144 'getelementptr' 'weights_2_0_addr' <Predicate = (!icmp_ln94)> <Delay = 0.00>
ST_1 : Operation 145 [2/2] (0.67ns)   --->   "%weights_2_0_load = load i4 %weights_2_0_addr" [../../../../HWSWAI/HLS/SampleDatasetMLP.cpp:97]   --->   Operation 145 'load' 'weights_2_0_load' <Predicate = (!icmp_ln94)> <Delay = 0.67> <CoreInst = "ROM">   --->   Core 101 'ROM' <Latency = 1> <II = 1> <Delay = 0.67> <Storage> <Opcode : 'load'> <Ports = 0> <Width = 32> <Depth = 12> <ROM>
ST_1 : Operation 146 [1/1] (0.42ns)   --->   "%store_ln94 = store i4 %add_ln94, i4 %i" [../../../../HWSWAI/HLS/SampleDatasetMLP.cpp:94]   --->   Operation 146 'store' 'store_ln94' <Predicate = (!icmp_ln94)> <Delay = 0.42>

State 2 <SV = 1> <Delay = 0.67>
ST_2 : Operation 147 [1/2] (0.67ns)   --->   "%weights_2_0_load = load i4 %weights_2_0_addr" [../../../../HWSWAI/HLS/SampleDatasetMLP.cpp:97]   --->   Operation 147 'load' 'weights_2_0_load' <Predicate = true> <Delay = 0.67> <CoreInst = "ROM">   --->   Core 101 'ROM' <Latency = 1> <II = 1> <Delay = 0.67> <Storage> <Opcode : 'load'> <Ports = 0> <Width = 32> <Depth = 12> <ROM>

State 3 <SV = 2> <Delay = 7.01>
ST_3 : Operation 148 [3/3] (7.01ns)   --->   "%mul1 = fmul i32 %hidden_layer_1_load_read, i32 %weights_2_0_load" [../../../../HWSWAI/HLS/SampleDatasetMLP.cpp:97]   --->   Operation 148 'fmul' 'mul1' <Predicate = true> <Delay = 7.01> <CoreInst = "FMul_maxdsp">   --->   Core 30 'FMul_maxdsp' <Latency = 2> <II = 1> <Delay = 7.01> <FuncUnit> <Opcode : 'fmul'> <InPorts = 2> <OutPorts = 1>

State 4 <SV = 3> <Delay = 7.01>
ST_4 : Operation 149 [2/3] (7.01ns)   --->   "%mul1 = fmul i32 %hidden_layer_1_load_read, i32 %weights_2_0_load" [../../../../HWSWAI/HLS/SampleDatasetMLP.cpp:97]   --->   Operation 149 'fmul' 'mul1' <Predicate = true> <Delay = 7.01> <CoreInst = "FMul_maxdsp">   --->   Core 30 'FMul_maxdsp' <Latency = 2> <II = 1> <Delay = 7.01> <FuncUnit> <Opcode : 'fmul'> <InPorts = 2> <OutPorts = 1>

State 5 <SV = 4> <Delay = 7.01>
ST_5 : Operation 150 [1/3] (7.01ns)   --->   "%mul1 = fmul i32 %hidden_layer_1_load_read, i32 %weights_2_0_load" [../../../../HWSWAI/HLS/SampleDatasetMLP.cpp:97]   --->   Operation 150 'fmul' 'mul1' <Predicate = true> <Delay = 7.01> <CoreInst = "FMul_maxdsp">   --->   Core 30 'FMul_maxdsp' <Latency = 2> <II = 1> <Delay = 7.01> <FuncUnit> <Opcode : 'fmul'> <InPorts = 2> <OutPorts = 1>
ST_5 : Operation 151 [1/1] (0.00ns)   --->   "%weights_2_1_addr = getelementptr i32 %weights_2_1, i64 0, i64 %i_2_cast" [../../../../HWSWAI/HLS/SampleDatasetMLP.cpp:97]   --->   Operation 151 'getelementptr' 'weights_2_1_addr' <Predicate = true> <Delay = 0.00>
ST_5 : Operation 152 [2/2] (0.67ns)   --->   "%weights_2_1_load = load i4 %weights_2_1_addr" [../../../../HWSWAI/HLS/SampleDatasetMLP.cpp:97]   --->   Operation 152 'load' 'weights_2_1_load' <Predicate = true> <Delay = 0.67> <CoreInst = "ROM">   --->   Core 101 'ROM' <Latency = 1> <II = 1> <Delay = 0.67> <Storage> <Opcode : 'load'> <Ports = 0> <Width = 32> <Depth = 12> <ROM>

State 6 <SV = 5> <Delay = 6.43>
ST_6 : Operation 153 [4/4] (6.43ns)   --->   "%add3 = fadd i32 %mul1, i32 0" [../../../../HWSWAI/HLS/SampleDatasetMLP.cpp:97]   --->   Operation 153 'fadd' 'add3' <Predicate = true> <Delay = 6.43> <CoreInst = "FAddSub_fulldsp">   --->   Core 18 'FAddSub_fulldsp' <Latency = 3> <II = 1> <Delay = 6.43> <FuncUnit> <Opcode : 'fadd' 'fsub'> <InPorts = 2> <OutPorts = 1>
ST_6 : Operation 154 [1/2] (0.67ns)   --->   "%weights_2_1_load = load i4 %weights_2_1_addr" [../../../../HWSWAI/HLS/SampleDatasetMLP.cpp:97]   --->   Operation 154 'load' 'weights_2_1_load' <Predicate = true> <Delay = 0.67> <CoreInst = "ROM">   --->   Core 101 'ROM' <Latency = 1> <II = 1> <Delay = 0.67> <Storage> <Opcode : 'load'> <Ports = 0> <Width = 32> <Depth = 12> <ROM>

State 7 <SV = 6> <Delay = 7.01>
ST_7 : Operation 155 [3/4] (6.43ns)   --->   "%add3 = fadd i32 %mul1, i32 0" [../../../../HWSWAI/HLS/SampleDatasetMLP.cpp:97]   --->   Operation 155 'fadd' 'add3' <Predicate = true> <Delay = 6.43> <CoreInst = "FAddSub_fulldsp">   --->   Core 18 'FAddSub_fulldsp' <Latency = 3> <II = 1> <Delay = 6.43> <FuncUnit> <Opcode : 'fadd' 'fsub'> <InPorts = 2> <OutPorts = 1>
ST_7 : Operation 156 [3/3] (7.01ns)   --->   "%mul1_1 = fmul i32 %hidden_layer_1_load_1_read, i32 %weights_2_1_load" [../../../../HWSWAI/HLS/SampleDatasetMLP.cpp:97]   --->   Operation 156 'fmul' 'mul1_1' <Predicate = true> <Delay = 7.01> <CoreInst = "FMul_maxdsp">   --->   Core 30 'FMul_maxdsp' <Latency = 2> <II = 1> <Delay = 7.01> <FuncUnit> <Opcode : 'fmul'> <InPorts = 2> <OutPorts = 1>

State 8 <SV = 7> <Delay = 7.01>
ST_8 : Operation 157 [2/4] (6.43ns)   --->   "%add3 = fadd i32 %mul1, i32 0" [../../../../HWSWAI/HLS/SampleDatasetMLP.cpp:97]   --->   Operation 157 'fadd' 'add3' <Predicate = true> <Delay = 6.43> <CoreInst = "FAddSub_fulldsp">   --->   Core 18 'FAddSub_fulldsp' <Latency = 3> <II = 1> <Delay = 6.43> <FuncUnit> <Opcode : 'fadd' 'fsub'> <InPorts = 2> <OutPorts = 1>
ST_8 : Operation 158 [2/3] (7.01ns)   --->   "%mul1_1 = fmul i32 %hidden_layer_1_load_1_read, i32 %weights_2_1_load" [../../../../HWSWAI/HLS/SampleDatasetMLP.cpp:97]   --->   Operation 158 'fmul' 'mul1_1' <Predicate = true> <Delay = 7.01> <CoreInst = "FMul_maxdsp">   --->   Core 30 'FMul_maxdsp' <Latency = 2> <II = 1> <Delay = 7.01> <FuncUnit> <Opcode : 'fmul'> <InPorts = 2> <OutPorts = 1>

State 9 <SV = 8> <Delay = 7.01>
ST_9 : Operation 159 [1/4] (6.43ns)   --->   "%add3 = fadd i32 %mul1, i32 0" [../../../../HWSWAI/HLS/SampleDatasetMLP.cpp:97]   --->   Operation 159 'fadd' 'add3' <Predicate = true> <Delay = 6.43> <CoreInst = "FAddSub_fulldsp">   --->   Core 18 'FAddSub_fulldsp' <Latency = 3> <II = 1> <Delay = 6.43> <FuncUnit> <Opcode : 'fadd' 'fsub'> <InPorts = 2> <OutPorts = 1>
ST_9 : Operation 160 [1/3] (7.01ns)   --->   "%mul1_1 = fmul i32 %hidden_layer_1_load_1_read, i32 %weights_2_1_load" [../../../../HWSWAI/HLS/SampleDatasetMLP.cpp:97]   --->   Operation 160 'fmul' 'mul1_1' <Predicate = true> <Delay = 7.01> <CoreInst = "FMul_maxdsp">   --->   Core 30 'FMul_maxdsp' <Latency = 2> <II = 1> <Delay = 7.01> <FuncUnit> <Opcode : 'fmul'> <InPorts = 2> <OutPorts = 1>
ST_9 : Operation 161 [1/1] (0.00ns)   --->   "%weights_2_2_addr = getelementptr i32 %weights_2_2, i64 0, i64 %i_2_cast" [../../../../HWSWAI/HLS/SampleDatasetMLP.cpp:97]   --->   Operation 161 'getelementptr' 'weights_2_2_addr' <Predicate = true> <Delay = 0.00>
ST_9 : Operation 162 [2/2] (0.67ns)   --->   "%weights_2_2_load = load i4 %weights_2_2_addr" [../../../../HWSWAI/HLS/SampleDatasetMLP.cpp:97]   --->   Operation 162 'load' 'weights_2_2_load' <Predicate = true> <Delay = 0.67> <CoreInst = "ROM">   --->   Core 101 'ROM' <Latency = 1> <II = 1> <Delay = 0.67> <Storage> <Opcode : 'load'> <Ports = 0> <Width = 32> <Depth = 12> <ROM>

State 10 <SV = 9> <Delay = 6.43>
ST_10 : Operation 163 [4/4] (6.43ns)   --->   "%add3_1 = fadd i32 %add3, i32 %mul1_1" [../../../../HWSWAI/HLS/SampleDatasetMLP.cpp:97]   --->   Operation 163 'fadd' 'add3_1' <Predicate = true> <Delay = 6.43> <CoreInst = "FAddSub_fulldsp">   --->   Core 18 'FAddSub_fulldsp' <Latency = 3> <II = 1> <Delay = 6.43> <FuncUnit> <Opcode : 'fadd' 'fsub'> <InPorts = 2> <OutPorts = 1>
ST_10 : Operation 164 [1/2] (0.67ns)   --->   "%weights_2_2_load = load i4 %weights_2_2_addr" [../../../../HWSWAI/HLS/SampleDatasetMLP.cpp:97]   --->   Operation 164 'load' 'weights_2_2_load' <Predicate = true> <Delay = 0.67> <CoreInst = "ROM">   --->   Core 101 'ROM' <Latency = 1> <II = 1> <Delay = 0.67> <Storage> <Opcode : 'load'> <Ports = 0> <Width = 32> <Depth = 12> <ROM>

State 11 <SV = 10> <Delay = 7.01>
ST_11 : Operation 165 [3/4] (6.43ns)   --->   "%add3_1 = fadd i32 %add3, i32 %mul1_1" [../../../../HWSWAI/HLS/SampleDatasetMLP.cpp:97]   --->   Operation 165 'fadd' 'add3_1' <Predicate = true> <Delay = 6.43> <CoreInst = "FAddSub_fulldsp">   --->   Core 18 'FAddSub_fulldsp' <Latency = 3> <II = 1> <Delay = 6.43> <FuncUnit> <Opcode : 'fadd' 'fsub'> <InPorts = 2> <OutPorts = 1>
ST_11 : Operation 166 [3/3] (7.01ns)   --->   "%mul1_2 = fmul i32 %hidden_layer_1_load_2_read, i32 %weights_2_2_load" [../../../../HWSWAI/HLS/SampleDatasetMLP.cpp:97]   --->   Operation 166 'fmul' 'mul1_2' <Predicate = true> <Delay = 7.01> <CoreInst = "FMul_maxdsp">   --->   Core 30 'FMul_maxdsp' <Latency = 2> <II = 1> <Delay = 7.01> <FuncUnit> <Opcode : 'fmul'> <InPorts = 2> <OutPorts = 1>

State 12 <SV = 11> <Delay = 7.01>
ST_12 : Operation 167 [2/4] (6.43ns)   --->   "%add3_1 = fadd i32 %add3, i32 %mul1_1" [../../../../HWSWAI/HLS/SampleDatasetMLP.cpp:97]   --->   Operation 167 'fadd' 'add3_1' <Predicate = true> <Delay = 6.43> <CoreInst = "FAddSub_fulldsp">   --->   Core 18 'FAddSub_fulldsp' <Latency = 3> <II = 1> <Delay = 6.43> <FuncUnit> <Opcode : 'fadd' 'fsub'> <InPorts = 2> <OutPorts = 1>
ST_12 : Operation 168 [2/3] (7.01ns)   --->   "%mul1_2 = fmul i32 %hidden_layer_1_load_2_read, i32 %weights_2_2_load" [../../../../HWSWAI/HLS/SampleDatasetMLP.cpp:97]   --->   Operation 168 'fmul' 'mul1_2' <Predicate = true> <Delay = 7.01> <CoreInst = "FMul_maxdsp">   --->   Core 30 'FMul_maxdsp' <Latency = 2> <II = 1> <Delay = 7.01> <FuncUnit> <Opcode : 'fmul'> <InPorts = 2> <OutPorts = 1>

State 13 <SV = 12> <Delay = 7.01>
ST_13 : Operation 169 [1/4] (6.43ns)   --->   "%add3_1 = fadd i32 %add3, i32 %mul1_1" [../../../../HWSWAI/HLS/SampleDatasetMLP.cpp:97]   --->   Operation 169 'fadd' 'add3_1' <Predicate = true> <Delay = 6.43> <CoreInst = "FAddSub_fulldsp">   --->   Core 18 'FAddSub_fulldsp' <Latency = 3> <II = 1> <Delay = 6.43> <FuncUnit> <Opcode : 'fadd' 'fsub'> <InPorts = 2> <OutPorts = 1>
ST_13 : Operation 170 [1/3] (7.01ns)   --->   "%mul1_2 = fmul i32 %hidden_layer_1_load_2_read, i32 %weights_2_2_load" [../../../../HWSWAI/HLS/SampleDatasetMLP.cpp:97]   --->   Operation 170 'fmul' 'mul1_2' <Predicate = true> <Delay = 7.01> <CoreInst = "FMul_maxdsp">   --->   Core 30 'FMul_maxdsp' <Latency = 2> <II = 1> <Delay = 7.01> <FuncUnit> <Opcode : 'fmul'> <InPorts = 2> <OutPorts = 1>
ST_13 : Operation 171 [1/1] (0.00ns)   --->   "%weights_2_3_addr = getelementptr i32 %weights_2_3, i64 0, i64 %i_2_cast" [../../../../HWSWAI/HLS/SampleDatasetMLP.cpp:97]   --->   Operation 171 'getelementptr' 'weights_2_3_addr' <Predicate = true> <Delay = 0.00>
ST_13 : Operation 172 [2/2] (0.67ns)   --->   "%weights_2_3_load = load i4 %weights_2_3_addr" [../../../../HWSWAI/HLS/SampleDatasetMLP.cpp:97]   --->   Operation 172 'load' 'weights_2_3_load' <Predicate = true> <Delay = 0.67> <CoreInst = "ROM">   --->   Core 101 'ROM' <Latency = 1> <II = 1> <Delay = 0.67> <Storage> <Opcode : 'load'> <Ports = 0> <Width = 32> <Depth = 12> <ROM>

State 14 <SV = 13> <Delay = 6.43>
ST_14 : Operation 173 [4/4] (6.43ns)   --->   "%add3_2 = fadd i32 %add3_1, i32 %mul1_2" [../../../../HWSWAI/HLS/SampleDatasetMLP.cpp:97]   --->   Operation 173 'fadd' 'add3_2' <Predicate = true> <Delay = 6.43> <CoreInst = "FAddSub_fulldsp">   --->   Core 18 'FAddSub_fulldsp' <Latency = 3> <II = 1> <Delay = 6.43> <FuncUnit> <Opcode : 'fadd' 'fsub'> <InPorts = 2> <OutPorts = 1>
ST_14 : Operation 174 [1/2] (0.67ns)   --->   "%weights_2_3_load = load i4 %weights_2_3_addr" [../../../../HWSWAI/HLS/SampleDatasetMLP.cpp:97]   --->   Operation 174 'load' 'weights_2_3_load' <Predicate = true> <Delay = 0.67> <CoreInst = "ROM">   --->   Core 101 'ROM' <Latency = 1> <II = 1> <Delay = 0.67> <Storage> <Opcode : 'load'> <Ports = 0> <Width = 32> <Depth = 12> <ROM>

State 15 <SV = 14> <Delay = 7.01>
ST_15 : Operation 175 [3/4] (6.43ns)   --->   "%add3_2 = fadd i32 %add3_1, i32 %mul1_2" [../../../../HWSWAI/HLS/SampleDatasetMLP.cpp:97]   --->   Operation 175 'fadd' 'add3_2' <Predicate = true> <Delay = 6.43> <CoreInst = "FAddSub_fulldsp">   --->   Core 18 'FAddSub_fulldsp' <Latency = 3> <II = 1> <Delay = 6.43> <FuncUnit> <Opcode : 'fadd' 'fsub'> <InPorts = 2> <OutPorts = 1>
ST_15 : Operation 176 [3/3] (7.01ns)   --->   "%mul1_3 = fmul i32 %hidden_layer_1_load_3_read, i32 %weights_2_3_load" [../../../../HWSWAI/HLS/SampleDatasetMLP.cpp:97]   --->   Operation 176 'fmul' 'mul1_3' <Predicate = true> <Delay = 7.01> <CoreInst = "FMul_maxdsp">   --->   Core 30 'FMul_maxdsp' <Latency = 2> <II = 1> <Delay = 7.01> <FuncUnit> <Opcode : 'fmul'> <InPorts = 2> <OutPorts = 1>

State 16 <SV = 15> <Delay = 7.01>
ST_16 : Operation 177 [2/4] (6.43ns)   --->   "%add3_2 = fadd i32 %add3_1, i32 %mul1_2" [../../../../HWSWAI/HLS/SampleDatasetMLP.cpp:97]   --->   Operation 177 'fadd' 'add3_2' <Predicate = true> <Delay = 6.43> <CoreInst = "FAddSub_fulldsp">   --->   Core 18 'FAddSub_fulldsp' <Latency = 3> <II = 1> <Delay = 6.43> <FuncUnit> <Opcode : 'fadd' 'fsub'> <InPorts = 2> <OutPorts = 1>
ST_16 : Operation 178 [2/3] (7.01ns)   --->   "%mul1_3 = fmul i32 %hidden_layer_1_load_3_read, i32 %weights_2_3_load" [../../../../HWSWAI/HLS/SampleDatasetMLP.cpp:97]   --->   Operation 178 'fmul' 'mul1_3' <Predicate = true> <Delay = 7.01> <CoreInst = "FMul_maxdsp">   --->   Core 30 'FMul_maxdsp' <Latency = 2> <II = 1> <Delay = 7.01> <FuncUnit> <Opcode : 'fmul'> <InPorts = 2> <OutPorts = 1>

State 17 <SV = 16> <Delay = 7.01>
ST_17 : Operation 179 [1/4] (6.43ns)   --->   "%add3_2 = fadd i32 %add3_1, i32 %mul1_2" [../../../../HWSWAI/HLS/SampleDatasetMLP.cpp:97]   --->   Operation 179 'fadd' 'add3_2' <Predicate = true> <Delay = 6.43> <CoreInst = "FAddSub_fulldsp">   --->   Core 18 'FAddSub_fulldsp' <Latency = 3> <II = 1> <Delay = 6.43> <FuncUnit> <Opcode : 'fadd' 'fsub'> <InPorts = 2> <OutPorts = 1>
ST_17 : Operation 180 [1/3] (7.01ns)   --->   "%mul1_3 = fmul i32 %hidden_layer_1_load_3_read, i32 %weights_2_3_load" [../../../../HWSWAI/HLS/SampleDatasetMLP.cpp:97]   --->   Operation 180 'fmul' 'mul1_3' <Predicate = true> <Delay = 7.01> <CoreInst = "FMul_maxdsp">   --->   Core 30 'FMul_maxdsp' <Latency = 2> <II = 1> <Delay = 7.01> <FuncUnit> <Opcode : 'fmul'> <InPorts = 2> <OutPorts = 1>
ST_17 : Operation 181 [1/1] (0.00ns)   --->   "%weights_2_4_addr = getelementptr i32 %weights_2_4, i64 0, i64 %i_2_cast" [../../../../HWSWAI/HLS/SampleDatasetMLP.cpp:97]   --->   Operation 181 'getelementptr' 'weights_2_4_addr' <Predicate = true> <Delay = 0.00>
ST_17 : Operation 182 [2/2] (0.67ns)   --->   "%weights_2_4_load = load i4 %weights_2_4_addr" [../../../../HWSWAI/HLS/SampleDatasetMLP.cpp:97]   --->   Operation 182 'load' 'weights_2_4_load' <Predicate = true> <Delay = 0.67> <CoreInst = "ROM">   --->   Core 101 'ROM' <Latency = 1> <II = 1> <Delay = 0.67> <Storage> <Opcode : 'load'> <Ports = 0> <Width = 32> <Depth = 12> <ROM>

State 18 <SV = 17> <Delay = 6.43>
ST_18 : Operation 183 [4/4] (6.43ns)   --->   "%add3_3 = fadd i32 %add3_2, i32 %mul1_3" [../../../../HWSWAI/HLS/SampleDatasetMLP.cpp:97]   --->   Operation 183 'fadd' 'add3_3' <Predicate = true> <Delay = 6.43> <CoreInst = "FAddSub_fulldsp">   --->   Core 18 'FAddSub_fulldsp' <Latency = 3> <II = 1> <Delay = 6.43> <FuncUnit> <Opcode : 'fadd' 'fsub'> <InPorts = 2> <OutPorts = 1>
ST_18 : Operation 184 [1/2] (0.67ns)   --->   "%weights_2_4_load = load i4 %weights_2_4_addr" [../../../../HWSWAI/HLS/SampleDatasetMLP.cpp:97]   --->   Operation 184 'load' 'weights_2_4_load' <Predicate = true> <Delay = 0.67> <CoreInst = "ROM">   --->   Core 101 'ROM' <Latency = 1> <II = 1> <Delay = 0.67> <Storage> <Opcode : 'load'> <Ports = 0> <Width = 32> <Depth = 12> <ROM>

State 19 <SV = 18> <Delay = 7.01>
ST_19 : Operation 185 [3/4] (6.43ns)   --->   "%add3_3 = fadd i32 %add3_2, i32 %mul1_3" [../../../../HWSWAI/HLS/SampleDatasetMLP.cpp:97]   --->   Operation 185 'fadd' 'add3_3' <Predicate = true> <Delay = 6.43> <CoreInst = "FAddSub_fulldsp">   --->   Core 18 'FAddSub_fulldsp' <Latency = 3> <II = 1> <Delay = 6.43> <FuncUnit> <Opcode : 'fadd' 'fsub'> <InPorts = 2> <OutPorts = 1>
ST_19 : Operation 186 [3/3] (7.01ns)   --->   "%mul1_4 = fmul i32 %hidden_layer_1_load_4_read, i32 %weights_2_4_load" [../../../../HWSWAI/HLS/SampleDatasetMLP.cpp:97]   --->   Operation 186 'fmul' 'mul1_4' <Predicate = true> <Delay = 7.01> <CoreInst = "FMul_maxdsp">   --->   Core 30 'FMul_maxdsp' <Latency = 2> <II = 1> <Delay = 7.01> <FuncUnit> <Opcode : 'fmul'> <InPorts = 2> <OutPorts = 1>

State 20 <SV = 19> <Delay = 7.01>
ST_20 : Operation 187 [2/4] (6.43ns)   --->   "%add3_3 = fadd i32 %add3_2, i32 %mul1_3" [../../../../HWSWAI/HLS/SampleDatasetMLP.cpp:97]   --->   Operation 187 'fadd' 'add3_3' <Predicate = true> <Delay = 6.43> <CoreInst = "FAddSub_fulldsp">   --->   Core 18 'FAddSub_fulldsp' <Latency = 3> <II = 1> <Delay = 6.43> <FuncUnit> <Opcode : 'fadd' 'fsub'> <InPorts = 2> <OutPorts = 1>
ST_20 : Operation 188 [2/3] (7.01ns)   --->   "%mul1_4 = fmul i32 %hidden_layer_1_load_4_read, i32 %weights_2_4_load" [../../../../HWSWAI/HLS/SampleDatasetMLP.cpp:97]   --->   Operation 188 'fmul' 'mul1_4' <Predicate = true> <Delay = 7.01> <CoreInst = "FMul_maxdsp">   --->   Core 30 'FMul_maxdsp' <Latency = 2> <II = 1> <Delay = 7.01> <FuncUnit> <Opcode : 'fmul'> <InPorts = 2> <OutPorts = 1>

State 21 <SV = 20> <Delay = 7.01>
ST_21 : Operation 189 [1/4] (6.43ns)   --->   "%add3_3 = fadd i32 %add3_2, i32 %mul1_3" [../../../../HWSWAI/HLS/SampleDatasetMLP.cpp:97]   --->   Operation 189 'fadd' 'add3_3' <Predicate = true> <Delay = 6.43> <CoreInst = "FAddSub_fulldsp">   --->   Core 18 'FAddSub_fulldsp' <Latency = 3> <II = 1> <Delay = 6.43> <FuncUnit> <Opcode : 'fadd' 'fsub'> <InPorts = 2> <OutPorts = 1>
ST_21 : Operation 190 [1/3] (7.01ns)   --->   "%mul1_4 = fmul i32 %hidden_layer_1_load_4_read, i32 %weights_2_4_load" [../../../../HWSWAI/HLS/SampleDatasetMLP.cpp:97]   --->   Operation 190 'fmul' 'mul1_4' <Predicate = true> <Delay = 7.01> <CoreInst = "FMul_maxdsp">   --->   Core 30 'FMul_maxdsp' <Latency = 2> <II = 1> <Delay = 7.01> <FuncUnit> <Opcode : 'fmul'> <InPorts = 2> <OutPorts = 1>
ST_21 : Operation 191 [1/1] (0.00ns)   --->   "%weights_2_5_addr = getelementptr i32 %weights_2_5, i64 0, i64 %i_2_cast" [../../../../HWSWAI/HLS/SampleDatasetMLP.cpp:97]   --->   Operation 191 'getelementptr' 'weights_2_5_addr' <Predicate = true> <Delay = 0.00>
ST_21 : Operation 192 [2/2] (0.67ns)   --->   "%weights_2_5_load = load i4 %weights_2_5_addr" [../../../../HWSWAI/HLS/SampleDatasetMLP.cpp:97]   --->   Operation 192 'load' 'weights_2_5_load' <Predicate = true> <Delay = 0.67> <CoreInst = "ROM">   --->   Core 101 'ROM' <Latency = 1> <II = 1> <Delay = 0.67> <Storage> <Opcode : 'load'> <Ports = 0> <Width = 32> <Depth = 12> <ROM>

State 22 <SV = 21> <Delay = 6.43>
ST_22 : Operation 193 [4/4] (6.43ns)   --->   "%add3_4 = fadd i32 %add3_3, i32 %mul1_4" [../../../../HWSWAI/HLS/SampleDatasetMLP.cpp:97]   --->   Operation 193 'fadd' 'add3_4' <Predicate = true> <Delay = 6.43> <CoreInst = "FAddSub_fulldsp">   --->   Core 18 'FAddSub_fulldsp' <Latency = 3> <II = 1> <Delay = 6.43> <FuncUnit> <Opcode : 'fadd' 'fsub'> <InPorts = 2> <OutPorts = 1>
ST_22 : Operation 194 [1/2] (0.67ns)   --->   "%weights_2_5_load = load i4 %weights_2_5_addr" [../../../../HWSWAI/HLS/SampleDatasetMLP.cpp:97]   --->   Operation 194 'load' 'weights_2_5_load' <Predicate = true> <Delay = 0.67> <CoreInst = "ROM">   --->   Core 101 'ROM' <Latency = 1> <II = 1> <Delay = 0.67> <Storage> <Opcode : 'load'> <Ports = 0> <Width = 32> <Depth = 12> <ROM>

State 23 <SV = 22> <Delay = 7.01>
ST_23 : Operation 195 [3/4] (6.43ns)   --->   "%add3_4 = fadd i32 %add3_3, i32 %mul1_4" [../../../../HWSWAI/HLS/SampleDatasetMLP.cpp:97]   --->   Operation 195 'fadd' 'add3_4' <Predicate = true> <Delay = 6.43> <CoreInst = "FAddSub_fulldsp">   --->   Core 18 'FAddSub_fulldsp' <Latency = 3> <II = 1> <Delay = 6.43> <FuncUnit> <Opcode : 'fadd' 'fsub'> <InPorts = 2> <OutPorts = 1>
ST_23 : Operation 196 [3/3] (7.01ns)   --->   "%mul1_5 = fmul i32 %hidden_layer_1_load_5_read, i32 %weights_2_5_load" [../../../../HWSWAI/HLS/SampleDatasetMLP.cpp:97]   --->   Operation 196 'fmul' 'mul1_5' <Predicate = true> <Delay = 7.01> <CoreInst = "FMul_maxdsp">   --->   Core 30 'FMul_maxdsp' <Latency = 2> <II = 1> <Delay = 7.01> <FuncUnit> <Opcode : 'fmul'> <InPorts = 2> <OutPorts = 1>

State 24 <SV = 23> <Delay = 7.01>
ST_24 : Operation 197 [2/4] (6.43ns)   --->   "%add3_4 = fadd i32 %add3_3, i32 %mul1_4" [../../../../HWSWAI/HLS/SampleDatasetMLP.cpp:97]   --->   Operation 197 'fadd' 'add3_4' <Predicate = true> <Delay = 6.43> <CoreInst = "FAddSub_fulldsp">   --->   Core 18 'FAddSub_fulldsp' <Latency = 3> <II = 1> <Delay = 6.43> <FuncUnit> <Opcode : 'fadd' 'fsub'> <InPorts = 2> <OutPorts = 1>
ST_24 : Operation 198 [2/3] (7.01ns)   --->   "%mul1_5 = fmul i32 %hidden_layer_1_load_5_read, i32 %weights_2_5_load" [../../../../HWSWAI/HLS/SampleDatasetMLP.cpp:97]   --->   Operation 198 'fmul' 'mul1_5' <Predicate = true> <Delay = 7.01> <CoreInst = "FMul_maxdsp">   --->   Core 30 'FMul_maxdsp' <Latency = 2> <II = 1> <Delay = 7.01> <FuncUnit> <Opcode : 'fmul'> <InPorts = 2> <OutPorts = 1>

State 25 <SV = 24> <Delay = 7.01>
ST_25 : Operation 199 [1/4] (6.43ns)   --->   "%add3_4 = fadd i32 %add3_3, i32 %mul1_4" [../../../../HWSWAI/HLS/SampleDatasetMLP.cpp:97]   --->   Operation 199 'fadd' 'add3_4' <Predicate = true> <Delay = 6.43> <CoreInst = "FAddSub_fulldsp">   --->   Core 18 'FAddSub_fulldsp' <Latency = 3> <II = 1> <Delay = 6.43> <FuncUnit> <Opcode : 'fadd' 'fsub'> <InPorts = 2> <OutPorts = 1>
ST_25 : Operation 200 [1/3] (7.01ns)   --->   "%mul1_5 = fmul i32 %hidden_layer_1_load_5_read, i32 %weights_2_5_load" [../../../../HWSWAI/HLS/SampleDatasetMLP.cpp:97]   --->   Operation 200 'fmul' 'mul1_5' <Predicate = true> <Delay = 7.01> <CoreInst = "FMul_maxdsp">   --->   Core 30 'FMul_maxdsp' <Latency = 2> <II = 1> <Delay = 7.01> <FuncUnit> <Opcode : 'fmul'> <InPorts = 2> <OutPorts = 1>
ST_25 : Operation 201 [1/1] (0.00ns)   --->   "%weights_2_6_addr = getelementptr i32 %weights_2_6, i64 0, i64 %i_2_cast" [../../../../HWSWAI/HLS/SampleDatasetMLP.cpp:97]   --->   Operation 201 'getelementptr' 'weights_2_6_addr' <Predicate = true> <Delay = 0.00>
ST_25 : Operation 202 [2/2] (0.67ns)   --->   "%weights_2_6_load = load i4 %weights_2_6_addr" [../../../../HWSWAI/HLS/SampleDatasetMLP.cpp:97]   --->   Operation 202 'load' 'weights_2_6_load' <Predicate = true> <Delay = 0.67> <CoreInst = "ROM">   --->   Core 101 'ROM' <Latency = 1> <II = 1> <Delay = 0.67> <Storage> <Opcode : 'load'> <Ports = 0> <Width = 32> <Depth = 12> <ROM>

State 26 <SV = 25> <Delay = 6.43>
ST_26 : Operation 203 [4/4] (6.43ns)   --->   "%add3_5 = fadd i32 %add3_4, i32 %mul1_5" [../../../../HWSWAI/HLS/SampleDatasetMLP.cpp:97]   --->   Operation 203 'fadd' 'add3_5' <Predicate = true> <Delay = 6.43> <CoreInst = "FAddSub_fulldsp">   --->   Core 18 'FAddSub_fulldsp' <Latency = 3> <II = 1> <Delay = 6.43> <FuncUnit> <Opcode : 'fadd' 'fsub'> <InPorts = 2> <OutPorts = 1>
ST_26 : Operation 204 [1/2] (0.67ns)   --->   "%weights_2_6_load = load i4 %weights_2_6_addr" [../../../../HWSWAI/HLS/SampleDatasetMLP.cpp:97]   --->   Operation 204 'load' 'weights_2_6_load' <Predicate = true> <Delay = 0.67> <CoreInst = "ROM">   --->   Core 101 'ROM' <Latency = 1> <II = 1> <Delay = 0.67> <Storage> <Opcode : 'load'> <Ports = 0> <Width = 32> <Depth = 12> <ROM>

State 27 <SV = 26> <Delay = 7.01>
ST_27 : Operation 205 [3/4] (6.43ns)   --->   "%add3_5 = fadd i32 %add3_4, i32 %mul1_5" [../../../../HWSWAI/HLS/SampleDatasetMLP.cpp:97]   --->   Operation 205 'fadd' 'add3_5' <Predicate = true> <Delay = 6.43> <CoreInst = "FAddSub_fulldsp">   --->   Core 18 'FAddSub_fulldsp' <Latency = 3> <II = 1> <Delay = 6.43> <FuncUnit> <Opcode : 'fadd' 'fsub'> <InPorts = 2> <OutPorts = 1>
ST_27 : Operation 206 [3/3] (7.01ns)   --->   "%mul1_6 = fmul i32 %hidden_layer_1_load_6_read, i32 %weights_2_6_load" [../../../../HWSWAI/HLS/SampleDatasetMLP.cpp:97]   --->   Operation 206 'fmul' 'mul1_6' <Predicate = true> <Delay = 7.01> <CoreInst = "FMul_maxdsp">   --->   Core 30 'FMul_maxdsp' <Latency = 2> <II = 1> <Delay = 7.01> <FuncUnit> <Opcode : 'fmul'> <InPorts = 2> <OutPorts = 1>

State 28 <SV = 27> <Delay = 7.01>
ST_28 : Operation 207 [2/4] (6.43ns)   --->   "%add3_5 = fadd i32 %add3_4, i32 %mul1_5" [../../../../HWSWAI/HLS/SampleDatasetMLP.cpp:97]   --->   Operation 207 'fadd' 'add3_5' <Predicate = true> <Delay = 6.43> <CoreInst = "FAddSub_fulldsp">   --->   Core 18 'FAddSub_fulldsp' <Latency = 3> <II = 1> <Delay = 6.43> <FuncUnit> <Opcode : 'fadd' 'fsub'> <InPorts = 2> <OutPorts = 1>
ST_28 : Operation 208 [2/3] (7.01ns)   --->   "%mul1_6 = fmul i32 %hidden_layer_1_load_6_read, i32 %weights_2_6_load" [../../../../HWSWAI/HLS/SampleDatasetMLP.cpp:97]   --->   Operation 208 'fmul' 'mul1_6' <Predicate = true> <Delay = 7.01> <CoreInst = "FMul_maxdsp">   --->   Core 30 'FMul_maxdsp' <Latency = 2> <II = 1> <Delay = 7.01> <FuncUnit> <Opcode : 'fmul'> <InPorts = 2> <OutPorts = 1>

State 29 <SV = 28> <Delay = 7.01>
ST_29 : Operation 209 [1/4] (6.43ns)   --->   "%add3_5 = fadd i32 %add3_4, i32 %mul1_5" [../../../../HWSWAI/HLS/SampleDatasetMLP.cpp:97]   --->   Operation 209 'fadd' 'add3_5' <Predicate = true> <Delay = 6.43> <CoreInst = "FAddSub_fulldsp">   --->   Core 18 'FAddSub_fulldsp' <Latency = 3> <II = 1> <Delay = 6.43> <FuncUnit> <Opcode : 'fadd' 'fsub'> <InPorts = 2> <OutPorts = 1>
ST_29 : Operation 210 [1/3] (7.01ns)   --->   "%mul1_6 = fmul i32 %hidden_layer_1_load_6_read, i32 %weights_2_6_load" [../../../../HWSWAI/HLS/SampleDatasetMLP.cpp:97]   --->   Operation 210 'fmul' 'mul1_6' <Predicate = true> <Delay = 7.01> <CoreInst = "FMul_maxdsp">   --->   Core 30 'FMul_maxdsp' <Latency = 2> <II = 1> <Delay = 7.01> <FuncUnit> <Opcode : 'fmul'> <InPorts = 2> <OutPorts = 1>
ST_29 : Operation 211 [1/1] (0.00ns)   --->   "%weights_2_7_addr = getelementptr i32 %weights_2_7, i64 0, i64 %i_2_cast" [../../../../HWSWAI/HLS/SampleDatasetMLP.cpp:97]   --->   Operation 211 'getelementptr' 'weights_2_7_addr' <Predicate = true> <Delay = 0.00>
ST_29 : Operation 212 [2/2] (0.67ns)   --->   "%weights_2_7_load = load i4 %weights_2_7_addr" [../../../../HWSWAI/HLS/SampleDatasetMLP.cpp:97]   --->   Operation 212 'load' 'weights_2_7_load' <Predicate = true> <Delay = 0.67> <CoreInst = "ROM">   --->   Core 101 'ROM' <Latency = 1> <II = 1> <Delay = 0.67> <Storage> <Opcode : 'load'> <Ports = 0> <Width = 32> <Depth = 12> <ROM>

State 30 <SV = 29> <Delay = 6.43>
ST_30 : Operation 213 [4/4] (6.43ns)   --->   "%add3_6 = fadd i32 %add3_5, i32 %mul1_6" [../../../../HWSWAI/HLS/SampleDatasetMLP.cpp:97]   --->   Operation 213 'fadd' 'add3_6' <Predicate = true> <Delay = 6.43> <CoreInst = "FAddSub_fulldsp">   --->   Core 18 'FAddSub_fulldsp' <Latency = 3> <II = 1> <Delay = 6.43> <FuncUnit> <Opcode : 'fadd' 'fsub'> <InPorts = 2> <OutPorts = 1>
ST_30 : Operation 214 [1/2] (0.67ns)   --->   "%weights_2_7_load = load i4 %weights_2_7_addr" [../../../../HWSWAI/HLS/SampleDatasetMLP.cpp:97]   --->   Operation 214 'load' 'weights_2_7_load' <Predicate = true> <Delay = 0.67> <CoreInst = "ROM">   --->   Core 101 'ROM' <Latency = 1> <II = 1> <Delay = 0.67> <Storage> <Opcode : 'load'> <Ports = 0> <Width = 32> <Depth = 12> <ROM>

State 31 <SV = 30> <Delay = 7.01>
ST_31 : Operation 215 [3/4] (6.43ns)   --->   "%add3_6 = fadd i32 %add3_5, i32 %mul1_6" [../../../../HWSWAI/HLS/SampleDatasetMLP.cpp:97]   --->   Operation 215 'fadd' 'add3_6' <Predicate = true> <Delay = 6.43> <CoreInst = "FAddSub_fulldsp">   --->   Core 18 'FAddSub_fulldsp' <Latency = 3> <II = 1> <Delay = 6.43> <FuncUnit> <Opcode : 'fadd' 'fsub'> <InPorts = 2> <OutPorts = 1>
ST_31 : Operation 216 [3/3] (7.01ns)   --->   "%mul1_7 = fmul i32 %hidden_layer_1_load_7_read, i32 %weights_2_7_load" [../../../../HWSWAI/HLS/SampleDatasetMLP.cpp:97]   --->   Operation 216 'fmul' 'mul1_7' <Predicate = true> <Delay = 7.01> <CoreInst = "FMul_maxdsp">   --->   Core 30 'FMul_maxdsp' <Latency = 2> <II = 1> <Delay = 7.01> <FuncUnit> <Opcode : 'fmul'> <InPorts = 2> <OutPorts = 1>

State 32 <SV = 31> <Delay = 7.01>
ST_32 : Operation 217 [2/4] (6.43ns)   --->   "%add3_6 = fadd i32 %add3_5, i32 %mul1_6" [../../../../HWSWAI/HLS/SampleDatasetMLP.cpp:97]   --->   Operation 217 'fadd' 'add3_6' <Predicate = true> <Delay = 6.43> <CoreInst = "FAddSub_fulldsp">   --->   Core 18 'FAddSub_fulldsp' <Latency = 3> <II = 1> <Delay = 6.43> <FuncUnit> <Opcode : 'fadd' 'fsub'> <InPorts = 2> <OutPorts = 1>
ST_32 : Operation 218 [2/3] (7.01ns)   --->   "%mul1_7 = fmul i32 %hidden_layer_1_load_7_read, i32 %weights_2_7_load" [../../../../HWSWAI/HLS/SampleDatasetMLP.cpp:97]   --->   Operation 218 'fmul' 'mul1_7' <Predicate = true> <Delay = 7.01> <CoreInst = "FMul_maxdsp">   --->   Core 30 'FMul_maxdsp' <Latency = 2> <II = 1> <Delay = 7.01> <FuncUnit> <Opcode : 'fmul'> <InPorts = 2> <OutPorts = 1>

State 33 <SV = 32> <Delay = 7.01>
ST_33 : Operation 219 [1/4] (6.43ns)   --->   "%add3_6 = fadd i32 %add3_5, i32 %mul1_6" [../../../../HWSWAI/HLS/SampleDatasetMLP.cpp:97]   --->   Operation 219 'fadd' 'add3_6' <Predicate = true> <Delay = 6.43> <CoreInst = "FAddSub_fulldsp">   --->   Core 18 'FAddSub_fulldsp' <Latency = 3> <II = 1> <Delay = 6.43> <FuncUnit> <Opcode : 'fadd' 'fsub'> <InPorts = 2> <OutPorts = 1>
ST_33 : Operation 220 [1/3] (7.01ns)   --->   "%mul1_7 = fmul i32 %hidden_layer_1_load_7_read, i32 %weights_2_7_load" [../../../../HWSWAI/HLS/SampleDatasetMLP.cpp:97]   --->   Operation 220 'fmul' 'mul1_7' <Predicate = true> <Delay = 7.01> <CoreInst = "FMul_maxdsp">   --->   Core 30 'FMul_maxdsp' <Latency = 2> <II = 1> <Delay = 7.01> <FuncUnit> <Opcode : 'fmul'> <InPorts = 2> <OutPorts = 1>
ST_33 : Operation 221 [1/1] (0.00ns)   --->   "%weights_2_8_addr = getelementptr i32 %weights_2_8, i64 0, i64 %i_2_cast" [../../../../HWSWAI/HLS/SampleDatasetMLP.cpp:97]   --->   Operation 221 'getelementptr' 'weights_2_8_addr' <Predicate = true> <Delay = 0.00>
ST_33 : Operation 222 [2/2] (0.67ns)   --->   "%weights_2_8_load = load i4 %weights_2_8_addr" [../../../../HWSWAI/HLS/SampleDatasetMLP.cpp:97]   --->   Operation 222 'load' 'weights_2_8_load' <Predicate = true> <Delay = 0.67> <CoreInst = "ROM">   --->   Core 101 'ROM' <Latency = 1> <II = 1> <Delay = 0.67> <Storage> <Opcode : 'load'> <Ports = 0> <Width = 32> <Depth = 12> <ROM>

State 34 <SV = 33> <Delay = 6.43>
ST_34 : Operation 223 [4/4] (6.43ns)   --->   "%add3_7 = fadd i32 %add3_6, i32 %mul1_7" [../../../../HWSWAI/HLS/SampleDatasetMLP.cpp:97]   --->   Operation 223 'fadd' 'add3_7' <Predicate = true> <Delay = 6.43> <CoreInst = "FAddSub_fulldsp">   --->   Core 18 'FAddSub_fulldsp' <Latency = 3> <II = 1> <Delay = 6.43> <FuncUnit> <Opcode : 'fadd' 'fsub'> <InPorts = 2> <OutPorts = 1>
ST_34 : Operation 224 [1/2] (0.67ns)   --->   "%weights_2_8_load = load i4 %weights_2_8_addr" [../../../../HWSWAI/HLS/SampleDatasetMLP.cpp:97]   --->   Operation 224 'load' 'weights_2_8_load' <Predicate = true> <Delay = 0.67> <CoreInst = "ROM">   --->   Core 101 'ROM' <Latency = 1> <II = 1> <Delay = 0.67> <Storage> <Opcode : 'load'> <Ports = 0> <Width = 32> <Depth = 12> <ROM>

State 35 <SV = 34> <Delay = 7.01>
ST_35 : Operation 225 [3/4] (6.43ns)   --->   "%add3_7 = fadd i32 %add3_6, i32 %mul1_7" [../../../../HWSWAI/HLS/SampleDatasetMLP.cpp:97]   --->   Operation 225 'fadd' 'add3_7' <Predicate = true> <Delay = 6.43> <CoreInst = "FAddSub_fulldsp">   --->   Core 18 'FAddSub_fulldsp' <Latency = 3> <II = 1> <Delay = 6.43> <FuncUnit> <Opcode : 'fadd' 'fsub'> <InPorts = 2> <OutPorts = 1>
ST_35 : Operation 226 [3/3] (7.01ns)   --->   "%mul1_8 = fmul i32 %hidden_layer_1_load_8_read, i32 %weights_2_8_load" [../../../../HWSWAI/HLS/SampleDatasetMLP.cpp:97]   --->   Operation 226 'fmul' 'mul1_8' <Predicate = true> <Delay = 7.01> <CoreInst = "FMul_maxdsp">   --->   Core 30 'FMul_maxdsp' <Latency = 2> <II = 1> <Delay = 7.01> <FuncUnit> <Opcode : 'fmul'> <InPorts = 2> <OutPorts = 1>

State 36 <SV = 35> <Delay = 7.01>
ST_36 : Operation 227 [2/4] (6.43ns)   --->   "%add3_7 = fadd i32 %add3_6, i32 %mul1_7" [../../../../HWSWAI/HLS/SampleDatasetMLP.cpp:97]   --->   Operation 227 'fadd' 'add3_7' <Predicate = true> <Delay = 6.43> <CoreInst = "FAddSub_fulldsp">   --->   Core 18 'FAddSub_fulldsp' <Latency = 3> <II = 1> <Delay = 6.43> <FuncUnit> <Opcode : 'fadd' 'fsub'> <InPorts = 2> <OutPorts = 1>
ST_36 : Operation 228 [2/3] (7.01ns)   --->   "%mul1_8 = fmul i32 %hidden_layer_1_load_8_read, i32 %weights_2_8_load" [../../../../HWSWAI/HLS/SampleDatasetMLP.cpp:97]   --->   Operation 228 'fmul' 'mul1_8' <Predicate = true> <Delay = 7.01> <CoreInst = "FMul_maxdsp">   --->   Core 30 'FMul_maxdsp' <Latency = 2> <II = 1> <Delay = 7.01> <FuncUnit> <Opcode : 'fmul'> <InPorts = 2> <OutPorts = 1>

State 37 <SV = 36> <Delay = 7.01>
ST_37 : Operation 229 [1/4] (6.43ns)   --->   "%add3_7 = fadd i32 %add3_6, i32 %mul1_7" [../../../../HWSWAI/HLS/SampleDatasetMLP.cpp:97]   --->   Operation 229 'fadd' 'add3_7' <Predicate = true> <Delay = 6.43> <CoreInst = "FAddSub_fulldsp">   --->   Core 18 'FAddSub_fulldsp' <Latency = 3> <II = 1> <Delay = 6.43> <FuncUnit> <Opcode : 'fadd' 'fsub'> <InPorts = 2> <OutPorts = 1>
ST_37 : Operation 230 [1/3] (7.01ns)   --->   "%mul1_8 = fmul i32 %hidden_layer_1_load_8_read, i32 %weights_2_8_load" [../../../../HWSWAI/HLS/SampleDatasetMLP.cpp:97]   --->   Operation 230 'fmul' 'mul1_8' <Predicate = true> <Delay = 7.01> <CoreInst = "FMul_maxdsp">   --->   Core 30 'FMul_maxdsp' <Latency = 2> <II = 1> <Delay = 7.01> <FuncUnit> <Opcode : 'fmul'> <InPorts = 2> <OutPorts = 1>
ST_37 : Operation 231 [1/1] (0.00ns)   --->   "%weights_2_9_addr = getelementptr i32 %weights_2_9, i64 0, i64 %i_2_cast" [../../../../HWSWAI/HLS/SampleDatasetMLP.cpp:97]   --->   Operation 231 'getelementptr' 'weights_2_9_addr' <Predicate = true> <Delay = 0.00>
ST_37 : Operation 232 [2/2] (0.67ns)   --->   "%weights_2_9_load = load i4 %weights_2_9_addr" [../../../../HWSWAI/HLS/SampleDatasetMLP.cpp:97]   --->   Operation 232 'load' 'weights_2_9_load' <Predicate = true> <Delay = 0.67> <CoreInst = "ROM">   --->   Core 101 'ROM' <Latency = 1> <II = 1> <Delay = 0.67> <Storage> <Opcode : 'load'> <Ports = 0> <Width = 32> <Depth = 12> <ROM>

State 38 <SV = 37> <Delay = 6.43>
ST_38 : Operation 233 [4/4] (6.43ns)   --->   "%add3_8 = fadd i32 %add3_7, i32 %mul1_8" [../../../../HWSWAI/HLS/SampleDatasetMLP.cpp:97]   --->   Operation 233 'fadd' 'add3_8' <Predicate = true> <Delay = 6.43> <CoreInst = "FAddSub_fulldsp">   --->   Core 18 'FAddSub_fulldsp' <Latency = 3> <II = 1> <Delay = 6.43> <FuncUnit> <Opcode : 'fadd' 'fsub'> <InPorts = 2> <OutPorts = 1>
ST_38 : Operation 234 [1/2] (0.67ns)   --->   "%weights_2_9_load = load i4 %weights_2_9_addr" [../../../../HWSWAI/HLS/SampleDatasetMLP.cpp:97]   --->   Operation 234 'load' 'weights_2_9_load' <Predicate = true> <Delay = 0.67> <CoreInst = "ROM">   --->   Core 101 'ROM' <Latency = 1> <II = 1> <Delay = 0.67> <Storage> <Opcode : 'load'> <Ports = 0> <Width = 32> <Depth = 12> <ROM>

State 39 <SV = 38> <Delay = 7.01>
ST_39 : Operation 235 [3/4] (6.43ns)   --->   "%add3_8 = fadd i32 %add3_7, i32 %mul1_8" [../../../../HWSWAI/HLS/SampleDatasetMLP.cpp:97]   --->   Operation 235 'fadd' 'add3_8' <Predicate = true> <Delay = 6.43> <CoreInst = "FAddSub_fulldsp">   --->   Core 18 'FAddSub_fulldsp' <Latency = 3> <II = 1> <Delay = 6.43> <FuncUnit> <Opcode : 'fadd' 'fsub'> <InPorts = 2> <OutPorts = 1>
ST_39 : Operation 236 [3/3] (7.01ns)   --->   "%mul1_9 = fmul i32 %hidden_layer_1_load_9_read, i32 %weights_2_9_load" [../../../../HWSWAI/HLS/SampleDatasetMLP.cpp:97]   --->   Operation 236 'fmul' 'mul1_9' <Predicate = true> <Delay = 7.01> <CoreInst = "FMul_maxdsp">   --->   Core 30 'FMul_maxdsp' <Latency = 2> <II = 1> <Delay = 7.01> <FuncUnit> <Opcode : 'fmul'> <InPorts = 2> <OutPorts = 1>

State 40 <SV = 39> <Delay = 7.01>
ST_40 : Operation 237 [2/4] (6.43ns)   --->   "%add3_8 = fadd i32 %add3_7, i32 %mul1_8" [../../../../HWSWAI/HLS/SampleDatasetMLP.cpp:97]   --->   Operation 237 'fadd' 'add3_8' <Predicate = true> <Delay = 6.43> <CoreInst = "FAddSub_fulldsp">   --->   Core 18 'FAddSub_fulldsp' <Latency = 3> <II = 1> <Delay = 6.43> <FuncUnit> <Opcode : 'fadd' 'fsub'> <InPorts = 2> <OutPorts = 1>
ST_40 : Operation 238 [2/3] (7.01ns)   --->   "%mul1_9 = fmul i32 %hidden_layer_1_load_9_read, i32 %weights_2_9_load" [../../../../HWSWAI/HLS/SampleDatasetMLP.cpp:97]   --->   Operation 238 'fmul' 'mul1_9' <Predicate = true> <Delay = 7.01> <CoreInst = "FMul_maxdsp">   --->   Core 30 'FMul_maxdsp' <Latency = 2> <II = 1> <Delay = 7.01> <FuncUnit> <Opcode : 'fmul'> <InPorts = 2> <OutPorts = 1>

State 41 <SV = 40> <Delay = 7.01>
ST_41 : Operation 239 [1/4] (6.43ns)   --->   "%add3_8 = fadd i32 %add3_7, i32 %mul1_8" [../../../../HWSWAI/HLS/SampleDatasetMLP.cpp:97]   --->   Operation 239 'fadd' 'add3_8' <Predicate = true> <Delay = 6.43> <CoreInst = "FAddSub_fulldsp">   --->   Core 18 'FAddSub_fulldsp' <Latency = 3> <II = 1> <Delay = 6.43> <FuncUnit> <Opcode : 'fadd' 'fsub'> <InPorts = 2> <OutPorts = 1>
ST_41 : Operation 240 [1/3] (7.01ns)   --->   "%mul1_9 = fmul i32 %hidden_layer_1_load_9_read, i32 %weights_2_9_load" [../../../../HWSWAI/HLS/SampleDatasetMLP.cpp:97]   --->   Operation 240 'fmul' 'mul1_9' <Predicate = true> <Delay = 7.01> <CoreInst = "FMul_maxdsp">   --->   Core 30 'FMul_maxdsp' <Latency = 2> <II = 1> <Delay = 7.01> <FuncUnit> <Opcode : 'fmul'> <InPorts = 2> <OutPorts = 1>
ST_41 : Operation 241 [1/1] (0.00ns)   --->   "%weights_2_10_addr = getelementptr i32 %weights_2_10, i64 0, i64 %i_2_cast" [../../../../HWSWAI/HLS/SampleDatasetMLP.cpp:97]   --->   Operation 241 'getelementptr' 'weights_2_10_addr' <Predicate = true> <Delay = 0.00>
ST_41 : Operation 242 [2/2] (0.67ns)   --->   "%weights_2_10_load = load i4 %weights_2_10_addr" [../../../../HWSWAI/HLS/SampleDatasetMLP.cpp:97]   --->   Operation 242 'load' 'weights_2_10_load' <Predicate = true> <Delay = 0.67> <CoreInst = "ROM">   --->   Core 101 'ROM' <Latency = 1> <II = 1> <Delay = 0.67> <Storage> <Opcode : 'load'> <Ports = 0> <Width = 32> <Depth = 12> <ROM>

State 42 <SV = 41> <Delay = 6.43>
ST_42 : Operation 243 [4/4] (6.43ns)   --->   "%add3_9 = fadd i32 %add3_8, i32 %mul1_9" [../../../../HWSWAI/HLS/SampleDatasetMLP.cpp:97]   --->   Operation 243 'fadd' 'add3_9' <Predicate = true> <Delay = 6.43> <CoreInst = "FAddSub_fulldsp">   --->   Core 18 'FAddSub_fulldsp' <Latency = 3> <II = 1> <Delay = 6.43> <FuncUnit> <Opcode : 'fadd' 'fsub'> <InPorts = 2> <OutPorts = 1>
ST_42 : Operation 244 [1/2] (0.67ns)   --->   "%weights_2_10_load = load i4 %weights_2_10_addr" [../../../../HWSWAI/HLS/SampleDatasetMLP.cpp:97]   --->   Operation 244 'load' 'weights_2_10_load' <Predicate = true> <Delay = 0.67> <CoreInst = "ROM">   --->   Core 101 'ROM' <Latency = 1> <II = 1> <Delay = 0.67> <Storage> <Opcode : 'load'> <Ports = 0> <Width = 32> <Depth = 12> <ROM>

State 43 <SV = 42> <Delay = 7.01>
ST_43 : Operation 245 [3/4] (6.43ns)   --->   "%add3_9 = fadd i32 %add3_8, i32 %mul1_9" [../../../../HWSWAI/HLS/SampleDatasetMLP.cpp:97]   --->   Operation 245 'fadd' 'add3_9' <Predicate = true> <Delay = 6.43> <CoreInst = "FAddSub_fulldsp">   --->   Core 18 'FAddSub_fulldsp' <Latency = 3> <II = 1> <Delay = 6.43> <FuncUnit> <Opcode : 'fadd' 'fsub'> <InPorts = 2> <OutPorts = 1>
ST_43 : Operation 246 [3/3] (7.01ns)   --->   "%mul1_s = fmul i32 %hidden_layer_1_load_10_read, i32 %weights_2_10_load" [../../../../HWSWAI/HLS/SampleDatasetMLP.cpp:97]   --->   Operation 246 'fmul' 'mul1_s' <Predicate = true> <Delay = 7.01> <CoreInst = "FMul_maxdsp">   --->   Core 30 'FMul_maxdsp' <Latency = 2> <II = 1> <Delay = 7.01> <FuncUnit> <Opcode : 'fmul'> <InPorts = 2> <OutPorts = 1>

State 44 <SV = 43> <Delay = 7.01>
ST_44 : Operation 247 [2/4] (6.43ns)   --->   "%add3_9 = fadd i32 %add3_8, i32 %mul1_9" [../../../../HWSWAI/HLS/SampleDatasetMLP.cpp:97]   --->   Operation 247 'fadd' 'add3_9' <Predicate = true> <Delay = 6.43> <CoreInst = "FAddSub_fulldsp">   --->   Core 18 'FAddSub_fulldsp' <Latency = 3> <II = 1> <Delay = 6.43> <FuncUnit> <Opcode : 'fadd' 'fsub'> <InPorts = 2> <OutPorts = 1>
ST_44 : Operation 248 [2/3] (7.01ns)   --->   "%mul1_s = fmul i32 %hidden_layer_1_load_10_read, i32 %weights_2_10_load" [../../../../HWSWAI/HLS/SampleDatasetMLP.cpp:97]   --->   Operation 248 'fmul' 'mul1_s' <Predicate = true> <Delay = 7.01> <CoreInst = "FMul_maxdsp">   --->   Core 30 'FMul_maxdsp' <Latency = 2> <II = 1> <Delay = 7.01> <FuncUnit> <Opcode : 'fmul'> <InPorts = 2> <OutPorts = 1>

State 45 <SV = 44> <Delay = 7.01>
ST_45 : Operation 249 [1/4] (6.43ns)   --->   "%add3_9 = fadd i32 %add3_8, i32 %mul1_9" [../../../../HWSWAI/HLS/SampleDatasetMLP.cpp:97]   --->   Operation 249 'fadd' 'add3_9' <Predicate = true> <Delay = 6.43> <CoreInst = "FAddSub_fulldsp">   --->   Core 18 'FAddSub_fulldsp' <Latency = 3> <II = 1> <Delay = 6.43> <FuncUnit> <Opcode : 'fadd' 'fsub'> <InPorts = 2> <OutPorts = 1>
ST_45 : Operation 250 [1/3] (7.01ns)   --->   "%mul1_s = fmul i32 %hidden_layer_1_load_10_read, i32 %weights_2_10_load" [../../../../HWSWAI/HLS/SampleDatasetMLP.cpp:97]   --->   Operation 250 'fmul' 'mul1_s' <Predicate = true> <Delay = 7.01> <CoreInst = "FMul_maxdsp">   --->   Core 30 'FMul_maxdsp' <Latency = 2> <II = 1> <Delay = 7.01> <FuncUnit> <Opcode : 'fmul'> <InPorts = 2> <OutPorts = 1>
ST_45 : Operation 251 [1/1] (0.00ns)   --->   "%weights_2_11_addr = getelementptr i32 %weights_2_11, i64 0, i64 %i_2_cast" [../../../../HWSWAI/HLS/SampleDatasetMLP.cpp:97]   --->   Operation 251 'getelementptr' 'weights_2_11_addr' <Predicate = true> <Delay = 0.00>
ST_45 : Operation 252 [2/2] (0.67ns)   --->   "%weights_2_11_load = load i4 %weights_2_11_addr" [../../../../HWSWAI/HLS/SampleDatasetMLP.cpp:97]   --->   Operation 252 'load' 'weights_2_11_load' <Predicate = true> <Delay = 0.67> <CoreInst = "ROM">   --->   Core 101 'ROM' <Latency = 1> <II = 1> <Delay = 0.67> <Storage> <Opcode : 'load'> <Ports = 0> <Width = 32> <Depth = 12> <ROM>

State 46 <SV = 45> <Delay = 6.43>
ST_46 : Operation 253 [4/4] (6.43ns)   --->   "%add3_s = fadd i32 %add3_9, i32 %mul1_s" [../../../../HWSWAI/HLS/SampleDatasetMLP.cpp:97]   --->   Operation 253 'fadd' 'add3_s' <Predicate = true> <Delay = 6.43> <CoreInst = "FAddSub_fulldsp">   --->   Core 18 'FAddSub_fulldsp' <Latency = 3> <II = 1> <Delay = 6.43> <FuncUnit> <Opcode : 'fadd' 'fsub'> <InPorts = 2> <OutPorts = 1>
ST_46 : Operation 254 [1/2] (0.67ns)   --->   "%weights_2_11_load = load i4 %weights_2_11_addr" [../../../../HWSWAI/HLS/SampleDatasetMLP.cpp:97]   --->   Operation 254 'load' 'weights_2_11_load' <Predicate = true> <Delay = 0.67> <CoreInst = "ROM">   --->   Core 101 'ROM' <Latency = 1> <II = 1> <Delay = 0.67> <Storage> <Opcode : 'load'> <Ports = 0> <Width = 32> <Depth = 12> <ROM>

State 47 <SV = 46> <Delay = 7.01>
ST_47 : Operation 255 [3/4] (6.43ns)   --->   "%add3_s = fadd i32 %add3_9, i32 %mul1_s" [../../../../HWSWAI/HLS/SampleDatasetMLP.cpp:97]   --->   Operation 255 'fadd' 'add3_s' <Predicate = true> <Delay = 6.43> <CoreInst = "FAddSub_fulldsp">   --->   Core 18 'FAddSub_fulldsp' <Latency = 3> <II = 1> <Delay = 6.43> <FuncUnit> <Opcode : 'fadd' 'fsub'> <InPorts = 2> <OutPorts = 1>
ST_47 : Operation 256 [3/3] (7.01ns)   --->   "%mul1_10 = fmul i32 %hidden_layer_1_load_11_read, i32 %weights_2_11_load" [../../../../HWSWAI/HLS/SampleDatasetMLP.cpp:97]   --->   Operation 256 'fmul' 'mul1_10' <Predicate = true> <Delay = 7.01> <CoreInst = "FMul_maxdsp">   --->   Core 30 'FMul_maxdsp' <Latency = 2> <II = 1> <Delay = 7.01> <FuncUnit> <Opcode : 'fmul'> <InPorts = 2> <OutPorts = 1>

State 48 <SV = 47> <Delay = 7.01>
ST_48 : Operation 257 [2/4] (6.43ns)   --->   "%add3_s = fadd i32 %add3_9, i32 %mul1_s" [../../../../HWSWAI/HLS/SampleDatasetMLP.cpp:97]   --->   Operation 257 'fadd' 'add3_s' <Predicate = true> <Delay = 6.43> <CoreInst = "FAddSub_fulldsp">   --->   Core 18 'FAddSub_fulldsp' <Latency = 3> <II = 1> <Delay = 6.43> <FuncUnit> <Opcode : 'fadd' 'fsub'> <InPorts = 2> <OutPorts = 1>
ST_48 : Operation 258 [2/3] (7.01ns)   --->   "%mul1_10 = fmul i32 %hidden_layer_1_load_11_read, i32 %weights_2_11_load" [../../../../HWSWAI/HLS/SampleDatasetMLP.cpp:97]   --->   Operation 258 'fmul' 'mul1_10' <Predicate = true> <Delay = 7.01> <CoreInst = "FMul_maxdsp">   --->   Core 30 'FMul_maxdsp' <Latency = 2> <II = 1> <Delay = 7.01> <FuncUnit> <Opcode : 'fmul'> <InPorts = 2> <OutPorts = 1>

State 49 <SV = 48> <Delay = 7.01>
ST_49 : Operation 259 [1/4] (6.43ns)   --->   "%add3_s = fadd i32 %add3_9, i32 %mul1_s" [../../../../HWSWAI/HLS/SampleDatasetMLP.cpp:97]   --->   Operation 259 'fadd' 'add3_s' <Predicate = true> <Delay = 6.43> <CoreInst = "FAddSub_fulldsp">   --->   Core 18 'FAddSub_fulldsp' <Latency = 3> <II = 1> <Delay = 6.43> <FuncUnit> <Opcode : 'fadd' 'fsub'> <InPorts = 2> <OutPorts = 1>
ST_49 : Operation 260 [1/3] (7.01ns)   --->   "%mul1_10 = fmul i32 %hidden_layer_1_load_11_read, i32 %weights_2_11_load" [../../../../HWSWAI/HLS/SampleDatasetMLP.cpp:97]   --->   Operation 260 'fmul' 'mul1_10' <Predicate = true> <Delay = 7.01> <CoreInst = "FMul_maxdsp">   --->   Core 30 'FMul_maxdsp' <Latency = 2> <II = 1> <Delay = 7.01> <FuncUnit> <Opcode : 'fmul'> <InPorts = 2> <OutPorts = 1>
ST_49 : Operation 261 [1/1] (0.00ns)   --->   "%weights_2_12_addr = getelementptr i32 %weights_2_12, i64 0, i64 %i_2_cast" [../../../../HWSWAI/HLS/SampleDatasetMLP.cpp:97]   --->   Operation 261 'getelementptr' 'weights_2_12_addr' <Predicate = true> <Delay = 0.00>
ST_49 : Operation 262 [2/2] (0.67ns)   --->   "%weights_2_12_load = load i4 %weights_2_12_addr" [../../../../HWSWAI/HLS/SampleDatasetMLP.cpp:97]   --->   Operation 262 'load' 'weights_2_12_load' <Predicate = true> <Delay = 0.67> <CoreInst = "ROM">   --->   Core 101 'ROM' <Latency = 1> <II = 1> <Delay = 0.67> <Storage> <Opcode : 'load'> <Ports = 0> <Width = 32> <Depth = 12> <ROM>

State 50 <SV = 49> <Delay = 6.43>
ST_50 : Operation 263 [4/4] (6.43ns)   --->   "%add3_10 = fadd i32 %add3_s, i32 %mul1_10" [../../../../HWSWAI/HLS/SampleDatasetMLP.cpp:97]   --->   Operation 263 'fadd' 'add3_10' <Predicate = true> <Delay = 6.43> <CoreInst = "FAddSub_fulldsp">   --->   Core 18 'FAddSub_fulldsp' <Latency = 3> <II = 1> <Delay = 6.43> <FuncUnit> <Opcode : 'fadd' 'fsub'> <InPorts = 2> <OutPorts = 1>
ST_50 : Operation 264 [1/2] (0.67ns)   --->   "%weights_2_12_load = load i4 %weights_2_12_addr" [../../../../HWSWAI/HLS/SampleDatasetMLP.cpp:97]   --->   Operation 264 'load' 'weights_2_12_load' <Predicate = true> <Delay = 0.67> <CoreInst = "ROM">   --->   Core 101 'ROM' <Latency = 1> <II = 1> <Delay = 0.67> <Storage> <Opcode : 'load'> <Ports = 0> <Width = 32> <Depth = 12> <ROM>

State 51 <SV = 50> <Delay = 7.01>
ST_51 : Operation 265 [3/4] (6.43ns)   --->   "%add3_10 = fadd i32 %add3_s, i32 %mul1_10" [../../../../HWSWAI/HLS/SampleDatasetMLP.cpp:97]   --->   Operation 265 'fadd' 'add3_10' <Predicate = true> <Delay = 6.43> <CoreInst = "FAddSub_fulldsp">   --->   Core 18 'FAddSub_fulldsp' <Latency = 3> <II = 1> <Delay = 6.43> <FuncUnit> <Opcode : 'fadd' 'fsub'> <InPorts = 2> <OutPorts = 1>
ST_51 : Operation 266 [3/3] (7.01ns)   --->   "%mul1_11 = fmul i32 %hidden_layer_1_load_12_read, i32 %weights_2_12_load" [../../../../HWSWAI/HLS/SampleDatasetMLP.cpp:97]   --->   Operation 266 'fmul' 'mul1_11' <Predicate = true> <Delay = 7.01> <CoreInst = "FMul_maxdsp">   --->   Core 30 'FMul_maxdsp' <Latency = 2> <II = 1> <Delay = 7.01> <FuncUnit> <Opcode : 'fmul'> <InPorts = 2> <OutPorts = 1>

State 52 <SV = 51> <Delay = 7.01>
ST_52 : Operation 267 [2/4] (6.43ns)   --->   "%add3_10 = fadd i32 %add3_s, i32 %mul1_10" [../../../../HWSWAI/HLS/SampleDatasetMLP.cpp:97]   --->   Operation 267 'fadd' 'add3_10' <Predicate = true> <Delay = 6.43> <CoreInst = "FAddSub_fulldsp">   --->   Core 18 'FAddSub_fulldsp' <Latency = 3> <II = 1> <Delay = 6.43> <FuncUnit> <Opcode : 'fadd' 'fsub'> <InPorts = 2> <OutPorts = 1>
ST_52 : Operation 268 [2/3] (7.01ns)   --->   "%mul1_11 = fmul i32 %hidden_layer_1_load_12_read, i32 %weights_2_12_load" [../../../../HWSWAI/HLS/SampleDatasetMLP.cpp:97]   --->   Operation 268 'fmul' 'mul1_11' <Predicate = true> <Delay = 7.01> <CoreInst = "FMul_maxdsp">   --->   Core 30 'FMul_maxdsp' <Latency = 2> <II = 1> <Delay = 7.01> <FuncUnit> <Opcode : 'fmul'> <InPorts = 2> <OutPorts = 1>

State 53 <SV = 52> <Delay = 7.01>
ST_53 : Operation 269 [1/4] (6.43ns)   --->   "%add3_10 = fadd i32 %add3_s, i32 %mul1_10" [../../../../HWSWAI/HLS/SampleDatasetMLP.cpp:97]   --->   Operation 269 'fadd' 'add3_10' <Predicate = true> <Delay = 6.43> <CoreInst = "FAddSub_fulldsp">   --->   Core 18 'FAddSub_fulldsp' <Latency = 3> <II = 1> <Delay = 6.43> <FuncUnit> <Opcode : 'fadd' 'fsub'> <InPorts = 2> <OutPorts = 1>
ST_53 : Operation 270 [1/3] (7.01ns)   --->   "%mul1_11 = fmul i32 %hidden_layer_1_load_12_read, i32 %weights_2_12_load" [../../../../HWSWAI/HLS/SampleDatasetMLP.cpp:97]   --->   Operation 270 'fmul' 'mul1_11' <Predicate = true> <Delay = 7.01> <CoreInst = "FMul_maxdsp">   --->   Core 30 'FMul_maxdsp' <Latency = 2> <II = 1> <Delay = 7.01> <FuncUnit> <Opcode : 'fmul'> <InPorts = 2> <OutPorts = 1>
ST_53 : Operation 271 [1/1] (0.00ns)   --->   "%weights_2_13_addr = getelementptr i32 %weights_2_13, i64 0, i64 %i_2_cast" [../../../../HWSWAI/HLS/SampleDatasetMLP.cpp:97]   --->   Operation 271 'getelementptr' 'weights_2_13_addr' <Predicate = true> <Delay = 0.00>
ST_53 : Operation 272 [2/2] (0.67ns)   --->   "%weights_2_13_load = load i4 %weights_2_13_addr" [../../../../HWSWAI/HLS/SampleDatasetMLP.cpp:97]   --->   Operation 272 'load' 'weights_2_13_load' <Predicate = true> <Delay = 0.67> <CoreInst = "ROM">   --->   Core 101 'ROM' <Latency = 1> <II = 1> <Delay = 0.67> <Storage> <Opcode : 'load'> <Ports = 0> <Width = 32> <Depth = 12> <ROM>

State 54 <SV = 53> <Delay = 6.43>
ST_54 : Operation 273 [4/4] (6.43ns)   --->   "%add3_11 = fadd i32 %add3_10, i32 %mul1_11" [../../../../HWSWAI/HLS/SampleDatasetMLP.cpp:97]   --->   Operation 273 'fadd' 'add3_11' <Predicate = true> <Delay = 6.43> <CoreInst = "FAddSub_fulldsp">   --->   Core 18 'FAddSub_fulldsp' <Latency = 3> <II = 1> <Delay = 6.43> <FuncUnit> <Opcode : 'fadd' 'fsub'> <InPorts = 2> <OutPorts = 1>
ST_54 : Operation 274 [1/2] (0.67ns)   --->   "%weights_2_13_load = load i4 %weights_2_13_addr" [../../../../HWSWAI/HLS/SampleDatasetMLP.cpp:97]   --->   Operation 274 'load' 'weights_2_13_load' <Predicate = true> <Delay = 0.67> <CoreInst = "ROM">   --->   Core 101 'ROM' <Latency = 1> <II = 1> <Delay = 0.67> <Storage> <Opcode : 'load'> <Ports = 0> <Width = 32> <Depth = 12> <ROM>

State 55 <SV = 54> <Delay = 7.01>
ST_55 : Operation 275 [3/4] (6.43ns)   --->   "%add3_11 = fadd i32 %add3_10, i32 %mul1_11" [../../../../HWSWAI/HLS/SampleDatasetMLP.cpp:97]   --->   Operation 275 'fadd' 'add3_11' <Predicate = true> <Delay = 6.43> <CoreInst = "FAddSub_fulldsp">   --->   Core 18 'FAddSub_fulldsp' <Latency = 3> <II = 1> <Delay = 6.43> <FuncUnit> <Opcode : 'fadd' 'fsub'> <InPorts = 2> <OutPorts = 1>
ST_55 : Operation 276 [3/3] (7.01ns)   --->   "%mul1_12 = fmul i32 %hidden_layer_1_load_13_read, i32 %weights_2_13_load" [../../../../HWSWAI/HLS/SampleDatasetMLP.cpp:97]   --->   Operation 276 'fmul' 'mul1_12' <Predicate = true> <Delay = 7.01> <CoreInst = "FMul_maxdsp">   --->   Core 30 'FMul_maxdsp' <Latency = 2> <II = 1> <Delay = 7.01> <FuncUnit> <Opcode : 'fmul'> <InPorts = 2> <OutPorts = 1>

State 56 <SV = 55> <Delay = 7.01>
ST_56 : Operation 277 [2/4] (6.43ns)   --->   "%add3_11 = fadd i32 %add3_10, i32 %mul1_11" [../../../../HWSWAI/HLS/SampleDatasetMLP.cpp:97]   --->   Operation 277 'fadd' 'add3_11' <Predicate = true> <Delay = 6.43> <CoreInst = "FAddSub_fulldsp">   --->   Core 18 'FAddSub_fulldsp' <Latency = 3> <II = 1> <Delay = 6.43> <FuncUnit> <Opcode : 'fadd' 'fsub'> <InPorts = 2> <OutPorts = 1>
ST_56 : Operation 278 [2/3] (7.01ns)   --->   "%mul1_12 = fmul i32 %hidden_layer_1_load_13_read, i32 %weights_2_13_load" [../../../../HWSWAI/HLS/SampleDatasetMLP.cpp:97]   --->   Operation 278 'fmul' 'mul1_12' <Predicate = true> <Delay = 7.01> <CoreInst = "FMul_maxdsp">   --->   Core 30 'FMul_maxdsp' <Latency = 2> <II = 1> <Delay = 7.01> <FuncUnit> <Opcode : 'fmul'> <InPorts = 2> <OutPorts = 1>

State 57 <SV = 56> <Delay = 7.01>
ST_57 : Operation 279 [1/4] (6.43ns)   --->   "%add3_11 = fadd i32 %add3_10, i32 %mul1_11" [../../../../HWSWAI/HLS/SampleDatasetMLP.cpp:97]   --->   Operation 279 'fadd' 'add3_11' <Predicate = true> <Delay = 6.43> <CoreInst = "FAddSub_fulldsp">   --->   Core 18 'FAddSub_fulldsp' <Latency = 3> <II = 1> <Delay = 6.43> <FuncUnit> <Opcode : 'fadd' 'fsub'> <InPorts = 2> <OutPorts = 1>
ST_57 : Operation 280 [1/3] (7.01ns)   --->   "%mul1_12 = fmul i32 %hidden_layer_1_load_13_read, i32 %weights_2_13_load" [../../../../HWSWAI/HLS/SampleDatasetMLP.cpp:97]   --->   Operation 280 'fmul' 'mul1_12' <Predicate = true> <Delay = 7.01> <CoreInst = "FMul_maxdsp">   --->   Core 30 'FMul_maxdsp' <Latency = 2> <II = 1> <Delay = 7.01> <FuncUnit> <Opcode : 'fmul'> <InPorts = 2> <OutPorts = 1>
ST_57 : Operation 281 [1/1] (0.00ns)   --->   "%weights_2_14_addr = getelementptr i32 %weights_2_14, i64 0, i64 %i_2_cast" [../../../../HWSWAI/HLS/SampleDatasetMLP.cpp:97]   --->   Operation 281 'getelementptr' 'weights_2_14_addr' <Predicate = true> <Delay = 0.00>
ST_57 : Operation 282 [2/2] (0.67ns)   --->   "%weights_2_14_load = load i4 %weights_2_14_addr" [../../../../HWSWAI/HLS/SampleDatasetMLP.cpp:97]   --->   Operation 282 'load' 'weights_2_14_load' <Predicate = true> <Delay = 0.67> <CoreInst = "ROM">   --->   Core 101 'ROM' <Latency = 1> <II = 1> <Delay = 0.67> <Storage> <Opcode : 'load'> <Ports = 0> <Width = 32> <Depth = 12> <ROM>

State 58 <SV = 57> <Delay = 6.43>
ST_58 : Operation 283 [4/4] (6.43ns)   --->   "%add3_12 = fadd i32 %add3_11, i32 %mul1_12" [../../../../HWSWAI/HLS/SampleDatasetMLP.cpp:97]   --->   Operation 283 'fadd' 'add3_12' <Predicate = true> <Delay = 6.43> <CoreInst = "FAddSub_fulldsp">   --->   Core 18 'FAddSub_fulldsp' <Latency = 3> <II = 1> <Delay = 6.43> <FuncUnit> <Opcode : 'fadd' 'fsub'> <InPorts = 2> <OutPorts = 1>
ST_58 : Operation 284 [1/2] (0.67ns)   --->   "%weights_2_14_load = load i4 %weights_2_14_addr" [../../../../HWSWAI/HLS/SampleDatasetMLP.cpp:97]   --->   Operation 284 'load' 'weights_2_14_load' <Predicate = true> <Delay = 0.67> <CoreInst = "ROM">   --->   Core 101 'ROM' <Latency = 1> <II = 1> <Delay = 0.67> <Storage> <Opcode : 'load'> <Ports = 0> <Width = 32> <Depth = 12> <ROM>

State 59 <SV = 58> <Delay = 7.01>
ST_59 : Operation 285 [3/4] (6.43ns)   --->   "%add3_12 = fadd i32 %add3_11, i32 %mul1_12" [../../../../HWSWAI/HLS/SampleDatasetMLP.cpp:97]   --->   Operation 285 'fadd' 'add3_12' <Predicate = true> <Delay = 6.43> <CoreInst = "FAddSub_fulldsp">   --->   Core 18 'FAddSub_fulldsp' <Latency = 3> <II = 1> <Delay = 6.43> <FuncUnit> <Opcode : 'fadd' 'fsub'> <InPorts = 2> <OutPorts = 1>
ST_59 : Operation 286 [3/3] (7.01ns)   --->   "%mul1_13 = fmul i32 %hidden_layer_1_load_14_read, i32 %weights_2_14_load" [../../../../HWSWAI/HLS/SampleDatasetMLP.cpp:97]   --->   Operation 286 'fmul' 'mul1_13' <Predicate = true> <Delay = 7.01> <CoreInst = "FMul_maxdsp">   --->   Core 30 'FMul_maxdsp' <Latency = 2> <II = 1> <Delay = 7.01> <FuncUnit> <Opcode : 'fmul'> <InPorts = 2> <OutPorts = 1>

State 60 <SV = 59> <Delay = 7.01>
ST_60 : Operation 287 [2/4] (6.43ns)   --->   "%add3_12 = fadd i32 %add3_11, i32 %mul1_12" [../../../../HWSWAI/HLS/SampleDatasetMLP.cpp:97]   --->   Operation 287 'fadd' 'add3_12' <Predicate = true> <Delay = 6.43> <CoreInst = "FAddSub_fulldsp">   --->   Core 18 'FAddSub_fulldsp' <Latency = 3> <II = 1> <Delay = 6.43> <FuncUnit> <Opcode : 'fadd' 'fsub'> <InPorts = 2> <OutPorts = 1>
ST_60 : Operation 288 [2/3] (7.01ns)   --->   "%mul1_13 = fmul i32 %hidden_layer_1_load_14_read, i32 %weights_2_14_load" [../../../../HWSWAI/HLS/SampleDatasetMLP.cpp:97]   --->   Operation 288 'fmul' 'mul1_13' <Predicate = true> <Delay = 7.01> <CoreInst = "FMul_maxdsp">   --->   Core 30 'FMul_maxdsp' <Latency = 2> <II = 1> <Delay = 7.01> <FuncUnit> <Opcode : 'fmul'> <InPorts = 2> <OutPorts = 1>

State 61 <SV = 60> <Delay = 7.01>
ST_61 : Operation 289 [1/4] (6.43ns)   --->   "%add3_12 = fadd i32 %add3_11, i32 %mul1_12" [../../../../HWSWAI/HLS/SampleDatasetMLP.cpp:97]   --->   Operation 289 'fadd' 'add3_12' <Predicate = true> <Delay = 6.43> <CoreInst = "FAddSub_fulldsp">   --->   Core 18 'FAddSub_fulldsp' <Latency = 3> <II = 1> <Delay = 6.43> <FuncUnit> <Opcode : 'fadd' 'fsub'> <InPorts = 2> <OutPorts = 1>
ST_61 : Operation 290 [1/3] (7.01ns)   --->   "%mul1_13 = fmul i32 %hidden_layer_1_load_14_read, i32 %weights_2_14_load" [../../../../HWSWAI/HLS/SampleDatasetMLP.cpp:97]   --->   Operation 290 'fmul' 'mul1_13' <Predicate = true> <Delay = 7.01> <CoreInst = "FMul_maxdsp">   --->   Core 30 'FMul_maxdsp' <Latency = 2> <II = 1> <Delay = 7.01> <FuncUnit> <Opcode : 'fmul'> <InPorts = 2> <OutPorts = 1>
ST_61 : Operation 291 [1/1] (0.00ns)   --->   "%weights_2_15_addr = getelementptr i32 %weights_2_15, i64 0, i64 %i_2_cast" [../../../../HWSWAI/HLS/SampleDatasetMLP.cpp:97]   --->   Operation 291 'getelementptr' 'weights_2_15_addr' <Predicate = true> <Delay = 0.00>
ST_61 : Operation 292 [2/2] (0.67ns)   --->   "%weights_2_15_load = load i4 %weights_2_15_addr" [../../../../HWSWAI/HLS/SampleDatasetMLP.cpp:97]   --->   Operation 292 'load' 'weights_2_15_load' <Predicate = true> <Delay = 0.67> <CoreInst = "ROM">   --->   Core 101 'ROM' <Latency = 1> <II = 1> <Delay = 0.67> <Storage> <Opcode : 'load'> <Ports = 0> <Width = 32> <Depth = 12> <ROM>

State 62 <SV = 61> <Delay = 6.43>
ST_62 : Operation 293 [4/4] (6.43ns)   --->   "%add3_13 = fadd i32 %add3_12, i32 %mul1_13" [../../../../HWSWAI/HLS/SampleDatasetMLP.cpp:97]   --->   Operation 293 'fadd' 'add3_13' <Predicate = true> <Delay = 6.43> <CoreInst = "FAddSub_fulldsp">   --->   Core 18 'FAddSub_fulldsp' <Latency = 3> <II = 1> <Delay = 6.43> <FuncUnit> <Opcode : 'fadd' 'fsub'> <InPorts = 2> <OutPorts = 1>
ST_62 : Operation 294 [1/2] (0.67ns)   --->   "%weights_2_15_load = load i4 %weights_2_15_addr" [../../../../HWSWAI/HLS/SampleDatasetMLP.cpp:97]   --->   Operation 294 'load' 'weights_2_15_load' <Predicate = true> <Delay = 0.67> <CoreInst = "ROM">   --->   Core 101 'ROM' <Latency = 1> <II = 1> <Delay = 0.67> <Storage> <Opcode : 'load'> <Ports = 0> <Width = 32> <Depth = 12> <ROM>

State 63 <SV = 62> <Delay = 7.01>
ST_63 : Operation 295 [3/4] (6.43ns)   --->   "%add3_13 = fadd i32 %add3_12, i32 %mul1_13" [../../../../HWSWAI/HLS/SampleDatasetMLP.cpp:97]   --->   Operation 295 'fadd' 'add3_13' <Predicate = true> <Delay = 6.43> <CoreInst = "FAddSub_fulldsp">   --->   Core 18 'FAddSub_fulldsp' <Latency = 3> <II = 1> <Delay = 6.43> <FuncUnit> <Opcode : 'fadd' 'fsub'> <InPorts = 2> <OutPorts = 1>
ST_63 : Operation 296 [3/3] (7.01ns)   --->   "%mul1_14 = fmul i32 %hidden_layer_1_load_15_read, i32 %weights_2_15_load" [../../../../HWSWAI/HLS/SampleDatasetMLP.cpp:97]   --->   Operation 296 'fmul' 'mul1_14' <Predicate = true> <Delay = 7.01> <CoreInst = "FMul_maxdsp">   --->   Core 30 'FMul_maxdsp' <Latency = 2> <II = 1> <Delay = 7.01> <FuncUnit> <Opcode : 'fmul'> <InPorts = 2> <OutPorts = 1>

State 64 <SV = 63> <Delay = 7.01>
ST_64 : Operation 297 [2/4] (6.43ns)   --->   "%add3_13 = fadd i32 %add3_12, i32 %mul1_13" [../../../../HWSWAI/HLS/SampleDatasetMLP.cpp:97]   --->   Operation 297 'fadd' 'add3_13' <Predicate = true> <Delay = 6.43> <CoreInst = "FAddSub_fulldsp">   --->   Core 18 'FAddSub_fulldsp' <Latency = 3> <II = 1> <Delay = 6.43> <FuncUnit> <Opcode : 'fadd' 'fsub'> <InPorts = 2> <OutPorts = 1>
ST_64 : Operation 298 [2/3] (7.01ns)   --->   "%mul1_14 = fmul i32 %hidden_layer_1_load_15_read, i32 %weights_2_15_load" [../../../../HWSWAI/HLS/SampleDatasetMLP.cpp:97]   --->   Operation 298 'fmul' 'mul1_14' <Predicate = true> <Delay = 7.01> <CoreInst = "FMul_maxdsp">   --->   Core 30 'FMul_maxdsp' <Latency = 2> <II = 1> <Delay = 7.01> <FuncUnit> <Opcode : 'fmul'> <InPorts = 2> <OutPorts = 1>

State 65 <SV = 64> <Delay = 7.01>
ST_65 : Operation 299 [1/4] (6.43ns)   --->   "%add3_13 = fadd i32 %add3_12, i32 %mul1_13" [../../../../HWSWAI/HLS/SampleDatasetMLP.cpp:97]   --->   Operation 299 'fadd' 'add3_13' <Predicate = true> <Delay = 6.43> <CoreInst = "FAddSub_fulldsp">   --->   Core 18 'FAddSub_fulldsp' <Latency = 3> <II = 1> <Delay = 6.43> <FuncUnit> <Opcode : 'fadd' 'fsub'> <InPorts = 2> <OutPorts = 1>
ST_65 : Operation 300 [1/3] (7.01ns)   --->   "%mul1_14 = fmul i32 %hidden_layer_1_load_15_read, i32 %weights_2_15_load" [../../../../HWSWAI/HLS/SampleDatasetMLP.cpp:97]   --->   Operation 300 'fmul' 'mul1_14' <Predicate = true> <Delay = 7.01> <CoreInst = "FMul_maxdsp">   --->   Core 30 'FMul_maxdsp' <Latency = 2> <II = 1> <Delay = 7.01> <FuncUnit> <Opcode : 'fmul'> <InPorts = 2> <OutPorts = 1>
ST_65 : Operation 301 [1/1] (0.00ns)   --->   "%weights_2_16_addr = getelementptr i32 %weights_2_16, i64 0, i64 %i_2_cast" [../../../../HWSWAI/HLS/SampleDatasetMLP.cpp:97]   --->   Operation 301 'getelementptr' 'weights_2_16_addr' <Predicate = true> <Delay = 0.00>
ST_65 : Operation 302 [2/2] (0.67ns)   --->   "%weights_2_16_load = load i4 %weights_2_16_addr" [../../../../HWSWAI/HLS/SampleDatasetMLP.cpp:97]   --->   Operation 302 'load' 'weights_2_16_load' <Predicate = true> <Delay = 0.67> <CoreInst = "ROM">   --->   Core 101 'ROM' <Latency = 1> <II = 1> <Delay = 0.67> <Storage> <Opcode : 'load'> <Ports = 0> <Width = 32> <Depth = 12> <ROM>

State 66 <SV = 65> <Delay = 6.43>
ST_66 : Operation 303 [4/4] (6.43ns)   --->   "%add3_14 = fadd i32 %add3_13, i32 %mul1_14" [../../../../HWSWAI/HLS/SampleDatasetMLP.cpp:97]   --->   Operation 303 'fadd' 'add3_14' <Predicate = true> <Delay = 6.43> <CoreInst = "FAddSub_fulldsp">   --->   Core 18 'FAddSub_fulldsp' <Latency = 3> <II = 1> <Delay = 6.43> <FuncUnit> <Opcode : 'fadd' 'fsub'> <InPorts = 2> <OutPorts = 1>
ST_66 : Operation 304 [1/2] (0.67ns)   --->   "%weights_2_16_load = load i4 %weights_2_16_addr" [../../../../HWSWAI/HLS/SampleDatasetMLP.cpp:97]   --->   Operation 304 'load' 'weights_2_16_load' <Predicate = true> <Delay = 0.67> <CoreInst = "ROM">   --->   Core 101 'ROM' <Latency = 1> <II = 1> <Delay = 0.67> <Storage> <Opcode : 'load'> <Ports = 0> <Width = 32> <Depth = 12> <ROM>

State 67 <SV = 66> <Delay = 7.01>
ST_67 : Operation 305 [3/4] (6.43ns)   --->   "%add3_14 = fadd i32 %add3_13, i32 %mul1_14" [../../../../HWSWAI/HLS/SampleDatasetMLP.cpp:97]   --->   Operation 305 'fadd' 'add3_14' <Predicate = true> <Delay = 6.43> <CoreInst = "FAddSub_fulldsp">   --->   Core 18 'FAddSub_fulldsp' <Latency = 3> <II = 1> <Delay = 6.43> <FuncUnit> <Opcode : 'fadd' 'fsub'> <InPorts = 2> <OutPorts = 1>
ST_67 : Operation 306 [3/3] (7.01ns)   --->   "%mul1_15 = fmul i32 %hidden_layer_1_load_16_read, i32 %weights_2_16_load" [../../../../HWSWAI/HLS/SampleDatasetMLP.cpp:97]   --->   Operation 306 'fmul' 'mul1_15' <Predicate = true> <Delay = 7.01> <CoreInst = "FMul_maxdsp">   --->   Core 30 'FMul_maxdsp' <Latency = 2> <II = 1> <Delay = 7.01> <FuncUnit> <Opcode : 'fmul'> <InPorts = 2> <OutPorts = 1>

State 68 <SV = 67> <Delay = 7.01>
ST_68 : Operation 307 [2/4] (6.43ns)   --->   "%add3_14 = fadd i32 %add3_13, i32 %mul1_14" [../../../../HWSWAI/HLS/SampleDatasetMLP.cpp:97]   --->   Operation 307 'fadd' 'add3_14' <Predicate = true> <Delay = 6.43> <CoreInst = "FAddSub_fulldsp">   --->   Core 18 'FAddSub_fulldsp' <Latency = 3> <II = 1> <Delay = 6.43> <FuncUnit> <Opcode : 'fadd' 'fsub'> <InPorts = 2> <OutPorts = 1>
ST_68 : Operation 308 [2/3] (7.01ns)   --->   "%mul1_15 = fmul i32 %hidden_layer_1_load_16_read, i32 %weights_2_16_load" [../../../../HWSWAI/HLS/SampleDatasetMLP.cpp:97]   --->   Operation 308 'fmul' 'mul1_15' <Predicate = true> <Delay = 7.01> <CoreInst = "FMul_maxdsp">   --->   Core 30 'FMul_maxdsp' <Latency = 2> <II = 1> <Delay = 7.01> <FuncUnit> <Opcode : 'fmul'> <InPorts = 2> <OutPorts = 1>

State 69 <SV = 68> <Delay = 7.01>
ST_69 : Operation 309 [1/4] (6.43ns)   --->   "%add3_14 = fadd i32 %add3_13, i32 %mul1_14" [../../../../HWSWAI/HLS/SampleDatasetMLP.cpp:97]   --->   Operation 309 'fadd' 'add3_14' <Predicate = true> <Delay = 6.43> <CoreInst = "FAddSub_fulldsp">   --->   Core 18 'FAddSub_fulldsp' <Latency = 3> <II = 1> <Delay = 6.43> <FuncUnit> <Opcode : 'fadd' 'fsub'> <InPorts = 2> <OutPorts = 1>
ST_69 : Operation 310 [1/3] (7.01ns)   --->   "%mul1_15 = fmul i32 %hidden_layer_1_load_16_read, i32 %weights_2_16_load" [../../../../HWSWAI/HLS/SampleDatasetMLP.cpp:97]   --->   Operation 310 'fmul' 'mul1_15' <Predicate = true> <Delay = 7.01> <CoreInst = "FMul_maxdsp">   --->   Core 30 'FMul_maxdsp' <Latency = 2> <II = 1> <Delay = 7.01> <FuncUnit> <Opcode : 'fmul'> <InPorts = 2> <OutPorts = 1>
ST_69 : Operation 311 [1/1] (0.00ns)   --->   "%weights_2_17_addr = getelementptr i32 %weights_2_17, i64 0, i64 %i_2_cast" [../../../../HWSWAI/HLS/SampleDatasetMLP.cpp:97]   --->   Operation 311 'getelementptr' 'weights_2_17_addr' <Predicate = true> <Delay = 0.00>
ST_69 : Operation 312 [2/2] (0.67ns)   --->   "%weights_2_17_load = load i4 %weights_2_17_addr" [../../../../HWSWAI/HLS/SampleDatasetMLP.cpp:97]   --->   Operation 312 'load' 'weights_2_17_load' <Predicate = true> <Delay = 0.67> <CoreInst = "ROM">   --->   Core 101 'ROM' <Latency = 1> <II = 1> <Delay = 0.67> <Storage> <Opcode : 'load'> <Ports = 0> <Width = 32> <Depth = 12> <ROM>

State 70 <SV = 69> <Delay = 6.43>
ST_70 : Operation 313 [4/4] (6.43ns)   --->   "%add3_15 = fadd i32 %add3_14, i32 %mul1_15" [../../../../HWSWAI/HLS/SampleDatasetMLP.cpp:97]   --->   Operation 313 'fadd' 'add3_15' <Predicate = true> <Delay = 6.43> <CoreInst = "FAddSub_fulldsp">   --->   Core 18 'FAddSub_fulldsp' <Latency = 3> <II = 1> <Delay = 6.43> <FuncUnit> <Opcode : 'fadd' 'fsub'> <InPorts = 2> <OutPorts = 1>
ST_70 : Operation 314 [1/2] (0.67ns)   --->   "%weights_2_17_load = load i4 %weights_2_17_addr" [../../../../HWSWAI/HLS/SampleDatasetMLP.cpp:97]   --->   Operation 314 'load' 'weights_2_17_load' <Predicate = true> <Delay = 0.67> <CoreInst = "ROM">   --->   Core 101 'ROM' <Latency = 1> <II = 1> <Delay = 0.67> <Storage> <Opcode : 'load'> <Ports = 0> <Width = 32> <Depth = 12> <ROM>

State 71 <SV = 70> <Delay = 7.01>
ST_71 : Operation 315 [3/4] (6.43ns)   --->   "%add3_15 = fadd i32 %add3_14, i32 %mul1_15" [../../../../HWSWAI/HLS/SampleDatasetMLP.cpp:97]   --->   Operation 315 'fadd' 'add3_15' <Predicate = true> <Delay = 6.43> <CoreInst = "FAddSub_fulldsp">   --->   Core 18 'FAddSub_fulldsp' <Latency = 3> <II = 1> <Delay = 6.43> <FuncUnit> <Opcode : 'fadd' 'fsub'> <InPorts = 2> <OutPorts = 1>
ST_71 : Operation 316 [3/3] (7.01ns)   --->   "%mul1_16 = fmul i32 %hidden_layer_1_load_17_read, i32 %weights_2_17_load" [../../../../HWSWAI/HLS/SampleDatasetMLP.cpp:97]   --->   Operation 316 'fmul' 'mul1_16' <Predicate = true> <Delay = 7.01> <CoreInst = "FMul_maxdsp">   --->   Core 30 'FMul_maxdsp' <Latency = 2> <II = 1> <Delay = 7.01> <FuncUnit> <Opcode : 'fmul'> <InPorts = 2> <OutPorts = 1>

State 72 <SV = 71> <Delay = 7.01>
ST_72 : Operation 317 [2/4] (6.43ns)   --->   "%add3_15 = fadd i32 %add3_14, i32 %mul1_15" [../../../../HWSWAI/HLS/SampleDatasetMLP.cpp:97]   --->   Operation 317 'fadd' 'add3_15' <Predicate = true> <Delay = 6.43> <CoreInst = "FAddSub_fulldsp">   --->   Core 18 'FAddSub_fulldsp' <Latency = 3> <II = 1> <Delay = 6.43> <FuncUnit> <Opcode : 'fadd' 'fsub'> <InPorts = 2> <OutPorts = 1>
ST_72 : Operation 318 [2/3] (7.01ns)   --->   "%mul1_16 = fmul i32 %hidden_layer_1_load_17_read, i32 %weights_2_17_load" [../../../../HWSWAI/HLS/SampleDatasetMLP.cpp:97]   --->   Operation 318 'fmul' 'mul1_16' <Predicate = true> <Delay = 7.01> <CoreInst = "FMul_maxdsp">   --->   Core 30 'FMul_maxdsp' <Latency = 2> <II = 1> <Delay = 7.01> <FuncUnit> <Opcode : 'fmul'> <InPorts = 2> <OutPorts = 1>

State 73 <SV = 72> <Delay = 7.01>
ST_73 : Operation 319 [1/4] (6.43ns)   --->   "%add3_15 = fadd i32 %add3_14, i32 %mul1_15" [../../../../HWSWAI/HLS/SampleDatasetMLP.cpp:97]   --->   Operation 319 'fadd' 'add3_15' <Predicate = true> <Delay = 6.43> <CoreInst = "FAddSub_fulldsp">   --->   Core 18 'FAddSub_fulldsp' <Latency = 3> <II = 1> <Delay = 6.43> <FuncUnit> <Opcode : 'fadd' 'fsub'> <InPorts = 2> <OutPorts = 1>
ST_73 : Operation 320 [1/3] (7.01ns)   --->   "%mul1_16 = fmul i32 %hidden_layer_1_load_17_read, i32 %weights_2_17_load" [../../../../HWSWAI/HLS/SampleDatasetMLP.cpp:97]   --->   Operation 320 'fmul' 'mul1_16' <Predicate = true> <Delay = 7.01> <CoreInst = "FMul_maxdsp">   --->   Core 30 'FMul_maxdsp' <Latency = 2> <II = 1> <Delay = 7.01> <FuncUnit> <Opcode : 'fmul'> <InPorts = 2> <OutPorts = 1>
ST_73 : Operation 321 [1/1] (0.00ns)   --->   "%weights_2_18_addr = getelementptr i32 %weights_2_18, i64 0, i64 %i_2_cast" [../../../../HWSWAI/HLS/SampleDatasetMLP.cpp:97]   --->   Operation 321 'getelementptr' 'weights_2_18_addr' <Predicate = true> <Delay = 0.00>
ST_73 : Operation 322 [2/2] (0.67ns)   --->   "%weights_2_18_load = load i4 %weights_2_18_addr" [../../../../HWSWAI/HLS/SampleDatasetMLP.cpp:97]   --->   Operation 322 'load' 'weights_2_18_load' <Predicate = true> <Delay = 0.67> <CoreInst = "ROM">   --->   Core 101 'ROM' <Latency = 1> <II = 1> <Delay = 0.67> <Storage> <Opcode : 'load'> <Ports = 0> <Width = 32> <Depth = 12> <ROM>

State 74 <SV = 73> <Delay = 6.43>
ST_74 : Operation 323 [4/4] (6.43ns)   --->   "%add3_16 = fadd i32 %add3_15, i32 %mul1_16" [../../../../HWSWAI/HLS/SampleDatasetMLP.cpp:97]   --->   Operation 323 'fadd' 'add3_16' <Predicate = true> <Delay = 6.43> <CoreInst = "FAddSub_fulldsp">   --->   Core 18 'FAddSub_fulldsp' <Latency = 3> <II = 1> <Delay = 6.43> <FuncUnit> <Opcode : 'fadd' 'fsub'> <InPorts = 2> <OutPorts = 1>
ST_74 : Operation 324 [1/2] (0.67ns)   --->   "%weights_2_18_load = load i4 %weights_2_18_addr" [../../../../HWSWAI/HLS/SampleDatasetMLP.cpp:97]   --->   Operation 324 'load' 'weights_2_18_load' <Predicate = true> <Delay = 0.67> <CoreInst = "ROM">   --->   Core 101 'ROM' <Latency = 1> <II = 1> <Delay = 0.67> <Storage> <Opcode : 'load'> <Ports = 0> <Width = 32> <Depth = 12> <ROM>

State 75 <SV = 74> <Delay = 7.01>
ST_75 : Operation 325 [3/4] (6.43ns)   --->   "%add3_16 = fadd i32 %add3_15, i32 %mul1_16" [../../../../HWSWAI/HLS/SampleDatasetMLP.cpp:97]   --->   Operation 325 'fadd' 'add3_16' <Predicate = true> <Delay = 6.43> <CoreInst = "FAddSub_fulldsp">   --->   Core 18 'FAddSub_fulldsp' <Latency = 3> <II = 1> <Delay = 6.43> <FuncUnit> <Opcode : 'fadd' 'fsub'> <InPorts = 2> <OutPorts = 1>
ST_75 : Operation 326 [3/3] (7.01ns)   --->   "%mul1_17 = fmul i32 %hidden_layer_1_load_18_read, i32 %weights_2_18_load" [../../../../HWSWAI/HLS/SampleDatasetMLP.cpp:97]   --->   Operation 326 'fmul' 'mul1_17' <Predicate = true> <Delay = 7.01> <CoreInst = "FMul_maxdsp">   --->   Core 30 'FMul_maxdsp' <Latency = 2> <II = 1> <Delay = 7.01> <FuncUnit> <Opcode : 'fmul'> <InPorts = 2> <OutPorts = 1>

State 76 <SV = 75> <Delay = 7.01>
ST_76 : Operation 327 [2/4] (6.43ns)   --->   "%add3_16 = fadd i32 %add3_15, i32 %mul1_16" [../../../../HWSWAI/HLS/SampleDatasetMLP.cpp:97]   --->   Operation 327 'fadd' 'add3_16' <Predicate = true> <Delay = 6.43> <CoreInst = "FAddSub_fulldsp">   --->   Core 18 'FAddSub_fulldsp' <Latency = 3> <II = 1> <Delay = 6.43> <FuncUnit> <Opcode : 'fadd' 'fsub'> <InPorts = 2> <OutPorts = 1>
ST_76 : Operation 328 [2/3] (7.01ns)   --->   "%mul1_17 = fmul i32 %hidden_layer_1_load_18_read, i32 %weights_2_18_load" [../../../../HWSWAI/HLS/SampleDatasetMLP.cpp:97]   --->   Operation 328 'fmul' 'mul1_17' <Predicate = true> <Delay = 7.01> <CoreInst = "FMul_maxdsp">   --->   Core 30 'FMul_maxdsp' <Latency = 2> <II = 1> <Delay = 7.01> <FuncUnit> <Opcode : 'fmul'> <InPorts = 2> <OutPorts = 1>

State 77 <SV = 76> <Delay = 7.01>
ST_77 : Operation 329 [1/4] (6.43ns)   --->   "%add3_16 = fadd i32 %add3_15, i32 %mul1_16" [../../../../HWSWAI/HLS/SampleDatasetMLP.cpp:97]   --->   Operation 329 'fadd' 'add3_16' <Predicate = true> <Delay = 6.43> <CoreInst = "FAddSub_fulldsp">   --->   Core 18 'FAddSub_fulldsp' <Latency = 3> <II = 1> <Delay = 6.43> <FuncUnit> <Opcode : 'fadd' 'fsub'> <InPorts = 2> <OutPorts = 1>
ST_77 : Operation 330 [1/3] (7.01ns)   --->   "%mul1_17 = fmul i32 %hidden_layer_1_load_18_read, i32 %weights_2_18_load" [../../../../HWSWAI/HLS/SampleDatasetMLP.cpp:97]   --->   Operation 330 'fmul' 'mul1_17' <Predicate = true> <Delay = 7.01> <CoreInst = "FMul_maxdsp">   --->   Core 30 'FMul_maxdsp' <Latency = 2> <II = 1> <Delay = 7.01> <FuncUnit> <Opcode : 'fmul'> <InPorts = 2> <OutPorts = 1>
ST_77 : Operation 331 [1/1] (0.00ns)   --->   "%weights_2_19_addr = getelementptr i32 %weights_2_19, i64 0, i64 %i_2_cast" [../../../../HWSWAI/HLS/SampleDatasetMLP.cpp:97]   --->   Operation 331 'getelementptr' 'weights_2_19_addr' <Predicate = true> <Delay = 0.00>
ST_77 : Operation 332 [2/2] (0.67ns)   --->   "%weights_2_19_load = load i4 %weights_2_19_addr" [../../../../HWSWAI/HLS/SampleDatasetMLP.cpp:97]   --->   Operation 332 'load' 'weights_2_19_load' <Predicate = true> <Delay = 0.67> <CoreInst = "ROM">   --->   Core 101 'ROM' <Latency = 1> <II = 1> <Delay = 0.67> <Storage> <Opcode : 'load'> <Ports = 0> <Width = 32> <Depth = 12> <ROM>

State 78 <SV = 77> <Delay = 6.43>
ST_78 : Operation 333 [4/4] (6.43ns)   --->   "%add3_17 = fadd i32 %add3_16, i32 %mul1_17" [../../../../HWSWAI/HLS/SampleDatasetMLP.cpp:97]   --->   Operation 333 'fadd' 'add3_17' <Predicate = true> <Delay = 6.43> <CoreInst = "FAddSub_fulldsp">   --->   Core 18 'FAddSub_fulldsp' <Latency = 3> <II = 1> <Delay = 6.43> <FuncUnit> <Opcode : 'fadd' 'fsub'> <InPorts = 2> <OutPorts = 1>
ST_78 : Operation 334 [1/2] (0.67ns)   --->   "%weights_2_19_load = load i4 %weights_2_19_addr" [../../../../HWSWAI/HLS/SampleDatasetMLP.cpp:97]   --->   Operation 334 'load' 'weights_2_19_load' <Predicate = true> <Delay = 0.67> <CoreInst = "ROM">   --->   Core 101 'ROM' <Latency = 1> <II = 1> <Delay = 0.67> <Storage> <Opcode : 'load'> <Ports = 0> <Width = 32> <Depth = 12> <ROM>

State 79 <SV = 78> <Delay = 7.01>
ST_79 : Operation 335 [3/4] (6.43ns)   --->   "%add3_17 = fadd i32 %add3_16, i32 %mul1_17" [../../../../HWSWAI/HLS/SampleDatasetMLP.cpp:97]   --->   Operation 335 'fadd' 'add3_17' <Predicate = true> <Delay = 6.43> <CoreInst = "FAddSub_fulldsp">   --->   Core 18 'FAddSub_fulldsp' <Latency = 3> <II = 1> <Delay = 6.43> <FuncUnit> <Opcode : 'fadd' 'fsub'> <InPorts = 2> <OutPorts = 1>
ST_79 : Operation 336 [3/3] (7.01ns)   --->   "%mul1_18 = fmul i32 %hidden_layer_1_load_19_read, i32 %weights_2_19_load" [../../../../HWSWAI/HLS/SampleDatasetMLP.cpp:97]   --->   Operation 336 'fmul' 'mul1_18' <Predicate = true> <Delay = 7.01> <CoreInst = "FMul_maxdsp">   --->   Core 30 'FMul_maxdsp' <Latency = 2> <II = 1> <Delay = 7.01> <FuncUnit> <Opcode : 'fmul'> <InPorts = 2> <OutPorts = 1>

State 80 <SV = 79> <Delay = 7.01>
ST_80 : Operation 337 [2/4] (6.43ns)   --->   "%add3_17 = fadd i32 %add3_16, i32 %mul1_17" [../../../../HWSWAI/HLS/SampleDatasetMLP.cpp:97]   --->   Operation 337 'fadd' 'add3_17' <Predicate = true> <Delay = 6.43> <CoreInst = "FAddSub_fulldsp">   --->   Core 18 'FAddSub_fulldsp' <Latency = 3> <II = 1> <Delay = 6.43> <FuncUnit> <Opcode : 'fadd' 'fsub'> <InPorts = 2> <OutPorts = 1>
ST_80 : Operation 338 [2/3] (7.01ns)   --->   "%mul1_18 = fmul i32 %hidden_layer_1_load_19_read, i32 %weights_2_19_load" [../../../../HWSWAI/HLS/SampleDatasetMLP.cpp:97]   --->   Operation 338 'fmul' 'mul1_18' <Predicate = true> <Delay = 7.01> <CoreInst = "FMul_maxdsp">   --->   Core 30 'FMul_maxdsp' <Latency = 2> <II = 1> <Delay = 7.01> <FuncUnit> <Opcode : 'fmul'> <InPorts = 2> <OutPorts = 1>

State 81 <SV = 80> <Delay = 7.01>
ST_81 : Operation 339 [1/4] (6.43ns)   --->   "%add3_17 = fadd i32 %add3_16, i32 %mul1_17" [../../../../HWSWAI/HLS/SampleDatasetMLP.cpp:97]   --->   Operation 339 'fadd' 'add3_17' <Predicate = true> <Delay = 6.43> <CoreInst = "FAddSub_fulldsp">   --->   Core 18 'FAddSub_fulldsp' <Latency = 3> <II = 1> <Delay = 6.43> <FuncUnit> <Opcode : 'fadd' 'fsub'> <InPorts = 2> <OutPorts = 1>
ST_81 : Operation 340 [1/3] (7.01ns)   --->   "%mul1_18 = fmul i32 %hidden_layer_1_load_19_read, i32 %weights_2_19_load" [../../../../HWSWAI/HLS/SampleDatasetMLP.cpp:97]   --->   Operation 340 'fmul' 'mul1_18' <Predicate = true> <Delay = 7.01> <CoreInst = "FMul_maxdsp">   --->   Core 30 'FMul_maxdsp' <Latency = 2> <II = 1> <Delay = 7.01> <FuncUnit> <Opcode : 'fmul'> <InPorts = 2> <OutPorts = 1>
ST_81 : Operation 341 [1/1] (0.00ns)   --->   "%weights_2_20_addr = getelementptr i32 %weights_2_20, i64 0, i64 %i_2_cast" [../../../../HWSWAI/HLS/SampleDatasetMLP.cpp:97]   --->   Operation 341 'getelementptr' 'weights_2_20_addr' <Predicate = true> <Delay = 0.00>
ST_81 : Operation 342 [2/2] (0.67ns)   --->   "%weights_2_20_load = load i4 %weights_2_20_addr" [../../../../HWSWAI/HLS/SampleDatasetMLP.cpp:97]   --->   Operation 342 'load' 'weights_2_20_load' <Predicate = true> <Delay = 0.67> <CoreInst = "ROM">   --->   Core 101 'ROM' <Latency = 1> <II = 1> <Delay = 0.67> <Storage> <Opcode : 'load'> <Ports = 0> <Width = 32> <Depth = 12> <ROM>

State 82 <SV = 81> <Delay = 6.43>
ST_82 : Operation 343 [4/4] (6.43ns)   --->   "%add3_18 = fadd i32 %add3_17, i32 %mul1_18" [../../../../HWSWAI/HLS/SampleDatasetMLP.cpp:97]   --->   Operation 343 'fadd' 'add3_18' <Predicate = true> <Delay = 6.43> <CoreInst = "FAddSub_fulldsp">   --->   Core 18 'FAddSub_fulldsp' <Latency = 3> <II = 1> <Delay = 6.43> <FuncUnit> <Opcode : 'fadd' 'fsub'> <InPorts = 2> <OutPorts = 1>
ST_82 : Operation 344 [1/2] (0.67ns)   --->   "%weights_2_20_load = load i4 %weights_2_20_addr" [../../../../HWSWAI/HLS/SampleDatasetMLP.cpp:97]   --->   Operation 344 'load' 'weights_2_20_load' <Predicate = true> <Delay = 0.67> <CoreInst = "ROM">   --->   Core 101 'ROM' <Latency = 1> <II = 1> <Delay = 0.67> <Storage> <Opcode : 'load'> <Ports = 0> <Width = 32> <Depth = 12> <ROM>

State 83 <SV = 82> <Delay = 7.01>
ST_83 : Operation 345 [3/4] (6.43ns)   --->   "%add3_18 = fadd i32 %add3_17, i32 %mul1_18" [../../../../HWSWAI/HLS/SampleDatasetMLP.cpp:97]   --->   Operation 345 'fadd' 'add3_18' <Predicate = true> <Delay = 6.43> <CoreInst = "FAddSub_fulldsp">   --->   Core 18 'FAddSub_fulldsp' <Latency = 3> <II = 1> <Delay = 6.43> <FuncUnit> <Opcode : 'fadd' 'fsub'> <InPorts = 2> <OutPorts = 1>
ST_83 : Operation 346 [3/3] (7.01ns)   --->   "%mul1_19 = fmul i32 %hidden_layer_1_load_20_read, i32 %weights_2_20_load" [../../../../HWSWAI/HLS/SampleDatasetMLP.cpp:97]   --->   Operation 346 'fmul' 'mul1_19' <Predicate = true> <Delay = 7.01> <CoreInst = "FMul_maxdsp">   --->   Core 30 'FMul_maxdsp' <Latency = 2> <II = 1> <Delay = 7.01> <FuncUnit> <Opcode : 'fmul'> <InPorts = 2> <OutPorts = 1>

State 84 <SV = 83> <Delay = 7.01>
ST_84 : Operation 347 [2/4] (6.43ns)   --->   "%add3_18 = fadd i32 %add3_17, i32 %mul1_18" [../../../../HWSWAI/HLS/SampleDatasetMLP.cpp:97]   --->   Operation 347 'fadd' 'add3_18' <Predicate = true> <Delay = 6.43> <CoreInst = "FAddSub_fulldsp">   --->   Core 18 'FAddSub_fulldsp' <Latency = 3> <II = 1> <Delay = 6.43> <FuncUnit> <Opcode : 'fadd' 'fsub'> <InPorts = 2> <OutPorts = 1>
ST_84 : Operation 348 [2/3] (7.01ns)   --->   "%mul1_19 = fmul i32 %hidden_layer_1_load_20_read, i32 %weights_2_20_load" [../../../../HWSWAI/HLS/SampleDatasetMLP.cpp:97]   --->   Operation 348 'fmul' 'mul1_19' <Predicate = true> <Delay = 7.01> <CoreInst = "FMul_maxdsp">   --->   Core 30 'FMul_maxdsp' <Latency = 2> <II = 1> <Delay = 7.01> <FuncUnit> <Opcode : 'fmul'> <InPorts = 2> <OutPorts = 1>

State 85 <SV = 84> <Delay = 7.01>
ST_85 : Operation 349 [1/4] (6.43ns)   --->   "%add3_18 = fadd i32 %add3_17, i32 %mul1_18" [../../../../HWSWAI/HLS/SampleDatasetMLP.cpp:97]   --->   Operation 349 'fadd' 'add3_18' <Predicate = true> <Delay = 6.43> <CoreInst = "FAddSub_fulldsp">   --->   Core 18 'FAddSub_fulldsp' <Latency = 3> <II = 1> <Delay = 6.43> <FuncUnit> <Opcode : 'fadd' 'fsub'> <InPorts = 2> <OutPorts = 1>
ST_85 : Operation 350 [1/3] (7.01ns)   --->   "%mul1_19 = fmul i32 %hidden_layer_1_load_20_read, i32 %weights_2_20_load" [../../../../HWSWAI/HLS/SampleDatasetMLP.cpp:97]   --->   Operation 350 'fmul' 'mul1_19' <Predicate = true> <Delay = 7.01> <CoreInst = "FMul_maxdsp">   --->   Core 30 'FMul_maxdsp' <Latency = 2> <II = 1> <Delay = 7.01> <FuncUnit> <Opcode : 'fmul'> <InPorts = 2> <OutPorts = 1>
ST_85 : Operation 351 [1/1] (0.00ns)   --->   "%weights_2_21_addr = getelementptr i32 %weights_2_21, i64 0, i64 %i_2_cast" [../../../../HWSWAI/HLS/SampleDatasetMLP.cpp:97]   --->   Operation 351 'getelementptr' 'weights_2_21_addr' <Predicate = true> <Delay = 0.00>
ST_85 : Operation 352 [2/2] (0.67ns)   --->   "%weights_2_21_load = load i4 %weights_2_21_addr" [../../../../HWSWAI/HLS/SampleDatasetMLP.cpp:97]   --->   Operation 352 'load' 'weights_2_21_load' <Predicate = true> <Delay = 0.67> <CoreInst = "ROM">   --->   Core 101 'ROM' <Latency = 1> <II = 1> <Delay = 0.67> <Storage> <Opcode : 'load'> <Ports = 0> <Width = 32> <Depth = 12> <ROM>

State 86 <SV = 85> <Delay = 6.43>
ST_86 : Operation 353 [4/4] (6.43ns)   --->   "%add3_19 = fadd i32 %add3_18, i32 %mul1_19" [../../../../HWSWAI/HLS/SampleDatasetMLP.cpp:97]   --->   Operation 353 'fadd' 'add3_19' <Predicate = true> <Delay = 6.43> <CoreInst = "FAddSub_fulldsp">   --->   Core 18 'FAddSub_fulldsp' <Latency = 3> <II = 1> <Delay = 6.43> <FuncUnit> <Opcode : 'fadd' 'fsub'> <InPorts = 2> <OutPorts = 1>
ST_86 : Operation 354 [1/2] (0.67ns)   --->   "%weights_2_21_load = load i4 %weights_2_21_addr" [../../../../HWSWAI/HLS/SampleDatasetMLP.cpp:97]   --->   Operation 354 'load' 'weights_2_21_load' <Predicate = true> <Delay = 0.67> <CoreInst = "ROM">   --->   Core 101 'ROM' <Latency = 1> <II = 1> <Delay = 0.67> <Storage> <Opcode : 'load'> <Ports = 0> <Width = 32> <Depth = 12> <ROM>

State 87 <SV = 86> <Delay = 7.01>
ST_87 : Operation 355 [3/4] (6.43ns)   --->   "%add3_19 = fadd i32 %add3_18, i32 %mul1_19" [../../../../HWSWAI/HLS/SampleDatasetMLP.cpp:97]   --->   Operation 355 'fadd' 'add3_19' <Predicate = true> <Delay = 6.43> <CoreInst = "FAddSub_fulldsp">   --->   Core 18 'FAddSub_fulldsp' <Latency = 3> <II = 1> <Delay = 6.43> <FuncUnit> <Opcode : 'fadd' 'fsub'> <InPorts = 2> <OutPorts = 1>
ST_87 : Operation 356 [3/3] (7.01ns)   --->   "%mul1_20 = fmul i32 %hidden_layer_1_load_21_read, i32 %weights_2_21_load" [../../../../HWSWAI/HLS/SampleDatasetMLP.cpp:97]   --->   Operation 356 'fmul' 'mul1_20' <Predicate = true> <Delay = 7.01> <CoreInst = "FMul_maxdsp">   --->   Core 30 'FMul_maxdsp' <Latency = 2> <II = 1> <Delay = 7.01> <FuncUnit> <Opcode : 'fmul'> <InPorts = 2> <OutPorts = 1>

State 88 <SV = 87> <Delay = 7.01>
ST_88 : Operation 357 [2/4] (6.43ns)   --->   "%add3_19 = fadd i32 %add3_18, i32 %mul1_19" [../../../../HWSWAI/HLS/SampleDatasetMLP.cpp:97]   --->   Operation 357 'fadd' 'add3_19' <Predicate = true> <Delay = 6.43> <CoreInst = "FAddSub_fulldsp">   --->   Core 18 'FAddSub_fulldsp' <Latency = 3> <II = 1> <Delay = 6.43> <FuncUnit> <Opcode : 'fadd' 'fsub'> <InPorts = 2> <OutPorts = 1>
ST_88 : Operation 358 [2/3] (7.01ns)   --->   "%mul1_20 = fmul i32 %hidden_layer_1_load_21_read, i32 %weights_2_21_load" [../../../../HWSWAI/HLS/SampleDatasetMLP.cpp:97]   --->   Operation 358 'fmul' 'mul1_20' <Predicate = true> <Delay = 7.01> <CoreInst = "FMul_maxdsp">   --->   Core 30 'FMul_maxdsp' <Latency = 2> <II = 1> <Delay = 7.01> <FuncUnit> <Opcode : 'fmul'> <InPorts = 2> <OutPorts = 1>

State 89 <SV = 88> <Delay = 7.01>
ST_89 : Operation 359 [1/4] (6.43ns)   --->   "%add3_19 = fadd i32 %add3_18, i32 %mul1_19" [../../../../HWSWAI/HLS/SampleDatasetMLP.cpp:97]   --->   Operation 359 'fadd' 'add3_19' <Predicate = true> <Delay = 6.43> <CoreInst = "FAddSub_fulldsp">   --->   Core 18 'FAddSub_fulldsp' <Latency = 3> <II = 1> <Delay = 6.43> <FuncUnit> <Opcode : 'fadd' 'fsub'> <InPorts = 2> <OutPorts = 1>
ST_89 : Operation 360 [1/3] (7.01ns)   --->   "%mul1_20 = fmul i32 %hidden_layer_1_load_21_read, i32 %weights_2_21_load" [../../../../HWSWAI/HLS/SampleDatasetMLP.cpp:97]   --->   Operation 360 'fmul' 'mul1_20' <Predicate = true> <Delay = 7.01> <CoreInst = "FMul_maxdsp">   --->   Core 30 'FMul_maxdsp' <Latency = 2> <II = 1> <Delay = 7.01> <FuncUnit> <Opcode : 'fmul'> <InPorts = 2> <OutPorts = 1>
ST_89 : Operation 361 [1/1] (0.00ns)   --->   "%weights_2_22_addr = getelementptr i32 %weights_2_22, i64 0, i64 %i_2_cast" [../../../../HWSWAI/HLS/SampleDatasetMLP.cpp:97]   --->   Operation 361 'getelementptr' 'weights_2_22_addr' <Predicate = true> <Delay = 0.00>
ST_89 : Operation 362 [2/2] (0.67ns)   --->   "%weights_2_22_load = load i4 %weights_2_22_addr" [../../../../HWSWAI/HLS/SampleDatasetMLP.cpp:97]   --->   Operation 362 'load' 'weights_2_22_load' <Predicate = true> <Delay = 0.67> <CoreInst = "ROM">   --->   Core 101 'ROM' <Latency = 1> <II = 1> <Delay = 0.67> <Storage> <Opcode : 'load'> <Ports = 0> <Width = 32> <Depth = 12> <ROM>

State 90 <SV = 89> <Delay = 6.43>
ST_90 : Operation 363 [4/4] (6.43ns)   --->   "%add3_20 = fadd i32 %add3_19, i32 %mul1_20" [../../../../HWSWAI/HLS/SampleDatasetMLP.cpp:97]   --->   Operation 363 'fadd' 'add3_20' <Predicate = true> <Delay = 6.43> <CoreInst = "FAddSub_fulldsp">   --->   Core 18 'FAddSub_fulldsp' <Latency = 3> <II = 1> <Delay = 6.43> <FuncUnit> <Opcode : 'fadd' 'fsub'> <InPorts = 2> <OutPorts = 1>
ST_90 : Operation 364 [1/2] (0.67ns)   --->   "%weights_2_22_load = load i4 %weights_2_22_addr" [../../../../HWSWAI/HLS/SampleDatasetMLP.cpp:97]   --->   Operation 364 'load' 'weights_2_22_load' <Predicate = true> <Delay = 0.67> <CoreInst = "ROM">   --->   Core 101 'ROM' <Latency = 1> <II = 1> <Delay = 0.67> <Storage> <Opcode : 'load'> <Ports = 0> <Width = 32> <Depth = 12> <ROM>

State 91 <SV = 90> <Delay = 7.01>
ST_91 : Operation 365 [3/4] (6.43ns)   --->   "%add3_20 = fadd i32 %add3_19, i32 %mul1_20" [../../../../HWSWAI/HLS/SampleDatasetMLP.cpp:97]   --->   Operation 365 'fadd' 'add3_20' <Predicate = true> <Delay = 6.43> <CoreInst = "FAddSub_fulldsp">   --->   Core 18 'FAddSub_fulldsp' <Latency = 3> <II = 1> <Delay = 6.43> <FuncUnit> <Opcode : 'fadd' 'fsub'> <InPorts = 2> <OutPorts = 1>
ST_91 : Operation 366 [3/3] (7.01ns)   --->   "%mul1_21 = fmul i32 %hidden_layer_1_load_22_read, i32 %weights_2_22_load" [../../../../HWSWAI/HLS/SampleDatasetMLP.cpp:97]   --->   Operation 366 'fmul' 'mul1_21' <Predicate = true> <Delay = 7.01> <CoreInst = "FMul_maxdsp">   --->   Core 30 'FMul_maxdsp' <Latency = 2> <II = 1> <Delay = 7.01> <FuncUnit> <Opcode : 'fmul'> <InPorts = 2> <OutPorts = 1>

State 92 <SV = 91> <Delay = 7.01>
ST_92 : Operation 367 [2/4] (6.43ns)   --->   "%add3_20 = fadd i32 %add3_19, i32 %mul1_20" [../../../../HWSWAI/HLS/SampleDatasetMLP.cpp:97]   --->   Operation 367 'fadd' 'add3_20' <Predicate = true> <Delay = 6.43> <CoreInst = "FAddSub_fulldsp">   --->   Core 18 'FAddSub_fulldsp' <Latency = 3> <II = 1> <Delay = 6.43> <FuncUnit> <Opcode : 'fadd' 'fsub'> <InPorts = 2> <OutPorts = 1>
ST_92 : Operation 368 [2/3] (7.01ns)   --->   "%mul1_21 = fmul i32 %hidden_layer_1_load_22_read, i32 %weights_2_22_load" [../../../../HWSWAI/HLS/SampleDatasetMLP.cpp:97]   --->   Operation 368 'fmul' 'mul1_21' <Predicate = true> <Delay = 7.01> <CoreInst = "FMul_maxdsp">   --->   Core 30 'FMul_maxdsp' <Latency = 2> <II = 1> <Delay = 7.01> <FuncUnit> <Opcode : 'fmul'> <InPorts = 2> <OutPorts = 1>

State 93 <SV = 92> <Delay = 7.01>
ST_93 : Operation 369 [1/4] (6.43ns)   --->   "%add3_20 = fadd i32 %add3_19, i32 %mul1_20" [../../../../HWSWAI/HLS/SampleDatasetMLP.cpp:97]   --->   Operation 369 'fadd' 'add3_20' <Predicate = true> <Delay = 6.43> <CoreInst = "FAddSub_fulldsp">   --->   Core 18 'FAddSub_fulldsp' <Latency = 3> <II = 1> <Delay = 6.43> <FuncUnit> <Opcode : 'fadd' 'fsub'> <InPorts = 2> <OutPorts = 1>
ST_93 : Operation 370 [1/3] (7.01ns)   --->   "%mul1_21 = fmul i32 %hidden_layer_1_load_22_read, i32 %weights_2_22_load" [../../../../HWSWAI/HLS/SampleDatasetMLP.cpp:97]   --->   Operation 370 'fmul' 'mul1_21' <Predicate = true> <Delay = 7.01> <CoreInst = "FMul_maxdsp">   --->   Core 30 'FMul_maxdsp' <Latency = 2> <II = 1> <Delay = 7.01> <FuncUnit> <Opcode : 'fmul'> <InPorts = 2> <OutPorts = 1>
ST_93 : Operation 371 [1/1] (0.00ns)   --->   "%weights_2_23_addr = getelementptr i32 %weights_2_23, i64 0, i64 %i_2_cast" [../../../../HWSWAI/HLS/SampleDatasetMLP.cpp:97]   --->   Operation 371 'getelementptr' 'weights_2_23_addr' <Predicate = true> <Delay = 0.00>
ST_93 : Operation 372 [2/2] (0.67ns)   --->   "%weights_2_23_load = load i4 %weights_2_23_addr" [../../../../HWSWAI/HLS/SampleDatasetMLP.cpp:97]   --->   Operation 372 'load' 'weights_2_23_load' <Predicate = true> <Delay = 0.67> <CoreInst = "ROM">   --->   Core 101 'ROM' <Latency = 1> <II = 1> <Delay = 0.67> <Storage> <Opcode : 'load'> <Ports = 0> <Width = 32> <Depth = 12> <ROM>

State 94 <SV = 93> <Delay = 6.43>
ST_94 : Operation 373 [4/4] (6.43ns)   --->   "%add3_21 = fadd i32 %add3_20, i32 %mul1_21" [../../../../HWSWAI/HLS/SampleDatasetMLP.cpp:97]   --->   Operation 373 'fadd' 'add3_21' <Predicate = true> <Delay = 6.43> <CoreInst = "FAddSub_fulldsp">   --->   Core 18 'FAddSub_fulldsp' <Latency = 3> <II = 1> <Delay = 6.43> <FuncUnit> <Opcode : 'fadd' 'fsub'> <InPorts = 2> <OutPorts = 1>
ST_94 : Operation 374 [1/2] (0.67ns)   --->   "%weights_2_23_load = load i4 %weights_2_23_addr" [../../../../HWSWAI/HLS/SampleDatasetMLP.cpp:97]   --->   Operation 374 'load' 'weights_2_23_load' <Predicate = true> <Delay = 0.67> <CoreInst = "ROM">   --->   Core 101 'ROM' <Latency = 1> <II = 1> <Delay = 0.67> <Storage> <Opcode : 'load'> <Ports = 0> <Width = 32> <Depth = 12> <ROM>

State 95 <SV = 94> <Delay = 7.01>
ST_95 : Operation 375 [3/4] (6.43ns)   --->   "%add3_21 = fadd i32 %add3_20, i32 %mul1_21" [../../../../HWSWAI/HLS/SampleDatasetMLP.cpp:97]   --->   Operation 375 'fadd' 'add3_21' <Predicate = true> <Delay = 6.43> <CoreInst = "FAddSub_fulldsp">   --->   Core 18 'FAddSub_fulldsp' <Latency = 3> <II = 1> <Delay = 6.43> <FuncUnit> <Opcode : 'fadd' 'fsub'> <InPorts = 2> <OutPorts = 1>
ST_95 : Operation 376 [3/3] (7.01ns)   --->   "%mul1_22 = fmul i32 %hidden_layer_1_load_23_read, i32 %weights_2_23_load" [../../../../HWSWAI/HLS/SampleDatasetMLP.cpp:97]   --->   Operation 376 'fmul' 'mul1_22' <Predicate = true> <Delay = 7.01> <CoreInst = "FMul_maxdsp">   --->   Core 30 'FMul_maxdsp' <Latency = 2> <II = 1> <Delay = 7.01> <FuncUnit> <Opcode : 'fmul'> <InPorts = 2> <OutPorts = 1>

State 96 <SV = 95> <Delay = 7.01>
ST_96 : Operation 377 [2/4] (6.43ns)   --->   "%add3_21 = fadd i32 %add3_20, i32 %mul1_21" [../../../../HWSWAI/HLS/SampleDatasetMLP.cpp:97]   --->   Operation 377 'fadd' 'add3_21' <Predicate = true> <Delay = 6.43> <CoreInst = "FAddSub_fulldsp">   --->   Core 18 'FAddSub_fulldsp' <Latency = 3> <II = 1> <Delay = 6.43> <FuncUnit> <Opcode : 'fadd' 'fsub'> <InPorts = 2> <OutPorts = 1>
ST_96 : Operation 378 [2/3] (7.01ns)   --->   "%mul1_22 = fmul i32 %hidden_layer_1_load_23_read, i32 %weights_2_23_load" [../../../../HWSWAI/HLS/SampleDatasetMLP.cpp:97]   --->   Operation 378 'fmul' 'mul1_22' <Predicate = true> <Delay = 7.01> <CoreInst = "FMul_maxdsp">   --->   Core 30 'FMul_maxdsp' <Latency = 2> <II = 1> <Delay = 7.01> <FuncUnit> <Opcode : 'fmul'> <InPorts = 2> <OutPorts = 1>

State 97 <SV = 96> <Delay = 7.01>
ST_97 : Operation 379 [1/4] (6.43ns)   --->   "%add3_21 = fadd i32 %add3_20, i32 %mul1_21" [../../../../HWSWAI/HLS/SampleDatasetMLP.cpp:97]   --->   Operation 379 'fadd' 'add3_21' <Predicate = true> <Delay = 6.43> <CoreInst = "FAddSub_fulldsp">   --->   Core 18 'FAddSub_fulldsp' <Latency = 3> <II = 1> <Delay = 6.43> <FuncUnit> <Opcode : 'fadd' 'fsub'> <InPorts = 2> <OutPorts = 1>
ST_97 : Operation 380 [1/3] (7.01ns)   --->   "%mul1_22 = fmul i32 %hidden_layer_1_load_23_read, i32 %weights_2_23_load" [../../../../HWSWAI/HLS/SampleDatasetMLP.cpp:97]   --->   Operation 380 'fmul' 'mul1_22' <Predicate = true> <Delay = 7.01> <CoreInst = "FMul_maxdsp">   --->   Core 30 'FMul_maxdsp' <Latency = 2> <II = 1> <Delay = 7.01> <FuncUnit> <Opcode : 'fmul'> <InPorts = 2> <OutPorts = 1>

State 98 <SV = 97> <Delay = 6.43>
ST_98 : Operation 381 [4/4] (6.43ns)   --->   "%add3_22 = fadd i32 %add3_21, i32 %mul1_22" [../../../../HWSWAI/HLS/SampleDatasetMLP.cpp:97]   --->   Operation 381 'fadd' 'add3_22' <Predicate = true> <Delay = 6.43> <CoreInst = "FAddSub_fulldsp">   --->   Core 18 'FAddSub_fulldsp' <Latency = 3> <II = 1> <Delay = 6.43> <FuncUnit> <Opcode : 'fadd' 'fsub'> <InPorts = 2> <OutPorts = 1>

State 99 <SV = 98> <Delay = 6.43>
ST_99 : Operation 382 [3/4] (6.43ns)   --->   "%add3_22 = fadd i32 %add3_21, i32 %mul1_22" [../../../../HWSWAI/HLS/SampleDatasetMLP.cpp:97]   --->   Operation 382 'fadd' 'add3_22' <Predicate = true> <Delay = 6.43> <CoreInst = "FAddSub_fulldsp">   --->   Core 18 'FAddSub_fulldsp' <Latency = 3> <II = 1> <Delay = 6.43> <FuncUnit> <Opcode : 'fadd' 'fsub'> <InPorts = 2> <OutPorts = 1>

State 100 <SV = 99> <Delay = 6.43>
ST_100 : Operation 383 [2/4] (6.43ns)   --->   "%add3_22 = fadd i32 %add3_21, i32 %mul1_22" [../../../../HWSWAI/HLS/SampleDatasetMLP.cpp:97]   --->   Operation 383 'fadd' 'add3_22' <Predicate = true> <Delay = 6.43> <CoreInst = "FAddSub_fulldsp">   --->   Core 18 'FAddSub_fulldsp' <Latency = 3> <II = 1> <Delay = 6.43> <FuncUnit> <Opcode : 'fadd' 'fsub'> <InPorts = 2> <OutPorts = 1>

State 101 <SV = 100> <Delay = 6.43>
ST_101 : Operation 384 [1/4] (6.43ns)   --->   "%add3_22 = fadd i32 %add3_21, i32 %mul1_22" [../../../../HWSWAI/HLS/SampleDatasetMLP.cpp:97]   --->   Operation 384 'fadd' 'add3_22' <Predicate = true> <Delay = 6.43> <CoreInst = "FAddSub_fulldsp">   --->   Core 18 'FAddSub_fulldsp' <Latency = 3> <II = 1> <Delay = 6.43> <FuncUnit> <Opcode : 'fadd' 'fsub'> <InPorts = 2> <OutPorts = 1>
ST_101 : Operation 385 [1/1] (0.00ns)   --->   "%hidden_bias_2_addr = getelementptr i32 %hidden_bias_2, i64 0, i64 %i_2_cast" [../../../../HWSWAI/HLS/SampleDatasetMLP.cpp:100]   --->   Operation 385 'getelementptr' 'hidden_bias_2_addr' <Predicate = true> <Delay = 0.00>
ST_101 : Operation 386 [2/2] (0.67ns)   --->   "%hidden_bias_2_load = load i4 %hidden_bias_2_addr" [../../../../HWSWAI/HLS/SampleDatasetMLP.cpp:100]   --->   Operation 386 'load' 'hidden_bias_2_load' <Predicate = true> <Delay = 0.67> <CoreInst = "ROM">   --->   Core 101 'ROM' <Latency = 1> <II = 1> <Delay = 0.67> <Storage> <Opcode : 'load'> <Ports = 0> <Width = 32> <Depth = 12> <ROM>

State 102 <SV = 101> <Delay = 7.11>
ST_102 : Operation 387 [1/2] (0.67ns)   --->   "%hidden_bias_2_load = load i4 %hidden_bias_2_addr" [../../../../HWSWAI/HLS/SampleDatasetMLP.cpp:100]   --->   Operation 387 'load' 'hidden_bias_2_load' <Predicate = true> <Delay = 0.67> <CoreInst = "ROM">   --->   Core 101 'ROM' <Latency = 1> <II = 1> <Delay = 0.67> <Storage> <Opcode : 'load'> <Ports = 0> <Width = 32> <Depth = 12> <ROM>
ST_102 : Operation 388 [4/4] (6.43ns)   --->   "%add2 = fadd i32 %add3_22, i32 %hidden_bias_2_load" [../../../../HWSWAI/HLS/SampleDatasetMLP.cpp:100]   --->   Operation 388 'fadd' 'add2' <Predicate = true> <Delay = 6.43> <CoreInst = "FAddSub_fulldsp">   --->   Core 18 'FAddSub_fulldsp' <Latency = 3> <II = 1> <Delay = 6.43> <FuncUnit> <Opcode : 'fadd' 'fsub'> <InPorts = 2> <OutPorts = 1>

State 103 <SV = 102> <Delay = 6.43>
ST_103 : Operation 389 [3/4] (6.43ns)   --->   "%add2 = fadd i32 %add3_22, i32 %hidden_bias_2_load" [../../../../HWSWAI/HLS/SampleDatasetMLP.cpp:100]   --->   Operation 389 'fadd' 'add2' <Predicate = true> <Delay = 6.43> <CoreInst = "FAddSub_fulldsp">   --->   Core 18 'FAddSub_fulldsp' <Latency = 3> <II = 1> <Delay = 6.43> <FuncUnit> <Opcode : 'fadd' 'fsub'> <InPorts = 2> <OutPorts = 1>

State 104 <SV = 103> <Delay = 6.43>
ST_104 : Operation 390 [2/4] (6.43ns)   --->   "%add2 = fadd i32 %add3_22, i32 %hidden_bias_2_load" [../../../../HWSWAI/HLS/SampleDatasetMLP.cpp:100]   --->   Operation 390 'fadd' 'add2' <Predicate = true> <Delay = 6.43> <CoreInst = "FAddSub_fulldsp">   --->   Core 18 'FAddSub_fulldsp' <Latency = 3> <II = 1> <Delay = 6.43> <FuncUnit> <Opcode : 'fadd' 'fsub'> <InPorts = 2> <OutPorts = 1>

State 105 <SV = 104> <Delay = 6.43>
ST_105 : Operation 391 [1/4] (6.43ns)   --->   "%add2 = fadd i32 %add3_22, i32 %hidden_bias_2_load" [../../../../HWSWAI/HLS/SampleDatasetMLP.cpp:100]   --->   Operation 391 'fadd' 'add2' <Predicate = true> <Delay = 6.43> <CoreInst = "FAddSub_fulldsp">   --->   Core 18 'FAddSub_fulldsp' <Latency = 3> <II = 1> <Delay = 6.43> <FuncUnit> <Opcode : 'fadd' 'fsub'> <InPorts = 2> <OutPorts = 1>

State 106 <SV = 105> <Delay = 2.78>
ST_106 : Operation 392 [2/2] (2.78ns)   --->   "%tmp_3 = fcmp_olt  i32 %add2, i32 0" [../../../../HWSWAI/HLS/SampleDatasetMLP.cpp:102]   --->   Operation 392 'fcmp' 'tmp_3' <Predicate = true> <Delay = 2.78> <CoreInst = "FCompare">   --->   Core 19 'FCompare' <Latency = 1> <II = 1> <Delay = 2.78> <FuncUnit> <Opcode : 'fcmp'> <InPorts = 2> <OutPorts = 1>
ST_106 : Operation 406 [1/1] (0.00ns)   --->   "%ret_ln0 = ret"   --->   Operation 406 'ret' 'ret_ln0' <Predicate = (icmp_ln94)> <Delay = 0.00>

State 107 <SV = 106> <Delay = 3.90>
ST_107 : Operation 393 [1/1] (0.00ns)   --->   "%specloopname_ln94 = specloopname void @_ssdm_op_SpecLoopName, void @empty_6" [../../../../HWSWAI/HLS/SampleDatasetMLP.cpp:94]   --->   Operation 393 'specloopname' 'specloopname_ln94' <Predicate = true> <Delay = 0.00>
ST_107 : Operation 394 [1/1] (0.00ns)   --->   "%hidden_layer_2_addr = getelementptr i32 %hidden_layer_2, i64 0, i64 %i_2_cast" [../../../../HWSWAI/HLS/SampleDatasetMLP.cpp:95]   --->   Operation 394 'getelementptr' 'hidden_layer_2_addr' <Predicate = true> <Delay = 0.00>
ST_107 : Operation 395 [1/1] (0.00ns)   --->   "%bitcast_ln102 = bitcast i32 %add2" [../../../../HWSWAI/HLS/SampleDatasetMLP.cpp:102]   --->   Operation 395 'bitcast' 'bitcast_ln102' <Predicate = true> <Delay = 0.00>
ST_107 : Operation 396 [1/1] (0.00ns)   --->   "%tmp_2 = partselect i8 @_ssdm_op_PartSelect.i8.i32.i32.i32, i32 %bitcast_ln102, i32 23, i32 30" [../../../../HWSWAI/HLS/SampleDatasetMLP.cpp:102]   --->   Operation 396 'partselect' 'tmp_2' <Predicate = true> <Delay = 0.00>
ST_107 : Operation 397 [1/1] (0.00ns)   --->   "%trunc_ln102 = trunc i32 %bitcast_ln102" [../../../../HWSWAI/HLS/SampleDatasetMLP.cpp:102]   --->   Operation 397 'trunc' 'trunc_ln102' <Predicate = true> <Delay = 0.00>
ST_107 : Operation 398 [1/1] (0.84ns)   --->   "%icmp_ln102 = icmp_ne  i8 %tmp_2, i8 255" [../../../../HWSWAI/HLS/SampleDatasetMLP.cpp:102]   --->   Operation 398 'icmp' 'icmp_ln102' <Predicate = true> <Delay = 0.84> <CoreInst = "Cmp">   --->   Core 9 'Cmp' <Latency = 0> <II = 1> <Delay = 0.84> <FuncUnit> <Opcode : 'icmp'> <InPorts = 2> <OutPorts = 1>
ST_107 : Operation 399 [1/1] (1.05ns)   --->   "%icmp_ln102_1 = icmp_eq  i23 %trunc_ln102, i23 0" [../../../../HWSWAI/HLS/SampleDatasetMLP.cpp:102]   --->   Operation 399 'icmp' 'icmp_ln102_1' <Predicate = true> <Delay = 1.05> <CoreInst = "Cmp">   --->   Core 9 'Cmp' <Latency = 0> <II = 1> <Delay = 1.05> <FuncUnit> <Opcode : 'icmp'> <InPorts = 2> <OutPorts = 1>
ST_107 : Operation 400 [1/1] (0.00ns) (grouped into LUT with out node select_ln102)   --->   "%or_ln102 = or i1 %icmp_ln102_1, i1 %icmp_ln102" [../../../../HWSWAI/HLS/SampleDatasetMLP.cpp:102]   --->   Operation 400 'or' 'or_ln102' <Predicate = true> <Delay = 0.00> <CoreInst = "LogicGate">   --->   Core 74 'LogicGate' <Latency = 0> <II = 1> <Delay = 0.28> <FuncUnit> <Opcode : 'and' 'or' 'xor'> <InPorts = 2> <OutPorts = 1>
ST_107 : Operation 401 [1/2] (2.78ns)   --->   "%tmp_3 = fcmp_olt  i32 %add2, i32 0" [../../../../HWSWAI/HLS/SampleDatasetMLP.cpp:102]   --->   Operation 401 'fcmp' 'tmp_3' <Predicate = true> <Delay = 2.78> <CoreInst = "FCompare">   --->   Core 19 'FCompare' <Latency = 1> <II = 1> <Delay = 2.78> <FuncUnit> <Opcode : 'fcmp'> <InPorts = 2> <OutPorts = 1>
ST_107 : Operation 402 [1/1] (0.00ns) (grouped into LUT with out node select_ln102)   --->   "%and_ln102 = and i1 %or_ln102, i1 %tmp_3" [../../../../HWSWAI/HLS/SampleDatasetMLP.cpp:102]   --->   Operation 402 'and' 'and_ln102' <Predicate = true> <Delay = 0.00> <CoreInst = "LogicGate">   --->   Core 74 'LogicGate' <Latency = 0> <II = 1> <Delay = 0.28> <FuncUnit> <Opcode : 'and' 'or' 'xor'> <InPorts = 2> <OutPorts = 1>
ST_107 : Operation 403 [1/1] (0.44ns) (out node of the LUT)   --->   "%select_ln102 = select i1 %and_ln102, i32 0, i32 %add2" [../../../../HWSWAI/HLS/SampleDatasetMLP.cpp:102]   --->   Operation 403 'select' 'select_ln102' <Predicate = true> <Delay = 0.44> <CoreInst = "Sel">   --->   Core 73 'Sel' <Latency = 0> <II = 1> <Delay = 0.44> <FuncUnit> <Opcode : 'select'> <InPorts = 3> <OutPorts = 1>
ST_107 : Operation 404 [1/1] (0.67ns)   --->   "%store_ln100 = store i32 %select_ln102, i4 %hidden_layer_2_addr" [../../../../HWSWAI/HLS/SampleDatasetMLP.cpp:100]   --->   Operation 404 'store' 'store_ln100' <Predicate = true> <Delay = 0.67> <CoreInst = "RAM">   --->   Core 83 'RAM' <Latency = 1> <II = 1> <Delay = 0.67> <Storage> <Opcode : 'load' 'store'> <Ports = 2> <Width = 32> <Depth = 12> <RAM>
ST_107 : Operation 405 [1/1] (0.00ns)   --->   "%br_ln94 = br void %VITIS_LOOP_96_6" [../../../../HWSWAI/HLS/SampleDatasetMLP.cpp:94]   --->   Operation 405 'br' 'br_ln94' <Predicate = true> <Delay = 0.00>


============================================================
+ Verbose Summary: Timing violations
============================================================
Target clock period: 10ns, clock uncertainty: 2.7ns.

 <State 1>: 1.22ns
The critical path consists of the following:
	'alloca' operation ('i') [51]  (0 ns)
	'load' operation ('i', ../../../../HWSWAI/HLS/SampleDatasetMLP.cpp:94) on local variable 'i' [79]  (0 ns)
	'add' operation ('add_ln94', ../../../../HWSWAI/HLS/SampleDatasetMLP.cpp:94) [83]  (0.797 ns)
	'store' operation ('store_ln94', ../../../../HWSWAI/HLS/SampleDatasetMLP.cpp:94) of variable 'add_ln94', ../../../../HWSWAI/HLS/SampleDatasetMLP.cpp:94 on local variable 'i' [198]  (0.427 ns)

 <State 2>: 0.677ns
The critical path consists of the following:
	'load' operation ('weights_2_0_load', ../../../../HWSWAI/HLS/SampleDatasetMLP.cpp:97) on array 'weights_2_0' [90]  (0.677 ns)

 <State 3>: 7.02ns
The critical path consists of the following:
	'fmul' operation ('mul1', ../../../../HWSWAI/HLS/SampleDatasetMLP.cpp:97) [91]  (7.02 ns)

 <State 4>: 7.02ns
The critical path consists of the following:
	'fmul' operation ('mul1', ../../../../HWSWAI/HLS/SampleDatasetMLP.cpp:97) [91]  (7.02 ns)

 <State 5>: 7.02ns
The critical path consists of the following:
	'fmul' operation ('mul1', ../../../../HWSWAI/HLS/SampleDatasetMLP.cpp:97) [91]  (7.02 ns)

 <State 6>: 6.44ns
The critical path consists of the following:
	'fadd' operation ('add3', ../../../../HWSWAI/HLS/SampleDatasetMLP.cpp:97) [92]  (6.44 ns)

 <State 7>: 7.02ns
The critical path consists of the following:
	'fmul' operation ('mul1_1', ../../../../HWSWAI/HLS/SampleDatasetMLP.cpp:97) [95]  (7.02 ns)

 <State 8>: 7.02ns
The critical path consists of the following:
	'fmul' operation ('mul1_1', ../../../../HWSWAI/HLS/SampleDatasetMLP.cpp:97) [95]  (7.02 ns)

 <State 9>: 7.02ns
The critical path consists of the following:
	'fmul' operation ('mul1_1', ../../../../HWSWAI/HLS/SampleDatasetMLP.cpp:97) [95]  (7.02 ns)

 <State 10>: 6.44ns
The critical path consists of the following:
	'fadd' operation ('add3_1', ../../../../HWSWAI/HLS/SampleDatasetMLP.cpp:97) [96]  (6.44 ns)

 <State 11>: 7.02ns
The critical path consists of the following:
	'fmul' operation ('mul1_2', ../../../../HWSWAI/HLS/SampleDatasetMLP.cpp:97) [99]  (7.02 ns)

 <State 12>: 7.02ns
The critical path consists of the following:
	'fmul' operation ('mul1_2', ../../../../HWSWAI/HLS/SampleDatasetMLP.cpp:97) [99]  (7.02 ns)

 <State 13>: 7.02ns
The critical path consists of the following:
	'fmul' operation ('mul1_2', ../../../../HWSWAI/HLS/SampleDatasetMLP.cpp:97) [99]  (7.02 ns)

 <State 14>: 6.44ns
The critical path consists of the following:
	'fadd' operation ('add3_2', ../../../../HWSWAI/HLS/SampleDatasetMLP.cpp:97) [100]  (6.44 ns)

 <State 15>: 7.02ns
The critical path consists of the following:
	'fmul' operation ('mul1_3', ../../../../HWSWAI/HLS/SampleDatasetMLP.cpp:97) [103]  (7.02 ns)

 <State 16>: 7.02ns
The critical path consists of the following:
	'fmul' operation ('mul1_3', ../../../../HWSWAI/HLS/SampleDatasetMLP.cpp:97) [103]  (7.02 ns)

 <State 17>: 7.02ns
The critical path consists of the following:
	'fmul' operation ('mul1_3', ../../../../HWSWAI/HLS/SampleDatasetMLP.cpp:97) [103]  (7.02 ns)

 <State 18>: 6.44ns
The critical path consists of the following:
	'fadd' operation ('add3_3', ../../../../HWSWAI/HLS/SampleDatasetMLP.cpp:97) [104]  (6.44 ns)

 <State 19>: 7.02ns
The critical path consists of the following:
	'fmul' operation ('mul1_4', ../../../../HWSWAI/HLS/SampleDatasetMLP.cpp:97) [107]  (7.02 ns)

 <State 20>: 7.02ns
The critical path consists of the following:
	'fmul' operation ('mul1_4', ../../../../HWSWAI/HLS/SampleDatasetMLP.cpp:97) [107]  (7.02 ns)

 <State 21>: 7.02ns
The critical path consists of the following:
	'fmul' operation ('mul1_4', ../../../../HWSWAI/HLS/SampleDatasetMLP.cpp:97) [107]  (7.02 ns)

 <State 22>: 6.44ns
The critical path consists of the following:
	'fadd' operation ('add3_4', ../../../../HWSWAI/HLS/SampleDatasetMLP.cpp:97) [108]  (6.44 ns)

 <State 23>: 7.02ns
The critical path consists of the following:
	'fmul' operation ('mul1_5', ../../../../HWSWAI/HLS/SampleDatasetMLP.cpp:97) [111]  (7.02 ns)

 <State 24>: 7.02ns
The critical path consists of the following:
	'fmul' operation ('mul1_5', ../../../../HWSWAI/HLS/SampleDatasetMLP.cpp:97) [111]  (7.02 ns)

 <State 25>: 7.02ns
The critical path consists of the following:
	'fmul' operation ('mul1_5', ../../../../HWSWAI/HLS/SampleDatasetMLP.cpp:97) [111]  (7.02 ns)

 <State 26>: 6.44ns
The critical path consists of the following:
	'fadd' operation ('add3_5', ../../../../HWSWAI/HLS/SampleDatasetMLP.cpp:97) [112]  (6.44 ns)

 <State 27>: 7.02ns
The critical path consists of the following:
	'fmul' operation ('mul1_6', ../../../../HWSWAI/HLS/SampleDatasetMLP.cpp:97) [115]  (7.02 ns)

 <State 28>: 7.02ns
The critical path consists of the following:
	'fmul' operation ('mul1_6', ../../../../HWSWAI/HLS/SampleDatasetMLP.cpp:97) [115]  (7.02 ns)

 <State 29>: 7.02ns
The critical path consists of the following:
	'fmul' operation ('mul1_6', ../../../../HWSWAI/HLS/SampleDatasetMLP.cpp:97) [115]  (7.02 ns)

 <State 30>: 6.44ns
The critical path consists of the following:
	'fadd' operation ('add3_6', ../../../../HWSWAI/HLS/SampleDatasetMLP.cpp:97) [116]  (6.44 ns)

 <State 31>: 7.02ns
The critical path consists of the following:
	'fmul' operation ('mul1_7', ../../../../HWSWAI/HLS/SampleDatasetMLP.cpp:97) [119]  (7.02 ns)

 <State 32>: 7.02ns
The critical path consists of the following:
	'fmul' operation ('mul1_7', ../../../../HWSWAI/HLS/SampleDatasetMLP.cpp:97) [119]  (7.02 ns)

 <State 33>: 7.02ns
The critical path consists of the following:
	'fmul' operation ('mul1_7', ../../../../HWSWAI/HLS/SampleDatasetMLP.cpp:97) [119]  (7.02 ns)

 <State 34>: 6.44ns
The critical path consists of the following:
	'fadd' operation ('add3_7', ../../../../HWSWAI/HLS/SampleDatasetMLP.cpp:97) [120]  (6.44 ns)

 <State 35>: 7.02ns
The critical path consists of the following:
	'fmul' operation ('mul1_8', ../../../../HWSWAI/HLS/SampleDatasetMLP.cpp:97) [123]  (7.02 ns)

 <State 36>: 7.02ns
The critical path consists of the following:
	'fmul' operation ('mul1_8', ../../../../HWSWAI/HLS/SampleDatasetMLP.cpp:97) [123]  (7.02 ns)

 <State 37>: 7.02ns
The critical path consists of the following:
	'fmul' operation ('mul1_8', ../../../../HWSWAI/HLS/SampleDatasetMLP.cpp:97) [123]  (7.02 ns)

 <State 38>: 6.44ns
The critical path consists of the following:
	'fadd' operation ('add3_8', ../../../../HWSWAI/HLS/SampleDatasetMLP.cpp:97) [124]  (6.44 ns)

 <State 39>: 7.02ns
The critical path consists of the following:
	'fmul' operation ('mul1_9', ../../../../HWSWAI/HLS/SampleDatasetMLP.cpp:97) [127]  (7.02 ns)

 <State 40>: 7.02ns
The critical path consists of the following:
	'fmul' operation ('mul1_9', ../../../../HWSWAI/HLS/SampleDatasetMLP.cpp:97) [127]  (7.02 ns)

 <State 41>: 7.02ns
The critical path consists of the following:
	'fmul' operation ('mul1_9', ../../../../HWSWAI/HLS/SampleDatasetMLP.cpp:97) [127]  (7.02 ns)

 <State 42>: 6.44ns
The critical path consists of the following:
	'fadd' operation ('add3_9', ../../../../HWSWAI/HLS/SampleDatasetMLP.cpp:97) [128]  (6.44 ns)

 <State 43>: 7.02ns
The critical path consists of the following:
	'fmul' operation ('mul1_s', ../../../../HWSWAI/HLS/SampleDatasetMLP.cpp:97) [131]  (7.02 ns)

 <State 44>: 7.02ns
The critical path consists of the following:
	'fmul' operation ('mul1_s', ../../../../HWSWAI/HLS/SampleDatasetMLP.cpp:97) [131]  (7.02 ns)

 <State 45>: 7.02ns
The critical path consists of the following:
	'fmul' operation ('mul1_s', ../../../../HWSWAI/HLS/SampleDatasetMLP.cpp:97) [131]  (7.02 ns)

 <State 46>: 6.44ns
The critical path consists of the following:
	'fadd' operation ('add3_s', ../../../../HWSWAI/HLS/SampleDatasetMLP.cpp:97) [132]  (6.44 ns)

 <State 47>: 7.02ns
The critical path consists of the following:
	'fmul' operation ('mul1_10', ../../../../HWSWAI/HLS/SampleDatasetMLP.cpp:97) [135]  (7.02 ns)

 <State 48>: 7.02ns
The critical path consists of the following:
	'fmul' operation ('mul1_10', ../../../../HWSWAI/HLS/SampleDatasetMLP.cpp:97) [135]  (7.02 ns)

 <State 49>: 7.02ns
The critical path consists of the following:
	'fmul' operation ('mul1_10', ../../../../HWSWAI/HLS/SampleDatasetMLP.cpp:97) [135]  (7.02 ns)

 <State 50>: 6.44ns
The critical path consists of the following:
	'fadd' operation ('add3_10', ../../../../HWSWAI/HLS/SampleDatasetMLP.cpp:97) [136]  (6.44 ns)

 <State 51>: 7.02ns
The critical path consists of the following:
	'fmul' operation ('mul1_11', ../../../../HWSWAI/HLS/SampleDatasetMLP.cpp:97) [139]  (7.02 ns)

 <State 52>: 7.02ns
The critical path consists of the following:
	'fmul' operation ('mul1_11', ../../../../HWSWAI/HLS/SampleDatasetMLP.cpp:97) [139]  (7.02 ns)

 <State 53>: 7.02ns
The critical path consists of the following:
	'fmul' operation ('mul1_11', ../../../../HWSWAI/HLS/SampleDatasetMLP.cpp:97) [139]  (7.02 ns)

 <State 54>: 6.44ns
The critical path consists of the following:
	'fadd' operation ('add3_11', ../../../../HWSWAI/HLS/SampleDatasetMLP.cpp:97) [140]  (6.44 ns)

 <State 55>: 7.02ns
The critical path consists of the following:
	'fmul' operation ('mul1_12', ../../../../HWSWAI/HLS/SampleDatasetMLP.cpp:97) [143]  (7.02 ns)

 <State 56>: 7.02ns
The critical path consists of the following:
	'fmul' operation ('mul1_12', ../../../../HWSWAI/HLS/SampleDatasetMLP.cpp:97) [143]  (7.02 ns)

 <State 57>: 7.02ns
The critical path consists of the following:
	'fmul' operation ('mul1_12', ../../../../HWSWAI/HLS/SampleDatasetMLP.cpp:97) [143]  (7.02 ns)

 <State 58>: 6.44ns
The critical path consists of the following:
	'fadd' operation ('add3_12', ../../../../HWSWAI/HLS/SampleDatasetMLP.cpp:97) [144]  (6.44 ns)

 <State 59>: 7.02ns
The critical path consists of the following:
	'fmul' operation ('mul1_13', ../../../../HWSWAI/HLS/SampleDatasetMLP.cpp:97) [147]  (7.02 ns)

 <State 60>: 7.02ns
The critical path consists of the following:
	'fmul' operation ('mul1_13', ../../../../HWSWAI/HLS/SampleDatasetMLP.cpp:97) [147]  (7.02 ns)

 <State 61>: 7.02ns
The critical path consists of the following:
	'fmul' operation ('mul1_13', ../../../../HWSWAI/HLS/SampleDatasetMLP.cpp:97) [147]  (7.02 ns)

 <State 62>: 6.44ns
The critical path consists of the following:
	'fadd' operation ('add3_13', ../../../../HWSWAI/HLS/SampleDatasetMLP.cpp:97) [148]  (6.44 ns)

 <State 63>: 7.02ns
The critical path consists of the following:
	'fmul' operation ('mul1_14', ../../../../HWSWAI/HLS/SampleDatasetMLP.cpp:97) [151]  (7.02 ns)

 <State 64>: 7.02ns
The critical path consists of the following:
	'fmul' operation ('mul1_14', ../../../../HWSWAI/HLS/SampleDatasetMLP.cpp:97) [151]  (7.02 ns)

 <State 65>: 7.02ns
The critical path consists of the following:
	'fmul' operation ('mul1_14', ../../../../HWSWAI/HLS/SampleDatasetMLP.cpp:97) [151]  (7.02 ns)

 <State 66>: 6.44ns
The critical path consists of the following:
	'fadd' operation ('add3_14', ../../../../HWSWAI/HLS/SampleDatasetMLP.cpp:97) [152]  (6.44 ns)

 <State 67>: 7.02ns
The critical path consists of the following:
	'fmul' operation ('mul1_15', ../../../../HWSWAI/HLS/SampleDatasetMLP.cpp:97) [155]  (7.02 ns)

 <State 68>: 7.02ns
The critical path consists of the following:
	'fmul' operation ('mul1_15', ../../../../HWSWAI/HLS/SampleDatasetMLP.cpp:97) [155]  (7.02 ns)

 <State 69>: 7.02ns
The critical path consists of the following:
	'fmul' operation ('mul1_15', ../../../../HWSWAI/HLS/SampleDatasetMLP.cpp:97) [155]  (7.02 ns)

 <State 70>: 6.44ns
The critical path consists of the following:
	'fadd' operation ('add3_15', ../../../../HWSWAI/HLS/SampleDatasetMLP.cpp:97) [156]  (6.44 ns)

 <State 71>: 7.02ns
The critical path consists of the following:
	'fmul' operation ('mul1_16', ../../../../HWSWAI/HLS/SampleDatasetMLP.cpp:97) [159]  (7.02 ns)

 <State 72>: 7.02ns
The critical path consists of the following:
	'fmul' operation ('mul1_16', ../../../../HWSWAI/HLS/SampleDatasetMLP.cpp:97) [159]  (7.02 ns)

 <State 73>: 7.02ns
The critical path consists of the following:
	'fmul' operation ('mul1_16', ../../../../HWSWAI/HLS/SampleDatasetMLP.cpp:97) [159]  (7.02 ns)

 <State 74>: 6.44ns
The critical path consists of the following:
	'fadd' operation ('add3_16', ../../../../HWSWAI/HLS/SampleDatasetMLP.cpp:97) [160]  (6.44 ns)

 <State 75>: 7.02ns
The critical path consists of the following:
	'fmul' operation ('mul1_17', ../../../../HWSWAI/HLS/SampleDatasetMLP.cpp:97) [163]  (7.02 ns)

 <State 76>: 7.02ns
The critical path consists of the following:
	'fmul' operation ('mul1_17', ../../../../HWSWAI/HLS/SampleDatasetMLP.cpp:97) [163]  (7.02 ns)

 <State 77>: 7.02ns
The critical path consists of the following:
	'fmul' operation ('mul1_17', ../../../../HWSWAI/HLS/SampleDatasetMLP.cpp:97) [163]  (7.02 ns)

 <State 78>: 6.44ns
The critical path consists of the following:
	'fadd' operation ('add3_17', ../../../../HWSWAI/HLS/SampleDatasetMLP.cpp:97) [164]  (6.44 ns)

 <State 79>: 7.02ns
The critical path consists of the following:
	'fmul' operation ('mul1_18', ../../../../HWSWAI/HLS/SampleDatasetMLP.cpp:97) [167]  (7.02 ns)

 <State 80>: 7.02ns
The critical path consists of the following:
	'fmul' operation ('mul1_18', ../../../../HWSWAI/HLS/SampleDatasetMLP.cpp:97) [167]  (7.02 ns)

 <State 81>: 7.02ns
The critical path consists of the following:
	'fmul' operation ('mul1_18', ../../../../HWSWAI/HLS/SampleDatasetMLP.cpp:97) [167]  (7.02 ns)

 <State 82>: 6.44ns
The critical path consists of the following:
	'fadd' operation ('add3_18', ../../../../HWSWAI/HLS/SampleDatasetMLP.cpp:97) [168]  (6.44 ns)

 <State 83>: 7.02ns
The critical path consists of the following:
	'fmul' operation ('mul1_19', ../../../../HWSWAI/HLS/SampleDatasetMLP.cpp:97) [171]  (7.02 ns)

 <State 84>: 7.02ns
The critical path consists of the following:
	'fmul' operation ('mul1_19', ../../../../HWSWAI/HLS/SampleDatasetMLP.cpp:97) [171]  (7.02 ns)

 <State 85>: 7.02ns
The critical path consists of the following:
	'fmul' operation ('mul1_19', ../../../../HWSWAI/HLS/SampleDatasetMLP.cpp:97) [171]  (7.02 ns)

 <State 86>: 6.44ns
The critical path consists of the following:
	'fadd' operation ('add3_19', ../../../../HWSWAI/HLS/SampleDatasetMLP.cpp:97) [172]  (6.44 ns)

 <State 87>: 7.02ns
The critical path consists of the following:
	'fmul' operation ('mul1_20', ../../../../HWSWAI/HLS/SampleDatasetMLP.cpp:97) [175]  (7.02 ns)

 <State 88>: 7.02ns
The critical path consists of the following:
	'fmul' operation ('mul1_20', ../../../../HWSWAI/HLS/SampleDatasetMLP.cpp:97) [175]  (7.02 ns)

 <State 89>: 7.02ns
The critical path consists of the following:
	'fmul' operation ('mul1_20', ../../../../HWSWAI/HLS/SampleDatasetMLP.cpp:97) [175]  (7.02 ns)

 <State 90>: 6.44ns
The critical path consists of the following:
	'fadd' operation ('add3_20', ../../../../HWSWAI/HLS/SampleDatasetMLP.cpp:97) [176]  (6.44 ns)

 <State 91>: 7.02ns
The critical path consists of the following:
	'fmul' operation ('mul1_21', ../../../../HWSWAI/HLS/SampleDatasetMLP.cpp:97) [179]  (7.02 ns)

 <State 92>: 7.02ns
The critical path consists of the following:
	'fmul' operation ('mul1_21', ../../../../HWSWAI/HLS/SampleDatasetMLP.cpp:97) [179]  (7.02 ns)

 <State 93>: 7.02ns
The critical path consists of the following:
	'fmul' operation ('mul1_21', ../../../../HWSWAI/HLS/SampleDatasetMLP.cpp:97) [179]  (7.02 ns)

 <State 94>: 6.44ns
The critical path consists of the following:
	'fadd' operation ('add3_21', ../../../../HWSWAI/HLS/SampleDatasetMLP.cpp:97) [180]  (6.44 ns)

 <State 95>: 7.02ns
The critical path consists of the following:
	'fmul' operation ('mul1_22', ../../../../HWSWAI/HLS/SampleDatasetMLP.cpp:97) [183]  (7.02 ns)

 <State 96>: 7.02ns
The critical path consists of the following:
	'fmul' operation ('mul1_22', ../../../../HWSWAI/HLS/SampleDatasetMLP.cpp:97) [183]  (7.02 ns)

 <State 97>: 7.02ns
The critical path consists of the following:
	'fmul' operation ('mul1_22', ../../../../HWSWAI/HLS/SampleDatasetMLP.cpp:97) [183]  (7.02 ns)

 <State 98>: 6.44ns
The critical path consists of the following:
	'fadd' operation ('add3_22', ../../../../HWSWAI/HLS/SampleDatasetMLP.cpp:97) [184]  (6.44 ns)

 <State 99>: 6.44ns
The critical path consists of the following:
	'fadd' operation ('add3_22', ../../../../HWSWAI/HLS/SampleDatasetMLP.cpp:97) [184]  (6.44 ns)

 <State 100>: 6.44ns
The critical path consists of the following:
	'fadd' operation ('add3_22', ../../../../HWSWAI/HLS/SampleDatasetMLP.cpp:97) [184]  (6.44 ns)

 <State 101>: 6.44ns
The critical path consists of the following:
	'fadd' operation ('add3_22', ../../../../HWSWAI/HLS/SampleDatasetMLP.cpp:97) [184]  (6.44 ns)

 <State 102>: 7.11ns
The critical path consists of the following:
	'load' operation ('hidden_bias_2_load', ../../../../HWSWAI/HLS/SampleDatasetMLP.cpp:100) on array 'hidden_bias_2' [186]  (0.677 ns)
	'fadd' operation ('add2', ../../../../HWSWAI/HLS/SampleDatasetMLP.cpp:100) [187]  (6.44 ns)

 <State 103>: 6.44ns
The critical path consists of the following:
	'fadd' operation ('add2', ../../../../HWSWAI/HLS/SampleDatasetMLP.cpp:100) [187]  (6.44 ns)

 <State 104>: 6.44ns
The critical path consists of the following:
	'fadd' operation ('add2', ../../../../HWSWAI/HLS/SampleDatasetMLP.cpp:100) [187]  (6.44 ns)

 <State 105>: 6.44ns
The critical path consists of the following:
	'fadd' operation ('add2', ../../../../HWSWAI/HLS/SampleDatasetMLP.cpp:100) [187]  (6.44 ns)

 <State 106>: 2.78ns
The critical path consists of the following:
	'fcmp' operation ('tmp_3', ../../../../HWSWAI/HLS/SampleDatasetMLP.cpp:102) [194]  (2.78 ns)

 <State 107>: 3.91ns
The critical path consists of the following:
	'fcmp' operation ('tmp_3', ../../../../HWSWAI/HLS/SampleDatasetMLP.cpp:102) [194]  (2.78 ns)
	'and' operation ('and_ln102', ../../../../HWSWAI/HLS/SampleDatasetMLP.cpp:102) [195]  (0 ns)
	'select' operation ('select_ln102', ../../../../HWSWAI/HLS/SampleDatasetMLP.cpp:102) [196]  (0.449 ns)
	'store' operation ('store_ln100', ../../../../HWSWAI/HLS/SampleDatasetMLP.cpp:100) of variable 'select_ln102', ../../../../HWSWAI/HLS/SampleDatasetMLP.cpp:102 on array 'hidden_layer_2' [197]  (0.677 ns)


============================================================
+ Verbose Summary: Binding
============================================================
N/A
* FSMD analyzer results:
  - Output states:
 - Input state : 
  - Chain level:
	State 1
	State 2
	State 3
	State 4
	State 5
	State 6
	State 7
	State 8
	State 9
	State 10
	State 11
	State 12
	State 13
	State 14
	State 15
	State 16
	State 17
	State 18
	State 19
	State 20
	State 21
	State 22
	State 23
	State 24
	State 25
	State 26
	State 27
	State 28
	State 29
	State 30
	State 31
	State 32
	State 33
	State 34
	State 35
	State 36
	State 37
	State 38
	State 39
	State 40
	State 41
	State 42
	State 43
	State 44
	State 45
	State 46
	State 47
	State 48
	State 49
	State 50
	State 51
	State 52
	State 53
	State 54
	State 55
	State 56
	State 57
	State 58
	State 59
	State 60
	State 61
	State 62
	State 63
	State 64
	State 65
	State 66
	State 67
	State 68
	State 69
	State 70
	State 71
	State 72
	State 73
	State 74
	State 75
	State 76
	State 77
	State 78
	State 79
	State 80
	State 81
	State 82
	State 83
	State 84
	State 85
	State 86
	State 87
	State 88
	State 89
	State 90
	State 91
	State 92
	State 93
	State 94
	State 95
	State 96
	State 97
	State 98
	State 99
	State 100
	State 101
	State 102
	State 103
	State 104
	State 105
	State 106
	State 107


============================================================
+ Verbose Summary: Datapath Resource usage 
============================================================
N/A
