Copyright 1986-2022 Xilinx, Inc. All Rights Reserved.
--------------------------------------------------------------------------------------------------------------------------------------------------------------------------------------------------------------------------------------
| Tool Version      : Vivado v.2022.1 (win64) Build 3526262 Mon Apr 18 15:48:16 MDT 2022
| Date              : Wed Feb 14 00:59:29 2024
| Host              : DESKTOP-7J5H59V running 64-bit major release  (build 9200)
| Command           : report_timing_summary -max_paths 10 -report_unconstrained -file bd_0_wrapper_timing_summary_routed.rpt -pb bd_0_wrapper_timing_summary_routed.pb -rpx bd_0_wrapper_timing_summary_routed.rpx -warn_on_violation
| Design            : bd_0_wrapper
| Device            : xczu3eg-sbva484
| Speed File        : -2  PRODUCTION 1.29 08-03-2020
| Temperature Grade : I
--------------------------------------------------------------------------------------------------------------------------------------------------------------------------------------------------------------------------------------

Timing Summary Report

------------------------------------------------------------------------------------------------
| Timer Settings
| --------------
------------------------------------------------------------------------------------------------

  Enable Multi Corner Analysis               :  Yes
  Enable Pessimism Removal                   :  Yes
  Pessimism Removal Resolution               :  Nearest Common Node
  Enable Input Delay Default Clock           :  No
  Enable Preset / Clear Arcs                 :  No
  Disable Flight Delays                      :  No
  Ignore I/O Paths                           :  No
  Timing Early Launch at Borrowing Latches   :  No
  Borrow Time for Max Delay Exceptions       :  Yes
  Merge Timing Exceptions                    :  Yes

  Corner  Analyze    Analyze    
  Name    Max Paths  Min Paths  
  ------  ---------  ---------  
  Slow    Yes        Yes        
  Fast    Yes        Yes        


------------------------------------------------------------------------------------------------
| Report Methodology
| ------------------
------------------------------------------------------------------------------------------------

Rule       Severity  Description                    Violations  
---------  --------  -----------------------------  ----------  
TIMING-18  Warning   Missing input or output delay  113         

Note: This report is based on the most recent report_methodology run and may not be up-to-date. Run report_methodology on the current design for the latest report.



check_timing report

Table of Contents
-----------------
1. checking no_clock (0)
2. checking constant_clock (0)
3. checking pulse_width_clock (0)
4. checking unconstrained_internal_endpoints (0)
5. checking no_input_delay (57)
6. checking no_output_delay (56)
7. checking multiple_clock (0)
8. checking generated_clocks (0)
9. checking loops (0)
10. checking partial_input_delay (0)
11. checking partial_output_delay (0)
12. checking latch_loops (0)

1. checking no_clock (0)
------------------------
 There are 0 register/latch pins with no clock.


2. checking constant_clock (0)
------------------------------
 There are 0 register/latch pins with constant_clock.


3. checking pulse_width_clock (0)
---------------------------------
 There are 0 register/latch pins which need pulse_width check


4. checking unconstrained_internal_endpoints (0)
------------------------------------------------
 There are 0 pins that are not constrained for maximum delay.

 There are 0 pins that are not constrained for maximum delay due to constant clock.


5. checking no_input_delay (57)
-------------------------------
 There are 57 input ports with no input delay specified. (HIGH)

 There are 0 input ports with no input delay but user has a false path constraint.


6. checking no_output_delay (56)
--------------------------------
 There are 56 ports with no output delay specified. (HIGH)

 There are 0 ports with no output delay but user has a false path constraint

 There are 0 ports with no output delay but with a timing clock defined on it or propagating through it


7. checking multiple_clock (0)
------------------------------
 There are 0 register/latch pins with multiple clocks.


8. checking generated_clocks (0)
--------------------------------
 There are 0 generated clocks that are not connected to a clock source.


9. checking loops (0)
---------------------
 There are 0 combinational loops in the design.


10. checking partial_input_delay (0)
------------------------------------
 There are 0 input ports with partial input delay specified.


11. checking partial_output_delay (0)
-------------------------------------
 There are 0 ports with partial output delay specified.


12. checking latch_loops (0)
----------------------------
 There are 0 combinational latch loops in the design through latch input



------------------------------------------------------------------------------------------------
| Design Timing Summary
| ---------------------
------------------------------------------------------------------------------------------------

    WNS(ns)      TNS(ns)  TNS Failing Endpoints  TNS Total Endpoints      WHS(ns)      THS(ns)  THS Failing Endpoints  THS Total Endpoints     WPWS(ns)     TPWS(ns)  TPWS Failing Endpoints  TPWS Total Endpoints  
    -------      -------  ---------------------  -------------------      -------      -------  ---------------------  -------------------     --------     --------  ----------------------  --------------------  
      4.421        0.000                      0                38471        0.019        0.000                      0                38471        4.468        0.000                       0                 28371  


All user specified timing constraints are met.


------------------------------------------------------------------------------------------------
| Clock Summary
| -------------
------------------------------------------------------------------------------------------------

Clock   Waveform(ns)       Period(ns)      Frequency(MHz)
-----   ------------       ----------      --------------
ap_clk  {0.000 5.000}      10.000          100.000         


------------------------------------------------------------------------------------------------
| Intra Clock Table
| -----------------
------------------------------------------------------------------------------------------------

Clock             WNS(ns)      TNS(ns)  TNS Failing Endpoints  TNS Total Endpoints      WHS(ns)      THS(ns)  THS Failing Endpoints  THS Total Endpoints     WPWS(ns)     TPWS(ns)  TPWS Failing Endpoints  TPWS Total Endpoints  
-----             -------      -------  ---------------------  -------------------      -------      -------  ---------------------  -------------------     --------     --------  ----------------------  --------------------  
ap_clk              4.421        0.000                      0                38471        0.019        0.000                      0                38471        4.468        0.000                       0                 28371  


------------------------------------------------------------------------------------------------
| Inter Clock Table
| -----------------
------------------------------------------------------------------------------------------------

From Clock    To Clock          WNS(ns)      TNS(ns)  TNS Failing Endpoints  TNS Total Endpoints      WHS(ns)      THS(ns)  THS Failing Endpoints  THS Total Endpoints  
----------    --------          -------      -------  ---------------------  -------------------      -------      -------  ---------------------  -------------------  


------------------------------------------------------------------------------------------------
| Other Path Groups Table
| -----------------------
------------------------------------------------------------------------------------------------

Path Group    From Clock    To Clock          WNS(ns)      TNS(ns)  TNS Failing Endpoints  TNS Total Endpoints      WHS(ns)      THS(ns)  THS Failing Endpoints  THS Total Endpoints  
----------    ----------    --------          -------      -------  ---------------------  -------------------      -------      -------  ---------------------  -------------------  


------------------------------------------------------------------------------------------------
| User Ignored Path Table
| -----------------------
------------------------------------------------------------------------------------------------

Path Group    From Clock    To Clock    
----------    ----------    --------    


------------------------------------------------------------------------------------------------
| Unconstrained Path Table
| ------------------------
------------------------------------------------------------------------------------------------

Path Group    From Clock    To Clock    
----------    ----------    --------    
(none)        ap_clk                      
(none)                      ap_clk        


------------------------------------------------------------------------------------------------
| Timing Details
| --------------
------------------------------------------------------------------------------------------------


---------------------------------------------------------------------------------------------------
From Clock:  ap_clk
  To Clock:  ap_clk

Setup :            0  Failing Endpoints,  Worst Slack        4.421ns,  Total Violation        0.000ns
Hold  :            0  Failing Endpoints,  Worst Slack        0.019ns,  Total Violation        0.000ns
PW    :            0  Failing Endpoints,  Worst Slack        4.468ns,  Total Violation        0.000ns
---------------------------------------------------------------------------------------------------


Max Delay Paths
--------------------------------------------------------------------------------------
Slack (MET) :             4.421ns  (required time - arrival time)
  Source:                 bd_0_i/hls_inst/inst/fmul_32ns_32ns_32_3_max_dsp_1_U429/din0_buf1_reg[20]/C
                            (rising edge-triggered cell FDRE clocked by ap_clk  {rise@0.000ns fall@5.000ns period=10.000ns})
  Destination:            bd_0_i/hls_inst/inst/fmul_32ns_32ns_32_3_max_dsp_1_U429/MLP_fmul_32ns_32ns_32_3_max_dsp_1_ip_u/inst/i_synth/MULT.OP/i_non_prim.OP/RESULT_REG.NORMAL.mant_op_reg[22]/D
                            (rising edge-triggered cell FDRE clocked by ap_clk  {rise@0.000ns fall@5.000ns period=10.000ns})
  Path Group:             ap_clk
  Path Type:              Setup (Max at Slow Process Corner)
  Requirement:            10.000ns  (ap_clk rise@10.000ns - ap_clk rise@0.000ns)
  Data Path Delay:        5.561ns  (logic 2.779ns (49.977%)  route 2.782ns (50.023%))
  Logic Levels:           11  (DSP_A_B_DATA=1 DSP_ALU=2 DSP_M_DATA=1 DSP_MULTIPLIER=1 DSP_OUTPUT=2 DSP_PREADD_DATA=1 LUT3=1 LUT6=2)
  Clock Path Skew:        -0.008ns (DCD - SCD + CPR)
    Destination Clock Delay (DCD):    0.020ns = ( 10.020 - 10.000 ) 
    Source Clock Delay      (SCD):    0.028ns
    Clock Pessimism Removal (CPR):    0.000ns
  Clock Uncertainty:      0.035ns  ((TSJ^2 + TIJ^2)^1/2 + DJ) / 2 + PE
    Total System Jitter     (TSJ):    0.071ns
    Total Input Jitter      (TIJ):    0.000ns
    Discrete Jitter          (DJ):    0.000ns
    Phase Error              (PE):    0.000ns

    Location             Delay type                Incr(ns)  Path(ns)    Netlist Resource(s)
  -------------------------------------------------------------------    -------------------
                         (clock ap_clk rise edge)     0.000     0.000 r  
                                                      0.000     0.000 r  ap_clk (IN)
                         net (fo=29822, unset)        0.028     0.028    bd_0_i/hls_inst/inst/fmul_32ns_32ns_32_3_max_dsp_1_U429/ap_clk
    SLICE_X33Y28         FDRE                                         r  bd_0_i/hls_inst/inst/fmul_32ns_32ns_32_3_max_dsp_1_U429/din0_buf1_reg[20]/C
  -------------------------------------------------------------------    -------------------
    SLICE_X33Y28         FDRE (Prop_DFF_SLICEL_C_Q)
                                                      0.079     0.107 f  bd_0_i/hls_inst/inst/fmul_32ns_32ns_32_3_max_dsp_1_U429/din0_buf1_reg[20]/Q
                         net (fo=2, routed)           1.563     1.670    bd_0_i/hls_inst/inst/fmul_32ns_32ns_32_3_max_dsp_1_U429/MLP_fmul_32ns_32ns_32_3_max_dsp_1_ip_u/inst/i_synth/MULT.OP/i_non_prim.MULT/DSP48E1_SPD_SGL_VARIANT.FIX_MULT/DSP1/i_no_versal_es1_workaround.DSP/A[20]
    DSP48E2_X3Y11        DSP_A_B_DATA (Prop_DSP_A_B_DATA_DSP48E2_A[20]_A2_DATA[20])
                                                      0.192     1.862 r  bd_0_i/hls_inst/inst/fmul_32ns_32ns_32_3_max_dsp_1_U429/MLP_fmul_32ns_32ns_32_3_max_dsp_1_ip_u/inst/i_synth/MULT.OP/i_non_prim.MULT/DSP48E1_SPD_SGL_VARIANT.FIX_MULT/DSP1/i_no_versal_es1_workaround.DSP/DSP_A_B_DATA_INST/A2_DATA[20]
                         net (fo=1, routed)           0.000     1.862    bd_0_i/hls_inst/inst/fmul_32ns_32ns_32_3_max_dsp_1_U429/MLP_fmul_32ns_32ns_32_3_max_dsp_1_ip_u/inst/i_synth/MULT.OP/i_non_prim.MULT/DSP48E1_SPD_SGL_VARIANT.FIX_MULT/DSP1/i_no_versal_es1_workaround.DSP/DSP_A_B_DATA.A2_DATA<20>
    DSP48E2_X3Y11        DSP_PREADD_DATA (Prop_DSP_PREADD_DATA_DSP48E2_A2_DATA[20]_A2A1[20])
                                                      0.076     1.938 r  bd_0_i/hls_inst/inst/fmul_32ns_32ns_32_3_max_dsp_1_U429/MLP_fmul_32ns_32ns_32_3_max_dsp_1_ip_u/inst/i_synth/MULT.OP/i_non_prim.MULT/DSP48E1_SPD_SGL_VARIANT.FIX_MULT/DSP1/i_no_versal_es1_workaround.DSP/DSP_PREADD_DATA_INST/A2A1[20]
                         net (fo=1, routed)           0.000     1.938    bd_0_i/hls_inst/inst/fmul_32ns_32ns_32_3_max_dsp_1_U429/MLP_fmul_32ns_32ns_32_3_max_dsp_1_ip_u/inst/i_synth/MULT.OP/i_non_prim.MULT/DSP48E1_SPD_SGL_VARIANT.FIX_MULT/DSP1/i_no_versal_es1_workaround.DSP/DSP_PREADD_DATA.A2A1<20>
    DSP48E2_X3Y11        DSP_MULTIPLIER (Prop_DSP_MULTIPLIER_DSP48E2_A2A1[20]_U[39])
                                                      0.505     2.443 f  bd_0_i/hls_inst/inst/fmul_32ns_32ns_32_3_max_dsp_1_U429/MLP_fmul_32ns_32ns_32_3_max_dsp_1_ip_u/inst/i_synth/MULT.OP/i_non_prim.MULT/DSP48E1_SPD_SGL_VARIANT.FIX_MULT/DSP1/i_no_versal_es1_workaround.DSP/DSP_MULTIPLIER_INST/U[39]
                         net (fo=1, routed)           0.000     2.443    bd_0_i/hls_inst/inst/fmul_32ns_32ns_32_3_max_dsp_1_U429/MLP_fmul_32ns_32ns_32_3_max_dsp_1_ip_u/inst/i_synth/MULT.OP/i_non_prim.MULT/DSP48E1_SPD_SGL_VARIANT.FIX_MULT/DSP1/i_no_versal_es1_workaround.DSP/DSP_MULTIPLIER.U<39>
    DSP48E2_X3Y11        DSP_M_DATA (Prop_DSP_M_DATA_DSP48E2_U[39]_U_DATA[39])
                                                      0.047     2.490 r  bd_0_i/hls_inst/inst/fmul_32ns_32ns_32_3_max_dsp_1_U429/MLP_fmul_32ns_32ns_32_3_max_dsp_1_ip_u/inst/i_synth/MULT.OP/i_non_prim.MULT/DSP48E1_SPD_SGL_VARIANT.FIX_MULT/DSP1/i_no_versal_es1_workaround.DSP/DSP_M_DATA_INST/U_DATA[39]
                         net (fo=1, routed)           0.000     2.490    bd_0_i/hls_inst/inst/fmul_32ns_32ns_32_3_max_dsp_1_U429/MLP_fmul_32ns_32ns_32_3_max_dsp_1_ip_u/inst/i_synth/MULT.OP/i_non_prim.MULT/DSP48E1_SPD_SGL_VARIANT.FIX_MULT/DSP1/i_no_versal_es1_workaround.DSP/DSP_M_DATA.U_DATA<39>
    DSP48E2_X3Y11        DSP_ALU (Prop_DSP_ALU_DSP48E2_U_DATA[39]_ALU_OUT[47])
                                                      0.585     3.075 f  bd_0_i/hls_inst/inst/fmul_32ns_32ns_32_3_max_dsp_1_U429/MLP_fmul_32ns_32ns_32_3_max_dsp_1_ip_u/inst/i_synth/MULT.OP/i_non_prim.MULT/DSP48E1_SPD_SGL_VARIANT.FIX_MULT/DSP1/i_no_versal_es1_workaround.DSP/DSP_ALU_INST/ALU_OUT[47]
                         net (fo=1, routed)           0.000     3.075    bd_0_i/hls_inst/inst/fmul_32ns_32ns_32_3_max_dsp_1_U429/MLP_fmul_32ns_32ns_32_3_max_dsp_1_ip_u/inst/i_synth/MULT.OP/i_non_prim.MULT/DSP48E1_SPD_SGL_VARIANT.FIX_MULT/DSP1/i_no_versal_es1_workaround.DSP/DSP_ALU.ALU_OUT<47>
    DSP48E2_X3Y11        DSP_OUTPUT (Prop_DSP_OUTPUT_DSP48E2_ALU_OUT[47]_PCOUT[47])
                                                      0.122     3.197 r  bd_0_i/hls_inst/inst/fmul_32ns_32ns_32_3_max_dsp_1_U429/MLP_fmul_32ns_32ns_32_3_max_dsp_1_ip_u/inst/i_synth/MULT.OP/i_non_prim.MULT/DSP48E1_SPD_SGL_VARIANT.FIX_MULT/DSP1/i_no_versal_es1_workaround.DSP/DSP_OUTPUT_INST/PCOUT[47]
                         net (fo=1, routed)           0.073     3.270    bd_0_i/hls_inst/inst/fmul_32ns_32ns_32_3_max_dsp_1_U429/MLP_fmul_32ns_32ns_32_3_max_dsp_1_ip_u/inst/i_synth/MULT.OP/i_non_prim.MULT/DSP48E1_SPD_SGL_VARIANT.FIX_MULT/DSP2/i_no_versal_es1_workaround.DSP/PCIN[47]
    DSP48E2_X3Y12        DSP_ALU (Prop_DSP_ALU_DSP48E2_PCIN[47]_ALU_OUT[47])
                                                      0.546     3.816 r  bd_0_i/hls_inst/inst/fmul_32ns_32ns_32_3_max_dsp_1_U429/MLP_fmul_32ns_32ns_32_3_max_dsp_1_ip_u/inst/i_synth/MULT.OP/i_non_prim.MULT/DSP48E1_SPD_SGL_VARIANT.FIX_MULT/DSP2/i_no_versal_es1_workaround.DSP/DSP_ALU_INST/ALU_OUT[47]
                         net (fo=1, routed)           0.000     3.816    bd_0_i/hls_inst/inst/fmul_32ns_32ns_32_3_max_dsp_1_U429/MLP_fmul_32ns_32ns_32_3_max_dsp_1_ip_u/inst/i_synth/MULT.OP/i_non_prim.MULT/DSP48E1_SPD_SGL_VARIANT.FIX_MULT/DSP2/i_no_versal_es1_workaround.DSP/DSP_ALU.ALU_OUT<47>
    DSP48E2_X3Y12        DSP_OUTPUT (Prop_DSP_OUTPUT_DSP48E2_ALU_OUT[47]_PATTERN_DETECT)
                                                      0.363     4.179 f  bd_0_i/hls_inst/inst/fmul_32ns_32ns_32_3_max_dsp_1_U429/MLP_fmul_32ns_32ns_32_3_max_dsp_1_ip_u/inst/i_synth/MULT.OP/i_non_prim.MULT/DSP48E1_SPD_SGL_VARIANT.FIX_MULT/DSP2/i_no_versal_es1_workaround.DSP/DSP_OUTPUT_INST/PATTERN_DETECT
                         net (fo=2, routed)           0.368     4.547    bd_0_i/hls_inst/inst/fmul_32ns_32ns_32_3_max_dsp_1_U429/MLP_fmul_32ns_32ns_32_3_max_dsp_1_ip_u/inst/i_synth/MULT.OP/i_non_prim.MULT/DSP48E1_SPD_SGL_VARIANT.FIX_MULT/DSP2/zero_detect_rnd[1]
    SLICE_X41Y29         LUT6 (Prop_F6LUT_SLICEL_I2_O)
                                                      0.148     4.695 r  bd_0_i/hls_inst/inst/fmul_32ns_32ns_32_3_max_dsp_1_U429/MLP_fmul_32ns_32ns_32_3_max_dsp_1_ip_u/inst/i_synth/MULT.OP/i_non_prim.MULT/DSP48E1_SPD_SGL_VARIANT.FIX_MULT/DSP2/RESULT_REG.NORMAL.mant_op[21]_i_4/O
                         net (fo=22, routed)          0.175     4.871    bd_0_i/hls_inst/inst/fmul_32ns_32ns_32_3_max_dsp_1_U429/MLP_fmul_32ns_32ns_32_3_max_dsp_1_ip_u/inst/i_synth/MULT.OP/i_non_prim.MULT/DSP48E1_SPD_SGL_VARIANT.FIX_MULT/DSP2/i_non_prim.R_AND_R/LAT_OPT.FULL.R_AND_R/plus2_sel_ip__4
    SLICE_X41Y33         LUT6 (Prop_G6LUT_SLICEL_I4_O)
                                                      0.050     4.921 r  bd_0_i/hls_inst/inst/fmul_32ns_32ns_32_3_max_dsp_1_U429/MLP_fmul_32ns_32ns_32_3_max_dsp_1_ip_u/inst/i_synth/MULT.OP/i_non_prim.MULT/DSP48E1_SPD_SGL_VARIANT.FIX_MULT/DSP2/RESULT_REG.NORMAL.mant_op[22]_i_2/O
                         net (fo=1, routed)           0.230     5.151    bd_0_i/hls_inst/inst/fmul_32ns_32ns_32_3_max_dsp_1_U429/MLP_fmul_32ns_32ns_32_3_max_dsp_1_ip_u/inst/i_synth/MULT.OP/i_non_prim.EXP/EXP_ADD.C_CHAIN/p_3_out[0]
    SLICE_X41Y33         LUT3 (Prop_D5LUT_SLICEL_I1_O)
                                                      0.066     5.217 r  bd_0_i/hls_inst/inst/fmul_32ns_32ns_32_3_max_dsp_1_U429/MLP_fmul_32ns_32ns_32_3_max_dsp_1_ip_u/inst/i_synth/MULT.OP/i_non_prim.EXP/EXP_ADD.C_CHAIN/RESULT_REG.NORMAL.mant_op[22]_i_1/O
                         net (fo=1, routed)           0.372     5.589    bd_0_i/hls_inst/inst/fmul_32ns_32ns_32_3_max_dsp_1_U429/MLP_fmul_32ns_32ns_32_3_max_dsp_1_ip_u/inst/i_synth/MULT.OP/i_non_prim.OP/RESULT_REG.NORMAL.mant_op_reg[22]_0
    SLICE_X41Y28         FDRE                                         r  bd_0_i/hls_inst/inst/fmul_32ns_32ns_32_3_max_dsp_1_U429/MLP_fmul_32ns_32ns_32_3_max_dsp_1_ip_u/inst/i_synth/MULT.OP/i_non_prim.OP/RESULT_REG.NORMAL.mant_op_reg[22]/D
  -------------------------------------------------------------------    -------------------

                         (clock ap_clk rise edge)    10.000    10.000 r  
                                                      0.000    10.000 r  ap_clk (IN)
                         net (fo=29822, unset)        0.020    10.020    bd_0_i/hls_inst/inst/fmul_32ns_32ns_32_3_max_dsp_1_U429/MLP_fmul_32ns_32ns_32_3_max_dsp_1_ip_u/inst/i_synth/MULT.OP/i_non_prim.OP/aclk
    SLICE_X41Y28         FDRE                                         r  bd_0_i/hls_inst/inst/fmul_32ns_32ns_32_3_max_dsp_1_U429/MLP_fmul_32ns_32ns_32_3_max_dsp_1_ip_u/inst/i_synth/MULT.OP/i_non_prim.OP/RESULT_REG.NORMAL.mant_op_reg[22]/C
                         clock pessimism              0.000    10.020    
                         clock uncertainty           -0.035     9.985    
    SLICE_X41Y28         FDRE (Setup_FFF_SLICEL_C_D)
                                                      0.025    10.010    bd_0_i/hls_inst/inst/fmul_32ns_32ns_32_3_max_dsp_1_U429/MLP_fmul_32ns_32ns_32_3_max_dsp_1_ip_u/inst/i_synth/MULT.OP/i_non_prim.OP/RESULT_REG.NORMAL.mant_op_reg[22]
  -------------------------------------------------------------------
                         required time                         10.010    
                         arrival time                          -5.589    
  -------------------------------------------------------------------
                         slack                                  4.421    

Slack (MET) :             4.450ns  (required time - arrival time)
  Source:                 bd_0_i/hls_inst/inst/fmul_32ns_32ns_32_3_max_dsp_1_U429/din0_buf1_reg[20]/C
                            (rising edge-triggered cell FDRE clocked by ap_clk  {rise@0.000ns fall@5.000ns period=10.000ns})
  Destination:            bd_0_i/hls_inst/inst/fmul_32ns_32ns_32_3_max_dsp_1_U429/MLP_fmul_32ns_32ns_32_3_max_dsp_1_ip_u/inst/i_synth/MULT.OP/i_non_prim.OP/RESULT_REG.NORMAL.exp_op_reg[4]/D
                            (rising edge-triggered cell FDRE clocked by ap_clk  {rise@0.000ns fall@5.000ns period=10.000ns})
  Path Group:             ap_clk
  Path Type:              Setup (Max at Slow Process Corner)
  Requirement:            10.000ns  (ap_clk rise@10.000ns - ap_clk rise@0.000ns)
  Data Path Delay:        5.533ns  (logic 2.950ns (53.321%)  route 2.583ns (46.679%))
  Logic Levels:           11  (DSP_A_B_DATA=1 DSP_ALU=2 DSP_M_DATA=1 DSP_MULTIPLIER=1 DSP_OUTPUT=2 DSP_PREADD_DATA=1 LUT4=2 LUT6=1)
  Clock Path Skew:        -0.007ns (DCD - SCD + CPR)
    Destination Clock Delay (DCD):    0.021ns = ( 10.021 - 10.000 ) 
    Source Clock Delay      (SCD):    0.028ns
    Clock Pessimism Removal (CPR):    0.000ns
  Clock Uncertainty:      0.035ns  ((TSJ^2 + TIJ^2)^1/2 + DJ) / 2 + PE
    Total System Jitter     (TSJ):    0.071ns
    Total Input Jitter      (TIJ):    0.000ns
    Discrete Jitter          (DJ):    0.000ns
    Phase Error              (PE):    0.000ns

    Location             Delay type                Incr(ns)  Path(ns)    Netlist Resource(s)
  -------------------------------------------------------------------    -------------------
                         (clock ap_clk rise edge)     0.000     0.000 r  
                                                      0.000     0.000 r  ap_clk (IN)
                         net (fo=29822, unset)        0.028     0.028    bd_0_i/hls_inst/inst/fmul_32ns_32ns_32_3_max_dsp_1_U429/ap_clk
    SLICE_X33Y28         FDRE                                         r  bd_0_i/hls_inst/inst/fmul_32ns_32ns_32_3_max_dsp_1_U429/din0_buf1_reg[20]/C
  -------------------------------------------------------------------    -------------------
    SLICE_X33Y28         FDRE (Prop_DFF_SLICEL_C_Q)
                                                      0.079     0.107 f  bd_0_i/hls_inst/inst/fmul_32ns_32ns_32_3_max_dsp_1_U429/din0_buf1_reg[20]/Q
                         net (fo=2, routed)           1.563     1.670    bd_0_i/hls_inst/inst/fmul_32ns_32ns_32_3_max_dsp_1_U429/MLP_fmul_32ns_32ns_32_3_max_dsp_1_ip_u/inst/i_synth/MULT.OP/i_non_prim.MULT/DSP48E1_SPD_SGL_VARIANT.FIX_MULT/DSP1/i_no_versal_es1_workaround.DSP/A[20]
    DSP48E2_X3Y11        DSP_A_B_DATA (Prop_DSP_A_B_DATA_DSP48E2_A[20]_A2_DATA[20])
                                                      0.192     1.862 r  bd_0_i/hls_inst/inst/fmul_32ns_32ns_32_3_max_dsp_1_U429/MLP_fmul_32ns_32ns_32_3_max_dsp_1_ip_u/inst/i_synth/MULT.OP/i_non_prim.MULT/DSP48E1_SPD_SGL_VARIANT.FIX_MULT/DSP1/i_no_versal_es1_workaround.DSP/DSP_A_B_DATA_INST/A2_DATA[20]
                         net (fo=1, routed)           0.000     1.862    bd_0_i/hls_inst/inst/fmul_32ns_32ns_32_3_max_dsp_1_U429/MLP_fmul_32ns_32ns_32_3_max_dsp_1_ip_u/inst/i_synth/MULT.OP/i_non_prim.MULT/DSP48E1_SPD_SGL_VARIANT.FIX_MULT/DSP1/i_no_versal_es1_workaround.DSP/DSP_A_B_DATA.A2_DATA<20>
    DSP48E2_X3Y11        DSP_PREADD_DATA (Prop_DSP_PREADD_DATA_DSP48E2_A2_DATA[20]_A2A1[20])
                                                      0.076     1.938 r  bd_0_i/hls_inst/inst/fmul_32ns_32ns_32_3_max_dsp_1_U429/MLP_fmul_32ns_32ns_32_3_max_dsp_1_ip_u/inst/i_synth/MULT.OP/i_non_prim.MULT/DSP48E1_SPD_SGL_VARIANT.FIX_MULT/DSP1/i_no_versal_es1_workaround.DSP/DSP_PREADD_DATA_INST/A2A1[20]
                         net (fo=1, routed)           0.000     1.938    bd_0_i/hls_inst/inst/fmul_32ns_32ns_32_3_max_dsp_1_U429/MLP_fmul_32ns_32ns_32_3_max_dsp_1_ip_u/inst/i_synth/MULT.OP/i_non_prim.MULT/DSP48E1_SPD_SGL_VARIANT.FIX_MULT/DSP1/i_no_versal_es1_workaround.DSP/DSP_PREADD_DATA.A2A1<20>
    DSP48E2_X3Y11        DSP_MULTIPLIER (Prop_DSP_MULTIPLIER_DSP48E2_A2A1[20]_U[39])
                                                      0.505     2.443 f  bd_0_i/hls_inst/inst/fmul_32ns_32ns_32_3_max_dsp_1_U429/MLP_fmul_32ns_32ns_32_3_max_dsp_1_ip_u/inst/i_synth/MULT.OP/i_non_prim.MULT/DSP48E1_SPD_SGL_VARIANT.FIX_MULT/DSP1/i_no_versal_es1_workaround.DSP/DSP_MULTIPLIER_INST/U[39]
                         net (fo=1, routed)           0.000     2.443    bd_0_i/hls_inst/inst/fmul_32ns_32ns_32_3_max_dsp_1_U429/MLP_fmul_32ns_32ns_32_3_max_dsp_1_ip_u/inst/i_synth/MULT.OP/i_non_prim.MULT/DSP48E1_SPD_SGL_VARIANT.FIX_MULT/DSP1/i_no_versal_es1_workaround.DSP/DSP_MULTIPLIER.U<39>
    DSP48E2_X3Y11        DSP_M_DATA (Prop_DSP_M_DATA_DSP48E2_U[39]_U_DATA[39])
                                                      0.047     2.490 r  bd_0_i/hls_inst/inst/fmul_32ns_32ns_32_3_max_dsp_1_U429/MLP_fmul_32ns_32ns_32_3_max_dsp_1_ip_u/inst/i_synth/MULT.OP/i_non_prim.MULT/DSP48E1_SPD_SGL_VARIANT.FIX_MULT/DSP1/i_no_versal_es1_workaround.DSP/DSP_M_DATA_INST/U_DATA[39]
                         net (fo=1, routed)           0.000     2.490    bd_0_i/hls_inst/inst/fmul_32ns_32ns_32_3_max_dsp_1_U429/MLP_fmul_32ns_32ns_32_3_max_dsp_1_ip_u/inst/i_synth/MULT.OP/i_non_prim.MULT/DSP48E1_SPD_SGL_VARIANT.FIX_MULT/DSP1/i_no_versal_es1_workaround.DSP/DSP_M_DATA.U_DATA<39>
    DSP48E2_X3Y11        DSP_ALU (Prop_DSP_ALU_DSP48E2_U_DATA[39]_ALU_OUT[47])
                                                      0.585     3.075 f  bd_0_i/hls_inst/inst/fmul_32ns_32ns_32_3_max_dsp_1_U429/MLP_fmul_32ns_32ns_32_3_max_dsp_1_ip_u/inst/i_synth/MULT.OP/i_non_prim.MULT/DSP48E1_SPD_SGL_VARIANT.FIX_MULT/DSP1/i_no_versal_es1_workaround.DSP/DSP_ALU_INST/ALU_OUT[47]
                         net (fo=1, routed)           0.000     3.075    bd_0_i/hls_inst/inst/fmul_32ns_32ns_32_3_max_dsp_1_U429/MLP_fmul_32ns_32ns_32_3_max_dsp_1_ip_u/inst/i_synth/MULT.OP/i_non_prim.MULT/DSP48E1_SPD_SGL_VARIANT.FIX_MULT/DSP1/i_no_versal_es1_workaround.DSP/DSP_ALU.ALU_OUT<47>
    DSP48E2_X3Y11        DSP_OUTPUT (Prop_DSP_OUTPUT_DSP48E2_ALU_OUT[47]_PCOUT[47])
                                                      0.122     3.197 r  bd_0_i/hls_inst/inst/fmul_32ns_32ns_32_3_max_dsp_1_U429/MLP_fmul_32ns_32ns_32_3_max_dsp_1_ip_u/inst/i_synth/MULT.OP/i_non_prim.MULT/DSP48E1_SPD_SGL_VARIANT.FIX_MULT/DSP1/i_no_versal_es1_workaround.DSP/DSP_OUTPUT_INST/PCOUT[47]
                         net (fo=1, routed)           0.073     3.270    bd_0_i/hls_inst/inst/fmul_32ns_32ns_32_3_max_dsp_1_U429/MLP_fmul_32ns_32ns_32_3_max_dsp_1_ip_u/inst/i_synth/MULT.OP/i_non_prim.MULT/DSP48E1_SPD_SGL_VARIANT.FIX_MULT/DSP2/i_no_versal_es1_workaround.DSP/PCIN[47]
    DSP48E2_X3Y12        DSP_ALU (Prop_DSP_ALU_DSP48E2_PCIN[47]_ALU_OUT[47])
                                                      0.546     3.816 r  bd_0_i/hls_inst/inst/fmul_32ns_32ns_32_3_max_dsp_1_U429/MLP_fmul_32ns_32ns_32_3_max_dsp_1_ip_u/inst/i_synth/MULT.OP/i_non_prim.MULT/DSP48E1_SPD_SGL_VARIANT.FIX_MULT/DSP2/i_no_versal_es1_workaround.DSP/DSP_ALU_INST/ALU_OUT[47]
                         net (fo=1, routed)           0.000     3.816    bd_0_i/hls_inst/inst/fmul_32ns_32ns_32_3_max_dsp_1_U429/MLP_fmul_32ns_32ns_32_3_max_dsp_1_ip_u/inst/i_synth/MULT.OP/i_non_prim.MULT/DSP48E1_SPD_SGL_VARIANT.FIX_MULT/DSP2/i_no_versal_es1_workaround.DSP/DSP_ALU.ALU_OUT<47>
    DSP48E2_X3Y12        DSP_OUTPUT (Prop_DSP_OUTPUT_DSP48E2_ALU_OUT[47]_PATTERN_DETECT)
                                                      0.363     4.179 f  bd_0_i/hls_inst/inst/fmul_32ns_32ns_32_3_max_dsp_1_U429/MLP_fmul_32ns_32ns_32_3_max_dsp_1_ip_u/inst/i_synth/MULT.OP/i_non_prim.MULT/DSP48E1_SPD_SGL_VARIANT.FIX_MULT/DSP2/i_no_versal_es1_workaround.DSP/DSP_OUTPUT_INST/PATTERN_DETECT
                         net (fo=2, routed)           0.368     4.547    bd_0_i/hls_inst/inst/fmul_32ns_32ns_32_3_max_dsp_1_U429/MLP_fmul_32ns_32ns_32_3_max_dsp_1_ip_u/inst/i_synth/MULT.OP/i_non_prim.MULT/DSP48E1_SPD_SGL_VARIANT.FIX_MULT/DSP2/zero_detect_rnd[1]
    SLICE_X41Y29         LUT6 (Prop_G6LUT_SLICEL_I2_O)
                                                      0.149     4.696 r  bd_0_i/hls_inst/inst/fmul_32ns_32ns_32_3_max_dsp_1_U429/MLP_fmul_32ns_32ns_32_3_max_dsp_1_ip_u/inst/i_synth/MULT.OP/i_non_prim.MULT/DSP48E1_SPD_SGL_VARIANT.FIX_MULT/DSP2/RESULT_REG.NORMAL.mant_op[0]_i_2/O
                         net (fo=2, routed)           0.272     4.968    bd_0_i/hls_inst/inst/fmul_32ns_32ns_32_3_max_dsp_1_U429/MLP_fmul_32ns_32ns_32_3_max_dsp_1_ip_u/inst/i_synth/MULT.OP/i_non_prim.MULT/DSP48E1_SPD_SGL_VARIANT.FIX_MULT/DSP2/i_non_prim.R_AND_R/LAT_OPT.FULL.R_AND_R/flt_get_round_bit__3
    SLICE_X40Y32         LUT4 (Prop_H5LUT_SLICEM_I1_O)
                                                      0.161     5.129 r  bd_0_i/hls_inst/inst/fmul_32ns_32ns_32_3_max_dsp_1_U429/MLP_fmul_32ns_32ns_32_3_max_dsp_1_ip_u/inst/i_synth/MULT.OP/i_non_prim.MULT/DSP48E1_SPD_SGL_VARIANT.FIX_MULT/DSP2/RESULT_REG.NORMAL.exp_op[7]_i_8/O
                         net (fo=8, routed)           0.253     5.383    bd_0_i/hls_inst/inst/fmul_32ns_32ns_32_3_max_dsp_1_U429/MLP_fmul_32ns_32ns_32_3_max_dsp_1_ip_u/inst/i_synth/MULT.OP/i_non_prim.R_AND_R/LAT_OPT.FULL.R_AND_R/DSP48E1_SGL_EXP_IP.OLD_ADD.ADD/round_exp_inc_op
    SLICE_X40Y29         LUT4 (Prop_A6LUT_SLICEM_I1_O)
                                                      0.125     5.508 r  bd_0_i/hls_inst/inst/fmul_32ns_32ns_32_3_max_dsp_1_U429/MLP_fmul_32ns_32ns_32_3_max_dsp_1_ip_u/inst/i_synth/MULT.OP/i_non_prim.R_AND_R/LAT_OPT.FULL.R_AND_R/DSP48E1_SGL_EXP_IP.OLD_ADD.ADD/RESULT_REG.NORMAL.exp_op[4]_i_1/O
                         net (fo=1, routed)           0.053     5.561    bd_0_i/hls_inst/inst/fmul_32ns_32ns_32_3_max_dsp_1_U429/MLP_fmul_32ns_32ns_32_3_max_dsp_1_ip_u/inst/i_synth/MULT.OP/i_non_prim.OP/RESULT_REG.NORMAL.exp_op_reg[4]_0
    SLICE_X40Y29         FDRE                                         r  bd_0_i/hls_inst/inst/fmul_32ns_32ns_32_3_max_dsp_1_U429/MLP_fmul_32ns_32ns_32_3_max_dsp_1_ip_u/inst/i_synth/MULT.OP/i_non_prim.OP/RESULT_REG.NORMAL.exp_op_reg[4]/D
  -------------------------------------------------------------------    -------------------

                         (clock ap_clk rise edge)    10.000    10.000 r  
                                                      0.000    10.000 r  ap_clk (IN)
                         net (fo=29822, unset)        0.021    10.021    bd_0_i/hls_inst/inst/fmul_32ns_32ns_32_3_max_dsp_1_U429/MLP_fmul_32ns_32ns_32_3_max_dsp_1_ip_u/inst/i_synth/MULT.OP/i_non_prim.OP/aclk
    SLICE_X40Y29         FDRE                                         r  bd_0_i/hls_inst/inst/fmul_32ns_32ns_32_3_max_dsp_1_U429/MLP_fmul_32ns_32ns_32_3_max_dsp_1_ip_u/inst/i_synth/MULT.OP/i_non_prim.OP/RESULT_REG.NORMAL.exp_op_reg[4]/C
                         clock pessimism              0.000    10.021    
                         clock uncertainty           -0.035     9.986    
    SLICE_X40Y29         FDRE (Setup_AFF_SLICEM_C_D)
                                                      0.025    10.011    bd_0_i/hls_inst/inst/fmul_32ns_32ns_32_3_max_dsp_1_U429/MLP_fmul_32ns_32ns_32_3_max_dsp_1_ip_u/inst/i_synth/MULT.OP/i_non_prim.OP/RESULT_REG.NORMAL.exp_op_reg[4]
  -------------------------------------------------------------------
                         required time                         10.011    
                         arrival time                          -5.561    
  -------------------------------------------------------------------
                         slack                                  4.450    

Slack (MET) :             4.495ns  (required time - arrival time)
  Source:                 bd_0_i/hls_inst/inst/ap_CS_fsm_reg[53]/C
                            (rising edge-triggered cell FDRE clocked by ap_clk  {rise@0.000ns fall@5.000ns period=10.000ns})
  Destination:            bd_0_i/hls_inst/inst/fmul_32ns_32ns_32_3_max_dsp_1_U427/din1_buf1_reg[3]/D
                            (rising edge-triggered cell FDRE clocked by ap_clk  {rise@0.000ns fall@5.000ns period=10.000ns})
  Path Group:             ap_clk
  Path Type:              Setup (Max at Slow Process Corner)
  Requirement:            10.000ns  (ap_clk rise@10.000ns - ap_clk rise@0.000ns)
  Data Path Delay:        5.486ns  (logic 0.228ns (4.156%)  route 5.258ns (95.844%))
  Logic Levels:           1  (LUT5=1)
  Clock Path Skew:        -0.009ns (DCD - SCD + CPR)
    Destination Clock Delay (DCD):    0.020ns = ( 10.020 - 10.000 ) 
    Source Clock Delay      (SCD):    0.029ns
    Clock Pessimism Removal (CPR):    0.000ns
  Clock Uncertainty:      0.035ns  ((TSJ^2 + TIJ^2)^1/2 + DJ) / 2 + PE
    Total System Jitter     (TSJ):    0.071ns
    Total Input Jitter      (TIJ):    0.000ns
    Discrete Jitter          (DJ):    0.000ns
    Phase Error              (PE):    0.000ns

    Location             Delay type                Incr(ns)  Path(ns)    Netlist Resource(s)
  -------------------------------------------------------------------    -------------------
                         (clock ap_clk rise edge)     0.000     0.000 r  
                                                      0.000     0.000 r  ap_clk (IN)
                         net (fo=29822, unset)        0.029     0.029    bd_0_i/hls_inst/inst/ap_clk
    SLICE_X18Y34         FDRE                                         r  bd_0_i/hls_inst/inst/ap_CS_fsm_reg[53]/C
  -------------------------------------------------------------------    -------------------
    SLICE_X18Y34         FDRE (Prop_FFF_SLICEL_C_Q)
                                                      0.079     0.108 r  bd_0_i/hls_inst/inst/ap_CS_fsm_reg[53]/Q
                         net (fo=812, routed)         5.210     5.318    bd_0_i/hls_inst/inst/grp_MLP_Pipeline_VITIS_LOOP_111_7_fu_1391/Q[3]
    SLICE_X36Y5          LUT5 (Prop_G6LUT_SLICEL_I1_O)
                                                      0.149     5.467 r  bd_0_i/hls_inst/inst/grp_MLP_Pipeline_VITIS_LOOP_111_7_fu_1391/din1_buf1[3]_i_1__36/O
                         net (fo=1, routed)           0.048     5.515    bd_0_i/hls_inst/inst/fmul_32ns_32ns_32_3_max_dsp_1_U427/grp_fu_2507_p1[3]
    SLICE_X36Y5          FDRE                                         r  bd_0_i/hls_inst/inst/fmul_32ns_32ns_32_3_max_dsp_1_U427/din1_buf1_reg[3]/D
  -------------------------------------------------------------------    -------------------

                         (clock ap_clk rise edge)    10.000    10.000 r  
                                                      0.000    10.000 r  ap_clk (IN)
                         net (fo=29822, unset)        0.020    10.020    bd_0_i/hls_inst/inst/fmul_32ns_32ns_32_3_max_dsp_1_U427/ap_clk
    SLICE_X36Y5          FDRE                                         r  bd_0_i/hls_inst/inst/fmul_32ns_32ns_32_3_max_dsp_1_U427/din1_buf1_reg[3]/C
                         clock pessimism              0.000    10.020    
                         clock uncertainty           -0.035     9.985    
    SLICE_X36Y5          FDRE (Setup_GFF_SLICEL_C_D)
                                                      0.025    10.010    bd_0_i/hls_inst/inst/fmul_32ns_32ns_32_3_max_dsp_1_U427/din1_buf1_reg[3]
  -------------------------------------------------------------------
                         required time                         10.010    
                         arrival time                          -5.515    
  -------------------------------------------------------------------
                         slack                                  4.495    

Slack (MET) :             4.508ns  (required time - arrival time)
  Source:                 bd_0_i/hls_inst/inst/fmul_32ns_32ns_32_3_max_dsp_1_U429/din0_buf1_reg[20]/C
                            (rising edge-triggered cell FDRE clocked by ap_clk  {rise@0.000ns fall@5.000ns period=10.000ns})
  Destination:            bd_0_i/hls_inst/inst/fmul_32ns_32ns_32_3_max_dsp_1_U429/MLP_fmul_32ns_32ns_32_3_max_dsp_1_ip_u/inst/i_synth/MULT.OP/i_non_prim.OP/RESULT_REG.NORMAL.exp_op_reg[3]/D
                            (rising edge-triggered cell FDRE clocked by ap_clk  {rise@0.000ns fall@5.000ns period=10.000ns})
  Path Group:             ap_clk
  Path Type:              Setup (Max at Slow Process Corner)
  Requirement:            10.000ns  (ap_clk rise@10.000ns - ap_clk rise@0.000ns)
  Data Path Delay:        5.474ns  (logic 2.914ns (53.229%)  route 2.560ns (46.771%))
  Logic Levels:           11  (DSP_A_B_DATA=1 DSP_ALU=2 DSP_M_DATA=1 DSP_MULTIPLIER=1 DSP_OUTPUT=2 DSP_PREADD_DATA=1 LUT4=2 LUT6=1)
  Clock Path Skew:        -0.007ns (DCD - SCD + CPR)
    Destination Clock Delay (DCD):    0.021ns = ( 10.021 - 10.000 ) 
    Source Clock Delay      (SCD):    0.028ns
    Clock Pessimism Removal (CPR):    0.000ns
  Clock Uncertainty:      0.035ns  ((TSJ^2 + TIJ^2)^1/2 + DJ) / 2 + PE
    Total System Jitter     (TSJ):    0.071ns
    Total Input Jitter      (TIJ):    0.000ns
    Discrete Jitter          (DJ):    0.000ns
    Phase Error              (PE):    0.000ns

    Location             Delay type                Incr(ns)  Path(ns)    Netlist Resource(s)
  -------------------------------------------------------------------    -------------------
                         (clock ap_clk rise edge)     0.000     0.000 r  
                                                      0.000     0.000 r  ap_clk (IN)
                         net (fo=29822, unset)        0.028     0.028    bd_0_i/hls_inst/inst/fmul_32ns_32ns_32_3_max_dsp_1_U429/ap_clk
    SLICE_X33Y28         FDRE                                         r  bd_0_i/hls_inst/inst/fmul_32ns_32ns_32_3_max_dsp_1_U429/din0_buf1_reg[20]/C
  -------------------------------------------------------------------    -------------------
    SLICE_X33Y28         FDRE (Prop_DFF_SLICEL_C_Q)
                                                      0.079     0.107 f  bd_0_i/hls_inst/inst/fmul_32ns_32ns_32_3_max_dsp_1_U429/din0_buf1_reg[20]/Q
                         net (fo=2, routed)           1.563     1.670    bd_0_i/hls_inst/inst/fmul_32ns_32ns_32_3_max_dsp_1_U429/MLP_fmul_32ns_32ns_32_3_max_dsp_1_ip_u/inst/i_synth/MULT.OP/i_non_prim.MULT/DSP48E1_SPD_SGL_VARIANT.FIX_MULT/DSP1/i_no_versal_es1_workaround.DSP/A[20]
    DSP48E2_X3Y11        DSP_A_B_DATA (Prop_DSP_A_B_DATA_DSP48E2_A[20]_A2_DATA[20])
                                                      0.192     1.862 r  bd_0_i/hls_inst/inst/fmul_32ns_32ns_32_3_max_dsp_1_U429/MLP_fmul_32ns_32ns_32_3_max_dsp_1_ip_u/inst/i_synth/MULT.OP/i_non_prim.MULT/DSP48E1_SPD_SGL_VARIANT.FIX_MULT/DSP1/i_no_versal_es1_workaround.DSP/DSP_A_B_DATA_INST/A2_DATA[20]
                         net (fo=1, routed)           0.000     1.862    bd_0_i/hls_inst/inst/fmul_32ns_32ns_32_3_max_dsp_1_U429/MLP_fmul_32ns_32ns_32_3_max_dsp_1_ip_u/inst/i_synth/MULT.OP/i_non_prim.MULT/DSP48E1_SPD_SGL_VARIANT.FIX_MULT/DSP1/i_no_versal_es1_workaround.DSP/DSP_A_B_DATA.A2_DATA<20>
    DSP48E2_X3Y11        DSP_PREADD_DATA (Prop_DSP_PREADD_DATA_DSP48E2_A2_DATA[20]_A2A1[20])
                                                      0.076     1.938 r  bd_0_i/hls_inst/inst/fmul_32ns_32ns_32_3_max_dsp_1_U429/MLP_fmul_32ns_32ns_32_3_max_dsp_1_ip_u/inst/i_synth/MULT.OP/i_non_prim.MULT/DSP48E1_SPD_SGL_VARIANT.FIX_MULT/DSP1/i_no_versal_es1_workaround.DSP/DSP_PREADD_DATA_INST/A2A1[20]
                         net (fo=1, routed)           0.000     1.938    bd_0_i/hls_inst/inst/fmul_32ns_32ns_32_3_max_dsp_1_U429/MLP_fmul_32ns_32ns_32_3_max_dsp_1_ip_u/inst/i_synth/MULT.OP/i_non_prim.MULT/DSP48E1_SPD_SGL_VARIANT.FIX_MULT/DSP1/i_no_versal_es1_workaround.DSP/DSP_PREADD_DATA.A2A1<20>
    DSP48E2_X3Y11        DSP_MULTIPLIER (Prop_DSP_MULTIPLIER_DSP48E2_A2A1[20]_U[39])
                                                      0.505     2.443 f  bd_0_i/hls_inst/inst/fmul_32ns_32ns_32_3_max_dsp_1_U429/MLP_fmul_32ns_32ns_32_3_max_dsp_1_ip_u/inst/i_synth/MULT.OP/i_non_prim.MULT/DSP48E1_SPD_SGL_VARIANT.FIX_MULT/DSP1/i_no_versal_es1_workaround.DSP/DSP_MULTIPLIER_INST/U[39]
                         net (fo=1, routed)           0.000     2.443    bd_0_i/hls_inst/inst/fmul_32ns_32ns_32_3_max_dsp_1_U429/MLP_fmul_32ns_32ns_32_3_max_dsp_1_ip_u/inst/i_synth/MULT.OP/i_non_prim.MULT/DSP48E1_SPD_SGL_VARIANT.FIX_MULT/DSP1/i_no_versal_es1_workaround.DSP/DSP_MULTIPLIER.U<39>
    DSP48E2_X3Y11        DSP_M_DATA (Prop_DSP_M_DATA_DSP48E2_U[39]_U_DATA[39])
                                                      0.047     2.490 r  bd_0_i/hls_inst/inst/fmul_32ns_32ns_32_3_max_dsp_1_U429/MLP_fmul_32ns_32ns_32_3_max_dsp_1_ip_u/inst/i_synth/MULT.OP/i_non_prim.MULT/DSP48E1_SPD_SGL_VARIANT.FIX_MULT/DSP1/i_no_versal_es1_workaround.DSP/DSP_M_DATA_INST/U_DATA[39]
                         net (fo=1, routed)           0.000     2.490    bd_0_i/hls_inst/inst/fmul_32ns_32ns_32_3_max_dsp_1_U429/MLP_fmul_32ns_32ns_32_3_max_dsp_1_ip_u/inst/i_synth/MULT.OP/i_non_prim.MULT/DSP48E1_SPD_SGL_VARIANT.FIX_MULT/DSP1/i_no_versal_es1_workaround.DSP/DSP_M_DATA.U_DATA<39>
    DSP48E2_X3Y11        DSP_ALU (Prop_DSP_ALU_DSP48E2_U_DATA[39]_ALU_OUT[47])
                                                      0.585     3.075 f  bd_0_i/hls_inst/inst/fmul_32ns_32ns_32_3_max_dsp_1_U429/MLP_fmul_32ns_32ns_32_3_max_dsp_1_ip_u/inst/i_synth/MULT.OP/i_non_prim.MULT/DSP48E1_SPD_SGL_VARIANT.FIX_MULT/DSP1/i_no_versal_es1_workaround.DSP/DSP_ALU_INST/ALU_OUT[47]
                         net (fo=1, routed)           0.000     3.075    bd_0_i/hls_inst/inst/fmul_32ns_32ns_32_3_max_dsp_1_U429/MLP_fmul_32ns_32ns_32_3_max_dsp_1_ip_u/inst/i_synth/MULT.OP/i_non_prim.MULT/DSP48E1_SPD_SGL_VARIANT.FIX_MULT/DSP1/i_no_versal_es1_workaround.DSP/DSP_ALU.ALU_OUT<47>
    DSP48E2_X3Y11        DSP_OUTPUT (Prop_DSP_OUTPUT_DSP48E2_ALU_OUT[47]_PCOUT[47])
                                                      0.122     3.197 r  bd_0_i/hls_inst/inst/fmul_32ns_32ns_32_3_max_dsp_1_U429/MLP_fmul_32ns_32ns_32_3_max_dsp_1_ip_u/inst/i_synth/MULT.OP/i_non_prim.MULT/DSP48E1_SPD_SGL_VARIANT.FIX_MULT/DSP1/i_no_versal_es1_workaround.DSP/DSP_OUTPUT_INST/PCOUT[47]
                         net (fo=1, routed)           0.073     3.270    bd_0_i/hls_inst/inst/fmul_32ns_32ns_32_3_max_dsp_1_U429/MLP_fmul_32ns_32ns_32_3_max_dsp_1_ip_u/inst/i_synth/MULT.OP/i_non_prim.MULT/DSP48E1_SPD_SGL_VARIANT.FIX_MULT/DSP2/i_no_versal_es1_workaround.DSP/PCIN[47]
    DSP48E2_X3Y12        DSP_ALU (Prop_DSP_ALU_DSP48E2_PCIN[47]_ALU_OUT[47])
                                                      0.546     3.816 r  bd_0_i/hls_inst/inst/fmul_32ns_32ns_32_3_max_dsp_1_U429/MLP_fmul_32ns_32ns_32_3_max_dsp_1_ip_u/inst/i_synth/MULT.OP/i_non_prim.MULT/DSP48E1_SPD_SGL_VARIANT.FIX_MULT/DSP2/i_no_versal_es1_workaround.DSP/DSP_ALU_INST/ALU_OUT[47]
                         net (fo=1, routed)           0.000     3.816    bd_0_i/hls_inst/inst/fmul_32ns_32ns_32_3_max_dsp_1_U429/MLP_fmul_32ns_32ns_32_3_max_dsp_1_ip_u/inst/i_synth/MULT.OP/i_non_prim.MULT/DSP48E1_SPD_SGL_VARIANT.FIX_MULT/DSP2/i_no_versal_es1_workaround.DSP/DSP_ALU.ALU_OUT<47>
    DSP48E2_X3Y12        DSP_OUTPUT (Prop_DSP_OUTPUT_DSP48E2_ALU_OUT[47]_PATTERN_DETECT)
                                                      0.363     4.179 f  bd_0_i/hls_inst/inst/fmul_32ns_32ns_32_3_max_dsp_1_U429/MLP_fmul_32ns_32ns_32_3_max_dsp_1_ip_u/inst/i_synth/MULT.OP/i_non_prim.MULT/DSP48E1_SPD_SGL_VARIANT.FIX_MULT/DSP2/i_no_versal_es1_workaround.DSP/DSP_OUTPUT_INST/PATTERN_DETECT
                         net (fo=2, routed)           0.368     4.547    bd_0_i/hls_inst/inst/fmul_32ns_32ns_32_3_max_dsp_1_U429/MLP_fmul_32ns_32ns_32_3_max_dsp_1_ip_u/inst/i_synth/MULT.OP/i_non_prim.MULT/DSP48E1_SPD_SGL_VARIANT.FIX_MULT/DSP2/zero_detect_rnd[1]
    SLICE_X41Y29         LUT6 (Prop_G6LUT_SLICEL_I2_O)
                                                      0.149     4.696 r  bd_0_i/hls_inst/inst/fmul_32ns_32ns_32_3_max_dsp_1_U429/MLP_fmul_32ns_32ns_32_3_max_dsp_1_ip_u/inst/i_synth/MULT.OP/i_non_prim.MULT/DSP48E1_SPD_SGL_VARIANT.FIX_MULT/DSP2/RESULT_REG.NORMAL.mant_op[0]_i_2/O
                         net (fo=2, routed)           0.272     4.968    bd_0_i/hls_inst/inst/fmul_32ns_32ns_32_3_max_dsp_1_U429/MLP_fmul_32ns_32ns_32_3_max_dsp_1_ip_u/inst/i_synth/MULT.OP/i_non_prim.MULT/DSP48E1_SPD_SGL_VARIANT.FIX_MULT/DSP2/i_non_prim.R_AND_R/LAT_OPT.FULL.R_AND_R/flt_get_round_bit__3
    SLICE_X40Y32         LUT4 (Prop_H5LUT_SLICEM_I1_O)
                                                      0.161     5.129 r  bd_0_i/hls_inst/inst/fmul_32ns_32ns_32_3_max_dsp_1_U429/MLP_fmul_32ns_32ns_32_3_max_dsp_1_ip_u/inst/i_synth/MULT.OP/i_non_prim.MULT/DSP48E1_SPD_SGL_VARIANT.FIX_MULT/DSP2/RESULT_REG.NORMAL.exp_op[7]_i_8/O
                         net (fo=8, routed)           0.225     5.354    bd_0_i/hls_inst/inst/fmul_32ns_32ns_32_3_max_dsp_1_U429/MLP_fmul_32ns_32ns_32_3_max_dsp_1_ip_u/inst/i_synth/MULT.OP/i_non_prim.R_AND_R/LAT_OPT.FULL.R_AND_R/DSP48E1_SGL_EXP_IP.OLD_ADD.ADD/round_exp_inc_op
    SLICE_X40Y29         LUT4 (Prop_B6LUT_SLICEM_I1_O)
                                                      0.089     5.443 r  bd_0_i/hls_inst/inst/fmul_32ns_32ns_32_3_max_dsp_1_U429/MLP_fmul_32ns_32ns_32_3_max_dsp_1_ip_u/inst/i_synth/MULT.OP/i_non_prim.R_AND_R/LAT_OPT.FULL.R_AND_R/DSP48E1_SGL_EXP_IP.OLD_ADD.ADD/RESULT_REG.NORMAL.exp_op[3]_i_1/O
                         net (fo=1, routed)           0.059     5.502    bd_0_i/hls_inst/inst/fmul_32ns_32ns_32_3_max_dsp_1_U429/MLP_fmul_32ns_32ns_32_3_max_dsp_1_ip_u/inst/i_synth/MULT.OP/i_non_prim.OP/RESULT_REG.NORMAL.exp_op_reg[3]_0
    SLICE_X40Y29         FDRE                                         r  bd_0_i/hls_inst/inst/fmul_32ns_32ns_32_3_max_dsp_1_U429/MLP_fmul_32ns_32ns_32_3_max_dsp_1_ip_u/inst/i_synth/MULT.OP/i_non_prim.OP/RESULT_REG.NORMAL.exp_op_reg[3]/D
  -------------------------------------------------------------------    -------------------

                         (clock ap_clk rise edge)    10.000    10.000 r  
                                                      0.000    10.000 r  ap_clk (IN)
                         net (fo=29822, unset)        0.021    10.021    bd_0_i/hls_inst/inst/fmul_32ns_32ns_32_3_max_dsp_1_U429/MLP_fmul_32ns_32ns_32_3_max_dsp_1_ip_u/inst/i_synth/MULT.OP/i_non_prim.OP/aclk
    SLICE_X40Y29         FDRE                                         r  bd_0_i/hls_inst/inst/fmul_32ns_32ns_32_3_max_dsp_1_U429/MLP_fmul_32ns_32ns_32_3_max_dsp_1_ip_u/inst/i_synth/MULT.OP/i_non_prim.OP/RESULT_REG.NORMAL.exp_op_reg[3]/C
                         clock pessimism              0.000    10.021    
                         clock uncertainty           -0.035     9.986    
    SLICE_X40Y29         FDRE (Setup_BFF_SLICEM_C_D)
                                                      0.025    10.011    bd_0_i/hls_inst/inst/fmul_32ns_32ns_32_3_max_dsp_1_U429/MLP_fmul_32ns_32ns_32_3_max_dsp_1_ip_u/inst/i_synth/MULT.OP/i_non_prim.OP/RESULT_REG.NORMAL.exp_op_reg[3]
  -------------------------------------------------------------------
                         required time                         10.011    
                         arrival time                          -5.502    
  -------------------------------------------------------------------
                         slack                                  4.508    

Slack (MET) :             4.521ns  (required time - arrival time)
  Source:                 bd_0_i/hls_inst/inst/fmul_32ns_32ns_32_3_max_dsp_1_U429/din0_buf1_reg[20]/C
                            (rising edge-triggered cell FDRE clocked by ap_clk  {rise@0.000ns fall@5.000ns period=10.000ns})
  Destination:            bd_0_i/hls_inst/inst/fmul_32ns_32ns_32_3_max_dsp_1_U429/MLP_fmul_32ns_32ns_32_3_max_dsp_1_ip_u/inst/i_synth/MULT.OP/i_non_prim.OP/RESULT_REG.NORMAL.exp_op_reg[1]/D
                            (rising edge-triggered cell FDRE clocked by ap_clk  {rise@0.000ns fall@5.000ns period=10.000ns})
  Path Group:             ap_clk
  Path Type:              Setup (Max at Slow Process Corner)
  Requirement:            10.000ns  (ap_clk rise@10.000ns - ap_clk rise@0.000ns)
  Data Path Delay:        5.462ns  (logic 2.876ns (52.659%)  route 2.586ns (47.341%))
  Logic Levels:           11  (DSP_A_B_DATA=1 DSP_ALU=2 DSP_M_DATA=1 DSP_MULTIPLIER=1 DSP_OUTPUT=2 DSP_PREADD_DATA=1 LUT4=2 LUT6=1)
  Clock Path Skew:        -0.007ns (DCD - SCD + CPR)
    Destination Clock Delay (DCD):    0.021ns = ( 10.021 - 10.000 ) 
    Source Clock Delay      (SCD):    0.028ns
    Clock Pessimism Removal (CPR):    0.000ns
  Clock Uncertainty:      0.035ns  ((TSJ^2 + TIJ^2)^1/2 + DJ) / 2 + PE
    Total System Jitter     (TSJ):    0.071ns
    Total Input Jitter      (TIJ):    0.000ns
    Discrete Jitter          (DJ):    0.000ns
    Phase Error              (PE):    0.000ns

    Location             Delay type                Incr(ns)  Path(ns)    Netlist Resource(s)
  -------------------------------------------------------------------    -------------------
                         (clock ap_clk rise edge)     0.000     0.000 r  
                                                      0.000     0.000 r  ap_clk (IN)
                         net (fo=29822, unset)        0.028     0.028    bd_0_i/hls_inst/inst/fmul_32ns_32ns_32_3_max_dsp_1_U429/ap_clk
    SLICE_X33Y28         FDRE                                         r  bd_0_i/hls_inst/inst/fmul_32ns_32ns_32_3_max_dsp_1_U429/din0_buf1_reg[20]/C
  -------------------------------------------------------------------    -------------------
    SLICE_X33Y28         FDRE (Prop_DFF_SLICEL_C_Q)
                                                      0.079     0.107 f  bd_0_i/hls_inst/inst/fmul_32ns_32ns_32_3_max_dsp_1_U429/din0_buf1_reg[20]/Q
                         net (fo=2, routed)           1.563     1.670    bd_0_i/hls_inst/inst/fmul_32ns_32ns_32_3_max_dsp_1_U429/MLP_fmul_32ns_32ns_32_3_max_dsp_1_ip_u/inst/i_synth/MULT.OP/i_non_prim.MULT/DSP48E1_SPD_SGL_VARIANT.FIX_MULT/DSP1/i_no_versal_es1_workaround.DSP/A[20]
    DSP48E2_X3Y11        DSP_A_B_DATA (Prop_DSP_A_B_DATA_DSP48E2_A[20]_A2_DATA[20])
                                                      0.192     1.862 r  bd_0_i/hls_inst/inst/fmul_32ns_32ns_32_3_max_dsp_1_U429/MLP_fmul_32ns_32ns_32_3_max_dsp_1_ip_u/inst/i_synth/MULT.OP/i_non_prim.MULT/DSP48E1_SPD_SGL_VARIANT.FIX_MULT/DSP1/i_no_versal_es1_workaround.DSP/DSP_A_B_DATA_INST/A2_DATA[20]
                         net (fo=1, routed)           0.000     1.862    bd_0_i/hls_inst/inst/fmul_32ns_32ns_32_3_max_dsp_1_U429/MLP_fmul_32ns_32ns_32_3_max_dsp_1_ip_u/inst/i_synth/MULT.OP/i_non_prim.MULT/DSP48E1_SPD_SGL_VARIANT.FIX_MULT/DSP1/i_no_versal_es1_workaround.DSP/DSP_A_B_DATA.A2_DATA<20>
    DSP48E2_X3Y11        DSP_PREADD_DATA (Prop_DSP_PREADD_DATA_DSP48E2_A2_DATA[20]_A2A1[20])
                                                      0.076     1.938 r  bd_0_i/hls_inst/inst/fmul_32ns_32ns_32_3_max_dsp_1_U429/MLP_fmul_32ns_32ns_32_3_max_dsp_1_ip_u/inst/i_synth/MULT.OP/i_non_prim.MULT/DSP48E1_SPD_SGL_VARIANT.FIX_MULT/DSP1/i_no_versal_es1_workaround.DSP/DSP_PREADD_DATA_INST/A2A1[20]
                         net (fo=1, routed)           0.000     1.938    bd_0_i/hls_inst/inst/fmul_32ns_32ns_32_3_max_dsp_1_U429/MLP_fmul_32ns_32ns_32_3_max_dsp_1_ip_u/inst/i_synth/MULT.OP/i_non_prim.MULT/DSP48E1_SPD_SGL_VARIANT.FIX_MULT/DSP1/i_no_versal_es1_workaround.DSP/DSP_PREADD_DATA.A2A1<20>
    DSP48E2_X3Y11        DSP_MULTIPLIER (Prop_DSP_MULTIPLIER_DSP48E2_A2A1[20]_U[39])
                                                      0.505     2.443 f  bd_0_i/hls_inst/inst/fmul_32ns_32ns_32_3_max_dsp_1_U429/MLP_fmul_32ns_32ns_32_3_max_dsp_1_ip_u/inst/i_synth/MULT.OP/i_non_prim.MULT/DSP48E1_SPD_SGL_VARIANT.FIX_MULT/DSP1/i_no_versal_es1_workaround.DSP/DSP_MULTIPLIER_INST/U[39]
                         net (fo=1, routed)           0.000     2.443    bd_0_i/hls_inst/inst/fmul_32ns_32ns_32_3_max_dsp_1_U429/MLP_fmul_32ns_32ns_32_3_max_dsp_1_ip_u/inst/i_synth/MULT.OP/i_non_prim.MULT/DSP48E1_SPD_SGL_VARIANT.FIX_MULT/DSP1/i_no_versal_es1_workaround.DSP/DSP_MULTIPLIER.U<39>
    DSP48E2_X3Y11        DSP_M_DATA (Prop_DSP_M_DATA_DSP48E2_U[39]_U_DATA[39])
                                                      0.047     2.490 r  bd_0_i/hls_inst/inst/fmul_32ns_32ns_32_3_max_dsp_1_U429/MLP_fmul_32ns_32ns_32_3_max_dsp_1_ip_u/inst/i_synth/MULT.OP/i_non_prim.MULT/DSP48E1_SPD_SGL_VARIANT.FIX_MULT/DSP1/i_no_versal_es1_workaround.DSP/DSP_M_DATA_INST/U_DATA[39]
                         net (fo=1, routed)           0.000     2.490    bd_0_i/hls_inst/inst/fmul_32ns_32ns_32_3_max_dsp_1_U429/MLP_fmul_32ns_32ns_32_3_max_dsp_1_ip_u/inst/i_synth/MULT.OP/i_non_prim.MULT/DSP48E1_SPD_SGL_VARIANT.FIX_MULT/DSP1/i_no_versal_es1_workaround.DSP/DSP_M_DATA.U_DATA<39>
    DSP48E2_X3Y11        DSP_ALU (Prop_DSP_ALU_DSP48E2_U_DATA[39]_ALU_OUT[47])
                                                      0.585     3.075 f  bd_0_i/hls_inst/inst/fmul_32ns_32ns_32_3_max_dsp_1_U429/MLP_fmul_32ns_32ns_32_3_max_dsp_1_ip_u/inst/i_synth/MULT.OP/i_non_prim.MULT/DSP48E1_SPD_SGL_VARIANT.FIX_MULT/DSP1/i_no_versal_es1_workaround.DSP/DSP_ALU_INST/ALU_OUT[47]
                         net (fo=1, routed)           0.000     3.075    bd_0_i/hls_inst/inst/fmul_32ns_32ns_32_3_max_dsp_1_U429/MLP_fmul_32ns_32ns_32_3_max_dsp_1_ip_u/inst/i_synth/MULT.OP/i_non_prim.MULT/DSP48E1_SPD_SGL_VARIANT.FIX_MULT/DSP1/i_no_versal_es1_workaround.DSP/DSP_ALU.ALU_OUT<47>
    DSP48E2_X3Y11        DSP_OUTPUT (Prop_DSP_OUTPUT_DSP48E2_ALU_OUT[47]_PCOUT[47])
                                                      0.122     3.197 r  bd_0_i/hls_inst/inst/fmul_32ns_32ns_32_3_max_dsp_1_U429/MLP_fmul_32ns_32ns_32_3_max_dsp_1_ip_u/inst/i_synth/MULT.OP/i_non_prim.MULT/DSP48E1_SPD_SGL_VARIANT.FIX_MULT/DSP1/i_no_versal_es1_workaround.DSP/DSP_OUTPUT_INST/PCOUT[47]
                         net (fo=1, routed)           0.073     3.270    bd_0_i/hls_inst/inst/fmul_32ns_32ns_32_3_max_dsp_1_U429/MLP_fmul_32ns_32ns_32_3_max_dsp_1_ip_u/inst/i_synth/MULT.OP/i_non_prim.MULT/DSP48E1_SPD_SGL_VARIANT.FIX_MULT/DSP2/i_no_versal_es1_workaround.DSP/PCIN[47]
    DSP48E2_X3Y12        DSP_ALU (Prop_DSP_ALU_DSP48E2_PCIN[47]_ALU_OUT[47])
                                                      0.546     3.816 r  bd_0_i/hls_inst/inst/fmul_32ns_32ns_32_3_max_dsp_1_U429/MLP_fmul_32ns_32ns_32_3_max_dsp_1_ip_u/inst/i_synth/MULT.OP/i_non_prim.MULT/DSP48E1_SPD_SGL_VARIANT.FIX_MULT/DSP2/i_no_versal_es1_workaround.DSP/DSP_ALU_INST/ALU_OUT[47]
                         net (fo=1, routed)           0.000     3.816    bd_0_i/hls_inst/inst/fmul_32ns_32ns_32_3_max_dsp_1_U429/MLP_fmul_32ns_32ns_32_3_max_dsp_1_ip_u/inst/i_synth/MULT.OP/i_non_prim.MULT/DSP48E1_SPD_SGL_VARIANT.FIX_MULT/DSP2/i_no_versal_es1_workaround.DSP/DSP_ALU.ALU_OUT<47>
    DSP48E2_X3Y12        DSP_OUTPUT (Prop_DSP_OUTPUT_DSP48E2_ALU_OUT[47]_PATTERN_DETECT)
                                                      0.363     4.179 f  bd_0_i/hls_inst/inst/fmul_32ns_32ns_32_3_max_dsp_1_U429/MLP_fmul_32ns_32ns_32_3_max_dsp_1_ip_u/inst/i_synth/MULT.OP/i_non_prim.MULT/DSP48E1_SPD_SGL_VARIANT.FIX_MULT/DSP2/i_no_versal_es1_workaround.DSP/DSP_OUTPUT_INST/PATTERN_DETECT
                         net (fo=2, routed)           0.368     4.547    bd_0_i/hls_inst/inst/fmul_32ns_32ns_32_3_max_dsp_1_U429/MLP_fmul_32ns_32ns_32_3_max_dsp_1_ip_u/inst/i_synth/MULT.OP/i_non_prim.MULT/DSP48E1_SPD_SGL_VARIANT.FIX_MULT/DSP2/zero_detect_rnd[1]
    SLICE_X41Y29         LUT6 (Prop_G6LUT_SLICEL_I2_O)
                                                      0.149     4.696 r  bd_0_i/hls_inst/inst/fmul_32ns_32ns_32_3_max_dsp_1_U429/MLP_fmul_32ns_32ns_32_3_max_dsp_1_ip_u/inst/i_synth/MULT.OP/i_non_prim.MULT/DSP48E1_SPD_SGL_VARIANT.FIX_MULT/DSP2/RESULT_REG.NORMAL.mant_op[0]_i_2/O
                         net (fo=2, routed)           0.272     4.968    bd_0_i/hls_inst/inst/fmul_32ns_32ns_32_3_max_dsp_1_U429/MLP_fmul_32ns_32ns_32_3_max_dsp_1_ip_u/inst/i_synth/MULT.OP/i_non_prim.MULT/DSP48E1_SPD_SGL_VARIANT.FIX_MULT/DSP2/i_non_prim.R_AND_R/LAT_OPT.FULL.R_AND_R/flt_get_round_bit__3
    SLICE_X40Y32         LUT4 (Prop_H5LUT_SLICEM_I1_O)
                                                      0.161     5.129 r  bd_0_i/hls_inst/inst/fmul_32ns_32ns_32_3_max_dsp_1_U429/MLP_fmul_32ns_32ns_32_3_max_dsp_1_ip_u/inst/i_synth/MULT.OP/i_non_prim.MULT/DSP48E1_SPD_SGL_VARIANT.FIX_MULT/DSP2/RESULT_REG.NORMAL.exp_op[7]_i_8/O
                         net (fo=8, routed)           0.243     5.373    bd_0_i/hls_inst/inst/fmul_32ns_32ns_32_3_max_dsp_1_U429/MLP_fmul_32ns_32ns_32_3_max_dsp_1_ip_u/inst/i_synth/MULT.OP/i_non_prim.R_AND_R/LAT_OPT.FULL.R_AND_R/DSP48E1_SGL_EXP_IP.OLD_ADD.ADD/round_exp_inc_op
    SLICE_X40Y29         LUT4 (Prop_C6LUT_SLICEM_I1_O)
                                                      0.051     5.424 r  bd_0_i/hls_inst/inst/fmul_32ns_32ns_32_3_max_dsp_1_U429/MLP_fmul_32ns_32ns_32_3_max_dsp_1_ip_u/inst/i_synth/MULT.OP/i_non_prim.R_AND_R/LAT_OPT.FULL.R_AND_R/DSP48E1_SGL_EXP_IP.OLD_ADD.ADD/RESULT_REG.NORMAL.exp_op[1]_i_1/O
                         net (fo=1, routed)           0.066     5.490    bd_0_i/hls_inst/inst/fmul_32ns_32ns_32_3_max_dsp_1_U429/MLP_fmul_32ns_32ns_32_3_max_dsp_1_ip_u/inst/i_synth/MULT.OP/i_non_prim.OP/RESULT_REG.NORMAL.exp_op_reg[1]_0
    SLICE_X40Y29         FDRE                                         r  bd_0_i/hls_inst/inst/fmul_32ns_32ns_32_3_max_dsp_1_U429/MLP_fmul_32ns_32ns_32_3_max_dsp_1_ip_u/inst/i_synth/MULT.OP/i_non_prim.OP/RESULT_REG.NORMAL.exp_op_reg[1]/D
  -------------------------------------------------------------------    -------------------

                         (clock ap_clk rise edge)    10.000    10.000 r  
                                                      0.000    10.000 r  ap_clk (IN)
                         net (fo=29822, unset)        0.021    10.021    bd_0_i/hls_inst/inst/fmul_32ns_32ns_32_3_max_dsp_1_U429/MLP_fmul_32ns_32ns_32_3_max_dsp_1_ip_u/inst/i_synth/MULT.OP/i_non_prim.OP/aclk
    SLICE_X40Y29         FDRE                                         r  bd_0_i/hls_inst/inst/fmul_32ns_32ns_32_3_max_dsp_1_U429/MLP_fmul_32ns_32ns_32_3_max_dsp_1_ip_u/inst/i_synth/MULT.OP/i_non_prim.OP/RESULT_REG.NORMAL.exp_op_reg[1]/C
                         clock pessimism              0.000    10.021    
                         clock uncertainty           -0.035     9.986    
    SLICE_X40Y29         FDRE (Setup_CFF_SLICEM_C_D)
                                                      0.025    10.011    bd_0_i/hls_inst/inst/fmul_32ns_32ns_32_3_max_dsp_1_U429/MLP_fmul_32ns_32ns_32_3_max_dsp_1_ip_u/inst/i_synth/MULT.OP/i_non_prim.OP/RESULT_REG.NORMAL.exp_op_reg[1]
  -------------------------------------------------------------------
                         required time                         10.011    
                         arrival time                          -5.490    
  -------------------------------------------------------------------
                         slack                                  4.521    

Slack (MET) :             4.531ns  (required time - arrival time)
  Source:                 bd_0_i/hls_inst/inst/ap_CS_fsm_reg[53]/C
                            (rising edge-triggered cell FDRE clocked by ap_clk  {rise@0.000ns fall@5.000ns period=10.000ns})
  Destination:            bd_0_i/hls_inst/inst/fmul_32ns_32ns_32_3_max_dsp_1_U427/din1_buf1_reg[12]/D
                            (rising edge-triggered cell FDRE clocked by ap_clk  {rise@0.000ns fall@5.000ns period=10.000ns})
  Path Group:             ap_clk
  Path Type:              Setup (Max at Slow Process Corner)
  Requirement:            10.000ns  (ap_clk rise@10.000ns - ap_clk rise@0.000ns)
  Data Path Delay:        5.449ns  (logic 0.168ns (3.083%)  route 5.281ns (96.917%))
  Logic Levels:           1  (LUT5=1)
  Clock Path Skew:        -0.009ns (DCD - SCD + CPR)
    Destination Clock Delay (DCD):    0.020ns = ( 10.020 - 10.000 ) 
    Source Clock Delay      (SCD):    0.029ns
    Clock Pessimism Removal (CPR):    0.000ns
  Clock Uncertainty:      0.035ns  ((TSJ^2 + TIJ^2)^1/2 + DJ) / 2 + PE
    Total System Jitter     (TSJ):    0.071ns
    Total Input Jitter      (TIJ):    0.000ns
    Discrete Jitter          (DJ):    0.000ns
    Phase Error              (PE):    0.000ns

    Location             Delay type                Incr(ns)  Path(ns)    Netlist Resource(s)
  -------------------------------------------------------------------    -------------------
                         (clock ap_clk rise edge)     0.000     0.000 r  
                                                      0.000     0.000 r  ap_clk (IN)
                         net (fo=29822, unset)        0.029     0.029    bd_0_i/hls_inst/inst/ap_clk
    SLICE_X18Y34         FDRE                                         r  bd_0_i/hls_inst/inst/ap_CS_fsm_reg[53]/C
  -------------------------------------------------------------------    -------------------
    SLICE_X18Y34         FDRE (Prop_FFF_SLICEL_C_Q)
                                                      0.079     0.108 r  bd_0_i/hls_inst/inst/ap_CS_fsm_reg[53]/Q
                         net (fo=812, routed)         5.232     5.340    bd_0_i/hls_inst/inst/grp_MLP_Pipeline_VITIS_LOOP_111_7_fu_1391/Q[3]
    SLICE_X36Y1          LUT5 (Prop_D6LUT_SLICEL_I1_O)
                                                      0.089     5.429 r  bd_0_i/hls_inst/inst/grp_MLP_Pipeline_VITIS_LOOP_111_7_fu_1391/din1_buf1[12]_i_1__36/O
                         net (fo=1, routed)           0.049     5.478    bd_0_i/hls_inst/inst/fmul_32ns_32ns_32_3_max_dsp_1_U427/grp_fu_2507_p1[11]
    SLICE_X36Y1          FDRE                                         r  bd_0_i/hls_inst/inst/fmul_32ns_32ns_32_3_max_dsp_1_U427/din1_buf1_reg[12]/D
  -------------------------------------------------------------------    -------------------

                         (clock ap_clk rise edge)    10.000    10.000 r  
                                                      0.000    10.000 r  ap_clk (IN)
                         net (fo=29822, unset)        0.020    10.020    bd_0_i/hls_inst/inst/fmul_32ns_32ns_32_3_max_dsp_1_U427/ap_clk
    SLICE_X36Y1          FDRE                                         r  bd_0_i/hls_inst/inst/fmul_32ns_32ns_32_3_max_dsp_1_U427/din1_buf1_reg[12]/C
                         clock pessimism              0.000    10.020    
                         clock uncertainty           -0.035     9.985    
    SLICE_X36Y1          FDRE (Setup_DFF_SLICEL_C_D)
                                                      0.025    10.010    bd_0_i/hls_inst/inst/fmul_32ns_32ns_32_3_max_dsp_1_U427/din1_buf1_reg[12]
  -------------------------------------------------------------------
                         required time                         10.010    
                         arrival time                          -5.478    
  -------------------------------------------------------------------
                         slack                                  4.531    

Slack (MET) :             4.544ns  (required time - arrival time)
  Source:                 bd_0_i/hls_inst/inst/fmul_32ns_32ns_32_3_max_dsp_1_U429/din0_buf1_reg[20]/C
                            (rising edge-triggered cell FDRE clocked by ap_clk  {rise@0.000ns fall@5.000ns period=10.000ns})
  Destination:            bd_0_i/hls_inst/inst/fmul_32ns_32ns_32_3_max_dsp_1_U429/MLP_fmul_32ns_32ns_32_3_max_dsp_1_ip_u/inst/i_synth/MULT.OP/i_non_prim.OP/RESULT_REG.NORMAL.exp_op_reg[0]/D
                            (rising edge-triggered cell FDRE clocked by ap_clk  {rise@0.000ns fall@5.000ns period=10.000ns})
  Path Group:             ap_clk
  Path Type:              Setup (Max at Slow Process Corner)
  Requirement:            10.000ns  (ap_clk rise@10.000ns - ap_clk rise@0.000ns)
  Data Path Delay:        5.439ns  (logic 2.891ns (53.158%)  route 2.548ns (46.842%))
  Logic Levels:           11  (DSP_A_B_DATA=1 DSP_ALU=2 DSP_M_DATA=1 DSP_MULTIPLIER=1 DSP_OUTPUT=2 DSP_PREADD_DATA=1 LUT4=2 LUT6=1)
  Clock Path Skew:        -0.007ns (DCD - SCD + CPR)
    Destination Clock Delay (DCD):    0.021ns = ( 10.021 - 10.000 ) 
    Source Clock Delay      (SCD):    0.028ns
    Clock Pessimism Removal (CPR):    0.000ns
  Clock Uncertainty:      0.035ns  ((TSJ^2 + TIJ^2)^1/2 + DJ) / 2 + PE
    Total System Jitter     (TSJ):    0.071ns
    Total Input Jitter      (TIJ):    0.000ns
    Discrete Jitter          (DJ):    0.000ns
    Phase Error              (PE):    0.000ns

    Location             Delay type                Incr(ns)  Path(ns)    Netlist Resource(s)
  -------------------------------------------------------------------    -------------------
                         (clock ap_clk rise edge)     0.000     0.000 r  
                                                      0.000     0.000 r  ap_clk (IN)
                         net (fo=29822, unset)        0.028     0.028    bd_0_i/hls_inst/inst/fmul_32ns_32ns_32_3_max_dsp_1_U429/ap_clk
    SLICE_X33Y28         FDRE                                         r  bd_0_i/hls_inst/inst/fmul_32ns_32ns_32_3_max_dsp_1_U429/din0_buf1_reg[20]/C
  -------------------------------------------------------------------    -------------------
    SLICE_X33Y28         FDRE (Prop_DFF_SLICEL_C_Q)
                                                      0.079     0.107 f  bd_0_i/hls_inst/inst/fmul_32ns_32ns_32_3_max_dsp_1_U429/din0_buf1_reg[20]/Q
                         net (fo=2, routed)           1.563     1.670    bd_0_i/hls_inst/inst/fmul_32ns_32ns_32_3_max_dsp_1_U429/MLP_fmul_32ns_32ns_32_3_max_dsp_1_ip_u/inst/i_synth/MULT.OP/i_non_prim.MULT/DSP48E1_SPD_SGL_VARIANT.FIX_MULT/DSP1/i_no_versal_es1_workaround.DSP/A[20]
    DSP48E2_X3Y11        DSP_A_B_DATA (Prop_DSP_A_B_DATA_DSP48E2_A[20]_A2_DATA[20])
                                                      0.192     1.862 r  bd_0_i/hls_inst/inst/fmul_32ns_32ns_32_3_max_dsp_1_U429/MLP_fmul_32ns_32ns_32_3_max_dsp_1_ip_u/inst/i_synth/MULT.OP/i_non_prim.MULT/DSP48E1_SPD_SGL_VARIANT.FIX_MULT/DSP1/i_no_versal_es1_workaround.DSP/DSP_A_B_DATA_INST/A2_DATA[20]
                         net (fo=1, routed)           0.000     1.862    bd_0_i/hls_inst/inst/fmul_32ns_32ns_32_3_max_dsp_1_U429/MLP_fmul_32ns_32ns_32_3_max_dsp_1_ip_u/inst/i_synth/MULT.OP/i_non_prim.MULT/DSP48E1_SPD_SGL_VARIANT.FIX_MULT/DSP1/i_no_versal_es1_workaround.DSP/DSP_A_B_DATA.A2_DATA<20>
    DSP48E2_X3Y11        DSP_PREADD_DATA (Prop_DSP_PREADD_DATA_DSP48E2_A2_DATA[20]_A2A1[20])
                                                      0.076     1.938 r  bd_0_i/hls_inst/inst/fmul_32ns_32ns_32_3_max_dsp_1_U429/MLP_fmul_32ns_32ns_32_3_max_dsp_1_ip_u/inst/i_synth/MULT.OP/i_non_prim.MULT/DSP48E1_SPD_SGL_VARIANT.FIX_MULT/DSP1/i_no_versal_es1_workaround.DSP/DSP_PREADD_DATA_INST/A2A1[20]
                         net (fo=1, routed)           0.000     1.938    bd_0_i/hls_inst/inst/fmul_32ns_32ns_32_3_max_dsp_1_U429/MLP_fmul_32ns_32ns_32_3_max_dsp_1_ip_u/inst/i_synth/MULT.OP/i_non_prim.MULT/DSP48E1_SPD_SGL_VARIANT.FIX_MULT/DSP1/i_no_versal_es1_workaround.DSP/DSP_PREADD_DATA.A2A1<20>
    DSP48E2_X3Y11        DSP_MULTIPLIER (Prop_DSP_MULTIPLIER_DSP48E2_A2A1[20]_U[39])
                                                      0.505     2.443 f  bd_0_i/hls_inst/inst/fmul_32ns_32ns_32_3_max_dsp_1_U429/MLP_fmul_32ns_32ns_32_3_max_dsp_1_ip_u/inst/i_synth/MULT.OP/i_non_prim.MULT/DSP48E1_SPD_SGL_VARIANT.FIX_MULT/DSP1/i_no_versal_es1_workaround.DSP/DSP_MULTIPLIER_INST/U[39]
                         net (fo=1, routed)           0.000     2.443    bd_0_i/hls_inst/inst/fmul_32ns_32ns_32_3_max_dsp_1_U429/MLP_fmul_32ns_32ns_32_3_max_dsp_1_ip_u/inst/i_synth/MULT.OP/i_non_prim.MULT/DSP48E1_SPD_SGL_VARIANT.FIX_MULT/DSP1/i_no_versal_es1_workaround.DSP/DSP_MULTIPLIER.U<39>
    DSP48E2_X3Y11        DSP_M_DATA (Prop_DSP_M_DATA_DSP48E2_U[39]_U_DATA[39])
                                                      0.047     2.490 r  bd_0_i/hls_inst/inst/fmul_32ns_32ns_32_3_max_dsp_1_U429/MLP_fmul_32ns_32ns_32_3_max_dsp_1_ip_u/inst/i_synth/MULT.OP/i_non_prim.MULT/DSP48E1_SPD_SGL_VARIANT.FIX_MULT/DSP1/i_no_versal_es1_workaround.DSP/DSP_M_DATA_INST/U_DATA[39]
                         net (fo=1, routed)           0.000     2.490    bd_0_i/hls_inst/inst/fmul_32ns_32ns_32_3_max_dsp_1_U429/MLP_fmul_32ns_32ns_32_3_max_dsp_1_ip_u/inst/i_synth/MULT.OP/i_non_prim.MULT/DSP48E1_SPD_SGL_VARIANT.FIX_MULT/DSP1/i_no_versal_es1_workaround.DSP/DSP_M_DATA.U_DATA<39>
    DSP48E2_X3Y11        DSP_ALU (Prop_DSP_ALU_DSP48E2_U_DATA[39]_ALU_OUT[47])
                                                      0.585     3.075 f  bd_0_i/hls_inst/inst/fmul_32ns_32ns_32_3_max_dsp_1_U429/MLP_fmul_32ns_32ns_32_3_max_dsp_1_ip_u/inst/i_synth/MULT.OP/i_non_prim.MULT/DSP48E1_SPD_SGL_VARIANT.FIX_MULT/DSP1/i_no_versal_es1_workaround.DSP/DSP_ALU_INST/ALU_OUT[47]
                         net (fo=1, routed)           0.000     3.075    bd_0_i/hls_inst/inst/fmul_32ns_32ns_32_3_max_dsp_1_U429/MLP_fmul_32ns_32ns_32_3_max_dsp_1_ip_u/inst/i_synth/MULT.OP/i_non_prim.MULT/DSP48E1_SPD_SGL_VARIANT.FIX_MULT/DSP1/i_no_versal_es1_workaround.DSP/DSP_ALU.ALU_OUT<47>
    DSP48E2_X3Y11        DSP_OUTPUT (Prop_DSP_OUTPUT_DSP48E2_ALU_OUT[47]_PCOUT[47])
                                                      0.122     3.197 r  bd_0_i/hls_inst/inst/fmul_32ns_32ns_32_3_max_dsp_1_U429/MLP_fmul_32ns_32ns_32_3_max_dsp_1_ip_u/inst/i_synth/MULT.OP/i_non_prim.MULT/DSP48E1_SPD_SGL_VARIANT.FIX_MULT/DSP1/i_no_versal_es1_workaround.DSP/DSP_OUTPUT_INST/PCOUT[47]
                         net (fo=1, routed)           0.073     3.270    bd_0_i/hls_inst/inst/fmul_32ns_32ns_32_3_max_dsp_1_U429/MLP_fmul_32ns_32ns_32_3_max_dsp_1_ip_u/inst/i_synth/MULT.OP/i_non_prim.MULT/DSP48E1_SPD_SGL_VARIANT.FIX_MULT/DSP2/i_no_versal_es1_workaround.DSP/PCIN[47]
    DSP48E2_X3Y12        DSP_ALU (Prop_DSP_ALU_DSP48E2_PCIN[47]_ALU_OUT[47])
                                                      0.546     3.816 r  bd_0_i/hls_inst/inst/fmul_32ns_32ns_32_3_max_dsp_1_U429/MLP_fmul_32ns_32ns_32_3_max_dsp_1_ip_u/inst/i_synth/MULT.OP/i_non_prim.MULT/DSP48E1_SPD_SGL_VARIANT.FIX_MULT/DSP2/i_no_versal_es1_workaround.DSP/DSP_ALU_INST/ALU_OUT[47]
                         net (fo=1, routed)           0.000     3.816    bd_0_i/hls_inst/inst/fmul_32ns_32ns_32_3_max_dsp_1_U429/MLP_fmul_32ns_32ns_32_3_max_dsp_1_ip_u/inst/i_synth/MULT.OP/i_non_prim.MULT/DSP48E1_SPD_SGL_VARIANT.FIX_MULT/DSP2/i_no_versal_es1_workaround.DSP/DSP_ALU.ALU_OUT<47>
    DSP48E2_X3Y12        DSP_OUTPUT (Prop_DSP_OUTPUT_DSP48E2_ALU_OUT[47]_PATTERN_DETECT)
                                                      0.363     4.179 f  bd_0_i/hls_inst/inst/fmul_32ns_32ns_32_3_max_dsp_1_U429/MLP_fmul_32ns_32ns_32_3_max_dsp_1_ip_u/inst/i_synth/MULT.OP/i_non_prim.MULT/DSP48E1_SPD_SGL_VARIANT.FIX_MULT/DSP2/i_no_versal_es1_workaround.DSP/DSP_OUTPUT_INST/PATTERN_DETECT
                         net (fo=2, routed)           0.368     4.547    bd_0_i/hls_inst/inst/fmul_32ns_32ns_32_3_max_dsp_1_U429/MLP_fmul_32ns_32ns_32_3_max_dsp_1_ip_u/inst/i_synth/MULT.OP/i_non_prim.MULT/DSP48E1_SPD_SGL_VARIANT.FIX_MULT/DSP2/zero_detect_rnd[1]
    SLICE_X41Y29         LUT6 (Prop_G6LUT_SLICEL_I2_O)
                                                      0.149     4.696 r  bd_0_i/hls_inst/inst/fmul_32ns_32ns_32_3_max_dsp_1_U429/MLP_fmul_32ns_32ns_32_3_max_dsp_1_ip_u/inst/i_synth/MULT.OP/i_non_prim.MULT/DSP48E1_SPD_SGL_VARIANT.FIX_MULT/DSP2/RESULT_REG.NORMAL.mant_op[0]_i_2/O
                         net (fo=2, routed)           0.272     4.968    bd_0_i/hls_inst/inst/fmul_32ns_32ns_32_3_max_dsp_1_U429/MLP_fmul_32ns_32ns_32_3_max_dsp_1_ip_u/inst/i_synth/MULT.OP/i_non_prim.MULT/DSP48E1_SPD_SGL_VARIANT.FIX_MULT/DSP2/i_non_prim.R_AND_R/LAT_OPT.FULL.R_AND_R/flt_get_round_bit__3
    SLICE_X40Y32         LUT4 (Prop_H5LUT_SLICEM_I1_O)
                                                      0.161     5.129 r  bd_0_i/hls_inst/inst/fmul_32ns_32ns_32_3_max_dsp_1_U429/MLP_fmul_32ns_32ns_32_3_max_dsp_1_ip_u/inst/i_synth/MULT.OP/i_non_prim.MULT/DSP48E1_SPD_SGL_VARIANT.FIX_MULT/DSP2/RESULT_REG.NORMAL.exp_op[7]_i_8/O
                         net (fo=8, routed)           0.241     5.371    bd_0_i/hls_inst/inst/fmul_32ns_32ns_32_3_max_dsp_1_U429/MLP_fmul_32ns_32ns_32_3_max_dsp_1_ip_u/inst/i_synth/MULT.OP/i_non_prim.R_AND_R/LAT_OPT.FULL.R_AND_R/DSP48E1_SGL_EXP_IP.OLD_ADD.ADD/round_exp_inc_op
    SLICE_X40Y29         LUT4 (Prop_D5LUT_SLICEM_I1_O)
                                                      0.066     5.437 r  bd_0_i/hls_inst/inst/fmul_32ns_32ns_32_3_max_dsp_1_U429/MLP_fmul_32ns_32ns_32_3_max_dsp_1_ip_u/inst/i_synth/MULT.OP/i_non_prim.R_AND_R/LAT_OPT.FULL.R_AND_R/DSP48E1_SGL_EXP_IP.OLD_ADD.ADD/RESULT_REG.NORMAL.exp_op[0]_i_1/O
                         net (fo=1, routed)           0.030     5.467    bd_0_i/hls_inst/inst/fmul_32ns_32ns_32_3_max_dsp_1_U429/MLP_fmul_32ns_32ns_32_3_max_dsp_1_ip_u/inst/i_synth/MULT.OP/i_non_prim.OP/RESULT_REG.NORMAL.exp_op_reg[0]_0
    SLICE_X40Y29         FDRE                                         r  bd_0_i/hls_inst/inst/fmul_32ns_32ns_32_3_max_dsp_1_U429/MLP_fmul_32ns_32ns_32_3_max_dsp_1_ip_u/inst/i_synth/MULT.OP/i_non_prim.OP/RESULT_REG.NORMAL.exp_op_reg[0]/D
  -------------------------------------------------------------------    -------------------

                         (clock ap_clk rise edge)    10.000    10.000 r  
                                                      0.000    10.000 r  ap_clk (IN)
                         net (fo=29822, unset)        0.021    10.021    bd_0_i/hls_inst/inst/fmul_32ns_32ns_32_3_max_dsp_1_U429/MLP_fmul_32ns_32ns_32_3_max_dsp_1_ip_u/inst/i_synth/MULT.OP/i_non_prim.OP/aclk
    SLICE_X40Y29         FDRE                                         r  bd_0_i/hls_inst/inst/fmul_32ns_32ns_32_3_max_dsp_1_U429/MLP_fmul_32ns_32ns_32_3_max_dsp_1_ip_u/inst/i_synth/MULT.OP/i_non_prim.OP/RESULT_REG.NORMAL.exp_op_reg[0]/C
                         clock pessimism              0.000    10.021    
                         clock uncertainty           -0.035     9.986    
    SLICE_X40Y29         FDRE (Setup_DFF2_SLICEM_C_D)
                                                      0.025    10.011    bd_0_i/hls_inst/inst/fmul_32ns_32ns_32_3_max_dsp_1_U429/MLP_fmul_32ns_32ns_32_3_max_dsp_1_ip_u/inst/i_synth/MULT.OP/i_non_prim.OP/RESULT_REG.NORMAL.exp_op_reg[0]
  -------------------------------------------------------------------
                         required time                         10.011    
                         arrival time                          -5.467    
  -------------------------------------------------------------------
                         slack                                  4.544    

Slack (MET) :             4.598ns  (required time - arrival time)
  Source:                 bd_0_i/hls_inst/inst/fmul_32ns_32ns_32_3_max_dsp_1_U429/din0_buf1_reg[20]/C
                            (rising edge-triggered cell FDRE clocked by ap_clk  {rise@0.000ns fall@5.000ns period=10.000ns})
  Destination:            bd_0_i/hls_inst/inst/fmul_32ns_32ns_32_3_max_dsp_1_U429/MLP_fmul_32ns_32ns_32_3_max_dsp_1_ip_u/inst/i_synth/MULT.OP/i_non_prim.OP/RESULT_REG.NORMAL.exp_op_reg[6]/D
                            (rising edge-triggered cell FDRE clocked by ap_clk  {rise@0.000ns fall@5.000ns period=10.000ns})
  Path Group:             ap_clk
  Path Type:              Setup (Max at Slow Process Corner)
  Requirement:            10.000ns  (ap_clk rise@10.000ns - ap_clk rise@0.000ns)
  Data Path Delay:        5.384ns  (logic 2.875ns (53.403%)  route 2.509ns (46.597%))
  Logic Levels:           11  (DSP_A_B_DATA=1 DSP_ALU=2 DSP_M_DATA=1 DSP_MULTIPLIER=1 DSP_OUTPUT=2 DSP_PREADD_DATA=1 LUT4=2 LUT6=1)
  Clock Path Skew:        -0.008ns (DCD - SCD + CPR)
    Destination Clock Delay (DCD):    0.020ns = ( 10.020 - 10.000 ) 
    Source Clock Delay      (SCD):    0.028ns
    Clock Pessimism Removal (CPR):    0.000ns
  Clock Uncertainty:      0.035ns  ((TSJ^2 + TIJ^2)^1/2 + DJ) / 2 + PE
    Total System Jitter     (TSJ):    0.071ns
    Total Input Jitter      (TIJ):    0.000ns
    Discrete Jitter          (DJ):    0.000ns
    Phase Error              (PE):    0.000ns

    Location             Delay type                Incr(ns)  Path(ns)    Netlist Resource(s)
  -------------------------------------------------------------------    -------------------
                         (clock ap_clk rise edge)     0.000     0.000 r  
                                                      0.000     0.000 r  ap_clk (IN)
                         net (fo=29822, unset)        0.028     0.028    bd_0_i/hls_inst/inst/fmul_32ns_32ns_32_3_max_dsp_1_U429/ap_clk
    SLICE_X33Y28         FDRE                                         r  bd_0_i/hls_inst/inst/fmul_32ns_32ns_32_3_max_dsp_1_U429/din0_buf1_reg[20]/C
  -------------------------------------------------------------------    -------------------
    SLICE_X33Y28         FDRE (Prop_DFF_SLICEL_C_Q)
                                                      0.079     0.107 f  bd_0_i/hls_inst/inst/fmul_32ns_32ns_32_3_max_dsp_1_U429/din0_buf1_reg[20]/Q
                         net (fo=2, routed)           1.563     1.670    bd_0_i/hls_inst/inst/fmul_32ns_32ns_32_3_max_dsp_1_U429/MLP_fmul_32ns_32ns_32_3_max_dsp_1_ip_u/inst/i_synth/MULT.OP/i_non_prim.MULT/DSP48E1_SPD_SGL_VARIANT.FIX_MULT/DSP1/i_no_versal_es1_workaround.DSP/A[20]
    DSP48E2_X3Y11        DSP_A_B_DATA (Prop_DSP_A_B_DATA_DSP48E2_A[20]_A2_DATA[20])
                                                      0.192     1.862 r  bd_0_i/hls_inst/inst/fmul_32ns_32ns_32_3_max_dsp_1_U429/MLP_fmul_32ns_32ns_32_3_max_dsp_1_ip_u/inst/i_synth/MULT.OP/i_non_prim.MULT/DSP48E1_SPD_SGL_VARIANT.FIX_MULT/DSP1/i_no_versal_es1_workaround.DSP/DSP_A_B_DATA_INST/A2_DATA[20]
                         net (fo=1, routed)           0.000     1.862    bd_0_i/hls_inst/inst/fmul_32ns_32ns_32_3_max_dsp_1_U429/MLP_fmul_32ns_32ns_32_3_max_dsp_1_ip_u/inst/i_synth/MULT.OP/i_non_prim.MULT/DSP48E1_SPD_SGL_VARIANT.FIX_MULT/DSP1/i_no_versal_es1_workaround.DSP/DSP_A_B_DATA.A2_DATA<20>
    DSP48E2_X3Y11        DSP_PREADD_DATA (Prop_DSP_PREADD_DATA_DSP48E2_A2_DATA[20]_A2A1[20])
                                                      0.076     1.938 r  bd_0_i/hls_inst/inst/fmul_32ns_32ns_32_3_max_dsp_1_U429/MLP_fmul_32ns_32ns_32_3_max_dsp_1_ip_u/inst/i_synth/MULT.OP/i_non_prim.MULT/DSP48E1_SPD_SGL_VARIANT.FIX_MULT/DSP1/i_no_versal_es1_workaround.DSP/DSP_PREADD_DATA_INST/A2A1[20]
                         net (fo=1, routed)           0.000     1.938    bd_0_i/hls_inst/inst/fmul_32ns_32ns_32_3_max_dsp_1_U429/MLP_fmul_32ns_32ns_32_3_max_dsp_1_ip_u/inst/i_synth/MULT.OP/i_non_prim.MULT/DSP48E1_SPD_SGL_VARIANT.FIX_MULT/DSP1/i_no_versal_es1_workaround.DSP/DSP_PREADD_DATA.A2A1<20>
    DSP48E2_X3Y11        DSP_MULTIPLIER (Prop_DSP_MULTIPLIER_DSP48E2_A2A1[20]_U[39])
                                                      0.505     2.443 f  bd_0_i/hls_inst/inst/fmul_32ns_32ns_32_3_max_dsp_1_U429/MLP_fmul_32ns_32ns_32_3_max_dsp_1_ip_u/inst/i_synth/MULT.OP/i_non_prim.MULT/DSP48E1_SPD_SGL_VARIANT.FIX_MULT/DSP1/i_no_versal_es1_workaround.DSP/DSP_MULTIPLIER_INST/U[39]
                         net (fo=1, routed)           0.000     2.443    bd_0_i/hls_inst/inst/fmul_32ns_32ns_32_3_max_dsp_1_U429/MLP_fmul_32ns_32ns_32_3_max_dsp_1_ip_u/inst/i_synth/MULT.OP/i_non_prim.MULT/DSP48E1_SPD_SGL_VARIANT.FIX_MULT/DSP1/i_no_versal_es1_workaround.DSP/DSP_MULTIPLIER.U<39>
    DSP48E2_X3Y11        DSP_M_DATA (Prop_DSP_M_DATA_DSP48E2_U[39]_U_DATA[39])
                                                      0.047     2.490 r  bd_0_i/hls_inst/inst/fmul_32ns_32ns_32_3_max_dsp_1_U429/MLP_fmul_32ns_32ns_32_3_max_dsp_1_ip_u/inst/i_synth/MULT.OP/i_non_prim.MULT/DSP48E1_SPD_SGL_VARIANT.FIX_MULT/DSP1/i_no_versal_es1_workaround.DSP/DSP_M_DATA_INST/U_DATA[39]
                         net (fo=1, routed)           0.000     2.490    bd_0_i/hls_inst/inst/fmul_32ns_32ns_32_3_max_dsp_1_U429/MLP_fmul_32ns_32ns_32_3_max_dsp_1_ip_u/inst/i_synth/MULT.OP/i_non_prim.MULT/DSP48E1_SPD_SGL_VARIANT.FIX_MULT/DSP1/i_no_versal_es1_workaround.DSP/DSP_M_DATA.U_DATA<39>
    DSP48E2_X3Y11        DSP_ALU (Prop_DSP_ALU_DSP48E2_U_DATA[39]_ALU_OUT[47])
                                                      0.585     3.075 f  bd_0_i/hls_inst/inst/fmul_32ns_32ns_32_3_max_dsp_1_U429/MLP_fmul_32ns_32ns_32_3_max_dsp_1_ip_u/inst/i_synth/MULT.OP/i_non_prim.MULT/DSP48E1_SPD_SGL_VARIANT.FIX_MULT/DSP1/i_no_versal_es1_workaround.DSP/DSP_ALU_INST/ALU_OUT[47]
                         net (fo=1, routed)           0.000     3.075    bd_0_i/hls_inst/inst/fmul_32ns_32ns_32_3_max_dsp_1_U429/MLP_fmul_32ns_32ns_32_3_max_dsp_1_ip_u/inst/i_synth/MULT.OP/i_non_prim.MULT/DSP48E1_SPD_SGL_VARIANT.FIX_MULT/DSP1/i_no_versal_es1_workaround.DSP/DSP_ALU.ALU_OUT<47>
    DSP48E2_X3Y11        DSP_OUTPUT (Prop_DSP_OUTPUT_DSP48E2_ALU_OUT[47]_PCOUT[47])
                                                      0.122     3.197 r  bd_0_i/hls_inst/inst/fmul_32ns_32ns_32_3_max_dsp_1_U429/MLP_fmul_32ns_32ns_32_3_max_dsp_1_ip_u/inst/i_synth/MULT.OP/i_non_prim.MULT/DSP48E1_SPD_SGL_VARIANT.FIX_MULT/DSP1/i_no_versal_es1_workaround.DSP/DSP_OUTPUT_INST/PCOUT[47]
                         net (fo=1, routed)           0.073     3.270    bd_0_i/hls_inst/inst/fmul_32ns_32ns_32_3_max_dsp_1_U429/MLP_fmul_32ns_32ns_32_3_max_dsp_1_ip_u/inst/i_synth/MULT.OP/i_non_prim.MULT/DSP48E1_SPD_SGL_VARIANT.FIX_MULT/DSP2/i_no_versal_es1_workaround.DSP/PCIN[47]
    DSP48E2_X3Y12        DSP_ALU (Prop_DSP_ALU_DSP48E2_PCIN[47]_ALU_OUT[47])
                                                      0.546     3.816 r  bd_0_i/hls_inst/inst/fmul_32ns_32ns_32_3_max_dsp_1_U429/MLP_fmul_32ns_32ns_32_3_max_dsp_1_ip_u/inst/i_synth/MULT.OP/i_non_prim.MULT/DSP48E1_SPD_SGL_VARIANT.FIX_MULT/DSP2/i_no_versal_es1_workaround.DSP/DSP_ALU_INST/ALU_OUT[47]
                         net (fo=1, routed)           0.000     3.816    bd_0_i/hls_inst/inst/fmul_32ns_32ns_32_3_max_dsp_1_U429/MLP_fmul_32ns_32ns_32_3_max_dsp_1_ip_u/inst/i_synth/MULT.OP/i_non_prim.MULT/DSP48E1_SPD_SGL_VARIANT.FIX_MULT/DSP2/i_no_versal_es1_workaround.DSP/DSP_ALU.ALU_OUT<47>
    DSP48E2_X3Y12        DSP_OUTPUT (Prop_DSP_OUTPUT_DSP48E2_ALU_OUT[47]_PATTERN_DETECT)
                                                      0.363     4.179 f  bd_0_i/hls_inst/inst/fmul_32ns_32ns_32_3_max_dsp_1_U429/MLP_fmul_32ns_32ns_32_3_max_dsp_1_ip_u/inst/i_synth/MULT.OP/i_non_prim.MULT/DSP48E1_SPD_SGL_VARIANT.FIX_MULT/DSP2/i_no_versal_es1_workaround.DSP/DSP_OUTPUT_INST/PATTERN_DETECT
                         net (fo=2, routed)           0.368     4.547    bd_0_i/hls_inst/inst/fmul_32ns_32ns_32_3_max_dsp_1_U429/MLP_fmul_32ns_32ns_32_3_max_dsp_1_ip_u/inst/i_synth/MULT.OP/i_non_prim.MULT/DSP48E1_SPD_SGL_VARIANT.FIX_MULT/DSP2/zero_detect_rnd[1]
    SLICE_X41Y29         LUT6 (Prop_G6LUT_SLICEL_I2_O)
                                                      0.149     4.696 r  bd_0_i/hls_inst/inst/fmul_32ns_32ns_32_3_max_dsp_1_U429/MLP_fmul_32ns_32ns_32_3_max_dsp_1_ip_u/inst/i_synth/MULT.OP/i_non_prim.MULT/DSP48E1_SPD_SGL_VARIANT.FIX_MULT/DSP2/RESULT_REG.NORMAL.mant_op[0]_i_2/O
                         net (fo=2, routed)           0.272     4.968    bd_0_i/hls_inst/inst/fmul_32ns_32ns_32_3_max_dsp_1_U429/MLP_fmul_32ns_32ns_32_3_max_dsp_1_ip_u/inst/i_synth/MULT.OP/i_non_prim.MULT/DSP48E1_SPD_SGL_VARIANT.FIX_MULT/DSP2/i_non_prim.R_AND_R/LAT_OPT.FULL.R_AND_R/flt_get_round_bit__3
    SLICE_X40Y32         LUT4 (Prop_H5LUT_SLICEM_I1_O)
                                                      0.161     5.129 r  bd_0_i/hls_inst/inst/fmul_32ns_32ns_32_3_max_dsp_1_U429/MLP_fmul_32ns_32ns_32_3_max_dsp_1_ip_u/inst/i_synth/MULT.OP/i_non_prim.MULT/DSP48E1_SPD_SGL_VARIANT.FIX_MULT/DSP2/RESULT_REG.NORMAL.exp_op[7]_i_8/O
                         net (fo=8, routed)           0.182     5.312    bd_0_i/hls_inst/inst/fmul_32ns_32ns_32_3_max_dsp_1_U429/MLP_fmul_32ns_32ns_32_3_max_dsp_1_ip_u/inst/i_synth/MULT.OP/i_non_prim.R_AND_R/LAT_OPT.FULL.R_AND_R/DSP48E1_SGL_EXP_IP.OLD_ADD.ADD/round_exp_inc_op
    SLICE_X41Y30         LUT4 (Prop_C6LUT_SLICEL_I1_O)
                                                      0.050     5.362 r  bd_0_i/hls_inst/inst/fmul_32ns_32ns_32_3_max_dsp_1_U429/MLP_fmul_32ns_32ns_32_3_max_dsp_1_ip_u/inst/i_synth/MULT.OP/i_non_prim.R_AND_R/LAT_OPT.FULL.R_AND_R/DSP48E1_SGL_EXP_IP.OLD_ADD.ADD/RESULT_REG.NORMAL.exp_op[6]_i_1/O
                         net (fo=1, routed)           0.050     5.412    bd_0_i/hls_inst/inst/fmul_32ns_32ns_32_3_max_dsp_1_U429/MLP_fmul_32ns_32ns_32_3_max_dsp_1_ip_u/inst/i_synth/MULT.OP/i_non_prim.OP/RESULT_REG.NORMAL.exp_op_reg[6]_0
    SLICE_X41Y30         FDRE                                         r  bd_0_i/hls_inst/inst/fmul_32ns_32ns_32_3_max_dsp_1_U429/MLP_fmul_32ns_32ns_32_3_max_dsp_1_ip_u/inst/i_synth/MULT.OP/i_non_prim.OP/RESULT_REG.NORMAL.exp_op_reg[6]/D
  -------------------------------------------------------------------    -------------------

                         (clock ap_clk rise edge)    10.000    10.000 r  
                                                      0.000    10.000 r  ap_clk (IN)
                         net (fo=29822, unset)        0.020    10.020    bd_0_i/hls_inst/inst/fmul_32ns_32ns_32_3_max_dsp_1_U429/MLP_fmul_32ns_32ns_32_3_max_dsp_1_ip_u/inst/i_synth/MULT.OP/i_non_prim.OP/aclk
    SLICE_X41Y30         FDRE                                         r  bd_0_i/hls_inst/inst/fmul_32ns_32ns_32_3_max_dsp_1_U429/MLP_fmul_32ns_32ns_32_3_max_dsp_1_ip_u/inst/i_synth/MULT.OP/i_non_prim.OP/RESULT_REG.NORMAL.exp_op_reg[6]/C
                         clock pessimism              0.000    10.020    
                         clock uncertainty           -0.035     9.985    
    SLICE_X41Y30         FDRE (Setup_CFF_SLICEL_C_D)
                                                      0.025    10.010    bd_0_i/hls_inst/inst/fmul_32ns_32ns_32_3_max_dsp_1_U429/MLP_fmul_32ns_32ns_32_3_max_dsp_1_ip_u/inst/i_synth/MULT.OP/i_non_prim.OP/RESULT_REG.NORMAL.exp_op_reg[6]
  -------------------------------------------------------------------
                         required time                         10.010    
                         arrival time                          -5.412    
  -------------------------------------------------------------------
                         slack                                  4.598    

Slack (MET) :             4.600ns  (required time - arrival time)
  Source:                 bd_0_i/hls_inst/inst/fmul_32ns_32ns_32_3_max_dsp_1_U429/din0_buf1_reg[20]/C
                            (rising edge-triggered cell FDRE clocked by ap_clk  {rise@0.000ns fall@5.000ns period=10.000ns})
  Destination:            bd_0_i/hls_inst/inst/fmul_32ns_32ns_32_3_max_dsp_1_U429/MLP_fmul_32ns_32ns_32_3_max_dsp_1_ip_u/inst/i_synth/MULT.OP/i_non_prim.OP/RESULT_REG.NORMAL.exp_op_reg[5]/D
                            (rising edge-triggered cell FDRE clocked by ap_clk  {rise@0.000ns fall@5.000ns period=10.000ns})
  Path Group:             ap_clk
  Path Type:              Setup (Max at Slow Process Corner)
  Requirement:            10.000ns  (ap_clk rise@10.000ns - ap_clk rise@0.000ns)
  Data Path Delay:        5.382ns  (logic 2.875ns (53.423%)  route 2.507ns (46.577%))
  Logic Levels:           11  (DSP_A_B_DATA=1 DSP_ALU=2 DSP_M_DATA=1 DSP_MULTIPLIER=1 DSP_OUTPUT=2 DSP_PREADD_DATA=1 LUT4=2 LUT6=1)
  Clock Path Skew:        -0.008ns (DCD - SCD + CPR)
    Destination Clock Delay (DCD):    0.020ns = ( 10.020 - 10.000 ) 
    Source Clock Delay      (SCD):    0.028ns
    Clock Pessimism Removal (CPR):    0.000ns
  Clock Uncertainty:      0.035ns  ((TSJ^2 + TIJ^2)^1/2 + DJ) / 2 + PE
    Total System Jitter     (TSJ):    0.071ns
    Total Input Jitter      (TIJ):    0.000ns
    Discrete Jitter          (DJ):    0.000ns
    Phase Error              (PE):    0.000ns

    Location             Delay type                Incr(ns)  Path(ns)    Netlist Resource(s)
  -------------------------------------------------------------------    -------------------
                         (clock ap_clk rise edge)     0.000     0.000 r  
                                                      0.000     0.000 r  ap_clk (IN)
                         net (fo=29822, unset)        0.028     0.028    bd_0_i/hls_inst/inst/fmul_32ns_32ns_32_3_max_dsp_1_U429/ap_clk
    SLICE_X33Y28         FDRE                                         r  bd_0_i/hls_inst/inst/fmul_32ns_32ns_32_3_max_dsp_1_U429/din0_buf1_reg[20]/C
  -------------------------------------------------------------------    -------------------
    SLICE_X33Y28         FDRE (Prop_DFF_SLICEL_C_Q)
                                                      0.079     0.107 f  bd_0_i/hls_inst/inst/fmul_32ns_32ns_32_3_max_dsp_1_U429/din0_buf1_reg[20]/Q
                         net (fo=2, routed)           1.563     1.670    bd_0_i/hls_inst/inst/fmul_32ns_32ns_32_3_max_dsp_1_U429/MLP_fmul_32ns_32ns_32_3_max_dsp_1_ip_u/inst/i_synth/MULT.OP/i_non_prim.MULT/DSP48E1_SPD_SGL_VARIANT.FIX_MULT/DSP1/i_no_versal_es1_workaround.DSP/A[20]
    DSP48E2_X3Y11        DSP_A_B_DATA (Prop_DSP_A_B_DATA_DSP48E2_A[20]_A2_DATA[20])
                                                      0.192     1.862 r  bd_0_i/hls_inst/inst/fmul_32ns_32ns_32_3_max_dsp_1_U429/MLP_fmul_32ns_32ns_32_3_max_dsp_1_ip_u/inst/i_synth/MULT.OP/i_non_prim.MULT/DSP48E1_SPD_SGL_VARIANT.FIX_MULT/DSP1/i_no_versal_es1_workaround.DSP/DSP_A_B_DATA_INST/A2_DATA[20]
                         net (fo=1, routed)           0.000     1.862    bd_0_i/hls_inst/inst/fmul_32ns_32ns_32_3_max_dsp_1_U429/MLP_fmul_32ns_32ns_32_3_max_dsp_1_ip_u/inst/i_synth/MULT.OP/i_non_prim.MULT/DSP48E1_SPD_SGL_VARIANT.FIX_MULT/DSP1/i_no_versal_es1_workaround.DSP/DSP_A_B_DATA.A2_DATA<20>
    DSP48E2_X3Y11        DSP_PREADD_DATA (Prop_DSP_PREADD_DATA_DSP48E2_A2_DATA[20]_A2A1[20])
                                                      0.076     1.938 r  bd_0_i/hls_inst/inst/fmul_32ns_32ns_32_3_max_dsp_1_U429/MLP_fmul_32ns_32ns_32_3_max_dsp_1_ip_u/inst/i_synth/MULT.OP/i_non_prim.MULT/DSP48E1_SPD_SGL_VARIANT.FIX_MULT/DSP1/i_no_versal_es1_workaround.DSP/DSP_PREADD_DATA_INST/A2A1[20]
                         net (fo=1, routed)           0.000     1.938    bd_0_i/hls_inst/inst/fmul_32ns_32ns_32_3_max_dsp_1_U429/MLP_fmul_32ns_32ns_32_3_max_dsp_1_ip_u/inst/i_synth/MULT.OP/i_non_prim.MULT/DSP48E1_SPD_SGL_VARIANT.FIX_MULT/DSP1/i_no_versal_es1_workaround.DSP/DSP_PREADD_DATA.A2A1<20>
    DSP48E2_X3Y11        DSP_MULTIPLIER (Prop_DSP_MULTIPLIER_DSP48E2_A2A1[20]_U[39])
                                                      0.505     2.443 f  bd_0_i/hls_inst/inst/fmul_32ns_32ns_32_3_max_dsp_1_U429/MLP_fmul_32ns_32ns_32_3_max_dsp_1_ip_u/inst/i_synth/MULT.OP/i_non_prim.MULT/DSP48E1_SPD_SGL_VARIANT.FIX_MULT/DSP1/i_no_versal_es1_workaround.DSP/DSP_MULTIPLIER_INST/U[39]
                         net (fo=1, routed)           0.000     2.443    bd_0_i/hls_inst/inst/fmul_32ns_32ns_32_3_max_dsp_1_U429/MLP_fmul_32ns_32ns_32_3_max_dsp_1_ip_u/inst/i_synth/MULT.OP/i_non_prim.MULT/DSP48E1_SPD_SGL_VARIANT.FIX_MULT/DSP1/i_no_versal_es1_workaround.DSP/DSP_MULTIPLIER.U<39>
    DSP48E2_X3Y11        DSP_M_DATA (Prop_DSP_M_DATA_DSP48E2_U[39]_U_DATA[39])
                                                      0.047     2.490 r  bd_0_i/hls_inst/inst/fmul_32ns_32ns_32_3_max_dsp_1_U429/MLP_fmul_32ns_32ns_32_3_max_dsp_1_ip_u/inst/i_synth/MULT.OP/i_non_prim.MULT/DSP48E1_SPD_SGL_VARIANT.FIX_MULT/DSP1/i_no_versal_es1_workaround.DSP/DSP_M_DATA_INST/U_DATA[39]
                         net (fo=1, routed)           0.000     2.490    bd_0_i/hls_inst/inst/fmul_32ns_32ns_32_3_max_dsp_1_U429/MLP_fmul_32ns_32ns_32_3_max_dsp_1_ip_u/inst/i_synth/MULT.OP/i_non_prim.MULT/DSP48E1_SPD_SGL_VARIANT.FIX_MULT/DSP1/i_no_versal_es1_workaround.DSP/DSP_M_DATA.U_DATA<39>
    DSP48E2_X3Y11        DSP_ALU (Prop_DSP_ALU_DSP48E2_U_DATA[39]_ALU_OUT[47])
                                                      0.585     3.075 f  bd_0_i/hls_inst/inst/fmul_32ns_32ns_32_3_max_dsp_1_U429/MLP_fmul_32ns_32ns_32_3_max_dsp_1_ip_u/inst/i_synth/MULT.OP/i_non_prim.MULT/DSP48E1_SPD_SGL_VARIANT.FIX_MULT/DSP1/i_no_versal_es1_workaround.DSP/DSP_ALU_INST/ALU_OUT[47]
                         net (fo=1, routed)           0.000     3.075    bd_0_i/hls_inst/inst/fmul_32ns_32ns_32_3_max_dsp_1_U429/MLP_fmul_32ns_32ns_32_3_max_dsp_1_ip_u/inst/i_synth/MULT.OP/i_non_prim.MULT/DSP48E1_SPD_SGL_VARIANT.FIX_MULT/DSP1/i_no_versal_es1_workaround.DSP/DSP_ALU.ALU_OUT<47>
    DSP48E2_X3Y11        DSP_OUTPUT (Prop_DSP_OUTPUT_DSP48E2_ALU_OUT[47]_PCOUT[47])
                                                      0.122     3.197 r  bd_0_i/hls_inst/inst/fmul_32ns_32ns_32_3_max_dsp_1_U429/MLP_fmul_32ns_32ns_32_3_max_dsp_1_ip_u/inst/i_synth/MULT.OP/i_non_prim.MULT/DSP48E1_SPD_SGL_VARIANT.FIX_MULT/DSP1/i_no_versal_es1_workaround.DSP/DSP_OUTPUT_INST/PCOUT[47]
                         net (fo=1, routed)           0.073     3.270    bd_0_i/hls_inst/inst/fmul_32ns_32ns_32_3_max_dsp_1_U429/MLP_fmul_32ns_32ns_32_3_max_dsp_1_ip_u/inst/i_synth/MULT.OP/i_non_prim.MULT/DSP48E1_SPD_SGL_VARIANT.FIX_MULT/DSP2/i_no_versal_es1_workaround.DSP/PCIN[47]
    DSP48E2_X3Y12        DSP_ALU (Prop_DSP_ALU_DSP48E2_PCIN[47]_ALU_OUT[47])
                                                      0.546     3.816 r  bd_0_i/hls_inst/inst/fmul_32ns_32ns_32_3_max_dsp_1_U429/MLP_fmul_32ns_32ns_32_3_max_dsp_1_ip_u/inst/i_synth/MULT.OP/i_non_prim.MULT/DSP48E1_SPD_SGL_VARIANT.FIX_MULT/DSP2/i_no_versal_es1_workaround.DSP/DSP_ALU_INST/ALU_OUT[47]
                         net (fo=1, routed)           0.000     3.816    bd_0_i/hls_inst/inst/fmul_32ns_32ns_32_3_max_dsp_1_U429/MLP_fmul_32ns_32ns_32_3_max_dsp_1_ip_u/inst/i_synth/MULT.OP/i_non_prim.MULT/DSP48E1_SPD_SGL_VARIANT.FIX_MULT/DSP2/i_no_versal_es1_workaround.DSP/DSP_ALU.ALU_OUT<47>
    DSP48E2_X3Y12        DSP_OUTPUT (Prop_DSP_OUTPUT_DSP48E2_ALU_OUT[47]_PATTERN_DETECT)
                                                      0.363     4.179 f  bd_0_i/hls_inst/inst/fmul_32ns_32ns_32_3_max_dsp_1_U429/MLP_fmul_32ns_32ns_32_3_max_dsp_1_ip_u/inst/i_synth/MULT.OP/i_non_prim.MULT/DSP48E1_SPD_SGL_VARIANT.FIX_MULT/DSP2/i_no_versal_es1_workaround.DSP/DSP_OUTPUT_INST/PATTERN_DETECT
                         net (fo=2, routed)           0.368     4.547    bd_0_i/hls_inst/inst/fmul_32ns_32ns_32_3_max_dsp_1_U429/MLP_fmul_32ns_32ns_32_3_max_dsp_1_ip_u/inst/i_synth/MULT.OP/i_non_prim.MULT/DSP48E1_SPD_SGL_VARIANT.FIX_MULT/DSP2/zero_detect_rnd[1]
    SLICE_X41Y29         LUT6 (Prop_G6LUT_SLICEL_I2_O)
                                                      0.149     4.696 r  bd_0_i/hls_inst/inst/fmul_32ns_32ns_32_3_max_dsp_1_U429/MLP_fmul_32ns_32ns_32_3_max_dsp_1_ip_u/inst/i_synth/MULT.OP/i_non_prim.MULT/DSP48E1_SPD_SGL_VARIANT.FIX_MULT/DSP2/RESULT_REG.NORMAL.mant_op[0]_i_2/O
                         net (fo=2, routed)           0.272     4.968    bd_0_i/hls_inst/inst/fmul_32ns_32ns_32_3_max_dsp_1_U429/MLP_fmul_32ns_32ns_32_3_max_dsp_1_ip_u/inst/i_synth/MULT.OP/i_non_prim.MULT/DSP48E1_SPD_SGL_VARIANT.FIX_MULT/DSP2/i_non_prim.R_AND_R/LAT_OPT.FULL.R_AND_R/flt_get_round_bit__3
    SLICE_X40Y32         LUT4 (Prop_H5LUT_SLICEM_I1_O)
                                                      0.161     5.129 r  bd_0_i/hls_inst/inst/fmul_32ns_32ns_32_3_max_dsp_1_U429/MLP_fmul_32ns_32ns_32_3_max_dsp_1_ip_u/inst/i_synth/MULT.OP/i_non_prim.MULT/DSP48E1_SPD_SGL_VARIANT.FIX_MULT/DSP2/RESULT_REG.NORMAL.exp_op[7]_i_8/O
                         net (fo=8, routed)           0.181     5.311    bd_0_i/hls_inst/inst/fmul_32ns_32ns_32_3_max_dsp_1_U429/MLP_fmul_32ns_32ns_32_3_max_dsp_1_ip_u/inst/i_synth/MULT.OP/i_non_prim.R_AND_R/LAT_OPT.FULL.R_AND_R/DSP48E1_SGL_EXP_IP.OLD_ADD.ADD/round_exp_inc_op
    SLICE_X41Y30         LUT4 (Prop_D6LUT_SLICEL_I1_O)
                                                      0.050     5.361 r  bd_0_i/hls_inst/inst/fmul_32ns_32ns_32_3_max_dsp_1_U429/MLP_fmul_32ns_32ns_32_3_max_dsp_1_ip_u/inst/i_synth/MULT.OP/i_non_prim.R_AND_R/LAT_OPT.FULL.R_AND_R/DSP48E1_SGL_EXP_IP.OLD_ADD.ADD/RESULT_REG.NORMAL.exp_op[5]_i_1/O
                         net (fo=1, routed)           0.049     5.410    bd_0_i/hls_inst/inst/fmul_32ns_32ns_32_3_max_dsp_1_U429/MLP_fmul_32ns_32ns_32_3_max_dsp_1_ip_u/inst/i_synth/MULT.OP/i_non_prim.OP/RESULT_REG.NORMAL.exp_op_reg[5]_0
    SLICE_X41Y30         FDRE                                         r  bd_0_i/hls_inst/inst/fmul_32ns_32ns_32_3_max_dsp_1_U429/MLP_fmul_32ns_32ns_32_3_max_dsp_1_ip_u/inst/i_synth/MULT.OP/i_non_prim.OP/RESULT_REG.NORMAL.exp_op_reg[5]/D
  -------------------------------------------------------------------    -------------------

                         (clock ap_clk rise edge)    10.000    10.000 r  
                                                      0.000    10.000 r  ap_clk (IN)
                         net (fo=29822, unset)        0.020    10.020    bd_0_i/hls_inst/inst/fmul_32ns_32ns_32_3_max_dsp_1_U429/MLP_fmul_32ns_32ns_32_3_max_dsp_1_ip_u/inst/i_synth/MULT.OP/i_non_prim.OP/aclk
    SLICE_X41Y30         FDRE                                         r  bd_0_i/hls_inst/inst/fmul_32ns_32ns_32_3_max_dsp_1_U429/MLP_fmul_32ns_32ns_32_3_max_dsp_1_ip_u/inst/i_synth/MULT.OP/i_non_prim.OP/RESULT_REG.NORMAL.exp_op_reg[5]/C
                         clock pessimism              0.000    10.020    
                         clock uncertainty           -0.035     9.985    
    SLICE_X41Y30         FDRE (Setup_DFF_SLICEL_C_D)
                                                      0.025    10.010    bd_0_i/hls_inst/inst/fmul_32ns_32ns_32_3_max_dsp_1_U429/MLP_fmul_32ns_32ns_32_3_max_dsp_1_ip_u/inst/i_synth/MULT.OP/i_non_prim.OP/RESULT_REG.NORMAL.exp_op_reg[5]
  -------------------------------------------------------------------
                         required time                         10.010    
                         arrival time                          -5.410    
  -------------------------------------------------------------------
                         slack                                  4.600    

Slack (MET) :             4.652ns  (required time - arrival time)
  Source:                 bd_0_i/hls_inst/inst/ap_CS_fsm_reg[53]/C
                            (rising edge-triggered cell FDRE clocked by ap_clk  {rise@0.000ns fall@5.000ns period=10.000ns})
  Destination:            bd_0_i/hls_inst/inst/fmul_32ns_32ns_32_3_max_dsp_1_U425/din1_buf1_reg[31]/D
                            (rising edge-triggered cell FDRE clocked by ap_clk  {rise@0.000ns fall@5.000ns period=10.000ns})
  Path Group:             ap_clk
  Path Type:              Setup (Max at Slow Process Corner)
  Requirement:            10.000ns  (ap_clk rise@10.000ns - ap_clk rise@0.000ns)
  Data Path Delay:        5.329ns  (logic 0.169ns (3.172%)  route 5.160ns (96.828%))
  Logic Levels:           1  (LUT5=1)
  Clock Path Skew:        -0.009ns (DCD - SCD + CPR)
    Destination Clock Delay (DCD):    0.020ns = ( 10.020 - 10.000 ) 
    Source Clock Delay      (SCD):    0.029ns
    Clock Pessimism Removal (CPR):    0.000ns
  Clock Uncertainty:      0.035ns  ((TSJ^2 + TIJ^2)^1/2 + DJ) / 2 + PE
    Total System Jitter     (TSJ):    0.071ns
    Total Input Jitter      (TIJ):    0.000ns
    Discrete Jitter          (DJ):    0.000ns
    Phase Error              (PE):    0.000ns

    Location             Delay type                Incr(ns)  Path(ns)    Netlist Resource(s)
  -------------------------------------------------------------------    -------------------
                         (clock ap_clk rise edge)     0.000     0.000 r  
                                                      0.000     0.000 r  ap_clk (IN)
                         net (fo=29822, unset)        0.029     0.029    bd_0_i/hls_inst/inst/ap_clk
    SLICE_X18Y34         FDRE                                         r  bd_0_i/hls_inst/inst/ap_CS_fsm_reg[53]/C
  -------------------------------------------------------------------    -------------------
    SLICE_X18Y34         FDRE (Prop_FFF_SLICEL_C_Q)
                                                      0.079     0.108 r  bd_0_i/hls_inst/inst/ap_CS_fsm_reg[53]/Q
                         net (fo=812, routed)         5.111     5.219    bd_0_i/hls_inst/inst/grp_MLP_Pipeline_VITIS_LOOP_111_7_fu_1391/Q[3]
    SLICE_X21Y3          LUT5 (Prop_B6LUT_SLICEL_I1_O)
                                                      0.090     5.309 r  bd_0_i/hls_inst/inst/grp_MLP_Pipeline_VITIS_LOOP_111_7_fu_1391/din1_buf1[31]_i_1__38/O
                         net (fo=1, routed)           0.049     5.358    bd_0_i/hls_inst/inst/fmul_32ns_32ns_32_3_max_dsp_1_U425/grp_fu_2499_p1[25]
    SLICE_X21Y3          FDRE                                         r  bd_0_i/hls_inst/inst/fmul_32ns_32ns_32_3_max_dsp_1_U425/din1_buf1_reg[31]/D
  -------------------------------------------------------------------    -------------------

                         (clock ap_clk rise edge)    10.000    10.000 r  
                                                      0.000    10.000 r  ap_clk (IN)
                         net (fo=29822, unset)        0.020    10.020    bd_0_i/hls_inst/inst/fmul_32ns_32ns_32_3_max_dsp_1_U425/ap_clk
    SLICE_X21Y3          FDRE                                         r  bd_0_i/hls_inst/inst/fmul_32ns_32ns_32_3_max_dsp_1_U425/din1_buf1_reg[31]/C
                         clock pessimism              0.000    10.020    
                         clock uncertainty           -0.035     9.985    
    SLICE_X21Y3          FDRE (Setup_BFF_SLICEL_C_D)
                                                      0.025    10.010    bd_0_i/hls_inst/inst/fmul_32ns_32ns_32_3_max_dsp_1_U425/din1_buf1_reg[31]
  -------------------------------------------------------------------
                         required time                         10.010    
                         arrival time                          -5.358    
  -------------------------------------------------------------------
                         slack                                  4.652    





Min Delay Paths
--------------------------------------------------------------------------------------
Slack (MET) :             0.019ns  (arrival time - required time)
  Source:                 bd_0_i/hls_inst/inst/grp_MLP_Pipeline_VITIS_LOOP_94_5_fu_1310/mul1_19_reg_1478_reg[20]/C
                            (rising edge-triggered cell FDRE clocked by ap_clk  {rise@0.000ns fall@5.000ns period=10.000ns})
  Destination:            bd_0_i/hls_inst/inst/fadd_32ns_32ns_32_4_full_dsp_1_U413/din1_buf1_reg[20]/D
                            (rising edge-triggered cell FDRE clocked by ap_clk  {rise@0.000ns fall@5.000ns period=10.000ns})
  Path Group:             ap_clk
  Path Type:              Hold (Min at Fast Process Corner)
  Requirement:            0.000ns  (ap_clk rise@0.000ns - ap_clk rise@0.000ns)
  Data Path Delay:        0.072ns  (logic 0.039ns (54.167%)  route 0.033ns (45.833%))
  Logic Levels:           0  
  Clock Path Skew:        0.006ns (DCD - SCD - CPR)
    Destination Clock Delay (DCD):    0.018ns
    Source Clock Delay      (SCD):    0.012ns
    Clock Pessimism Removal (CPR):    -0.000ns

    Location             Delay type                Incr(ns)  Path(ns)    Netlist Resource(s)
  -------------------------------------------------------------------    -------------------
                         (clock ap_clk rise edge)     0.000     0.000 r  
                                                      0.000     0.000 r  ap_clk (IN)
                         net (fo=29822, unset)        0.012     0.012    bd_0_i/hls_inst/inst/grp_MLP_Pipeline_VITIS_LOOP_94_5_fu_1310/ap_clk
    SLICE_X6Y88          FDRE                                         r  bd_0_i/hls_inst/inst/grp_MLP_Pipeline_VITIS_LOOP_94_5_fu_1310/mul1_19_reg_1478_reg[20]/C
  -------------------------------------------------------------------    -------------------
    SLICE_X6Y88          FDRE (Prop_DFF_SLICEL_C_Q)
                                                      0.039     0.051 r  bd_0_i/hls_inst/inst/grp_MLP_Pipeline_VITIS_LOOP_94_5_fu_1310/mul1_19_reg_1478_reg[20]/Q
                         net (fo=1, routed)           0.033     0.084    bd_0_i/hls_inst/inst/fadd_32ns_32ns_32_4_full_dsp_1_U413/din1_buf1_reg[20]_0
    SLICE_X6Y88          FDRE                                         r  bd_0_i/hls_inst/inst/fadd_32ns_32ns_32_4_full_dsp_1_U413/din1_buf1_reg[20]/D
  -------------------------------------------------------------------    -------------------

                         (clock ap_clk rise edge)     0.000     0.000 r  
                                                      0.000     0.000 r  ap_clk (IN)
                         net (fo=29822, unset)        0.018     0.018    bd_0_i/hls_inst/inst/fadd_32ns_32ns_32_4_full_dsp_1_U413/ap_clk
    SLICE_X6Y88          FDRE                                         r  bd_0_i/hls_inst/inst/fadd_32ns_32ns_32_4_full_dsp_1_U413/din1_buf1_reg[20]/C
                         clock pessimism              0.000     0.018    
    SLICE_X6Y88          FDRE (Hold_CFF2_SLICEL_C_D)
                                                      0.047     0.065    bd_0_i/hls_inst/inst/fadd_32ns_32ns_32_4_full_dsp_1_U413/din1_buf1_reg[20]
  -------------------------------------------------------------------
                         required time                         -0.065    
                         arrival time                           0.084    
  -------------------------------------------------------------------
                         slack                                  0.019    

Slack (MET) :             0.019ns  (arrival time - required time)
  Source:                 bd_0_i/hls_inst/inst/input_features_casted_load_43_reg_1951_reg[2]/C
                            (rising edge-triggered cell FDRE clocked by ap_clk  {rise@0.000ns fall@5.000ns period=10.000ns})
  Destination:            bd_0_i/hls_inst/inst/grp_MLP_Pipeline_VITIS_LOOP_77_3_fu_1157/fmul_32ns_32ns_32_3_max_dsp_1_U120/din0_buf1_reg[2]/D
                            (rising edge-triggered cell FDRE clocked by ap_clk  {rise@0.000ns fall@5.000ns period=10.000ns})
  Path Group:             ap_clk
  Path Type:              Hold (Min at Fast Process Corner)
  Requirement:            0.000ns  (ap_clk rise@0.000ns - ap_clk rise@0.000ns)
  Data Path Delay:        0.072ns  (logic 0.039ns (54.167%)  route 0.033ns (45.833%))
  Logic Levels:           0  
  Clock Path Skew:        0.006ns (DCD - SCD - CPR)
    Destination Clock Delay (DCD):    0.018ns
    Source Clock Delay      (SCD):    0.012ns
    Clock Pessimism Removal (CPR):    -0.000ns

    Location             Delay type                Incr(ns)  Path(ns)    Netlist Resource(s)
  -------------------------------------------------------------------    -------------------
                         (clock ap_clk rise edge)     0.000     0.000 r  
                                                      0.000     0.000 r  ap_clk (IN)
                         net (fo=29822, unset)        0.012     0.012    bd_0_i/hls_inst/inst/ap_clk
    SLICE_X27Y121        FDRE                                         r  bd_0_i/hls_inst/inst/input_features_casted_load_43_reg_1951_reg[2]/C
  -------------------------------------------------------------------    -------------------
    SLICE_X27Y121        FDRE (Prop_BFF_SLICEL_C_Q)
                                                      0.039     0.051 r  bd_0_i/hls_inst/inst/input_features_casted_load_43_reg_1951_reg[2]/Q
                         net (fo=1, routed)           0.033     0.084    bd_0_i/hls_inst/inst/grp_MLP_Pipeline_VITIS_LOOP_77_3_fu_1157/fmul_32ns_32ns_32_3_max_dsp_1_U120/din0_buf1_reg[31]_0[2]
    SLICE_X27Y121        FDRE                                         r  bd_0_i/hls_inst/inst/grp_MLP_Pipeline_VITIS_LOOP_77_3_fu_1157/fmul_32ns_32ns_32_3_max_dsp_1_U120/din0_buf1_reg[2]/D
  -------------------------------------------------------------------    -------------------

                         (clock ap_clk rise edge)     0.000     0.000 r  
                                                      0.000     0.000 r  ap_clk (IN)
                         net (fo=29822, unset)        0.018     0.018    bd_0_i/hls_inst/inst/grp_MLP_Pipeline_VITIS_LOOP_77_3_fu_1157/fmul_32ns_32ns_32_3_max_dsp_1_U120/ap_clk
    SLICE_X27Y121        FDRE                                         r  bd_0_i/hls_inst/inst/grp_MLP_Pipeline_VITIS_LOOP_77_3_fu_1157/fmul_32ns_32ns_32_3_max_dsp_1_U120/din0_buf1_reg[2]/C
                         clock pessimism              0.000     0.018    
    SLICE_X27Y121        FDRE (Hold_CFF2_SLICEL_C_D)
                                                      0.047     0.065    bd_0_i/hls_inst/inst/grp_MLP_Pipeline_VITIS_LOOP_77_3_fu_1157/fmul_32ns_32ns_32_3_max_dsp_1_U120/din0_buf1_reg[2]
  -------------------------------------------------------------------
                         required time                         -0.065    
                         arrival time                           0.084    
  -------------------------------------------------------------------
                         slack                                  0.019    

Slack (MET) :             0.019ns  (arrival time - required time)
  Source:                 bd_0_i/hls_inst/inst/input_features_U/q0_reg[11]/C
                            (rising edge-triggered cell FDRE clocked by ap_clk  {rise@0.000ns fall@5.000ns period=10.000ns})
  Destination:            bd_0_i/hls_inst/inst/grp_MLP_Pipeline_VITIS_LOOP_69_2_fu_1151/sitodp_32ns_64_4_no_dsp_1_U22/din0_buf1_reg[11]/D
                            (rising edge-triggered cell FDRE clocked by ap_clk  {rise@0.000ns fall@5.000ns period=10.000ns})
  Path Group:             ap_clk
  Path Type:              Hold (Min at Fast Process Corner)
  Requirement:            0.000ns  (ap_clk rise@0.000ns - ap_clk rise@0.000ns)
  Data Path Delay:        0.072ns  (logic 0.039ns (54.167%)  route 0.033ns (45.833%))
  Logic Levels:           0  
  Clock Path Skew:        0.006ns (DCD - SCD - CPR)
    Destination Clock Delay (DCD):    0.019ns
    Source Clock Delay      (SCD):    0.013ns
    Clock Pessimism Removal (CPR):    -0.000ns

    Location             Delay type                Incr(ns)  Path(ns)    Netlist Resource(s)
  -------------------------------------------------------------------    -------------------
                         (clock ap_clk rise edge)     0.000     0.000 r  
                                                      0.000     0.000 r  ap_clk (IN)
                         net (fo=29822, unset)        0.013     0.013    bd_0_i/hls_inst/inst/input_features_U/ap_clk
    SLICE_X33Y53         FDRE                                         r  bd_0_i/hls_inst/inst/input_features_U/q0_reg[11]/C
  -------------------------------------------------------------------    -------------------
    SLICE_X33Y53         FDRE (Prop_HFF_SLICEL_C_Q)
                                                      0.039     0.052 r  bd_0_i/hls_inst/inst/input_features_U/q0_reg[11]/Q
                         net (fo=1, routed)           0.033     0.085    bd_0_i/hls_inst/inst/grp_MLP_Pipeline_VITIS_LOOP_69_2_fu_1151/sitodp_32ns_64_4_no_dsp_1_U22/din0_buf1_reg[31]_0[11]
    SLICE_X33Y53         FDRE                                         r  bd_0_i/hls_inst/inst/grp_MLP_Pipeline_VITIS_LOOP_69_2_fu_1151/sitodp_32ns_64_4_no_dsp_1_U22/din0_buf1_reg[11]/D
  -------------------------------------------------------------------    -------------------

                         (clock ap_clk rise edge)     0.000     0.000 r  
                                                      0.000     0.000 r  ap_clk (IN)
                         net (fo=29822, unset)        0.019     0.019    bd_0_i/hls_inst/inst/grp_MLP_Pipeline_VITIS_LOOP_69_2_fu_1151/sitodp_32ns_64_4_no_dsp_1_U22/ap_clk
    SLICE_X33Y53         FDRE                                         r  bd_0_i/hls_inst/inst/grp_MLP_Pipeline_VITIS_LOOP_69_2_fu_1151/sitodp_32ns_64_4_no_dsp_1_U22/din0_buf1_reg[11]/C
                         clock pessimism              0.000     0.019    
    SLICE_X33Y53         FDRE (Hold_HFF2_SLICEL_C_D)
                                                      0.047     0.066    bd_0_i/hls_inst/inst/grp_MLP_Pipeline_VITIS_LOOP_69_2_fu_1151/sitodp_32ns_64_4_no_dsp_1_U22/din0_buf1_reg[11]
  -------------------------------------------------------------------
                         required time                         -0.066    
                         arrival time                           0.085    
  -------------------------------------------------------------------
                         slack                                  0.019    

Slack (MET) :             0.019ns  (arrival time - required time)
  Source:                 bd_0_i/hls_inst/inst/input_features_casted_load_24_reg_1766_reg[10]/C
                            (rising edge-triggered cell FDRE clocked by ap_clk  {rise@0.000ns fall@5.000ns period=10.000ns})
  Destination:            bd_0_i/hls_inst/inst/grp_MLP_Pipeline_VITIS_LOOP_77_3_fu_1157/fmul_32ns_32ns_32_3_max_dsp_1_U101/din0_buf1_reg[10]/D
                            (rising edge-triggered cell FDRE clocked by ap_clk  {rise@0.000ns fall@5.000ns period=10.000ns})
  Path Group:             ap_clk
  Path Type:              Hold (Min at Fast Process Corner)
  Requirement:            0.000ns  (ap_clk rise@0.000ns - ap_clk rise@0.000ns)
  Data Path Delay:        0.072ns  (logic 0.039ns (54.167%)  route 0.033ns (45.833%))
  Logic Levels:           0  
  Clock Path Skew:        0.006ns (DCD - SCD - CPR)
    Destination Clock Delay (DCD):    0.019ns
    Source Clock Delay      (SCD):    0.013ns
    Clock Pessimism Removal (CPR):    -0.000ns

    Location             Delay type                Incr(ns)  Path(ns)    Netlist Resource(s)
  -------------------------------------------------------------------    -------------------
                         (clock ap_clk rise edge)     0.000     0.000 r  
                                                      0.000     0.000 r  ap_clk (IN)
                         net (fo=29822, unset)        0.013     0.013    bd_0_i/hls_inst/inst/ap_clk
    SLICE_X17Y42         FDRE                                         r  bd_0_i/hls_inst/inst/input_features_casted_load_24_reg_1766_reg[10]/C
  -------------------------------------------------------------------    -------------------
    SLICE_X17Y42         FDRE (Prop_HFF_SLICEL_C_Q)
                                                      0.039     0.052 r  bd_0_i/hls_inst/inst/input_features_casted_load_24_reg_1766_reg[10]/Q
                         net (fo=1, routed)           0.033     0.085    bd_0_i/hls_inst/inst/grp_MLP_Pipeline_VITIS_LOOP_77_3_fu_1157/fmul_32ns_32ns_32_3_max_dsp_1_U101/din0_buf1_reg[31]_0[10]
    SLICE_X17Y42         FDRE                                         r  bd_0_i/hls_inst/inst/grp_MLP_Pipeline_VITIS_LOOP_77_3_fu_1157/fmul_32ns_32ns_32_3_max_dsp_1_U101/din0_buf1_reg[10]/D
  -------------------------------------------------------------------    -------------------

                         (clock ap_clk rise edge)     0.000     0.000 r  
                                                      0.000     0.000 r  ap_clk (IN)
                         net (fo=29822, unset)        0.019     0.019    bd_0_i/hls_inst/inst/grp_MLP_Pipeline_VITIS_LOOP_77_3_fu_1157/fmul_32ns_32ns_32_3_max_dsp_1_U101/ap_clk
    SLICE_X17Y42         FDRE                                         r  bd_0_i/hls_inst/inst/grp_MLP_Pipeline_VITIS_LOOP_77_3_fu_1157/fmul_32ns_32ns_32_3_max_dsp_1_U101/din0_buf1_reg[10]/C
                         clock pessimism              0.000     0.019    
    SLICE_X17Y42         FDRE (Hold_HFF2_SLICEL_C_D)
                                                      0.047     0.066    bd_0_i/hls_inst/inst/grp_MLP_Pipeline_VITIS_LOOP_77_3_fu_1157/fmul_32ns_32ns_32_3_max_dsp_1_U101/din0_buf1_reg[10]
  -------------------------------------------------------------------
                         required time                         -0.066    
                         arrival time                           0.085    
  -------------------------------------------------------------------
                         slack                                  0.019    

Slack (MET) :             0.019ns  (arrival time - required time)
  Source:                 bd_0_i/hls_inst/inst/input_features_casted_load_24_reg_1766_reg[14]/C
                            (rising edge-triggered cell FDRE clocked by ap_clk  {rise@0.000ns fall@5.000ns period=10.000ns})
  Destination:            bd_0_i/hls_inst/inst/grp_MLP_Pipeline_VITIS_LOOP_77_3_fu_1157/fmul_32ns_32ns_32_3_max_dsp_1_U101/din0_buf1_reg[14]/D
                            (rising edge-triggered cell FDRE clocked by ap_clk  {rise@0.000ns fall@5.000ns period=10.000ns})
  Path Group:             ap_clk
  Path Type:              Hold (Min at Fast Process Corner)
  Requirement:            0.000ns  (ap_clk rise@0.000ns - ap_clk rise@0.000ns)
  Data Path Delay:        0.072ns  (logic 0.039ns (54.167%)  route 0.033ns (45.833%))
  Logic Levels:           0  
  Clock Path Skew:        0.006ns (DCD - SCD - CPR)
    Destination Clock Delay (DCD):    0.019ns
    Source Clock Delay      (SCD):    0.013ns
    Clock Pessimism Removal (CPR):    -0.000ns

    Location             Delay type                Incr(ns)  Path(ns)    Netlist Resource(s)
  -------------------------------------------------------------------    -------------------
                         (clock ap_clk rise edge)     0.000     0.000 r  
                                                      0.000     0.000 r  ap_clk (IN)
                         net (fo=29822, unset)        0.013     0.013    bd_0_i/hls_inst/inst/ap_clk
    SLICE_X17Y46         FDRE                                         r  bd_0_i/hls_inst/inst/input_features_casted_load_24_reg_1766_reg[14]/C
  -------------------------------------------------------------------    -------------------
    SLICE_X17Y46         FDRE (Prop_HFF_SLICEL_C_Q)
                                                      0.039     0.052 r  bd_0_i/hls_inst/inst/input_features_casted_load_24_reg_1766_reg[14]/Q
                         net (fo=1, routed)           0.033     0.085    bd_0_i/hls_inst/inst/grp_MLP_Pipeline_VITIS_LOOP_77_3_fu_1157/fmul_32ns_32ns_32_3_max_dsp_1_U101/din0_buf1_reg[31]_0[14]
    SLICE_X17Y46         FDRE                                         r  bd_0_i/hls_inst/inst/grp_MLP_Pipeline_VITIS_LOOP_77_3_fu_1157/fmul_32ns_32ns_32_3_max_dsp_1_U101/din0_buf1_reg[14]/D
  -------------------------------------------------------------------    -------------------

                         (clock ap_clk rise edge)     0.000     0.000 r  
                                                      0.000     0.000 r  ap_clk (IN)
                         net (fo=29822, unset)        0.019     0.019    bd_0_i/hls_inst/inst/grp_MLP_Pipeline_VITIS_LOOP_77_3_fu_1157/fmul_32ns_32ns_32_3_max_dsp_1_U101/ap_clk
    SLICE_X17Y46         FDRE                                         r  bd_0_i/hls_inst/inst/grp_MLP_Pipeline_VITIS_LOOP_77_3_fu_1157/fmul_32ns_32ns_32_3_max_dsp_1_U101/din0_buf1_reg[14]/C
                         clock pessimism              0.000     0.019    
    SLICE_X17Y46         FDRE (Hold_HFF2_SLICEL_C_D)
                                                      0.047     0.066    bd_0_i/hls_inst/inst/grp_MLP_Pipeline_VITIS_LOOP_77_3_fu_1157/fmul_32ns_32ns_32_3_max_dsp_1_U101/din0_buf1_reg[14]
  -------------------------------------------------------------------
                         required time                         -0.066    
                         arrival time                           0.085    
  -------------------------------------------------------------------
                         slack                                  0.019    

Slack (MET) :             0.019ns  (arrival time - required time)
  Source:                 bd_0_i/hls_inst/inst/input_features_casted_load_24_reg_1766_reg[16]/C
                            (rising edge-triggered cell FDRE clocked by ap_clk  {rise@0.000ns fall@5.000ns period=10.000ns})
  Destination:            bd_0_i/hls_inst/inst/grp_MLP_Pipeline_VITIS_LOOP_77_3_fu_1157/fmul_32ns_32ns_32_3_max_dsp_1_U101/din0_buf1_reg[16]/D
                            (rising edge-triggered cell FDRE clocked by ap_clk  {rise@0.000ns fall@5.000ns period=10.000ns})
  Path Group:             ap_clk
  Path Type:              Hold (Min at Fast Process Corner)
  Requirement:            0.000ns  (ap_clk rise@0.000ns - ap_clk rise@0.000ns)
  Data Path Delay:        0.072ns  (logic 0.039ns (54.167%)  route 0.033ns (45.833%))
  Logic Levels:           0  
  Clock Path Skew:        0.006ns (DCD - SCD - CPR)
    Destination Clock Delay (DCD):    0.019ns
    Source Clock Delay      (SCD):    0.013ns
    Clock Pessimism Removal (CPR):    -0.000ns

    Location             Delay type                Incr(ns)  Path(ns)    Netlist Resource(s)
  -------------------------------------------------------------------    -------------------
                         (clock ap_clk rise edge)     0.000     0.000 r  
                                                      0.000     0.000 r  ap_clk (IN)
                         net (fo=29822, unset)        0.013     0.013    bd_0_i/hls_inst/inst/ap_clk
    SLICE_X17Y45         FDRE                                         r  bd_0_i/hls_inst/inst/input_features_casted_load_24_reg_1766_reg[16]/C
  -------------------------------------------------------------------    -------------------
    SLICE_X17Y45         FDRE (Prop_HFF_SLICEL_C_Q)
                                                      0.039     0.052 r  bd_0_i/hls_inst/inst/input_features_casted_load_24_reg_1766_reg[16]/Q
                         net (fo=1, routed)           0.033     0.085    bd_0_i/hls_inst/inst/grp_MLP_Pipeline_VITIS_LOOP_77_3_fu_1157/fmul_32ns_32ns_32_3_max_dsp_1_U101/din0_buf1_reg[31]_0[16]
    SLICE_X17Y45         FDRE                                         r  bd_0_i/hls_inst/inst/grp_MLP_Pipeline_VITIS_LOOP_77_3_fu_1157/fmul_32ns_32ns_32_3_max_dsp_1_U101/din0_buf1_reg[16]/D
  -------------------------------------------------------------------    -------------------

                         (clock ap_clk rise edge)     0.000     0.000 r  
                                                      0.000     0.000 r  ap_clk (IN)
                         net (fo=29822, unset)        0.019     0.019    bd_0_i/hls_inst/inst/grp_MLP_Pipeline_VITIS_LOOP_77_3_fu_1157/fmul_32ns_32ns_32_3_max_dsp_1_U101/ap_clk
    SLICE_X17Y45         FDRE                                         r  bd_0_i/hls_inst/inst/grp_MLP_Pipeline_VITIS_LOOP_77_3_fu_1157/fmul_32ns_32ns_32_3_max_dsp_1_U101/din0_buf1_reg[16]/C
                         clock pessimism              0.000     0.019    
    SLICE_X17Y45         FDRE (Hold_HFF2_SLICEL_C_D)
                                                      0.047     0.066    bd_0_i/hls_inst/inst/grp_MLP_Pipeline_VITIS_LOOP_77_3_fu_1157/fmul_32ns_32ns_32_3_max_dsp_1_U101/din0_buf1_reg[16]
  -------------------------------------------------------------------
                         required time                         -0.066    
                         arrival time                           0.085    
  -------------------------------------------------------------------
                         slack                                  0.019    

Slack (MET) :             0.019ns  (arrival time - required time)
  Source:                 bd_0_i/hls_inst/inst/input_features_casted_load_24_reg_1766_reg[19]/C
                            (rising edge-triggered cell FDRE clocked by ap_clk  {rise@0.000ns fall@5.000ns period=10.000ns})
  Destination:            bd_0_i/hls_inst/inst/grp_MLP_Pipeline_VITIS_LOOP_77_3_fu_1157/fmul_32ns_32ns_32_3_max_dsp_1_U101/din0_buf1_reg[19]/D
                            (rising edge-triggered cell FDRE clocked by ap_clk  {rise@0.000ns fall@5.000ns period=10.000ns})
  Path Group:             ap_clk
  Path Type:              Hold (Min at Fast Process Corner)
  Requirement:            0.000ns  (ap_clk rise@0.000ns - ap_clk rise@0.000ns)
  Data Path Delay:        0.072ns  (logic 0.039ns (54.167%)  route 0.033ns (45.833%))
  Logic Levels:           0  
  Clock Path Skew:        0.006ns (DCD - SCD - CPR)
    Destination Clock Delay (DCD):    0.019ns
    Source Clock Delay      (SCD):    0.013ns
    Clock Pessimism Removal (CPR):    -0.000ns

    Location             Delay type                Incr(ns)  Path(ns)    Netlist Resource(s)
  -------------------------------------------------------------------    -------------------
                         (clock ap_clk rise edge)     0.000     0.000 r  
                                                      0.000     0.000 r  ap_clk (IN)
                         net (fo=29822, unset)        0.013     0.013    bd_0_i/hls_inst/inst/ap_clk
    SLICE_X18Y45         FDRE                                         r  bd_0_i/hls_inst/inst/input_features_casted_load_24_reg_1766_reg[19]/C
  -------------------------------------------------------------------    -------------------
    SLICE_X18Y45         FDRE (Prop_HFF_SLICEL_C_Q)
                                                      0.039     0.052 r  bd_0_i/hls_inst/inst/input_features_casted_load_24_reg_1766_reg[19]/Q
                         net (fo=1, routed)           0.033     0.085    bd_0_i/hls_inst/inst/grp_MLP_Pipeline_VITIS_LOOP_77_3_fu_1157/fmul_32ns_32ns_32_3_max_dsp_1_U101/din0_buf1_reg[31]_0[19]
    SLICE_X18Y45         FDRE                                         r  bd_0_i/hls_inst/inst/grp_MLP_Pipeline_VITIS_LOOP_77_3_fu_1157/fmul_32ns_32ns_32_3_max_dsp_1_U101/din0_buf1_reg[19]/D
  -------------------------------------------------------------------    -------------------

                         (clock ap_clk rise edge)     0.000     0.000 r  
                                                      0.000     0.000 r  ap_clk (IN)
                         net (fo=29822, unset)        0.019     0.019    bd_0_i/hls_inst/inst/grp_MLP_Pipeline_VITIS_LOOP_77_3_fu_1157/fmul_32ns_32ns_32_3_max_dsp_1_U101/ap_clk
    SLICE_X18Y45         FDRE                                         r  bd_0_i/hls_inst/inst/grp_MLP_Pipeline_VITIS_LOOP_77_3_fu_1157/fmul_32ns_32ns_32_3_max_dsp_1_U101/din0_buf1_reg[19]/C
                         clock pessimism              0.000     0.019    
    SLICE_X18Y45         FDRE (Hold_HFF2_SLICEL_C_D)
                                                      0.047     0.066    bd_0_i/hls_inst/inst/grp_MLP_Pipeline_VITIS_LOOP_77_3_fu_1157/fmul_32ns_32ns_32_3_max_dsp_1_U101/din0_buf1_reg[19]
  -------------------------------------------------------------------
                         required time                         -0.066    
                         arrival time                           0.085    
  -------------------------------------------------------------------
                         slack                                  0.019    

Slack (MET) :             0.019ns  (arrival time - required time)
  Source:                 bd_0_i/hls_inst/inst/input_features_casted_load_24_reg_1766_reg[20]/C
                            (rising edge-triggered cell FDRE clocked by ap_clk  {rise@0.000ns fall@5.000ns period=10.000ns})
  Destination:            bd_0_i/hls_inst/inst/grp_MLP_Pipeline_VITIS_LOOP_77_3_fu_1157/fmul_32ns_32ns_32_3_max_dsp_1_U101/din0_buf1_reg[20]/D
                            (rising edge-triggered cell FDRE clocked by ap_clk  {rise@0.000ns fall@5.000ns period=10.000ns})
  Path Group:             ap_clk
  Path Type:              Hold (Min at Fast Process Corner)
  Requirement:            0.000ns  (ap_clk rise@0.000ns - ap_clk rise@0.000ns)
  Data Path Delay:        0.072ns  (logic 0.039ns (54.167%)  route 0.033ns (45.833%))
  Logic Levels:           0  
  Clock Path Skew:        0.006ns (DCD - SCD - CPR)
    Destination Clock Delay (DCD):    0.019ns
    Source Clock Delay      (SCD):    0.013ns
    Clock Pessimism Removal (CPR):    -0.000ns

    Location             Delay type                Incr(ns)  Path(ns)    Netlist Resource(s)
  -------------------------------------------------------------------    -------------------
                         (clock ap_clk rise edge)     0.000     0.000 r  
                                                      0.000     0.000 r  ap_clk (IN)
                         net (fo=29822, unset)        0.013     0.013    bd_0_i/hls_inst/inst/ap_clk
    SLICE_X17Y47         FDRE                                         r  bd_0_i/hls_inst/inst/input_features_casted_load_24_reg_1766_reg[20]/C
  -------------------------------------------------------------------    -------------------
    SLICE_X17Y47         FDRE (Prop_HFF_SLICEL_C_Q)
                                                      0.039     0.052 r  bd_0_i/hls_inst/inst/input_features_casted_load_24_reg_1766_reg[20]/Q
                         net (fo=1, routed)           0.033     0.085    bd_0_i/hls_inst/inst/grp_MLP_Pipeline_VITIS_LOOP_77_3_fu_1157/fmul_32ns_32ns_32_3_max_dsp_1_U101/din0_buf1_reg[31]_0[20]
    SLICE_X17Y47         FDRE                                         r  bd_0_i/hls_inst/inst/grp_MLP_Pipeline_VITIS_LOOP_77_3_fu_1157/fmul_32ns_32ns_32_3_max_dsp_1_U101/din0_buf1_reg[20]/D
  -------------------------------------------------------------------    -------------------

                         (clock ap_clk rise edge)     0.000     0.000 r  
                                                      0.000     0.000 r  ap_clk (IN)
                         net (fo=29822, unset)        0.019     0.019    bd_0_i/hls_inst/inst/grp_MLP_Pipeline_VITIS_LOOP_77_3_fu_1157/fmul_32ns_32ns_32_3_max_dsp_1_U101/ap_clk
    SLICE_X17Y47         FDRE                                         r  bd_0_i/hls_inst/inst/grp_MLP_Pipeline_VITIS_LOOP_77_3_fu_1157/fmul_32ns_32ns_32_3_max_dsp_1_U101/din0_buf1_reg[20]/C
                         clock pessimism              0.000     0.019    
    SLICE_X17Y47         FDRE (Hold_HFF2_SLICEL_C_D)
                                                      0.047     0.066    bd_0_i/hls_inst/inst/grp_MLP_Pipeline_VITIS_LOOP_77_3_fu_1157/fmul_32ns_32ns_32_3_max_dsp_1_U101/din0_buf1_reg[20]
  -------------------------------------------------------------------
                         required time                         -0.066    
                         arrival time                           0.085    
  -------------------------------------------------------------------
                         slack                                  0.019    

Slack (MET) :             0.019ns  (arrival time - required time)
  Source:                 bd_0_i/hls_inst/inst/input_features_casted_load_26_reg_1786_reg[12]/C
                            (rising edge-triggered cell FDRE clocked by ap_clk  {rise@0.000ns fall@5.000ns period=10.000ns})
  Destination:            bd_0_i/hls_inst/inst/grp_MLP_Pipeline_VITIS_LOOP_77_3_fu_1157/fmul_32ns_32ns_32_3_max_dsp_1_U103/din0_buf1_reg[12]/D
                            (rising edge-triggered cell FDRE clocked by ap_clk  {rise@0.000ns fall@5.000ns period=10.000ns})
  Path Group:             ap_clk
  Path Type:              Hold (Min at Fast Process Corner)
  Requirement:            0.000ns  (ap_clk rise@0.000ns - ap_clk rise@0.000ns)
  Data Path Delay:        0.072ns  (logic 0.039ns (54.167%)  route 0.033ns (45.833%))
  Logic Levels:           0  
  Clock Path Skew:        0.006ns (DCD - SCD - CPR)
    Destination Clock Delay (DCD):    0.019ns
    Source Clock Delay      (SCD):    0.013ns
    Clock Pessimism Removal (CPR):    -0.000ns

    Location             Delay type                Incr(ns)  Path(ns)    Netlist Resource(s)
  -------------------------------------------------------------------    -------------------
                         (clock ap_clk rise edge)     0.000     0.000 r  
                                                      0.000     0.000 r  ap_clk (IN)
                         net (fo=29822, unset)        0.013     0.013    bd_0_i/hls_inst/inst/ap_clk
    SLICE_X18Y94         FDRE                                         r  bd_0_i/hls_inst/inst/input_features_casted_load_26_reg_1786_reg[12]/C
  -------------------------------------------------------------------    -------------------
    SLICE_X18Y94         FDRE (Prop_HFF_SLICEL_C_Q)
                                                      0.039     0.052 r  bd_0_i/hls_inst/inst/input_features_casted_load_26_reg_1786_reg[12]/Q
                         net (fo=1, routed)           0.033     0.085    bd_0_i/hls_inst/inst/grp_MLP_Pipeline_VITIS_LOOP_77_3_fu_1157/fmul_32ns_32ns_32_3_max_dsp_1_U103/din0_buf1_reg[31]_0[12]
    SLICE_X18Y94         FDRE                                         r  bd_0_i/hls_inst/inst/grp_MLP_Pipeline_VITIS_LOOP_77_3_fu_1157/fmul_32ns_32ns_32_3_max_dsp_1_U103/din0_buf1_reg[12]/D
  -------------------------------------------------------------------    -------------------

                         (clock ap_clk rise edge)     0.000     0.000 r  
                                                      0.000     0.000 r  ap_clk (IN)
                         net (fo=29822, unset)        0.019     0.019    bd_0_i/hls_inst/inst/grp_MLP_Pipeline_VITIS_LOOP_77_3_fu_1157/fmul_32ns_32ns_32_3_max_dsp_1_U103/ap_clk
    SLICE_X18Y94         FDRE                                         r  bd_0_i/hls_inst/inst/grp_MLP_Pipeline_VITIS_LOOP_77_3_fu_1157/fmul_32ns_32ns_32_3_max_dsp_1_U103/din0_buf1_reg[12]/C
                         clock pessimism              0.000     0.019    
    SLICE_X18Y94         FDRE (Hold_HFF2_SLICEL_C_D)
                                                      0.047     0.066    bd_0_i/hls_inst/inst/grp_MLP_Pipeline_VITIS_LOOP_77_3_fu_1157/fmul_32ns_32ns_32_3_max_dsp_1_U103/din0_buf1_reg[12]
  -------------------------------------------------------------------
                         required time                         -0.066    
                         arrival time                           0.085    
  -------------------------------------------------------------------
                         slack                                  0.019    

Slack (MET) :             0.019ns  (arrival time - required time)
  Source:                 bd_0_i/hls_inst/inst/input_features_casted_load_26_reg_1786_reg[1]/C
                            (rising edge-triggered cell FDRE clocked by ap_clk  {rise@0.000ns fall@5.000ns period=10.000ns})
  Destination:            bd_0_i/hls_inst/inst/grp_MLP_Pipeline_VITIS_LOOP_77_3_fu_1157/fmul_32ns_32ns_32_3_max_dsp_1_U103/din0_buf1_reg[1]/D
                            (rising edge-triggered cell FDRE clocked by ap_clk  {rise@0.000ns fall@5.000ns period=10.000ns})
  Path Group:             ap_clk
  Path Type:              Hold (Min at Fast Process Corner)
  Requirement:            0.000ns  (ap_clk rise@0.000ns - ap_clk rise@0.000ns)
  Data Path Delay:        0.072ns  (logic 0.039ns (54.167%)  route 0.033ns (45.833%))
  Logic Levels:           0  
  Clock Path Skew:        0.006ns (DCD - SCD - CPR)
    Destination Clock Delay (DCD):    0.019ns
    Source Clock Delay      (SCD):    0.013ns
    Clock Pessimism Removal (CPR):    -0.000ns

    Location             Delay type                Incr(ns)  Path(ns)    Netlist Resource(s)
  -------------------------------------------------------------------    -------------------
                         (clock ap_clk rise edge)     0.000     0.000 r  
                                                      0.000     0.000 r  ap_clk (IN)
                         net (fo=29822, unset)        0.013     0.013    bd_0_i/hls_inst/inst/ap_clk
    SLICE_X18Y95         FDRE                                         r  bd_0_i/hls_inst/inst/input_features_casted_load_26_reg_1786_reg[1]/C
  -------------------------------------------------------------------    -------------------
    SLICE_X18Y95         FDRE (Prop_HFF_SLICEL_C_Q)
                                                      0.039     0.052 r  bd_0_i/hls_inst/inst/input_features_casted_load_26_reg_1786_reg[1]/Q
                         net (fo=1, routed)           0.033     0.085    bd_0_i/hls_inst/inst/grp_MLP_Pipeline_VITIS_LOOP_77_3_fu_1157/fmul_32ns_32ns_32_3_max_dsp_1_U103/din0_buf1_reg[31]_0[1]
    SLICE_X18Y95         FDRE                                         r  bd_0_i/hls_inst/inst/grp_MLP_Pipeline_VITIS_LOOP_77_3_fu_1157/fmul_32ns_32ns_32_3_max_dsp_1_U103/din0_buf1_reg[1]/D
  -------------------------------------------------------------------    -------------------

                         (clock ap_clk rise edge)     0.000     0.000 r  
                                                      0.000     0.000 r  ap_clk (IN)
                         net (fo=29822, unset)        0.019     0.019    bd_0_i/hls_inst/inst/grp_MLP_Pipeline_VITIS_LOOP_77_3_fu_1157/fmul_32ns_32ns_32_3_max_dsp_1_U103/ap_clk
    SLICE_X18Y95         FDRE                                         r  bd_0_i/hls_inst/inst/grp_MLP_Pipeline_VITIS_LOOP_77_3_fu_1157/fmul_32ns_32ns_32_3_max_dsp_1_U103/din0_buf1_reg[1]/C
                         clock pessimism              0.000     0.019    
    SLICE_X18Y95         FDRE (Hold_HFF2_SLICEL_C_D)
                                                      0.047     0.066    bd_0_i/hls_inst/inst/grp_MLP_Pipeline_VITIS_LOOP_77_3_fu_1157/fmul_32ns_32ns_32_3_max_dsp_1_U103/din0_buf1_reg[1]
  -------------------------------------------------------------------
                         required time                         -0.066    
                         arrival time                           0.085    
  -------------------------------------------------------------------
                         slack                                  0.019    





Pulse Width Checks
--------------------------------------------------------------------------------------
Clock Name:         ap_clk
Waveform(ns):       { 0.000 5.000 }
Period(ns):         10.000
Sources:            { ap_clk }

Check Type        Corner  Lib Pin     Reference Pin  Required(ns)  Actual(ns)  Slack(ns)  Location      Pin
Min Period        n/a     SRL16E/CLK  n/a            1.064         10.000      8.936      SLICE_X20Y22  bd_0_i/hls_inst/inst/grp_MLP_Pipeline_VITIS_LOOP_111_7_fu_1391/ap_enable_reg_pp0_iter10_reg_srl2___grp_MLP_Pipeline_VITIS_LOOP_69_2_fu_1151_ap_enable_reg_pp0_iter3_reg_r/CLK
Min Period        n/a     SRL16E/CLK  n/a            1.064         10.000      8.936      SLICE_X14Y21  bd_0_i/hls_inst/inst/grp_MLP_Pipeline_VITIS_LOOP_111_7_fu_1391/ap_enable_reg_pp0_iter14_reg_srl2___grp_MLP_Pipeline_VITIS_LOOP_69_2_fu_1151_ap_enable_reg_pp0_iter3_reg_r/CLK
Min Period        n/a     SRL16E/CLK  n/a            1.064         10.000      8.936      SLICE_X5Y22   bd_0_i/hls_inst/inst/grp_MLP_Pipeline_VITIS_LOOP_111_7_fu_1391/ap_enable_reg_pp0_iter18_reg_srl2___grp_MLP_Pipeline_VITIS_LOOP_69_2_fu_1151_ap_enable_reg_pp0_iter3_reg_r/CLK
Min Period        n/a     SRL16E/CLK  n/a            1.064         10.000      8.936      SLICE_X5Y22   bd_0_i/hls_inst/inst/grp_MLP_Pipeline_VITIS_LOOP_111_7_fu_1391/ap_enable_reg_pp0_iter22_reg_srl2___grp_MLP_Pipeline_VITIS_LOOP_69_2_fu_1151_ap_enable_reg_pp0_iter3_reg_r/CLK
Min Period        n/a     SRL16E/CLK  n/a            1.064         10.000      8.936      SLICE_X9Y25   bd_0_i/hls_inst/inst/grp_MLP_Pipeline_VITIS_LOOP_111_7_fu_1391/ap_enable_reg_pp0_iter26_reg_srl2___grp_MLP_Pipeline_VITIS_LOOP_69_2_fu_1151_ap_enable_reg_pp0_iter3_reg_r/CLK
Min Period        n/a     SRL16E/CLK  n/a            1.064         10.000      8.936      SLICE_X20Y10  bd_0_i/hls_inst/inst/grp_MLP_Pipeline_VITIS_LOOP_111_7_fu_1391/ap_enable_reg_pp0_iter30_reg_srl2___grp_MLP_Pipeline_VITIS_LOOP_69_2_fu_1151_ap_enable_reg_pp0_iter3_reg_r/CLK
Min Period        n/a     SRL16E/CLK  n/a            1.064         10.000      8.936      SLICE_X39Y12  bd_0_i/hls_inst/inst/grp_MLP_Pipeline_VITIS_LOOP_111_7_fu_1391/ap_enable_reg_pp0_iter34_reg_srl2___grp_MLP_Pipeline_VITIS_LOOP_69_2_fu_1151_ap_enable_reg_pp0_iter3_reg_r/CLK
Min Period        n/a     SRL16E/CLK  n/a            1.064         10.000      8.936      SLICE_X34Y12  bd_0_i/hls_inst/inst/grp_MLP_Pipeline_VITIS_LOOP_111_7_fu_1391/ap_enable_reg_pp0_iter38_reg_srl2___grp_MLP_Pipeline_VITIS_LOOP_69_2_fu_1151_ap_enable_reg_pp0_iter3_reg_r/CLK
Min Period        n/a     SRL16E/CLK  n/a            1.064         10.000      8.936      SLICE_X34Y18  bd_0_i/hls_inst/inst/grp_MLP_Pipeline_VITIS_LOOP_111_7_fu_1391/ap_enable_reg_pp0_iter42_reg_srl2___grp_MLP_Pipeline_VITIS_LOOP_69_2_fu_1151_ap_enable_reg_pp0_iter3_reg_r/CLK
Min Period        n/a     SRL16E/CLK  n/a            1.064         10.000      8.936      SLICE_X34Y29  bd_0_i/hls_inst/inst/grp_MLP_Pipeline_VITIS_LOOP_111_7_fu_1391/ap_enable_reg_pp0_iter50_reg_srl6___grp_MLP_Pipeline_VITIS_LOOP_69_2_fu_1151_ap_enable_reg_pp0_iter7_reg_r/CLK
Low Pulse Width   Slow    SRL16E/CLK  n/a            0.532         5.000       4.468      SLICE_X20Y22  bd_0_i/hls_inst/inst/grp_MLP_Pipeline_VITIS_LOOP_111_7_fu_1391/ap_enable_reg_pp0_iter10_reg_srl2___grp_MLP_Pipeline_VITIS_LOOP_69_2_fu_1151_ap_enable_reg_pp0_iter3_reg_r/CLK
Low Pulse Width   Fast    SRL16E/CLK  n/a            0.532         5.000       4.468      SLICE_X20Y22  bd_0_i/hls_inst/inst/grp_MLP_Pipeline_VITIS_LOOP_111_7_fu_1391/ap_enable_reg_pp0_iter10_reg_srl2___grp_MLP_Pipeline_VITIS_LOOP_69_2_fu_1151_ap_enable_reg_pp0_iter3_reg_r/CLK
Low Pulse Width   Slow    SRL16E/CLK  n/a            0.532         5.000       4.468      SLICE_X14Y21  bd_0_i/hls_inst/inst/grp_MLP_Pipeline_VITIS_LOOP_111_7_fu_1391/ap_enable_reg_pp0_iter14_reg_srl2___grp_MLP_Pipeline_VITIS_LOOP_69_2_fu_1151_ap_enable_reg_pp0_iter3_reg_r/CLK
Low Pulse Width   Fast    SRL16E/CLK  n/a            0.532         5.000       4.468      SLICE_X14Y21  bd_0_i/hls_inst/inst/grp_MLP_Pipeline_VITIS_LOOP_111_7_fu_1391/ap_enable_reg_pp0_iter14_reg_srl2___grp_MLP_Pipeline_VITIS_LOOP_69_2_fu_1151_ap_enable_reg_pp0_iter3_reg_r/CLK
Low Pulse Width   Slow    SRL16E/CLK  n/a            0.532         5.000       4.468      SLICE_X5Y22   bd_0_i/hls_inst/inst/grp_MLP_Pipeline_VITIS_LOOP_111_7_fu_1391/ap_enable_reg_pp0_iter18_reg_srl2___grp_MLP_Pipeline_VITIS_LOOP_69_2_fu_1151_ap_enable_reg_pp0_iter3_reg_r/CLK
Low Pulse Width   Fast    SRL16E/CLK  n/a            0.532         5.000       4.468      SLICE_X5Y22   bd_0_i/hls_inst/inst/grp_MLP_Pipeline_VITIS_LOOP_111_7_fu_1391/ap_enable_reg_pp0_iter18_reg_srl2___grp_MLP_Pipeline_VITIS_LOOP_69_2_fu_1151_ap_enable_reg_pp0_iter3_reg_r/CLK
Low Pulse Width   Slow    SRL16E/CLK  n/a            0.532         5.000       4.468      SLICE_X5Y22   bd_0_i/hls_inst/inst/grp_MLP_Pipeline_VITIS_LOOP_111_7_fu_1391/ap_enable_reg_pp0_iter22_reg_srl2___grp_MLP_Pipeline_VITIS_LOOP_69_2_fu_1151_ap_enable_reg_pp0_iter3_reg_r/CLK
Low Pulse Width   Fast    SRL16E/CLK  n/a            0.532         5.000       4.468      SLICE_X5Y22   bd_0_i/hls_inst/inst/grp_MLP_Pipeline_VITIS_LOOP_111_7_fu_1391/ap_enable_reg_pp0_iter22_reg_srl2___grp_MLP_Pipeline_VITIS_LOOP_69_2_fu_1151_ap_enable_reg_pp0_iter3_reg_r/CLK
Low Pulse Width   Slow    SRL16E/CLK  n/a            0.532         5.000       4.468      SLICE_X9Y25   bd_0_i/hls_inst/inst/grp_MLP_Pipeline_VITIS_LOOP_111_7_fu_1391/ap_enable_reg_pp0_iter26_reg_srl2___grp_MLP_Pipeline_VITIS_LOOP_69_2_fu_1151_ap_enable_reg_pp0_iter3_reg_r/CLK
Low Pulse Width   Fast    SRL16E/CLK  n/a            0.532         5.000       4.468      SLICE_X9Y25   bd_0_i/hls_inst/inst/grp_MLP_Pipeline_VITIS_LOOP_111_7_fu_1391/ap_enable_reg_pp0_iter26_reg_srl2___grp_MLP_Pipeline_VITIS_LOOP_69_2_fu_1151_ap_enable_reg_pp0_iter3_reg_r/CLK
High Pulse Width  Slow    SRL16E/CLK  n/a            0.532         5.000       4.468      SLICE_X20Y22  bd_0_i/hls_inst/inst/grp_MLP_Pipeline_VITIS_LOOP_111_7_fu_1391/ap_enable_reg_pp0_iter10_reg_srl2___grp_MLP_Pipeline_VITIS_LOOP_69_2_fu_1151_ap_enable_reg_pp0_iter3_reg_r/CLK
High Pulse Width  Fast    SRL16E/CLK  n/a            0.532         5.000       4.468      SLICE_X20Y22  bd_0_i/hls_inst/inst/grp_MLP_Pipeline_VITIS_LOOP_111_7_fu_1391/ap_enable_reg_pp0_iter10_reg_srl2___grp_MLP_Pipeline_VITIS_LOOP_69_2_fu_1151_ap_enable_reg_pp0_iter3_reg_r/CLK
High Pulse Width  Slow    SRL16E/CLK  n/a            0.532         5.000       4.468      SLICE_X14Y21  bd_0_i/hls_inst/inst/grp_MLP_Pipeline_VITIS_LOOP_111_7_fu_1391/ap_enable_reg_pp0_iter14_reg_srl2___grp_MLP_Pipeline_VITIS_LOOP_69_2_fu_1151_ap_enable_reg_pp0_iter3_reg_r/CLK
High Pulse Width  Fast    SRL16E/CLK  n/a            0.532         5.000       4.468      SLICE_X14Y21  bd_0_i/hls_inst/inst/grp_MLP_Pipeline_VITIS_LOOP_111_7_fu_1391/ap_enable_reg_pp0_iter14_reg_srl2___grp_MLP_Pipeline_VITIS_LOOP_69_2_fu_1151_ap_enable_reg_pp0_iter3_reg_r/CLK
High Pulse Width  Slow    SRL16E/CLK  n/a            0.532         5.000       4.468      SLICE_X5Y22   bd_0_i/hls_inst/inst/grp_MLP_Pipeline_VITIS_LOOP_111_7_fu_1391/ap_enable_reg_pp0_iter18_reg_srl2___grp_MLP_Pipeline_VITIS_LOOP_69_2_fu_1151_ap_enable_reg_pp0_iter3_reg_r/CLK
High Pulse Width  Fast    SRL16E/CLK  n/a            0.532         5.000       4.468      SLICE_X5Y22   bd_0_i/hls_inst/inst/grp_MLP_Pipeline_VITIS_LOOP_111_7_fu_1391/ap_enable_reg_pp0_iter18_reg_srl2___grp_MLP_Pipeline_VITIS_LOOP_69_2_fu_1151_ap_enable_reg_pp0_iter3_reg_r/CLK
High Pulse Width  Slow    SRL16E/CLK  n/a            0.532         5.000       4.468      SLICE_X5Y22   bd_0_i/hls_inst/inst/grp_MLP_Pipeline_VITIS_LOOP_111_7_fu_1391/ap_enable_reg_pp0_iter22_reg_srl2___grp_MLP_Pipeline_VITIS_LOOP_69_2_fu_1151_ap_enable_reg_pp0_iter3_reg_r/CLK
High Pulse Width  Fast    SRL16E/CLK  n/a            0.532         5.000       4.468      SLICE_X5Y22   bd_0_i/hls_inst/inst/grp_MLP_Pipeline_VITIS_LOOP_111_7_fu_1391/ap_enable_reg_pp0_iter22_reg_srl2___grp_MLP_Pipeline_VITIS_LOOP_69_2_fu_1151_ap_enable_reg_pp0_iter3_reg_r/CLK
High Pulse Width  Slow    SRL16E/CLK  n/a            0.532         5.000       4.468      SLICE_X9Y25   bd_0_i/hls_inst/inst/grp_MLP_Pipeline_VITIS_LOOP_111_7_fu_1391/ap_enable_reg_pp0_iter26_reg_srl2___grp_MLP_Pipeline_VITIS_LOOP_69_2_fu_1151_ap_enable_reg_pp0_iter3_reg_r/CLK
High Pulse Width  Fast    SRL16E/CLK  n/a            0.532         5.000       4.468      SLICE_X9Y25   bd_0_i/hls_inst/inst/grp_MLP_Pipeline_VITIS_LOOP_111_7_fu_1391/ap_enable_reg_pp0_iter26_reg_srl2___grp_MLP_Pipeline_VITIS_LOOP_69_2_fu_1151_ap_enable_reg_pp0_iter3_reg_r/CLK



--------------------------------------------------------------------------------------
Path Group:  (none)
From Clock:  ap_clk
  To Clock:  

Max Delay            56 Endpoints
Min Delay            56 Endpoints
--------------------------------------------------------------------------------------


Max Delay Paths
--------------------------------------------------------------------------------------
Slack:                    inf
  Source:                 bd_0_i/hls_inst/inst/regslice_both_out_data_V_data_V_U/B_V_data_1_sel_rd_reg/C
                            (rising edge-triggered cell FDRE clocked by ap_clk  {rise@0.000ns fall@5.000ns period=10.000ns})
  Destination:            out_data_tdata[27]
                            (output port)
  Path Group:             (none)
  Path Type:              Max at Slow Process Corner
  Data Path Delay:        1.063ns  (logic 0.184ns (17.305%)  route 0.879ns (82.695%))
  Logic Levels:           1  (LUT3=1)
  Clock Uncertainty:      0.025ns  ((TSJ^2 + TIJ^2)^1/2 + DJ) / 2 + PE
    Total System Jitter     (TSJ):    0.050ns
    Total Input Jitter      (TIJ):    0.000ns
    Discrete Jitter          (DJ):    0.000ns
    Phase Error              (PE):    0.000ns

    Location             Delay type                Incr(ns)  Path(ns)    Netlist Resource(s)
  -------------------------------------------------------------------    -------------------
                         (clock ap_clk rise edge)     0.000     0.000 r  
                                                      0.000     0.000 r  ap_clk (IN)
                         net (fo=29822, unset)        0.029     0.029    bd_0_i/hls_inst/inst/regslice_both_out_data_V_data_V_U/ap_clk
    SLICE_X32Y32         FDRE                                         r  bd_0_i/hls_inst/inst/regslice_both_out_data_V_data_V_U/B_V_data_1_sel_rd_reg/C
  -------------------------------------------------------------------    -------------------
    SLICE_X32Y32         FDRE (Prop_HFF2_SLICEL_C_Q)
                                                      0.080     0.109 r  bd_0_i/hls_inst/inst/regslice_both_out_data_V_data_V_U/B_V_data_1_sel_rd_reg/Q
                         net (fo=33, routed)          0.855     0.964    bd_0_i/hls_inst/inst/regslice_both_out_data_V_data_V_U/B_V_data_1_sel
    SLICE_X26Y39         LUT3 (Prop_B5LUT_SLICEL_I2_O)
                                                      0.104     1.068 r  bd_0_i/hls_inst/inst/regslice_both_out_data_V_data_V_U/out_data_TDATA[27]_INST_0/O
                         net (fo=0)                   0.024     1.092    out_data_tdata[27]
                                                                      r  out_data_tdata[27] (OUT)
  -------------------------------------------------------------------    -------------------

Slack:                    inf
  Source:                 bd_0_i/hls_inst/inst/regslice_both_out_data_V_data_V_U/B_V_data_1_sel_rd_reg/C
                            (rising edge-triggered cell FDRE clocked by ap_clk  {rise@0.000ns fall@5.000ns period=10.000ns})
  Destination:            out_data_tdata[26]
                            (output port)
  Path Group:             (none)
  Path Type:              Max at Slow Process Corner
  Data Path Delay:        1.025ns  (logic 0.170ns (16.581%)  route 0.855ns (83.419%))
  Logic Levels:           1  (LUT3=1)
  Clock Uncertainty:      0.025ns  ((TSJ^2 + TIJ^2)^1/2 + DJ) / 2 + PE
    Total System Jitter     (TSJ):    0.050ns
    Total Input Jitter      (TIJ):    0.000ns
    Discrete Jitter          (DJ):    0.000ns
    Phase Error              (PE):    0.000ns

    Location             Delay type                Incr(ns)  Path(ns)    Netlist Resource(s)
  -------------------------------------------------------------------    -------------------
                         (clock ap_clk rise edge)     0.000     0.000 r  
                                                      0.000     0.000 r  ap_clk (IN)
                         net (fo=29822, unset)        0.029     0.029    bd_0_i/hls_inst/inst/regslice_both_out_data_V_data_V_U/ap_clk
    SLICE_X32Y32         FDRE                                         r  bd_0_i/hls_inst/inst/regslice_both_out_data_V_data_V_U/B_V_data_1_sel_rd_reg/C
  -------------------------------------------------------------------    -------------------
    SLICE_X32Y32         FDRE (Prop_HFF2_SLICEL_C_Q)
                                                      0.080     0.109 r  bd_0_i/hls_inst/inst/regslice_both_out_data_V_data_V_U/B_V_data_1_sel_rd_reg/Q
                         net (fo=33, routed)          0.855     0.964    bd_0_i/hls_inst/inst/regslice_both_out_data_V_data_V_U/B_V_data_1_sel
    SLICE_X26Y39         LUT3 (Prop_B6LUT_SLICEL_I2_O)
                                                      0.090     1.054 r  bd_0_i/hls_inst/inst/regslice_both_out_data_V_data_V_U/out_data_TDATA[26]_INST_0/O
                         net (fo=0)                   0.000     1.054    out_data_tdata[26]
                                                                      r  out_data_tdata[26] (OUT)
  -------------------------------------------------------------------    -------------------

Slack:                    inf
  Source:                 bd_0_i/hls_inst/inst/regslice_both_out_data_V_data_V_U/B_V_data_1_sel_rd_reg/C
                            (rising edge-triggered cell FDRE clocked by ap_clk  {rise@0.000ns fall@5.000ns period=10.000ns})
  Destination:            out_data_tdata[15]
                            (output port)
  Path Group:             (none)
  Path Type:              Max at Slow Process Corner
  Data Path Delay:        1.024ns  (logic 0.148ns (14.450%)  route 0.876ns (85.550%))
  Logic Levels:           1  (LUT3=1)
  Clock Uncertainty:      0.025ns  ((TSJ^2 + TIJ^2)^1/2 + DJ) / 2 + PE
    Total System Jitter     (TSJ):    0.050ns
    Total Input Jitter      (TIJ):    0.000ns
    Discrete Jitter          (DJ):    0.000ns
    Phase Error              (PE):    0.000ns

    Location             Delay type                Incr(ns)  Path(ns)    Netlist Resource(s)
  -------------------------------------------------------------------    -------------------
                         (clock ap_clk rise edge)     0.000     0.000 r  
                                                      0.000     0.000 r  ap_clk (IN)
                         net (fo=29822, unset)        0.029     0.029    bd_0_i/hls_inst/inst/regslice_both_out_data_V_data_V_U/ap_clk
    SLICE_X32Y32         FDRE                                         r  bd_0_i/hls_inst/inst/regslice_both_out_data_V_data_V_U/B_V_data_1_sel_rd_reg/C
  -------------------------------------------------------------------    -------------------
    SLICE_X32Y32         FDRE (Prop_HFF2_SLICEL_C_Q)
                                                      0.080     0.109 r  bd_0_i/hls_inst/inst/regslice_both_out_data_V_data_V_U/B_V_data_1_sel_rd_reg/Q
                         net (fo=33, routed)          0.853     0.962    bd_0_i/hls_inst/inst/regslice_both_out_data_V_data_V_U/B_V_data_1_sel
    SLICE_X26Y39         LUT3 (Prop_C5LUT_SLICEL_I2_O)
                                                      0.068     1.030 r  bd_0_i/hls_inst/inst/regslice_both_out_data_V_data_V_U/out_data_TDATA[15]_INST_0/O
                         net (fo=0)                   0.023     1.053    out_data_tdata[15]
                                                                      r  out_data_tdata[15] (OUT)
  -------------------------------------------------------------------    -------------------

Slack:                    inf
  Source:                 bd_0_i/hls_inst/inst/regslice_both_out_data_V_data_V_U/B_V_data_1_sel_rd_reg/C
                            (rising edge-triggered cell FDRE clocked by ap_clk  {rise@0.000ns fall@5.000ns period=10.000ns})
  Destination:            out_data_tdata[9]
                            (output port)
  Path Group:             (none)
  Path Type:              Max at Slow Process Corner
  Data Path Delay:        0.998ns  (logic 0.213ns (21.353%)  route 0.785ns (78.647%))
  Logic Levels:           1  (LUT3=1)
  Clock Uncertainty:      0.025ns  ((TSJ^2 + TIJ^2)^1/2 + DJ) / 2 + PE
    Total System Jitter     (TSJ):    0.050ns
    Total Input Jitter      (TIJ):    0.000ns
    Discrete Jitter          (DJ):    0.000ns
    Phase Error              (PE):    0.000ns

    Location             Delay type                Incr(ns)  Path(ns)    Netlist Resource(s)
  -------------------------------------------------------------------    -------------------
                         (clock ap_clk rise edge)     0.000     0.000 r  
                                                      0.000     0.000 r  ap_clk (IN)
                         net (fo=29822, unset)        0.029     0.029    bd_0_i/hls_inst/inst/regslice_both_out_data_V_data_V_U/ap_clk
    SLICE_X32Y32         FDRE                                         r  bd_0_i/hls_inst/inst/regslice_both_out_data_V_data_V_U/B_V_data_1_sel_rd_reg/C
  -------------------------------------------------------------------    -------------------
    SLICE_X32Y32         FDRE (Prop_HFF2_SLICEL_C_Q)
                                                      0.080     0.109 r  bd_0_i/hls_inst/inst/regslice_both_out_data_V_data_V_U/B_V_data_1_sel_rd_reg/Q
                         net (fo=33, routed)          0.763     0.872    bd_0_i/hls_inst/inst/regslice_both_out_data_V_data_V_U/B_V_data_1_sel
    SLICE_X26Y39         LUT3 (Prop_H5LUT_SLICEL_I2_O)
                                                      0.133     1.005 r  bd_0_i/hls_inst/inst/regslice_both_out_data_V_data_V_U/out_data_TDATA[9]_INST_0/O
                         net (fo=0)                   0.022     1.027    out_data_tdata[9]
                                                                      r  out_data_tdata[9] (OUT)
  -------------------------------------------------------------------    -------------------

Slack:                    inf
  Source:                 bd_0_i/hls_inst/inst/regslice_both_out_data_V_data_V_U/B_V_data_1_sel_rd_reg/C
                            (rising edge-triggered cell FDRE clocked by ap_clk  {rise@0.000ns fall@5.000ns period=10.000ns})
  Destination:            out_data_tdata[14]
                            (output port)
  Path Group:             (none)
  Path Type:              Max at Slow Process Corner
  Data Path Delay:        0.983ns  (logic 0.130ns (13.221%)  route 0.853ns (86.779%))
  Logic Levels:           1  (LUT3=1)
  Clock Uncertainty:      0.025ns  ((TSJ^2 + TIJ^2)^1/2 + DJ) / 2 + PE
    Total System Jitter     (TSJ):    0.050ns
    Total Input Jitter      (TIJ):    0.000ns
    Discrete Jitter          (DJ):    0.000ns
    Phase Error              (PE):    0.000ns

    Location             Delay type                Incr(ns)  Path(ns)    Netlist Resource(s)
  -------------------------------------------------------------------    -------------------
                         (clock ap_clk rise edge)     0.000     0.000 r  
                                                      0.000     0.000 r  ap_clk (IN)
                         net (fo=29822, unset)        0.029     0.029    bd_0_i/hls_inst/inst/regslice_both_out_data_V_data_V_U/ap_clk
    SLICE_X32Y32         FDRE                                         r  bd_0_i/hls_inst/inst/regslice_both_out_data_V_data_V_U/B_V_data_1_sel_rd_reg/C
  -------------------------------------------------------------------    -------------------
    SLICE_X32Y32         FDRE (Prop_HFF2_SLICEL_C_Q)
                                                      0.080     0.109 r  bd_0_i/hls_inst/inst/regslice_both_out_data_V_data_V_U/B_V_data_1_sel_rd_reg/Q
                         net (fo=33, routed)          0.853     0.962    bd_0_i/hls_inst/inst/regslice_both_out_data_V_data_V_U/B_V_data_1_sel
    SLICE_X26Y39         LUT3 (Prop_C6LUT_SLICEL_I2_O)
                                                      0.050     1.012 r  bd_0_i/hls_inst/inst/regslice_both_out_data_V_data_V_U/out_data_TDATA[14]_INST_0/O
                         net (fo=0)                   0.000     1.012    out_data_tdata[14]
                                                                      r  out_data_tdata[14] (OUT)
  -------------------------------------------------------------------    -------------------

Slack:                    inf
  Source:                 bd_0_i/hls_inst/inst/regslice_both_out_data_V_data_V_U/B_V_data_1_sel_rd_reg/C
                            (rising edge-triggered cell FDRE clocked by ap_clk  {rise@0.000ns fall@5.000ns period=10.000ns})
  Destination:            out_data_tdata[5]
                            (output port)
  Path Group:             (none)
  Path Type:              Max at Slow Process Corner
  Data Path Delay:        0.977ns  (logic 0.145ns (14.844%)  route 0.832ns (85.156%))
  Logic Levels:           1  (LUT3=1)
  Clock Uncertainty:      0.025ns  ((TSJ^2 + TIJ^2)^1/2 + DJ) / 2 + PE
    Total System Jitter     (TSJ):    0.050ns
    Total Input Jitter      (TIJ):    0.000ns
    Discrete Jitter          (DJ):    0.000ns
    Phase Error              (PE):    0.000ns

    Location             Delay type                Incr(ns)  Path(ns)    Netlist Resource(s)
  -------------------------------------------------------------------    -------------------
                         (clock ap_clk rise edge)     0.000     0.000 r  
                                                      0.000     0.000 r  ap_clk (IN)
                         net (fo=29822, unset)        0.029     0.029    bd_0_i/hls_inst/inst/regslice_both_out_data_V_data_V_U/ap_clk
    SLICE_X32Y32         FDRE                                         r  bd_0_i/hls_inst/inst/regslice_both_out_data_V_data_V_U/B_V_data_1_sel_rd_reg/C
  -------------------------------------------------------------------    -------------------
    SLICE_X32Y32         FDRE (Prop_HFF2_SLICEL_C_Q)
                                                      0.080     0.109 r  bd_0_i/hls_inst/inst/regslice_both_out_data_V_data_V_U/B_V_data_1_sel_rd_reg/Q
                         net (fo=33, routed)          0.810     0.919    bd_0_i/hls_inst/inst/regslice_both_out_data_V_data_V_U/B_V_data_1_sel
    SLICE_X25Y34         LUT3 (Prop_H5LUT_SLICEL_I2_O)
                                                      0.065     0.984 r  bd_0_i/hls_inst/inst/regslice_both_out_data_V_data_V_U/out_data_TDATA[5]_INST_0/O
                         net (fo=0)                   0.022     1.006    out_data_tdata[5]
                                                                      r  out_data_tdata[5] (OUT)
  -------------------------------------------------------------------    -------------------

Slack:                    inf
  Source:                 bd_0_i/hls_inst/inst/regslice_both_out_data_V_data_V_U/B_V_data_1_sel_rd_reg/C
                            (rising edge-triggered cell FDRE clocked by ap_clk  {rise@0.000ns fall@5.000ns period=10.000ns})
  Destination:            out_data_tdata[8]
                            (output port)
  Path Group:             (none)
  Path Type:              Max at Slow Process Corner
  Data Path Delay:        0.967ns  (logic 0.204ns (21.107%)  route 0.763ns (78.893%))
  Logic Levels:           1  (LUT3=1)
  Clock Uncertainty:      0.025ns  ((TSJ^2 + TIJ^2)^1/2 + DJ) / 2 + PE
    Total System Jitter     (TSJ):    0.050ns
    Total Input Jitter      (TIJ):    0.000ns
    Discrete Jitter          (DJ):    0.000ns
    Phase Error              (PE):    0.000ns

    Location             Delay type                Incr(ns)  Path(ns)    Netlist Resource(s)
  -------------------------------------------------------------------    -------------------
                         (clock ap_clk rise edge)     0.000     0.000 r  
                                                      0.000     0.000 r  ap_clk (IN)
                         net (fo=29822, unset)        0.029     0.029    bd_0_i/hls_inst/inst/regslice_both_out_data_V_data_V_U/ap_clk
    SLICE_X32Y32         FDRE                                         r  bd_0_i/hls_inst/inst/regslice_both_out_data_V_data_V_U/B_V_data_1_sel_rd_reg/C
  -------------------------------------------------------------------    -------------------
    SLICE_X32Y32         FDRE (Prop_HFF2_SLICEL_C_Q)
                                                      0.080     0.109 r  bd_0_i/hls_inst/inst/regslice_both_out_data_V_data_V_U/B_V_data_1_sel_rd_reg/Q
                         net (fo=33, routed)          0.763     0.872    bd_0_i/hls_inst/inst/regslice_both_out_data_V_data_V_U/B_V_data_1_sel
    SLICE_X26Y39         LUT3 (Prop_H6LUT_SLICEL_I2_O)
                                                      0.124     0.996 r  bd_0_i/hls_inst/inst/regslice_both_out_data_V_data_V_U/out_data_TDATA[8]_INST_0/O
                         net (fo=0)                   0.000     0.996    out_data_tdata[8]
                                                                      r  out_data_tdata[8] (OUT)
  -------------------------------------------------------------------    -------------------

Slack:                    inf
  Source:                 bd_0_i/hls_inst/inst/regslice_both_out_data_V_data_V_U/B_V_data_1_sel_rd_reg/C
                            (rising edge-triggered cell FDRE clocked by ap_clk  {rise@0.000ns fall@5.000ns period=10.000ns})
  Destination:            out_data_tdata[4]
                            (output port)
  Path Group:             (none)
  Path Type:              Max at Slow Process Corner
  Data Path Delay:        0.941ns  (logic 0.131ns (13.924%)  route 0.810ns (86.076%))
  Logic Levels:           1  (LUT3=1)
  Clock Uncertainty:      0.025ns  ((TSJ^2 + TIJ^2)^1/2 + DJ) / 2 + PE
    Total System Jitter     (TSJ):    0.050ns
    Total Input Jitter      (TIJ):    0.000ns
    Discrete Jitter          (DJ):    0.000ns
    Phase Error              (PE):    0.000ns

    Location             Delay type                Incr(ns)  Path(ns)    Netlist Resource(s)
  -------------------------------------------------------------------    -------------------
                         (clock ap_clk rise edge)     0.000     0.000 r  
                                                      0.000     0.000 r  ap_clk (IN)
                         net (fo=29822, unset)        0.029     0.029    bd_0_i/hls_inst/inst/regslice_both_out_data_V_data_V_U/ap_clk
    SLICE_X32Y32         FDRE                                         r  bd_0_i/hls_inst/inst/regslice_both_out_data_V_data_V_U/B_V_data_1_sel_rd_reg/C
  -------------------------------------------------------------------    -------------------
    SLICE_X32Y32         FDRE (Prop_HFF2_SLICEL_C_Q)
                                                      0.080     0.109 r  bd_0_i/hls_inst/inst/regslice_both_out_data_V_data_V_U/B_V_data_1_sel_rd_reg/Q
                         net (fo=33, routed)          0.810     0.919    bd_0_i/hls_inst/inst/regslice_both_out_data_V_data_V_U/B_V_data_1_sel
    SLICE_X25Y34         LUT3 (Prop_H6LUT_SLICEL_I2_O)
                                                      0.051     0.970 r  bd_0_i/hls_inst/inst/regslice_both_out_data_V_data_V_U/out_data_TDATA[4]_INST_0/O
                         net (fo=0)                   0.000     0.970    out_data_tdata[4]
                                                                      r  out_data_tdata[4] (OUT)
  -------------------------------------------------------------------    -------------------

Slack:                    inf
  Source:                 bd_0_i/hls_inst/inst/regslice_both_out_data_V_data_V_U/B_V_data_1_sel_rd_reg/C
                            (rising edge-triggered cell FDRE clocked by ap_clk  {rise@0.000ns fall@5.000ns period=10.000ns})
  Destination:            out_data_tdata[31]
                            (output port)
  Path Group:             (none)
  Path Type:              Max at Slow Process Corner
  Data Path Delay:        0.930ns  (logic 0.238ns (25.599%)  route 0.692ns (74.401%))
  Logic Levels:           1  (LUT3=1)
  Clock Uncertainty:      0.025ns  ((TSJ^2 + TIJ^2)^1/2 + DJ) / 2 + PE
    Total System Jitter     (TSJ):    0.050ns
    Total Input Jitter      (TIJ):    0.000ns
    Discrete Jitter          (DJ):    0.000ns
    Phase Error              (PE):    0.000ns

    Location             Delay type                Incr(ns)  Path(ns)    Netlist Resource(s)
  -------------------------------------------------------------------    -------------------
                         (clock ap_clk rise edge)     0.000     0.000 r  
                                                      0.000     0.000 r  ap_clk (IN)
                         net (fo=29822, unset)        0.029     0.029    bd_0_i/hls_inst/inst/regslice_both_out_data_V_data_V_U/ap_clk
    SLICE_X32Y32         FDRE                                         r  bd_0_i/hls_inst/inst/regslice_both_out_data_V_data_V_U/B_V_data_1_sel_rd_reg/C
  -------------------------------------------------------------------    -------------------
    SLICE_X32Y32         FDRE (Prop_HFF2_SLICEL_C_Q)
                                                      0.080     0.109 r  bd_0_i/hls_inst/inst/regslice_both_out_data_V_data_V_U/B_V_data_1_sel_rd_reg/Q
                         net (fo=33, routed)          0.669     0.778    bd_0_i/hls_inst/inst/regslice_both_out_data_V_data_V_U/B_V_data_1_sel
    SLICE_X26Y38         LUT3 (Prop_C5LUT_SLICEL_I2_O)
                                                      0.158     0.936 r  bd_0_i/hls_inst/inst/regslice_both_out_data_V_data_V_U/out_data_TDATA[31]_INST_0/O
                         net (fo=0)                   0.023     0.959    out_data_tdata[31]
                                                                      r  out_data_tdata[31] (OUT)
  -------------------------------------------------------------------    -------------------

Slack:                    inf
  Source:                 bd_0_i/hls_inst/inst/regslice_both_out_data_V_data_V_U/B_V_data_1_sel_rd_reg/C
                            (rising edge-triggered cell FDRE clocked by ap_clk  {rise@0.000ns fall@5.000ns period=10.000ns})
  Destination:            out_data_tdata[30]
                            (output port)
  Path Group:             (none)
  Path Type:              Max at Slow Process Corner
  Data Path Delay:        0.895ns  (logic 0.226ns (25.259%)  route 0.669ns (74.741%))
  Logic Levels:           1  (LUT3=1)
  Clock Uncertainty:      0.025ns  ((TSJ^2 + TIJ^2)^1/2 + DJ) / 2 + PE
    Total System Jitter     (TSJ):    0.050ns
    Total Input Jitter      (TIJ):    0.000ns
    Discrete Jitter          (DJ):    0.000ns
    Phase Error              (PE):    0.000ns

    Location             Delay type                Incr(ns)  Path(ns)    Netlist Resource(s)
  -------------------------------------------------------------------    -------------------
                         (clock ap_clk rise edge)     0.000     0.000 r  
                                                      0.000     0.000 r  ap_clk (IN)
                         net (fo=29822, unset)        0.029     0.029    bd_0_i/hls_inst/inst/regslice_both_out_data_V_data_V_U/ap_clk
    SLICE_X32Y32         FDRE                                         r  bd_0_i/hls_inst/inst/regslice_both_out_data_V_data_V_U/B_V_data_1_sel_rd_reg/C
  -------------------------------------------------------------------    -------------------
    SLICE_X32Y32         FDRE (Prop_HFF2_SLICEL_C_Q)
                                                      0.080     0.109 r  bd_0_i/hls_inst/inst/regslice_both_out_data_V_data_V_U/B_V_data_1_sel_rd_reg/Q
                         net (fo=33, routed)          0.669     0.778    bd_0_i/hls_inst/inst/regslice_both_out_data_V_data_V_U/B_V_data_1_sel
    SLICE_X26Y38         LUT3 (Prop_C6LUT_SLICEL_I2_O)
                                                      0.146     0.924 r  bd_0_i/hls_inst/inst/regslice_both_out_data_V_data_V_U/out_data_TDATA[30]_INST_0/O
                         net (fo=0)                   0.000     0.924    out_data_tdata[30]
                                                                      r  out_data_tdata[30] (OUT)
  -------------------------------------------------------------------    -------------------





Min Delay Paths
--------------------------------------------------------------------------------------
Slack:                    inf
  Source:                 bd_0_i/hls_inst/inst/regslice_both_out_data_V_data_V_U/B_V_data_1_state_reg[0]/C
                            (rising edge-triggered cell FDRE clocked by ap_clk  {rise@0.000ns fall@5.000ns period=10.000ns})
  Destination:            out_data_tvalid
                            (output port)
  Path Group:             (none)
  Path Type:              Min at Fast Process Corner
  Data Path Delay:        0.039ns  (logic 0.039ns (100.000%)  route 0.000ns (0.000%))
  Logic Levels:           0  
  Clock Uncertainty:      0.025ns  ((TSJ^2 + TIJ^2)^1/2 + DJ) / 2 + PE
    Total System Jitter     (TSJ):    0.050ns
    Total Input Jitter      (TIJ):    0.000ns
    Discrete Jitter          (DJ):    0.000ns
    Phase Error              (PE):    0.000ns

    Location             Delay type                Incr(ns)  Path(ns)    Netlist Resource(s)
  -------------------------------------------------------------------    -------------------
                         (clock ap_clk rise edge)     0.000     0.000 r  
                                                      0.000     0.000 r  ap_clk (IN)
                         net (fo=29822, unset)        0.012     0.012    bd_0_i/hls_inst/inst/regslice_both_out_data_V_data_V_U/ap_clk
    SLICE_X32Y32         FDRE                                         r  bd_0_i/hls_inst/inst/regslice_both_out_data_V_data_V_U/B_V_data_1_state_reg[0]/C
  -------------------------------------------------------------------    -------------------
    SLICE_X32Y32         FDRE (Prop_CFF_SLICEL_C_Q)
                                                      0.039     0.051 r  bd_0_i/hls_inst/inst/regslice_both_out_data_V_data_V_U/B_V_data_1_state_reg[0]/Q
                         net (fo=7, unset)            0.000     0.051    out_data_tvalid
                                                                      r  out_data_tvalid (OUT)
  -------------------------------------------------------------------    -------------------

Slack:                    inf
  Source:                 bd_0_i/hls_inst/inst/regslice_both_in_data_V_data_V_U/B_V_data_1_state_reg[1]/C
                            (rising edge-triggered cell FDRE clocked by ap_clk  {rise@0.000ns fall@5.000ns period=10.000ns})
  Destination:            in_data_tready
                            (output port)
  Path Group:             (none)
  Path Type:              Min at Fast Process Corner
  Data Path Delay:        0.039ns  (logic 0.039ns (100.000%)  route 0.000ns (0.000%))
  Logic Levels:           0  
  Clock Uncertainty:      0.025ns  ((TSJ^2 + TIJ^2)^1/2 + DJ) / 2 + PE
    Total System Jitter     (TSJ):    0.050ns
    Total Input Jitter      (TIJ):    0.000ns
    Discrete Jitter          (DJ):    0.000ns
    Phase Error              (PE):    0.000ns

    Location             Delay type                Incr(ns)  Path(ns)    Netlist Resource(s)
  -------------------------------------------------------------------    -------------------
                         (clock ap_clk rise edge)     0.000     0.000 r  
                                                      0.000     0.000 r  ap_clk (IN)
                         net (fo=29822, unset)        0.013     0.013    bd_0_i/hls_inst/inst/regslice_both_in_data_V_data_V_U/ap_clk
    SLICE_X34Y33         FDRE                                         r  bd_0_i/hls_inst/inst/regslice_both_in_data_V_data_V_U/B_V_data_1_state_reg[1]/C
  -------------------------------------------------------------------    -------------------
    SLICE_X34Y33         FDRE (Prop_EFF2_SLICEM_C_Q)
                                                      0.039     0.052 r  bd_0_i/hls_inst/inst/regslice_both_in_data_V_data_V_U/B_V_data_1_state_reg[1]/Q
                         net (fo=5, unset)            0.000     0.052    in_data_tready
                                                                      r  in_data_tready (OUT)
  -------------------------------------------------------------------    -------------------

Slack:                    inf
  Source:                 bd_0_i/hls_inst/inst/regslice_both_out_data_V_user_V_U/B_V_data_1_payload_B_reg[1]/C
                            (rising edge-triggered cell FDRE clocked by ap_clk  {rise@0.000ns fall@5.000ns period=10.000ns})
  Destination:            out_data_tuser[1]
                            (output port)
  Path Group:             (none)
  Path Type:              Min at Fast Process Corner
  Data Path Delay:        0.077ns  (logic 0.053ns (68.831%)  route 0.024ns (31.169%))
  Logic Levels:           1  (LUT3=1)
  Clock Uncertainty:      0.025ns  ((TSJ^2 + TIJ^2)^1/2 + DJ) / 2 + PE
    Total System Jitter     (TSJ):    0.050ns
    Total Input Jitter      (TIJ):    0.000ns
    Discrete Jitter          (DJ):    0.000ns
    Phase Error              (PE):    0.000ns

    Location             Delay type                Incr(ns)  Path(ns)    Netlist Resource(s)
  -------------------------------------------------------------------    -------------------
                         (clock ap_clk rise edge)     0.000     0.000 r  
                                                      0.000     0.000 r  ap_clk (IN)
                         net (fo=29822, unset)        0.012     0.012    bd_0_i/hls_inst/inst/regslice_both_out_data_V_user_V_U/ap_clk
    SLICE_X15Y40         FDRE                                         r  bd_0_i/hls_inst/inst/regslice_both_out_data_V_user_V_U/B_V_data_1_payload_B_reg[1]/C
  -------------------------------------------------------------------    -------------------
    SLICE_X15Y40         FDRE (Prop_CFF_SLICEL_C_Q)
                                                      0.039     0.051 r  bd_0_i/hls_inst/inst/regslice_both_out_data_V_user_V_U/B_V_data_1_payload_B_reg[1]/Q
                         net (fo=1, routed)           0.024     0.075    bd_0_i/hls_inst/inst/regslice_both_out_data_V_user_V_U/B_V_data_1_payload_B[1]
    SLICE_X15Y40         LUT3 (Prop_D6LUT_SLICEL_I0_O)
                                                      0.014     0.089 r  bd_0_i/hls_inst/inst/regslice_both_out_data_V_user_V_U/out_data_TUSER[1]_INST_0/O
                         net (fo=0)                   0.000     0.089    out_data_tuser[1]
                                                                      r  out_data_tuser[1] (OUT)
  -------------------------------------------------------------------    -------------------

Slack:                    inf
  Source:                 bd_0_i/hls_inst/inst/regslice_both_out_data_V_dest_V_U/B_V_data_1_payload_B_reg[3]/C
                            (rising edge-triggered cell FDRE clocked by ap_clk  {rise@0.000ns fall@5.000ns period=10.000ns})
  Destination:            out_data_tdest[3]
                            (output port)
  Path Group:             (none)
  Path Type:              Min at Fast Process Corner
  Data Path Delay:        0.084ns  (logic 0.061ns (72.619%)  route 0.023ns (27.381%))
  Logic Levels:           1  (LUT3=1)
  Clock Uncertainty:      0.025ns  ((TSJ^2 + TIJ^2)^1/2 + DJ) / 2 + PE
    Total System Jitter     (TSJ):    0.050ns
    Total Input Jitter      (TIJ):    0.000ns
    Discrete Jitter          (DJ):    0.000ns
    Phase Error              (PE):    0.000ns

    Location             Delay type                Incr(ns)  Path(ns)    Netlist Resource(s)
  -------------------------------------------------------------------    -------------------
                         (clock ap_clk rise edge)     0.000     0.000 r  
                                                      0.000     0.000 r  ap_clk (IN)
                         net (fo=29822, unset)        0.013     0.013    bd_0_i/hls_inst/inst/regslice_both_out_data_V_dest_V_U/ap_clk
    SLICE_X13Y41         FDRE                                         r  bd_0_i/hls_inst/inst/regslice_both_out_data_V_dest_V_U/B_V_data_1_payload_B_reg[3]/C
  -------------------------------------------------------------------    -------------------
    SLICE_X13Y41         FDRE (Prop_GFF_SLICEL_C_Q)
                                                      0.039     0.052 r  bd_0_i/hls_inst/inst/regslice_both_out_data_V_dest_V_U/B_V_data_1_payload_B_reg[3]/Q
                         net (fo=1, routed)           0.023     0.075    bd_0_i/hls_inst/inst/regslice_both_out_data_V_dest_V_U/B_V_data_1_payload_B[3]
    SLICE_X13Y41         LUT3 (Prop_D6LUT_SLICEL_I0_O)
                                                      0.022     0.097 r  bd_0_i/hls_inst/inst/regslice_both_out_data_V_dest_V_U/out_data_TDEST[3]_INST_0/O
                         net (fo=0)                   0.000     0.097    out_data_tdest[3]
                                                                      r  out_data_tdest[3] (OUT)
  -------------------------------------------------------------------    -------------------

Slack:                    inf
  Source:                 bd_0_i/hls_inst/inst/regslice_both_out_data_V_id_V_U/B_V_data_1_sel_rd_reg/C
                            (rising edge-triggered cell FDRE clocked by ap_clk  {rise@0.000ns fall@5.000ns period=10.000ns})
  Destination:            out_data_tid[3]
                            (output port)
  Path Group:             (none)
  Path Type:              Min at Fast Process Corner
  Data Path Delay:        0.091ns  (logic 0.062ns (68.485%)  route 0.029ns (31.515%))
  Logic Levels:           1  (LUT3=1)
  Clock Uncertainty:      0.025ns  ((TSJ^2 + TIJ^2)^1/2 + DJ) / 2 + PE
    Total System Jitter     (TSJ):    0.050ns
    Total Input Jitter      (TIJ):    0.000ns
    Discrete Jitter          (DJ):    0.000ns
    Phase Error              (PE):    0.000ns

    Location             Delay type                Incr(ns)  Path(ns)    Netlist Resource(s)
  -------------------------------------------------------------------    -------------------
                         (clock ap_clk rise edge)     0.000     0.000 r  
                                                      0.000     0.000 r  ap_clk (IN)
                         net (fo=29822, unset)        0.012     0.012    bd_0_i/hls_inst/inst/regslice_both_out_data_V_id_V_U/ap_clk
    SLICE_X32Y55         FDRE                                         r  bd_0_i/hls_inst/inst/regslice_both_out_data_V_id_V_U/B_V_data_1_sel_rd_reg/C
  -------------------------------------------------------------------    -------------------
    SLICE_X32Y55         FDRE (Prop_DFF_SLICEL_C_Q)
                                                      0.039     0.051 r  bd_0_i/hls_inst/inst/regslice_both_out_data_V_id_V_U/B_V_data_1_sel_rd_reg/Q
                         net (fo=6, routed)           0.029     0.080    bd_0_i/hls_inst/inst/regslice_both_out_data_V_id_V_U/B_V_data_1_sel
    SLICE_X32Y55         LUT3 (Prop_B6LUT_SLICEL_I1_O)
                                                      0.023     0.103 r  bd_0_i/hls_inst/inst/regslice_both_out_data_V_id_V_U/out_data_TID[3]_INST_0/O
                         net (fo=0)                   0.000     0.103    out_data_tid[3]
                                                                      r  out_data_tid[3] (OUT)
  -------------------------------------------------------------------    -------------------

Slack:                    inf
  Source:                 bd_0_i/hls_inst/inst/regslice_both_out_data_V_data_V_U/B_V_data_1_payload_A_reg[25]/C
                            (rising edge-triggered cell FDRE clocked by ap_clk  {rise@0.000ns fall@5.000ns period=10.000ns})
  Destination:            out_data_tdata[25]
                            (output port)
  Path Group:             (none)
  Path Type:              Min at Fast Process Corner
  Data Path Delay:        0.096ns  (logic 0.059ns (61.458%)  route 0.037ns (38.542%))
  Logic Levels:           1  (LUT3=1)
  Clock Uncertainty:      0.025ns  ((TSJ^2 + TIJ^2)^1/2 + DJ) / 2 + PE
    Total System Jitter     (TSJ):    0.050ns
    Total Input Jitter      (TIJ):    0.000ns
    Discrete Jitter          (DJ):    0.000ns
    Phase Error              (PE):    0.000ns

    Location             Delay type                Incr(ns)  Path(ns)    Netlist Resource(s)
  -------------------------------------------------------------------    -------------------
                         (clock ap_clk rise edge)     0.000     0.000 r  
                                                      0.000     0.000 r  ap_clk (IN)
                         net (fo=29822, unset)        0.013     0.013    bd_0_i/hls_inst/inst/regslice_both_out_data_V_data_V_U/ap_clk
    SLICE_X27Y34         FDRE                                         r  bd_0_i/hls_inst/inst/regslice_both_out_data_V_data_V_U/B_V_data_1_payload_A_reg[25]/C
  -------------------------------------------------------------------    -------------------
    SLICE_X27Y34         FDRE (Prop_HFF_SLICEL_C_Q)
                                                      0.039     0.052 r  bd_0_i/hls_inst/inst/regslice_both_out_data_V_data_V_U/B_V_data_1_payload_A_reg[25]/Q
                         net (fo=1, routed)           0.023     0.075    bd_0_i/hls_inst/inst/regslice_both_out_data_V_data_V_U/B_V_data_1_payload_A[25]
    SLICE_X27Y34         LUT3 (Prop_H5LUT_SLICEL_I1_O)
                                                      0.020     0.095 r  bd_0_i/hls_inst/inst/regslice_both_out_data_V_data_V_U/out_data_TDATA[25]_INST_0/O
                         net (fo=0)                   0.014     0.109    out_data_tdata[25]
                                                                      r  out_data_tdata[25] (OUT)
  -------------------------------------------------------------------    -------------------

Slack:                    inf
  Source:                 bd_0_i/hls_inst/inst/regslice_both_out_data_V_data_V_U/B_V_data_1_payload_B_reg[6]/C
                            (rising edge-triggered cell FDRE clocked by ap_clk  {rise@0.000ns fall@5.000ns period=10.000ns})
  Destination:            out_data_tdata[6]
                            (output port)
  Path Group:             (none)
  Path Type:              Min at Fast Process Corner
  Data Path Delay:        0.101ns  (logic 0.074ns (73.267%)  route 0.027ns (26.733%))
  Logic Levels:           1  (LUT3=1)
  Clock Uncertainty:      0.025ns  ((TSJ^2 + TIJ^2)^1/2 + DJ) / 2 + PE
    Total System Jitter     (TSJ):    0.050ns
    Total Input Jitter      (TIJ):    0.000ns
    Discrete Jitter          (DJ):    0.000ns
    Phase Error              (PE):    0.000ns

    Location             Delay type                Incr(ns)  Path(ns)    Netlist Resource(s)
  -------------------------------------------------------------------    -------------------
                         (clock ap_clk rise edge)     0.000     0.000 r  
                                                      0.000     0.000 r  ap_clk (IN)
                         net (fo=29822, unset)        0.013     0.013    bd_0_i/hls_inst/inst/regslice_both_out_data_V_data_V_U/ap_clk
    SLICE_X24Y34         FDRE                                         r  bd_0_i/hls_inst/inst/regslice_both_out_data_V_data_V_U/B_V_data_1_payload_B_reg[6]/C
  -------------------------------------------------------------------    -------------------
    SLICE_X24Y34         FDRE (Prop_DFF_SLICEM_C_Q)
                                                      0.039     0.052 r  bd_0_i/hls_inst/inst/regslice_both_out_data_V_data_V_U/B_V_data_1_payload_B_reg[6]/Q
                         net (fo=1, routed)           0.027     0.079    bd_0_i/hls_inst/inst/regslice_both_out_data_V_data_V_U/B_V_data_1_payload_B[6]
    SLICE_X24Y34         LUT3 (Prop_C6LUT_SLICEM_I0_O)
                                                      0.035     0.114 r  bd_0_i/hls_inst/inst/regslice_both_out_data_V_data_V_U/out_data_TDATA[6]_INST_0/O
                         net (fo=0)                   0.000     0.114    out_data_tdata[6]
                                                                      r  out_data_tdata[6] (OUT)
  -------------------------------------------------------------------    -------------------

Slack:                    inf
  Source:                 bd_0_i/hls_inst/inst/regslice_both_out_data_V_id_V_U/B_V_data_1_sel_rd_reg/C
                            (rising edge-triggered cell FDRE clocked by ap_clk  {rise@0.000ns fall@5.000ns period=10.000ns})
  Destination:            out_data_tid[1]
                            (output port)
  Path Group:             (none)
  Path Type:              Min at Fast Process Corner
  Data Path Delay:        0.103ns  (logic 0.074ns (72.173%)  route 0.029ns (27.827%))
  Logic Levels:           1  (LUT3=1)
  Clock Uncertainty:      0.025ns  ((TSJ^2 + TIJ^2)^1/2 + DJ) / 2 + PE
    Total System Jitter     (TSJ):    0.050ns
    Total Input Jitter      (TIJ):    0.000ns
    Discrete Jitter          (DJ):    0.000ns
    Phase Error              (PE):    0.000ns

    Location             Delay type                Incr(ns)  Path(ns)    Netlist Resource(s)
  -------------------------------------------------------------------    -------------------
                         (clock ap_clk rise edge)     0.000     0.000 r  
                                                      0.000     0.000 r  ap_clk (IN)
                         net (fo=29822, unset)        0.012     0.012    bd_0_i/hls_inst/inst/regslice_both_out_data_V_id_V_U/ap_clk
    SLICE_X32Y55         FDRE                                         r  bd_0_i/hls_inst/inst/regslice_both_out_data_V_id_V_U/B_V_data_1_sel_rd_reg/C
  -------------------------------------------------------------------    -------------------
    SLICE_X32Y55         FDRE (Prop_DFF_SLICEL_C_Q)
                                                      0.039     0.051 r  bd_0_i/hls_inst/inst/regslice_both_out_data_V_id_V_U/B_V_data_1_sel_rd_reg/Q
                         net (fo=6, routed)           0.029     0.080    bd_0_i/hls_inst/inst/regslice_both_out_data_V_id_V_U/B_V_data_1_sel
    SLICE_X32Y55         LUT3 (Prop_C6LUT_SLICEL_I1_O)
                                                      0.035     0.115 r  bd_0_i/hls_inst/inst/regslice_both_out_data_V_id_V_U/out_data_TID[1]_INST_0/O
                         net (fo=0)                   0.000     0.115    out_data_tid[1]
                                                                      r  out_data_tid[1] (OUT)
  -------------------------------------------------------------------    -------------------

Slack:                    inf
  Source:                 bd_0_i/hls_inst/inst/regslice_both_out_data_V_id_V_U/B_V_data_1_sel_rd_reg/C
                            (rising edge-triggered cell FDRE clocked by ap_clk  {rise@0.000ns fall@5.000ns period=10.000ns})
  Destination:            out_data_tid[4]
                            (output port)
  Path Group:             (none)
  Path Type:              Min at Fast Process Corner
  Data Path Delay:        0.103ns  (logic 0.060ns (58.519%)  route 0.043ns (41.481%))
  Logic Levels:           1  (LUT3=1)
  Clock Uncertainty:      0.025ns  ((TSJ^2 + TIJ^2)^1/2 + DJ) / 2 + PE
    Total System Jitter     (TSJ):    0.050ns
    Total Input Jitter      (TIJ):    0.000ns
    Discrete Jitter          (DJ):    0.000ns
    Phase Error              (PE):    0.000ns

    Location             Delay type                Incr(ns)  Path(ns)    Netlist Resource(s)
  -------------------------------------------------------------------    -------------------
                         (clock ap_clk rise edge)     0.000     0.000 r  
                                                      0.000     0.000 r  ap_clk (IN)
                         net (fo=29822, unset)        0.012     0.012    bd_0_i/hls_inst/inst/regslice_both_out_data_V_id_V_U/ap_clk
    SLICE_X32Y55         FDRE                                         r  bd_0_i/hls_inst/inst/regslice_both_out_data_V_id_V_U/B_V_data_1_sel_rd_reg/C
  -------------------------------------------------------------------    -------------------
    SLICE_X32Y55         FDRE (Prop_DFF_SLICEL_C_Q)
                                                      0.039     0.051 r  bd_0_i/hls_inst/inst/regslice_both_out_data_V_id_V_U/B_V_data_1_sel_rd_reg/Q
                         net (fo=6, routed)           0.029     0.080    bd_0_i/hls_inst/inst/regslice_both_out_data_V_id_V_U/B_V_data_1_sel
    SLICE_X32Y55         LUT3 (Prop_B5LUT_SLICEL_I1_O)
                                                      0.021     0.101 r  bd_0_i/hls_inst/inst/regslice_both_out_data_V_id_V_U/out_data_TID[4]_INST_0/O
                         net (fo=0)                   0.014     0.115    out_data_tid[4]
                                                                      r  out_data_tid[4] (OUT)
  -------------------------------------------------------------------    -------------------

Slack:                    inf
  Source:                 bd_0_i/hls_inst/inst/regslice_both_out_data_V_dest_V_U/B_V_data_1_payload_A_reg[5]/C
                            (rising edge-triggered cell FDRE clocked by ap_clk  {rise@0.000ns fall@5.000ns period=10.000ns})
  Destination:            out_data_tdest[5]
                            (output port)
  Path Group:             (none)
  Path Type:              Min at Fast Process Corner
  Data Path Delay:        0.102ns  (logic 0.054ns (52.941%)  route 0.048ns (47.059%))
  Logic Levels:           1  (LUT3=1)
  Clock Uncertainty:      0.025ns  ((TSJ^2 + TIJ^2)^1/2 + DJ) / 2 + PE
    Total System Jitter     (TSJ):    0.050ns
    Total Input Jitter      (TIJ):    0.000ns
    Discrete Jitter          (DJ):    0.000ns
    Phase Error              (PE):    0.000ns

    Location             Delay type                Incr(ns)  Path(ns)    Netlist Resource(s)
  -------------------------------------------------------------------    -------------------
                         (clock ap_clk rise edge)     0.000     0.000 r  
                                                      0.000     0.000 r  ap_clk (IN)
                         net (fo=29822, unset)        0.013     0.013    bd_0_i/hls_inst/inst/regslice_both_out_data_V_dest_V_U/ap_clk
    SLICE_X13Y41         FDRE                                         r  bd_0_i/hls_inst/inst/regslice_both_out_data_V_dest_V_U/B_V_data_1_payload_A_reg[5]/C
  -------------------------------------------------------------------    -------------------
    SLICE_X13Y41         FDRE (Prop_FFF2_SLICEL_C_Q)
                                                      0.040     0.053 r  bd_0_i/hls_inst/inst/regslice_both_out_data_V_dest_V_U/B_V_data_1_payload_A_reg[5]/Q
                         net (fo=1, routed)           0.048     0.101    bd_0_i/hls_inst/inst/regslice_both_out_data_V_dest_V_U/B_V_data_1_payload_A[5]
    SLICE_X13Y41         LUT3 (Prop_G6LUT_SLICEL_I2_O)
                                                      0.014     0.115 r  bd_0_i/hls_inst/inst/regslice_both_out_data_V_dest_V_U/out_data_TDEST[5]_INST_0/O
                         net (fo=0)                   0.000     0.115    out_data_tdest[5]
                                                                      r  out_data_tdest[5] (OUT)
  -------------------------------------------------------------------    -------------------





--------------------------------------------------------------------------------------
Path Group:  (none)
From Clock:  
  To Clock:  ap_clk

Max Delay          7734 Endpoints
Min Delay          7734 Endpoints
--------------------------------------------------------------------------------------


Max Delay Paths
--------------------------------------------------------------------------------------
Slack:                    inf
  Source:                 bd_0_i/hls_inst/inst/grp_MLP_Pipeline_VITIS_LOOP_77_3_fu_1157/fmul_32ns_32ns_32_3_max_dsp_1_U117/MLP_fmul_32ns_32ns_32_3_max_dsp_1_ip_u/inst/i_synth/MULT.OP/i_non_prim.MULT/DSP48E1_SPD_SGL_VARIANT.FIX_MULT/DSP1/i_no_versal_es1_workaround.DSP/DSP_A_B_DATA_INST/B2_DATA[17]
                            (internal pin)
  Destination:            bd_0_i/hls_inst/inst/grp_MLP_Pipeline_VITIS_LOOP_77_3_fu_1157/fmul_32ns_32ns_32_3_max_dsp_1_U117/MLP_fmul_32ns_32ns_32_3_max_dsp_1_ip_u/inst/i_synth/MULT.OP/i_non_prim.OP/RESULT_REG.NORMAL.mant_op_reg[16]/R
                            (rising edge-triggered cell FDRE clocked by ap_clk  {rise@0.000ns fall@5.000ns period=10.000ns})
  Path Group:             (none)
  Path Type:              Setup (Max at Slow Process Corner)
  Data Path Delay:        4.302ns  (logic 2.393ns (55.622%)  route 1.909ns (44.378%))
  Logic Levels:           10  (DSP_ALU=2 DSP_M_DATA=1 DSP_MULTIPLIER=1 DSP_OUTPUT=2 DSP_PREADD_DATA=1 LUT2=1 LUT6=2)
  Clock Uncertainty:      0.025ns  ((TSJ^2 + TIJ^2)^1/2 + DJ) / 2 + PE
    Total System Jitter     (TSJ):    0.050ns
    Total Input Jitter      (TIJ):    0.000ns
    Discrete Jitter          (DJ):    0.000ns
    Phase Error              (PE):    0.000ns

    Location             Delay type                Incr(ns)  Path(ns)    Netlist Resource(s)
  -------------------------------------------------------------------    -------------------
    DSP48E2_X3Y58        DSP_A_B_DATA                 0.000     0.000 r  bd_0_i/hls_inst/inst/grp_MLP_Pipeline_VITIS_LOOP_77_3_fu_1157/fmul_32ns_32ns_32_3_max_dsp_1_U117/MLP_fmul_32ns_32ns_32_3_max_dsp_1_ip_u/inst/i_synth/MULT.OP/i_non_prim.MULT/DSP48E1_SPD_SGL_VARIANT.FIX_MULT/DSP1/i_no_versal_es1_workaround.DSP/DSP_A_B_DATA_INST/B2_DATA[17]
                         net (fo=1, routed)           0.000     0.000    bd_0_i/hls_inst/inst/grp_MLP_Pipeline_VITIS_LOOP_77_3_fu_1157/fmul_32ns_32ns_32_3_max_dsp_1_U117/MLP_fmul_32ns_32ns_32_3_max_dsp_1_ip_u/inst/i_synth/MULT.OP/i_non_prim.MULT/DSP48E1_SPD_SGL_VARIANT.FIX_MULT/DSP1/i_no_versal_es1_workaround.DSP/DSP_A_B_DATA.B2_DATA<17>
    DSP48E2_X3Y58        DSP_PREADD_DATA (Prop_DSP_PREADD_DATA_DSP48E2_B2_DATA[17]_B2B1[17])
                                                      0.073     0.073 r  bd_0_i/hls_inst/inst/grp_MLP_Pipeline_VITIS_LOOP_77_3_fu_1157/fmul_32ns_32ns_32_3_max_dsp_1_U117/MLP_fmul_32ns_32ns_32_3_max_dsp_1_ip_u/inst/i_synth/MULT.OP/i_non_prim.MULT/DSP48E1_SPD_SGL_VARIANT.FIX_MULT/DSP1/i_no_versal_es1_workaround.DSP/DSP_PREADD_DATA_INST/B2B1[17]
                         net (fo=1, routed)           0.000     0.073    bd_0_i/hls_inst/inst/grp_MLP_Pipeline_VITIS_LOOP_77_3_fu_1157/fmul_32ns_32ns_32_3_max_dsp_1_U117/MLP_fmul_32ns_32ns_32_3_max_dsp_1_ip_u/inst/i_synth/MULT.OP/i_non_prim.MULT/DSP48E1_SPD_SGL_VARIANT.FIX_MULT/DSP1/i_no_versal_es1_workaround.DSP/DSP_PREADD_DATA.B2B1<17>
    DSP48E2_X3Y58        DSP_MULTIPLIER (Prop_DSP_MULTIPLIER_DSP48E2_B2B1[17]_V[43])
                                                      0.609     0.682 f  bd_0_i/hls_inst/inst/grp_MLP_Pipeline_VITIS_LOOP_77_3_fu_1157/fmul_32ns_32ns_32_3_max_dsp_1_U117/MLP_fmul_32ns_32ns_32_3_max_dsp_1_ip_u/inst/i_synth/MULT.OP/i_non_prim.MULT/DSP48E1_SPD_SGL_VARIANT.FIX_MULT/DSP1/i_no_versal_es1_workaround.DSP/DSP_MULTIPLIER_INST/V[43]
                         net (fo=1, routed)           0.000     0.682    bd_0_i/hls_inst/inst/grp_MLP_Pipeline_VITIS_LOOP_77_3_fu_1157/fmul_32ns_32ns_32_3_max_dsp_1_U117/MLP_fmul_32ns_32ns_32_3_max_dsp_1_ip_u/inst/i_synth/MULT.OP/i_non_prim.MULT/DSP48E1_SPD_SGL_VARIANT.FIX_MULT/DSP1/i_no_versal_es1_workaround.DSP/DSP_MULTIPLIER.V<43>
    DSP48E2_X3Y58        DSP_M_DATA (Prop_DSP_M_DATA_DSP48E2_V[43]_V_DATA[43])
                                                      0.046     0.728 r  bd_0_i/hls_inst/inst/grp_MLP_Pipeline_VITIS_LOOP_77_3_fu_1157/fmul_32ns_32ns_32_3_max_dsp_1_U117/MLP_fmul_32ns_32ns_32_3_max_dsp_1_ip_u/inst/i_synth/MULT.OP/i_non_prim.MULT/DSP48E1_SPD_SGL_VARIANT.FIX_MULT/DSP1/i_no_versal_es1_workaround.DSP/DSP_M_DATA_INST/V_DATA[43]
                         net (fo=1, routed)           0.000     0.728    bd_0_i/hls_inst/inst/grp_MLP_Pipeline_VITIS_LOOP_77_3_fu_1157/fmul_32ns_32ns_32_3_max_dsp_1_U117/MLP_fmul_32ns_32ns_32_3_max_dsp_1_ip_u/inst/i_synth/MULT.OP/i_non_prim.MULT/DSP48E1_SPD_SGL_VARIANT.FIX_MULT/DSP1/i_no_versal_es1_workaround.DSP/DSP_M_DATA.V_DATA<43>
    DSP48E2_X3Y58        DSP_ALU (Prop_DSP_ALU_DSP48E2_V_DATA[43]_ALU_OUT[47])
                                                      0.571     1.299 f  bd_0_i/hls_inst/inst/grp_MLP_Pipeline_VITIS_LOOP_77_3_fu_1157/fmul_32ns_32ns_32_3_max_dsp_1_U117/MLP_fmul_32ns_32ns_32_3_max_dsp_1_ip_u/inst/i_synth/MULT.OP/i_non_prim.MULT/DSP48E1_SPD_SGL_VARIANT.FIX_MULT/DSP1/i_no_versal_es1_workaround.DSP/DSP_ALU_INST/ALU_OUT[47]
                         net (fo=1, routed)           0.000     1.299    bd_0_i/hls_inst/inst/grp_MLP_Pipeline_VITIS_LOOP_77_3_fu_1157/fmul_32ns_32ns_32_3_max_dsp_1_U117/MLP_fmul_32ns_32ns_32_3_max_dsp_1_ip_u/inst/i_synth/MULT.OP/i_non_prim.MULT/DSP48E1_SPD_SGL_VARIANT.FIX_MULT/DSP1/i_no_versal_es1_workaround.DSP/DSP_ALU.ALU_OUT<47>
    DSP48E2_X3Y58        DSP_OUTPUT (Prop_DSP_OUTPUT_DSP48E2_ALU_OUT[47]_PCOUT[47])
                                                      0.122     1.421 r  bd_0_i/hls_inst/inst/grp_MLP_Pipeline_VITIS_LOOP_77_3_fu_1157/fmul_32ns_32ns_32_3_max_dsp_1_U117/MLP_fmul_32ns_32ns_32_3_max_dsp_1_ip_u/inst/i_synth/MULT.OP/i_non_prim.MULT/DSP48E1_SPD_SGL_VARIANT.FIX_MULT/DSP1/i_no_versal_es1_workaround.DSP/DSP_OUTPUT_INST/PCOUT[47]
                         net (fo=1, routed)           0.014     1.435    bd_0_i/hls_inst/inst/grp_MLP_Pipeline_VITIS_LOOP_77_3_fu_1157/fmul_32ns_32ns_32_3_max_dsp_1_U117/MLP_fmul_32ns_32ns_32_3_max_dsp_1_ip_u/inst/i_synth/MULT.OP/i_non_prim.MULT/DSP48E1_SPD_SGL_VARIANT.FIX_MULT/DSP2/i_no_versal_es1_workaround.DSP/PCIN[47]
    DSP48E2_X3Y59        DSP_ALU (Prop_DSP_ALU_DSP48E2_PCIN[47]_ALU_OUT[30])
                                                      0.546     1.981 f  bd_0_i/hls_inst/inst/grp_MLP_Pipeline_VITIS_LOOP_77_3_fu_1157/fmul_32ns_32ns_32_3_max_dsp_1_U117/MLP_fmul_32ns_32ns_32_3_max_dsp_1_ip_u/inst/i_synth/MULT.OP/i_non_prim.MULT/DSP48E1_SPD_SGL_VARIANT.FIX_MULT/DSP2/i_no_versal_es1_workaround.DSP/DSP_ALU_INST/ALU_OUT[30]
                         net (fo=1, routed)           0.000     1.981    bd_0_i/hls_inst/inst/grp_MLP_Pipeline_VITIS_LOOP_77_3_fu_1157/fmul_32ns_32ns_32_3_max_dsp_1_U117/MLP_fmul_32ns_32ns_32_3_max_dsp_1_ip_u/inst/i_synth/MULT.OP/i_non_prim.MULT/DSP48E1_SPD_SGL_VARIANT.FIX_MULT/DSP2/i_no_versal_es1_workaround.DSP/DSP_ALU.ALU_OUT<30>
    DSP48E2_X3Y59        DSP_OUTPUT (Prop_DSP_OUTPUT_DSP48E2_ALU_OUT[30]_P[30])
                                                      0.109     2.090 r  bd_0_i/hls_inst/inst/grp_MLP_Pipeline_VITIS_LOOP_77_3_fu_1157/fmul_32ns_32ns_32_3_max_dsp_1_U117/MLP_fmul_32ns_32ns_32_3_max_dsp_1_ip_u/inst/i_synth/MULT.OP/i_non_prim.MULT/DSP48E1_SPD_SGL_VARIANT.FIX_MULT/DSP2/i_no_versal_es1_workaround.DSP/DSP_OUTPUT_INST/P[30]
                         net (fo=33, routed)          0.833     2.923    bd_0_i/hls_inst/inst/grp_MLP_Pipeline_VITIS_LOOP_77_3_fu_1157/fmul_32ns_32ns_32_3_max_dsp_1_U117/MLP_fmul_32ns_32ns_32_3_max_dsp_1_ip_u/inst/i_synth/MULT.OP/i_non_prim.EXP/EXP_ADD.C_CHAIN/RESULT[0]
    SLICE_X36Y149        LUT6 (Prop_G6LUT_SLICEL_I1_O)
                                                      0.123     3.046 r  bd_0_i/hls_inst/inst/grp_MLP_Pipeline_VITIS_LOOP_77_3_fu_1157/fmul_32ns_32ns_32_3_max_dsp_1_U117/MLP_fmul_32ns_32ns_32_3_max_dsp_1_ip_u/inst/i_synth/MULT.OP/i_non_prim.EXP/EXP_ADD.C_CHAIN/RESULT_REG.NORMAL.exp_op[7]_i_7/O
                         net (fo=1, routed)           0.088     3.134    bd_0_i/hls_inst/inst/grp_MLP_Pipeline_VITIS_LOOP_77_3_fu_1157/fmul_32ns_32ns_32_3_max_dsp_1_U117/MLP_fmul_32ns_32ns_32_3_max_dsp_1_ip_u/inst/i_synth/MULT.OP/i_non_prim.EXP/EXP_ADD.C_CHAIN/RESULT_REG.NORMAL.exp_op[7]_i_7_n_5
    SLICE_X36Y148        LUT6 (Prop_F6LUT_SLICEL_I2_O)
                                                      0.097     3.231 r  bd_0_i/hls_inst/inst/grp_MLP_Pipeline_VITIS_LOOP_77_3_fu_1157/fmul_32ns_32ns_32_3_max_dsp_1_U117/MLP_fmul_32ns_32ns_32_3_max_dsp_1_ip_u/inst/i_synth/MULT.OP/i_non_prim.EXP/EXP_ADD.C_CHAIN/RESULT_REG.NORMAL.exp_op[7]_i_3/O
                         net (fo=11, routed)          0.548     3.779    bd_0_i/hls_inst/inst/grp_MLP_Pipeline_VITIS_LOOP_77_3_fu_1157/fmul_32ns_32ns_32_3_max_dsp_1_U117/MLP_fmul_32ns_32ns_32_3_max_dsp_1_ip_u/inst/i_synth/MULT.OP/i_non_prim.EXP/EXP_ADD.C_CHAIN/state_int_up[0]
    SLICE_X39Y149        LUT2 (Prop_D5LUT_SLICEM_I0_O)
                                                      0.097     3.876 r  bd_0_i/hls_inst/inst/grp_MLP_Pipeline_VITIS_LOOP_77_3_fu_1157/fmul_32ns_32ns_32_3_max_dsp_1_U117/MLP_fmul_32ns_32ns_32_3_max_dsp_1_ip_u/inst/i_synth/MULT.OP/i_non_prim.EXP/EXP_ADD.C_CHAIN/RESULT_REG.NORMAL.mant_op[21]_i_1/O
                         net (fo=22, routed)          0.426     4.302    bd_0_i/hls_inst/inst/grp_MLP_Pipeline_VITIS_LOOP_77_3_fu_1157/fmul_32ns_32ns_32_3_max_dsp_1_U117/MLP_fmul_32ns_32ns_32_3_max_dsp_1_ip_u/inst/i_synth/MULT.OP/i_non_prim.OP/state_op[0]
    SLICE_X40Y148        FDRE                                         r  bd_0_i/hls_inst/inst/grp_MLP_Pipeline_VITIS_LOOP_77_3_fu_1157/fmul_32ns_32ns_32_3_max_dsp_1_U117/MLP_fmul_32ns_32ns_32_3_max_dsp_1_ip_u/inst/i_synth/MULT.OP/i_non_prim.OP/RESULT_REG.NORMAL.mant_op_reg[16]/R
  -------------------------------------------------------------------    -------------------

                         (clock ap_clk rise edge)     0.000     0.000 r  
                                                      0.000     0.000 r  ap_clk (IN)
                         net (fo=29822, unset)        0.021     0.021    bd_0_i/hls_inst/inst/grp_MLP_Pipeline_VITIS_LOOP_77_3_fu_1157/fmul_32ns_32ns_32_3_max_dsp_1_U117/MLP_fmul_32ns_32ns_32_3_max_dsp_1_ip_u/inst/i_synth/MULT.OP/i_non_prim.OP/aclk
    SLICE_X40Y148        FDRE                                         r  bd_0_i/hls_inst/inst/grp_MLP_Pipeline_VITIS_LOOP_77_3_fu_1157/fmul_32ns_32ns_32_3_max_dsp_1_U117/MLP_fmul_32ns_32ns_32_3_max_dsp_1_ip_u/inst/i_synth/MULT.OP/i_non_prim.OP/RESULT_REG.NORMAL.mant_op_reg[16]/C

Slack:                    inf
  Source:                 bd_0_i/hls_inst/inst/grp_MLP_Pipeline_VITIS_LOOP_77_3_fu_1157/fmul_32ns_32ns_32_3_max_dsp_1_U117/MLP_fmul_32ns_32ns_32_3_max_dsp_1_ip_u/inst/i_synth/MULT.OP/i_non_prim.MULT/DSP48E1_SPD_SGL_VARIANT.FIX_MULT/DSP1/i_no_versal_es1_workaround.DSP/DSP_A_B_DATA_INST/B2_DATA[17]
                            (internal pin)
  Destination:            bd_0_i/hls_inst/inst/grp_MLP_Pipeline_VITIS_LOOP_77_3_fu_1157/fmul_32ns_32ns_32_3_max_dsp_1_U117/MLP_fmul_32ns_32ns_32_3_max_dsp_1_ip_u/inst/i_synth/MULT.OP/i_non_prim.OP/RESULT_REG.NORMAL.mant_op_reg[17]/R
                            (rising edge-triggered cell FDRE clocked by ap_clk  {rise@0.000ns fall@5.000ns period=10.000ns})
  Path Group:             (none)
  Path Type:              Setup (Max at Slow Process Corner)
  Data Path Delay:        4.302ns  (logic 2.393ns (55.622%)  route 1.909ns (44.378%))
  Logic Levels:           10  (DSP_ALU=2 DSP_M_DATA=1 DSP_MULTIPLIER=1 DSP_OUTPUT=2 DSP_PREADD_DATA=1 LUT2=1 LUT6=2)
  Clock Uncertainty:      0.025ns  ((TSJ^2 + TIJ^2)^1/2 + DJ) / 2 + PE
    Total System Jitter     (TSJ):    0.050ns
    Total Input Jitter      (TIJ):    0.000ns
    Discrete Jitter          (DJ):    0.000ns
    Phase Error              (PE):    0.000ns

    Location             Delay type                Incr(ns)  Path(ns)    Netlist Resource(s)
  -------------------------------------------------------------------    -------------------
    DSP48E2_X3Y58        DSP_A_B_DATA                 0.000     0.000 r  bd_0_i/hls_inst/inst/grp_MLP_Pipeline_VITIS_LOOP_77_3_fu_1157/fmul_32ns_32ns_32_3_max_dsp_1_U117/MLP_fmul_32ns_32ns_32_3_max_dsp_1_ip_u/inst/i_synth/MULT.OP/i_non_prim.MULT/DSP48E1_SPD_SGL_VARIANT.FIX_MULT/DSP1/i_no_versal_es1_workaround.DSP/DSP_A_B_DATA_INST/B2_DATA[17]
                         net (fo=1, routed)           0.000     0.000    bd_0_i/hls_inst/inst/grp_MLP_Pipeline_VITIS_LOOP_77_3_fu_1157/fmul_32ns_32ns_32_3_max_dsp_1_U117/MLP_fmul_32ns_32ns_32_3_max_dsp_1_ip_u/inst/i_synth/MULT.OP/i_non_prim.MULT/DSP48E1_SPD_SGL_VARIANT.FIX_MULT/DSP1/i_no_versal_es1_workaround.DSP/DSP_A_B_DATA.B2_DATA<17>
    DSP48E2_X3Y58        DSP_PREADD_DATA (Prop_DSP_PREADD_DATA_DSP48E2_B2_DATA[17]_B2B1[17])
                                                      0.073     0.073 r  bd_0_i/hls_inst/inst/grp_MLP_Pipeline_VITIS_LOOP_77_3_fu_1157/fmul_32ns_32ns_32_3_max_dsp_1_U117/MLP_fmul_32ns_32ns_32_3_max_dsp_1_ip_u/inst/i_synth/MULT.OP/i_non_prim.MULT/DSP48E1_SPD_SGL_VARIANT.FIX_MULT/DSP1/i_no_versal_es1_workaround.DSP/DSP_PREADD_DATA_INST/B2B1[17]
                         net (fo=1, routed)           0.000     0.073    bd_0_i/hls_inst/inst/grp_MLP_Pipeline_VITIS_LOOP_77_3_fu_1157/fmul_32ns_32ns_32_3_max_dsp_1_U117/MLP_fmul_32ns_32ns_32_3_max_dsp_1_ip_u/inst/i_synth/MULT.OP/i_non_prim.MULT/DSP48E1_SPD_SGL_VARIANT.FIX_MULT/DSP1/i_no_versal_es1_workaround.DSP/DSP_PREADD_DATA.B2B1<17>
    DSP48E2_X3Y58        DSP_MULTIPLIER (Prop_DSP_MULTIPLIER_DSP48E2_B2B1[17]_V[43])
                                                      0.609     0.682 f  bd_0_i/hls_inst/inst/grp_MLP_Pipeline_VITIS_LOOP_77_3_fu_1157/fmul_32ns_32ns_32_3_max_dsp_1_U117/MLP_fmul_32ns_32ns_32_3_max_dsp_1_ip_u/inst/i_synth/MULT.OP/i_non_prim.MULT/DSP48E1_SPD_SGL_VARIANT.FIX_MULT/DSP1/i_no_versal_es1_workaround.DSP/DSP_MULTIPLIER_INST/V[43]
                         net (fo=1, routed)           0.000     0.682    bd_0_i/hls_inst/inst/grp_MLP_Pipeline_VITIS_LOOP_77_3_fu_1157/fmul_32ns_32ns_32_3_max_dsp_1_U117/MLP_fmul_32ns_32ns_32_3_max_dsp_1_ip_u/inst/i_synth/MULT.OP/i_non_prim.MULT/DSP48E1_SPD_SGL_VARIANT.FIX_MULT/DSP1/i_no_versal_es1_workaround.DSP/DSP_MULTIPLIER.V<43>
    DSP48E2_X3Y58        DSP_M_DATA (Prop_DSP_M_DATA_DSP48E2_V[43]_V_DATA[43])
                                                      0.046     0.728 r  bd_0_i/hls_inst/inst/grp_MLP_Pipeline_VITIS_LOOP_77_3_fu_1157/fmul_32ns_32ns_32_3_max_dsp_1_U117/MLP_fmul_32ns_32ns_32_3_max_dsp_1_ip_u/inst/i_synth/MULT.OP/i_non_prim.MULT/DSP48E1_SPD_SGL_VARIANT.FIX_MULT/DSP1/i_no_versal_es1_workaround.DSP/DSP_M_DATA_INST/V_DATA[43]
                         net (fo=1, routed)           0.000     0.728    bd_0_i/hls_inst/inst/grp_MLP_Pipeline_VITIS_LOOP_77_3_fu_1157/fmul_32ns_32ns_32_3_max_dsp_1_U117/MLP_fmul_32ns_32ns_32_3_max_dsp_1_ip_u/inst/i_synth/MULT.OP/i_non_prim.MULT/DSP48E1_SPD_SGL_VARIANT.FIX_MULT/DSP1/i_no_versal_es1_workaround.DSP/DSP_M_DATA.V_DATA<43>
    DSP48E2_X3Y58        DSP_ALU (Prop_DSP_ALU_DSP48E2_V_DATA[43]_ALU_OUT[47])
                                                      0.571     1.299 f  bd_0_i/hls_inst/inst/grp_MLP_Pipeline_VITIS_LOOP_77_3_fu_1157/fmul_32ns_32ns_32_3_max_dsp_1_U117/MLP_fmul_32ns_32ns_32_3_max_dsp_1_ip_u/inst/i_synth/MULT.OP/i_non_prim.MULT/DSP48E1_SPD_SGL_VARIANT.FIX_MULT/DSP1/i_no_versal_es1_workaround.DSP/DSP_ALU_INST/ALU_OUT[47]
                         net (fo=1, routed)           0.000     1.299    bd_0_i/hls_inst/inst/grp_MLP_Pipeline_VITIS_LOOP_77_3_fu_1157/fmul_32ns_32ns_32_3_max_dsp_1_U117/MLP_fmul_32ns_32ns_32_3_max_dsp_1_ip_u/inst/i_synth/MULT.OP/i_non_prim.MULT/DSP48E1_SPD_SGL_VARIANT.FIX_MULT/DSP1/i_no_versal_es1_workaround.DSP/DSP_ALU.ALU_OUT<47>
    DSP48E2_X3Y58        DSP_OUTPUT (Prop_DSP_OUTPUT_DSP48E2_ALU_OUT[47]_PCOUT[47])
                                                      0.122     1.421 r  bd_0_i/hls_inst/inst/grp_MLP_Pipeline_VITIS_LOOP_77_3_fu_1157/fmul_32ns_32ns_32_3_max_dsp_1_U117/MLP_fmul_32ns_32ns_32_3_max_dsp_1_ip_u/inst/i_synth/MULT.OP/i_non_prim.MULT/DSP48E1_SPD_SGL_VARIANT.FIX_MULT/DSP1/i_no_versal_es1_workaround.DSP/DSP_OUTPUT_INST/PCOUT[47]
                         net (fo=1, routed)           0.014     1.435    bd_0_i/hls_inst/inst/grp_MLP_Pipeline_VITIS_LOOP_77_3_fu_1157/fmul_32ns_32ns_32_3_max_dsp_1_U117/MLP_fmul_32ns_32ns_32_3_max_dsp_1_ip_u/inst/i_synth/MULT.OP/i_non_prim.MULT/DSP48E1_SPD_SGL_VARIANT.FIX_MULT/DSP2/i_no_versal_es1_workaround.DSP/PCIN[47]
    DSP48E2_X3Y59        DSP_ALU (Prop_DSP_ALU_DSP48E2_PCIN[47]_ALU_OUT[30])
                                                      0.546     1.981 f  bd_0_i/hls_inst/inst/grp_MLP_Pipeline_VITIS_LOOP_77_3_fu_1157/fmul_32ns_32ns_32_3_max_dsp_1_U117/MLP_fmul_32ns_32ns_32_3_max_dsp_1_ip_u/inst/i_synth/MULT.OP/i_non_prim.MULT/DSP48E1_SPD_SGL_VARIANT.FIX_MULT/DSP2/i_no_versal_es1_workaround.DSP/DSP_ALU_INST/ALU_OUT[30]
                         net (fo=1, routed)           0.000     1.981    bd_0_i/hls_inst/inst/grp_MLP_Pipeline_VITIS_LOOP_77_3_fu_1157/fmul_32ns_32ns_32_3_max_dsp_1_U117/MLP_fmul_32ns_32ns_32_3_max_dsp_1_ip_u/inst/i_synth/MULT.OP/i_non_prim.MULT/DSP48E1_SPD_SGL_VARIANT.FIX_MULT/DSP2/i_no_versal_es1_workaround.DSP/DSP_ALU.ALU_OUT<30>
    DSP48E2_X3Y59        DSP_OUTPUT (Prop_DSP_OUTPUT_DSP48E2_ALU_OUT[30]_P[30])
                                                      0.109     2.090 r  bd_0_i/hls_inst/inst/grp_MLP_Pipeline_VITIS_LOOP_77_3_fu_1157/fmul_32ns_32ns_32_3_max_dsp_1_U117/MLP_fmul_32ns_32ns_32_3_max_dsp_1_ip_u/inst/i_synth/MULT.OP/i_non_prim.MULT/DSP48E1_SPD_SGL_VARIANT.FIX_MULT/DSP2/i_no_versal_es1_workaround.DSP/DSP_OUTPUT_INST/P[30]
                         net (fo=33, routed)          0.833     2.923    bd_0_i/hls_inst/inst/grp_MLP_Pipeline_VITIS_LOOP_77_3_fu_1157/fmul_32ns_32ns_32_3_max_dsp_1_U117/MLP_fmul_32ns_32ns_32_3_max_dsp_1_ip_u/inst/i_synth/MULT.OP/i_non_prim.EXP/EXP_ADD.C_CHAIN/RESULT[0]
    SLICE_X36Y149        LUT6 (Prop_G6LUT_SLICEL_I1_O)
                                                      0.123     3.046 r  bd_0_i/hls_inst/inst/grp_MLP_Pipeline_VITIS_LOOP_77_3_fu_1157/fmul_32ns_32ns_32_3_max_dsp_1_U117/MLP_fmul_32ns_32ns_32_3_max_dsp_1_ip_u/inst/i_synth/MULT.OP/i_non_prim.EXP/EXP_ADD.C_CHAIN/RESULT_REG.NORMAL.exp_op[7]_i_7/O
                         net (fo=1, routed)           0.088     3.134    bd_0_i/hls_inst/inst/grp_MLP_Pipeline_VITIS_LOOP_77_3_fu_1157/fmul_32ns_32ns_32_3_max_dsp_1_U117/MLP_fmul_32ns_32ns_32_3_max_dsp_1_ip_u/inst/i_synth/MULT.OP/i_non_prim.EXP/EXP_ADD.C_CHAIN/RESULT_REG.NORMAL.exp_op[7]_i_7_n_5
    SLICE_X36Y148        LUT6 (Prop_F6LUT_SLICEL_I2_O)
                                                      0.097     3.231 r  bd_0_i/hls_inst/inst/grp_MLP_Pipeline_VITIS_LOOP_77_3_fu_1157/fmul_32ns_32ns_32_3_max_dsp_1_U117/MLP_fmul_32ns_32ns_32_3_max_dsp_1_ip_u/inst/i_synth/MULT.OP/i_non_prim.EXP/EXP_ADD.C_CHAIN/RESULT_REG.NORMAL.exp_op[7]_i_3/O
                         net (fo=11, routed)          0.548     3.779    bd_0_i/hls_inst/inst/grp_MLP_Pipeline_VITIS_LOOP_77_3_fu_1157/fmul_32ns_32ns_32_3_max_dsp_1_U117/MLP_fmul_32ns_32ns_32_3_max_dsp_1_ip_u/inst/i_synth/MULT.OP/i_non_prim.EXP/EXP_ADD.C_CHAIN/state_int_up[0]
    SLICE_X39Y149        LUT2 (Prop_D5LUT_SLICEM_I0_O)
                                                      0.097     3.876 r  bd_0_i/hls_inst/inst/grp_MLP_Pipeline_VITIS_LOOP_77_3_fu_1157/fmul_32ns_32ns_32_3_max_dsp_1_U117/MLP_fmul_32ns_32ns_32_3_max_dsp_1_ip_u/inst/i_synth/MULT.OP/i_non_prim.EXP/EXP_ADD.C_CHAIN/RESULT_REG.NORMAL.mant_op[21]_i_1/O
                         net (fo=22, routed)          0.426     4.302    bd_0_i/hls_inst/inst/grp_MLP_Pipeline_VITIS_LOOP_77_3_fu_1157/fmul_32ns_32ns_32_3_max_dsp_1_U117/MLP_fmul_32ns_32ns_32_3_max_dsp_1_ip_u/inst/i_synth/MULT.OP/i_non_prim.OP/state_op[0]
    SLICE_X40Y148        FDRE                                         r  bd_0_i/hls_inst/inst/grp_MLP_Pipeline_VITIS_LOOP_77_3_fu_1157/fmul_32ns_32ns_32_3_max_dsp_1_U117/MLP_fmul_32ns_32ns_32_3_max_dsp_1_ip_u/inst/i_synth/MULT.OP/i_non_prim.OP/RESULT_REG.NORMAL.mant_op_reg[17]/R
  -------------------------------------------------------------------    -------------------

                         (clock ap_clk rise edge)     0.000     0.000 r  
                                                      0.000     0.000 r  ap_clk (IN)
                         net (fo=29822, unset)        0.021     0.021    bd_0_i/hls_inst/inst/grp_MLP_Pipeline_VITIS_LOOP_77_3_fu_1157/fmul_32ns_32ns_32_3_max_dsp_1_U117/MLP_fmul_32ns_32ns_32_3_max_dsp_1_ip_u/inst/i_synth/MULT.OP/i_non_prim.OP/aclk
    SLICE_X40Y148        FDRE                                         r  bd_0_i/hls_inst/inst/grp_MLP_Pipeline_VITIS_LOOP_77_3_fu_1157/fmul_32ns_32ns_32_3_max_dsp_1_U117/MLP_fmul_32ns_32ns_32_3_max_dsp_1_ip_u/inst/i_synth/MULT.OP/i_non_prim.OP/RESULT_REG.NORMAL.mant_op_reg[17]/C

Slack:                    inf
  Source:                 bd_0_i/hls_inst/inst/grp_MLP_Pipeline_VITIS_LOOP_77_3_fu_1157/fmul_32ns_32ns_32_3_max_dsp_1_U117/MLP_fmul_32ns_32ns_32_3_max_dsp_1_ip_u/inst/i_synth/MULT.OP/i_non_prim.MULT/DSP48E1_SPD_SGL_VARIANT.FIX_MULT/DSP1/i_no_versal_es1_workaround.DSP/DSP_A_B_DATA_INST/B2_DATA[17]
                            (internal pin)
  Destination:            bd_0_i/hls_inst/inst/grp_MLP_Pipeline_VITIS_LOOP_77_3_fu_1157/fmul_32ns_32ns_32_3_max_dsp_1_U117/MLP_fmul_32ns_32ns_32_3_max_dsp_1_ip_u/inst/i_synth/MULT.OP/i_non_prim.OP/RESULT_REG.NORMAL.mant_op_reg[1]/R
                            (rising edge-triggered cell FDRE clocked by ap_clk  {rise@0.000ns fall@5.000ns period=10.000ns})
  Path Group:             (none)
  Path Type:              Setup (Max at Slow Process Corner)
  Data Path Delay:        4.302ns  (logic 2.393ns (55.622%)  route 1.909ns (44.378%))
  Logic Levels:           10  (DSP_ALU=2 DSP_M_DATA=1 DSP_MULTIPLIER=1 DSP_OUTPUT=2 DSP_PREADD_DATA=1 LUT2=1 LUT6=2)
  Clock Uncertainty:      0.025ns  ((TSJ^2 + TIJ^2)^1/2 + DJ) / 2 + PE
    Total System Jitter     (TSJ):    0.050ns
    Total Input Jitter      (TIJ):    0.000ns
    Discrete Jitter          (DJ):    0.000ns
    Phase Error              (PE):    0.000ns

    Location             Delay type                Incr(ns)  Path(ns)    Netlist Resource(s)
  -------------------------------------------------------------------    -------------------
    DSP48E2_X3Y58        DSP_A_B_DATA                 0.000     0.000 r  bd_0_i/hls_inst/inst/grp_MLP_Pipeline_VITIS_LOOP_77_3_fu_1157/fmul_32ns_32ns_32_3_max_dsp_1_U117/MLP_fmul_32ns_32ns_32_3_max_dsp_1_ip_u/inst/i_synth/MULT.OP/i_non_prim.MULT/DSP48E1_SPD_SGL_VARIANT.FIX_MULT/DSP1/i_no_versal_es1_workaround.DSP/DSP_A_B_DATA_INST/B2_DATA[17]
                         net (fo=1, routed)           0.000     0.000    bd_0_i/hls_inst/inst/grp_MLP_Pipeline_VITIS_LOOP_77_3_fu_1157/fmul_32ns_32ns_32_3_max_dsp_1_U117/MLP_fmul_32ns_32ns_32_3_max_dsp_1_ip_u/inst/i_synth/MULT.OP/i_non_prim.MULT/DSP48E1_SPD_SGL_VARIANT.FIX_MULT/DSP1/i_no_versal_es1_workaround.DSP/DSP_A_B_DATA.B2_DATA<17>
    DSP48E2_X3Y58        DSP_PREADD_DATA (Prop_DSP_PREADD_DATA_DSP48E2_B2_DATA[17]_B2B1[17])
                                                      0.073     0.073 r  bd_0_i/hls_inst/inst/grp_MLP_Pipeline_VITIS_LOOP_77_3_fu_1157/fmul_32ns_32ns_32_3_max_dsp_1_U117/MLP_fmul_32ns_32ns_32_3_max_dsp_1_ip_u/inst/i_synth/MULT.OP/i_non_prim.MULT/DSP48E1_SPD_SGL_VARIANT.FIX_MULT/DSP1/i_no_versal_es1_workaround.DSP/DSP_PREADD_DATA_INST/B2B1[17]
                         net (fo=1, routed)           0.000     0.073    bd_0_i/hls_inst/inst/grp_MLP_Pipeline_VITIS_LOOP_77_3_fu_1157/fmul_32ns_32ns_32_3_max_dsp_1_U117/MLP_fmul_32ns_32ns_32_3_max_dsp_1_ip_u/inst/i_synth/MULT.OP/i_non_prim.MULT/DSP48E1_SPD_SGL_VARIANT.FIX_MULT/DSP1/i_no_versal_es1_workaround.DSP/DSP_PREADD_DATA.B2B1<17>
    DSP48E2_X3Y58        DSP_MULTIPLIER (Prop_DSP_MULTIPLIER_DSP48E2_B2B1[17]_V[43])
                                                      0.609     0.682 f  bd_0_i/hls_inst/inst/grp_MLP_Pipeline_VITIS_LOOP_77_3_fu_1157/fmul_32ns_32ns_32_3_max_dsp_1_U117/MLP_fmul_32ns_32ns_32_3_max_dsp_1_ip_u/inst/i_synth/MULT.OP/i_non_prim.MULT/DSP48E1_SPD_SGL_VARIANT.FIX_MULT/DSP1/i_no_versal_es1_workaround.DSP/DSP_MULTIPLIER_INST/V[43]
                         net (fo=1, routed)           0.000     0.682    bd_0_i/hls_inst/inst/grp_MLP_Pipeline_VITIS_LOOP_77_3_fu_1157/fmul_32ns_32ns_32_3_max_dsp_1_U117/MLP_fmul_32ns_32ns_32_3_max_dsp_1_ip_u/inst/i_synth/MULT.OP/i_non_prim.MULT/DSP48E1_SPD_SGL_VARIANT.FIX_MULT/DSP1/i_no_versal_es1_workaround.DSP/DSP_MULTIPLIER.V<43>
    DSP48E2_X3Y58        DSP_M_DATA (Prop_DSP_M_DATA_DSP48E2_V[43]_V_DATA[43])
                                                      0.046     0.728 r  bd_0_i/hls_inst/inst/grp_MLP_Pipeline_VITIS_LOOP_77_3_fu_1157/fmul_32ns_32ns_32_3_max_dsp_1_U117/MLP_fmul_32ns_32ns_32_3_max_dsp_1_ip_u/inst/i_synth/MULT.OP/i_non_prim.MULT/DSP48E1_SPD_SGL_VARIANT.FIX_MULT/DSP1/i_no_versal_es1_workaround.DSP/DSP_M_DATA_INST/V_DATA[43]
                         net (fo=1, routed)           0.000     0.728    bd_0_i/hls_inst/inst/grp_MLP_Pipeline_VITIS_LOOP_77_3_fu_1157/fmul_32ns_32ns_32_3_max_dsp_1_U117/MLP_fmul_32ns_32ns_32_3_max_dsp_1_ip_u/inst/i_synth/MULT.OP/i_non_prim.MULT/DSP48E1_SPD_SGL_VARIANT.FIX_MULT/DSP1/i_no_versal_es1_workaround.DSP/DSP_M_DATA.V_DATA<43>
    DSP48E2_X3Y58        DSP_ALU (Prop_DSP_ALU_DSP48E2_V_DATA[43]_ALU_OUT[47])
                                                      0.571     1.299 f  bd_0_i/hls_inst/inst/grp_MLP_Pipeline_VITIS_LOOP_77_3_fu_1157/fmul_32ns_32ns_32_3_max_dsp_1_U117/MLP_fmul_32ns_32ns_32_3_max_dsp_1_ip_u/inst/i_synth/MULT.OP/i_non_prim.MULT/DSP48E1_SPD_SGL_VARIANT.FIX_MULT/DSP1/i_no_versal_es1_workaround.DSP/DSP_ALU_INST/ALU_OUT[47]
                         net (fo=1, routed)           0.000     1.299    bd_0_i/hls_inst/inst/grp_MLP_Pipeline_VITIS_LOOP_77_3_fu_1157/fmul_32ns_32ns_32_3_max_dsp_1_U117/MLP_fmul_32ns_32ns_32_3_max_dsp_1_ip_u/inst/i_synth/MULT.OP/i_non_prim.MULT/DSP48E1_SPD_SGL_VARIANT.FIX_MULT/DSP1/i_no_versal_es1_workaround.DSP/DSP_ALU.ALU_OUT<47>
    DSP48E2_X3Y58        DSP_OUTPUT (Prop_DSP_OUTPUT_DSP48E2_ALU_OUT[47]_PCOUT[47])
                                                      0.122     1.421 r  bd_0_i/hls_inst/inst/grp_MLP_Pipeline_VITIS_LOOP_77_3_fu_1157/fmul_32ns_32ns_32_3_max_dsp_1_U117/MLP_fmul_32ns_32ns_32_3_max_dsp_1_ip_u/inst/i_synth/MULT.OP/i_non_prim.MULT/DSP48E1_SPD_SGL_VARIANT.FIX_MULT/DSP1/i_no_versal_es1_workaround.DSP/DSP_OUTPUT_INST/PCOUT[47]
                         net (fo=1, routed)           0.014     1.435    bd_0_i/hls_inst/inst/grp_MLP_Pipeline_VITIS_LOOP_77_3_fu_1157/fmul_32ns_32ns_32_3_max_dsp_1_U117/MLP_fmul_32ns_32ns_32_3_max_dsp_1_ip_u/inst/i_synth/MULT.OP/i_non_prim.MULT/DSP48E1_SPD_SGL_VARIANT.FIX_MULT/DSP2/i_no_versal_es1_workaround.DSP/PCIN[47]
    DSP48E2_X3Y59        DSP_ALU (Prop_DSP_ALU_DSP48E2_PCIN[47]_ALU_OUT[30])
                                                      0.546     1.981 f  bd_0_i/hls_inst/inst/grp_MLP_Pipeline_VITIS_LOOP_77_3_fu_1157/fmul_32ns_32ns_32_3_max_dsp_1_U117/MLP_fmul_32ns_32ns_32_3_max_dsp_1_ip_u/inst/i_synth/MULT.OP/i_non_prim.MULT/DSP48E1_SPD_SGL_VARIANT.FIX_MULT/DSP2/i_no_versal_es1_workaround.DSP/DSP_ALU_INST/ALU_OUT[30]
                         net (fo=1, routed)           0.000     1.981    bd_0_i/hls_inst/inst/grp_MLP_Pipeline_VITIS_LOOP_77_3_fu_1157/fmul_32ns_32ns_32_3_max_dsp_1_U117/MLP_fmul_32ns_32ns_32_3_max_dsp_1_ip_u/inst/i_synth/MULT.OP/i_non_prim.MULT/DSP48E1_SPD_SGL_VARIANT.FIX_MULT/DSP2/i_no_versal_es1_workaround.DSP/DSP_ALU.ALU_OUT<30>
    DSP48E2_X3Y59        DSP_OUTPUT (Prop_DSP_OUTPUT_DSP48E2_ALU_OUT[30]_P[30])
                                                      0.109     2.090 r  bd_0_i/hls_inst/inst/grp_MLP_Pipeline_VITIS_LOOP_77_3_fu_1157/fmul_32ns_32ns_32_3_max_dsp_1_U117/MLP_fmul_32ns_32ns_32_3_max_dsp_1_ip_u/inst/i_synth/MULT.OP/i_non_prim.MULT/DSP48E1_SPD_SGL_VARIANT.FIX_MULT/DSP2/i_no_versal_es1_workaround.DSP/DSP_OUTPUT_INST/P[30]
                         net (fo=33, routed)          0.833     2.923    bd_0_i/hls_inst/inst/grp_MLP_Pipeline_VITIS_LOOP_77_3_fu_1157/fmul_32ns_32ns_32_3_max_dsp_1_U117/MLP_fmul_32ns_32ns_32_3_max_dsp_1_ip_u/inst/i_synth/MULT.OP/i_non_prim.EXP/EXP_ADD.C_CHAIN/RESULT[0]
    SLICE_X36Y149        LUT6 (Prop_G6LUT_SLICEL_I1_O)
                                                      0.123     3.046 r  bd_0_i/hls_inst/inst/grp_MLP_Pipeline_VITIS_LOOP_77_3_fu_1157/fmul_32ns_32ns_32_3_max_dsp_1_U117/MLP_fmul_32ns_32ns_32_3_max_dsp_1_ip_u/inst/i_synth/MULT.OP/i_non_prim.EXP/EXP_ADD.C_CHAIN/RESULT_REG.NORMAL.exp_op[7]_i_7/O
                         net (fo=1, routed)           0.088     3.134    bd_0_i/hls_inst/inst/grp_MLP_Pipeline_VITIS_LOOP_77_3_fu_1157/fmul_32ns_32ns_32_3_max_dsp_1_U117/MLP_fmul_32ns_32ns_32_3_max_dsp_1_ip_u/inst/i_synth/MULT.OP/i_non_prim.EXP/EXP_ADD.C_CHAIN/RESULT_REG.NORMAL.exp_op[7]_i_7_n_5
    SLICE_X36Y148        LUT6 (Prop_F6LUT_SLICEL_I2_O)
                                                      0.097     3.231 r  bd_0_i/hls_inst/inst/grp_MLP_Pipeline_VITIS_LOOP_77_3_fu_1157/fmul_32ns_32ns_32_3_max_dsp_1_U117/MLP_fmul_32ns_32ns_32_3_max_dsp_1_ip_u/inst/i_synth/MULT.OP/i_non_prim.EXP/EXP_ADD.C_CHAIN/RESULT_REG.NORMAL.exp_op[7]_i_3/O
                         net (fo=11, routed)          0.548     3.779    bd_0_i/hls_inst/inst/grp_MLP_Pipeline_VITIS_LOOP_77_3_fu_1157/fmul_32ns_32ns_32_3_max_dsp_1_U117/MLP_fmul_32ns_32ns_32_3_max_dsp_1_ip_u/inst/i_synth/MULT.OP/i_non_prim.EXP/EXP_ADD.C_CHAIN/state_int_up[0]
    SLICE_X39Y149        LUT2 (Prop_D5LUT_SLICEM_I0_O)
                                                      0.097     3.876 r  bd_0_i/hls_inst/inst/grp_MLP_Pipeline_VITIS_LOOP_77_3_fu_1157/fmul_32ns_32ns_32_3_max_dsp_1_U117/MLP_fmul_32ns_32ns_32_3_max_dsp_1_ip_u/inst/i_synth/MULT.OP/i_non_prim.EXP/EXP_ADD.C_CHAIN/RESULT_REG.NORMAL.mant_op[21]_i_1/O
                         net (fo=22, routed)          0.426     4.302    bd_0_i/hls_inst/inst/grp_MLP_Pipeline_VITIS_LOOP_77_3_fu_1157/fmul_32ns_32ns_32_3_max_dsp_1_U117/MLP_fmul_32ns_32ns_32_3_max_dsp_1_ip_u/inst/i_synth/MULT.OP/i_non_prim.OP/state_op[0]
    SLICE_X40Y148        FDRE                                         r  bd_0_i/hls_inst/inst/grp_MLP_Pipeline_VITIS_LOOP_77_3_fu_1157/fmul_32ns_32ns_32_3_max_dsp_1_U117/MLP_fmul_32ns_32ns_32_3_max_dsp_1_ip_u/inst/i_synth/MULT.OP/i_non_prim.OP/RESULT_REG.NORMAL.mant_op_reg[1]/R
  -------------------------------------------------------------------    -------------------

                         (clock ap_clk rise edge)     0.000     0.000 r  
                                                      0.000     0.000 r  ap_clk (IN)
                         net (fo=29822, unset)        0.021     0.021    bd_0_i/hls_inst/inst/grp_MLP_Pipeline_VITIS_LOOP_77_3_fu_1157/fmul_32ns_32ns_32_3_max_dsp_1_U117/MLP_fmul_32ns_32ns_32_3_max_dsp_1_ip_u/inst/i_synth/MULT.OP/i_non_prim.OP/aclk
    SLICE_X40Y148        FDRE                                         r  bd_0_i/hls_inst/inst/grp_MLP_Pipeline_VITIS_LOOP_77_3_fu_1157/fmul_32ns_32ns_32_3_max_dsp_1_U117/MLP_fmul_32ns_32ns_32_3_max_dsp_1_ip_u/inst/i_synth/MULT.OP/i_non_prim.OP/RESULT_REG.NORMAL.mant_op_reg[1]/C

Slack:                    inf
  Source:                 bd_0_i/hls_inst/inst/grp_MLP_Pipeline_VITIS_LOOP_77_3_fu_1157/fmul_32ns_32ns_32_3_max_dsp_1_U117/MLP_fmul_32ns_32ns_32_3_max_dsp_1_ip_u/inst/i_synth/MULT.OP/i_non_prim.MULT/DSP48E1_SPD_SGL_VARIANT.FIX_MULT/DSP1/i_no_versal_es1_workaround.DSP/DSP_A_B_DATA_INST/B2_DATA[17]
                            (internal pin)
  Destination:            bd_0_i/hls_inst/inst/grp_MLP_Pipeline_VITIS_LOOP_77_3_fu_1157/fmul_32ns_32ns_32_3_max_dsp_1_U117/MLP_fmul_32ns_32ns_32_3_max_dsp_1_ip_u/inst/i_synth/MULT.OP/i_non_prim.OP/RESULT_REG.NORMAL.mant_op_reg[2]/R
                            (rising edge-triggered cell FDRE clocked by ap_clk  {rise@0.000ns fall@5.000ns period=10.000ns})
  Path Group:             (none)
  Path Type:              Setup (Max at Slow Process Corner)
  Data Path Delay:        4.302ns  (logic 2.393ns (55.622%)  route 1.909ns (44.378%))
  Logic Levels:           10  (DSP_ALU=2 DSP_M_DATA=1 DSP_MULTIPLIER=1 DSP_OUTPUT=2 DSP_PREADD_DATA=1 LUT2=1 LUT6=2)
  Clock Uncertainty:      0.025ns  ((TSJ^2 + TIJ^2)^1/2 + DJ) / 2 + PE
    Total System Jitter     (TSJ):    0.050ns
    Total Input Jitter      (TIJ):    0.000ns
    Discrete Jitter          (DJ):    0.000ns
    Phase Error              (PE):    0.000ns

    Location             Delay type                Incr(ns)  Path(ns)    Netlist Resource(s)
  -------------------------------------------------------------------    -------------------
    DSP48E2_X3Y58        DSP_A_B_DATA                 0.000     0.000 r  bd_0_i/hls_inst/inst/grp_MLP_Pipeline_VITIS_LOOP_77_3_fu_1157/fmul_32ns_32ns_32_3_max_dsp_1_U117/MLP_fmul_32ns_32ns_32_3_max_dsp_1_ip_u/inst/i_synth/MULT.OP/i_non_prim.MULT/DSP48E1_SPD_SGL_VARIANT.FIX_MULT/DSP1/i_no_versal_es1_workaround.DSP/DSP_A_B_DATA_INST/B2_DATA[17]
                         net (fo=1, routed)           0.000     0.000    bd_0_i/hls_inst/inst/grp_MLP_Pipeline_VITIS_LOOP_77_3_fu_1157/fmul_32ns_32ns_32_3_max_dsp_1_U117/MLP_fmul_32ns_32ns_32_3_max_dsp_1_ip_u/inst/i_synth/MULT.OP/i_non_prim.MULT/DSP48E1_SPD_SGL_VARIANT.FIX_MULT/DSP1/i_no_versal_es1_workaround.DSP/DSP_A_B_DATA.B2_DATA<17>
    DSP48E2_X3Y58        DSP_PREADD_DATA (Prop_DSP_PREADD_DATA_DSP48E2_B2_DATA[17]_B2B1[17])
                                                      0.073     0.073 r  bd_0_i/hls_inst/inst/grp_MLP_Pipeline_VITIS_LOOP_77_3_fu_1157/fmul_32ns_32ns_32_3_max_dsp_1_U117/MLP_fmul_32ns_32ns_32_3_max_dsp_1_ip_u/inst/i_synth/MULT.OP/i_non_prim.MULT/DSP48E1_SPD_SGL_VARIANT.FIX_MULT/DSP1/i_no_versal_es1_workaround.DSP/DSP_PREADD_DATA_INST/B2B1[17]
                         net (fo=1, routed)           0.000     0.073    bd_0_i/hls_inst/inst/grp_MLP_Pipeline_VITIS_LOOP_77_3_fu_1157/fmul_32ns_32ns_32_3_max_dsp_1_U117/MLP_fmul_32ns_32ns_32_3_max_dsp_1_ip_u/inst/i_synth/MULT.OP/i_non_prim.MULT/DSP48E1_SPD_SGL_VARIANT.FIX_MULT/DSP1/i_no_versal_es1_workaround.DSP/DSP_PREADD_DATA.B2B1<17>
    DSP48E2_X3Y58        DSP_MULTIPLIER (Prop_DSP_MULTIPLIER_DSP48E2_B2B1[17]_V[43])
                                                      0.609     0.682 f  bd_0_i/hls_inst/inst/grp_MLP_Pipeline_VITIS_LOOP_77_3_fu_1157/fmul_32ns_32ns_32_3_max_dsp_1_U117/MLP_fmul_32ns_32ns_32_3_max_dsp_1_ip_u/inst/i_synth/MULT.OP/i_non_prim.MULT/DSP48E1_SPD_SGL_VARIANT.FIX_MULT/DSP1/i_no_versal_es1_workaround.DSP/DSP_MULTIPLIER_INST/V[43]
                         net (fo=1, routed)           0.000     0.682    bd_0_i/hls_inst/inst/grp_MLP_Pipeline_VITIS_LOOP_77_3_fu_1157/fmul_32ns_32ns_32_3_max_dsp_1_U117/MLP_fmul_32ns_32ns_32_3_max_dsp_1_ip_u/inst/i_synth/MULT.OP/i_non_prim.MULT/DSP48E1_SPD_SGL_VARIANT.FIX_MULT/DSP1/i_no_versal_es1_workaround.DSP/DSP_MULTIPLIER.V<43>
    DSP48E2_X3Y58        DSP_M_DATA (Prop_DSP_M_DATA_DSP48E2_V[43]_V_DATA[43])
                                                      0.046     0.728 r  bd_0_i/hls_inst/inst/grp_MLP_Pipeline_VITIS_LOOP_77_3_fu_1157/fmul_32ns_32ns_32_3_max_dsp_1_U117/MLP_fmul_32ns_32ns_32_3_max_dsp_1_ip_u/inst/i_synth/MULT.OP/i_non_prim.MULT/DSP48E1_SPD_SGL_VARIANT.FIX_MULT/DSP1/i_no_versal_es1_workaround.DSP/DSP_M_DATA_INST/V_DATA[43]
                         net (fo=1, routed)           0.000     0.728    bd_0_i/hls_inst/inst/grp_MLP_Pipeline_VITIS_LOOP_77_3_fu_1157/fmul_32ns_32ns_32_3_max_dsp_1_U117/MLP_fmul_32ns_32ns_32_3_max_dsp_1_ip_u/inst/i_synth/MULT.OP/i_non_prim.MULT/DSP48E1_SPD_SGL_VARIANT.FIX_MULT/DSP1/i_no_versal_es1_workaround.DSP/DSP_M_DATA.V_DATA<43>
    DSP48E2_X3Y58        DSP_ALU (Prop_DSP_ALU_DSP48E2_V_DATA[43]_ALU_OUT[47])
                                                      0.571     1.299 f  bd_0_i/hls_inst/inst/grp_MLP_Pipeline_VITIS_LOOP_77_3_fu_1157/fmul_32ns_32ns_32_3_max_dsp_1_U117/MLP_fmul_32ns_32ns_32_3_max_dsp_1_ip_u/inst/i_synth/MULT.OP/i_non_prim.MULT/DSP48E1_SPD_SGL_VARIANT.FIX_MULT/DSP1/i_no_versal_es1_workaround.DSP/DSP_ALU_INST/ALU_OUT[47]
                         net (fo=1, routed)           0.000     1.299    bd_0_i/hls_inst/inst/grp_MLP_Pipeline_VITIS_LOOP_77_3_fu_1157/fmul_32ns_32ns_32_3_max_dsp_1_U117/MLP_fmul_32ns_32ns_32_3_max_dsp_1_ip_u/inst/i_synth/MULT.OP/i_non_prim.MULT/DSP48E1_SPD_SGL_VARIANT.FIX_MULT/DSP1/i_no_versal_es1_workaround.DSP/DSP_ALU.ALU_OUT<47>
    DSP48E2_X3Y58        DSP_OUTPUT (Prop_DSP_OUTPUT_DSP48E2_ALU_OUT[47]_PCOUT[47])
                                                      0.122     1.421 r  bd_0_i/hls_inst/inst/grp_MLP_Pipeline_VITIS_LOOP_77_3_fu_1157/fmul_32ns_32ns_32_3_max_dsp_1_U117/MLP_fmul_32ns_32ns_32_3_max_dsp_1_ip_u/inst/i_synth/MULT.OP/i_non_prim.MULT/DSP48E1_SPD_SGL_VARIANT.FIX_MULT/DSP1/i_no_versal_es1_workaround.DSP/DSP_OUTPUT_INST/PCOUT[47]
                         net (fo=1, routed)           0.014     1.435    bd_0_i/hls_inst/inst/grp_MLP_Pipeline_VITIS_LOOP_77_3_fu_1157/fmul_32ns_32ns_32_3_max_dsp_1_U117/MLP_fmul_32ns_32ns_32_3_max_dsp_1_ip_u/inst/i_synth/MULT.OP/i_non_prim.MULT/DSP48E1_SPD_SGL_VARIANT.FIX_MULT/DSP2/i_no_versal_es1_workaround.DSP/PCIN[47]
    DSP48E2_X3Y59        DSP_ALU (Prop_DSP_ALU_DSP48E2_PCIN[47]_ALU_OUT[30])
                                                      0.546     1.981 f  bd_0_i/hls_inst/inst/grp_MLP_Pipeline_VITIS_LOOP_77_3_fu_1157/fmul_32ns_32ns_32_3_max_dsp_1_U117/MLP_fmul_32ns_32ns_32_3_max_dsp_1_ip_u/inst/i_synth/MULT.OP/i_non_prim.MULT/DSP48E1_SPD_SGL_VARIANT.FIX_MULT/DSP2/i_no_versal_es1_workaround.DSP/DSP_ALU_INST/ALU_OUT[30]
                         net (fo=1, routed)           0.000     1.981    bd_0_i/hls_inst/inst/grp_MLP_Pipeline_VITIS_LOOP_77_3_fu_1157/fmul_32ns_32ns_32_3_max_dsp_1_U117/MLP_fmul_32ns_32ns_32_3_max_dsp_1_ip_u/inst/i_synth/MULT.OP/i_non_prim.MULT/DSP48E1_SPD_SGL_VARIANT.FIX_MULT/DSP2/i_no_versal_es1_workaround.DSP/DSP_ALU.ALU_OUT<30>
    DSP48E2_X3Y59        DSP_OUTPUT (Prop_DSP_OUTPUT_DSP48E2_ALU_OUT[30]_P[30])
                                                      0.109     2.090 r  bd_0_i/hls_inst/inst/grp_MLP_Pipeline_VITIS_LOOP_77_3_fu_1157/fmul_32ns_32ns_32_3_max_dsp_1_U117/MLP_fmul_32ns_32ns_32_3_max_dsp_1_ip_u/inst/i_synth/MULT.OP/i_non_prim.MULT/DSP48E1_SPD_SGL_VARIANT.FIX_MULT/DSP2/i_no_versal_es1_workaround.DSP/DSP_OUTPUT_INST/P[30]
                         net (fo=33, routed)          0.833     2.923    bd_0_i/hls_inst/inst/grp_MLP_Pipeline_VITIS_LOOP_77_3_fu_1157/fmul_32ns_32ns_32_3_max_dsp_1_U117/MLP_fmul_32ns_32ns_32_3_max_dsp_1_ip_u/inst/i_synth/MULT.OP/i_non_prim.EXP/EXP_ADD.C_CHAIN/RESULT[0]
    SLICE_X36Y149        LUT6 (Prop_G6LUT_SLICEL_I1_O)
                                                      0.123     3.046 r  bd_0_i/hls_inst/inst/grp_MLP_Pipeline_VITIS_LOOP_77_3_fu_1157/fmul_32ns_32ns_32_3_max_dsp_1_U117/MLP_fmul_32ns_32ns_32_3_max_dsp_1_ip_u/inst/i_synth/MULT.OP/i_non_prim.EXP/EXP_ADD.C_CHAIN/RESULT_REG.NORMAL.exp_op[7]_i_7/O
                         net (fo=1, routed)           0.088     3.134    bd_0_i/hls_inst/inst/grp_MLP_Pipeline_VITIS_LOOP_77_3_fu_1157/fmul_32ns_32ns_32_3_max_dsp_1_U117/MLP_fmul_32ns_32ns_32_3_max_dsp_1_ip_u/inst/i_synth/MULT.OP/i_non_prim.EXP/EXP_ADD.C_CHAIN/RESULT_REG.NORMAL.exp_op[7]_i_7_n_5
    SLICE_X36Y148        LUT6 (Prop_F6LUT_SLICEL_I2_O)
                                                      0.097     3.231 r  bd_0_i/hls_inst/inst/grp_MLP_Pipeline_VITIS_LOOP_77_3_fu_1157/fmul_32ns_32ns_32_3_max_dsp_1_U117/MLP_fmul_32ns_32ns_32_3_max_dsp_1_ip_u/inst/i_synth/MULT.OP/i_non_prim.EXP/EXP_ADD.C_CHAIN/RESULT_REG.NORMAL.exp_op[7]_i_3/O
                         net (fo=11, routed)          0.548     3.779    bd_0_i/hls_inst/inst/grp_MLP_Pipeline_VITIS_LOOP_77_3_fu_1157/fmul_32ns_32ns_32_3_max_dsp_1_U117/MLP_fmul_32ns_32ns_32_3_max_dsp_1_ip_u/inst/i_synth/MULT.OP/i_non_prim.EXP/EXP_ADD.C_CHAIN/state_int_up[0]
    SLICE_X39Y149        LUT2 (Prop_D5LUT_SLICEM_I0_O)
                                                      0.097     3.876 r  bd_0_i/hls_inst/inst/grp_MLP_Pipeline_VITIS_LOOP_77_3_fu_1157/fmul_32ns_32ns_32_3_max_dsp_1_U117/MLP_fmul_32ns_32ns_32_3_max_dsp_1_ip_u/inst/i_synth/MULT.OP/i_non_prim.EXP/EXP_ADD.C_CHAIN/RESULT_REG.NORMAL.mant_op[21]_i_1/O
                         net (fo=22, routed)          0.426     4.302    bd_0_i/hls_inst/inst/grp_MLP_Pipeline_VITIS_LOOP_77_3_fu_1157/fmul_32ns_32ns_32_3_max_dsp_1_U117/MLP_fmul_32ns_32ns_32_3_max_dsp_1_ip_u/inst/i_synth/MULT.OP/i_non_prim.OP/state_op[0]
    SLICE_X40Y148        FDRE                                         r  bd_0_i/hls_inst/inst/grp_MLP_Pipeline_VITIS_LOOP_77_3_fu_1157/fmul_32ns_32ns_32_3_max_dsp_1_U117/MLP_fmul_32ns_32ns_32_3_max_dsp_1_ip_u/inst/i_synth/MULT.OP/i_non_prim.OP/RESULT_REG.NORMAL.mant_op_reg[2]/R
  -------------------------------------------------------------------    -------------------

                         (clock ap_clk rise edge)     0.000     0.000 r  
                                                      0.000     0.000 r  ap_clk (IN)
                         net (fo=29822, unset)        0.021     0.021    bd_0_i/hls_inst/inst/grp_MLP_Pipeline_VITIS_LOOP_77_3_fu_1157/fmul_32ns_32ns_32_3_max_dsp_1_U117/MLP_fmul_32ns_32ns_32_3_max_dsp_1_ip_u/inst/i_synth/MULT.OP/i_non_prim.OP/aclk
    SLICE_X40Y148        FDRE                                         r  bd_0_i/hls_inst/inst/grp_MLP_Pipeline_VITIS_LOOP_77_3_fu_1157/fmul_32ns_32ns_32_3_max_dsp_1_U117/MLP_fmul_32ns_32ns_32_3_max_dsp_1_ip_u/inst/i_synth/MULT.OP/i_non_prim.OP/RESULT_REG.NORMAL.mant_op_reg[2]/C

Slack:                    inf
  Source:                 bd_0_i/hls_inst/inst/grp_MLP_Pipeline_VITIS_LOOP_77_3_fu_1157/fmul_32ns_32ns_32_3_max_dsp_1_U117/MLP_fmul_32ns_32ns_32_3_max_dsp_1_ip_u/inst/i_synth/MULT.OP/i_non_prim.MULT/DSP48E1_SPD_SGL_VARIANT.FIX_MULT/DSP1/i_no_versal_es1_workaround.DSP/DSP_A_B_DATA_INST/B2_DATA[17]
                            (internal pin)
  Destination:            bd_0_i/hls_inst/inst/grp_MLP_Pipeline_VITIS_LOOP_77_3_fu_1157/fmul_32ns_32ns_32_3_max_dsp_1_U117/MLP_fmul_32ns_32ns_32_3_max_dsp_1_ip_u/inst/i_synth/MULT.OP/i_non_prim.OP/RESULT_REG.NORMAL.mant_op_reg[3]/R
                            (rising edge-triggered cell FDRE clocked by ap_clk  {rise@0.000ns fall@5.000ns period=10.000ns})
  Path Group:             (none)
  Path Type:              Setup (Max at Slow Process Corner)
  Data Path Delay:        4.287ns  (logic 2.393ns (55.817%)  route 1.894ns (44.183%))
  Logic Levels:           10  (DSP_ALU=2 DSP_M_DATA=1 DSP_MULTIPLIER=1 DSP_OUTPUT=2 DSP_PREADD_DATA=1 LUT2=1 LUT6=2)
  Clock Uncertainty:      0.025ns  ((TSJ^2 + TIJ^2)^1/2 + DJ) / 2 + PE
    Total System Jitter     (TSJ):    0.050ns
    Total Input Jitter      (TIJ):    0.000ns
    Discrete Jitter          (DJ):    0.000ns
    Phase Error              (PE):    0.000ns

    Location             Delay type                Incr(ns)  Path(ns)    Netlist Resource(s)
  -------------------------------------------------------------------    -------------------
    DSP48E2_X3Y58        DSP_A_B_DATA                 0.000     0.000 r  bd_0_i/hls_inst/inst/grp_MLP_Pipeline_VITIS_LOOP_77_3_fu_1157/fmul_32ns_32ns_32_3_max_dsp_1_U117/MLP_fmul_32ns_32ns_32_3_max_dsp_1_ip_u/inst/i_synth/MULT.OP/i_non_prim.MULT/DSP48E1_SPD_SGL_VARIANT.FIX_MULT/DSP1/i_no_versal_es1_workaround.DSP/DSP_A_B_DATA_INST/B2_DATA[17]
                         net (fo=1, routed)           0.000     0.000    bd_0_i/hls_inst/inst/grp_MLP_Pipeline_VITIS_LOOP_77_3_fu_1157/fmul_32ns_32ns_32_3_max_dsp_1_U117/MLP_fmul_32ns_32ns_32_3_max_dsp_1_ip_u/inst/i_synth/MULT.OP/i_non_prim.MULT/DSP48E1_SPD_SGL_VARIANT.FIX_MULT/DSP1/i_no_versal_es1_workaround.DSP/DSP_A_B_DATA.B2_DATA<17>
    DSP48E2_X3Y58        DSP_PREADD_DATA (Prop_DSP_PREADD_DATA_DSP48E2_B2_DATA[17]_B2B1[17])
                                                      0.073     0.073 r  bd_0_i/hls_inst/inst/grp_MLP_Pipeline_VITIS_LOOP_77_3_fu_1157/fmul_32ns_32ns_32_3_max_dsp_1_U117/MLP_fmul_32ns_32ns_32_3_max_dsp_1_ip_u/inst/i_synth/MULT.OP/i_non_prim.MULT/DSP48E1_SPD_SGL_VARIANT.FIX_MULT/DSP1/i_no_versal_es1_workaround.DSP/DSP_PREADD_DATA_INST/B2B1[17]
                         net (fo=1, routed)           0.000     0.073    bd_0_i/hls_inst/inst/grp_MLP_Pipeline_VITIS_LOOP_77_3_fu_1157/fmul_32ns_32ns_32_3_max_dsp_1_U117/MLP_fmul_32ns_32ns_32_3_max_dsp_1_ip_u/inst/i_synth/MULT.OP/i_non_prim.MULT/DSP48E1_SPD_SGL_VARIANT.FIX_MULT/DSP1/i_no_versal_es1_workaround.DSP/DSP_PREADD_DATA.B2B1<17>
    DSP48E2_X3Y58        DSP_MULTIPLIER (Prop_DSP_MULTIPLIER_DSP48E2_B2B1[17]_V[43])
                                                      0.609     0.682 f  bd_0_i/hls_inst/inst/grp_MLP_Pipeline_VITIS_LOOP_77_3_fu_1157/fmul_32ns_32ns_32_3_max_dsp_1_U117/MLP_fmul_32ns_32ns_32_3_max_dsp_1_ip_u/inst/i_synth/MULT.OP/i_non_prim.MULT/DSP48E1_SPD_SGL_VARIANT.FIX_MULT/DSP1/i_no_versal_es1_workaround.DSP/DSP_MULTIPLIER_INST/V[43]
                         net (fo=1, routed)           0.000     0.682    bd_0_i/hls_inst/inst/grp_MLP_Pipeline_VITIS_LOOP_77_3_fu_1157/fmul_32ns_32ns_32_3_max_dsp_1_U117/MLP_fmul_32ns_32ns_32_3_max_dsp_1_ip_u/inst/i_synth/MULT.OP/i_non_prim.MULT/DSP48E1_SPD_SGL_VARIANT.FIX_MULT/DSP1/i_no_versal_es1_workaround.DSP/DSP_MULTIPLIER.V<43>
    DSP48E2_X3Y58        DSP_M_DATA (Prop_DSP_M_DATA_DSP48E2_V[43]_V_DATA[43])
                                                      0.046     0.728 r  bd_0_i/hls_inst/inst/grp_MLP_Pipeline_VITIS_LOOP_77_3_fu_1157/fmul_32ns_32ns_32_3_max_dsp_1_U117/MLP_fmul_32ns_32ns_32_3_max_dsp_1_ip_u/inst/i_synth/MULT.OP/i_non_prim.MULT/DSP48E1_SPD_SGL_VARIANT.FIX_MULT/DSP1/i_no_versal_es1_workaround.DSP/DSP_M_DATA_INST/V_DATA[43]
                         net (fo=1, routed)           0.000     0.728    bd_0_i/hls_inst/inst/grp_MLP_Pipeline_VITIS_LOOP_77_3_fu_1157/fmul_32ns_32ns_32_3_max_dsp_1_U117/MLP_fmul_32ns_32ns_32_3_max_dsp_1_ip_u/inst/i_synth/MULT.OP/i_non_prim.MULT/DSP48E1_SPD_SGL_VARIANT.FIX_MULT/DSP1/i_no_versal_es1_workaround.DSP/DSP_M_DATA.V_DATA<43>
    DSP48E2_X3Y58        DSP_ALU (Prop_DSP_ALU_DSP48E2_V_DATA[43]_ALU_OUT[47])
                                                      0.571     1.299 f  bd_0_i/hls_inst/inst/grp_MLP_Pipeline_VITIS_LOOP_77_3_fu_1157/fmul_32ns_32ns_32_3_max_dsp_1_U117/MLP_fmul_32ns_32ns_32_3_max_dsp_1_ip_u/inst/i_synth/MULT.OP/i_non_prim.MULT/DSP48E1_SPD_SGL_VARIANT.FIX_MULT/DSP1/i_no_versal_es1_workaround.DSP/DSP_ALU_INST/ALU_OUT[47]
                         net (fo=1, routed)           0.000     1.299    bd_0_i/hls_inst/inst/grp_MLP_Pipeline_VITIS_LOOP_77_3_fu_1157/fmul_32ns_32ns_32_3_max_dsp_1_U117/MLP_fmul_32ns_32ns_32_3_max_dsp_1_ip_u/inst/i_synth/MULT.OP/i_non_prim.MULT/DSP48E1_SPD_SGL_VARIANT.FIX_MULT/DSP1/i_no_versal_es1_workaround.DSP/DSP_ALU.ALU_OUT<47>
    DSP48E2_X3Y58        DSP_OUTPUT (Prop_DSP_OUTPUT_DSP48E2_ALU_OUT[47]_PCOUT[47])
                                                      0.122     1.421 r  bd_0_i/hls_inst/inst/grp_MLP_Pipeline_VITIS_LOOP_77_3_fu_1157/fmul_32ns_32ns_32_3_max_dsp_1_U117/MLP_fmul_32ns_32ns_32_3_max_dsp_1_ip_u/inst/i_synth/MULT.OP/i_non_prim.MULT/DSP48E1_SPD_SGL_VARIANT.FIX_MULT/DSP1/i_no_versal_es1_workaround.DSP/DSP_OUTPUT_INST/PCOUT[47]
                         net (fo=1, routed)           0.014     1.435    bd_0_i/hls_inst/inst/grp_MLP_Pipeline_VITIS_LOOP_77_3_fu_1157/fmul_32ns_32ns_32_3_max_dsp_1_U117/MLP_fmul_32ns_32ns_32_3_max_dsp_1_ip_u/inst/i_synth/MULT.OP/i_non_prim.MULT/DSP48E1_SPD_SGL_VARIANT.FIX_MULT/DSP2/i_no_versal_es1_workaround.DSP/PCIN[47]
    DSP48E2_X3Y59        DSP_ALU (Prop_DSP_ALU_DSP48E2_PCIN[47]_ALU_OUT[30])
                                                      0.546     1.981 f  bd_0_i/hls_inst/inst/grp_MLP_Pipeline_VITIS_LOOP_77_3_fu_1157/fmul_32ns_32ns_32_3_max_dsp_1_U117/MLP_fmul_32ns_32ns_32_3_max_dsp_1_ip_u/inst/i_synth/MULT.OP/i_non_prim.MULT/DSP48E1_SPD_SGL_VARIANT.FIX_MULT/DSP2/i_no_versal_es1_workaround.DSP/DSP_ALU_INST/ALU_OUT[30]
                         net (fo=1, routed)           0.000     1.981    bd_0_i/hls_inst/inst/grp_MLP_Pipeline_VITIS_LOOP_77_3_fu_1157/fmul_32ns_32ns_32_3_max_dsp_1_U117/MLP_fmul_32ns_32ns_32_3_max_dsp_1_ip_u/inst/i_synth/MULT.OP/i_non_prim.MULT/DSP48E1_SPD_SGL_VARIANT.FIX_MULT/DSP2/i_no_versal_es1_workaround.DSP/DSP_ALU.ALU_OUT<30>
    DSP48E2_X3Y59        DSP_OUTPUT (Prop_DSP_OUTPUT_DSP48E2_ALU_OUT[30]_P[30])
                                                      0.109     2.090 r  bd_0_i/hls_inst/inst/grp_MLP_Pipeline_VITIS_LOOP_77_3_fu_1157/fmul_32ns_32ns_32_3_max_dsp_1_U117/MLP_fmul_32ns_32ns_32_3_max_dsp_1_ip_u/inst/i_synth/MULT.OP/i_non_prim.MULT/DSP48E1_SPD_SGL_VARIANT.FIX_MULT/DSP2/i_no_versal_es1_workaround.DSP/DSP_OUTPUT_INST/P[30]
                         net (fo=33, routed)          0.833     2.923    bd_0_i/hls_inst/inst/grp_MLP_Pipeline_VITIS_LOOP_77_3_fu_1157/fmul_32ns_32ns_32_3_max_dsp_1_U117/MLP_fmul_32ns_32ns_32_3_max_dsp_1_ip_u/inst/i_synth/MULT.OP/i_non_prim.EXP/EXP_ADD.C_CHAIN/RESULT[0]
    SLICE_X36Y149        LUT6 (Prop_G6LUT_SLICEL_I1_O)
                                                      0.123     3.046 r  bd_0_i/hls_inst/inst/grp_MLP_Pipeline_VITIS_LOOP_77_3_fu_1157/fmul_32ns_32ns_32_3_max_dsp_1_U117/MLP_fmul_32ns_32ns_32_3_max_dsp_1_ip_u/inst/i_synth/MULT.OP/i_non_prim.EXP/EXP_ADD.C_CHAIN/RESULT_REG.NORMAL.exp_op[7]_i_7/O
                         net (fo=1, routed)           0.088     3.134    bd_0_i/hls_inst/inst/grp_MLP_Pipeline_VITIS_LOOP_77_3_fu_1157/fmul_32ns_32ns_32_3_max_dsp_1_U117/MLP_fmul_32ns_32ns_32_3_max_dsp_1_ip_u/inst/i_synth/MULT.OP/i_non_prim.EXP/EXP_ADD.C_CHAIN/RESULT_REG.NORMAL.exp_op[7]_i_7_n_5
    SLICE_X36Y148        LUT6 (Prop_F6LUT_SLICEL_I2_O)
                                                      0.097     3.231 r  bd_0_i/hls_inst/inst/grp_MLP_Pipeline_VITIS_LOOP_77_3_fu_1157/fmul_32ns_32ns_32_3_max_dsp_1_U117/MLP_fmul_32ns_32ns_32_3_max_dsp_1_ip_u/inst/i_synth/MULT.OP/i_non_prim.EXP/EXP_ADD.C_CHAIN/RESULT_REG.NORMAL.exp_op[7]_i_3/O
                         net (fo=11, routed)          0.548     3.779    bd_0_i/hls_inst/inst/grp_MLP_Pipeline_VITIS_LOOP_77_3_fu_1157/fmul_32ns_32ns_32_3_max_dsp_1_U117/MLP_fmul_32ns_32ns_32_3_max_dsp_1_ip_u/inst/i_synth/MULT.OP/i_non_prim.EXP/EXP_ADD.C_CHAIN/state_int_up[0]
    SLICE_X39Y149        LUT2 (Prop_D5LUT_SLICEM_I0_O)
                                                      0.097     3.876 r  bd_0_i/hls_inst/inst/grp_MLP_Pipeline_VITIS_LOOP_77_3_fu_1157/fmul_32ns_32ns_32_3_max_dsp_1_U117/MLP_fmul_32ns_32ns_32_3_max_dsp_1_ip_u/inst/i_synth/MULT.OP/i_non_prim.EXP/EXP_ADD.C_CHAIN/RESULT_REG.NORMAL.mant_op[21]_i_1/O
                         net (fo=22, routed)          0.411     4.287    bd_0_i/hls_inst/inst/grp_MLP_Pipeline_VITIS_LOOP_77_3_fu_1157/fmul_32ns_32ns_32_3_max_dsp_1_U117/MLP_fmul_32ns_32ns_32_3_max_dsp_1_ip_u/inst/i_synth/MULT.OP/i_non_prim.OP/state_op[0]
    SLICE_X41Y148        FDRE                                         r  bd_0_i/hls_inst/inst/grp_MLP_Pipeline_VITIS_LOOP_77_3_fu_1157/fmul_32ns_32ns_32_3_max_dsp_1_U117/MLP_fmul_32ns_32ns_32_3_max_dsp_1_ip_u/inst/i_synth/MULT.OP/i_non_prim.OP/RESULT_REG.NORMAL.mant_op_reg[3]/R
  -------------------------------------------------------------------    -------------------

                         (clock ap_clk rise edge)     0.000     0.000 r  
                                                      0.000     0.000 r  ap_clk (IN)
                         net (fo=29822, unset)        0.020     0.020    bd_0_i/hls_inst/inst/grp_MLP_Pipeline_VITIS_LOOP_77_3_fu_1157/fmul_32ns_32ns_32_3_max_dsp_1_U117/MLP_fmul_32ns_32ns_32_3_max_dsp_1_ip_u/inst/i_synth/MULT.OP/i_non_prim.OP/aclk
    SLICE_X41Y148        FDRE                                         r  bd_0_i/hls_inst/inst/grp_MLP_Pipeline_VITIS_LOOP_77_3_fu_1157/fmul_32ns_32ns_32_3_max_dsp_1_U117/MLP_fmul_32ns_32ns_32_3_max_dsp_1_ip_u/inst/i_synth/MULT.OP/i_non_prim.OP/RESULT_REG.NORMAL.mant_op_reg[3]/C

Slack:                    inf
  Source:                 bd_0_i/hls_inst/inst/grp_MLP_Pipeline_VITIS_LOOP_77_3_fu_1157/fmul_32ns_32ns_32_3_max_dsp_1_U117/MLP_fmul_32ns_32ns_32_3_max_dsp_1_ip_u/inst/i_synth/MULT.OP/i_non_prim.MULT/DSP48E1_SPD_SGL_VARIANT.FIX_MULT/DSP1/i_no_versal_es1_workaround.DSP/DSP_A_B_DATA_INST/B2_DATA[17]
                            (internal pin)
  Destination:            bd_0_i/hls_inst/inst/grp_MLP_Pipeline_VITIS_LOOP_77_3_fu_1157/fmul_32ns_32ns_32_3_max_dsp_1_U117/MLP_fmul_32ns_32ns_32_3_max_dsp_1_ip_u/inst/i_synth/MULT.OP/i_non_prim.OP/RESULT_REG.NORMAL.mant_op_reg[4]/R
                            (rising edge-triggered cell FDRE clocked by ap_clk  {rise@0.000ns fall@5.000ns period=10.000ns})
  Path Group:             (none)
  Path Type:              Setup (Max at Slow Process Corner)
  Data Path Delay:        4.287ns  (logic 2.393ns (55.817%)  route 1.894ns (44.183%))
  Logic Levels:           10  (DSP_ALU=2 DSP_M_DATA=1 DSP_MULTIPLIER=1 DSP_OUTPUT=2 DSP_PREADD_DATA=1 LUT2=1 LUT6=2)
  Clock Uncertainty:      0.025ns  ((TSJ^2 + TIJ^2)^1/2 + DJ) / 2 + PE
    Total System Jitter     (TSJ):    0.050ns
    Total Input Jitter      (TIJ):    0.000ns
    Discrete Jitter          (DJ):    0.000ns
    Phase Error              (PE):    0.000ns

    Location             Delay type                Incr(ns)  Path(ns)    Netlist Resource(s)
  -------------------------------------------------------------------    -------------------
    DSP48E2_X3Y58        DSP_A_B_DATA                 0.000     0.000 r  bd_0_i/hls_inst/inst/grp_MLP_Pipeline_VITIS_LOOP_77_3_fu_1157/fmul_32ns_32ns_32_3_max_dsp_1_U117/MLP_fmul_32ns_32ns_32_3_max_dsp_1_ip_u/inst/i_synth/MULT.OP/i_non_prim.MULT/DSP48E1_SPD_SGL_VARIANT.FIX_MULT/DSP1/i_no_versal_es1_workaround.DSP/DSP_A_B_DATA_INST/B2_DATA[17]
                         net (fo=1, routed)           0.000     0.000    bd_0_i/hls_inst/inst/grp_MLP_Pipeline_VITIS_LOOP_77_3_fu_1157/fmul_32ns_32ns_32_3_max_dsp_1_U117/MLP_fmul_32ns_32ns_32_3_max_dsp_1_ip_u/inst/i_synth/MULT.OP/i_non_prim.MULT/DSP48E1_SPD_SGL_VARIANT.FIX_MULT/DSP1/i_no_versal_es1_workaround.DSP/DSP_A_B_DATA.B2_DATA<17>
    DSP48E2_X3Y58        DSP_PREADD_DATA (Prop_DSP_PREADD_DATA_DSP48E2_B2_DATA[17]_B2B1[17])
                                                      0.073     0.073 r  bd_0_i/hls_inst/inst/grp_MLP_Pipeline_VITIS_LOOP_77_3_fu_1157/fmul_32ns_32ns_32_3_max_dsp_1_U117/MLP_fmul_32ns_32ns_32_3_max_dsp_1_ip_u/inst/i_synth/MULT.OP/i_non_prim.MULT/DSP48E1_SPD_SGL_VARIANT.FIX_MULT/DSP1/i_no_versal_es1_workaround.DSP/DSP_PREADD_DATA_INST/B2B1[17]
                         net (fo=1, routed)           0.000     0.073    bd_0_i/hls_inst/inst/grp_MLP_Pipeline_VITIS_LOOP_77_3_fu_1157/fmul_32ns_32ns_32_3_max_dsp_1_U117/MLP_fmul_32ns_32ns_32_3_max_dsp_1_ip_u/inst/i_synth/MULT.OP/i_non_prim.MULT/DSP48E1_SPD_SGL_VARIANT.FIX_MULT/DSP1/i_no_versal_es1_workaround.DSP/DSP_PREADD_DATA.B2B1<17>
    DSP48E2_X3Y58        DSP_MULTIPLIER (Prop_DSP_MULTIPLIER_DSP48E2_B2B1[17]_V[43])
                                                      0.609     0.682 f  bd_0_i/hls_inst/inst/grp_MLP_Pipeline_VITIS_LOOP_77_3_fu_1157/fmul_32ns_32ns_32_3_max_dsp_1_U117/MLP_fmul_32ns_32ns_32_3_max_dsp_1_ip_u/inst/i_synth/MULT.OP/i_non_prim.MULT/DSP48E1_SPD_SGL_VARIANT.FIX_MULT/DSP1/i_no_versal_es1_workaround.DSP/DSP_MULTIPLIER_INST/V[43]
                         net (fo=1, routed)           0.000     0.682    bd_0_i/hls_inst/inst/grp_MLP_Pipeline_VITIS_LOOP_77_3_fu_1157/fmul_32ns_32ns_32_3_max_dsp_1_U117/MLP_fmul_32ns_32ns_32_3_max_dsp_1_ip_u/inst/i_synth/MULT.OP/i_non_prim.MULT/DSP48E1_SPD_SGL_VARIANT.FIX_MULT/DSP1/i_no_versal_es1_workaround.DSP/DSP_MULTIPLIER.V<43>
    DSP48E2_X3Y58        DSP_M_DATA (Prop_DSP_M_DATA_DSP48E2_V[43]_V_DATA[43])
                                                      0.046     0.728 r  bd_0_i/hls_inst/inst/grp_MLP_Pipeline_VITIS_LOOP_77_3_fu_1157/fmul_32ns_32ns_32_3_max_dsp_1_U117/MLP_fmul_32ns_32ns_32_3_max_dsp_1_ip_u/inst/i_synth/MULT.OP/i_non_prim.MULT/DSP48E1_SPD_SGL_VARIANT.FIX_MULT/DSP1/i_no_versal_es1_workaround.DSP/DSP_M_DATA_INST/V_DATA[43]
                         net (fo=1, routed)           0.000     0.728    bd_0_i/hls_inst/inst/grp_MLP_Pipeline_VITIS_LOOP_77_3_fu_1157/fmul_32ns_32ns_32_3_max_dsp_1_U117/MLP_fmul_32ns_32ns_32_3_max_dsp_1_ip_u/inst/i_synth/MULT.OP/i_non_prim.MULT/DSP48E1_SPD_SGL_VARIANT.FIX_MULT/DSP1/i_no_versal_es1_workaround.DSP/DSP_M_DATA.V_DATA<43>
    DSP48E2_X3Y58        DSP_ALU (Prop_DSP_ALU_DSP48E2_V_DATA[43]_ALU_OUT[47])
                                                      0.571     1.299 f  bd_0_i/hls_inst/inst/grp_MLP_Pipeline_VITIS_LOOP_77_3_fu_1157/fmul_32ns_32ns_32_3_max_dsp_1_U117/MLP_fmul_32ns_32ns_32_3_max_dsp_1_ip_u/inst/i_synth/MULT.OP/i_non_prim.MULT/DSP48E1_SPD_SGL_VARIANT.FIX_MULT/DSP1/i_no_versal_es1_workaround.DSP/DSP_ALU_INST/ALU_OUT[47]
                         net (fo=1, routed)           0.000     1.299    bd_0_i/hls_inst/inst/grp_MLP_Pipeline_VITIS_LOOP_77_3_fu_1157/fmul_32ns_32ns_32_3_max_dsp_1_U117/MLP_fmul_32ns_32ns_32_3_max_dsp_1_ip_u/inst/i_synth/MULT.OP/i_non_prim.MULT/DSP48E1_SPD_SGL_VARIANT.FIX_MULT/DSP1/i_no_versal_es1_workaround.DSP/DSP_ALU.ALU_OUT<47>
    DSP48E2_X3Y58        DSP_OUTPUT (Prop_DSP_OUTPUT_DSP48E2_ALU_OUT[47]_PCOUT[47])
                                                      0.122     1.421 r  bd_0_i/hls_inst/inst/grp_MLP_Pipeline_VITIS_LOOP_77_3_fu_1157/fmul_32ns_32ns_32_3_max_dsp_1_U117/MLP_fmul_32ns_32ns_32_3_max_dsp_1_ip_u/inst/i_synth/MULT.OP/i_non_prim.MULT/DSP48E1_SPD_SGL_VARIANT.FIX_MULT/DSP1/i_no_versal_es1_workaround.DSP/DSP_OUTPUT_INST/PCOUT[47]
                         net (fo=1, routed)           0.014     1.435    bd_0_i/hls_inst/inst/grp_MLP_Pipeline_VITIS_LOOP_77_3_fu_1157/fmul_32ns_32ns_32_3_max_dsp_1_U117/MLP_fmul_32ns_32ns_32_3_max_dsp_1_ip_u/inst/i_synth/MULT.OP/i_non_prim.MULT/DSP48E1_SPD_SGL_VARIANT.FIX_MULT/DSP2/i_no_versal_es1_workaround.DSP/PCIN[47]
    DSP48E2_X3Y59        DSP_ALU (Prop_DSP_ALU_DSP48E2_PCIN[47]_ALU_OUT[30])
                                                      0.546     1.981 f  bd_0_i/hls_inst/inst/grp_MLP_Pipeline_VITIS_LOOP_77_3_fu_1157/fmul_32ns_32ns_32_3_max_dsp_1_U117/MLP_fmul_32ns_32ns_32_3_max_dsp_1_ip_u/inst/i_synth/MULT.OP/i_non_prim.MULT/DSP48E1_SPD_SGL_VARIANT.FIX_MULT/DSP2/i_no_versal_es1_workaround.DSP/DSP_ALU_INST/ALU_OUT[30]
                         net (fo=1, routed)           0.000     1.981    bd_0_i/hls_inst/inst/grp_MLP_Pipeline_VITIS_LOOP_77_3_fu_1157/fmul_32ns_32ns_32_3_max_dsp_1_U117/MLP_fmul_32ns_32ns_32_3_max_dsp_1_ip_u/inst/i_synth/MULT.OP/i_non_prim.MULT/DSP48E1_SPD_SGL_VARIANT.FIX_MULT/DSP2/i_no_versal_es1_workaround.DSP/DSP_ALU.ALU_OUT<30>
    DSP48E2_X3Y59        DSP_OUTPUT (Prop_DSP_OUTPUT_DSP48E2_ALU_OUT[30]_P[30])
                                                      0.109     2.090 r  bd_0_i/hls_inst/inst/grp_MLP_Pipeline_VITIS_LOOP_77_3_fu_1157/fmul_32ns_32ns_32_3_max_dsp_1_U117/MLP_fmul_32ns_32ns_32_3_max_dsp_1_ip_u/inst/i_synth/MULT.OP/i_non_prim.MULT/DSP48E1_SPD_SGL_VARIANT.FIX_MULT/DSP2/i_no_versal_es1_workaround.DSP/DSP_OUTPUT_INST/P[30]
                         net (fo=33, routed)          0.833     2.923    bd_0_i/hls_inst/inst/grp_MLP_Pipeline_VITIS_LOOP_77_3_fu_1157/fmul_32ns_32ns_32_3_max_dsp_1_U117/MLP_fmul_32ns_32ns_32_3_max_dsp_1_ip_u/inst/i_synth/MULT.OP/i_non_prim.EXP/EXP_ADD.C_CHAIN/RESULT[0]
    SLICE_X36Y149        LUT6 (Prop_G6LUT_SLICEL_I1_O)
                                                      0.123     3.046 r  bd_0_i/hls_inst/inst/grp_MLP_Pipeline_VITIS_LOOP_77_3_fu_1157/fmul_32ns_32ns_32_3_max_dsp_1_U117/MLP_fmul_32ns_32ns_32_3_max_dsp_1_ip_u/inst/i_synth/MULT.OP/i_non_prim.EXP/EXP_ADD.C_CHAIN/RESULT_REG.NORMAL.exp_op[7]_i_7/O
                         net (fo=1, routed)           0.088     3.134    bd_0_i/hls_inst/inst/grp_MLP_Pipeline_VITIS_LOOP_77_3_fu_1157/fmul_32ns_32ns_32_3_max_dsp_1_U117/MLP_fmul_32ns_32ns_32_3_max_dsp_1_ip_u/inst/i_synth/MULT.OP/i_non_prim.EXP/EXP_ADD.C_CHAIN/RESULT_REG.NORMAL.exp_op[7]_i_7_n_5
    SLICE_X36Y148        LUT6 (Prop_F6LUT_SLICEL_I2_O)
                                                      0.097     3.231 r  bd_0_i/hls_inst/inst/grp_MLP_Pipeline_VITIS_LOOP_77_3_fu_1157/fmul_32ns_32ns_32_3_max_dsp_1_U117/MLP_fmul_32ns_32ns_32_3_max_dsp_1_ip_u/inst/i_synth/MULT.OP/i_non_prim.EXP/EXP_ADD.C_CHAIN/RESULT_REG.NORMAL.exp_op[7]_i_3/O
                         net (fo=11, routed)          0.548     3.779    bd_0_i/hls_inst/inst/grp_MLP_Pipeline_VITIS_LOOP_77_3_fu_1157/fmul_32ns_32ns_32_3_max_dsp_1_U117/MLP_fmul_32ns_32ns_32_3_max_dsp_1_ip_u/inst/i_synth/MULT.OP/i_non_prim.EXP/EXP_ADD.C_CHAIN/state_int_up[0]
    SLICE_X39Y149        LUT2 (Prop_D5LUT_SLICEM_I0_O)
                                                      0.097     3.876 r  bd_0_i/hls_inst/inst/grp_MLP_Pipeline_VITIS_LOOP_77_3_fu_1157/fmul_32ns_32ns_32_3_max_dsp_1_U117/MLP_fmul_32ns_32ns_32_3_max_dsp_1_ip_u/inst/i_synth/MULT.OP/i_non_prim.EXP/EXP_ADD.C_CHAIN/RESULT_REG.NORMAL.mant_op[21]_i_1/O
                         net (fo=22, routed)          0.411     4.287    bd_0_i/hls_inst/inst/grp_MLP_Pipeline_VITIS_LOOP_77_3_fu_1157/fmul_32ns_32ns_32_3_max_dsp_1_U117/MLP_fmul_32ns_32ns_32_3_max_dsp_1_ip_u/inst/i_synth/MULT.OP/i_non_prim.OP/state_op[0]
    SLICE_X41Y148        FDRE                                         r  bd_0_i/hls_inst/inst/grp_MLP_Pipeline_VITIS_LOOP_77_3_fu_1157/fmul_32ns_32ns_32_3_max_dsp_1_U117/MLP_fmul_32ns_32ns_32_3_max_dsp_1_ip_u/inst/i_synth/MULT.OP/i_non_prim.OP/RESULT_REG.NORMAL.mant_op_reg[4]/R
  -------------------------------------------------------------------    -------------------

                         (clock ap_clk rise edge)     0.000     0.000 r  
                                                      0.000     0.000 r  ap_clk (IN)
                         net (fo=29822, unset)        0.020     0.020    bd_0_i/hls_inst/inst/grp_MLP_Pipeline_VITIS_LOOP_77_3_fu_1157/fmul_32ns_32ns_32_3_max_dsp_1_U117/MLP_fmul_32ns_32ns_32_3_max_dsp_1_ip_u/inst/i_synth/MULT.OP/i_non_prim.OP/aclk
    SLICE_X41Y148        FDRE                                         r  bd_0_i/hls_inst/inst/grp_MLP_Pipeline_VITIS_LOOP_77_3_fu_1157/fmul_32ns_32ns_32_3_max_dsp_1_U117/MLP_fmul_32ns_32ns_32_3_max_dsp_1_ip_u/inst/i_synth/MULT.OP/i_non_prim.OP/RESULT_REG.NORMAL.mant_op_reg[4]/C

Slack:                    inf
  Source:                 bd_0_i/hls_inst/inst/grp_MLP_Pipeline_VITIS_LOOP_77_3_fu_1157/fmul_32ns_32ns_32_3_max_dsp_1_U117/MLP_fmul_32ns_32ns_32_3_max_dsp_1_ip_u/inst/i_synth/MULT.OP/i_non_prim.MULT/DSP48E1_SPD_SGL_VARIANT.FIX_MULT/DSP1/i_no_versal_es1_workaround.DSP/DSP_A_B_DATA_INST/B2_DATA[17]
                            (internal pin)
  Destination:            bd_0_i/hls_inst/inst/grp_MLP_Pipeline_VITIS_LOOP_77_3_fu_1157/fmul_32ns_32ns_32_3_max_dsp_1_U117/MLP_fmul_32ns_32ns_32_3_max_dsp_1_ip_u/inst/i_synth/MULT.OP/i_non_prim.OP/RESULT_REG.NORMAL.mant_op_reg[5]/R
                            (rising edge-triggered cell FDRE clocked by ap_clk  {rise@0.000ns fall@5.000ns period=10.000ns})
  Path Group:             (none)
  Path Type:              Setup (Max at Slow Process Corner)
  Data Path Delay:        4.287ns  (logic 2.393ns (55.817%)  route 1.894ns (44.183%))
  Logic Levels:           10  (DSP_ALU=2 DSP_M_DATA=1 DSP_MULTIPLIER=1 DSP_OUTPUT=2 DSP_PREADD_DATA=1 LUT2=1 LUT6=2)
  Clock Uncertainty:      0.025ns  ((TSJ^2 + TIJ^2)^1/2 + DJ) / 2 + PE
    Total System Jitter     (TSJ):    0.050ns
    Total Input Jitter      (TIJ):    0.000ns
    Discrete Jitter          (DJ):    0.000ns
    Phase Error              (PE):    0.000ns

    Location             Delay type                Incr(ns)  Path(ns)    Netlist Resource(s)
  -------------------------------------------------------------------    -------------------
    DSP48E2_X3Y58        DSP_A_B_DATA                 0.000     0.000 r  bd_0_i/hls_inst/inst/grp_MLP_Pipeline_VITIS_LOOP_77_3_fu_1157/fmul_32ns_32ns_32_3_max_dsp_1_U117/MLP_fmul_32ns_32ns_32_3_max_dsp_1_ip_u/inst/i_synth/MULT.OP/i_non_prim.MULT/DSP48E1_SPD_SGL_VARIANT.FIX_MULT/DSP1/i_no_versal_es1_workaround.DSP/DSP_A_B_DATA_INST/B2_DATA[17]
                         net (fo=1, routed)           0.000     0.000    bd_0_i/hls_inst/inst/grp_MLP_Pipeline_VITIS_LOOP_77_3_fu_1157/fmul_32ns_32ns_32_3_max_dsp_1_U117/MLP_fmul_32ns_32ns_32_3_max_dsp_1_ip_u/inst/i_synth/MULT.OP/i_non_prim.MULT/DSP48E1_SPD_SGL_VARIANT.FIX_MULT/DSP1/i_no_versal_es1_workaround.DSP/DSP_A_B_DATA.B2_DATA<17>
    DSP48E2_X3Y58        DSP_PREADD_DATA (Prop_DSP_PREADD_DATA_DSP48E2_B2_DATA[17]_B2B1[17])
                                                      0.073     0.073 r  bd_0_i/hls_inst/inst/grp_MLP_Pipeline_VITIS_LOOP_77_3_fu_1157/fmul_32ns_32ns_32_3_max_dsp_1_U117/MLP_fmul_32ns_32ns_32_3_max_dsp_1_ip_u/inst/i_synth/MULT.OP/i_non_prim.MULT/DSP48E1_SPD_SGL_VARIANT.FIX_MULT/DSP1/i_no_versal_es1_workaround.DSP/DSP_PREADD_DATA_INST/B2B1[17]
                         net (fo=1, routed)           0.000     0.073    bd_0_i/hls_inst/inst/grp_MLP_Pipeline_VITIS_LOOP_77_3_fu_1157/fmul_32ns_32ns_32_3_max_dsp_1_U117/MLP_fmul_32ns_32ns_32_3_max_dsp_1_ip_u/inst/i_synth/MULT.OP/i_non_prim.MULT/DSP48E1_SPD_SGL_VARIANT.FIX_MULT/DSP1/i_no_versal_es1_workaround.DSP/DSP_PREADD_DATA.B2B1<17>
    DSP48E2_X3Y58        DSP_MULTIPLIER (Prop_DSP_MULTIPLIER_DSP48E2_B2B1[17]_V[43])
                                                      0.609     0.682 f  bd_0_i/hls_inst/inst/grp_MLP_Pipeline_VITIS_LOOP_77_3_fu_1157/fmul_32ns_32ns_32_3_max_dsp_1_U117/MLP_fmul_32ns_32ns_32_3_max_dsp_1_ip_u/inst/i_synth/MULT.OP/i_non_prim.MULT/DSP48E1_SPD_SGL_VARIANT.FIX_MULT/DSP1/i_no_versal_es1_workaround.DSP/DSP_MULTIPLIER_INST/V[43]
                         net (fo=1, routed)           0.000     0.682    bd_0_i/hls_inst/inst/grp_MLP_Pipeline_VITIS_LOOP_77_3_fu_1157/fmul_32ns_32ns_32_3_max_dsp_1_U117/MLP_fmul_32ns_32ns_32_3_max_dsp_1_ip_u/inst/i_synth/MULT.OP/i_non_prim.MULT/DSP48E1_SPD_SGL_VARIANT.FIX_MULT/DSP1/i_no_versal_es1_workaround.DSP/DSP_MULTIPLIER.V<43>
    DSP48E2_X3Y58        DSP_M_DATA (Prop_DSP_M_DATA_DSP48E2_V[43]_V_DATA[43])
                                                      0.046     0.728 r  bd_0_i/hls_inst/inst/grp_MLP_Pipeline_VITIS_LOOP_77_3_fu_1157/fmul_32ns_32ns_32_3_max_dsp_1_U117/MLP_fmul_32ns_32ns_32_3_max_dsp_1_ip_u/inst/i_synth/MULT.OP/i_non_prim.MULT/DSP48E1_SPD_SGL_VARIANT.FIX_MULT/DSP1/i_no_versal_es1_workaround.DSP/DSP_M_DATA_INST/V_DATA[43]
                         net (fo=1, routed)           0.000     0.728    bd_0_i/hls_inst/inst/grp_MLP_Pipeline_VITIS_LOOP_77_3_fu_1157/fmul_32ns_32ns_32_3_max_dsp_1_U117/MLP_fmul_32ns_32ns_32_3_max_dsp_1_ip_u/inst/i_synth/MULT.OP/i_non_prim.MULT/DSP48E1_SPD_SGL_VARIANT.FIX_MULT/DSP1/i_no_versal_es1_workaround.DSP/DSP_M_DATA.V_DATA<43>
    DSP48E2_X3Y58        DSP_ALU (Prop_DSP_ALU_DSP48E2_V_DATA[43]_ALU_OUT[47])
                                                      0.571     1.299 f  bd_0_i/hls_inst/inst/grp_MLP_Pipeline_VITIS_LOOP_77_3_fu_1157/fmul_32ns_32ns_32_3_max_dsp_1_U117/MLP_fmul_32ns_32ns_32_3_max_dsp_1_ip_u/inst/i_synth/MULT.OP/i_non_prim.MULT/DSP48E1_SPD_SGL_VARIANT.FIX_MULT/DSP1/i_no_versal_es1_workaround.DSP/DSP_ALU_INST/ALU_OUT[47]
                         net (fo=1, routed)           0.000     1.299    bd_0_i/hls_inst/inst/grp_MLP_Pipeline_VITIS_LOOP_77_3_fu_1157/fmul_32ns_32ns_32_3_max_dsp_1_U117/MLP_fmul_32ns_32ns_32_3_max_dsp_1_ip_u/inst/i_synth/MULT.OP/i_non_prim.MULT/DSP48E1_SPD_SGL_VARIANT.FIX_MULT/DSP1/i_no_versal_es1_workaround.DSP/DSP_ALU.ALU_OUT<47>
    DSP48E2_X3Y58        DSP_OUTPUT (Prop_DSP_OUTPUT_DSP48E2_ALU_OUT[47]_PCOUT[47])
                                                      0.122     1.421 r  bd_0_i/hls_inst/inst/grp_MLP_Pipeline_VITIS_LOOP_77_3_fu_1157/fmul_32ns_32ns_32_3_max_dsp_1_U117/MLP_fmul_32ns_32ns_32_3_max_dsp_1_ip_u/inst/i_synth/MULT.OP/i_non_prim.MULT/DSP48E1_SPD_SGL_VARIANT.FIX_MULT/DSP1/i_no_versal_es1_workaround.DSP/DSP_OUTPUT_INST/PCOUT[47]
                         net (fo=1, routed)           0.014     1.435    bd_0_i/hls_inst/inst/grp_MLP_Pipeline_VITIS_LOOP_77_3_fu_1157/fmul_32ns_32ns_32_3_max_dsp_1_U117/MLP_fmul_32ns_32ns_32_3_max_dsp_1_ip_u/inst/i_synth/MULT.OP/i_non_prim.MULT/DSP48E1_SPD_SGL_VARIANT.FIX_MULT/DSP2/i_no_versal_es1_workaround.DSP/PCIN[47]
    DSP48E2_X3Y59        DSP_ALU (Prop_DSP_ALU_DSP48E2_PCIN[47]_ALU_OUT[30])
                                                      0.546     1.981 f  bd_0_i/hls_inst/inst/grp_MLP_Pipeline_VITIS_LOOP_77_3_fu_1157/fmul_32ns_32ns_32_3_max_dsp_1_U117/MLP_fmul_32ns_32ns_32_3_max_dsp_1_ip_u/inst/i_synth/MULT.OP/i_non_prim.MULT/DSP48E1_SPD_SGL_VARIANT.FIX_MULT/DSP2/i_no_versal_es1_workaround.DSP/DSP_ALU_INST/ALU_OUT[30]
                         net (fo=1, routed)           0.000     1.981    bd_0_i/hls_inst/inst/grp_MLP_Pipeline_VITIS_LOOP_77_3_fu_1157/fmul_32ns_32ns_32_3_max_dsp_1_U117/MLP_fmul_32ns_32ns_32_3_max_dsp_1_ip_u/inst/i_synth/MULT.OP/i_non_prim.MULT/DSP48E1_SPD_SGL_VARIANT.FIX_MULT/DSP2/i_no_versal_es1_workaround.DSP/DSP_ALU.ALU_OUT<30>
    DSP48E2_X3Y59        DSP_OUTPUT (Prop_DSP_OUTPUT_DSP48E2_ALU_OUT[30]_P[30])
                                                      0.109     2.090 r  bd_0_i/hls_inst/inst/grp_MLP_Pipeline_VITIS_LOOP_77_3_fu_1157/fmul_32ns_32ns_32_3_max_dsp_1_U117/MLP_fmul_32ns_32ns_32_3_max_dsp_1_ip_u/inst/i_synth/MULT.OP/i_non_prim.MULT/DSP48E1_SPD_SGL_VARIANT.FIX_MULT/DSP2/i_no_versal_es1_workaround.DSP/DSP_OUTPUT_INST/P[30]
                         net (fo=33, routed)          0.833     2.923    bd_0_i/hls_inst/inst/grp_MLP_Pipeline_VITIS_LOOP_77_3_fu_1157/fmul_32ns_32ns_32_3_max_dsp_1_U117/MLP_fmul_32ns_32ns_32_3_max_dsp_1_ip_u/inst/i_synth/MULT.OP/i_non_prim.EXP/EXP_ADD.C_CHAIN/RESULT[0]
    SLICE_X36Y149        LUT6 (Prop_G6LUT_SLICEL_I1_O)
                                                      0.123     3.046 r  bd_0_i/hls_inst/inst/grp_MLP_Pipeline_VITIS_LOOP_77_3_fu_1157/fmul_32ns_32ns_32_3_max_dsp_1_U117/MLP_fmul_32ns_32ns_32_3_max_dsp_1_ip_u/inst/i_synth/MULT.OP/i_non_prim.EXP/EXP_ADD.C_CHAIN/RESULT_REG.NORMAL.exp_op[7]_i_7/O
                         net (fo=1, routed)           0.088     3.134    bd_0_i/hls_inst/inst/grp_MLP_Pipeline_VITIS_LOOP_77_3_fu_1157/fmul_32ns_32ns_32_3_max_dsp_1_U117/MLP_fmul_32ns_32ns_32_3_max_dsp_1_ip_u/inst/i_synth/MULT.OP/i_non_prim.EXP/EXP_ADD.C_CHAIN/RESULT_REG.NORMAL.exp_op[7]_i_7_n_5
    SLICE_X36Y148        LUT6 (Prop_F6LUT_SLICEL_I2_O)
                                                      0.097     3.231 r  bd_0_i/hls_inst/inst/grp_MLP_Pipeline_VITIS_LOOP_77_3_fu_1157/fmul_32ns_32ns_32_3_max_dsp_1_U117/MLP_fmul_32ns_32ns_32_3_max_dsp_1_ip_u/inst/i_synth/MULT.OP/i_non_prim.EXP/EXP_ADD.C_CHAIN/RESULT_REG.NORMAL.exp_op[7]_i_3/O
                         net (fo=11, routed)          0.548     3.779    bd_0_i/hls_inst/inst/grp_MLP_Pipeline_VITIS_LOOP_77_3_fu_1157/fmul_32ns_32ns_32_3_max_dsp_1_U117/MLP_fmul_32ns_32ns_32_3_max_dsp_1_ip_u/inst/i_synth/MULT.OP/i_non_prim.EXP/EXP_ADD.C_CHAIN/state_int_up[0]
    SLICE_X39Y149        LUT2 (Prop_D5LUT_SLICEM_I0_O)
                                                      0.097     3.876 r  bd_0_i/hls_inst/inst/grp_MLP_Pipeline_VITIS_LOOP_77_3_fu_1157/fmul_32ns_32ns_32_3_max_dsp_1_U117/MLP_fmul_32ns_32ns_32_3_max_dsp_1_ip_u/inst/i_synth/MULT.OP/i_non_prim.EXP/EXP_ADD.C_CHAIN/RESULT_REG.NORMAL.mant_op[21]_i_1/O
                         net (fo=22, routed)          0.411     4.287    bd_0_i/hls_inst/inst/grp_MLP_Pipeline_VITIS_LOOP_77_3_fu_1157/fmul_32ns_32ns_32_3_max_dsp_1_U117/MLP_fmul_32ns_32ns_32_3_max_dsp_1_ip_u/inst/i_synth/MULT.OP/i_non_prim.OP/state_op[0]
    SLICE_X41Y148        FDRE                                         r  bd_0_i/hls_inst/inst/grp_MLP_Pipeline_VITIS_LOOP_77_3_fu_1157/fmul_32ns_32ns_32_3_max_dsp_1_U117/MLP_fmul_32ns_32ns_32_3_max_dsp_1_ip_u/inst/i_synth/MULT.OP/i_non_prim.OP/RESULT_REG.NORMAL.mant_op_reg[5]/R
  -------------------------------------------------------------------    -------------------

                         (clock ap_clk rise edge)     0.000     0.000 r  
                                                      0.000     0.000 r  ap_clk (IN)
                         net (fo=29822, unset)        0.020     0.020    bd_0_i/hls_inst/inst/grp_MLP_Pipeline_VITIS_LOOP_77_3_fu_1157/fmul_32ns_32ns_32_3_max_dsp_1_U117/MLP_fmul_32ns_32ns_32_3_max_dsp_1_ip_u/inst/i_synth/MULT.OP/i_non_prim.OP/aclk
    SLICE_X41Y148        FDRE                                         r  bd_0_i/hls_inst/inst/grp_MLP_Pipeline_VITIS_LOOP_77_3_fu_1157/fmul_32ns_32ns_32_3_max_dsp_1_U117/MLP_fmul_32ns_32ns_32_3_max_dsp_1_ip_u/inst/i_synth/MULT.OP/i_non_prim.OP/RESULT_REG.NORMAL.mant_op_reg[5]/C

Slack:                    inf
  Source:                 bd_0_i/hls_inst/inst/grp_MLP_Pipeline_VITIS_LOOP_77_3_fu_1157/fmul_32ns_32ns_32_3_max_dsp_1_U117/MLP_fmul_32ns_32ns_32_3_max_dsp_1_ip_u/inst/i_synth/MULT.OP/i_non_prim.MULT/DSP48E1_SPD_SGL_VARIANT.FIX_MULT/DSP1/i_no_versal_es1_workaround.DSP/DSP_A_B_DATA_INST/B2_DATA[17]
                            (internal pin)
  Destination:            bd_0_i/hls_inst/inst/grp_MLP_Pipeline_VITIS_LOOP_77_3_fu_1157/fmul_32ns_32ns_32_3_max_dsp_1_U117/MLP_fmul_32ns_32ns_32_3_max_dsp_1_ip_u/inst/i_synth/MULT.OP/i_non_prim.OP/RESULT_REG.NORMAL.mant_op_reg[6]/R
                            (rising edge-triggered cell FDRE clocked by ap_clk  {rise@0.000ns fall@5.000ns period=10.000ns})
  Path Group:             (none)
  Path Type:              Setup (Max at Slow Process Corner)
  Data Path Delay:        4.287ns  (logic 2.393ns (55.817%)  route 1.894ns (44.183%))
  Logic Levels:           10  (DSP_ALU=2 DSP_M_DATA=1 DSP_MULTIPLIER=1 DSP_OUTPUT=2 DSP_PREADD_DATA=1 LUT2=1 LUT6=2)
  Clock Uncertainty:      0.025ns  ((TSJ^2 + TIJ^2)^1/2 + DJ) / 2 + PE
    Total System Jitter     (TSJ):    0.050ns
    Total Input Jitter      (TIJ):    0.000ns
    Discrete Jitter          (DJ):    0.000ns
    Phase Error              (PE):    0.000ns

    Location             Delay type                Incr(ns)  Path(ns)    Netlist Resource(s)
  -------------------------------------------------------------------    -------------------
    DSP48E2_X3Y58        DSP_A_B_DATA                 0.000     0.000 r  bd_0_i/hls_inst/inst/grp_MLP_Pipeline_VITIS_LOOP_77_3_fu_1157/fmul_32ns_32ns_32_3_max_dsp_1_U117/MLP_fmul_32ns_32ns_32_3_max_dsp_1_ip_u/inst/i_synth/MULT.OP/i_non_prim.MULT/DSP48E1_SPD_SGL_VARIANT.FIX_MULT/DSP1/i_no_versal_es1_workaround.DSP/DSP_A_B_DATA_INST/B2_DATA[17]
                         net (fo=1, routed)           0.000     0.000    bd_0_i/hls_inst/inst/grp_MLP_Pipeline_VITIS_LOOP_77_3_fu_1157/fmul_32ns_32ns_32_3_max_dsp_1_U117/MLP_fmul_32ns_32ns_32_3_max_dsp_1_ip_u/inst/i_synth/MULT.OP/i_non_prim.MULT/DSP48E1_SPD_SGL_VARIANT.FIX_MULT/DSP1/i_no_versal_es1_workaround.DSP/DSP_A_B_DATA.B2_DATA<17>
    DSP48E2_X3Y58        DSP_PREADD_DATA (Prop_DSP_PREADD_DATA_DSP48E2_B2_DATA[17]_B2B1[17])
                                                      0.073     0.073 r  bd_0_i/hls_inst/inst/grp_MLP_Pipeline_VITIS_LOOP_77_3_fu_1157/fmul_32ns_32ns_32_3_max_dsp_1_U117/MLP_fmul_32ns_32ns_32_3_max_dsp_1_ip_u/inst/i_synth/MULT.OP/i_non_prim.MULT/DSP48E1_SPD_SGL_VARIANT.FIX_MULT/DSP1/i_no_versal_es1_workaround.DSP/DSP_PREADD_DATA_INST/B2B1[17]
                         net (fo=1, routed)           0.000     0.073    bd_0_i/hls_inst/inst/grp_MLP_Pipeline_VITIS_LOOP_77_3_fu_1157/fmul_32ns_32ns_32_3_max_dsp_1_U117/MLP_fmul_32ns_32ns_32_3_max_dsp_1_ip_u/inst/i_synth/MULT.OP/i_non_prim.MULT/DSP48E1_SPD_SGL_VARIANT.FIX_MULT/DSP1/i_no_versal_es1_workaround.DSP/DSP_PREADD_DATA.B2B1<17>
    DSP48E2_X3Y58        DSP_MULTIPLIER (Prop_DSP_MULTIPLIER_DSP48E2_B2B1[17]_V[43])
                                                      0.609     0.682 f  bd_0_i/hls_inst/inst/grp_MLP_Pipeline_VITIS_LOOP_77_3_fu_1157/fmul_32ns_32ns_32_3_max_dsp_1_U117/MLP_fmul_32ns_32ns_32_3_max_dsp_1_ip_u/inst/i_synth/MULT.OP/i_non_prim.MULT/DSP48E1_SPD_SGL_VARIANT.FIX_MULT/DSP1/i_no_versal_es1_workaround.DSP/DSP_MULTIPLIER_INST/V[43]
                         net (fo=1, routed)           0.000     0.682    bd_0_i/hls_inst/inst/grp_MLP_Pipeline_VITIS_LOOP_77_3_fu_1157/fmul_32ns_32ns_32_3_max_dsp_1_U117/MLP_fmul_32ns_32ns_32_3_max_dsp_1_ip_u/inst/i_synth/MULT.OP/i_non_prim.MULT/DSP48E1_SPD_SGL_VARIANT.FIX_MULT/DSP1/i_no_versal_es1_workaround.DSP/DSP_MULTIPLIER.V<43>
    DSP48E2_X3Y58        DSP_M_DATA (Prop_DSP_M_DATA_DSP48E2_V[43]_V_DATA[43])
                                                      0.046     0.728 r  bd_0_i/hls_inst/inst/grp_MLP_Pipeline_VITIS_LOOP_77_3_fu_1157/fmul_32ns_32ns_32_3_max_dsp_1_U117/MLP_fmul_32ns_32ns_32_3_max_dsp_1_ip_u/inst/i_synth/MULT.OP/i_non_prim.MULT/DSP48E1_SPD_SGL_VARIANT.FIX_MULT/DSP1/i_no_versal_es1_workaround.DSP/DSP_M_DATA_INST/V_DATA[43]
                         net (fo=1, routed)           0.000     0.728    bd_0_i/hls_inst/inst/grp_MLP_Pipeline_VITIS_LOOP_77_3_fu_1157/fmul_32ns_32ns_32_3_max_dsp_1_U117/MLP_fmul_32ns_32ns_32_3_max_dsp_1_ip_u/inst/i_synth/MULT.OP/i_non_prim.MULT/DSP48E1_SPD_SGL_VARIANT.FIX_MULT/DSP1/i_no_versal_es1_workaround.DSP/DSP_M_DATA.V_DATA<43>
    DSP48E2_X3Y58        DSP_ALU (Prop_DSP_ALU_DSP48E2_V_DATA[43]_ALU_OUT[47])
                                                      0.571     1.299 f  bd_0_i/hls_inst/inst/grp_MLP_Pipeline_VITIS_LOOP_77_3_fu_1157/fmul_32ns_32ns_32_3_max_dsp_1_U117/MLP_fmul_32ns_32ns_32_3_max_dsp_1_ip_u/inst/i_synth/MULT.OP/i_non_prim.MULT/DSP48E1_SPD_SGL_VARIANT.FIX_MULT/DSP1/i_no_versal_es1_workaround.DSP/DSP_ALU_INST/ALU_OUT[47]
                         net (fo=1, routed)           0.000     1.299    bd_0_i/hls_inst/inst/grp_MLP_Pipeline_VITIS_LOOP_77_3_fu_1157/fmul_32ns_32ns_32_3_max_dsp_1_U117/MLP_fmul_32ns_32ns_32_3_max_dsp_1_ip_u/inst/i_synth/MULT.OP/i_non_prim.MULT/DSP48E1_SPD_SGL_VARIANT.FIX_MULT/DSP1/i_no_versal_es1_workaround.DSP/DSP_ALU.ALU_OUT<47>
    DSP48E2_X3Y58        DSP_OUTPUT (Prop_DSP_OUTPUT_DSP48E2_ALU_OUT[47]_PCOUT[47])
                                                      0.122     1.421 r  bd_0_i/hls_inst/inst/grp_MLP_Pipeline_VITIS_LOOP_77_3_fu_1157/fmul_32ns_32ns_32_3_max_dsp_1_U117/MLP_fmul_32ns_32ns_32_3_max_dsp_1_ip_u/inst/i_synth/MULT.OP/i_non_prim.MULT/DSP48E1_SPD_SGL_VARIANT.FIX_MULT/DSP1/i_no_versal_es1_workaround.DSP/DSP_OUTPUT_INST/PCOUT[47]
                         net (fo=1, routed)           0.014     1.435    bd_0_i/hls_inst/inst/grp_MLP_Pipeline_VITIS_LOOP_77_3_fu_1157/fmul_32ns_32ns_32_3_max_dsp_1_U117/MLP_fmul_32ns_32ns_32_3_max_dsp_1_ip_u/inst/i_synth/MULT.OP/i_non_prim.MULT/DSP48E1_SPD_SGL_VARIANT.FIX_MULT/DSP2/i_no_versal_es1_workaround.DSP/PCIN[47]
    DSP48E2_X3Y59        DSP_ALU (Prop_DSP_ALU_DSP48E2_PCIN[47]_ALU_OUT[30])
                                                      0.546     1.981 f  bd_0_i/hls_inst/inst/grp_MLP_Pipeline_VITIS_LOOP_77_3_fu_1157/fmul_32ns_32ns_32_3_max_dsp_1_U117/MLP_fmul_32ns_32ns_32_3_max_dsp_1_ip_u/inst/i_synth/MULT.OP/i_non_prim.MULT/DSP48E1_SPD_SGL_VARIANT.FIX_MULT/DSP2/i_no_versal_es1_workaround.DSP/DSP_ALU_INST/ALU_OUT[30]
                         net (fo=1, routed)           0.000     1.981    bd_0_i/hls_inst/inst/grp_MLP_Pipeline_VITIS_LOOP_77_3_fu_1157/fmul_32ns_32ns_32_3_max_dsp_1_U117/MLP_fmul_32ns_32ns_32_3_max_dsp_1_ip_u/inst/i_synth/MULT.OP/i_non_prim.MULT/DSP48E1_SPD_SGL_VARIANT.FIX_MULT/DSP2/i_no_versal_es1_workaround.DSP/DSP_ALU.ALU_OUT<30>
    DSP48E2_X3Y59        DSP_OUTPUT (Prop_DSP_OUTPUT_DSP48E2_ALU_OUT[30]_P[30])
                                                      0.109     2.090 r  bd_0_i/hls_inst/inst/grp_MLP_Pipeline_VITIS_LOOP_77_3_fu_1157/fmul_32ns_32ns_32_3_max_dsp_1_U117/MLP_fmul_32ns_32ns_32_3_max_dsp_1_ip_u/inst/i_synth/MULT.OP/i_non_prim.MULT/DSP48E1_SPD_SGL_VARIANT.FIX_MULT/DSP2/i_no_versal_es1_workaround.DSP/DSP_OUTPUT_INST/P[30]
                         net (fo=33, routed)          0.833     2.923    bd_0_i/hls_inst/inst/grp_MLP_Pipeline_VITIS_LOOP_77_3_fu_1157/fmul_32ns_32ns_32_3_max_dsp_1_U117/MLP_fmul_32ns_32ns_32_3_max_dsp_1_ip_u/inst/i_synth/MULT.OP/i_non_prim.EXP/EXP_ADD.C_CHAIN/RESULT[0]
    SLICE_X36Y149        LUT6 (Prop_G6LUT_SLICEL_I1_O)
                                                      0.123     3.046 r  bd_0_i/hls_inst/inst/grp_MLP_Pipeline_VITIS_LOOP_77_3_fu_1157/fmul_32ns_32ns_32_3_max_dsp_1_U117/MLP_fmul_32ns_32ns_32_3_max_dsp_1_ip_u/inst/i_synth/MULT.OP/i_non_prim.EXP/EXP_ADD.C_CHAIN/RESULT_REG.NORMAL.exp_op[7]_i_7/O
                         net (fo=1, routed)           0.088     3.134    bd_0_i/hls_inst/inst/grp_MLP_Pipeline_VITIS_LOOP_77_3_fu_1157/fmul_32ns_32ns_32_3_max_dsp_1_U117/MLP_fmul_32ns_32ns_32_3_max_dsp_1_ip_u/inst/i_synth/MULT.OP/i_non_prim.EXP/EXP_ADD.C_CHAIN/RESULT_REG.NORMAL.exp_op[7]_i_7_n_5
    SLICE_X36Y148        LUT6 (Prop_F6LUT_SLICEL_I2_O)
                                                      0.097     3.231 r  bd_0_i/hls_inst/inst/grp_MLP_Pipeline_VITIS_LOOP_77_3_fu_1157/fmul_32ns_32ns_32_3_max_dsp_1_U117/MLP_fmul_32ns_32ns_32_3_max_dsp_1_ip_u/inst/i_synth/MULT.OP/i_non_prim.EXP/EXP_ADD.C_CHAIN/RESULT_REG.NORMAL.exp_op[7]_i_3/O
                         net (fo=11, routed)          0.548     3.779    bd_0_i/hls_inst/inst/grp_MLP_Pipeline_VITIS_LOOP_77_3_fu_1157/fmul_32ns_32ns_32_3_max_dsp_1_U117/MLP_fmul_32ns_32ns_32_3_max_dsp_1_ip_u/inst/i_synth/MULT.OP/i_non_prim.EXP/EXP_ADD.C_CHAIN/state_int_up[0]
    SLICE_X39Y149        LUT2 (Prop_D5LUT_SLICEM_I0_O)
                                                      0.097     3.876 r  bd_0_i/hls_inst/inst/grp_MLP_Pipeline_VITIS_LOOP_77_3_fu_1157/fmul_32ns_32ns_32_3_max_dsp_1_U117/MLP_fmul_32ns_32ns_32_3_max_dsp_1_ip_u/inst/i_synth/MULT.OP/i_non_prim.EXP/EXP_ADD.C_CHAIN/RESULT_REG.NORMAL.mant_op[21]_i_1/O
                         net (fo=22, routed)          0.411     4.287    bd_0_i/hls_inst/inst/grp_MLP_Pipeline_VITIS_LOOP_77_3_fu_1157/fmul_32ns_32ns_32_3_max_dsp_1_U117/MLP_fmul_32ns_32ns_32_3_max_dsp_1_ip_u/inst/i_synth/MULT.OP/i_non_prim.OP/state_op[0]
    SLICE_X41Y148        FDRE                                         r  bd_0_i/hls_inst/inst/grp_MLP_Pipeline_VITIS_LOOP_77_3_fu_1157/fmul_32ns_32ns_32_3_max_dsp_1_U117/MLP_fmul_32ns_32ns_32_3_max_dsp_1_ip_u/inst/i_synth/MULT.OP/i_non_prim.OP/RESULT_REG.NORMAL.mant_op_reg[6]/R
  -------------------------------------------------------------------    -------------------

                         (clock ap_clk rise edge)     0.000     0.000 r  
                                                      0.000     0.000 r  ap_clk (IN)
                         net (fo=29822, unset)        0.020     0.020    bd_0_i/hls_inst/inst/grp_MLP_Pipeline_VITIS_LOOP_77_3_fu_1157/fmul_32ns_32ns_32_3_max_dsp_1_U117/MLP_fmul_32ns_32ns_32_3_max_dsp_1_ip_u/inst/i_synth/MULT.OP/i_non_prim.OP/aclk
    SLICE_X41Y148        FDRE                                         r  bd_0_i/hls_inst/inst/grp_MLP_Pipeline_VITIS_LOOP_77_3_fu_1157/fmul_32ns_32ns_32_3_max_dsp_1_U117/MLP_fmul_32ns_32ns_32_3_max_dsp_1_ip_u/inst/i_synth/MULT.OP/i_non_prim.OP/RESULT_REG.NORMAL.mant_op_reg[6]/C

Slack:                    inf
  Source:                 bd_0_i/hls_inst/inst/grp_MLP_Pipeline_VITIS_LOOP_77_3_fu_1157/fmul_32ns_32ns_32_3_max_dsp_1_U117/MLP_fmul_32ns_32ns_32_3_max_dsp_1_ip_u/inst/i_synth/MULT.OP/i_non_prim.MULT/DSP48E1_SPD_SGL_VARIANT.FIX_MULT/DSP1/i_no_versal_es1_workaround.DSP/DSP_A_B_DATA_INST/B2_DATA[17]
                            (internal pin)
  Destination:            bd_0_i/hls_inst/inst/grp_MLP_Pipeline_VITIS_LOOP_77_3_fu_1157/fmul_32ns_32ns_32_3_max_dsp_1_U117/MLP_fmul_32ns_32ns_32_3_max_dsp_1_ip_u/inst/i_synth/MULT.OP/i_non_prim.OP/RESULT_REG.NORMAL.mant_op_reg[7]/R
                            (rising edge-triggered cell FDRE clocked by ap_clk  {rise@0.000ns fall@5.000ns period=10.000ns})
  Path Group:             (none)
  Path Type:              Setup (Max at Slow Process Corner)
  Data Path Delay:        4.257ns  (logic 2.393ns (56.213%)  route 1.864ns (43.787%))
  Logic Levels:           10  (DSP_ALU=2 DSP_M_DATA=1 DSP_MULTIPLIER=1 DSP_OUTPUT=2 DSP_PREADD_DATA=1 LUT2=1 LUT6=2)
  Clock Uncertainty:      0.025ns  ((TSJ^2 + TIJ^2)^1/2 + DJ) / 2 + PE
    Total System Jitter     (TSJ):    0.050ns
    Total Input Jitter      (TIJ):    0.000ns
    Discrete Jitter          (DJ):    0.000ns
    Phase Error              (PE):    0.000ns

    Location             Delay type                Incr(ns)  Path(ns)    Netlist Resource(s)
  -------------------------------------------------------------------    -------------------
    DSP48E2_X3Y58        DSP_A_B_DATA                 0.000     0.000 r  bd_0_i/hls_inst/inst/grp_MLP_Pipeline_VITIS_LOOP_77_3_fu_1157/fmul_32ns_32ns_32_3_max_dsp_1_U117/MLP_fmul_32ns_32ns_32_3_max_dsp_1_ip_u/inst/i_synth/MULT.OP/i_non_prim.MULT/DSP48E1_SPD_SGL_VARIANT.FIX_MULT/DSP1/i_no_versal_es1_workaround.DSP/DSP_A_B_DATA_INST/B2_DATA[17]
                         net (fo=1, routed)           0.000     0.000    bd_0_i/hls_inst/inst/grp_MLP_Pipeline_VITIS_LOOP_77_3_fu_1157/fmul_32ns_32ns_32_3_max_dsp_1_U117/MLP_fmul_32ns_32ns_32_3_max_dsp_1_ip_u/inst/i_synth/MULT.OP/i_non_prim.MULT/DSP48E1_SPD_SGL_VARIANT.FIX_MULT/DSP1/i_no_versal_es1_workaround.DSP/DSP_A_B_DATA.B2_DATA<17>
    DSP48E2_X3Y58        DSP_PREADD_DATA (Prop_DSP_PREADD_DATA_DSP48E2_B2_DATA[17]_B2B1[17])
                                                      0.073     0.073 r  bd_0_i/hls_inst/inst/grp_MLP_Pipeline_VITIS_LOOP_77_3_fu_1157/fmul_32ns_32ns_32_3_max_dsp_1_U117/MLP_fmul_32ns_32ns_32_3_max_dsp_1_ip_u/inst/i_synth/MULT.OP/i_non_prim.MULT/DSP48E1_SPD_SGL_VARIANT.FIX_MULT/DSP1/i_no_versal_es1_workaround.DSP/DSP_PREADD_DATA_INST/B2B1[17]
                         net (fo=1, routed)           0.000     0.073    bd_0_i/hls_inst/inst/grp_MLP_Pipeline_VITIS_LOOP_77_3_fu_1157/fmul_32ns_32ns_32_3_max_dsp_1_U117/MLP_fmul_32ns_32ns_32_3_max_dsp_1_ip_u/inst/i_synth/MULT.OP/i_non_prim.MULT/DSP48E1_SPD_SGL_VARIANT.FIX_MULT/DSP1/i_no_versal_es1_workaround.DSP/DSP_PREADD_DATA.B2B1<17>
    DSP48E2_X3Y58        DSP_MULTIPLIER (Prop_DSP_MULTIPLIER_DSP48E2_B2B1[17]_V[43])
                                                      0.609     0.682 f  bd_0_i/hls_inst/inst/grp_MLP_Pipeline_VITIS_LOOP_77_3_fu_1157/fmul_32ns_32ns_32_3_max_dsp_1_U117/MLP_fmul_32ns_32ns_32_3_max_dsp_1_ip_u/inst/i_synth/MULT.OP/i_non_prim.MULT/DSP48E1_SPD_SGL_VARIANT.FIX_MULT/DSP1/i_no_versal_es1_workaround.DSP/DSP_MULTIPLIER_INST/V[43]
                         net (fo=1, routed)           0.000     0.682    bd_0_i/hls_inst/inst/grp_MLP_Pipeline_VITIS_LOOP_77_3_fu_1157/fmul_32ns_32ns_32_3_max_dsp_1_U117/MLP_fmul_32ns_32ns_32_3_max_dsp_1_ip_u/inst/i_synth/MULT.OP/i_non_prim.MULT/DSP48E1_SPD_SGL_VARIANT.FIX_MULT/DSP1/i_no_versal_es1_workaround.DSP/DSP_MULTIPLIER.V<43>
    DSP48E2_X3Y58        DSP_M_DATA (Prop_DSP_M_DATA_DSP48E2_V[43]_V_DATA[43])
                                                      0.046     0.728 r  bd_0_i/hls_inst/inst/grp_MLP_Pipeline_VITIS_LOOP_77_3_fu_1157/fmul_32ns_32ns_32_3_max_dsp_1_U117/MLP_fmul_32ns_32ns_32_3_max_dsp_1_ip_u/inst/i_synth/MULT.OP/i_non_prim.MULT/DSP48E1_SPD_SGL_VARIANT.FIX_MULT/DSP1/i_no_versal_es1_workaround.DSP/DSP_M_DATA_INST/V_DATA[43]
                         net (fo=1, routed)           0.000     0.728    bd_0_i/hls_inst/inst/grp_MLP_Pipeline_VITIS_LOOP_77_3_fu_1157/fmul_32ns_32ns_32_3_max_dsp_1_U117/MLP_fmul_32ns_32ns_32_3_max_dsp_1_ip_u/inst/i_synth/MULT.OP/i_non_prim.MULT/DSP48E1_SPD_SGL_VARIANT.FIX_MULT/DSP1/i_no_versal_es1_workaround.DSP/DSP_M_DATA.V_DATA<43>
    DSP48E2_X3Y58        DSP_ALU (Prop_DSP_ALU_DSP48E2_V_DATA[43]_ALU_OUT[47])
                                                      0.571     1.299 f  bd_0_i/hls_inst/inst/grp_MLP_Pipeline_VITIS_LOOP_77_3_fu_1157/fmul_32ns_32ns_32_3_max_dsp_1_U117/MLP_fmul_32ns_32ns_32_3_max_dsp_1_ip_u/inst/i_synth/MULT.OP/i_non_prim.MULT/DSP48E1_SPD_SGL_VARIANT.FIX_MULT/DSP1/i_no_versal_es1_workaround.DSP/DSP_ALU_INST/ALU_OUT[47]
                         net (fo=1, routed)           0.000     1.299    bd_0_i/hls_inst/inst/grp_MLP_Pipeline_VITIS_LOOP_77_3_fu_1157/fmul_32ns_32ns_32_3_max_dsp_1_U117/MLP_fmul_32ns_32ns_32_3_max_dsp_1_ip_u/inst/i_synth/MULT.OP/i_non_prim.MULT/DSP48E1_SPD_SGL_VARIANT.FIX_MULT/DSP1/i_no_versal_es1_workaround.DSP/DSP_ALU.ALU_OUT<47>
    DSP48E2_X3Y58        DSP_OUTPUT (Prop_DSP_OUTPUT_DSP48E2_ALU_OUT[47]_PCOUT[47])
                                                      0.122     1.421 r  bd_0_i/hls_inst/inst/grp_MLP_Pipeline_VITIS_LOOP_77_3_fu_1157/fmul_32ns_32ns_32_3_max_dsp_1_U117/MLP_fmul_32ns_32ns_32_3_max_dsp_1_ip_u/inst/i_synth/MULT.OP/i_non_prim.MULT/DSP48E1_SPD_SGL_VARIANT.FIX_MULT/DSP1/i_no_versal_es1_workaround.DSP/DSP_OUTPUT_INST/PCOUT[47]
                         net (fo=1, routed)           0.014     1.435    bd_0_i/hls_inst/inst/grp_MLP_Pipeline_VITIS_LOOP_77_3_fu_1157/fmul_32ns_32ns_32_3_max_dsp_1_U117/MLP_fmul_32ns_32ns_32_3_max_dsp_1_ip_u/inst/i_synth/MULT.OP/i_non_prim.MULT/DSP48E1_SPD_SGL_VARIANT.FIX_MULT/DSP2/i_no_versal_es1_workaround.DSP/PCIN[47]
    DSP48E2_X3Y59        DSP_ALU (Prop_DSP_ALU_DSP48E2_PCIN[47]_ALU_OUT[30])
                                                      0.546     1.981 f  bd_0_i/hls_inst/inst/grp_MLP_Pipeline_VITIS_LOOP_77_3_fu_1157/fmul_32ns_32ns_32_3_max_dsp_1_U117/MLP_fmul_32ns_32ns_32_3_max_dsp_1_ip_u/inst/i_synth/MULT.OP/i_non_prim.MULT/DSP48E1_SPD_SGL_VARIANT.FIX_MULT/DSP2/i_no_versal_es1_workaround.DSP/DSP_ALU_INST/ALU_OUT[30]
                         net (fo=1, routed)           0.000     1.981    bd_0_i/hls_inst/inst/grp_MLP_Pipeline_VITIS_LOOP_77_3_fu_1157/fmul_32ns_32ns_32_3_max_dsp_1_U117/MLP_fmul_32ns_32ns_32_3_max_dsp_1_ip_u/inst/i_synth/MULT.OP/i_non_prim.MULT/DSP48E1_SPD_SGL_VARIANT.FIX_MULT/DSP2/i_no_versal_es1_workaround.DSP/DSP_ALU.ALU_OUT<30>
    DSP48E2_X3Y59        DSP_OUTPUT (Prop_DSP_OUTPUT_DSP48E2_ALU_OUT[30]_P[30])
                                                      0.109     2.090 r  bd_0_i/hls_inst/inst/grp_MLP_Pipeline_VITIS_LOOP_77_3_fu_1157/fmul_32ns_32ns_32_3_max_dsp_1_U117/MLP_fmul_32ns_32ns_32_3_max_dsp_1_ip_u/inst/i_synth/MULT.OP/i_non_prim.MULT/DSP48E1_SPD_SGL_VARIANT.FIX_MULT/DSP2/i_no_versal_es1_workaround.DSP/DSP_OUTPUT_INST/P[30]
                         net (fo=33, routed)          0.833     2.923    bd_0_i/hls_inst/inst/grp_MLP_Pipeline_VITIS_LOOP_77_3_fu_1157/fmul_32ns_32ns_32_3_max_dsp_1_U117/MLP_fmul_32ns_32ns_32_3_max_dsp_1_ip_u/inst/i_synth/MULT.OP/i_non_prim.EXP/EXP_ADD.C_CHAIN/RESULT[0]
    SLICE_X36Y149        LUT6 (Prop_G6LUT_SLICEL_I1_O)
                                                      0.123     3.046 r  bd_0_i/hls_inst/inst/grp_MLP_Pipeline_VITIS_LOOP_77_3_fu_1157/fmul_32ns_32ns_32_3_max_dsp_1_U117/MLP_fmul_32ns_32ns_32_3_max_dsp_1_ip_u/inst/i_synth/MULT.OP/i_non_prim.EXP/EXP_ADD.C_CHAIN/RESULT_REG.NORMAL.exp_op[7]_i_7/O
                         net (fo=1, routed)           0.088     3.134    bd_0_i/hls_inst/inst/grp_MLP_Pipeline_VITIS_LOOP_77_3_fu_1157/fmul_32ns_32ns_32_3_max_dsp_1_U117/MLP_fmul_32ns_32ns_32_3_max_dsp_1_ip_u/inst/i_synth/MULT.OP/i_non_prim.EXP/EXP_ADD.C_CHAIN/RESULT_REG.NORMAL.exp_op[7]_i_7_n_5
    SLICE_X36Y148        LUT6 (Prop_F6LUT_SLICEL_I2_O)
                                                      0.097     3.231 r  bd_0_i/hls_inst/inst/grp_MLP_Pipeline_VITIS_LOOP_77_3_fu_1157/fmul_32ns_32ns_32_3_max_dsp_1_U117/MLP_fmul_32ns_32ns_32_3_max_dsp_1_ip_u/inst/i_synth/MULT.OP/i_non_prim.EXP/EXP_ADD.C_CHAIN/RESULT_REG.NORMAL.exp_op[7]_i_3/O
                         net (fo=11, routed)          0.548     3.779    bd_0_i/hls_inst/inst/grp_MLP_Pipeline_VITIS_LOOP_77_3_fu_1157/fmul_32ns_32ns_32_3_max_dsp_1_U117/MLP_fmul_32ns_32ns_32_3_max_dsp_1_ip_u/inst/i_synth/MULT.OP/i_non_prim.EXP/EXP_ADD.C_CHAIN/state_int_up[0]
    SLICE_X39Y149        LUT2 (Prop_D5LUT_SLICEM_I0_O)
                                                      0.097     3.876 r  bd_0_i/hls_inst/inst/grp_MLP_Pipeline_VITIS_LOOP_77_3_fu_1157/fmul_32ns_32ns_32_3_max_dsp_1_U117/MLP_fmul_32ns_32ns_32_3_max_dsp_1_ip_u/inst/i_synth/MULT.OP/i_non_prim.EXP/EXP_ADD.C_CHAIN/RESULT_REG.NORMAL.mant_op[21]_i_1/O
                         net (fo=22, routed)          0.381     4.257    bd_0_i/hls_inst/inst/grp_MLP_Pipeline_VITIS_LOOP_77_3_fu_1157/fmul_32ns_32ns_32_3_max_dsp_1_U117/MLP_fmul_32ns_32ns_32_3_max_dsp_1_ip_u/inst/i_synth/MULT.OP/i_non_prim.OP/state_op[0]
    SLICE_X41Y146        FDRE                                         r  bd_0_i/hls_inst/inst/grp_MLP_Pipeline_VITIS_LOOP_77_3_fu_1157/fmul_32ns_32ns_32_3_max_dsp_1_U117/MLP_fmul_32ns_32ns_32_3_max_dsp_1_ip_u/inst/i_synth/MULT.OP/i_non_prim.OP/RESULT_REG.NORMAL.mant_op_reg[7]/R
  -------------------------------------------------------------------    -------------------

                         (clock ap_clk rise edge)     0.000     0.000 r  
                                                      0.000     0.000 r  ap_clk (IN)
                         net (fo=29822, unset)        0.020     0.020    bd_0_i/hls_inst/inst/grp_MLP_Pipeline_VITIS_LOOP_77_3_fu_1157/fmul_32ns_32ns_32_3_max_dsp_1_U117/MLP_fmul_32ns_32ns_32_3_max_dsp_1_ip_u/inst/i_synth/MULT.OP/i_non_prim.OP/aclk
    SLICE_X41Y146        FDRE                                         r  bd_0_i/hls_inst/inst/grp_MLP_Pipeline_VITIS_LOOP_77_3_fu_1157/fmul_32ns_32ns_32_3_max_dsp_1_U117/MLP_fmul_32ns_32ns_32_3_max_dsp_1_ip_u/inst/i_synth/MULT.OP/i_non_prim.OP/RESULT_REG.NORMAL.mant_op_reg[7]/C

Slack:                    inf
  Source:                 bd_0_i/hls_inst/inst/grp_MLP_Pipeline_VITIS_LOOP_77_3_fu_1157/fmul_32ns_32ns_32_3_max_dsp_1_U117/MLP_fmul_32ns_32ns_32_3_max_dsp_1_ip_u/inst/i_synth/MULT.OP/i_non_prim.MULT/DSP48E1_SPD_SGL_VARIANT.FIX_MULT/DSP1/i_no_versal_es1_workaround.DSP/DSP_A_B_DATA_INST/B2_DATA[17]
                            (internal pin)
  Destination:            bd_0_i/hls_inst/inst/grp_MLP_Pipeline_VITIS_LOOP_77_3_fu_1157/fmul_32ns_32ns_32_3_max_dsp_1_U117/MLP_fmul_32ns_32ns_32_3_max_dsp_1_ip_u/inst/i_synth/MULT.OP/i_non_prim.OP/RESULT_REG.NORMAL.mant_op_reg[8]/R
                            (rising edge-triggered cell FDRE clocked by ap_clk  {rise@0.000ns fall@5.000ns period=10.000ns})
  Path Group:             (none)
  Path Type:              Setup (Max at Slow Process Corner)
  Data Path Delay:        4.257ns  (logic 2.393ns (56.213%)  route 1.864ns (43.787%))
  Logic Levels:           10  (DSP_ALU=2 DSP_M_DATA=1 DSP_MULTIPLIER=1 DSP_OUTPUT=2 DSP_PREADD_DATA=1 LUT2=1 LUT6=2)
  Clock Uncertainty:      0.025ns  ((TSJ^2 + TIJ^2)^1/2 + DJ) / 2 + PE
    Total System Jitter     (TSJ):    0.050ns
    Total Input Jitter      (TIJ):    0.000ns
    Discrete Jitter          (DJ):    0.000ns
    Phase Error              (PE):    0.000ns

    Location             Delay type                Incr(ns)  Path(ns)    Netlist Resource(s)
  -------------------------------------------------------------------    -------------------
    DSP48E2_X3Y58        DSP_A_B_DATA                 0.000     0.000 r  bd_0_i/hls_inst/inst/grp_MLP_Pipeline_VITIS_LOOP_77_3_fu_1157/fmul_32ns_32ns_32_3_max_dsp_1_U117/MLP_fmul_32ns_32ns_32_3_max_dsp_1_ip_u/inst/i_synth/MULT.OP/i_non_prim.MULT/DSP48E1_SPD_SGL_VARIANT.FIX_MULT/DSP1/i_no_versal_es1_workaround.DSP/DSP_A_B_DATA_INST/B2_DATA[17]
                         net (fo=1, routed)           0.000     0.000    bd_0_i/hls_inst/inst/grp_MLP_Pipeline_VITIS_LOOP_77_3_fu_1157/fmul_32ns_32ns_32_3_max_dsp_1_U117/MLP_fmul_32ns_32ns_32_3_max_dsp_1_ip_u/inst/i_synth/MULT.OP/i_non_prim.MULT/DSP48E1_SPD_SGL_VARIANT.FIX_MULT/DSP1/i_no_versal_es1_workaround.DSP/DSP_A_B_DATA.B2_DATA<17>
    DSP48E2_X3Y58        DSP_PREADD_DATA (Prop_DSP_PREADD_DATA_DSP48E2_B2_DATA[17]_B2B1[17])
                                                      0.073     0.073 r  bd_0_i/hls_inst/inst/grp_MLP_Pipeline_VITIS_LOOP_77_3_fu_1157/fmul_32ns_32ns_32_3_max_dsp_1_U117/MLP_fmul_32ns_32ns_32_3_max_dsp_1_ip_u/inst/i_synth/MULT.OP/i_non_prim.MULT/DSP48E1_SPD_SGL_VARIANT.FIX_MULT/DSP1/i_no_versal_es1_workaround.DSP/DSP_PREADD_DATA_INST/B2B1[17]
                         net (fo=1, routed)           0.000     0.073    bd_0_i/hls_inst/inst/grp_MLP_Pipeline_VITIS_LOOP_77_3_fu_1157/fmul_32ns_32ns_32_3_max_dsp_1_U117/MLP_fmul_32ns_32ns_32_3_max_dsp_1_ip_u/inst/i_synth/MULT.OP/i_non_prim.MULT/DSP48E1_SPD_SGL_VARIANT.FIX_MULT/DSP1/i_no_versal_es1_workaround.DSP/DSP_PREADD_DATA.B2B1<17>
    DSP48E2_X3Y58        DSP_MULTIPLIER (Prop_DSP_MULTIPLIER_DSP48E2_B2B1[17]_V[43])
                                                      0.609     0.682 f  bd_0_i/hls_inst/inst/grp_MLP_Pipeline_VITIS_LOOP_77_3_fu_1157/fmul_32ns_32ns_32_3_max_dsp_1_U117/MLP_fmul_32ns_32ns_32_3_max_dsp_1_ip_u/inst/i_synth/MULT.OP/i_non_prim.MULT/DSP48E1_SPD_SGL_VARIANT.FIX_MULT/DSP1/i_no_versal_es1_workaround.DSP/DSP_MULTIPLIER_INST/V[43]
                         net (fo=1, routed)           0.000     0.682    bd_0_i/hls_inst/inst/grp_MLP_Pipeline_VITIS_LOOP_77_3_fu_1157/fmul_32ns_32ns_32_3_max_dsp_1_U117/MLP_fmul_32ns_32ns_32_3_max_dsp_1_ip_u/inst/i_synth/MULT.OP/i_non_prim.MULT/DSP48E1_SPD_SGL_VARIANT.FIX_MULT/DSP1/i_no_versal_es1_workaround.DSP/DSP_MULTIPLIER.V<43>
    DSP48E2_X3Y58        DSP_M_DATA (Prop_DSP_M_DATA_DSP48E2_V[43]_V_DATA[43])
                                                      0.046     0.728 r  bd_0_i/hls_inst/inst/grp_MLP_Pipeline_VITIS_LOOP_77_3_fu_1157/fmul_32ns_32ns_32_3_max_dsp_1_U117/MLP_fmul_32ns_32ns_32_3_max_dsp_1_ip_u/inst/i_synth/MULT.OP/i_non_prim.MULT/DSP48E1_SPD_SGL_VARIANT.FIX_MULT/DSP1/i_no_versal_es1_workaround.DSP/DSP_M_DATA_INST/V_DATA[43]
                         net (fo=1, routed)           0.000     0.728    bd_0_i/hls_inst/inst/grp_MLP_Pipeline_VITIS_LOOP_77_3_fu_1157/fmul_32ns_32ns_32_3_max_dsp_1_U117/MLP_fmul_32ns_32ns_32_3_max_dsp_1_ip_u/inst/i_synth/MULT.OP/i_non_prim.MULT/DSP48E1_SPD_SGL_VARIANT.FIX_MULT/DSP1/i_no_versal_es1_workaround.DSP/DSP_M_DATA.V_DATA<43>
    DSP48E2_X3Y58        DSP_ALU (Prop_DSP_ALU_DSP48E2_V_DATA[43]_ALU_OUT[47])
                                                      0.571     1.299 f  bd_0_i/hls_inst/inst/grp_MLP_Pipeline_VITIS_LOOP_77_3_fu_1157/fmul_32ns_32ns_32_3_max_dsp_1_U117/MLP_fmul_32ns_32ns_32_3_max_dsp_1_ip_u/inst/i_synth/MULT.OP/i_non_prim.MULT/DSP48E1_SPD_SGL_VARIANT.FIX_MULT/DSP1/i_no_versal_es1_workaround.DSP/DSP_ALU_INST/ALU_OUT[47]
                         net (fo=1, routed)           0.000     1.299    bd_0_i/hls_inst/inst/grp_MLP_Pipeline_VITIS_LOOP_77_3_fu_1157/fmul_32ns_32ns_32_3_max_dsp_1_U117/MLP_fmul_32ns_32ns_32_3_max_dsp_1_ip_u/inst/i_synth/MULT.OP/i_non_prim.MULT/DSP48E1_SPD_SGL_VARIANT.FIX_MULT/DSP1/i_no_versal_es1_workaround.DSP/DSP_ALU.ALU_OUT<47>
    DSP48E2_X3Y58        DSP_OUTPUT (Prop_DSP_OUTPUT_DSP48E2_ALU_OUT[47]_PCOUT[47])
                                                      0.122     1.421 r  bd_0_i/hls_inst/inst/grp_MLP_Pipeline_VITIS_LOOP_77_3_fu_1157/fmul_32ns_32ns_32_3_max_dsp_1_U117/MLP_fmul_32ns_32ns_32_3_max_dsp_1_ip_u/inst/i_synth/MULT.OP/i_non_prim.MULT/DSP48E1_SPD_SGL_VARIANT.FIX_MULT/DSP1/i_no_versal_es1_workaround.DSP/DSP_OUTPUT_INST/PCOUT[47]
                         net (fo=1, routed)           0.014     1.435    bd_0_i/hls_inst/inst/grp_MLP_Pipeline_VITIS_LOOP_77_3_fu_1157/fmul_32ns_32ns_32_3_max_dsp_1_U117/MLP_fmul_32ns_32ns_32_3_max_dsp_1_ip_u/inst/i_synth/MULT.OP/i_non_prim.MULT/DSP48E1_SPD_SGL_VARIANT.FIX_MULT/DSP2/i_no_versal_es1_workaround.DSP/PCIN[47]
    DSP48E2_X3Y59        DSP_ALU (Prop_DSP_ALU_DSP48E2_PCIN[47]_ALU_OUT[30])
                                                      0.546     1.981 f  bd_0_i/hls_inst/inst/grp_MLP_Pipeline_VITIS_LOOP_77_3_fu_1157/fmul_32ns_32ns_32_3_max_dsp_1_U117/MLP_fmul_32ns_32ns_32_3_max_dsp_1_ip_u/inst/i_synth/MULT.OP/i_non_prim.MULT/DSP48E1_SPD_SGL_VARIANT.FIX_MULT/DSP2/i_no_versal_es1_workaround.DSP/DSP_ALU_INST/ALU_OUT[30]
                         net (fo=1, routed)           0.000     1.981    bd_0_i/hls_inst/inst/grp_MLP_Pipeline_VITIS_LOOP_77_3_fu_1157/fmul_32ns_32ns_32_3_max_dsp_1_U117/MLP_fmul_32ns_32ns_32_3_max_dsp_1_ip_u/inst/i_synth/MULT.OP/i_non_prim.MULT/DSP48E1_SPD_SGL_VARIANT.FIX_MULT/DSP2/i_no_versal_es1_workaround.DSP/DSP_ALU.ALU_OUT<30>
    DSP48E2_X3Y59        DSP_OUTPUT (Prop_DSP_OUTPUT_DSP48E2_ALU_OUT[30]_P[30])
                                                      0.109     2.090 r  bd_0_i/hls_inst/inst/grp_MLP_Pipeline_VITIS_LOOP_77_3_fu_1157/fmul_32ns_32ns_32_3_max_dsp_1_U117/MLP_fmul_32ns_32ns_32_3_max_dsp_1_ip_u/inst/i_synth/MULT.OP/i_non_prim.MULT/DSP48E1_SPD_SGL_VARIANT.FIX_MULT/DSP2/i_no_versal_es1_workaround.DSP/DSP_OUTPUT_INST/P[30]
                         net (fo=33, routed)          0.833     2.923    bd_0_i/hls_inst/inst/grp_MLP_Pipeline_VITIS_LOOP_77_3_fu_1157/fmul_32ns_32ns_32_3_max_dsp_1_U117/MLP_fmul_32ns_32ns_32_3_max_dsp_1_ip_u/inst/i_synth/MULT.OP/i_non_prim.EXP/EXP_ADD.C_CHAIN/RESULT[0]
    SLICE_X36Y149        LUT6 (Prop_G6LUT_SLICEL_I1_O)
                                                      0.123     3.046 r  bd_0_i/hls_inst/inst/grp_MLP_Pipeline_VITIS_LOOP_77_3_fu_1157/fmul_32ns_32ns_32_3_max_dsp_1_U117/MLP_fmul_32ns_32ns_32_3_max_dsp_1_ip_u/inst/i_synth/MULT.OP/i_non_prim.EXP/EXP_ADD.C_CHAIN/RESULT_REG.NORMAL.exp_op[7]_i_7/O
                         net (fo=1, routed)           0.088     3.134    bd_0_i/hls_inst/inst/grp_MLP_Pipeline_VITIS_LOOP_77_3_fu_1157/fmul_32ns_32ns_32_3_max_dsp_1_U117/MLP_fmul_32ns_32ns_32_3_max_dsp_1_ip_u/inst/i_synth/MULT.OP/i_non_prim.EXP/EXP_ADD.C_CHAIN/RESULT_REG.NORMAL.exp_op[7]_i_7_n_5
    SLICE_X36Y148        LUT6 (Prop_F6LUT_SLICEL_I2_O)
                                                      0.097     3.231 r  bd_0_i/hls_inst/inst/grp_MLP_Pipeline_VITIS_LOOP_77_3_fu_1157/fmul_32ns_32ns_32_3_max_dsp_1_U117/MLP_fmul_32ns_32ns_32_3_max_dsp_1_ip_u/inst/i_synth/MULT.OP/i_non_prim.EXP/EXP_ADD.C_CHAIN/RESULT_REG.NORMAL.exp_op[7]_i_3/O
                         net (fo=11, routed)          0.548     3.779    bd_0_i/hls_inst/inst/grp_MLP_Pipeline_VITIS_LOOP_77_3_fu_1157/fmul_32ns_32ns_32_3_max_dsp_1_U117/MLP_fmul_32ns_32ns_32_3_max_dsp_1_ip_u/inst/i_synth/MULT.OP/i_non_prim.EXP/EXP_ADD.C_CHAIN/state_int_up[0]
    SLICE_X39Y149        LUT2 (Prop_D5LUT_SLICEM_I0_O)
                                                      0.097     3.876 r  bd_0_i/hls_inst/inst/grp_MLP_Pipeline_VITIS_LOOP_77_3_fu_1157/fmul_32ns_32ns_32_3_max_dsp_1_U117/MLP_fmul_32ns_32ns_32_3_max_dsp_1_ip_u/inst/i_synth/MULT.OP/i_non_prim.EXP/EXP_ADD.C_CHAIN/RESULT_REG.NORMAL.mant_op[21]_i_1/O
                         net (fo=22, routed)          0.381     4.257    bd_0_i/hls_inst/inst/grp_MLP_Pipeline_VITIS_LOOP_77_3_fu_1157/fmul_32ns_32ns_32_3_max_dsp_1_U117/MLP_fmul_32ns_32ns_32_3_max_dsp_1_ip_u/inst/i_synth/MULT.OP/i_non_prim.OP/state_op[0]
    SLICE_X41Y146        FDRE                                         r  bd_0_i/hls_inst/inst/grp_MLP_Pipeline_VITIS_LOOP_77_3_fu_1157/fmul_32ns_32ns_32_3_max_dsp_1_U117/MLP_fmul_32ns_32ns_32_3_max_dsp_1_ip_u/inst/i_synth/MULT.OP/i_non_prim.OP/RESULT_REG.NORMAL.mant_op_reg[8]/R
  -------------------------------------------------------------------    -------------------

                         (clock ap_clk rise edge)     0.000     0.000 r  
                                                      0.000     0.000 r  ap_clk (IN)
                         net (fo=29822, unset)        0.020     0.020    bd_0_i/hls_inst/inst/grp_MLP_Pipeline_VITIS_LOOP_77_3_fu_1157/fmul_32ns_32ns_32_3_max_dsp_1_U117/MLP_fmul_32ns_32ns_32_3_max_dsp_1_ip_u/inst/i_synth/MULT.OP/i_non_prim.OP/aclk
    SLICE_X41Y146        FDRE                                         r  bd_0_i/hls_inst/inst/grp_MLP_Pipeline_VITIS_LOOP_77_3_fu_1157/fmul_32ns_32ns_32_3_max_dsp_1_U117/MLP_fmul_32ns_32ns_32_3_max_dsp_1_ip_u/inst/i_synth/MULT.OP/i_non_prim.OP/RESULT_REG.NORMAL.mant_op_reg[8]/C





Min Delay Paths
--------------------------------------------------------------------------------------
Slack:                    inf
  Source:                 in_data_tdata[0]
                            (input port)
  Destination:            bd_0_i/hls_inst/inst/regslice_both_in_data_V_data_V_U/B_V_data_1_payload_A_reg[0]/D
                            (rising edge-triggered cell FDRE clocked by ap_clk  {rise@0.000ns fall@5.000ns period=10.000ns})
  Path Group:             (none)
  Path Type:              Hold (Min at Fast Process Corner)
  Data Path Delay:        0.007ns  (logic 0.000ns (0.000%)  route 0.007ns (100.000%))
  Logic Levels:           0  
  Clock Path Skew:        0.019ns (DCD - SCD - CPR)
    Destination Clock Delay (DCD):    0.019ns
    Source Clock Delay      (SCD):    0.000ns
    Clock Pessimism Removal (CPR):    -0.000ns

    Location             Delay type                Incr(ns)  Path(ns)    Netlist Resource(s)
  -------------------------------------------------------------------    -------------------
                                                      0.000     0.000 r  in_data_tdata[0] (IN)
                         net (fo=1, unset)            0.007     0.007    bd_0_i/hls_inst/inst/regslice_both_in_data_V_data_V_U/in_data_TDATA[0]
    SLICE_X33Y51         FDRE                                         r  bd_0_i/hls_inst/inst/regslice_both_in_data_V_data_V_U/B_V_data_1_payload_A_reg[0]/D
  -------------------------------------------------------------------    -------------------

                         (clock ap_clk rise edge)     0.000     0.000 r  
                                                      0.000     0.000 r  ap_clk (IN)
                         net (fo=29822, unset)        0.019     0.019    bd_0_i/hls_inst/inst/regslice_both_in_data_V_data_V_U/ap_clk
    SLICE_X33Y51         FDRE                                         r  bd_0_i/hls_inst/inst/regslice_both_in_data_V_data_V_U/B_V_data_1_payload_A_reg[0]/C

Slack:                    inf
  Source:                 in_data_tdata[10]
                            (input port)
  Destination:            bd_0_i/hls_inst/inst/regslice_both_in_data_V_data_V_U/B_V_data_1_payload_A_reg[10]/D
                            (rising edge-triggered cell FDRE clocked by ap_clk  {rise@0.000ns fall@5.000ns period=10.000ns})
  Path Group:             (none)
  Path Type:              Hold (Min at Fast Process Corner)
  Data Path Delay:        0.007ns  (logic 0.000ns (0.000%)  route 0.007ns (100.000%))
  Logic Levels:           0  
  Clock Path Skew:        0.019ns (DCD - SCD - CPR)
    Destination Clock Delay (DCD):    0.019ns
    Source Clock Delay      (SCD):    0.000ns
    Clock Pessimism Removal (CPR):    -0.000ns

    Location             Delay type                Incr(ns)  Path(ns)    Netlist Resource(s)
  -------------------------------------------------------------------    -------------------
                                                      0.000     0.000 r  in_data_tdata[10] (IN)
                         net (fo=1, unset)            0.007     0.007    bd_0_i/hls_inst/inst/regslice_both_in_data_V_data_V_U/in_data_TDATA[10]
    SLICE_X31Y54         FDRE                                         r  bd_0_i/hls_inst/inst/regslice_both_in_data_V_data_V_U/B_V_data_1_payload_A_reg[10]/D
  -------------------------------------------------------------------    -------------------

                         (clock ap_clk rise edge)     0.000     0.000 r  
                                                      0.000     0.000 r  ap_clk (IN)
                         net (fo=29822, unset)        0.019     0.019    bd_0_i/hls_inst/inst/regslice_both_in_data_V_data_V_U/ap_clk
    SLICE_X31Y54         FDRE                                         r  bd_0_i/hls_inst/inst/regslice_both_in_data_V_data_V_U/B_V_data_1_payload_A_reg[10]/C

Slack:                    inf
  Source:                 in_data_tdata[11]
                            (input port)
  Destination:            bd_0_i/hls_inst/inst/regslice_both_in_data_V_data_V_U/B_V_data_1_payload_A_reg[11]/D
                            (rising edge-triggered cell FDRE clocked by ap_clk  {rise@0.000ns fall@5.000ns period=10.000ns})
  Path Group:             (none)
  Path Type:              Hold (Min at Fast Process Corner)
  Data Path Delay:        0.007ns  (logic 0.000ns (0.000%)  route 0.007ns (100.000%))
  Logic Levels:           0  
  Clock Path Skew:        0.019ns (DCD - SCD - CPR)
    Destination Clock Delay (DCD):    0.019ns
    Source Clock Delay      (SCD):    0.000ns
    Clock Pessimism Removal (CPR):    -0.000ns

    Location             Delay type                Incr(ns)  Path(ns)    Netlist Resource(s)
  -------------------------------------------------------------------    -------------------
                                                      0.000     0.000 r  in_data_tdata[11] (IN)
                         net (fo=1, unset)            0.007     0.007    bd_0_i/hls_inst/inst/regslice_both_in_data_V_data_V_U/in_data_TDATA[11]
    SLICE_X33Y51         FDRE                                         r  bd_0_i/hls_inst/inst/regslice_both_in_data_V_data_V_U/B_V_data_1_payload_A_reg[11]/D
  -------------------------------------------------------------------    -------------------

                         (clock ap_clk rise edge)     0.000     0.000 r  
                                                      0.000     0.000 r  ap_clk (IN)
                         net (fo=29822, unset)        0.019     0.019    bd_0_i/hls_inst/inst/regslice_both_in_data_V_data_V_U/ap_clk
    SLICE_X33Y51         FDRE                                         r  bd_0_i/hls_inst/inst/regslice_both_in_data_V_data_V_U/B_V_data_1_payload_A_reg[11]/C

Slack:                    inf
  Source:                 in_data_tdata[13]
                            (input port)
  Destination:            bd_0_i/hls_inst/inst/regslice_both_in_data_V_data_V_U/B_V_data_1_payload_A_reg[13]/D
                            (rising edge-triggered cell FDRE clocked by ap_clk  {rise@0.000ns fall@5.000ns period=10.000ns})
  Path Group:             (none)
  Path Type:              Hold (Min at Fast Process Corner)
  Data Path Delay:        0.007ns  (logic 0.000ns (0.000%)  route 0.007ns (100.000%))
  Logic Levels:           0  
  Clock Path Skew:        0.019ns (DCD - SCD - CPR)
    Destination Clock Delay (DCD):    0.019ns
    Source Clock Delay      (SCD):    0.000ns
    Clock Pessimism Removal (CPR):    -0.000ns

    Location             Delay type                Incr(ns)  Path(ns)    Netlist Resource(s)
  -------------------------------------------------------------------    -------------------
                                                      0.000     0.000 r  in_data_tdata[13] (IN)
                         net (fo=1, unset)            0.007     0.007    bd_0_i/hls_inst/inst/regslice_both_in_data_V_data_V_U/in_data_TDATA[13]
    SLICE_X36Y52         FDRE                                         r  bd_0_i/hls_inst/inst/regslice_both_in_data_V_data_V_U/B_V_data_1_payload_A_reg[13]/D
  -------------------------------------------------------------------    -------------------

                         (clock ap_clk rise edge)     0.000     0.000 r  
                                                      0.000     0.000 r  ap_clk (IN)
                         net (fo=29822, unset)        0.019     0.019    bd_0_i/hls_inst/inst/regslice_both_in_data_V_data_V_U/ap_clk
    SLICE_X36Y52         FDRE                                         r  bd_0_i/hls_inst/inst/regslice_both_in_data_V_data_V_U/B_V_data_1_payload_A_reg[13]/C

Slack:                    inf
  Source:                 in_data_tdata[14]
                            (input port)
  Destination:            bd_0_i/hls_inst/inst/regslice_both_in_data_V_data_V_U/B_V_data_1_payload_A_reg[14]/D
                            (rising edge-triggered cell FDRE clocked by ap_clk  {rise@0.000ns fall@5.000ns period=10.000ns})
  Path Group:             (none)
  Path Type:              Hold (Min at Fast Process Corner)
  Data Path Delay:        0.007ns  (logic 0.000ns (0.000%)  route 0.007ns (100.000%))
  Logic Levels:           0  
  Clock Path Skew:        0.019ns (DCD - SCD - CPR)
    Destination Clock Delay (DCD):    0.019ns
    Source Clock Delay      (SCD):    0.000ns
    Clock Pessimism Removal (CPR):    -0.000ns

    Location             Delay type                Incr(ns)  Path(ns)    Netlist Resource(s)
  -------------------------------------------------------------------    -------------------
                                                      0.000     0.000 r  in_data_tdata[14] (IN)
                         net (fo=1, unset)            0.007     0.007    bd_0_i/hls_inst/inst/regslice_both_in_data_V_data_V_U/in_data_TDATA[14]
    SLICE_X32Y53         FDRE                                         r  bd_0_i/hls_inst/inst/regslice_both_in_data_V_data_V_U/B_V_data_1_payload_A_reg[14]/D
  -------------------------------------------------------------------    -------------------

                         (clock ap_clk rise edge)     0.000     0.000 r  
                                                      0.000     0.000 r  ap_clk (IN)
                         net (fo=29822, unset)        0.019     0.019    bd_0_i/hls_inst/inst/regslice_both_in_data_V_data_V_U/ap_clk
    SLICE_X32Y53         FDRE                                         r  bd_0_i/hls_inst/inst/regslice_both_in_data_V_data_V_U/B_V_data_1_payload_A_reg[14]/C

Slack:                    inf
  Source:                 in_data_tdata[17]
                            (input port)
  Destination:            bd_0_i/hls_inst/inst/regslice_both_in_data_V_data_V_U/B_V_data_1_payload_A_reg[17]/D
                            (rising edge-triggered cell FDRE clocked by ap_clk  {rise@0.000ns fall@5.000ns period=10.000ns})
  Path Group:             (none)
  Path Type:              Hold (Min at Fast Process Corner)
  Data Path Delay:        0.007ns  (logic 0.000ns (0.000%)  route 0.007ns (100.000%))
  Logic Levels:           0  
  Clock Path Skew:        0.019ns (DCD - SCD - CPR)
    Destination Clock Delay (DCD):    0.019ns
    Source Clock Delay      (SCD):    0.000ns
    Clock Pessimism Removal (CPR):    -0.000ns

    Location             Delay type                Incr(ns)  Path(ns)    Netlist Resource(s)
  -------------------------------------------------------------------    -------------------
                                                      0.000     0.000 r  in_data_tdata[17] (IN)
                         net (fo=1, unset)            0.007     0.007    bd_0_i/hls_inst/inst/regslice_both_in_data_V_data_V_U/in_data_TDATA[17]
    SLICE_X33Y52         FDRE                                         r  bd_0_i/hls_inst/inst/regslice_both_in_data_V_data_V_U/B_V_data_1_payload_A_reg[17]/D
  -------------------------------------------------------------------    -------------------

                         (clock ap_clk rise edge)     0.000     0.000 r  
                                                      0.000     0.000 r  ap_clk (IN)
                         net (fo=29822, unset)        0.019     0.019    bd_0_i/hls_inst/inst/regslice_both_in_data_V_data_V_U/ap_clk
    SLICE_X33Y52         FDRE                                         r  bd_0_i/hls_inst/inst/regslice_both_in_data_V_data_V_U/B_V_data_1_payload_A_reg[17]/C

Slack:                    inf
  Source:                 in_data_tdata[20]
                            (input port)
  Destination:            bd_0_i/hls_inst/inst/regslice_both_in_data_V_data_V_U/B_V_data_1_payload_A_reg[20]/D
                            (rising edge-triggered cell FDRE clocked by ap_clk  {rise@0.000ns fall@5.000ns period=10.000ns})
  Path Group:             (none)
  Path Type:              Hold (Min at Fast Process Corner)
  Data Path Delay:        0.007ns  (logic 0.000ns (0.000%)  route 0.007ns (100.000%))
  Logic Levels:           0  
  Clock Path Skew:        0.018ns (DCD - SCD - CPR)
    Destination Clock Delay (DCD):    0.018ns
    Source Clock Delay      (SCD):    0.000ns
    Clock Pessimism Removal (CPR):    -0.000ns

    Location             Delay type                Incr(ns)  Path(ns)    Netlist Resource(s)
  -------------------------------------------------------------------    -------------------
                                                      0.000     0.000 r  in_data_tdata[20] (IN)
                         net (fo=1, unset)            0.007     0.007    bd_0_i/hls_inst/inst/regslice_both_in_data_V_data_V_U/in_data_TDATA[20]
    SLICE_X33Y52         FDRE                                         r  bd_0_i/hls_inst/inst/regslice_both_in_data_V_data_V_U/B_V_data_1_payload_A_reg[20]/D
  -------------------------------------------------------------------    -------------------

                         (clock ap_clk rise edge)     0.000     0.000 r  
                                                      0.000     0.000 r  ap_clk (IN)
                         net (fo=29822, unset)        0.018     0.018    bd_0_i/hls_inst/inst/regslice_both_in_data_V_data_V_U/ap_clk
    SLICE_X33Y52         FDRE                                         r  bd_0_i/hls_inst/inst/regslice_both_in_data_V_data_V_U/B_V_data_1_payload_A_reg[20]/C

Slack:                    inf
  Source:                 in_data_tdata[21]
                            (input port)
  Destination:            bd_0_i/hls_inst/inst/regslice_both_in_data_V_data_V_U/B_V_data_1_payload_A_reg[21]/D
                            (rising edge-triggered cell FDRE clocked by ap_clk  {rise@0.000ns fall@5.000ns period=10.000ns})
  Path Group:             (none)
  Path Type:              Hold (Min at Fast Process Corner)
  Data Path Delay:        0.007ns  (logic 0.000ns (0.000%)  route 0.007ns (100.000%))
  Logic Levels:           0  
  Clock Path Skew:        0.019ns (DCD - SCD - CPR)
    Destination Clock Delay (DCD):    0.019ns
    Source Clock Delay      (SCD):    0.000ns
    Clock Pessimism Removal (CPR):    -0.000ns

    Location             Delay type                Incr(ns)  Path(ns)    Netlist Resource(s)
  -------------------------------------------------------------------    -------------------
                                                      0.000     0.000 r  in_data_tdata[21] (IN)
                         net (fo=1, unset)            0.007     0.007    bd_0_i/hls_inst/inst/regslice_both_in_data_V_data_V_U/in_data_TDATA[21]
    SLICE_X35Y53         FDRE                                         r  bd_0_i/hls_inst/inst/regslice_both_in_data_V_data_V_U/B_V_data_1_payload_A_reg[21]/D
  -------------------------------------------------------------------    -------------------

                         (clock ap_clk rise edge)     0.000     0.000 r  
                                                      0.000     0.000 r  ap_clk (IN)
                         net (fo=29822, unset)        0.019     0.019    bd_0_i/hls_inst/inst/regslice_both_in_data_V_data_V_U/ap_clk
    SLICE_X35Y53         FDRE                                         r  bd_0_i/hls_inst/inst/regslice_both_in_data_V_data_V_U/B_V_data_1_payload_A_reg[21]/C

Slack:                    inf
  Source:                 in_data_tdata[22]
                            (input port)
  Destination:            bd_0_i/hls_inst/inst/regslice_both_in_data_V_data_V_U/B_V_data_1_payload_A_reg[22]/D
                            (rising edge-triggered cell FDRE clocked by ap_clk  {rise@0.000ns fall@5.000ns period=10.000ns})
  Path Group:             (none)
  Path Type:              Hold (Min at Fast Process Corner)
  Data Path Delay:        0.007ns  (logic 0.000ns (0.000%)  route 0.007ns (100.000%))
  Logic Levels:           0  
  Clock Path Skew:        0.019ns (DCD - SCD - CPR)
    Destination Clock Delay (DCD):    0.019ns
    Source Clock Delay      (SCD):    0.000ns
    Clock Pessimism Removal (CPR):    -0.000ns

    Location             Delay type                Incr(ns)  Path(ns)    Netlist Resource(s)
  -------------------------------------------------------------------    -------------------
                                                      0.000     0.000 r  in_data_tdata[22] (IN)
                         net (fo=1, unset)            0.007     0.007    bd_0_i/hls_inst/inst/regslice_both_in_data_V_data_V_U/in_data_TDATA[22]
    SLICE_X35Y51         FDRE                                         r  bd_0_i/hls_inst/inst/regslice_both_in_data_V_data_V_U/B_V_data_1_payload_A_reg[22]/D
  -------------------------------------------------------------------    -------------------

                         (clock ap_clk rise edge)     0.000     0.000 r  
                                                      0.000     0.000 r  ap_clk (IN)
                         net (fo=29822, unset)        0.019     0.019    bd_0_i/hls_inst/inst/regslice_both_in_data_V_data_V_U/ap_clk
    SLICE_X35Y51         FDRE                                         r  bd_0_i/hls_inst/inst/regslice_both_in_data_V_data_V_U/B_V_data_1_payload_A_reg[22]/C

Slack:                    inf
  Source:                 in_data_tdata[23]
                            (input port)
  Destination:            bd_0_i/hls_inst/inst/regslice_both_in_data_V_data_V_U/B_V_data_1_payload_A_reg[23]/D
                            (rising edge-triggered cell FDRE clocked by ap_clk  {rise@0.000ns fall@5.000ns period=10.000ns})
  Path Group:             (none)
  Path Type:              Hold (Min at Fast Process Corner)
  Data Path Delay:        0.007ns  (logic 0.000ns (0.000%)  route 0.007ns (100.000%))
  Logic Levels:           0  
  Clock Path Skew:        0.019ns (DCD - SCD - CPR)
    Destination Clock Delay (DCD):    0.019ns
    Source Clock Delay      (SCD):    0.000ns
    Clock Pessimism Removal (CPR):    -0.000ns

    Location             Delay type                Incr(ns)  Path(ns)    Netlist Resource(s)
  -------------------------------------------------------------------    -------------------
                                                      0.000     0.000 r  in_data_tdata[23] (IN)
                         net (fo=1, unset)            0.007     0.007    bd_0_i/hls_inst/inst/regslice_both_in_data_V_data_V_U/in_data_TDATA[23]
    SLICE_X32Y53         FDRE                                         r  bd_0_i/hls_inst/inst/regslice_both_in_data_V_data_V_U/B_V_data_1_payload_A_reg[23]/D
  -------------------------------------------------------------------    -------------------

                         (clock ap_clk rise edge)     0.000     0.000 r  
                                                      0.000     0.000 r  ap_clk (IN)
                         net (fo=29822, unset)        0.019     0.019    bd_0_i/hls_inst/inst/regslice_both_in_data_V_data_V_U/ap_clk
    SLICE_X32Y53         FDRE                                         r  bd_0_i/hls_inst/inst/regslice_both_in_data_V_data_V_U/B_V_data_1_payload_A_reg[23]/C





