#-----------------------------------------------------------
# Vivado v2022.1 (64-bit)
# SW Build 3526262 on Mon Apr 18 15:48:16 MDT 2022
# IP Build 3524634 on Mon Apr 18 20:55:01 MDT 2022
# Start of session at: Wed Feb 14 00:30:14 2024
# Process ID: 10672
# Current directory: C:/Users/xingy/AppData/Roaming/Xilinx/Vitis/testHLS2/solution1/impl/verilog
# Command line: vivado.exe -mode batch -source run_vivado.tcl
# Log file: C:/Users/xingy/AppData/Roaming/Xilinx/Vitis/testHLS2/solution1/impl/verilog/vivado.log
# Journal file: C:/Users/xingy/AppData/Roaming/Xilinx/Vitis/testHLS2/solution1/impl/verilog\vivado.jou
# Running On: DESKTOP-7J5H59V, OS: Windows, CPU Frequency: 1800 MHz, CPU Physical cores: 4, Host memory: 8470 MB
#-----------------------------------------------------------
source run_vivado.tcl
# source ./settings.tcl
## set top_module MLP
## set language verilog
## set family zynquplus
## set device xczu3eg
## set package -sbva484
## set speed -2-i
## set clock ap_clk
## set fsm_ext "off"
## set add_io_buffers false ;
# source -notrace ./extraction.tcl
# set vivado_proj_name project
# set vivado_proj_dir .
# set target_device "${device}${package}${speed}"
# set target_clk_period_ns "10"
# set target_clk_freq_hz [expr {floor(1000 / $target_clk_period_ns) * 1000000}]
# set ip_vlnv xilinx.com:hls:MLP:1.0
# set ip_repo_path ../ip
# set bd_design_name bd_0
# set bd_inst_name hls_inst
# set bd_props {}
# set has_synth true
# set synth_design_args {-directive sdx_optimization_effort_high}
# set synth_dcp ""
# set synth_props {}
# set has_impl 1
# set impl_props {}
# set report_options [dict create]
# dict set report_options report_level 2
# dict set report_options report_max_paths 10
# dict set report_options stdout_hls_reports 1
# dict set report_options stdout_vivado_reports 0
# dict set report_options hls_project testHLS2
# dict set report_options hls_solution solution1
# dict set report_options has_synth $has_synth
# dict set report_options has_impl $has_impl
# dict set report_options vivado_reportbasename $top_module
# dict set report_options vivado_reportdir ./report
# dict set report_options hls_impl_dir ..
# dict set report_options hls_reportdir ../report/$language
# dict set report_options target_clk_period $target_clk_period_ns
# dict set report_options target_device $target_device
# dict set report_options language $language
# dict set report_options clock_name $clock
# dict set report_options error_if_impl_timing_fails false
# dict set report_options bindmodules {MLP_flow_control_loop_pipe_sequential_init MLP_fptrunc_64ns_32_2_no_dsp_1 MLP_ddiv_64ns_64ns_64_22_no_dsp_1 MLP_sitodp_32ns_64_4_no_dsp_1 MLP_fadd_32ns_32ns_32_4_full_dsp_1 MLP_fmul_32ns_32ns_32_3_max_dsp_1 MLP_MLP_Pipeline_VITIS_LOOP_77_3_weights_1_0_ROM_AUTO_1R MLP_MLP_Pipeline_VITIS_LOOP_77_3_weights_1_1_ROM_AUTO_1R MLP_MLP_Pipeline_VITIS_LOOP_77_3_weights_1_2_ROM_AUTO_1R MLP_MLP_Pipeline_VITIS_LOOP_77_3_weights_1_3_ROM_AUTO_1R MLP_MLP_Pipeline_VITIS_LOOP_77_3_weights_1_4_ROM_AUTO_1R MLP_MLP_Pipeline_VITIS_LOOP_77_3_weights_1_5_ROM_AUTO_1R MLP_MLP_Pipeline_VITIS_LOOP_77_3_weights_1_6_ROM_AUTO_1R MLP_MLP_Pipeline_VITIS_LOOP_77_3_weights_1_7_ROM_AUTO_1R MLP_MLP_Pipeline_VITIS_LOOP_77_3_weights_1_8_ROM_AUTO_1R MLP_MLP_Pipeline_VITIS_LOOP_77_3_weights_1_9_ROM_AUTO_1R MLP_MLP_Pipeline_VITIS_LOOP_77_3_weights_1_10_ROM_AUTO_1R MLP_MLP_Pipeline_VITIS_LOOP_77_3_weights_1_11_ROM_AUTO_1R MLP_MLP_Pipeline_VITIS_LOOP_77_3_weights_1_12_ROM_AUTO_1R MLP_MLP_Pipeline_VITIS_LOOP_77_3_weights_1_13_ROM_AUTO_1R MLP_MLP_Pipeline_VITIS_LOOP_77_3_weights_1_14_ROM_AUTO_1R MLP_MLP_Pipeline_VITIS_LOOP_77_3_weights_1_15_ROM_AUTO_1R MLP_MLP_Pipeline_VITIS_LOOP_77_3_weights_1_16_ROM_AUTO_1R MLP_MLP_Pipeline_VITIS_LOOP_77_3_weights_1_17_ROM_AUTO_1R MLP_MLP_Pipeline_VITIS_LOOP_77_3_weights_1_18_ROM_AUTO_1R MLP_MLP_Pipeline_VITIS_LOOP_77_3_weights_1_19_ROM_AUTO_1R MLP_MLP_Pipeline_VITIS_LOOP_77_3_weights_1_20_ROM_AUTO_1R MLP_MLP_Pipeline_VITIS_LOOP_77_3_weights_1_21_ROM_AUTO_1R MLP_MLP_Pipeline_VITIS_LOOP_77_3_weights_1_22_ROM_AUTO_1R MLP_MLP_Pipeline_VITIS_LOOP_77_3_weights_1_23_ROM_AUTO_1R MLP_MLP_Pipeline_VITIS_LOOP_77_3_weights_1_24_ROM_AUTO_1R MLP_MLP_Pipeline_VITIS_LOOP_77_3_weights_1_25_ROM_AUTO_1R MLP_MLP_Pipeline_VITIS_LOOP_77_3_weights_1_26_ROM_AUTO_1R MLP_MLP_Pipeline_VITIS_LOOP_77_3_weights_1_27_ROM_AUTO_1R MLP_MLP_Pipeline_VITIS_LOOP_77_3_weights_1_28_ROM_AUTO_1R MLP_MLP_Pipeline_VITIS_LOOP_77_3_weights_1_29_ROM_AUTO_1R MLP_MLP_Pipeline_VITIS_LOOP_77_3_weights_1_30_ROM_AUTO_1R MLP_MLP_Pipeline_VITIS_LOOP_77_3_weights_1_31_ROM_AUTO_1R MLP_MLP_Pipeline_VITIS_LOOP_77_3_weights_1_32_ROM_AUTO_1R MLP_MLP_Pipeline_VITIS_LOOP_77_3_weights_1_33_ROM_AUTO_1R MLP_MLP_Pipeline_VITIS_LOOP_77_3_weights_1_34_ROM_AUTO_1R MLP_MLP_Pipeline_VITIS_LOOP_77_3_weights_1_35_ROM_AUTO_1R MLP_MLP_Pipeline_VITIS_LOOP_77_3_weights_1_36_ROM_AUTO_1R MLP_MLP_Pipeline_VITIS_LOOP_77_3_weights_1_37_ROM_AUTO_1R MLP_MLP_Pipeline_VITIS_LOOP_77_3_weights_1_38_ROM_AUTO_1R MLP_MLP_Pipeline_VITIS_LOOP_77_3_weights_1_39_ROM_AUTO_1R MLP_MLP_Pipeline_VITIS_LOOP_77_3_weights_1_40_ROM_AUTO_1R MLP_MLP_Pipeline_VITIS_LOOP_77_3_weights_1_41_ROM_AUTO_1R MLP_MLP_Pipeline_VITIS_LOOP_77_3_weights_1_42_ROM_AUTO_1R MLP_MLP_Pipeline_VITIS_LOOP_77_3_weights_1_43_ROM_AUTO_1R MLP_MLP_Pipeline_VITIS_LOOP_77_3_weights_1_44_ROM_AUTO_1R MLP_MLP_Pipeline_VITIS_LOOP_77_3_weights_1_45_ROM_AUTO_1R MLP_MLP_Pipeline_VITIS_LOOP_77_3_weights_1_46_ROM_AUTO_1R MLP_MLP_Pipeline_VITIS_LOOP_77_3_weights_1_47_ROM_AUTO_1R MLP_MLP_Pipeline_VITIS_LOOP_77_3_hidden_bias_1_ROM_AUTO_1R MLP_MLP_Pipeline_VITIS_LOOP_94_5_weights_2_0_ROM_AUTO_1R MLP_MLP_Pipeline_VITIS_LOOP_94_5_weights_2_1_ROM_AUTO_1R MLP_MLP_Pipeline_VITIS_LOOP_94_5_weights_2_2_ROM_AUTO_1R MLP_MLP_Pipeline_VITIS_LOOP_94_5_weights_2_3_ROM_AUTO_1R MLP_MLP_Pipeline_VITIS_LOOP_94_5_weights_2_4_ROM_AUTO_1R MLP_MLP_Pipeline_VITIS_LOOP_94_5_weights_2_5_ROM_AUTO_1R MLP_MLP_Pipeline_VITIS_LOOP_94_5_weights_2_6_ROM_AUTO_1R MLP_MLP_Pipeline_VITIS_LOOP_94_5_weights_2_7_ROM_AUTO_1R MLP_MLP_Pipeline_VITIS_LOOP_94_5_weights_2_8_ROM_AUTO_1R MLP_MLP_Pipeline_VITIS_LOOP_94_5_weights_2_9_ROM_AUTO_1R MLP_MLP_Pipeline_VITIS_LOOP_94_5_weights_2_10_ROM_AUTO_1R MLP_MLP_Pipeline_VITIS_LOOP_94_5_weights_2_11_ROM_AUTO_1R MLP_MLP_Pipeline_VITIS_LOOP_94_5_weights_2_12_ROM_AUTO_1R MLP_MLP_Pipeline_VITIS_LOOP_94_5_weights_2_13_ROM_AUTO_1R MLP_MLP_Pipeline_VITIS_LOOP_94_5_weights_2_14_ROM_AUTO_1R MLP_MLP_Pipeline_VITIS_LOOP_94_5_weights_2_15_ROM_AUTO_1R MLP_MLP_Pipeline_VITIS_LOOP_94_5_weights_2_16_ROM_AUTO_1R MLP_MLP_Pipeline_VITIS_LOOP_94_5_weights_2_17_ROM_AUTO_1R MLP_MLP_Pipeline_VITIS_LOOP_94_5_weights_2_18_ROM_AUTO_1R MLP_MLP_Pipeline_VITIS_LOOP_94_5_weights_2_19_ROM_AUTO_1R MLP_MLP_Pipeline_VITIS_LOOP_94_5_weights_2_20_ROM_AUTO_1R MLP_MLP_Pipeline_VITIS_LOOP_94_5_weights_2_21_ROM_AUTO_1R MLP_MLP_Pipeline_VITIS_LOOP_94_5_weights_2_22_ROM_AUTO_1R MLP_MLP_Pipeline_VITIS_LOOP_94_5_weights_2_23_ROM_AUTO_1R MLP_MLP_Pipeline_VITIS_LOOP_94_5_hidden_bias_2_ROM_AUTO_1R MLP_MLP_Pipeline_VITIS_LOOP_111_7_output_weights_0_ROM_AUTO_1R MLP_MLP_Pipeline_VITIS_LOOP_111_7_output_weights_1_ROM_AUTO_1R MLP_MLP_Pipeline_VITIS_LOOP_111_7_output_weights_2_ROM_AUTO_1R MLP_MLP_Pipeline_VITIS_LOOP_111_7_output_weights_3_ROM_AUTO_1R MLP_MLP_Pipeline_VITIS_LOOP_111_7_output_weights_4_ROM_AUTO_1R MLP_MLP_Pipeline_VITIS_LOOP_111_7_output_weights_5_ROM_AUTO_1R MLP_MLP_Pipeline_VITIS_LOOP_111_7_output_weights_6_ROM_AUTO_1R MLP_MLP_Pipeline_VITIS_LOOP_111_7_output_weights_7_ROM_AUTO_1R MLP_MLP_Pipeline_VITIS_LOOP_111_7_output_weights_8_ROM_AUTO_1R MLP_MLP_Pipeline_VITIS_LOOP_111_7_output_weights_9_ROM_AUTO_1R MLP_MLP_Pipeline_VITIS_LOOP_111_7_output_weights_10_ROM_AUTO_1R MLP_MLP_Pipeline_VITIS_LOOP_111_7_output_weights_11_ROM_AUTO_1R MLP_MLP_Pipeline_VITIS_LOOP_111_7_output_bias_ROM_AUTO_1R MLP_fcmp_32ns_32ns_1_2_no_dsp_1 MLP_input_features_RAM_AUTO_1R1W MLP_input_features_casted_RAM_AUTO_1R1W MLP_hidden_layer_1_RAM_AUTO_1R1W MLP_hidden_layer_2_RAM_AUTO_1R1W MLP_output_layer_RAM_AUTO_1R1W MLP_regslice_both}
# dict set report_options max_module_depth 6
# create_project $vivado_proj_name $vivado_proj_dir -part $target_device -force
create_project: Time (s): cpu = 00:00:03 ; elapsed = 00:00:07 . Memory (MB): peak = 1284.512 ; gain = 0.000
# set_property target_language $language [current_project]
# if { ![file exists $ip_repo_path] } {
#   error "Cannot find packaged HLS IP"
# }
# set_property ip_repo_paths [file normalize $ip_repo_path] [current_project]
# update_ip_catalog
INFO: [IP_Flow 19-234] Refreshing IP repositories
INFO: [IP_Flow 19-1700] Loaded user IP repository 'c:/Users/xingy/AppData/Roaming/Xilinx/Vitis/testHLS2/solution1/impl/ip'.
INFO: [IP_Flow 19-2313] Loaded Vivado IP repository 'C:/Xilinx/Vivado/2022.1/data/ip'.
# create_bd_design $bd_design_name
Wrote  : <C:\Users\xingy\AppData\Roaming\Xilinx\Vitis\testHLS2\solution1\impl\verilog\project.srcs\sources_1\bd\bd_0\bd_0.bd> 
# set cell_inst [create_bd_cell -type ip -vlnv $ip_vlnv $bd_inst_name]
# if { [llength $bd_props] } { 
#   set_property -dict $bd_props $cell_inst 
# }
# make_bd_pins_external $cell_inst
# make_bd_intf_pins_external $cell_inst
# set bd_clk_ports [get_bd_ports -filter {TYPE==clk}]
# if { [llength $bd_clk_ports] && $target_clk_freq_hz ne "" } { 
#   set_property CONFIG.FREQ_HZ $target_clk_freq_hz $bd_clk_ports 
# }
# foreach bd_port [get_bd_intf_ports] {
#   set_property name [regsub {_0$} [get_property name $bd_port] {}] $bd_port
# }
# foreach bd_port [get_bd_ports -filter {INTF!=TRUE}] {
#   set_property name [regsub {_0$} [get_property name $bd_port] {}] $bd_port
# }
# set s_axi_addr_width_min 32
WARNING: [BD 5-233] No interface ports matched 'get_bd_intf_ports -filter {MODE == "Slave" && VLNV =~ "xilinx.com:interface:aximm_rtl:*"}'
# foreach bd_port [get_bd_intf_ports -filter {MODE == "Slave" && VLNV =~ "xilinx.com:interface:aximm_rtl:*"}] {
#   set bd_port_addr_width [get_property CONFIG.ADDR_WIDTH $bd_port]
#   if { $bd_port_addr_width < $s_axi_addr_width_min } {
#     puts "INFO: Updating $bd_port CONFIG.ADDR_WIDTH to $s_axi_addr_width_min"
#     set_property CONFIG.ADDR_WIDTH $s_axi_addr_width_min $bd_port
#   }
# }
# set_msg_config -id {[BD 41-1265]} -severity {CRITICAL WARNING} -new_severity {INFO}
# assign_bd_address
Wrote  : <C:\Users\xingy\AppData\Roaming\Xilinx\Vitis\testHLS2\solution1\impl\verilog\project.srcs\sources_1\bd\bd_0\bd_0.bd> 
Verilog Output written to : C:/Users/xingy/AppData/Roaming/Xilinx/Vitis/testHLS2/solution1/impl/verilog/project.gen/sources_1/bd/bd_0/synth/bd_0.v
Verilog Output written to : C:/Users/xingy/AppData/Roaming/Xilinx/Vitis/testHLS2/solution1/impl/verilog/project.gen/sources_1/bd/bd_0/sim/bd_0.v
Verilog Output written to : C:/Users/xingy/AppData/Roaming/Xilinx/Vitis/testHLS2/solution1/impl/verilog/project.gen/sources_1/bd/bd_0/hdl/bd_0_wrapper.v
# set toprtl [make_wrapper -files [get_files ${bd_design_name}.bd] -top]
# add_files -norecurse $toprtl
# set top_inst_name [file root [file tail $toprtl]]
# puts "Using BD top: $top_inst_name"
Using BD top: bd_0_wrapper
# set xdc_files [glob -nocomplain ./*.xdc]
# if { [llength $xdc_files] } {
#     add_files -fileset constrs_1 -norecurse $xdc_files
# }
# launch_runs synth_1 -scripts_only
INFO: [BD 41-1662] The design 'bd_0.bd' is already validated. Therefore parameter propagation will not be re-run.
Verilog Output written to : C:/Users/xingy/AppData/Roaming/Xilinx/Vitis/testHLS2/solution1/impl/verilog/project.gen/sources_1/bd/bd_0/synth/bd_0.v
Verilog Output written to : C:/Users/xingy/AppData/Roaming/Xilinx/Vitis/testHLS2/solution1/impl/verilog/project.gen/sources_1/bd/bd_0/sim/bd_0.v
Verilog Output written to : C:/Users/xingy/AppData/Roaming/Xilinx/Vitis/testHLS2/solution1/impl/verilog/project.gen/sources_1/bd/bd_0/hdl/bd_0_wrapper.v
INFO: [BD 41-1029] Generation completed for the IP Integrator block hls_inst .
Exporting to file C:/Users/xingy/AppData/Roaming/Xilinx/Vitis/testHLS2/solution1/impl/verilog/project.gen/sources_1/bd/bd_0/hw_handoff/bd_0.hwh
Generated Hardware Definition File C:/Users/xingy/AppData/Roaming/Xilinx/Vitis/testHLS2/solution1/impl/verilog/project.gen/sources_1/bd/bd_0/synth/bd_0.hwdef
WARNING: [Vivado 12-7122] Auto Incremental Compile:: No reference checkpoint was found in run synth_1. Auto-incremental flow will not be run, the standard flow will be run instead.
launch_runs: Time (s): cpu = 00:00:01 ; elapsed = 00:00:06 . Memory (MB): peak = 1284.512 ; gain = 0.000
# foreach run [get_runs -filter {IS_SYNTHESIS == 1}] {
#   reset_run [get_runs $run]
# }
# set_property XPM_LIBRARIES {XPM_MEMORY XPM_FIFO} [current_project]
# hls_vivado_reports_setup $report_options
TIMESTAMP: HLS-REPORT: initialize report directories: 2024-02-14 00:30:39 +0800
# if { $has_synth || $has_impl } {
#   # synth properties setting
#   set_property -name {STEPS.SYNTH_DESIGN.ARGS.MORE OPTIONS} -value {-mode out_of_context} -objects [get_runs synth_1]
#   set ip_inst [get_ips -quiet ${bd_design_name}*${bd_inst_name}*]
#   if { ![llength $ip_inst] } {
#       error "Cannot find HLS IP instance: ${bd_design_name}*${bd_inst_name}*"
#   }
#   set synth_run [get_runs -filter {IS_SYNTHESIS == 1} ${ip_inst}*]
#   if { ![llength $synth_run] } {
#       error "Cannot find synth run for HLS IP: ${ip_inst}*"
#   }
# 
#   if { [llength $synth_design_args] } {
#       set_property -name {STEPS.SYNTH_DESIGN.ARGS.MORE OPTIONS} -value $synth_design_args -objects $synth_run
#   }
# 
#   if { [llength $synth_props] } {
#     set_property -dict $synth_props $synth_run
#   }
# 
#   # launch run synth
#   launch_runs synth_1
#   wait_on_run synth_1
#   # synth reports
#   hls_vivado_reports_synth synth_1 $report_options
#   if { $synth_dcp ne "" } {
#     file mkdir [file dirname $synth_dcp]
#     set run_dcp [glob -nocomplain [get_property DIRECTORY $synth_run]/*.dcp]
#     if { [llength $run_dcp] != 1 } { error "Cannot find single dcp file for run $synth_run" }
#     file copy -force $run_dcp $synth_dcp
#   }
# }
WARNING: [Vivado 12-7122] Auto Incremental Compile:: No reference checkpoint was found in run synth_1. Auto-incremental flow will not be run, the standard flow will be run instead.
[Wed Feb 14 00:30:40 2024] Launched bd_0_hls_inst_0_synth_1...
Run output will be captured here: C:/Users/xingy/AppData/Roaming/Xilinx/Vitis/testHLS2/solution1/impl/verilog/project.runs/bd_0_hls_inst_0_synth_1/runme.log
[Wed Feb 14 00:30:40 2024] Launched synth_1...
Run output will be captured here: C:/Users/xingy/AppData/Roaming/Xilinx/Vitis/testHLS2/solution1/impl/verilog/project.runs/synth_1/runme.log
[Wed Feb 14 00:30:40 2024] Waiting for synth_1 to finish...

*** Running vivado
    with args -log bd_0_wrapper.vds -m64 -product Vivado -mode batch -messageDb vivado.pb -notrace -source bd_0_wrapper.tcl



****** Vivado v2022.1 (64-bit)
  **** SW Build 3526262 on Mon Apr 18 15:48:16 MDT 2022
  **** IP Build 3524634 on Mon Apr 18 20:55:01 MDT 2022
    ** Copyright 1986-2022 Xilinx, Inc. All Rights Reserved.

source bd_0_wrapper.tcl -notrace
INFO: [IP_Flow 19-234] Refreshing IP repositories
INFO: [IP_Flow 19-1700] Loaded user IP repository 'c:/Users/xingy/AppData/Roaming/Xilinx/Vitis/testHLS2/solution1/impl/ip'.
INFO: [IP_Flow 19-2313] Loaded Vivado IP repository 'C:/Xilinx/Vivado/2022.1/data/ip'.
WARNING: [IP_Flow 19-4995] The host OS only allows 260 characters in a normal path. The IP cache path is more than 80 characters. If you experience issues with IP caching, please consider changing the IP cache to a location with a shorter path. Alternately consider using the OS subst command to map part of the path to a drive letter. 
Current IP cache path is c:/Users/xingy/AppData/Roaming/Xilinx/Vitis/testHLS2/solution1/impl/verilog/project.cache/ip 
Command: synth_design -top bd_0_wrapper -part xczu3eg-sbva484-2-i -mode out_of_context
Starting synth_design
Attempting to get a license for feature 'Synthesis' and/or device 'xczu3eg'
INFO: [Common 17-349] Got license for feature 'Synthesis' and/or device 'xczu3eg'
INFO: [Device 21-403] Loading part xczu3eg-sbva484-2-i
INFO: [Synth 8-7079] Multithreading enabled for synth_design using a maximum of 2 processes.
INFO: [Synth 8-7078] Launching helper process for spawning children vivado processes
INFO: [Synth 8-7075] Helper process launched with PID 12292
WARNING: [Synth 8-9501] generate block is allowed only inside loop and conditional generate in SystemVerilog mode [C:/Xilinx/Vivado/2022.1/data/ip/xpm/xpm_fifo/hdl/xpm_fifo.sv:4023]
---------------------------------------------------------------------------------
Starting RTL Elaboration : Time (s): cpu = 00:00:05 ; elapsed = 00:00:09 . Memory (MB): peak = 1636.125 ; gain = 314.750
---------------------------------------------------------------------------------
INFO: [Synth 8-6157] synthesizing module 'bd_0_wrapper' [c:/Users/xingy/AppData/Roaming/Xilinx/Vitis/testHLS2/solution1/impl/verilog/project.gen/sources_1/bd/bd_0/hdl/bd_0_wrapper.v:12]
INFO: [Synth 8-6157] synthesizing module 'bd_0' [c:/Users/xingy/AppData/Roaming/Xilinx/Vitis/testHLS2/solution1/impl/verilog/project.gen/sources_1/bd/bd_0/synth/bd_0.v:12]
INFO: [Synth 8-6157] synthesizing module 'bd_0_hls_inst_0' [C:/Users/xingy/AppData/Roaming/Xilinx/Vitis/testHLS2/solution1/impl/verilog/project.runs/synth_1/.Xil/Vivado-21512-DESKTOP-7J5H59V/realtime/bd_0_hls_inst_0_stub.v:5]
INFO: [Synth 8-6155] done synthesizing module 'bd_0_hls_inst_0' (0#1) [C:/Users/xingy/AppData/Roaming/Xilinx/Vitis/testHLS2/solution1/impl/verilog/project.runs/synth_1/.Xil/Vivado-21512-DESKTOP-7J5H59V/realtime/bd_0_hls_inst_0_stub.v:5]
INFO: [Synth 8-6155] done synthesizing module 'bd_0' (0#1) [c:/Users/xingy/AppData/Roaming/Xilinx/Vitis/testHLS2/solution1/impl/verilog/project.gen/sources_1/bd/bd_0/synth/bd_0.v:12]
INFO: [Synth 8-6155] done synthesizing module 'bd_0_wrapper' (0#1) [c:/Users/xingy/AppData/Roaming/Xilinx/Vitis/testHLS2/solution1/impl/verilog/project.gen/sources_1/bd/bd_0/hdl/bd_0_wrapper.v:12]
---------------------------------------------------------------------------------
Finished RTL Elaboration : Time (s): cpu = 00:00:07 ; elapsed = 00:00:11 . Memory (MB): peak = 1723.480 ; gain = 402.105
---------------------------------------------------------------------------------
---------------------------------------------------------------------------------
Start Handling Custom Attributes
---------------------------------------------------------------------------------
---------------------------------------------------------------------------------
Finished Handling Custom Attributes : Time (s): cpu = 00:00:07 ; elapsed = 00:00:11 . Memory (MB): peak = 1723.480 ; gain = 402.105
---------------------------------------------------------------------------------
---------------------------------------------------------------------------------
Finished RTL Optimization Phase 1 : Time (s): cpu = 00:00:07 ; elapsed = 00:00:11 . Memory (MB): peak = 1723.480 ; gain = 402.105
---------------------------------------------------------------------------------
Netlist sorting complete. Time (s): cpu = 00:00:00 ; elapsed = 00:00:00.002 . Memory (MB): peak = 1723.480 ; gain = 0.000
INFO: [Project 1-570] Preparing netlist for logic optimization

Processing XDC Constraints
Initializing timing engine
Parsing XDC File [c:/Users/xingy/AppData/Roaming/Xilinx/Vitis/testHLS2/solution1/impl/verilog/project.gen/sources_1/bd/bd_0/ip/bd_0_hls_inst_0/bd_0_hls_inst_0/bd_0_hls_inst_0_in_context.xdc] for cell 'bd_0_i/hls_inst'
Finished Parsing XDC File [c:/Users/xingy/AppData/Roaming/Xilinx/Vitis/testHLS2/solution1/impl/verilog/project.gen/sources_1/bd/bd_0/ip/bd_0_hls_inst_0/bd_0_hls_inst_0/bd_0_hls_inst_0_in_context.xdc] for cell 'bd_0_i/hls_inst'
Parsing XDC File [C:/Users/xingy/AppData/Roaming/Xilinx/Vitis/testHLS2/solution1/impl/verilog/MLP.xdc]
create_clock: Time (s): cpu = 00:00:05 ; elapsed = 00:00:06 . Memory (MB): peak = 1723.480 ; gain = 0.000
Finished Parsing XDC File [C:/Users/xingy/AppData/Roaming/Xilinx/Vitis/testHLS2/solution1/impl/verilog/MLP.xdc]
Parsing XDC File [C:/Users/xingy/AppData/Roaming/Xilinx/Vitis/testHLS2/solution1/impl/verilog/project.runs/synth_1/dont_touch.xdc]
Finished Parsing XDC File [C:/Users/xingy/AppData/Roaming/Xilinx/Vitis/testHLS2/solution1/impl/verilog/project.runs/synth_1/dont_touch.xdc]
Completed Processing XDC Constraints

Netlist sorting complete. Time (s): cpu = 00:00:00 ; elapsed = 00:00:00 . Memory (MB): peak = 1723.480 ; gain = 0.000
INFO: [Project 1-111] Unisim Transformation Summary:
No Unisim elements were transformed.

Constraint Validation Runtime : Time (s): cpu = 00:00:00 ; elapsed = 00:00:00.033 . Memory (MB): peak = 1723.480 ; gain = 0.000
---------------------------------------------------------------------------------
Finished Constraint Validation : Time (s): cpu = 00:00:18 ; elapsed = 00:00:27 . Memory (MB): peak = 1723.480 ; gain = 402.105
---------------------------------------------------------------------------------
---------------------------------------------------------------------------------
Start Loading Part and Timing Information
---------------------------------------------------------------------------------
Loading part: xczu3eg-sbva484-2-i
INFO: [Synth 8-6742] Reading net delay rules and data
---------------------------------------------------------------------------------
Finished Loading Part and Timing Information : Time (s): cpu = 00:00:18 ; elapsed = 00:00:27 . Memory (MB): peak = 1723.480 ; gain = 402.105
---------------------------------------------------------------------------------
---------------------------------------------------------------------------------
Start Applying 'set_property' XDC Constraints
---------------------------------------------------------------------------------
Applied set_property KEEP_HIERARCHY = SOFT for bd_0_i. (constraint file  auto generated constraint).
Applied set_property KEEP_HIERARCHY = SOFT for bd_0_i/hls_inst. (constraint file  auto generated constraint).
---------------------------------------------------------------------------------
Finished applying 'set_property' XDC Constraints : Time (s): cpu = 00:00:18 ; elapsed = 00:00:27 . Memory (MB): peak = 1723.480 ; gain = 402.105
---------------------------------------------------------------------------------
---------------------------------------------------------------------------------
Finished RTL Optimization Phase 2 : Time (s): cpu = 00:00:19 ; elapsed = 00:00:27 . Memory (MB): peak = 1723.480 ; gain = 402.105
---------------------------------------------------------------------------------
---------------------------------------------------------------------------------
Start RTL Component Statistics 
---------------------------------------------------------------------------------
Detailed RTL Component Info : 
---------------------------------------------------------------------------------
Finished RTL Component Statistics 
---------------------------------------------------------------------------------
---------------------------------------------------------------------------------
Start Part Resource Summary
---------------------------------------------------------------------------------
Part Resources:
DSPs: 360 (col length:72)
BRAMs: 432 (col length: RAMB18 72 RAMB36 36)
---------------------------------------------------------------------------------
Finished Part Resource Summary
---------------------------------------------------------------------------------
---------------------------------------------------------------------------------
Start Cross Boundary and Area Optimization
---------------------------------------------------------------------------------
WARNING: [Synth 8-7080] Parallel synthesis criteria is not met
---------------------------------------------------------------------------------
Finished Cross Boundary and Area Optimization : Time (s): cpu = 00:00:20 ; elapsed = 00:00:30 . Memory (MB): peak = 1723.480 ; gain = 402.105
---------------------------------------------------------------------------------
---------------------------------------------------------------------------------
Start Applying XDC Timing Constraints
---------------------------------------------------------------------------------
---------------------------------------------------------------------------------
Finished Applying XDC Timing Constraints : Time (s): cpu = 00:00:30 ; elapsed = 00:00:43 . Memory (MB): peak = 2276.965 ; gain = 955.590
---------------------------------------------------------------------------------
---------------------------------------------------------------------------------
Start Timing Optimization
---------------------------------------------------------------------------------
---------------------------------------------------------------------------------
Finished Timing Optimization : Time (s): cpu = 00:00:30 ; elapsed = 00:00:43 . Memory (MB): peak = 2276.965 ; gain = 955.590
---------------------------------------------------------------------------------
---------------------------------------------------------------------------------
Start Technology Mapping
---------------------------------------------------------------------------------
---------------------------------------------------------------------------------
Finished Technology Mapping : Time (s): cpu = 00:00:30 ; elapsed = 00:00:44 . Memory (MB): peak = 2296.059 ; gain = 974.684
---------------------------------------------------------------------------------
---------------------------------------------------------------------------------
Start IO Insertion
---------------------------------------------------------------------------------
---------------------------------------------------------------------------------
Start Flattening Before IO Insertion
---------------------------------------------------------------------------------
---------------------------------------------------------------------------------
Finished Flattening Before IO Insertion
---------------------------------------------------------------------------------
---------------------------------------------------------------------------------
Start Final Netlist Cleanup
---------------------------------------------------------------------------------
---------------------------------------------------------------------------------
Finished Final Netlist Cleanup
---------------------------------------------------------------------------------
---------------------------------------------------------------------------------
Finished IO Insertion : Time (s): cpu = 00:00:35 ; elapsed = 00:00:50 . Memory (MB): peak = 2301.824 ; gain = 980.449
---------------------------------------------------------------------------------
---------------------------------------------------------------------------------
Start Renaming Generated Instances
---------------------------------------------------------------------------------
---------------------------------------------------------------------------------
Finished Renaming Generated Instances : Time (s): cpu = 00:00:35 ; elapsed = 00:00:50 . Memory (MB): peak = 2301.824 ; gain = 980.449
---------------------------------------------------------------------------------
---------------------------------------------------------------------------------
Start Rebuilding User Hierarchy
---------------------------------------------------------------------------------
---------------------------------------------------------------------------------
Finished Rebuilding User Hierarchy : Time (s): cpu = 00:00:35 ; elapsed = 00:00:50 . Memory (MB): peak = 2301.824 ; gain = 980.449
---------------------------------------------------------------------------------
---------------------------------------------------------------------------------
Start Renaming Generated Ports
---------------------------------------------------------------------------------
---------------------------------------------------------------------------------
Finished Renaming Generated Ports : Time (s): cpu = 00:00:35 ; elapsed = 00:00:50 . Memory (MB): peak = 2301.824 ; gain = 980.449
---------------------------------------------------------------------------------
---------------------------------------------------------------------------------
Start Handling Custom Attributes
---------------------------------------------------------------------------------
---------------------------------------------------------------------------------
Finished Handling Custom Attributes : Time (s): cpu = 00:00:35 ; elapsed = 00:00:50 . Memory (MB): peak = 2301.824 ; gain = 980.449
---------------------------------------------------------------------------------
---------------------------------------------------------------------------------
Start Renaming Generated Nets
---------------------------------------------------------------------------------
---------------------------------------------------------------------------------
Finished Renaming Generated Nets : Time (s): cpu = 00:00:35 ; elapsed = 00:00:50 . Memory (MB): peak = 2301.824 ; gain = 980.449
---------------------------------------------------------------------------------
---------------------------------------------------------------------------------
Start Writing Synthesis Report
---------------------------------------------------------------------------------

Report BlackBoxes: 
+------+----------------+----------+
|      |BlackBox name   |Instances |
+------+----------------+----------+
|1     |bd_0_hls_inst_0 |         1|
+------+----------------+----------+

Report Cell Usage: 
+------+--------------+------+
|      |Cell          |Count |
+------+--------------+------+
|1     |bd_0_hls_inst |     1|
+------+--------------+------+
---------------------------------------------------------------------------------
Finished Writing Synthesis Report : Time (s): cpu = 00:00:35 ; elapsed = 00:00:50 . Memory (MB): peak = 2301.824 ; gain = 980.449
---------------------------------------------------------------------------------
Synthesis finished with 0 errors, 0 critical warnings and 1 warnings.
Synthesis Optimization Runtime : Time (s): cpu = 00:00:22 ; elapsed = 00:00:41 . Memory (MB): peak = 2301.824 ; gain = 980.449
Synthesis Optimization Complete : Time (s): cpu = 00:00:35 ; elapsed = 00:00:50 . Memory (MB): peak = 2301.824 ; gain = 980.449
INFO: [Project 1-571] Translating synthesized netlist
Netlist sorting complete. Time (s): cpu = 00:00:00 ; elapsed = 00:00:00.002 . Memory (MB): peak = 2301.824 ; gain = 0.000
INFO: [Project 1-570] Preparing netlist for logic optimization
INFO: [Opt 31-138] Pushed 0 inverter(s) to 0 load pin(s).
Netlist sorting complete. Time (s): cpu = 00:00:00 ; elapsed = 00:00:00 . Memory (MB): peak = 2341.840 ; gain = 0.000
INFO: [Project 1-111] Unisim Transformation Summary:
No Unisim elements were transformed.

Synth Design complete, checksum: 7cc5066c
INFO: [Common 17-83] Releasing license: Synthesis
22 Infos, 3 Warnings, 0 Critical Warnings and 0 Errors encountered.
synth_design completed successfully
synth_design: Time (s): cpu = 00:00:40 ; elapsed = 00:01:01 . Memory (MB): peak = 2341.840 ; gain = 1046.930
INFO: [Common 17-1381] The checkpoint 'C:/Users/xingy/AppData/Roaming/Xilinx/Vitis/testHLS2/solution1/impl/verilog/project.runs/synth_1/bd_0_wrapper.dcp' has been generated.
INFO: [runtcl-4] Executing : report_utilization -file bd_0_wrapper_utilization_synth.rpt -pb bd_0_wrapper_utilization_synth.pb
INFO: [Common 17-206] Exiting Vivado at Wed Feb 14 00:42:43 2024...
[Wed Feb 14 00:42:45 2024] synth_1 finished
wait_on_runs: Time (s): cpu = 00:00:00 ; elapsed = 00:12:05 . Memory (MB): peak = 1284.512 ; gain = 0.000
TIMESTAMP: HLS-REPORT: synthesis open_run: 2024-02-14 00:42:45 +0800
INFO: HLS-REPORT: Opening synthesis design database: open_run synth_1
Design is defaulting to impl run constrset: constrs_1
Design is defaulting to synth run part: xczu3eg-sbva484-2-i
INFO: [Device 21-403] Loading part xczu3eg-sbva484-2-i
INFO: [Project 1-454] Reading design checkpoint 'c:/Users/xingy/AppData/Roaming/Xilinx/Vitis/testHLS2/solution1/impl/verilog/project.gen/sources_1/bd/bd_0/ip/bd_0_hls_inst_0/bd_0_hls_inst_0.dcp' for cell 'bd_0_i/hls_inst'
Netlist sorting complete. Time (s): cpu = 00:00:01 ; elapsed = 00:00:03 . Memory (MB): peak = 1597.594 ; gain = 0.000
INFO: [Netlist 29-17] Analyzing 1561 Unisim elements for replacement
INFO: [Netlist 29-28] Unisim Transformation completed in 3 CPU seconds
INFO: [Project 1-479] Netlist was created with Vivado 2022.1
INFO: [Project 1-570] Preparing netlist for logic optimization
Parsing XDC File [C:/Users/xingy/AppData/Roaming/Xilinx/Vitis/testHLS2/solution1/impl/verilog/MLP.xdc]
create_clock: Time (s): cpu = 00:00:04 ; elapsed = 00:00:06 . Memory (MB): peak = 1773.293 ; gain = 31.660
Finished Parsing XDC File [C:/Users/xingy/AppData/Roaming/Xilinx/Vitis/testHLS2/solution1/impl/verilog/MLP.xdc]
INFO: [Opt 31-138] Pushed 0 inverter(s) to 0 load pin(s).
Netlist sorting complete. Time (s): cpu = 00:00:00 ; elapsed = 00:00:00.078 . Memory (MB): peak = 1774.281 ; gain = 0.000
INFO: [Project 1-111] Unisim Transformation Summary:
  A total of 530 instances were transformed.
  DSP48E1 => DSP48E2 (DSP_ALU, DSP_A_B_DATA, DSP_C_DATA, DSP_MULTIPLIER, DSP_M_DATA, DSP_OUTPUT, DSP_PREADD, DSP_PREADD_DATA): 242 instances
  RAM16X1D => RAM32X1D (RAMD32(x2)): 128 instances
  RAM16X1S => RAM32X1S (RAMS32): 96 instances
  RAM32X1D => RAM32X1D (RAMD32(x2)): 32 instances
  RAM32X1S => RAM32X1S (RAMS32): 32 instances

open_run: Time (s): cpu = 00:00:33 ; elapsed = 00:00:49 . Memory (MB): peak = 1774.281 ; gain = 489.770
TIMESTAMP: HLS-REPORT: synthesis generate_reports_vivado: 2024-02-14 00:43:35 +0800
INFO: HLS-REPORT: Running report: report_utilization -file ./report/MLP_utilization_synth.rpt
INFO: HLS-REPORT: Running report: report_utilization -hierarchical -hierarchical_depth 6 -file ./report/MLP_utilization_hierarchical_synth.rpt
INFO: HLS-REPORT: Running report: report_timing_summary -file ./report/MLP_timing_synth.rpt
INFO: [Timing 38-35] Done setting XDC timing constraints.
INFO: [Timing 38-91] UpdateTimingParams: Speed grade: -2, Temperature grade: I, Delay Type: min_max.
INFO: [Timing 38-191] Multithreading enabled for timing update using a maximum of 2 CPUs
WARNING: [Timing 38-242] The property HD.CLK_SRC of clock port "ap_clk" is not set. In out-of-context mode, this prevents timing estimation for clock delay/skew
Resolution: Set the HD.CLK_SRC property of the out-of-context port to the location of the clock buffer instance in the top-level design
report_timing_summary: Time (s): cpu = 00:01:11 ; elapsed = 00:01:15 . Memory (MB): peak = 3903.809 ; gain = 2129.527
INFO: HLS-REPORT: Running report: report_timing -max_paths 10 -file ./report/MLP_timing_paths_synth.rpt
INFO: [Timing 38-91] UpdateTimingParams: Speed grade: -2, Temperature grade: I, Delay Type: max.
INFO: [Timing 38-191] Multithreading enabled for timing update using a maximum of 2 CPUs
INFO: [Timing 38-78] ReportTimingParams: -max_paths 10 -nworst 1 -delay_type max -sort_by slack.
INFO: HLS-REPORT: Running report: report_design_analysis -file ./report/MLP_design_analysis_synth.rpt
INFO: [Implflow 30-839]  
INFO: HLS-REPORT: Running report: ::tclapp::xilinx::designutils::report_failfast -detailed_report synth -file ./report/MLP_failfast_synth.rpt
 -I- design metrics completed in 4 seconds
 -I- DONT_TOUCH metric completed in 1 seconds
 -I- MARK_DEBUG metric completed in 1 seconds
 -I- utilization metrics completed in 3 seconds
 -I- control set metrics completed in 0 seconds
 -I- methodology check metrics completed in 20 seconds
 -I- average fanout metrics completed in 10 seconds (0 modules)
 -I- non-FD high fanout nets completed in 13 seconds
 -I- path budgeting metrics completed in 18 seconds
#  +-----------------------------------------------------------------------------------------+
#  | Design Summary                                                                          |
#  | design_1                                                                                |
#  | xczu3eg-sbva484-2-i                                                                     |
#  +-----------------------------------------------------------+-----------+--------+--------+
#  | Criteria                                                  | Guideline | Actual | Status |
#  +-----------------------------------------------------------+-----------+--------+--------+
#  | LUT                                                       | 70%       | 32.88% | OK     |
#  | FD                                                        | 50%       | 19.56% | OK     |
#  | LUTRAM+SRL                                                | 25%       | 3.51%  | OK     |
#  | CARRY8                                                    | 25%       | 11.55% | OK     |
#  | MUXF7                                                     | 15%       | 0.03%  | OK     |
#  | DSP                                                       | 80%       | 67.22% | OK     |
#  | RAMB/FIFO                                                 | 80%       | 0.00%  | OK     |
#  | DSP+RAMB+URAM (Avg)                                       | 70%       | 67.22% | OK     |
#  | BUFGCE* + BUFGCTRL                                        | 24        | 0      | OK     |
#  | DONT_TOUCH (cells/nets)                                   | 0         | 0      | OK     |
#  | MARK_DEBUG (nets)                                         | 0         | 0      | OK     |
#  | Control Sets                                              | 1323      | 349    | OK     |
#  | Average Fanout for modules > 100k cells                   | 4         | 0      | OK     |
#  | Non-FD high fanout nets > 10k loads                       | 0         | 0      | OK     |
#  +-----------------------------------------------------------+-----------+--------+--------+
#  | TIMING-6 (No common primary clock between related clocks) | 0         | 0      | OK     |
#  | TIMING-7 (No common node between related clocks)          | 0         | 0      | OK     |
#  | TIMING-8 (No common period between related clocks)        | 0         | 0      | OK     |
#  | TIMING-14 (LUT on the clock tree)                         | 0         | 0      | OK     |
#  | TIMING-35 (No common node in paths with the same clock)   | 0         | 0      | OK     |
#  +-----------------------------------------------------------+-----------+--------+--------+
#  | Number of paths above max LUT budgeting (0.300ns)         | 0         | 0      | OK     |
#  | Number of paths above max Net budgeting (0.208ns)         | 0         | 0      | OK     |
#  +-----------------------------------------------------------+-----------+--------+--------+
 -I- Generated file C:/Users/xingy/AppData/Roaming/Xilinx/Vitis/testHLS2/solution1/impl/verilog/report/MLP_failfast_synth.rpt
 -I- Number of criteria to review: 0
 -I- This report should be run before placing the design and uses conservative guidelines beyond which runtime and timing closure will likely be more challenging
 -I- report_failfast completed in 70 seconds
TIMESTAMP: HLS-REPORT: synthesis gen_data_dict_vivado: 2024-02-14 00:46:04 +0800
TIMESTAMP: HLS-REPORT: synth extract_util_hier: 2024-02-14 00:46:04 +0800
TIMESTAMP: HLS-REPORT: synth get_cell_hier_data: 2024-02-14 00:46:04 +0800
TIMESTAMP: HLS-REPORT: synth get_timing_paths: 2024-02-14 00:46:05 +0800
TIMESTAMP: HLS-REPORT: synth process timing paths: 2024-02-14 00:46:05 +0800
TIMESTAMP: HLS-REPORT: synth get_all_vv_rpt_files: 2024-02-14 00:46:05 +0800
TIMESTAMP: HLS-REPORT: synthesis write_reports_vivado: 2024-02-14 00:46:05 +0800
HLS EXTRACTION: synth area_totals:  0 70560 141120 360 432 0 0
HLS EXTRACTION: synth area_current: 0 23203 27605 242 0 0 562 0 0 0
HLS EXTRACTION: synth resources_dict: AVAIL_LUT 70560 LUT 23203 AVAIL_FF 141120 FF 27605 AVAIL_DSP 360 DSP 242 AVAIL_BRAM 432 BRAM 0 AVAIL_URAM 0 URAM 0 LATCH 0 SRL 562 AVAIL_CLB 0 CLB 0
INFO: HLS-REPORT: generated C:/Users/xingy/AppData/Roaming/Xilinx/Vitis/testHLS2/solution1/impl/verilog/report/vivado_syn.xml
INFO: HLS-REPORT: generated C:/Users/xingy/AppData/Roaming/Xilinx/Vitis/testHLS2/solution1/impl/report/verilog/MLP_export.rpt


Implementation tool: Xilinx Vivado v.2022.1
Project:             testHLS2
Solution:            solution1
Device target:       xczu3eg-sbva484-2-i
Report date:         Wed Feb 14 00:46:06 +0800 2024

#=== Post-Synthesis Resource usage ===
SLICE:            0
LUT:          23203
FF:           27605
DSP:            242
BRAM:             0
URAM:             0
LATCH:            0
SRL:            562
CLB:              0

#=== Final timing ===
CP required:                     10.000
CP achieved post-synthesis:      3.838
Timing met

TIMESTAMP: HLS-REPORT: synthesis end: 2024-02-14 00:46:06 +0800
# if { $has_impl } {
#   # launch run impl
#   if { [llength $impl_props] } {
#     set_property -dict $impl_props [get_runs impl_1]
#   }
#   launch_runs impl_1
#   wait_on_run impl_1
#   # impl reports
#   hls_vivado_reports_impl impl_1 $report_options
# }
INFO: [Timing 38-480] Writing timing data to binary archive.
WARNING: [Common 17-210] 'write_hwdef' is deprecated.
[Wed Feb 14 00:46:25 2024] Launched impl_1...
Run output will be captured here: C:/Users/xingy/AppData/Roaming/Xilinx/Vitis/testHLS2/solution1/impl/verilog/project.runs/impl_1/runme.log
launch_runs: Time (s): cpu = 00:00:14 ; elapsed = 00:00:20 . Memory (MB): peak = 4336.977 ; gain = 0.000
[Wed Feb 14 00:46:25 2024] Waiting for impl_1 to finish...

*** Running vivado
    with args -log bd_0_wrapper.vdi -applog -m64 -product Vivado -messageDb vivado.pb -mode batch -source bd_0_wrapper.tcl -notrace



****** Vivado v2022.1 (64-bit)
  **** SW Build 3526262 on Mon Apr 18 15:48:16 MDT 2022
  **** IP Build 3524634 on Mon Apr 18 20:55:01 MDT 2022
    ** Copyright 1986-2022 Xilinx, Inc. All Rights Reserved.

source bd_0_wrapper.tcl -notrace
Command: open_checkpoint C:/Users/xingy/AppData/Roaming/Xilinx/Vitis/testHLS2/solution1/impl/verilog/project.runs/impl_1/bd_0_wrapper.dcp
INFO: [Device 21-403] Loading part xczu3eg-sbva484-2-i
Netlist sorting complete. Time (s): cpu = 00:00:02 ; elapsed = 00:00:03 . Memory (MB): peak = 1422.742 ; gain = 6.496
INFO: [Netlist 29-17] Analyzing 1561 Unisim elements for replacement
INFO: [Netlist 29-28] Unisim Transformation completed in 4 CPU seconds
INFO: [Project 1-479] Netlist was created with Vivado 2022.1
INFO: [Project 1-570] Preparing netlist for logic optimization
INFO: [Timing 38-478] Restoring timing data from binary archive.
INFO: [Timing 38-479] Binary timing data restore complete.
INFO: [Project 1-856] Restoring constraints from binary archive.
INFO: [Project 1-853] Binary constraint restore complete.
Netlist sorting complete. Time (s): cpu = 00:00:00 ; elapsed = 00:00:00.088 . Memory (MB): peak = 2252.094 ; gain = 0.000
INFO: [Project 1-111] Unisim Transformation Summary:
  A total of 530 instances were transformed.
  DSP48E1 => DSP48E2 (DSP_ALU, DSP_A_B_DATA, DSP_C_DATA, DSP_MULTIPLIER, DSP_M_DATA, DSP_OUTPUT, DSP_PREADD, DSP_PREADD_DATA): 242 instances
  RAM16X1D => RAM32X1D (RAMD32(x2)): 128 instances
  RAM16X1S => RAM32X1S (RAMS32): 96 instances
  RAM32X1D => RAM32X1D (RAMD32(x2)): 32 instances
  RAM32X1S => RAM32X1S (RAMS32): 32 instances

INFO: [Project 1-604] Checkpoint was created with Vivado v2022.1 (64-bit) build 3526262
open_checkpoint: Time (s): cpu = 00:00:43 ; elapsed = 00:01:05 . Memory (MB): peak = 2252.094 ; gain = 967.562
INFO: [IP_Flow 19-234] Refreshing IP repositories
INFO: [IP_Flow 19-1700] Loaded user IP repository 'c:/Users/xingy/AppData/Roaming/Xilinx/Vitis/testHLS2/solution1/impl/ip'.
INFO: [IP_Flow 19-2313] Loaded Vivado IP repository 'C:/Xilinx/Vivado/2022.1/data/ip'.
WARNING: [IP_Flow 19-4995] The host OS only allows 260 characters in a normal path. The IP cache path is more than 80 characters. If you experience issues with IP caching, please consider changing the IP cache to a location with a shorter path. Alternately consider using the OS subst command to map part of the path to a drive letter. 
Current IP cache path is C:/Users/xingy/AppData/Roaming/Xilinx/Vitis/testHLS2/solution1/impl/verilog/project.cache/ip 
Command: opt_design
Attempting to get a license for feature 'Implementation' and/or device 'xczu3eg'
INFO: [Common 17-349] Got license for feature 'Implementation' and/or device 'xczu3eg'
Running DRC as a precondition to command opt_design

Starting DRC Task
INFO: [DRC 23-27] Running DRC with 2 threads
INFO: [Project 1-461] DRC finished with 0 Errors
INFO: [Project 1-462] Please refer to the DRC report (report_drc) for more information.

Time (s): cpu = 00:00:03 ; elapsed = 00:00:03 . Memory (MB): peak = 2252.094 ; gain = 0.000

Starting Cache Timing Information Task
Ending Cache Timing Information Task | Checksum: d2d5d7b8

Time (s): cpu = 00:00:00 ; elapsed = 00:00:00.309 . Memory (MB): peak = 2252.094 ; gain = 0.000

Starting Logic Optimization Task

Phase 1 Retarget
INFO: [Opt 31-1287] Pulled Inverter bd_0_i/hls_inst/inst/fadd_32ns_32ns_32_4_full_dsp_1_U393/MLP_fadd_32ns_32ns_32_4_full_dsp_1_ip_u/inst/i_synth/ADDSUB_OP.ADDSUB/DSP.OP/DSP48E1_BODY.NORM_RND/FULL_USAGE_DSP.LOD/i_no_versal_es1_workaround.DSP_i_23__0 into driver instance bd_0_i/hls_inst/inst/fadd_32ns_32ns_32_4_full_dsp_1_U393/MLP_fadd_32ns_32ns_32_4_full_dsp_1_ip_u/inst/i_synth/ADDSUB_OP.ADDSUB/DSP.OP/DSP48E1_BODY.NORM_RND/FULL_USAGE_DSP.LOD/i_no_versal_es1_workaround.DSP_i_29__0, which resulted in an inversion of 2 pins
INFO: [Opt 31-1287] Pulled Inverter bd_0_i/hls_inst/inst/fadd_32ns_32ns_32_4_full_dsp_1_U394/MLP_fadd_32ns_32ns_32_4_full_dsp_1_ip_u/inst/i_synth/ADDSUB_OP.ADDSUB/DSP.OP/DSP48E1_BODY.NORM_RND/FULL_USAGE_DSP.LOD/i_no_versal_es1_workaround.DSP_i_23__0 into driver instance bd_0_i/hls_inst/inst/fadd_32ns_32ns_32_4_full_dsp_1_U394/MLP_fadd_32ns_32ns_32_4_full_dsp_1_ip_u/inst/i_synth/ADDSUB_OP.ADDSUB/DSP.OP/DSP48E1_BODY.NORM_RND/FULL_USAGE_DSP.LOD/i_no_versal_es1_workaround.DSP_i_29__0, which resulted in an inversion of 2 pins
INFO: [Opt 31-1287] Pulled Inverter bd_0_i/hls_inst/inst/fadd_32ns_32ns_32_4_full_dsp_1_U395/MLP_fadd_32ns_32ns_32_4_full_dsp_1_ip_u/inst/i_synth/ADDSUB_OP.ADDSUB/DSP.OP/DSP48E1_BODY.NORM_RND/FULL_USAGE_DSP.LOD/i_no_versal_es1_workaround.DSP_i_23__0 into driver instance bd_0_i/hls_inst/inst/fadd_32ns_32ns_32_4_full_dsp_1_U395/MLP_fadd_32ns_32ns_32_4_full_dsp_1_ip_u/inst/i_synth/ADDSUB_OP.ADDSUB/DSP.OP/DSP48E1_BODY.NORM_RND/FULL_USAGE_DSP.LOD/i_no_versal_es1_workaround.DSP_i_29__0, which resulted in an inversion of 2 pins
INFO: [Opt 31-1287] Pulled Inverter bd_0_i/hls_inst/inst/fadd_32ns_32ns_32_4_full_dsp_1_U396/MLP_fadd_32ns_32ns_32_4_full_dsp_1_ip_u/inst/i_synth/ADDSUB_OP.ADDSUB/DSP.OP/DSP48E1_BODY.NORM_RND/FULL_USAGE_DSP.LOD/i_no_versal_es1_workaround.DSP_i_23__0 into driver instance bd_0_i/hls_inst/inst/fadd_32ns_32ns_32_4_full_dsp_1_U396/MLP_fadd_32ns_32ns_32_4_full_dsp_1_ip_u/inst/i_synth/ADDSUB_OP.ADDSUB/DSP.OP/DSP48E1_BODY.NORM_RND/FULL_USAGE_DSP.LOD/i_no_versal_es1_workaround.DSP_i_29__0, which resulted in an inversion of 2 pins
INFO: [Opt 31-1287] Pulled Inverter bd_0_i/hls_inst/inst/fadd_32ns_32ns_32_4_full_dsp_1_U397/MLP_fadd_32ns_32ns_32_4_full_dsp_1_ip_u/inst/i_synth/ADDSUB_OP.ADDSUB/DSP.OP/DSP48E1_BODY.NORM_RND/FULL_USAGE_DSP.LOD/i_no_versal_es1_workaround.DSP_i_23__0 into driver instance bd_0_i/hls_inst/inst/fadd_32ns_32ns_32_4_full_dsp_1_U397/MLP_fadd_32ns_32ns_32_4_full_dsp_1_ip_u/inst/i_synth/ADDSUB_OP.ADDSUB/DSP.OP/DSP48E1_BODY.NORM_RND/FULL_USAGE_DSP.LOD/i_no_versal_es1_workaround.DSP_i_29__0, which resulted in an inversion of 2 pins
INFO: [Opt 31-1287] Pulled Inverter bd_0_i/hls_inst/inst/fadd_32ns_32ns_32_4_full_dsp_1_U398/MLP_fadd_32ns_32ns_32_4_full_dsp_1_ip_u/inst/i_synth/ADDSUB_OP.ADDSUB/DSP.OP/DSP48E1_BODY.NORM_RND/FULL_USAGE_DSP.LOD/i_no_versal_es1_workaround.DSP_i_23__0 into driver instance bd_0_i/hls_inst/inst/fadd_32ns_32ns_32_4_full_dsp_1_U398/MLP_fadd_32ns_32ns_32_4_full_dsp_1_ip_u/inst/i_synth/ADDSUB_OP.ADDSUB/DSP.OP/DSP48E1_BODY.NORM_RND/FULL_USAGE_DSP.LOD/i_no_versal_es1_workaround.DSP_i_29__0, which resulted in an inversion of 2 pins
INFO: [Opt 31-1287] Pulled Inverter bd_0_i/hls_inst/inst/fadd_32ns_32ns_32_4_full_dsp_1_U399/MLP_fadd_32ns_32ns_32_4_full_dsp_1_ip_u/inst/i_synth/ADDSUB_OP.ADDSUB/DSP.OP/DSP48E1_BODY.NORM_RND/FULL_USAGE_DSP.LOD/i_no_versal_es1_workaround.DSP_i_23__0 into driver instance bd_0_i/hls_inst/inst/fadd_32ns_32ns_32_4_full_dsp_1_U399/MLP_fadd_32ns_32ns_32_4_full_dsp_1_ip_u/inst/i_synth/ADDSUB_OP.ADDSUB/DSP.OP/DSP48E1_BODY.NORM_RND/FULL_USAGE_DSP.LOD/i_no_versal_es1_workaround.DSP_i_29__0, which resulted in an inversion of 2 pins
INFO: [Opt 31-1287] Pulled Inverter bd_0_i/hls_inst/inst/fadd_32ns_32ns_32_4_full_dsp_1_U400/MLP_fadd_32ns_32ns_32_4_full_dsp_1_ip_u/inst/i_synth/ADDSUB_OP.ADDSUB/DSP.OP/DSP48E1_BODY.NORM_RND/FULL_USAGE_DSP.LOD/i_no_versal_es1_workaround.DSP_i_23__0 into driver instance bd_0_i/hls_inst/inst/fadd_32ns_32ns_32_4_full_dsp_1_U400/MLP_fadd_32ns_32ns_32_4_full_dsp_1_ip_u/inst/i_synth/ADDSUB_OP.ADDSUB/DSP.OP/DSP48E1_BODY.NORM_RND/FULL_USAGE_DSP.LOD/i_no_versal_es1_workaround.DSP_i_29__0, which resulted in an inversion of 2 pins
INFO: [Opt 31-1287] Pulled Inverter bd_0_i/hls_inst/inst/fadd_32ns_32ns_32_4_full_dsp_1_U401/MLP_fadd_32ns_32ns_32_4_full_dsp_1_ip_u/inst/i_synth/ADDSUB_OP.ADDSUB/DSP.OP/DSP48E1_BODY.NORM_RND/FULL_USAGE_DSP.LOD/i_no_versal_es1_workaround.DSP_i_23__0 into driver instance bd_0_i/hls_inst/inst/fadd_32ns_32ns_32_4_full_dsp_1_U401/MLP_fadd_32ns_32ns_32_4_full_dsp_1_ip_u/inst/i_synth/ADDSUB_OP.ADDSUB/DSP.OP/DSP48E1_BODY.NORM_RND/FULL_USAGE_DSP.LOD/i_no_versal_es1_workaround.DSP_i_29__0, which resulted in an inversion of 2 pins
INFO: [Opt 31-1287] Pulled Inverter bd_0_i/hls_inst/inst/fadd_32ns_32ns_32_4_full_dsp_1_U402/MLP_fadd_32ns_32ns_32_4_full_dsp_1_ip_u/inst/i_synth/ADDSUB_OP.ADDSUB/DSP.OP/DSP48E1_BODY.NORM_RND/FULL_USAGE_DSP.LOD/i_no_versal_es1_workaround.DSP_i_23__0 into driver instance bd_0_i/hls_inst/inst/fadd_32ns_32ns_32_4_full_dsp_1_U402/MLP_fadd_32ns_32ns_32_4_full_dsp_1_ip_u/inst/i_synth/ADDSUB_OP.ADDSUB/DSP.OP/DSP48E1_BODY.NORM_RND/FULL_USAGE_DSP.LOD/i_no_versal_es1_workaround.DSP_i_29__0, which resulted in an inversion of 2 pins
INFO: [Opt 31-1287] Pulled Inverter bd_0_i/hls_inst/inst/fadd_32ns_32ns_32_4_full_dsp_1_U403/MLP_fadd_32ns_32ns_32_4_full_dsp_1_ip_u/inst/i_synth/ADDSUB_OP.ADDSUB/DSP.OP/DSP48E1_BODY.NORM_RND/FULL_USAGE_DSP.LOD/i_no_versal_es1_workaround.DSP_i_23__0 into driver instance bd_0_i/hls_inst/inst/fadd_32ns_32ns_32_4_full_dsp_1_U403/MLP_fadd_32ns_32ns_32_4_full_dsp_1_ip_u/inst/i_synth/ADDSUB_OP.ADDSUB/DSP.OP/DSP48E1_BODY.NORM_RND/FULL_USAGE_DSP.LOD/i_no_versal_es1_workaround.DSP_i_29__0, which resulted in an inversion of 2 pins
INFO: [Opt 31-1287] Pulled Inverter bd_0_i/hls_inst/inst/fadd_32ns_32ns_32_4_full_dsp_1_U404/MLP_fadd_32ns_32ns_32_4_full_dsp_1_ip_u/inst/i_synth/ADDSUB_OP.ADDSUB/DSP.OP/DSP48E1_BODY.NORM_RND/FULL_USAGE_DSP.LOD/i_no_versal_es1_workaround.DSP_i_23__0 into driver instance bd_0_i/hls_inst/inst/fadd_32ns_32ns_32_4_full_dsp_1_U404/MLP_fadd_32ns_32ns_32_4_full_dsp_1_ip_u/inst/i_synth/ADDSUB_OP.ADDSUB/DSP.OP/DSP48E1_BODY.NORM_RND/FULL_USAGE_DSP.LOD/i_no_versal_es1_workaround.DSP_i_29__0, which resulted in an inversion of 2 pins
INFO: [Opt 31-1287] Pulled Inverter bd_0_i/hls_inst/inst/fadd_32ns_32ns_32_4_full_dsp_1_U406/MLP_fadd_32ns_32ns_32_4_full_dsp_1_ip_u/inst/i_synth/ADDSUB_OP.ADDSUB/DSP.OP/DSP48E1_BODY.NORM_RND/FULL_USAGE_DSP.LOD/i_no_versal_es1_workaround.DSP_i_23__0 into driver instance bd_0_i/hls_inst/inst/fadd_32ns_32ns_32_4_full_dsp_1_U406/MLP_fadd_32ns_32ns_32_4_full_dsp_1_ip_u/inst/i_synth/ADDSUB_OP.ADDSUB/DSP.OP/DSP48E1_BODY.NORM_RND/FULL_USAGE_DSP.LOD/i_no_versal_es1_workaround.DSP_i_29__0, which resulted in an inversion of 2 pins
INFO: [Opt 31-1287] Pulled Inverter bd_0_i/hls_inst/inst/fadd_32ns_32ns_32_4_full_dsp_1_U407/MLP_fadd_32ns_32ns_32_4_full_dsp_1_ip_u/inst/i_synth/ADDSUB_OP.ADDSUB/DSP.OP/DSP48E1_BODY.NORM_RND/FULL_USAGE_DSP.LOD/i_no_versal_es1_workaround.DSP_i_23__0 into driver instance bd_0_i/hls_inst/inst/fadd_32ns_32ns_32_4_full_dsp_1_U407/MLP_fadd_32ns_32ns_32_4_full_dsp_1_ip_u/inst/i_synth/ADDSUB_OP.ADDSUB/DSP.OP/DSP48E1_BODY.NORM_RND/FULL_USAGE_DSP.LOD/i_no_versal_es1_workaround.DSP_i_29__0, which resulted in an inversion of 2 pins
INFO: [Opt 31-1287] Pulled Inverter bd_0_i/hls_inst/inst/fadd_32ns_32ns_32_4_full_dsp_1_U408/MLP_fadd_32ns_32ns_32_4_full_dsp_1_ip_u/inst/i_synth/ADDSUB_OP.ADDSUB/DSP.OP/DSP48E1_BODY.NORM_RND/FULL_USAGE_DSP.LOD/i_no_versal_es1_workaround.DSP_i_23__0 into driver instance bd_0_i/hls_inst/inst/fadd_32ns_32ns_32_4_full_dsp_1_U408/MLP_fadd_32ns_32ns_32_4_full_dsp_1_ip_u/inst/i_synth/ADDSUB_OP.ADDSUB/DSP.OP/DSP48E1_BODY.NORM_RND/FULL_USAGE_DSP.LOD/i_no_versal_es1_workaround.DSP_i_29__0, which resulted in an inversion of 2 pins
INFO: [Opt 31-1287] Pulled Inverter bd_0_i/hls_inst/inst/fadd_32ns_32ns_32_4_full_dsp_1_U409/MLP_fadd_32ns_32ns_32_4_full_dsp_1_ip_u/inst/i_synth/ADDSUB_OP.ADDSUB/DSP.OP/DSP48E1_BODY.NORM_RND/FULL_USAGE_DSP.LOD/i_no_versal_es1_workaround.DSP_i_23__0 into driver instance bd_0_i/hls_inst/inst/fadd_32ns_32ns_32_4_full_dsp_1_U409/MLP_fadd_32ns_32ns_32_4_full_dsp_1_ip_u/inst/i_synth/ADDSUB_OP.ADDSUB/DSP.OP/DSP48E1_BODY.NORM_RND/FULL_USAGE_DSP.LOD/i_no_versal_es1_workaround.DSP_i_29__0, which resulted in an inversion of 2 pins
INFO: [Opt 31-1287] Pulled Inverter bd_0_i/hls_inst/inst/fadd_32ns_32ns_32_4_full_dsp_1_U410/MLP_fadd_32ns_32ns_32_4_full_dsp_1_ip_u/inst/i_synth/ADDSUB_OP.ADDSUB/DSP.OP/DSP48E1_BODY.NORM_RND/FULL_USAGE_DSP.LOD/i_no_versal_es1_workaround.DSP_i_23__0 into driver instance bd_0_i/hls_inst/inst/fadd_32ns_32ns_32_4_full_dsp_1_U410/MLP_fadd_32ns_32ns_32_4_full_dsp_1_ip_u/inst/i_synth/ADDSUB_OP.ADDSUB/DSP.OP/DSP48E1_BODY.NORM_RND/FULL_USAGE_DSP.LOD/i_no_versal_es1_workaround.DSP_i_29__0, which resulted in an inversion of 2 pins
INFO: [Opt 31-1287] Pulled Inverter bd_0_i/hls_inst/inst/fadd_32ns_32ns_32_4_full_dsp_1_U411/MLP_fadd_32ns_32ns_32_4_full_dsp_1_ip_u/inst/i_synth/ADDSUB_OP.ADDSUB/DSP.OP/DSP48E1_BODY.NORM_RND/FULL_USAGE_DSP.LOD/i_no_versal_es1_workaround.DSP_i_23__0 into driver instance bd_0_i/hls_inst/inst/fadd_32ns_32ns_32_4_full_dsp_1_U411/MLP_fadd_32ns_32ns_32_4_full_dsp_1_ip_u/inst/i_synth/ADDSUB_OP.ADDSUB/DSP.OP/DSP48E1_BODY.NORM_RND/FULL_USAGE_DSP.LOD/i_no_versal_es1_workaround.DSP_i_29__0, which resulted in an inversion of 2 pins
INFO: [Opt 31-1287] Pulled Inverter bd_0_i/hls_inst/inst/fadd_32ns_32ns_32_4_full_dsp_1_U413/MLP_fadd_32ns_32ns_32_4_full_dsp_1_ip_u/inst/i_synth/ADDSUB_OP.ADDSUB/DSP.OP/DSP48E1_BODY.NORM_RND/FULL_USAGE_DSP.LOD/i_no_versal_es1_workaround.DSP_i_23__0 into driver instance bd_0_i/hls_inst/inst/fadd_32ns_32ns_32_4_full_dsp_1_U413/MLP_fadd_32ns_32ns_32_4_full_dsp_1_ip_u/inst/i_synth/ADDSUB_OP.ADDSUB/DSP.OP/DSP48E1_BODY.NORM_RND/FULL_USAGE_DSP.LOD/i_no_versal_es1_workaround.DSP_i_29__0, which resulted in an inversion of 2 pins
INFO: [Opt 31-1287] Pulled Inverter bd_0_i/hls_inst/inst/fadd_32ns_32ns_32_4_full_dsp_1_U414/MLP_fadd_32ns_32ns_32_4_full_dsp_1_ip_u/inst/i_synth/ADDSUB_OP.ADDSUB/DSP.OP/DSP48E1_BODY.NORM_RND/FULL_USAGE_DSP.LOD/i_no_versal_es1_workaround.DSP_i_23__0 into driver instance bd_0_i/hls_inst/inst/fadd_32ns_32ns_32_4_full_dsp_1_U414/MLP_fadd_32ns_32ns_32_4_full_dsp_1_ip_u/inst/i_synth/ADDSUB_OP.ADDSUB/DSP.OP/DSP48E1_BODY.NORM_RND/FULL_USAGE_DSP.LOD/i_no_versal_es1_workaround.DSP_i_29__0, which resulted in an inversion of 2 pins
INFO: [Opt 31-1287] Pulled Inverter bd_0_i/hls_inst/inst/fadd_32ns_32ns_32_4_full_dsp_1_U415/MLP_fadd_32ns_32ns_32_4_full_dsp_1_ip_u/inst/i_synth/ADDSUB_OP.ADDSUB/DSP.OP/DSP48E1_BODY.NORM_RND/FULL_USAGE_DSP.LOD/i_no_versal_es1_workaround.DSP_i_23__0 into driver instance bd_0_i/hls_inst/inst/fadd_32ns_32ns_32_4_full_dsp_1_U415/MLP_fadd_32ns_32ns_32_4_full_dsp_1_ip_u/inst/i_synth/ADDSUB_OP.ADDSUB/DSP.OP/DSP48E1_BODY.NORM_RND/FULL_USAGE_DSP.LOD/i_no_versal_es1_workaround.DSP_i_29__0, which resulted in an inversion of 2 pins
INFO: [Opt 31-1287] Pulled Inverter bd_0_i/hls_inst/inst/grp_MLP_Pipeline_VITIS_LOOP_111_7_fu_1391/ram_reg_0_7_9_9_i_6 into driver instance bd_0_i/hls_inst/inst/grp_MLP_Pipeline_VITIS_LOOP_111_7_fu_1391/ram_reg_0_7_16_16_i_2, which resulted in an inversion of 2 pins
INFO: [Opt 31-1287] Pulled Inverter bd_0_i/hls_inst/inst/grp_MLP_Pipeline_VITIS_LOOP_77_3_fu_1157/fadd_32ns_32ns_32_4_full_dsp_1_U53/MLP_fadd_32ns_32ns_32_4_full_dsp_1_ip_u/inst/i_synth/ADDSUB_OP.ADDSUB/DSP.OP/DSP48E1_BODY.NORM_RND/FULL_USAGE_DSP.LOD/i_no_versal_es1_workaround.DSP_i_23__0 into driver instance bd_0_i/hls_inst/inst/grp_MLP_Pipeline_VITIS_LOOP_77_3_fu_1157/fadd_32ns_32ns_32_4_full_dsp_1_U53/MLP_fadd_32ns_32ns_32_4_full_dsp_1_ip_u/inst/i_synth/ADDSUB_OP.ADDSUB/DSP.OP/DSP48E1_BODY.NORM_RND/FULL_USAGE_DSP.LOD/i_no_versal_es1_workaround.DSP_i_29__0, which resulted in an inversion of 2 pins
INFO: [Opt 31-1287] Pulled Inverter bd_0_i/hls_inst/inst/grp_MLP_Pipeline_VITIS_LOOP_77_3_fu_1157/fadd_32ns_32ns_32_4_full_dsp_1_U54/MLP_fadd_32ns_32ns_32_4_full_dsp_1_ip_u/inst/i_synth/ADDSUB_OP.ADDSUB/DSP.OP/DSP48E1_BODY.NORM_RND/FULL_USAGE_DSP.LOD/i_no_versal_es1_workaround.DSP_i_23__0 into driver instance bd_0_i/hls_inst/inst/grp_MLP_Pipeline_VITIS_LOOP_77_3_fu_1157/fadd_32ns_32ns_32_4_full_dsp_1_U54/MLP_fadd_32ns_32ns_32_4_full_dsp_1_ip_u/inst/i_synth/ADDSUB_OP.ADDSUB/DSP.OP/DSP48E1_BODY.NORM_RND/FULL_USAGE_DSP.LOD/i_no_versal_es1_workaround.DSP_i_29__0, which resulted in an inversion of 2 pins
INFO: [Opt 31-1287] Pulled Inverter bd_0_i/hls_inst/inst/grp_MLP_Pipeline_VITIS_LOOP_77_3_fu_1157/fadd_32ns_32ns_32_4_full_dsp_1_U55/MLP_fadd_32ns_32ns_32_4_full_dsp_1_ip_u/inst/i_synth/ADDSUB_OP.ADDSUB/DSP.OP/DSP48E1_BODY.NORM_RND/FULL_USAGE_DSP.LOD/i_no_versal_es1_workaround.DSP_i_23__0 into driver instance bd_0_i/hls_inst/inst/grp_MLP_Pipeline_VITIS_LOOP_77_3_fu_1157/fadd_32ns_32ns_32_4_full_dsp_1_U55/MLP_fadd_32ns_32ns_32_4_full_dsp_1_ip_u/inst/i_synth/ADDSUB_OP.ADDSUB/DSP.OP/DSP48E1_BODY.NORM_RND/FULL_USAGE_DSP.LOD/i_no_versal_es1_workaround.DSP_i_29__0, which resulted in an inversion of 2 pins
INFO: [Opt 31-1287] Pulled Inverter bd_0_i/hls_inst/inst/grp_MLP_Pipeline_VITIS_LOOP_77_3_fu_1157/fadd_32ns_32ns_32_4_full_dsp_1_U56/MLP_fadd_32ns_32ns_32_4_full_dsp_1_ip_u/inst/i_synth/ADDSUB_OP.ADDSUB/DSP.OP/DSP48E1_BODY.NORM_RND/FULL_USAGE_DSP.LOD/i_no_versal_es1_workaround.DSP_i_23__0 into driver instance bd_0_i/hls_inst/inst/grp_MLP_Pipeline_VITIS_LOOP_77_3_fu_1157/fadd_32ns_32ns_32_4_full_dsp_1_U56/MLP_fadd_32ns_32ns_32_4_full_dsp_1_ip_u/inst/i_synth/ADDSUB_OP.ADDSUB/DSP.OP/DSP48E1_BODY.NORM_RND/FULL_USAGE_DSP.LOD/i_no_versal_es1_workaround.DSP_i_29__0, which resulted in an inversion of 2 pins
INFO: [Opt 31-1287] Pulled Inverter bd_0_i/hls_inst/inst/grp_MLP_Pipeline_VITIS_LOOP_77_3_fu_1157/fadd_32ns_32ns_32_4_full_dsp_1_U57/MLP_fadd_32ns_32ns_32_4_full_dsp_1_ip_u/inst/i_synth/ADDSUB_OP.ADDSUB/DSP.OP/DSP48E1_BODY.NORM_RND/FULL_USAGE_DSP.LOD/i_no_versal_es1_workaround.DSP_i_23__0 into driver instance bd_0_i/hls_inst/inst/grp_MLP_Pipeline_VITIS_LOOP_77_3_fu_1157/fadd_32ns_32ns_32_4_full_dsp_1_U57/MLP_fadd_32ns_32ns_32_4_full_dsp_1_ip_u/inst/i_synth/ADDSUB_OP.ADDSUB/DSP.OP/DSP48E1_BODY.NORM_RND/FULL_USAGE_DSP.LOD/i_no_versal_es1_workaround.DSP_i_29__0, which resulted in an inversion of 2 pins
INFO: [Opt 31-1287] Pulled Inverter bd_0_i/hls_inst/inst/grp_MLP_Pipeline_VITIS_LOOP_77_3_fu_1157/fadd_32ns_32ns_32_4_full_dsp_1_U58/MLP_fadd_32ns_32ns_32_4_full_dsp_1_ip_u/inst/i_synth/ADDSUB_OP.ADDSUB/DSP.OP/DSP48E1_BODY.NORM_RND/FULL_USAGE_DSP.LOD/i_no_versal_es1_workaround.DSP_i_23__0 into driver instance bd_0_i/hls_inst/inst/grp_MLP_Pipeline_VITIS_LOOP_77_3_fu_1157/fadd_32ns_32ns_32_4_full_dsp_1_U58/MLP_fadd_32ns_32ns_32_4_full_dsp_1_ip_u/inst/i_synth/ADDSUB_OP.ADDSUB/DSP.OP/DSP48E1_BODY.NORM_RND/FULL_USAGE_DSP.LOD/i_no_versal_es1_workaround.DSP_i_29__0, which resulted in an inversion of 2 pins
INFO: [Opt 31-1287] Pulled Inverter bd_0_i/hls_inst/inst/grp_MLP_Pipeline_VITIS_LOOP_77_3_fu_1157/fadd_32ns_32ns_32_4_full_dsp_1_U59/MLP_fadd_32ns_32ns_32_4_full_dsp_1_ip_u/inst/i_synth/ADDSUB_OP.ADDSUB/DSP.OP/DSP48E1_BODY.NORM_RND/FULL_USAGE_DSP.LOD/i_no_versal_es1_workaround.DSP_i_23__0 into driver instance bd_0_i/hls_inst/inst/grp_MLP_Pipeline_VITIS_LOOP_77_3_fu_1157/fadd_32ns_32ns_32_4_full_dsp_1_U59/MLP_fadd_32ns_32ns_32_4_full_dsp_1_ip_u/inst/i_synth/ADDSUB_OP.ADDSUB/DSP.OP/DSP48E1_BODY.NORM_RND/FULL_USAGE_DSP.LOD/i_no_versal_es1_workaround.DSP_i_29__0, which resulted in an inversion of 2 pins
INFO: [Opt 31-1287] Pulled Inverter bd_0_i/hls_inst/inst/grp_MLP_Pipeline_VITIS_LOOP_77_3_fu_1157/fadd_32ns_32ns_32_4_full_dsp_1_U60/MLP_fadd_32ns_32ns_32_4_full_dsp_1_ip_u/inst/i_synth/ADDSUB_OP.ADDSUB/DSP.OP/DSP48E1_BODY.NORM_RND/FULL_USAGE_DSP.LOD/i_no_versal_es1_workaround.DSP_i_23__0 into driver instance bd_0_i/hls_inst/inst/grp_MLP_Pipeline_VITIS_LOOP_77_3_fu_1157/fadd_32ns_32ns_32_4_full_dsp_1_U60/MLP_fadd_32ns_32ns_32_4_full_dsp_1_ip_u/inst/i_synth/ADDSUB_OP.ADDSUB/DSP.OP/DSP48E1_BODY.NORM_RND/FULL_USAGE_DSP.LOD/i_no_versal_es1_workaround.DSP_i_29__0, which resulted in an inversion of 2 pins
INFO: [Opt 31-1287] Pulled Inverter bd_0_i/hls_inst/inst/grp_MLP_Pipeline_VITIS_LOOP_77_3_fu_1157/fadd_32ns_32ns_32_4_full_dsp_1_U61/MLP_fadd_32ns_32ns_32_4_full_dsp_1_ip_u/inst/i_synth/ADDSUB_OP.ADDSUB/DSP.OP/DSP48E1_BODY.NORM_RND/FULL_USAGE_DSP.LOD/i_no_versal_es1_workaround.DSP_i_23__0 into driver instance bd_0_i/hls_inst/inst/grp_MLP_Pipeline_VITIS_LOOP_77_3_fu_1157/fadd_32ns_32ns_32_4_full_dsp_1_U61/MLP_fadd_32ns_32ns_32_4_full_dsp_1_ip_u/inst/i_synth/ADDSUB_OP.ADDSUB/DSP.OP/DSP48E1_BODY.NORM_RND/FULL_USAGE_DSP.LOD/i_no_versal_es1_workaround.DSP_i_29__0, which resulted in an inversion of 2 pins
INFO: [Opt 31-1287] Pulled Inverter bd_0_i/hls_inst/inst/grp_MLP_Pipeline_VITIS_LOOP_77_3_fu_1157/fadd_32ns_32ns_32_4_full_dsp_1_U62/MLP_fadd_32ns_32ns_32_4_full_dsp_1_ip_u/inst/i_synth/ADDSUB_OP.ADDSUB/DSP.OP/DSP48E1_BODY.NORM_RND/FULL_USAGE_DSP.LOD/i_no_versal_es1_workaround.DSP_i_23__0 into driver instance bd_0_i/hls_inst/inst/grp_MLP_Pipeline_VITIS_LOOP_77_3_fu_1157/fadd_32ns_32ns_32_4_full_dsp_1_U62/MLP_fadd_32ns_32ns_32_4_full_dsp_1_ip_u/inst/i_synth/ADDSUB_OP.ADDSUB/DSP.OP/DSP48E1_BODY.NORM_RND/FULL_USAGE_DSP.LOD/i_no_versal_es1_workaround.DSP_i_29__0, which resulted in an inversion of 2 pins
INFO: [Opt 31-1287] Pulled Inverter bd_0_i/hls_inst/inst/grp_MLP_Pipeline_VITIS_LOOP_77_3_fu_1157/fadd_32ns_32ns_32_4_full_dsp_1_U63/MLP_fadd_32ns_32ns_32_4_full_dsp_1_ip_u/inst/i_synth/ADDSUB_OP.ADDSUB/DSP.OP/DSP48E1_BODY.NORM_RND/FULL_USAGE_DSP.LOD/i_no_versal_es1_workaround.DSP_i_23__0 into driver instance bd_0_i/hls_inst/inst/grp_MLP_Pipeline_VITIS_LOOP_77_3_fu_1157/fadd_32ns_32ns_32_4_full_dsp_1_U63/MLP_fadd_32ns_32ns_32_4_full_dsp_1_ip_u/inst/i_synth/ADDSUB_OP.ADDSUB/DSP.OP/DSP48E1_BODY.NORM_RND/FULL_USAGE_DSP.LOD/i_no_versal_es1_workaround.DSP_i_29__0, which resulted in an inversion of 2 pins
INFO: [Opt 31-1287] Pulled Inverter bd_0_i/hls_inst/inst/grp_MLP_Pipeline_VITIS_LOOP_77_3_fu_1157/fadd_32ns_32ns_32_4_full_dsp_1_U64/MLP_fadd_32ns_32ns_32_4_full_dsp_1_ip_u/inst/i_synth/ADDSUB_OP.ADDSUB/DSP.OP/DSP48E1_BODY.NORM_RND/FULL_USAGE_DSP.LOD/i_no_versal_es1_workaround.DSP_i_23__0 into driver instance bd_0_i/hls_inst/inst/grp_MLP_Pipeline_VITIS_LOOP_77_3_fu_1157/fadd_32ns_32ns_32_4_full_dsp_1_U64/MLP_fadd_32ns_32ns_32_4_full_dsp_1_ip_u/inst/i_synth/ADDSUB_OP.ADDSUB/DSP.OP/DSP48E1_BODY.NORM_RND/FULL_USAGE_DSP.LOD/i_no_versal_es1_workaround.DSP_i_29__0, which resulted in an inversion of 2 pins
INFO: [Opt 31-1287] Pulled Inverter bd_0_i/hls_inst/inst/grp_MLP_Pipeline_VITIS_LOOP_77_3_fu_1157/fadd_32ns_32ns_32_4_full_dsp_1_U65/MLP_fadd_32ns_32ns_32_4_full_dsp_1_ip_u/inst/i_synth/ADDSUB_OP.ADDSUB/DSP.OP/DSP48E1_BODY.NORM_RND/FULL_USAGE_DSP.LOD/i_no_versal_es1_workaround.DSP_i_23__0 into driver instance bd_0_i/hls_inst/inst/grp_MLP_Pipeline_VITIS_LOOP_77_3_fu_1157/fadd_32ns_32ns_32_4_full_dsp_1_U65/MLP_fadd_32ns_32ns_32_4_full_dsp_1_ip_u/inst/i_synth/ADDSUB_OP.ADDSUB/DSP.OP/DSP48E1_BODY.NORM_RND/FULL_USAGE_DSP.LOD/i_no_versal_es1_workaround.DSP_i_29__0, which resulted in an inversion of 2 pins
INFO: [Opt 31-1287] Pulled Inverter bd_0_i/hls_inst/inst/grp_MLP_Pipeline_VITIS_LOOP_77_3_fu_1157/fadd_32ns_32ns_32_4_full_dsp_1_U66/MLP_fadd_32ns_32ns_32_4_full_dsp_1_ip_u/inst/i_synth/ADDSUB_OP.ADDSUB/DSP.OP/DSP48E1_BODY.NORM_RND/FULL_USAGE_DSP.LOD/i_no_versal_es1_workaround.DSP_i_23__0 into driver instance bd_0_i/hls_inst/inst/grp_MLP_Pipeline_VITIS_LOOP_77_3_fu_1157/fadd_32ns_32ns_32_4_full_dsp_1_U66/MLP_fadd_32ns_32ns_32_4_full_dsp_1_ip_u/inst/i_synth/ADDSUB_OP.ADDSUB/DSP.OP/DSP48E1_BODY.NORM_RND/FULL_USAGE_DSP.LOD/i_no_versal_es1_workaround.DSP_i_29__0, which resulted in an inversion of 2 pins
INFO: [Opt 31-1287] Pulled Inverter bd_0_i/hls_inst/inst/grp_MLP_Pipeline_VITIS_LOOP_77_3_fu_1157/fadd_32ns_32ns_32_4_full_dsp_1_U67/MLP_fadd_32ns_32ns_32_4_full_dsp_1_ip_u/inst/i_synth/ADDSUB_OP.ADDSUB/DSP.OP/DSP48E1_BODY.NORM_RND/FULL_USAGE_DSP.LOD/i_no_versal_es1_workaround.DSP_i_23__0 into driver instance bd_0_i/hls_inst/inst/grp_MLP_Pipeline_VITIS_LOOP_77_3_fu_1157/fadd_32ns_32ns_32_4_full_dsp_1_U67/MLP_fadd_32ns_32ns_32_4_full_dsp_1_ip_u/inst/i_synth/ADDSUB_OP.ADDSUB/DSP.OP/DSP48E1_BODY.NORM_RND/FULL_USAGE_DSP.LOD/i_no_versal_es1_workaround.DSP_i_29__0, which resulted in an inversion of 2 pins
INFO: [Opt 31-1287] Pulled Inverter bd_0_i/hls_inst/inst/grp_MLP_Pipeline_VITIS_LOOP_77_3_fu_1157/fadd_32ns_32ns_32_4_full_dsp_1_U68/MLP_fadd_32ns_32ns_32_4_full_dsp_1_ip_u/inst/i_synth/ADDSUB_OP.ADDSUB/DSP.OP/DSP48E1_BODY.NORM_RND/FULL_USAGE_DSP.LOD/i_no_versal_es1_workaround.DSP_i_23__0 into driver instance bd_0_i/hls_inst/inst/grp_MLP_Pipeline_VITIS_LOOP_77_3_fu_1157/fadd_32ns_32ns_32_4_full_dsp_1_U68/MLP_fadd_32ns_32ns_32_4_full_dsp_1_ip_u/inst/i_synth/ADDSUB_OP.ADDSUB/DSP.OP/DSP48E1_BODY.NORM_RND/FULL_USAGE_DSP.LOD/i_no_versal_es1_workaround.DSP_i_29__0, which resulted in an inversion of 2 pins
INFO: [Opt 31-1287] Pulled Inverter bd_0_i/hls_inst/inst/grp_MLP_Pipeline_VITIS_LOOP_77_3_fu_1157/fadd_32ns_32ns_32_4_full_dsp_1_U69/MLP_fadd_32ns_32ns_32_4_full_dsp_1_ip_u/inst/i_synth/ADDSUB_OP.ADDSUB/DSP.OP/DSP48E1_BODY.NORM_RND/FULL_USAGE_DSP.LOD/i_no_versal_es1_workaround.DSP_i_23__0 into driver instance bd_0_i/hls_inst/inst/grp_MLP_Pipeline_VITIS_LOOP_77_3_fu_1157/fadd_32ns_32ns_32_4_full_dsp_1_U69/MLP_fadd_32ns_32ns_32_4_full_dsp_1_ip_u/inst/i_synth/ADDSUB_OP.ADDSUB/DSP.OP/DSP48E1_BODY.NORM_RND/FULL_USAGE_DSP.LOD/i_no_versal_es1_workaround.DSP_i_29__0, which resulted in an inversion of 2 pins
INFO: [Opt 31-1287] Pulled Inverter bd_0_i/hls_inst/inst/grp_MLP_Pipeline_VITIS_LOOP_77_3_fu_1157/fadd_32ns_32ns_32_4_full_dsp_1_U70/MLP_fadd_32ns_32ns_32_4_full_dsp_1_ip_u/inst/i_synth/ADDSUB_OP.ADDSUB/DSP.OP/DSP48E1_BODY.NORM_RND/FULL_USAGE_DSP.LOD/i_no_versal_es1_workaround.DSP_i_23__0 into driver instance bd_0_i/hls_inst/inst/grp_MLP_Pipeline_VITIS_LOOP_77_3_fu_1157/fadd_32ns_32ns_32_4_full_dsp_1_U70/MLP_fadd_32ns_32ns_32_4_full_dsp_1_ip_u/inst/i_synth/ADDSUB_OP.ADDSUB/DSP.OP/DSP48E1_BODY.NORM_RND/FULL_USAGE_DSP.LOD/i_no_versal_es1_workaround.DSP_i_29__0, which resulted in an inversion of 2 pins
INFO: [Opt 31-1287] Pulled Inverter bd_0_i/hls_inst/inst/grp_MLP_Pipeline_VITIS_LOOP_77_3_fu_1157/fadd_32ns_32ns_32_4_full_dsp_1_U71/MLP_fadd_32ns_32ns_32_4_full_dsp_1_ip_u/inst/i_synth/ADDSUB_OP.ADDSUB/DSP.OP/DSP48E1_BODY.NORM_RND/FULL_USAGE_DSP.LOD/i_no_versal_es1_workaround.DSP_i_23__0 into driver instance bd_0_i/hls_inst/inst/grp_MLP_Pipeline_VITIS_LOOP_77_3_fu_1157/fadd_32ns_32ns_32_4_full_dsp_1_U71/MLP_fadd_32ns_32ns_32_4_full_dsp_1_ip_u/inst/i_synth/ADDSUB_OP.ADDSUB/DSP.OP/DSP48E1_BODY.NORM_RND/FULL_USAGE_DSP.LOD/i_no_versal_es1_workaround.DSP_i_29__0, which resulted in an inversion of 2 pins
INFO: [Opt 31-1287] Pulled Inverter bd_0_i/hls_inst/inst/grp_MLP_Pipeline_VITIS_LOOP_77_3_fu_1157/fadd_32ns_32ns_32_4_full_dsp_1_U72/MLP_fadd_32ns_32ns_32_4_full_dsp_1_ip_u/inst/i_synth/ADDSUB_OP.ADDSUB/DSP.OP/DSP48E1_BODY.NORM_RND/FULL_USAGE_DSP.LOD/i_no_versal_es1_workaround.DSP_i_23__0 into driver instance bd_0_i/hls_inst/inst/grp_MLP_Pipeline_VITIS_LOOP_77_3_fu_1157/fadd_32ns_32ns_32_4_full_dsp_1_U72/MLP_fadd_32ns_32ns_32_4_full_dsp_1_ip_u/inst/i_synth/ADDSUB_OP.ADDSUB/DSP.OP/DSP48E1_BODY.NORM_RND/FULL_USAGE_DSP.LOD/i_no_versal_es1_workaround.DSP_i_29__0, which resulted in an inversion of 2 pins
INFO: [Opt 31-1287] Pulled Inverter bd_0_i/hls_inst/inst/grp_MLP_Pipeline_VITIS_LOOP_77_3_fu_1157/fadd_32ns_32ns_32_4_full_dsp_1_U73/MLP_fadd_32ns_32ns_32_4_full_dsp_1_ip_u/inst/i_synth/ADDSUB_OP.ADDSUB/DSP.OP/DSP48E1_BODY.NORM_RND/FULL_USAGE_DSP.LOD/i_no_versal_es1_workaround.DSP_i_23__0 into driver instance bd_0_i/hls_inst/inst/grp_MLP_Pipeline_VITIS_LOOP_77_3_fu_1157/fadd_32ns_32ns_32_4_full_dsp_1_U73/MLP_fadd_32ns_32ns_32_4_full_dsp_1_ip_u/inst/i_synth/ADDSUB_OP.ADDSUB/DSP.OP/DSP48E1_BODY.NORM_RND/FULL_USAGE_DSP.LOD/i_no_versal_es1_workaround.DSP_i_29__0, which resulted in an inversion of 2 pins
INFO: [Opt 31-1287] Pulled Inverter bd_0_i/hls_inst/inst/grp_MLP_Pipeline_VITIS_LOOP_77_3_fu_1157/fadd_32ns_32ns_32_4_full_dsp_1_U74/MLP_fadd_32ns_32ns_32_4_full_dsp_1_ip_u/inst/i_synth/ADDSUB_OP.ADDSUB/DSP.OP/DSP48E1_BODY.NORM_RND/FULL_USAGE_DSP.LOD/i_no_versal_es1_workaround.DSP_i_23__0 into driver instance bd_0_i/hls_inst/inst/grp_MLP_Pipeline_VITIS_LOOP_77_3_fu_1157/fadd_32ns_32ns_32_4_full_dsp_1_U74/MLP_fadd_32ns_32ns_32_4_full_dsp_1_ip_u/inst/i_synth/ADDSUB_OP.ADDSUB/DSP.OP/DSP48E1_BODY.NORM_RND/FULL_USAGE_DSP.LOD/i_no_versal_es1_workaround.DSP_i_29__0, which resulted in an inversion of 2 pins
INFO: [Opt 31-1287] Pulled Inverter bd_0_i/hls_inst/inst/grp_MLP_Pipeline_VITIS_LOOP_77_3_fu_1157/fadd_32ns_32ns_32_4_full_dsp_1_U75/MLP_fadd_32ns_32ns_32_4_full_dsp_1_ip_u/inst/i_synth/ADDSUB_OP.ADDSUB/DSP.OP/DSP48E1_BODY.NORM_RND/FULL_USAGE_DSP.LOD/i_no_versal_es1_workaround.DSP_i_23__0 into driver instance bd_0_i/hls_inst/inst/grp_MLP_Pipeline_VITIS_LOOP_77_3_fu_1157/fadd_32ns_32ns_32_4_full_dsp_1_U75/MLP_fadd_32ns_32ns_32_4_full_dsp_1_ip_u/inst/i_synth/ADDSUB_OP.ADDSUB/DSP.OP/DSP48E1_BODY.NORM_RND/FULL_USAGE_DSP.LOD/i_no_versal_es1_workaround.DSP_i_29__0, which resulted in an inversion of 2 pins
INFO: [Opt 31-1287] Pulled Inverter bd_0_i/hls_inst/inst/grp_MLP_Pipeline_VITIS_LOOP_77_3_fu_1157/fadd_32ns_32ns_32_4_full_dsp_1_U76/MLP_fadd_32ns_32ns_32_4_full_dsp_1_ip_u/inst/i_synth/ADDSUB_OP.ADDSUB/DSP.OP/DSP48E1_BODY.NORM_RND/FULL_USAGE_DSP.LOD/i_no_versal_es1_workaround.DSP_i_23__0 into driver instance bd_0_i/hls_inst/inst/grp_MLP_Pipeline_VITIS_LOOP_77_3_fu_1157/fadd_32ns_32ns_32_4_full_dsp_1_U76/MLP_fadd_32ns_32ns_32_4_full_dsp_1_ip_u/inst/i_synth/ADDSUB_OP.ADDSUB/DSP.OP/DSP48E1_BODY.NORM_RND/FULL_USAGE_DSP.LOD/i_no_versal_es1_workaround.DSP_i_29__0, which resulted in an inversion of 2 pins
INFO: [Opt 31-1287] Pulled Inverter bd_0_i/hls_inst/inst/grp_MLP_Pipeline_VITIS_LOOP_77_3_fu_1157/flow_control_loop_pipe_sequential_init_U/i_1_cast_reg_1903[4]_i_1 into driver instance bd_0_i/hls_inst/inst/grp_MLP_Pipeline_VITIS_LOOP_77_3_fu_1157/flow_control_loop_pipe_sequential_init_U/i_1_cast_reg_1903[4]_i_3, which resulted in an inversion of 31 pins
INFO: [Opt 31-138] Pushed 50 inverter(s) to 685 load pin(s).
INFO: [Opt 31-49] Retargeted 0 cell(s).
Phase 1 Retarget | Checksum: 1bf64c9f4

Time (s): cpu = 00:00:15 ; elapsed = 00:00:20 . Memory (MB): peak = 2475.613 ; gain = 0.211
INFO: [Opt 31-389] Phase Retarget created 2686 cells and removed 4297 cells

Phase 2 Constant propagation
INFO: [Opt 31-138] Pushed 0 inverter(s) to 0 load pin(s).
Phase 2 Constant propagation | Checksum: 173edbe41

Time (s): cpu = 00:00:16 ; elapsed = 00:00:21 . Memory (MB): peak = 2475.613 ; gain = 0.211
INFO: [Opt 31-389] Phase Constant propagation created 40 cells and removed 470 cells

Phase 3 Sweep
Phase 3 Sweep | Checksum: 14716d871

Time (s): cpu = 00:00:18 ; elapsed = 00:00:24 . Memory (MB): peak = 2475.613 ; gain = 0.211
INFO: [Opt 31-389] Phase Sweep created 0 cells and removed 445 cells

Phase 4 BUFG optimization
INFO: [Opt 31-1077] Phase BUFG optimization inserted 0 global clock buffer(s) for CLOCK_LOW_FANOUT.
Phase 4 BUFG optimization | Checksum: 14716d871

Time (s): cpu = 00:00:19 ; elapsed = 00:00:26 . Memory (MB): peak = 2475.613 ; gain = 0.211
INFO: [Opt 31-662] Phase BUFG optimization created 0 cells of which 0 are BUFGs and removed 0 cells.

Phase 5 Shift Register Optimization
INFO: [Opt 31-1064] SRL Remap converted 0 SRLs to 0 registers and converted 0 registers of register chains to 0 SRLs
Phase 5 Shift Register Optimization | Checksum: 14716d871

Time (s): cpu = 00:00:19 ; elapsed = 00:00:26 . Memory (MB): peak = 2475.613 ; gain = 0.211
INFO: [Opt 31-389] Phase Shift Register Optimization created 0 cells and removed 0 cells

Phase 6 Post Processing Netlist
Phase 6 Post Processing Netlist | Checksum: 14716d871

Time (s): cpu = 00:00:20 ; elapsed = 00:00:26 . Memory (MB): peak = 2475.613 ; gain = 0.211
INFO: [Opt 31-389] Phase Post Processing Netlist created 0 cells and removed 0 cells
Opt_design Change Summary
=========================


-------------------------------------------------------------------------------------------------------------------------
|  Phase                        |  #Cells created  |  #Cells Removed  |  #Constrained objects preventing optimizations  |
-------------------------------------------------------------------------------------------------------------------------
|  Retarget                     |            2686  |            4297  |                                              0  |
|  Constant propagation         |              40  |             470  |                                              0  |
|  Sweep                        |               0  |             445  |                                              0  |
|  BUFG optimization            |               0  |               0  |                                              0  |
|  Shift Register Optimization  |               0  |               0  |                                              0  |
|  Post Processing Netlist      |               0  |               0  |                                              0  |
-------------------------------------------------------------------------------------------------------------------------



Starting Connectivity Check Task

Time (s): cpu = 00:00:00 ; elapsed = 00:00:00.139 . Memory (MB): peak = 2475.613 ; gain = 0.000
Ending Logic Optimization Task | Checksum: 7a5dce35

Time (s): cpu = 00:00:22 ; elapsed = 00:00:30 . Memory (MB): peak = 2475.613 ; gain = 0.211

Starting Power Optimization Task
INFO: [Pwropt 34-132] Skipping clock gating for clocks with a period < 2.00 ns.
Ending Power Optimization Task | Checksum: 7a5dce35

Time (s): cpu = 00:00:00 ; elapsed = 00:00:00.136 . Memory (MB): peak = 2475.613 ; gain = 0.000

Starting Final Cleanup Task
Ending Final Cleanup Task | Checksum: 7a5dce35

Time (s): cpu = 00:00:00 ; elapsed = 00:00:00.010 . Memory (MB): peak = 2475.613 ; gain = 0.000

Starting Netlist Obfuscation Task
Netlist sorting complete. Time (s): cpu = 00:00:00 ; elapsed = 00:00:00.062 . Memory (MB): peak = 2475.613 ; gain = 0.000
Ending Netlist Obfuscation Task | Checksum: 7a5dce35

Time (s): cpu = 00:00:00 ; elapsed = 00:00:00.072 . Memory (MB): peak = 2475.613 ; gain = 0.000
INFO: [Common 17-83] Releasing license: Implementation
78 Infos, 1 Warnings, 0 Critical Warnings and 0 Errors encountered.
opt_design completed successfully
opt_design: Time (s): cpu = 00:00:28 ; elapsed = 00:00:40 . Memory (MB): peak = 2475.613 ; gain = 223.520
INFO: [Timing 38-35] Done setting XDC timing constraints.
INFO: [Timing 38-480] Writing timing data to binary archive.
INFO: [Common 17-1381] The checkpoint 'C:/Users/xingy/AppData/Roaming/Xilinx/Vitis/testHLS2/solution1/impl/verilog/project.runs/impl_1/bd_0_wrapper_opt.dcp' has been generated.
write_checkpoint: Time (s): cpu = 00:00:41 ; elapsed = 00:00:36 . Memory (MB): peak = 2504.648 ; gain = 29.035
INFO: [runtcl-4] Executing : report_drc -file bd_0_wrapper_drc_opted.rpt -pb bd_0_wrapper_drc_opted.pb -rpx bd_0_wrapper_drc_opted.rpx
Command: report_drc -file bd_0_wrapper_drc_opted.rpt -pb bd_0_wrapper_drc_opted.pb -rpx bd_0_wrapper_drc_opted.rpx
INFO: [IP_Flow 19-1839] IP Catalog is up to date.
WARNING: [Timing 38-242] The property HD.CLK_SRC of clock port "ap_clk" is not set. In out-of-context mode, this prevents timing estimation for clock delay/skew
Resolution: Set the HD.CLK_SRC property of the out-of-context port to the location of the clock buffer instance in the top-level design
INFO: [DRC 23-27] Running DRC with 2 threads
INFO: [Vivado_Tcl 2-168] The results of DRC are in file C:/Users/xingy/AppData/Roaming/Xilinx/Vitis/testHLS2/solution1/impl/verilog/project.runs/impl_1/bd_0_wrapper_drc_opted.rpt.
report_drc completed successfully
report_drc: Time (s): cpu = 00:00:56 ; elapsed = 00:01:09 . Memory (MB): peak = 4151.781 ; gain = 1647.133
Command: place_design
Attempting to get a license for feature 'Implementation' and/or device 'xczu3eg'
INFO: [Common 17-349] Got license for feature 'Implementation' and/or device 'xczu3eg'
INFO: [DRC 23-27] Running DRC with 2 threads
INFO: [Vivado_Tcl 4-198] DRC finished with 0 Errors
INFO: [Vivado_Tcl 4-199] Please refer to the DRC report (report_drc) for more information.
Running DRC as a precondition to command place_design
INFO: [DRC 23-27] Running DRC with 2 threads
INFO: [Vivado_Tcl 4-198] DRC finished with 0 Errors
INFO: [Vivado_Tcl 4-199] Please refer to the DRC report (report_drc) for more information.

Starting Placer Task
INFO: [Place 30-611] Multithreading enabled for place_design using a maximum of 2 CPUs

Phase 1 Placer Initialization

Phase 1.1 Placer Initialization Netlist Sorting
Netlist sorting complete. Time (s): cpu = 00:00:00 ; elapsed = 00:00:00.085 . Memory (MB): peak = 4151.781 ; gain = 0.000
Phase 1.1 Placer Initialization Netlist Sorting | Checksum: 311e7d3f

Time (s): cpu = 00:00:00 ; elapsed = 00:00:00.143 . Memory (MB): peak = 4151.781 ; gain = 0.000
Netlist sorting complete. Time (s): cpu = 00:00:00 ; elapsed = 00:00:00.108 . Memory (MB): peak = 4151.781 ; gain = 0.000

Phase 1.2 IO Placement/ Clock Placement/ Build Placer Device
Phase 1.2 IO Placement/ Clock Placement/ Build Placer Device | Checksum: 192146a8

Time (s): cpu = 00:00:05 ; elapsed = 00:00:06 . Memory (MB): peak = 4151.781 ; gain = 0.000

Phase 1.3 Build Placer Netlist Model
Phase 1.3 Build Placer Netlist Model | Checksum: 3b488c8c

Time (s): cpu = 00:00:34 ; elapsed = 00:00:36 . Memory (MB): peak = 4151.781 ; gain = 0.000

Phase 1.4 Constrain Clocks/Macros
Phase 1.4 Constrain Clocks/Macros | Checksum: 3b488c8c

Time (s): cpu = 00:00:34 ; elapsed = 00:00:37 . Memory (MB): peak = 4151.781 ; gain = 0.000
Phase 1 Placer Initialization | Checksum: 3b488c8c

Time (s): cpu = 00:00:34 ; elapsed = 00:00:37 . Memory (MB): peak = 4151.781 ; gain = 0.000

Phase 2 Global Placement

Phase 2.1 Floorplanning

Phase 2.1.1 Partition Driven Placement

Phase 2.1.1.1 PBP: Partition Driven Placement
Phase 2.1.1.1 PBP: Partition Driven Placement | Checksum: 90d1f4e2

Time (s): cpu = 00:00:49 ; elapsed = 00:00:56 . Memory (MB): peak = 4151.781 ; gain = 0.000

Phase 2.1.1.2 PBP: Clock Region Placement
Phase 2.1.1.2 PBP: Clock Region Placement | Checksum: 4b68afe4

Time (s): cpu = 00:00:50 ; elapsed = 00:00:56 . Memory (MB): peak = 4151.781 ; gain = 0.000

Phase 2.1.1.3 PBP: Discrete Incremental
Phase 2.1.1.3 PBP: Discrete Incremental | Checksum: 9f7393e3

Time (s): cpu = 00:00:50 ; elapsed = 00:00:57 . Memory (MB): peak = 4151.781 ; gain = 0.000

Phase 2.1.1.4 PBP: Compute Congestion
Phase 2.1.1.4 PBP: Compute Congestion | Checksum: 9f7393e3

Time (s): cpu = 00:00:51 ; elapsed = 00:00:57 . Memory (MB): peak = 4151.781 ; gain = 0.000

Phase 2.1.1.5 PBP: Macro Placement
Phase 2.1.1.5 PBP: Macro Placement | Checksum: a3d73f50

Time (s): cpu = 00:00:52 ; elapsed = 00:01:01 . Memory (MB): peak = 4151.781 ; gain = 0.000

Phase 2.1.1.6 PBP: UpdateTiming
Phase 2.1.1.6 PBP: UpdateTiming | Checksum: 13118fcad

Time (s): cpu = 00:00:55 ; elapsed = 00:01:04 . Memory (MB): peak = 4151.781 ; gain = 0.000

Phase 2.1.1.7 PBP: Add part constraints
Phase 2.1.1.7 PBP: Add part constraints | Checksum: 13118fcad

Time (s): cpu = 00:00:55 ; elapsed = 00:01:04 . Memory (MB): peak = 4151.781 ; gain = 0.000
Phase 2.1.1 Partition Driven Placement | Checksum: 13118fcad

Time (s): cpu = 00:00:55 ; elapsed = 00:01:04 . Memory (MB): peak = 4151.781 ; gain = 0.000
Phase 2.1 Floorplanning | Checksum: 1042d6f03

Time (s): cpu = 00:00:56 ; elapsed = 00:01:05 . Memory (MB): peak = 4151.781 ; gain = 0.000

Phase 2.2 Update Timing before SLR Path Opt
Phase 2.2 Update Timing before SLR Path Opt | Checksum: 1042d6f03

Time (s): cpu = 00:00:56 ; elapsed = 00:01:05 . Memory (MB): peak = 4151.781 ; gain = 0.000

Phase 2.3 Post-Processing in Floorplanning
Phase 2.3 Post-Processing in Floorplanning | Checksum: 1042d6f03

Time (s): cpu = 00:00:56 ; elapsed = 00:01:05 . Memory (MB): peak = 4151.781 ; gain = 0.000

Phase 2.4 Global Placement Core

Phase 2.4.1 Physical Synthesis In Placer
INFO: [Physopt 32-1035] Found 0 LUTNM shape to break, 4313 LUT instances to create LUTNM shape
INFO: [Physopt 32-1044] Break lutnm for timing: one critical 0, two critical 0, total 0, new lutff created 0
INFO: [Physopt 32-1138] End 1 Pass. Optimized 2107 nets or LUTs. Breaked 0 LUT, combined 2107 existing LUTs and moved 0 existing LUT
INFO: [Physopt 32-69] No nets found for rewiring optimization.
INFO: [Physopt 32-661] Optimized 0 net.  Re-placed 0 instance.
INFO: [Physopt 32-775] End 1 Pass. Optimized 0 net or cell. Created 0 new cell, deleted 0 existing cell and moved 0 existing cell
INFO: [Physopt 32-65] No nets found for high-fanout optimization.
INFO: [Physopt 32-232] Optimized 0 net. Created 0 new instance.
INFO: [Physopt 32-775] End 1 Pass. Optimized 0 net or cell. Created 0 new cell, deleted 0 existing cell and moved 0 existing cell
INFO: [Physopt 32-670] No setup violation found.  DSP Register Optimization was not performed.
INFO: [Physopt 32-670] No setup violation found.  Shift Register to Pipeline Optimization was not performed.
INFO: [Physopt 32-670] No setup violation found.  Shift Register Optimization was not performed.
INFO: [Physopt 32-670] No setup violation found.  BRAM Register Optimization was not performed.
INFO: [Physopt 32-670] No setup violation found.  URAM Register Optimization was not performed.
INFO: [Physopt 32-949] No candidate nets found for dynamic/static region interface net replication
INFO: [Physopt 32-775] End 1 Pass. Optimized 0 net or cell. Created 0 new cell, deleted 0 existing cell and moved 0 existing cell
Netlist sorting complete. Time (s): cpu = 00:00:00 ; elapsed = 00:00:00.065 . Memory (MB): peak = 4151.781 ; gain = 0.000

Summary of Physical Synthesis Optimizations
============================================


-----------------------------------------------------------------------------------------------------------------------------------------------------------
|  Optimization                                     |  Added Cells  |  Removed Cells  |  Optimized Cells/Nets  |  Dont Touch  |  Iterations  |  Elapsed   |
-----------------------------------------------------------------------------------------------------------------------------------------------------------
|  LUT Combining                                    |            0  |           2107  |                  2107  |           0  |           1  |  00:00:04  |
|  Retime                                           |            0  |              0  |                     0  |           0  |           1  |  00:00:00  |
|  Equivalent Driver Rewiring                       |            0  |              0  |                     0  |           0  |           1  |  00:00:01  |
|  Very High Fanout                                 |            0  |              0  |                     0  |           0  |           1  |  00:00:01  |
|  DSP Register                                     |            0  |              0  |                     0  |           0  |           0  |  00:00:00  |
|  Shift Register to Pipeline                       |            0  |              0  |                     0  |           0  |           0  |  00:00:00  |
|  Shift Register                                   |            0  |              0  |                     0  |           0  |           0  |  00:00:00  |
|  BRAM Register                                    |            0  |              0  |                     0  |           0  |           0  |  00:00:00  |
|  URAM Register                                    |            0  |              0  |                     0  |           0  |           0  |  00:00:00  |
|  Dynamic/Static Region Interface Net Replication  |            0  |              0  |                     0  |           0  |           1  |  00:00:00  |
|  Total                                            |            0  |           2107  |                  2107  |           0  |           5  |  00:00:05  |
-----------------------------------------------------------------------------------------------------------------------------------------------------------


Phase 2.4.1 Physical Synthesis In Placer | Checksum: 1777568b1

Time (s): cpu = 00:01:43 ; elapsed = 00:01:53 . Memory (MB): peak = 4151.781 ; gain = 0.000
Phase 2.4 Global Placement Core | Checksum: 1a5d3ce30

Time (s): cpu = 00:01:46 ; elapsed = 00:01:56 . Memory (MB): peak = 4151.781 ; gain = 0.000
Phase 2 Global Placement | Checksum: 1a5d3ce30

Time (s): cpu = 00:01:46 ; elapsed = 00:01:56 . Memory (MB): peak = 4151.781 ; gain = 0.000

Phase 3 Detail Placement

Phase 3.1 Commit Multi Column Macros
Phase 3.1 Commit Multi Column Macros | Checksum: dc878857

Time (s): cpu = 00:01:48 ; elapsed = 00:02:00 . Memory (MB): peak = 4151.781 ; gain = 0.000

Phase 3.2 Commit Most Macros & LUTRAMs
Phase 3.2 Commit Most Macros & LUTRAMs | Checksum: 175233212

Time (s): cpu = 00:01:52 ; elapsed = 00:02:04 . Memory (MB): peak = 4151.781 ; gain = 0.000

Phase 3.3 Small Shape DP

Phase 3.3.1 Small Shape Clustering
Phase 3.3.1 Small Shape Clustering | Checksum: f9f0fbe1

Time (s): cpu = 00:01:54 ; elapsed = 00:02:06 . Memory (MB): peak = 4151.781 ; gain = 0.000

Phase 3.3.2 Flow Legalize Slice Clusters
Phase 3.3.2 Flow Legalize Slice Clusters | Checksum: 16b696768

Time (s): cpu = 00:01:55 ; elapsed = 00:02:07 . Memory (MB): peak = 4151.781 ; gain = 0.000

Phase 3.3.3 Slice Area Swap

Phase 3.3.3.1 Slice Area Swap Initial
Phase 3.3.3.1 Slice Area Swap Initial | Checksum: 1cd696bb3

Time (s): cpu = 00:01:56 ; elapsed = 00:02:11 . Memory (MB): peak = 4151.781 ; gain = 0.000
Phase 3.3.3 Slice Area Swap | Checksum: 1cd696bb3

Time (s): cpu = 00:01:56 ; elapsed = 00:02:12 . Memory (MB): peak = 4151.781 ; gain = 0.000
Phase 3.3 Small Shape DP | Checksum: 18ce3e3f1

Time (s): cpu = 00:02:08 ; elapsed = 00:02:20 . Memory (MB): peak = 4151.781 ; gain = 0.000

Phase 3.4 Re-assign LUT pins
Phase 3.4 Re-assign LUT pins | Checksum: 14f3f3e60

Time (s): cpu = 00:02:11 ; elapsed = 00:02:25 . Memory (MB): peak = 4151.781 ; gain = 0.000

Phase 3.5 Pipeline Register Optimization
Phase 3.5 Pipeline Register Optimization | Checksum: 16eded7eb

Time (s): cpu = 00:02:11 ; elapsed = 00:02:25 . Memory (MB): peak = 4151.781 ; gain = 0.000
Phase 3 Detail Placement | Checksum: 16eded7eb

Time (s): cpu = 00:02:12 ; elapsed = 00:02:26 . Memory (MB): peak = 4151.781 ; gain = 0.000

Phase 4 Post Placement Optimization and Clean-Up

Phase 4.1 Post Commit Optimization
INFO: [Timing 38-35] Done setting XDC timing constraints.

Phase 4.1.1 Post Placement Optimization
Post Placement Optimization Initialization | Checksum: 21377e433

Phase 4.1.1.1 BUFG Insertion

Starting Physical Synthesis Task

Phase 1 Physical Synthesis Initialization
INFO: [Physopt 32-721] Multithreading enabled for phys_opt_design using a maximum of 2 CPUs
INFO: [Physopt 32-619] Estimated Timing Summary | WNS=5.101 | TNS=0.000 |
Phase 1 Physical Synthesis Initialization | Checksum: 1c62c8b4c

Time (s): cpu = 00:00:01 ; elapsed = 00:00:02 . Memory (MB): peak = 4151.781 ; gain = 0.000
INFO: [Place 46-56] BUFG insertion identified 0 candidate nets. Inserted BUFG: 0, Replicated BUFG Driver: 0, Skipped due to Placement/Routing Conflicts: 0, Skipped due to Timing Degradation: 0, Skipped due to Illegal Netlist: 0.
Ending Physical Synthesis Task | Checksum: 1a41a7e9c

Time (s): cpu = 00:00:03 ; elapsed = 00:00:04 . Memory (MB): peak = 4151.781 ; gain = 0.000
Phase 4.1.1.1 BUFG Insertion | Checksum: 21377e433

Time (s): cpu = 00:02:50 ; elapsed = 00:03:12 . Memory (MB): peak = 4151.781 ; gain = 0.000

Phase 4.1.1.2 Post Placement Timing Optimization
INFO: [Place 30-746] Post Placement Timing Summary WNS=5.101. For the most accurate timing information please run report_timing.
Phase 4.1.1.2 Post Placement Timing Optimization | Checksum: 1a75503be

Time (s): cpu = 00:02:50 ; elapsed = 00:03:13 . Memory (MB): peak = 4151.781 ; gain = 0.000

Time (s): cpu = 00:02:50 ; elapsed = 00:03:13 . Memory (MB): peak = 4151.781 ; gain = 0.000
Phase 4.1 Post Commit Optimization | Checksum: 1a75503be

Time (s): cpu = 00:02:50 ; elapsed = 00:03:13 . Memory (MB): peak = 4151.781 ; gain = 0.000

Phase 4.2 Post Placement Cleanup
Phase 4.2 Post Placement Cleanup | Checksum: 1a75503be

Time (s): cpu = 00:02:52 ; elapsed = 00:03:16 . Memory (MB): peak = 4151.781 ; gain = 0.000

Phase 4.3 Placer Reporting

Phase 4.3.1 Print Estimated Congestion
INFO: [Place 30-612] Post-Placement Estimated Congestion 
 ________________________________________________________________________
|           | Global Congestion | Long Congestion   | Short Congestion  |
| Direction | Region Size       | Region Size       | Region Size       |
|___________|___________________|___________________|___________________|
|      North|                1x1|                1x1|                2x2|
|___________|___________________|___________________|___________________|
|      South|                1x1|                1x1|                2x2|
|___________|___________________|___________________|___________________|
|       East|                1x1|                1x1|                4x4|
|___________|___________________|___________________|___________________|
|       West|                1x1|                1x1|                4x4|
|___________|___________________|___________________|___________________|

Phase 4.3.1 Print Estimated Congestion | Checksum: 1a75503be

Time (s): cpu = 00:02:53 ; elapsed = 00:03:16 . Memory (MB): peak = 4151.781 ; gain = 0.000
Phase 4.3 Placer Reporting | Checksum: 1a75503be

Time (s): cpu = 00:02:53 ; elapsed = 00:03:17 . Memory (MB): peak = 4151.781 ; gain = 0.000

Phase 4.4 Final Placement Cleanup
Netlist sorting complete. Time (s): cpu = 00:00:00 ; elapsed = 00:00:00.074 . Memory (MB): peak = 4151.781 ; gain = 0.000

Time (s): cpu = 00:02:53 ; elapsed = 00:03:17 . Memory (MB): peak = 4151.781 ; gain = 0.000
Phase 4 Post Placement Optimization and Clean-Up | Checksum: 135bbb744

Time (s): cpu = 00:02:53 ; elapsed = 00:03:17 . Memory (MB): peak = 4151.781 ; gain = 0.000
Ending Placer Task | Checksum: e941e12c

Time (s): cpu = 00:02:53 ; elapsed = 00:03:18 . Memory (MB): peak = 4151.781 ; gain = 0.000
INFO: [Common 17-83] Releasing license: Implementation
116 Infos, 2 Warnings, 0 Critical Warnings and 0 Errors encountered.
place_design completed successfully
place_design: Time (s): cpu = 00:02:59 ; elapsed = 00:03:24 . Memory (MB): peak = 4151.781 ; gain = 0.000
INFO: [Timing 38-480] Writing timing data to binary archive.
Writing XDEF routing.
Writing XDEF routing logical nets.
Writing XDEF routing special nets.
Write XDEF Complete: Time (s): cpu = 00:00:12 ; elapsed = 00:00:07 . Memory (MB): peak = 4151.781 ; gain = 0.000
report_design_analysis: Time (s): cpu = 00:00:02 ; elapsed = 00:00:05 . Memory (MB): peak = 4151.781 ; gain = 0.000
INFO: [Common 17-1381] The checkpoint 'C:/Users/xingy/AppData/Roaming/Xilinx/Vitis/testHLS2/solution1/impl/verilog/project.runs/impl_1/bd_0_wrapper_placed.dcp' has been generated.
write_checkpoint: Time (s): cpu = 00:00:20 ; elapsed = 00:00:21 . Memory (MB): peak = 4151.781 ; gain = 0.000
INFO: [runtcl-4] Executing : report_io -file bd_0_wrapper_io_placed.rpt
report_io: Time (s): cpu = 00:00:00 ; elapsed = 00:00:00.129 . Memory (MB): peak = 4151.781 ; gain = 0.000
INFO: [runtcl-4] Executing : report_utilization -file bd_0_wrapper_utilization_placed.rpt -pb bd_0_wrapper_utilization_placed.pb
INFO: [runtcl-4] Executing : report_control_sets -verbose -file bd_0_wrapper_control_sets_placed.rpt
report_control_sets: Time (s): cpu = 00:00:00 ; elapsed = 00:00:00.162 . Memory (MB): peak = 4151.781 ; gain = 0.000
Command: phys_opt_design
Attempting to get a license for feature 'Implementation' and/or device 'xczu3eg'
INFO: [Common 17-349] Got license for feature 'Implementation' and/or device 'xczu3eg'
WARNING: [Timing 38-242] The property HD.CLK_SRC of clock port "ap_clk" is not set. In out-of-context mode, this prevents timing estimation for clock delay/skew
Resolution: Set the HD.CLK_SRC property of the out-of-context port to the location of the clock buffer instance in the top-level design
INFO: [Vivado_Tcl 4-383] Design worst setup slack (WNS) is greater than or equal to 0.000 ns. Skipping all physical synthesis optimizations.
INFO: [Vivado_Tcl 4-232] No setup violation found. The netlist was not modified.
INFO: [Common 17-83] Releasing license: Implementation
125 Infos, 3 Warnings, 0 Critical Warnings and 0 Errors encountered.
phys_opt_design completed successfully
phys_opt_design: Time (s): cpu = 00:00:19 ; elapsed = 00:00:18 . Memory (MB): peak = 4151.781 ; gain = 0.000
INFO: [Timing 38-480] Writing timing data to binary archive.
Writing XDEF routing.
Writing XDEF routing logical nets.
Writing XDEF routing special nets.
Write XDEF Complete: Time (s): cpu = 00:00:17 ; elapsed = 00:00:09 . Memory (MB): peak = 4151.781 ; gain = 0.000
INFO: [Common 17-1381] The checkpoint 'C:/Users/xingy/AppData/Roaming/Xilinx/Vitis/testHLS2/solution1/impl/verilog/project.runs/impl_1/bd_0_wrapper_physopt.dcp' has been generated.
write_checkpoint: Time (s): cpu = 00:00:23 ; elapsed = 00:00:17 . Memory (MB): peak = 4151.781 ; gain = 0.000
Command: route_design
Attempting to get a license for feature 'Implementation' and/or device 'xczu3eg'
INFO: [Common 17-349] Got license for feature 'Implementation' and/or device 'xczu3eg'
Running DRC as a precondition to command route_design
INFO: [DRC 23-27] Running DRC with 2 threads
INFO: [Vivado_Tcl 4-198] DRC finished with 0 Errors
INFO: [Vivado_Tcl 4-199] Please refer to the DRC report (report_drc) for more information.


Starting Routing Task
INFO: [Route 35-254] Multithreading enabled for route_design using a maximum of 2 CPUs

Phase 1 Build RT Design
Checksum: PlaceDB: 968aa9dd ConstDB: 0 ShapeSum: 52b7374f RouteDB: 0
Nodegraph reading from file.  Time (s): cpu = 00:00:01 ; elapsed = 00:00:00.987 . Memory (MB): peak = 4151.781 ; gain = 0.000
WARNING: [Route 35-197] Clock port "ap_clk" does not have an associated HD.CLK_SRC. Without this constraint, timing analysis may not be accurate and upstream checks cannot be done to ensure correct clock placement.
WARNING: [Route 35-198] Port "ap_rst_n" does not have an associated HD.PARTPIN_LOCS, which will prevent the partial routing of the signal "ap_rst_n". Without this partial route, timing analysis to/from this port will not be accurate, and no routing information for this port can be exported.
WARNING: [Route 35-198] Port "in_data_tvalid" does not have an associated HD.PARTPIN_LOCS, which will prevent the partial routing of the signal "in_data_tvalid". Without this partial route, timing analysis to/from this port will not be accurate, and no routing information for this port can be exported.
WARNING: [Route 35-198] Port "in_data_tdest[2]" does not have an associated HD.PARTPIN_LOCS, which will prevent the partial routing of the signal "in_data_tdest[2]". Without this partial route, timing analysis to/from this port will not be accurate, and no routing information for this port can be exported.
WARNING: [Route 35-198] Port "in_data_tdest[3]" does not have an associated HD.PARTPIN_LOCS, which will prevent the partial routing of the signal "in_data_tdest[3]". Without this partial route, timing analysis to/from this port will not be accurate, and no routing information for this port can be exported.
WARNING: [Route 35-198] Port "in_data_tdest[4]" does not have an associated HD.PARTPIN_LOCS, which will prevent the partial routing of the signal "in_data_tdest[4]". Without this partial route, timing analysis to/from this port will not be accurate, and no routing information for this port can be exported.
WARNING: [Route 35-198] Port "in_data_tdest[5]" does not have an associated HD.PARTPIN_LOCS, which will prevent the partial routing of the signal "in_data_tdest[5]". Without this partial route, timing analysis to/from this port will not be accurate, and no routing information for this port can be exported.
WARNING: [Route 35-198] Port "in_data_tdest[0]" does not have an associated HD.PARTPIN_LOCS, which will prevent the partial routing of the signal "in_data_tdest[0]". Without this partial route, timing analysis to/from this port will not be accurate, and no routing information for this port can be exported.
WARNING: [Route 35-198] Port "in_data_tdest[1]" does not have an associated HD.PARTPIN_LOCS, which will prevent the partial routing of the signal "in_data_tdest[1]". Without this partial route, timing analysis to/from this port will not be accurate, and no routing information for this port can be exported.
WARNING: [Route 35-198] Port "out_data_tready" does not have an associated HD.PARTPIN_LOCS, which will prevent the partial routing of the signal "out_data_tready". Without this partial route, timing analysis to/from this port will not be accurate, and no routing information for this port can be exported.
WARNING: [Route 35-198] Port "in_data_tkeep[0]" does not have an associated HD.PARTPIN_LOCS, which will prevent the partial routing of the signal "in_data_tkeep[0]". Without this partial route, timing analysis to/from this port will not be accurate, and no routing information for this port can be exported.
WARNING: [Route 35-198] Port "in_data_tkeep[1]" does not have an associated HD.PARTPIN_LOCS, which will prevent the partial routing of the signal "in_data_tkeep[1]". Without this partial route, timing analysis to/from this port will not be accurate, and no routing information for this port can be exported.
WARNING: [Route 35-198] Port "in_data_tkeep[2]" does not have an associated HD.PARTPIN_LOCS, which will prevent the partial routing of the signal "in_data_tkeep[2]". Without this partial route, timing analysis to/from this port will not be accurate, and no routing information for this port can be exported.
WARNING: [Route 35-198] Port "in_data_tkeep[3]" does not have an associated HD.PARTPIN_LOCS, which will prevent the partial routing of the signal "in_data_tkeep[3]". Without this partial route, timing analysis to/from this port will not be accurate, and no routing information for this port can be exported.
WARNING: [Route 35-198] Port "in_data_tuser[0]" does not have an associated HD.PARTPIN_LOCS, which will prevent the partial routing of the signal "in_data_tuser[0]". Without this partial route, timing analysis to/from this port will not be accurate, and no routing information for this port can be exported.
WARNING: [Route 35-198] Port "in_data_tuser[1]" does not have an associated HD.PARTPIN_LOCS, which will prevent the partial routing of the signal "in_data_tuser[1]". Without this partial route, timing analysis to/from this port will not be accurate, and no routing information for this port can be exported.
WARNING: [Route 35-198] Port "in_data_tstrb[0]" does not have an associated HD.PARTPIN_LOCS, which will prevent the partial routing of the signal "in_data_tstrb[0]". Without this partial route, timing analysis to/from this port will not be accurate, and no routing information for this port can be exported.
WARNING: [Route 35-198] Port "in_data_tstrb[1]" does not have an associated HD.PARTPIN_LOCS, which will prevent the partial routing of the signal "in_data_tstrb[1]". Without this partial route, timing analysis to/from this port will not be accurate, and no routing information for this port can be exported.
WARNING: [Route 35-198] Port "in_data_tstrb[2]" does not have an associated HD.PARTPIN_LOCS, which will prevent the partial routing of the signal "in_data_tstrb[2]". Without this partial route, timing analysis to/from this port will not be accurate, and no routing information for this port can be exported.
WARNING: [Route 35-198] Port "in_data_tstrb[3]" does not have an associated HD.PARTPIN_LOCS, which will prevent the partial routing of the signal "in_data_tstrb[3]". Without this partial route, timing analysis to/from this port will not be accurate, and no routing information for this port can be exported.
WARNING: [Route 35-198] Port "in_data_tlast[0]" does not have an associated HD.PARTPIN_LOCS, which will prevent the partial routing of the signal "in_data_tlast[0]". Without this partial route, timing analysis to/from this port will not be accurate, and no routing information for this port can be exported.
WARNING: [Route 35-198] Port "in_data_tdata[12]" does not have an associated HD.PARTPIN_LOCS, which will prevent the partial routing of the signal "in_data_tdata[12]". Without this partial route, timing analysis to/from this port will not be accurate, and no routing information for this port can be exported.
WARNING: [Route 35-198] Port "in_data_tdata[15]" does not have an associated HD.PARTPIN_LOCS, which will prevent the partial routing of the signal "in_data_tdata[15]". Without this partial route, timing analysis to/from this port will not be accurate, and no routing information for this port can be exported.
WARNING: [Route 35-198] Port "in_data_tdata[16]" does not have an associated HD.PARTPIN_LOCS, which will prevent the partial routing of the signal "in_data_tdata[16]". Without this partial route, timing analysis to/from this port will not be accurate, and no routing information for this port can be exported.
WARNING: [Route 35-198] Port "in_data_tdata[27]" does not have an associated HD.PARTPIN_LOCS, which will prevent the partial routing of the signal "in_data_tdata[27]". Without this partial route, timing analysis to/from this port will not be accurate, and no routing information for this port can be exported.
WARNING: [Route 35-198] Port "in_data_tdata[6]" does not have an associated HD.PARTPIN_LOCS, which will prevent the partial routing of the signal "in_data_tdata[6]". Without this partial route, timing analysis to/from this port will not be accurate, and no routing information for this port can be exported.
WARNING: [Route 35-198] Port "in_data_tdata[2]" does not have an associated HD.PARTPIN_LOCS, which will prevent the partial routing of the signal "in_data_tdata[2]". Without this partial route, timing analysis to/from this port will not be accurate, and no routing information for this port can be exported.
WARNING: [Route 35-198] Port "in_data_tdata[10]" does not have an associated HD.PARTPIN_LOCS, which will prevent the partial routing of the signal "in_data_tdata[10]". Without this partial route, timing analysis to/from this port will not be accurate, and no routing information for this port can be exported.
WARNING: [Route 35-198] Port "in_data_tdata[18]" does not have an associated HD.PARTPIN_LOCS, which will prevent the partial routing of the signal "in_data_tdata[18]". Without this partial route, timing analysis to/from this port will not be accurate, and no routing information for this port can be exported.
WARNING: [Route 35-198] Port "in_data_tdata[24]" does not have an associated HD.PARTPIN_LOCS, which will prevent the partial routing of the signal "in_data_tdata[24]". Without this partial route, timing analysis to/from this port will not be accurate, and no routing information for this port can be exported.
WARNING: [Route 35-198] Port "in_data_tdata[5]" does not have an associated HD.PARTPIN_LOCS, which will prevent the partial routing of the signal "in_data_tdata[5]". Without this partial route, timing analysis to/from this port will not be accurate, and no routing information for this port can be exported.
WARNING: [Route 35-198] Port "in_data_tdata[9]" does not have an associated HD.PARTPIN_LOCS, which will prevent the partial routing of the signal "in_data_tdata[9]". Without this partial route, timing analysis to/from this port will not be accurate, and no routing information for this port can be exported.
WARNING: [Route 35-198] Port "in_data_tdata[14]" does not have an associated HD.PARTPIN_LOCS, which will prevent the partial routing of the signal "in_data_tdata[14]". Without this partial route, timing analysis to/from this port will not be accurate, and no routing information for this port can be exported.
WARNING: [Route 35-198] Port "in_data_tdata[23]" does not have an associated HD.PARTPIN_LOCS, which will prevent the partial routing of the signal "in_data_tdata[23]". Without this partial route, timing analysis to/from this port will not be accurate, and no routing information for this port can be exported.
WARNING: [Route 35-198] Port "in_data_tid[0]" does not have an associated HD.PARTPIN_LOCS, which will prevent the partial routing of the signal "in_data_tid[0]". Without this partial route, timing analysis to/from this port will not be accurate, and no routing information for this port can be exported.
WARNING: [Route 35-198] Port "in_data_tid[2]" does not have an associated HD.PARTPIN_LOCS, which will prevent the partial routing of the signal "in_data_tid[2]". Without this partial route, timing analysis to/from this port will not be accurate, and no routing information for this port can be exported.
WARNING: [Route 35-198] Port "in_data_tid[1]" does not have an associated HD.PARTPIN_LOCS, which will prevent the partial routing of the signal "in_data_tid[1]". Without this partial route, timing analysis to/from this port will not be accurate, and no routing information for this port can be exported.
WARNING: [Route 35-198] Port "in_data_tid[3]" does not have an associated HD.PARTPIN_LOCS, which will prevent the partial routing of the signal "in_data_tid[3]". Without this partial route, timing analysis to/from this port will not be accurate, and no routing information for this port can be exported.
WARNING: [Route 35-198] Port "in_data_tid[4]" does not have an associated HD.PARTPIN_LOCS, which will prevent the partial routing of the signal "in_data_tid[4]". Without this partial route, timing analysis to/from this port will not be accurate, and no routing information for this port can be exported.
WARNING: [Route 35-198] Port "in_data_tdata[0]" does not have an associated HD.PARTPIN_LOCS, which will prevent the partial routing of the signal "in_data_tdata[0]". Without this partial route, timing analysis to/from this port will not be accurate, and no routing information for this port can be exported.
WARNING: [Route 35-198] Port "in_data_tdata[11]" does not have an associated HD.PARTPIN_LOCS, which will prevent the partial routing of the signal "in_data_tdata[11]". Without this partial route, timing analysis to/from this port will not be accurate, and no routing information for this port can be exported.
WARNING: [Route 35-198] Port "in_data_tdata[19]" does not have an associated HD.PARTPIN_LOCS, which will prevent the partial routing of the signal "in_data_tdata[19]". Without this partial route, timing analysis to/from this port will not be accurate, and no routing information for this port can be exported.
WARNING: [Route 35-198] Port "in_data_tdata[1]" does not have an associated HD.PARTPIN_LOCS, which will prevent the partial routing of the signal "in_data_tdata[1]". Without this partial route, timing analysis to/from this port will not be accurate, and no routing information for this port can be exported.
WARNING: [Route 35-198] Port "in_data_tdata[17]" does not have an associated HD.PARTPIN_LOCS, which will prevent the partial routing of the signal "in_data_tdata[17]". Without this partial route, timing analysis to/from this port will not be accurate, and no routing information for this port can be exported.
WARNING: [Route 35-198] Port "in_data_tdata[20]" does not have an associated HD.PARTPIN_LOCS, which will prevent the partial routing of the signal "in_data_tdata[20]". Without this partial route, timing analysis to/from this port will not be accurate, and no routing information for this port can be exported.
WARNING: [Route 35-198] Port "in_data_tdata[25]" does not have an associated HD.PARTPIN_LOCS, which will prevent the partial routing of the signal "in_data_tdata[25]". Without this partial route, timing analysis to/from this port will not be accurate, and no routing information for this port can be exported.
WARNING: [Route 35-198] Port "in_data_tdata[28]" does not have an associated HD.PARTPIN_LOCS, which will prevent the partial routing of the signal "in_data_tdata[28]". Without this partial route, timing analysis to/from this port will not be accurate, and no routing information for this port can be exported.
WARNING: [Route 35-198] Port "in_data_tdata[30]" does not have an associated HD.PARTPIN_LOCS, which will prevent the partial routing of the signal "in_data_tdata[30]". Without this partial route, timing analysis to/from this port will not be accurate, and no routing information for this port can be exported.
WARNING: [Route 35-198] Port "in_data_tdata[3]" does not have an associated HD.PARTPIN_LOCS, which will prevent the partial routing of the signal "in_data_tdata[3]". Without this partial route, timing analysis to/from this port will not be accurate, and no routing information for this port can be exported.
WARNING: [Route 35-198] Port "in_data_tdata[7]" does not have an associated HD.PARTPIN_LOCS, which will prevent the partial routing of the signal "in_data_tdata[7]". Without this partial route, timing analysis to/from this port will not be accurate, and no routing information for this port can be exported.
WARNING: [Route 35-198] Port "in_data_tdata[31]" does not have an associated HD.PARTPIN_LOCS, which will prevent the partial routing of the signal "in_data_tdata[31]". Without this partial route, timing analysis to/from this port will not be accurate, and no routing information for this port can be exported.
WARNING: [Route 35-198] Port "in_data_tdata[22]" does not have an associated HD.PARTPIN_LOCS, which will prevent the partial routing of the signal "in_data_tdata[22]". Without this partial route, timing analysis to/from this port will not be accurate, and no routing information for this port can be exported.
WARNING: [Route 35-198] Port "in_data_tdata[26]" does not have an associated HD.PARTPIN_LOCS, which will prevent the partial routing of the signal "in_data_tdata[26]". Without this partial route, timing analysis to/from this port will not be accurate, and no routing information for this port can be exported.
WARNING: [Route 35-198] Port "in_data_tdata[29]" does not have an associated HD.PARTPIN_LOCS, which will prevent the partial routing of the signal "in_data_tdata[29]". Without this partial route, timing analysis to/from this port will not be accurate, and no routing information for this port can be exported.
WARNING: [Route 35-198] Port "in_data_tdata[4]" does not have an associated HD.PARTPIN_LOCS, which will prevent the partial routing of the signal "in_data_tdata[4]". Without this partial route, timing analysis to/from this port will not be accurate, and no routing information for this port can be exported.
WARNING: [Route 35-198] Port "in_data_tdata[8]" does not have an associated HD.PARTPIN_LOCS, which will prevent the partial routing of the signal "in_data_tdata[8]". Without this partial route, timing analysis to/from this port will not be accurate, and no routing information for this port can be exported.
WARNING: [Route 35-198] Port "in_data_tdata[13]" does not have an associated HD.PARTPIN_LOCS, which will prevent the partial routing of the signal "in_data_tdata[13]". Without this partial route, timing analysis to/from this port will not be accurate, and no routing information for this port can be exported.
WARNING: [Route 35-198] Port "in_data_tdata[21]" does not have an associated HD.PARTPIN_LOCS, which will prevent the partial routing of the signal "in_data_tdata[21]". Without this partial route, timing analysis to/from this port will not be accurate, and no routing information for this port can be exported.
Post Restoration Checksum: NetGraph: 2e5f30ee NumContArr: 394a8475 Constraints: 0 Timing: 0
Phase 1 Build RT Design | Checksum: 67a9b563

Time (s): cpu = 00:00:20 ; elapsed = 00:00:25 . Memory (MB): peak = 4151.781 ; gain = 0.000

Phase 2 Router Initialization

Phase 2.1 Fix Topology Constraints
Phase 2.1 Fix Topology Constraints | Checksum: 67a9b563

Time (s): cpu = 00:00:20 ; elapsed = 00:00:26 . Memory (MB): peak = 4151.781 ; gain = 0.000

Phase 2.2 Pre Route Cleanup
Phase 2.2 Pre Route Cleanup | Checksum: 67a9b563

Time (s): cpu = 00:00:20 ; elapsed = 00:00:26 . Memory (MB): peak = 4151.781 ; gain = 0.000

Phase 2.3 Global Clock Net Routing
Phase 2.3 Global Clock Net Routing | Checksum: 67a9b563

Time (s): cpu = 00:00:21 ; elapsed = 00:00:28 . Memory (MB): peak = 4151.781 ; gain = 0.000

Phase 2.4 Update Timing
Phase 2.4 Update Timing | Checksum: 165e9ffb9

Time (s): cpu = 00:00:27 ; elapsed = 00:00:35 . Memory (MB): peak = 4151.781 ; gain = 0.000
INFO: [Route 35-416] Intermediate Timing Summary | WNS=5.215  | TNS=0.000  | WHS=0.009  | THS=0.000  |


Router Utilization Summary
  Global Vertical Routing Utilization    = 0 %
  Global Horizontal Routing Utilization  = 0 %
  Routable Net Status*
  *Does not include unroutable nets such as driverless and loadless.
  Run report_route_status for detailed report.
  Number of Failed Nets               = 53649
    (Failed Nets is the sum of unrouted and partially routed nets)
  Number of Unrouted Nets             = 49531
  Number of Partially Routed Nets     = 4118
  Number of Node Overlaps             = 0

Phase 2 Router Initialization | Checksum: eb6f009b

Time (s): cpu = 00:00:48 ; elapsed = 00:00:59 . Memory (MB): peak = 4151.781 ; gain = 0.000

Phase 3 Initial Routing

Phase 3.1 Global Routing
Phase 3.1 Global Routing | Checksum: eb6f009b

Time (s): cpu = 00:00:48 ; elapsed = 00:00:59 . Memory (MB): peak = 4151.781 ; gain = 0.000
Phase 3 Initial Routing | Checksum: 1694647dc

Time (s): cpu = 00:00:55 ; elapsed = 00:01:13 . Memory (MB): peak = 4151.781 ; gain = 0.000

Phase 4 Rip-up And Reroute

Phase 4.1 Global Iteration 0
 Number of Nodes with overlaps = 7551
 Number of Nodes with overlaps = 514
 Number of Nodes with overlaps = 32
 Number of Nodes with overlaps = 2
 Number of Nodes with overlaps = 0
INFO: [Route 35-416] Intermediate Timing Summary | WNS=4.408  | TNS=0.000  | WHS=0.019  | THS=0.000  |

Phase 4.1 Global Iteration 0 | Checksum: 239792ed3

Time (s): cpu = 00:01:30 ; elapsed = 00:02:13 . Memory (MB): peak = 4151.781 ; gain = 0.000

Phase 4.2 Additional Iteration for Hold
Phase 4.2 Additional Iteration for Hold | Checksum: 171166296

Time (s): cpu = 00:01:30 ; elapsed = 00:02:13 . Memory (MB): peak = 4151.781 ; gain = 0.000
Phase 4 Rip-up And Reroute | Checksum: 171166296

Time (s): cpu = 00:01:30 ; elapsed = 00:02:13 . Memory (MB): peak = 4151.781 ; gain = 0.000

Phase 5 Delay and Skew Optimization

Phase 5.1 Delay CleanUp
Phase 5.1 Delay CleanUp | Checksum: 171166296

Time (s): cpu = 00:01:31 ; elapsed = 00:02:14 . Memory (MB): peak = 4151.781 ; gain = 0.000

Phase 5.2 Clock Skew Optimization
Phase 5.2 Clock Skew Optimization | Checksum: 171166296

Time (s): cpu = 00:01:31 ; elapsed = 00:02:14 . Memory (MB): peak = 4151.781 ; gain = 0.000
Phase 5 Delay and Skew Optimization | Checksum: 171166296

Time (s): cpu = 00:01:31 ; elapsed = 00:02:14 . Memory (MB): peak = 4151.781 ; gain = 0.000

Phase 6 Post Hold Fix

Phase 6.1 Hold Fix Iter

Phase 6.1.1 Update Timing
Phase 6.1.1 Update Timing | Checksum: 1e4b8e7ed

Time (s): cpu = 00:01:41 ; elapsed = 00:02:23 . Memory (MB): peak = 4151.781 ; gain = 0.000
INFO: [Route 35-416] Intermediate Timing Summary | WNS=4.408  | TNS=0.000  | WHS=0.019  | THS=0.000  |

Phase 6.1 Hold Fix Iter | Checksum: 1e4b8e7ed

Time (s): cpu = 00:01:41 ; elapsed = 00:02:24 . Memory (MB): peak = 4151.781 ; gain = 0.000
Phase 6 Post Hold Fix | Checksum: 1e4b8e7ed

Time (s): cpu = 00:01:41 ; elapsed = 00:02:24 . Memory (MB): peak = 4151.781 ; gain = 0.000

Phase 7 Route finalize

Router Utilization Summary
  Global Vertical Routing Utilization    = 6.23933 %
  Global Horizontal Routing Utilization  = 8.52689 %
  Routable Net Status*
  *Does not include unroutable nets such as driverless and loadless.
  Run report_route_status for detailed report.
  Number of Failed Nets               = 0
    (Failed Nets is the sum of unrouted and partially routed nets)
  Number of Unrouted Nets             = 0
  Number of Partially Routed Nets     = 0
  Number of Node Overlaps             = 0

Phase 7 Route finalize | Checksum: 18c4ba1cb

Time (s): cpu = 00:01:41 ; elapsed = 00:02:24 . Memory (MB): peak = 4151.781 ; gain = 0.000

Phase 8 Verifying routed nets

 Verification completed successfully
Phase 8 Verifying routed nets | Checksum: 18c4ba1cb

Time (s): cpu = 00:01:42 ; elapsed = 00:02:25 . Memory (MB): peak = 4151.781 ; gain = 0.000

Phase 9 Depositing Routes
Phase 9 Depositing Routes | Checksum: 18c4ba1cb

Time (s): cpu = 00:01:45 ; elapsed = 00:02:32 . Memory (MB): peak = 4151.781 ; gain = 0.000

Phase 10 Resolve XTalk
Phase 10 Resolve XTalk | Checksum: 18c4ba1cb

Time (s): cpu = 00:01:45 ; elapsed = 00:02:33 . Memory (MB): peak = 4151.781 ; gain = 0.000

Phase 11 Post Router Timing
INFO: [Route 35-57] Estimated Timing Summary | WNS=4.408  | TNS=0.000  | WHS=0.019  | THS=0.000  |

INFO: [Route 35-327] The final timing numbers are based on the router estimated timing analysis. For a complete and accurate timing signoff, please run report_timing_summary.
Phase 11 Post Router Timing | Checksum: 18c4ba1cb

Time (s): cpu = 00:01:48 ; elapsed = 00:02:36 . Memory (MB): peak = 4151.781 ; gain = 0.000
INFO: [Route 35-16] Router Completed Successfully

Time (s): cpu = 00:01:48 ; elapsed = 00:02:37 . Memory (MB): peak = 4151.781 ; gain = 0.000

Routing Is Done.
INFO: [Common 17-83] Releasing license: Implementation
139 Infos, 61 Warnings, 0 Critical Warnings and 0 Errors encountered.
route_design completed successfully
route_design: Time (s): cpu = 00:02:06 ; elapsed = 00:02:56 . Memory (MB): peak = 4151.781 ; gain = 0.000
INFO: [Timing 38-480] Writing timing data to binary archive.
Writing XDEF routing.
Writing XDEF routing logical nets.
Writing XDEF routing special nets.
Write XDEF Complete: Time (s): cpu = 00:00:18 ; elapsed = 00:00:09 . Memory (MB): peak = 4151.781 ; gain = 0.000
report_design_analysis: Time (s): cpu = 00:00:05 ; elapsed = 00:00:09 . Memory (MB): peak = 4151.781 ; gain = 0.000
INFO: [Common 17-1381] The checkpoint 'C:/Users/xingy/AppData/Roaming/Xilinx/Vitis/testHLS2/solution1/impl/verilog/project.runs/impl_1/bd_0_wrapper_routed.dcp' has been generated.
write_checkpoint: Time (s): cpu = 00:00:29 ; elapsed = 00:00:27 . Memory (MB): peak = 4151.781 ; gain = 0.000
INFO: [runtcl-4] Executing : report_drc -file bd_0_wrapper_drc_routed.rpt -pb bd_0_wrapper_drc_routed.pb -rpx bd_0_wrapper_drc_routed.rpx
Command: report_drc -file bd_0_wrapper_drc_routed.rpt -pb bd_0_wrapper_drc_routed.pb -rpx bd_0_wrapper_drc_routed.rpx
INFO: [IP_Flow 19-1839] IP Catalog is up to date.
WARNING: [Timing 38-242] The property HD.CLK_SRC of clock port "ap_clk" is not set. In out-of-context mode, this prevents timing estimation for clock delay/skew
Resolution: Set the HD.CLK_SRC property of the out-of-context port to the location of the clock buffer instance in the top-level design
INFO: [DRC 23-27] Running DRC with 2 threads
INFO: [Vivado_Tcl 2-168] The results of DRC are in file C:/Users/xingy/AppData/Roaming/Xilinx/Vitis/testHLS2/solution1/impl/verilog/project.runs/impl_1/bd_0_wrapper_drc_routed.rpt.
report_drc completed successfully
report_drc: Time (s): cpu = 00:00:33 ; elapsed = 00:00:29 . Memory (MB): peak = 4151.781 ; gain = 0.000
INFO: [runtcl-4] Executing : report_methodology -file bd_0_wrapper_methodology_drc_routed.rpt -pb bd_0_wrapper_methodology_drc_routed.pb -rpx bd_0_wrapper_methodology_drc_routed.rpx
Command: report_methodology -file bd_0_wrapper_methodology_drc_routed.rpt -pb bd_0_wrapper_methodology_drc_routed.pb -rpx bd_0_wrapper_methodology_drc_routed.rpx
INFO: [Timing 38-35] Done setting XDC timing constraints.
INFO: [DRC 23-133] Running Methodology with 2 threads
INFO: [Vivado_Tcl 2-1520] The results of Report Methodology are in file C:/Users/xingy/AppData/Roaming/Xilinx/Vitis/testHLS2/solution1/impl/verilog/project.runs/impl_1/bd_0_wrapper_methodology_drc_routed.rpt.
report_methodology completed successfully
report_methodology: Time (s): cpu = 00:00:28 ; elapsed = 00:00:24 . Memory (MB): peak = 4151.781 ; gain = 0.000
INFO: [runtcl-4] Executing : report_power -file bd_0_wrapper_power_routed.rpt -pb bd_0_wrapper_power_summary_routed.pb -rpx bd_0_wrapper_power_routed.rpx
Command: report_power -file bd_0_wrapper_power_routed.rpt -pb bd_0_wrapper_power_summary_routed.pb -rpx bd_0_wrapper_power_routed.rpx
INFO: [Timing 38-35] Done setting XDC timing constraints.
Running Vector-less Activity Propagation...

Finished Running Vector-less Activity Propagation
151 Infos, 62 Warnings, 0 Critical Warnings and 0 Errors encountered.
report_power completed successfully
report_power: Time (s): cpu = 00:00:32 ; elapsed = 00:00:30 . Memory (MB): peak = 4151.781 ; gain = 0.000
INFO: [runtcl-4] Executing : report_route_status -file bd_0_wrapper_route_status.rpt -pb bd_0_wrapper_route_status.pb
INFO: [runtcl-4] Executing : report_timing_summary -max_paths 10 -report_unconstrained -file bd_0_wrapper_timing_summary_routed.rpt -pb bd_0_wrapper_timing_summary_routed.pb -rpx bd_0_wrapper_timing_summary_routed.rpx -warn_on_violation 
INFO: [Timing 38-91] UpdateTimingParams: Speed grade: -2, Temperature grade: I, Delay Type: min_max.
INFO: [Timing 38-191] Multithreading enabled for timing update using a maximum of 2 CPUs
INFO: [runtcl-4] Executing : report_incremental_reuse -file bd_0_wrapper_incremental_reuse_routed.rpt
INFO: [Vivado_Tcl 4-1062] Incremental flow is disabled. No incremental reuse Info to report.
INFO: [runtcl-4] Executing : report_clock_utilization -file bd_0_wrapper_clock_utilization_routed.rpt
INFO: [runtcl-4] Executing : report_bus_skew -warn_on_violation -file bd_0_wrapper_bus_skew_routed.rpt -pb bd_0_wrapper_bus_skew_routed.pb -rpx bd_0_wrapper_bus_skew_routed.rpx
INFO: [Timing 38-91] UpdateTimingParams: Speed grade: -2, Temperature grade: I, Delay Type: min_max.
INFO: [Timing 38-191] Multithreading enabled for timing update using a maximum of 2 CPUs
INFO: [Common 17-206] Exiting Vivado at Wed Feb 14 00:59:34 2024...
[Wed Feb 14 00:59:49 2024] impl_1 finished
wait_on_runs: Time (s): cpu = 00:00:00 ; elapsed = 00:13:24 . Memory (MB): peak = 4336.977 ; gain = 0.000
TIMESTAMP: HLS-REPORT: implementation open_run: 2024-02-14 00:59:50 +0800
INFO: HLS-REPORT: Opening implementation design database: open_run impl_1
Netlist sorting complete. Time (s): cpu = 00:00:02 ; elapsed = 00:00:03 . Memory (MB): peak = 4336.977 ; gain = 0.000
INFO: [Netlist 29-17] Analyzing 1552 Unisim elements for replacement
INFO: [Netlist 29-28] Unisim Transformation completed in 1 CPU seconds
INFO: [Project 1-479] Netlist was created with Vivado 2022.1
INFO: [Project 1-570] Preparing netlist for logic optimization
INFO: [Timing 38-478] Restoring timing data from binary archive.
INFO: [Timing 38-479] Binary timing data restore complete.
INFO: [Project 1-856] Restoring constraints from binary archive.
INFO: [Project 1-853] Binary constraint restore complete.
Reading XDEF placement.
Reading placer database...
Reading XDEF routing.
Read XDEF Files: Time (s): cpu = 00:00:04 ; elapsed = 00:00:08 . Memory (MB): peak = 4437.512 ; gain = 97.918
Restored from archive | CPU: 4.000000 secs | Memory: 0.000000 MB |
Finished XDEF File Restore: Time (s): cpu = 00:00:04 ; elapsed = 00:00:08 . Memory (MB): peak = 4437.512 ; gain = 97.918
Netlist sorting complete. Time (s): cpu = 00:00:00 ; elapsed = 00:00:00.068 . Memory (MB): peak = 4437.512 ; gain = 0.000
INFO: [Project 1-111] Unisim Transformation Summary:
  A total of 532 instances were transformed.
  DSP48E1 => DSP48E2 (DSP_ALU, DSP_A_B_DATA, DSP_C_DATA, DSP_MULTIPLIER, DSP_M_DATA, DSP_OUTPUT, DSP_PREADD, DSP_PREADD_DATA): 242 instances
  RAM16X1D => RAM32X1D (RAMD32(x2)): 128 instances
  RAM16X1S => RAM32X1S (RAMS32): 96 instances
  RAM32X1D => RAM32X1D (RAMD32(x2)): 32 instances
  RAM32X1S => RAM32X1S (RAMS32): 32 instances
  SRLC32E => SRL16E: 2 instances

open_run: Time (s): cpu = 00:00:24 ; elapsed = 00:00:53 . Memory (MB): peak = 4437.512 ; gain = 100.535
TIMESTAMP: HLS-REPORT: implementation generate_reports_vivado: 2024-02-14 01:00:42 +0800
INFO: HLS-REPORT: Running report: report_utilization -file ./report/MLP_utilization_routed.rpt
INFO: HLS-REPORT: Running report: report_utilization -hierarchical -hierarchical_depth 6 -file ./report/MLP_utilization_hierarchical_routed.rpt
INFO: HLS-REPORT: Running report: report_timing_summary -file ./report/MLP_timing_routed.rpt
INFO: [Timing 38-91] UpdateTimingParams: Speed grade: -2, Temperature grade: I, Delay Type: min_max.
INFO: [Timing 38-191] Multithreading enabled for timing update using a maximum of 2 CPUs
WARNING: [Timing 38-242] The property HD.CLK_SRC of clock port "ap_clk" is not set. In out-of-context mode, this prevents timing estimation for clock delay/skew
Resolution: Set the HD.CLK_SRC property of the out-of-context port to the location of the clock buffer instance in the top-level design
report_timing_summary: Time (s): cpu = 00:00:25 ; elapsed = 00:00:23 . Memory (MB): peak = 4466.414 ; gain = 28.902
INFO: HLS-REPORT: Running report: report_route_status -file ./report/MLP_status_routed.rpt
report_route_status: Time (s): cpu = 00:00:08 ; elapsed = 00:00:10 . Memory (MB): peak = 4599.652 ; gain = 133.238
INFO: HLS-REPORT: Running report: report_timing -max_paths 10 -file ./report/MLP_timing_paths_routed.rpt
INFO: [Timing 38-91] UpdateTimingParams: Speed grade: -2, Temperature grade: I, Delay Type: max.
INFO: [Timing 38-191] Multithreading enabled for timing update using a maximum of 2 CPUs
INFO: [Timing 38-78] ReportTimingParams: -max_paths 10 -nworst 1 -delay_type max -sort_by slack.
INFO: HLS-REPORT: Running report: report_design_analysis -file ./report/MLP_design_analysis_routed.rpt
INFO: HLS-REPORT: Running report: ::tclapp::xilinx::designutils::report_failfast -detailed_report impl -file ./report/MLP_failfast_routed.rpt
 -I- design metrics completed in 3 seconds
 -I- DONT_TOUCH metric completed in 2 seconds
 -I- MARK_DEBUG metric completed in 1 seconds
 -I- utilization metrics completed in 2 seconds
 -I- control set metrics completed in 0 seconds
 -I- methodology check metrics completed in 18 seconds
 -I- average fanout metrics completed in 11 seconds (0 modules)
 -I- non-FD high fanout nets completed in 10 seconds
 -I- path budgeting metrics completed in 17 seconds
#  +-----------------------------------------------------------------------------------------+
#  | Design Summary                                                                          |
#  | impl_1                                                                                  |
#  | xczu3eg-sbva484-2-i                                                                     |
#  +-----------------------------------------------------------+-----------+--------+--------+
#  | Criteria                                                  | Guideline | Actual | Status |
#  +-----------------------------------------------------------+-----------+--------+--------+
#  | LUT                                                       | 70%       | 26.75% | OK     |
#  | FD                                                        | 50%       | 19.39% | OK     |
#  | LUTRAM+SRL                                                | 25%       | 2.73%  | OK     |
#  | CARRY8                                                    | 25%       | 11.45% | OK     |
#  | MUXF7                                                     | 15%       | 0.03%  | OK     |
#  | DSP                                                       | 80%       | 67.22% | OK     |
#  | RAMB/FIFO                                                 | 80%       | 0.00%  | OK     |
#  | DSP+RAMB+URAM (Avg)                                       | 70%       | 67.22% | OK     |
#  | BUFGCE* + BUFGCTRL                                        | 24        | 0      | OK     |
#  | DONT_TOUCH (cells/nets)                                   | 0         | 0      | OK     |
#  | MARK_DEBUG (nets)                                         | 0         | 0      | OK     |
#  | Control Sets                                              | 1323      | 349    | OK     |
#  | Average Fanout for modules > 100k cells                   | 4         | 0      | OK     |
#  | Non-FD high fanout nets > 10k loads                       | 0         | 0      | OK     |
#  +-----------------------------------------------------------+-----------+--------+--------+
#  | TIMING-6 (No common primary clock between related clocks) | 0         | 0      | OK     |
#  | TIMING-7 (No common node between related clocks)          | 0         | 0      | OK     |
#  | TIMING-8 (No common period between related clocks)        | 0         | 0      | OK     |
#  | TIMING-14 (LUT on the clock tree)                         | 0         | 0      | OK     |
#  | TIMING-35 (No common node in paths with the same clock)   | 0         | 0      | OK     |
#  +-----------------------------------------------------------+-----------+--------+--------+
#  | Number of paths above max LUT budgeting (0.300ns)         | 0         | 0      | OK     |
#  | Number of paths above max Net budgeting (0.208ns)         | 0         | 0      | OK     |
#  +-----------------------------------------------------------+-----------+--------+--------+
 -I- Generated file C:/Users/xingy/AppData/Roaming/Xilinx/Vitis/testHLS2/solution1/impl/verilog/report/MLP_failfast_routed.rpt
 -I- Number of criteria to review: 0
 -I- This report should be run before placing the design and uses conservative guidelines beyond which runtime and timing closure will likely be more challenging
 -I- report_failfast completed in 64 seconds
TIMESTAMP: HLS-REPORT: implementation gen_data_dict_vivado: 2024-02-14 01:02:24 +0800
TIMESTAMP: HLS-REPORT: impl extract_util_hier: 2024-02-14 01:02:24 +0800
TIMESTAMP: HLS-REPORT: impl get_cell_hier_data: 2024-02-14 01:02:24 +0800
TIMESTAMP: HLS-REPORT: impl get_timing_paths: 2024-02-14 01:02:25 +0800
TIMESTAMP: HLS-REPORT: impl process timing paths: 2024-02-14 01:02:25 +0800
TIMESTAMP: HLS-REPORT: impl get_all_vv_rpt_files: 2024-02-14 01:02:25 +0800
TIMESTAMP: HLS-REPORT: implementation write_reports_vivado: 2024-02-14 01:02:25 +0800
HLS EXTRACTION: impl area_totals:  0 70560 141120 360 432 8820 0
HLS EXTRACTION: impl area_current: 0 18878 27362 242 0 0 561 4388 0 0
HLS EXTRACTION: impl resources_dict: AVAIL_LUT 70560 LUT 18878 AVAIL_FF 141120 FF 27362 AVAIL_DSP 360 DSP 242 AVAIL_BRAM 432 BRAM 0 AVAIL_URAM 0 URAM 0 LATCH 0 SRL 561 AVAIL_CLB 8820 CLB 4388
INFO: HLS-REPORT: generated C:/Users/xingy/AppData/Roaming/Xilinx/Vitis/testHLS2/solution1/impl/verilog/report/vivado_impl.xml
INFO: HLS-REPORT: generated C:/Users/xingy/AppData/Roaming/Xilinx/Vitis/testHLS2/solution1/impl/report/verilog/MLP_export.rpt


Implementation tool: Xilinx Vivado v.2022.1
Project:             testHLS2
Solution:            solution1
Device target:       xczu3eg-sbva484-2-i
Report date:         Wed Feb 14 01:02:26 +0800 2024

#=== Post-Implementation Resource usage ===
SLICE:            0
LUT:          18878
FF:           27362
DSP:            242
BRAM:             0
URAM:             0
LATCH:            0
SRL:            561
CLB:           4388

#=== Final timing ===
CP required:                     10.000
CP achieved post-synthesis:      3.838
CP achieved post-implementation: 5.579
Timing met

TIMESTAMP: HLS-REPORT: implementation end: 2024-02-14 01:02:26 +0800
INFO: HLS-REPORT: impl run complete: worst setup slack (WNS)=4.421102, worst hold slack (WHS)=0.019000, total pulse width slack(TPWS)=0.000000, number of unrouted nets=0
# hls_vivado_reports_finalize $report_options
TIMESTAMP: HLS-REPORT: all reports complete: 2024-02-14 01:02:26 +0800
INFO: [Common 17-206] Exiting Vivado at Wed Feb 14 01:02:27 2024...
