Copyright 1986-2022 Xilinx, Inc. All Rights Reserved.
--------------------------------------------------------------------------------------------
| Tool Version      : Vivado v.2022.1 (win64) Build 3526262 Mon Apr 18 15:48:16 MDT 2022
| Date              : Wed Feb 14 00:44:52 2024
| Host              : DESKTOP-7J5H59V running 64-bit major release  (build 9200)
| Command           : report_timing -max_paths 10 -file ./report/MLP_timing_paths_synth.rpt
| Design            : bd_0_wrapper
| Device            : xczu3eg-sbva484
| Speed File        : -2  PRODUCTION 1.29 08-03-2020
| Temperature Grade : I
--------------------------------------------------------------------------------------------

Timing Report

Slack (MET) :             6.162ns  (required time - arrival time)
  Source:                 bd_0_i/hls_inst/inst/fmul_32ns_32ns_32_3_max_dsp_1_U419/din1_buf1_reg[15]/C
                            (rising edge-triggered cell FDRE clocked by ap_clk  {rise@0.000ns fall@5.000ns period=10.000ns})
  Destination:            bd_0_i/hls_inst/inst/fmul_32ns_32ns_32_3_max_dsp_1_U419/MLP_fmul_32ns_32ns_32_3_max_dsp_1_ip_u/inst/i_synth/MULT.OP/i_non_prim.OP/RESULT_REG.NORMAL.mant_op_reg[22]/D
                            (rising edge-triggered cell FDRE clocked by ap_clk  {rise@0.000ns fall@5.000ns period=10.000ns})
  Path Group:             ap_clk
  Path Type:              Setup (Max at Slow Process Corner)
  Requirement:            10.000ns  (ap_clk rise@10.000ns - ap_clk rise@0.000ns)
  Data Path Delay:        3.819ns  (logic 3.209ns (84.027%)  route 0.610ns (15.973%))
  Logic Levels:           12  (DSP_A_B_DATA=1 DSP_ALU=3 DSP_M_DATA=1 DSP_MULTIPLIER=1 DSP_OUTPUT=3 DSP_PREADD_DATA=1 LUT3=1 LUT6=1)
  Clock Path Skew:        -0.009ns (DCD - SCD + CPR)
    Destination Clock Delay (DCD):    0.021ns = ( 10.021 - 10.000 ) 
    Source Clock Delay      (SCD):    0.030ns
    Clock Pessimism Removal (CPR):    0.000ns
  Clock Uncertainty:      0.035ns  ((TSJ^2 + TIJ^2)^1/2 + DJ) / 2 + PE
    Total System Jitter     (TSJ):    0.071ns
    Total Input Jitter      (TIJ):    0.000ns
    Discrete Jitter          (DJ):    0.000ns
    Phase Error              (PE):    0.000ns

    Location             Delay type                Incr(ns)  Path(ns)    Netlist Resource(s)
  -------------------------------------------------------------------    -------------------
                         (clock ap_clk rise edge)     0.000     0.000 r  
                                                      0.000     0.000 r  ap_clk (IN)
                         net (fo=30066, unset)        0.030     0.030    bd_0_i/hls_inst/inst/fmul_32ns_32ns_32_3_max_dsp_1_U419/ap_clk
                         FDRE                                         r  bd_0_i/hls_inst/inst/fmul_32ns_32ns_32_3_max_dsp_1_U419/din1_buf1_reg[15]/C
  -------------------------------------------------------------------    -------------------
                         FDRE (Prop_FDRE_C_Q)         0.077     0.107 f  bd_0_i/hls_inst/inst/fmul_32ns_32ns_32_3_max_dsp_1_U419/din1_buf1_reg[15]/Q
                         net (fo=1, unplaced)         0.178     0.285    bd_0_i/hls_inst/inst/fmul_32ns_32ns_32_3_max_dsp_1_U419/MLP_fmul_32ns_32ns_32_3_max_dsp_1_ip_u/inst/i_synth/MULT.OP/i_non_prim.MULT/DSP48E1_SPD_SGL_VARIANT.FIX_MULT/DSP1/i_no_versal_es1_workaround.DSP/B[15]
                         DSP_A_B_DATA (Prop_DSP_A_B_DATA_B[15]_B2_DATA[15])
                                                      0.151     0.436 r  bd_0_i/hls_inst/inst/fmul_32ns_32ns_32_3_max_dsp_1_U419/MLP_fmul_32ns_32ns_32_3_max_dsp_1_ip_u/inst/i_synth/MULT.OP/i_non_prim.MULT/DSP48E1_SPD_SGL_VARIANT.FIX_MULT/DSP1/i_no_versal_es1_workaround.DSP/DSP_A_B_DATA_INST/B2_DATA[15]
                         net (fo=1, unplaced)         0.000     0.436    bd_0_i/hls_inst/inst/fmul_32ns_32ns_32_3_max_dsp_1_U419/MLP_fmul_32ns_32ns_32_3_max_dsp_1_ip_u/inst/i_synth/MULT.OP/i_non_prim.MULT/DSP48E1_SPD_SGL_VARIANT.FIX_MULT/DSP1/i_no_versal_es1_workaround.DSP/DSP_A_B_DATA.B2_DATA<15>
                         DSP_PREADD_DATA (Prop_DSP_PREADD_DATA_B2_DATA[15]_B2B1[15])
                                                      0.073     0.509 r  bd_0_i/hls_inst/inst/fmul_32ns_32ns_32_3_max_dsp_1_U419/MLP_fmul_32ns_32ns_32_3_max_dsp_1_ip_u/inst/i_synth/MULT.OP/i_non_prim.MULT/DSP48E1_SPD_SGL_VARIANT.FIX_MULT/DSP1/i_no_versal_es1_workaround.DSP/DSP_PREADD_DATA_INST/B2B1[15]
                         net (fo=1, unplaced)         0.000     0.509    bd_0_i/hls_inst/inst/fmul_32ns_32ns_32_3_max_dsp_1_U419/MLP_fmul_32ns_32ns_32_3_max_dsp_1_ip_u/inst/i_synth/MULT.OP/i_non_prim.MULT/DSP48E1_SPD_SGL_VARIANT.FIX_MULT/DSP1/i_no_versal_es1_workaround.DSP/DSP_PREADD_DATA.B2B1<15>
                         DSP_MULTIPLIER (Prop_DSP_MULTIPLIER_B2B1[15]_V[43])
                                                      0.609     1.118 f  bd_0_i/hls_inst/inst/fmul_32ns_32ns_32_3_max_dsp_1_U419/MLP_fmul_32ns_32ns_32_3_max_dsp_1_ip_u/inst/i_synth/MULT.OP/i_non_prim.MULT/DSP48E1_SPD_SGL_VARIANT.FIX_MULT/DSP1/i_no_versal_es1_workaround.DSP/DSP_MULTIPLIER_INST/V[43]
                         net (fo=1, unplaced)         0.000     1.118    bd_0_i/hls_inst/inst/fmul_32ns_32ns_32_3_max_dsp_1_U419/MLP_fmul_32ns_32ns_32_3_max_dsp_1_ip_u/inst/i_synth/MULT.OP/i_non_prim.MULT/DSP48E1_SPD_SGL_VARIANT.FIX_MULT/DSP1/i_no_versal_es1_workaround.DSP/DSP_MULTIPLIER.V<43>
                         DSP_M_DATA (Prop_DSP_M_DATA_V[43]_V_DATA[43])
                                                      0.046     1.164 r  bd_0_i/hls_inst/inst/fmul_32ns_32ns_32_3_max_dsp_1_U419/MLP_fmul_32ns_32ns_32_3_max_dsp_1_ip_u/inst/i_synth/MULT.OP/i_non_prim.MULT/DSP48E1_SPD_SGL_VARIANT.FIX_MULT/DSP1/i_no_versal_es1_workaround.DSP/DSP_M_DATA_INST/V_DATA[43]
                         net (fo=1, unplaced)         0.000     1.164    bd_0_i/hls_inst/inst/fmul_32ns_32ns_32_3_max_dsp_1_U419/MLP_fmul_32ns_32ns_32_3_max_dsp_1_ip_u/inst/i_synth/MULT.OP/i_non_prim.MULT/DSP48E1_SPD_SGL_VARIANT.FIX_MULT/DSP1/i_no_versal_es1_workaround.DSP/DSP_M_DATA.V_DATA<43>
                         DSP_ALU (Prop_DSP_ALU_V_DATA[43]_ALU_OUT[47])
                                                      0.571     1.735 f  bd_0_i/hls_inst/inst/fmul_32ns_32ns_32_3_max_dsp_1_U419/MLP_fmul_32ns_32ns_32_3_max_dsp_1_ip_u/inst/i_synth/MULT.OP/i_non_prim.MULT/DSP48E1_SPD_SGL_VARIANT.FIX_MULT/DSP1/i_no_versal_es1_workaround.DSP/DSP_ALU_INST/ALU_OUT[47]
                         net (fo=1, unplaced)         0.000     1.735    bd_0_i/hls_inst/inst/fmul_32ns_32ns_32_3_max_dsp_1_U419/MLP_fmul_32ns_32ns_32_3_max_dsp_1_ip_u/inst/i_synth/MULT.OP/i_non_prim.MULT/DSP48E1_SPD_SGL_VARIANT.FIX_MULT/DSP1/i_no_versal_es1_workaround.DSP/DSP_ALU.ALU_OUT<47>
                         DSP_OUTPUT (Prop_DSP_OUTPUT_ALU_OUT[47]_PCOUT[47])
                                                      0.122     1.857 r  bd_0_i/hls_inst/inst/fmul_32ns_32ns_32_3_max_dsp_1_U419/MLP_fmul_32ns_32ns_32_3_max_dsp_1_ip_u/inst/i_synth/MULT.OP/i_non_prim.MULT/DSP48E1_SPD_SGL_VARIANT.FIX_MULT/DSP1/i_no_versal_es1_workaround.DSP/DSP_OUTPUT_INST/PCOUT[47]
                         net (fo=1, unplaced)         0.014     1.871    bd_0_i/hls_inst/inst/fmul_32ns_32ns_32_3_max_dsp_1_U419/MLP_fmul_32ns_32ns_32_3_max_dsp_1_ip_u/inst/i_synth/MULT.OP/i_non_prim.MULT/DSP48E1_SPD_SGL_VARIANT.FIX_MULT/DSP2/i_no_versal_es1_workaround.DSP/PCIN[47]
                         DSP_ALU (Prop_DSP_ALU_PCIN[47]_ALU_OUT[47])
                                                      0.546     2.417 f  bd_0_i/hls_inst/inst/fmul_32ns_32ns_32_3_max_dsp_1_U419/MLP_fmul_32ns_32ns_32_3_max_dsp_1_ip_u/inst/i_synth/MULT.OP/i_non_prim.MULT/DSP48E1_SPD_SGL_VARIANT.FIX_MULT/DSP2/i_no_versal_es1_workaround.DSP/DSP_ALU_INST/ALU_OUT[47]
                         net (fo=1, unplaced)         0.000     2.417    bd_0_i/hls_inst/inst/fmul_32ns_32ns_32_3_max_dsp_1_U419/MLP_fmul_32ns_32ns_32_3_max_dsp_1_ip_u/inst/i_synth/MULT.OP/i_non_prim.MULT/DSP48E1_SPD_SGL_VARIANT.FIX_MULT/DSP2/i_no_versal_es1_workaround.DSP/DSP_ALU.ALU_OUT<47>
                         DSP_OUTPUT (Prop_DSP_OUTPUT_ALU_OUT[47]_PCOUT[47])
                                                      0.122     2.539 r  bd_0_i/hls_inst/inst/fmul_32ns_32ns_32_3_max_dsp_1_U419/MLP_fmul_32ns_32ns_32_3_max_dsp_1_ip_u/inst/i_synth/MULT.OP/i_non_prim.MULT/DSP48E1_SPD_SGL_VARIANT.FIX_MULT/DSP2/i_no_versal_es1_workaround.DSP/DSP_OUTPUT_INST/PCOUT[47]
                         net (fo=1, unplaced)         0.014     2.553    bd_0_i/hls_inst/inst/fmul_32ns_32ns_32_3_max_dsp_1_U419/MLP_fmul_32ns_32ns_32_3_max_dsp_1_ip_u/inst/i_synth/MULT.OP/i_non_prim.R_AND_R/LAT_OPT.FULL.R_AND_R/DSP48E1_SGL_EXP_IP.OLD_ADD.ADD/i_no_versal_es1_workaround.DSP/PCIN[47]
                         DSP_ALU (Prop_DSP_ALU_PCIN[47]_ALU_OUT[29])
                                                      0.546     3.099 f  bd_0_i/hls_inst/inst/fmul_32ns_32ns_32_3_max_dsp_1_U419/MLP_fmul_32ns_32ns_32_3_max_dsp_1_ip_u/inst/i_synth/MULT.OP/i_non_prim.R_AND_R/LAT_OPT.FULL.R_AND_R/DSP48E1_SGL_EXP_IP.OLD_ADD.ADD/i_no_versal_es1_workaround.DSP/DSP_ALU_INST/ALU_OUT[29]
                         net (fo=1, unplaced)         0.000     3.099    bd_0_i/hls_inst/inst/fmul_32ns_32ns_32_3_max_dsp_1_U419/MLP_fmul_32ns_32ns_32_3_max_dsp_1_ip_u/inst/i_synth/MULT.OP/i_non_prim.R_AND_R/LAT_OPT.FULL.R_AND_R/DSP48E1_SGL_EXP_IP.OLD_ADD.ADD/i_no_versal_es1_workaround.DSP/DSP_ALU.ALU_OUT<29>
                         DSP_OUTPUT (Prop_DSP_OUTPUT_ALU_OUT[29]_P[29])
                                                      0.109     3.208 r  bd_0_i/hls_inst/inst/fmul_32ns_32ns_32_3_max_dsp_1_U419/MLP_fmul_32ns_32ns_32_3_max_dsp_1_ip_u/inst/i_synth/MULT.OP/i_non_prim.R_AND_R/LAT_OPT.FULL.R_AND_R/DSP48E1_SGL_EXP_IP.OLD_ADD.ADD/i_no_versal_es1_workaround.DSP/DSP_OUTPUT_INST/P[29]
                         net (fo=1, unplaced)         0.216     3.424    bd_0_i/hls_inst/inst/fmul_32ns_32ns_32_3_max_dsp_1_U419/MLP_fmul_32ns_32ns_32_3_max_dsp_1_ip_u/inst/i_synth/MULT.OP/i_non_prim.MULT/DSP48E1_SPD_SGL_VARIANT.FIX_MULT/DSP2/RESULT_REG.NORMAL.exp_op_reg[6][22]
                         LUT6 (Prop_LUT6_I1_O)        0.125     3.549 r  bd_0_i/hls_inst/inst/fmul_32ns_32ns_32_3_max_dsp_1_U419/MLP_fmul_32ns_32ns_32_3_max_dsp_1_ip_u/inst/i_synth/MULT.OP/i_non_prim.MULT/DSP48E1_SPD_SGL_VARIANT.FIX_MULT/DSP2/RESULT_REG.NORMAL.mant_op[22]_i_2/O
                         net (fo=1, unplaced)         0.140     3.689    bd_0_i/hls_inst/inst/fmul_32ns_32ns_32_3_max_dsp_1_U419/MLP_fmul_32ns_32ns_32_3_max_dsp_1_ip_u/inst/i_synth/MULT.OP/i_non_prim.EXP/EXP_ADD.C_CHAIN/p_3_out[0]
                         LUT3 (Prop_LUT3_I1_O)        0.112     3.801 r  bd_0_i/hls_inst/inst/fmul_32ns_32ns_32_3_max_dsp_1_U419/MLP_fmul_32ns_32ns_32_3_max_dsp_1_ip_u/inst/i_synth/MULT.OP/i_non_prim.EXP/EXP_ADD.C_CHAIN/RESULT_REG.NORMAL.mant_op[22]_i_1/O
                         net (fo=1, unplaced)         0.048     3.849    bd_0_i/hls_inst/inst/fmul_32ns_32ns_32_3_max_dsp_1_U419/MLP_fmul_32ns_32ns_32_3_max_dsp_1_ip_u/inst/i_synth/MULT.OP/i_non_prim.OP/RESULT_REG.NORMAL.mant_op_reg[22]_0
                         FDRE                                         r  bd_0_i/hls_inst/inst/fmul_32ns_32ns_32_3_max_dsp_1_U419/MLP_fmul_32ns_32ns_32_3_max_dsp_1_ip_u/inst/i_synth/MULT.OP/i_non_prim.OP/RESULT_REG.NORMAL.mant_op_reg[22]/D
  -------------------------------------------------------------------    -------------------

                         (clock ap_clk rise edge)    10.000    10.000 r  
                                                      0.000    10.000 r  ap_clk (IN)
                         net (fo=30066, unset)        0.021    10.021    bd_0_i/hls_inst/inst/fmul_32ns_32ns_32_3_max_dsp_1_U419/MLP_fmul_32ns_32ns_32_3_max_dsp_1_ip_u/inst/i_synth/MULT.OP/i_non_prim.OP/aclk
                         FDRE                                         r  bd_0_i/hls_inst/inst/fmul_32ns_32ns_32_3_max_dsp_1_U419/MLP_fmul_32ns_32ns_32_3_max_dsp_1_ip_u/inst/i_synth/MULT.OP/i_non_prim.OP/RESULT_REG.NORMAL.mant_op_reg[22]/C
                         clock pessimism              0.000    10.021    
                         clock uncertainty           -0.035     9.986    
                         FDRE (Setup_FDRE_C_D)        0.025    10.011    bd_0_i/hls_inst/inst/fmul_32ns_32ns_32_3_max_dsp_1_U419/MLP_fmul_32ns_32ns_32_3_max_dsp_1_ip_u/inst/i_synth/MULT.OP/i_non_prim.OP/RESULT_REG.NORMAL.mant_op_reg[22]
  -------------------------------------------------------------------
                         required time                         10.011    
                         arrival time                          -3.849    
  -------------------------------------------------------------------
                         slack                                  6.162    

Slack (MET) :             6.162ns  (required time - arrival time)
  Source:                 bd_0_i/hls_inst/inst/fmul_32ns_32ns_32_3_max_dsp_1_U420/din1_buf1_reg[15]/C
                            (rising edge-triggered cell FDRE clocked by ap_clk  {rise@0.000ns fall@5.000ns period=10.000ns})
  Destination:            bd_0_i/hls_inst/inst/fmul_32ns_32ns_32_3_max_dsp_1_U420/MLP_fmul_32ns_32ns_32_3_max_dsp_1_ip_u/inst/i_synth/MULT.OP/i_non_prim.OP/RESULT_REG.NORMAL.mant_op_reg[22]/D
                            (rising edge-triggered cell FDRE clocked by ap_clk  {rise@0.000ns fall@5.000ns period=10.000ns})
  Path Group:             ap_clk
  Path Type:              Setup (Max at Slow Process Corner)
  Requirement:            10.000ns  (ap_clk rise@10.000ns - ap_clk rise@0.000ns)
  Data Path Delay:        3.819ns  (logic 3.209ns (84.027%)  route 0.610ns (15.973%))
  Logic Levels:           12  (DSP_A_B_DATA=1 DSP_ALU=3 DSP_M_DATA=1 DSP_MULTIPLIER=1 DSP_OUTPUT=3 DSP_PREADD_DATA=1 LUT3=1 LUT6=1)
  Clock Path Skew:        -0.009ns (DCD - SCD + CPR)
    Destination Clock Delay (DCD):    0.021ns = ( 10.021 - 10.000 ) 
    Source Clock Delay      (SCD):    0.030ns
    Clock Pessimism Removal (CPR):    0.000ns
  Clock Uncertainty:      0.035ns  ((TSJ^2 + TIJ^2)^1/2 + DJ) / 2 + PE
    Total System Jitter     (TSJ):    0.071ns
    Total Input Jitter      (TIJ):    0.000ns
    Discrete Jitter          (DJ):    0.000ns
    Phase Error              (PE):    0.000ns

    Location             Delay type                Incr(ns)  Path(ns)    Netlist Resource(s)
  -------------------------------------------------------------------    -------------------
                         (clock ap_clk rise edge)     0.000     0.000 r  
                                                      0.000     0.000 r  ap_clk (IN)
                         net (fo=30066, unset)        0.030     0.030    bd_0_i/hls_inst/inst/fmul_32ns_32ns_32_3_max_dsp_1_U420/ap_clk
                         FDRE                                         r  bd_0_i/hls_inst/inst/fmul_32ns_32ns_32_3_max_dsp_1_U420/din1_buf1_reg[15]/C
  -------------------------------------------------------------------    -------------------
                         FDRE (Prop_FDRE_C_Q)         0.077     0.107 f  bd_0_i/hls_inst/inst/fmul_32ns_32ns_32_3_max_dsp_1_U420/din1_buf1_reg[15]/Q
                         net (fo=1, unplaced)         0.178     0.285    bd_0_i/hls_inst/inst/fmul_32ns_32ns_32_3_max_dsp_1_U420/MLP_fmul_32ns_32ns_32_3_max_dsp_1_ip_u/inst/i_synth/MULT.OP/i_non_prim.MULT/DSP48E1_SPD_SGL_VARIANT.FIX_MULT/DSP1/i_no_versal_es1_workaround.DSP/B[15]
                         DSP_A_B_DATA (Prop_DSP_A_B_DATA_B[15]_B2_DATA[15])
                                                      0.151     0.436 r  bd_0_i/hls_inst/inst/fmul_32ns_32ns_32_3_max_dsp_1_U420/MLP_fmul_32ns_32ns_32_3_max_dsp_1_ip_u/inst/i_synth/MULT.OP/i_non_prim.MULT/DSP48E1_SPD_SGL_VARIANT.FIX_MULT/DSP1/i_no_versal_es1_workaround.DSP/DSP_A_B_DATA_INST/B2_DATA[15]
                         net (fo=1, unplaced)         0.000     0.436    bd_0_i/hls_inst/inst/fmul_32ns_32ns_32_3_max_dsp_1_U420/MLP_fmul_32ns_32ns_32_3_max_dsp_1_ip_u/inst/i_synth/MULT.OP/i_non_prim.MULT/DSP48E1_SPD_SGL_VARIANT.FIX_MULT/DSP1/i_no_versal_es1_workaround.DSP/DSP_A_B_DATA.B2_DATA<15>
                         DSP_PREADD_DATA (Prop_DSP_PREADD_DATA_B2_DATA[15]_B2B1[15])
                                                      0.073     0.509 r  bd_0_i/hls_inst/inst/fmul_32ns_32ns_32_3_max_dsp_1_U420/MLP_fmul_32ns_32ns_32_3_max_dsp_1_ip_u/inst/i_synth/MULT.OP/i_non_prim.MULT/DSP48E1_SPD_SGL_VARIANT.FIX_MULT/DSP1/i_no_versal_es1_workaround.DSP/DSP_PREADD_DATA_INST/B2B1[15]
                         net (fo=1, unplaced)         0.000     0.509    bd_0_i/hls_inst/inst/fmul_32ns_32ns_32_3_max_dsp_1_U420/MLP_fmul_32ns_32ns_32_3_max_dsp_1_ip_u/inst/i_synth/MULT.OP/i_non_prim.MULT/DSP48E1_SPD_SGL_VARIANT.FIX_MULT/DSP1/i_no_versal_es1_workaround.DSP/DSP_PREADD_DATA.B2B1<15>
                         DSP_MULTIPLIER (Prop_DSP_MULTIPLIER_B2B1[15]_V[43])
                                                      0.609     1.118 f  bd_0_i/hls_inst/inst/fmul_32ns_32ns_32_3_max_dsp_1_U420/MLP_fmul_32ns_32ns_32_3_max_dsp_1_ip_u/inst/i_synth/MULT.OP/i_non_prim.MULT/DSP48E1_SPD_SGL_VARIANT.FIX_MULT/DSP1/i_no_versal_es1_workaround.DSP/DSP_MULTIPLIER_INST/V[43]
                         net (fo=1, unplaced)         0.000     1.118    bd_0_i/hls_inst/inst/fmul_32ns_32ns_32_3_max_dsp_1_U420/MLP_fmul_32ns_32ns_32_3_max_dsp_1_ip_u/inst/i_synth/MULT.OP/i_non_prim.MULT/DSP48E1_SPD_SGL_VARIANT.FIX_MULT/DSP1/i_no_versal_es1_workaround.DSP/DSP_MULTIPLIER.V<43>
                         DSP_M_DATA (Prop_DSP_M_DATA_V[43]_V_DATA[43])
                                                      0.046     1.164 r  bd_0_i/hls_inst/inst/fmul_32ns_32ns_32_3_max_dsp_1_U420/MLP_fmul_32ns_32ns_32_3_max_dsp_1_ip_u/inst/i_synth/MULT.OP/i_non_prim.MULT/DSP48E1_SPD_SGL_VARIANT.FIX_MULT/DSP1/i_no_versal_es1_workaround.DSP/DSP_M_DATA_INST/V_DATA[43]
                         net (fo=1, unplaced)         0.000     1.164    bd_0_i/hls_inst/inst/fmul_32ns_32ns_32_3_max_dsp_1_U420/MLP_fmul_32ns_32ns_32_3_max_dsp_1_ip_u/inst/i_synth/MULT.OP/i_non_prim.MULT/DSP48E1_SPD_SGL_VARIANT.FIX_MULT/DSP1/i_no_versal_es1_workaround.DSP/DSP_M_DATA.V_DATA<43>
                         DSP_ALU (Prop_DSP_ALU_V_DATA[43]_ALU_OUT[47])
                                                      0.571     1.735 f  bd_0_i/hls_inst/inst/fmul_32ns_32ns_32_3_max_dsp_1_U420/MLP_fmul_32ns_32ns_32_3_max_dsp_1_ip_u/inst/i_synth/MULT.OP/i_non_prim.MULT/DSP48E1_SPD_SGL_VARIANT.FIX_MULT/DSP1/i_no_versal_es1_workaround.DSP/DSP_ALU_INST/ALU_OUT[47]
                         net (fo=1, unplaced)         0.000     1.735    bd_0_i/hls_inst/inst/fmul_32ns_32ns_32_3_max_dsp_1_U420/MLP_fmul_32ns_32ns_32_3_max_dsp_1_ip_u/inst/i_synth/MULT.OP/i_non_prim.MULT/DSP48E1_SPD_SGL_VARIANT.FIX_MULT/DSP1/i_no_versal_es1_workaround.DSP/DSP_ALU.ALU_OUT<47>
                         DSP_OUTPUT (Prop_DSP_OUTPUT_ALU_OUT[47]_PCOUT[47])
                                                      0.122     1.857 r  bd_0_i/hls_inst/inst/fmul_32ns_32ns_32_3_max_dsp_1_U420/MLP_fmul_32ns_32ns_32_3_max_dsp_1_ip_u/inst/i_synth/MULT.OP/i_non_prim.MULT/DSP48E1_SPD_SGL_VARIANT.FIX_MULT/DSP1/i_no_versal_es1_workaround.DSP/DSP_OUTPUT_INST/PCOUT[47]
                         net (fo=1, unplaced)         0.014     1.871    bd_0_i/hls_inst/inst/fmul_32ns_32ns_32_3_max_dsp_1_U420/MLP_fmul_32ns_32ns_32_3_max_dsp_1_ip_u/inst/i_synth/MULT.OP/i_non_prim.MULT/DSP48E1_SPD_SGL_VARIANT.FIX_MULT/DSP2/i_no_versal_es1_workaround.DSP/PCIN[47]
                         DSP_ALU (Prop_DSP_ALU_PCIN[47]_ALU_OUT[47])
                                                      0.546     2.417 f  bd_0_i/hls_inst/inst/fmul_32ns_32ns_32_3_max_dsp_1_U420/MLP_fmul_32ns_32ns_32_3_max_dsp_1_ip_u/inst/i_synth/MULT.OP/i_non_prim.MULT/DSP48E1_SPD_SGL_VARIANT.FIX_MULT/DSP2/i_no_versal_es1_workaround.DSP/DSP_ALU_INST/ALU_OUT[47]
                         net (fo=1, unplaced)         0.000     2.417    bd_0_i/hls_inst/inst/fmul_32ns_32ns_32_3_max_dsp_1_U420/MLP_fmul_32ns_32ns_32_3_max_dsp_1_ip_u/inst/i_synth/MULT.OP/i_non_prim.MULT/DSP48E1_SPD_SGL_VARIANT.FIX_MULT/DSP2/i_no_versal_es1_workaround.DSP/DSP_ALU.ALU_OUT<47>
                         DSP_OUTPUT (Prop_DSP_OUTPUT_ALU_OUT[47]_PCOUT[47])
                                                      0.122     2.539 r  bd_0_i/hls_inst/inst/fmul_32ns_32ns_32_3_max_dsp_1_U420/MLP_fmul_32ns_32ns_32_3_max_dsp_1_ip_u/inst/i_synth/MULT.OP/i_non_prim.MULT/DSP48E1_SPD_SGL_VARIANT.FIX_MULT/DSP2/i_no_versal_es1_workaround.DSP/DSP_OUTPUT_INST/PCOUT[47]
                         net (fo=1, unplaced)         0.014     2.553    bd_0_i/hls_inst/inst/fmul_32ns_32ns_32_3_max_dsp_1_U420/MLP_fmul_32ns_32ns_32_3_max_dsp_1_ip_u/inst/i_synth/MULT.OP/i_non_prim.R_AND_R/LAT_OPT.FULL.R_AND_R/DSP48E1_SGL_EXP_IP.OLD_ADD.ADD/i_no_versal_es1_workaround.DSP/PCIN[47]
                         DSP_ALU (Prop_DSP_ALU_PCIN[47]_ALU_OUT[29])
                                                      0.546     3.099 f  bd_0_i/hls_inst/inst/fmul_32ns_32ns_32_3_max_dsp_1_U420/MLP_fmul_32ns_32ns_32_3_max_dsp_1_ip_u/inst/i_synth/MULT.OP/i_non_prim.R_AND_R/LAT_OPT.FULL.R_AND_R/DSP48E1_SGL_EXP_IP.OLD_ADD.ADD/i_no_versal_es1_workaround.DSP/DSP_ALU_INST/ALU_OUT[29]
                         net (fo=1, unplaced)         0.000     3.099    bd_0_i/hls_inst/inst/fmul_32ns_32ns_32_3_max_dsp_1_U420/MLP_fmul_32ns_32ns_32_3_max_dsp_1_ip_u/inst/i_synth/MULT.OP/i_non_prim.R_AND_R/LAT_OPT.FULL.R_AND_R/DSP48E1_SGL_EXP_IP.OLD_ADD.ADD/i_no_versal_es1_workaround.DSP/DSP_ALU.ALU_OUT<29>
                         DSP_OUTPUT (Prop_DSP_OUTPUT_ALU_OUT[29]_P[29])
                                                      0.109     3.208 r  bd_0_i/hls_inst/inst/fmul_32ns_32ns_32_3_max_dsp_1_U420/MLP_fmul_32ns_32ns_32_3_max_dsp_1_ip_u/inst/i_synth/MULT.OP/i_non_prim.R_AND_R/LAT_OPT.FULL.R_AND_R/DSP48E1_SGL_EXP_IP.OLD_ADD.ADD/i_no_versal_es1_workaround.DSP/DSP_OUTPUT_INST/P[29]
                         net (fo=1, unplaced)         0.216     3.424    bd_0_i/hls_inst/inst/fmul_32ns_32ns_32_3_max_dsp_1_U420/MLP_fmul_32ns_32ns_32_3_max_dsp_1_ip_u/inst/i_synth/MULT.OP/i_non_prim.MULT/DSP48E1_SPD_SGL_VARIANT.FIX_MULT/DSP2/RESULT_REG.NORMAL.exp_op_reg[6][22]
                         LUT6 (Prop_LUT6_I1_O)        0.125     3.549 r  bd_0_i/hls_inst/inst/fmul_32ns_32ns_32_3_max_dsp_1_U420/MLP_fmul_32ns_32ns_32_3_max_dsp_1_ip_u/inst/i_synth/MULT.OP/i_non_prim.MULT/DSP48E1_SPD_SGL_VARIANT.FIX_MULT/DSP2/RESULT_REG.NORMAL.mant_op[22]_i_2/O
                         net (fo=1, unplaced)         0.140     3.689    bd_0_i/hls_inst/inst/fmul_32ns_32ns_32_3_max_dsp_1_U420/MLP_fmul_32ns_32ns_32_3_max_dsp_1_ip_u/inst/i_synth/MULT.OP/i_non_prim.EXP/EXP_ADD.C_CHAIN/p_3_out[0]
                         LUT3 (Prop_LUT3_I1_O)        0.112     3.801 r  bd_0_i/hls_inst/inst/fmul_32ns_32ns_32_3_max_dsp_1_U420/MLP_fmul_32ns_32ns_32_3_max_dsp_1_ip_u/inst/i_synth/MULT.OP/i_non_prim.EXP/EXP_ADD.C_CHAIN/RESULT_REG.NORMAL.mant_op[22]_i_1/O
                         net (fo=1, unplaced)         0.048     3.849    bd_0_i/hls_inst/inst/fmul_32ns_32ns_32_3_max_dsp_1_U420/MLP_fmul_32ns_32ns_32_3_max_dsp_1_ip_u/inst/i_synth/MULT.OP/i_non_prim.OP/RESULT_REG.NORMAL.mant_op_reg[22]_0
                         FDRE                                         r  bd_0_i/hls_inst/inst/fmul_32ns_32ns_32_3_max_dsp_1_U420/MLP_fmul_32ns_32ns_32_3_max_dsp_1_ip_u/inst/i_synth/MULT.OP/i_non_prim.OP/RESULT_REG.NORMAL.mant_op_reg[22]/D
  -------------------------------------------------------------------    -------------------

                         (clock ap_clk rise edge)    10.000    10.000 r  
                                                      0.000    10.000 r  ap_clk (IN)
                         net (fo=30066, unset)        0.021    10.021    bd_0_i/hls_inst/inst/fmul_32ns_32ns_32_3_max_dsp_1_U420/MLP_fmul_32ns_32ns_32_3_max_dsp_1_ip_u/inst/i_synth/MULT.OP/i_non_prim.OP/aclk
                         FDRE                                         r  bd_0_i/hls_inst/inst/fmul_32ns_32ns_32_3_max_dsp_1_U420/MLP_fmul_32ns_32ns_32_3_max_dsp_1_ip_u/inst/i_synth/MULT.OP/i_non_prim.OP/RESULT_REG.NORMAL.mant_op_reg[22]/C
                         clock pessimism              0.000    10.021    
                         clock uncertainty           -0.035     9.986    
                         FDRE (Setup_FDRE_C_D)        0.025    10.011    bd_0_i/hls_inst/inst/fmul_32ns_32ns_32_3_max_dsp_1_U420/MLP_fmul_32ns_32ns_32_3_max_dsp_1_ip_u/inst/i_synth/MULT.OP/i_non_prim.OP/RESULT_REG.NORMAL.mant_op_reg[22]
  -------------------------------------------------------------------
                         required time                         10.011    
                         arrival time                          -3.849    
  -------------------------------------------------------------------
                         slack                                  6.162    

Slack (MET) :             6.162ns  (required time - arrival time)
  Source:                 bd_0_i/hls_inst/inst/fmul_32ns_32ns_32_3_max_dsp_1_U421/din1_buf1_reg[15]/C
                            (rising edge-triggered cell FDRE clocked by ap_clk  {rise@0.000ns fall@5.000ns period=10.000ns})
  Destination:            bd_0_i/hls_inst/inst/fmul_32ns_32ns_32_3_max_dsp_1_U421/MLP_fmul_32ns_32ns_32_3_max_dsp_1_ip_u/inst/i_synth/MULT.OP/i_non_prim.OP/RESULT_REG.NORMAL.mant_op_reg[22]/D
                            (rising edge-triggered cell FDRE clocked by ap_clk  {rise@0.000ns fall@5.000ns period=10.000ns})
  Path Group:             ap_clk
  Path Type:              Setup (Max at Slow Process Corner)
  Requirement:            10.000ns  (ap_clk rise@10.000ns - ap_clk rise@0.000ns)
  Data Path Delay:        3.819ns  (logic 3.209ns (84.027%)  route 0.610ns (15.973%))
  Logic Levels:           12  (DSP_A_B_DATA=1 DSP_ALU=3 DSP_M_DATA=1 DSP_MULTIPLIER=1 DSP_OUTPUT=3 DSP_PREADD_DATA=1 LUT3=1 LUT6=1)
  Clock Path Skew:        -0.009ns (DCD - SCD + CPR)
    Destination Clock Delay (DCD):    0.021ns = ( 10.021 - 10.000 ) 
    Source Clock Delay      (SCD):    0.030ns
    Clock Pessimism Removal (CPR):    0.000ns
  Clock Uncertainty:      0.035ns  ((TSJ^2 + TIJ^2)^1/2 + DJ) / 2 + PE
    Total System Jitter     (TSJ):    0.071ns
    Total Input Jitter      (TIJ):    0.000ns
    Discrete Jitter          (DJ):    0.000ns
    Phase Error              (PE):    0.000ns

    Location             Delay type                Incr(ns)  Path(ns)    Netlist Resource(s)
  -------------------------------------------------------------------    -------------------
                         (clock ap_clk rise edge)     0.000     0.000 r  
                                                      0.000     0.000 r  ap_clk (IN)
                         net (fo=30066, unset)        0.030     0.030    bd_0_i/hls_inst/inst/fmul_32ns_32ns_32_3_max_dsp_1_U421/ap_clk
                         FDRE                                         r  bd_0_i/hls_inst/inst/fmul_32ns_32ns_32_3_max_dsp_1_U421/din1_buf1_reg[15]/C
  -------------------------------------------------------------------    -------------------
                         FDRE (Prop_FDRE_C_Q)         0.077     0.107 f  bd_0_i/hls_inst/inst/fmul_32ns_32ns_32_3_max_dsp_1_U421/din1_buf1_reg[15]/Q
                         net (fo=1, unplaced)         0.178     0.285    bd_0_i/hls_inst/inst/fmul_32ns_32ns_32_3_max_dsp_1_U421/MLP_fmul_32ns_32ns_32_3_max_dsp_1_ip_u/inst/i_synth/MULT.OP/i_non_prim.MULT/DSP48E1_SPD_SGL_VARIANT.FIX_MULT/DSP1/i_no_versal_es1_workaround.DSP/B[15]
                         DSP_A_B_DATA (Prop_DSP_A_B_DATA_B[15]_B2_DATA[15])
                                                      0.151     0.436 r  bd_0_i/hls_inst/inst/fmul_32ns_32ns_32_3_max_dsp_1_U421/MLP_fmul_32ns_32ns_32_3_max_dsp_1_ip_u/inst/i_synth/MULT.OP/i_non_prim.MULT/DSP48E1_SPD_SGL_VARIANT.FIX_MULT/DSP1/i_no_versal_es1_workaround.DSP/DSP_A_B_DATA_INST/B2_DATA[15]
                         net (fo=1, unplaced)         0.000     0.436    bd_0_i/hls_inst/inst/fmul_32ns_32ns_32_3_max_dsp_1_U421/MLP_fmul_32ns_32ns_32_3_max_dsp_1_ip_u/inst/i_synth/MULT.OP/i_non_prim.MULT/DSP48E1_SPD_SGL_VARIANT.FIX_MULT/DSP1/i_no_versal_es1_workaround.DSP/DSP_A_B_DATA.B2_DATA<15>
                         DSP_PREADD_DATA (Prop_DSP_PREADD_DATA_B2_DATA[15]_B2B1[15])
                                                      0.073     0.509 r  bd_0_i/hls_inst/inst/fmul_32ns_32ns_32_3_max_dsp_1_U421/MLP_fmul_32ns_32ns_32_3_max_dsp_1_ip_u/inst/i_synth/MULT.OP/i_non_prim.MULT/DSP48E1_SPD_SGL_VARIANT.FIX_MULT/DSP1/i_no_versal_es1_workaround.DSP/DSP_PREADD_DATA_INST/B2B1[15]
                         net (fo=1, unplaced)         0.000     0.509    bd_0_i/hls_inst/inst/fmul_32ns_32ns_32_3_max_dsp_1_U421/MLP_fmul_32ns_32ns_32_3_max_dsp_1_ip_u/inst/i_synth/MULT.OP/i_non_prim.MULT/DSP48E1_SPD_SGL_VARIANT.FIX_MULT/DSP1/i_no_versal_es1_workaround.DSP/DSP_PREADD_DATA.B2B1<15>
                         DSP_MULTIPLIER (Prop_DSP_MULTIPLIER_B2B1[15]_V[43])
                                                      0.609     1.118 f  bd_0_i/hls_inst/inst/fmul_32ns_32ns_32_3_max_dsp_1_U421/MLP_fmul_32ns_32ns_32_3_max_dsp_1_ip_u/inst/i_synth/MULT.OP/i_non_prim.MULT/DSP48E1_SPD_SGL_VARIANT.FIX_MULT/DSP1/i_no_versal_es1_workaround.DSP/DSP_MULTIPLIER_INST/V[43]
                         net (fo=1, unplaced)         0.000     1.118    bd_0_i/hls_inst/inst/fmul_32ns_32ns_32_3_max_dsp_1_U421/MLP_fmul_32ns_32ns_32_3_max_dsp_1_ip_u/inst/i_synth/MULT.OP/i_non_prim.MULT/DSP48E1_SPD_SGL_VARIANT.FIX_MULT/DSP1/i_no_versal_es1_workaround.DSP/DSP_MULTIPLIER.V<43>
                         DSP_M_DATA (Prop_DSP_M_DATA_V[43]_V_DATA[43])
                                                      0.046     1.164 r  bd_0_i/hls_inst/inst/fmul_32ns_32ns_32_3_max_dsp_1_U421/MLP_fmul_32ns_32ns_32_3_max_dsp_1_ip_u/inst/i_synth/MULT.OP/i_non_prim.MULT/DSP48E1_SPD_SGL_VARIANT.FIX_MULT/DSP1/i_no_versal_es1_workaround.DSP/DSP_M_DATA_INST/V_DATA[43]
                         net (fo=1, unplaced)         0.000     1.164    bd_0_i/hls_inst/inst/fmul_32ns_32ns_32_3_max_dsp_1_U421/MLP_fmul_32ns_32ns_32_3_max_dsp_1_ip_u/inst/i_synth/MULT.OP/i_non_prim.MULT/DSP48E1_SPD_SGL_VARIANT.FIX_MULT/DSP1/i_no_versal_es1_workaround.DSP/DSP_M_DATA.V_DATA<43>
                         DSP_ALU (Prop_DSP_ALU_V_DATA[43]_ALU_OUT[47])
                                                      0.571     1.735 f  bd_0_i/hls_inst/inst/fmul_32ns_32ns_32_3_max_dsp_1_U421/MLP_fmul_32ns_32ns_32_3_max_dsp_1_ip_u/inst/i_synth/MULT.OP/i_non_prim.MULT/DSP48E1_SPD_SGL_VARIANT.FIX_MULT/DSP1/i_no_versal_es1_workaround.DSP/DSP_ALU_INST/ALU_OUT[47]
                         net (fo=1, unplaced)         0.000     1.735    bd_0_i/hls_inst/inst/fmul_32ns_32ns_32_3_max_dsp_1_U421/MLP_fmul_32ns_32ns_32_3_max_dsp_1_ip_u/inst/i_synth/MULT.OP/i_non_prim.MULT/DSP48E1_SPD_SGL_VARIANT.FIX_MULT/DSP1/i_no_versal_es1_workaround.DSP/DSP_ALU.ALU_OUT<47>
                         DSP_OUTPUT (Prop_DSP_OUTPUT_ALU_OUT[47]_PCOUT[47])
                                                      0.122     1.857 r  bd_0_i/hls_inst/inst/fmul_32ns_32ns_32_3_max_dsp_1_U421/MLP_fmul_32ns_32ns_32_3_max_dsp_1_ip_u/inst/i_synth/MULT.OP/i_non_prim.MULT/DSP48E1_SPD_SGL_VARIANT.FIX_MULT/DSP1/i_no_versal_es1_workaround.DSP/DSP_OUTPUT_INST/PCOUT[47]
                         net (fo=1, unplaced)         0.014     1.871    bd_0_i/hls_inst/inst/fmul_32ns_32ns_32_3_max_dsp_1_U421/MLP_fmul_32ns_32ns_32_3_max_dsp_1_ip_u/inst/i_synth/MULT.OP/i_non_prim.MULT/DSP48E1_SPD_SGL_VARIANT.FIX_MULT/DSP2/i_no_versal_es1_workaround.DSP/PCIN[47]
                         DSP_ALU (Prop_DSP_ALU_PCIN[47]_ALU_OUT[47])
                                                      0.546     2.417 f  bd_0_i/hls_inst/inst/fmul_32ns_32ns_32_3_max_dsp_1_U421/MLP_fmul_32ns_32ns_32_3_max_dsp_1_ip_u/inst/i_synth/MULT.OP/i_non_prim.MULT/DSP48E1_SPD_SGL_VARIANT.FIX_MULT/DSP2/i_no_versal_es1_workaround.DSP/DSP_ALU_INST/ALU_OUT[47]
                         net (fo=1, unplaced)         0.000     2.417    bd_0_i/hls_inst/inst/fmul_32ns_32ns_32_3_max_dsp_1_U421/MLP_fmul_32ns_32ns_32_3_max_dsp_1_ip_u/inst/i_synth/MULT.OP/i_non_prim.MULT/DSP48E1_SPD_SGL_VARIANT.FIX_MULT/DSP2/i_no_versal_es1_workaround.DSP/DSP_ALU.ALU_OUT<47>
                         DSP_OUTPUT (Prop_DSP_OUTPUT_ALU_OUT[47]_PCOUT[47])
                                                      0.122     2.539 r  bd_0_i/hls_inst/inst/fmul_32ns_32ns_32_3_max_dsp_1_U421/MLP_fmul_32ns_32ns_32_3_max_dsp_1_ip_u/inst/i_synth/MULT.OP/i_non_prim.MULT/DSP48E1_SPD_SGL_VARIANT.FIX_MULT/DSP2/i_no_versal_es1_workaround.DSP/DSP_OUTPUT_INST/PCOUT[47]
                         net (fo=1, unplaced)         0.014     2.553    bd_0_i/hls_inst/inst/fmul_32ns_32ns_32_3_max_dsp_1_U421/MLP_fmul_32ns_32ns_32_3_max_dsp_1_ip_u/inst/i_synth/MULT.OP/i_non_prim.R_AND_R/LAT_OPT.FULL.R_AND_R/DSP48E1_SGL_EXP_IP.OLD_ADD.ADD/i_no_versal_es1_workaround.DSP/PCIN[47]
                         DSP_ALU (Prop_DSP_ALU_PCIN[47]_ALU_OUT[29])
                                                      0.546     3.099 f  bd_0_i/hls_inst/inst/fmul_32ns_32ns_32_3_max_dsp_1_U421/MLP_fmul_32ns_32ns_32_3_max_dsp_1_ip_u/inst/i_synth/MULT.OP/i_non_prim.R_AND_R/LAT_OPT.FULL.R_AND_R/DSP48E1_SGL_EXP_IP.OLD_ADD.ADD/i_no_versal_es1_workaround.DSP/DSP_ALU_INST/ALU_OUT[29]
                         net (fo=1, unplaced)         0.000     3.099    bd_0_i/hls_inst/inst/fmul_32ns_32ns_32_3_max_dsp_1_U421/MLP_fmul_32ns_32ns_32_3_max_dsp_1_ip_u/inst/i_synth/MULT.OP/i_non_prim.R_AND_R/LAT_OPT.FULL.R_AND_R/DSP48E1_SGL_EXP_IP.OLD_ADD.ADD/i_no_versal_es1_workaround.DSP/DSP_ALU.ALU_OUT<29>
                         DSP_OUTPUT (Prop_DSP_OUTPUT_ALU_OUT[29]_P[29])
                                                      0.109     3.208 r  bd_0_i/hls_inst/inst/fmul_32ns_32ns_32_3_max_dsp_1_U421/MLP_fmul_32ns_32ns_32_3_max_dsp_1_ip_u/inst/i_synth/MULT.OP/i_non_prim.R_AND_R/LAT_OPT.FULL.R_AND_R/DSP48E1_SGL_EXP_IP.OLD_ADD.ADD/i_no_versal_es1_workaround.DSP/DSP_OUTPUT_INST/P[29]
                         net (fo=1, unplaced)         0.216     3.424    bd_0_i/hls_inst/inst/fmul_32ns_32ns_32_3_max_dsp_1_U421/MLP_fmul_32ns_32ns_32_3_max_dsp_1_ip_u/inst/i_synth/MULT.OP/i_non_prim.MULT/DSP48E1_SPD_SGL_VARIANT.FIX_MULT/DSP2/RESULT_REG.NORMAL.exp_op_reg[6][22]
                         LUT6 (Prop_LUT6_I1_O)        0.125     3.549 r  bd_0_i/hls_inst/inst/fmul_32ns_32ns_32_3_max_dsp_1_U421/MLP_fmul_32ns_32ns_32_3_max_dsp_1_ip_u/inst/i_synth/MULT.OP/i_non_prim.MULT/DSP48E1_SPD_SGL_VARIANT.FIX_MULT/DSP2/RESULT_REG.NORMAL.mant_op[22]_i_2/O
                         net (fo=1, unplaced)         0.140     3.689    bd_0_i/hls_inst/inst/fmul_32ns_32ns_32_3_max_dsp_1_U421/MLP_fmul_32ns_32ns_32_3_max_dsp_1_ip_u/inst/i_synth/MULT.OP/i_non_prim.EXP/EXP_ADD.C_CHAIN/p_3_out[0]
                         LUT3 (Prop_LUT3_I1_O)        0.112     3.801 r  bd_0_i/hls_inst/inst/fmul_32ns_32ns_32_3_max_dsp_1_U421/MLP_fmul_32ns_32ns_32_3_max_dsp_1_ip_u/inst/i_synth/MULT.OP/i_non_prim.EXP/EXP_ADD.C_CHAIN/RESULT_REG.NORMAL.mant_op[22]_i_1/O
                         net (fo=1, unplaced)         0.048     3.849    bd_0_i/hls_inst/inst/fmul_32ns_32ns_32_3_max_dsp_1_U421/MLP_fmul_32ns_32ns_32_3_max_dsp_1_ip_u/inst/i_synth/MULT.OP/i_non_prim.OP/RESULT_REG.NORMAL.mant_op_reg[22]_0
                         FDRE                                         r  bd_0_i/hls_inst/inst/fmul_32ns_32ns_32_3_max_dsp_1_U421/MLP_fmul_32ns_32ns_32_3_max_dsp_1_ip_u/inst/i_synth/MULT.OP/i_non_prim.OP/RESULT_REG.NORMAL.mant_op_reg[22]/D
  -------------------------------------------------------------------    -------------------

                         (clock ap_clk rise edge)    10.000    10.000 r  
                                                      0.000    10.000 r  ap_clk (IN)
                         net (fo=30066, unset)        0.021    10.021    bd_0_i/hls_inst/inst/fmul_32ns_32ns_32_3_max_dsp_1_U421/MLP_fmul_32ns_32ns_32_3_max_dsp_1_ip_u/inst/i_synth/MULT.OP/i_non_prim.OP/aclk
                         FDRE                                         r  bd_0_i/hls_inst/inst/fmul_32ns_32ns_32_3_max_dsp_1_U421/MLP_fmul_32ns_32ns_32_3_max_dsp_1_ip_u/inst/i_synth/MULT.OP/i_non_prim.OP/RESULT_REG.NORMAL.mant_op_reg[22]/C
                         clock pessimism              0.000    10.021    
                         clock uncertainty           -0.035     9.986    
                         FDRE (Setup_FDRE_C_D)        0.025    10.011    bd_0_i/hls_inst/inst/fmul_32ns_32ns_32_3_max_dsp_1_U421/MLP_fmul_32ns_32ns_32_3_max_dsp_1_ip_u/inst/i_synth/MULT.OP/i_non_prim.OP/RESULT_REG.NORMAL.mant_op_reg[22]
  -------------------------------------------------------------------
                         required time                         10.011    
                         arrival time                          -3.849    
  -------------------------------------------------------------------
                         slack                                  6.162    

Slack (MET) :             6.162ns  (required time - arrival time)
  Source:                 bd_0_i/hls_inst/inst/fmul_32ns_32ns_32_3_max_dsp_1_U422/din1_buf1_reg[15]/C
                            (rising edge-triggered cell FDRE clocked by ap_clk  {rise@0.000ns fall@5.000ns period=10.000ns})
  Destination:            bd_0_i/hls_inst/inst/fmul_32ns_32ns_32_3_max_dsp_1_U422/MLP_fmul_32ns_32ns_32_3_max_dsp_1_ip_u/inst/i_synth/MULT.OP/i_non_prim.OP/RESULT_REG.NORMAL.mant_op_reg[22]/D
                            (rising edge-triggered cell FDRE clocked by ap_clk  {rise@0.000ns fall@5.000ns period=10.000ns})
  Path Group:             ap_clk
  Path Type:              Setup (Max at Slow Process Corner)
  Requirement:            10.000ns  (ap_clk rise@10.000ns - ap_clk rise@0.000ns)
  Data Path Delay:        3.819ns  (logic 3.209ns (84.027%)  route 0.610ns (15.973%))
  Logic Levels:           12  (DSP_A_B_DATA=1 DSP_ALU=3 DSP_M_DATA=1 DSP_MULTIPLIER=1 DSP_OUTPUT=3 DSP_PREADD_DATA=1 LUT3=1 LUT6=1)
  Clock Path Skew:        -0.009ns (DCD - SCD + CPR)
    Destination Clock Delay (DCD):    0.021ns = ( 10.021 - 10.000 ) 
    Source Clock Delay      (SCD):    0.030ns
    Clock Pessimism Removal (CPR):    0.000ns
  Clock Uncertainty:      0.035ns  ((TSJ^2 + TIJ^2)^1/2 + DJ) / 2 + PE
    Total System Jitter     (TSJ):    0.071ns
    Total Input Jitter      (TIJ):    0.000ns
    Discrete Jitter          (DJ):    0.000ns
    Phase Error              (PE):    0.000ns

    Location             Delay type                Incr(ns)  Path(ns)    Netlist Resource(s)
  -------------------------------------------------------------------    -------------------
                         (clock ap_clk rise edge)     0.000     0.000 r  
                                                      0.000     0.000 r  ap_clk (IN)
                         net (fo=30066, unset)        0.030     0.030    bd_0_i/hls_inst/inst/fmul_32ns_32ns_32_3_max_dsp_1_U422/ap_clk
                         FDRE                                         r  bd_0_i/hls_inst/inst/fmul_32ns_32ns_32_3_max_dsp_1_U422/din1_buf1_reg[15]/C
  -------------------------------------------------------------------    -------------------
                         FDRE (Prop_FDRE_C_Q)         0.077     0.107 f  bd_0_i/hls_inst/inst/fmul_32ns_32ns_32_3_max_dsp_1_U422/din1_buf1_reg[15]/Q
                         net (fo=1, unplaced)         0.178     0.285    bd_0_i/hls_inst/inst/fmul_32ns_32ns_32_3_max_dsp_1_U422/MLP_fmul_32ns_32ns_32_3_max_dsp_1_ip_u/inst/i_synth/MULT.OP/i_non_prim.MULT/DSP48E1_SPD_SGL_VARIANT.FIX_MULT/DSP1/i_no_versal_es1_workaround.DSP/B[15]
                         DSP_A_B_DATA (Prop_DSP_A_B_DATA_B[15]_B2_DATA[15])
                                                      0.151     0.436 r  bd_0_i/hls_inst/inst/fmul_32ns_32ns_32_3_max_dsp_1_U422/MLP_fmul_32ns_32ns_32_3_max_dsp_1_ip_u/inst/i_synth/MULT.OP/i_non_prim.MULT/DSP48E1_SPD_SGL_VARIANT.FIX_MULT/DSP1/i_no_versal_es1_workaround.DSP/DSP_A_B_DATA_INST/B2_DATA[15]
                         net (fo=1, unplaced)         0.000     0.436    bd_0_i/hls_inst/inst/fmul_32ns_32ns_32_3_max_dsp_1_U422/MLP_fmul_32ns_32ns_32_3_max_dsp_1_ip_u/inst/i_synth/MULT.OP/i_non_prim.MULT/DSP48E1_SPD_SGL_VARIANT.FIX_MULT/DSP1/i_no_versal_es1_workaround.DSP/DSP_A_B_DATA.B2_DATA<15>
                         DSP_PREADD_DATA (Prop_DSP_PREADD_DATA_B2_DATA[15]_B2B1[15])
                                                      0.073     0.509 r  bd_0_i/hls_inst/inst/fmul_32ns_32ns_32_3_max_dsp_1_U422/MLP_fmul_32ns_32ns_32_3_max_dsp_1_ip_u/inst/i_synth/MULT.OP/i_non_prim.MULT/DSP48E1_SPD_SGL_VARIANT.FIX_MULT/DSP1/i_no_versal_es1_workaround.DSP/DSP_PREADD_DATA_INST/B2B1[15]
                         net (fo=1, unplaced)         0.000     0.509    bd_0_i/hls_inst/inst/fmul_32ns_32ns_32_3_max_dsp_1_U422/MLP_fmul_32ns_32ns_32_3_max_dsp_1_ip_u/inst/i_synth/MULT.OP/i_non_prim.MULT/DSP48E1_SPD_SGL_VARIANT.FIX_MULT/DSP1/i_no_versal_es1_workaround.DSP/DSP_PREADD_DATA.B2B1<15>
                         DSP_MULTIPLIER (Prop_DSP_MULTIPLIER_B2B1[15]_V[43])
                                                      0.609     1.118 f  bd_0_i/hls_inst/inst/fmul_32ns_32ns_32_3_max_dsp_1_U422/MLP_fmul_32ns_32ns_32_3_max_dsp_1_ip_u/inst/i_synth/MULT.OP/i_non_prim.MULT/DSP48E1_SPD_SGL_VARIANT.FIX_MULT/DSP1/i_no_versal_es1_workaround.DSP/DSP_MULTIPLIER_INST/V[43]
                         net (fo=1, unplaced)         0.000     1.118    bd_0_i/hls_inst/inst/fmul_32ns_32ns_32_3_max_dsp_1_U422/MLP_fmul_32ns_32ns_32_3_max_dsp_1_ip_u/inst/i_synth/MULT.OP/i_non_prim.MULT/DSP48E1_SPD_SGL_VARIANT.FIX_MULT/DSP1/i_no_versal_es1_workaround.DSP/DSP_MULTIPLIER.V<43>
                         DSP_M_DATA (Prop_DSP_M_DATA_V[43]_V_DATA[43])
                                                      0.046     1.164 r  bd_0_i/hls_inst/inst/fmul_32ns_32ns_32_3_max_dsp_1_U422/MLP_fmul_32ns_32ns_32_3_max_dsp_1_ip_u/inst/i_synth/MULT.OP/i_non_prim.MULT/DSP48E1_SPD_SGL_VARIANT.FIX_MULT/DSP1/i_no_versal_es1_workaround.DSP/DSP_M_DATA_INST/V_DATA[43]
                         net (fo=1, unplaced)         0.000     1.164    bd_0_i/hls_inst/inst/fmul_32ns_32ns_32_3_max_dsp_1_U422/MLP_fmul_32ns_32ns_32_3_max_dsp_1_ip_u/inst/i_synth/MULT.OP/i_non_prim.MULT/DSP48E1_SPD_SGL_VARIANT.FIX_MULT/DSP1/i_no_versal_es1_workaround.DSP/DSP_M_DATA.V_DATA<43>
                         DSP_ALU (Prop_DSP_ALU_V_DATA[43]_ALU_OUT[47])
                                                      0.571     1.735 f  bd_0_i/hls_inst/inst/fmul_32ns_32ns_32_3_max_dsp_1_U422/MLP_fmul_32ns_32ns_32_3_max_dsp_1_ip_u/inst/i_synth/MULT.OP/i_non_prim.MULT/DSP48E1_SPD_SGL_VARIANT.FIX_MULT/DSP1/i_no_versal_es1_workaround.DSP/DSP_ALU_INST/ALU_OUT[47]
                         net (fo=1, unplaced)         0.000     1.735    bd_0_i/hls_inst/inst/fmul_32ns_32ns_32_3_max_dsp_1_U422/MLP_fmul_32ns_32ns_32_3_max_dsp_1_ip_u/inst/i_synth/MULT.OP/i_non_prim.MULT/DSP48E1_SPD_SGL_VARIANT.FIX_MULT/DSP1/i_no_versal_es1_workaround.DSP/DSP_ALU.ALU_OUT<47>
                         DSP_OUTPUT (Prop_DSP_OUTPUT_ALU_OUT[47]_PCOUT[47])
                                                      0.122     1.857 r  bd_0_i/hls_inst/inst/fmul_32ns_32ns_32_3_max_dsp_1_U422/MLP_fmul_32ns_32ns_32_3_max_dsp_1_ip_u/inst/i_synth/MULT.OP/i_non_prim.MULT/DSP48E1_SPD_SGL_VARIANT.FIX_MULT/DSP1/i_no_versal_es1_workaround.DSP/DSP_OUTPUT_INST/PCOUT[47]
                         net (fo=1, unplaced)         0.014     1.871    bd_0_i/hls_inst/inst/fmul_32ns_32ns_32_3_max_dsp_1_U422/MLP_fmul_32ns_32ns_32_3_max_dsp_1_ip_u/inst/i_synth/MULT.OP/i_non_prim.MULT/DSP48E1_SPD_SGL_VARIANT.FIX_MULT/DSP2/i_no_versal_es1_workaround.DSP/PCIN[47]
                         DSP_ALU (Prop_DSP_ALU_PCIN[47]_ALU_OUT[47])
                                                      0.546     2.417 f  bd_0_i/hls_inst/inst/fmul_32ns_32ns_32_3_max_dsp_1_U422/MLP_fmul_32ns_32ns_32_3_max_dsp_1_ip_u/inst/i_synth/MULT.OP/i_non_prim.MULT/DSP48E1_SPD_SGL_VARIANT.FIX_MULT/DSP2/i_no_versal_es1_workaround.DSP/DSP_ALU_INST/ALU_OUT[47]
                         net (fo=1, unplaced)         0.000     2.417    bd_0_i/hls_inst/inst/fmul_32ns_32ns_32_3_max_dsp_1_U422/MLP_fmul_32ns_32ns_32_3_max_dsp_1_ip_u/inst/i_synth/MULT.OP/i_non_prim.MULT/DSP48E1_SPD_SGL_VARIANT.FIX_MULT/DSP2/i_no_versal_es1_workaround.DSP/DSP_ALU.ALU_OUT<47>
                         DSP_OUTPUT (Prop_DSP_OUTPUT_ALU_OUT[47]_PCOUT[47])
                                                      0.122     2.539 r  bd_0_i/hls_inst/inst/fmul_32ns_32ns_32_3_max_dsp_1_U422/MLP_fmul_32ns_32ns_32_3_max_dsp_1_ip_u/inst/i_synth/MULT.OP/i_non_prim.MULT/DSP48E1_SPD_SGL_VARIANT.FIX_MULT/DSP2/i_no_versal_es1_workaround.DSP/DSP_OUTPUT_INST/PCOUT[47]
                         net (fo=1, unplaced)         0.014     2.553    bd_0_i/hls_inst/inst/fmul_32ns_32ns_32_3_max_dsp_1_U422/MLP_fmul_32ns_32ns_32_3_max_dsp_1_ip_u/inst/i_synth/MULT.OP/i_non_prim.R_AND_R/LAT_OPT.FULL.R_AND_R/DSP48E1_SGL_EXP_IP.OLD_ADD.ADD/i_no_versal_es1_workaround.DSP/PCIN[47]
                         DSP_ALU (Prop_DSP_ALU_PCIN[47]_ALU_OUT[29])
                                                      0.546     3.099 f  bd_0_i/hls_inst/inst/fmul_32ns_32ns_32_3_max_dsp_1_U422/MLP_fmul_32ns_32ns_32_3_max_dsp_1_ip_u/inst/i_synth/MULT.OP/i_non_prim.R_AND_R/LAT_OPT.FULL.R_AND_R/DSP48E1_SGL_EXP_IP.OLD_ADD.ADD/i_no_versal_es1_workaround.DSP/DSP_ALU_INST/ALU_OUT[29]
                         net (fo=1, unplaced)         0.000     3.099    bd_0_i/hls_inst/inst/fmul_32ns_32ns_32_3_max_dsp_1_U422/MLP_fmul_32ns_32ns_32_3_max_dsp_1_ip_u/inst/i_synth/MULT.OP/i_non_prim.R_AND_R/LAT_OPT.FULL.R_AND_R/DSP48E1_SGL_EXP_IP.OLD_ADD.ADD/i_no_versal_es1_workaround.DSP/DSP_ALU.ALU_OUT<29>
                         DSP_OUTPUT (Prop_DSP_OUTPUT_ALU_OUT[29]_P[29])
                                                      0.109     3.208 r  bd_0_i/hls_inst/inst/fmul_32ns_32ns_32_3_max_dsp_1_U422/MLP_fmul_32ns_32ns_32_3_max_dsp_1_ip_u/inst/i_synth/MULT.OP/i_non_prim.R_AND_R/LAT_OPT.FULL.R_AND_R/DSP48E1_SGL_EXP_IP.OLD_ADD.ADD/i_no_versal_es1_workaround.DSP/DSP_OUTPUT_INST/P[29]
                         net (fo=1, unplaced)         0.216     3.424    bd_0_i/hls_inst/inst/fmul_32ns_32ns_32_3_max_dsp_1_U422/MLP_fmul_32ns_32ns_32_3_max_dsp_1_ip_u/inst/i_synth/MULT.OP/i_non_prim.MULT/DSP48E1_SPD_SGL_VARIANT.FIX_MULT/DSP2/RESULT_REG.NORMAL.exp_op_reg[6][22]
                         LUT6 (Prop_LUT6_I1_O)        0.125     3.549 r  bd_0_i/hls_inst/inst/fmul_32ns_32ns_32_3_max_dsp_1_U422/MLP_fmul_32ns_32ns_32_3_max_dsp_1_ip_u/inst/i_synth/MULT.OP/i_non_prim.MULT/DSP48E1_SPD_SGL_VARIANT.FIX_MULT/DSP2/RESULT_REG.NORMAL.mant_op[22]_i_2/O
                         net (fo=1, unplaced)         0.140     3.689    bd_0_i/hls_inst/inst/fmul_32ns_32ns_32_3_max_dsp_1_U422/MLP_fmul_32ns_32ns_32_3_max_dsp_1_ip_u/inst/i_synth/MULT.OP/i_non_prim.EXP/EXP_ADD.C_CHAIN/p_3_out[0]
                         LUT3 (Prop_LUT3_I1_O)        0.112     3.801 r  bd_0_i/hls_inst/inst/fmul_32ns_32ns_32_3_max_dsp_1_U422/MLP_fmul_32ns_32ns_32_3_max_dsp_1_ip_u/inst/i_synth/MULT.OP/i_non_prim.EXP/EXP_ADD.C_CHAIN/RESULT_REG.NORMAL.mant_op[22]_i_1/O
                         net (fo=1, unplaced)         0.048     3.849    bd_0_i/hls_inst/inst/fmul_32ns_32ns_32_3_max_dsp_1_U422/MLP_fmul_32ns_32ns_32_3_max_dsp_1_ip_u/inst/i_synth/MULT.OP/i_non_prim.OP/RESULT_REG.NORMAL.mant_op_reg[22]_0
                         FDRE                                         r  bd_0_i/hls_inst/inst/fmul_32ns_32ns_32_3_max_dsp_1_U422/MLP_fmul_32ns_32ns_32_3_max_dsp_1_ip_u/inst/i_synth/MULT.OP/i_non_prim.OP/RESULT_REG.NORMAL.mant_op_reg[22]/D
  -------------------------------------------------------------------    -------------------

                         (clock ap_clk rise edge)    10.000    10.000 r  
                                                      0.000    10.000 r  ap_clk (IN)
                         net (fo=30066, unset)        0.021    10.021    bd_0_i/hls_inst/inst/fmul_32ns_32ns_32_3_max_dsp_1_U422/MLP_fmul_32ns_32ns_32_3_max_dsp_1_ip_u/inst/i_synth/MULT.OP/i_non_prim.OP/aclk
                         FDRE                                         r  bd_0_i/hls_inst/inst/fmul_32ns_32ns_32_3_max_dsp_1_U422/MLP_fmul_32ns_32ns_32_3_max_dsp_1_ip_u/inst/i_synth/MULT.OP/i_non_prim.OP/RESULT_REG.NORMAL.mant_op_reg[22]/C
                         clock pessimism              0.000    10.021    
                         clock uncertainty           -0.035     9.986    
                         FDRE (Setup_FDRE_C_D)        0.025    10.011    bd_0_i/hls_inst/inst/fmul_32ns_32ns_32_3_max_dsp_1_U422/MLP_fmul_32ns_32ns_32_3_max_dsp_1_ip_u/inst/i_synth/MULT.OP/i_non_prim.OP/RESULT_REG.NORMAL.mant_op_reg[22]
  -------------------------------------------------------------------
                         required time                         10.011    
                         arrival time                          -3.849    
  -------------------------------------------------------------------
                         slack                                  6.162    

Slack (MET) :             6.162ns  (required time - arrival time)
  Source:                 bd_0_i/hls_inst/inst/fmul_32ns_32ns_32_3_max_dsp_1_U423/din1_buf1_reg[15]/C
                            (rising edge-triggered cell FDRE clocked by ap_clk  {rise@0.000ns fall@5.000ns period=10.000ns})
  Destination:            bd_0_i/hls_inst/inst/fmul_32ns_32ns_32_3_max_dsp_1_U423/MLP_fmul_32ns_32ns_32_3_max_dsp_1_ip_u/inst/i_synth/MULT.OP/i_non_prim.OP/RESULT_REG.NORMAL.mant_op_reg[22]/D
                            (rising edge-triggered cell FDRE clocked by ap_clk  {rise@0.000ns fall@5.000ns period=10.000ns})
  Path Group:             ap_clk
  Path Type:              Setup (Max at Slow Process Corner)
  Requirement:            10.000ns  (ap_clk rise@10.000ns - ap_clk rise@0.000ns)
  Data Path Delay:        3.819ns  (logic 3.209ns (84.027%)  route 0.610ns (15.973%))
  Logic Levels:           12  (DSP_A_B_DATA=1 DSP_ALU=3 DSP_M_DATA=1 DSP_MULTIPLIER=1 DSP_OUTPUT=3 DSP_PREADD_DATA=1 LUT3=1 LUT6=1)
  Clock Path Skew:        -0.009ns (DCD - SCD + CPR)
    Destination Clock Delay (DCD):    0.021ns = ( 10.021 - 10.000 ) 
    Source Clock Delay      (SCD):    0.030ns
    Clock Pessimism Removal (CPR):    0.000ns
  Clock Uncertainty:      0.035ns  ((TSJ^2 + TIJ^2)^1/2 + DJ) / 2 + PE
    Total System Jitter     (TSJ):    0.071ns
    Total Input Jitter      (TIJ):    0.000ns
    Discrete Jitter          (DJ):    0.000ns
    Phase Error              (PE):    0.000ns

    Location             Delay type                Incr(ns)  Path(ns)    Netlist Resource(s)
  -------------------------------------------------------------------    -------------------
                         (clock ap_clk rise edge)     0.000     0.000 r  
                                                      0.000     0.000 r  ap_clk (IN)
                         net (fo=30066, unset)        0.030     0.030    bd_0_i/hls_inst/inst/fmul_32ns_32ns_32_3_max_dsp_1_U423/ap_clk
                         FDRE                                         r  bd_0_i/hls_inst/inst/fmul_32ns_32ns_32_3_max_dsp_1_U423/din1_buf1_reg[15]/C
  -------------------------------------------------------------------    -------------------
                         FDRE (Prop_FDRE_C_Q)         0.077     0.107 f  bd_0_i/hls_inst/inst/fmul_32ns_32ns_32_3_max_dsp_1_U423/din1_buf1_reg[15]/Q
                         net (fo=1, unplaced)         0.178     0.285    bd_0_i/hls_inst/inst/fmul_32ns_32ns_32_3_max_dsp_1_U423/MLP_fmul_32ns_32ns_32_3_max_dsp_1_ip_u/inst/i_synth/MULT.OP/i_non_prim.MULT/DSP48E1_SPD_SGL_VARIANT.FIX_MULT/DSP1/i_no_versal_es1_workaround.DSP/B[15]
                         DSP_A_B_DATA (Prop_DSP_A_B_DATA_B[15]_B2_DATA[15])
                                                      0.151     0.436 r  bd_0_i/hls_inst/inst/fmul_32ns_32ns_32_3_max_dsp_1_U423/MLP_fmul_32ns_32ns_32_3_max_dsp_1_ip_u/inst/i_synth/MULT.OP/i_non_prim.MULT/DSP48E1_SPD_SGL_VARIANT.FIX_MULT/DSP1/i_no_versal_es1_workaround.DSP/DSP_A_B_DATA_INST/B2_DATA[15]
                         net (fo=1, unplaced)         0.000     0.436    bd_0_i/hls_inst/inst/fmul_32ns_32ns_32_3_max_dsp_1_U423/MLP_fmul_32ns_32ns_32_3_max_dsp_1_ip_u/inst/i_synth/MULT.OP/i_non_prim.MULT/DSP48E1_SPD_SGL_VARIANT.FIX_MULT/DSP1/i_no_versal_es1_workaround.DSP/DSP_A_B_DATA.B2_DATA<15>
                         DSP_PREADD_DATA (Prop_DSP_PREADD_DATA_B2_DATA[15]_B2B1[15])
                                                      0.073     0.509 r  bd_0_i/hls_inst/inst/fmul_32ns_32ns_32_3_max_dsp_1_U423/MLP_fmul_32ns_32ns_32_3_max_dsp_1_ip_u/inst/i_synth/MULT.OP/i_non_prim.MULT/DSP48E1_SPD_SGL_VARIANT.FIX_MULT/DSP1/i_no_versal_es1_workaround.DSP/DSP_PREADD_DATA_INST/B2B1[15]
                         net (fo=1, unplaced)         0.000     0.509    bd_0_i/hls_inst/inst/fmul_32ns_32ns_32_3_max_dsp_1_U423/MLP_fmul_32ns_32ns_32_3_max_dsp_1_ip_u/inst/i_synth/MULT.OP/i_non_prim.MULT/DSP48E1_SPD_SGL_VARIANT.FIX_MULT/DSP1/i_no_versal_es1_workaround.DSP/DSP_PREADD_DATA.B2B1<15>
                         DSP_MULTIPLIER (Prop_DSP_MULTIPLIER_B2B1[15]_V[43])
                                                      0.609     1.118 f  bd_0_i/hls_inst/inst/fmul_32ns_32ns_32_3_max_dsp_1_U423/MLP_fmul_32ns_32ns_32_3_max_dsp_1_ip_u/inst/i_synth/MULT.OP/i_non_prim.MULT/DSP48E1_SPD_SGL_VARIANT.FIX_MULT/DSP1/i_no_versal_es1_workaround.DSP/DSP_MULTIPLIER_INST/V[43]
                         net (fo=1, unplaced)         0.000     1.118    bd_0_i/hls_inst/inst/fmul_32ns_32ns_32_3_max_dsp_1_U423/MLP_fmul_32ns_32ns_32_3_max_dsp_1_ip_u/inst/i_synth/MULT.OP/i_non_prim.MULT/DSP48E1_SPD_SGL_VARIANT.FIX_MULT/DSP1/i_no_versal_es1_workaround.DSP/DSP_MULTIPLIER.V<43>
                         DSP_M_DATA (Prop_DSP_M_DATA_V[43]_V_DATA[43])
                                                      0.046     1.164 r  bd_0_i/hls_inst/inst/fmul_32ns_32ns_32_3_max_dsp_1_U423/MLP_fmul_32ns_32ns_32_3_max_dsp_1_ip_u/inst/i_synth/MULT.OP/i_non_prim.MULT/DSP48E1_SPD_SGL_VARIANT.FIX_MULT/DSP1/i_no_versal_es1_workaround.DSP/DSP_M_DATA_INST/V_DATA[43]
                         net (fo=1, unplaced)         0.000     1.164    bd_0_i/hls_inst/inst/fmul_32ns_32ns_32_3_max_dsp_1_U423/MLP_fmul_32ns_32ns_32_3_max_dsp_1_ip_u/inst/i_synth/MULT.OP/i_non_prim.MULT/DSP48E1_SPD_SGL_VARIANT.FIX_MULT/DSP1/i_no_versal_es1_workaround.DSP/DSP_M_DATA.V_DATA<43>
                         DSP_ALU (Prop_DSP_ALU_V_DATA[43]_ALU_OUT[47])
                                                      0.571     1.735 f  bd_0_i/hls_inst/inst/fmul_32ns_32ns_32_3_max_dsp_1_U423/MLP_fmul_32ns_32ns_32_3_max_dsp_1_ip_u/inst/i_synth/MULT.OP/i_non_prim.MULT/DSP48E1_SPD_SGL_VARIANT.FIX_MULT/DSP1/i_no_versal_es1_workaround.DSP/DSP_ALU_INST/ALU_OUT[47]
                         net (fo=1, unplaced)         0.000     1.735    bd_0_i/hls_inst/inst/fmul_32ns_32ns_32_3_max_dsp_1_U423/MLP_fmul_32ns_32ns_32_3_max_dsp_1_ip_u/inst/i_synth/MULT.OP/i_non_prim.MULT/DSP48E1_SPD_SGL_VARIANT.FIX_MULT/DSP1/i_no_versal_es1_workaround.DSP/DSP_ALU.ALU_OUT<47>
                         DSP_OUTPUT (Prop_DSP_OUTPUT_ALU_OUT[47]_PCOUT[47])
                                                      0.122     1.857 r  bd_0_i/hls_inst/inst/fmul_32ns_32ns_32_3_max_dsp_1_U423/MLP_fmul_32ns_32ns_32_3_max_dsp_1_ip_u/inst/i_synth/MULT.OP/i_non_prim.MULT/DSP48E1_SPD_SGL_VARIANT.FIX_MULT/DSP1/i_no_versal_es1_workaround.DSP/DSP_OUTPUT_INST/PCOUT[47]
                         net (fo=1, unplaced)         0.014     1.871    bd_0_i/hls_inst/inst/fmul_32ns_32ns_32_3_max_dsp_1_U423/MLP_fmul_32ns_32ns_32_3_max_dsp_1_ip_u/inst/i_synth/MULT.OP/i_non_prim.MULT/DSP48E1_SPD_SGL_VARIANT.FIX_MULT/DSP2/i_no_versal_es1_workaround.DSP/PCIN[47]
                         DSP_ALU (Prop_DSP_ALU_PCIN[47]_ALU_OUT[47])
                                                      0.546     2.417 f  bd_0_i/hls_inst/inst/fmul_32ns_32ns_32_3_max_dsp_1_U423/MLP_fmul_32ns_32ns_32_3_max_dsp_1_ip_u/inst/i_synth/MULT.OP/i_non_prim.MULT/DSP48E1_SPD_SGL_VARIANT.FIX_MULT/DSP2/i_no_versal_es1_workaround.DSP/DSP_ALU_INST/ALU_OUT[47]
                         net (fo=1, unplaced)         0.000     2.417    bd_0_i/hls_inst/inst/fmul_32ns_32ns_32_3_max_dsp_1_U423/MLP_fmul_32ns_32ns_32_3_max_dsp_1_ip_u/inst/i_synth/MULT.OP/i_non_prim.MULT/DSP48E1_SPD_SGL_VARIANT.FIX_MULT/DSP2/i_no_versal_es1_workaround.DSP/DSP_ALU.ALU_OUT<47>
                         DSP_OUTPUT (Prop_DSP_OUTPUT_ALU_OUT[47]_PCOUT[47])
                                                      0.122     2.539 r  bd_0_i/hls_inst/inst/fmul_32ns_32ns_32_3_max_dsp_1_U423/MLP_fmul_32ns_32ns_32_3_max_dsp_1_ip_u/inst/i_synth/MULT.OP/i_non_prim.MULT/DSP48E1_SPD_SGL_VARIANT.FIX_MULT/DSP2/i_no_versal_es1_workaround.DSP/DSP_OUTPUT_INST/PCOUT[47]
                         net (fo=1, unplaced)         0.014     2.553    bd_0_i/hls_inst/inst/fmul_32ns_32ns_32_3_max_dsp_1_U423/MLP_fmul_32ns_32ns_32_3_max_dsp_1_ip_u/inst/i_synth/MULT.OP/i_non_prim.R_AND_R/LAT_OPT.FULL.R_AND_R/DSP48E1_SGL_EXP_IP.OLD_ADD.ADD/i_no_versal_es1_workaround.DSP/PCIN[47]
                         DSP_ALU (Prop_DSP_ALU_PCIN[47]_ALU_OUT[29])
                                                      0.546     3.099 f  bd_0_i/hls_inst/inst/fmul_32ns_32ns_32_3_max_dsp_1_U423/MLP_fmul_32ns_32ns_32_3_max_dsp_1_ip_u/inst/i_synth/MULT.OP/i_non_prim.R_AND_R/LAT_OPT.FULL.R_AND_R/DSP48E1_SGL_EXP_IP.OLD_ADD.ADD/i_no_versal_es1_workaround.DSP/DSP_ALU_INST/ALU_OUT[29]
                         net (fo=1, unplaced)         0.000     3.099    bd_0_i/hls_inst/inst/fmul_32ns_32ns_32_3_max_dsp_1_U423/MLP_fmul_32ns_32ns_32_3_max_dsp_1_ip_u/inst/i_synth/MULT.OP/i_non_prim.R_AND_R/LAT_OPT.FULL.R_AND_R/DSP48E1_SGL_EXP_IP.OLD_ADD.ADD/i_no_versal_es1_workaround.DSP/DSP_ALU.ALU_OUT<29>
                         DSP_OUTPUT (Prop_DSP_OUTPUT_ALU_OUT[29]_P[29])
                                                      0.109     3.208 r  bd_0_i/hls_inst/inst/fmul_32ns_32ns_32_3_max_dsp_1_U423/MLP_fmul_32ns_32ns_32_3_max_dsp_1_ip_u/inst/i_synth/MULT.OP/i_non_prim.R_AND_R/LAT_OPT.FULL.R_AND_R/DSP48E1_SGL_EXP_IP.OLD_ADD.ADD/i_no_versal_es1_workaround.DSP/DSP_OUTPUT_INST/P[29]
                         net (fo=1, unplaced)         0.216     3.424    bd_0_i/hls_inst/inst/fmul_32ns_32ns_32_3_max_dsp_1_U423/MLP_fmul_32ns_32ns_32_3_max_dsp_1_ip_u/inst/i_synth/MULT.OP/i_non_prim.MULT/DSP48E1_SPD_SGL_VARIANT.FIX_MULT/DSP2/RESULT_REG.NORMAL.exp_op_reg[6][22]
                         LUT6 (Prop_LUT6_I1_O)        0.125     3.549 r  bd_0_i/hls_inst/inst/fmul_32ns_32ns_32_3_max_dsp_1_U423/MLP_fmul_32ns_32ns_32_3_max_dsp_1_ip_u/inst/i_synth/MULT.OP/i_non_prim.MULT/DSP48E1_SPD_SGL_VARIANT.FIX_MULT/DSP2/RESULT_REG.NORMAL.mant_op[22]_i_2/O
                         net (fo=1, unplaced)         0.140     3.689    bd_0_i/hls_inst/inst/fmul_32ns_32ns_32_3_max_dsp_1_U423/MLP_fmul_32ns_32ns_32_3_max_dsp_1_ip_u/inst/i_synth/MULT.OP/i_non_prim.EXP/EXP_ADD.C_CHAIN/p_3_out[0]
                         LUT3 (Prop_LUT3_I1_O)        0.112     3.801 r  bd_0_i/hls_inst/inst/fmul_32ns_32ns_32_3_max_dsp_1_U423/MLP_fmul_32ns_32ns_32_3_max_dsp_1_ip_u/inst/i_synth/MULT.OP/i_non_prim.EXP/EXP_ADD.C_CHAIN/RESULT_REG.NORMAL.mant_op[22]_i_1/O
                         net (fo=1, unplaced)         0.048     3.849    bd_0_i/hls_inst/inst/fmul_32ns_32ns_32_3_max_dsp_1_U423/MLP_fmul_32ns_32ns_32_3_max_dsp_1_ip_u/inst/i_synth/MULT.OP/i_non_prim.OP/RESULT_REG.NORMAL.mant_op_reg[22]_0
                         FDRE                                         r  bd_0_i/hls_inst/inst/fmul_32ns_32ns_32_3_max_dsp_1_U423/MLP_fmul_32ns_32ns_32_3_max_dsp_1_ip_u/inst/i_synth/MULT.OP/i_non_prim.OP/RESULT_REG.NORMAL.mant_op_reg[22]/D
  -------------------------------------------------------------------    -------------------

                         (clock ap_clk rise edge)    10.000    10.000 r  
                                                      0.000    10.000 r  ap_clk (IN)
                         net (fo=30066, unset)        0.021    10.021    bd_0_i/hls_inst/inst/fmul_32ns_32ns_32_3_max_dsp_1_U423/MLP_fmul_32ns_32ns_32_3_max_dsp_1_ip_u/inst/i_synth/MULT.OP/i_non_prim.OP/aclk
                         FDRE                                         r  bd_0_i/hls_inst/inst/fmul_32ns_32ns_32_3_max_dsp_1_U423/MLP_fmul_32ns_32ns_32_3_max_dsp_1_ip_u/inst/i_synth/MULT.OP/i_non_prim.OP/RESULT_REG.NORMAL.mant_op_reg[22]/C
                         clock pessimism              0.000    10.021    
                         clock uncertainty           -0.035     9.986    
                         FDRE (Setup_FDRE_C_D)        0.025    10.011    bd_0_i/hls_inst/inst/fmul_32ns_32ns_32_3_max_dsp_1_U423/MLP_fmul_32ns_32ns_32_3_max_dsp_1_ip_u/inst/i_synth/MULT.OP/i_non_prim.OP/RESULT_REG.NORMAL.mant_op_reg[22]
  -------------------------------------------------------------------
                         required time                         10.011    
                         arrival time                          -3.849    
  -------------------------------------------------------------------
                         slack                                  6.162    

Slack (MET) :             6.162ns  (required time - arrival time)
  Source:                 bd_0_i/hls_inst/inst/fmul_32ns_32ns_32_3_max_dsp_1_U424/din1_buf1_reg[15]/C
                            (rising edge-triggered cell FDRE clocked by ap_clk  {rise@0.000ns fall@5.000ns period=10.000ns})
  Destination:            bd_0_i/hls_inst/inst/fmul_32ns_32ns_32_3_max_dsp_1_U424/MLP_fmul_32ns_32ns_32_3_max_dsp_1_ip_u/inst/i_synth/MULT.OP/i_non_prim.OP/RESULT_REG.NORMAL.mant_op_reg[22]/D
                            (rising edge-triggered cell FDRE clocked by ap_clk  {rise@0.000ns fall@5.000ns period=10.000ns})
  Path Group:             ap_clk
  Path Type:              Setup (Max at Slow Process Corner)
  Requirement:            10.000ns  (ap_clk rise@10.000ns - ap_clk rise@0.000ns)
  Data Path Delay:        3.819ns  (logic 3.209ns (84.027%)  route 0.610ns (15.973%))
  Logic Levels:           12  (DSP_A_B_DATA=1 DSP_ALU=3 DSP_M_DATA=1 DSP_MULTIPLIER=1 DSP_OUTPUT=3 DSP_PREADD_DATA=1 LUT3=1 LUT6=1)
  Clock Path Skew:        -0.009ns (DCD - SCD + CPR)
    Destination Clock Delay (DCD):    0.021ns = ( 10.021 - 10.000 ) 
    Source Clock Delay      (SCD):    0.030ns
    Clock Pessimism Removal (CPR):    0.000ns
  Clock Uncertainty:      0.035ns  ((TSJ^2 + TIJ^2)^1/2 + DJ) / 2 + PE
    Total System Jitter     (TSJ):    0.071ns
    Total Input Jitter      (TIJ):    0.000ns
    Discrete Jitter          (DJ):    0.000ns
    Phase Error              (PE):    0.000ns

    Location             Delay type                Incr(ns)  Path(ns)    Netlist Resource(s)
  -------------------------------------------------------------------    -------------------
                         (clock ap_clk rise edge)     0.000     0.000 r  
                                                      0.000     0.000 r  ap_clk (IN)
                         net (fo=30066, unset)        0.030     0.030    bd_0_i/hls_inst/inst/fmul_32ns_32ns_32_3_max_dsp_1_U424/ap_clk
                         FDRE                                         r  bd_0_i/hls_inst/inst/fmul_32ns_32ns_32_3_max_dsp_1_U424/din1_buf1_reg[15]/C
  -------------------------------------------------------------------    -------------------
                         FDRE (Prop_FDRE_C_Q)         0.077     0.107 f  bd_0_i/hls_inst/inst/fmul_32ns_32ns_32_3_max_dsp_1_U424/din1_buf1_reg[15]/Q
                         net (fo=1, unplaced)         0.178     0.285    bd_0_i/hls_inst/inst/fmul_32ns_32ns_32_3_max_dsp_1_U424/MLP_fmul_32ns_32ns_32_3_max_dsp_1_ip_u/inst/i_synth/MULT.OP/i_non_prim.MULT/DSP48E1_SPD_SGL_VARIANT.FIX_MULT/DSP1/i_no_versal_es1_workaround.DSP/B[15]
                         DSP_A_B_DATA (Prop_DSP_A_B_DATA_B[15]_B2_DATA[15])
                                                      0.151     0.436 r  bd_0_i/hls_inst/inst/fmul_32ns_32ns_32_3_max_dsp_1_U424/MLP_fmul_32ns_32ns_32_3_max_dsp_1_ip_u/inst/i_synth/MULT.OP/i_non_prim.MULT/DSP48E1_SPD_SGL_VARIANT.FIX_MULT/DSP1/i_no_versal_es1_workaround.DSP/DSP_A_B_DATA_INST/B2_DATA[15]
                         net (fo=1, unplaced)         0.000     0.436    bd_0_i/hls_inst/inst/fmul_32ns_32ns_32_3_max_dsp_1_U424/MLP_fmul_32ns_32ns_32_3_max_dsp_1_ip_u/inst/i_synth/MULT.OP/i_non_prim.MULT/DSP48E1_SPD_SGL_VARIANT.FIX_MULT/DSP1/i_no_versal_es1_workaround.DSP/DSP_A_B_DATA.B2_DATA<15>
                         DSP_PREADD_DATA (Prop_DSP_PREADD_DATA_B2_DATA[15]_B2B1[15])
                                                      0.073     0.509 r  bd_0_i/hls_inst/inst/fmul_32ns_32ns_32_3_max_dsp_1_U424/MLP_fmul_32ns_32ns_32_3_max_dsp_1_ip_u/inst/i_synth/MULT.OP/i_non_prim.MULT/DSP48E1_SPD_SGL_VARIANT.FIX_MULT/DSP1/i_no_versal_es1_workaround.DSP/DSP_PREADD_DATA_INST/B2B1[15]
                         net (fo=1, unplaced)         0.000     0.509    bd_0_i/hls_inst/inst/fmul_32ns_32ns_32_3_max_dsp_1_U424/MLP_fmul_32ns_32ns_32_3_max_dsp_1_ip_u/inst/i_synth/MULT.OP/i_non_prim.MULT/DSP48E1_SPD_SGL_VARIANT.FIX_MULT/DSP1/i_no_versal_es1_workaround.DSP/DSP_PREADD_DATA.B2B1<15>
                         DSP_MULTIPLIER (Prop_DSP_MULTIPLIER_B2B1[15]_V[43])
                                                      0.609     1.118 f  bd_0_i/hls_inst/inst/fmul_32ns_32ns_32_3_max_dsp_1_U424/MLP_fmul_32ns_32ns_32_3_max_dsp_1_ip_u/inst/i_synth/MULT.OP/i_non_prim.MULT/DSP48E1_SPD_SGL_VARIANT.FIX_MULT/DSP1/i_no_versal_es1_workaround.DSP/DSP_MULTIPLIER_INST/V[43]
                         net (fo=1, unplaced)         0.000     1.118    bd_0_i/hls_inst/inst/fmul_32ns_32ns_32_3_max_dsp_1_U424/MLP_fmul_32ns_32ns_32_3_max_dsp_1_ip_u/inst/i_synth/MULT.OP/i_non_prim.MULT/DSP48E1_SPD_SGL_VARIANT.FIX_MULT/DSP1/i_no_versal_es1_workaround.DSP/DSP_MULTIPLIER.V<43>
                         DSP_M_DATA (Prop_DSP_M_DATA_V[43]_V_DATA[43])
                                                      0.046     1.164 r  bd_0_i/hls_inst/inst/fmul_32ns_32ns_32_3_max_dsp_1_U424/MLP_fmul_32ns_32ns_32_3_max_dsp_1_ip_u/inst/i_synth/MULT.OP/i_non_prim.MULT/DSP48E1_SPD_SGL_VARIANT.FIX_MULT/DSP1/i_no_versal_es1_workaround.DSP/DSP_M_DATA_INST/V_DATA[43]
                         net (fo=1, unplaced)         0.000     1.164    bd_0_i/hls_inst/inst/fmul_32ns_32ns_32_3_max_dsp_1_U424/MLP_fmul_32ns_32ns_32_3_max_dsp_1_ip_u/inst/i_synth/MULT.OP/i_non_prim.MULT/DSP48E1_SPD_SGL_VARIANT.FIX_MULT/DSP1/i_no_versal_es1_workaround.DSP/DSP_M_DATA.V_DATA<43>
                         DSP_ALU (Prop_DSP_ALU_V_DATA[43]_ALU_OUT[47])
                                                      0.571     1.735 f  bd_0_i/hls_inst/inst/fmul_32ns_32ns_32_3_max_dsp_1_U424/MLP_fmul_32ns_32ns_32_3_max_dsp_1_ip_u/inst/i_synth/MULT.OP/i_non_prim.MULT/DSP48E1_SPD_SGL_VARIANT.FIX_MULT/DSP1/i_no_versal_es1_workaround.DSP/DSP_ALU_INST/ALU_OUT[47]
                         net (fo=1, unplaced)         0.000     1.735    bd_0_i/hls_inst/inst/fmul_32ns_32ns_32_3_max_dsp_1_U424/MLP_fmul_32ns_32ns_32_3_max_dsp_1_ip_u/inst/i_synth/MULT.OP/i_non_prim.MULT/DSP48E1_SPD_SGL_VARIANT.FIX_MULT/DSP1/i_no_versal_es1_workaround.DSP/DSP_ALU.ALU_OUT<47>
                         DSP_OUTPUT (Prop_DSP_OUTPUT_ALU_OUT[47]_PCOUT[47])
                                                      0.122     1.857 r  bd_0_i/hls_inst/inst/fmul_32ns_32ns_32_3_max_dsp_1_U424/MLP_fmul_32ns_32ns_32_3_max_dsp_1_ip_u/inst/i_synth/MULT.OP/i_non_prim.MULT/DSP48E1_SPD_SGL_VARIANT.FIX_MULT/DSP1/i_no_versal_es1_workaround.DSP/DSP_OUTPUT_INST/PCOUT[47]
                         net (fo=1, unplaced)         0.014     1.871    bd_0_i/hls_inst/inst/fmul_32ns_32ns_32_3_max_dsp_1_U424/MLP_fmul_32ns_32ns_32_3_max_dsp_1_ip_u/inst/i_synth/MULT.OP/i_non_prim.MULT/DSP48E1_SPD_SGL_VARIANT.FIX_MULT/DSP2/i_no_versal_es1_workaround.DSP/PCIN[47]
                         DSP_ALU (Prop_DSP_ALU_PCIN[47]_ALU_OUT[47])
                                                      0.546     2.417 f  bd_0_i/hls_inst/inst/fmul_32ns_32ns_32_3_max_dsp_1_U424/MLP_fmul_32ns_32ns_32_3_max_dsp_1_ip_u/inst/i_synth/MULT.OP/i_non_prim.MULT/DSP48E1_SPD_SGL_VARIANT.FIX_MULT/DSP2/i_no_versal_es1_workaround.DSP/DSP_ALU_INST/ALU_OUT[47]
                         net (fo=1, unplaced)         0.000     2.417    bd_0_i/hls_inst/inst/fmul_32ns_32ns_32_3_max_dsp_1_U424/MLP_fmul_32ns_32ns_32_3_max_dsp_1_ip_u/inst/i_synth/MULT.OP/i_non_prim.MULT/DSP48E1_SPD_SGL_VARIANT.FIX_MULT/DSP2/i_no_versal_es1_workaround.DSP/DSP_ALU.ALU_OUT<47>
                         DSP_OUTPUT (Prop_DSP_OUTPUT_ALU_OUT[47]_PCOUT[47])
                                                      0.122     2.539 r  bd_0_i/hls_inst/inst/fmul_32ns_32ns_32_3_max_dsp_1_U424/MLP_fmul_32ns_32ns_32_3_max_dsp_1_ip_u/inst/i_synth/MULT.OP/i_non_prim.MULT/DSP48E1_SPD_SGL_VARIANT.FIX_MULT/DSP2/i_no_versal_es1_workaround.DSP/DSP_OUTPUT_INST/PCOUT[47]
                         net (fo=1, unplaced)         0.014     2.553    bd_0_i/hls_inst/inst/fmul_32ns_32ns_32_3_max_dsp_1_U424/MLP_fmul_32ns_32ns_32_3_max_dsp_1_ip_u/inst/i_synth/MULT.OP/i_non_prim.R_AND_R/LAT_OPT.FULL.R_AND_R/DSP48E1_SGL_EXP_IP.OLD_ADD.ADD/i_no_versal_es1_workaround.DSP/PCIN[47]
                         DSP_ALU (Prop_DSP_ALU_PCIN[47]_ALU_OUT[29])
                                                      0.546     3.099 f  bd_0_i/hls_inst/inst/fmul_32ns_32ns_32_3_max_dsp_1_U424/MLP_fmul_32ns_32ns_32_3_max_dsp_1_ip_u/inst/i_synth/MULT.OP/i_non_prim.R_AND_R/LAT_OPT.FULL.R_AND_R/DSP48E1_SGL_EXP_IP.OLD_ADD.ADD/i_no_versal_es1_workaround.DSP/DSP_ALU_INST/ALU_OUT[29]
                         net (fo=1, unplaced)         0.000     3.099    bd_0_i/hls_inst/inst/fmul_32ns_32ns_32_3_max_dsp_1_U424/MLP_fmul_32ns_32ns_32_3_max_dsp_1_ip_u/inst/i_synth/MULT.OP/i_non_prim.R_AND_R/LAT_OPT.FULL.R_AND_R/DSP48E1_SGL_EXP_IP.OLD_ADD.ADD/i_no_versal_es1_workaround.DSP/DSP_ALU.ALU_OUT<29>
                         DSP_OUTPUT (Prop_DSP_OUTPUT_ALU_OUT[29]_P[29])
                                                      0.109     3.208 r  bd_0_i/hls_inst/inst/fmul_32ns_32ns_32_3_max_dsp_1_U424/MLP_fmul_32ns_32ns_32_3_max_dsp_1_ip_u/inst/i_synth/MULT.OP/i_non_prim.R_AND_R/LAT_OPT.FULL.R_AND_R/DSP48E1_SGL_EXP_IP.OLD_ADD.ADD/i_no_versal_es1_workaround.DSP/DSP_OUTPUT_INST/P[29]
                         net (fo=1, unplaced)         0.216     3.424    bd_0_i/hls_inst/inst/fmul_32ns_32ns_32_3_max_dsp_1_U424/MLP_fmul_32ns_32ns_32_3_max_dsp_1_ip_u/inst/i_synth/MULT.OP/i_non_prim.MULT/DSP48E1_SPD_SGL_VARIANT.FIX_MULT/DSP2/RESULT_REG.NORMAL.exp_op_reg[6][22]
                         LUT6 (Prop_LUT6_I1_O)        0.125     3.549 r  bd_0_i/hls_inst/inst/fmul_32ns_32ns_32_3_max_dsp_1_U424/MLP_fmul_32ns_32ns_32_3_max_dsp_1_ip_u/inst/i_synth/MULT.OP/i_non_prim.MULT/DSP48E1_SPD_SGL_VARIANT.FIX_MULT/DSP2/RESULT_REG.NORMAL.mant_op[22]_i_2/O
                         net (fo=1, unplaced)         0.140     3.689    bd_0_i/hls_inst/inst/fmul_32ns_32ns_32_3_max_dsp_1_U424/MLP_fmul_32ns_32ns_32_3_max_dsp_1_ip_u/inst/i_synth/MULT.OP/i_non_prim.EXP/EXP_ADD.C_CHAIN/p_3_out[0]
                         LUT3 (Prop_LUT3_I1_O)        0.112     3.801 r  bd_0_i/hls_inst/inst/fmul_32ns_32ns_32_3_max_dsp_1_U424/MLP_fmul_32ns_32ns_32_3_max_dsp_1_ip_u/inst/i_synth/MULT.OP/i_non_prim.EXP/EXP_ADD.C_CHAIN/RESULT_REG.NORMAL.mant_op[22]_i_1/O
                         net (fo=1, unplaced)         0.048     3.849    bd_0_i/hls_inst/inst/fmul_32ns_32ns_32_3_max_dsp_1_U424/MLP_fmul_32ns_32ns_32_3_max_dsp_1_ip_u/inst/i_synth/MULT.OP/i_non_prim.OP/RESULT_REG.NORMAL.mant_op_reg[22]_0
                         FDRE                                         r  bd_0_i/hls_inst/inst/fmul_32ns_32ns_32_3_max_dsp_1_U424/MLP_fmul_32ns_32ns_32_3_max_dsp_1_ip_u/inst/i_synth/MULT.OP/i_non_prim.OP/RESULT_REG.NORMAL.mant_op_reg[22]/D
  -------------------------------------------------------------------    -------------------

                         (clock ap_clk rise edge)    10.000    10.000 r  
                                                      0.000    10.000 r  ap_clk (IN)
                         net (fo=30066, unset)        0.021    10.021    bd_0_i/hls_inst/inst/fmul_32ns_32ns_32_3_max_dsp_1_U424/MLP_fmul_32ns_32ns_32_3_max_dsp_1_ip_u/inst/i_synth/MULT.OP/i_non_prim.OP/aclk
                         FDRE                                         r  bd_0_i/hls_inst/inst/fmul_32ns_32ns_32_3_max_dsp_1_U424/MLP_fmul_32ns_32ns_32_3_max_dsp_1_ip_u/inst/i_synth/MULT.OP/i_non_prim.OP/RESULT_REG.NORMAL.mant_op_reg[22]/C
                         clock pessimism              0.000    10.021    
                         clock uncertainty           -0.035     9.986    
                         FDRE (Setup_FDRE_C_D)        0.025    10.011    bd_0_i/hls_inst/inst/fmul_32ns_32ns_32_3_max_dsp_1_U424/MLP_fmul_32ns_32ns_32_3_max_dsp_1_ip_u/inst/i_synth/MULT.OP/i_non_prim.OP/RESULT_REG.NORMAL.mant_op_reg[22]
  -------------------------------------------------------------------
                         required time                         10.011    
                         arrival time                          -3.849    
  -------------------------------------------------------------------
                         slack                                  6.162    

Slack (MET) :             6.162ns  (required time - arrival time)
  Source:                 bd_0_i/hls_inst/inst/fmul_32ns_32ns_32_3_max_dsp_1_U425/din1_buf1_reg[15]/C
                            (rising edge-triggered cell FDRE clocked by ap_clk  {rise@0.000ns fall@5.000ns period=10.000ns})
  Destination:            bd_0_i/hls_inst/inst/fmul_32ns_32ns_32_3_max_dsp_1_U425/MLP_fmul_32ns_32ns_32_3_max_dsp_1_ip_u/inst/i_synth/MULT.OP/i_non_prim.OP/RESULT_REG.NORMAL.mant_op_reg[22]/D
                            (rising edge-triggered cell FDRE clocked by ap_clk  {rise@0.000ns fall@5.000ns period=10.000ns})
  Path Group:             ap_clk
  Path Type:              Setup (Max at Slow Process Corner)
  Requirement:            10.000ns  (ap_clk rise@10.000ns - ap_clk rise@0.000ns)
  Data Path Delay:        3.819ns  (logic 3.209ns (84.027%)  route 0.610ns (15.973%))
  Logic Levels:           12  (DSP_A_B_DATA=1 DSP_ALU=3 DSP_M_DATA=1 DSP_MULTIPLIER=1 DSP_OUTPUT=3 DSP_PREADD_DATA=1 LUT3=1 LUT6=1)
  Clock Path Skew:        -0.009ns (DCD - SCD + CPR)
    Destination Clock Delay (DCD):    0.021ns = ( 10.021 - 10.000 ) 
    Source Clock Delay      (SCD):    0.030ns
    Clock Pessimism Removal (CPR):    0.000ns
  Clock Uncertainty:      0.035ns  ((TSJ^2 + TIJ^2)^1/2 + DJ) / 2 + PE
    Total System Jitter     (TSJ):    0.071ns
    Total Input Jitter      (TIJ):    0.000ns
    Discrete Jitter          (DJ):    0.000ns
    Phase Error              (PE):    0.000ns

    Location             Delay type                Incr(ns)  Path(ns)    Netlist Resource(s)
  -------------------------------------------------------------------    -------------------
                         (clock ap_clk rise edge)     0.000     0.000 r  
                                                      0.000     0.000 r  ap_clk (IN)
                         net (fo=30066, unset)        0.030     0.030    bd_0_i/hls_inst/inst/fmul_32ns_32ns_32_3_max_dsp_1_U425/ap_clk
                         FDRE                                         r  bd_0_i/hls_inst/inst/fmul_32ns_32ns_32_3_max_dsp_1_U425/din1_buf1_reg[15]/C
  -------------------------------------------------------------------    -------------------
                         FDRE (Prop_FDRE_C_Q)         0.077     0.107 f  bd_0_i/hls_inst/inst/fmul_32ns_32ns_32_3_max_dsp_1_U425/din1_buf1_reg[15]/Q
                         net (fo=1, unplaced)         0.178     0.285    bd_0_i/hls_inst/inst/fmul_32ns_32ns_32_3_max_dsp_1_U425/MLP_fmul_32ns_32ns_32_3_max_dsp_1_ip_u/inst/i_synth/MULT.OP/i_non_prim.MULT/DSP48E1_SPD_SGL_VARIANT.FIX_MULT/DSP1/i_no_versal_es1_workaround.DSP/B[15]
                         DSP_A_B_DATA (Prop_DSP_A_B_DATA_B[15]_B2_DATA[15])
                                                      0.151     0.436 r  bd_0_i/hls_inst/inst/fmul_32ns_32ns_32_3_max_dsp_1_U425/MLP_fmul_32ns_32ns_32_3_max_dsp_1_ip_u/inst/i_synth/MULT.OP/i_non_prim.MULT/DSP48E1_SPD_SGL_VARIANT.FIX_MULT/DSP1/i_no_versal_es1_workaround.DSP/DSP_A_B_DATA_INST/B2_DATA[15]
                         net (fo=1, unplaced)         0.000     0.436    bd_0_i/hls_inst/inst/fmul_32ns_32ns_32_3_max_dsp_1_U425/MLP_fmul_32ns_32ns_32_3_max_dsp_1_ip_u/inst/i_synth/MULT.OP/i_non_prim.MULT/DSP48E1_SPD_SGL_VARIANT.FIX_MULT/DSP1/i_no_versal_es1_workaround.DSP/DSP_A_B_DATA.B2_DATA<15>
                         DSP_PREADD_DATA (Prop_DSP_PREADD_DATA_B2_DATA[15]_B2B1[15])
                                                      0.073     0.509 r  bd_0_i/hls_inst/inst/fmul_32ns_32ns_32_3_max_dsp_1_U425/MLP_fmul_32ns_32ns_32_3_max_dsp_1_ip_u/inst/i_synth/MULT.OP/i_non_prim.MULT/DSP48E1_SPD_SGL_VARIANT.FIX_MULT/DSP1/i_no_versal_es1_workaround.DSP/DSP_PREADD_DATA_INST/B2B1[15]
                         net (fo=1, unplaced)         0.000     0.509    bd_0_i/hls_inst/inst/fmul_32ns_32ns_32_3_max_dsp_1_U425/MLP_fmul_32ns_32ns_32_3_max_dsp_1_ip_u/inst/i_synth/MULT.OP/i_non_prim.MULT/DSP48E1_SPD_SGL_VARIANT.FIX_MULT/DSP1/i_no_versal_es1_workaround.DSP/DSP_PREADD_DATA.B2B1<15>
                         DSP_MULTIPLIER (Prop_DSP_MULTIPLIER_B2B1[15]_V[43])
                                                      0.609     1.118 f  bd_0_i/hls_inst/inst/fmul_32ns_32ns_32_3_max_dsp_1_U425/MLP_fmul_32ns_32ns_32_3_max_dsp_1_ip_u/inst/i_synth/MULT.OP/i_non_prim.MULT/DSP48E1_SPD_SGL_VARIANT.FIX_MULT/DSP1/i_no_versal_es1_workaround.DSP/DSP_MULTIPLIER_INST/V[43]
                         net (fo=1, unplaced)         0.000     1.118    bd_0_i/hls_inst/inst/fmul_32ns_32ns_32_3_max_dsp_1_U425/MLP_fmul_32ns_32ns_32_3_max_dsp_1_ip_u/inst/i_synth/MULT.OP/i_non_prim.MULT/DSP48E1_SPD_SGL_VARIANT.FIX_MULT/DSP1/i_no_versal_es1_workaround.DSP/DSP_MULTIPLIER.V<43>
                         DSP_M_DATA (Prop_DSP_M_DATA_V[43]_V_DATA[43])
                                                      0.046     1.164 r  bd_0_i/hls_inst/inst/fmul_32ns_32ns_32_3_max_dsp_1_U425/MLP_fmul_32ns_32ns_32_3_max_dsp_1_ip_u/inst/i_synth/MULT.OP/i_non_prim.MULT/DSP48E1_SPD_SGL_VARIANT.FIX_MULT/DSP1/i_no_versal_es1_workaround.DSP/DSP_M_DATA_INST/V_DATA[43]
                         net (fo=1, unplaced)         0.000     1.164    bd_0_i/hls_inst/inst/fmul_32ns_32ns_32_3_max_dsp_1_U425/MLP_fmul_32ns_32ns_32_3_max_dsp_1_ip_u/inst/i_synth/MULT.OP/i_non_prim.MULT/DSP48E1_SPD_SGL_VARIANT.FIX_MULT/DSP1/i_no_versal_es1_workaround.DSP/DSP_M_DATA.V_DATA<43>
                         DSP_ALU (Prop_DSP_ALU_V_DATA[43]_ALU_OUT[47])
                                                      0.571     1.735 f  bd_0_i/hls_inst/inst/fmul_32ns_32ns_32_3_max_dsp_1_U425/MLP_fmul_32ns_32ns_32_3_max_dsp_1_ip_u/inst/i_synth/MULT.OP/i_non_prim.MULT/DSP48E1_SPD_SGL_VARIANT.FIX_MULT/DSP1/i_no_versal_es1_workaround.DSP/DSP_ALU_INST/ALU_OUT[47]
                         net (fo=1, unplaced)         0.000     1.735    bd_0_i/hls_inst/inst/fmul_32ns_32ns_32_3_max_dsp_1_U425/MLP_fmul_32ns_32ns_32_3_max_dsp_1_ip_u/inst/i_synth/MULT.OP/i_non_prim.MULT/DSP48E1_SPD_SGL_VARIANT.FIX_MULT/DSP1/i_no_versal_es1_workaround.DSP/DSP_ALU.ALU_OUT<47>
                         DSP_OUTPUT (Prop_DSP_OUTPUT_ALU_OUT[47]_PCOUT[47])
                                                      0.122     1.857 r  bd_0_i/hls_inst/inst/fmul_32ns_32ns_32_3_max_dsp_1_U425/MLP_fmul_32ns_32ns_32_3_max_dsp_1_ip_u/inst/i_synth/MULT.OP/i_non_prim.MULT/DSP48E1_SPD_SGL_VARIANT.FIX_MULT/DSP1/i_no_versal_es1_workaround.DSP/DSP_OUTPUT_INST/PCOUT[47]
                         net (fo=1, unplaced)         0.014     1.871    bd_0_i/hls_inst/inst/fmul_32ns_32ns_32_3_max_dsp_1_U425/MLP_fmul_32ns_32ns_32_3_max_dsp_1_ip_u/inst/i_synth/MULT.OP/i_non_prim.MULT/DSP48E1_SPD_SGL_VARIANT.FIX_MULT/DSP2/i_no_versal_es1_workaround.DSP/PCIN[47]
                         DSP_ALU (Prop_DSP_ALU_PCIN[47]_ALU_OUT[47])
                                                      0.546     2.417 f  bd_0_i/hls_inst/inst/fmul_32ns_32ns_32_3_max_dsp_1_U425/MLP_fmul_32ns_32ns_32_3_max_dsp_1_ip_u/inst/i_synth/MULT.OP/i_non_prim.MULT/DSP48E1_SPD_SGL_VARIANT.FIX_MULT/DSP2/i_no_versal_es1_workaround.DSP/DSP_ALU_INST/ALU_OUT[47]
                         net (fo=1, unplaced)         0.000     2.417    bd_0_i/hls_inst/inst/fmul_32ns_32ns_32_3_max_dsp_1_U425/MLP_fmul_32ns_32ns_32_3_max_dsp_1_ip_u/inst/i_synth/MULT.OP/i_non_prim.MULT/DSP48E1_SPD_SGL_VARIANT.FIX_MULT/DSP2/i_no_versal_es1_workaround.DSP/DSP_ALU.ALU_OUT<47>
                         DSP_OUTPUT (Prop_DSP_OUTPUT_ALU_OUT[47]_PCOUT[47])
                                                      0.122     2.539 r  bd_0_i/hls_inst/inst/fmul_32ns_32ns_32_3_max_dsp_1_U425/MLP_fmul_32ns_32ns_32_3_max_dsp_1_ip_u/inst/i_synth/MULT.OP/i_non_prim.MULT/DSP48E1_SPD_SGL_VARIANT.FIX_MULT/DSP2/i_no_versal_es1_workaround.DSP/DSP_OUTPUT_INST/PCOUT[47]
                         net (fo=1, unplaced)         0.014     2.553    bd_0_i/hls_inst/inst/fmul_32ns_32ns_32_3_max_dsp_1_U425/MLP_fmul_32ns_32ns_32_3_max_dsp_1_ip_u/inst/i_synth/MULT.OP/i_non_prim.R_AND_R/LAT_OPT.FULL.R_AND_R/DSP48E1_SGL_EXP_IP.OLD_ADD.ADD/i_no_versal_es1_workaround.DSP/PCIN[47]
                         DSP_ALU (Prop_DSP_ALU_PCIN[47]_ALU_OUT[29])
                                                      0.546     3.099 f  bd_0_i/hls_inst/inst/fmul_32ns_32ns_32_3_max_dsp_1_U425/MLP_fmul_32ns_32ns_32_3_max_dsp_1_ip_u/inst/i_synth/MULT.OP/i_non_prim.R_AND_R/LAT_OPT.FULL.R_AND_R/DSP48E1_SGL_EXP_IP.OLD_ADD.ADD/i_no_versal_es1_workaround.DSP/DSP_ALU_INST/ALU_OUT[29]
                         net (fo=1, unplaced)         0.000     3.099    bd_0_i/hls_inst/inst/fmul_32ns_32ns_32_3_max_dsp_1_U425/MLP_fmul_32ns_32ns_32_3_max_dsp_1_ip_u/inst/i_synth/MULT.OP/i_non_prim.R_AND_R/LAT_OPT.FULL.R_AND_R/DSP48E1_SGL_EXP_IP.OLD_ADD.ADD/i_no_versal_es1_workaround.DSP/DSP_ALU.ALU_OUT<29>
                         DSP_OUTPUT (Prop_DSP_OUTPUT_ALU_OUT[29]_P[29])
                                                      0.109     3.208 r  bd_0_i/hls_inst/inst/fmul_32ns_32ns_32_3_max_dsp_1_U425/MLP_fmul_32ns_32ns_32_3_max_dsp_1_ip_u/inst/i_synth/MULT.OP/i_non_prim.R_AND_R/LAT_OPT.FULL.R_AND_R/DSP48E1_SGL_EXP_IP.OLD_ADD.ADD/i_no_versal_es1_workaround.DSP/DSP_OUTPUT_INST/P[29]
                         net (fo=1, unplaced)         0.216     3.424    bd_0_i/hls_inst/inst/fmul_32ns_32ns_32_3_max_dsp_1_U425/MLP_fmul_32ns_32ns_32_3_max_dsp_1_ip_u/inst/i_synth/MULT.OP/i_non_prim.MULT/DSP48E1_SPD_SGL_VARIANT.FIX_MULT/DSP2/RESULT_REG.NORMAL.exp_op_reg[6][22]
                         LUT6 (Prop_LUT6_I1_O)        0.125     3.549 r  bd_0_i/hls_inst/inst/fmul_32ns_32ns_32_3_max_dsp_1_U425/MLP_fmul_32ns_32ns_32_3_max_dsp_1_ip_u/inst/i_synth/MULT.OP/i_non_prim.MULT/DSP48E1_SPD_SGL_VARIANT.FIX_MULT/DSP2/RESULT_REG.NORMAL.mant_op[22]_i_2/O
                         net (fo=1, unplaced)         0.140     3.689    bd_0_i/hls_inst/inst/fmul_32ns_32ns_32_3_max_dsp_1_U425/MLP_fmul_32ns_32ns_32_3_max_dsp_1_ip_u/inst/i_synth/MULT.OP/i_non_prim.EXP/EXP_ADD.C_CHAIN/p_3_out[0]
                         LUT3 (Prop_LUT3_I1_O)        0.112     3.801 r  bd_0_i/hls_inst/inst/fmul_32ns_32ns_32_3_max_dsp_1_U425/MLP_fmul_32ns_32ns_32_3_max_dsp_1_ip_u/inst/i_synth/MULT.OP/i_non_prim.EXP/EXP_ADD.C_CHAIN/RESULT_REG.NORMAL.mant_op[22]_i_1/O
                         net (fo=1, unplaced)         0.048     3.849    bd_0_i/hls_inst/inst/fmul_32ns_32ns_32_3_max_dsp_1_U425/MLP_fmul_32ns_32ns_32_3_max_dsp_1_ip_u/inst/i_synth/MULT.OP/i_non_prim.OP/RESULT_REG.NORMAL.mant_op_reg[22]_0
                         FDRE                                         r  bd_0_i/hls_inst/inst/fmul_32ns_32ns_32_3_max_dsp_1_U425/MLP_fmul_32ns_32ns_32_3_max_dsp_1_ip_u/inst/i_synth/MULT.OP/i_non_prim.OP/RESULT_REG.NORMAL.mant_op_reg[22]/D
  -------------------------------------------------------------------    -------------------

                         (clock ap_clk rise edge)    10.000    10.000 r  
                                                      0.000    10.000 r  ap_clk (IN)
                         net (fo=30066, unset)        0.021    10.021    bd_0_i/hls_inst/inst/fmul_32ns_32ns_32_3_max_dsp_1_U425/MLP_fmul_32ns_32ns_32_3_max_dsp_1_ip_u/inst/i_synth/MULT.OP/i_non_prim.OP/aclk
                         FDRE                                         r  bd_0_i/hls_inst/inst/fmul_32ns_32ns_32_3_max_dsp_1_U425/MLP_fmul_32ns_32ns_32_3_max_dsp_1_ip_u/inst/i_synth/MULT.OP/i_non_prim.OP/RESULT_REG.NORMAL.mant_op_reg[22]/C
                         clock pessimism              0.000    10.021    
                         clock uncertainty           -0.035     9.986    
                         FDRE (Setup_FDRE_C_D)        0.025    10.011    bd_0_i/hls_inst/inst/fmul_32ns_32ns_32_3_max_dsp_1_U425/MLP_fmul_32ns_32ns_32_3_max_dsp_1_ip_u/inst/i_synth/MULT.OP/i_non_prim.OP/RESULT_REG.NORMAL.mant_op_reg[22]
  -------------------------------------------------------------------
                         required time                         10.011    
                         arrival time                          -3.849    
  -------------------------------------------------------------------
                         slack                                  6.162    

Slack (MET) :             6.162ns  (required time - arrival time)
  Source:                 bd_0_i/hls_inst/inst/fmul_32ns_32ns_32_3_max_dsp_1_U426/din1_buf1_reg[15]/C
                            (rising edge-triggered cell FDRE clocked by ap_clk  {rise@0.000ns fall@5.000ns period=10.000ns})
  Destination:            bd_0_i/hls_inst/inst/fmul_32ns_32ns_32_3_max_dsp_1_U426/MLP_fmul_32ns_32ns_32_3_max_dsp_1_ip_u/inst/i_synth/MULT.OP/i_non_prim.OP/RESULT_REG.NORMAL.mant_op_reg[22]/D
                            (rising edge-triggered cell FDRE clocked by ap_clk  {rise@0.000ns fall@5.000ns period=10.000ns})
  Path Group:             ap_clk
  Path Type:              Setup (Max at Slow Process Corner)
  Requirement:            10.000ns  (ap_clk rise@10.000ns - ap_clk rise@0.000ns)
  Data Path Delay:        3.819ns  (logic 3.209ns (84.027%)  route 0.610ns (15.973%))
  Logic Levels:           12  (DSP_A_B_DATA=1 DSP_ALU=3 DSP_M_DATA=1 DSP_MULTIPLIER=1 DSP_OUTPUT=3 DSP_PREADD_DATA=1 LUT3=1 LUT6=1)
  Clock Path Skew:        -0.009ns (DCD - SCD + CPR)
    Destination Clock Delay (DCD):    0.021ns = ( 10.021 - 10.000 ) 
    Source Clock Delay      (SCD):    0.030ns
    Clock Pessimism Removal (CPR):    0.000ns
  Clock Uncertainty:      0.035ns  ((TSJ^2 + TIJ^2)^1/2 + DJ) / 2 + PE
    Total System Jitter     (TSJ):    0.071ns
    Total Input Jitter      (TIJ):    0.000ns
    Discrete Jitter          (DJ):    0.000ns
    Phase Error              (PE):    0.000ns

    Location             Delay type                Incr(ns)  Path(ns)    Netlist Resource(s)
  -------------------------------------------------------------------    -------------------
                         (clock ap_clk rise edge)     0.000     0.000 r  
                                                      0.000     0.000 r  ap_clk (IN)
                         net (fo=30066, unset)        0.030     0.030    bd_0_i/hls_inst/inst/fmul_32ns_32ns_32_3_max_dsp_1_U426/ap_clk
                         FDRE                                         r  bd_0_i/hls_inst/inst/fmul_32ns_32ns_32_3_max_dsp_1_U426/din1_buf1_reg[15]/C
  -------------------------------------------------------------------    -------------------
                         FDRE (Prop_FDRE_C_Q)         0.077     0.107 f  bd_0_i/hls_inst/inst/fmul_32ns_32ns_32_3_max_dsp_1_U426/din1_buf1_reg[15]/Q
                         net (fo=1, unplaced)         0.178     0.285    bd_0_i/hls_inst/inst/fmul_32ns_32ns_32_3_max_dsp_1_U426/MLP_fmul_32ns_32ns_32_3_max_dsp_1_ip_u/inst/i_synth/MULT.OP/i_non_prim.MULT/DSP48E1_SPD_SGL_VARIANT.FIX_MULT/DSP1/i_no_versal_es1_workaround.DSP/B[15]
                         DSP_A_B_DATA (Prop_DSP_A_B_DATA_B[15]_B2_DATA[15])
                                                      0.151     0.436 r  bd_0_i/hls_inst/inst/fmul_32ns_32ns_32_3_max_dsp_1_U426/MLP_fmul_32ns_32ns_32_3_max_dsp_1_ip_u/inst/i_synth/MULT.OP/i_non_prim.MULT/DSP48E1_SPD_SGL_VARIANT.FIX_MULT/DSP1/i_no_versal_es1_workaround.DSP/DSP_A_B_DATA_INST/B2_DATA[15]
                         net (fo=1, unplaced)         0.000     0.436    bd_0_i/hls_inst/inst/fmul_32ns_32ns_32_3_max_dsp_1_U426/MLP_fmul_32ns_32ns_32_3_max_dsp_1_ip_u/inst/i_synth/MULT.OP/i_non_prim.MULT/DSP48E1_SPD_SGL_VARIANT.FIX_MULT/DSP1/i_no_versal_es1_workaround.DSP/DSP_A_B_DATA.B2_DATA<15>
                         DSP_PREADD_DATA (Prop_DSP_PREADD_DATA_B2_DATA[15]_B2B1[15])
                                                      0.073     0.509 r  bd_0_i/hls_inst/inst/fmul_32ns_32ns_32_3_max_dsp_1_U426/MLP_fmul_32ns_32ns_32_3_max_dsp_1_ip_u/inst/i_synth/MULT.OP/i_non_prim.MULT/DSP48E1_SPD_SGL_VARIANT.FIX_MULT/DSP1/i_no_versal_es1_workaround.DSP/DSP_PREADD_DATA_INST/B2B1[15]
                         net (fo=1, unplaced)         0.000     0.509    bd_0_i/hls_inst/inst/fmul_32ns_32ns_32_3_max_dsp_1_U426/MLP_fmul_32ns_32ns_32_3_max_dsp_1_ip_u/inst/i_synth/MULT.OP/i_non_prim.MULT/DSP48E1_SPD_SGL_VARIANT.FIX_MULT/DSP1/i_no_versal_es1_workaround.DSP/DSP_PREADD_DATA.B2B1<15>
                         DSP_MULTIPLIER (Prop_DSP_MULTIPLIER_B2B1[15]_V[43])
                                                      0.609     1.118 f  bd_0_i/hls_inst/inst/fmul_32ns_32ns_32_3_max_dsp_1_U426/MLP_fmul_32ns_32ns_32_3_max_dsp_1_ip_u/inst/i_synth/MULT.OP/i_non_prim.MULT/DSP48E1_SPD_SGL_VARIANT.FIX_MULT/DSP1/i_no_versal_es1_workaround.DSP/DSP_MULTIPLIER_INST/V[43]
                         net (fo=1, unplaced)         0.000     1.118    bd_0_i/hls_inst/inst/fmul_32ns_32ns_32_3_max_dsp_1_U426/MLP_fmul_32ns_32ns_32_3_max_dsp_1_ip_u/inst/i_synth/MULT.OP/i_non_prim.MULT/DSP48E1_SPD_SGL_VARIANT.FIX_MULT/DSP1/i_no_versal_es1_workaround.DSP/DSP_MULTIPLIER.V<43>
                         DSP_M_DATA (Prop_DSP_M_DATA_V[43]_V_DATA[43])
                                                      0.046     1.164 r  bd_0_i/hls_inst/inst/fmul_32ns_32ns_32_3_max_dsp_1_U426/MLP_fmul_32ns_32ns_32_3_max_dsp_1_ip_u/inst/i_synth/MULT.OP/i_non_prim.MULT/DSP48E1_SPD_SGL_VARIANT.FIX_MULT/DSP1/i_no_versal_es1_workaround.DSP/DSP_M_DATA_INST/V_DATA[43]
                         net (fo=1, unplaced)         0.000     1.164    bd_0_i/hls_inst/inst/fmul_32ns_32ns_32_3_max_dsp_1_U426/MLP_fmul_32ns_32ns_32_3_max_dsp_1_ip_u/inst/i_synth/MULT.OP/i_non_prim.MULT/DSP48E1_SPD_SGL_VARIANT.FIX_MULT/DSP1/i_no_versal_es1_workaround.DSP/DSP_M_DATA.V_DATA<43>
                         DSP_ALU (Prop_DSP_ALU_V_DATA[43]_ALU_OUT[47])
                                                      0.571     1.735 f  bd_0_i/hls_inst/inst/fmul_32ns_32ns_32_3_max_dsp_1_U426/MLP_fmul_32ns_32ns_32_3_max_dsp_1_ip_u/inst/i_synth/MULT.OP/i_non_prim.MULT/DSP48E1_SPD_SGL_VARIANT.FIX_MULT/DSP1/i_no_versal_es1_workaround.DSP/DSP_ALU_INST/ALU_OUT[47]
                         net (fo=1, unplaced)         0.000     1.735    bd_0_i/hls_inst/inst/fmul_32ns_32ns_32_3_max_dsp_1_U426/MLP_fmul_32ns_32ns_32_3_max_dsp_1_ip_u/inst/i_synth/MULT.OP/i_non_prim.MULT/DSP48E1_SPD_SGL_VARIANT.FIX_MULT/DSP1/i_no_versal_es1_workaround.DSP/DSP_ALU.ALU_OUT<47>
                         DSP_OUTPUT (Prop_DSP_OUTPUT_ALU_OUT[47]_PCOUT[47])
                                                      0.122     1.857 r  bd_0_i/hls_inst/inst/fmul_32ns_32ns_32_3_max_dsp_1_U426/MLP_fmul_32ns_32ns_32_3_max_dsp_1_ip_u/inst/i_synth/MULT.OP/i_non_prim.MULT/DSP48E1_SPD_SGL_VARIANT.FIX_MULT/DSP1/i_no_versal_es1_workaround.DSP/DSP_OUTPUT_INST/PCOUT[47]
                         net (fo=1, unplaced)         0.014     1.871    bd_0_i/hls_inst/inst/fmul_32ns_32ns_32_3_max_dsp_1_U426/MLP_fmul_32ns_32ns_32_3_max_dsp_1_ip_u/inst/i_synth/MULT.OP/i_non_prim.MULT/DSP48E1_SPD_SGL_VARIANT.FIX_MULT/DSP2/i_no_versal_es1_workaround.DSP/PCIN[47]
                         DSP_ALU (Prop_DSP_ALU_PCIN[47]_ALU_OUT[47])
                                                      0.546     2.417 f  bd_0_i/hls_inst/inst/fmul_32ns_32ns_32_3_max_dsp_1_U426/MLP_fmul_32ns_32ns_32_3_max_dsp_1_ip_u/inst/i_synth/MULT.OP/i_non_prim.MULT/DSP48E1_SPD_SGL_VARIANT.FIX_MULT/DSP2/i_no_versal_es1_workaround.DSP/DSP_ALU_INST/ALU_OUT[47]
                         net (fo=1, unplaced)         0.000     2.417    bd_0_i/hls_inst/inst/fmul_32ns_32ns_32_3_max_dsp_1_U426/MLP_fmul_32ns_32ns_32_3_max_dsp_1_ip_u/inst/i_synth/MULT.OP/i_non_prim.MULT/DSP48E1_SPD_SGL_VARIANT.FIX_MULT/DSP2/i_no_versal_es1_workaround.DSP/DSP_ALU.ALU_OUT<47>
                         DSP_OUTPUT (Prop_DSP_OUTPUT_ALU_OUT[47]_PCOUT[47])
                                                      0.122     2.539 r  bd_0_i/hls_inst/inst/fmul_32ns_32ns_32_3_max_dsp_1_U426/MLP_fmul_32ns_32ns_32_3_max_dsp_1_ip_u/inst/i_synth/MULT.OP/i_non_prim.MULT/DSP48E1_SPD_SGL_VARIANT.FIX_MULT/DSP2/i_no_versal_es1_workaround.DSP/DSP_OUTPUT_INST/PCOUT[47]
                         net (fo=1, unplaced)         0.014     2.553    bd_0_i/hls_inst/inst/fmul_32ns_32ns_32_3_max_dsp_1_U426/MLP_fmul_32ns_32ns_32_3_max_dsp_1_ip_u/inst/i_synth/MULT.OP/i_non_prim.R_AND_R/LAT_OPT.FULL.R_AND_R/DSP48E1_SGL_EXP_IP.OLD_ADD.ADD/i_no_versal_es1_workaround.DSP/PCIN[47]
                         DSP_ALU (Prop_DSP_ALU_PCIN[47]_ALU_OUT[29])
                                                      0.546     3.099 f  bd_0_i/hls_inst/inst/fmul_32ns_32ns_32_3_max_dsp_1_U426/MLP_fmul_32ns_32ns_32_3_max_dsp_1_ip_u/inst/i_synth/MULT.OP/i_non_prim.R_AND_R/LAT_OPT.FULL.R_AND_R/DSP48E1_SGL_EXP_IP.OLD_ADD.ADD/i_no_versal_es1_workaround.DSP/DSP_ALU_INST/ALU_OUT[29]
                         net (fo=1, unplaced)         0.000     3.099    bd_0_i/hls_inst/inst/fmul_32ns_32ns_32_3_max_dsp_1_U426/MLP_fmul_32ns_32ns_32_3_max_dsp_1_ip_u/inst/i_synth/MULT.OP/i_non_prim.R_AND_R/LAT_OPT.FULL.R_AND_R/DSP48E1_SGL_EXP_IP.OLD_ADD.ADD/i_no_versal_es1_workaround.DSP/DSP_ALU.ALU_OUT<29>
                         DSP_OUTPUT (Prop_DSP_OUTPUT_ALU_OUT[29]_P[29])
                                                      0.109     3.208 r  bd_0_i/hls_inst/inst/fmul_32ns_32ns_32_3_max_dsp_1_U426/MLP_fmul_32ns_32ns_32_3_max_dsp_1_ip_u/inst/i_synth/MULT.OP/i_non_prim.R_AND_R/LAT_OPT.FULL.R_AND_R/DSP48E1_SGL_EXP_IP.OLD_ADD.ADD/i_no_versal_es1_workaround.DSP/DSP_OUTPUT_INST/P[29]
                         net (fo=1, unplaced)         0.216     3.424    bd_0_i/hls_inst/inst/fmul_32ns_32ns_32_3_max_dsp_1_U426/MLP_fmul_32ns_32ns_32_3_max_dsp_1_ip_u/inst/i_synth/MULT.OP/i_non_prim.MULT/DSP48E1_SPD_SGL_VARIANT.FIX_MULT/DSP2/RESULT_REG.NORMAL.exp_op_reg[6][22]
                         LUT6 (Prop_LUT6_I1_O)        0.125     3.549 r  bd_0_i/hls_inst/inst/fmul_32ns_32ns_32_3_max_dsp_1_U426/MLP_fmul_32ns_32ns_32_3_max_dsp_1_ip_u/inst/i_synth/MULT.OP/i_non_prim.MULT/DSP48E1_SPD_SGL_VARIANT.FIX_MULT/DSP2/RESULT_REG.NORMAL.mant_op[22]_i_2/O
                         net (fo=1, unplaced)         0.140     3.689    bd_0_i/hls_inst/inst/fmul_32ns_32ns_32_3_max_dsp_1_U426/MLP_fmul_32ns_32ns_32_3_max_dsp_1_ip_u/inst/i_synth/MULT.OP/i_non_prim.EXP/EXP_ADD.C_CHAIN/p_3_out[0]
                         LUT3 (Prop_LUT3_I1_O)        0.112     3.801 r  bd_0_i/hls_inst/inst/fmul_32ns_32ns_32_3_max_dsp_1_U426/MLP_fmul_32ns_32ns_32_3_max_dsp_1_ip_u/inst/i_synth/MULT.OP/i_non_prim.EXP/EXP_ADD.C_CHAIN/RESULT_REG.NORMAL.mant_op[22]_i_1/O
                         net (fo=1, unplaced)         0.048     3.849    bd_0_i/hls_inst/inst/fmul_32ns_32ns_32_3_max_dsp_1_U426/MLP_fmul_32ns_32ns_32_3_max_dsp_1_ip_u/inst/i_synth/MULT.OP/i_non_prim.OP/RESULT_REG.NORMAL.mant_op_reg[22]_0
                         FDRE                                         r  bd_0_i/hls_inst/inst/fmul_32ns_32ns_32_3_max_dsp_1_U426/MLP_fmul_32ns_32ns_32_3_max_dsp_1_ip_u/inst/i_synth/MULT.OP/i_non_prim.OP/RESULT_REG.NORMAL.mant_op_reg[22]/D
  -------------------------------------------------------------------    -------------------

                         (clock ap_clk rise edge)    10.000    10.000 r  
                                                      0.000    10.000 r  ap_clk (IN)
                         net (fo=30066, unset)        0.021    10.021    bd_0_i/hls_inst/inst/fmul_32ns_32ns_32_3_max_dsp_1_U426/MLP_fmul_32ns_32ns_32_3_max_dsp_1_ip_u/inst/i_synth/MULT.OP/i_non_prim.OP/aclk
                         FDRE                                         r  bd_0_i/hls_inst/inst/fmul_32ns_32ns_32_3_max_dsp_1_U426/MLP_fmul_32ns_32ns_32_3_max_dsp_1_ip_u/inst/i_synth/MULT.OP/i_non_prim.OP/RESULT_REG.NORMAL.mant_op_reg[22]/C
                         clock pessimism              0.000    10.021    
                         clock uncertainty           -0.035     9.986    
                         FDRE (Setup_FDRE_C_D)        0.025    10.011    bd_0_i/hls_inst/inst/fmul_32ns_32ns_32_3_max_dsp_1_U426/MLP_fmul_32ns_32ns_32_3_max_dsp_1_ip_u/inst/i_synth/MULT.OP/i_non_prim.OP/RESULT_REG.NORMAL.mant_op_reg[22]
  -------------------------------------------------------------------
                         required time                         10.011    
                         arrival time                          -3.849    
  -------------------------------------------------------------------
                         slack                                  6.162    

Slack (MET) :             6.162ns  (required time - arrival time)
  Source:                 bd_0_i/hls_inst/inst/fmul_32ns_32ns_32_3_max_dsp_1_U427/din1_buf1_reg[15]/C
                            (rising edge-triggered cell FDRE clocked by ap_clk  {rise@0.000ns fall@5.000ns period=10.000ns})
  Destination:            bd_0_i/hls_inst/inst/fmul_32ns_32ns_32_3_max_dsp_1_U427/MLP_fmul_32ns_32ns_32_3_max_dsp_1_ip_u/inst/i_synth/MULT.OP/i_non_prim.OP/RESULT_REG.NORMAL.mant_op_reg[22]/D
                            (rising edge-triggered cell FDRE clocked by ap_clk  {rise@0.000ns fall@5.000ns period=10.000ns})
  Path Group:             ap_clk
  Path Type:              Setup (Max at Slow Process Corner)
  Requirement:            10.000ns  (ap_clk rise@10.000ns - ap_clk rise@0.000ns)
  Data Path Delay:        3.819ns  (logic 3.209ns (84.027%)  route 0.610ns (15.973%))
  Logic Levels:           12  (DSP_A_B_DATA=1 DSP_ALU=3 DSP_M_DATA=1 DSP_MULTIPLIER=1 DSP_OUTPUT=3 DSP_PREADD_DATA=1 LUT3=1 LUT6=1)
  Clock Path Skew:        -0.009ns (DCD - SCD + CPR)
    Destination Clock Delay (DCD):    0.021ns = ( 10.021 - 10.000 ) 
    Source Clock Delay      (SCD):    0.030ns
    Clock Pessimism Removal (CPR):    0.000ns
  Clock Uncertainty:      0.035ns  ((TSJ^2 + TIJ^2)^1/2 + DJ) / 2 + PE
    Total System Jitter     (TSJ):    0.071ns
    Total Input Jitter      (TIJ):    0.000ns
    Discrete Jitter          (DJ):    0.000ns
    Phase Error              (PE):    0.000ns

    Location             Delay type                Incr(ns)  Path(ns)    Netlist Resource(s)
  -------------------------------------------------------------------    -------------------
                         (clock ap_clk rise edge)     0.000     0.000 r  
                                                      0.000     0.000 r  ap_clk (IN)
                         net (fo=30066, unset)        0.030     0.030    bd_0_i/hls_inst/inst/fmul_32ns_32ns_32_3_max_dsp_1_U427/ap_clk
                         FDRE                                         r  bd_0_i/hls_inst/inst/fmul_32ns_32ns_32_3_max_dsp_1_U427/din1_buf1_reg[15]/C
  -------------------------------------------------------------------    -------------------
                         FDRE (Prop_FDRE_C_Q)         0.077     0.107 f  bd_0_i/hls_inst/inst/fmul_32ns_32ns_32_3_max_dsp_1_U427/din1_buf1_reg[15]/Q
                         net (fo=1, unplaced)         0.178     0.285    bd_0_i/hls_inst/inst/fmul_32ns_32ns_32_3_max_dsp_1_U427/MLP_fmul_32ns_32ns_32_3_max_dsp_1_ip_u/inst/i_synth/MULT.OP/i_non_prim.MULT/DSP48E1_SPD_SGL_VARIANT.FIX_MULT/DSP1/i_no_versal_es1_workaround.DSP/B[15]
                         DSP_A_B_DATA (Prop_DSP_A_B_DATA_B[15]_B2_DATA[15])
                                                      0.151     0.436 r  bd_0_i/hls_inst/inst/fmul_32ns_32ns_32_3_max_dsp_1_U427/MLP_fmul_32ns_32ns_32_3_max_dsp_1_ip_u/inst/i_synth/MULT.OP/i_non_prim.MULT/DSP48E1_SPD_SGL_VARIANT.FIX_MULT/DSP1/i_no_versal_es1_workaround.DSP/DSP_A_B_DATA_INST/B2_DATA[15]
                         net (fo=1, unplaced)         0.000     0.436    bd_0_i/hls_inst/inst/fmul_32ns_32ns_32_3_max_dsp_1_U427/MLP_fmul_32ns_32ns_32_3_max_dsp_1_ip_u/inst/i_synth/MULT.OP/i_non_prim.MULT/DSP48E1_SPD_SGL_VARIANT.FIX_MULT/DSP1/i_no_versal_es1_workaround.DSP/DSP_A_B_DATA.B2_DATA<15>
                         DSP_PREADD_DATA (Prop_DSP_PREADD_DATA_B2_DATA[15]_B2B1[15])
                                                      0.073     0.509 r  bd_0_i/hls_inst/inst/fmul_32ns_32ns_32_3_max_dsp_1_U427/MLP_fmul_32ns_32ns_32_3_max_dsp_1_ip_u/inst/i_synth/MULT.OP/i_non_prim.MULT/DSP48E1_SPD_SGL_VARIANT.FIX_MULT/DSP1/i_no_versal_es1_workaround.DSP/DSP_PREADD_DATA_INST/B2B1[15]
                         net (fo=1, unplaced)         0.000     0.509    bd_0_i/hls_inst/inst/fmul_32ns_32ns_32_3_max_dsp_1_U427/MLP_fmul_32ns_32ns_32_3_max_dsp_1_ip_u/inst/i_synth/MULT.OP/i_non_prim.MULT/DSP48E1_SPD_SGL_VARIANT.FIX_MULT/DSP1/i_no_versal_es1_workaround.DSP/DSP_PREADD_DATA.B2B1<15>
                         DSP_MULTIPLIER (Prop_DSP_MULTIPLIER_B2B1[15]_V[43])
                                                      0.609     1.118 f  bd_0_i/hls_inst/inst/fmul_32ns_32ns_32_3_max_dsp_1_U427/MLP_fmul_32ns_32ns_32_3_max_dsp_1_ip_u/inst/i_synth/MULT.OP/i_non_prim.MULT/DSP48E1_SPD_SGL_VARIANT.FIX_MULT/DSP1/i_no_versal_es1_workaround.DSP/DSP_MULTIPLIER_INST/V[43]
                         net (fo=1, unplaced)         0.000     1.118    bd_0_i/hls_inst/inst/fmul_32ns_32ns_32_3_max_dsp_1_U427/MLP_fmul_32ns_32ns_32_3_max_dsp_1_ip_u/inst/i_synth/MULT.OP/i_non_prim.MULT/DSP48E1_SPD_SGL_VARIANT.FIX_MULT/DSP1/i_no_versal_es1_workaround.DSP/DSP_MULTIPLIER.V<43>
                         DSP_M_DATA (Prop_DSP_M_DATA_V[43]_V_DATA[43])
                                                      0.046     1.164 r  bd_0_i/hls_inst/inst/fmul_32ns_32ns_32_3_max_dsp_1_U427/MLP_fmul_32ns_32ns_32_3_max_dsp_1_ip_u/inst/i_synth/MULT.OP/i_non_prim.MULT/DSP48E1_SPD_SGL_VARIANT.FIX_MULT/DSP1/i_no_versal_es1_workaround.DSP/DSP_M_DATA_INST/V_DATA[43]
                         net (fo=1, unplaced)         0.000     1.164    bd_0_i/hls_inst/inst/fmul_32ns_32ns_32_3_max_dsp_1_U427/MLP_fmul_32ns_32ns_32_3_max_dsp_1_ip_u/inst/i_synth/MULT.OP/i_non_prim.MULT/DSP48E1_SPD_SGL_VARIANT.FIX_MULT/DSP1/i_no_versal_es1_workaround.DSP/DSP_M_DATA.V_DATA<43>
                         DSP_ALU (Prop_DSP_ALU_V_DATA[43]_ALU_OUT[47])
                                                      0.571     1.735 f  bd_0_i/hls_inst/inst/fmul_32ns_32ns_32_3_max_dsp_1_U427/MLP_fmul_32ns_32ns_32_3_max_dsp_1_ip_u/inst/i_synth/MULT.OP/i_non_prim.MULT/DSP48E1_SPD_SGL_VARIANT.FIX_MULT/DSP1/i_no_versal_es1_workaround.DSP/DSP_ALU_INST/ALU_OUT[47]
                         net (fo=1, unplaced)         0.000     1.735    bd_0_i/hls_inst/inst/fmul_32ns_32ns_32_3_max_dsp_1_U427/MLP_fmul_32ns_32ns_32_3_max_dsp_1_ip_u/inst/i_synth/MULT.OP/i_non_prim.MULT/DSP48E1_SPD_SGL_VARIANT.FIX_MULT/DSP1/i_no_versal_es1_workaround.DSP/DSP_ALU.ALU_OUT<47>
                         DSP_OUTPUT (Prop_DSP_OUTPUT_ALU_OUT[47]_PCOUT[47])
                                                      0.122     1.857 r  bd_0_i/hls_inst/inst/fmul_32ns_32ns_32_3_max_dsp_1_U427/MLP_fmul_32ns_32ns_32_3_max_dsp_1_ip_u/inst/i_synth/MULT.OP/i_non_prim.MULT/DSP48E1_SPD_SGL_VARIANT.FIX_MULT/DSP1/i_no_versal_es1_workaround.DSP/DSP_OUTPUT_INST/PCOUT[47]
                         net (fo=1, unplaced)         0.014     1.871    bd_0_i/hls_inst/inst/fmul_32ns_32ns_32_3_max_dsp_1_U427/MLP_fmul_32ns_32ns_32_3_max_dsp_1_ip_u/inst/i_synth/MULT.OP/i_non_prim.MULT/DSP48E1_SPD_SGL_VARIANT.FIX_MULT/DSP2/i_no_versal_es1_workaround.DSP/PCIN[47]
                         DSP_ALU (Prop_DSP_ALU_PCIN[47]_ALU_OUT[47])
                                                      0.546     2.417 f  bd_0_i/hls_inst/inst/fmul_32ns_32ns_32_3_max_dsp_1_U427/MLP_fmul_32ns_32ns_32_3_max_dsp_1_ip_u/inst/i_synth/MULT.OP/i_non_prim.MULT/DSP48E1_SPD_SGL_VARIANT.FIX_MULT/DSP2/i_no_versal_es1_workaround.DSP/DSP_ALU_INST/ALU_OUT[47]
                         net (fo=1, unplaced)         0.000     2.417    bd_0_i/hls_inst/inst/fmul_32ns_32ns_32_3_max_dsp_1_U427/MLP_fmul_32ns_32ns_32_3_max_dsp_1_ip_u/inst/i_synth/MULT.OP/i_non_prim.MULT/DSP48E1_SPD_SGL_VARIANT.FIX_MULT/DSP2/i_no_versal_es1_workaround.DSP/DSP_ALU.ALU_OUT<47>
                         DSP_OUTPUT (Prop_DSP_OUTPUT_ALU_OUT[47]_PCOUT[47])
                                                      0.122     2.539 r  bd_0_i/hls_inst/inst/fmul_32ns_32ns_32_3_max_dsp_1_U427/MLP_fmul_32ns_32ns_32_3_max_dsp_1_ip_u/inst/i_synth/MULT.OP/i_non_prim.MULT/DSP48E1_SPD_SGL_VARIANT.FIX_MULT/DSP2/i_no_versal_es1_workaround.DSP/DSP_OUTPUT_INST/PCOUT[47]
                         net (fo=1, unplaced)         0.014     2.553    bd_0_i/hls_inst/inst/fmul_32ns_32ns_32_3_max_dsp_1_U427/MLP_fmul_32ns_32ns_32_3_max_dsp_1_ip_u/inst/i_synth/MULT.OP/i_non_prim.R_AND_R/LAT_OPT.FULL.R_AND_R/DSP48E1_SGL_EXP_IP.OLD_ADD.ADD/i_no_versal_es1_workaround.DSP/PCIN[47]
                         DSP_ALU (Prop_DSP_ALU_PCIN[47]_ALU_OUT[29])
                                                      0.546     3.099 f  bd_0_i/hls_inst/inst/fmul_32ns_32ns_32_3_max_dsp_1_U427/MLP_fmul_32ns_32ns_32_3_max_dsp_1_ip_u/inst/i_synth/MULT.OP/i_non_prim.R_AND_R/LAT_OPT.FULL.R_AND_R/DSP48E1_SGL_EXP_IP.OLD_ADD.ADD/i_no_versal_es1_workaround.DSP/DSP_ALU_INST/ALU_OUT[29]
                         net (fo=1, unplaced)         0.000     3.099    bd_0_i/hls_inst/inst/fmul_32ns_32ns_32_3_max_dsp_1_U427/MLP_fmul_32ns_32ns_32_3_max_dsp_1_ip_u/inst/i_synth/MULT.OP/i_non_prim.R_AND_R/LAT_OPT.FULL.R_AND_R/DSP48E1_SGL_EXP_IP.OLD_ADD.ADD/i_no_versal_es1_workaround.DSP/DSP_ALU.ALU_OUT<29>
                         DSP_OUTPUT (Prop_DSP_OUTPUT_ALU_OUT[29]_P[29])
                                                      0.109     3.208 r  bd_0_i/hls_inst/inst/fmul_32ns_32ns_32_3_max_dsp_1_U427/MLP_fmul_32ns_32ns_32_3_max_dsp_1_ip_u/inst/i_synth/MULT.OP/i_non_prim.R_AND_R/LAT_OPT.FULL.R_AND_R/DSP48E1_SGL_EXP_IP.OLD_ADD.ADD/i_no_versal_es1_workaround.DSP/DSP_OUTPUT_INST/P[29]
                         net (fo=1, unplaced)         0.216     3.424    bd_0_i/hls_inst/inst/fmul_32ns_32ns_32_3_max_dsp_1_U427/MLP_fmul_32ns_32ns_32_3_max_dsp_1_ip_u/inst/i_synth/MULT.OP/i_non_prim.MULT/DSP48E1_SPD_SGL_VARIANT.FIX_MULT/DSP2/RESULT_REG.NORMAL.exp_op_reg[6][22]
                         LUT6 (Prop_LUT6_I1_O)        0.125     3.549 r  bd_0_i/hls_inst/inst/fmul_32ns_32ns_32_3_max_dsp_1_U427/MLP_fmul_32ns_32ns_32_3_max_dsp_1_ip_u/inst/i_synth/MULT.OP/i_non_prim.MULT/DSP48E1_SPD_SGL_VARIANT.FIX_MULT/DSP2/RESULT_REG.NORMAL.mant_op[22]_i_2/O
                         net (fo=1, unplaced)         0.140     3.689    bd_0_i/hls_inst/inst/fmul_32ns_32ns_32_3_max_dsp_1_U427/MLP_fmul_32ns_32ns_32_3_max_dsp_1_ip_u/inst/i_synth/MULT.OP/i_non_prim.EXP/EXP_ADD.C_CHAIN/p_3_out[0]
                         LUT3 (Prop_LUT3_I1_O)        0.112     3.801 r  bd_0_i/hls_inst/inst/fmul_32ns_32ns_32_3_max_dsp_1_U427/MLP_fmul_32ns_32ns_32_3_max_dsp_1_ip_u/inst/i_synth/MULT.OP/i_non_prim.EXP/EXP_ADD.C_CHAIN/RESULT_REG.NORMAL.mant_op[22]_i_1/O
                         net (fo=1, unplaced)         0.048     3.849    bd_0_i/hls_inst/inst/fmul_32ns_32ns_32_3_max_dsp_1_U427/MLP_fmul_32ns_32ns_32_3_max_dsp_1_ip_u/inst/i_synth/MULT.OP/i_non_prim.OP/RESULT_REG.NORMAL.mant_op_reg[22]_0
                         FDRE                                         r  bd_0_i/hls_inst/inst/fmul_32ns_32ns_32_3_max_dsp_1_U427/MLP_fmul_32ns_32ns_32_3_max_dsp_1_ip_u/inst/i_synth/MULT.OP/i_non_prim.OP/RESULT_REG.NORMAL.mant_op_reg[22]/D
  -------------------------------------------------------------------    -------------------

                         (clock ap_clk rise edge)    10.000    10.000 r  
                                                      0.000    10.000 r  ap_clk (IN)
                         net (fo=30066, unset)        0.021    10.021    bd_0_i/hls_inst/inst/fmul_32ns_32ns_32_3_max_dsp_1_U427/MLP_fmul_32ns_32ns_32_3_max_dsp_1_ip_u/inst/i_synth/MULT.OP/i_non_prim.OP/aclk
                         FDRE                                         r  bd_0_i/hls_inst/inst/fmul_32ns_32ns_32_3_max_dsp_1_U427/MLP_fmul_32ns_32ns_32_3_max_dsp_1_ip_u/inst/i_synth/MULT.OP/i_non_prim.OP/RESULT_REG.NORMAL.mant_op_reg[22]/C
                         clock pessimism              0.000    10.021    
                         clock uncertainty           -0.035     9.986    
                         FDRE (Setup_FDRE_C_D)        0.025    10.011    bd_0_i/hls_inst/inst/fmul_32ns_32ns_32_3_max_dsp_1_U427/MLP_fmul_32ns_32ns_32_3_max_dsp_1_ip_u/inst/i_synth/MULT.OP/i_non_prim.OP/RESULT_REG.NORMAL.mant_op_reg[22]
  -------------------------------------------------------------------
                         required time                         10.011    
                         arrival time                          -3.849    
  -------------------------------------------------------------------
                         slack                                  6.162    

Slack (MET) :             6.162ns  (required time - arrival time)
  Source:                 bd_0_i/hls_inst/inst/fmul_32ns_32ns_32_3_max_dsp_1_U428/din1_buf1_reg[15]/C
                            (rising edge-triggered cell FDRE clocked by ap_clk  {rise@0.000ns fall@5.000ns period=10.000ns})
  Destination:            bd_0_i/hls_inst/inst/fmul_32ns_32ns_32_3_max_dsp_1_U428/MLP_fmul_32ns_32ns_32_3_max_dsp_1_ip_u/inst/i_synth/MULT.OP/i_non_prim.OP/RESULT_REG.NORMAL.mant_op_reg[22]/D
                            (rising edge-triggered cell FDRE clocked by ap_clk  {rise@0.000ns fall@5.000ns period=10.000ns})
  Path Group:             ap_clk
  Path Type:              Setup (Max at Slow Process Corner)
  Requirement:            10.000ns  (ap_clk rise@10.000ns - ap_clk rise@0.000ns)
  Data Path Delay:        3.819ns  (logic 3.209ns (84.027%)  route 0.610ns (15.973%))
  Logic Levels:           12  (DSP_A_B_DATA=1 DSP_ALU=3 DSP_M_DATA=1 DSP_MULTIPLIER=1 DSP_OUTPUT=3 DSP_PREADD_DATA=1 LUT3=1 LUT6=1)
  Clock Path Skew:        -0.009ns (DCD - SCD + CPR)
    Destination Clock Delay (DCD):    0.021ns = ( 10.021 - 10.000 ) 
    Source Clock Delay      (SCD):    0.030ns
    Clock Pessimism Removal (CPR):    0.000ns
  Clock Uncertainty:      0.035ns  ((TSJ^2 + TIJ^2)^1/2 + DJ) / 2 + PE
    Total System Jitter     (TSJ):    0.071ns
    Total Input Jitter      (TIJ):    0.000ns
    Discrete Jitter          (DJ):    0.000ns
    Phase Error              (PE):    0.000ns

    Location             Delay type                Incr(ns)  Path(ns)    Netlist Resource(s)
  -------------------------------------------------------------------    -------------------
                         (clock ap_clk rise edge)     0.000     0.000 r  
                                                      0.000     0.000 r  ap_clk (IN)
                         net (fo=30066, unset)        0.030     0.030    bd_0_i/hls_inst/inst/fmul_32ns_32ns_32_3_max_dsp_1_U428/ap_clk
                         FDRE                                         r  bd_0_i/hls_inst/inst/fmul_32ns_32ns_32_3_max_dsp_1_U428/din1_buf1_reg[15]/C
  -------------------------------------------------------------------    -------------------
                         FDRE (Prop_FDRE_C_Q)         0.077     0.107 f  bd_0_i/hls_inst/inst/fmul_32ns_32ns_32_3_max_dsp_1_U428/din1_buf1_reg[15]/Q
                         net (fo=1, unplaced)         0.178     0.285    bd_0_i/hls_inst/inst/fmul_32ns_32ns_32_3_max_dsp_1_U428/MLP_fmul_32ns_32ns_32_3_max_dsp_1_ip_u/inst/i_synth/MULT.OP/i_non_prim.MULT/DSP48E1_SPD_SGL_VARIANT.FIX_MULT/DSP1/i_no_versal_es1_workaround.DSP/B[15]
                         DSP_A_B_DATA (Prop_DSP_A_B_DATA_B[15]_B2_DATA[15])
                                                      0.151     0.436 r  bd_0_i/hls_inst/inst/fmul_32ns_32ns_32_3_max_dsp_1_U428/MLP_fmul_32ns_32ns_32_3_max_dsp_1_ip_u/inst/i_synth/MULT.OP/i_non_prim.MULT/DSP48E1_SPD_SGL_VARIANT.FIX_MULT/DSP1/i_no_versal_es1_workaround.DSP/DSP_A_B_DATA_INST/B2_DATA[15]
                         net (fo=1, unplaced)         0.000     0.436    bd_0_i/hls_inst/inst/fmul_32ns_32ns_32_3_max_dsp_1_U428/MLP_fmul_32ns_32ns_32_3_max_dsp_1_ip_u/inst/i_synth/MULT.OP/i_non_prim.MULT/DSP48E1_SPD_SGL_VARIANT.FIX_MULT/DSP1/i_no_versal_es1_workaround.DSP/DSP_A_B_DATA.B2_DATA<15>
                         DSP_PREADD_DATA (Prop_DSP_PREADD_DATA_B2_DATA[15]_B2B1[15])
                                                      0.073     0.509 r  bd_0_i/hls_inst/inst/fmul_32ns_32ns_32_3_max_dsp_1_U428/MLP_fmul_32ns_32ns_32_3_max_dsp_1_ip_u/inst/i_synth/MULT.OP/i_non_prim.MULT/DSP48E1_SPD_SGL_VARIANT.FIX_MULT/DSP1/i_no_versal_es1_workaround.DSP/DSP_PREADD_DATA_INST/B2B1[15]
                         net (fo=1, unplaced)         0.000     0.509    bd_0_i/hls_inst/inst/fmul_32ns_32ns_32_3_max_dsp_1_U428/MLP_fmul_32ns_32ns_32_3_max_dsp_1_ip_u/inst/i_synth/MULT.OP/i_non_prim.MULT/DSP48E1_SPD_SGL_VARIANT.FIX_MULT/DSP1/i_no_versal_es1_workaround.DSP/DSP_PREADD_DATA.B2B1<15>
                         DSP_MULTIPLIER (Prop_DSP_MULTIPLIER_B2B1[15]_V[43])
                                                      0.609     1.118 f  bd_0_i/hls_inst/inst/fmul_32ns_32ns_32_3_max_dsp_1_U428/MLP_fmul_32ns_32ns_32_3_max_dsp_1_ip_u/inst/i_synth/MULT.OP/i_non_prim.MULT/DSP48E1_SPD_SGL_VARIANT.FIX_MULT/DSP1/i_no_versal_es1_workaround.DSP/DSP_MULTIPLIER_INST/V[43]
                         net (fo=1, unplaced)         0.000     1.118    bd_0_i/hls_inst/inst/fmul_32ns_32ns_32_3_max_dsp_1_U428/MLP_fmul_32ns_32ns_32_3_max_dsp_1_ip_u/inst/i_synth/MULT.OP/i_non_prim.MULT/DSP48E1_SPD_SGL_VARIANT.FIX_MULT/DSP1/i_no_versal_es1_workaround.DSP/DSP_MULTIPLIER.V<43>
                         DSP_M_DATA (Prop_DSP_M_DATA_V[43]_V_DATA[43])
                                                      0.046     1.164 r  bd_0_i/hls_inst/inst/fmul_32ns_32ns_32_3_max_dsp_1_U428/MLP_fmul_32ns_32ns_32_3_max_dsp_1_ip_u/inst/i_synth/MULT.OP/i_non_prim.MULT/DSP48E1_SPD_SGL_VARIANT.FIX_MULT/DSP1/i_no_versal_es1_workaround.DSP/DSP_M_DATA_INST/V_DATA[43]
                         net (fo=1, unplaced)         0.000     1.164    bd_0_i/hls_inst/inst/fmul_32ns_32ns_32_3_max_dsp_1_U428/MLP_fmul_32ns_32ns_32_3_max_dsp_1_ip_u/inst/i_synth/MULT.OP/i_non_prim.MULT/DSP48E1_SPD_SGL_VARIANT.FIX_MULT/DSP1/i_no_versal_es1_workaround.DSP/DSP_M_DATA.V_DATA<43>
                         DSP_ALU (Prop_DSP_ALU_V_DATA[43]_ALU_OUT[47])
                                                      0.571     1.735 f  bd_0_i/hls_inst/inst/fmul_32ns_32ns_32_3_max_dsp_1_U428/MLP_fmul_32ns_32ns_32_3_max_dsp_1_ip_u/inst/i_synth/MULT.OP/i_non_prim.MULT/DSP48E1_SPD_SGL_VARIANT.FIX_MULT/DSP1/i_no_versal_es1_workaround.DSP/DSP_ALU_INST/ALU_OUT[47]
                         net (fo=1, unplaced)         0.000     1.735    bd_0_i/hls_inst/inst/fmul_32ns_32ns_32_3_max_dsp_1_U428/MLP_fmul_32ns_32ns_32_3_max_dsp_1_ip_u/inst/i_synth/MULT.OP/i_non_prim.MULT/DSP48E1_SPD_SGL_VARIANT.FIX_MULT/DSP1/i_no_versal_es1_workaround.DSP/DSP_ALU.ALU_OUT<47>
                         DSP_OUTPUT (Prop_DSP_OUTPUT_ALU_OUT[47]_PCOUT[47])
                                                      0.122     1.857 r  bd_0_i/hls_inst/inst/fmul_32ns_32ns_32_3_max_dsp_1_U428/MLP_fmul_32ns_32ns_32_3_max_dsp_1_ip_u/inst/i_synth/MULT.OP/i_non_prim.MULT/DSP48E1_SPD_SGL_VARIANT.FIX_MULT/DSP1/i_no_versal_es1_workaround.DSP/DSP_OUTPUT_INST/PCOUT[47]
                         net (fo=1, unplaced)         0.014     1.871    bd_0_i/hls_inst/inst/fmul_32ns_32ns_32_3_max_dsp_1_U428/MLP_fmul_32ns_32ns_32_3_max_dsp_1_ip_u/inst/i_synth/MULT.OP/i_non_prim.MULT/DSP48E1_SPD_SGL_VARIANT.FIX_MULT/DSP2/i_no_versal_es1_workaround.DSP/PCIN[47]
                         DSP_ALU (Prop_DSP_ALU_PCIN[47]_ALU_OUT[47])
                                                      0.546     2.417 f  bd_0_i/hls_inst/inst/fmul_32ns_32ns_32_3_max_dsp_1_U428/MLP_fmul_32ns_32ns_32_3_max_dsp_1_ip_u/inst/i_synth/MULT.OP/i_non_prim.MULT/DSP48E1_SPD_SGL_VARIANT.FIX_MULT/DSP2/i_no_versal_es1_workaround.DSP/DSP_ALU_INST/ALU_OUT[47]
                         net (fo=1, unplaced)         0.000     2.417    bd_0_i/hls_inst/inst/fmul_32ns_32ns_32_3_max_dsp_1_U428/MLP_fmul_32ns_32ns_32_3_max_dsp_1_ip_u/inst/i_synth/MULT.OP/i_non_prim.MULT/DSP48E1_SPD_SGL_VARIANT.FIX_MULT/DSP2/i_no_versal_es1_workaround.DSP/DSP_ALU.ALU_OUT<47>
                         DSP_OUTPUT (Prop_DSP_OUTPUT_ALU_OUT[47]_PCOUT[47])
                                                      0.122     2.539 r  bd_0_i/hls_inst/inst/fmul_32ns_32ns_32_3_max_dsp_1_U428/MLP_fmul_32ns_32ns_32_3_max_dsp_1_ip_u/inst/i_synth/MULT.OP/i_non_prim.MULT/DSP48E1_SPD_SGL_VARIANT.FIX_MULT/DSP2/i_no_versal_es1_workaround.DSP/DSP_OUTPUT_INST/PCOUT[47]
                         net (fo=1, unplaced)         0.014     2.553    bd_0_i/hls_inst/inst/fmul_32ns_32ns_32_3_max_dsp_1_U428/MLP_fmul_32ns_32ns_32_3_max_dsp_1_ip_u/inst/i_synth/MULT.OP/i_non_prim.R_AND_R/LAT_OPT.FULL.R_AND_R/DSP48E1_SGL_EXP_IP.OLD_ADD.ADD/i_no_versal_es1_workaround.DSP/PCIN[47]
                         DSP_ALU (Prop_DSP_ALU_PCIN[47]_ALU_OUT[29])
                                                      0.546     3.099 f  bd_0_i/hls_inst/inst/fmul_32ns_32ns_32_3_max_dsp_1_U428/MLP_fmul_32ns_32ns_32_3_max_dsp_1_ip_u/inst/i_synth/MULT.OP/i_non_prim.R_AND_R/LAT_OPT.FULL.R_AND_R/DSP48E1_SGL_EXP_IP.OLD_ADD.ADD/i_no_versal_es1_workaround.DSP/DSP_ALU_INST/ALU_OUT[29]
                         net (fo=1, unplaced)         0.000     3.099    bd_0_i/hls_inst/inst/fmul_32ns_32ns_32_3_max_dsp_1_U428/MLP_fmul_32ns_32ns_32_3_max_dsp_1_ip_u/inst/i_synth/MULT.OP/i_non_prim.R_AND_R/LAT_OPT.FULL.R_AND_R/DSP48E1_SGL_EXP_IP.OLD_ADD.ADD/i_no_versal_es1_workaround.DSP/DSP_ALU.ALU_OUT<29>
                         DSP_OUTPUT (Prop_DSP_OUTPUT_ALU_OUT[29]_P[29])
                                                      0.109     3.208 r  bd_0_i/hls_inst/inst/fmul_32ns_32ns_32_3_max_dsp_1_U428/MLP_fmul_32ns_32ns_32_3_max_dsp_1_ip_u/inst/i_synth/MULT.OP/i_non_prim.R_AND_R/LAT_OPT.FULL.R_AND_R/DSP48E1_SGL_EXP_IP.OLD_ADD.ADD/i_no_versal_es1_workaround.DSP/DSP_OUTPUT_INST/P[29]
                         net (fo=1, unplaced)         0.216     3.424    bd_0_i/hls_inst/inst/fmul_32ns_32ns_32_3_max_dsp_1_U428/MLP_fmul_32ns_32ns_32_3_max_dsp_1_ip_u/inst/i_synth/MULT.OP/i_non_prim.MULT/DSP48E1_SPD_SGL_VARIANT.FIX_MULT/DSP2/RESULT_REG.NORMAL.exp_op_reg[6][22]
                         LUT6 (Prop_LUT6_I1_O)        0.125     3.549 r  bd_0_i/hls_inst/inst/fmul_32ns_32ns_32_3_max_dsp_1_U428/MLP_fmul_32ns_32ns_32_3_max_dsp_1_ip_u/inst/i_synth/MULT.OP/i_non_prim.MULT/DSP48E1_SPD_SGL_VARIANT.FIX_MULT/DSP2/RESULT_REG.NORMAL.mant_op[22]_i_2/O
                         net (fo=1, unplaced)         0.140     3.689    bd_0_i/hls_inst/inst/fmul_32ns_32ns_32_3_max_dsp_1_U428/MLP_fmul_32ns_32ns_32_3_max_dsp_1_ip_u/inst/i_synth/MULT.OP/i_non_prim.EXP/EXP_ADD.C_CHAIN/p_3_out[0]
                         LUT3 (Prop_LUT3_I1_O)        0.112     3.801 r  bd_0_i/hls_inst/inst/fmul_32ns_32ns_32_3_max_dsp_1_U428/MLP_fmul_32ns_32ns_32_3_max_dsp_1_ip_u/inst/i_synth/MULT.OP/i_non_prim.EXP/EXP_ADD.C_CHAIN/RESULT_REG.NORMAL.mant_op[22]_i_1/O
                         net (fo=1, unplaced)         0.048     3.849    bd_0_i/hls_inst/inst/fmul_32ns_32ns_32_3_max_dsp_1_U428/MLP_fmul_32ns_32ns_32_3_max_dsp_1_ip_u/inst/i_synth/MULT.OP/i_non_prim.OP/RESULT_REG.NORMAL.mant_op_reg[22]_0
                         FDRE                                         r  bd_0_i/hls_inst/inst/fmul_32ns_32ns_32_3_max_dsp_1_U428/MLP_fmul_32ns_32ns_32_3_max_dsp_1_ip_u/inst/i_synth/MULT.OP/i_non_prim.OP/RESULT_REG.NORMAL.mant_op_reg[22]/D
  -------------------------------------------------------------------    -------------------

                         (clock ap_clk rise edge)    10.000    10.000 r  
                                                      0.000    10.000 r  ap_clk (IN)
                         net (fo=30066, unset)        0.021    10.021    bd_0_i/hls_inst/inst/fmul_32ns_32ns_32_3_max_dsp_1_U428/MLP_fmul_32ns_32ns_32_3_max_dsp_1_ip_u/inst/i_synth/MULT.OP/i_non_prim.OP/aclk
                         FDRE                                         r  bd_0_i/hls_inst/inst/fmul_32ns_32ns_32_3_max_dsp_1_U428/MLP_fmul_32ns_32ns_32_3_max_dsp_1_ip_u/inst/i_synth/MULT.OP/i_non_prim.OP/RESULT_REG.NORMAL.mant_op_reg[22]/C
                         clock pessimism              0.000    10.021    
                         clock uncertainty           -0.035     9.986    
                         FDRE (Setup_FDRE_C_D)        0.025    10.011    bd_0_i/hls_inst/inst/fmul_32ns_32ns_32_3_max_dsp_1_U428/MLP_fmul_32ns_32ns_32_3_max_dsp_1_ip_u/inst/i_synth/MULT.OP/i_non_prim.OP/RESULT_REG.NORMAL.mant_op_reg[22]
  -------------------------------------------------------------------
                         required time                         10.011    
                         arrival time                          -3.849    
  -------------------------------------------------------------------
                         slack                                  6.162    




