==============================================================
Vitis HLS - High-Level Synthesis from C, C++ and OpenCL v2022.1 (64-bit)
Tool Version Limit: 2022.04
Copyright 1986-2022 Xilinx, Inc. All Rights Reserved.
==============================================================
INFO: [SYN 201-201] Setting up clock 'default' with a period of 10ns.
INFO: [HLS 200-1611] Setting target device to 'xczu3eg-sbva484-2-i'
INFO: [HLS 200-1505] Using flow_target 'vivado'
INFO: [HLS 200-1510] Running: set_part xczu3eg-sbva484-2-i 
INFO: [HLS 200-1510] Running: create_clock -period 10 -name default 
INFO: [SYN 201-201] Setting up clock 'default' with a period of 10ns.
INFO: [HLS 200-1510] Running: csim_design -setup -quiet 
INFO: [SIM 211-2] *************** CSIM start ***************
INFO: [SIM 211-4] CSIM will launch GCC as the compiler.
INFO: [SIM 211-1] CSim file generation done with 0 errors.
INFO: [SIM 211-3] *************** CSIM finish ***************
INFO: [HLS 200-111] Finished Command csim_design CPU user time: 0 seconds. CPU system time: 0 seconds. Elapsed time: 15.292 seconds; current allocated memory: 0.000 MB.
INFO: [HLS 200-112] Total CPU user time: 5 seconds. Total CPU system time: 2 seconds. Total elapsed time: 30.437 seconds; peak allocated memory: 1.054 GB.
==============================================================
Vitis HLS - High-Level Synthesis from C, C++ and OpenCL v2022.1 (64-bit)
Tool Version Limit: 2022.04
Copyright 1986-2022 Xilinx, Inc. All Rights Reserved.
==============================================================
INFO: [SYN 201-201] Setting up clock 'default' with a period of 10ns.
INFO: [HLS 200-1611] Setting target device to 'xczu3eg-sbva484-2-i'
INFO: [HLS 200-1505] Using flow_target 'vivado'
INFO: [HLS 200-1510] Running: set_part xczu3eg-sbva484-2-i 
INFO: [HLS 200-1510] Running: create_clock -period 10 -name default 
INFO: [HLS 200-1510] Running: csim_design -setup -quiet 
INFO: [SIM 211-2] *************** CSIM start ***************
INFO: [SIM 211-4] CSIM will launch GCC as the compiler.
INFO: [SIM 211-1] CSim file generation done with 0 errors.
INFO: [SIM 211-3] *************** CSIM finish ***************
INFO: [HLS 200-111] Finished Command csim_design CPU user time: 1 seconds. CPU system time: 1 seconds. Elapsed time: 11.847 seconds; current allocated memory: 175.121 MB.
INFO: [HLS 200-112] Total CPU user time: 3 seconds. Total CPU system time: 2 seconds. Total elapsed time: 19.232 seconds; peak allocated memory: 993.051 MB.
==============================================================
Vitis HLS - High-Level Synthesis from C, C++ and OpenCL v2022.1 (64-bit)
Tool Version Limit: 2022.04
Copyright 1986-2022 Xilinx, Inc. All Rights Reserved.
==============================================================
INFO: [SYN 201-201] Setting up clock 'default' with a period of 10ns.
INFO: [HLS 200-1611] Setting target device to 'xczu3eg-sbva484-2-i'
INFO: [HLS 200-1505] Using flow_target 'vivado'
INFO: [HLS 200-1510] Running: set_part xczu3eg-sbva484-2-i 
INFO: [HLS 200-1510] Running: create_clock -period 10 -name default 
INFO: [HLS 200-1510] Running: csim_design -setup -quiet 
INFO: [SIM 211-2] *************** CSIM start ***************
INFO: [SIM 211-4] CSIM will launch GCC as the compiler.
INFO: [SIM 211-1] CSim file generation done with 0 errors.
INFO: [SIM 211-3] *************** CSIM finish ***************
INFO: [HLS 200-111] Finished Command csim_design CPU user time: 1 seconds. CPU system time: 0 seconds. Elapsed time: 0.706 seconds; current allocated memory: 32.602 MB.
INFO: [HLS 200-112] Total CPU user time: 2 seconds. Total CPU system time: 1 seconds. Total elapsed time: 4.298 seconds; peak allocated memory: 889.051 MB.
==============================================================
Vitis HLS - High-Level Synthesis from C, C++ and OpenCL v2022.1 (64-bit)
Tool Version Limit: 2022.04
Copyright 1986-2022 Xilinx, Inc. All Rights Reserved.
==============================================================
INFO: [SYN 201-201] Setting up clock 'default' with a period of 10ns.
INFO: [HLS 200-1611] Setting target device to 'xczu3eg-sbva484-2-i'
INFO: [HLS 200-1505] Using flow_target 'vivado'
INFO: [HLS 200-1510] Running: set_part xczu3eg-sbva484-2-i 
INFO: [HLS 200-1510] Running: create_clock -period 10 -name default 
INFO: [HLS 200-1510] Running: csim_design -setup -quiet 
INFO: [SIM 211-2] *************** CSIM start ***************
INFO: [SIM 211-4] CSIM will launch GCC as the compiler.
INFO: [SIM 211-1] CSim file generation done with 0 errors.
INFO: [SIM 211-3] *************** CSIM finish ***************
INFO: [HLS 200-111] Finished Command csim_design CPU user time: 1 seconds. CPU system time: 1 seconds. Elapsed time: 0.723 seconds; current allocated memory: 69.766 MB.
INFO: [HLS 200-112] Total CPU user time: 1 seconds. Total CPU system time: 1 seconds. Total elapsed time: 4.517 seconds; peak allocated memory: 566.531 MB.
==============================================================
Vitis HLS - High-Level Synthesis from C, C++ and OpenCL v2022.1 (64-bit)
Tool Version Limit: 2022.04
Copyright 1986-2022 Xilinx, Inc. All Rights Reserved.
==============================================================
INFO: [SYN 201-201] Setting up clock 'default' with a period of 10ns.
INFO: [HLS 200-1611] Setting target device to 'xczu3eg-sbva484-2-i'
INFO: [HLS 200-1505] Using flow_target 'vivado'
INFO: [HLS 200-1510] Running: set_part xczu3eg-sbva484-2-i 
INFO: [HLS 200-1510] Running: create_clock -period 10 -name default 
INFO: [HLS 200-1510] Running: csim_design -setup -quiet 
INFO: [SIM 211-2] *************** CSIM start ***************
INFO: [SIM 211-4] CSIM will launch GCC as the compiler.
INFO: [SIM 211-1] CSim file generation done with 0 errors.
INFO: [SIM 211-3] *************** CSIM finish ***************
INFO: [HLS 200-111] Finished Command csim_design CPU user time: 2 seconds. CPU system time: 2 seconds. Elapsed time: 12.954 seconds; current allocated memory: 90.602 MB.
INFO: [HLS 200-112] Total CPU user time: 2 seconds. Total CPU system time: 2 seconds. Total elapsed time: 15.99 seconds; peak allocated memory: 760.383 MB.
==============================================================
Vitis HLS - High-Level Synthesis from C, C++ and OpenCL v2022.1 (64-bit)
Tool Version Limit: 2022.04
Copyright 1986-2022 Xilinx, Inc. All Rights Reserved.
==============================================================
INFO: [SYN 201-201] Setting up clock 'default' with a period of 10ns.
INFO: [HLS 200-1611] Setting target device to 'xczu3eg-sbva484-2-i'
INFO: [HLS 200-1505] Using flow_target 'vivado'
INFO: [HLS 200-1510] Running: set_part xczu3eg-sbva484-2-i 
INFO: [HLS 200-1510] Running: create_clock -period 10 -name default 
INFO: [HLS 200-1510] Running: csim_design -setup -quiet 
INFO: [SIM 211-2] *************** CSIM start ***************
INFO: [SIM 211-4] CSIM will launch GCC as the compiler.
INFO: [SIM 211-1] CSim file generation done with 0 errors.
INFO: [SIM 211-3] *************** CSIM finish ***************
INFO: [HLS 200-111] Finished Command csim_design CPU user time: 2 seconds. CPU system time: 1 seconds. Elapsed time: 8.515 seconds; current allocated memory: 343.559 MB.
INFO: [HLS 200-112] Total CPU user time: 2 seconds. Total CPU system time: 1 seconds. Total elapsed time: 11.401 seconds; peak allocated memory: 938.543 MB.
==============================================================
Vitis HLS - High-Level Synthesis from C, C++ and OpenCL v2022.1 (64-bit)
Tool Version Limit: 2022.04
Copyright 1986-2022 Xilinx, Inc. All Rights Reserved.
==============================================================
INFO: [SYN 201-201] Setting up clock 'default' with a period of 10ns.
INFO: [HLS 200-1611] Setting target device to 'xczu3eg-sbva484-2-i'
INFO: [HLS 200-1505] Using flow_target 'vivado'
INFO: [HLS 200-1510] Running: set_part xczu3eg-sbva484-2-i 
INFO: [HLS 200-1510] Running: create_clock -period 10 -name default 
INFO: [HLS 200-1510] Running: csim_design -setup -quiet 
INFO: [SIM 211-2] *************** CSIM start ***************
INFO: [SIM 211-4] CSIM will launch GCC as the compiler.
INFO: [SIM 211-1] CSim file generation done with 0 errors.
INFO: [SIM 211-3] *************** CSIM finish ***************
INFO: [HLS 200-111] Finished Command csim_design CPU user time: 2 seconds. CPU system time: 1 seconds. Elapsed time: 16.752 seconds; current allocated memory: 461.852 MB.
INFO: [HLS 200-112] Total CPU user time: 3 seconds. Total CPU system time: 1 seconds. Total elapsed time: 19.925 seconds; peak allocated memory: 1.116 GB.
==============================================================
Vitis HLS - High-Level Synthesis from C, C++ and OpenCL v2022.1 (64-bit)
Tool Version Limit: 2022.04
Copyright 1986-2022 Xilinx, Inc. All Rights Reserved.
==============================================================
INFO: [SYN 201-201] Setting up clock 'default' with a period of 10ns.
INFO: [HLS 200-1611] Setting target device to 'xczu3eg-sbva484-2-i'
INFO: [HLS 200-1505] Using flow_target 'vivado'
INFO: [HLS 200-1510] Running: set_part xczu3eg-sbva484-2-i 
INFO: [HLS 200-1510] Running: create_clock -period 10 -name default 
INFO: [HLS 200-1510] Running: csim_design -setup -quiet 
INFO: [SIM 211-2] *************** CSIM start ***************
INFO: [SIM 211-4] CSIM will launch GCC as the compiler.
INFO: [SIM 211-1] CSim file generation done with 0 errors.
INFO: [SIM 211-3] *************** CSIM finish ***************
INFO: [HLS 200-111] Finished Command csim_design CPU user time: 2 seconds. CPU system time: 0 seconds. Elapsed time: 8.192 seconds; current allocated memory: 286.551 MB.
INFO: [HLS 200-112] Total CPU user time: 3 seconds. Total CPU system time: 1 seconds. Total elapsed time: 10.787 seconds; peak allocated memory: 1.116 GB.
==============================================================
Vitis HLS - High-Level Synthesis from C, C++ and OpenCL v2022.1 (64-bit)
Tool Version Limit: 2022.04
Copyright 1986-2022 Xilinx, Inc. All Rights Reserved.
==============================================================
INFO: [SYN 201-201] Setting up clock 'default' with a period of 10ns.
INFO: [HLS 200-1611] Setting target device to 'xczu3eg-sbva484-2-i'
INFO: [HLS 200-1505] Using flow_target 'vivado'
INFO: [HLS 200-1510] Running: set_part xczu3eg-sbva484-2-i 
INFO: [HLS 200-1510] Running: create_clock -period 10 -name default 
INFO: [HLS 200-1510] Running: csim_design -setup -quiet 
INFO: [SIM 211-2] *************** CSIM start ***************
INFO: [SIM 211-4] CSIM will launch GCC as the compiler.
INFO: [SIM 211-1] CSim file generation done with 0 errors.
INFO: [SIM 211-3] *************** CSIM finish ***************
INFO: [HLS 200-111] Finished Command csim_design CPU user time: 1 seconds. CPU system time: 0 seconds. Elapsed time: 4.375 seconds; current allocated memory: 376.633 MB.
INFO: [HLS 200-112] Total CPU user time: 2 seconds. Total CPU system time: 1 seconds. Total elapsed time: 6.994 seconds; peak allocated memory: 1.116 GB.
==============================================================
Vitis HLS - High-Level Synthesis from C, C++ and OpenCL v2022.1 (64-bit)
Tool Version Limit: 2022.04
Copyright 1986-2022 Xilinx, Inc. All Rights Reserved.
==============================================================
INFO: [SYN 201-201] Setting up clock 'default' with a period of 10ns.
INFO: [HLS 200-1611] Setting target device to 'xczu3eg-sbva484-2-i'
INFO: [HLS 200-1505] Using flow_target 'vivado'
INFO: [HLS 200-1510] Running: set_part xczu3eg-sbva484-2-i 
INFO: [HLS 200-1510] Running: create_clock -period 10 -name default 
INFO: [HLS 200-1510] Running: csim_design -setup -quiet 
INFO: [SIM 211-2] *************** CSIM start ***************
INFO: [SIM 211-4] CSIM will launch GCC as the compiler.
INFO: [SIM 211-1] CSim file generation done with 0 errors.
INFO: [SIM 211-3] *************** CSIM finish ***************
INFO: [HLS 200-111] Finished Command csim_design CPU user time: 1 seconds. CPU system time: 0 seconds. Elapsed time: 4.935 seconds; current allocated memory: 490.543 MB.
INFO: [HLS 200-112] Total CPU user time: 2 seconds. Total CPU system time: 1 seconds. Total elapsed time: 7.532 seconds; peak allocated memory: 1.082 GB.
==============================================================
Vitis HLS - High-Level Synthesis from C, C++ and OpenCL v2022.1 (64-bit)
Tool Version Limit: 2022.04
Copyright 1986-2022 Xilinx, Inc. All Rights Reserved.
==============================================================
INFO: [SYN 201-201] Setting up clock 'default' with a period of 10ns.
INFO: [HLS 200-1611] Setting target device to 'xczu3eg-sbva484-2-i'
INFO: [HLS 200-1505] Using flow_target 'vivado'
INFO: [HLS 200-1510] Running: set_part xczu3eg-sbva484-2-i 
INFO: [HLS 200-1510] Running: create_clock -period 10 -name default 
INFO: [HLS 200-1510] Running: csim_design -setup -quiet 
INFO: [SIM 211-2] *************** CSIM start ***************
INFO: [SIM 211-4] CSIM will launch GCC as the compiler.
INFO: [SIM 211-1] CSim file generation done with 0 errors.
INFO: [SIM 211-3] *************** CSIM finish ***************
INFO: [HLS 200-111] Finished Command csim_design CPU user time: 1 seconds. CPU system time: 1 seconds. Elapsed time: 3.845 seconds; current allocated memory: 242.184 MB.
INFO: [HLS 200-112] Total CPU user time: 1 seconds. Total CPU system time: 1 seconds. Total elapsed time: 8.334 seconds; peak allocated memory: 673.809 MB.
==============================================================
Vitis HLS - High-Level Synthesis from C, C++ and OpenCL v2022.1 (64-bit)
Tool Version Limit: 2022.04
Copyright 1986-2022 Xilinx, Inc. All Rights Reserved.
==============================================================
INFO: [SYN 201-201] Setting up clock 'default' with a period of 10ns.
INFO: [HLS 200-1611] Setting target device to 'xczu3eg-sbva484-2-i'
INFO: [HLS 200-1505] Using flow_target 'vivado'
INFO: [HLS 200-1510] Running: set_part xczu3eg-sbva484-2-i 
INFO: [HLS 200-1510] Running: create_clock -period 10 -name default 
INFO: [HLS 200-1510] Running: csim_design -setup -quiet 
INFO: [SIM 211-2] *************** CSIM start ***************
INFO: [SIM 211-4] CSIM will launch GCC as the compiler.
INFO: [SIM 211-1] CSim file generation done with 0 errors.
INFO: [SIM 211-3] *************** CSIM finish ***************
INFO: [HLS 200-111] Finished Command csim_design CPU user time: 1 seconds. CPU system time: 1 seconds. Elapsed time: 10.474 seconds; current allocated memory: 250.457 MB.
INFO: [HLS 200-112] Total CPU user time: 2 seconds. Total CPU system time: 1 seconds. Total elapsed time: 17.063 seconds; peak allocated memory: 725.234 MB.
==============================================================
Vitis HLS - High-Level Synthesis from C, C++ and OpenCL v2022.1 (64-bit)
Tool Version Limit: 2022.04
Copyright 1986-2022 Xilinx, Inc. All Rights Reserved.
==============================================================
INFO: [SYN 201-201] Setting up clock 'default' with a period of 10ns.
INFO: [HLS 200-1611] Setting target device to 'xczu3eg-sbva484-2-i'
INFO: [HLS 200-1505] Using flow_target 'vivado'
INFO: [HLS 200-1510] Running: set_part xczu3eg-sbva484-2-i 
INFO: [HLS 200-1510] Running: create_clock -period 10 -name default 
INFO: [HLS 200-1510] Running: csim_design -setup -quiet 
INFO: [SIM 211-2] *************** CSIM start ***************
INFO: [SIM 211-4] CSIM will launch GCC as the compiler.
INFO: [SIM 211-1] CSim file generation done with 0 errors.
INFO: [SIM 211-3] *************** CSIM finish ***************
INFO: [HLS 200-111] Finished Command csim_design CPU user time: 1 seconds. CPU system time: 1 seconds. Elapsed time: 8.216 seconds; current allocated memory: 586.469 MB.
INFO: [HLS 200-112] Total CPU user time: 1 seconds. Total CPU system time: 1 seconds. Total elapsed time: 13.808 seconds; peak allocated memory: 1016.320 MB.
==============================================================
Vitis HLS - High-Level Synthesis from C, C++ and OpenCL v2022.1 (64-bit)
Tool Version Limit: 2022.04
Copyright 1986-2022 Xilinx, Inc. All Rights Reserved.
==============================================================
INFO: [SYN 201-201] Setting up clock 'default' with a period of 10ns.
INFO: [HLS 200-1611] Setting target device to 'xczu3eg-sbva484-2-i'
INFO: [HLS 200-1505] Using flow_target 'vivado'
INFO: [HLS 200-1510] Running: set_part xczu3eg-sbva484-2-i 
INFO: [HLS 200-1510] Running: create_clock -period 10 -name default 
INFO: [HLS 200-1510] Running: csim_design -setup -quiet 
INFO: [SIM 211-2] *************** CSIM start ***************
INFO: [SIM 211-4] CSIM will launch GCC as the compiler.
INFO: [SIM 211-1] CSim file generation done with 0 errors.
INFO: [SIM 211-3] *************** CSIM finish ***************
INFO: [HLS 200-111] Finished Command csim_design CPU user time: 1 seconds. CPU system time: 1 seconds. Elapsed time: 4.71 seconds; current allocated memory: 520.262 MB.
INFO: [HLS 200-112] Total CPU user time: 2 seconds. Total CPU system time: 1 seconds. Total elapsed time: 7.392 seconds; peak allocated memory: 1.081 GB.
==============================================================
Vitis HLS - High-Level Synthesis from C, C++ and OpenCL v2022.1 (64-bit)
Tool Version Limit: 2022.04
Copyright 1986-2022 Xilinx, Inc. All Rights Reserved.
==============================================================
INFO: [SYN 201-201] Setting up clock 'default' with a period of 10ns.
INFO: [HLS 200-1611] Setting target device to 'xczu3eg-sbva484-2-i'
INFO: [HLS 200-1505] Using flow_target 'vivado'
INFO: [HLS 200-1510] Running: set_part xczu3eg-sbva484-2-i 
INFO: [HLS 200-1510] Running: create_clock -period 10 -name default 
INFO: [HLS 200-1510] Running: csim_design -setup -quiet 
INFO: [SIM 211-2] *************** CSIM start ***************
INFO: [SIM 211-4] CSIM will launch GCC as the compiler.
INFO: [SIM 211-1] CSim file generation done with 0 errors.
INFO: [SIM 211-3] *************** CSIM finish ***************
INFO: [HLS 200-111] Finished Command csim_design CPU user time: 1 seconds. CPU system time: 1 seconds. Elapsed time: 6.212 seconds; current allocated memory: 441.078 MB.
INFO: [HLS 200-112] Total CPU user time: 2 seconds. Total CPU system time: 1 seconds. Total elapsed time: 8.93 seconds; peak allocated memory: 1.097 GB.
==============================================================
Vitis HLS - High-Level Synthesis from C, C++ and OpenCL v2022.1 (64-bit)
Tool Version Limit: 2022.04
Copyright 1986-2022 Xilinx, Inc. All Rights Reserved.
==============================================================
INFO: [SYN 201-201] Setting up clock 'default' with a period of 10ns.
INFO: [HLS 200-1611] Setting target device to 'xczu3eg-sbva484-2-i'
INFO: [HLS 200-1505] Using flow_target 'vivado'
INFO: [HLS 200-1510] Running: set_part xczu3eg-sbva484-2-i 
INFO: [HLS 200-1510] Running: create_clock -period 10 -name default 
INFO: [HLS 200-1510] Running: csim_design -setup -quiet 
INFO: [SIM 211-2] *************** CSIM start ***************
INFO: [SIM 211-4] CSIM will launch GCC as the compiler.
INFO: [SIM 211-1] CSim file generation done with 0 errors.
INFO: [SIM 211-3] *************** CSIM finish ***************
INFO: [HLS 200-111] Finished Command csim_design CPU user time: 1 seconds. CPU system time: 0 seconds. Elapsed time: 8.095 seconds; current allocated memory: 329.730 MB.
INFO: [HLS 200-112] Total CPU user time: 2 seconds. Total CPU system time: 1 seconds. Total elapsed time: 13.697 seconds; peak allocated memory: 947.336 MB.
==============================================================
Vitis HLS - High-Level Synthesis from C, C++ and OpenCL v2022.1 (64-bit)
Tool Version Limit: 2022.04
Copyright 1986-2022 Xilinx, Inc. All Rights Reserved.
==============================================================
INFO: [SYN 201-201] Setting up clock 'default' with a period of 10ns.
INFO: [HLS 200-1611] Setting target device to 'xczu3eg-sbva484-2-i'
INFO: [HLS 200-1505] Using flow_target 'vivado'
INFO: [HLS 200-1510] Running: set_part xczu3eg-sbva484-2-i 
INFO: [HLS 200-1510] Running: create_clock -period 10 -name default 
INFO: [HLS 200-1510] Running: csim_design -setup -quiet 
INFO: [SIM 211-2] *************** CSIM start ***************
INFO: [SIM 211-4] CSIM will launch GCC as the compiler.
INFO: [SIM 211-1] CSim file generation done with 0 errors.
INFO: [SIM 211-3] *************** CSIM finish ***************
INFO: [HLS 200-111] Finished Command csim_design CPU user time: 1 seconds. CPU system time: 1 seconds. Elapsed time: 6.939 seconds; current allocated memory: 412.984 MB.
INFO: [HLS 200-112] Total CPU user time: 1 seconds. Total CPU system time: 1 seconds. Total elapsed time: 10.398 seconds; peak allocated memory: 1017.496 MB.
==============================================================
Vitis HLS - High-Level Synthesis from C, C++ and OpenCL v2022.1 (64-bit)
Tool Version Limit: 2022.04
Copyright 1986-2022 Xilinx, Inc. All Rights Reserved.
==============================================================
INFO: [SYN 201-201] Setting up clock 'default' with a period of 10ns.
INFO: [HLS 200-1611] Setting target device to 'xczu3eg-sbva484-2-i'
INFO: [HLS 200-1505] Using flow_target 'vivado'
INFO: [HLS 200-1510] Running: set_part xczu3eg-sbva484-2-i 
INFO: [HLS 200-1510] Running: create_clock -period 10 -name default 
INFO: [HLS 200-1510] Running: csim_design -setup -quiet 
INFO: [SIM 211-2] *************** CSIM start ***************
INFO: [SIM 211-4] CSIM will launch GCC as the compiler.
ERROR: [SIM 211-100] CSim file generation failed: compilation error(s).
INFO: [SIM 211-3] *************** CSIM finish ***************
INFO: [HLS 200-111] Finished Command csim_design CPU user time: 1 seconds. CPU system time: 0 seconds. Elapsed time: 7.398 seconds; current allocated memory: 383.309 MB.
INFO: [HLS 200-112] Total CPU user time: 2 seconds. Total CPU system time: 1 seconds. Total elapsed time: 10.392 seconds; peak allocated memory: 1.031 GB.
==============================================================
Vitis HLS - High-Level Synthesis from C, C++ and OpenCL v2022.1 (64-bit)
Tool Version Limit: 2022.04
Copyright 1986-2022 Xilinx, Inc. All Rights Reserved.
==============================================================
INFO: [SYN 201-201] Setting up clock 'default' with a period of 10ns.
INFO: [HLS 200-1611] Setting target device to 'xczu3eg-sbva484-2-i'
INFO: [HLS 200-1505] Using flow_target 'vivado'
INFO: [HLS 200-1510] Running: set_part xczu3eg-sbva484-2-i 
INFO: [HLS 200-1510] Running: create_clock -period 10 -name default 
INFO: [HLS 200-1510] Running: csim_design -setup -quiet 
INFO: [SIM 211-2] *************** CSIM start ***************
INFO: [SIM 211-4] CSIM will launch GCC as the compiler.
ERROR: [SIM 211-100] CSim file generation failed: compilation error(s).
INFO: [SIM 211-3] *************** CSIM finish ***************
INFO: [HLS 200-111] Finished Command csim_design CPU user time: 0 seconds. CPU system time: 1 seconds. Elapsed time: 3.58 seconds; current allocated memory: 492.840 MB.
INFO: [HLS 200-112] Total CPU user time: 1 seconds. Total CPU system time: 1 seconds. Total elapsed time: 6.329 seconds; peak allocated memory: 1.037 GB.
==============================================================
Vitis HLS - High-Level Synthesis from C, C++ and OpenCL v2022.1 (64-bit)
Tool Version Limit: 2022.04
Copyright 1986-2022 Xilinx, Inc. All Rights Reserved.
==============================================================
INFO: [SYN 201-201] Setting up clock 'default' with a period of 10ns.
INFO: [HLS 200-1611] Setting target device to 'xczu3eg-sbva484-2-i'
INFO: [HLS 200-1505] Using flow_target 'vivado'
INFO: [HLS 200-1510] Running: set_part xczu3eg-sbva484-2-i 
INFO: [HLS 200-1510] Running: create_clock -period 10 -name default 
INFO: [HLS 200-1510] Running: csim_design -setup -quiet 
INFO: [SIM 211-2] *************** CSIM start ***************
INFO: [SIM 211-4] CSIM will launch GCC as the compiler.
ERROR: [SIM 211-100] CSim file generation failed: compilation error(s).
INFO: [SIM 211-3] *************** CSIM finish ***************
INFO: [HLS 200-111] Finished Command csim_design CPU user time: 1 seconds. CPU system time: 0 seconds. Elapsed time: 3.967 seconds; current allocated memory: 328.156 MB.
INFO: [HLS 200-112] Total CPU user time: 2 seconds. Total CPU system time: 1 seconds. Total elapsed time: 6.964 seconds; peak allocated memory: 1.014 GB.
==============================================================
Vitis HLS - High-Level Synthesis from C, C++ and OpenCL v2022.1 (64-bit)
Tool Version Limit: 2022.04
Copyright 1986-2022 Xilinx, Inc. All Rights Reserved.
==============================================================
INFO: [SYN 201-201] Setting up clock 'default' with a period of 10ns.
INFO: [HLS 200-1611] Setting target device to 'xczu3eg-sbva484-2-i'
INFO: [HLS 200-1505] Using flow_target 'vivado'
INFO: [HLS 200-1510] Running: set_part xczu3eg-sbva484-2-i 
INFO: [HLS 200-1510] Running: create_clock -period 10 -name default 
INFO: [HLS 200-1510] Running: csim_design -setup -quiet 
INFO: [SIM 211-2] *************** CSIM start ***************
INFO: [SIM 211-4] CSIM will launch GCC as the compiler.
INFO: [SIM 211-1] CSim file generation done with 0 errors.
INFO: [SIM 211-3] *************** CSIM finish ***************
INFO: [HLS 200-111] Finished Command csim_design CPU user time: 0 seconds. CPU system time: 1 seconds. Elapsed time: 6.912 seconds; current allocated memory: 402.578 MB.
INFO: [HLS 200-112] Total CPU user time: 2 seconds. Total CPU system time: 1 seconds. Total elapsed time: 10.434 seconds; peak allocated memory: 836.684 MB.
==============================================================
Vitis HLS - High-Level Synthesis from C, C++ and OpenCL v2022.1 (64-bit)
Tool Version Limit: 2022.04
Copyright 1986-2022 Xilinx, Inc. All Rights Reserved.
==============================================================
INFO: [SYN 201-201] Setting up clock 'default' with a period of 10ns.
INFO: [HLS 200-1611] Setting target device to 'xczu3eg-sbva484-2-i'
INFO: [HLS 200-1505] Using flow_target 'vivado'
INFO: [HLS 200-1510] Running: set_part xczu3eg-sbva484-2-i 
INFO: [HLS 200-1510] Running: create_clock -period 10 -name default 
INFO: [HLS 200-1510] Running: csim_design -setup -quiet 
INFO: [SIM 211-2] *************** CSIM start ***************
INFO: [SIM 211-4] CSIM will launch GCC as the compiler.
INFO: [SIM 211-1] CSim file generation done with 0 errors.
INFO: [SIM 211-3] *************** CSIM finish ***************
INFO: [HLS 200-111] Finished Command csim_design CPU user time: 2 seconds. CPU system time: 1 seconds. Elapsed time: 11.609 seconds; current allocated memory: 231.090 MB.
INFO: [HLS 200-112] Total CPU user time: 2 seconds. Total CPU system time: 1 seconds. Total elapsed time: 14.475 seconds; peak allocated memory: 852.102 MB.
==============================================================
Vitis HLS - High-Level Synthesis from C, C++ and OpenCL v2022.1 (64-bit)
Tool Version Limit: 2022.04
Copyright 1986-2022 Xilinx, Inc. All Rights Reserved.
==============================================================
INFO: [SYN 201-201] Setting up clock 'default' with a period of 10ns.
INFO: [HLS 200-1611] Setting target device to 'xczu3eg-sbva484-2-i'
INFO: [HLS 200-1505] Using flow_target 'vivado'
INFO: [HLS 200-1510] Running: set_part xczu3eg-sbva484-2-i 
INFO: [HLS 200-1510] Running: create_clock -period 10 -name default 
INFO: [HLS 200-1510] Running: csim_design -setup -quiet 
INFO: [SIM 211-2] *************** CSIM start ***************
INFO: [SIM 211-4] CSIM will launch GCC as the compiler.
INFO: [SIM 211-1] CSim file generation done with 0 errors.
INFO: [SIM 211-3] *************** CSIM finish ***************
INFO: [HLS 200-111] Finished Command csim_design CPU user time: 1 seconds. CPU system time: 1 seconds. Elapsed time: 5.182 seconds; current allocated memory: 504.633 MB.
INFO: [HLS 200-112] Total CPU user time: 2 seconds. Total CPU system time: 1 seconds. Total elapsed time: 8.027 seconds; peak allocated memory: 1.116 GB.
==============================================================
Vitis HLS - High-Level Synthesis from C, C++ and OpenCL v2022.1 (64-bit)
Tool Version Limit: 2022.04
Copyright 1986-2022 Xilinx, Inc. All Rights Reserved.
==============================================================
INFO: [SYN 201-201] Setting up clock 'default' with a period of 10ns.
INFO: [HLS 200-1611] Setting target device to 'xczu3eg-sbva484-2-i'
INFO: [HLS 200-1505] Using flow_target 'vivado'
INFO: [HLS 200-1510] Running: set_part xczu3eg-sbva484-2-i 
INFO: [HLS 200-1510] Running: create_clock -period 10 -name default 
INFO: [HLS 200-1510] Running: csim_design -setup -quiet 
INFO: [SIM 211-2] *************** CSIM start ***************
INFO: [SIM 211-4] CSIM will launch GCC as the compiler.
INFO: [SIM 211-1] CSim file generation done with 0 errors.
INFO: [SIM 211-3] *************** CSIM finish ***************
INFO: [HLS 200-111] Finished Command csim_design CPU user time: 1 seconds. CPU system time: 0 seconds. Elapsed time: 12.822 seconds; current allocated memory: 217.605 MB.
INFO: [HLS 200-112] Total CPU user time: 2 seconds. Total CPU system time: 1 seconds. Total elapsed time: 18.951 seconds; peak allocated memory: 680.898 MB.
==============================================================
Vitis HLS - High-Level Synthesis from C, C++ and OpenCL v2022.1 (64-bit)
Tool Version Limit: 2022.04
Copyright 1986-2022 Xilinx, Inc. All Rights Reserved.
==============================================================
INFO: [SYN 201-201] Setting up clock 'default' with a period of 10ns.
INFO: [HLS 200-1611] Setting target device to 'xczu3eg-sbva484-2-i'
INFO: [HLS 200-1505] Using flow_target 'vivado'
INFO: [HLS 200-1510] Running: set_part xczu3eg-sbva484-2-i 
INFO: [HLS 200-1510] Running: create_clock -period 10 -name default 
INFO: [HLS 200-1510] Running: csim_design -setup -quiet 
INFO: [SIM 211-2] *************** CSIM start ***************
INFO: [SIM 211-4] CSIM will launch GCC as the compiler.
INFO: [SIM 211-1] CSim file generation done with 0 errors.
INFO: [SIM 211-3] *************** CSIM finish ***************
INFO: [HLS 200-111] Finished Command csim_design CPU user time: 1 seconds. CPU system time: 1 seconds. Elapsed time: 8.077 seconds; current allocated memory: 297.598 MB.
INFO: [HLS 200-112] Total CPU user time: 2 seconds. Total CPU system time: 1 seconds. Total elapsed time: 11.437 seconds; peak allocated memory: 1001.285 MB.
==============================================================
Vitis HLS - High-Level Synthesis from C, C++ and OpenCL v2022.1 (64-bit)
Tool Version Limit: 2022.04
Copyright 1986-2022 Xilinx, Inc. All Rights Reserved.
==============================================================
INFO: [SYN 201-201] Setting up clock 'default' with a period of 10ns.
INFO: [HLS 200-1611] Setting target device to 'xczu3eg-sbva484-2-i'
INFO: [HLS 200-1505] Using flow_target 'vivado'
INFO: [HLS 200-1510] Running: set_part xczu3eg-sbva484-2-i 
INFO: [HLS 200-1510] Running: create_clock -period 10 -name default 
INFO: [SYN 201-201] Setting up clock 'default' with a period of 10ns.
INFO: [HLS 200-1510] Running: csynth_design 
INFO: [HLS 200-111] Finished File checks and directory preparation: CPU user time: 0 seconds. CPU system time: 0 seconds. Elapsed time: 0.059 seconds; current allocated memory: 429.988 MB.
INFO: [HLS 200-10] Analyzing design file '../../../../HWSWAI/HLS/SampleDatasetMLP.cpp' ... 
INFO: [HLS 200-111] Finished Source Code Analysis and Preprocessing: CPU user time: 1 seconds. CPU system time: 1 seconds. Elapsed time: 14.106 seconds; current allocated memory: 721.320 MB.
INFO: [HLS 200-777] Using interface defaults for 'Vivado' flow target.
INFO: [HLS 214-131] Inlining function 'hls::axis<ap_int<32>, 2ul, 5ul, 6ul>::get_user_ptr()' into 'hls::stream<hls::axis<ap_int<32>, 2ul, 5ul, 6ul>, 0>::read(hls::axis<ap_int<32>, 2ul, 5ul, 6ul>&)' (C:/Xilinx/Vitis_HLS/2022.1/common/technology/autopilot\ap_axi_sdata.h:283:50)
INFO: [HLS 214-131] Inlining function 'hls::axis<ap_int<32>, 2ul, 5ul, 6ul>::get_dest_ptr()' into 'hls::stream<hls::axis<ap_int<32>, 2ul, 5ul, 6ul>, 0>::read(hls::axis<ap_int<32>, 2ul, 5ul, 6ul>&)' (C:/Xilinx/Vitis_HLS/2022.1/common/technology/autopilot\ap_axi_sdata.h:286:25)
INFO: [HLS 214-131] Inlining function 'hls::axis<ap_int<32>, 2ul, 5ul, 6ul>::get_id_ptr()' into 'hls::stream<hls::axis<ap_int<32>, 2ul, 5ul, 6ul>, 0>::read(hls::axis<ap_int<32>, 2ul, 5ul, 6ul>&)' (C:/Xilinx/Vitis_HLS/2022.1/common/technology/autopilot\ap_axi_sdata.h:285:67)
INFO: [HLS 214-131] Inlining function 'hls::axis<ap_int<32>, 2ul, 5ul, 6ul>::get_user_ptr()' into 'hls::stream<hls::axis<ap_int<32>, 2ul, 5ul, 6ul>, 0>::read(hls::axis<ap_int<32>, 2ul, 5ul, 6ul>&)' (C:/Xilinx/Vitis_HLS/2022.1/common/technology/autopilot\ap_axi_sdata.h:285:36)
INFO: [HLS 214-131] Inlining function 'hls::axis<ap_int<32>, 2ul, 5ul, 6ul>::get_dest_ptr()' into 'hls::stream<hls::axis<ap_int<32>, 2ul, 5ul, 6ul>, 0>::read(hls::axis<ap_int<32>, 2ul, 5ul, 6ul>&)' (C:/Xilinx/Vitis_HLS/2022.1/common/technology/autopilot\ap_axi_sdata.h:284:39)
INFO: [HLS 214-131] Inlining function 'hls::axis<ap_int<32>, 2ul, 5ul, 6ul>::get_id_ptr()' into 'hls::stream<hls::axis<ap_int<32>, 2ul, 5ul, 6ul>, 0>::read(hls::axis<ap_int<32>, 2ul, 5ul, 6ul>&)' (C:/Xilinx/Vitis_HLS/2022.1/common/technology/autopilot\ap_axi_sdata.h:284:23)
INFO: [HLS 214-131] Inlining function 'ssdm_int<32, false>::ssdm_int(unsigned int)' into 'ap_int_base<32, false>::ap_int_base(unsigned int)' (r:/ci/prod/2022.1/rdi_builds/continuous/2022_04_18_3526262/src/shared/hls/clib/include/header_files\ap_int_base.h:215:76)
INFO: [HLS 214-131] Inlining function 'ap_int_base<32, false>::ap_int_base(unsigned int)' into 'ap_uint<32>::ap_uint(unsigned int)' (r:/ci/prod/2022.1/rdi_builds/continuous/2022_04_18_3526262/src/shared/hls/clib/include/header_files\ap_int.h:288:67)
INFO: [HLS 214-131] Inlining function 'ap_bit_ref<32, false>::ap_bit_ref(ap_int_base<32, false>*, int)' into 'ap_int_base<32, false>::operator[](int)' (r:/ci/prod/2022.1/rdi_builds/continuous/2022_04_18_3526262/src/shared/hls/clib/include/header_files\ap_int_base.h:1129:30)
INFO: [HLS 214-131] Inlining function 'ap_bit_ref<1, false>::ap_bit_ref(ap_int_base<1, false>*, int)' into 'ap_int_base<1, false>::operator[](int)' (r:/ci/prod/2022.1/rdi_builds/continuous/2022_04_18_3526262/src/shared/hls/clib/include/header_files\ap_int_base.h:1129:30)
INFO: [HLS 214-131] Inlining function 'ap_bit_ref<32, false>::operator bool() const' into 'ap_bit_ref<1, false>& ap_bit_ref<1, false>::operator=<32, false>(ap_bit_ref<32, false> const&)' (r:/ci/prod/2022.1/rdi_builds/continuous/2022_04_18_3526262/src/shared/hls/clib/include/header_files\ap_int_ref.h:845:38)
INFO: [HLS 214-131] Inlining function 'ap_bit_ref<1, false>::operator=(unsigned long long)' into 'ap_bit_ref<1, false>& ap_bit_ref<1, false>::operator=<32, false>(ap_bit_ref<32, false> const&)' (r:/ci/prod/2022.1/rdi_builds/continuous/2022_04_18_3526262/src/shared/hls/clib/include/header_files\ap_int_ref.h:845:12)
INFO: [HLS 214-131] Inlining function 'ap_range_ref<32, false>::ap_range_ref(ap_int_base<32, false>*, int, int)' into 'ap_int_base<32, false>::range(int, int)' (r:/ci/prod/2022.1/rdi_builds/continuous/2022_04_18_3526262/src/shared/hls/clib/include/header_files\ap_int_base.h:1048:12)
INFO: [HLS 214-131] Inlining function 'ap_int_base<32, false>::range(int, int)' into 'ap_int_base<32, false>::operator()(int, int)' (r:/ci/prod/2022.1/rdi_builds/continuous/2022_04_18_3526262/src/shared/hls/clib/include/header_files\ap_int_base.h:1085:18)
INFO: [HLS 214-131] Inlining function 'ap_range_ref<8, false>::ap_range_ref(ap_int_base<8, false>*, int, int)' into 'ap_int_base<8, false>::range(int, int)' (r:/ci/prod/2022.1/rdi_builds/continuous/2022_04_18_3526262/src/shared/hls/clib/include/header_files\ap_int_base.h:1048:12)
INFO: [HLS 214-131] Inlining function 'ap_int_base<8, false>::range(int, int)' into 'ap_int_base<8, false>::operator()(int, int)' (r:/ci/prod/2022.1/rdi_builds/continuous/2022_04_18_3526262/src/shared/hls/clib/include/header_files\ap_int_base.h:1085:18)
INFO: [HLS 214-131] Inlining function 'ap_range_ref<32, false>::get() const' into 'ap_int_base<32, false>::ap_int_base<32, false>(ap_range_ref<32, false> const&)' (r:/ci/prod/2022.1/rdi_builds/continuous/2022_04_18_3526262/src/shared/hls/clib/include/header_files\ap_int_base.h:358:20)
INFO: [HLS 214-131] Inlining function 'ssdm_int<8, false>::ssdm_int(unsigned char)' into 'ap_int_base<8, false>::ap_int_base<32, false>(ap_int_base<32, false> const&)' (r:/ci/prod/2022.1/rdi_builds/continuous/2022_04_18_3526262/src/shared/hls/clib/include/header_files\ap_int_base.h:185:106)
INFO: [HLS 214-131] Inlining function 'ap_int_base<8, false>::ap_int_base<32, false>(ap_int_base<32, false> const&)' into 'ap_range_ref<8, false>& ap_range_ref<8, false>::operator=<32, false>(ap_int_base<32, false> const&)' (r:/ci/prod/2022.1/rdi_builds/continuous/2022_04_18_3526262/src/shared/hls/clib/include/header_files\ap_int_ref.h:367:31)
INFO: [HLS 214-131] Inlining function 'ap_int_base<32, false>::ap_int_base<32, false>(ap_range_ref<32, false> const&)' into 'ap_range_ref<8, false>& ap_range_ref<8, false>::operator=<32, false>(ap_range_ref<32, false> const&)' (r:/ci/prod/2022.1/rdi_builds/continuous/2022_04_18_3526262/src/shared/hls/clib/include/header_files\ap_int_ref.h:382:22)
INFO: [HLS 214-131] Inlining function 'ap_range_ref<8, false>& ap_range_ref<8, false>::operator=<32, false>(ap_int_base<32, false> const&)' into 'ap_range_ref<8, false>& ap_range_ref<8, false>::operator=<32, false>(ap_range_ref<32, false> const&)' (r:/ci/prod/2022.1/rdi_builds/continuous/2022_04_18_3526262/src/shared/hls/clib/include/header_files\ap_int_ref.h:382:12)
INFO: [HLS 214-131] Inlining function 'ap_range_ref<23, false>::ap_range_ref(ap_int_base<23, false>*, int, int)' into 'ap_int_base<23, false>::range(int, int)' (r:/ci/prod/2022.1/rdi_builds/continuous/2022_04_18_3526262/src/shared/hls/clib/include/header_files\ap_int_base.h:1048:12)
INFO: [HLS 214-131] Inlining function 'ap_int_base<23, false>::range(int, int)' into 'ap_int_base<23, false>::operator()(int, int)' (r:/ci/prod/2022.1/rdi_builds/continuous/2022_04_18_3526262/src/shared/hls/clib/include/header_files\ap_int_base.h:1085:18)
INFO: [HLS 214-131] Inlining function '_ZN8ssdm_intILi23ELb0EEC2EDq23_j' into 'ap_int_base<23, false>::ap_int_base<32, false>(ap_int_base<32, false> const&)' (r:/ci/prod/2022.1/rdi_builds/continuous/2022_04_18_3526262/src/shared/hls/clib/include/header_files\ap_int_base.h:185:106)
INFO: [HLS 214-131] Inlining function 'ap_int_base<23, false>::ap_int_base<32, false>(ap_int_base<32, false> const&)' into 'ap_range_ref<23, false>& ap_range_ref<23, false>::operator=<32, false>(ap_int_base<32, false> const&)' (r:/ci/prod/2022.1/rdi_builds/continuous/2022_04_18_3526262/src/shared/hls/clib/include/header_files\ap_int_ref.h:367:31)
INFO: [HLS 214-131] Inlining function 'ap_int_base<32, false>::ap_int_base<32, false>(ap_range_ref<32, false> const&)' into 'ap_range_ref<23, false>& ap_range_ref<23, false>::operator=<32, false>(ap_range_ref<32, false> const&)' (r:/ci/prod/2022.1/rdi_builds/continuous/2022_04_18_3526262/src/shared/hls/clib/include/header_files\ap_int_ref.h:382:22)
INFO: [HLS 214-131] Inlining function 'ap_range_ref<23, false>& ap_range_ref<23, false>::operator=<32, false>(ap_int_base<32, false> const&)' into 'ap_range_ref<23, false>& ap_range_ref<23, false>::operator=<32, false>(ap_range_ref<32, false> const&)' (r:/ci/prod/2022.1/rdi_builds/continuous/2022_04_18_3526262/src/shared/hls/clib/include/header_files\ap_int_ref.h:382:12)
INFO: [HLS 214-131] Inlining function 'ap_uint<32>::ap_uint(unsigned int)' into 'fp_struct<float>::fp_struct(float)' (r:/ci/prod/2022.1/rdi_builds/continuous/2022_04_18_3526262/src/shared/hls/clib/src/hls\utils/x_hls_utils.h:317:28)
INFO: [HLS 214-131] Inlining function 'ap_range_ref<23, false>& ap_range_ref<23, false>::operator=<32, false>(ap_range_ref<32, false> const&)' into 'fp_struct<float>::fp_struct(float)' (r:/ci/prod/2022.1/rdi_builds/continuous/2022_04_18_3526262/src/shared/hls/clib/src/hls\utils/x_hls_utils.h:325:18)
INFO: [HLS 214-131] Inlining function 'ap_int_base<23, false>::operator()(int, int)' into 'fp_struct<float>::fp_struct(float)' (r:/ci/prod/2022.1/rdi_builds/continuous/2022_04_18_3526262/src/shared/hls/clib/src/hls\utils/x_hls_utils.h:325:9)
INFO: [HLS 214-131] Inlining function 'ap_int_base<32, false>::operator()(int, int)' into 'fp_struct<float>::fp_struct(float)' (r:/ci/prod/2022.1/rdi_builds/continuous/2022_04_18_3526262/src/shared/hls/clib/src/hls\utils/x_hls_utils.h:325:20)
INFO: [HLS 214-131] Inlining function 'ap_range_ref<8, false>& ap_range_ref<8, false>::operator=<32, false>(ap_range_ref<32, false> const&)' into 'fp_struct<float>::fp_struct(float)' (r:/ci/prod/2022.1/rdi_builds/continuous/2022_04_18_3526262/src/shared/hls/clib/src/hls\utils/x_hls_utils.h:324:17)
INFO: [HLS 214-131] Inlining function 'ap_int_base<8, false>::operator()(int, int)' into 'fp_struct<float>::fp_struct(float)' (r:/ci/prod/2022.1/rdi_builds/continuous/2022_04_18_3526262/src/shared/hls/clib/src/hls\utils/x_hls_utils.h:324:9)
INFO: [HLS 214-131] Inlining function 'ap_int_base<32, false>::operator()(int, int)' into 'fp_struct<float>::fp_struct(float)' (r:/ci/prod/2022.1/rdi_builds/continuous/2022_04_18_3526262/src/shared/hls/clib/src/hls\utils/x_hls_utils.h:324:19)
INFO: [HLS 214-131] Inlining function 'ap_bit_ref<1, false>& ap_bit_ref<1, false>::operator=<32, false>(ap_bit_ref<32, false> const&)' into 'fp_struct<float>::fp_struct(float)' (r:/ci/prod/2022.1/rdi_builds/continuous/2022_04_18_3526262/src/shared/hls/clib/src/hls\utils/x_hls_utils.h:323:17)
INFO: [HLS 214-131] Inlining function 'ap_int_base<1, false>::operator[](int)' into 'fp_struct<float>::fp_struct(float)' (r:/ci/prod/2022.1/rdi_builds/continuous/2022_04_18_3526262/src/shared/hls/clib/src/hls\utils/x_hls_utils.h:323:9)
INFO: [HLS 214-131] Inlining function 'ap_int_base<32, false>::operator[](int)' into 'fp_struct<float>::fp_struct(float)' (r:/ci/prod/2022.1/rdi_builds/continuous/2022_04_18_3526262/src/shared/hls/clib/src/hls\utils/x_hls_utils.h:323:19)
INFO: [HLS 214-131] Inlining function 'ap_fixed_base<32, 32, true, (ap_q_mode)5, (ap_o_mode)3, 0>::operator!() const' into 'ap_fixed_base<24, 1, false, (ap_q_mode)5, (ap_o_mode)3, 0>& ap_fixed_base<24, 1, false, (ap_q_mode)5, (ap_o_mode)3, 0>::operator=<32, 32, true, (ap_q_mode)5, (ap_o_mode)3, 0>(ap_fixed_base<32, 32, true, (ap_q_mode)5, (ap_o_mode)3, 0> const&)' (r:/ci/prod/2022.1/rdi_builds/continuous/2022_04_18_3526262/src/shared/hls/clib/include/header_files\ap_fixed_base.h:808:9)
INFO: [HLS 214-131] Inlining function 'ap_fixed_base<24, 1, false, (ap_q_mode)5, (ap_o_mode)3, 0>& ap_fixed_base<24, 1, false, (ap_q_mode)5, (ap_o_mode)3, 0>::operator=<32, 32, true, (ap_q_mode)5, (ap_o_mode)3, 0>(ap_fixed_base<32, 32, true, (ap_q_mode)5, (ap_o_mode)3, 0> const&)' into 'ap_fixed_base<24, 1, false, (ap_q_mode)5, (ap_o_mode)3, 0>::ap_fixed_base(int)' (r:/ci/prod/2022.1/rdi_builds/continuous/2022_04_18_3526262/src/shared/hls/clib/include/header_files\ap_fixed_base.h:530:146)
INFO: [HLS 214-131] Inlining function 'ap_fixed_base<24, 1, false, (ap_q_mode)5, (ap_o_mode)3, 0>::ap_fixed_base(int)' into 'ap_ufixed<24, 1, (ap_q_mode)5, (ap_o_mode)3, 0>::ap_ufixed(int)' (r:/ci/prod/2022.1/rdi_builds/continuous/2022_04_18_3526262/src/shared/hls/clib/include/header_files\ap_fixed.h:300:80)
INFO: [HLS 214-131] Inlining function 'ap_range_ref<23, false>::ap_range_ref(ap_int_base<23, false>*, int, int)' into 'ap_int_base<23, false>::range(int, int) const' (r:/ci/prod/2022.1/rdi_builds/continuous/2022_04_18_3526262/src/shared/hls/clib/include/header_files\ap_int_base.h:1055:12)
INFO: [HLS 214-131] Inlining function 'ap_int_base<23, false>::range(int, int) const' into 'ap_int_base<23, false>::operator()(int, int) const' (r:/ci/prod/2022.1/rdi_builds/continuous/2022_04_18_3526262/src/shared/hls/clib/include/header_files\ap_int_base.h:1089:18)
INFO: [HLS 214-131] Inlining function 'af_range_ref<24, 1, false, (ap_q_mode)5, (ap_o_mode)3, 0>::af_range_ref(ap_fixed_base<24, 1, false, (ap_q_mode)5, (ap_o_mode)3, 0>*, int, int)' into 'ap_fixed_base<24, 1, false, (ap_q_mode)5, (ap_o_mode)3, 0>::range(int, int)' (r:/ci/prod/2022.1/rdi_builds/continuous/2022_04_18_3526262/src/shared/hls/clib/include/header_files\ap_fixed_base.h:1746:12)
INFO: [HLS 214-131] Inlining function 'ap_fixed_base<24, 1, false, (ap_q_mode)5, (ap_o_mode)3, 0>::range(int, int)' into 'ap_fixed_base<24, 1, false, (ap_q_mode)5, (ap_o_mode)3, 0>::operator()(int, int)' (r:/ci/prod/2022.1/rdi_builds/continuous/2022_04_18_3526262/src/shared/hls/clib/include/header_files\ap_fixed_base.h:1785:18)
INFO: [HLS 214-131] Inlining function 'ap_range_ref<23, false>::get() const' into 'ap_int_base<23, false>::ap_int_base<23, false>(ap_range_ref<23, false> const&)' (r:/ci/prod/2022.1/rdi_builds/continuous/2022_04_18_3526262/src/shared/hls/clib/include/header_files\ap_int_base.h:358:20)
INFO: [HLS 214-131] Inlining function 'ap_int_base<23, false>::ap_int_base<23, false>(ap_range_ref<23, false> const&)' into 'af_range_ref<24, 1, false, (ap_q_mode)5, (ap_o_mode)3, 0>& af_range_ref<24, 1, false, (ap_q_mode)5, (ap_o_mode)3, 0>::operator=<23, false>(ap_range_ref<23, false> const&)' (r:/ci/prod/2022.1/rdi_builds/continuous/2022_04_18_3526262/src/shared/hls/clib/include/header_files\ap_fixed_ref.h:301:38)
INFO: [HLS 214-131] Inlining function 'af_range_ref<24, 1, false, (ap_q_mode)5, (ap_o_mode)3, 0>& af_range_ref<24, 1, false, (ap_q_mode)5, (ap_o_mode)3, 0>::operator=<23, false>(ap_int_base<23, false> const&)' into 'af_range_ref<24, 1, false, (ap_q_mode)5, (ap_o_mode)3, 0>& af_range_ref<24, 1, false, (ap_q_mode)5, (ap_o_mode)3, 0>::operator=<23, false>(ap_range_ref<23, false> const&)' (r:/ci/prod/2022.1/rdi_builds/continuous/2022_04_18_3526262/src/shared/hls/clib/include/header_files\ap_fixed_ref.h:302:12)
INFO: [HLS 214-131] Inlining function 'af_bit_ref<24, 1, false, (ap_q_mode)5, (ap_o_mode)3, 0>::af_bit_ref(ap_fixed_base<24, 1, false, (ap_q_mode)5, (ap_o_mode)3, 0>*, int)' into 'ap_fixed_base<24, 1, false, (ap_q_mode)5, (ap_o_mode)3, 0>::operator[](unsigned int)' (r:/ci/prod/2022.1/rdi_builds/continuous/2022_04_18_3526262/src/shared/hls/clib/include/header_files\ap_fixed_base.h:1671:12)
INFO: [HLS 214-131] Inlining function 'ap_ufixed<24, 1, (ap_q_mode)5, (ap_o_mode)3, 0>::ap_ufixed(int)' into 'fp_struct<float>::mantissa() const' (r:/ci/prod/2022.1/rdi_builds/continuous/2022_04_18_3526262/src/shared/hls/clib/src/hls\utils/x_hls_utils.h:370:37)
INFO: [HLS 214-131] Inlining function 'af_bit_ref<24, 1, false, (ap_q_mode)5, (ap_o_mode)3, 0>::operator=(bool)' into 'fp_struct<float>::mantissa() const' (r:/ci/prod/2022.1/rdi_builds/continuous/2022_04_18_3526262/src/shared/hls/clib/src/hls\utils/x_hls_utils.h:372:21)
INFO: [HLS 214-131] Inlining function 'ap_fixed_base<24, 1, false, (ap_q_mode)5, (ap_o_mode)3, 0>::operator[](unsigned int)' into 'fp_struct<float>::mantissa() const' (r:/ci/prod/2022.1/rdi_builds/continuous/2022_04_18_3526262/src/shared/hls/clib/src/hls\utils/x_hls_utils.h:372:9)
INFO: [HLS 214-131] Inlining function 'ap_fixed_base<24, 1, false, (ap_q_mode)5, (ap_o_mode)3, 0>::wl() const' into 'fp_struct<float>::mantissa() const' (r:/ci/prod/2022.1/rdi_builds/continuous/2022_04_18_3526262/src/shared/hls/clib/src/hls\utils/x_hls_utils.h:372:13)
INFO: [HLS 214-131] Inlining function 'af_range_ref<24, 1, false, (ap_q_mode)5, (ap_o_mode)3, 0>& af_range_ref<24, 1, false, (ap_q_mode)5, (ap_o_mode)3, 0>::operator=<23, false>(ap_range_ref<23, false> const&)' into 'fp_struct<float>::mantissa() const' (r:/ci/prod/2022.1/rdi_builds/continuous/2022_04_18_3526262/src/shared/hls/clib/src/hls\utils/x_hls_utils.h:371:23)
INFO: [HLS 214-131] Inlining function 'ap_fixed_base<24, 1, false, (ap_q_mode)5, (ap_o_mode)3, 0>::operator()(int, int)' into 'fp_struct<float>::mantissa() const' (r:/ci/prod/2022.1/rdi_builds/continuous/2022_04_18_3526262/src/shared/hls/clib/src/hls\utils/x_hls_utils.h:371:9)
INFO: [HLS 214-131] Inlining function 'ap_fixed_base<24, 1, false, (ap_q_mode)5, (ap_o_mode)3, 0>::wl() const' into 'fp_struct<float>::mantissa() const' (r:/ci/prod/2022.1/rdi_builds/continuous/2022_04_18_3526262/src/shared/hls/clib/src/hls\utils/x_hls_utils.h:371:13)
INFO: [HLS 214-131] Inlining function 'ap_int_base<23, false>::operator()(int, int) const' into 'fp_struct<float>::mantissa() const' (r:/ci/prod/2022.1/rdi_builds/continuous/2022_04_18_3526262/src/shared/hls/clib/src/hls\utils/x_hls_utils.h:371:25)
INFO: [HLS 214-131] Inlining function 'ap_fixed_base<24, 1, false, (ap_q_mode)5, (ap_o_mode)3, 0>::operator!() const' into 'ap_fixed_base<79, 55, false, (ap_q_mode)5, (ap_o_mode)3, 0>& ap_fixed_base<79, 55, false, (ap_q_mode)5, (ap_o_mode)3, 0>::operator=<24, 1, false, (ap_q_mode)5, (ap_o_mode)3, 0>(ap_fixed_base<24, 1, false, (ap_q_mode)5, (ap_o_mode)3, 0> const&)' (r:/ci/prod/2022.1/rdi_builds/continuous/2022_04_18_3526262/src/shared/hls/clib/include/header_files\ap_fixed_base.h:808:9)
INFO: [HLS 214-131] Inlining function '_ZN8ssdm_intILi79ELb0EEC2EDq79_j' into 'ap_fixed_base<79, 55, false, (ap_q_mode)5, (ap_o_mode)3, 0>::ap_fixed_base<24, 1, false, (ap_q_mode)5, (ap_o_mode)3, 0>(ap_fixed_base<24, 1, false, (ap_q_mode)5, (ap_o_mode)3, 0> const&)' (r:/ci/prod/2022.1/rdi_builds/continuous/2022_04_18_3526262/src/shared/hls/clib/include/header_files\ap_fixed_base.h:401:80)
INFO: [HLS 214-131] Inlining function 'ap_fixed_base<79, 55, false, (ap_q_mode)5, (ap_o_mode)3, 0>& ap_fixed_base<79, 55, false, (ap_q_mode)5, (ap_o_mode)3, 0>::operator=<24, 1, false, (ap_q_mode)5, (ap_o_mode)3, 0>(ap_fixed_base<24, 1, false, (ap_q_mode)5, (ap_o_mode)3, 0> const&)' into 'ap_fixed_base<79, 55, false, (ap_q_mode)5, (ap_o_mode)3, 0>::ap_fixed_base<24, 1, false, (ap_q_mode)5, (ap_o_mode)3, 0>(ap_fixed_base<24, 1, false, (ap_q_mode)5, (ap_o_mode)3, 0> const&)' (r:/ci/prod/2022.1/rdi_builds/continuous/2022_04_18_3526262/src/shared/hls/clib/include/header_files\ap_fixed_base.h:403:5)
INFO: [HLS 214-131] Inlining function 'ap_fixed_base<79, 55, false, (ap_q_mode)5, (ap_o_mode)3, 0>::ap_fixed_base<24, 1, false, (ap_q_mode)5, (ap_o_mode)3, 0>(ap_fixed_base<24, 1, false, (ap_q_mode)5, (ap_o_mode)3, 0> const&)' into 'ap_ufixed<79, 55, (ap_q_mode)5, (ap_o_mode)3, 0>::ap_ufixed<24, 1, false, (ap_q_mode)5, (ap_o_mode)3, 0>(ap_fixed_base<24, 1, false, (ap_q_mode)5, (ap_o_mode)3, 0> const&)' (r:/ci/prod/2022.1/rdi_builds/continuous/2022_04_18_3526262/src/shared/hls/clib/include/header_files\ap_fixed.h:201:9)
INFO: [HLS 214-131] Inlining function 'ssdm_int<32, true>::ssdm_int(int)' into 'ap_int_base<32, true>::ap_int_base(int)' (C:/Xilinx/Vitis_HLS/2022.1/common/technology/autopilot\ap_int_base.h:260:67)
INFO: [HLS 214-131] Inlining function '_ZN8ssdm_intILi33ELb1EEC2EDq33_i' into 'ap_int_base<33, true>::ap_int_base<8, false>(ap_int_base<8, false> const&)' (r:/ci/prod/2022.1/rdi_builds/continuous/2022_04_18_3526262/src/shared/hls/clib/include/header_files\ap_int_base.h:185:106)
INFO: [HLS 214-131] Inlining function '_ZN8ssdm_intILi33ELb1EEC2EDq33_i' into 'ap_int_base<33, true>::ap_int_base<32, true>(ap_int_base<32, true> const&)' (r:/ci/prod/2022.1/rdi_builds/continuous/2022_04_18_3526262/src/shared/hls/clib/include/header_files\ap_int_base.h:185:106)
INFO: [HLS 214-131] Inlining function '_ZN8ssdm_intILi33ELb1EEC2EDq33_i' into 'ap_int_base<33, true>::ap_int_base(int)' (r:/ci/prod/2022.1/rdi_builds/continuous/2022_04_18_3526262/src/shared/hls/clib/include/header_files\ap_int_base.h:214:67)
INFO: [HLS 214-131] Inlining function 'ap_int_base<33, true>::ap_int_base<8, false>(ap_int_base<8, false> const&)' into 'ap_int_base<8, false>::RType<32, true>::minus operator-<8, false, 32, true>(ap_int_base<8, false> const&, ap_int_base<32, true> const&)' (r:/ci/prod/2022.1/rdi_builds/continuous/2022_04_18_3526262/src/shared/hls/clib/include/header_files\ap_int_base.h:1496:341)
INFO: [HLS 214-131] Inlining function 'ap_int<33>::ap_int<33, true>(ap_int_base<33, true> const&)' into 'ap_int_base<8, false>::RType<32, true>::minus operator-<8, false, 32, true>(ap_int_base<8, false> const&, ap_int_base<32, true> const&)' (r:/ci/prod/2022.1/rdi_builds/continuous/2022_04_18_3526262/src/shared/hls/clib/include/header_files\ap_int_base.h:1496:558)
INFO: [HLS 214-131] Inlining function 'ap_int_base<33, true>::ap_int_base(int)' into 'ap_int_base<8, false>::RType<32, true>::minus operator-<8, false, 32, true>(ap_int_base<8, false> const&, ap_int_base<32, true> const&)' (r:/ci/prod/2022.1/rdi_builds/continuous/2022_04_18_3526262/src/shared/hls/clib/include/header_files\ap_int_base.h:1496:520)
INFO: [HLS 214-131] Inlining function 'ap_int_base<33, true>::ap_int_base<32, true>(ap_int_base<32, true> const&)' into 'ap_int_base<8, false>::RType<32, true>::minus operator-<8, false, 32, true>(ap_int_base<8, false> const&, ap_int_base<32, true> const&)' (r:/ci/prod/2022.1/rdi_builds/continuous/2022_04_18_3526262/src/shared/hls/clib/include/header_files\ap_int_base.h:1496:430)
INFO: [HLS 214-131] Inlining function 'ap_int_base<32, true>::ap_int_base(int)' into 'ap_int_base<8, false>::RType<($_0)32, true>::minus operator-<8, false>(ap_int_base<8, false> const&, int)' (r:/ci/prod/2022.1/rdi_builds/continuous/2022_04_18_3526262/src/shared/hls/clib/include/header_files\ap_int_base.h:1633:1531)
INFO: [HLS 214-131] Inlining function 'ap_int_base<8, false>::RType<32, true>::minus operator-<8, false, 32, true>(ap_int_base<8, false> const&, ap_int_base<32, true> const&)' into 'ap_int_base<8, false>::RType<($_0)32, true>::minus operator-<8, false>(ap_int_base<8, false> const&, int)' (r:/ci/prod/2022.1/rdi_builds/continuous/2022_04_18_3526262/src/shared/hls/clib/include/header_files\ap_int_base.h:1633:1529)
INFO: [HLS 214-131] Inlining function 'ap_int_base<8, false>::RType<($_0)32, true>::minus operator-<8, false>(ap_int_base<8, false> const&, int)' into 'fp_struct<float>::expv() const' (r:/ci/prod/2022.1/rdi_builds/continuous/2022_04_18_3526262/src/shared/hls/clib/src/hls\utils/x_hls_utils.h:346:19)
INFO: [HLS 214-131] Inlining function 'ap_int_base<33, true>::operator long long() const' into 'fp_struct<float>::expv() const' (r:/ci/prod/2022.1/rdi_builds/continuous/2022_04_18_3526262/src/shared/hls/clib/src/hls\utils/x_hls_utils.h:346:16)
INFO: [HLS 214-131] Inlining function 'ap_fixed_base<32, 32, true, (ap_q_mode)5, (ap_o_mode)3, 0>::operator!() const' into 'ap_fixed_base<79, 55, false, (ap_q_mode)5, (ap_o_mode)3, 0>& ap_fixed_base<79, 55, false, (ap_q_mode)5, (ap_o_mode)3, 0>::operator=<32, 32, true, (ap_q_mode)5, (ap_o_mode)3, 0>(ap_fixed_base<32, 32, true, (ap_q_mode)5, (ap_o_mode)3, 0> const&)' (r:/ci/prod/2022.1/rdi_builds/continuous/2022_04_18_3526262/src/shared/hls/clib/include/header_files\ap_fixed_base.h:808:9)
INFO: [HLS 214-131] Inlining function 'ap_fixed_base<79, 55, false, (ap_q_mode)5, (ap_o_mode)3, 0>& ap_fixed_base<79, 55, false, (ap_q_mode)5, (ap_o_mode)3, 0>::operator=<32, 32, true, (ap_q_mode)5, (ap_o_mode)3, 0>(ap_fixed_base<32, 32, true, (ap_q_mode)5, (ap_o_mode)3, 0> const&)' into 'ap_fixed_base<79, 55, false, (ap_q_mode)5, (ap_o_mode)3, 0>::ap_fixed_base(int)' (r:/ci/prod/2022.1/rdi_builds/continuous/2022_04_18_3526262/src/shared/hls/clib/include/header_files\ap_fixed_base.h:530:146)
INFO: [HLS 214-131] Inlining function 'ap_fixed_base<79, 55, false, (ap_q_mode)5, (ap_o_mode)3, 0>::ap_fixed_base(int)' into 'ap_fixed_base<79, 55, false, (ap_q_mode)5, (ap_o_mode)3, 0>::operator>>(unsigned int) const' (r:/ci/prod/2022.1/rdi_builds/continuous/2022_04_18_3526262/src/shared/hls/clib/include/header_files\ap_fixed_base.h:1487:19)
INFO: [HLS 214-131] Inlining function 'ap_fixed_base<79, 55, false, (ap_q_mode)5, (ap_o_mode)3, 0>::ap_fixed_base(int)' into 'ap_fixed_base<79, 55, false, (ap_q_mode)5, (ap_o_mode)3, 0>::operator<<(unsigned int) const' (r:/ci/prod/2022.1/rdi_builds/continuous/2022_04_18_3526262/src/shared/hls/clib/include/header_files\ap_fixed_base.h:1453:19)
INFO: [HLS 214-131] Inlining function 'ap_fixed_base<79, 55, false, (ap_q_mode)5, (ap_o_mode)3, 0>::ap_fixed_base(int)' into 'ap_fixed_base<79, 55, false, (ap_q_mode)5, (ap_o_mode)3, 0>::operator<<(int) const' (r:/ci/prod/2022.1/rdi_builds/continuous/2022_04_18_3526262/src/shared/hls/clib/include/header_files\ap_fixed_base.h:1510:19)
INFO: [HLS 214-131] Inlining function 'ap_fixed_base<79, 55, false, (ap_q_mode)5, (ap_o_mode)3, 0>::operator<<(unsigned int) const' into 'ap_fixed_base<79, 55, false, (ap_q_mode)5, (ap_o_mode)3, 0>::operator<<(int) const' (r:/ci/prod/2022.1/rdi_builds/continuous/2022_04_18_3526262/src/shared/hls/clib/include/header_files\ap_fixed_base.h:1516:14)
INFO: [HLS 214-131] Inlining function 'ap_fixed_base<79, 55, false, (ap_q_mode)5, (ap_o_mode)3, 0>::operator>>(unsigned int) const' into 'ap_fixed_base<79, 55, false, (ap_q_mode)5, (ap_o_mode)3, 0>::operator<<(int) const' (r:/ci/prod/2022.1/rdi_builds/continuous/2022_04_18_3526262/src/shared/hls/clib/include/header_files\ap_fixed_base.h:1514:14)
INFO: [HLS 214-131] Inlining function '_ZN8ssdm_intILi79ELb0EEC2EDq79_j' into 'ap_int_base<79, false>::ap_int_base(int)' (r:/ci/prod/2022.1/rdi_builds/continuous/2022_04_18_3526262/src/shared/hls/clib/include/header_files\ap_int_base.h:214:67)
INFO: [HLS 214-131] Inlining function 'ap_int_base<79, false>::ap_int_base(int)' into 'ap_int_base<79, false>::RType<79, false>::arg1 operator>><79, false>(ap_int_base<79, false> const&, int)' (r:/ci/prod/2022.1/rdi_builds/continuous/2022_04_18_3526262/src/shared/hls/clib/include/header_files\ap_int_base.h:1669:558)
INFO: [HLS 214-131] Inlining function 'ap_uint<79>::ap_uint<79, false>(ap_int_base<79, false> const&)' into 'ap_int_base<79, false>::RType<79, false>::arg1 operator>><79, false>(ap_int_base<79, false> const&, int)' (r:/ci/prod/2022.1/rdi_builds/continuous/2022_04_18_3526262/src/shared/hls/clib/include/header_files\ap_int_base.h:1669:656)
INFO: [HLS 214-131] Inlining function '_ZN8ssdm_intILi1ELb0EEC2EDq1_j' into 'ap_int_base<1, false>::ap_int_base(int)' (C:/Xilinx/Vitis_HLS/2022.1/common/technology/autopilot\ap_int_base.h:260:67)
INFO: [HLS 214-131] Inlining function 'ap_int_base<1, false>::ap_int_base(int)' into 'ap_fixed_base<1, 32, false, (ap_q_mode)5, (ap_o_mode)0, 0>::overflow_adjust(bool, bool, bool, bool)' (r:/ci/prod/2022.1/rdi_builds/continuous/2022_04_18_3526262/src/shared/hls/clib/include/header_files\ap_fixed_base.h:357:23)
INFO: [HLS 214-131] Inlining function 'ap_fixed_base<79, 55, false, (ap_q_mode)5, (ap_o_mode)3, 0>::operator!() const' into 'ap_fixed_base<1, 32, false, (ap_q_mode)5, (ap_o_mode)0, 0>& ap_fixed_base<1, 32, false, (ap_q_mode)5, (ap_o_mode)0, 0>::operator=<79, 55, false, (ap_q_mode)5, (ap_o_mode)3, 0>(ap_fixed_base<79, 55, false, (ap_q_mode)5, (ap_o_mode)3, 0> const&)' (r:/ci/prod/2022.1/rdi_builds/continuous/2022_04_18_3526262/src/shared/hls/clib/include/header_files\ap_fixed_base.h:808:9)
INFO: [HLS 214-131] Inlining function 'ap_fixed_base<1, 32, false, (ap_q_mode)5, (ap_o_mode)0, 0>::overflow_adjust(bool, bool, bool, bool)' into 'ap_fixed_base<1, 32, false, (ap_q_mode)5, (ap_o_mode)0, 0>& ap_fixed_base<1, 32, false, (ap_q_mode)5, (ap_o_mode)0, 0>::operator=<79, 55, false, (ap_q_mode)5, (ap_o_mode)3, 0>(ap_fixed_base<79, 55, false, (ap_q_mode)5, (ap_o_mode)3, 0> const&)' (r:/ci/prod/2022.1/rdi_builds/continuous/2022_04_18_3526262/src/shared/hls/clib/include/header_files\ap_fixed_base.h:903:7)
INFO: [HLS 214-131] Inlining function 'bool ap_int_base<79, false>::operator==<79, false>(ap_int_base<79, false> const&) const' into 'ap_fixed_base<1, 32, false, (ap_q_mode)5, (ap_o_mode)0, 0>& ap_fixed_base<1, 32, false, (ap_q_mode)5, (ap_o_mode)0, 0>::operator=<79, 55, false, (ap_q_mode)5, (ap_o_mode)3, 0>(ap_fixed_base<79, 55, false, (ap_q_mode)5, (ap_o_mode)3, 0> const&)' (r:/ci/prod/2022.1/rdi_builds/continuous/2022_04_18_3526262/src/shared/hls/clib/include/header_files\ap_fixed_base.h:877:36)
INFO: [HLS 214-131] Inlining function 'ap_int_base<79, false>::RType<79, false>::arg1 operator>><79, false>(ap_int_base<79, false> const&, int)' into 'ap_fixed_base<1, 32, false, (ap_q_mode)5, (ap_o_mode)0, 0>& ap_fixed_base<1, 32, false, (ap_q_mode)5, (ap_o_mode)0, 0>::operator=<79, 55, false, (ap_q_mode)5, (ap_o_mode)3, 0>(ap_fixed_base<79, 55, false, (ap_q_mode)5, (ap_o_mode)3, 0> const&)' (r:/ci/prod/2022.1/rdi_builds/continuous/2022_04_18_3526262/src/shared/hls/clib/include/header_files\ap_fixed_base.h:877:49)
INFO: [HLS 214-131] Inlining function 'ap_int_base<79, false>::ap_int_base(int)' into 'ap_fixed_base<1, 32, false, (ap_q_mode)5, (ap_o_mode)0, 0>& ap_fixed_base<1, 32, false, (ap_q_mode)5, (ap_o_mode)0, 0>::operator=<79, 55, false, (ap_q_mode)5, (ap_o_mode)3, 0>(ap_fixed_base<79, 55, false, (ap_q_mode)5, (ap_o_mode)3, 0> const&)' (r:/ci/prod/2022.1/rdi_builds/continuous/2022_04_18_3526262/src/shared/hls/clib/include/header_files\ap_fixed_base.h:875:38)
INFO: [HLS 214-131] Inlining function 'bool ap_int_base<79, false>::operator==<79, false>(ap_int_base<79, false> const&) const' into 'ap_fixed_base<1, 32, false, (ap_q_mode)5, (ap_o_mode)0, 0>& ap_fixed_base<1, 32, false, (ap_q_mode)5, (ap_o_mode)0, 0>::operator=<79, 55, false, (ap_q_mode)5, (ap_o_mode)3, 0>(ap_fixed_base<79, 55, false, (ap_q_mode)5, (ap_o_mode)3, 0> const&)' (r:/ci/prod/2022.1/rdi_builds/continuous/2022_04_18_3526262/src/shared/hls/clib/include/header_files\ap_fixed_base.h:869:36)
INFO: [HLS 214-131] Inlining function 'ap_int_base<79, false>::RType<79, false>::arg1 operator>><79, false>(ap_int_base<79, false> const&, int)' into 'ap_fixed_base<1, 32, false, (ap_q_mode)5, (ap_o_mode)0, 0>& ap_fixed_base<1, 32, false, (ap_q_mode)5, (ap_o_mode)0, 0>::operator=<79, 55, false, (ap_q_mode)5, (ap_o_mode)3, 0>(ap_fixed_base<79, 55, false, (ap_q_mode)5, (ap_o_mode)3, 0> const&)' (r:/ci/prod/2022.1/rdi_builds/continuous/2022_04_18_3526262/src/shared/hls/clib/include/header_files\ap_fixed_base.h:869:49)
INFO: [HLS 214-131] Inlining function 'ap_int_base<79, false>::ap_int_base(int)' into 'ap_fixed_base<1, 32, false, (ap_q_mode)5, (ap_o_mode)0, 0>& ap_fixed_base<1, 32, false, (ap_q_mode)5, (ap_o_mode)0, 0>::operator=<79, 55, false, (ap_q_mode)5, (ap_o_mode)3, 0>(ap_fixed_base<79, 55, false, (ap_q_mode)5, (ap_o_mode)3, 0> const&)' (r:/ci/prod/2022.1/rdi_builds/continuous/2022_04_18_3526262/src/shared/hls/clib/include/header_files\ap_fixed_base.h:867:38)
INFO: [HLS 214-131] Inlining function 'ap_int_base<79, false>::ap_int_base(int)' into 'ap_fixed_base<1, 32, false, (ap_q_mode)5, (ap_o_mode)0, 0>& ap_fixed_base<1, 32, false, (ap_q_mode)5, (ap_o_mode)0, 0>::operator=<79, 55, false, (ap_q_mode)5, (ap_o_mode)3, 0>(ap_fixed_base<79, 55, false, (ap_q_mode)5, (ap_o_mode)3, 0> const&)' (r:/ci/prod/2022.1/rdi_builds/continuous/2022_04_18_3526262/src/shared/hls/clib/include/header_files\ap_fixed_base.h:864:36)
INFO: [HLS 214-131] Inlining function '_ZN8ssdm_intILi1ELb0EEC2EDq1_j' into 'ap_fixed_base<1, 32, false, (ap_q_mode)5, (ap_o_mode)0, 0>::ap_fixed_base<79, 55, false, (ap_q_mode)5, (ap_o_mode)3, 0>(ap_fixed_base<79, 55, false, (ap_q_mode)5, (ap_o_mode)3, 0> const&)' (r:/ci/prod/2022.1/rdi_builds/continuous/2022_04_18_3526262/src/shared/hls/clib/include/header_files\ap_fixed_base.h:401:80)
INFO: [HLS 214-131] Inlining function 'ap_fixed_base<1, 32, false, (ap_q_mode)5, (ap_o_mode)0, 0>& ap_fixed_base<1, 32, false, (ap_q_mode)5, (ap_o_mode)0, 0>::operator=<79, 55, false, (ap_q_mode)5, (ap_o_mode)3, 0>(ap_fixed_base<79, 55, false, (ap_q_mode)5, (ap_o_mode)3, 0> const&)' into 'ap_fixed_base<1, 32, false, (ap_q_mode)5, (ap_o_mode)0, 0>::ap_fixed_base<79, 55, false, (ap_q_mode)5, (ap_o_mode)3, 0>(ap_fixed_base<79, 55, false, (ap_q_mode)5, (ap_o_mode)3, 0> const&)' (r:/ci/prod/2022.1/rdi_builds/continuous/2022_04_18_3526262/src/shared/hls/clib/include/header_files\ap_fixed_base.h:403:5)
INFO: [HLS 214-131] Inlining function 'ap_fixed_base<1, 32, false, (ap_q_mode)5, (ap_o_mode)0, 0>::ap_fixed_base<79, 55, false, (ap_q_mode)5, (ap_o_mode)3, 0>(ap_fixed_base<79, 55, false, (ap_q_mode)5, (ap_o_mode)3, 0> const&)' into 'ap_ufixed<1, 32, (ap_q_mode)5, (ap_o_mode)0, 0>::ap_ufixed<79, 55, false, (ap_q_mode)5, (ap_o_mode)3, 0>(ap_fixed_base<79, 55, false, (ap_q_mode)5, (ap_o_mode)3, 0> const&)' (r:/ci/prod/2022.1/rdi_builds/continuous/2022_04_18_3526262/src/shared/hls/clib/include/header_files\ap_fixed.h:201:9)
INFO: [HLS 214-131] Inlining function 'ap_fixed_base<79, 55, false, (ap_q_mode)5, (ap_o_mode)3, 0>::operator!() const' into 'ap_fixed_base<32, 32, false, (ap_q_mode)6, (ap_o_mode)3, 0>& ap_fixed_base<32, 32, false, (ap_q_mode)6, (ap_o_mode)3, 0>::operator=<79, 55, false, (ap_q_mode)5, (ap_o_mode)3, 0>(ap_fixed_base<79, 55, false, (ap_q_mode)5, (ap_o_mode)3, 0> const&)' (r:/ci/prod/2022.1/rdi_builds/continuous/2022_04_18_3526262/src/shared/hls/clib/include/header_files\ap_fixed_base.h:808:9)
INFO: [HLS 214-131] Inlining function 'ssdm_int<32, false>::ssdm_int(unsigned int)' into 'ap_fixed_base<32, 32, false, (ap_q_mode)6, (ap_o_mode)3, 0>::ap_fixed_base<79, 55, false, (ap_q_mode)5, (ap_o_mode)3, 0>(ap_fixed_base<79, 55, false, (ap_q_mode)5, (ap_o_mode)3, 0> const&)' (r:/ci/prod/2022.1/rdi_builds/continuous/2022_04_18_3526262/src/shared/hls/clib/include/header_files\ap_fixed_base.h:401:80)
INFO: [HLS 214-131] Inlining function 'ap_fixed_base<32, 32, false, (ap_q_mode)6, (ap_o_mode)3, 0>& ap_fixed_base<32, 32, false, (ap_q_mode)6, (ap_o_mode)3, 0>::operator=<79, 55, false, (ap_q_mode)5, (ap_o_mode)3, 0>(ap_fixed_base<79, 55, false, (ap_q_mode)5, (ap_o_mode)3, 0> const&)' into 'ap_fixed_base<32, 32, false, (ap_q_mode)6, (ap_o_mode)3, 0>::ap_fixed_base<79, 55, false, (ap_q_mode)5, (ap_o_mode)3, 0>(ap_fixed_base<79, 55, false, (ap_q_mode)5, (ap_o_mode)3, 0> const&)' (r:/ci/prod/2022.1/rdi_builds/continuous/2022_04_18_3526262/src/shared/hls/clib/include/header_files\ap_fixed_base.h:403:5)
INFO: [HLS 214-131] Inlining function 'ap_fixed_base<32, 32, false, (ap_q_mode)6, (ap_o_mode)3, 0>::ap_fixed_base<79, 55, false, (ap_q_mode)5, (ap_o_mode)3, 0>(ap_fixed_base<79, 55, false, (ap_q_mode)5, (ap_o_mode)3, 0> const&)' into 'ap_ufixed<32, 32, (ap_q_mode)6, (ap_o_mode)3, 0>::ap_ufixed<79, 55, false, (ap_q_mode)5, (ap_o_mode)3, 0>(ap_fixed_base<79, 55, false, (ap_q_mode)5, (ap_o_mode)3, 0> const&)' (r:/ci/prod/2022.1/rdi_builds/continuous/2022_04_18_3526262/src/shared/hls/clib/include/header_files\ap_fixed.h:201:9)
INFO: [HLS 214-131] Inlining function 'ap_fixed_base<1, 32, false, (ap_q_mode)5, (ap_o_mode)0, 0>::operator!() const' into 'ap_fixed_base<33, 33, false, (ap_q_mode)5, (ap_o_mode)0, 0>& ap_fixed_base<33, 33, false, (ap_q_mode)5, (ap_o_mode)0, 0>::operator=<1, 32, false, (ap_q_mode)5, (ap_o_mode)0, 0>(ap_fixed_base<1, 32, false, (ap_q_mode)5, (ap_o_mode)0, 0> const&)' (r:/ci/prod/2022.1/rdi_builds/continuous/2022_04_18_3526262/src/shared/hls/clib/include/header_files\ap_fixed_base.h:808:9)
INFO: [HLS 214-131] Inlining function '_ZN8ssdm_intILi33ELb0EEC2EDq33_j' into 'ap_fixed_base<33, 33, false, (ap_q_mode)5, (ap_o_mode)0, 0>::ap_fixed_base<1, 32, false, (ap_q_mode)5, (ap_o_mode)0, 0>(ap_fixed_base<1, 32, false, (ap_q_mode)5, (ap_o_mode)0, 0> const&)' (r:/ci/prod/2022.1/rdi_builds/continuous/2022_04_18_3526262/src/shared/hls/clib/include/header_files\ap_fixed_base.h:401:80)
INFO: [HLS 214-131] Inlining function 'ap_fixed_base<33, 33, false, (ap_q_mode)5, (ap_o_mode)0, 0>& ap_fixed_base<33, 33, false, (ap_q_mode)5, (ap_o_mode)0, 0>::operator=<1, 32, false, (ap_q_mode)5, (ap_o_mode)0, 0>(ap_fixed_base<1, 32, false, (ap_q_mode)5, (ap_o_mode)0, 0> const&)' into 'ap_fixed_base<33, 33, false, (ap_q_mode)5, (ap_o_mode)0, 0>::ap_fixed_base<1, 32, false, (ap_q_mode)5, (ap_o_mode)0, 0>(ap_fixed_base<1, 32, false, (ap_q_mode)5, (ap_o_mode)0, 0> const&)' (r:/ci/prod/2022.1/rdi_builds/continuous/2022_04_18_3526262/src/shared/hls/clib/include/header_files\ap_fixed_base.h:403:5)
INFO: [HLS 214-131] Inlining function 'ap_fixed_base<33, 33, false, (ap_q_mode)5, (ap_o_mode)0, 0>::ap_fixed_base<1, 32, false, (ap_q_mode)5, (ap_o_mode)0, 0>(ap_fixed_base<1, 32, false, (ap_q_mode)5, (ap_o_mode)0, 0> const&)' into 'bool ap_fixed_base<1, 32, false, (ap_q_mode)5, (ap_o_mode)0, 0>::operator!=<32, 32, true, (ap_q_mode)5, (ap_o_mode)3, 0>(ap_fixed_base<32, 32, true, (ap_q_mode)5, (ap_o_mode)3, 0> const&) const' (r:/ci/prod/2022.1/rdi_builds/continuous/2022_04_18_3526262/src/shared/hls/clib/include/header_files\ap_fixed_base.h:1654:505)
INFO: [HLS 214-131] Inlining function 'ap_fixed_base<32, 32, true, (ap_q_mode)5, (ap_o_mode)3, 0>::ap_fixed_base(int)' into 'bool operator!=<1, 32, false, (ap_q_mode)5, (ap_o_mode)0, 0>(ap_fixed_base<1, 32, false, (ap_q_mode)5, (ap_o_mode)0, 0> const&, int)' (r:/ci/prod/2022.1/rdi_builds/continuous/2022_04_18_3526262/src/shared/hls/clib/include/header_files\ap_fixed_base.h:2376:13043)
INFO: [HLS 214-131] Inlining function 'bool ap_fixed_base<1, 32, false, (ap_q_mode)5, (ap_o_mode)0, 0>::operator!=<32, 32, true, (ap_q_mode)5, (ap_o_mode)3, 0>(ap_fixed_base<32, 32, true, (ap_q_mode)5, (ap_o_mode)3, 0> const&) const' into 'bool operator!=<1, 32, false, (ap_q_mode)5, (ap_o_mode)0, 0>(ap_fixed_base<1, 32, false, (ap_q_mode)5, (ap_o_mode)0, 0> const&, int)' (r:/ci/prod/2022.1/rdi_builds/continuous/2022_04_18_3526262/src/shared/hls/clib/include/header_files\ap_fixed_base.h:2376:13031)
INFO: [HLS 214-131] Inlining function 'ap_int_base<32, true>::ap_int_base(int)' into 'ap_int<32>::ap_int(int)' (C:/Xilinx/Vitis_HLS/2022.1/common/technology/autopilot/ap_int.h:179:57)
INFO: [HLS 214-131] Inlining function 'ap_bit_ref<32, true>::ap_bit_ref(ap_int_base<32, true>*, int)' into 'ap_int_base<32, true>::operator[](int)' (r:/ci/prod/2022.1/rdi_builds/continuous/2022_04_18_3526262/src/shared/hls/clib/include/header_files\ap_int_base.h:1129:30)
INFO: [HLS 214-131] Inlining function 'ap_fixed_base<1, 32, false, (ap_q_mode)5, (ap_o_mode)0, 0>::operator!() const' into 'ap_fixed_base<32, 32, false, (ap_q_mode)5, (ap_o_mode)0, 0>& ap_fixed_base<32, 32, false, (ap_q_mode)5, (ap_o_mode)0, 0>::operator=<1, 32, false, (ap_q_mode)5, (ap_o_mode)0, 0>(ap_fixed_base<1, 32, false, (ap_q_mode)5, (ap_o_mode)0, 0> const&)' (r:/ci/prod/2022.1/rdi_builds/continuous/2022_04_18_3526262/src/shared/hls/clib/include/header_files\ap_fixed_base.h:808:9)
INFO: [HLS 214-131] Inlining function 'ssdm_int<32, false>::ssdm_int(unsigned int)' into 'ap_fixed_base<32, 32, false, (ap_q_mode)5, (ap_o_mode)0, 0>::ap_fixed_base<1, 32, false, (ap_q_mode)5, (ap_o_mode)0, 0>(ap_fixed_base<1, 32, false, (ap_q_mode)5, (ap_o_mode)0, 0> const&)' (r:/ci/prod/2022.1/rdi_builds/continuous/2022_04_18_3526262/src/shared/hls/clib/include/header_files\ap_fixed_base.h:401:80)
INFO: [HLS 214-131] Inlining function 'ap_fixed_base<32, 32, false, (ap_q_mode)5, (ap_o_mode)0, 0>& ap_fixed_base<32, 32, false, (ap_q_mode)5, (ap_o_mode)0, 0>::operator=<1, 32, false, (ap_q_mode)5, (ap_o_mode)0, 0>(ap_fixed_base<1, 32, false, (ap_q_mode)5, (ap_o_mode)0, 0> const&)' into 'ap_fixed_base<32, 32, false, (ap_q_mode)5, (ap_o_mode)0, 0>::ap_fixed_base<1, 32, false, (ap_q_mode)5, (ap_o_mode)0, 0>(ap_fixed_base<1, 32, false, (ap_q_mode)5, (ap_o_mode)0, 0> const&)' (r:/ci/prod/2022.1/rdi_builds/continuous/2022_04_18_3526262/src/shared/hls/clib/include/header_files\ap_fixed_base.h:403:5)
INFO: [HLS 214-131] Inlining function 'ap_fixed_base<32, 32, false, (ap_q_mode)5, (ap_o_mode)0, 0>::ap_fixed_base<1, 32, false, (ap_q_mode)5, (ap_o_mode)0, 0>(ap_fixed_base<1, 32, false, (ap_q_mode)5, (ap_o_mode)0, 0> const&)' into 'bool ap_fixed_base<32, 32, true, (ap_q_mode)5, (ap_o_mode)3, 0>::operator==<1, 32, false, (ap_q_mode)5, (ap_o_mode)0, 0>(ap_fixed_base<1, 32, false, (ap_q_mode)5, (ap_o_mode)0, 0> const&) const' (r:/ci/prod/2022.1/rdi_builds/continuous/2022_04_18_3526262/src/shared/hls/clib/include/header_files\ap_fixed_base.h:1653:370)
INFO: [HLS 214-131] Inlining function 'ap_fixed_base<32, 32, true, (ap_q_mode)5, (ap_o_mode)3, 0>::ap_fixed_base(int)' into 'bool operator==<1, 32, false, (ap_q_mode)5, (ap_o_mode)0, 0>(int, ap_fixed_base<1, 32, false, (ap_q_mode)5, (ap_o_mode)0, 0> const&)' (r:/ci/prod/2022.1/rdi_builds/continuous/2022_04_18_3526262/src/shared/hls/clib/include/header_files\ap_fixed_base.h:2376:12718)
INFO: [HLS 214-131] Inlining function 'bool ap_fixed_base<32, 32, true, (ap_q_mode)5, (ap_o_mode)3, 0>::operator==<1, 32, false, (ap_q_mode)5, (ap_o_mode)0, 0>(ap_fixed_base<1, 32, false, (ap_q_mode)5, (ap_o_mode)0, 0> const&) const' into 'bool operator==<1, 32, false, (ap_q_mode)5, (ap_o_mode)0, 0>(int, ap_fixed_base<1, 32, false, (ap_q_mode)5, (ap_o_mode)0, 0> const&)' (r:/ci/prod/2022.1/rdi_builds/continuous/2022_04_18_3526262/src/shared/hls/clib/include/header_files\ap_fixed_base.h:2376:12778)
INFO: [HLS 214-131] Inlining function 'ap_int_base<32, true>::ap_int_base(int)' into 'bool operator!=<23, false>(int, ap_int_base<23, false> const&)' (r:/ci/prod/2022.1/rdi_builds/continuous/2022_04_18_3526262/src/shared/hls/clib/include/header_files\ap_int_base.h:1788:2037)
INFO: [HLS 214-131] Inlining function 'bool ap_int_base<32, true>::operator!=<23, false>(ap_int_base<23, false> const&) const' into 'bool operator!=<23, false>(int, ap_int_base<23, false> const&)' (r:/ci/prod/2022.1/rdi_builds/continuous/2022_04_18_3526262/src/shared/hls/clib/include/header_files\ap_int_base.h:1788:2075)
INFO: [HLS 214-131] Inlining function 'ap_int_base<32, true>::ap_int_base(int)' into 'bool operator==<8, false>(ap_int_base<8, false> const&, int)' (r:/ci/prod/2022.1/rdi_builds/continuous/2022_04_18_3526262/src/shared/hls/clib/include/header_files\ap_int_base.h:1788:1853)
INFO: [HLS 214-131] Inlining function 'bool ap_int_base<8, false>::operator==<32, true>(ap_int_base<32, true> const&) const' into 'bool operator==<8, false>(ap_int_base<8, false> const&, int)' (r:/ci/prod/2022.1/rdi_builds/continuous/2022_04_18_3526262/src/shared/hls/clib/include/header_files\ap_int_base.h:1788:1850)
INFO: [HLS 214-131] Inlining function 'ap_int_base<1, false>::to_int() const' into 'fp_struct<float>::__signbit() const' (r:/ci/prod/2022.1/rdi_builds/continuous/2022_04_18_3526262/src/shared/hls/clib/src/hls\utils/x_hls_utils.h:379:21)
INFO: [HLS 214-131] Inlining function 'ap_fixed_base<32, 32, false, (ap_q_mode)6, (ap_o_mode)3, 0>::operator!() const' into 'ap_fixed_base<32, 32, true, (ap_q_mode)5, (ap_o_mode)3, 0>& ap_fixed_base<32, 32, true, (ap_q_mode)5, (ap_o_mode)3, 0>::operator=<32, 32, false, (ap_q_mode)6, (ap_o_mode)3, 0>(ap_fixed_base<32, 32, false, (ap_q_mode)6, (ap_o_mode)3, 0> const&)' (r:/ci/prod/2022.1/rdi_builds/continuous/2022_04_18_3526262/src/shared/hls/clib/include/header_files\ap_fixed_base.h:808:9)
INFO: [HLS 214-131] Inlining function 'ssdm_int<32, true>::ssdm_int(int)' into 'ap_fixed_base<32, 32, true, (ap_q_mode)5, (ap_o_mode)3, 0>::ap_fixed_base<32, 32, false, (ap_q_mode)6, (ap_o_mode)3, 0>(ap_fixed_base<32, 32, false, (ap_q_mode)6, (ap_o_mode)3, 0> const&)' (r:/ci/prod/2022.1/rdi_builds/continuous/2022_04_18_3526262/src/shared/hls/clib/include/header_files\ap_fixed_base.h:401:80)
INFO: [HLS 214-131] Inlining function 'ap_fixed_base<32, 32, true, (ap_q_mode)5, (ap_o_mode)3, 0>& ap_fixed_base<32, 32, true, (ap_q_mode)5, (ap_o_mode)3, 0>::operator=<32, 32, false, (ap_q_mode)6, (ap_o_mode)3, 0>(ap_fixed_base<32, 32, false, (ap_q_mode)6, (ap_o_mode)3, 0> const&)' into 'ap_fixed_base<32, 32, true, (ap_q_mode)5, (ap_o_mode)3, 0>::ap_fixed_base<32, 32, false, (ap_q_mode)6, (ap_o_mode)3, 0>(ap_fixed_base<32, 32, false, (ap_q_mode)6, (ap_o_mode)3, 0> const&)' (r:/ci/prod/2022.1/rdi_builds/continuous/2022_04_18_3526262/src/shared/hls/clib/include/header_files\ap_fixed_base.h:403:5)
INFO: [HLS 214-131] Inlining function 'ap_fixed_base<32, 32, true, (ap_q_mode)5, (ap_o_mode)3, 0>::ap_fixed_base<32, 32, false, (ap_q_mode)6, (ap_o_mode)3, 0>(ap_fixed_base<32, 32, false, (ap_q_mode)6, (ap_o_mode)3, 0> const&)' into 'ap_fixed<32, 32, (ap_q_mode)5, (ap_o_mode)3, 0>::ap_fixed<32, 32, false, (ap_q_mode)6, (ap_o_mode)3, 0>(ap_fixed_base<32, 32, false, (ap_q_mode)6, (ap_o_mode)3, 0> const&)' (r:/ci/prod/2022.1/rdi_builds/continuous/2022_04_18_3526262/src/shared/hls/clib/include/header_files\ap_fixed.h:29:9)
INFO: [HLS 214-131] Inlining function 'ap_fixed_base<32, 32, false, (ap_q_mode)6, (ap_o_mode)3, 0>::operator!() const' into 'ap_fixed_base<33, 33, true, (ap_q_mode)5, (ap_o_mode)3, 0>& ap_fixed_base<33, 33, true, (ap_q_mode)5, (ap_o_mode)3, 0>::operator=<32, 32, false, (ap_q_mode)6, (ap_o_mode)3, 0>(ap_fixed_base<32, 32, false, (ap_q_mode)6, (ap_o_mode)3, 0> const&)' (r:/ci/prod/2022.1/rdi_builds/continuous/2022_04_18_3526262/src/shared/hls/clib/include/header_files\ap_fixed_base.h:808:9)
INFO: [HLS 214-131] Inlining function '_ZN8ssdm_intILi33ELb1EEC2EDq33_i' into 'ap_fixed_base<33, 33, true, (ap_q_mode)5, (ap_o_mode)3, 0>::ap_fixed_base<32, 32, false, (ap_q_mode)6, (ap_o_mode)3, 0>(ap_fixed_base<32, 32, false, (ap_q_mode)6, (ap_o_mode)3, 0> const&)' (r:/ci/prod/2022.1/rdi_builds/continuous/2022_04_18_3526262/src/shared/hls/clib/include/header_files\ap_fixed_base.h:401:80)
INFO: [HLS 214-131] Inlining function 'ap_fixed_base<33, 33, true, (ap_q_mode)5, (ap_o_mode)3, 0>& ap_fixed_base<33, 33, true, (ap_q_mode)5, (ap_o_mode)3, 0>::operator=<32, 32, false, (ap_q_mode)6, (ap_o_mode)3, 0>(ap_fixed_base<32, 32, false, (ap_q_mode)6, (ap_o_mode)3, 0> const&)' into 'ap_fixed_base<33, 33, true, (ap_q_mode)5, (ap_o_mode)3, 0>::ap_fixed_base<32, 32, false, (ap_q_mode)6, (ap_o_mode)3, 0>(ap_fixed_base<32, 32, false, (ap_q_mode)6, (ap_o_mode)3, 0> const&)' (r:/ci/prod/2022.1/rdi_builds/continuous/2022_04_18_3526262/src/shared/hls/clib/include/header_files\ap_fixed_base.h:403:5)
INFO: [HLS 214-131] Inlining function 'ap_fixed_base<33, 33, true, (ap_q_mode)5, (ap_o_mode)3, 0>::ap_fixed_base<32, 32, false, (ap_q_mode)6, (ap_o_mode)3, 0>(ap_fixed_base<32, 32, false, (ap_q_mode)6, (ap_o_mode)3, 0> const&)' into 'ap_fixed_base<32, 32, false, (ap_q_mode)6, (ap_o_mode)3, 0>::operator-() const' (r:/ci/prod/2022.1/rdi_builds/continuous/2022_04_18_3526262/src/shared/hls/clib/include/header_files\ap_fixed_base.h:1407:47)
INFO: [HLS 214-131] Inlining function 'ap_fixed<33, 33, (ap_q_mode)5, (ap_o_mode)3, 0>::ap_fixed<33, 33, true, (ap_q_mode)5, (ap_o_mode)3, 0>(ap_fixed_base<33, 33, true, (ap_q_mode)5, (ap_o_mode)3, 0> const&)' into 'ap_fixed_base<32, 32, false, (ap_q_mode)6, (ap_o_mode)3, 0>::operator-() const' (r:/ci/prod/2022.1/rdi_builds/continuous/2022_04_18_3526262/src/shared/hls/clib/include/header_files\ap_fixed_base.h:1409:12)
INFO: [HLS 214-131] Inlining function 'ap_fixed_base<33, 33, true, (ap_q_mode)5, (ap_o_mode)3, 0>::operator!() const' into 'ap_fixed_base<32, 32, true, (ap_q_mode)5, (ap_o_mode)3, 0>& ap_fixed_base<32, 32, true, (ap_q_mode)5, (ap_o_mode)3, 0>::operator=<33, 33, true, (ap_q_mode)5, (ap_o_mode)3, 0>(ap_fixed_base<33, 33, true, (ap_q_mode)5, (ap_o_mode)3, 0> const&)' (r:/ci/prod/2022.1/rdi_builds/continuous/2022_04_18_3526262/src/shared/hls/clib/include/header_files\ap_fixed_base.h:808:9)
INFO: [HLS 214-131] Inlining function 'ssdm_int<32, true>::ssdm_int(int)' into 'ap_fixed_base<32, 32, true, (ap_q_mode)5, (ap_o_mode)3, 0>::ap_fixed_base<33, 33, true, (ap_q_mode)5, (ap_o_mode)3, 0>(ap_fixed_base<33, 33, true, (ap_q_mode)5, (ap_o_mode)3, 0> const&)' (r:/ci/prod/2022.1/rdi_builds/continuous/2022_04_18_3526262/src/shared/hls/clib/include/header_files\ap_fixed_base.h:401:80)
INFO: [HLS 214-131] Inlining function 'ap_fixed_base<32, 32, true, (ap_q_mode)5, (ap_o_mode)3, 0>& ap_fixed_base<32, 32, true, (ap_q_mode)5, (ap_o_mode)3, 0>::operator=<33, 33, true, (ap_q_mode)5, (ap_o_mode)3, 0>(ap_fixed_base<33, 33, true, (ap_q_mode)5, (ap_o_mode)3, 0> const&)' into 'ap_fixed_base<32, 32, true, (ap_q_mode)5, (ap_o_mode)3, 0>::ap_fixed_base<33, 33, true, (ap_q_mode)5, (ap_o_mode)3, 0>(ap_fixed_base<33, 33, true, (ap_q_mode)5, (ap_o_mode)3, 0> const&)' (r:/ci/prod/2022.1/rdi_builds/continuous/2022_04_18_3526262/src/shared/hls/clib/include/header_files\ap_fixed_base.h:403:5)
INFO: [HLS 214-131] Inlining function 'ap_fixed_base<32, 32, true, (ap_q_mode)5, (ap_o_mode)3, 0>::ap_fixed_base<33, 33, true, (ap_q_mode)5, (ap_o_mode)3, 0>(ap_fixed_base<33, 33, true, (ap_q_mode)5, (ap_o_mode)3, 0> const&)' into 'ap_fixed<32, 32, (ap_q_mode)5, (ap_o_mode)3, 0>::ap_fixed<33, 33, true, (ap_q_mode)5, (ap_o_mode)3, 0>(ap_fixed_base<33, 33, true, (ap_q_mode)5, (ap_o_mode)3, 0> const&)' (r:/ci/prod/2022.1/rdi_builds/continuous/2022_04_18_3526262/src/shared/hls/clib/include/header_files\ap_fixed.h:29:9)
INFO: [HLS 214-131] Inlining function 'ap_int_base<32, true>::ap_int_base(int)' into 'ap_fixed_base<32, 32, true, (ap_q_mode)5, (ap_o_mode)3, 0>::to_ap_int_base(bool) const' (r:/ci/prod/2022.1/rdi_builds/continuous/2022_04_18_3526262/src/shared/hls/clib/include/header_files\ap_fixed_base.h:983:57)
INFO: [HLS 214-131] Inlining function 'ap_fixed_base<32, 32, true, (ap_q_mode)5, (ap_o_mode)3, 0>::to_ap_int_base(bool) const' into 'ap_fixed_base<32, 32, true, (ap_q_mode)5, (ap_o_mode)3, 0>::to_int() const' (r:/ci/prod/2022.1/rdi_builds/continuous/2022_04_18_3526262/src/shared/hls/clib/include/header_files\ap_fixed_base.h:1022:89)
INFO: [HLS 214-131] Inlining function 'ap_int_base<32, true>::to_int() const' into 'ap_fixed_base<32, 32, true, (ap_q_mode)5, (ap_o_mode)3, 0>::to_int() const' (r:/ci/prod/2022.1/rdi_builds/continuous/2022_04_18_3526262/src/shared/hls/clib/include/header_files\ap_fixed_base.h:1022:106)
INFO: [HLS 214-131] Inlining function 'ap_fixed_base<32, 32, true, (ap_q_mode)5, (ap_o_mode)3, 0>::to_int() const' into 'ap_fixed_base<32, 32, true, (ap_q_mode)5, (ap_o_mode)3, 0>::operator int() const' (r:/ci/prod/2022.1/rdi_builds/continuous/2022_04_18_3526262/src/shared/hls/clib/include/header_files\ap_fixed_base.h:1197:91)
INFO: [HLS 214-131] Inlining function 'ap_ufixed<79, 55, (ap_q_mode)5, (ap_o_mode)3, 0>::ap_ufixed<24, 1, false, (ap_q_mode)5, (ap_o_mode)3, 0>(ap_fixed_base<24, 1, false, (ap_q_mode)5, (ap_o_mode)3, 0> const&)' into 'int generic_cast_IEEE754<int, (ap_q_mode)6, float>(float, bool, hls::enable_if<std::numeric_limits<int>::is_signed, bool>::type)' (r:/ci/prod/2022.1/rdi_builds/continuous/2022_04_18_3526262/src/shared/hls/clib/hlsmath/include/FloatingPoint\hls_case_IEEE754.h:15:54)
INFO: [HLS 214-131] Inlining function 'ap_fixed_base<32, 32, true, (ap_q_mode)5, (ap_o_mode)3, 0>::operator int() const' into 'int generic_cast_IEEE754<int, (ap_q_mode)6, float>(float, bool, hls::enable_if<std::numeric_limits<int>::is_signed, bool>::type)' (r:/ci/prod/2022.1/rdi_builds/continuous/2022_04_18_3526262/src/shared/hls/clib/hlsmath/include/FloatingPoint\hls_case_IEEE754.h:61:9)
INFO: [HLS 214-131] Inlining function 'ap_fixed<32, 32, (ap_q_mode)5, (ap_o_mode)3, 0>::ap_fixed<33, 33, true, (ap_q_mode)5, (ap_o_mode)3, 0>(ap_fixed_base<33, 33, true, (ap_q_mode)5, (ap_o_mode)3, 0> const&)' into 'int generic_cast_IEEE754<int, (ap_q_mode)6, float>(float, bool, hls::enable_if<std::numeric_limits<int>::is_signed, bool>::type)' (r:/ci/prod/2022.1/rdi_builds/continuous/2022_04_18_3526262/src/shared/hls/clib/hlsmath/include/FloatingPoint\hls_case_IEEE754.h:59:30)
INFO: [HLS 214-131] Inlining function 'ap_fixed_base<32, 32, false, (ap_q_mode)6, (ap_o_mode)3, 0>::operator-() const' into 'int generic_cast_IEEE754<int, (ap_q_mode)6, float>(float, bool, hls::enable_if<std::numeric_limits<int>::is_signed, bool>::type)' (r:/ci/prod/2022.1/rdi_builds/continuous/2022_04_18_3526262/src/shared/hls/clib/hlsmath/include/FloatingPoint\hls_case_IEEE754.h:59:30)
INFO: [HLS 214-131] Inlining function 'ap_fixed_base<79, 55, false, (ap_q_mode)5, (ap_o_mode)3, 0>::operator<<(int) const' into 'int generic_cast_IEEE754<int, (ap_q_mode)6, float>(float, bool, hls::enable_if<std::numeric_limits<int>::is_signed, bool>::type)' (r:/ci/prod/2022.1/rdi_builds/continuous/2022_04_18_3526262/src/shared/hls/clib/hlsmath/include/FloatingPoint\hls_case_IEEE754.h:18:73)
INFO: [HLS 214-131] Inlining function 'ap_fixed<32, 32, (ap_q_mode)5, (ap_o_mode)3, 0>::ap_fixed<32, 32, false, (ap_q_mode)6, (ap_o_mode)3, 0>(ap_fixed_base<32, 32, false, (ap_q_mode)6, (ap_o_mode)3, 0> const&)' into 'int generic_cast_IEEE754<int, (ap_q_mode)6, float>(float, bool, hls::enable_if<std::numeric_limits<int>::is_signed, bool>::type)' (r:/ci/prod/2022.1/rdi_builds/continuous/2022_04_18_3526262/src/shared/hls/clib/hlsmath/include/FloatingPoint\hls_case_IEEE754.h:58:49)
INFO: [HLS 214-131] Inlining function 'ap_int_base<32, true>::operator long long() const' into 'int generic_cast_IEEE754<int, (ap_q_mode)6, float>(float, bool, hls::enable_if<std::numeric_limits<int>::is_signed, bool>::type)' (r:/ci/prod/2022.1/rdi_builds/continuous/2022_04_18_3526262/src/shared/hls/clib/hlsmath/include/FloatingPoint\hls_case_IEEE754.h:47:17)
INFO: [HLS 214-131] Inlining function 'ap_ufixed<79, 55, (ap_q_mode)5, (ap_o_mode)3, 0>::ap_ufixed<79, 55, false, (ap_q_mode)5, (ap_o_mode)3, 0>(ap_fixed_base<79, 55, false, (ap_q_mode)5, (ap_o_mode)3, 0> const&)' into 'int generic_cast_IEEE754<int, (ap_q_mode)6, float>(float, bool, hls::enable_if<std::numeric_limits<int>::is_signed, bool>::type)' (r:/ci/prod/2022.1/rdi_builds/continuous/2022_04_18_3526262/src/shared/hls/clib/hlsmath/include/FloatingPoint\hls_case_IEEE754.h:18:64)
INFO: [HLS 214-131] Inlining function 'ap_int_base<32, true>::operator long long() const' into 'int generic_cast_IEEE754<int, (ap_q_mode)6, float>(float, bool, hls::enable_if<std::numeric_limits<int>::is_signed, bool>::type)' (r:/ci/prod/2022.1/rdi_builds/continuous/2022_04_18_3526262/src/shared/hls/clib/hlsmath/include/FloatingPoint\hls_case_IEEE754.h:44:17)
INFO: [HLS 214-131] Inlining function 'bool operator==<8, false>(ap_int_base<8, false> const&, int)' into 'int generic_cast_IEEE754<int, (ap_q_mode)6, float>(float, bool, hls::enable_if<std::numeric_limits<int>::is_signed, bool>::type)' (r:/ci/prod/2022.1/rdi_builds/continuous/2022_04_18_3526262/src/shared/hls/clib/hlsmath/include/FloatingPoint\hls_case_IEEE754.h:42:54)
INFO: [HLS 214-131] Inlining function 'bool operator!=<23, false>(int, ap_int_base<23, false> const&)' into 'int generic_cast_IEEE754<int, (ap_q_mode)6, float>(float, bool, hls::enable_if<std::numeric_limits<int>::is_signed, bool>::type)' (r:/ci/prod/2022.1/rdi_builds/continuous/2022_04_18_3526262/src/shared/hls/clib/hlsmath/include/FloatingPoint\hls_case_IEEE754.h:42:34)
INFO: [HLS 214-131] Inlining function 'bool operator==<1, 32, false, (ap_q_mode)5, (ap_o_mode)0, 0>(int, ap_fixed_base<1, 32, false, (ap_q_mode)5, (ap_o_mode)0, 0> const&)' into 'int generic_cast_IEEE754<int, (ap_q_mode)6, float>(float, bool, hls::enable_if<std::numeric_limits<int>::is_signed, bool>::type)' (r:/ci/prod/2022.1/rdi_builds/continuous/2022_04_18_3526262/src/shared/hls/clib/hlsmath/include/FloatingPoint\hls_case_IEEE754.h:42:12)
INFO: [HLS 214-131] Inlining function 'ap_bit_ref<32, true>::operator=(int)' into 'int generic_cast_IEEE754<int, (ap_q_mode)6, float>(float, bool, hls::enable_if<std::numeric_limits<int>::is_signed, bool>::type)' (r:/ci/prod/2022.1/rdi_builds/continuous/2022_04_18_3526262/src/shared/hls/clib/hlsmath/include/FloatingPoint\hls_case_IEEE754.h:38:24)
INFO: [HLS 214-131] Inlining function 'ap_int_base<32, true>::operator[](int)' into 'int generic_cast_IEEE754<int, (ap_q_mode)6, float>(float, bool, hls::enable_if<std::numeric_limits<int>::is_signed, bool>::type)' (r:/ci/prod/2022.1/rdi_builds/continuous/2022_04_18_3526262/src/shared/hls/clib/hlsmath/include/FloatingPoint\hls_case_IEEE754.h:38:2)
INFO: [HLS 214-131] Inlining function 'ap_bit_ref<32, true>::operator=(int)' into 'int generic_cast_IEEE754<int, (ap_q_mode)6, float>(float, bool, hls::enable_if<std::numeric_limits<int>::is_signed, bool>::type)' (r:/ci/prod/2022.1/rdi_builds/continuous/2022_04_18_3526262/src/shared/hls/clib/hlsmath/include/FloatingPoint\hls_case_IEEE754.h:36:24)
INFO: [HLS 214-131] Inlining function 'ap_int_base<32, true>::operator[](int)' into 'int generic_cast_IEEE754<int, (ap_q_mode)6, float>(float, bool, hls::enable_if<std::numeric_limits<int>::is_signed, bool>::type)' (r:/ci/prod/2022.1/rdi_builds/continuous/2022_04_18_3526262/src/shared/hls/clib/hlsmath/include/FloatingPoint\hls_case_IEEE754.h:36:2)
INFO: [HLS 214-131] Inlining function 'bool operator!=<1, 32, false, (ap_q_mode)5, (ap_o_mode)0, 0>(ap_fixed_base<1, 32, false, (ap_q_mode)5, (ap_o_mode)0, 0> const&, int)' into 'int generic_cast_IEEE754<int, (ap_q_mode)6, float>(float, bool, hls::enable_if<std::numeric_limits<int>::is_signed, bool>::type)' (r:/ci/prod/2022.1/rdi_builds/continuous/2022_04_18_3526262/src/shared/hls/clib/hlsmath/include/FloatingPoint\hls_case_IEEE754.h:32:96)
INFO: [HLS 214-131] Inlining function 'ap_ufixed<1, 32, (ap_q_mode)5, (ap_o_mode)0, 0>::ap_ufixed<79, 55, false, (ap_q_mode)5, (ap_o_mode)3, 0>(ap_fixed_base<79, 55, false, (ap_q_mode)5, (ap_o_mode)3, 0> const&)' into 'int generic_cast_IEEE754<int, (ap_q_mode)6, float>(float, bool, hls::enable_if<std::numeric_limits<int>::is_signed, bool>::type)' (r:/ci/prod/2022.1/rdi_builds/continuous/2022_04_18_3526262/src/shared/hls/clib/hlsmath/include/FloatingPoint\hls_case_IEEE754.h:20:63)
INFO: [HLS 214-131] Inlining function 'ap_ufixed<32, 32, (ap_q_mode)6, (ap_o_mode)3, 0>::ap_ufixed<79, 55, false, (ap_q_mode)5, (ap_o_mode)3, 0>(ap_fixed_base<79, 55, false, (ap_q_mode)5, (ap_o_mode)3, 0> const&)' into 'int generic_cast_IEEE754<int, (ap_q_mode)6, float>(float, bool, hls::enable_if<std::numeric_limits<int>::is_signed, bool>::type)' (r:/ci/prod/2022.1/rdi_builds/continuous/2022_04_18_3526262/src/shared/hls/clib/hlsmath/include/FloatingPoint\hls_case_IEEE754.h:21:58)
INFO: [HLS 214-131] Inlining function 'ap_int_base<1, false>::ap_int_base(int)' into 'ap_uint<1>::ap_uint(int)' (C:/Xilinx/Vitis_HLS/2022.1/common/technology/autopilot/ap_int.h:333:58)
INFO: [HLS 214-131] Inlining function 'hls::axis<ap_int<32>, 2ul, 5ul, 6ul>::get_user_ptr()' into 'hls::stream<hls::axis<ap_int<32>, 2ul, 5ul, 6ul>, 0>::write(hls::axis<ap_int<32>, 2ul, 5ul, 6ul> const&)' (C:/Xilinx/Vitis_HLS/2022.1/common/technology/autopilot\ap_axi_sdata.h:304:51)
INFO: [HLS 214-131] Inlining function 'hls::axis<ap_int<32>, 2ul, 5ul, 6ul>::get_dest_ptr()' into 'hls::stream<hls::axis<ap_int<32>, 2ul, 5ul, 6ul>, 0>::write(hls::axis<ap_int<32>, 2ul, 5ul, 6ul> const&)' (C:/Xilinx/Vitis_HLS/2022.1/common/technology/autopilot\ap_axi_sdata.h:307:26)
INFO: [HLS 214-131] Inlining function 'hls::axis<ap_int<32>, 2ul, 5ul, 6ul>::get_id_ptr()' into 'hls::stream<hls::axis<ap_int<32>, 2ul, 5ul, 6ul>, 0>::write(hls::axis<ap_int<32>, 2ul, 5ul, 6ul> const&)' (C:/Xilinx/Vitis_HLS/2022.1/common/technology/autopilot\ap_axi_sdata.h:306:68)
INFO: [HLS 214-131] Inlining function 'hls::axis<ap_int<32>, 2ul, 5ul, 6ul>::get_user_ptr()' into 'hls::stream<hls::axis<ap_int<32>, 2ul, 5ul, 6ul>, 0>::write(hls::axis<ap_int<32>, 2ul, 5ul, 6ul> const&)' (C:/Xilinx/Vitis_HLS/2022.1/common/technology/autopilot\ap_axi_sdata.h:306:37)
INFO: [HLS 214-131] Inlining function 'hls::axis<ap_int<32>, 2ul, 5ul, 6ul>::get_dest_ptr()' into 'hls::stream<hls::axis<ap_int<32>, 2ul, 5ul, 6ul>, 0>::write(hls::axis<ap_int<32>, 2ul, 5ul, 6ul> const&)' (C:/Xilinx/Vitis_HLS/2022.1/common/technology/autopilot\ap_axi_sdata.h:305:40)
INFO: [HLS 214-131] Inlining function 'hls::axis<ap_int<32>, 2ul, 5ul, 6ul>::get_id_ptr()' into 'hls::stream<hls::axis<ap_int<32>, 2ul, 5ul, 6ul>, 0>::write(hls::axis<ap_int<32>, 2ul, 5ul, 6ul> const&)' (C:/Xilinx/Vitis_HLS/2022.1/common/technology/autopilot\ap_axi_sdata.h:305:24)
INFO: [HLS 214-131] Inlining function 'hls::stream<hls::axis<ap_int<32>, 2ul, 5ul, 6ul>, 0>::read(hls::axis<ap_int<32>, 2ul, 5ul, 6ul>&)' into 'MLP(hls::stream<hls::axis<ap_int<32>, 2ul, 5ul, 6ul>, 0>&, hls::stream<hls::axis<ap_int<32>, 2ul, 5ul, 6ul>, 0>&)' (../../../../HWSWAI/HLS/SampleDatasetMLP.cpp:57:17)
INFO: [HLS 214-131] Inlining function 'hls::stream<hls::axis<ap_int<32>, 2ul, 5ul, 6ul>, 0>::write(hls::axis<ap_int<32>, 2ul, 5ul, 6ul> const&)' into 'MLP(hls::stream<hls::axis<ap_int<32>, 2ul, 5ul, 6ul>, 0>&, hls::stream<hls::axis<ap_int<32>, 2ul, 5ul, 6ul>, 0>&)' (../../../../HWSWAI/HLS/SampleDatasetMLP.cpp:133:15)
INFO: [HLS 214-131] Inlining function 'ap_int_base<32, true>::operator long long() const' into 'MLP(hls::stream<hls::axis<ap_int<32>, 2ul, 5ul, 6ul>, 0>&, hls::stream<hls::axis<ap_int<32>, 2ul, 5ul, 6ul>, 0>&)' (../../../../HWSWAI/HLS/SampleDatasetMLP.cpp:58:29)
INFO: [HLS 214-131] Inlining function 'ap_int_base<1, false>::operator unsigned long long() const' into 'MLP(hls::stream<hls::axis<ap_int<32>, 2ul, 5ul, 6ul>, 0>&, hls::stream<hls::axis<ap_int<32>, 2ul, 5ul, 6ul>, 0>&)' (../../../../HWSWAI/HLS/SampleDatasetMLP.cpp:60:12)
INFO: [HLS 214-178] Inlining function 'fp_struct<float>::fp_struct(float)' into 'int generic_cast_IEEE754<int, (ap_q_mode)6, float>(float, bool, hls::enable_if<std::numeric_limits<int>::is_signed, bool>::type)' (r:/ci/prod/2022.1/rdi_builds/continuous/2022_04_18_3526262/src/shared/hls/clib/hlsmath/include/FloatingPoint\hls_case_IEEE754.h:12:0)
INFO: [HLS 214-178] Inlining function 'fp_struct<float>::mantissa() const' into 'int generic_cast_IEEE754<int, (ap_q_mode)6, float>(float, bool, hls::enable_if<std::numeric_limits<int>::is_signed, bool>::type)' (r:/ci/prod/2022.1/rdi_builds/continuous/2022_04_18_3526262/src/shared/hls/clib/hlsmath/include/FloatingPoint\hls_case_IEEE754.h:12:0)
INFO: [HLS 214-178] Inlining function 'fp_struct<float>::expv() const' into 'int generic_cast_IEEE754<int, (ap_q_mode)6, float>(float, bool, hls::enable_if<std::numeric_limits<int>::is_signed, bool>::type)' (r:/ci/prod/2022.1/rdi_builds/continuous/2022_04_18_3526262/src/shared/hls/clib/hlsmath/include/FloatingPoint\hls_case_IEEE754.h:12:0)
INFO: [HLS 214-178] Inlining function 'fp_struct<float>::__signbit() const' into 'int generic_cast_IEEE754<int, (ap_q_mode)6, float>(float, bool, hls::enable_if<std::numeric_limits<int>::is_signed, bool>::type)' (r:/ci/prod/2022.1/rdi_builds/continuous/2022_04_18_3526262/src/shared/hls/clib/hlsmath/include/FloatingPoint\hls_case_IEEE754.h:12:0)
INFO: [HLS 214-178] Inlining function 'int generic_cast_IEEE754<int, (ap_q_mode)6, float>(float, bool, hls::enable_if<std::numeric_limits<int>::is_signed, bool>::type)' into 'int generic_cast_IEEE754<int, float>(float, bool)' (r:/ci/prod/2022.1/rdi_builds/continuous/2022_04_18_3526262/src/shared/hls/clib/hlsmath/include/FloatingPoint\hls_case_IEEE754.h:116:0)
INFO: [HLS 214-178] Inlining function 'int generic_cast_IEEE754<int, float>(float, bool)' into '__hls_fptosi_float_i32' (r:/ci/prod/2022.1/rdi_builds/continuous/2022_04_18_3526262/src/shared/hls/clib/hlsmath/src/lib_floatconversion.cpp:51:0)
INFO: [HLS 214-178] Inlining function '__hls_fptosi_float_i32' into 'MLP(hls::stream<hls::axis<ap_int<32>, 2ul, 5ul, 6ul>, 0>&, hls::stream<hls::axis<ap_int<32>, 2ul, 5ul, 6ul>, 0>&)' (../../../../HWSWAI/HLS/SampleDatasetMLP.cpp:42:0)
INFO: [HLS 214-131] Inlining function '_llvm.fpga.unpack.none.s_struct.ap_int<32>s.i32' into 'MLP(hls::stream<hls::axis<ap_int<32>, 2ul, 5ul, 6ul>, 0>&, hls::stream<hls::axis<ap_int<32>, 2ul, 5ul, 6ul>, 0>&)' (C:/Xilinx/Vitis_HLS/2022.1/common/technology/autopilot\ap_axi_sdata.h:283:5)
INFO: [HLS 214-131] Inlining function '_llvm.fpga.pack.none.i6.s_struct.ap_uint<6>s' into 'MLP(hls::stream<hls::axis<ap_int<32>, 2ul, 5ul, 6ul>, 0>&, hls::stream<hls::axis<ap_int<32>, 2ul, 5ul, 6ul>, 0>&)' (C:/Xilinx/Vitis_HLS/2022.1/common/technology/autopilot\ap_axi_sdata.h:304:5)
INFO: [HLS 214-131] Inlining function '_llvm.fpga.pack.none.i5.s_struct.ap_uint<5>s' into 'MLP(hls::stream<hls::axis<ap_int<32>, 2ul, 5ul, 6ul>, 0>&, hls::stream<hls::axis<ap_int<32>, 2ul, 5ul, 6ul>, 0>&)' (C:/Xilinx/Vitis_HLS/2022.1/common/technology/autopilot\ap_axi_sdata.h:304:5)
INFO: [HLS 214-131] Inlining function '_llvm.fpga.pack.none.i1.s_struct.ap_uint<1>s' into 'MLP(hls::stream<hls::axis<ap_int<32>, 2ul, 5ul, 6ul>, 0>&, hls::stream<hls::axis<ap_int<32>, 2ul, 5ul, 6ul>, 0>&)' (C:/Xilinx/Vitis_HLS/2022.1/common/technology/autopilot\ap_axi_sdata.h:304:5)
INFO: [HLS 214-131] Inlining function '_llvm.fpga.pack.none.i2.s_struct.ap_uint<2>s' into 'MLP(hls::stream<hls::axis<ap_int<32>, 2ul, 5ul, 6ul>, 0>&, hls::stream<hls::axis<ap_int<32>, 2ul, 5ul, 6ul>, 0>&)' (C:/Xilinx/Vitis_HLS/2022.1/common/technology/autopilot\ap_axi_sdata.h:304:5)
INFO: [HLS 214-131] Inlining function '_llvm.fpga.pack.none.i4.s_struct.ap_uint<4>s' into 'MLP(hls::stream<hls::axis<ap_int<32>, 2ul, 5ul, 6ul>, 0>&, hls::stream<hls::axis<ap_int<32>, 2ul, 5ul, 6ul>, 0>&)' (C:/Xilinx/Vitis_HLS/2022.1/common/technology/autopilot\ap_axi_sdata.h:304:5)
INFO: [HLS 214-131] Inlining function '_llvm.fpga.pack.none.i32.s_struct.ap_int<32>s' into 'MLP(hls::stream<hls::axis<ap_int<32>, 2ul, 5ul, 6ul>, 0>&, hls::stream<hls::axis<ap_int<32>, 2ul, 5ul, 6ul>, 0>&)' (C:/Xilinx/Vitis_HLS/2022.1/common/technology/autopilot\ap_axi_sdata.h:304:5)
INFO: [HLS 214-131] Inlining function '_llvm.fpga.unpack.none.s_struct.ap_uint<6>s.i6' into 'MLP(hls::stream<hls::axis<ap_int<32>, 2ul, 5ul, 6ul>, 0>&, hls::stream<hls::axis<ap_int<32>, 2ul, 5ul, 6ul>, 0>&)' (C:/Xilinx/Vitis_HLS/2022.1/common/technology/autopilot\ap_axi_sdata.h:283:5)
INFO: [HLS 214-131] Inlining function '_llvm.fpga.unpack.none.s_struct.ap_uint<5>s.i5' into 'MLP(hls::stream<hls::axis<ap_int<32>, 2ul, 5ul, 6ul>, 0>&, hls::stream<hls::axis<ap_int<32>, 2ul, 5ul, 6ul>, 0>&)' (C:/Xilinx/Vitis_HLS/2022.1/common/technology/autopilot\ap_axi_sdata.h:283:5)
INFO: [HLS 214-131] Inlining function '_llvm.fpga.unpack.none.s_struct.ap_uint<1>s.i1' into 'MLP(hls::stream<hls::axis<ap_int<32>, 2ul, 5ul, 6ul>, 0>&, hls::stream<hls::axis<ap_int<32>, 2ul, 5ul, 6ul>, 0>&)' (C:/Xilinx/Vitis_HLS/2022.1/common/technology/autopilot\ap_axi_sdata.h:283:5)
INFO: [HLS 214-131] Inlining function '_llvm.fpga.unpack.none.s_struct.ap_uint<2>s.i2' into 'MLP(hls::stream<hls::axis<ap_int<32>, 2ul, 5ul, 6ul>, 0>&, hls::stream<hls::axis<ap_int<32>, 2ul, 5ul, 6ul>, 0>&)' (C:/Xilinx/Vitis_HLS/2022.1/common/technology/autopilot\ap_axi_sdata.h:283:5)
INFO: [HLS 214-131] Inlining function '_llvm.fpga.unpack.none.s_struct.ap_uint<4>s.i4' into 'MLP(hls::stream<hls::axis<ap_int<32>, 2ul, 5ul, 6ul>, 0>&, hls::stream<hls::axis<ap_int<32>, 2ul, 5ul, 6ul>, 0>&)' (C:/Xilinx/Vitis_HLS/2022.1/common/technology/autopilot\ap_axi_sdata.h:283:5)
INFO: [HLS 200-111] Finished Compiling Optimization and Transform: CPU user time: 1 seconds. CPU system time: 0 seconds. Elapsed time: 11.742 seconds; current allocated memory: 721.320 MB.
INFO: [HLS 200-111] Finished Checking Pragmas: CPU user time: 0 seconds. CPU system time: 0 seconds. Elapsed time: 0.007 seconds; current allocated memory: 721.320 MB.
INFO: [HLS 200-10] Starting code transformations ...
INFO: [HLS 200-111] Finished Standard Transforms: CPU user time: 0 seconds. CPU system time: 0 seconds. Elapsed time: 0.458 seconds; current allocated memory: 721.320 MB.
INFO: [HLS 200-10] Checking synthesizability ...
INFO: [HLS 200-111] Finished Checking Synthesizability: CPU user time: 0 seconds. CPU system time: 0 seconds. Elapsed time: 0.463 seconds; current allocated memory: 721.320 MB.
INFO: [XFORM 203-510] Pipelining loop 'Loop-2' in function 'MLP' automatically.
INFO: [XFORM 203-510] Pipelining loop 'Loop-3' in function 'MLP' automatically.
INFO: [XFORM 203-510] Pipelining loop 'Loop-4' in function 'MLP' automatically.
INFO: [XFORM 203-510] Pipelining loop 'Loop-5' in function 'MLP' automatically.
INFO: [XFORM 203-510] Pipelining loop 'Loop-6' in function 'MLP' automatically.
INFO: [XFORM 203-510] Pipelining loop 'Loop-7' in function 'MLP' automatically.
INFO: [XFORM 203-510] Pipelining loop 'VITIS_LOOP_56_1' (../../../../HWSWAI/HLS/SampleDatasetMLP.cpp:56) in function 'MLP' automatically.
INFO: [XFORM 203-510] Pipelining loop 'VITIS_LOOP_67_2' (../../../../HWSWAI/HLS/SampleDatasetMLP.cpp:67) in function 'MLP' automatically.
INFO: [XFORM 203-510] Pipelining loop 'VITIS_LOOP_75_3' (../../../../HWSWAI/HLS/SampleDatasetMLP.cpp:75) in function 'MLP' automatically.
INFO: [XFORM 203-510] Pipelining loop 'VITIS_LOOP_92_5' (../../../../HWSWAI/HLS/SampleDatasetMLP.cpp:92) in function 'MLP' automatically.
INFO: [XFORM 203-510] Pipelining loop 'VITIS_LOOP_109_7' (../../../../HWSWAI/HLS/SampleDatasetMLP.cpp:109) in function 'MLP' automatically.
INFO: [XFORM 203-510] Pipelining loop 'VITIS_LOOP_121_9' (../../../../HWSWAI/HLS/SampleDatasetMLP.cpp:121) in function 'MLP' automatically.
INFO: [XFORM 203-510] Pipelining loop 'VITIS_LOOP_126_10' (../../../../HWSWAI/HLS/SampleDatasetMLP.cpp:126) in function 'MLP' automatically.
INFO: [XFORM 203-502] Unrolling all sub-loops inside loop 'VITIS_LOOP_75_3' (../../../../HWSWAI/HLS/SampleDatasetMLP.cpp:75) in function 'MLP' for pipelining.
INFO: [XFORM 203-502] Unrolling all sub-loops inside loop 'VITIS_LOOP_92_5' (../../../../HWSWAI/HLS/SampleDatasetMLP.cpp:92) in function 'MLP' for pipelining.
INFO: [XFORM 203-502] Unrolling all sub-loops inside loop 'VITIS_LOOP_109_7' (../../../../HWSWAI/HLS/SampleDatasetMLP.cpp:109) in function 'MLP' for pipelining.
INFO: [HLS 200-489] Unrolling loop 'VITIS_LOOP_77_4' (../../../../HWSWAI/HLS/SampleDatasetMLP.cpp:77) in function 'MLP' completely with a factor of 48.
INFO: [HLS 200-489] Unrolling loop 'VITIS_LOOP_94_6' (../../../../HWSWAI/HLS/SampleDatasetMLP.cpp:94) in function 'MLP' completely with a factor of 24.
INFO: [HLS 200-489] Unrolling loop 'VITIS_LOOP_111_8' (../../../../HWSWAI/HLS/SampleDatasetMLP.cpp:111) in function 'MLP' completely with a factor of 12.
INFO: [XFORM 203-102] Partitioning array 'weights_2' in dimension 2 automatically.
INFO: [XFORM 203-102] Partitioning array 'weights_1' in dimension 2 automatically.
INFO: [XFORM 203-102] Partitioning array 'output_weights' in dimension 2 automatically.
INFO: [HLS 200-111] Finished Loop, function and other optimizations: CPU user time: 1 seconds. CPU system time: 0 seconds. Elapsed time: 1.628 seconds; current allocated memory: 721.320 MB.
INFO: [HLS 200-472] Inferring partial write operation for 'input_features' 
INFO: [HLS 200-472] Inferring partial write operation for 'input_features_casted' 
INFO: [HLS 200-472] Inferring partial write operation for 'hidden_layer_1' 
INFO: [HLS 200-472] Inferring partial write operation for 'hidden_layer_2' 
INFO: [HLS 200-472] Inferring partial write operation for 'output_layer' 
INFO: [HLS 200-472] Inferring partial write operation for 'output_layer_casted' 
INFO: [HLS 200-472] Inferring partial write operation for 'input_features' (../../../../HWSWAI/HLS/SampleDatasetMLP.cpp:58:27)
INFO: [HLS 200-472] Inferring partial write operation for 'input_features_casted' (../../../../HWSWAI/HLS/SampleDatasetMLP.cpp:68:31)
INFO: [HLS 200-472] Inferring partial write operation for 'hidden_layer_1' (../../../../HWSWAI/HLS/SampleDatasetMLP.cpp:82:27)
INFO: [HLS 200-472] Inferring partial write operation for 'hidden_layer_2' (../../../../HWSWAI/HLS/SampleDatasetMLP.cpp:98:27)
INFO: [HLS 200-472] Inferring partial write operation for 'output_layer' (../../../../HWSWAI/HLS/SampleDatasetMLP.cpp:115:25)
INFO: [HLS 200-472] Inferring partial write operation for 'output_layer_casted' (../../../../HWSWAI/HLS/SampleDatasetMLP.cpp:122:32)
INFO: [HLS 200-111] Finished Architecture Synthesis: CPU user time: 0 seconds. CPU system time: 0 seconds. Elapsed time: 0.743 seconds; current allocated memory: 721.320 MB.
INFO: [HLS 200-10] Starting hardware synthesis ...
INFO: [HLS 200-10] Synthesizing 'MLP' ...
INFO: [HLS 200-10] ----------------------------------------------------------------
INFO: [HLS 200-42] -- Implementing module 'MLP_Pipeline_1' 
INFO: [HLS 200-10] ----------------------------------------------------------------
INFO: [SCHED 204-11] Starting scheduling ...
INFO: [SCHED 204-61] Pipelining loop 'Loop 1'.
INFO: [HLS 200-1470] Pipelining result : Target II = NA, Final II = 1, Depth = 1, loop 'Loop 1'
INFO: [SCHED 204-11] Finished scheduling.
INFO: [HLS 200-111] Finished Scheduling: CPU user time: 0 seconds. CPU system time: 0 seconds. Elapsed time: 0.552 seconds; current allocated memory: 721.320 MB.
INFO: [BIND 205-100] Starting micro-architecture generation ...
INFO: [BIND 205-101] Performing variable lifetime analysis.
INFO: [BIND 205-101] Exploring resource sharing.
INFO: [BIND 205-101] Binding ...
INFO: [BIND 205-100] Finished micro-architecture generation.
INFO: [HLS 200-111] Finished Binding: CPU user time: 0 seconds. CPU system time: 0 seconds. Elapsed time: 0.104 seconds; current allocated memory: 721.320 MB.
INFO: [HLS 200-10] ----------------------------------------------------------------
INFO: [HLS 200-42] -- Implementing module 'MLP_Pipeline_2' 
INFO: [HLS 200-10] ----------------------------------------------------------------
INFO: [SCHED 204-11] Starting scheduling ...
INFO: [SCHED 204-61] Pipelining loop 'Loop 1'.
INFO: [HLS 200-1470] Pipelining result : Target II = NA, Final II = 1, Depth = 1, loop 'Loop 1'
INFO: [SCHED 204-11] Finished scheduling.
INFO: [HLS 200-111] Finished Scheduling: CPU user time: 0 seconds. CPU system time: 0 seconds. Elapsed time: 0.133 seconds; current allocated memory: 721.320 MB.
INFO: [BIND 205-100] Starting micro-architecture generation ...
INFO: [BIND 205-101] Performing variable lifetime analysis.
INFO: [BIND 205-101] Exploring resource sharing.
INFO: [BIND 205-101] Binding ...
INFO: [BIND 205-100] Finished micro-architecture generation.
INFO: [HLS 200-111] Finished Binding: CPU user time: 0 seconds. CPU system time: 0 seconds. Elapsed time: 0.101 seconds; current allocated memory: 721.320 MB.
INFO: [HLS 200-10] ----------------------------------------------------------------
INFO: [HLS 200-42] -- Implementing module 'MLP_Pipeline_3' 
INFO: [HLS 200-10] ----------------------------------------------------------------
INFO: [SCHED 204-11] Starting scheduling ...
INFO: [SCHED 204-61] Pipelining loop 'Loop 1'.
INFO: [HLS 200-1470] Pipelining result : Target II = NA, Final II = 1, Depth = 1, loop 'Loop 1'
INFO: [SCHED 204-11] Finished scheduling.
INFO: [HLS 200-111] Finished Scheduling: CPU user time: 0 seconds. CPU system time: 0 seconds. Elapsed time: 0.124 seconds; current allocated memory: 721.320 MB.
INFO: [BIND 205-100] Starting micro-architecture generation ...
INFO: [BIND 205-101] Performing variable lifetime analysis.
INFO: [BIND 205-101] Exploring resource sharing.
INFO: [BIND 205-101] Binding ...
INFO: [BIND 205-100] Finished micro-architecture generation.
INFO: [HLS 200-111] Finished Binding: CPU user time: 0 seconds. CPU system time: 0 seconds. Elapsed time: 0.1 seconds; current allocated memory: 721.320 MB.
INFO: [HLS 200-10] ----------------------------------------------------------------
INFO: [HLS 200-42] -- Implementing module 'MLP_Pipeline_4' 
INFO: [HLS 200-10] ----------------------------------------------------------------
INFO: [SCHED 204-11] Starting scheduling ...
INFO: [SCHED 204-61] Pipelining loop 'Loop 1'.
INFO: [HLS 200-1470] Pipelining result : Target II = NA, Final II = 1, Depth = 1, loop 'Loop 1'
INFO: [SCHED 204-11] Finished scheduling.
INFO: [HLS 200-111] Finished Scheduling: CPU user time: 0 seconds. CPU system time: 0 seconds. Elapsed time: 0.227 seconds; current allocated memory: 721.320 MB.
INFO: [BIND 205-100] Starting micro-architecture generation ...
INFO: [BIND 205-101] Performing variable lifetime analysis.
INFO: [BIND 205-101] Exploring resource sharing.
INFO: [BIND 205-101] Binding ...
INFO: [BIND 205-100] Finished micro-architecture generation.
INFO: [HLS 200-111] Finished Binding: CPU user time: 0 seconds. CPU system time: 0 seconds. Elapsed time: 0.175 seconds; current allocated memory: 721.320 MB.
INFO: [HLS 200-10] ----------------------------------------------------------------
INFO: [HLS 200-42] -- Implementing module 'MLP_Pipeline_5' 
INFO: [HLS 200-10] ----------------------------------------------------------------
INFO: [SCHED 204-11] Starting scheduling ...
INFO: [SCHED 204-61] Pipelining loop 'Loop 1'.
INFO: [HLS 200-1470] Pipelining result : Target II = NA, Final II = 1, Depth = 1, loop 'Loop 1'
INFO: [SCHED 204-11] Finished scheduling.
INFO: [HLS 200-111] Finished Scheduling: CPU user time: 0 seconds. CPU system time: 0 seconds. Elapsed time: 0.131 seconds; current allocated memory: 721.320 MB.
INFO: [BIND 205-100] Starting micro-architecture generation ...
INFO: [BIND 205-101] Performing variable lifetime analysis.
INFO: [BIND 205-101] Exploring resource sharing.
INFO: [BIND 205-101] Binding ...
INFO: [BIND 205-100] Finished micro-architecture generation.
INFO: [HLS 200-111] Finished Binding: CPU user time: 0 seconds. CPU system time: 0 seconds. Elapsed time: 0.109 seconds; current allocated memory: 721.320 MB.
INFO: [HLS 200-10] ----------------------------------------------------------------
INFO: [HLS 200-42] -- Implementing module 'MLP_Pipeline_6' 
INFO: [HLS 200-10] ----------------------------------------------------------------
INFO: [SCHED 204-11] Starting scheduling ...
INFO: [SCHED 204-61] Pipelining loop 'Loop 1'.
INFO: [HLS 200-1470] Pipelining result : Target II = NA, Final II = 1, Depth = 1, loop 'Loop 1'
INFO: [SCHED 204-11] Finished scheduling.
INFO: [HLS 200-111] Finished Scheduling: CPU user time: 0 seconds. CPU system time: 0 seconds. Elapsed time: 0.141 seconds; current allocated memory: 721.320 MB.
INFO: [BIND 205-100] Starting micro-architecture generation ...
INFO: [BIND 205-101] Performing variable lifetime analysis.
INFO: [BIND 205-101] Exploring resource sharing.
INFO: [BIND 205-101] Binding ...
INFO: [BIND 205-100] Finished micro-architecture generation.
INFO: [HLS 200-111] Finished Binding: CPU user time: 0 seconds. CPU system time: 0 seconds. Elapsed time: 0.095 seconds; current allocated memory: 721.320 MB.
INFO: [HLS 200-10] ----------------------------------------------------------------
INFO: [HLS 200-42] -- Implementing module 'MLP_Pipeline_VITIS_LOOP_56_1' 
INFO: [HLS 200-10] ----------------------------------------------------------------
INFO: [SCHED 204-11] Starting scheduling ...
INFO: [SCHED 204-61] Pipelining loop 'VITIS_LOOP_56_1'.
INFO: [HLS 200-1470] Pipelining result : Target II = NA, Final II = 1, Depth = 2, loop 'VITIS_LOOP_56_1'
INFO: [SCHED 204-11] Finished scheduling.
INFO: [HLS 200-111] Finished Scheduling: CPU user time: 0 seconds. CPU system time: 0 seconds. Elapsed time: 0.178 seconds; current allocated memory: 721.320 MB.
INFO: [BIND 205-100] Starting micro-architecture generation ...
INFO: [BIND 205-101] Performing variable lifetime analysis.
INFO: [BIND 205-101] Exploring resource sharing.
INFO: [BIND 205-101] Binding ...
INFO: [BIND 205-100] Finished micro-architecture generation.
INFO: [HLS 200-111] Finished Binding: CPU user time: 1 seconds. CPU system time: 0 seconds. Elapsed time: 0.098 seconds; current allocated memory: 721.320 MB.
INFO: [HLS 200-10] ----------------------------------------------------------------
INFO: [HLS 200-42] -- Implementing module 'MLP_Pipeline_VITIS_LOOP_67_2' 
INFO: [HLS 200-10] ----------------------------------------------------------------
INFO: [SCHED 204-11] Starting scheduling ...
INFO: [SCHED 204-61] Pipelining loop 'VITIS_LOOP_67_2'.
INFO: [HLS 200-1470] Pipelining result : Target II = NA, Final II = 1, Depth = 29, loop 'VITIS_LOOP_67_2'
INFO: [SCHED 204-11] Finished scheduling.
INFO: [HLS 200-111] Finished Scheduling: CPU user time: 0 seconds. CPU system time: 0 seconds. Elapsed time: 0.259 seconds; current allocated memory: 721.320 MB.
INFO: [BIND 205-100] Starting micro-architecture generation ...
INFO: [BIND 205-101] Performing variable lifetime analysis.
INFO: [BIND 205-101] Exploring resource sharing.
INFO: [BIND 205-101] Binding ...
INFO: [BIND 205-100] Finished micro-architecture generation.
INFO: [HLS 200-111] Finished Binding: CPU user time: 0 seconds. CPU system time: 0 seconds. Elapsed time: 0.464 seconds; current allocated memory: 721.320 MB.
INFO: [HLS 200-10] ----------------------------------------------------------------
INFO: [HLS 200-42] -- Implementing module 'MLP_Pipeline_VITIS_LOOP_75_3' 
INFO: [HLS 200-10] ----------------------------------------------------------------
INFO: [SCHED 204-11] Starting scheduling ...
INFO: [SCHED 204-61] Pipelining loop 'VITIS_LOOP_75_3'.
INFO: [HLS 200-1470] Pipelining result : Target II = NA, Final II = 1, Depth = 203, loop 'VITIS_LOOP_75_3'
INFO: [SCHED 204-11] Finished scheduling.
INFO: [HLS 200-111] Finished Scheduling: CPU user time: 1 seconds. CPU system time: 0 seconds. Elapsed time: 1.3 seconds; current allocated memory: 721.320 MB.
INFO: [BIND 205-100] Starting micro-architecture generation ...
INFO: [BIND 205-101] Performing variable lifetime analysis.
INFO: [BIND 205-101] Exploring resource sharing.
INFO: [BIND 205-101] Binding ...
INFO: [BIND 205-100] Finished micro-architecture generation.
INFO: [HLS 200-111] Finished Binding: CPU user time: 1 seconds. CPU system time: 0 seconds. Elapsed time: 1.653 seconds; current allocated memory: 721.320 MB.
INFO: [HLS 200-10] ----------------------------------------------------------------
INFO: [HLS 200-42] -- Implementing module 'MLP_Pipeline_VITIS_LOOP_92_5' 
INFO: [HLS 200-10] ----------------------------------------------------------------
INFO: [SCHED 204-11] Starting scheduling ...
INFO: [SCHED 204-61] Pipelining loop 'VITIS_LOOP_92_5'.
INFO: [HLS 200-1470] Pipelining result : Target II = NA, Final II = 1, Depth = 107, loop 'VITIS_LOOP_92_5'
INFO: [SCHED 204-11] Finished scheduling.
INFO: [HLS 200-111] Finished Scheduling: CPU user time: 2 seconds. CPU system time: 0 seconds. Elapsed time: 2.867 seconds; current allocated memory: 721.320 MB.
INFO: [BIND 205-100] Starting micro-architecture generation ...
INFO: [BIND 205-101] Performing variable lifetime analysis.
INFO: [BIND 205-101] Exploring resource sharing.
INFO: [BIND 205-101] Binding ...
INFO: [BIND 205-100] Finished micro-architecture generation.
INFO: [HLS 200-111] Finished Binding: CPU user time: 1 seconds. CPU system time: 0 seconds. Elapsed time: 1.1 seconds; current allocated memory: 721.320 MB.
INFO: [HLS 200-10] ----------------------------------------------------------------
INFO: [HLS 200-42] -- Implementing module 'MLP_Pipeline_VITIS_LOOP_109_7' 
INFO: [HLS 200-10] ----------------------------------------------------------------
INFO: [SCHED 204-11] Starting scheduling ...
INFO: [SCHED 204-61] Pipelining loop 'VITIS_LOOP_109_7'.
INFO: [HLS 200-1470] Pipelining result : Target II = NA, Final II = 1, Depth = 57, loop 'VITIS_LOOP_109_7'
INFO: [SCHED 204-11] Finished scheduling.
INFO: [HLS 200-111] Finished Scheduling: CPU user time: 0 seconds. CPU system time: 0 seconds. Elapsed time: 1.219 seconds; current allocated memory: 721.320 MB.
INFO: [BIND 205-100] Starting micro-architecture generation ...
INFO: [BIND 205-101] Performing variable lifetime analysis.
INFO: [BIND 205-101] Exploring resource sharing.
INFO: [BIND 205-101] Binding ...
INFO: [BIND 205-100] Finished micro-architecture generation.
INFO: [HLS 200-111] Finished Binding: CPU user time: 1 seconds. CPU system time: 0 seconds. Elapsed time: 0.578 seconds; current allocated memory: 721.320 MB.
INFO: [HLS 200-10] ----------------------------------------------------------------
INFO: [HLS 200-42] -- Implementing module 'MLP_Pipeline_VITIS_LOOP_121_9' 
INFO: [HLS 200-10] ----------------------------------------------------------------
INFO: [SCHED 204-11] Starting scheduling ...
INFO: [SCHED 204-61] Pipelining loop 'VITIS_LOOP_121_9'.
INFO: [HLS 200-1470] Pipelining result : Target II = NA, Final II = 1, Depth = 6, loop 'VITIS_LOOP_121_9'
INFO: [SCHED 204-11] Finished scheduling.
INFO: [HLS 200-111] Finished Scheduling: CPU user time: 0 seconds. CPU system time: 0 seconds. Elapsed time: 0.471 seconds; current allocated memory: 721.320 MB.
INFO: [BIND 205-100] Starting micro-architecture generation ...
INFO: [BIND 205-101] Performing variable lifetime analysis.
INFO: [BIND 205-101] Exploring resource sharing.
INFO: [BIND 205-101] Binding ...
INFO: [BIND 205-100] Finished micro-architecture generation.
INFO: [HLS 200-111] Finished Binding: CPU user time: 0 seconds. CPU system time: 0 seconds. Elapsed time: 0.209 seconds; current allocated memory: 721.320 MB.
INFO: [HLS 200-10] ----------------------------------------------------------------
INFO: [HLS 200-42] -- Implementing module 'MLP_Pipeline_VITIS_LOOP_126_10' 
INFO: [HLS 200-10] ----------------------------------------------------------------
INFO: [SCHED 204-11] Starting scheduling ...
INFO: [SCHED 204-61] Pipelining loop 'VITIS_LOOP_126_10'.
INFO: [HLS 200-1470] Pipelining result : Target II = NA, Final II = 1, Depth = 2, loop 'VITIS_LOOP_126_10'
INFO: [SCHED 204-11] Finished scheduling.
INFO: [HLS 200-111] Finished Scheduling: CPU user time: 0 seconds. CPU system time: 0 seconds. Elapsed time: 0.19 seconds; current allocated memory: 721.320 MB.
INFO: [BIND 205-100] Starting micro-architecture generation ...
INFO: [BIND 205-101] Performing variable lifetime analysis.
INFO: [BIND 205-101] Exploring resource sharing.
INFO: [BIND 205-101] Binding ...
INFO: [BIND 205-100] Finished micro-architecture generation.
INFO: [HLS 200-111] Finished Binding: CPU user time: 0 seconds. CPU system time: 0 seconds. Elapsed time: 0.109 seconds; current allocated memory: 721.320 MB.
INFO: [HLS 200-10] ----------------------------------------------------------------
INFO: [HLS 200-42] -- Implementing module 'MLP' 
INFO: [HLS 200-10] ----------------------------------------------------------------
INFO: [SCHED 204-11] Starting scheduling ...
INFO: [SCHED 204-11] Finished scheduling.
INFO: [HLS 200-111] Finished Scheduling: CPU user time: 1 seconds. CPU system time: 0 seconds. Elapsed time: 0.401 seconds; current allocated memory: 721.320 MB.
INFO: [BIND 205-100] Starting micro-architecture generation ...
INFO: [BIND 205-101] Performing variable lifetime analysis.
INFO: [BIND 205-101] Exploring resource sharing.
INFO: [BIND 205-101] Binding ...
INFO: [BIND 205-100] Finished micro-architecture generation.
INFO: [HLS 200-111] Finished Binding: CPU user time: 0 seconds. CPU system time: 0 seconds. Elapsed time: 0.921 seconds; current allocated memory: 721.320 MB.
INFO: [HLS 200-10] ----------------------------------------------------------------
INFO: [HLS 200-10] -- Generating RTL for module 'MLP_Pipeline_1' 
INFO: [HLS 200-10] ----------------------------------------------------------------
INFO: [RTGEN 206-100] Finished creating RTL model for 'MLP_Pipeline_1'.
INFO: [HLS 200-111] Finished Creating RTL model: CPU user time: 1 seconds. CPU system time: 0 seconds. Elapsed time: 1.382 seconds; current allocated memory: 721.320 MB.
INFO: [HLS 200-10] ----------------------------------------------------------------
INFO: [HLS 200-10] -- Generating RTL for module 'MLP_Pipeline_2' 
INFO: [HLS 200-10] ----------------------------------------------------------------
INFO: [RTGEN 206-100] Finished creating RTL model for 'MLP_Pipeline_2'.
INFO: [HLS 200-111] Finished Creating RTL model: CPU user time: 0 seconds. CPU system time: 0 seconds. Elapsed time: 0.341 seconds; current allocated memory: 721.320 MB.
INFO: [HLS 200-10] ----------------------------------------------------------------
INFO: [HLS 200-10] -- Generating RTL for module 'MLP_Pipeline_3' 
INFO: [HLS 200-10] ----------------------------------------------------------------
INFO: [RTGEN 206-100] Finished creating RTL model for 'MLP_Pipeline_3'.
INFO: [HLS 200-111] Finished Creating RTL model: CPU user time: 0 seconds. CPU system time: 0 seconds. Elapsed time: 0.139 seconds; current allocated memory: 721.320 MB.
INFO: [HLS 200-10] ----------------------------------------------------------------
INFO: [HLS 200-10] -- Generating RTL for module 'MLP_Pipeline_4' 
INFO: [HLS 200-10] ----------------------------------------------------------------
INFO: [RTGEN 206-100] Finished creating RTL model for 'MLP_Pipeline_4'.
INFO: [HLS 200-111] Finished Creating RTL model: CPU user time: 0 seconds. CPU system time: 0 seconds. Elapsed time: 0.137 seconds; current allocated memory: 721.320 MB.
INFO: [HLS 200-10] ----------------------------------------------------------------
INFO: [HLS 200-10] -- Generating RTL for module 'MLP_Pipeline_5' 
INFO: [HLS 200-10] ----------------------------------------------------------------
INFO: [RTGEN 206-100] Finished creating RTL model for 'MLP_Pipeline_5'.
INFO: [HLS 200-111] Finished Creating RTL model: CPU user time: 0 seconds. CPU system time: 0 seconds. Elapsed time: 0.131 seconds; current allocated memory: 721.320 MB.
INFO: [HLS 200-10] ----------------------------------------------------------------
INFO: [HLS 200-10] -- Generating RTL for module 'MLP_Pipeline_6' 
INFO: [HLS 200-10] ----------------------------------------------------------------
INFO: [RTGEN 206-100] Finished creating RTL model for 'MLP_Pipeline_6'.
INFO: [HLS 200-111] Finished Creating RTL model: CPU user time: 0 seconds. CPU system time: 0 seconds. Elapsed time: 0.139 seconds; current allocated memory: 721.320 MB.
INFO: [HLS 200-10] ----------------------------------------------------------------
INFO: [HLS 200-10] -- Generating RTL for module 'MLP_Pipeline_VITIS_LOOP_56_1' 
INFO: [HLS 200-10] ----------------------------------------------------------------
INFO: [HLS 200-1030] Apply Unified Pipeline Control on module 'MLP_Pipeline_VITIS_LOOP_56_1' pipeline 'VITIS_LOOP_56_1' pipeline type 'loop pipeline'
INFO: [RTGEN 206-100] Finished creating RTL model for 'MLP_Pipeline_VITIS_LOOP_56_1'.
INFO: [HLS 200-111] Finished Creating RTL model: CPU user time: 0 seconds. CPU system time: 0 seconds. Elapsed time: 0.154 seconds; current allocated memory: 721.320 MB.
INFO: [HLS 200-10] ----------------------------------------------------------------
INFO: [HLS 200-10] -- Generating RTL for module 'MLP_Pipeline_VITIS_LOOP_67_2' 
INFO: [HLS 200-10] ----------------------------------------------------------------
INFO: [HLS 200-1030] Apply Unified Pipeline Control on module 'MLP_Pipeline_VITIS_LOOP_67_2' pipeline 'VITIS_LOOP_67_2' pipeline type 'loop pipeline'
INFO: [RTGEN 206-100] Generating core module 'ddiv_64ns_64ns_64_22_no_dsp_1': 1 instance(s).
INFO: [RTGEN 206-100] Generating core module 'fptrunc_64ns_32_2_no_dsp_1': 1 instance(s).
INFO: [RTGEN 206-100] Generating core module 'sitodp_32ns_64_4_no_dsp_1': 1 instance(s).
INFO: [RTGEN 206-100] Finished creating RTL model for 'MLP_Pipeline_VITIS_LOOP_67_2'.
INFO: [HLS 200-111] Finished Creating RTL model: CPU user time: 0 seconds. CPU system time: 0 seconds. Elapsed time: 0.377 seconds; current allocated memory: 721.320 MB.
INFO: [HLS 200-10] ----------------------------------------------------------------
INFO: [HLS 200-10] -- Generating RTL for module 'MLP_Pipeline_VITIS_LOOP_75_3' 
INFO: [HLS 200-10] ----------------------------------------------------------------
INFO: [HLS 200-1030] Apply Unified Pipeline Control on module 'MLP_Pipeline_VITIS_LOOP_75_3' pipeline 'VITIS_LOOP_75_3' pipeline type 'loop pipeline'
INFO: [RTGEN 206-104] Estimated max fanout for 'MLP_Pipeline_VITIS_LOOP_75_3' is 17639 from HDL expression: (1'b0 == ap_block_pp0_stage0_11001)
INFO: [RTGEN 206-100] Generating core module 'fadd_32ns_32ns_32_4_full_dsp_1': 49 instance(s).
INFO: [RTGEN 206-100] Generating core module 'fcmp_32ns_32ns_1_2_no_dsp_1': 1 instance(s).
INFO: [RTGEN 206-100] Generating core module 'fmul_32ns_32ns_32_3_max_dsp_1': 48 instance(s).
INFO: [RTGEN 206-100] Finished creating RTL model for 'MLP_Pipeline_VITIS_LOOP_75_3'.
INFO: [HLS 200-111] Finished Creating RTL model: CPU user time: 0 seconds. CPU system time: 0 seconds. Elapsed time: 1.292 seconds; current allocated memory: 721.320 MB.
INFO: [HLS 200-10] ----------------------------------------------------------------
INFO: [HLS 200-10] -- Generating RTL for module 'MLP_Pipeline_VITIS_LOOP_92_5' 
INFO: [HLS 200-10] ----------------------------------------------------------------
INFO: [HLS 200-1030] Apply Unified Pipeline Control on module 'MLP_Pipeline_VITIS_LOOP_92_5' pipeline 'VITIS_LOOP_92_5' pipeline type 'loop pipeline'
INFO: [RTGEN 206-104] Estimated max fanout for 'MLP_Pipeline_VITIS_LOOP_92_5' is 9095 from HDL expression: (1'b0 == ap_block_pp0_stage0_11001)
INFO: [RTGEN 206-100] Generating core module 'fadd_32ns_32ns_32_4_full_dsp_1': 25 instance(s).
INFO: [RTGEN 206-100] Generating core module 'fcmp_32ns_32ns_1_2_no_dsp_1': 1 instance(s).
INFO: [RTGEN 206-100] Generating core module 'fmul_32ns_32ns_32_3_max_dsp_1': 24 instance(s).
INFO: [RTGEN 206-100] Finished creating RTL model for 'MLP_Pipeline_VITIS_LOOP_92_5'.
INFO: [HLS 200-111] Finished Creating RTL model: CPU user time: 3 seconds. CPU system time: 0 seconds. Elapsed time: 3.18 seconds; current allocated memory: 721.320 MB.
INFO: [HLS 200-10] ----------------------------------------------------------------
INFO: [HLS 200-10] -- Generating RTL for module 'MLP_Pipeline_VITIS_LOOP_109_7' 
INFO: [HLS 200-10] ----------------------------------------------------------------
INFO: [HLS 200-1030] Apply Unified Pipeline Control on module 'MLP_Pipeline_VITIS_LOOP_109_7' pipeline 'VITIS_LOOP_109_7' pipeline type 'loop pipeline'
INFO: [RTGEN 206-100] Generating core module 'fadd_32ns_32ns_32_4_full_dsp_1': 13 instance(s).
INFO: [RTGEN 206-100] Generating core module 'fmul_32ns_32ns_32_3_max_dsp_1': 12 instance(s).
INFO: [RTGEN 206-100] Finished creating RTL model for 'MLP_Pipeline_VITIS_LOOP_109_7'.
INFO: [HLS 200-111] Finished Creating RTL model: CPU user time: 1 seconds. CPU system time: 1 seconds. Elapsed time: 1.383 seconds; current allocated memory: 721.320 MB.
INFO: [HLS 200-10] ----------------------------------------------------------------
INFO: [HLS 200-10] -- Generating RTL for module 'MLP_Pipeline_VITIS_LOOP_121_9' 
INFO: [HLS 200-10] ----------------------------------------------------------------
INFO: [HLS 200-1030] Apply Unified Pipeline Control on module 'MLP_Pipeline_VITIS_LOOP_121_9' pipeline 'VITIS_LOOP_121_9' pipeline type 'loop pipeline'
INFO: [RTGEN 206-100] Generating core module 'fmul_32ns_32ns_32_3_max_dsp_1': 1 instance(s).
INFO: [RTGEN 206-100] Finished creating RTL model for 'MLP_Pipeline_VITIS_LOOP_121_9'.
INFO: [HLS 200-111] Finished Creating RTL model: CPU user time: 0 seconds. CPU system time: 0 seconds. Elapsed time: 0.676 seconds; current allocated memory: 721.320 MB.
INFO: [HLS 200-10] ----------------------------------------------------------------
INFO: [HLS 200-10] -- Generating RTL for module 'MLP_Pipeline_VITIS_LOOP_126_10' 
INFO: [HLS 200-10] ----------------------------------------------------------------
INFO: [HLS 200-1030] Apply Unified Pipeline Control on module 'MLP_Pipeline_VITIS_LOOP_126_10' pipeline 'VITIS_LOOP_126_10' pipeline type 'loop pipeline'
INFO: [RTGEN 206-100] Finished creating RTL model for 'MLP_Pipeline_VITIS_LOOP_126_10'.
INFO: [HLS 200-111] Finished Creating RTL model: CPU user time: 0 seconds. CPU system time: 0 seconds. Elapsed time: 0.305 seconds; current allocated memory: 721.320 MB.
INFO: [HLS 200-10] ----------------------------------------------------------------
INFO: [HLS 200-10] -- Generating RTL for module 'MLP' 
INFO: [HLS 200-10] ----------------------------------------------------------------
WARNING: [RTGEN 206-101] Design contains AXI ports. Reset is fixed to synchronous and active low.
INFO: [RTGEN 206-500] Setting interface mode on port 'MLP/in_data_V_data_V' to 'axis' (register, both mode).
INFO: [RTGEN 206-500] Setting interface mode on port 'MLP/in_data_V_keep_V' to 'axis' (register, both mode).
INFO: [RTGEN 206-500] Setting interface mode on port 'MLP/in_data_V_strb_V' to 'axis' (register, both mode).
INFO: [RTGEN 206-500] Setting interface mode on port 'MLP/in_data_V_user_V' to 'axis' (register, both mode).
INFO: [RTGEN 206-500] Setting interface mode on port 'MLP/in_data_V_last_V' to 'axis' (register, both mode).
INFO: [RTGEN 206-500] Setting interface mode on port 'MLP/in_data_V_id_V' to 'axis' (register, both mode).
INFO: [RTGEN 206-500] Setting interface mode on port 'MLP/in_data_V_dest_V' to 'axis' (register, both mode).
INFO: [RTGEN 206-500] Setting interface mode on port 'MLP/out_data_V_data_V' to 'axis' (register, both mode).
INFO: [RTGEN 206-500] Setting interface mode on port 'MLP/out_data_V_keep_V' to 'axis' (register, both mode).
INFO: [RTGEN 206-500] Setting interface mode on port 'MLP/out_data_V_strb_V' to 'axis' (register, both mode).
INFO: [RTGEN 206-500] Setting interface mode on port 'MLP/out_data_V_user_V' to 'axis' (register, both mode).
INFO: [RTGEN 206-500] Setting interface mode on port 'MLP/out_data_V_last_V' to 'axis' (register, both mode).
INFO: [RTGEN 206-500] Setting interface mode on port 'MLP/out_data_V_id_V' to 'axis' (register, both mode).
INFO: [RTGEN 206-500] Setting interface mode on port 'MLP/out_data_V_dest_V' to 'axis' (register, both mode).
INFO: [RTGEN 206-500] Setting interface mode on function 'MLP' to 'ap_ctrl_hs'.
INFO: [RTGEN 206-100] Generating core module 'fadd_32ns_32ns_32_4_full_dsp_1': 25 instance(s).
INFO: [RTGEN 206-100] Generating core module 'fcmp_32ns_32ns_1_2_no_dsp_1': 1 instance(s).
INFO: [RTGEN 206-100] Generating core module 'fmul_32ns_32ns_32_3_max_dsp_1': 24 instance(s).
INFO: [RTGEN 206-100] Finished creating RTL model for 'MLP'.
INFO: [HLS 200-111] Finished Creating RTL model: CPU user time: 0 seconds. CPU system time: 0 seconds. Elapsed time: 1.121 seconds; current allocated memory: 721.320 MB.
INFO: [RTMG 210-279] Implementing memory 'MLP_MLP_Pipeline_VITIS_LOOP_75_3_weights_1_0_ROM_AUTO_1R' using auto ROMs.
INFO: [RTMG 210-279] Implementing memory 'MLP_MLP_Pipeline_VITIS_LOOP_75_3_weights_1_1_ROM_AUTO_1R' using auto ROMs.
INFO: [RTMG 210-279] Implementing memory 'MLP_MLP_Pipeline_VITIS_LOOP_75_3_weights_1_2_ROM_AUTO_1R' using auto ROMs.
INFO: [RTMG 210-279] Implementing memory 'MLP_MLP_Pipeline_VITIS_LOOP_75_3_weights_1_3_ROM_AUTO_1R' using auto ROMs.
INFO: [RTMG 210-279] Implementing memory 'MLP_MLP_Pipeline_VITIS_LOOP_75_3_weights_1_4_ROM_AUTO_1R' using auto ROMs.
INFO: [RTMG 210-279] Implementing memory 'MLP_MLP_Pipeline_VITIS_LOOP_75_3_weights_1_5_ROM_AUTO_1R' using auto ROMs.
INFO: [RTMG 210-279] Implementing memory 'MLP_MLP_Pipeline_VITIS_LOOP_75_3_weights_1_6_ROM_AUTO_1R' using auto ROMs.
INFO: [RTMG 210-279] Implementing memory 'MLP_MLP_Pipeline_VITIS_LOOP_75_3_weights_1_7_ROM_AUTO_1R' using auto ROMs.
INFO: [RTMG 210-279] Implementing memory 'MLP_MLP_Pipeline_VITIS_LOOP_75_3_weights_1_8_ROM_AUTO_1R' using auto ROMs.
INFO: [RTMG 210-279] Implementing memory 'MLP_MLP_Pipeline_VITIS_LOOP_75_3_weights_1_9_ROM_AUTO_1R' using auto ROMs.
INFO: [RTMG 210-279] Implementing memory 'MLP_MLP_Pipeline_VITIS_LOOP_75_3_weights_1_10_ROM_AUTO_1R' using auto ROMs.
INFO: [RTMG 210-279] Implementing memory 'MLP_MLP_Pipeline_VITIS_LOOP_75_3_weights_1_11_ROM_AUTO_1R' using auto ROMs.
INFO: [RTMG 210-279] Implementing memory 'MLP_MLP_Pipeline_VITIS_LOOP_75_3_weights_1_12_ROM_AUTO_1R' using auto ROMs.
INFO: [RTMG 210-279] Implementing memory 'MLP_MLP_Pipeline_VITIS_LOOP_75_3_weights_1_13_ROM_AUTO_1R' using auto ROMs.
INFO: [RTMG 210-279] Implementing memory 'MLP_MLP_Pipeline_VITIS_LOOP_75_3_weights_1_14_ROM_AUTO_1R' using auto ROMs.
INFO: [RTMG 210-279] Implementing memory 'MLP_MLP_Pipeline_VITIS_LOOP_75_3_weights_1_15_ROM_AUTO_1R' using auto ROMs.
INFO: [RTMG 210-279] Implementing memory 'MLP_MLP_Pipeline_VITIS_LOOP_75_3_weights_1_16_ROM_AUTO_1R' using auto ROMs.
INFO: [RTMG 210-279] Implementing memory 'MLP_MLP_Pipeline_VITIS_LOOP_75_3_weights_1_17_ROM_AUTO_1R' using auto ROMs.
INFO: [RTMG 210-279] Implementing memory 'MLP_MLP_Pipeline_VITIS_LOOP_75_3_weights_1_18_ROM_AUTO_1R' using auto ROMs.
INFO: [RTMG 210-279] Implementing memory 'MLP_MLP_Pipeline_VITIS_LOOP_75_3_weights_1_19_ROM_AUTO_1R' using auto ROMs.
INFO: [RTMG 210-279] Implementing memory 'MLP_MLP_Pipeline_VITIS_LOOP_75_3_weights_1_20_ROM_AUTO_1R' using auto ROMs.
INFO: [RTMG 210-279] Implementing memory 'MLP_MLP_Pipeline_VITIS_LOOP_75_3_weights_1_21_ROM_AUTO_1R' using auto ROMs.
INFO: [RTMG 210-279] Implementing memory 'MLP_MLP_Pipeline_VITIS_LOOP_75_3_weights_1_22_ROM_AUTO_1R' using auto ROMs.
INFO: [RTMG 210-279] Implementing memory 'MLP_MLP_Pipeline_VITIS_LOOP_75_3_weights_1_23_ROM_AUTO_1R' using auto ROMs.
INFO: [RTMG 210-279] Implementing memory 'MLP_MLP_Pipeline_VITIS_LOOP_75_3_weights_1_24_ROM_AUTO_1R' using auto ROMs.
INFO: [RTMG 210-279] Implementing memory 'MLP_MLP_Pipeline_VITIS_LOOP_75_3_weights_1_25_ROM_AUTO_1R' using auto ROMs.
INFO: [RTMG 210-279] Implementing memory 'MLP_MLP_Pipeline_VITIS_LOOP_75_3_weights_1_26_ROM_AUTO_1R' using auto ROMs.
INFO: [RTMG 210-279] Implementing memory 'MLP_MLP_Pipeline_VITIS_LOOP_75_3_weights_1_27_ROM_AUTO_1R' using auto ROMs.
INFO: [RTMG 210-279] Implementing memory 'MLP_MLP_Pipeline_VITIS_LOOP_75_3_weights_1_28_ROM_AUTO_1R' using auto ROMs.
INFO: [RTMG 210-279] Implementing memory 'MLP_MLP_Pipeline_VITIS_LOOP_75_3_weights_1_29_ROM_AUTO_1R' using auto ROMs.
INFO: [RTMG 210-279] Implementing memory 'MLP_MLP_Pipeline_VITIS_LOOP_75_3_weights_1_30_ROM_AUTO_1R' using auto ROMs.
INFO: [RTMG 210-279] Implementing memory 'MLP_MLP_Pipeline_VITIS_LOOP_75_3_weights_1_31_ROM_AUTO_1R' using auto ROMs.
INFO: [RTMG 210-279] Implementing memory 'MLP_MLP_Pipeline_VITIS_LOOP_75_3_weights_1_32_ROM_AUTO_1R' using auto ROMs.
INFO: [RTMG 210-279] Implementing memory 'MLP_MLP_Pipeline_VITIS_LOOP_75_3_weights_1_33_ROM_AUTO_1R' using auto ROMs.
INFO: [RTMG 210-279] Implementing memory 'MLP_MLP_Pipeline_VITIS_LOOP_75_3_weights_1_34_ROM_AUTO_1R' using auto ROMs.
INFO: [RTMG 210-279] Implementing memory 'MLP_MLP_Pipeline_VITIS_LOOP_75_3_weights_1_35_ROM_AUTO_1R' using auto ROMs.
INFO: [RTMG 210-279] Implementing memory 'MLP_MLP_Pipeline_VITIS_LOOP_75_3_weights_1_36_ROM_AUTO_1R' using auto ROMs.
INFO: [RTMG 210-279] Implementing memory 'MLP_MLP_Pipeline_VITIS_LOOP_75_3_weights_1_37_ROM_AUTO_1R' using auto ROMs.
INFO: [RTMG 210-279] Implementing memory 'MLP_MLP_Pipeline_VITIS_LOOP_75_3_weights_1_38_ROM_AUTO_1R' using auto ROMs.
INFO: [RTMG 210-279] Implementing memory 'MLP_MLP_Pipeline_VITIS_LOOP_75_3_weights_1_39_ROM_AUTO_1R' using auto ROMs.
INFO: [RTMG 210-279] Implementing memory 'MLP_MLP_Pipeline_VITIS_LOOP_75_3_weights_1_40_ROM_AUTO_1R' using auto ROMs.
INFO: [RTMG 210-279] Implementing memory 'MLP_MLP_Pipeline_VITIS_LOOP_75_3_weights_1_41_ROM_AUTO_1R' using auto ROMs.
INFO: [RTMG 210-279] Implementing memory 'MLP_MLP_Pipeline_VITIS_LOOP_75_3_weights_1_42_ROM_AUTO_1R' using auto ROMs.
INFO: [RTMG 210-279] Implementing memory 'MLP_MLP_Pipeline_VITIS_LOOP_75_3_weights_1_43_ROM_AUTO_1R' using auto ROMs.
INFO: [RTMG 210-279] Implementing memory 'MLP_MLP_Pipeline_VITIS_LOOP_75_3_weights_1_44_ROM_AUTO_1R' using auto ROMs.
INFO: [RTMG 210-279] Implementing memory 'MLP_MLP_Pipeline_VITIS_LOOP_75_3_weights_1_45_ROM_AUTO_1R' using auto ROMs.
INFO: [RTMG 210-279] Implementing memory 'MLP_MLP_Pipeline_VITIS_LOOP_75_3_weights_1_46_ROM_AUTO_1R' using auto ROMs.
INFO: [RTMG 210-279] Implementing memory 'MLP_MLP_Pipeline_VITIS_LOOP_75_3_weights_1_47_ROM_AUTO_1R' using auto ROMs.
INFO: [RTMG 210-279] Implementing memory 'MLP_MLP_Pipeline_VITIS_LOOP_75_3_hidden_bias_1_ROM_AUTO_1R' using auto ROMs.
INFO: [RTMG 210-279] Implementing memory 'MLP_MLP_Pipeline_VITIS_LOOP_92_5_weights_2_0_ROM_AUTO_1R' using auto ROMs.
INFO: [RTMG 210-279] Implementing memory 'MLP_MLP_Pipeline_VITIS_LOOP_92_5_weights_2_1_ROM_AUTO_1R' using auto ROMs.
INFO: [RTMG 210-279] Implementing memory 'MLP_MLP_Pipeline_VITIS_LOOP_92_5_weights_2_2_ROM_AUTO_1R' using auto ROMs.
INFO: [RTMG 210-279] Implementing memory 'MLP_MLP_Pipeline_VITIS_LOOP_92_5_weights_2_3_ROM_AUTO_1R' using auto ROMs.
INFO: [RTMG 210-279] Implementing memory 'MLP_MLP_Pipeline_VITIS_LOOP_92_5_weights_2_4_ROM_AUTO_1R' using auto ROMs.
INFO: [RTMG 210-279] Implementing memory 'MLP_MLP_Pipeline_VITIS_LOOP_92_5_weights_2_5_ROM_AUTO_1R' using auto ROMs.
INFO: [RTMG 210-279] Implementing memory 'MLP_MLP_Pipeline_VITIS_LOOP_92_5_weights_2_6_ROM_AUTO_1R' using auto ROMs.
INFO: [RTMG 210-279] Implementing memory 'MLP_MLP_Pipeline_VITIS_LOOP_92_5_weights_2_7_ROM_AUTO_1R' using auto ROMs.
INFO: [RTMG 210-279] Implementing memory 'MLP_MLP_Pipeline_VITIS_LOOP_92_5_weights_2_8_ROM_AUTO_1R' using auto ROMs.
INFO: [RTMG 210-279] Implementing memory 'MLP_MLP_Pipeline_VITIS_LOOP_92_5_weights_2_9_ROM_AUTO_1R' using auto ROMs.
INFO: [RTMG 210-279] Implementing memory 'MLP_MLP_Pipeline_VITIS_LOOP_92_5_weights_2_10_ROM_AUTO_1R' using auto ROMs.
INFO: [RTMG 210-279] Implementing memory 'MLP_MLP_Pipeline_VITIS_LOOP_92_5_weights_2_11_ROM_AUTO_1R' using auto ROMs.
INFO: [RTMG 210-279] Implementing memory 'MLP_MLP_Pipeline_VITIS_LOOP_92_5_weights_2_12_ROM_AUTO_1R' using auto ROMs.
INFO: [RTMG 210-279] Implementing memory 'MLP_MLP_Pipeline_VITIS_LOOP_92_5_weights_2_13_ROM_AUTO_1R' using auto ROMs.
INFO: [RTMG 210-279] Implementing memory 'MLP_MLP_Pipeline_VITIS_LOOP_92_5_weights_2_14_ROM_AUTO_1R' using auto ROMs.
INFO: [RTMG 210-279] Implementing memory 'MLP_MLP_Pipeline_VITIS_LOOP_92_5_weights_2_15_ROM_AUTO_1R' using auto ROMs.
INFO: [RTMG 210-279] Implementing memory 'MLP_MLP_Pipeline_VITIS_LOOP_92_5_weights_2_16_ROM_AUTO_1R' using auto ROMs.
INFO: [RTMG 210-279] Implementing memory 'MLP_MLP_Pipeline_VITIS_LOOP_92_5_weights_2_17_ROM_AUTO_1R' using auto ROMs.
INFO: [RTMG 210-279] Implementing memory 'MLP_MLP_Pipeline_VITIS_LOOP_92_5_weights_2_18_ROM_AUTO_1R' using auto ROMs.
INFO: [RTMG 210-279] Implementing memory 'MLP_MLP_Pipeline_VITIS_LOOP_92_5_weights_2_19_ROM_AUTO_1R' using auto ROMs.
INFO: [RTMG 210-279] Implementing memory 'MLP_MLP_Pipeline_VITIS_LOOP_92_5_weights_2_20_ROM_AUTO_1R' using auto ROMs.
INFO: [RTMG 210-279] Implementing memory 'MLP_MLP_Pipeline_VITIS_LOOP_92_5_weights_2_21_ROM_AUTO_1R' using auto ROMs.
INFO: [RTMG 210-279] Implementing memory 'MLP_MLP_Pipeline_VITIS_LOOP_92_5_weights_2_22_ROM_AUTO_1R' using auto ROMs.
INFO: [RTMG 210-279] Implementing memory 'MLP_MLP_Pipeline_VITIS_LOOP_92_5_weights_2_23_ROM_AUTO_1R' using auto ROMs.
INFO: [RTMG 210-279] Implementing memory 'MLP_MLP_Pipeline_VITIS_LOOP_92_5_hidden_bias_2_ROM_AUTO_1R' using auto ROMs.
INFO: [RTMG 210-279] Implementing memory 'MLP_MLP_Pipeline_VITIS_LOOP_109_7_output_weights_0_ROM_AUTO_1R' using auto ROMs.
INFO: [RTMG 210-279] Implementing memory 'MLP_MLP_Pipeline_VITIS_LOOP_109_7_output_weights_1_ROM_AUTO_1R' using auto ROMs.
INFO: [RTMG 210-279] Implementing memory 'MLP_MLP_Pipeline_VITIS_LOOP_109_7_output_weights_2_ROM_AUTO_1R' using auto ROMs.
INFO: [RTMG 210-279] Implementing memory 'MLP_MLP_Pipeline_VITIS_LOOP_109_7_output_weights_3_ROM_AUTO_1R' using auto ROMs.
INFO: [RTMG 210-279] Implementing memory 'MLP_MLP_Pipeline_VITIS_LOOP_109_7_output_weights_4_ROM_AUTO_1R' using auto ROMs.
INFO: [RTMG 210-279] Implementing memory 'MLP_MLP_Pipeline_VITIS_LOOP_109_7_output_weights_5_ROM_AUTO_1R' using auto ROMs.
INFO: [RTMG 210-279] Implementing memory 'MLP_MLP_Pipeline_VITIS_LOOP_109_7_output_weights_6_ROM_AUTO_1R' using auto ROMs.
INFO: [RTMG 210-279] Implementing memory 'MLP_MLP_Pipeline_VITIS_LOOP_109_7_output_weights_7_ROM_AUTO_1R' using auto ROMs.
INFO: [RTMG 210-279] Implementing memory 'MLP_MLP_Pipeline_VITIS_LOOP_109_7_output_weights_8_ROM_AUTO_1R' using auto ROMs.
INFO: [RTMG 210-279] Implementing memory 'MLP_MLP_Pipeline_VITIS_LOOP_109_7_output_weights_9_ROM_AUTO_1R' using auto ROMs.
INFO: [RTMG 210-279] Implementing memory 'MLP_MLP_Pipeline_VITIS_LOOP_109_7_output_weights_10_ROM_AUTO_1R' using auto ROMs.
INFO: [RTMG 210-279] Implementing memory 'MLP_MLP_Pipeline_VITIS_LOOP_109_7_output_weights_11_ROM_AUTO_1R' using auto ROMs.
INFO: [RTMG 210-279] Implementing memory 'MLP_MLP_Pipeline_VITIS_LOOP_109_7_output_bias_ROM_AUTO_1R' using auto ROMs.
INFO: [RTMG 210-278] Implementing memory 'MLP_input_features_RAM_AUTO_1R1W_ram (RAM)' using auto RAMs.
INFO: [RTMG 210-278] Implementing memory 'MLP_input_features_casted_RAM_AUTO_1R1W_ram (RAM)' using auto RAMs.
INFO: [RTMG 210-278] Implementing memory 'MLP_hidden_layer_1_RAM_AUTO_1R1W_ram (RAM)' using auto RAMs.
INFO: [RTMG 210-278] Implementing memory 'MLP_hidden_layer_2_RAM_AUTO_1R1W_ram (RAM)' using auto RAMs.
INFO: [RTMG 210-278] Implementing memory 'MLP_output_layer_RAM_AUTO_1R1W_ram (RAM)' using auto RAMs.
INFO: [HLS 200-111] Finished Generating all RTL models: CPU user time: 7 seconds. CPU system time: 1 seconds. Elapsed time: 18.208 seconds; current allocated memory: 721.320 MB.
INFO: [HLS 200-111] Finished Updating report files: CPU user time: 0 seconds. CPU system time: 0 seconds. Elapsed time: 2.772 seconds; current allocated memory: 721.320 MB.
INFO: [VHDL 208-304] Generating VHDL RTL for MLP.
INFO: [VLOG 209-307] Generating Verilog RTL for MLP.
INFO: [HLS 200-790] **** Loop Constraint Status: All loop constraints were satisfied.
INFO: [HLS 200-789] **** Estimated Fmax: 140.57 MHz
INFO: [HLS 200-111] Finished Command csynth_design CPU user time: 25 seconds. CPU system time: 3 seconds. Elapsed time: 75.803 seconds; current allocated memory: 291.332 MB.
INFO: [HLS 200-112] Total CPU user time: 25 seconds. Total CPU system time: 3 seconds. Total elapsed time: 78.957 seconds; peak allocated memory: 721.320 MB.
==============================================================
Vitis HLS - High-Level Synthesis from C, C++ and OpenCL v2022.1 (64-bit)
Tool Version Limit: 2022.04
Copyright 1986-2022 Xilinx, Inc. All Rights Reserved.
==============================================================
INFO: [SYN 201-201] Setting up clock 'default' with a period of 10ns.
INFO: [HLS 200-1611] Setting target device to 'xczu3eg-sbva484-2-i'
INFO: [HLS 200-1505] Using flow_target 'vivado'
INFO: [HLS 200-1510] Running: set_part xczu3eg-sbva484-2-i 
INFO: [HLS 200-1510] Running: create_clock -period 10 -name default 
INFO: [SYN 201-201] Setting up clock 'default' with a period of 10ns.
INFO: [HLS 200-1510] Running: cosim_design 
INFO: [COSIM 212-47] Using XSIM for RTL simulation.
INFO: [COSIM 212-14] Instrumenting C test bench ...
INFO: [COSIM 212-302] Starting C TB testing ... 
INFO: [COSIM 212-333] Generating C post check test bench ...
INFO: [COSIM 212-12] Generating RTL test bench ...
INFO: [COSIM 212-1] *** C/RTL co-simulation file generation completed. ***
INFO: [COSIM 212-323] Starting verilog simulation. 
INFO: [COSIM 212-15] Starting XSIM ...
INFO: [COSIM 212-316] Starting C post checking ...
INFO: [COSIM 212-1000] *** C/RTL co-simulation finished: PASS ***
INFO: [COSIM 212-211] II is measurable only when transaction number is greater than 1 in RTL simulation. Otherwise, they will be marked as all NA. If user wants to calculate them, please make sure there are at least 2 transactions in RTL simulation.
INFO: [HLS 200-111] Finished Command cosim_design CPU user time: 2 seconds. CPU system time: 1 seconds. Elapsed time: 181.674 seconds; current allocated memory: 209.879 MB.
INFO: [HLS 200-112] Total CPU user time: 3 seconds. Total CPU system time: 2 seconds. Total elapsed time: 184.699 seconds; peak allocated memory: 758.168 MB.
==============================================================
Vitis HLS - High-Level Synthesis from C, C++ and OpenCL v2022.1 (64-bit)
Tool Version Limit: 2022.04
Copyright 1986-2022 Xilinx, Inc. All Rights Reserved.
==============================================================
INFO: [SYN 201-201] Setting up clock 'default' with a period of 10ns.
INFO: [HLS 200-1611] Setting target device to 'xczu3eg-sbva484-2-i'
INFO: [HLS 200-1505] Using flow_target 'vivado'
INFO: [HLS 200-1510] Running: set_part xczu3eg-sbva484-2-i 
INFO: [HLS 200-1510] Running: create_clock -period 10 -name default 
INFO: [SYN 201-201] Setting up clock 'default' with a period of 10ns.
INFO: [HLS 200-1510] Running: export_design -rtl verilog -format ip_catalog 
INFO: [IMPL 213-8] Exporting RTL as a Vivado IP.
INFO: [HLS 200-802] Generated output file testHLS2/solution1/impl/export.zip
INFO: [HLS 200-111] Finished Command export_design CPU user time: 2 seconds. CPU system time: 0 seconds. Elapsed time: 44.969 seconds; current allocated memory: 160.578 MB.
INFO: [HLS 200-112] Total CPU user time: 3 seconds. Total CPU system time: 1 seconds. Total elapsed time: 47.871 seconds; peak allocated memory: 1.050 GB.
==============================================================
Vitis HLS - High-Level Synthesis from C, C++ and OpenCL v2022.1 (64-bit)
Tool Version Limit: 2022.04
Copyright 1986-2022 Xilinx, Inc. All Rights Reserved.
==============================================================
INFO: [SYN 201-201] Setting up clock 'default' with a period of 10ns.
INFO: [HLS 200-1611] Setting target device to 'xczu3eg-sbva484-2-i'
INFO: [HLS 200-1505] Using flow_target 'vivado'
INFO: [HLS 200-1464] Running solution command: config_export -format=ip_catalog
INFO: [HLS 200-1464] Running solution command: config_export -output=C:/Users/xingy/HWSWAI/HLS
INFO: [HLS 200-1464] Running solution command: config_export -rtl=verilog
INFO: [HLS 200-1510] Running: set_part xczu3eg-sbva484-2-i 
INFO: [HLS 200-1510] Running: create_clock -period 10 -name default 
INFO: [SYN 201-201] Setting up clock 'default' with a period of 10ns.
INFO: [HLS 200-1510] Running: config_export -format ip_catalog -output C:/Users/xingy/HWSWAI/HLS -rtl verilog 
INFO: [HLS 200-1510] Running: export_design -rtl verilog -format ip_catalog -output C:/Users/xingy/HWSWAI/HLS 
INFO: [IMPL 213-8] Exporting RTL as a Vivado IP.
INFO: [HLS 200-802] Generated output file C:/Users/xingy/HWSWAI/HLS/export.zip
INFO: [HLS 200-111] Finished Command export_design CPU user time: 3 seconds. CPU system time: 1 seconds. Elapsed time: 39.781 seconds; current allocated memory: 199.012 MB.
INFO: [HLS 200-112] Total CPU user time: 4 seconds. Total CPU system time: 2 seconds. Total elapsed time: 43.057 seconds; peak allocated memory: 880.051 MB.
==============================================================
Vitis HLS - High-Level Synthesis from C, C++ and OpenCL v2022.1 (64-bit)
Tool Version Limit: 2022.04
Copyright 1986-2022 Xilinx, Inc. All Rights Reserved.
==============================================================
INFO: [SYN 201-201] Setting up clock 'default' with a period of 10ns.
INFO: [HLS 200-1611] Setting target device to 'xczu3eg-sbva484-2-i'
INFO: [HLS 200-1505] Using flow_target 'vivado'
INFO: [HLS 200-1464] Running solution command: config_export -format=ip_catalog
INFO: [HLS 200-1464] Running solution command: config_export -output=C:/Users/xingy/HWSWAI/HLS
INFO: [HLS 200-1464] Running solution command: config_export -rtl=verilog
INFO: [HLS 200-1464] Running solution command: config_export -vivado_clock=10
INFO: [HLS 200-1510] Running: set_part xczu3eg-sbva484-2-i 
INFO: [HLS 200-1510] Running: create_clock -period 10 -name default 
INFO: [SYN 201-201] Setting up clock 'default' with a period of 10ns.
INFO: [HLS 200-1510] Running: config_export -format ip_catalog -output C:/Users/xingy/HWSWAI/HLS -rtl verilog -vivado_clock 10 
INFO: [HLS 200-1510] Running: export_design -flow impl -rtl verilog -format ip_catalog -output C:/Users/xingy/HWSWAI/HLS 
INFO: [IMPL 213-8] Exporting RTL as a Vivado IP.
INFO: [IMPL 213-8] Starting RTL evaluation using Vivado ...
INFO: [HLS 200-802] Generated output file C:/Users/xingy/HWSWAI/HLS/export.zip
INFO: [HLS 200-111] Finished Command export_design CPU user time: 4 seconds. CPU system time: 1 seconds. Elapsed time: 2300.07 seconds; current allocated memory: 572.801 MB.
INFO: [HLS 200-112] Total CPU user time: 4 seconds. Total CPU system time: 1 seconds. Total elapsed time: 2303.48 seconds; peak allocated memory: 1009.680 MB.
==============================================================
Vitis HLS - High-Level Synthesis from C, C++ and OpenCL v2022.1 (64-bit)
Tool Version Limit: 2022.04
Copyright 1986-2022 Xilinx, Inc. All Rights Reserved.
==============================================================
INFO: [SYN 201-201] Setting up clock 'default' with a period of 10ns.
INFO: [HLS 200-1611] Setting target device to 'xczu3eg-sbva484-2-i'
INFO: [HLS 200-1505] Using flow_target 'vivado'
INFO: [HLS 200-1464] Running solution command: config_export -format=ip_catalog
INFO: [HLS 200-1464] Running solution command: config_export -output=C:/Users/xingy/HWSWAI/HLS
INFO: [HLS 200-1464] Running solution command: config_export -rtl=verilog
INFO: [HLS 200-1464] Running solution command: config_export -vivado_clock=10
INFO: [HLS 200-1510] Running: set_part xczu3eg-sbva484-2-i 
INFO: [HLS 200-1510] Running: create_clock -period 10 -name default 
INFO: [HLS 200-1510] Running: config_export -format ip_catalog -output C:/Users/xingy/HWSWAI/HLS -rtl verilog -vivado_clock 10 
INFO: [HLS 200-1510] Running: csim_design -setup -quiet 
INFO: [SIM 211-2] *************** CSIM start ***************
INFO: [SIM 211-4] CSIM will launch GCC as the compiler.
INFO: [SIM 211-1] CSim file generation done with 0 errors.
INFO: [SIM 211-3] *************** CSIM finish ***************
INFO: [HLS 200-111] Finished Command csim_design CPU user time: 0 seconds. CPU system time: 0 seconds. Elapsed time: 13.846 seconds; current allocated memory: 0.000 MB.
INFO: [HLS 200-112] Total CPU user time: 3 seconds. Total CPU system time: 1 seconds. Total elapsed time: 29.932 seconds; peak allocated memory: 990.359 MB.
==============================================================
Vitis HLS - High-Level Synthesis from C, C++ and OpenCL v2022.1 (64-bit)
Tool Version Limit: 2022.04
Copyright 1986-2022 Xilinx, Inc. All Rights Reserved.
==============================================================
INFO: [SYN 201-201] Setting up clock 'default' with a period of 10ns.
INFO: [HLS 200-1611] Setting target device to 'xczu3eg-sbva484-2-i'
INFO: [HLS 200-1505] Using flow_target 'vivado'
INFO: [HLS 200-1464] Running solution command: config_export -format=ip_catalog
INFO: [HLS 200-1464] Running solution command: config_export -output=C:/Users/xingy/HWSWAI/HLS
INFO: [HLS 200-1464] Running solution command: config_export -rtl=verilog
INFO: [HLS 200-1464] Running solution command: config_export -vivado_clock=10
INFO: [HLS 200-1510] Running: set_part xczu3eg-sbva484-2-i 
INFO: [HLS 200-1510] Running: create_clock -period 10 -name default 
INFO: [HLS 200-1510] Running: config_export -format ip_catalog -output C:/Users/xingy/HWSWAI/HLS -rtl verilog -vivado_clock 10 
INFO: [HLS 200-1510] Running: csynth_design 
INFO: [HLS 200-111] Finished File checks and directory preparation: CPU user time: 0 seconds. CPU system time: 0 seconds. Elapsed time: 0.048 seconds; current allocated memory: 437.371 MB.
INFO: [HLS 200-10] Analyzing design file '../../../../HWSWAI/HLS/SampleDatasetMLP.cpp' ... 
ERROR: [HLS 207-3777] use of undeclared identifier 'mode'; did you mean 'move'? (../../../../HWSWAI/HLS/SampleDatasetMLP.cpp:46:38)
INFO: [HLS 207-4436] 'move' declared here (C:/Xilinx/Vitis_HLS/2022.1/tps/mingw/8.3.0/win64.o/nt\lib\gcc\x86_64-w64-mingw32\8.3.0\include\c++\bits/move.h:99:5)
INFO: [HLS 200-111] Finished Command csynth_design CPU user time: 1 seconds. CPU system time: 0 seconds. Elapsed time: 6.004 seconds; current allocated memory: 217.363 MB.
INFO: [HLS 200-112] Total CPU user time: 1 seconds. Total CPU system time: 1 seconds. Total elapsed time: 11.256 seconds; peak allocated memory: 654.734 MB.
==============================================================
Vitis HLS - High-Level Synthesis from C, C++ and OpenCL v2022.1 (64-bit)
Tool Version Limit: 2022.04
Copyright 1986-2022 Xilinx, Inc. All Rights Reserved.
==============================================================
INFO: [SYN 201-201] Setting up clock 'default' with a period of 10ns.
INFO: [HLS 200-1611] Setting target device to 'xczu3eg-sbva484-2-i'
INFO: [HLS 200-1505] Using flow_target 'vivado'
INFO: [HLS 200-1464] Running solution command: config_export -format=ip_catalog
INFO: [HLS 200-1464] Running solution command: config_export -output=C:/Users/xingy/HWSWAI/HLS
INFO: [HLS 200-1464] Running solution command: config_export -rtl=verilog
INFO: [HLS 200-1464] Running solution command: config_export -vivado_clock=10
INFO: [HLS 200-1510] Running: set_part xczu3eg-sbva484-2-i 
INFO: [HLS 200-1510] Running: create_clock -period 10 -name default 
INFO: [SYN 201-201] Setting up clock 'default' with a period of 10ns.
INFO: [HLS 200-1510] Running: config_export -format ip_catalog -output C:/Users/xingy/HWSWAI/HLS -rtl verilog -vivado_clock 10 
INFO: [HLS 200-1510] Running: source ./testHLS2/solution1/directives.tcl
INFO: [HLS 200-1510] Running: set_directive_top -name MLP MLP 
INFO: [HLS 200-1510] Running: csynth_design 
INFO: [HLS 200-111] Finished File checks and directory preparation: CPU user time: 0 seconds. CPU system time: 0 seconds. Elapsed time: 0.075 seconds; current allocated memory: 461.805 MB.
INFO: [HLS 200-10] Analyzing design file '../../../../HWSWAI/HLS/SampleDatasetMLP.cpp' ... 
ERROR: [HLS 207-3777] use of undeclared identifier 'mode'; did you mean 'move'? (../../../../HWSWAI/HLS/SampleDatasetMLP.cpp:46:38)
INFO: [HLS 207-4436] 'move' declared here (C:/Xilinx/Vitis_HLS/2022.1/tps/mingw/8.3.0/win64.o/nt\lib\gcc\x86_64-w64-mingw32\8.3.0\include\c++\bits/move.h:99:5)
INFO: [HLS 200-111] Finished Command csynth_design CPU user time: 0 seconds. CPU system time: 0 seconds. Elapsed time: 3.173 seconds; current allocated memory: 46.691 MB.
INFO: [HLS 200-112] Total CPU user time: 1 seconds. Total CPU system time: 1 seconds. Total elapsed time: 6.606 seconds; peak allocated memory: 504.578 MB.
==============================================================
Vitis HLS - High-Level Synthesis from C, C++ and OpenCL v2022.1 (64-bit)
Tool Version Limit: 2022.04
Copyright 1986-2022 Xilinx, Inc. All Rights Reserved.
==============================================================
INFO: [SYN 201-201] Setting up clock 'default' with a period of 10ns.
INFO: [HLS 200-1611] Setting target device to 'xczu3eg-sbva484-2-i'
INFO: [HLS 200-1505] Using flow_target 'vivado'
INFO: [HLS 200-1464] Running solution command: config_export -format=ip_catalog
INFO: [HLS 200-1464] Running solution command: config_export -output=C:/Users/xingy/HWSWAI/HLS
INFO: [HLS 200-1464] Running solution command: config_export -rtl=verilog
INFO: [HLS 200-1464] Running solution command: config_export -vivado_clock=10
INFO: [HLS 200-1510] Running: set_part xczu3eg-sbva484-2-i 
INFO: [HLS 200-1510] Running: create_clock -period 10 -name default 
INFO: [HLS 200-1510] Running: config_export -format ip_catalog -output C:/Users/xingy/HWSWAI/HLS -rtl verilog -vivado_clock 10 
INFO: [HLS 200-1510] Running: source ./testHLS2/solution1/directives.tcl
INFO: [HLS 200-1510] Running: set_directive_top -name MLP MLP 
INFO: [HLS 200-1510] Running: csim_design -setup -quiet 
INFO: [SIM 211-2] *************** CSIM start ***************
INFO: [SIM 211-4] CSIM will launch GCC as the compiler.
INFO: [SIM 211-1] CSim file generation done with 0 errors.
INFO: [SIM 211-3] *************** CSIM finish ***************
INFO: [HLS 200-111] Finished Command csim_design CPU user time: 2 seconds. CPU system time: 0 seconds. Elapsed time: 7.767 seconds; current allocated memory: 64.000 MB.
INFO: [HLS 200-112] Total CPU user time: 4 seconds. Total CPU system time: 2 seconds. Total elapsed time: 15.495 seconds; peak allocated memory: 598.008 MB.
==============================================================
Vitis HLS - High-Level Synthesis from C, C++ and OpenCL v2022.1 (64-bit)
Tool Version Limit: 2022.04
Copyright 1986-2022 Xilinx, Inc. All Rights Reserved.
==============================================================
INFO: [SYN 201-201] Setting up clock 'default' with a period of 10ns.
INFO: [HLS 200-1611] Setting target device to 'xczu3eg-sbva484-2-i'
INFO: [HLS 200-1505] Using flow_target 'vivado'
INFO: [HLS 200-1464] Running solution command: config_export -format=ip_catalog
INFO: [HLS 200-1464] Running solution command: config_export -output=C:/Users/xingy/HWSWAI/HLS
INFO: [HLS 200-1464] Running solution command: config_export -rtl=verilog
INFO: [HLS 200-1464] Running solution command: config_export -vivado_clock=10
INFO: [HLS 200-1510] Running: set_part xczu3eg-sbva484-2-i 
INFO: [HLS 200-1510] Running: create_clock -period 10 -name default 
INFO: [HLS 200-1510] Running: config_export -format ip_catalog -output C:/Users/xingy/HWSWAI/HLS -rtl verilog -vivado_clock 10 
INFO: [HLS 200-1510] Running: source ./testHLS2/solution1/directives.tcl
INFO: [HLS 200-1510] Running: set_directive_top -name MLP MLP 
INFO: [HLS 200-1510] Running: csynth_design 
INFO: [HLS 200-111] Finished File checks and directory preparation: CPU user time: 0 seconds. CPU system time: 1 seconds. Elapsed time: 0.073 seconds; current allocated memory: 562.598 MB.
INFO: [HLS 200-10] Analyzing design file '../../../../HWSWAI/HLS/SampleDatasetMLP.cpp' ... 
INFO: [HLS 200-111] Finished Source Code Analysis and Preprocessing: CPU user time: 2 seconds. CPU system time: 0 seconds. Elapsed time: 12.435 seconds; current allocated memory: 947.922 MB.
INFO: [HLS 200-777] Using interface defaults for 'Vivado' flow target.
INFO: [HLS 214-131] Inlining function 'hls::axis<ap_int<32>, 2ul, 5ul, 6ul>::get_user_ptr()' into 'hls::stream<hls::axis<ap_int<32>, 2ul, 5ul, 6ul>, 0>::read(hls::axis<ap_int<32>, 2ul, 5ul, 6ul>&)' (C:/Xilinx/Vitis_HLS/2022.1/common/technology/autopilot\ap_axi_sdata.h:283:50)
INFO: [HLS 214-131] Inlining function 'hls::axis<ap_int<32>, 2ul, 5ul, 6ul>::get_dest_ptr()' into 'hls::stream<hls::axis<ap_int<32>, 2ul, 5ul, 6ul>, 0>::read(hls::axis<ap_int<32>, 2ul, 5ul, 6ul>&)' (C:/Xilinx/Vitis_HLS/2022.1/common/technology/autopilot\ap_axi_sdata.h:286:25)
INFO: [HLS 214-131] Inlining function 'hls::axis<ap_int<32>, 2ul, 5ul, 6ul>::get_id_ptr()' into 'hls::stream<hls::axis<ap_int<32>, 2ul, 5ul, 6ul>, 0>::read(hls::axis<ap_int<32>, 2ul, 5ul, 6ul>&)' (C:/Xilinx/Vitis_HLS/2022.1/common/technology/autopilot\ap_axi_sdata.h:285:67)
INFO: [HLS 214-131] Inlining function 'hls::axis<ap_int<32>, 2ul, 5ul, 6ul>::get_user_ptr()' into 'hls::stream<hls::axis<ap_int<32>, 2ul, 5ul, 6ul>, 0>::read(hls::axis<ap_int<32>, 2ul, 5ul, 6ul>&)' (C:/Xilinx/Vitis_HLS/2022.1/common/technology/autopilot\ap_axi_sdata.h:285:36)
INFO: [HLS 214-131] Inlining function 'hls::axis<ap_int<32>, 2ul, 5ul, 6ul>::get_dest_ptr()' into 'hls::stream<hls::axis<ap_int<32>, 2ul, 5ul, 6ul>, 0>::read(hls::axis<ap_int<32>, 2ul, 5ul, 6ul>&)' (C:/Xilinx/Vitis_HLS/2022.1/common/technology/autopilot\ap_axi_sdata.h:284:39)
INFO: [HLS 214-131] Inlining function 'hls::axis<ap_int<32>, 2ul, 5ul, 6ul>::get_id_ptr()' into 'hls::stream<hls::axis<ap_int<32>, 2ul, 5ul, 6ul>, 0>::read(hls::axis<ap_int<32>, 2ul, 5ul, 6ul>&)' (C:/Xilinx/Vitis_HLS/2022.1/common/technology/autopilot\ap_axi_sdata.h:284:23)
INFO: [HLS 214-131] Inlining function 'ssdm_int<32, false>::ssdm_int(unsigned int)' into 'ap_int_base<32, false>::ap_int_base(unsigned int)' (r:/ci/prod/2022.1/rdi_builds/continuous/2022_04_18_3526262/src/shared/hls/clib/include/header_files\ap_int_base.h:215:76)
INFO: [HLS 214-131] Inlining function 'ap_int_base<32, false>::ap_int_base(unsigned int)' into 'ap_uint<32>::ap_uint(unsigned int)' (r:/ci/prod/2022.1/rdi_builds/continuous/2022_04_18_3526262/src/shared/hls/clib/include/header_files\ap_int.h:288:67)
INFO: [HLS 214-131] Inlining function 'ap_bit_ref<32, false>::ap_bit_ref(ap_int_base<32, false>*, int)' into 'ap_int_base<32, false>::operator[](int)' (r:/ci/prod/2022.1/rdi_builds/continuous/2022_04_18_3526262/src/shared/hls/clib/include/header_files\ap_int_base.h:1129:30)
INFO: [HLS 214-131] Inlining function 'ap_bit_ref<1, false>::ap_bit_ref(ap_int_base<1, false>*, int)' into 'ap_int_base<1, false>::operator[](int)' (r:/ci/prod/2022.1/rdi_builds/continuous/2022_04_18_3526262/src/shared/hls/clib/include/header_files\ap_int_base.h:1129:30)
INFO: [HLS 214-131] Inlining function 'ap_bit_ref<32, false>::operator bool() const' into 'ap_bit_ref<1, false>& ap_bit_ref<1, false>::operator=<32, false>(ap_bit_ref<32, false> const&)' (r:/ci/prod/2022.1/rdi_builds/continuous/2022_04_18_3526262/src/shared/hls/clib/include/header_files\ap_int_ref.h:845:38)
INFO: [HLS 214-131] Inlining function 'ap_bit_ref<1, false>::operator=(unsigned long long)' into 'ap_bit_ref<1, false>& ap_bit_ref<1, false>::operator=<32, false>(ap_bit_ref<32, false> const&)' (r:/ci/prod/2022.1/rdi_builds/continuous/2022_04_18_3526262/src/shared/hls/clib/include/header_files\ap_int_ref.h:845:12)
INFO: [HLS 214-131] Inlining function 'ap_range_ref<32, false>::ap_range_ref(ap_int_base<32, false>*, int, int)' into 'ap_int_base<32, false>::range(int, int)' (r:/ci/prod/2022.1/rdi_builds/continuous/2022_04_18_3526262/src/shared/hls/clib/include/header_files\ap_int_base.h:1048:12)
INFO: [HLS 214-131] Inlining function 'ap_int_base<32, false>::range(int, int)' into 'ap_int_base<32, false>::operator()(int, int)' (r:/ci/prod/2022.1/rdi_builds/continuous/2022_04_18_3526262/src/shared/hls/clib/include/header_files\ap_int_base.h:1085:18)
INFO: [HLS 214-131] Inlining function 'ap_range_ref<8, false>::ap_range_ref(ap_int_base<8, false>*, int, int)' into 'ap_int_base<8, false>::range(int, int)' (r:/ci/prod/2022.1/rdi_builds/continuous/2022_04_18_3526262/src/shared/hls/clib/include/header_files\ap_int_base.h:1048:12)
INFO: [HLS 214-131] Inlining function 'ap_int_base<8, false>::range(int, int)' into 'ap_int_base<8, false>::operator()(int, int)' (r:/ci/prod/2022.1/rdi_builds/continuous/2022_04_18_3526262/src/shared/hls/clib/include/header_files\ap_int_base.h:1085:18)
INFO: [HLS 214-131] Inlining function 'ap_range_ref<32, false>::get() const' into 'ap_int_base<32, false>::ap_int_base<32, false>(ap_range_ref<32, false> const&)' (r:/ci/prod/2022.1/rdi_builds/continuous/2022_04_18_3526262/src/shared/hls/clib/include/header_files\ap_int_base.h:358:20)
INFO: [HLS 214-131] Inlining function 'ssdm_int<8, false>::ssdm_int(unsigned char)' into 'ap_int_base<8, false>::ap_int_base<32, false>(ap_int_base<32, false> const&)' (r:/ci/prod/2022.1/rdi_builds/continuous/2022_04_18_3526262/src/shared/hls/clib/include/header_files\ap_int_base.h:185:106)
INFO: [HLS 214-131] Inlining function 'ap_int_base<8, false>::ap_int_base<32, false>(ap_int_base<32, false> const&)' into 'ap_range_ref<8, false>& ap_range_ref<8, false>::operator=<32, false>(ap_int_base<32, false> const&)' (r:/ci/prod/2022.1/rdi_builds/continuous/2022_04_18_3526262/src/shared/hls/clib/include/header_files\ap_int_ref.h:367:31)
INFO: [HLS 214-131] Inlining function 'ap_int_base<32, false>::ap_int_base<32, false>(ap_range_ref<32, false> const&)' into 'ap_range_ref<8, false>& ap_range_ref<8, false>::operator=<32, false>(ap_range_ref<32, false> const&)' (r:/ci/prod/2022.1/rdi_builds/continuous/2022_04_18_3526262/src/shared/hls/clib/include/header_files\ap_int_ref.h:382:22)
INFO: [HLS 214-131] Inlining function 'ap_range_ref<8, false>& ap_range_ref<8, false>::operator=<32, false>(ap_int_base<32, false> const&)' into 'ap_range_ref<8, false>& ap_range_ref<8, false>::operator=<32, false>(ap_range_ref<32, false> const&)' (r:/ci/prod/2022.1/rdi_builds/continuous/2022_04_18_3526262/src/shared/hls/clib/include/header_files\ap_int_ref.h:382:12)
INFO: [HLS 214-131] Inlining function 'ap_range_ref<23, false>::ap_range_ref(ap_int_base<23, false>*, int, int)' into 'ap_int_base<23, false>::range(int, int)' (r:/ci/prod/2022.1/rdi_builds/continuous/2022_04_18_3526262/src/shared/hls/clib/include/header_files\ap_int_base.h:1048:12)
INFO: [HLS 214-131] Inlining function 'ap_int_base<23, false>::range(int, int)' into 'ap_int_base<23, false>::operator()(int, int)' (r:/ci/prod/2022.1/rdi_builds/continuous/2022_04_18_3526262/src/shared/hls/clib/include/header_files\ap_int_base.h:1085:18)
INFO: [HLS 214-131] Inlining function '_ZN8ssdm_intILi23ELb0EEC2EDq23_j' into 'ap_int_base<23, false>::ap_int_base<32, false>(ap_int_base<32, false> const&)' (r:/ci/prod/2022.1/rdi_builds/continuous/2022_04_18_3526262/src/shared/hls/clib/include/header_files\ap_int_base.h:185:106)
INFO: [HLS 214-131] Inlining function 'ap_int_base<23, false>::ap_int_base<32, false>(ap_int_base<32, false> const&)' into 'ap_range_ref<23, false>& ap_range_ref<23, false>::operator=<32, false>(ap_int_base<32, false> const&)' (r:/ci/prod/2022.1/rdi_builds/continuous/2022_04_18_3526262/src/shared/hls/clib/include/header_files\ap_int_ref.h:367:31)
INFO: [HLS 214-131] Inlining function 'ap_int_base<32, false>::ap_int_base<32, false>(ap_range_ref<32, false> const&)' into 'ap_range_ref<23, false>& ap_range_ref<23, false>::operator=<32, false>(ap_range_ref<32, false> const&)' (r:/ci/prod/2022.1/rdi_builds/continuous/2022_04_18_3526262/src/shared/hls/clib/include/header_files\ap_int_ref.h:382:22)
INFO: [HLS 214-131] Inlining function 'ap_range_ref<23, false>& ap_range_ref<23, false>::operator=<32, false>(ap_int_base<32, false> const&)' into 'ap_range_ref<23, false>& ap_range_ref<23, false>::operator=<32, false>(ap_range_ref<32, false> const&)' (r:/ci/prod/2022.1/rdi_builds/continuous/2022_04_18_3526262/src/shared/hls/clib/include/header_files\ap_int_ref.h:382:12)
INFO: [HLS 214-131] Inlining function 'ap_uint<32>::ap_uint(unsigned int)' into 'fp_struct<float>::fp_struct(float)' (r:/ci/prod/2022.1/rdi_builds/continuous/2022_04_18_3526262/src/shared/hls/clib/src/hls\utils/x_hls_utils.h:317:28)
INFO: [HLS 214-131] Inlining function 'ap_range_ref<23, false>& ap_range_ref<23, false>::operator=<32, false>(ap_range_ref<32, false> const&)' into 'fp_struct<float>::fp_struct(float)' (r:/ci/prod/2022.1/rdi_builds/continuous/2022_04_18_3526262/src/shared/hls/clib/src/hls\utils/x_hls_utils.h:325:18)
INFO: [HLS 214-131] Inlining function 'ap_int_base<23, false>::operator()(int, int)' into 'fp_struct<float>::fp_struct(float)' (r:/ci/prod/2022.1/rdi_builds/continuous/2022_04_18_3526262/src/shared/hls/clib/src/hls\utils/x_hls_utils.h:325:9)
INFO: [HLS 214-131] Inlining function 'ap_int_base<32, false>::operator()(int, int)' into 'fp_struct<float>::fp_struct(float)' (r:/ci/prod/2022.1/rdi_builds/continuous/2022_04_18_3526262/src/shared/hls/clib/src/hls\utils/x_hls_utils.h:325:20)
INFO: [HLS 214-131] Inlining function 'ap_range_ref<8, false>& ap_range_ref<8, false>::operator=<32, false>(ap_range_ref<32, false> const&)' into 'fp_struct<float>::fp_struct(float)' (r:/ci/prod/2022.1/rdi_builds/continuous/2022_04_18_3526262/src/shared/hls/clib/src/hls\utils/x_hls_utils.h:324:17)
INFO: [HLS 214-131] Inlining function 'ap_int_base<8, false>::operator()(int, int)' into 'fp_struct<float>::fp_struct(float)' (r:/ci/prod/2022.1/rdi_builds/continuous/2022_04_18_3526262/src/shared/hls/clib/src/hls\utils/x_hls_utils.h:324:9)
INFO: [HLS 214-131] Inlining function 'ap_int_base<32, false>::operator()(int, int)' into 'fp_struct<float>::fp_struct(float)' (r:/ci/prod/2022.1/rdi_builds/continuous/2022_04_18_3526262/src/shared/hls/clib/src/hls\utils/x_hls_utils.h:324:19)
INFO: [HLS 214-131] Inlining function 'ap_bit_ref<1, false>& ap_bit_ref<1, false>::operator=<32, false>(ap_bit_ref<32, false> const&)' into 'fp_struct<float>::fp_struct(float)' (r:/ci/prod/2022.1/rdi_builds/continuous/2022_04_18_3526262/src/shared/hls/clib/src/hls\utils/x_hls_utils.h:323:17)
INFO: [HLS 214-131] Inlining function 'ap_int_base<1, false>::operator[](int)' into 'fp_struct<float>::fp_struct(float)' (r:/ci/prod/2022.1/rdi_builds/continuous/2022_04_18_3526262/src/shared/hls/clib/src/hls\utils/x_hls_utils.h:323:9)
INFO: [HLS 214-131] Inlining function 'ap_int_base<32, false>::operator[](int)' into 'fp_struct<float>::fp_struct(float)' (r:/ci/prod/2022.1/rdi_builds/continuous/2022_04_18_3526262/src/shared/hls/clib/src/hls\utils/x_hls_utils.h:323:19)
INFO: [HLS 214-131] Inlining function 'ap_fixed_base<32, 32, true, (ap_q_mode)5, (ap_o_mode)3, 0>::operator!() const' into 'ap_fixed_base<24, 1, false, (ap_q_mode)5, (ap_o_mode)3, 0>& ap_fixed_base<24, 1, false, (ap_q_mode)5, (ap_o_mode)3, 0>::operator=<32, 32, true, (ap_q_mode)5, (ap_o_mode)3, 0>(ap_fixed_base<32, 32, true, (ap_q_mode)5, (ap_o_mode)3, 0> const&)' (r:/ci/prod/2022.1/rdi_builds/continuous/2022_04_18_3526262/src/shared/hls/clib/include/header_files\ap_fixed_base.h:808:9)
INFO: [HLS 214-131] Inlining function 'ap_fixed_base<24, 1, false, (ap_q_mode)5, (ap_o_mode)3, 0>& ap_fixed_base<24, 1, false, (ap_q_mode)5, (ap_o_mode)3, 0>::operator=<32, 32, true, (ap_q_mode)5, (ap_o_mode)3, 0>(ap_fixed_base<32, 32, true, (ap_q_mode)5, (ap_o_mode)3, 0> const&)' into 'ap_fixed_base<24, 1, false, (ap_q_mode)5, (ap_o_mode)3, 0>::ap_fixed_base(int)' (r:/ci/prod/2022.1/rdi_builds/continuous/2022_04_18_3526262/src/shared/hls/clib/include/header_files\ap_fixed_base.h:530:146)
INFO: [HLS 214-131] Inlining function 'ap_fixed_base<24, 1, false, (ap_q_mode)5, (ap_o_mode)3, 0>::ap_fixed_base(int)' into 'ap_ufixed<24, 1, (ap_q_mode)5, (ap_o_mode)3, 0>::ap_ufixed(int)' (r:/ci/prod/2022.1/rdi_builds/continuous/2022_04_18_3526262/src/shared/hls/clib/include/header_files\ap_fixed.h:300:80)
INFO: [HLS 214-131] Inlining function 'ap_range_ref<23, false>::ap_range_ref(ap_int_base<23, false>*, int, int)' into 'ap_int_base<23, false>::range(int, int) const' (r:/ci/prod/2022.1/rdi_builds/continuous/2022_04_18_3526262/src/shared/hls/clib/include/header_files\ap_int_base.h:1055:12)
INFO: [HLS 214-131] Inlining function 'ap_int_base<23, false>::range(int, int) const' into 'ap_int_base<23, false>::operator()(int, int) const' (r:/ci/prod/2022.1/rdi_builds/continuous/2022_04_18_3526262/src/shared/hls/clib/include/header_files\ap_int_base.h:1089:18)
INFO: [HLS 214-131] Inlining function 'af_range_ref<24, 1, false, (ap_q_mode)5, (ap_o_mode)3, 0>::af_range_ref(ap_fixed_base<24, 1, false, (ap_q_mode)5, (ap_o_mode)3, 0>*, int, int)' into 'ap_fixed_base<24, 1, false, (ap_q_mode)5, (ap_o_mode)3, 0>::range(int, int)' (r:/ci/prod/2022.1/rdi_builds/continuous/2022_04_18_3526262/src/shared/hls/clib/include/header_files\ap_fixed_base.h:1746:12)
INFO: [HLS 214-131] Inlining function 'ap_fixed_base<24, 1, false, (ap_q_mode)5, (ap_o_mode)3, 0>::range(int, int)' into 'ap_fixed_base<24, 1, false, (ap_q_mode)5, (ap_o_mode)3, 0>::operator()(int, int)' (r:/ci/prod/2022.1/rdi_builds/continuous/2022_04_18_3526262/src/shared/hls/clib/include/header_files\ap_fixed_base.h:1785:18)
INFO: [HLS 214-131] Inlining function 'ap_range_ref<23, false>::get() const' into 'ap_int_base<23, false>::ap_int_base<23, false>(ap_range_ref<23, false> const&)' (r:/ci/prod/2022.1/rdi_builds/continuous/2022_04_18_3526262/src/shared/hls/clib/include/header_files\ap_int_base.h:358:20)
INFO: [HLS 214-131] Inlining function 'ap_int_base<23, false>::ap_int_base<23, false>(ap_range_ref<23, false> const&)' into 'af_range_ref<24, 1, false, (ap_q_mode)5, (ap_o_mode)3, 0>& af_range_ref<24, 1, false, (ap_q_mode)5, (ap_o_mode)3, 0>::operator=<23, false>(ap_range_ref<23, false> const&)' (r:/ci/prod/2022.1/rdi_builds/continuous/2022_04_18_3526262/src/shared/hls/clib/include/header_files\ap_fixed_ref.h:301:38)
INFO: [HLS 214-131] Inlining function 'af_range_ref<24, 1, false, (ap_q_mode)5, (ap_o_mode)3, 0>& af_range_ref<24, 1, false, (ap_q_mode)5, (ap_o_mode)3, 0>::operator=<23, false>(ap_int_base<23, false> const&)' into 'af_range_ref<24, 1, false, (ap_q_mode)5, (ap_o_mode)3, 0>& af_range_ref<24, 1, false, (ap_q_mode)5, (ap_o_mode)3, 0>::operator=<23, false>(ap_range_ref<23, false> const&)' (r:/ci/prod/2022.1/rdi_builds/continuous/2022_04_18_3526262/src/shared/hls/clib/include/header_files\ap_fixed_ref.h:302:12)
INFO: [HLS 214-131] Inlining function 'af_bit_ref<24, 1, false, (ap_q_mode)5, (ap_o_mode)3, 0>::af_bit_ref(ap_fixed_base<24, 1, false, (ap_q_mode)5, (ap_o_mode)3, 0>*, int)' into 'ap_fixed_base<24, 1, false, (ap_q_mode)5, (ap_o_mode)3, 0>::operator[](unsigned int)' (r:/ci/prod/2022.1/rdi_builds/continuous/2022_04_18_3526262/src/shared/hls/clib/include/header_files\ap_fixed_base.h:1671:12)
INFO: [HLS 214-131] Inlining function 'ap_ufixed<24, 1, (ap_q_mode)5, (ap_o_mode)3, 0>::ap_ufixed(int)' into 'fp_struct<float>::mantissa() const' (r:/ci/prod/2022.1/rdi_builds/continuous/2022_04_18_3526262/src/shared/hls/clib/src/hls\utils/x_hls_utils.h:370:37)
INFO: [HLS 214-131] Inlining function 'af_bit_ref<24, 1, false, (ap_q_mode)5, (ap_o_mode)3, 0>::operator=(bool)' into 'fp_struct<float>::mantissa() const' (r:/ci/prod/2022.1/rdi_builds/continuous/2022_04_18_3526262/src/shared/hls/clib/src/hls\utils/x_hls_utils.h:372:21)
INFO: [HLS 214-131] Inlining function 'ap_fixed_base<24, 1, false, (ap_q_mode)5, (ap_o_mode)3, 0>::operator[](unsigned int)' into 'fp_struct<float>::mantissa() const' (r:/ci/prod/2022.1/rdi_builds/continuous/2022_04_18_3526262/src/shared/hls/clib/src/hls\utils/x_hls_utils.h:372:9)
INFO: [HLS 214-131] Inlining function 'ap_fixed_base<24, 1, false, (ap_q_mode)5, (ap_o_mode)3, 0>::wl() const' into 'fp_struct<float>::mantissa() const' (r:/ci/prod/2022.1/rdi_builds/continuous/2022_04_18_3526262/src/shared/hls/clib/src/hls\utils/x_hls_utils.h:372:13)
INFO: [HLS 214-131] Inlining function 'af_range_ref<24, 1, false, (ap_q_mode)5, (ap_o_mode)3, 0>& af_range_ref<24, 1, false, (ap_q_mode)5, (ap_o_mode)3, 0>::operator=<23, false>(ap_range_ref<23, false> const&)' into 'fp_struct<float>::mantissa() const' (r:/ci/prod/2022.1/rdi_builds/continuous/2022_04_18_3526262/src/shared/hls/clib/src/hls\utils/x_hls_utils.h:371:23)
INFO: [HLS 214-131] Inlining function 'ap_fixed_base<24, 1, false, (ap_q_mode)5, (ap_o_mode)3, 0>::operator()(int, int)' into 'fp_struct<float>::mantissa() const' (r:/ci/prod/2022.1/rdi_builds/continuous/2022_04_18_3526262/src/shared/hls/clib/src/hls\utils/x_hls_utils.h:371:9)
INFO: [HLS 214-131] Inlining function 'ap_fixed_base<24, 1, false, (ap_q_mode)5, (ap_o_mode)3, 0>::wl() const' into 'fp_struct<float>::mantissa() const' (r:/ci/prod/2022.1/rdi_builds/continuous/2022_04_18_3526262/src/shared/hls/clib/src/hls\utils/x_hls_utils.h:371:13)
INFO: [HLS 214-131] Inlining function 'ap_int_base<23, false>::operator()(int, int) const' into 'fp_struct<float>::mantissa() const' (r:/ci/prod/2022.1/rdi_builds/continuous/2022_04_18_3526262/src/shared/hls/clib/src/hls\utils/x_hls_utils.h:371:25)
INFO: [HLS 214-131] Inlining function 'ap_fixed_base<24, 1, false, (ap_q_mode)5, (ap_o_mode)3, 0>::operator!() const' into 'ap_fixed_base<79, 55, false, (ap_q_mode)5, (ap_o_mode)3, 0>& ap_fixed_base<79, 55, false, (ap_q_mode)5, (ap_o_mode)3, 0>::operator=<24, 1, false, (ap_q_mode)5, (ap_o_mode)3, 0>(ap_fixed_base<24, 1, false, (ap_q_mode)5, (ap_o_mode)3, 0> const&)' (r:/ci/prod/2022.1/rdi_builds/continuous/2022_04_18_3526262/src/shared/hls/clib/include/header_files\ap_fixed_base.h:808:9)
INFO: [HLS 214-131] Inlining function '_ZN8ssdm_intILi79ELb0EEC2EDq79_j' into 'ap_fixed_base<79, 55, false, (ap_q_mode)5, (ap_o_mode)3, 0>::ap_fixed_base<24, 1, false, (ap_q_mode)5, (ap_o_mode)3, 0>(ap_fixed_base<24, 1, false, (ap_q_mode)5, (ap_o_mode)3, 0> const&)' (r:/ci/prod/2022.1/rdi_builds/continuous/2022_04_18_3526262/src/shared/hls/clib/include/header_files\ap_fixed_base.h:401:80)
INFO: [HLS 214-131] Inlining function 'ap_fixed_base<79, 55, false, (ap_q_mode)5, (ap_o_mode)3, 0>& ap_fixed_base<79, 55, false, (ap_q_mode)5, (ap_o_mode)3, 0>::operator=<24, 1, false, (ap_q_mode)5, (ap_o_mode)3, 0>(ap_fixed_base<24, 1, false, (ap_q_mode)5, (ap_o_mode)3, 0> const&)' into 'ap_fixed_base<79, 55, false, (ap_q_mode)5, (ap_o_mode)3, 0>::ap_fixed_base<24, 1, false, (ap_q_mode)5, (ap_o_mode)3, 0>(ap_fixed_base<24, 1, false, (ap_q_mode)5, (ap_o_mode)3, 0> const&)' (r:/ci/prod/2022.1/rdi_builds/continuous/2022_04_18_3526262/src/shared/hls/clib/include/header_files\ap_fixed_base.h:403:5)
INFO: [HLS 214-131] Inlining function 'ap_fixed_base<79, 55, false, (ap_q_mode)5, (ap_o_mode)3, 0>::ap_fixed_base<24, 1, false, (ap_q_mode)5, (ap_o_mode)3, 0>(ap_fixed_base<24, 1, false, (ap_q_mode)5, (ap_o_mode)3, 0> const&)' into 'ap_ufixed<79, 55, (ap_q_mode)5, (ap_o_mode)3, 0>::ap_ufixed<24, 1, false, (ap_q_mode)5, (ap_o_mode)3, 0>(ap_fixed_base<24, 1, false, (ap_q_mode)5, (ap_o_mode)3, 0> const&)' (r:/ci/prod/2022.1/rdi_builds/continuous/2022_04_18_3526262/src/shared/hls/clib/include/header_files\ap_fixed.h:201:9)
INFO: [HLS 214-131] Inlining function 'ssdm_int<32, true>::ssdm_int(int)' into 'ap_int_base<32, true>::ap_int_base(int)' (C:/Xilinx/Vitis_HLS/2022.1/common/technology/autopilot\ap_int_base.h:260:67)
INFO: [HLS 214-131] Inlining function '_ZN8ssdm_intILi33ELb1EEC2EDq33_i' into 'ap_int_base<33, true>::ap_int_base<8, false>(ap_int_base<8, false> const&)' (r:/ci/prod/2022.1/rdi_builds/continuous/2022_04_18_3526262/src/shared/hls/clib/include/header_files\ap_int_base.h:185:106)
INFO: [HLS 214-131] Inlining function '_ZN8ssdm_intILi33ELb1EEC2EDq33_i' into 'ap_int_base<33, true>::ap_int_base<32, true>(ap_int_base<32, true> const&)' (r:/ci/prod/2022.1/rdi_builds/continuous/2022_04_18_3526262/src/shared/hls/clib/include/header_files\ap_int_base.h:185:106)
INFO: [HLS 214-131] Inlining function '_ZN8ssdm_intILi33ELb1EEC2EDq33_i' into 'ap_int_base<33, true>::ap_int_base(int)' (r:/ci/prod/2022.1/rdi_builds/continuous/2022_04_18_3526262/src/shared/hls/clib/include/header_files\ap_int_base.h:214:67)
INFO: [HLS 214-131] Inlining function 'ap_int_base<33, true>::ap_int_base<8, false>(ap_int_base<8, false> const&)' into 'ap_int_base<8, false>::RType<32, true>::minus operator-<8, false, 32, true>(ap_int_base<8, false> const&, ap_int_base<32, true> const&)' (r:/ci/prod/2022.1/rdi_builds/continuous/2022_04_18_3526262/src/shared/hls/clib/include/header_files\ap_int_base.h:1496:341)
INFO: [HLS 214-131] Inlining function 'ap_int<33>::ap_int<33, true>(ap_int_base<33, true> const&)' into 'ap_int_base<8, false>::RType<32, true>::minus operator-<8, false, 32, true>(ap_int_base<8, false> const&, ap_int_base<32, true> const&)' (r:/ci/prod/2022.1/rdi_builds/continuous/2022_04_18_3526262/src/shared/hls/clib/include/header_files\ap_int_base.h:1496:558)
INFO: [HLS 214-131] Inlining function 'ap_int_base<33, true>::ap_int_base(int)' into 'ap_int_base<8, false>::RType<32, true>::minus operator-<8, false, 32, true>(ap_int_base<8, false> const&, ap_int_base<32, true> const&)' (r:/ci/prod/2022.1/rdi_builds/continuous/2022_04_18_3526262/src/shared/hls/clib/include/header_files\ap_int_base.h:1496:520)
INFO: [HLS 214-131] Inlining function 'ap_int_base<33, true>::ap_int_base<32, true>(ap_int_base<32, true> const&)' into 'ap_int_base<8, false>::RType<32, true>::minus operator-<8, false, 32, true>(ap_int_base<8, false> const&, ap_int_base<32, true> const&)' (r:/ci/prod/2022.1/rdi_builds/continuous/2022_04_18_3526262/src/shared/hls/clib/include/header_files\ap_int_base.h:1496:430)
INFO: [HLS 214-131] Inlining function 'ap_int_base<32, true>::ap_int_base(int)' into 'ap_int_base<8, false>::RType<($_0)32, true>::minus operator-<8, false>(ap_int_base<8, false> const&, int)' (r:/ci/prod/2022.1/rdi_builds/continuous/2022_04_18_3526262/src/shared/hls/clib/include/header_files\ap_int_base.h:1633:1531)
INFO: [HLS 214-131] Inlining function 'ap_int_base<8, false>::RType<32, true>::minus operator-<8, false, 32, true>(ap_int_base<8, false> const&, ap_int_base<32, true> const&)' into 'ap_int_base<8, false>::RType<($_0)32, true>::minus operator-<8, false>(ap_int_base<8, false> const&, int)' (r:/ci/prod/2022.1/rdi_builds/continuous/2022_04_18_3526262/src/shared/hls/clib/include/header_files\ap_int_base.h:1633:1529)
INFO: [HLS 214-131] Inlining function 'ap_int_base<8, false>::RType<($_0)32, true>::minus operator-<8, false>(ap_int_base<8, false> const&, int)' into 'fp_struct<float>::expv() const' (r:/ci/prod/2022.1/rdi_builds/continuous/2022_04_18_3526262/src/shared/hls/clib/src/hls\utils/x_hls_utils.h:346:19)
INFO: [HLS 214-131] Inlining function 'ap_int_base<33, true>::operator long long() const' into 'fp_struct<float>::expv() const' (r:/ci/prod/2022.1/rdi_builds/continuous/2022_04_18_3526262/src/shared/hls/clib/src/hls\utils/x_hls_utils.h:346:16)
INFO: [HLS 214-131] Inlining function 'ap_fixed_base<32, 32, true, (ap_q_mode)5, (ap_o_mode)3, 0>::operator!() const' into 'ap_fixed_base<79, 55, false, (ap_q_mode)5, (ap_o_mode)3, 0>& ap_fixed_base<79, 55, false, (ap_q_mode)5, (ap_o_mode)3, 0>::operator=<32, 32, true, (ap_q_mode)5, (ap_o_mode)3, 0>(ap_fixed_base<32, 32, true, (ap_q_mode)5, (ap_o_mode)3, 0> const&)' (r:/ci/prod/2022.1/rdi_builds/continuous/2022_04_18_3526262/src/shared/hls/clib/include/header_files\ap_fixed_base.h:808:9)
INFO: [HLS 214-131] Inlining function 'ap_fixed_base<79, 55, false, (ap_q_mode)5, (ap_o_mode)3, 0>& ap_fixed_base<79, 55, false, (ap_q_mode)5, (ap_o_mode)3, 0>::operator=<32, 32, true, (ap_q_mode)5, (ap_o_mode)3, 0>(ap_fixed_base<32, 32, true, (ap_q_mode)5, (ap_o_mode)3, 0> const&)' into 'ap_fixed_base<79, 55, false, (ap_q_mode)5, (ap_o_mode)3, 0>::ap_fixed_base(int)' (r:/ci/prod/2022.1/rdi_builds/continuous/2022_04_18_3526262/src/shared/hls/clib/include/header_files\ap_fixed_base.h:530:146)
INFO: [HLS 214-131] Inlining function 'ap_fixed_base<79, 55, false, (ap_q_mode)5, (ap_o_mode)3, 0>::ap_fixed_base(int)' into 'ap_fixed_base<79, 55, false, (ap_q_mode)5, (ap_o_mode)3, 0>::operator>>(unsigned int) const' (r:/ci/prod/2022.1/rdi_builds/continuous/2022_04_18_3526262/src/shared/hls/clib/include/header_files\ap_fixed_base.h:1487:19)
INFO: [HLS 214-131] Inlining function 'ap_fixed_base<79, 55, false, (ap_q_mode)5, (ap_o_mode)3, 0>::ap_fixed_base(int)' into 'ap_fixed_base<79, 55, false, (ap_q_mode)5, (ap_o_mode)3, 0>::operator<<(unsigned int) const' (r:/ci/prod/2022.1/rdi_builds/continuous/2022_04_18_3526262/src/shared/hls/clib/include/header_files\ap_fixed_base.h:1453:19)
INFO: [HLS 214-131] Inlining function 'ap_fixed_base<79, 55, false, (ap_q_mode)5, (ap_o_mode)3, 0>::ap_fixed_base(int)' into 'ap_fixed_base<79, 55, false, (ap_q_mode)5, (ap_o_mode)3, 0>::operator<<(int) const' (r:/ci/prod/2022.1/rdi_builds/continuous/2022_04_18_3526262/src/shared/hls/clib/include/header_files\ap_fixed_base.h:1510:19)
INFO: [HLS 214-131] Inlining function 'ap_fixed_base<79, 55, false, (ap_q_mode)5, (ap_o_mode)3, 0>::operator<<(unsigned int) const' into 'ap_fixed_base<79, 55, false, (ap_q_mode)5, (ap_o_mode)3, 0>::operator<<(int) const' (r:/ci/prod/2022.1/rdi_builds/continuous/2022_04_18_3526262/src/shared/hls/clib/include/header_files\ap_fixed_base.h:1516:14)
INFO: [HLS 214-131] Inlining function 'ap_fixed_base<79, 55, false, (ap_q_mode)5, (ap_o_mode)3, 0>::operator>>(unsigned int) const' into 'ap_fixed_base<79, 55, false, (ap_q_mode)5, (ap_o_mode)3, 0>::operator<<(int) const' (r:/ci/prod/2022.1/rdi_builds/continuous/2022_04_18_3526262/src/shared/hls/clib/include/header_files\ap_fixed_base.h:1514:14)
INFO: [HLS 214-131] Inlining function '_ZN8ssdm_intILi79ELb0EEC2EDq79_j' into 'ap_int_base<79, false>::ap_int_base(int)' (r:/ci/prod/2022.1/rdi_builds/continuous/2022_04_18_3526262/src/shared/hls/clib/include/header_files\ap_int_base.h:214:67)
INFO: [HLS 214-131] Inlining function 'ap_int_base<79, false>::ap_int_base(int)' into 'ap_int_base<79, false>::RType<79, false>::arg1 operator>><79, false>(ap_int_base<79, false> const&, int)' (r:/ci/prod/2022.1/rdi_builds/continuous/2022_04_18_3526262/src/shared/hls/clib/include/header_files\ap_int_base.h:1669:558)
INFO: [HLS 214-131] Inlining function 'ap_uint<79>::ap_uint<79, false>(ap_int_base<79, false> const&)' into 'ap_int_base<79, false>::RType<79, false>::arg1 operator>><79, false>(ap_int_base<79, false> const&, int)' (r:/ci/prod/2022.1/rdi_builds/continuous/2022_04_18_3526262/src/shared/hls/clib/include/header_files\ap_int_base.h:1669:656)
INFO: [HLS 214-131] Inlining function '_ZN8ssdm_intILi1ELb0EEC2EDq1_j' into 'ap_int_base<1, false>::ap_int_base(int)' (C:/Xilinx/Vitis_HLS/2022.1/common/technology/autopilot\ap_int_base.h:260:67)
INFO: [HLS 214-131] Inlining function 'ap_int_base<1, false>::ap_int_base(int)' into 'ap_fixed_base<1, 32, false, (ap_q_mode)5, (ap_o_mode)0, 0>::overflow_adjust(bool, bool, bool, bool)' (r:/ci/prod/2022.1/rdi_builds/continuous/2022_04_18_3526262/src/shared/hls/clib/include/header_files\ap_fixed_base.h:357:23)
INFO: [HLS 214-131] Inlining function 'ap_fixed_base<79, 55, false, (ap_q_mode)5, (ap_o_mode)3, 0>::operator!() const' into 'ap_fixed_base<1, 32, false, (ap_q_mode)5, (ap_o_mode)0, 0>& ap_fixed_base<1, 32, false, (ap_q_mode)5, (ap_o_mode)0, 0>::operator=<79, 55, false, (ap_q_mode)5, (ap_o_mode)3, 0>(ap_fixed_base<79, 55, false, (ap_q_mode)5, (ap_o_mode)3, 0> const&)' (r:/ci/prod/2022.1/rdi_builds/continuous/2022_04_18_3526262/src/shared/hls/clib/include/header_files\ap_fixed_base.h:808:9)
INFO: [HLS 214-131] Inlining function 'ap_fixed_base<1, 32, false, (ap_q_mode)5, (ap_o_mode)0, 0>::overflow_adjust(bool, bool, bool, bool)' into 'ap_fixed_base<1, 32, false, (ap_q_mode)5, (ap_o_mode)0, 0>& ap_fixed_base<1, 32, false, (ap_q_mode)5, (ap_o_mode)0, 0>::operator=<79, 55, false, (ap_q_mode)5, (ap_o_mode)3, 0>(ap_fixed_base<79, 55, false, (ap_q_mode)5, (ap_o_mode)3, 0> const&)' (r:/ci/prod/2022.1/rdi_builds/continuous/2022_04_18_3526262/src/shared/hls/clib/include/header_files\ap_fixed_base.h:903:7)
INFO: [HLS 214-131] Inlining function 'bool ap_int_base<79, false>::operator==<79, false>(ap_int_base<79, false> const&) const' into 'ap_fixed_base<1, 32, false, (ap_q_mode)5, (ap_o_mode)0, 0>& ap_fixed_base<1, 32, false, (ap_q_mode)5, (ap_o_mode)0, 0>::operator=<79, 55, false, (ap_q_mode)5, (ap_o_mode)3, 0>(ap_fixed_base<79, 55, false, (ap_q_mode)5, (ap_o_mode)3, 0> const&)' (r:/ci/prod/2022.1/rdi_builds/continuous/2022_04_18_3526262/src/shared/hls/clib/include/header_files\ap_fixed_base.h:877:36)
INFO: [HLS 214-131] Inlining function 'ap_int_base<79, false>::RType<79, false>::arg1 operator>><79, false>(ap_int_base<79, false> const&, int)' into 'ap_fixed_base<1, 32, false, (ap_q_mode)5, (ap_o_mode)0, 0>& ap_fixed_base<1, 32, false, (ap_q_mode)5, (ap_o_mode)0, 0>::operator=<79, 55, false, (ap_q_mode)5, (ap_o_mode)3, 0>(ap_fixed_base<79, 55, false, (ap_q_mode)5, (ap_o_mode)3, 0> const&)' (r:/ci/prod/2022.1/rdi_builds/continuous/2022_04_18_3526262/src/shared/hls/clib/include/header_files\ap_fixed_base.h:877:49)
INFO: [HLS 214-131] Inlining function 'ap_int_base<79, false>::ap_int_base(int)' into 'ap_fixed_base<1, 32, false, (ap_q_mode)5, (ap_o_mode)0, 0>& ap_fixed_base<1, 32, false, (ap_q_mode)5, (ap_o_mode)0, 0>::operator=<79, 55, false, (ap_q_mode)5, (ap_o_mode)3, 0>(ap_fixed_base<79, 55, false, (ap_q_mode)5, (ap_o_mode)3, 0> const&)' (r:/ci/prod/2022.1/rdi_builds/continuous/2022_04_18_3526262/src/shared/hls/clib/include/header_files\ap_fixed_base.h:875:38)
INFO: [HLS 214-131] Inlining function 'bool ap_int_base<79, false>::operator==<79, false>(ap_int_base<79, false> const&) const' into 'ap_fixed_base<1, 32, false, (ap_q_mode)5, (ap_o_mode)0, 0>& ap_fixed_base<1, 32, false, (ap_q_mode)5, (ap_o_mode)0, 0>::operator=<79, 55, false, (ap_q_mode)5, (ap_o_mode)3, 0>(ap_fixed_base<79, 55, false, (ap_q_mode)5, (ap_o_mode)3, 0> const&)' (r:/ci/prod/2022.1/rdi_builds/continuous/2022_04_18_3526262/src/shared/hls/clib/include/header_files\ap_fixed_base.h:869:36)
INFO: [HLS 214-131] Inlining function 'ap_int_base<79, false>::RType<79, false>::arg1 operator>><79, false>(ap_int_base<79, false> const&, int)' into 'ap_fixed_base<1, 32, false, (ap_q_mode)5, (ap_o_mode)0, 0>& ap_fixed_base<1, 32, false, (ap_q_mode)5, (ap_o_mode)0, 0>::operator=<79, 55, false, (ap_q_mode)5, (ap_o_mode)3, 0>(ap_fixed_base<79, 55, false, (ap_q_mode)5, (ap_o_mode)3, 0> const&)' (r:/ci/prod/2022.1/rdi_builds/continuous/2022_04_18_3526262/src/shared/hls/clib/include/header_files\ap_fixed_base.h:869:49)
INFO: [HLS 214-131] Inlining function 'ap_int_base<79, false>::ap_int_base(int)' into 'ap_fixed_base<1, 32, false, (ap_q_mode)5, (ap_o_mode)0, 0>& ap_fixed_base<1, 32, false, (ap_q_mode)5, (ap_o_mode)0, 0>::operator=<79, 55, false, (ap_q_mode)5, (ap_o_mode)3, 0>(ap_fixed_base<79, 55, false, (ap_q_mode)5, (ap_o_mode)3, 0> const&)' (r:/ci/prod/2022.1/rdi_builds/continuous/2022_04_18_3526262/src/shared/hls/clib/include/header_files\ap_fixed_base.h:867:38)
INFO: [HLS 214-131] Inlining function 'ap_int_base<79, false>::ap_int_base(int)' into 'ap_fixed_base<1, 32, false, (ap_q_mode)5, (ap_o_mode)0, 0>& ap_fixed_base<1, 32, false, (ap_q_mode)5, (ap_o_mode)0, 0>::operator=<79, 55, false, (ap_q_mode)5, (ap_o_mode)3, 0>(ap_fixed_base<79, 55, false, (ap_q_mode)5, (ap_o_mode)3, 0> const&)' (r:/ci/prod/2022.1/rdi_builds/continuous/2022_04_18_3526262/src/shared/hls/clib/include/header_files\ap_fixed_base.h:864:36)
INFO: [HLS 214-131] Inlining function '_ZN8ssdm_intILi1ELb0EEC2EDq1_j' into 'ap_fixed_base<1, 32, false, (ap_q_mode)5, (ap_o_mode)0, 0>::ap_fixed_base<79, 55, false, (ap_q_mode)5, (ap_o_mode)3, 0>(ap_fixed_base<79, 55, false, (ap_q_mode)5, (ap_o_mode)3, 0> const&)' (r:/ci/prod/2022.1/rdi_builds/continuous/2022_04_18_3526262/src/shared/hls/clib/include/header_files\ap_fixed_base.h:401:80)
INFO: [HLS 214-131] Inlining function 'ap_fixed_base<1, 32, false, (ap_q_mode)5, (ap_o_mode)0, 0>& ap_fixed_base<1, 32, false, (ap_q_mode)5, (ap_o_mode)0, 0>::operator=<79, 55, false, (ap_q_mode)5, (ap_o_mode)3, 0>(ap_fixed_base<79, 55, false, (ap_q_mode)5, (ap_o_mode)3, 0> const&)' into 'ap_fixed_base<1, 32, false, (ap_q_mode)5, (ap_o_mode)0, 0>::ap_fixed_base<79, 55, false, (ap_q_mode)5, (ap_o_mode)3, 0>(ap_fixed_base<79, 55, false, (ap_q_mode)5, (ap_o_mode)3, 0> const&)' (r:/ci/prod/2022.1/rdi_builds/continuous/2022_04_18_3526262/src/shared/hls/clib/include/header_files\ap_fixed_base.h:403:5)
INFO: [HLS 214-131] Inlining function 'ap_fixed_base<1, 32, false, (ap_q_mode)5, (ap_o_mode)0, 0>::ap_fixed_base<79, 55, false, (ap_q_mode)5, (ap_o_mode)3, 0>(ap_fixed_base<79, 55, false, (ap_q_mode)5, (ap_o_mode)3, 0> const&)' into 'ap_ufixed<1, 32, (ap_q_mode)5, (ap_o_mode)0, 0>::ap_ufixed<79, 55, false, (ap_q_mode)5, (ap_o_mode)3, 0>(ap_fixed_base<79, 55, false, (ap_q_mode)5, (ap_o_mode)3, 0> const&)' (r:/ci/prod/2022.1/rdi_builds/continuous/2022_04_18_3526262/src/shared/hls/clib/include/header_files\ap_fixed.h:201:9)
INFO: [HLS 214-131] Inlining function 'ap_fixed_base<79, 55, false, (ap_q_mode)5, (ap_o_mode)3, 0>::operator!() const' into 'ap_fixed_base<32, 32, false, (ap_q_mode)6, (ap_o_mode)3, 0>& ap_fixed_base<32, 32, false, (ap_q_mode)6, (ap_o_mode)3, 0>::operator=<79, 55, false, (ap_q_mode)5, (ap_o_mode)3, 0>(ap_fixed_base<79, 55, false, (ap_q_mode)5, (ap_o_mode)3, 0> const&)' (r:/ci/prod/2022.1/rdi_builds/continuous/2022_04_18_3526262/src/shared/hls/clib/include/header_files\ap_fixed_base.h:808:9)
INFO: [HLS 214-131] Inlining function 'ssdm_int<32, false>::ssdm_int(unsigned int)' into 'ap_fixed_base<32, 32, false, (ap_q_mode)6, (ap_o_mode)3, 0>::ap_fixed_base<79, 55, false, (ap_q_mode)5, (ap_o_mode)3, 0>(ap_fixed_base<79, 55, false, (ap_q_mode)5, (ap_o_mode)3, 0> const&)' (r:/ci/prod/2022.1/rdi_builds/continuous/2022_04_18_3526262/src/shared/hls/clib/include/header_files\ap_fixed_base.h:401:80)
INFO: [HLS 214-131] Inlining function 'ap_fixed_base<32, 32, false, (ap_q_mode)6, (ap_o_mode)3, 0>& ap_fixed_base<32, 32, false, (ap_q_mode)6, (ap_o_mode)3, 0>::operator=<79, 55, false, (ap_q_mode)5, (ap_o_mode)3, 0>(ap_fixed_base<79, 55, false, (ap_q_mode)5, (ap_o_mode)3, 0> const&)' into 'ap_fixed_base<32, 32, false, (ap_q_mode)6, (ap_o_mode)3, 0>::ap_fixed_base<79, 55, false, (ap_q_mode)5, (ap_o_mode)3, 0>(ap_fixed_base<79, 55, false, (ap_q_mode)5, (ap_o_mode)3, 0> const&)' (r:/ci/prod/2022.1/rdi_builds/continuous/2022_04_18_3526262/src/shared/hls/clib/include/header_files\ap_fixed_base.h:403:5)
INFO: [HLS 214-131] Inlining function 'ap_fixed_base<32, 32, false, (ap_q_mode)6, (ap_o_mode)3, 0>::ap_fixed_base<79, 55, false, (ap_q_mode)5, (ap_o_mode)3, 0>(ap_fixed_base<79, 55, false, (ap_q_mode)5, (ap_o_mode)3, 0> const&)' into 'ap_ufixed<32, 32, (ap_q_mode)6, (ap_o_mode)3, 0>::ap_ufixed<79, 55, false, (ap_q_mode)5, (ap_o_mode)3, 0>(ap_fixed_base<79, 55, false, (ap_q_mode)5, (ap_o_mode)3, 0> const&)' (r:/ci/prod/2022.1/rdi_builds/continuous/2022_04_18_3526262/src/shared/hls/clib/include/header_files\ap_fixed.h:201:9)
INFO: [HLS 214-131] Inlining function 'ap_fixed_base<1, 32, false, (ap_q_mode)5, (ap_o_mode)0, 0>::operator!() const' into 'ap_fixed_base<33, 33, false, (ap_q_mode)5, (ap_o_mode)0, 0>& ap_fixed_base<33, 33, false, (ap_q_mode)5, (ap_o_mode)0, 0>::operator=<1, 32, false, (ap_q_mode)5, (ap_o_mode)0, 0>(ap_fixed_base<1, 32, false, (ap_q_mode)5, (ap_o_mode)0, 0> const&)' (r:/ci/prod/2022.1/rdi_builds/continuous/2022_04_18_3526262/src/shared/hls/clib/include/header_files\ap_fixed_base.h:808:9)
INFO: [HLS 214-131] Inlining function '_ZN8ssdm_intILi33ELb0EEC2EDq33_j' into 'ap_fixed_base<33, 33, false, (ap_q_mode)5, (ap_o_mode)0, 0>::ap_fixed_base<1, 32, false, (ap_q_mode)5, (ap_o_mode)0, 0>(ap_fixed_base<1, 32, false, (ap_q_mode)5, (ap_o_mode)0, 0> const&)' (r:/ci/prod/2022.1/rdi_builds/continuous/2022_04_18_3526262/src/shared/hls/clib/include/header_files\ap_fixed_base.h:401:80)
INFO: [HLS 214-131] Inlining function 'ap_fixed_base<33, 33, false, (ap_q_mode)5, (ap_o_mode)0, 0>& ap_fixed_base<33, 33, false, (ap_q_mode)5, (ap_o_mode)0, 0>::operator=<1, 32, false, (ap_q_mode)5, (ap_o_mode)0, 0>(ap_fixed_base<1, 32, false, (ap_q_mode)5, (ap_o_mode)0, 0> const&)' into 'ap_fixed_base<33, 33, false, (ap_q_mode)5, (ap_o_mode)0, 0>::ap_fixed_base<1, 32, false, (ap_q_mode)5, (ap_o_mode)0, 0>(ap_fixed_base<1, 32, false, (ap_q_mode)5, (ap_o_mode)0, 0> const&)' (r:/ci/prod/2022.1/rdi_builds/continuous/2022_04_18_3526262/src/shared/hls/clib/include/header_files\ap_fixed_base.h:403:5)
INFO: [HLS 214-131] Inlining function 'ap_fixed_base<33, 33, false, (ap_q_mode)5, (ap_o_mode)0, 0>::ap_fixed_base<1, 32, false, (ap_q_mode)5, (ap_o_mode)0, 0>(ap_fixed_base<1, 32, false, (ap_q_mode)5, (ap_o_mode)0, 0> const&)' into 'bool ap_fixed_base<1, 32, false, (ap_q_mode)5, (ap_o_mode)0, 0>::operator!=<32, 32, true, (ap_q_mode)5, (ap_o_mode)3, 0>(ap_fixed_base<32, 32, true, (ap_q_mode)5, (ap_o_mode)3, 0> const&) const' (r:/ci/prod/2022.1/rdi_builds/continuous/2022_04_18_3526262/src/shared/hls/clib/include/header_files\ap_fixed_base.h:1654:505)
INFO: [HLS 214-131] Inlining function 'ap_fixed_base<32, 32, true, (ap_q_mode)5, (ap_o_mode)3, 0>::ap_fixed_base(int)' into 'bool operator!=<1, 32, false, (ap_q_mode)5, (ap_o_mode)0, 0>(ap_fixed_base<1, 32, false, (ap_q_mode)5, (ap_o_mode)0, 0> const&, int)' (r:/ci/prod/2022.1/rdi_builds/continuous/2022_04_18_3526262/src/shared/hls/clib/include/header_files\ap_fixed_base.h:2376:13043)
INFO: [HLS 214-131] Inlining function 'bool ap_fixed_base<1, 32, false, (ap_q_mode)5, (ap_o_mode)0, 0>::operator!=<32, 32, true, (ap_q_mode)5, (ap_o_mode)3, 0>(ap_fixed_base<32, 32, true, (ap_q_mode)5, (ap_o_mode)3, 0> const&) const' into 'bool operator!=<1, 32, false, (ap_q_mode)5, (ap_o_mode)0, 0>(ap_fixed_base<1, 32, false, (ap_q_mode)5, (ap_o_mode)0, 0> const&, int)' (r:/ci/prod/2022.1/rdi_builds/continuous/2022_04_18_3526262/src/shared/hls/clib/include/header_files\ap_fixed_base.h:2376:13031)
INFO: [HLS 214-131] Inlining function 'ap_int_base<32, true>::ap_int_base(int)' into 'ap_int<32>::ap_int(int)' (C:/Xilinx/Vitis_HLS/2022.1/common/technology/autopilot/ap_int.h:179:57)
INFO: [HLS 214-131] Inlining function 'ap_bit_ref<32, true>::ap_bit_ref(ap_int_base<32, true>*, int)' into 'ap_int_base<32, true>::operator[](int)' (r:/ci/prod/2022.1/rdi_builds/continuous/2022_04_18_3526262/src/shared/hls/clib/include/header_files\ap_int_base.h:1129:30)
INFO: [HLS 214-131] Inlining function 'ap_fixed_base<1, 32, false, (ap_q_mode)5, (ap_o_mode)0, 0>::operator!() const' into 'ap_fixed_base<32, 32, false, (ap_q_mode)5, (ap_o_mode)0, 0>& ap_fixed_base<32, 32, false, (ap_q_mode)5, (ap_o_mode)0, 0>::operator=<1, 32, false, (ap_q_mode)5, (ap_o_mode)0, 0>(ap_fixed_base<1, 32, false, (ap_q_mode)5, (ap_o_mode)0, 0> const&)' (r:/ci/prod/2022.1/rdi_builds/continuous/2022_04_18_3526262/src/shared/hls/clib/include/header_files\ap_fixed_base.h:808:9)
INFO: [HLS 214-131] Inlining function 'ssdm_int<32, false>::ssdm_int(unsigned int)' into 'ap_fixed_base<32, 32, false, (ap_q_mode)5, (ap_o_mode)0, 0>::ap_fixed_base<1, 32, false, (ap_q_mode)5, (ap_o_mode)0, 0>(ap_fixed_base<1, 32, false, (ap_q_mode)5, (ap_o_mode)0, 0> const&)' (r:/ci/prod/2022.1/rdi_builds/continuous/2022_04_18_3526262/src/shared/hls/clib/include/header_files\ap_fixed_base.h:401:80)
INFO: [HLS 214-131] Inlining function 'ap_fixed_base<32, 32, false, (ap_q_mode)5, (ap_o_mode)0, 0>& ap_fixed_base<32, 32, false, (ap_q_mode)5, (ap_o_mode)0, 0>::operator=<1, 32, false, (ap_q_mode)5, (ap_o_mode)0, 0>(ap_fixed_base<1, 32, false, (ap_q_mode)5, (ap_o_mode)0, 0> const&)' into 'ap_fixed_base<32, 32, false, (ap_q_mode)5, (ap_o_mode)0, 0>::ap_fixed_base<1, 32, false, (ap_q_mode)5, (ap_o_mode)0, 0>(ap_fixed_base<1, 32, false, (ap_q_mode)5, (ap_o_mode)0, 0> const&)' (r:/ci/prod/2022.1/rdi_builds/continuous/2022_04_18_3526262/src/shared/hls/clib/include/header_files\ap_fixed_base.h:403:5)
INFO: [HLS 214-131] Inlining function 'ap_fixed_base<32, 32, false, (ap_q_mode)5, (ap_o_mode)0, 0>::ap_fixed_base<1, 32, false, (ap_q_mode)5, (ap_o_mode)0, 0>(ap_fixed_base<1, 32, false, (ap_q_mode)5, (ap_o_mode)0, 0> const&)' into 'bool ap_fixed_base<32, 32, true, (ap_q_mode)5, (ap_o_mode)3, 0>::operator==<1, 32, false, (ap_q_mode)5, (ap_o_mode)0, 0>(ap_fixed_base<1, 32, false, (ap_q_mode)5, (ap_o_mode)0, 0> const&) const' (r:/ci/prod/2022.1/rdi_builds/continuous/2022_04_18_3526262/src/shared/hls/clib/include/header_files\ap_fixed_base.h:1653:370)
INFO: [HLS 214-131] Inlining function 'ap_fixed_base<32, 32, true, (ap_q_mode)5, (ap_o_mode)3, 0>::ap_fixed_base(int)' into 'bool operator==<1, 32, false, (ap_q_mode)5, (ap_o_mode)0, 0>(int, ap_fixed_base<1, 32, false, (ap_q_mode)5, (ap_o_mode)0, 0> const&)' (r:/ci/prod/2022.1/rdi_builds/continuous/2022_04_18_3526262/src/shared/hls/clib/include/header_files\ap_fixed_base.h:2376:12718)
INFO: [HLS 214-131] Inlining function 'bool ap_fixed_base<32, 32, true, (ap_q_mode)5, (ap_o_mode)3, 0>::operator==<1, 32, false, (ap_q_mode)5, (ap_o_mode)0, 0>(ap_fixed_base<1, 32, false, (ap_q_mode)5, (ap_o_mode)0, 0> const&) const' into 'bool operator==<1, 32, false, (ap_q_mode)5, (ap_o_mode)0, 0>(int, ap_fixed_base<1, 32, false, (ap_q_mode)5, (ap_o_mode)0, 0> const&)' (r:/ci/prod/2022.1/rdi_builds/continuous/2022_04_18_3526262/src/shared/hls/clib/include/header_files\ap_fixed_base.h:2376:12778)
INFO: [HLS 214-131] Inlining function 'ap_int_base<32, true>::ap_int_base(int)' into 'bool operator!=<23, false>(int, ap_int_base<23, false> const&)' (r:/ci/prod/2022.1/rdi_builds/continuous/2022_04_18_3526262/src/shared/hls/clib/include/header_files\ap_int_base.h:1788:2037)
INFO: [HLS 214-131] Inlining function 'bool ap_int_base<32, true>::operator!=<23, false>(ap_int_base<23, false> const&) const' into 'bool operator!=<23, false>(int, ap_int_base<23, false> const&)' (r:/ci/prod/2022.1/rdi_builds/continuous/2022_04_18_3526262/src/shared/hls/clib/include/header_files\ap_int_base.h:1788:2075)
INFO: [HLS 214-131] Inlining function 'ap_int_base<32, true>::ap_int_base(int)' into 'bool operator==<8, false>(ap_int_base<8, false> const&, int)' (r:/ci/prod/2022.1/rdi_builds/continuous/2022_04_18_3526262/src/shared/hls/clib/include/header_files\ap_int_base.h:1788:1853)
INFO: [HLS 214-131] Inlining function 'bool ap_int_base<8, false>::operator==<32, true>(ap_int_base<32, true> const&) const' into 'bool operator==<8, false>(ap_int_base<8, false> const&, int)' (r:/ci/prod/2022.1/rdi_builds/continuous/2022_04_18_3526262/src/shared/hls/clib/include/header_files\ap_int_base.h:1788:1850)
INFO: [HLS 214-131] Inlining function 'ap_int_base<1, false>::to_int() const' into 'fp_struct<float>::__signbit() const' (r:/ci/prod/2022.1/rdi_builds/continuous/2022_04_18_3526262/src/shared/hls/clib/src/hls\utils/x_hls_utils.h:379:21)
INFO: [HLS 214-131] Inlining function 'ap_fixed_base<32, 32, false, (ap_q_mode)6, (ap_o_mode)3, 0>::operator!() const' into 'ap_fixed_base<32, 32, true, (ap_q_mode)5, (ap_o_mode)3, 0>& ap_fixed_base<32, 32, true, (ap_q_mode)5, (ap_o_mode)3, 0>::operator=<32, 32, false, (ap_q_mode)6, (ap_o_mode)3, 0>(ap_fixed_base<32, 32, false, (ap_q_mode)6, (ap_o_mode)3, 0> const&)' (r:/ci/prod/2022.1/rdi_builds/continuous/2022_04_18_3526262/src/shared/hls/clib/include/header_files\ap_fixed_base.h:808:9)
INFO: [HLS 214-131] Inlining function 'ssdm_int<32, true>::ssdm_int(int)' into 'ap_fixed_base<32, 32, true, (ap_q_mode)5, (ap_o_mode)3, 0>::ap_fixed_base<32, 32, false, (ap_q_mode)6, (ap_o_mode)3, 0>(ap_fixed_base<32, 32, false, (ap_q_mode)6, (ap_o_mode)3, 0> const&)' (r:/ci/prod/2022.1/rdi_builds/continuous/2022_04_18_3526262/src/shared/hls/clib/include/header_files\ap_fixed_base.h:401:80)
INFO: [HLS 214-131] Inlining function 'ap_fixed_base<32, 32, true, (ap_q_mode)5, (ap_o_mode)3, 0>& ap_fixed_base<32, 32, true, (ap_q_mode)5, (ap_o_mode)3, 0>::operator=<32, 32, false, (ap_q_mode)6, (ap_o_mode)3, 0>(ap_fixed_base<32, 32, false, (ap_q_mode)6, (ap_o_mode)3, 0> const&)' into 'ap_fixed_base<32, 32, true, (ap_q_mode)5, (ap_o_mode)3, 0>::ap_fixed_base<32, 32, false, (ap_q_mode)6, (ap_o_mode)3, 0>(ap_fixed_base<32, 32, false, (ap_q_mode)6, (ap_o_mode)3, 0> const&)' (r:/ci/prod/2022.1/rdi_builds/continuous/2022_04_18_3526262/src/shared/hls/clib/include/header_files\ap_fixed_base.h:403:5)
INFO: [HLS 214-131] Inlining function 'ap_fixed_base<32, 32, true, (ap_q_mode)5, (ap_o_mode)3, 0>::ap_fixed_base<32, 32, false, (ap_q_mode)6, (ap_o_mode)3, 0>(ap_fixed_base<32, 32, false, (ap_q_mode)6, (ap_o_mode)3, 0> const&)' into 'ap_fixed<32, 32, (ap_q_mode)5, (ap_o_mode)3, 0>::ap_fixed<32, 32, false, (ap_q_mode)6, (ap_o_mode)3, 0>(ap_fixed_base<32, 32, false, (ap_q_mode)6, (ap_o_mode)3, 0> const&)' (r:/ci/prod/2022.1/rdi_builds/continuous/2022_04_18_3526262/src/shared/hls/clib/include/header_files\ap_fixed.h:29:9)
INFO: [HLS 214-131] Inlining function 'ap_fixed_base<32, 32, false, (ap_q_mode)6, (ap_o_mode)3, 0>::operator!() const' into 'ap_fixed_base<33, 33, true, (ap_q_mode)5, (ap_o_mode)3, 0>& ap_fixed_base<33, 33, true, (ap_q_mode)5, (ap_o_mode)3, 0>::operator=<32, 32, false, (ap_q_mode)6, (ap_o_mode)3, 0>(ap_fixed_base<32, 32, false, (ap_q_mode)6, (ap_o_mode)3, 0> const&)' (r:/ci/prod/2022.1/rdi_builds/continuous/2022_04_18_3526262/src/shared/hls/clib/include/header_files\ap_fixed_base.h:808:9)
INFO: [HLS 214-131] Inlining function '_ZN8ssdm_intILi33ELb1EEC2EDq33_i' into 'ap_fixed_base<33, 33, true, (ap_q_mode)5, (ap_o_mode)3, 0>::ap_fixed_base<32, 32, false, (ap_q_mode)6, (ap_o_mode)3, 0>(ap_fixed_base<32, 32, false, (ap_q_mode)6, (ap_o_mode)3, 0> const&)' (r:/ci/prod/2022.1/rdi_builds/continuous/2022_04_18_3526262/src/shared/hls/clib/include/header_files\ap_fixed_base.h:401:80)
INFO: [HLS 214-131] Inlining function 'ap_fixed_base<33, 33, true, (ap_q_mode)5, (ap_o_mode)3, 0>& ap_fixed_base<33, 33, true, (ap_q_mode)5, (ap_o_mode)3, 0>::operator=<32, 32, false, (ap_q_mode)6, (ap_o_mode)3, 0>(ap_fixed_base<32, 32, false, (ap_q_mode)6, (ap_o_mode)3, 0> const&)' into 'ap_fixed_base<33, 33, true, (ap_q_mode)5, (ap_o_mode)3, 0>::ap_fixed_base<32, 32, false, (ap_q_mode)6, (ap_o_mode)3, 0>(ap_fixed_base<32, 32, false, (ap_q_mode)6, (ap_o_mode)3, 0> const&)' (r:/ci/prod/2022.1/rdi_builds/continuous/2022_04_18_3526262/src/shared/hls/clib/include/header_files\ap_fixed_base.h:403:5)
INFO: [HLS 214-131] Inlining function 'ap_fixed_base<33, 33, true, (ap_q_mode)5, (ap_o_mode)3, 0>::ap_fixed_base<32, 32, false, (ap_q_mode)6, (ap_o_mode)3, 0>(ap_fixed_base<32, 32, false, (ap_q_mode)6, (ap_o_mode)3, 0> const&)' into 'ap_fixed_base<32, 32, false, (ap_q_mode)6, (ap_o_mode)3, 0>::operator-() const' (r:/ci/prod/2022.1/rdi_builds/continuous/2022_04_18_3526262/src/shared/hls/clib/include/header_files\ap_fixed_base.h:1407:47)
INFO: [HLS 214-131] Inlining function 'ap_fixed<33, 33, (ap_q_mode)5, (ap_o_mode)3, 0>::ap_fixed<33, 33, true, (ap_q_mode)5, (ap_o_mode)3, 0>(ap_fixed_base<33, 33, true, (ap_q_mode)5, (ap_o_mode)3, 0> const&)' into 'ap_fixed_base<32, 32, false, (ap_q_mode)6, (ap_o_mode)3, 0>::operator-() const' (r:/ci/prod/2022.1/rdi_builds/continuous/2022_04_18_3526262/src/shared/hls/clib/include/header_files\ap_fixed_base.h:1409:12)
INFO: [HLS 214-131] Inlining function 'ap_fixed_base<33, 33, true, (ap_q_mode)5, (ap_o_mode)3, 0>::operator!() const' into 'ap_fixed_base<32, 32, true, (ap_q_mode)5, (ap_o_mode)3, 0>& ap_fixed_base<32, 32, true, (ap_q_mode)5, (ap_o_mode)3, 0>::operator=<33, 33, true, (ap_q_mode)5, (ap_o_mode)3, 0>(ap_fixed_base<33, 33, true, (ap_q_mode)5, (ap_o_mode)3, 0> const&)' (r:/ci/prod/2022.1/rdi_builds/continuous/2022_04_18_3526262/src/shared/hls/clib/include/header_files\ap_fixed_base.h:808:9)
INFO: [HLS 214-131] Inlining function 'ssdm_int<32, true>::ssdm_int(int)' into 'ap_fixed_base<32, 32, true, (ap_q_mode)5, (ap_o_mode)3, 0>::ap_fixed_base<33, 33, true, (ap_q_mode)5, (ap_o_mode)3, 0>(ap_fixed_base<33, 33, true, (ap_q_mode)5, (ap_o_mode)3, 0> const&)' (r:/ci/prod/2022.1/rdi_builds/continuous/2022_04_18_3526262/src/shared/hls/clib/include/header_files\ap_fixed_base.h:401:80)
INFO: [HLS 214-131] Inlining function 'ap_fixed_base<32, 32, true, (ap_q_mode)5, (ap_o_mode)3, 0>& ap_fixed_base<32, 32, true, (ap_q_mode)5, (ap_o_mode)3, 0>::operator=<33, 33, true, (ap_q_mode)5, (ap_o_mode)3, 0>(ap_fixed_base<33, 33, true, (ap_q_mode)5, (ap_o_mode)3, 0> const&)' into 'ap_fixed_base<32, 32, true, (ap_q_mode)5, (ap_o_mode)3, 0>::ap_fixed_base<33, 33, true, (ap_q_mode)5, (ap_o_mode)3, 0>(ap_fixed_base<33, 33, true, (ap_q_mode)5, (ap_o_mode)3, 0> const&)' (r:/ci/prod/2022.1/rdi_builds/continuous/2022_04_18_3526262/src/shared/hls/clib/include/header_files\ap_fixed_base.h:403:5)
INFO: [HLS 214-131] Inlining function 'ap_fixed_base<32, 32, true, (ap_q_mode)5, (ap_o_mode)3, 0>::ap_fixed_base<33, 33, true, (ap_q_mode)5, (ap_o_mode)3, 0>(ap_fixed_base<33, 33, true, (ap_q_mode)5, (ap_o_mode)3, 0> const&)' into 'ap_fixed<32, 32, (ap_q_mode)5, (ap_o_mode)3, 0>::ap_fixed<33, 33, true, (ap_q_mode)5, (ap_o_mode)3, 0>(ap_fixed_base<33, 33, true, (ap_q_mode)5, (ap_o_mode)3, 0> const&)' (r:/ci/prod/2022.1/rdi_builds/continuous/2022_04_18_3526262/src/shared/hls/clib/include/header_files\ap_fixed.h:29:9)
INFO: [HLS 214-131] Inlining function 'ap_int_base<32, true>::ap_int_base(int)' into 'ap_fixed_base<32, 32, true, (ap_q_mode)5, (ap_o_mode)3, 0>::to_ap_int_base(bool) const' (r:/ci/prod/2022.1/rdi_builds/continuous/2022_04_18_3526262/src/shared/hls/clib/include/header_files\ap_fixed_base.h:983:57)
INFO: [HLS 214-131] Inlining function 'ap_fixed_base<32, 32, true, (ap_q_mode)5, (ap_o_mode)3, 0>::to_ap_int_base(bool) const' into 'ap_fixed_base<32, 32, true, (ap_q_mode)5, (ap_o_mode)3, 0>::to_int() const' (r:/ci/prod/2022.1/rdi_builds/continuous/2022_04_18_3526262/src/shared/hls/clib/include/header_files\ap_fixed_base.h:1022:89)
INFO: [HLS 214-131] Inlining function 'ap_int_base<32, true>::to_int() const' into 'ap_fixed_base<32, 32, true, (ap_q_mode)5, (ap_o_mode)3, 0>::to_int() const' (r:/ci/prod/2022.1/rdi_builds/continuous/2022_04_18_3526262/src/shared/hls/clib/include/header_files\ap_fixed_base.h:1022:106)
INFO: [HLS 214-131] Inlining function 'ap_fixed_base<32, 32, true, (ap_q_mode)5, (ap_o_mode)3, 0>::to_int() const' into 'ap_fixed_base<32, 32, true, (ap_q_mode)5, (ap_o_mode)3, 0>::operator int() const' (r:/ci/prod/2022.1/rdi_builds/continuous/2022_04_18_3526262/src/shared/hls/clib/include/header_files\ap_fixed_base.h:1197:91)
INFO: [HLS 214-131] Inlining function 'ap_ufixed<79, 55, (ap_q_mode)5, (ap_o_mode)3, 0>::ap_ufixed<24, 1, false, (ap_q_mode)5, (ap_o_mode)3, 0>(ap_fixed_base<24, 1, false, (ap_q_mode)5, (ap_o_mode)3, 0> const&)' into 'int generic_cast_IEEE754<int, (ap_q_mode)6, float>(float, bool, hls::enable_if<std::numeric_limits<int>::is_signed, bool>::type)' (r:/ci/prod/2022.1/rdi_builds/continuous/2022_04_18_3526262/src/shared/hls/clib/hlsmath/include/FloatingPoint\hls_case_IEEE754.h:15:54)
INFO: [HLS 214-131] Inlining function 'ap_fixed_base<32, 32, true, (ap_q_mode)5, (ap_o_mode)3, 0>::operator int() const' into 'int generic_cast_IEEE754<int, (ap_q_mode)6, float>(float, bool, hls::enable_if<std::numeric_limits<int>::is_signed, bool>::type)' (r:/ci/prod/2022.1/rdi_builds/continuous/2022_04_18_3526262/src/shared/hls/clib/hlsmath/include/FloatingPoint\hls_case_IEEE754.h:61:9)
INFO: [HLS 214-131] Inlining function 'ap_fixed<32, 32, (ap_q_mode)5, (ap_o_mode)3, 0>::ap_fixed<33, 33, true, (ap_q_mode)5, (ap_o_mode)3, 0>(ap_fixed_base<33, 33, true, (ap_q_mode)5, (ap_o_mode)3, 0> const&)' into 'int generic_cast_IEEE754<int, (ap_q_mode)6, float>(float, bool, hls::enable_if<std::numeric_limits<int>::is_signed, bool>::type)' (r:/ci/prod/2022.1/rdi_builds/continuous/2022_04_18_3526262/src/shared/hls/clib/hlsmath/include/FloatingPoint\hls_case_IEEE754.h:59:30)
INFO: [HLS 214-131] Inlining function 'ap_fixed_base<32, 32, false, (ap_q_mode)6, (ap_o_mode)3, 0>::operator-() const' into 'int generic_cast_IEEE754<int, (ap_q_mode)6, float>(float, bool, hls::enable_if<std::numeric_limits<int>::is_signed, bool>::type)' (r:/ci/prod/2022.1/rdi_builds/continuous/2022_04_18_3526262/src/shared/hls/clib/hlsmath/include/FloatingPoint\hls_case_IEEE754.h:59:30)
INFO: [HLS 214-131] Inlining function 'ap_fixed_base<79, 55, false, (ap_q_mode)5, (ap_o_mode)3, 0>::operator<<(int) const' into 'int generic_cast_IEEE754<int, (ap_q_mode)6, float>(float, bool, hls::enable_if<std::numeric_limits<int>::is_signed, bool>::type)' (r:/ci/prod/2022.1/rdi_builds/continuous/2022_04_18_3526262/src/shared/hls/clib/hlsmath/include/FloatingPoint\hls_case_IEEE754.h:18:73)
INFO: [HLS 214-131] Inlining function 'ap_fixed<32, 32, (ap_q_mode)5, (ap_o_mode)3, 0>::ap_fixed<32, 32, false, (ap_q_mode)6, (ap_o_mode)3, 0>(ap_fixed_base<32, 32, false, (ap_q_mode)6, (ap_o_mode)3, 0> const&)' into 'int generic_cast_IEEE754<int, (ap_q_mode)6, float>(float, bool, hls::enable_if<std::numeric_limits<int>::is_signed, bool>::type)' (r:/ci/prod/2022.1/rdi_builds/continuous/2022_04_18_3526262/src/shared/hls/clib/hlsmath/include/FloatingPoint\hls_case_IEEE754.h:58:49)
INFO: [HLS 214-131] Inlining function 'ap_int_base<32, true>::operator long long() const' into 'int generic_cast_IEEE754<int, (ap_q_mode)6, float>(float, bool, hls::enable_if<std::numeric_limits<int>::is_signed, bool>::type)' (r:/ci/prod/2022.1/rdi_builds/continuous/2022_04_18_3526262/src/shared/hls/clib/hlsmath/include/FloatingPoint\hls_case_IEEE754.h:47:17)
INFO: [HLS 214-131] Inlining function 'ap_ufixed<79, 55, (ap_q_mode)5, (ap_o_mode)3, 0>::ap_ufixed<79, 55, false, (ap_q_mode)5, (ap_o_mode)3, 0>(ap_fixed_base<79, 55, false, (ap_q_mode)5, (ap_o_mode)3, 0> const&)' into 'int generic_cast_IEEE754<int, (ap_q_mode)6, float>(float, bool, hls::enable_if<std::numeric_limits<int>::is_signed, bool>::type)' (r:/ci/prod/2022.1/rdi_builds/continuous/2022_04_18_3526262/src/shared/hls/clib/hlsmath/include/FloatingPoint\hls_case_IEEE754.h:18:64)
INFO: [HLS 214-131] Inlining function 'ap_int_base<32, true>::operator long long() const' into 'int generic_cast_IEEE754<int, (ap_q_mode)6, float>(float, bool, hls::enable_if<std::numeric_limits<int>::is_signed, bool>::type)' (r:/ci/prod/2022.1/rdi_builds/continuous/2022_04_18_3526262/src/shared/hls/clib/hlsmath/include/FloatingPoint\hls_case_IEEE754.h:44:17)
INFO: [HLS 214-131] Inlining function 'bool operator==<8, false>(ap_int_base<8, false> const&, int)' into 'int generic_cast_IEEE754<int, (ap_q_mode)6, float>(float, bool, hls::enable_if<std::numeric_limits<int>::is_signed, bool>::type)' (r:/ci/prod/2022.1/rdi_builds/continuous/2022_04_18_3526262/src/shared/hls/clib/hlsmath/include/FloatingPoint\hls_case_IEEE754.h:42:54)
INFO: [HLS 214-131] Inlining function 'bool operator!=<23, false>(int, ap_int_base<23, false> const&)' into 'int generic_cast_IEEE754<int, (ap_q_mode)6, float>(float, bool, hls::enable_if<std::numeric_limits<int>::is_signed, bool>::type)' (r:/ci/prod/2022.1/rdi_builds/continuous/2022_04_18_3526262/src/shared/hls/clib/hlsmath/include/FloatingPoint\hls_case_IEEE754.h:42:34)
INFO: [HLS 214-131] Inlining function 'bool operator==<1, 32, false, (ap_q_mode)5, (ap_o_mode)0, 0>(int, ap_fixed_base<1, 32, false, (ap_q_mode)5, (ap_o_mode)0, 0> const&)' into 'int generic_cast_IEEE754<int, (ap_q_mode)6, float>(float, bool, hls::enable_if<std::numeric_limits<int>::is_signed, bool>::type)' (r:/ci/prod/2022.1/rdi_builds/continuous/2022_04_18_3526262/src/shared/hls/clib/hlsmath/include/FloatingPoint\hls_case_IEEE754.h:42:12)
INFO: [HLS 214-131] Inlining function 'ap_bit_ref<32, true>::operator=(int)' into 'int generic_cast_IEEE754<int, (ap_q_mode)6, float>(float, bool, hls::enable_if<std::numeric_limits<int>::is_signed, bool>::type)' (r:/ci/prod/2022.1/rdi_builds/continuous/2022_04_18_3526262/src/shared/hls/clib/hlsmath/include/FloatingPoint\hls_case_IEEE754.h:38:24)
INFO: [HLS 214-131] Inlining function 'ap_int_base<32, true>::operator[](int)' into 'int generic_cast_IEEE754<int, (ap_q_mode)6, float>(float, bool, hls::enable_if<std::numeric_limits<int>::is_signed, bool>::type)' (r:/ci/prod/2022.1/rdi_builds/continuous/2022_04_18_3526262/src/shared/hls/clib/hlsmath/include/FloatingPoint\hls_case_IEEE754.h:38:2)
INFO: [HLS 214-131] Inlining function 'ap_bit_ref<32, true>::operator=(int)' into 'int generic_cast_IEEE754<int, (ap_q_mode)6, float>(float, bool, hls::enable_if<std::numeric_limits<int>::is_signed, bool>::type)' (r:/ci/prod/2022.1/rdi_builds/continuous/2022_04_18_3526262/src/shared/hls/clib/hlsmath/include/FloatingPoint\hls_case_IEEE754.h:36:24)
INFO: [HLS 214-131] Inlining function 'ap_int_base<32, true>::operator[](int)' into 'int generic_cast_IEEE754<int, (ap_q_mode)6, float>(float, bool, hls::enable_if<std::numeric_limits<int>::is_signed, bool>::type)' (r:/ci/prod/2022.1/rdi_builds/continuous/2022_04_18_3526262/src/shared/hls/clib/hlsmath/include/FloatingPoint\hls_case_IEEE754.h:36:2)
INFO: [HLS 214-131] Inlining function 'bool operator!=<1, 32, false, (ap_q_mode)5, (ap_o_mode)0, 0>(ap_fixed_base<1, 32, false, (ap_q_mode)5, (ap_o_mode)0, 0> const&, int)' into 'int generic_cast_IEEE754<int, (ap_q_mode)6, float>(float, bool, hls::enable_if<std::numeric_limits<int>::is_signed, bool>::type)' (r:/ci/prod/2022.1/rdi_builds/continuous/2022_04_18_3526262/src/shared/hls/clib/hlsmath/include/FloatingPoint\hls_case_IEEE754.h:32:96)
INFO: [HLS 214-131] Inlining function 'ap_ufixed<1, 32, (ap_q_mode)5, (ap_o_mode)0, 0>::ap_ufixed<79, 55, false, (ap_q_mode)5, (ap_o_mode)3, 0>(ap_fixed_base<79, 55, false, (ap_q_mode)5, (ap_o_mode)3, 0> const&)' into 'int generic_cast_IEEE754<int, (ap_q_mode)6, float>(float, bool, hls::enable_if<std::numeric_limits<int>::is_signed, bool>::type)' (r:/ci/prod/2022.1/rdi_builds/continuous/2022_04_18_3526262/src/shared/hls/clib/hlsmath/include/FloatingPoint\hls_case_IEEE754.h:20:63)
INFO: [HLS 214-131] Inlining function 'ap_ufixed<32, 32, (ap_q_mode)6, (ap_o_mode)3, 0>::ap_ufixed<79, 55, false, (ap_q_mode)5, (ap_o_mode)3, 0>(ap_fixed_base<79, 55, false, (ap_q_mode)5, (ap_o_mode)3, 0> const&)' into 'int generic_cast_IEEE754<int, (ap_q_mode)6, float>(float, bool, hls::enable_if<std::numeric_limits<int>::is_signed, bool>::type)' (r:/ci/prod/2022.1/rdi_builds/continuous/2022_04_18_3526262/src/shared/hls/clib/hlsmath/include/FloatingPoint\hls_case_IEEE754.h:21:58)
INFO: [HLS 214-131] Inlining function 'ap_int_base<1, false>::ap_int_base(int)' into 'ap_uint<1>::ap_uint(int)' (C:/Xilinx/Vitis_HLS/2022.1/common/technology/autopilot/ap_int.h:333:58)
INFO: [HLS 214-131] Inlining function 'hls::axis<ap_int<32>, 2ul, 5ul, 6ul>::get_user_ptr()' into 'hls::stream<hls::axis<ap_int<32>, 2ul, 5ul, 6ul>, 0>::write(hls::axis<ap_int<32>, 2ul, 5ul, 6ul> const&)' (C:/Xilinx/Vitis_HLS/2022.1/common/technology/autopilot\ap_axi_sdata.h:304:51)
INFO: [HLS 214-131] Inlining function 'hls::axis<ap_int<32>, 2ul, 5ul, 6ul>::get_dest_ptr()' into 'hls::stream<hls::axis<ap_int<32>, 2ul, 5ul, 6ul>, 0>::write(hls::axis<ap_int<32>, 2ul, 5ul, 6ul> const&)' (C:/Xilinx/Vitis_HLS/2022.1/common/technology/autopilot\ap_axi_sdata.h:307:26)
INFO: [HLS 214-131] Inlining function 'hls::axis<ap_int<32>, 2ul, 5ul, 6ul>::get_id_ptr()' into 'hls::stream<hls::axis<ap_int<32>, 2ul, 5ul, 6ul>, 0>::write(hls::axis<ap_int<32>, 2ul, 5ul, 6ul> const&)' (C:/Xilinx/Vitis_HLS/2022.1/common/technology/autopilot\ap_axi_sdata.h:306:68)
INFO: [HLS 214-131] Inlining function 'hls::axis<ap_int<32>, 2ul, 5ul, 6ul>::get_user_ptr()' into 'hls::stream<hls::axis<ap_int<32>, 2ul, 5ul, 6ul>, 0>::write(hls::axis<ap_int<32>, 2ul, 5ul, 6ul> const&)' (C:/Xilinx/Vitis_HLS/2022.1/common/technology/autopilot\ap_axi_sdata.h:306:37)
INFO: [HLS 214-131] Inlining function 'hls::axis<ap_int<32>, 2ul, 5ul, 6ul>::get_dest_ptr()' into 'hls::stream<hls::axis<ap_int<32>, 2ul, 5ul, 6ul>, 0>::write(hls::axis<ap_int<32>, 2ul, 5ul, 6ul> const&)' (C:/Xilinx/Vitis_HLS/2022.1/common/technology/autopilot\ap_axi_sdata.h:305:40)
INFO: [HLS 214-131] Inlining function 'hls::axis<ap_int<32>, 2ul, 5ul, 6ul>::get_id_ptr()' into 'hls::stream<hls::axis<ap_int<32>, 2ul, 5ul, 6ul>, 0>::write(hls::axis<ap_int<32>, 2ul, 5ul, 6ul> const&)' (C:/Xilinx/Vitis_HLS/2022.1/common/technology/autopilot\ap_axi_sdata.h:305:24)
INFO: [HLS 214-131] Inlining function 'hls::stream<hls::axis<ap_int<32>, 2ul, 5ul, 6ul>, 0>::read(hls::axis<ap_int<32>, 2ul, 5ul, 6ul>&)' into 'MLP(hls::stream<hls::axis<ap_int<32>, 2ul, 5ul, 6ul>, 0>&, hls::stream<hls::axis<ap_int<32>, 2ul, 5ul, 6ul>, 0>&)' (../../../../HWSWAI/HLS/SampleDatasetMLP.cpp:59:17)
INFO: [HLS 214-131] Inlining function 'hls::stream<hls::axis<ap_int<32>, 2ul, 5ul, 6ul>, 0>::write(hls::axis<ap_int<32>, 2ul, 5ul, 6ul> const&)' into 'MLP(hls::stream<hls::axis<ap_int<32>, 2ul, 5ul, 6ul>, 0>&, hls::stream<hls::axis<ap_int<32>, 2ul, 5ul, 6ul>, 0>&)' (../../../../HWSWAI/HLS/SampleDatasetMLP.cpp:135:15)
INFO: [HLS 214-131] Inlining function 'ap_int_base<32, true>::operator long long() const' into 'MLP(hls::stream<hls::axis<ap_int<32>, 2ul, 5ul, 6ul>, 0>&, hls::stream<hls::axis<ap_int<32>, 2ul, 5ul, 6ul>, 0>&)' (../../../../HWSWAI/HLS/SampleDatasetMLP.cpp:60:29)
INFO: [HLS 214-131] Inlining function 'ap_int_base<1, false>::operator unsigned long long() const' into 'MLP(hls::stream<hls::axis<ap_int<32>, 2ul, 5ul, 6ul>, 0>&, hls::stream<hls::axis<ap_int<32>, 2ul, 5ul, 6ul>, 0>&)' (../../../../HWSWAI/HLS/SampleDatasetMLP.cpp:62:12)
INFO: [HLS 214-178] Inlining function 'fp_struct<float>::fp_struct(float)' into 'int generic_cast_IEEE754<int, (ap_q_mode)6, float>(float, bool, hls::enable_if<std::numeric_limits<int>::is_signed, bool>::type)' (r:/ci/prod/2022.1/rdi_builds/continuous/2022_04_18_3526262/src/shared/hls/clib/hlsmath/include/FloatingPoint\hls_case_IEEE754.h:12:0)
INFO: [HLS 214-178] Inlining function 'fp_struct<float>::mantissa() const' into 'int generic_cast_IEEE754<int, (ap_q_mode)6, float>(float, bool, hls::enable_if<std::numeric_limits<int>::is_signed, bool>::type)' (r:/ci/prod/2022.1/rdi_builds/continuous/2022_04_18_3526262/src/shared/hls/clib/hlsmath/include/FloatingPoint\hls_case_IEEE754.h:12:0)
INFO: [HLS 214-178] Inlining function 'fp_struct<float>::expv() const' into 'int generic_cast_IEEE754<int, (ap_q_mode)6, float>(float, bool, hls::enable_if<std::numeric_limits<int>::is_signed, bool>::type)' (r:/ci/prod/2022.1/rdi_builds/continuous/2022_04_18_3526262/src/shared/hls/clib/hlsmath/include/FloatingPoint\hls_case_IEEE754.h:12:0)
INFO: [HLS 214-178] Inlining function 'fp_struct<float>::__signbit() const' into 'int generic_cast_IEEE754<int, (ap_q_mode)6, float>(float, bool, hls::enable_if<std::numeric_limits<int>::is_signed, bool>::type)' (r:/ci/prod/2022.1/rdi_builds/continuous/2022_04_18_3526262/src/shared/hls/clib/hlsmath/include/FloatingPoint\hls_case_IEEE754.h:12:0)
INFO: [HLS 214-178] Inlining function 'int generic_cast_IEEE754<int, (ap_q_mode)6, float>(float, bool, hls::enable_if<std::numeric_limits<int>::is_signed, bool>::type)' into 'int generic_cast_IEEE754<int, float>(float, bool)' (r:/ci/prod/2022.1/rdi_builds/continuous/2022_04_18_3526262/src/shared/hls/clib/hlsmath/include/FloatingPoint\hls_case_IEEE754.h:116:0)
INFO: [HLS 214-178] Inlining function 'int generic_cast_IEEE754<int, float>(float, bool)' into '__hls_fptosi_float_i32' (r:/ci/prod/2022.1/rdi_builds/continuous/2022_04_18_3526262/src/shared/hls/clib/hlsmath/src/lib_floatconversion.cpp:51:0)
INFO: [HLS 214-178] Inlining function '__hls_fptosi_float_i32' into 'MLP(hls::stream<hls::axis<ap_int<32>, 2ul, 5ul, 6ul>, 0>&, hls::stream<hls::axis<ap_int<32>, 2ul, 5ul, 6ul>, 0>&)' (../../../../HWSWAI/HLS/SampleDatasetMLP.cpp:42:0)
INFO: [HLS 214-131] Inlining function '_llvm.fpga.unpack.none.s_struct.ap_int<32>s.i32' into 'MLP(hls::stream<hls::axis<ap_int<32>, 2ul, 5ul, 6ul>, 0>&, hls::stream<hls::axis<ap_int<32>, 2ul, 5ul, 6ul>, 0>&)' (C:/Xilinx/Vitis_HLS/2022.1/common/technology/autopilot\ap_axi_sdata.h:283:5)
INFO: [HLS 214-131] Inlining function '_llvm.fpga.pack.none.i6.s_struct.ap_uint<6>s' into 'MLP(hls::stream<hls::axis<ap_int<32>, 2ul, 5ul, 6ul>, 0>&, hls::stream<hls::axis<ap_int<32>, 2ul, 5ul, 6ul>, 0>&)' (C:/Xilinx/Vitis_HLS/2022.1/common/technology/autopilot\ap_axi_sdata.h:304:5)
INFO: [HLS 214-131] Inlining function '_llvm.fpga.pack.none.i5.s_struct.ap_uint<5>s' into 'MLP(hls::stream<hls::axis<ap_int<32>, 2ul, 5ul, 6ul>, 0>&, hls::stream<hls::axis<ap_int<32>, 2ul, 5ul, 6ul>, 0>&)' (C:/Xilinx/Vitis_HLS/2022.1/common/technology/autopilot\ap_axi_sdata.h:304:5)
INFO: [HLS 214-131] Inlining function '_llvm.fpga.pack.none.i1.s_struct.ap_uint<1>s' into 'MLP(hls::stream<hls::axis<ap_int<32>, 2ul, 5ul, 6ul>, 0>&, hls::stream<hls::axis<ap_int<32>, 2ul, 5ul, 6ul>, 0>&)' (C:/Xilinx/Vitis_HLS/2022.1/common/technology/autopilot\ap_axi_sdata.h:304:5)
INFO: [HLS 214-131] Inlining function '_llvm.fpga.pack.none.i2.s_struct.ap_uint<2>s' into 'MLP(hls::stream<hls::axis<ap_int<32>, 2ul, 5ul, 6ul>, 0>&, hls::stream<hls::axis<ap_int<32>, 2ul, 5ul, 6ul>, 0>&)' (C:/Xilinx/Vitis_HLS/2022.1/common/technology/autopilot\ap_axi_sdata.h:304:5)
INFO: [HLS 214-131] Inlining function '_llvm.fpga.pack.none.i4.s_struct.ap_uint<4>s' into 'MLP(hls::stream<hls::axis<ap_int<32>, 2ul, 5ul, 6ul>, 0>&, hls::stream<hls::axis<ap_int<32>, 2ul, 5ul, 6ul>, 0>&)' (C:/Xilinx/Vitis_HLS/2022.1/common/technology/autopilot\ap_axi_sdata.h:304:5)
INFO: [HLS 214-131] Inlining function '_llvm.fpga.pack.none.i32.s_struct.ap_int<32>s' into 'MLP(hls::stream<hls::axis<ap_int<32>, 2ul, 5ul, 6ul>, 0>&, hls::stream<hls::axis<ap_int<32>, 2ul, 5ul, 6ul>, 0>&)' (C:/Xilinx/Vitis_HLS/2022.1/common/technology/autopilot\ap_axi_sdata.h:304:5)
INFO: [HLS 214-131] Inlining function '_llvm.fpga.unpack.none.s_struct.ap_uint<6>s.i6' into 'MLP(hls::stream<hls::axis<ap_int<32>, 2ul, 5ul, 6ul>, 0>&, hls::stream<hls::axis<ap_int<32>, 2ul, 5ul, 6ul>, 0>&)' (C:/Xilinx/Vitis_HLS/2022.1/common/technology/autopilot\ap_axi_sdata.h:283:5)
INFO: [HLS 214-131] Inlining function '_llvm.fpga.unpack.none.s_struct.ap_uint<5>s.i5' into 'MLP(hls::stream<hls::axis<ap_int<32>, 2ul, 5ul, 6ul>, 0>&, hls::stream<hls::axis<ap_int<32>, 2ul, 5ul, 6ul>, 0>&)' (C:/Xilinx/Vitis_HLS/2022.1/common/technology/autopilot\ap_axi_sdata.h:283:5)
INFO: [HLS 214-131] Inlining function '_llvm.fpga.unpack.none.s_struct.ap_uint<1>s.i1' into 'MLP(hls::stream<hls::axis<ap_int<32>, 2ul, 5ul, 6ul>, 0>&, hls::stream<hls::axis<ap_int<32>, 2ul, 5ul, 6ul>, 0>&)' (C:/Xilinx/Vitis_HLS/2022.1/common/technology/autopilot\ap_axi_sdata.h:283:5)
INFO: [HLS 214-131] Inlining function '_llvm.fpga.unpack.none.s_struct.ap_uint<2>s.i2' into 'MLP(hls::stream<hls::axis<ap_int<32>, 2ul, 5ul, 6ul>, 0>&, hls::stream<hls::axis<ap_int<32>, 2ul, 5ul, 6ul>, 0>&)' (C:/Xilinx/Vitis_HLS/2022.1/common/technology/autopilot\ap_axi_sdata.h:283:5)
INFO: [HLS 214-131] Inlining function '_llvm.fpga.unpack.none.s_struct.ap_uint<4>s.i4' into 'MLP(hls::stream<hls::axis<ap_int<32>, 2ul, 5ul, 6ul>, 0>&, hls::stream<hls::axis<ap_int<32>, 2ul, 5ul, 6ul>, 0>&)' (C:/Xilinx/Vitis_HLS/2022.1/common/technology/autopilot\ap_axi_sdata.h:283:5)
INFO: [HLS 200-111] Finished Compiling Optimization and Transform: CPU user time: 2 seconds. CPU system time: 0 seconds. Elapsed time: 11.308 seconds; current allocated memory: 947.922 MB.
INFO: [HLS 200-111] Finished Checking Pragmas: CPU user time: 0 seconds. CPU system time: 0 seconds. Elapsed time: 0.008 seconds; current allocated memory: 947.922 MB.
INFO: [HLS 200-10] Starting code transformations ...
INFO: [HLS 200-111] Finished Standard Transforms: CPU user time: 0 seconds. CPU system time: 0 seconds. Elapsed time: 0.48 seconds; current allocated memory: 947.922 MB.
INFO: [HLS 200-10] Checking synthesizability ...
INFO: [HLS 200-111] Finished Checking Synthesizability: CPU user time: 1 seconds. CPU system time: 0 seconds. Elapsed time: 0.763 seconds; current allocated memory: 947.922 MB.
INFO: [XFORM 203-510] Pipelining loop 'Loop-2' in function 'MLP' automatically.
INFO: [XFORM 203-510] Pipelining loop 'Loop-3' in function 'MLP' automatically.
INFO: [XFORM 203-510] Pipelining loop 'Loop-4' in function 'MLP' automatically.
INFO: [XFORM 203-510] Pipelining loop 'Loop-5' in function 'MLP' automatically.
INFO: [XFORM 203-510] Pipelining loop 'Loop-6' in function 'MLP' automatically.
INFO: [XFORM 203-510] Pipelining loop 'Loop-7' in function 'MLP' automatically.
INFO: [XFORM 203-510] Pipelining loop 'VITIS_LOOP_58_1' (../../../../HWSWAI/HLS/SampleDatasetMLP.cpp:58) in function 'MLP' automatically.
INFO: [XFORM 203-510] Pipelining loop 'VITIS_LOOP_69_2' (../../../../HWSWAI/HLS/SampleDatasetMLP.cpp:69) in function 'MLP' automatically.
INFO: [XFORM 203-510] Pipelining loop 'VITIS_LOOP_77_3' (../../../../HWSWAI/HLS/SampleDatasetMLP.cpp:77) in function 'MLP' automatically.
INFO: [XFORM 203-510] Pipelining loop 'VITIS_LOOP_94_5' (../../../../HWSWAI/HLS/SampleDatasetMLP.cpp:94) in function 'MLP' automatically.
INFO: [XFORM 203-510] Pipelining loop 'VITIS_LOOP_111_7' (../../../../HWSWAI/HLS/SampleDatasetMLP.cpp:111) in function 'MLP' automatically.
INFO: [XFORM 203-510] Pipelining loop 'VITIS_LOOP_123_9' (../../../../HWSWAI/HLS/SampleDatasetMLP.cpp:123) in function 'MLP' automatically.
INFO: [XFORM 203-510] Pipelining loop 'VITIS_LOOP_128_10' (../../../../HWSWAI/HLS/SampleDatasetMLP.cpp:128) in function 'MLP' automatically.
INFO: [XFORM 203-502] Unrolling all sub-loops inside loop 'VITIS_LOOP_77_3' (../../../../HWSWAI/HLS/SampleDatasetMLP.cpp:77) in function 'MLP' for pipelining.
INFO: [XFORM 203-502] Unrolling all sub-loops inside loop 'VITIS_LOOP_94_5' (../../../../HWSWAI/HLS/SampleDatasetMLP.cpp:94) in function 'MLP' for pipelining.
INFO: [XFORM 203-502] Unrolling all sub-loops inside loop 'VITIS_LOOP_111_7' (../../../../HWSWAI/HLS/SampleDatasetMLP.cpp:111) in function 'MLP' for pipelining.
INFO: [HLS 200-489] Unrolling loop 'VITIS_LOOP_79_4' (../../../../HWSWAI/HLS/SampleDatasetMLP.cpp:79) in function 'MLP' completely with a factor of 48.
INFO: [HLS 200-489] Unrolling loop 'VITIS_LOOP_96_6' (../../../../HWSWAI/HLS/SampleDatasetMLP.cpp:96) in function 'MLP' completely with a factor of 24.
INFO: [HLS 200-489] Unrolling loop 'VITIS_LOOP_113_8' (../../../../HWSWAI/HLS/SampleDatasetMLP.cpp:113) in function 'MLP' completely with a factor of 12.
INFO: [XFORM 203-102] Partitioning array 'weights_2' in dimension 2 automatically.
INFO: [XFORM 203-102] Partitioning array 'weights_1' in dimension 2 automatically.
INFO: [XFORM 203-102] Partitioning array 'output_weights' in dimension 2 automatically.
INFO: [HLS 200-111] Finished Loop, function and other optimizations: CPU user time: 0 seconds. CPU system time: 0 seconds. Elapsed time: 1.115 seconds; current allocated memory: 947.922 MB.
INFO: [HLS 200-472] Inferring partial write operation for 'input_features' 
INFO: [HLS 200-472] Inferring partial write operation for 'input_features_casted' 
INFO: [HLS 200-472] Inferring partial write operation for 'hidden_layer_1' 
INFO: [HLS 200-472] Inferring partial write operation for 'hidden_layer_2' 
INFO: [HLS 200-472] Inferring partial write operation for 'output_layer' 
INFO: [HLS 200-472] Inferring partial write operation for 'output_layer_casted' 
INFO: [HLS 200-472] Inferring partial write operation for 'input_features' (../../../../HWSWAI/HLS/SampleDatasetMLP.cpp:60:27)
INFO: [HLS 200-472] Inferring partial write operation for 'input_features_casted' (../../../../HWSWAI/HLS/SampleDatasetMLP.cpp:70:31)
INFO: [HLS 200-472] Inferring partial write operation for 'hidden_layer_1' (../../../../HWSWAI/HLS/SampleDatasetMLP.cpp:84:27)
INFO: [HLS 200-472] Inferring partial write operation for 'hidden_layer_2' (../../../../HWSWAI/HLS/SampleDatasetMLP.cpp:100:27)
INFO: [HLS 200-472] Inferring partial write operation for 'output_layer' (../../../../HWSWAI/HLS/SampleDatasetMLP.cpp:117:25)
INFO: [HLS 200-472] Inferring partial write operation for 'output_layer_casted' (../../../../HWSWAI/HLS/SampleDatasetMLP.cpp:124:32)
INFO: [HLS 200-111] Finished Architecture Synthesis: CPU user time: 0 seconds. CPU system time: 0 seconds. Elapsed time: 0.807 seconds; current allocated memory: 947.922 MB.
INFO: [HLS 200-10] Starting hardware synthesis ...
INFO: [HLS 200-10] Synthesizing 'MLP' ...
INFO: [HLS 200-10] ----------------------------------------------------------------
INFO: [HLS 200-42] -- Implementing module 'MLP_Pipeline_1' 
INFO: [HLS 200-10] ----------------------------------------------------------------
INFO: [SCHED 204-11] Starting scheduling ...
INFO: [SCHED 204-61] Pipelining loop 'Loop 1'.
INFO: [HLS 200-1470] Pipelining result : Target II = NA, Final II = 1, Depth = 1, loop 'Loop 1'
INFO: [SCHED 204-11] Finished scheduling.
INFO: [HLS 200-111] Finished Scheduling: CPU user time: 0 seconds. CPU system time: 0 seconds. Elapsed time: 0.66 seconds; current allocated memory: 947.922 MB.
INFO: [BIND 205-100] Starting micro-architecture generation ...
INFO: [BIND 205-101] Performing variable lifetime analysis.
INFO: [BIND 205-101] Exploring resource sharing.
INFO: [BIND 205-101] Binding ...
INFO: [BIND 205-100] Finished micro-architecture generation.
INFO: [HLS 200-111] Finished Binding: CPU user time: 0 seconds. CPU system time: 0 seconds. Elapsed time: 0.156 seconds; current allocated memory: 947.922 MB.
INFO: [HLS 200-10] ----------------------------------------------------------------
INFO: [HLS 200-42] -- Implementing module 'MLP_Pipeline_2' 
INFO: [HLS 200-10] ----------------------------------------------------------------
INFO: [SCHED 204-11] Starting scheduling ...
INFO: [SCHED 204-61] Pipelining loop 'Loop 1'.
INFO: [HLS 200-1470] Pipelining result : Target II = NA, Final II = 1, Depth = 1, loop 'Loop 1'
INFO: [SCHED 204-11] Finished scheduling.
INFO: [HLS 200-111] Finished Scheduling: CPU user time: 0 seconds. CPU system time: 0 seconds. Elapsed time: 0.142 seconds; current allocated memory: 947.922 MB.
INFO: [BIND 205-100] Starting micro-architecture generation ...
INFO: [BIND 205-101] Performing variable lifetime analysis.
INFO: [BIND 205-101] Exploring resource sharing.
INFO: [BIND 205-101] Binding ...
INFO: [BIND 205-100] Finished micro-architecture generation.
INFO: [HLS 200-111] Finished Binding: CPU user time: 0 seconds. CPU system time: 0 seconds. Elapsed time: 0.1 seconds; current allocated memory: 947.922 MB.
INFO: [HLS 200-10] ----------------------------------------------------------------
INFO: [HLS 200-42] -- Implementing module 'MLP_Pipeline_3' 
INFO: [HLS 200-10] ----------------------------------------------------------------
INFO: [SCHED 204-11] Starting scheduling ...
INFO: [SCHED 204-61] Pipelining loop 'Loop 1'.
INFO: [HLS 200-1470] Pipelining result : Target II = NA, Final II = 1, Depth = 1, loop 'Loop 1'
INFO: [SCHED 204-11] Finished scheduling.
INFO: [HLS 200-111] Finished Scheduling: CPU user time: 0 seconds. CPU system time: 0 seconds. Elapsed time: 0.292 seconds; current allocated memory: 947.922 MB.
INFO: [BIND 205-100] Starting micro-architecture generation ...
INFO: [BIND 205-101] Performing variable lifetime analysis.
INFO: [BIND 205-101] Exploring resource sharing.
INFO: [BIND 205-101] Binding ...
INFO: [BIND 205-100] Finished micro-architecture generation.
INFO: [HLS 200-111] Finished Binding: CPU user time: 0 seconds. CPU system time: 0 seconds. Elapsed time: 0.162 seconds; current allocated memory: 947.922 MB.
INFO: [HLS 200-10] ----------------------------------------------------------------
INFO: [HLS 200-42] -- Implementing module 'MLP_Pipeline_4' 
INFO: [HLS 200-10] ----------------------------------------------------------------
INFO: [SCHED 204-11] Starting scheduling ...
INFO: [SCHED 204-61] Pipelining loop 'Loop 1'.
INFO: [HLS 200-1470] Pipelining result : Target II = NA, Final II = 1, Depth = 1, loop 'Loop 1'
INFO: [SCHED 204-11] Finished scheduling.
INFO: [HLS 200-111] Finished Scheduling: CPU user time: 0 seconds. CPU system time: 0 seconds. Elapsed time: 0.202 seconds; current allocated memory: 947.922 MB.
INFO: [BIND 205-100] Starting micro-architecture generation ...
INFO: [BIND 205-101] Performing variable lifetime analysis.
INFO: [BIND 205-101] Exploring resource sharing.
INFO: [BIND 205-101] Binding ...
INFO: [BIND 205-100] Finished micro-architecture generation.
INFO: [HLS 200-111] Finished Binding: CPU user time: 0 seconds. CPU system time: 0 seconds. Elapsed time: 0.165 seconds; current allocated memory: 947.922 MB.
INFO: [HLS 200-10] ----------------------------------------------------------------
INFO: [HLS 200-42] -- Implementing module 'MLP_Pipeline_5' 
INFO: [HLS 200-10] ----------------------------------------------------------------
INFO: [SCHED 204-11] Starting scheduling ...
INFO: [SCHED 204-61] Pipelining loop 'Loop 1'.
INFO: [HLS 200-1470] Pipelining result : Target II = NA, Final II = 1, Depth = 1, loop 'Loop 1'
INFO: [SCHED 204-11] Finished scheduling.
INFO: [HLS 200-111] Finished Scheduling: CPU user time: 0 seconds. CPU system time: 0 seconds. Elapsed time: 0.222 seconds; current allocated memory: 947.922 MB.
INFO: [BIND 205-100] Starting micro-architecture generation ...
INFO: [BIND 205-101] Performing variable lifetime analysis.
INFO: [BIND 205-101] Exploring resource sharing.
INFO: [BIND 205-101] Binding ...
INFO: [BIND 205-100] Finished micro-architecture generation.
INFO: [HLS 200-111] Finished Binding: CPU user time: 0 seconds. CPU system time: 0 seconds. Elapsed time: 0.315 seconds; current allocated memory: 947.922 MB.
INFO: [HLS 200-10] ----------------------------------------------------------------
INFO: [HLS 200-42] -- Implementing module 'MLP_Pipeline_6' 
INFO: [HLS 200-10] ----------------------------------------------------------------
INFO: [SCHED 204-11] Starting scheduling ...
INFO: [SCHED 204-61] Pipelining loop 'Loop 1'.
INFO: [HLS 200-1470] Pipelining result : Target II = NA, Final II = 1, Depth = 1, loop 'Loop 1'
INFO: [SCHED 204-11] Finished scheduling.
INFO: [HLS 200-111] Finished Scheduling: CPU user time: 0 seconds. CPU system time: 0 seconds. Elapsed time: 0.181 seconds; current allocated memory: 947.922 MB.
INFO: [BIND 205-100] Starting micro-architecture generation ...
INFO: [BIND 205-101] Performing variable lifetime analysis.
INFO: [BIND 205-101] Exploring resource sharing.
INFO: [BIND 205-101] Binding ...
INFO: [BIND 205-100] Finished micro-architecture generation.
INFO: [HLS 200-111] Finished Binding: CPU user time: 0 seconds. CPU system time: 0 seconds. Elapsed time: 0.096 seconds; current allocated memory: 947.922 MB.
INFO: [HLS 200-10] ----------------------------------------------------------------
INFO: [HLS 200-42] -- Implementing module 'MLP_Pipeline_VITIS_LOOP_58_1' 
INFO: [HLS 200-10] ----------------------------------------------------------------
INFO: [SCHED 204-11] Starting scheduling ...
INFO: [SCHED 204-61] Pipelining loop 'VITIS_LOOP_58_1'.
INFO: [HLS 200-1470] Pipelining result : Target II = NA, Final II = 1, Depth = 2, loop 'VITIS_LOOP_58_1'
INFO: [SCHED 204-11] Finished scheduling.
INFO: [HLS 200-111] Finished Scheduling: CPU user time: 0 seconds. CPU system time: 0 seconds. Elapsed time: 0.158 seconds; current allocated memory: 947.922 MB.
INFO: [BIND 205-100] Starting micro-architecture generation ...
INFO: [BIND 205-101] Performing variable lifetime analysis.
INFO: [BIND 205-101] Exploring resource sharing.
INFO: [BIND 205-101] Binding ...
INFO: [BIND 205-100] Finished micro-architecture generation.
INFO: [HLS 200-111] Finished Binding: CPU user time: 0 seconds. CPU system time: 0 seconds. Elapsed time: 0.112 seconds; current allocated memory: 947.922 MB.
INFO: [HLS 200-10] ----------------------------------------------------------------
INFO: [HLS 200-42] -- Implementing module 'MLP_Pipeline_VITIS_LOOP_69_2' 
INFO: [HLS 200-10] ----------------------------------------------------------------
INFO: [SCHED 204-11] Starting scheduling ...
INFO: [SCHED 204-61] Pipelining loop 'VITIS_LOOP_69_2'.
INFO: [HLS 200-1470] Pipelining result : Target II = NA, Final II = 1, Depth = 29, loop 'VITIS_LOOP_69_2'
INFO: [SCHED 204-11] Finished scheduling.
INFO: [HLS 200-111] Finished Scheduling: CPU user time: 0 seconds. CPU system time: 0 seconds. Elapsed time: 0.203 seconds; current allocated memory: 947.922 MB.
INFO: [BIND 205-100] Starting micro-architecture generation ...
INFO: [BIND 205-101] Performing variable lifetime analysis.
INFO: [BIND 205-101] Exploring resource sharing.
INFO: [BIND 205-101] Binding ...
INFO: [BIND 205-100] Finished micro-architecture generation.
INFO: [HLS 200-111] Finished Binding: CPU user time: 0 seconds. CPU system time: 0 seconds. Elapsed time: 0.292 seconds; current allocated memory: 947.922 MB.
INFO: [HLS 200-10] ----------------------------------------------------------------
INFO: [HLS 200-42] -- Implementing module 'MLP_Pipeline_VITIS_LOOP_77_3' 
INFO: [HLS 200-10] ----------------------------------------------------------------
INFO: [SCHED 204-11] Starting scheduling ...
INFO: [SCHED 204-61] Pipelining loop 'VITIS_LOOP_77_3'.
INFO: [HLS 200-1470] Pipelining result : Target II = NA, Final II = 1, Depth = 203, loop 'VITIS_LOOP_77_3'
INFO: [SCHED 204-11] Finished scheduling.
INFO: [HLS 200-111] Finished Scheduling: CPU user time: 1 seconds. CPU system time: 0 seconds. Elapsed time: 1.364 seconds; current allocated memory: 947.922 MB.
INFO: [BIND 205-100] Starting micro-architecture generation ...
INFO: [BIND 205-101] Performing variable lifetime analysis.
INFO: [BIND 205-101] Exploring resource sharing.
INFO: [BIND 205-101] Binding ...
INFO: [BIND 205-100] Finished micro-architecture generation.
INFO: [HLS 200-111] Finished Binding: CPU user time: 1 seconds. CPU system time: 0 seconds. Elapsed time: 1.8 seconds; current allocated memory: 947.922 MB.
INFO: [HLS 200-10] ----------------------------------------------------------------
INFO: [HLS 200-42] -- Implementing module 'MLP_Pipeline_VITIS_LOOP_94_5' 
INFO: [HLS 200-10] ----------------------------------------------------------------
INFO: [SCHED 204-11] Starting scheduling ...
INFO: [SCHED 204-61] Pipelining loop 'VITIS_LOOP_94_5'.
INFO: [HLS 200-1470] Pipelining result : Target II = NA, Final II = 1, Depth = 107, loop 'VITIS_LOOP_94_5'
INFO: [SCHED 204-11] Finished scheduling.
INFO: [HLS 200-111] Finished Scheduling: CPU user time: 2 seconds. CPU system time: 0 seconds. Elapsed time: 2.205 seconds; current allocated memory: 947.922 MB.
INFO: [BIND 205-100] Starting micro-architecture generation ...
INFO: [BIND 205-101] Performing variable lifetime analysis.
INFO: [BIND 205-101] Exploring resource sharing.
INFO: [BIND 205-101] Binding ...
INFO: [BIND 205-100] Finished micro-architecture generation.
INFO: [HLS 200-111] Finished Binding: CPU user time: 1 seconds. CPU system time: 0 seconds. Elapsed time: 0.988 seconds; current allocated memory: 947.922 MB.
INFO: [HLS 200-10] ----------------------------------------------------------------
INFO: [HLS 200-42] -- Implementing module 'MLP_Pipeline_VITIS_LOOP_111_7' 
INFO: [HLS 200-10] ----------------------------------------------------------------
INFO: [SCHED 204-11] Starting scheduling ...
INFO: [SCHED 204-61] Pipelining loop 'VITIS_LOOP_111_7'.
INFO: [HLS 200-1470] Pipelining result : Target II = NA, Final II = 1, Depth = 57, loop 'VITIS_LOOP_111_7'
INFO: [SCHED 204-11] Finished scheduling.
INFO: [HLS 200-111] Finished Scheduling: CPU user time: 0 seconds. CPU system time: 0 seconds. Elapsed time: 1.114 seconds; current allocated memory: 947.922 MB.
INFO: [BIND 205-100] Starting micro-architecture generation ...
INFO: [BIND 205-101] Performing variable lifetime analysis.
INFO: [BIND 205-101] Exploring resource sharing.
INFO: [BIND 205-101] Binding ...
INFO: [BIND 205-100] Finished micro-architecture generation.
INFO: [HLS 200-111] Finished Binding: CPU user time: 0 seconds. CPU system time: 0 seconds. Elapsed time: 0.587 seconds; current allocated memory: 947.922 MB.
INFO: [HLS 200-10] ----------------------------------------------------------------
INFO: [HLS 200-42] -- Implementing module 'MLP_Pipeline_VITIS_LOOP_123_9' 
INFO: [HLS 200-10] ----------------------------------------------------------------
INFO: [SCHED 204-11] Starting scheduling ...
INFO: [SCHED 204-61] Pipelining loop 'VITIS_LOOP_123_9'.
INFO: [HLS 200-1470] Pipelining result : Target II = NA, Final II = 1, Depth = 6, loop 'VITIS_LOOP_123_9'
INFO: [SCHED 204-11] Finished scheduling.
INFO: [HLS 200-111] Finished Scheduling: CPU user time: 1 seconds. CPU system time: 0 seconds. Elapsed time: 0.753 seconds; current allocated memory: 947.922 MB.
INFO: [BIND 205-100] Starting micro-architecture generation ...
INFO: [BIND 205-101] Performing variable lifetime analysis.
INFO: [BIND 205-101] Exploring resource sharing.
INFO: [BIND 205-101] Binding ...
INFO: [BIND 205-100] Finished micro-architecture generation.
INFO: [HLS 200-111] Finished Binding: CPU user time: 0 seconds. CPU system time: 0 seconds. Elapsed time: 0.218 seconds; current allocated memory: 947.922 MB.
INFO: [HLS 200-10] ----------------------------------------------------------------
INFO: [HLS 200-42] -- Implementing module 'MLP_Pipeline_VITIS_LOOP_128_10' 
INFO: [HLS 200-10] ----------------------------------------------------------------
INFO: [SCHED 204-11] Starting scheduling ...
INFO: [SCHED 204-61] Pipelining loop 'VITIS_LOOP_128_10'.
INFO: [HLS 200-1470] Pipelining result : Target II = NA, Final II = 1, Depth = 2, loop 'VITIS_LOOP_128_10'
INFO: [SCHED 204-11] Finished scheduling.
INFO: [HLS 200-111] Finished Scheduling: CPU user time: 0 seconds. CPU system time: 0 seconds. Elapsed time: 0.234 seconds; current allocated memory: 947.922 MB.
INFO: [BIND 205-100] Starting micro-architecture generation ...
INFO: [BIND 205-101] Performing variable lifetime analysis.
INFO: [BIND 205-101] Exploring resource sharing.
INFO: [BIND 205-101] Binding ...
INFO: [BIND 205-100] Finished micro-architecture generation.
INFO: [HLS 200-111] Finished Binding: CPU user time: 0 seconds. CPU system time: 0 seconds. Elapsed time: 0.107 seconds; current allocated memory: 947.922 MB.
INFO: [HLS 200-10] ----------------------------------------------------------------
INFO: [HLS 200-42] -- Implementing module 'MLP' 
INFO: [HLS 200-10] ----------------------------------------------------------------
INFO: [SCHED 204-11] Starting scheduling ...
INFO: [SCHED 204-11] Finished scheduling.
INFO: [HLS 200-111] Finished Scheduling: CPU user time: 0 seconds. CPU system time: 0 seconds. Elapsed time: 0.448 seconds; current allocated memory: 947.922 MB.
INFO: [BIND 205-100] Starting micro-architecture generation ...
INFO: [BIND 205-101] Performing variable lifetime analysis.
INFO: [BIND 205-101] Exploring resource sharing.
INFO: [BIND 205-101] Binding ...
INFO: [BIND 205-100] Finished micro-architecture generation.
INFO: [HLS 200-111] Finished Binding: CPU user time: 1 seconds. CPU system time: 0 seconds. Elapsed time: 1.14 seconds; current allocated memory: 947.922 MB.
INFO: [HLS 200-10] ----------------------------------------------------------------
INFO: [HLS 200-10] -- Generating RTL for module 'MLP_Pipeline_1' 
INFO: [HLS 200-10] ----------------------------------------------------------------
INFO: [RTGEN 206-100] Finished creating RTL model for 'MLP_Pipeline_1'.
INFO: [HLS 200-111] Finished Creating RTL model: CPU user time: 0 seconds. CPU system time: 0 seconds. Elapsed time: 1.701 seconds; current allocated memory: 947.922 MB.
INFO: [HLS 200-10] ----------------------------------------------------------------
INFO: [HLS 200-10] -- Generating RTL for module 'MLP_Pipeline_2' 
INFO: [HLS 200-10] ----------------------------------------------------------------
INFO: [RTGEN 206-100] Finished creating RTL model for 'MLP_Pipeline_2'.
INFO: [HLS 200-111] Finished Creating RTL model: CPU user time: 0 seconds. CPU system time: 0 seconds. Elapsed time: 0.165 seconds; current allocated memory: 947.922 MB.
INFO: [HLS 200-10] ----------------------------------------------------------------
INFO: [HLS 200-10] -- Generating RTL for module 'MLP_Pipeline_3' 
INFO: [HLS 200-10] ----------------------------------------------------------------
INFO: [RTGEN 206-100] Finished creating RTL model for 'MLP_Pipeline_3'.
INFO: [HLS 200-111] Finished Creating RTL model: CPU user time: 0 seconds. CPU system time: 0 seconds. Elapsed time: 0.159 seconds; current allocated memory: 947.922 MB.
INFO: [HLS 200-10] ----------------------------------------------------------------
INFO: [HLS 200-10] -- Generating RTL for module 'MLP_Pipeline_4' 
INFO: [HLS 200-10] ----------------------------------------------------------------
INFO: [RTGEN 206-100] Finished creating RTL model for 'MLP_Pipeline_4'.
INFO: [HLS 200-111] Finished Creating RTL model: CPU user time: 0 seconds. CPU system time: 0 seconds. Elapsed time: 0.173 seconds; current allocated memory: 947.922 MB.
INFO: [HLS 200-10] ----------------------------------------------------------------
INFO: [HLS 200-10] -- Generating RTL for module 'MLP_Pipeline_5' 
INFO: [HLS 200-10] ----------------------------------------------------------------
INFO: [RTGEN 206-100] Finished creating RTL model for 'MLP_Pipeline_5'.
INFO: [HLS 200-111] Finished Creating RTL model: CPU user time: 1 seconds. CPU system time: 0 seconds. Elapsed time: 0.407 seconds; current allocated memory: 947.922 MB.
INFO: [HLS 200-10] ----------------------------------------------------------------
INFO: [HLS 200-10] -- Generating RTL for module 'MLP_Pipeline_6' 
INFO: [HLS 200-10] ----------------------------------------------------------------
INFO: [RTGEN 206-100] Finished creating RTL model for 'MLP_Pipeline_6'.
INFO: [HLS 200-111] Finished Creating RTL model: CPU user time: 0 seconds. CPU system time: 0 seconds. Elapsed time: 0.246 seconds; current allocated memory: 947.922 MB.
INFO: [HLS 200-10] ----------------------------------------------------------------
INFO: [HLS 200-10] -- Generating RTL for module 'MLP_Pipeline_VITIS_LOOP_58_1' 
INFO: [HLS 200-10] ----------------------------------------------------------------
INFO: [HLS 200-1030] Apply Unified Pipeline Control on module 'MLP_Pipeline_VITIS_LOOP_58_1' pipeline 'VITIS_LOOP_58_1' pipeline type 'loop pipeline'
INFO: [RTGEN 206-100] Finished creating RTL model for 'MLP_Pipeline_VITIS_LOOP_58_1'.
INFO: [HLS 200-111] Finished Creating RTL model: CPU user time: 0 seconds. CPU system time: 0 seconds. Elapsed time: 0.182 seconds; current allocated memory: 947.922 MB.
INFO: [HLS 200-10] ----------------------------------------------------------------
INFO: [HLS 200-10] -- Generating RTL for module 'MLP_Pipeline_VITIS_LOOP_69_2' 
INFO: [HLS 200-10] ----------------------------------------------------------------
INFO: [HLS 200-1030] Apply Unified Pipeline Control on module 'MLP_Pipeline_VITIS_LOOP_69_2' pipeline 'VITIS_LOOP_69_2' pipeline type 'loop pipeline'
INFO: [RTGEN 206-100] Generating core module 'ddiv_64ns_64ns_64_22_no_dsp_1': 1 instance(s).
INFO: [RTGEN 206-100] Generating core module 'fptrunc_64ns_32_2_no_dsp_1': 1 instance(s).
INFO: [RTGEN 206-100] Generating core module 'sitodp_32ns_64_4_no_dsp_1': 1 instance(s).
INFO: [RTGEN 206-100] Finished creating RTL model for 'MLP_Pipeline_VITIS_LOOP_69_2'.
INFO: [HLS 200-111] Finished Creating RTL model: CPU user time: 0 seconds. CPU system time: 0 seconds. Elapsed time: 0.414 seconds; current allocated memory: 947.922 MB.
INFO: [HLS 200-10] ----------------------------------------------------------------
INFO: [HLS 200-10] -- Generating RTL for module 'MLP_Pipeline_VITIS_LOOP_77_3' 
INFO: [HLS 200-10] ----------------------------------------------------------------
INFO: [HLS 200-1030] Apply Unified Pipeline Control on module 'MLP_Pipeline_VITIS_LOOP_77_3' pipeline 'VITIS_LOOP_77_3' pipeline type 'loop pipeline'
INFO: [RTGEN 206-104] Estimated max fanout for 'MLP_Pipeline_VITIS_LOOP_77_3' is 17639 from HDL expression: (1'b0 == ap_block_pp0_stage0_11001)
INFO: [RTGEN 206-100] Generating core module 'fadd_32ns_32ns_32_4_full_dsp_1': 49 instance(s).
INFO: [RTGEN 206-100] Generating core module 'fcmp_32ns_32ns_1_2_no_dsp_1': 1 instance(s).
INFO: [RTGEN 206-100] Generating core module 'fmul_32ns_32ns_32_3_max_dsp_1': 48 instance(s).
INFO: [RTGEN 206-100] Finished creating RTL model for 'MLP_Pipeline_VITIS_LOOP_77_3'.
INFO: [HLS 200-111] Finished Creating RTL model: CPU user time: 0 seconds. CPU system time: 0 seconds. Elapsed time: 1.513 seconds; current allocated memory: 947.922 MB.
INFO: [HLS 200-10] ----------------------------------------------------------------
INFO: [HLS 200-10] -- Generating RTL for module 'MLP_Pipeline_VITIS_LOOP_94_5' 
INFO: [HLS 200-10] ----------------------------------------------------------------
INFO: [HLS 200-1030] Apply Unified Pipeline Control on module 'MLP_Pipeline_VITIS_LOOP_94_5' pipeline 'VITIS_LOOP_94_5' pipeline type 'loop pipeline'
INFO: [RTGEN 206-104] Estimated max fanout for 'MLP_Pipeline_VITIS_LOOP_94_5' is 9095 from HDL expression: (1'b0 == ap_block_pp0_stage0_11001)
INFO: [RTGEN 206-100] Generating core module 'fadd_32ns_32ns_32_4_full_dsp_1': 25 instance(s).
INFO: [RTGEN 206-100] Generating core module 'fcmp_32ns_32ns_1_2_no_dsp_1': 1 instance(s).
INFO: [RTGEN 206-100] Generating core module 'fmul_32ns_32ns_32_3_max_dsp_1': 24 instance(s).
INFO: [RTGEN 206-100] Finished creating RTL model for 'MLP_Pipeline_VITIS_LOOP_94_5'.
INFO: [HLS 200-111] Finished Creating RTL model: CPU user time: 2 seconds. CPU system time: 1 seconds. Elapsed time: 3.836 seconds; current allocated memory: 947.922 MB.
INFO: [HLS 200-10] ----------------------------------------------------------------
INFO: [HLS 200-10] -- Generating RTL for module 'MLP_Pipeline_VITIS_LOOP_111_7' 
INFO: [HLS 200-10] ----------------------------------------------------------------
INFO: [HLS 200-1030] Apply Unified Pipeline Control on module 'MLP_Pipeline_VITIS_LOOP_111_7' pipeline 'VITIS_LOOP_111_7' pipeline type 'loop pipeline'
INFO: [RTGEN 206-100] Generating core module 'fadd_32ns_32ns_32_4_full_dsp_1': 13 instance(s).
INFO: [RTGEN 206-100] Generating core module 'fmul_32ns_32ns_32_3_max_dsp_1': 12 instance(s).
INFO: [RTGEN 206-100] Finished creating RTL model for 'MLP_Pipeline_VITIS_LOOP_111_7'.
INFO: [HLS 200-111] Finished Creating RTL model: CPU user time: 1 seconds. CPU system time: 0 seconds. Elapsed time: 1.512 seconds; current allocated memory: 947.922 MB.
INFO: [HLS 200-10] ----------------------------------------------------------------
INFO: [HLS 200-10] -- Generating RTL for module 'MLP_Pipeline_VITIS_LOOP_123_9' 
INFO: [HLS 200-10] ----------------------------------------------------------------
INFO: [HLS 200-1030] Apply Unified Pipeline Control on module 'MLP_Pipeline_VITIS_LOOP_123_9' pipeline 'VITIS_LOOP_123_9' pipeline type 'loop pipeline'
INFO: [RTGEN 206-100] Generating core module 'fmul_32ns_32ns_32_3_max_dsp_1': 1 instance(s).
INFO: [RTGEN 206-100] Finished creating RTL model for 'MLP_Pipeline_VITIS_LOOP_123_9'.
INFO: [HLS 200-111] Finished Creating RTL model: CPU user time: 0 seconds. CPU system time: 0 seconds. Elapsed time: 0.75 seconds; current allocated memory: 947.922 MB.
INFO: [HLS 200-10] ----------------------------------------------------------------
INFO: [HLS 200-10] -- Generating RTL for module 'MLP_Pipeline_VITIS_LOOP_128_10' 
INFO: [HLS 200-10] ----------------------------------------------------------------
INFO: [HLS 200-1030] Apply Unified Pipeline Control on module 'MLP_Pipeline_VITIS_LOOP_128_10' pipeline 'VITIS_LOOP_128_10' pipeline type 'loop pipeline'
INFO: [RTGEN 206-100] Finished creating RTL model for 'MLP_Pipeline_VITIS_LOOP_128_10'.
INFO: [HLS 200-111] Finished Creating RTL model: CPU user time: 0 seconds. CPU system time: 0 seconds. Elapsed time: 0.347 seconds; current allocated memory: 947.922 MB.
INFO: [HLS 200-10] ----------------------------------------------------------------
INFO: [HLS 200-10] -- Generating RTL for module 'MLP' 
INFO: [HLS 200-10] ----------------------------------------------------------------
WARNING: [RTGEN 206-101] Design contains AXI ports. Reset is fixed to synchronous and active low.
INFO: [RTGEN 206-500] Setting interface mode on port 'MLP/in_data_V_data_V' to 'axis' (register, both mode).
INFO: [RTGEN 206-500] Setting interface mode on port 'MLP/in_data_V_keep_V' to 'axis' (register, both mode).
INFO: [RTGEN 206-500] Setting interface mode on port 'MLP/in_data_V_strb_V' to 'axis' (register, both mode).
INFO: [RTGEN 206-500] Setting interface mode on port 'MLP/in_data_V_user_V' to 'axis' (register, both mode).
INFO: [RTGEN 206-500] Setting interface mode on port 'MLP/in_data_V_last_V' to 'axis' (register, both mode).
INFO: [RTGEN 206-500] Setting interface mode on port 'MLP/in_data_V_id_V' to 'axis' (register, both mode).
INFO: [RTGEN 206-500] Setting interface mode on port 'MLP/in_data_V_dest_V' to 'axis' (register, both mode).
INFO: [RTGEN 206-500] Setting interface mode on port 'MLP/out_data_V_data_V' to 'axis' (register, both mode).
INFO: [RTGEN 206-500] Setting interface mode on port 'MLP/out_data_V_keep_V' to 'axis' (register, both mode).
INFO: [RTGEN 206-500] Setting interface mode on port 'MLP/out_data_V_strb_V' to 'axis' (register, both mode).
INFO: [RTGEN 206-500] Setting interface mode on port 'MLP/out_data_V_user_V' to 'axis' (register, both mode).
INFO: [RTGEN 206-500] Setting interface mode on port 'MLP/out_data_V_last_V' to 'axis' (register, both mode).
INFO: [RTGEN 206-500] Setting interface mode on port 'MLP/out_data_V_id_V' to 'axis' (register, both mode).
INFO: [RTGEN 206-500] Setting interface mode on port 'MLP/out_data_V_dest_V' to 'axis' (register, both mode).
INFO: [RTGEN 206-500] Setting interface mode on function 'MLP' to 's_axilite & ap_ctrl_hs'.
INFO: [RTGEN 206-100] Bundling port 'return' to AXI-Lite port control.
INFO: [RTGEN 206-100] Generating core module 'fadd_32ns_32ns_32_4_full_dsp_1': 25 instance(s).
INFO: [RTGEN 206-100] Generating core module 'fcmp_32ns_32ns_1_2_no_dsp_1': 1 instance(s).
INFO: [RTGEN 206-100] Generating core module 'fmul_32ns_32ns_32_3_max_dsp_1': 24 instance(s).
INFO: [RTGEN 206-100] Finished creating RTL model for 'MLP'.
INFO: [HLS 200-111] Finished Creating RTL model: CPU user time: 1 seconds. CPU system time: 0 seconds. Elapsed time: 1.497 seconds; current allocated memory: 947.922 MB.
INFO: [RTMG 210-279] Implementing memory 'MLP_MLP_Pipeline_VITIS_LOOP_77_3_weights_1_0_ROM_AUTO_1R' using auto ROMs.
INFO: [RTMG 210-279] Implementing memory 'MLP_MLP_Pipeline_VITIS_LOOP_77_3_weights_1_1_ROM_AUTO_1R' using auto ROMs.
INFO: [RTMG 210-279] Implementing memory 'MLP_MLP_Pipeline_VITIS_LOOP_77_3_weights_1_2_ROM_AUTO_1R' using auto ROMs.
INFO: [RTMG 210-279] Implementing memory 'MLP_MLP_Pipeline_VITIS_LOOP_77_3_weights_1_3_ROM_AUTO_1R' using auto ROMs.
INFO: [RTMG 210-279] Implementing memory 'MLP_MLP_Pipeline_VITIS_LOOP_77_3_weights_1_4_ROM_AUTO_1R' using auto ROMs.
INFO: [RTMG 210-279] Implementing memory 'MLP_MLP_Pipeline_VITIS_LOOP_77_3_weights_1_5_ROM_AUTO_1R' using auto ROMs.
INFO: [RTMG 210-279] Implementing memory 'MLP_MLP_Pipeline_VITIS_LOOP_77_3_weights_1_6_ROM_AUTO_1R' using auto ROMs.
INFO: [RTMG 210-279] Implementing memory 'MLP_MLP_Pipeline_VITIS_LOOP_77_3_weights_1_7_ROM_AUTO_1R' using auto ROMs.
INFO: [RTMG 210-279] Implementing memory 'MLP_MLP_Pipeline_VITIS_LOOP_77_3_weights_1_8_ROM_AUTO_1R' using auto ROMs.
INFO: [RTMG 210-279] Implementing memory 'MLP_MLP_Pipeline_VITIS_LOOP_77_3_weights_1_9_ROM_AUTO_1R' using auto ROMs.
INFO: [RTMG 210-279] Implementing memory 'MLP_MLP_Pipeline_VITIS_LOOP_77_3_weights_1_10_ROM_AUTO_1R' using auto ROMs.
INFO: [RTMG 210-279] Implementing memory 'MLP_MLP_Pipeline_VITIS_LOOP_77_3_weights_1_11_ROM_AUTO_1R' using auto ROMs.
INFO: [RTMG 210-279] Implementing memory 'MLP_MLP_Pipeline_VITIS_LOOP_77_3_weights_1_12_ROM_AUTO_1R' using auto ROMs.
INFO: [RTMG 210-279] Implementing memory 'MLP_MLP_Pipeline_VITIS_LOOP_77_3_weights_1_13_ROM_AUTO_1R' using auto ROMs.
INFO: [RTMG 210-279] Implementing memory 'MLP_MLP_Pipeline_VITIS_LOOP_77_3_weights_1_14_ROM_AUTO_1R' using auto ROMs.
INFO: [RTMG 210-279] Implementing memory 'MLP_MLP_Pipeline_VITIS_LOOP_77_3_weights_1_15_ROM_AUTO_1R' using auto ROMs.
INFO: [RTMG 210-279] Implementing memory 'MLP_MLP_Pipeline_VITIS_LOOP_77_3_weights_1_16_ROM_AUTO_1R' using auto ROMs.
INFO: [RTMG 210-279] Implementing memory 'MLP_MLP_Pipeline_VITIS_LOOP_77_3_weights_1_17_ROM_AUTO_1R' using auto ROMs.
INFO: [RTMG 210-279] Implementing memory 'MLP_MLP_Pipeline_VITIS_LOOP_77_3_weights_1_18_ROM_AUTO_1R' using auto ROMs.
INFO: [RTMG 210-279] Implementing memory 'MLP_MLP_Pipeline_VITIS_LOOP_77_3_weights_1_19_ROM_AUTO_1R' using auto ROMs.
INFO: [RTMG 210-279] Implementing memory 'MLP_MLP_Pipeline_VITIS_LOOP_77_3_weights_1_20_ROM_AUTO_1R' using auto ROMs.
INFO: [RTMG 210-279] Implementing memory 'MLP_MLP_Pipeline_VITIS_LOOP_77_3_weights_1_21_ROM_AUTO_1R' using auto ROMs.
INFO: [RTMG 210-279] Implementing memory 'MLP_MLP_Pipeline_VITIS_LOOP_77_3_weights_1_22_ROM_AUTO_1R' using auto ROMs.
INFO: [RTMG 210-279] Implementing memory 'MLP_MLP_Pipeline_VITIS_LOOP_77_3_weights_1_23_ROM_AUTO_1R' using auto ROMs.
INFO: [RTMG 210-279] Implementing memory 'MLP_MLP_Pipeline_VITIS_LOOP_77_3_weights_1_24_ROM_AUTO_1R' using auto ROMs.
INFO: [RTMG 210-279] Implementing memory 'MLP_MLP_Pipeline_VITIS_LOOP_77_3_weights_1_25_ROM_AUTO_1R' using auto ROMs.
INFO: [RTMG 210-279] Implementing memory 'MLP_MLP_Pipeline_VITIS_LOOP_77_3_weights_1_26_ROM_AUTO_1R' using auto ROMs.
INFO: [RTMG 210-279] Implementing memory 'MLP_MLP_Pipeline_VITIS_LOOP_77_3_weights_1_27_ROM_AUTO_1R' using auto ROMs.
INFO: [RTMG 210-279] Implementing memory 'MLP_MLP_Pipeline_VITIS_LOOP_77_3_weights_1_28_ROM_AUTO_1R' using auto ROMs.
INFO: [RTMG 210-279] Implementing memory 'MLP_MLP_Pipeline_VITIS_LOOP_77_3_weights_1_29_ROM_AUTO_1R' using auto ROMs.
INFO: [RTMG 210-279] Implementing memory 'MLP_MLP_Pipeline_VITIS_LOOP_77_3_weights_1_30_ROM_AUTO_1R' using auto ROMs.
INFO: [RTMG 210-279] Implementing memory 'MLP_MLP_Pipeline_VITIS_LOOP_77_3_weights_1_31_ROM_AUTO_1R' using auto ROMs.
INFO: [RTMG 210-279] Implementing memory 'MLP_MLP_Pipeline_VITIS_LOOP_77_3_weights_1_32_ROM_AUTO_1R' using auto ROMs.
INFO: [RTMG 210-279] Implementing memory 'MLP_MLP_Pipeline_VITIS_LOOP_77_3_weights_1_33_ROM_AUTO_1R' using auto ROMs.
INFO: [RTMG 210-279] Implementing memory 'MLP_MLP_Pipeline_VITIS_LOOP_77_3_weights_1_34_ROM_AUTO_1R' using auto ROMs.
INFO: [RTMG 210-279] Implementing memory 'MLP_MLP_Pipeline_VITIS_LOOP_77_3_weights_1_35_ROM_AUTO_1R' using auto ROMs.
INFO: [RTMG 210-279] Implementing memory 'MLP_MLP_Pipeline_VITIS_LOOP_77_3_weights_1_36_ROM_AUTO_1R' using auto ROMs.
INFO: [RTMG 210-279] Implementing memory 'MLP_MLP_Pipeline_VITIS_LOOP_77_3_weights_1_37_ROM_AUTO_1R' using auto ROMs.
INFO: [RTMG 210-279] Implementing memory 'MLP_MLP_Pipeline_VITIS_LOOP_77_3_weights_1_38_ROM_AUTO_1R' using auto ROMs.
INFO: [RTMG 210-279] Implementing memory 'MLP_MLP_Pipeline_VITIS_LOOP_77_3_weights_1_39_ROM_AUTO_1R' using auto ROMs.
INFO: [RTMG 210-279] Implementing memory 'MLP_MLP_Pipeline_VITIS_LOOP_77_3_weights_1_40_ROM_AUTO_1R' using auto ROMs.
INFO: [RTMG 210-279] Implementing memory 'MLP_MLP_Pipeline_VITIS_LOOP_77_3_weights_1_41_ROM_AUTO_1R' using auto ROMs.
INFO: [RTMG 210-279] Implementing memory 'MLP_MLP_Pipeline_VITIS_LOOP_77_3_weights_1_42_ROM_AUTO_1R' using auto ROMs.
INFO: [RTMG 210-279] Implementing memory 'MLP_MLP_Pipeline_VITIS_LOOP_77_3_weights_1_43_ROM_AUTO_1R' using auto ROMs.
INFO: [RTMG 210-279] Implementing memory 'MLP_MLP_Pipeline_VITIS_LOOP_77_3_weights_1_44_ROM_AUTO_1R' using auto ROMs.
INFO: [RTMG 210-279] Implementing memory 'MLP_MLP_Pipeline_VITIS_LOOP_77_3_weights_1_45_ROM_AUTO_1R' using auto ROMs.
INFO: [RTMG 210-279] Implementing memory 'MLP_MLP_Pipeline_VITIS_LOOP_77_3_weights_1_46_ROM_AUTO_1R' using auto ROMs.
INFO: [RTMG 210-279] Implementing memory 'MLP_MLP_Pipeline_VITIS_LOOP_77_3_weights_1_47_ROM_AUTO_1R' using auto ROMs.
INFO: [RTMG 210-279] Implementing memory 'MLP_MLP_Pipeline_VITIS_LOOP_77_3_hidden_bias_1_ROM_AUTO_1R' using auto ROMs.
INFO: [RTMG 210-279] Implementing memory 'MLP_MLP_Pipeline_VITIS_LOOP_94_5_weights_2_0_ROM_AUTO_1R' using auto ROMs.
INFO: [RTMG 210-279] Implementing memory 'MLP_MLP_Pipeline_VITIS_LOOP_94_5_weights_2_1_ROM_AUTO_1R' using auto ROMs.
INFO: [RTMG 210-279] Implementing memory 'MLP_MLP_Pipeline_VITIS_LOOP_94_5_weights_2_2_ROM_AUTO_1R' using auto ROMs.
INFO: [RTMG 210-279] Implementing memory 'MLP_MLP_Pipeline_VITIS_LOOP_94_5_weights_2_3_ROM_AUTO_1R' using auto ROMs.
INFO: [RTMG 210-279] Implementing memory 'MLP_MLP_Pipeline_VITIS_LOOP_94_5_weights_2_4_ROM_AUTO_1R' using auto ROMs.
INFO: [RTMG 210-279] Implementing memory 'MLP_MLP_Pipeline_VITIS_LOOP_94_5_weights_2_5_ROM_AUTO_1R' using auto ROMs.
INFO: [RTMG 210-279] Implementing memory 'MLP_MLP_Pipeline_VITIS_LOOP_94_5_weights_2_6_ROM_AUTO_1R' using auto ROMs.
INFO: [RTMG 210-279] Implementing memory 'MLP_MLP_Pipeline_VITIS_LOOP_94_5_weights_2_7_ROM_AUTO_1R' using auto ROMs.
INFO: [RTMG 210-279] Implementing memory 'MLP_MLP_Pipeline_VITIS_LOOP_94_5_weights_2_8_ROM_AUTO_1R' using auto ROMs.
INFO: [RTMG 210-279] Implementing memory 'MLP_MLP_Pipeline_VITIS_LOOP_94_5_weights_2_9_ROM_AUTO_1R' using auto ROMs.
INFO: [RTMG 210-279] Implementing memory 'MLP_MLP_Pipeline_VITIS_LOOP_94_5_weights_2_10_ROM_AUTO_1R' using auto ROMs.
INFO: [RTMG 210-279] Implementing memory 'MLP_MLP_Pipeline_VITIS_LOOP_94_5_weights_2_11_ROM_AUTO_1R' using auto ROMs.
INFO: [RTMG 210-279] Implementing memory 'MLP_MLP_Pipeline_VITIS_LOOP_94_5_weights_2_12_ROM_AUTO_1R' using auto ROMs.
INFO: [RTMG 210-279] Implementing memory 'MLP_MLP_Pipeline_VITIS_LOOP_94_5_weights_2_13_ROM_AUTO_1R' using auto ROMs.
INFO: [RTMG 210-279] Implementing memory 'MLP_MLP_Pipeline_VITIS_LOOP_94_5_weights_2_14_ROM_AUTO_1R' using auto ROMs.
INFO: [RTMG 210-279] Implementing memory 'MLP_MLP_Pipeline_VITIS_LOOP_94_5_weights_2_15_ROM_AUTO_1R' using auto ROMs.
INFO: [RTMG 210-279] Implementing memory 'MLP_MLP_Pipeline_VITIS_LOOP_94_5_weights_2_16_ROM_AUTO_1R' using auto ROMs.
INFO: [RTMG 210-279] Implementing memory 'MLP_MLP_Pipeline_VITIS_LOOP_94_5_weights_2_17_ROM_AUTO_1R' using auto ROMs.
INFO: [RTMG 210-279] Implementing memory 'MLP_MLP_Pipeline_VITIS_LOOP_94_5_weights_2_18_ROM_AUTO_1R' using auto ROMs.
INFO: [RTMG 210-279] Implementing memory 'MLP_MLP_Pipeline_VITIS_LOOP_94_5_weights_2_19_ROM_AUTO_1R' using auto ROMs.
INFO: [RTMG 210-279] Implementing memory 'MLP_MLP_Pipeline_VITIS_LOOP_94_5_weights_2_20_ROM_AUTO_1R' using auto ROMs.
INFO: [RTMG 210-279] Implementing memory 'MLP_MLP_Pipeline_VITIS_LOOP_94_5_weights_2_21_ROM_AUTO_1R' using auto ROMs.
INFO: [RTMG 210-279] Implementing memory 'MLP_MLP_Pipeline_VITIS_LOOP_94_5_weights_2_22_ROM_AUTO_1R' using auto ROMs.
INFO: [RTMG 210-279] Implementing memory 'MLP_MLP_Pipeline_VITIS_LOOP_94_5_weights_2_23_ROM_AUTO_1R' using auto ROMs.
INFO: [RTMG 210-279] Implementing memory 'MLP_MLP_Pipeline_VITIS_LOOP_94_5_hidden_bias_2_ROM_AUTO_1R' using auto ROMs.
INFO: [RTMG 210-279] Implementing memory 'MLP_MLP_Pipeline_VITIS_LOOP_111_7_output_weights_0_ROM_AUTO_1R' using auto ROMs.
INFO: [RTMG 210-279] Implementing memory 'MLP_MLP_Pipeline_VITIS_LOOP_111_7_output_weights_1_ROM_AUTO_1R' using auto ROMs.
INFO: [RTMG 210-279] Implementing memory 'MLP_MLP_Pipeline_VITIS_LOOP_111_7_output_weights_2_ROM_AUTO_1R' using auto ROMs.
INFO: [RTMG 210-279] Implementing memory 'MLP_MLP_Pipeline_VITIS_LOOP_111_7_output_weights_3_ROM_AUTO_1R' using auto ROMs.
INFO: [RTMG 210-279] Implementing memory 'MLP_MLP_Pipeline_VITIS_LOOP_111_7_output_weights_4_ROM_AUTO_1R' using auto ROMs.
INFO: [RTMG 210-279] Implementing memory 'MLP_MLP_Pipeline_VITIS_LOOP_111_7_output_weights_5_ROM_AUTO_1R' using auto ROMs.
INFO: [RTMG 210-279] Implementing memory 'MLP_MLP_Pipeline_VITIS_LOOP_111_7_output_weights_6_ROM_AUTO_1R' using auto ROMs.
INFO: [RTMG 210-279] Implementing memory 'MLP_MLP_Pipeline_VITIS_LOOP_111_7_output_weights_7_ROM_AUTO_1R' using auto ROMs.
INFO: [RTMG 210-279] Implementing memory 'MLP_MLP_Pipeline_VITIS_LOOP_111_7_output_weights_8_ROM_AUTO_1R' using auto ROMs.
INFO: [RTMG 210-279] Implementing memory 'MLP_MLP_Pipeline_VITIS_LOOP_111_7_output_weights_9_ROM_AUTO_1R' using auto ROMs.
INFO: [RTMG 210-279] Implementing memory 'MLP_MLP_Pipeline_VITIS_LOOP_111_7_output_weights_10_ROM_AUTO_1R' using auto ROMs.
INFO: [RTMG 210-279] Implementing memory 'MLP_MLP_Pipeline_VITIS_LOOP_111_7_output_weights_11_ROM_AUTO_1R' using auto ROMs.
INFO: [RTMG 210-279] Implementing memory 'MLP_MLP_Pipeline_VITIS_LOOP_111_7_output_bias_ROM_AUTO_1R' using auto ROMs.
INFO: [RTMG 210-278] Implementing memory 'MLP_input_features_RAM_AUTO_1R1W_ram (RAM)' using auto RAMs.
INFO: [RTMG 210-278] Implementing memory 'MLP_input_features_casted_RAM_AUTO_1R1W_ram (RAM)' using auto RAMs.
INFO: [RTMG 210-278] Implementing memory 'MLP_hidden_layer_1_RAM_AUTO_1R1W_ram (RAM)' using auto RAMs.
INFO: [RTMG 210-278] Implementing memory 'MLP_hidden_layer_2_RAM_AUTO_1R1W_ram (RAM)' using auto RAMs.
INFO: [RTMG 210-278] Implementing memory 'MLP_output_layer_RAM_AUTO_1R1W_ram (RAM)' using auto RAMs.
INFO: [HLS 200-111] Finished Generating all RTL models: CPU user time: 6 seconds. CPU system time: 1 seconds. Elapsed time: 19.268 seconds; current allocated memory: 947.922 MB.
INFO: [HLS 200-111] Finished Updating report files: CPU user time: 0 seconds. CPU system time: 0 seconds. Elapsed time: 2.497 seconds; current allocated memory: 947.922 MB.
INFO: [VHDL 208-304] Generating VHDL RTL for MLP.
INFO: [VLOG 209-307] Generating Verilog RTL for MLP.
INFO: [HLS 200-790] **** Loop Constraint Status: All loop constraints were satisfied.
INFO: [HLS 200-789] **** Estimated Fmax: 140.57 MHz
INFO: [HLS 200-111] Finished Command csynth_design CPU user time: 24 seconds. CPU system time: 3 seconds. Elapsed time: 77.176 seconds; current allocated memory: 400.574 MB.
INFO: [HLS 200-112] Total CPU user time: 24 seconds. Total CPU system time: 3 seconds. Total elapsed time: 80.387 seconds; peak allocated memory: 947.922 MB.
==============================================================
Vitis HLS - High-Level Synthesis from C, C++ and OpenCL v2022.1 (64-bit)
Tool Version Limit: 2022.04
Copyright 1986-2022 Xilinx, Inc. All Rights Reserved.
==============================================================
INFO: [SYN 201-201] Setting up clock 'default' with a period of 10ns.
INFO: [HLS 200-1611] Setting target device to 'xczu3eg-sbva484-2-i'
INFO: [HLS 200-1505] Using flow_target 'vivado'
INFO: [HLS 200-1464] Running solution command: config_export -format=ip_catalog
INFO: [HLS 200-1464] Running solution command: config_export -output=C:/Users/xingy/HWSWAI/HLS
INFO: [HLS 200-1464] Running solution command: config_export -rtl=verilog
INFO: [HLS 200-1464] Running solution command: config_export -vivado_clock=10
INFO: [HLS 200-1510] Running: set_part xczu3eg-sbva484-2-i 
INFO: [HLS 200-1510] Running: create_clock -period 10 -name default 
INFO: [SYN 201-201] Setting up clock 'default' with a period of 10ns.
INFO: [HLS 200-1510] Running: config_export -format ip_catalog -output C:/Users/xingy/HWSWAI/HLS -rtl verilog -vivado_clock 10 
INFO: [HLS 200-1510] Running: source ./testHLS2/solution1/directives.tcl
INFO: [HLS 200-1510] Running: set_directive_top -name MLP MLP 
INFO: [HLS 200-1510] Running: cosim_design 
INFO: [COSIM 212-47] Using XSIM for RTL simulation.
INFO: [COSIM 212-14] Instrumenting C test bench ...
INFO: [COSIM 212-302] Starting C TB testing ... 
INFO: [COSIM 212-333] Generating C post check test bench ...
INFO: [COSIM 212-12] Generating RTL test bench ...
INFO: [COSIM 212-1] *** C/RTL co-simulation file generation completed. ***
INFO: [COSIM 212-323] Starting verilog simulation. 
INFO: [COSIM 212-15] Starting XSIM ...
INFO: [COSIM 212-316] Starting C post checking ...
INFO: [COSIM 212-1000] *** C/RTL co-simulation finished: PASS ***
INFO: [COSIM 212-211] II is measurable only when transaction number is greater than 1 in RTL simulation. Otherwise, they will be marked as all NA. If user wants to calculate them, please make sure there are at least 2 transactions in RTL simulation.
INFO: [HLS 200-111] Finished Command cosim_design CPU user time: 2 seconds. CPU system time: 0 seconds. Elapsed time: 165.785 seconds; current allocated memory: 435.301 MB.
INFO: [HLS 200-112] Total CPU user time: 3 seconds. Total CPU system time: 1 seconds. Total elapsed time: 168.824 seconds; peak allocated memory: 1.036 GB.
==============================================================
Vitis HLS - High-Level Synthesis from C, C++ and OpenCL v2022.1 (64-bit)
Tool Version Limit: 2022.04
Copyright 1986-2022 Xilinx, Inc. All Rights Reserved.
==============================================================
INFO: [SYN 201-201] Setting up clock 'default' with a period of 10ns.
INFO: [HLS 200-1611] Setting target device to 'xczu3eg-sbva484-2-i'
INFO: [HLS 200-1505] Using flow_target 'vivado'
INFO: [HLS 200-1464] Running solution command: config_export -format=ip_catalog
INFO: [HLS 200-1464] Running solution command: config_export -output=C:/Users/xingy/HWSWAI/HLS
INFO: [HLS 200-1464] Running solution command: config_export -rtl=verilog
INFO: [HLS 200-1464] Running solution command: config_export -vivado_clock=10
INFO: [HLS 200-1510] Running: set_part xczu3eg-sbva484-2-i 
INFO: [HLS 200-1510] Running: create_clock -period 10 -name default 
INFO: [SYN 201-201] Setting up clock 'default' with a period of 10ns.
INFO: [HLS 200-1510] Running: config_export -format ip_catalog -output C:/Users/xingy/HWSWAI/HLS -rtl verilog -vivado_clock 10 
INFO: [HLS 200-1510] Running: source ./testHLS2/solution1/directives.tcl
INFO: [HLS 200-1510] Running: set_directive_top -name MLP MLP 
INFO: [HLS 200-1510] Running: export_design -rtl verilog -format ip_catalog -output C:/Users/xingy/HWSWAI/HLS 
INFO: [IMPL 213-8] Exporting RTL as a Vivado IP.
INFO: [HLS 200-802] Generated output file C:/Users/xingy/HWSWAI/HLS/export.zip
INFO: [HLS 200-111] Finished Command export_design CPU user time: 3 seconds. CPU system time: 1 seconds. Elapsed time: 39.691 seconds; current allocated memory: 198.719 MB.
INFO: [HLS 200-112] Total CPU user time: 3 seconds. Total CPU system time: 2 seconds. Total elapsed time: 42.501 seconds; peak allocated memory: 798.586 MB.
==============================================================
Vitis HLS - High-Level Synthesis from C, C++ and OpenCL v2022.1 (64-bit)
Tool Version Limit: 2022.04
Copyright 1986-2022 Xilinx, Inc. All Rights Reserved.
==============================================================
==============================================================
Vitis HLS - High-Level Synthesis from C, C++ and OpenCL v2022.1 (64-bit)
Tool Version Limit: 2022.04
Copyright 1986-2022 Xilinx, Inc. All Rights Reserved.
==============================================================
INFO: [SYN 201-201] Setting up clock 'default' with a period of 10ns.
INFO: [HLS 200-1611] Setting target device to 'xczu3eg-sbva484-2-i'
INFO: [HLS 200-1505] Using flow_target 'vivado'
INFO: [HLS 200-1464] Running solution command: config_export -format=ip_catalog
INFO: [HLS 200-1464] Running solution command: config_export -output=C:/Users/xingy/HWSWAI/HLS
INFO: [HLS 200-1464] Running solution command: config_export -rtl=verilog
INFO: [HLS 200-1464] Running solution command: config_export -vivado_clock=10
INFO: [HLS 200-1510] Running: set_part xczu3eg-sbva484-2-i 
INFO: [HLS 200-1510] Running: create_clock -period 10 -name default 
INFO: [SYN 201-201] Setting up clock 'default' with a period of 10ns.
INFO: [HLS 200-1510] Running: config_export -format ip_catalog -output C:/Users/xingy/HWSWAI/HLS -rtl verilog -vivado_clock 10 
INFO: [HLS 200-1510] Running: source ./testHLS2/solution1/directives.tcl
INFO: [HLS 200-1510] Running: set_directive_top -name MLP MLP 
INFO: [HLS 200-1510] Running: export_design -flow impl -rtl verilog -format ip_catalog -output C:/Users/xingy/HWSWAI/HLS 
INFO: [IMPL 213-8] Exporting RTL as a Vivado IP.
INFO: [IMPL 213-8] Starting RTL evaluation using Vivado ...
ERROR: [HLS 200-478] vivado returned an error 
INFO: [HLS 200-111] Finished Command export_design CPU user time: 3 seconds. CPU system time: 1 seconds. Elapsed time: 653.393 seconds; current allocated memory: 266.656 MB.
INFO: [HLS 200-112] Total CPU user time: 3 seconds. Total CPU system time: 1 seconds. Total elapsed time: 657.82 seconds; peak allocated memory: 696.645 MB.
==============================================================
Vitis HLS - High-Level Synthesis from C, C++ and OpenCL v2022.1 (64-bit)
Tool Version Limit: 2022.04
Copyright 1986-2022 Xilinx, Inc. All Rights Reserved.
==============================================================
INFO: [SYN 201-201] Setting up clock 'default' with a period of 10ns.
INFO: [HLS 200-1611] Setting target device to 'xczu3eg-sbva484-2-i'
INFO: [HLS 200-1505] Using flow_target 'vivado'
INFO: [HLS 200-1464] Running solution command: config_export -format=ip_catalog
INFO: [HLS 200-1464] Running solution command: config_export -output=C:/Users/xingy/HWSWAI/HLS
INFO: [HLS 200-1464] Running solution command: config_export -rtl=verilog
INFO: [HLS 200-1464] Running solution command: config_export -vivado_clock=10
INFO: [HLS 200-1510] Running: set_part xczu3eg-sbva484-2-i 
INFO: [HLS 200-1510] Running: create_clock -period 10 -name default 
INFO: [HLS 200-1510] Running: config_export -format ip_catalog -output C:/Users/xingy/HWSWAI/HLS -rtl verilog -vivado_clock 10 
INFO: [HLS 200-1510] Running: source ./testHLS2/solution1/directives.tcl
INFO: [HLS 200-1510] Running: set_directive_top -name MLP MLP 
INFO: [HLS 200-1510] Running: csynth_design 
INFO: [HLS 200-111] Finished File checks and directory preparation: CPU user time: 0 seconds. CPU system time: 1 seconds. Elapsed time: 0.04 seconds; current allocated memory: 602.418 MB.
INFO: [HLS 200-10] Analyzing design file '../../../../HWSWAI/HLS/SampleDatasetMLP.cpp' ... 
INFO: [HLS 200-111] Finished Source Code Analysis and Preprocessing: CPU user time: 2 seconds. CPU system time: 0 seconds. Elapsed time: 8.897 seconds; current allocated memory: 1.116 GB.
INFO: [HLS 200-777] Using interface defaults for 'Vivado' flow target.
INFO: [HLS 214-131] Inlining function 'hls::axis<ap_int<32>, 2ul, 5ul, 6ul>::get_user_ptr()' into 'hls::stream<hls::axis<ap_int<32>, 2ul, 5ul, 6ul>, 0>::read(hls::axis<ap_int<32>, 2ul, 5ul, 6ul>&)' (C:/Xilinx/Vitis_HLS/2022.1/common/technology/autopilot\ap_axi_sdata.h:283:50)
INFO: [HLS 214-131] Inlining function 'hls::axis<ap_int<32>, 2ul, 5ul, 6ul>::get_dest_ptr()' into 'hls::stream<hls::axis<ap_int<32>, 2ul, 5ul, 6ul>, 0>::read(hls::axis<ap_int<32>, 2ul, 5ul, 6ul>&)' (C:/Xilinx/Vitis_HLS/2022.1/common/technology/autopilot\ap_axi_sdata.h:286:25)
INFO: [HLS 214-131] Inlining function 'hls::axis<ap_int<32>, 2ul, 5ul, 6ul>::get_id_ptr()' into 'hls::stream<hls::axis<ap_int<32>, 2ul, 5ul, 6ul>, 0>::read(hls::axis<ap_int<32>, 2ul, 5ul, 6ul>&)' (C:/Xilinx/Vitis_HLS/2022.1/common/technology/autopilot\ap_axi_sdata.h:285:67)
INFO: [HLS 214-131] Inlining function 'hls::axis<ap_int<32>, 2ul, 5ul, 6ul>::get_user_ptr()' into 'hls::stream<hls::axis<ap_int<32>, 2ul, 5ul, 6ul>, 0>::read(hls::axis<ap_int<32>, 2ul, 5ul, 6ul>&)' (C:/Xilinx/Vitis_HLS/2022.1/common/technology/autopilot\ap_axi_sdata.h:285:36)
INFO: [HLS 214-131] Inlining function 'hls::axis<ap_int<32>, 2ul, 5ul, 6ul>::get_dest_ptr()' into 'hls::stream<hls::axis<ap_int<32>, 2ul, 5ul, 6ul>, 0>::read(hls::axis<ap_int<32>, 2ul, 5ul, 6ul>&)' (C:/Xilinx/Vitis_HLS/2022.1/common/technology/autopilot\ap_axi_sdata.h:284:39)
INFO: [HLS 214-131] Inlining function 'hls::axis<ap_int<32>, 2ul, 5ul, 6ul>::get_id_ptr()' into 'hls::stream<hls::axis<ap_int<32>, 2ul, 5ul, 6ul>, 0>::read(hls::axis<ap_int<32>, 2ul, 5ul, 6ul>&)' (C:/Xilinx/Vitis_HLS/2022.1/common/technology/autopilot\ap_axi_sdata.h:284:23)
INFO: [HLS 214-131] Inlining function 'ssdm_int<32, false>::ssdm_int(unsigned int)' into 'ap_int_base<32, false>::ap_int_base(unsigned int)' (r:/ci/prod/2022.1/rdi_builds/continuous/2022_04_18_3526262/src/shared/hls/clib/include/header_files\ap_int_base.h:215:76)
INFO: [HLS 214-131] Inlining function 'ap_int_base<32, false>::ap_int_base(unsigned int)' into 'ap_uint<32>::ap_uint(unsigned int)' (r:/ci/prod/2022.1/rdi_builds/continuous/2022_04_18_3526262/src/shared/hls/clib/include/header_files\ap_int.h:288:67)
INFO: [HLS 214-131] Inlining function 'ap_bit_ref<32, false>::ap_bit_ref(ap_int_base<32, false>*, int)' into 'ap_int_base<32, false>::operator[](int)' (r:/ci/prod/2022.1/rdi_builds/continuous/2022_04_18_3526262/src/shared/hls/clib/include/header_files\ap_int_base.h:1129:30)
INFO: [HLS 214-131] Inlining function 'ap_bit_ref<1, false>::ap_bit_ref(ap_int_base<1, false>*, int)' into 'ap_int_base<1, false>::operator[](int)' (r:/ci/prod/2022.1/rdi_builds/continuous/2022_04_18_3526262/src/shared/hls/clib/include/header_files\ap_int_base.h:1129:30)
INFO: [HLS 214-131] Inlining function 'ap_bit_ref<32, false>::operator bool() const' into 'ap_bit_ref<1, false>& ap_bit_ref<1, false>::operator=<32, false>(ap_bit_ref<32, false> const&)' (r:/ci/prod/2022.1/rdi_builds/continuous/2022_04_18_3526262/src/shared/hls/clib/include/header_files\ap_int_ref.h:845:38)
INFO: [HLS 214-131] Inlining function 'ap_bit_ref<1, false>::operator=(unsigned long long)' into 'ap_bit_ref<1, false>& ap_bit_ref<1, false>::operator=<32, false>(ap_bit_ref<32, false> const&)' (r:/ci/prod/2022.1/rdi_builds/continuous/2022_04_18_3526262/src/shared/hls/clib/include/header_files\ap_int_ref.h:845:12)
INFO: [HLS 214-131] Inlining function 'ap_range_ref<32, false>::ap_range_ref(ap_int_base<32, false>*, int, int)' into 'ap_int_base<32, false>::range(int, int)' (r:/ci/prod/2022.1/rdi_builds/continuous/2022_04_18_3526262/src/shared/hls/clib/include/header_files\ap_int_base.h:1048:12)
INFO: [HLS 214-131] Inlining function 'ap_int_base<32, false>::range(int, int)' into 'ap_int_base<32, false>::operator()(int, int)' (r:/ci/prod/2022.1/rdi_builds/continuous/2022_04_18_3526262/src/shared/hls/clib/include/header_files\ap_int_base.h:1085:18)
INFO: [HLS 214-131] Inlining function 'ap_range_ref<8, false>::ap_range_ref(ap_int_base<8, false>*, int, int)' into 'ap_int_base<8, false>::range(int, int)' (r:/ci/prod/2022.1/rdi_builds/continuous/2022_04_18_3526262/src/shared/hls/clib/include/header_files\ap_int_base.h:1048:12)
INFO: [HLS 214-131] Inlining function 'ap_int_base<8, false>::range(int, int)' into 'ap_int_base<8, false>::operator()(int, int)' (r:/ci/prod/2022.1/rdi_builds/continuous/2022_04_18_3526262/src/shared/hls/clib/include/header_files\ap_int_base.h:1085:18)
INFO: [HLS 214-131] Inlining function 'ap_range_ref<32, false>::get() const' into 'ap_int_base<32, false>::ap_int_base<32, false>(ap_range_ref<32, false> const&)' (r:/ci/prod/2022.1/rdi_builds/continuous/2022_04_18_3526262/src/shared/hls/clib/include/header_files\ap_int_base.h:358:20)
INFO: [HLS 214-131] Inlining function 'ssdm_int<8, false>::ssdm_int(unsigned char)' into 'ap_int_base<8, false>::ap_int_base<32, false>(ap_int_base<32, false> const&)' (r:/ci/prod/2022.1/rdi_builds/continuous/2022_04_18_3526262/src/shared/hls/clib/include/header_files\ap_int_base.h:185:106)
INFO: [HLS 214-131] Inlining function 'ap_int_base<8, false>::ap_int_base<32, false>(ap_int_base<32, false> const&)' into 'ap_range_ref<8, false>& ap_range_ref<8, false>::operator=<32, false>(ap_int_base<32, false> const&)' (r:/ci/prod/2022.1/rdi_builds/continuous/2022_04_18_3526262/src/shared/hls/clib/include/header_files\ap_int_ref.h:367:31)
INFO: [HLS 214-131] Inlining function 'ap_int_base<32, false>::ap_int_base<32, false>(ap_range_ref<32, false> const&)' into 'ap_range_ref<8, false>& ap_range_ref<8, false>::operator=<32, false>(ap_range_ref<32, false> const&)' (r:/ci/prod/2022.1/rdi_builds/continuous/2022_04_18_3526262/src/shared/hls/clib/include/header_files\ap_int_ref.h:382:22)
INFO: [HLS 214-131] Inlining function 'ap_range_ref<8, false>& ap_range_ref<8, false>::operator=<32, false>(ap_int_base<32, false> const&)' into 'ap_range_ref<8, false>& ap_range_ref<8, false>::operator=<32, false>(ap_range_ref<32, false> const&)' (r:/ci/prod/2022.1/rdi_builds/continuous/2022_04_18_3526262/src/shared/hls/clib/include/header_files\ap_int_ref.h:382:12)
INFO: [HLS 214-131] Inlining function 'ap_range_ref<23, false>::ap_range_ref(ap_int_base<23, false>*, int, int)' into 'ap_int_base<23, false>::range(int, int)' (r:/ci/prod/2022.1/rdi_builds/continuous/2022_04_18_3526262/src/shared/hls/clib/include/header_files\ap_int_base.h:1048:12)
INFO: [HLS 214-131] Inlining function 'ap_int_base<23, false>::range(int, int)' into 'ap_int_base<23, false>::operator()(int, int)' (r:/ci/prod/2022.1/rdi_builds/continuous/2022_04_18_3526262/src/shared/hls/clib/include/header_files\ap_int_base.h:1085:18)
INFO: [HLS 214-131] Inlining function '_ZN8ssdm_intILi23ELb0EEC2EDq23_j' into 'ap_int_base<23, false>::ap_int_base<32, false>(ap_int_base<32, false> const&)' (r:/ci/prod/2022.1/rdi_builds/continuous/2022_04_18_3526262/src/shared/hls/clib/include/header_files\ap_int_base.h:185:106)
INFO: [HLS 214-131] Inlining function 'ap_int_base<23, false>::ap_int_base<32, false>(ap_int_base<32, false> const&)' into 'ap_range_ref<23, false>& ap_range_ref<23, false>::operator=<32, false>(ap_int_base<32, false> const&)' (r:/ci/prod/2022.1/rdi_builds/continuous/2022_04_18_3526262/src/shared/hls/clib/include/header_files\ap_int_ref.h:367:31)
INFO: [HLS 214-131] Inlining function 'ap_int_base<32, false>::ap_int_base<32, false>(ap_range_ref<32, false> const&)' into 'ap_range_ref<23, false>& ap_range_ref<23, false>::operator=<32, false>(ap_range_ref<32, false> const&)' (r:/ci/prod/2022.1/rdi_builds/continuous/2022_04_18_3526262/src/shared/hls/clib/include/header_files\ap_int_ref.h:382:22)
INFO: [HLS 214-131] Inlining function 'ap_range_ref<23, false>& ap_range_ref<23, false>::operator=<32, false>(ap_int_base<32, false> const&)' into 'ap_range_ref<23, false>& ap_range_ref<23, false>::operator=<32, false>(ap_range_ref<32, false> const&)' (r:/ci/prod/2022.1/rdi_builds/continuous/2022_04_18_3526262/src/shared/hls/clib/include/header_files\ap_int_ref.h:382:12)
INFO: [HLS 214-131] Inlining function 'ap_uint<32>::ap_uint(unsigned int)' into 'fp_struct<float>::fp_struct(float)' (r:/ci/prod/2022.1/rdi_builds/continuous/2022_04_18_3526262/src/shared/hls/clib/src/hls\utils/x_hls_utils.h:317:28)
INFO: [HLS 214-131] Inlining function 'ap_range_ref<23, false>& ap_range_ref<23, false>::operator=<32, false>(ap_range_ref<32, false> const&)' into 'fp_struct<float>::fp_struct(float)' (r:/ci/prod/2022.1/rdi_builds/continuous/2022_04_18_3526262/src/shared/hls/clib/src/hls\utils/x_hls_utils.h:325:18)
INFO: [HLS 214-131] Inlining function 'ap_int_base<23, false>::operator()(int, int)' into 'fp_struct<float>::fp_struct(float)' (r:/ci/prod/2022.1/rdi_builds/continuous/2022_04_18_3526262/src/shared/hls/clib/src/hls\utils/x_hls_utils.h:325:9)
INFO: [HLS 214-131] Inlining function 'ap_int_base<32, false>::operator()(int, int)' into 'fp_struct<float>::fp_struct(float)' (r:/ci/prod/2022.1/rdi_builds/continuous/2022_04_18_3526262/src/shared/hls/clib/src/hls\utils/x_hls_utils.h:325:20)
INFO: [HLS 214-131] Inlining function 'ap_range_ref<8, false>& ap_range_ref<8, false>::operator=<32, false>(ap_range_ref<32, false> const&)' into 'fp_struct<float>::fp_struct(float)' (r:/ci/prod/2022.1/rdi_builds/continuous/2022_04_18_3526262/src/shared/hls/clib/src/hls\utils/x_hls_utils.h:324:17)
INFO: [HLS 214-131] Inlining function 'ap_int_base<8, false>::operator()(int, int)' into 'fp_struct<float>::fp_struct(float)' (r:/ci/prod/2022.1/rdi_builds/continuous/2022_04_18_3526262/src/shared/hls/clib/src/hls\utils/x_hls_utils.h:324:9)
INFO: [HLS 214-131] Inlining function 'ap_int_base<32, false>::operator()(int, int)' into 'fp_struct<float>::fp_struct(float)' (r:/ci/prod/2022.1/rdi_builds/continuous/2022_04_18_3526262/src/shared/hls/clib/src/hls\utils/x_hls_utils.h:324:19)
INFO: [HLS 214-131] Inlining function 'ap_bit_ref<1, false>& ap_bit_ref<1, false>::operator=<32, false>(ap_bit_ref<32, false> const&)' into 'fp_struct<float>::fp_struct(float)' (r:/ci/prod/2022.1/rdi_builds/continuous/2022_04_18_3526262/src/shared/hls/clib/src/hls\utils/x_hls_utils.h:323:17)
INFO: [HLS 214-131] Inlining function 'ap_int_base<1, false>::operator[](int)' into 'fp_struct<float>::fp_struct(float)' (r:/ci/prod/2022.1/rdi_builds/continuous/2022_04_18_3526262/src/shared/hls/clib/src/hls\utils/x_hls_utils.h:323:9)
INFO: [HLS 214-131] Inlining function 'ap_int_base<32, false>::operator[](int)' into 'fp_struct<float>::fp_struct(float)' (r:/ci/prod/2022.1/rdi_builds/continuous/2022_04_18_3526262/src/shared/hls/clib/src/hls\utils/x_hls_utils.h:323:19)
INFO: [HLS 214-131] Inlining function 'ap_fixed_base<32, 32, true, (ap_q_mode)5, (ap_o_mode)3, 0>::operator!() const' into 'ap_fixed_base<24, 1, false, (ap_q_mode)5, (ap_o_mode)3, 0>& ap_fixed_base<24, 1, false, (ap_q_mode)5, (ap_o_mode)3, 0>::operator=<32, 32, true, (ap_q_mode)5, (ap_o_mode)3, 0>(ap_fixed_base<32, 32, true, (ap_q_mode)5, (ap_o_mode)3, 0> const&)' (r:/ci/prod/2022.1/rdi_builds/continuous/2022_04_18_3526262/src/shared/hls/clib/include/header_files\ap_fixed_base.h:808:9)
INFO: [HLS 214-131] Inlining function 'ap_fixed_base<24, 1, false, (ap_q_mode)5, (ap_o_mode)3, 0>& ap_fixed_base<24, 1, false, (ap_q_mode)5, (ap_o_mode)3, 0>::operator=<32, 32, true, (ap_q_mode)5, (ap_o_mode)3, 0>(ap_fixed_base<32, 32, true, (ap_q_mode)5, (ap_o_mode)3, 0> const&)' into 'ap_fixed_base<24, 1, false, (ap_q_mode)5, (ap_o_mode)3, 0>::ap_fixed_base(int)' (r:/ci/prod/2022.1/rdi_builds/continuous/2022_04_18_3526262/src/shared/hls/clib/include/header_files\ap_fixed_base.h:530:146)
INFO: [HLS 214-131] Inlining function 'ap_fixed_base<24, 1, false, (ap_q_mode)5, (ap_o_mode)3, 0>::ap_fixed_base(int)' into 'ap_ufixed<24, 1, (ap_q_mode)5, (ap_o_mode)3, 0>::ap_ufixed(int)' (r:/ci/prod/2022.1/rdi_builds/continuous/2022_04_18_3526262/src/shared/hls/clib/include/header_files\ap_fixed.h:300:80)
INFO: [HLS 214-131] Inlining function 'ap_range_ref<23, false>::ap_range_ref(ap_int_base<23, false>*, int, int)' into 'ap_int_base<23, false>::range(int, int) const' (r:/ci/prod/2022.1/rdi_builds/continuous/2022_04_18_3526262/src/shared/hls/clib/include/header_files\ap_int_base.h:1055:12)
INFO: [HLS 214-131] Inlining function 'ap_int_base<23, false>::range(int, int) const' into 'ap_int_base<23, false>::operator()(int, int) const' (r:/ci/prod/2022.1/rdi_builds/continuous/2022_04_18_3526262/src/shared/hls/clib/include/header_files\ap_int_base.h:1089:18)
INFO: [HLS 214-131] Inlining function 'af_range_ref<24, 1, false, (ap_q_mode)5, (ap_o_mode)3, 0>::af_range_ref(ap_fixed_base<24, 1, false, (ap_q_mode)5, (ap_o_mode)3, 0>*, int, int)' into 'ap_fixed_base<24, 1, false, (ap_q_mode)5, (ap_o_mode)3, 0>::range(int, int)' (r:/ci/prod/2022.1/rdi_builds/continuous/2022_04_18_3526262/src/shared/hls/clib/include/header_files\ap_fixed_base.h:1746:12)
INFO: [HLS 214-131] Inlining function 'ap_fixed_base<24, 1, false, (ap_q_mode)5, (ap_o_mode)3, 0>::range(int, int)' into 'ap_fixed_base<24, 1, false, (ap_q_mode)5, (ap_o_mode)3, 0>::operator()(int, int)' (r:/ci/prod/2022.1/rdi_builds/continuous/2022_04_18_3526262/src/shared/hls/clib/include/header_files\ap_fixed_base.h:1785:18)
INFO: [HLS 214-131] Inlining function 'ap_range_ref<23, false>::get() const' into 'ap_int_base<23, false>::ap_int_base<23, false>(ap_range_ref<23, false> const&)' (r:/ci/prod/2022.1/rdi_builds/continuous/2022_04_18_3526262/src/shared/hls/clib/include/header_files\ap_int_base.h:358:20)
INFO: [HLS 214-131] Inlining function 'ap_int_base<23, false>::ap_int_base<23, false>(ap_range_ref<23, false> const&)' into 'af_range_ref<24, 1, false, (ap_q_mode)5, (ap_o_mode)3, 0>& af_range_ref<24, 1, false, (ap_q_mode)5, (ap_o_mode)3, 0>::operator=<23, false>(ap_range_ref<23, false> const&)' (r:/ci/prod/2022.1/rdi_builds/continuous/2022_04_18_3526262/src/shared/hls/clib/include/header_files\ap_fixed_ref.h:301:38)
INFO: [HLS 214-131] Inlining function 'af_range_ref<24, 1, false, (ap_q_mode)5, (ap_o_mode)3, 0>& af_range_ref<24, 1, false, (ap_q_mode)5, (ap_o_mode)3, 0>::operator=<23, false>(ap_int_base<23, false> const&)' into 'af_range_ref<24, 1, false, (ap_q_mode)5, (ap_o_mode)3, 0>& af_range_ref<24, 1, false, (ap_q_mode)5, (ap_o_mode)3, 0>::operator=<23, false>(ap_range_ref<23, false> const&)' (r:/ci/prod/2022.1/rdi_builds/continuous/2022_04_18_3526262/src/shared/hls/clib/include/header_files\ap_fixed_ref.h:302:12)
INFO: [HLS 214-131] Inlining function 'af_bit_ref<24, 1, false, (ap_q_mode)5, (ap_o_mode)3, 0>::af_bit_ref(ap_fixed_base<24, 1, false, (ap_q_mode)5, (ap_o_mode)3, 0>*, int)' into 'ap_fixed_base<24, 1, false, (ap_q_mode)5, (ap_o_mode)3, 0>::operator[](unsigned int)' (r:/ci/prod/2022.1/rdi_builds/continuous/2022_04_18_3526262/src/shared/hls/clib/include/header_files\ap_fixed_base.h:1671:12)
INFO: [HLS 214-131] Inlining function 'ap_ufixed<24, 1, (ap_q_mode)5, (ap_o_mode)3, 0>::ap_ufixed(int)' into 'fp_struct<float>::mantissa() const' (r:/ci/prod/2022.1/rdi_builds/continuous/2022_04_18_3526262/src/shared/hls/clib/src/hls\utils/x_hls_utils.h:370:37)
INFO: [HLS 214-131] Inlining function 'af_bit_ref<24, 1, false, (ap_q_mode)5, (ap_o_mode)3, 0>::operator=(bool)' into 'fp_struct<float>::mantissa() const' (r:/ci/prod/2022.1/rdi_builds/continuous/2022_04_18_3526262/src/shared/hls/clib/src/hls\utils/x_hls_utils.h:372:21)
INFO: [HLS 214-131] Inlining function 'ap_fixed_base<24, 1, false, (ap_q_mode)5, (ap_o_mode)3, 0>::operator[](unsigned int)' into 'fp_struct<float>::mantissa() const' (r:/ci/prod/2022.1/rdi_builds/continuous/2022_04_18_3526262/src/shared/hls/clib/src/hls\utils/x_hls_utils.h:372:9)
INFO: [HLS 214-131] Inlining function 'ap_fixed_base<24, 1, false, (ap_q_mode)5, (ap_o_mode)3, 0>::wl() const' into 'fp_struct<float>::mantissa() const' (r:/ci/prod/2022.1/rdi_builds/continuous/2022_04_18_3526262/src/shared/hls/clib/src/hls\utils/x_hls_utils.h:372:13)
INFO: [HLS 214-131] Inlining function 'af_range_ref<24, 1, false, (ap_q_mode)5, (ap_o_mode)3, 0>& af_range_ref<24, 1, false, (ap_q_mode)5, (ap_o_mode)3, 0>::operator=<23, false>(ap_range_ref<23, false> const&)' into 'fp_struct<float>::mantissa() const' (r:/ci/prod/2022.1/rdi_builds/continuous/2022_04_18_3526262/src/shared/hls/clib/src/hls\utils/x_hls_utils.h:371:23)
INFO: [HLS 214-131] Inlining function 'ap_fixed_base<24, 1, false, (ap_q_mode)5, (ap_o_mode)3, 0>::operator()(int, int)' into 'fp_struct<float>::mantissa() const' (r:/ci/prod/2022.1/rdi_builds/continuous/2022_04_18_3526262/src/shared/hls/clib/src/hls\utils/x_hls_utils.h:371:9)
INFO: [HLS 214-131] Inlining function 'ap_fixed_base<24, 1, false, (ap_q_mode)5, (ap_o_mode)3, 0>::wl() const' into 'fp_struct<float>::mantissa() const' (r:/ci/prod/2022.1/rdi_builds/continuous/2022_04_18_3526262/src/shared/hls/clib/src/hls\utils/x_hls_utils.h:371:13)
INFO: [HLS 214-131] Inlining function 'ap_int_base<23, false>::operator()(int, int) const' into 'fp_struct<float>::mantissa() const' (r:/ci/prod/2022.1/rdi_builds/continuous/2022_04_18_3526262/src/shared/hls/clib/src/hls\utils/x_hls_utils.h:371:25)
INFO: [HLS 214-131] Inlining function 'ap_fixed_base<24, 1, false, (ap_q_mode)5, (ap_o_mode)3, 0>::operator!() const' into 'ap_fixed_base<79, 55, false, (ap_q_mode)5, (ap_o_mode)3, 0>& ap_fixed_base<79, 55, false, (ap_q_mode)5, (ap_o_mode)3, 0>::operator=<24, 1, false, (ap_q_mode)5, (ap_o_mode)3, 0>(ap_fixed_base<24, 1, false, (ap_q_mode)5, (ap_o_mode)3, 0> const&)' (r:/ci/prod/2022.1/rdi_builds/continuous/2022_04_18_3526262/src/shared/hls/clib/include/header_files\ap_fixed_base.h:808:9)
INFO: [HLS 214-131] Inlining function '_ZN8ssdm_intILi79ELb0EEC2EDq79_j' into 'ap_fixed_base<79, 55, false, (ap_q_mode)5, (ap_o_mode)3, 0>::ap_fixed_base<24, 1, false, (ap_q_mode)5, (ap_o_mode)3, 0>(ap_fixed_base<24, 1, false, (ap_q_mode)5, (ap_o_mode)3, 0> const&)' (r:/ci/prod/2022.1/rdi_builds/continuous/2022_04_18_3526262/src/shared/hls/clib/include/header_files\ap_fixed_base.h:401:80)
INFO: [HLS 214-131] Inlining function 'ap_fixed_base<79, 55, false, (ap_q_mode)5, (ap_o_mode)3, 0>& ap_fixed_base<79, 55, false, (ap_q_mode)5, (ap_o_mode)3, 0>::operator=<24, 1, false, (ap_q_mode)5, (ap_o_mode)3, 0>(ap_fixed_base<24, 1, false, (ap_q_mode)5, (ap_o_mode)3, 0> const&)' into 'ap_fixed_base<79, 55, false, (ap_q_mode)5, (ap_o_mode)3, 0>::ap_fixed_base<24, 1, false, (ap_q_mode)5, (ap_o_mode)3, 0>(ap_fixed_base<24, 1, false, (ap_q_mode)5, (ap_o_mode)3, 0> const&)' (r:/ci/prod/2022.1/rdi_builds/continuous/2022_04_18_3526262/src/shared/hls/clib/include/header_files\ap_fixed_base.h:403:5)
INFO: [HLS 214-131] Inlining function 'ap_fixed_base<79, 55, false, (ap_q_mode)5, (ap_o_mode)3, 0>::ap_fixed_base<24, 1, false, (ap_q_mode)5, (ap_o_mode)3, 0>(ap_fixed_base<24, 1, false, (ap_q_mode)5, (ap_o_mode)3, 0> const&)' into 'ap_ufixed<79, 55, (ap_q_mode)5, (ap_o_mode)3, 0>::ap_ufixed<24, 1, false, (ap_q_mode)5, (ap_o_mode)3, 0>(ap_fixed_base<24, 1, false, (ap_q_mode)5, (ap_o_mode)3, 0> const&)' (r:/ci/prod/2022.1/rdi_builds/continuous/2022_04_18_3526262/src/shared/hls/clib/include/header_files\ap_fixed.h:201:9)
INFO: [HLS 214-131] Inlining function 'ssdm_int<32, true>::ssdm_int(int)' into 'ap_int_base<32, true>::ap_int_base(int)' (C:/Xilinx/Vitis_HLS/2022.1/common/technology/autopilot\ap_int_base.h:260:67)
INFO: [HLS 214-131] Inlining function '_ZN8ssdm_intILi33ELb1EEC2EDq33_i' into 'ap_int_base<33, true>::ap_int_base<8, false>(ap_int_base<8, false> const&)' (r:/ci/prod/2022.1/rdi_builds/continuous/2022_04_18_3526262/src/shared/hls/clib/include/header_files\ap_int_base.h:185:106)
INFO: [HLS 214-131] Inlining function '_ZN8ssdm_intILi33ELb1EEC2EDq33_i' into 'ap_int_base<33, true>::ap_int_base<32, true>(ap_int_base<32, true> const&)' (r:/ci/prod/2022.1/rdi_builds/continuous/2022_04_18_3526262/src/shared/hls/clib/include/header_files\ap_int_base.h:185:106)
INFO: [HLS 214-131] Inlining function '_ZN8ssdm_intILi33ELb1EEC2EDq33_i' into 'ap_int_base<33, true>::ap_int_base(int)' (r:/ci/prod/2022.1/rdi_builds/continuous/2022_04_18_3526262/src/shared/hls/clib/include/header_files\ap_int_base.h:214:67)
INFO: [HLS 214-131] Inlining function 'ap_int_base<33, true>::ap_int_base<8, false>(ap_int_base<8, false> const&)' into 'ap_int_base<8, false>::RType<32, true>::minus operator-<8, false, 32, true>(ap_int_base<8, false> const&, ap_int_base<32, true> const&)' (r:/ci/prod/2022.1/rdi_builds/continuous/2022_04_18_3526262/src/shared/hls/clib/include/header_files\ap_int_base.h:1496:341)
INFO: [HLS 214-131] Inlining function 'ap_int<33>::ap_int<33, true>(ap_int_base<33, true> const&)' into 'ap_int_base<8, false>::RType<32, true>::minus operator-<8, false, 32, true>(ap_int_base<8, false> const&, ap_int_base<32, true> const&)' (r:/ci/prod/2022.1/rdi_builds/continuous/2022_04_18_3526262/src/shared/hls/clib/include/header_files\ap_int_base.h:1496:558)
INFO: [HLS 214-131] Inlining function 'ap_int_base<33, true>::ap_int_base(int)' into 'ap_int_base<8, false>::RType<32, true>::minus operator-<8, false, 32, true>(ap_int_base<8, false> const&, ap_int_base<32, true> const&)' (r:/ci/prod/2022.1/rdi_builds/continuous/2022_04_18_3526262/src/shared/hls/clib/include/header_files\ap_int_base.h:1496:520)
INFO: [HLS 214-131] Inlining function 'ap_int_base<33, true>::ap_int_base<32, true>(ap_int_base<32, true> const&)' into 'ap_int_base<8, false>::RType<32, true>::minus operator-<8, false, 32, true>(ap_int_base<8, false> const&, ap_int_base<32, true> const&)' (r:/ci/prod/2022.1/rdi_builds/continuous/2022_04_18_3526262/src/shared/hls/clib/include/header_files\ap_int_base.h:1496:430)
INFO: [HLS 214-131] Inlining function 'ap_int_base<32, true>::ap_int_base(int)' into 'ap_int_base<8, false>::RType<($_0)32, true>::minus operator-<8, false>(ap_int_base<8, false> const&, int)' (r:/ci/prod/2022.1/rdi_builds/continuous/2022_04_18_3526262/src/shared/hls/clib/include/header_files\ap_int_base.h:1633:1531)
INFO: [HLS 214-131] Inlining function 'ap_int_base<8, false>::RType<32, true>::minus operator-<8, false, 32, true>(ap_int_base<8, false> const&, ap_int_base<32, true> const&)' into 'ap_int_base<8, false>::RType<($_0)32, true>::minus operator-<8, false>(ap_int_base<8, false> const&, int)' (r:/ci/prod/2022.1/rdi_builds/continuous/2022_04_18_3526262/src/shared/hls/clib/include/header_files\ap_int_base.h:1633:1529)
INFO: [HLS 214-131] Inlining function 'ap_int_base<8, false>::RType<($_0)32, true>::minus operator-<8, false>(ap_int_base<8, false> const&, int)' into 'fp_struct<float>::expv() const' (r:/ci/prod/2022.1/rdi_builds/continuous/2022_04_18_3526262/src/shared/hls/clib/src/hls\utils/x_hls_utils.h:346:19)
INFO: [HLS 214-131] Inlining function 'ap_int_base<33, true>::operator long long() const' into 'fp_struct<float>::expv() const' (r:/ci/prod/2022.1/rdi_builds/continuous/2022_04_18_3526262/src/shared/hls/clib/src/hls\utils/x_hls_utils.h:346:16)
INFO: [HLS 214-131] Inlining function 'ap_fixed_base<32, 32, true, (ap_q_mode)5, (ap_o_mode)3, 0>::operator!() const' into 'ap_fixed_base<79, 55, false, (ap_q_mode)5, (ap_o_mode)3, 0>& ap_fixed_base<79, 55, false, (ap_q_mode)5, (ap_o_mode)3, 0>::operator=<32, 32, true, (ap_q_mode)5, (ap_o_mode)3, 0>(ap_fixed_base<32, 32, true, (ap_q_mode)5, (ap_o_mode)3, 0> const&)' (r:/ci/prod/2022.1/rdi_builds/continuous/2022_04_18_3526262/src/shared/hls/clib/include/header_files\ap_fixed_base.h:808:9)
INFO: [HLS 214-131] Inlining function 'ap_fixed_base<79, 55, false, (ap_q_mode)5, (ap_o_mode)3, 0>& ap_fixed_base<79, 55, false, (ap_q_mode)5, (ap_o_mode)3, 0>::operator=<32, 32, true, (ap_q_mode)5, (ap_o_mode)3, 0>(ap_fixed_base<32, 32, true, (ap_q_mode)5, (ap_o_mode)3, 0> const&)' into 'ap_fixed_base<79, 55, false, (ap_q_mode)5, (ap_o_mode)3, 0>::ap_fixed_base(int)' (r:/ci/prod/2022.1/rdi_builds/continuous/2022_04_18_3526262/src/shared/hls/clib/include/header_files\ap_fixed_base.h:530:146)
INFO: [HLS 214-131] Inlining function 'ap_fixed_base<79, 55, false, (ap_q_mode)5, (ap_o_mode)3, 0>::ap_fixed_base(int)' into 'ap_fixed_base<79, 55, false, (ap_q_mode)5, (ap_o_mode)3, 0>::operator>>(unsigned int) const' (r:/ci/prod/2022.1/rdi_builds/continuous/2022_04_18_3526262/src/shared/hls/clib/include/header_files\ap_fixed_base.h:1487:19)
INFO: [HLS 214-131] Inlining function 'ap_fixed_base<79, 55, false, (ap_q_mode)5, (ap_o_mode)3, 0>::ap_fixed_base(int)' into 'ap_fixed_base<79, 55, false, (ap_q_mode)5, (ap_o_mode)3, 0>::operator<<(unsigned int) const' (r:/ci/prod/2022.1/rdi_builds/continuous/2022_04_18_3526262/src/shared/hls/clib/include/header_files\ap_fixed_base.h:1453:19)
INFO: [HLS 214-131] Inlining function 'ap_fixed_base<79, 55, false, (ap_q_mode)5, (ap_o_mode)3, 0>::ap_fixed_base(int)' into 'ap_fixed_base<79, 55, false, (ap_q_mode)5, (ap_o_mode)3, 0>::operator<<(int) const' (r:/ci/prod/2022.1/rdi_builds/continuous/2022_04_18_3526262/src/shared/hls/clib/include/header_files\ap_fixed_base.h:1510:19)
INFO: [HLS 214-131] Inlining function 'ap_fixed_base<79, 55, false, (ap_q_mode)5, (ap_o_mode)3, 0>::operator<<(unsigned int) const' into 'ap_fixed_base<79, 55, false, (ap_q_mode)5, (ap_o_mode)3, 0>::operator<<(int) const' (r:/ci/prod/2022.1/rdi_builds/continuous/2022_04_18_3526262/src/shared/hls/clib/include/header_files\ap_fixed_base.h:1516:14)
INFO: [HLS 214-131] Inlining function 'ap_fixed_base<79, 55, false, (ap_q_mode)5, (ap_o_mode)3, 0>::operator>>(unsigned int) const' into 'ap_fixed_base<79, 55, false, (ap_q_mode)5, (ap_o_mode)3, 0>::operator<<(int) const' (r:/ci/prod/2022.1/rdi_builds/continuous/2022_04_18_3526262/src/shared/hls/clib/include/header_files\ap_fixed_base.h:1514:14)
INFO: [HLS 214-131] Inlining function '_ZN8ssdm_intILi79ELb0EEC2EDq79_j' into 'ap_int_base<79, false>::ap_int_base(int)' (r:/ci/prod/2022.1/rdi_builds/continuous/2022_04_18_3526262/src/shared/hls/clib/include/header_files\ap_int_base.h:214:67)
INFO: [HLS 214-131] Inlining function 'ap_int_base<79, false>::ap_int_base(int)' into 'ap_int_base<79, false>::RType<79, false>::arg1 operator>><79, false>(ap_int_base<79, false> const&, int)' (r:/ci/prod/2022.1/rdi_builds/continuous/2022_04_18_3526262/src/shared/hls/clib/include/header_files\ap_int_base.h:1669:558)
INFO: [HLS 214-131] Inlining function 'ap_uint<79>::ap_uint<79, false>(ap_int_base<79, false> const&)' into 'ap_int_base<79, false>::RType<79, false>::arg1 operator>><79, false>(ap_int_base<79, false> const&, int)' (r:/ci/prod/2022.1/rdi_builds/continuous/2022_04_18_3526262/src/shared/hls/clib/include/header_files\ap_int_base.h:1669:656)
INFO: [HLS 214-131] Inlining function '_ZN8ssdm_intILi1ELb0EEC2EDq1_j' into 'ap_int_base<1, false>::ap_int_base(int)' (C:/Xilinx/Vitis_HLS/2022.1/common/technology/autopilot\ap_int_base.h:260:67)
INFO: [HLS 214-131] Inlining function 'ap_int_base<1, false>::ap_int_base(int)' into 'ap_fixed_base<1, 32, false, (ap_q_mode)5, (ap_o_mode)0, 0>::overflow_adjust(bool, bool, bool, bool)' (r:/ci/prod/2022.1/rdi_builds/continuous/2022_04_18_3526262/src/shared/hls/clib/include/header_files\ap_fixed_base.h:357:23)
INFO: [HLS 214-131] Inlining function 'ap_fixed_base<79, 55, false, (ap_q_mode)5, (ap_o_mode)3, 0>::operator!() const' into 'ap_fixed_base<1, 32, false, (ap_q_mode)5, (ap_o_mode)0, 0>& ap_fixed_base<1, 32, false, (ap_q_mode)5, (ap_o_mode)0, 0>::operator=<79, 55, false, (ap_q_mode)5, (ap_o_mode)3, 0>(ap_fixed_base<79, 55, false, (ap_q_mode)5, (ap_o_mode)3, 0> const&)' (r:/ci/prod/2022.1/rdi_builds/continuous/2022_04_18_3526262/src/shared/hls/clib/include/header_files\ap_fixed_base.h:808:9)
INFO: [HLS 214-131] Inlining function 'ap_fixed_base<1, 32, false, (ap_q_mode)5, (ap_o_mode)0, 0>::overflow_adjust(bool, bool, bool, bool)' into 'ap_fixed_base<1, 32, false, (ap_q_mode)5, (ap_o_mode)0, 0>& ap_fixed_base<1, 32, false, (ap_q_mode)5, (ap_o_mode)0, 0>::operator=<79, 55, false, (ap_q_mode)5, (ap_o_mode)3, 0>(ap_fixed_base<79, 55, false, (ap_q_mode)5, (ap_o_mode)3, 0> const&)' (r:/ci/prod/2022.1/rdi_builds/continuous/2022_04_18_3526262/src/shared/hls/clib/include/header_files\ap_fixed_base.h:903:7)
INFO: [HLS 214-131] Inlining function 'bool ap_int_base<79, false>::operator==<79, false>(ap_int_base<79, false> const&) const' into 'ap_fixed_base<1, 32, false, (ap_q_mode)5, (ap_o_mode)0, 0>& ap_fixed_base<1, 32, false, (ap_q_mode)5, (ap_o_mode)0, 0>::operator=<79, 55, false, (ap_q_mode)5, (ap_o_mode)3, 0>(ap_fixed_base<79, 55, false, (ap_q_mode)5, (ap_o_mode)3, 0> const&)' (r:/ci/prod/2022.1/rdi_builds/continuous/2022_04_18_3526262/src/shared/hls/clib/include/header_files\ap_fixed_base.h:877:36)
INFO: [HLS 214-131] Inlining function 'ap_int_base<79, false>::RType<79, false>::arg1 operator>><79, false>(ap_int_base<79, false> const&, int)' into 'ap_fixed_base<1, 32, false, (ap_q_mode)5, (ap_o_mode)0, 0>& ap_fixed_base<1, 32, false, (ap_q_mode)5, (ap_o_mode)0, 0>::operator=<79, 55, false, (ap_q_mode)5, (ap_o_mode)3, 0>(ap_fixed_base<79, 55, false, (ap_q_mode)5, (ap_o_mode)3, 0> const&)' (r:/ci/prod/2022.1/rdi_builds/continuous/2022_04_18_3526262/src/shared/hls/clib/include/header_files\ap_fixed_base.h:877:49)
INFO: [HLS 214-131] Inlining function 'ap_int_base<79, false>::ap_int_base(int)' into 'ap_fixed_base<1, 32, false, (ap_q_mode)5, (ap_o_mode)0, 0>& ap_fixed_base<1, 32, false, (ap_q_mode)5, (ap_o_mode)0, 0>::operator=<79, 55, false, (ap_q_mode)5, (ap_o_mode)3, 0>(ap_fixed_base<79, 55, false, (ap_q_mode)5, (ap_o_mode)3, 0> const&)' (r:/ci/prod/2022.1/rdi_builds/continuous/2022_04_18_3526262/src/shared/hls/clib/include/header_files\ap_fixed_base.h:875:38)
INFO: [HLS 214-131] Inlining function 'bool ap_int_base<79, false>::operator==<79, false>(ap_int_base<79, false> const&) const' into 'ap_fixed_base<1, 32, false, (ap_q_mode)5, (ap_o_mode)0, 0>& ap_fixed_base<1, 32, false, (ap_q_mode)5, (ap_o_mode)0, 0>::operator=<79, 55, false, (ap_q_mode)5, (ap_o_mode)3, 0>(ap_fixed_base<79, 55, false, (ap_q_mode)5, (ap_o_mode)3, 0> const&)' (r:/ci/prod/2022.1/rdi_builds/continuous/2022_04_18_3526262/src/shared/hls/clib/include/header_files\ap_fixed_base.h:869:36)
INFO: [HLS 214-131] Inlining function 'ap_int_base<79, false>::RType<79, false>::arg1 operator>><79, false>(ap_int_base<79, false> const&, int)' into 'ap_fixed_base<1, 32, false, (ap_q_mode)5, (ap_o_mode)0, 0>& ap_fixed_base<1, 32, false, (ap_q_mode)5, (ap_o_mode)0, 0>::operator=<79, 55, false, (ap_q_mode)5, (ap_o_mode)3, 0>(ap_fixed_base<79, 55, false, (ap_q_mode)5, (ap_o_mode)3, 0> const&)' (r:/ci/prod/2022.1/rdi_builds/continuous/2022_04_18_3526262/src/shared/hls/clib/include/header_files\ap_fixed_base.h:869:49)
INFO: [HLS 214-131] Inlining function 'ap_int_base<79, false>::ap_int_base(int)' into 'ap_fixed_base<1, 32, false, (ap_q_mode)5, (ap_o_mode)0, 0>& ap_fixed_base<1, 32, false, (ap_q_mode)5, (ap_o_mode)0, 0>::operator=<79, 55, false, (ap_q_mode)5, (ap_o_mode)3, 0>(ap_fixed_base<79, 55, false, (ap_q_mode)5, (ap_o_mode)3, 0> const&)' (r:/ci/prod/2022.1/rdi_builds/continuous/2022_04_18_3526262/src/shared/hls/clib/include/header_files\ap_fixed_base.h:867:38)
INFO: [HLS 214-131] Inlining function 'ap_int_base<79, false>::ap_int_base(int)' into 'ap_fixed_base<1, 32, false, (ap_q_mode)5, (ap_o_mode)0, 0>& ap_fixed_base<1, 32, false, (ap_q_mode)5, (ap_o_mode)0, 0>::operator=<79, 55, false, (ap_q_mode)5, (ap_o_mode)3, 0>(ap_fixed_base<79, 55, false, (ap_q_mode)5, (ap_o_mode)3, 0> const&)' (r:/ci/prod/2022.1/rdi_builds/continuous/2022_04_18_3526262/src/shared/hls/clib/include/header_files\ap_fixed_base.h:864:36)
INFO: [HLS 214-131] Inlining function '_ZN8ssdm_intILi1ELb0EEC2EDq1_j' into 'ap_fixed_base<1, 32, false, (ap_q_mode)5, (ap_o_mode)0, 0>::ap_fixed_base<79, 55, false, (ap_q_mode)5, (ap_o_mode)3, 0>(ap_fixed_base<79, 55, false, (ap_q_mode)5, (ap_o_mode)3, 0> const&)' (r:/ci/prod/2022.1/rdi_builds/continuous/2022_04_18_3526262/src/shared/hls/clib/include/header_files\ap_fixed_base.h:401:80)
INFO: [HLS 214-131] Inlining function 'ap_fixed_base<1, 32, false, (ap_q_mode)5, (ap_o_mode)0, 0>& ap_fixed_base<1, 32, false, (ap_q_mode)5, (ap_o_mode)0, 0>::operator=<79, 55, false, (ap_q_mode)5, (ap_o_mode)3, 0>(ap_fixed_base<79, 55, false, (ap_q_mode)5, (ap_o_mode)3, 0> const&)' into 'ap_fixed_base<1, 32, false, (ap_q_mode)5, (ap_o_mode)0, 0>::ap_fixed_base<79, 55, false, (ap_q_mode)5, (ap_o_mode)3, 0>(ap_fixed_base<79, 55, false, (ap_q_mode)5, (ap_o_mode)3, 0> const&)' (r:/ci/prod/2022.1/rdi_builds/continuous/2022_04_18_3526262/src/shared/hls/clib/include/header_files\ap_fixed_base.h:403:5)
INFO: [HLS 214-131] Inlining function 'ap_fixed_base<1, 32, false, (ap_q_mode)5, (ap_o_mode)0, 0>::ap_fixed_base<79, 55, false, (ap_q_mode)5, (ap_o_mode)3, 0>(ap_fixed_base<79, 55, false, (ap_q_mode)5, (ap_o_mode)3, 0> const&)' into 'ap_ufixed<1, 32, (ap_q_mode)5, (ap_o_mode)0, 0>::ap_ufixed<79, 55, false, (ap_q_mode)5, (ap_o_mode)3, 0>(ap_fixed_base<79, 55, false, (ap_q_mode)5, (ap_o_mode)3, 0> const&)' (r:/ci/prod/2022.1/rdi_builds/continuous/2022_04_18_3526262/src/shared/hls/clib/include/header_files\ap_fixed.h:201:9)
INFO: [HLS 214-131] Inlining function 'ap_fixed_base<79, 55, false, (ap_q_mode)5, (ap_o_mode)3, 0>::operator!() const' into 'ap_fixed_base<32, 32, false, (ap_q_mode)6, (ap_o_mode)3, 0>& ap_fixed_base<32, 32, false, (ap_q_mode)6, (ap_o_mode)3, 0>::operator=<79, 55, false, (ap_q_mode)5, (ap_o_mode)3, 0>(ap_fixed_base<79, 55, false, (ap_q_mode)5, (ap_o_mode)3, 0> const&)' (r:/ci/prod/2022.1/rdi_builds/continuous/2022_04_18_3526262/src/shared/hls/clib/include/header_files\ap_fixed_base.h:808:9)
INFO: [HLS 214-131] Inlining function 'ssdm_int<32, false>::ssdm_int(unsigned int)' into 'ap_fixed_base<32, 32, false, (ap_q_mode)6, (ap_o_mode)3, 0>::ap_fixed_base<79, 55, false, (ap_q_mode)5, (ap_o_mode)3, 0>(ap_fixed_base<79, 55, false, (ap_q_mode)5, (ap_o_mode)3, 0> const&)' (r:/ci/prod/2022.1/rdi_builds/continuous/2022_04_18_3526262/src/shared/hls/clib/include/header_files\ap_fixed_base.h:401:80)
INFO: [HLS 214-131] Inlining function 'ap_fixed_base<32, 32, false, (ap_q_mode)6, (ap_o_mode)3, 0>& ap_fixed_base<32, 32, false, (ap_q_mode)6, (ap_o_mode)3, 0>::operator=<79, 55, false, (ap_q_mode)5, (ap_o_mode)3, 0>(ap_fixed_base<79, 55, false, (ap_q_mode)5, (ap_o_mode)3, 0> const&)' into 'ap_fixed_base<32, 32, false, (ap_q_mode)6, (ap_o_mode)3, 0>::ap_fixed_base<79, 55, false, (ap_q_mode)5, (ap_o_mode)3, 0>(ap_fixed_base<79, 55, false, (ap_q_mode)5, (ap_o_mode)3, 0> const&)' (r:/ci/prod/2022.1/rdi_builds/continuous/2022_04_18_3526262/src/shared/hls/clib/include/header_files\ap_fixed_base.h:403:5)
INFO: [HLS 214-131] Inlining function 'ap_fixed_base<32, 32, false, (ap_q_mode)6, (ap_o_mode)3, 0>::ap_fixed_base<79, 55, false, (ap_q_mode)5, (ap_o_mode)3, 0>(ap_fixed_base<79, 55, false, (ap_q_mode)5, (ap_o_mode)3, 0> const&)' into 'ap_ufixed<32, 32, (ap_q_mode)6, (ap_o_mode)3, 0>::ap_ufixed<79, 55, false, (ap_q_mode)5, (ap_o_mode)3, 0>(ap_fixed_base<79, 55, false, (ap_q_mode)5, (ap_o_mode)3, 0> const&)' (r:/ci/prod/2022.1/rdi_builds/continuous/2022_04_18_3526262/src/shared/hls/clib/include/header_files\ap_fixed.h:201:9)
INFO: [HLS 214-131] Inlining function 'ap_fixed_base<1, 32, false, (ap_q_mode)5, (ap_o_mode)0, 0>::operator!() const' into 'ap_fixed_base<33, 33, false, (ap_q_mode)5, (ap_o_mode)0, 0>& ap_fixed_base<33, 33, false, (ap_q_mode)5, (ap_o_mode)0, 0>::operator=<1, 32, false, (ap_q_mode)5, (ap_o_mode)0, 0>(ap_fixed_base<1, 32, false, (ap_q_mode)5, (ap_o_mode)0, 0> const&)' (r:/ci/prod/2022.1/rdi_builds/continuous/2022_04_18_3526262/src/shared/hls/clib/include/header_files\ap_fixed_base.h:808:9)
INFO: [HLS 214-131] Inlining function '_ZN8ssdm_intILi33ELb0EEC2EDq33_j' into 'ap_fixed_base<33, 33, false, (ap_q_mode)5, (ap_o_mode)0, 0>::ap_fixed_base<1, 32, false, (ap_q_mode)5, (ap_o_mode)0, 0>(ap_fixed_base<1, 32, false, (ap_q_mode)5, (ap_o_mode)0, 0> const&)' (r:/ci/prod/2022.1/rdi_builds/continuous/2022_04_18_3526262/src/shared/hls/clib/include/header_files\ap_fixed_base.h:401:80)
INFO: [HLS 214-131] Inlining function 'ap_fixed_base<33, 33, false, (ap_q_mode)5, (ap_o_mode)0, 0>& ap_fixed_base<33, 33, false, (ap_q_mode)5, (ap_o_mode)0, 0>::operator=<1, 32, false, (ap_q_mode)5, (ap_o_mode)0, 0>(ap_fixed_base<1, 32, false, (ap_q_mode)5, (ap_o_mode)0, 0> const&)' into 'ap_fixed_base<33, 33, false, (ap_q_mode)5, (ap_o_mode)0, 0>::ap_fixed_base<1, 32, false, (ap_q_mode)5, (ap_o_mode)0, 0>(ap_fixed_base<1, 32, false, (ap_q_mode)5, (ap_o_mode)0, 0> const&)' (r:/ci/prod/2022.1/rdi_builds/continuous/2022_04_18_3526262/src/shared/hls/clib/include/header_files\ap_fixed_base.h:403:5)
INFO: [HLS 214-131] Inlining function 'ap_fixed_base<33, 33, false, (ap_q_mode)5, (ap_o_mode)0, 0>::ap_fixed_base<1, 32, false, (ap_q_mode)5, (ap_o_mode)0, 0>(ap_fixed_base<1, 32, false, (ap_q_mode)5, (ap_o_mode)0, 0> const&)' into 'bool ap_fixed_base<1, 32, false, (ap_q_mode)5, (ap_o_mode)0, 0>::operator!=<32, 32, true, (ap_q_mode)5, (ap_o_mode)3, 0>(ap_fixed_base<32, 32, true, (ap_q_mode)5, (ap_o_mode)3, 0> const&) const' (r:/ci/prod/2022.1/rdi_builds/continuous/2022_04_18_3526262/src/shared/hls/clib/include/header_files\ap_fixed_base.h:1654:505)
INFO: [HLS 214-131] Inlining function 'ap_fixed_base<32, 32, true, (ap_q_mode)5, (ap_o_mode)3, 0>::ap_fixed_base(int)' into 'bool operator!=<1, 32, false, (ap_q_mode)5, (ap_o_mode)0, 0>(ap_fixed_base<1, 32, false, (ap_q_mode)5, (ap_o_mode)0, 0> const&, int)' (r:/ci/prod/2022.1/rdi_builds/continuous/2022_04_18_3526262/src/shared/hls/clib/include/header_files\ap_fixed_base.h:2376:13043)
INFO: [HLS 214-131] Inlining function 'bool ap_fixed_base<1, 32, false, (ap_q_mode)5, (ap_o_mode)0, 0>::operator!=<32, 32, true, (ap_q_mode)5, (ap_o_mode)3, 0>(ap_fixed_base<32, 32, true, (ap_q_mode)5, (ap_o_mode)3, 0> const&) const' into 'bool operator!=<1, 32, false, (ap_q_mode)5, (ap_o_mode)0, 0>(ap_fixed_base<1, 32, false, (ap_q_mode)5, (ap_o_mode)0, 0> const&, int)' (r:/ci/prod/2022.1/rdi_builds/continuous/2022_04_18_3526262/src/shared/hls/clib/include/header_files\ap_fixed_base.h:2376:13031)
INFO: [HLS 214-131] Inlining function 'ap_int_base<32, true>::ap_int_base(int)' into 'ap_int<32>::ap_int(int)' (C:/Xilinx/Vitis_HLS/2022.1/common/technology/autopilot/ap_int.h:179:57)
INFO: [HLS 214-131] Inlining function 'ap_bit_ref<32, true>::ap_bit_ref(ap_int_base<32, true>*, int)' into 'ap_int_base<32, true>::operator[](int)' (r:/ci/prod/2022.1/rdi_builds/continuous/2022_04_18_3526262/src/shared/hls/clib/include/header_files\ap_int_base.h:1129:30)
INFO: [HLS 214-131] Inlining function 'ap_fixed_base<1, 32, false, (ap_q_mode)5, (ap_o_mode)0, 0>::operator!() const' into 'ap_fixed_base<32, 32, false, (ap_q_mode)5, (ap_o_mode)0, 0>& ap_fixed_base<32, 32, false, (ap_q_mode)5, (ap_o_mode)0, 0>::operator=<1, 32, false, (ap_q_mode)5, (ap_o_mode)0, 0>(ap_fixed_base<1, 32, false, (ap_q_mode)5, (ap_o_mode)0, 0> const&)' (r:/ci/prod/2022.1/rdi_builds/continuous/2022_04_18_3526262/src/shared/hls/clib/include/header_files\ap_fixed_base.h:808:9)
INFO: [HLS 214-131] Inlining function 'ssdm_int<32, false>::ssdm_int(unsigned int)' into 'ap_fixed_base<32, 32, false, (ap_q_mode)5, (ap_o_mode)0, 0>::ap_fixed_base<1, 32, false, (ap_q_mode)5, (ap_o_mode)0, 0>(ap_fixed_base<1, 32, false, (ap_q_mode)5, (ap_o_mode)0, 0> const&)' (r:/ci/prod/2022.1/rdi_builds/continuous/2022_04_18_3526262/src/shared/hls/clib/include/header_files\ap_fixed_base.h:401:80)
INFO: [HLS 214-131] Inlining function 'ap_fixed_base<32, 32, false, (ap_q_mode)5, (ap_o_mode)0, 0>& ap_fixed_base<32, 32, false, (ap_q_mode)5, (ap_o_mode)0, 0>::operator=<1, 32, false, (ap_q_mode)5, (ap_o_mode)0, 0>(ap_fixed_base<1, 32, false, (ap_q_mode)5, (ap_o_mode)0, 0> const&)' into 'ap_fixed_base<32, 32, false, (ap_q_mode)5, (ap_o_mode)0, 0>::ap_fixed_base<1, 32, false, (ap_q_mode)5, (ap_o_mode)0, 0>(ap_fixed_base<1, 32, false, (ap_q_mode)5, (ap_o_mode)0, 0> const&)' (r:/ci/prod/2022.1/rdi_builds/continuous/2022_04_18_3526262/src/shared/hls/clib/include/header_files\ap_fixed_base.h:403:5)
INFO: [HLS 214-131] Inlining function 'ap_fixed_base<32, 32, false, (ap_q_mode)5, (ap_o_mode)0, 0>::ap_fixed_base<1, 32, false, (ap_q_mode)5, (ap_o_mode)0, 0>(ap_fixed_base<1, 32, false, (ap_q_mode)5, (ap_o_mode)0, 0> const&)' into 'bool ap_fixed_base<32, 32, true, (ap_q_mode)5, (ap_o_mode)3, 0>::operator==<1, 32, false, (ap_q_mode)5, (ap_o_mode)0, 0>(ap_fixed_base<1, 32, false, (ap_q_mode)5, (ap_o_mode)0, 0> const&) const' (r:/ci/prod/2022.1/rdi_builds/continuous/2022_04_18_3526262/src/shared/hls/clib/include/header_files\ap_fixed_base.h:1653:370)
INFO: [HLS 214-131] Inlining function 'ap_fixed_base<32, 32, true, (ap_q_mode)5, (ap_o_mode)3, 0>::ap_fixed_base(int)' into 'bool operator==<1, 32, false, (ap_q_mode)5, (ap_o_mode)0, 0>(int, ap_fixed_base<1, 32, false, (ap_q_mode)5, (ap_o_mode)0, 0> const&)' (r:/ci/prod/2022.1/rdi_builds/continuous/2022_04_18_3526262/src/shared/hls/clib/include/header_files\ap_fixed_base.h:2376:12718)
INFO: [HLS 214-131] Inlining function 'bool ap_fixed_base<32, 32, true, (ap_q_mode)5, (ap_o_mode)3, 0>::operator==<1, 32, false, (ap_q_mode)5, (ap_o_mode)0, 0>(ap_fixed_base<1, 32, false, (ap_q_mode)5, (ap_o_mode)0, 0> const&) const' into 'bool operator==<1, 32, false, (ap_q_mode)5, (ap_o_mode)0, 0>(int, ap_fixed_base<1, 32, false, (ap_q_mode)5, (ap_o_mode)0, 0> const&)' (r:/ci/prod/2022.1/rdi_builds/continuous/2022_04_18_3526262/src/shared/hls/clib/include/header_files\ap_fixed_base.h:2376:12778)
INFO: [HLS 214-131] Inlining function 'ap_int_base<32, true>::ap_int_base(int)' into 'bool operator!=<23, false>(int, ap_int_base<23, false> const&)' (r:/ci/prod/2022.1/rdi_builds/continuous/2022_04_18_3526262/src/shared/hls/clib/include/header_files\ap_int_base.h:1788:2037)
INFO: [HLS 214-131] Inlining function 'bool ap_int_base<32, true>::operator!=<23, false>(ap_int_base<23, false> const&) const' into 'bool operator!=<23, false>(int, ap_int_base<23, false> const&)' (r:/ci/prod/2022.1/rdi_builds/continuous/2022_04_18_3526262/src/shared/hls/clib/include/header_files\ap_int_base.h:1788:2075)
INFO: [HLS 214-131] Inlining function 'ap_int_base<32, true>::ap_int_base(int)' into 'bool operator==<8, false>(ap_int_base<8, false> const&, int)' (r:/ci/prod/2022.1/rdi_builds/continuous/2022_04_18_3526262/src/shared/hls/clib/include/header_files\ap_int_base.h:1788:1853)
INFO: [HLS 214-131] Inlining function 'bool ap_int_base<8, false>::operator==<32, true>(ap_int_base<32, true> const&) const' into 'bool operator==<8, false>(ap_int_base<8, false> const&, int)' (r:/ci/prod/2022.1/rdi_builds/continuous/2022_04_18_3526262/src/shared/hls/clib/include/header_files\ap_int_base.h:1788:1850)
INFO: [HLS 214-131] Inlining function 'ap_int_base<1, false>::to_int() const' into 'fp_struct<float>::__signbit() const' (r:/ci/prod/2022.1/rdi_builds/continuous/2022_04_18_3526262/src/shared/hls/clib/src/hls\utils/x_hls_utils.h:379:21)
INFO: [HLS 214-131] Inlining function 'ap_fixed_base<32, 32, false, (ap_q_mode)6, (ap_o_mode)3, 0>::operator!() const' into 'ap_fixed_base<32, 32, true, (ap_q_mode)5, (ap_o_mode)3, 0>& ap_fixed_base<32, 32, true, (ap_q_mode)5, (ap_o_mode)3, 0>::operator=<32, 32, false, (ap_q_mode)6, (ap_o_mode)3, 0>(ap_fixed_base<32, 32, false, (ap_q_mode)6, (ap_o_mode)3, 0> const&)' (r:/ci/prod/2022.1/rdi_builds/continuous/2022_04_18_3526262/src/shared/hls/clib/include/header_files\ap_fixed_base.h:808:9)
INFO: [HLS 214-131] Inlining function 'ssdm_int<32, true>::ssdm_int(int)' into 'ap_fixed_base<32, 32, true, (ap_q_mode)5, (ap_o_mode)3, 0>::ap_fixed_base<32, 32, false, (ap_q_mode)6, (ap_o_mode)3, 0>(ap_fixed_base<32, 32, false, (ap_q_mode)6, (ap_o_mode)3, 0> const&)' (r:/ci/prod/2022.1/rdi_builds/continuous/2022_04_18_3526262/src/shared/hls/clib/include/header_files\ap_fixed_base.h:401:80)
INFO: [HLS 214-131] Inlining function 'ap_fixed_base<32, 32, true, (ap_q_mode)5, (ap_o_mode)3, 0>& ap_fixed_base<32, 32, true, (ap_q_mode)5, (ap_o_mode)3, 0>::operator=<32, 32, false, (ap_q_mode)6, (ap_o_mode)3, 0>(ap_fixed_base<32, 32, false, (ap_q_mode)6, (ap_o_mode)3, 0> const&)' into 'ap_fixed_base<32, 32, true, (ap_q_mode)5, (ap_o_mode)3, 0>::ap_fixed_base<32, 32, false, (ap_q_mode)6, (ap_o_mode)3, 0>(ap_fixed_base<32, 32, false, (ap_q_mode)6, (ap_o_mode)3, 0> const&)' (r:/ci/prod/2022.1/rdi_builds/continuous/2022_04_18_3526262/src/shared/hls/clib/include/header_files\ap_fixed_base.h:403:5)
INFO: [HLS 214-131] Inlining function 'ap_fixed_base<32, 32, true, (ap_q_mode)5, (ap_o_mode)3, 0>::ap_fixed_base<32, 32, false, (ap_q_mode)6, (ap_o_mode)3, 0>(ap_fixed_base<32, 32, false, (ap_q_mode)6, (ap_o_mode)3, 0> const&)' into 'ap_fixed<32, 32, (ap_q_mode)5, (ap_o_mode)3, 0>::ap_fixed<32, 32, false, (ap_q_mode)6, (ap_o_mode)3, 0>(ap_fixed_base<32, 32, false, (ap_q_mode)6, (ap_o_mode)3, 0> const&)' (r:/ci/prod/2022.1/rdi_builds/continuous/2022_04_18_3526262/src/shared/hls/clib/include/header_files\ap_fixed.h:29:9)
INFO: [HLS 214-131] Inlining function 'ap_fixed_base<32, 32, false, (ap_q_mode)6, (ap_o_mode)3, 0>::operator!() const' into 'ap_fixed_base<33, 33, true, (ap_q_mode)5, (ap_o_mode)3, 0>& ap_fixed_base<33, 33, true, (ap_q_mode)5, (ap_o_mode)3, 0>::operator=<32, 32, false, (ap_q_mode)6, (ap_o_mode)3, 0>(ap_fixed_base<32, 32, false, (ap_q_mode)6, (ap_o_mode)3, 0> const&)' (r:/ci/prod/2022.1/rdi_builds/continuous/2022_04_18_3526262/src/shared/hls/clib/include/header_files\ap_fixed_base.h:808:9)
INFO: [HLS 214-131] Inlining function '_ZN8ssdm_intILi33ELb1EEC2EDq33_i' into 'ap_fixed_base<33, 33, true, (ap_q_mode)5, (ap_o_mode)3, 0>::ap_fixed_base<32, 32, false, (ap_q_mode)6, (ap_o_mode)3, 0>(ap_fixed_base<32, 32, false, (ap_q_mode)6, (ap_o_mode)3, 0> const&)' (r:/ci/prod/2022.1/rdi_builds/continuous/2022_04_18_3526262/src/shared/hls/clib/include/header_files\ap_fixed_base.h:401:80)
INFO: [HLS 214-131] Inlining function 'ap_fixed_base<33, 33, true, (ap_q_mode)5, (ap_o_mode)3, 0>& ap_fixed_base<33, 33, true, (ap_q_mode)5, (ap_o_mode)3, 0>::operator=<32, 32, false, (ap_q_mode)6, (ap_o_mode)3, 0>(ap_fixed_base<32, 32, false, (ap_q_mode)6, (ap_o_mode)3, 0> const&)' into 'ap_fixed_base<33, 33, true, (ap_q_mode)5, (ap_o_mode)3, 0>::ap_fixed_base<32, 32, false, (ap_q_mode)6, (ap_o_mode)3, 0>(ap_fixed_base<32, 32, false, (ap_q_mode)6, (ap_o_mode)3, 0> const&)' (r:/ci/prod/2022.1/rdi_builds/continuous/2022_04_18_3526262/src/shared/hls/clib/include/header_files\ap_fixed_base.h:403:5)
INFO: [HLS 214-131] Inlining function 'ap_fixed_base<33, 33, true, (ap_q_mode)5, (ap_o_mode)3, 0>::ap_fixed_base<32, 32, false, (ap_q_mode)6, (ap_o_mode)3, 0>(ap_fixed_base<32, 32, false, (ap_q_mode)6, (ap_o_mode)3, 0> const&)' into 'ap_fixed_base<32, 32, false, (ap_q_mode)6, (ap_o_mode)3, 0>::operator-() const' (r:/ci/prod/2022.1/rdi_builds/continuous/2022_04_18_3526262/src/shared/hls/clib/include/header_files\ap_fixed_base.h:1407:47)
INFO: [HLS 214-131] Inlining function 'ap_fixed<33, 33, (ap_q_mode)5, (ap_o_mode)3, 0>::ap_fixed<33, 33, true, (ap_q_mode)5, (ap_o_mode)3, 0>(ap_fixed_base<33, 33, true, (ap_q_mode)5, (ap_o_mode)3, 0> const&)' into 'ap_fixed_base<32, 32, false, (ap_q_mode)6, (ap_o_mode)3, 0>::operator-() const' (r:/ci/prod/2022.1/rdi_builds/continuous/2022_04_18_3526262/src/shared/hls/clib/include/header_files\ap_fixed_base.h:1409:12)
INFO: [HLS 214-131] Inlining function 'ap_fixed_base<33, 33, true, (ap_q_mode)5, (ap_o_mode)3, 0>::operator!() const' into 'ap_fixed_base<32, 32, true, (ap_q_mode)5, (ap_o_mode)3, 0>& ap_fixed_base<32, 32, true, (ap_q_mode)5, (ap_o_mode)3, 0>::operator=<33, 33, true, (ap_q_mode)5, (ap_o_mode)3, 0>(ap_fixed_base<33, 33, true, (ap_q_mode)5, (ap_o_mode)3, 0> const&)' (r:/ci/prod/2022.1/rdi_builds/continuous/2022_04_18_3526262/src/shared/hls/clib/include/header_files\ap_fixed_base.h:808:9)
INFO: [HLS 214-131] Inlining function 'ssdm_int<32, true>::ssdm_int(int)' into 'ap_fixed_base<32, 32, true, (ap_q_mode)5, (ap_o_mode)3, 0>::ap_fixed_base<33, 33, true, (ap_q_mode)5, (ap_o_mode)3, 0>(ap_fixed_base<33, 33, true, (ap_q_mode)5, (ap_o_mode)3, 0> const&)' (r:/ci/prod/2022.1/rdi_builds/continuous/2022_04_18_3526262/src/shared/hls/clib/include/header_files\ap_fixed_base.h:401:80)
INFO: [HLS 214-131] Inlining function 'ap_fixed_base<32, 32, true, (ap_q_mode)5, (ap_o_mode)3, 0>& ap_fixed_base<32, 32, true, (ap_q_mode)5, (ap_o_mode)3, 0>::operator=<33, 33, true, (ap_q_mode)5, (ap_o_mode)3, 0>(ap_fixed_base<33, 33, true, (ap_q_mode)5, (ap_o_mode)3, 0> const&)' into 'ap_fixed_base<32, 32, true, (ap_q_mode)5, (ap_o_mode)3, 0>::ap_fixed_base<33, 33, true, (ap_q_mode)5, (ap_o_mode)3, 0>(ap_fixed_base<33, 33, true, (ap_q_mode)5, (ap_o_mode)3, 0> const&)' (r:/ci/prod/2022.1/rdi_builds/continuous/2022_04_18_3526262/src/shared/hls/clib/include/header_files\ap_fixed_base.h:403:5)
INFO: [HLS 214-131] Inlining function 'ap_fixed_base<32, 32, true, (ap_q_mode)5, (ap_o_mode)3, 0>::ap_fixed_base<33, 33, true, (ap_q_mode)5, (ap_o_mode)3, 0>(ap_fixed_base<33, 33, true, (ap_q_mode)5, (ap_o_mode)3, 0> const&)' into 'ap_fixed<32, 32, (ap_q_mode)5, (ap_o_mode)3, 0>::ap_fixed<33, 33, true, (ap_q_mode)5, (ap_o_mode)3, 0>(ap_fixed_base<33, 33, true, (ap_q_mode)5, (ap_o_mode)3, 0> const&)' (r:/ci/prod/2022.1/rdi_builds/continuous/2022_04_18_3526262/src/shared/hls/clib/include/header_files\ap_fixed.h:29:9)
INFO: [HLS 214-131] Inlining function 'ap_int_base<32, true>::ap_int_base(int)' into 'ap_fixed_base<32, 32, true, (ap_q_mode)5, (ap_o_mode)3, 0>::to_ap_int_base(bool) const' (r:/ci/prod/2022.1/rdi_builds/continuous/2022_04_18_3526262/src/shared/hls/clib/include/header_files\ap_fixed_base.h:983:57)
INFO: [HLS 214-131] Inlining function 'ap_fixed_base<32, 32, true, (ap_q_mode)5, (ap_o_mode)3, 0>::to_ap_int_base(bool) const' into 'ap_fixed_base<32, 32, true, (ap_q_mode)5, (ap_o_mode)3, 0>::to_int() const' (r:/ci/prod/2022.1/rdi_builds/continuous/2022_04_18_3526262/src/shared/hls/clib/include/header_files\ap_fixed_base.h:1022:89)
INFO: [HLS 214-131] Inlining function 'ap_int_base<32, true>::to_int() const' into 'ap_fixed_base<32, 32, true, (ap_q_mode)5, (ap_o_mode)3, 0>::to_int() const' (r:/ci/prod/2022.1/rdi_builds/continuous/2022_04_18_3526262/src/shared/hls/clib/include/header_files\ap_fixed_base.h:1022:106)
INFO: [HLS 214-131] Inlining function 'ap_fixed_base<32, 32, true, (ap_q_mode)5, (ap_o_mode)3, 0>::to_int() const' into 'ap_fixed_base<32, 32, true, (ap_q_mode)5, (ap_o_mode)3, 0>::operator int() const' (r:/ci/prod/2022.1/rdi_builds/continuous/2022_04_18_3526262/src/shared/hls/clib/include/header_files\ap_fixed_base.h:1197:91)
INFO: [HLS 214-131] Inlining function 'ap_ufixed<79, 55, (ap_q_mode)5, (ap_o_mode)3, 0>::ap_ufixed<24, 1, false, (ap_q_mode)5, (ap_o_mode)3, 0>(ap_fixed_base<24, 1, false, (ap_q_mode)5, (ap_o_mode)3, 0> const&)' into 'int generic_cast_IEEE754<int, (ap_q_mode)6, float>(float, bool, hls::enable_if<std::numeric_limits<int>::is_signed, bool>::type)' (r:/ci/prod/2022.1/rdi_builds/continuous/2022_04_18_3526262/src/shared/hls/clib/hlsmath/include/FloatingPoint\hls_case_IEEE754.h:15:54)
INFO: [HLS 214-131] Inlining function 'ap_fixed_base<32, 32, true, (ap_q_mode)5, (ap_o_mode)3, 0>::operator int() const' into 'int generic_cast_IEEE754<int, (ap_q_mode)6, float>(float, bool, hls::enable_if<std::numeric_limits<int>::is_signed, bool>::type)' (r:/ci/prod/2022.1/rdi_builds/continuous/2022_04_18_3526262/src/shared/hls/clib/hlsmath/include/FloatingPoint\hls_case_IEEE754.h:61:9)
INFO: [HLS 214-131] Inlining function 'ap_fixed<32, 32, (ap_q_mode)5, (ap_o_mode)3, 0>::ap_fixed<33, 33, true, (ap_q_mode)5, (ap_o_mode)3, 0>(ap_fixed_base<33, 33, true, (ap_q_mode)5, (ap_o_mode)3, 0> const&)' into 'int generic_cast_IEEE754<int, (ap_q_mode)6, float>(float, bool, hls::enable_if<std::numeric_limits<int>::is_signed, bool>::type)' (r:/ci/prod/2022.1/rdi_builds/continuous/2022_04_18_3526262/src/shared/hls/clib/hlsmath/include/FloatingPoint\hls_case_IEEE754.h:59:30)
INFO: [HLS 214-131] Inlining function 'ap_fixed_base<32, 32, false, (ap_q_mode)6, (ap_o_mode)3, 0>::operator-() const' into 'int generic_cast_IEEE754<int, (ap_q_mode)6, float>(float, bool, hls::enable_if<std::numeric_limits<int>::is_signed, bool>::type)' (r:/ci/prod/2022.1/rdi_builds/continuous/2022_04_18_3526262/src/shared/hls/clib/hlsmath/include/FloatingPoint\hls_case_IEEE754.h:59:30)
INFO: [HLS 214-131] Inlining function 'ap_fixed_base<79, 55, false, (ap_q_mode)5, (ap_o_mode)3, 0>::operator<<(int) const' into 'int generic_cast_IEEE754<int, (ap_q_mode)6, float>(float, bool, hls::enable_if<std::numeric_limits<int>::is_signed, bool>::type)' (r:/ci/prod/2022.1/rdi_builds/continuous/2022_04_18_3526262/src/shared/hls/clib/hlsmath/include/FloatingPoint\hls_case_IEEE754.h:18:73)
INFO: [HLS 214-131] Inlining function 'ap_fixed<32, 32, (ap_q_mode)5, (ap_o_mode)3, 0>::ap_fixed<32, 32, false, (ap_q_mode)6, (ap_o_mode)3, 0>(ap_fixed_base<32, 32, false, (ap_q_mode)6, (ap_o_mode)3, 0> const&)' into 'int generic_cast_IEEE754<int, (ap_q_mode)6, float>(float, bool, hls::enable_if<std::numeric_limits<int>::is_signed, bool>::type)' (r:/ci/prod/2022.1/rdi_builds/continuous/2022_04_18_3526262/src/shared/hls/clib/hlsmath/include/FloatingPoint\hls_case_IEEE754.h:58:49)
INFO: [HLS 214-131] Inlining function 'ap_int_base<32, true>::operator long long() const' into 'int generic_cast_IEEE754<int, (ap_q_mode)6, float>(float, bool, hls::enable_if<std::numeric_limits<int>::is_signed, bool>::type)' (r:/ci/prod/2022.1/rdi_builds/continuous/2022_04_18_3526262/src/shared/hls/clib/hlsmath/include/FloatingPoint\hls_case_IEEE754.h:47:17)
INFO: [HLS 214-131] Inlining function 'ap_ufixed<79, 55, (ap_q_mode)5, (ap_o_mode)3, 0>::ap_ufixed<79, 55, false, (ap_q_mode)5, (ap_o_mode)3, 0>(ap_fixed_base<79, 55, false, (ap_q_mode)5, (ap_o_mode)3, 0> const&)' into 'int generic_cast_IEEE754<int, (ap_q_mode)6, float>(float, bool, hls::enable_if<std::numeric_limits<int>::is_signed, bool>::type)' (r:/ci/prod/2022.1/rdi_builds/continuous/2022_04_18_3526262/src/shared/hls/clib/hlsmath/include/FloatingPoint\hls_case_IEEE754.h:18:64)
INFO: [HLS 214-131] Inlining function 'ap_int_base<32, true>::operator long long() const' into 'int generic_cast_IEEE754<int, (ap_q_mode)6, float>(float, bool, hls::enable_if<std::numeric_limits<int>::is_signed, bool>::type)' (r:/ci/prod/2022.1/rdi_builds/continuous/2022_04_18_3526262/src/shared/hls/clib/hlsmath/include/FloatingPoint\hls_case_IEEE754.h:44:17)
INFO: [HLS 214-131] Inlining function 'bool operator==<8, false>(ap_int_base<8, false> const&, int)' into 'int generic_cast_IEEE754<int, (ap_q_mode)6, float>(float, bool, hls::enable_if<std::numeric_limits<int>::is_signed, bool>::type)' (r:/ci/prod/2022.1/rdi_builds/continuous/2022_04_18_3526262/src/shared/hls/clib/hlsmath/include/FloatingPoint\hls_case_IEEE754.h:42:54)
INFO: [HLS 214-131] Inlining function 'bool operator!=<23, false>(int, ap_int_base<23, false> const&)' into 'int generic_cast_IEEE754<int, (ap_q_mode)6, float>(float, bool, hls::enable_if<std::numeric_limits<int>::is_signed, bool>::type)' (r:/ci/prod/2022.1/rdi_builds/continuous/2022_04_18_3526262/src/shared/hls/clib/hlsmath/include/FloatingPoint\hls_case_IEEE754.h:42:34)
INFO: [HLS 214-131] Inlining function 'bool operator==<1, 32, false, (ap_q_mode)5, (ap_o_mode)0, 0>(int, ap_fixed_base<1, 32, false, (ap_q_mode)5, (ap_o_mode)0, 0> const&)' into 'int generic_cast_IEEE754<int, (ap_q_mode)6, float>(float, bool, hls::enable_if<std::numeric_limits<int>::is_signed, bool>::type)' (r:/ci/prod/2022.1/rdi_builds/continuous/2022_04_18_3526262/src/shared/hls/clib/hlsmath/include/FloatingPoint\hls_case_IEEE754.h:42:12)
INFO: [HLS 214-131] Inlining function 'ap_bit_ref<32, true>::operator=(int)' into 'int generic_cast_IEEE754<int, (ap_q_mode)6, float>(float, bool, hls::enable_if<std::numeric_limits<int>::is_signed, bool>::type)' (r:/ci/prod/2022.1/rdi_builds/continuous/2022_04_18_3526262/src/shared/hls/clib/hlsmath/include/FloatingPoint\hls_case_IEEE754.h:38:24)
INFO: [HLS 214-131] Inlining function 'ap_int_base<32, true>::operator[](int)' into 'int generic_cast_IEEE754<int, (ap_q_mode)6, float>(float, bool, hls::enable_if<std::numeric_limits<int>::is_signed, bool>::type)' (r:/ci/prod/2022.1/rdi_builds/continuous/2022_04_18_3526262/src/shared/hls/clib/hlsmath/include/FloatingPoint\hls_case_IEEE754.h:38:2)
INFO: [HLS 214-131] Inlining function 'ap_bit_ref<32, true>::operator=(int)' into 'int generic_cast_IEEE754<int, (ap_q_mode)6, float>(float, bool, hls::enable_if<std::numeric_limits<int>::is_signed, bool>::type)' (r:/ci/prod/2022.1/rdi_builds/continuous/2022_04_18_3526262/src/shared/hls/clib/hlsmath/include/FloatingPoint\hls_case_IEEE754.h:36:24)
INFO: [HLS 214-131] Inlining function 'ap_int_base<32, true>::operator[](int)' into 'int generic_cast_IEEE754<int, (ap_q_mode)6, float>(float, bool, hls::enable_if<std::numeric_limits<int>::is_signed, bool>::type)' (r:/ci/prod/2022.1/rdi_builds/continuous/2022_04_18_3526262/src/shared/hls/clib/hlsmath/include/FloatingPoint\hls_case_IEEE754.h:36:2)
INFO: [HLS 214-131] Inlining function 'bool operator!=<1, 32, false, (ap_q_mode)5, (ap_o_mode)0, 0>(ap_fixed_base<1, 32, false, (ap_q_mode)5, (ap_o_mode)0, 0> const&, int)' into 'int generic_cast_IEEE754<int, (ap_q_mode)6, float>(float, bool, hls::enable_if<std::numeric_limits<int>::is_signed, bool>::type)' (r:/ci/prod/2022.1/rdi_builds/continuous/2022_04_18_3526262/src/shared/hls/clib/hlsmath/include/FloatingPoint\hls_case_IEEE754.h:32:96)
INFO: [HLS 214-131] Inlining function 'ap_ufixed<1, 32, (ap_q_mode)5, (ap_o_mode)0, 0>::ap_ufixed<79, 55, false, (ap_q_mode)5, (ap_o_mode)3, 0>(ap_fixed_base<79, 55, false, (ap_q_mode)5, (ap_o_mode)3, 0> const&)' into 'int generic_cast_IEEE754<int, (ap_q_mode)6, float>(float, bool, hls::enable_if<std::numeric_limits<int>::is_signed, bool>::type)' (r:/ci/prod/2022.1/rdi_builds/continuous/2022_04_18_3526262/src/shared/hls/clib/hlsmath/include/FloatingPoint\hls_case_IEEE754.h:20:63)
INFO: [HLS 214-131] Inlining function 'ap_ufixed<32, 32, (ap_q_mode)6, (ap_o_mode)3, 0>::ap_ufixed<79, 55, false, (ap_q_mode)5, (ap_o_mode)3, 0>(ap_fixed_base<79, 55, false, (ap_q_mode)5, (ap_o_mode)3, 0> const&)' into 'int generic_cast_IEEE754<int, (ap_q_mode)6, float>(float, bool, hls::enable_if<std::numeric_limits<int>::is_signed, bool>::type)' (r:/ci/prod/2022.1/rdi_builds/continuous/2022_04_18_3526262/src/shared/hls/clib/hlsmath/include/FloatingPoint\hls_case_IEEE754.h:21:58)
INFO: [HLS 214-131] Inlining function 'ap_int_base<1, false>::ap_int_base(int)' into 'ap_uint<1>::ap_uint(int)' (C:/Xilinx/Vitis_HLS/2022.1/common/technology/autopilot/ap_int.h:333:58)
INFO: [HLS 214-131] Inlining function 'hls::axis<ap_int<32>, 2ul, 5ul, 6ul>::get_user_ptr()' into 'hls::stream<hls::axis<ap_int<32>, 2ul, 5ul, 6ul>, 0>::write(hls::axis<ap_int<32>, 2ul, 5ul, 6ul> const&)' (C:/Xilinx/Vitis_HLS/2022.1/common/technology/autopilot\ap_axi_sdata.h:304:51)
INFO: [HLS 214-131] Inlining function 'hls::axis<ap_int<32>, 2ul, 5ul, 6ul>::get_dest_ptr()' into 'hls::stream<hls::axis<ap_int<32>, 2ul, 5ul, 6ul>, 0>::write(hls::axis<ap_int<32>, 2ul, 5ul, 6ul> const&)' (C:/Xilinx/Vitis_HLS/2022.1/common/technology/autopilot\ap_axi_sdata.h:307:26)
INFO: [HLS 214-131] Inlining function 'hls::axis<ap_int<32>, 2ul, 5ul, 6ul>::get_id_ptr()' into 'hls::stream<hls::axis<ap_int<32>, 2ul, 5ul, 6ul>, 0>::write(hls::axis<ap_int<32>, 2ul, 5ul, 6ul> const&)' (C:/Xilinx/Vitis_HLS/2022.1/common/technology/autopilot\ap_axi_sdata.h:306:68)
INFO: [HLS 214-131] Inlining function 'hls::axis<ap_int<32>, 2ul, 5ul, 6ul>::get_user_ptr()' into 'hls::stream<hls::axis<ap_int<32>, 2ul, 5ul, 6ul>, 0>::write(hls::axis<ap_int<32>, 2ul, 5ul, 6ul> const&)' (C:/Xilinx/Vitis_HLS/2022.1/common/technology/autopilot\ap_axi_sdata.h:306:37)
INFO: [HLS 214-131] Inlining function 'hls::axis<ap_int<32>, 2ul, 5ul, 6ul>::get_dest_ptr()' into 'hls::stream<hls::axis<ap_int<32>, 2ul, 5ul, 6ul>, 0>::write(hls::axis<ap_int<32>, 2ul, 5ul, 6ul> const&)' (C:/Xilinx/Vitis_HLS/2022.1/common/technology/autopilot\ap_axi_sdata.h:305:40)
INFO: [HLS 214-131] Inlining function 'hls::axis<ap_int<32>, 2ul, 5ul, 6ul>::get_id_ptr()' into 'hls::stream<hls::axis<ap_int<32>, 2ul, 5ul, 6ul>, 0>::write(hls::axis<ap_int<32>, 2ul, 5ul, 6ul> const&)' (C:/Xilinx/Vitis_HLS/2022.1/common/technology/autopilot\ap_axi_sdata.h:305:24)
INFO: [HLS 214-131] Inlining function 'hls::stream<hls::axis<ap_int<32>, 2ul, 5ul, 6ul>, 0>::read(hls::axis<ap_int<32>, 2ul, 5ul, 6ul>&)' into 'MLP(hls::stream<hls::axis<ap_int<32>, 2ul, 5ul, 6ul>, 0>&, hls::stream<hls::axis<ap_int<32>, 2ul, 5ul, 6ul>, 0>&)' (../../../../HWSWAI/HLS/SampleDatasetMLP.cpp:59:17)
INFO: [HLS 214-131] Inlining function 'hls::stream<hls::axis<ap_int<32>, 2ul, 5ul, 6ul>, 0>::write(hls::axis<ap_int<32>, 2ul, 5ul, 6ul> const&)' into 'MLP(hls::stream<hls::axis<ap_int<32>, 2ul, 5ul, 6ul>, 0>&, hls::stream<hls::axis<ap_int<32>, 2ul, 5ul, 6ul>, 0>&)' (../../../../HWSWAI/HLS/SampleDatasetMLP.cpp:135:15)
INFO: [HLS 214-131] Inlining function 'ap_int_base<32, true>::operator long long() const' into 'MLP(hls::stream<hls::axis<ap_int<32>, 2ul, 5ul, 6ul>, 0>&, hls::stream<hls::axis<ap_int<32>, 2ul, 5ul, 6ul>, 0>&)' (../../../../HWSWAI/HLS/SampleDatasetMLP.cpp:60:29)
INFO: [HLS 214-131] Inlining function 'ap_int_base<1, false>::operator unsigned long long() const' into 'MLP(hls::stream<hls::axis<ap_int<32>, 2ul, 5ul, 6ul>, 0>&, hls::stream<hls::axis<ap_int<32>, 2ul, 5ul, 6ul>, 0>&)' (../../../../HWSWAI/HLS/SampleDatasetMLP.cpp:62:12)
INFO: [HLS 214-178] Inlining function 'fp_struct<float>::fp_struct(float)' into 'int generic_cast_IEEE754<int, (ap_q_mode)6, float>(float, bool, hls::enable_if<std::numeric_limits<int>::is_signed, bool>::type)' (r:/ci/prod/2022.1/rdi_builds/continuous/2022_04_18_3526262/src/shared/hls/clib/hlsmath/include/FloatingPoint\hls_case_IEEE754.h:12:0)
INFO: [HLS 214-178] Inlining function 'fp_struct<float>::mantissa() const' into 'int generic_cast_IEEE754<int, (ap_q_mode)6, float>(float, bool, hls::enable_if<std::numeric_limits<int>::is_signed, bool>::type)' (r:/ci/prod/2022.1/rdi_builds/continuous/2022_04_18_3526262/src/shared/hls/clib/hlsmath/include/FloatingPoint\hls_case_IEEE754.h:12:0)
INFO: [HLS 214-178] Inlining function 'fp_struct<float>::expv() const' into 'int generic_cast_IEEE754<int, (ap_q_mode)6, float>(float, bool, hls::enable_if<std::numeric_limits<int>::is_signed, bool>::type)' (r:/ci/prod/2022.1/rdi_builds/continuous/2022_04_18_3526262/src/shared/hls/clib/hlsmath/include/FloatingPoint\hls_case_IEEE754.h:12:0)
INFO: [HLS 214-178] Inlining function 'fp_struct<float>::__signbit() const' into 'int generic_cast_IEEE754<int, (ap_q_mode)6, float>(float, bool, hls::enable_if<std::numeric_limits<int>::is_signed, bool>::type)' (r:/ci/prod/2022.1/rdi_builds/continuous/2022_04_18_3526262/src/shared/hls/clib/hlsmath/include/FloatingPoint\hls_case_IEEE754.h:12:0)
INFO: [HLS 214-178] Inlining function 'int generic_cast_IEEE754<int, (ap_q_mode)6, float>(float, bool, hls::enable_if<std::numeric_limits<int>::is_signed, bool>::type)' into 'int generic_cast_IEEE754<int, float>(float, bool)' (r:/ci/prod/2022.1/rdi_builds/continuous/2022_04_18_3526262/src/shared/hls/clib/hlsmath/include/FloatingPoint\hls_case_IEEE754.h:116:0)
INFO: [HLS 214-178] Inlining function 'int generic_cast_IEEE754<int, float>(float, bool)' into '__hls_fptosi_float_i32' (r:/ci/prod/2022.1/rdi_builds/continuous/2022_04_18_3526262/src/shared/hls/clib/hlsmath/src/lib_floatconversion.cpp:51:0)
INFO: [HLS 214-178] Inlining function '__hls_fptosi_float_i32' into 'MLP(hls::stream<hls::axis<ap_int<32>, 2ul, 5ul, 6ul>, 0>&, hls::stream<hls::axis<ap_int<32>, 2ul, 5ul, 6ul>, 0>&)' (../../../../HWSWAI/HLS/SampleDatasetMLP.cpp:42:0)
INFO: [HLS 214-131] Inlining function '_llvm.fpga.unpack.none.s_struct.ap_int<32>s.i32' into 'MLP(hls::stream<hls::axis<ap_int<32>, 2ul, 5ul, 6ul>, 0>&, hls::stream<hls::axis<ap_int<32>, 2ul, 5ul, 6ul>, 0>&)' (C:/Xilinx/Vitis_HLS/2022.1/common/technology/autopilot\ap_axi_sdata.h:283:5)
INFO: [HLS 214-131] Inlining function '_llvm.fpga.pack.none.i6.s_struct.ap_uint<6>s' into 'MLP(hls::stream<hls::axis<ap_int<32>, 2ul, 5ul, 6ul>, 0>&, hls::stream<hls::axis<ap_int<32>, 2ul, 5ul, 6ul>, 0>&)' (C:/Xilinx/Vitis_HLS/2022.1/common/technology/autopilot\ap_axi_sdata.h:304:5)
INFO: [HLS 214-131] Inlining function '_llvm.fpga.pack.none.i5.s_struct.ap_uint<5>s' into 'MLP(hls::stream<hls::axis<ap_int<32>, 2ul, 5ul, 6ul>, 0>&, hls::stream<hls::axis<ap_int<32>, 2ul, 5ul, 6ul>, 0>&)' (C:/Xilinx/Vitis_HLS/2022.1/common/technology/autopilot\ap_axi_sdata.h:304:5)
INFO: [HLS 214-131] Inlining function '_llvm.fpga.pack.none.i1.s_struct.ap_uint<1>s' into 'MLP(hls::stream<hls::axis<ap_int<32>, 2ul, 5ul, 6ul>, 0>&, hls::stream<hls::axis<ap_int<32>, 2ul, 5ul, 6ul>, 0>&)' (C:/Xilinx/Vitis_HLS/2022.1/common/technology/autopilot\ap_axi_sdata.h:304:5)
INFO: [HLS 214-131] Inlining function '_llvm.fpga.pack.none.i2.s_struct.ap_uint<2>s' into 'MLP(hls::stream<hls::axis<ap_int<32>, 2ul, 5ul, 6ul>, 0>&, hls::stream<hls::axis<ap_int<32>, 2ul, 5ul, 6ul>, 0>&)' (C:/Xilinx/Vitis_HLS/2022.1/common/technology/autopilot\ap_axi_sdata.h:304:5)
INFO: [HLS 214-131] Inlining function '_llvm.fpga.pack.none.i4.s_struct.ap_uint<4>s' into 'MLP(hls::stream<hls::axis<ap_int<32>, 2ul, 5ul, 6ul>, 0>&, hls::stream<hls::axis<ap_int<32>, 2ul, 5ul, 6ul>, 0>&)' (C:/Xilinx/Vitis_HLS/2022.1/common/technology/autopilot\ap_axi_sdata.h:304:5)
INFO: [HLS 214-131] Inlining function '_llvm.fpga.pack.none.i32.s_struct.ap_int<32>s' into 'MLP(hls::stream<hls::axis<ap_int<32>, 2ul, 5ul, 6ul>, 0>&, hls::stream<hls::axis<ap_int<32>, 2ul, 5ul, 6ul>, 0>&)' (C:/Xilinx/Vitis_HLS/2022.1/common/technology/autopilot\ap_axi_sdata.h:304:5)
INFO: [HLS 214-131] Inlining function '_llvm.fpga.unpack.none.s_struct.ap_uint<6>s.i6' into 'MLP(hls::stream<hls::axis<ap_int<32>, 2ul, 5ul, 6ul>, 0>&, hls::stream<hls::axis<ap_int<32>, 2ul, 5ul, 6ul>, 0>&)' (C:/Xilinx/Vitis_HLS/2022.1/common/technology/autopilot\ap_axi_sdata.h:283:5)
INFO: [HLS 214-131] Inlining function '_llvm.fpga.unpack.none.s_struct.ap_uint<5>s.i5' into 'MLP(hls::stream<hls::axis<ap_int<32>, 2ul, 5ul, 6ul>, 0>&, hls::stream<hls::axis<ap_int<32>, 2ul, 5ul, 6ul>, 0>&)' (C:/Xilinx/Vitis_HLS/2022.1/common/technology/autopilot\ap_axi_sdata.h:283:5)
INFO: [HLS 214-131] Inlining function '_llvm.fpga.unpack.none.s_struct.ap_uint<1>s.i1' into 'MLP(hls::stream<hls::axis<ap_int<32>, 2ul, 5ul, 6ul>, 0>&, hls::stream<hls::axis<ap_int<32>, 2ul, 5ul, 6ul>, 0>&)' (C:/Xilinx/Vitis_HLS/2022.1/common/technology/autopilot\ap_axi_sdata.h:283:5)
INFO: [HLS 214-131] Inlining function '_llvm.fpga.unpack.none.s_struct.ap_uint<2>s.i2' into 'MLP(hls::stream<hls::axis<ap_int<32>, 2ul, 5ul, 6ul>, 0>&, hls::stream<hls::axis<ap_int<32>, 2ul, 5ul, 6ul>, 0>&)' (C:/Xilinx/Vitis_HLS/2022.1/common/technology/autopilot\ap_axi_sdata.h:283:5)
INFO: [HLS 214-131] Inlining function '_llvm.fpga.unpack.none.s_struct.ap_uint<4>s.i4' into 'MLP(hls::stream<hls::axis<ap_int<32>, 2ul, 5ul, 6ul>, 0>&, hls::stream<hls::axis<ap_int<32>, 2ul, 5ul, 6ul>, 0>&)' (C:/Xilinx/Vitis_HLS/2022.1/common/technology/autopilot\ap_axi_sdata.h:283:5)
INFO: [HLS 200-111] Finished Compiling Optimization and Transform: CPU user time: 1 seconds. CPU system time: 0 seconds. Elapsed time: 9.913 seconds; current allocated memory: 1.116 GB.
INFO: [HLS 200-111] Finished Checking Pragmas: CPU user time: 0 seconds. CPU system time: 0 seconds. Elapsed time: 0.007 seconds; current allocated memory: 1.116 GB.
INFO: [HLS 200-10] Starting code transformations ...
INFO: [HLS 200-111] Finished Standard Transforms: CPU user time: 0 seconds. CPU system time: 0 seconds. Elapsed time: 0.417 seconds; current allocated memory: 1.116 GB.
INFO: [HLS 200-10] Checking synthesizability ...
INFO: [HLS 200-111] Finished Checking Synthesizability: CPU user time: 0 seconds. CPU system time: 0 seconds. Elapsed time: 0.433 seconds; current allocated memory: 1.116 GB.
INFO: [XFORM 203-510] Pipelining loop 'Loop-2' in function 'MLP' automatically.
INFO: [XFORM 203-510] Pipelining loop 'Loop-3' in function 'MLP' automatically.
INFO: [XFORM 203-510] Pipelining loop 'Loop-4' in function 'MLP' automatically.
INFO: [XFORM 203-510] Pipelining loop 'Loop-5' in function 'MLP' automatically.
INFO: [XFORM 203-510] Pipelining loop 'Loop-6' in function 'MLP' automatically.
INFO: [XFORM 203-510] Pipelining loop 'Loop-7' in function 'MLP' automatically.
INFO: [XFORM 203-510] Pipelining loop 'VITIS_LOOP_58_1' (../../../../HWSWAI/HLS/SampleDatasetMLP.cpp:58) in function 'MLP' automatically.
INFO: [XFORM 203-510] Pipelining loop 'VITIS_LOOP_69_2' (../../../../HWSWAI/HLS/SampleDatasetMLP.cpp:69) in function 'MLP' automatically.
INFO: [XFORM 203-510] Pipelining loop 'VITIS_LOOP_77_3' (../../../../HWSWAI/HLS/SampleDatasetMLP.cpp:77) in function 'MLP' automatically.
INFO: [XFORM 203-510] Pipelining loop 'VITIS_LOOP_94_5' (../../../../HWSWAI/HLS/SampleDatasetMLP.cpp:94) in function 'MLP' automatically.
INFO: [XFORM 203-510] Pipelining loop 'VITIS_LOOP_111_7' (../../../../HWSWAI/HLS/SampleDatasetMLP.cpp:111) in function 'MLP' automatically.
INFO: [XFORM 203-510] Pipelining loop 'VITIS_LOOP_123_9' (../../../../HWSWAI/HLS/SampleDatasetMLP.cpp:123) in function 'MLP' automatically.
INFO: [XFORM 203-510] Pipelining loop 'VITIS_LOOP_128_10' (../../../../HWSWAI/HLS/SampleDatasetMLP.cpp:128) in function 'MLP' automatically.
INFO: [XFORM 203-502] Unrolling all sub-loops inside loop 'VITIS_LOOP_77_3' (../../../../HWSWAI/HLS/SampleDatasetMLP.cpp:77) in function 'MLP' for pipelining.
INFO: [XFORM 203-502] Unrolling all sub-loops inside loop 'VITIS_LOOP_94_5' (../../../../HWSWAI/HLS/SampleDatasetMLP.cpp:94) in function 'MLP' for pipelining.
INFO: [XFORM 203-502] Unrolling all sub-loops inside loop 'VITIS_LOOP_111_7' (../../../../HWSWAI/HLS/SampleDatasetMLP.cpp:111) in function 'MLP' for pipelining.
INFO: [HLS 200-489] Unrolling loop 'VITIS_LOOP_79_4' (../../../../HWSWAI/HLS/SampleDatasetMLP.cpp:79) in function 'MLP' completely with a factor of 48.
INFO: [HLS 200-489] Unrolling loop 'VITIS_LOOP_96_6' (../../../../HWSWAI/HLS/SampleDatasetMLP.cpp:96) in function 'MLP' completely with a factor of 24.
INFO: [HLS 200-489] Unrolling loop 'VITIS_LOOP_113_8' (../../../../HWSWAI/HLS/SampleDatasetMLP.cpp:113) in function 'MLP' completely with a factor of 12.
INFO: [XFORM 203-102] Partitioning array 'weights_2' in dimension 2 automatically.
INFO: [XFORM 203-102] Partitioning array 'weights_1' in dimension 2 automatically.
INFO: [XFORM 203-102] Partitioning array 'output_weights' in dimension 2 automatically.
INFO: [HLS 200-111] Finished Loop, function and other optimizations: CPU user time: 1 seconds. CPU system time: 0 seconds. Elapsed time: 1.105 seconds; current allocated memory: 1.116 GB.
INFO: [HLS 200-472] Inferring partial write operation for 'input_features' 
INFO: [HLS 200-472] Inferring partial write operation for 'input_features_casted' 
INFO: [HLS 200-472] Inferring partial write operation for 'hidden_layer_1' 
INFO: [HLS 200-472] Inferring partial write operation for 'hidden_layer_2' 
INFO: [HLS 200-472] Inferring partial write operation for 'output_layer' 
INFO: [HLS 200-472] Inferring partial write operation for 'output_layer_casted' 
INFO: [HLS 200-472] Inferring partial write operation for 'input_features' (../../../../HWSWAI/HLS/SampleDatasetMLP.cpp:60:27)
INFO: [HLS 200-472] Inferring partial write operation for 'input_features_casted' (../../../../HWSWAI/HLS/SampleDatasetMLP.cpp:70:31)
INFO: [HLS 200-472] Inferring partial write operation for 'hidden_layer_1' (../../../../HWSWAI/HLS/SampleDatasetMLP.cpp:84:27)
INFO: [HLS 200-472] Inferring partial write operation for 'hidden_layer_2' (../../../../HWSWAI/HLS/SampleDatasetMLP.cpp:100:27)
INFO: [HLS 200-472] Inferring partial write operation for 'output_layer' (../../../../HWSWAI/HLS/SampleDatasetMLP.cpp:117:25)
INFO: [HLS 200-472] Inferring partial write operation for 'output_layer_casted' (../../../../HWSWAI/HLS/SampleDatasetMLP.cpp:124:32)
INFO: [HLS 200-111] Finished Architecture Synthesis: CPU user time: 0 seconds. CPU system time: 0 seconds. Elapsed time: 0.713 seconds; current allocated memory: 1.116 GB.
INFO: [HLS 200-10] Starting hardware synthesis ...
INFO: [HLS 200-10] Synthesizing 'MLP' ...
INFO: [HLS 200-10] ----------------------------------------------------------------
INFO: [HLS 200-42] -- Implementing module 'MLP_Pipeline_1' 
INFO: [HLS 200-10] ----------------------------------------------------------------
INFO: [SCHED 204-11] Starting scheduling ...
INFO: [SCHED 204-61] Pipelining loop 'Loop 1'.
INFO: [HLS 200-1470] Pipelining result : Target II = NA, Final II = 1, Depth = 1, loop 'Loop 1'
INFO: [SCHED 204-11] Finished scheduling.
INFO: [HLS 200-111] Finished Scheduling: CPU user time: 0 seconds. CPU system time: 0 seconds. Elapsed time: 0.546 seconds; current allocated memory: 1.116 GB.
INFO: [BIND 205-100] Starting micro-architecture generation ...
INFO: [BIND 205-101] Performing variable lifetime analysis.
INFO: [BIND 205-101] Exploring resource sharing.
INFO: [BIND 205-101] Binding ...
INFO: [BIND 205-100] Finished micro-architecture generation.
INFO: [HLS 200-111] Finished Binding: CPU user time: 0 seconds. CPU system time: 0 seconds. Elapsed time: 0.094 seconds; current allocated memory: 1.116 GB.
INFO: [HLS 200-10] ----------------------------------------------------------------
INFO: [HLS 200-42] -- Implementing module 'MLP_Pipeline_2' 
INFO: [HLS 200-10] ----------------------------------------------------------------
INFO: [SCHED 204-11] Starting scheduling ...
INFO: [SCHED 204-61] Pipelining loop 'Loop 1'.
INFO: [HLS 200-1470] Pipelining result : Target II = NA, Final II = 1, Depth = 1, loop 'Loop 1'
INFO: [SCHED 204-11] Finished scheduling.
INFO: [HLS 200-111] Finished Scheduling: CPU user time: 0 seconds. CPU system time: 0 seconds. Elapsed time: 0.114 seconds; current allocated memory: 1.116 GB.
INFO: [BIND 205-100] Starting micro-architecture generation ...
INFO: [BIND 205-101] Performing variable lifetime analysis.
INFO: [BIND 205-101] Exploring resource sharing.
INFO: [BIND 205-101] Binding ...
INFO: [BIND 205-100] Finished micro-architecture generation.
INFO: [HLS 200-111] Finished Binding: CPU user time: 0 seconds. CPU system time: 0 seconds. Elapsed time: 0.084 seconds; current allocated memory: 1.116 GB.
INFO: [HLS 200-10] ----------------------------------------------------------------
INFO: [HLS 200-42] -- Implementing module 'MLP_Pipeline_3' 
INFO: [HLS 200-10] ----------------------------------------------------------------
INFO: [SCHED 204-11] Starting scheduling ...
INFO: [SCHED 204-61] Pipelining loop 'Loop 1'.
INFO: [HLS 200-1470] Pipelining result : Target II = NA, Final II = 1, Depth = 1, loop 'Loop 1'
INFO: [SCHED 204-11] Finished scheduling.
INFO: [HLS 200-111] Finished Scheduling: CPU user time: 0 seconds. CPU system time: 0 seconds. Elapsed time: 0.126 seconds; current allocated memory: 1.116 GB.
INFO: [BIND 205-100] Starting micro-architecture generation ...
INFO: [BIND 205-101] Performing variable lifetime analysis.
INFO: [BIND 205-101] Exploring resource sharing.
INFO: [BIND 205-101] Binding ...
INFO: [BIND 205-100] Finished micro-architecture generation.
INFO: [HLS 200-111] Finished Binding: CPU user time: 0 seconds. CPU system time: 0 seconds. Elapsed time: 0.082 seconds; current allocated memory: 1.116 GB.
INFO: [HLS 200-10] ----------------------------------------------------------------
INFO: [HLS 200-42] -- Implementing module 'MLP_Pipeline_4' 
INFO: [HLS 200-10] ----------------------------------------------------------------
INFO: [SCHED 204-11] Starting scheduling ...
INFO: [SCHED 204-61] Pipelining loop 'Loop 1'.
INFO: [HLS 200-1470] Pipelining result : Target II = NA, Final II = 1, Depth = 1, loop 'Loop 1'
INFO: [SCHED 204-11] Finished scheduling.
INFO: [HLS 200-111] Finished Scheduling: CPU user time: 0 seconds. CPU system time: 0 seconds. Elapsed time: 0.122 seconds; current allocated memory: 1.116 GB.
INFO: [BIND 205-100] Starting micro-architecture generation ...
INFO: [BIND 205-101] Performing variable lifetime analysis.
INFO: [BIND 205-101] Exploring resource sharing.
INFO: [BIND 205-101] Binding ...
INFO: [BIND 205-100] Finished micro-architecture generation.
INFO: [HLS 200-111] Finished Binding: CPU user time: 0 seconds. CPU system time: 0 seconds. Elapsed time: 0.102 seconds; current allocated memory: 1.116 GB.
INFO: [HLS 200-10] ----------------------------------------------------------------
INFO: [HLS 200-42] -- Implementing module 'MLP_Pipeline_5' 
INFO: [HLS 200-10] ----------------------------------------------------------------
INFO: [SCHED 204-11] Starting scheduling ...
INFO: [SCHED 204-61] Pipelining loop 'Loop 1'.
INFO: [HLS 200-1470] Pipelining result : Target II = NA, Final II = 1, Depth = 1, loop 'Loop 1'
INFO: [SCHED 204-11] Finished scheduling.
INFO: [HLS 200-111] Finished Scheduling: CPU user time: 0 seconds. CPU system time: 0 seconds. Elapsed time: 0.149 seconds; current allocated memory: 1.116 GB.
INFO: [BIND 205-100] Starting micro-architecture generation ...
INFO: [BIND 205-101] Performing variable lifetime analysis.
INFO: [BIND 205-101] Exploring resource sharing.
INFO: [BIND 205-101] Binding ...
INFO: [BIND 205-100] Finished micro-architecture generation.
INFO: [HLS 200-111] Finished Binding: CPU user time: 0 seconds. CPU system time: 0 seconds. Elapsed time: 0.085 seconds; current allocated memory: 1.116 GB.
INFO: [HLS 200-10] ----------------------------------------------------------------
INFO: [HLS 200-42] -- Implementing module 'MLP_Pipeline_6' 
INFO: [HLS 200-10] ----------------------------------------------------------------
INFO: [SCHED 204-11] Starting scheduling ...
INFO: [SCHED 204-61] Pipelining loop 'Loop 1'.
INFO: [HLS 200-1470] Pipelining result : Target II = NA, Final II = 1, Depth = 1, loop 'Loop 1'
INFO: [SCHED 204-11] Finished scheduling.
INFO: [HLS 200-111] Finished Scheduling: CPU user time: 0 seconds. CPU system time: 0 seconds. Elapsed time: 0.123 seconds; current allocated memory: 1.116 GB.
INFO: [BIND 205-100] Starting micro-architecture generation ...
INFO: [BIND 205-101] Performing variable lifetime analysis.
INFO: [BIND 205-101] Exploring resource sharing.
INFO: [BIND 205-101] Binding ...
INFO: [BIND 205-100] Finished micro-architecture generation.
INFO: [HLS 200-111] Finished Binding: CPU user time: 0 seconds. CPU system time: 0 seconds. Elapsed time: 0.086 seconds; current allocated memory: 1.116 GB.
INFO: [HLS 200-10] ----------------------------------------------------------------
INFO: [HLS 200-42] -- Implementing module 'MLP_Pipeline_VITIS_LOOP_58_1' 
INFO: [HLS 200-10] ----------------------------------------------------------------
INFO: [SCHED 204-11] Starting scheduling ...
INFO: [SCHED 204-61] Pipelining loop 'VITIS_LOOP_58_1'.
INFO: [HLS 200-1470] Pipelining result : Target II = NA, Final II = 1, Depth = 2, loop 'VITIS_LOOP_58_1'
INFO: [SCHED 204-11] Finished scheduling.
INFO: [HLS 200-111] Finished Scheduling: CPU user time: 0 seconds. CPU system time: 0 seconds. Elapsed time: 0.123 seconds; current allocated memory: 1.116 GB.
INFO: [BIND 205-100] Starting micro-architecture generation ...
INFO: [BIND 205-101] Performing variable lifetime analysis.
INFO: [BIND 205-101] Exploring resource sharing.
INFO: [BIND 205-101] Binding ...
INFO: [BIND 205-100] Finished micro-architecture generation.
INFO: [HLS 200-111] Finished Binding: CPU user time: 0 seconds. CPU system time: 0 seconds. Elapsed time: 0.088 seconds; current allocated memory: 1.116 GB.
INFO: [HLS 200-10] ----------------------------------------------------------------
INFO: [HLS 200-42] -- Implementing module 'MLP_Pipeline_VITIS_LOOP_69_2' 
INFO: [HLS 200-10] ----------------------------------------------------------------
INFO: [SCHED 204-11] Starting scheduling ...
INFO: [SCHED 204-61] Pipelining loop 'VITIS_LOOP_69_2'.
INFO: [HLS 200-1470] Pipelining result : Target II = NA, Final II = 1, Depth = 29, loop 'VITIS_LOOP_69_2'
INFO: [SCHED 204-11] Finished scheduling.
INFO: [HLS 200-111] Finished Scheduling: CPU user time: 0 seconds. CPU system time: 0 seconds. Elapsed time: 0.177 seconds; current allocated memory: 1.116 GB.
INFO: [BIND 205-100] Starting micro-architecture generation ...
INFO: [BIND 205-101] Performing variable lifetime analysis.
INFO: [BIND 205-101] Exploring resource sharing.
INFO: [BIND 205-101] Binding ...
INFO: [BIND 205-100] Finished micro-architecture generation.
INFO: [HLS 200-111] Finished Binding: CPU user time: 0 seconds. CPU system time: 0 seconds. Elapsed time: 0.269 seconds; current allocated memory: 1.116 GB.
INFO: [HLS 200-10] ----------------------------------------------------------------
INFO: [HLS 200-42] -- Implementing module 'MLP_Pipeline_VITIS_LOOP_77_3' 
INFO: [HLS 200-10] ----------------------------------------------------------------
INFO: [SCHED 204-11] Starting scheduling ...
INFO: [SCHED 204-61] Pipelining loop 'VITIS_LOOP_77_3'.
INFO: [HLS 200-1470] Pipelining result : Target II = NA, Final II = 1, Depth = 203, loop 'VITIS_LOOP_77_3'
INFO: [SCHED 204-11] Finished scheduling.
INFO: [HLS 200-111] Finished Scheduling: CPU user time: 1 seconds. CPU system time: 0 seconds. Elapsed time: 1.142 seconds; current allocated memory: 1.116 GB.
INFO: [BIND 205-100] Starting micro-architecture generation ...
INFO: [BIND 205-101] Performing variable lifetime analysis.
INFO: [BIND 205-101] Exploring resource sharing.
INFO: [BIND 205-101] Binding ...
INFO: [BIND 205-100] Finished micro-architecture generation.
INFO: [HLS 200-111] Finished Binding: CPU user time: 1 seconds. CPU system time: 0 seconds. Elapsed time: 1.575 seconds; current allocated memory: 1.116 GB.
INFO: [HLS 200-10] ----------------------------------------------------------------
INFO: [HLS 200-42] -- Implementing module 'MLP_Pipeline_VITIS_LOOP_94_5' 
INFO: [HLS 200-10] ----------------------------------------------------------------
INFO: [SCHED 204-11] Starting scheduling ...
INFO: [SCHED 204-61] Pipelining loop 'VITIS_LOOP_94_5'.
INFO: [HLS 200-1470] Pipelining result : Target II = NA, Final II = 1, Depth = 107, loop 'VITIS_LOOP_94_5'
INFO: [SCHED 204-11] Finished scheduling.
INFO: [HLS 200-111] Finished Scheduling: CPU user time: 1 seconds. CPU system time: 0 seconds. Elapsed time: 1.727 seconds; current allocated memory: 1.116 GB.
INFO: [BIND 205-100] Starting micro-architecture generation ...
INFO: [BIND 205-101] Performing variable lifetime analysis.
INFO: [BIND 205-101] Exploring resource sharing.
INFO: [BIND 205-101] Binding ...
INFO: [BIND 205-100] Finished micro-architecture generation.
INFO: [HLS 200-111] Finished Binding: CPU user time: 1 seconds. CPU system time: 0 seconds. Elapsed time: 0.973 seconds; current allocated memory: 1.116 GB.
INFO: [HLS 200-10] ----------------------------------------------------------------
INFO: [HLS 200-42] -- Implementing module 'MLP_Pipeline_VITIS_LOOP_111_7' 
INFO: [HLS 200-10] ----------------------------------------------------------------
INFO: [SCHED 204-11] Starting scheduling ...
INFO: [SCHED 204-61] Pipelining loop 'VITIS_LOOP_111_7'.
INFO: [HLS 200-1470] Pipelining result : Target II = NA, Final II = 1, Depth = 57, loop 'VITIS_LOOP_111_7'
INFO: [SCHED 204-11] Finished scheduling.
INFO: [HLS 200-111] Finished Scheduling: CPU user time: 0 seconds. CPU system time: 0 seconds. Elapsed time: 0.915 seconds; current allocated memory: 1.116 GB.
INFO: [BIND 205-100] Starting micro-architecture generation ...
INFO: [BIND 205-101] Performing variable lifetime analysis.
INFO: [BIND 205-101] Exploring resource sharing.
INFO: [BIND 205-101] Binding ...
INFO: [BIND 205-100] Finished micro-architecture generation.
INFO: [HLS 200-111] Finished Binding: CPU user time: 1 seconds. CPU system time: 0 seconds. Elapsed time: 0.488 seconds; current allocated memory: 1.116 GB.
INFO: [HLS 200-10] ----------------------------------------------------------------
INFO: [HLS 200-42] -- Implementing module 'MLP_Pipeline_VITIS_LOOP_123_9' 
INFO: [HLS 200-10] ----------------------------------------------------------------
INFO: [SCHED 204-11] Starting scheduling ...
INFO: [SCHED 204-61] Pipelining loop 'VITIS_LOOP_123_9'.
INFO: [HLS 200-1470] Pipelining result : Target II = NA, Final II = 1, Depth = 6, loop 'VITIS_LOOP_123_9'
INFO: [SCHED 204-11] Finished scheduling.
INFO: [HLS 200-111] Finished Scheduling: CPU user time: 0 seconds. CPU system time: 0 seconds. Elapsed time: 0.461 seconds; current allocated memory: 1.116 GB.
INFO: [BIND 205-100] Starting micro-architecture generation ...
INFO: [BIND 205-101] Performing variable lifetime analysis.
INFO: [BIND 205-101] Exploring resource sharing.
INFO: [BIND 205-101] Binding ...
INFO: [BIND 205-100] Finished micro-architecture generation.
INFO: [HLS 200-111] Finished Binding: CPU user time: 0 seconds. CPU system time: 0 seconds. Elapsed time: 0.158 seconds; current allocated memory: 1.116 GB.
INFO: [HLS 200-10] ----------------------------------------------------------------
INFO: [HLS 200-42] -- Implementing module 'MLP_Pipeline_VITIS_LOOP_128_10' 
INFO: [HLS 200-10] ----------------------------------------------------------------
INFO: [SCHED 204-11] Starting scheduling ...
INFO: [SCHED 204-61] Pipelining loop 'VITIS_LOOP_128_10'.
INFO: [HLS 200-1470] Pipelining result : Target II = NA, Final II = 1, Depth = 2, loop 'VITIS_LOOP_128_10'
INFO: [SCHED 204-11] Finished scheduling.
INFO: [HLS 200-111] Finished Scheduling: CPU user time: 0 seconds. CPU system time: 0 seconds. Elapsed time: 0.178 seconds; current allocated memory: 1.116 GB.
INFO: [BIND 205-100] Starting micro-architecture generation ...
INFO: [BIND 205-101] Performing variable lifetime analysis.
INFO: [BIND 205-101] Exploring resource sharing.
INFO: [BIND 205-101] Binding ...
INFO: [BIND 205-100] Finished micro-architecture generation.
INFO: [HLS 200-111] Finished Binding: CPU user time: 0 seconds. CPU system time: 0 seconds. Elapsed time: 0.104 seconds; current allocated memory: 1.116 GB.
INFO: [HLS 200-10] ----------------------------------------------------------------
INFO: [HLS 200-42] -- Implementing module 'MLP' 
INFO: [HLS 200-10] ----------------------------------------------------------------
INFO: [SCHED 204-11] Starting scheduling ...
INFO: [SCHED 204-11] Finished scheduling.
INFO: [HLS 200-111] Finished Scheduling: CPU user time: 0 seconds. CPU system time: 0 seconds. Elapsed time: 0.373 seconds; current allocated memory: 1.116 GB.
INFO: [BIND 205-100] Starting micro-architecture generation ...
INFO: [BIND 205-101] Performing variable lifetime analysis.
INFO: [BIND 205-101] Exploring resource sharing.
INFO: [BIND 205-101] Binding ...
INFO: [BIND 205-100] Finished micro-architecture generation.
INFO: [HLS 200-111] Finished Binding: CPU user time: 1 seconds. CPU system time: 0 seconds. Elapsed time: 0.889 seconds; current allocated memory: 1.116 GB.
INFO: [HLS 200-10] ----------------------------------------------------------------
INFO: [HLS 200-10] -- Generating RTL for module 'MLP_Pipeline_1' 
INFO: [HLS 200-10] ----------------------------------------------------------------
INFO: [RTGEN 206-100] Finished creating RTL model for 'MLP_Pipeline_1'.
INFO: [HLS 200-111] Finished Creating RTL model: CPU user time: 1 seconds. CPU system time: 0 seconds. Elapsed time: 1.312 seconds; current allocated memory: 1.116 GB.
INFO: [HLS 200-10] ----------------------------------------------------------------
INFO: [HLS 200-10] -- Generating RTL for module 'MLP_Pipeline_2' 
INFO: [HLS 200-10] ----------------------------------------------------------------
INFO: [RTGEN 206-100] Finished creating RTL model for 'MLP_Pipeline_2'.
INFO: [HLS 200-111] Finished Creating RTL model: CPU user time: 0 seconds. CPU system time: 0 seconds. Elapsed time: 0.131 seconds; current allocated memory: 1.116 GB.
INFO: [HLS 200-10] ----------------------------------------------------------------
INFO: [HLS 200-10] -- Generating RTL for module 'MLP_Pipeline_3' 
INFO: [HLS 200-10] ----------------------------------------------------------------
INFO: [RTGEN 206-100] Finished creating RTL model for 'MLP_Pipeline_3'.
INFO: [HLS 200-111] Finished Creating RTL model: CPU user time: 0 seconds. CPU system time: 0 seconds. Elapsed time: 0.129 seconds; current allocated memory: 1.116 GB.
INFO: [HLS 200-10] ----------------------------------------------------------------
INFO: [HLS 200-10] -- Generating RTL for module 'MLP_Pipeline_4' 
INFO: [HLS 200-10] ----------------------------------------------------------------
INFO: [RTGEN 206-100] Finished creating RTL model for 'MLP_Pipeline_4'.
INFO: [HLS 200-111] Finished Creating RTL model: CPU user time: 0 seconds. CPU system time: 0 seconds. Elapsed time: 0.148 seconds; current allocated memory: 1.116 GB.
INFO: [HLS 200-10] ----------------------------------------------------------------
INFO: [HLS 200-10] -- Generating RTL for module 'MLP_Pipeline_5' 
INFO: [HLS 200-10] ----------------------------------------------------------------
INFO: [RTGEN 206-100] Finished creating RTL model for 'MLP_Pipeline_5'.
INFO: [HLS 200-111] Finished Creating RTL model: CPU user time: 0 seconds. CPU system time: 0 seconds. Elapsed time: 0.181 seconds; current allocated memory: 1.116 GB.
INFO: [HLS 200-10] ----------------------------------------------------------------
INFO: [HLS 200-10] -- Generating RTL for module 'MLP_Pipeline_6' 
INFO: [HLS 200-10] ----------------------------------------------------------------
INFO: [RTGEN 206-100] Finished creating RTL model for 'MLP_Pipeline_6'.
INFO: [HLS 200-111] Finished Creating RTL model: CPU user time: 0 seconds. CPU system time: 0 seconds. Elapsed time: 0.131 seconds; current allocated memory: 1.116 GB.
INFO: [HLS 200-10] ----------------------------------------------------------------
INFO: [HLS 200-10] -- Generating RTL for module 'MLP_Pipeline_VITIS_LOOP_58_1' 
INFO: [HLS 200-10] ----------------------------------------------------------------
INFO: [HLS 200-1030] Apply Unified Pipeline Control on module 'MLP_Pipeline_VITIS_LOOP_58_1' pipeline 'VITIS_LOOP_58_1' pipeline type 'loop pipeline'
INFO: [RTGEN 206-100] Finished creating RTL model for 'MLP_Pipeline_VITIS_LOOP_58_1'.
INFO: [HLS 200-111] Finished Creating RTL model: CPU user time: 0 seconds. CPU system time: 0 seconds. Elapsed time: 0.143 seconds; current allocated memory: 1.116 GB.
INFO: [HLS 200-10] ----------------------------------------------------------------
INFO: [HLS 200-10] -- Generating RTL for module 'MLP_Pipeline_VITIS_LOOP_69_2' 
INFO: [HLS 200-10] ----------------------------------------------------------------
INFO: [HLS 200-1030] Apply Unified Pipeline Control on module 'MLP_Pipeline_VITIS_LOOP_69_2' pipeline 'VITIS_LOOP_69_2' pipeline type 'loop pipeline'
INFO: [RTGEN 206-100] Generating core module 'ddiv_64ns_64ns_64_22_no_dsp_1': 1 instance(s).
INFO: [RTGEN 206-100] Generating core module 'fptrunc_64ns_32_2_no_dsp_1': 1 instance(s).
INFO: [RTGEN 206-100] Generating core module 'sitodp_32ns_64_4_no_dsp_1': 1 instance(s).
INFO: [RTGEN 206-100] Finished creating RTL model for 'MLP_Pipeline_VITIS_LOOP_69_2'.
INFO: [HLS 200-111] Finished Creating RTL model: CPU user time: 0 seconds. CPU system time: 0 seconds. Elapsed time: 0.324 seconds; current allocated memory: 1.116 GB.
INFO: [HLS 200-10] ----------------------------------------------------------------
INFO: [HLS 200-10] -- Generating RTL for module 'MLP_Pipeline_VITIS_LOOP_77_3' 
INFO: [HLS 200-10] ----------------------------------------------------------------
INFO: [HLS 200-1030] Apply Unified Pipeline Control on module 'MLP_Pipeline_VITIS_LOOP_77_3' pipeline 'VITIS_LOOP_77_3' pipeline type 'loop pipeline'
INFO: [RTGEN 206-104] Estimated max fanout for 'MLP_Pipeline_VITIS_LOOP_77_3' is 17639 from HDL expression: (1'b0 == ap_block_pp0_stage0_11001)
INFO: [RTGEN 206-100] Generating core module 'fadd_32ns_32ns_32_4_full_dsp_1': 49 instance(s).
INFO: [RTGEN 206-100] Generating core module 'fcmp_32ns_32ns_1_2_no_dsp_1': 1 instance(s).
INFO: [RTGEN 206-100] Generating core module 'fmul_32ns_32ns_32_3_max_dsp_1': 48 instance(s).
INFO: [RTGEN 206-100] Finished creating RTL model for 'MLP_Pipeline_VITIS_LOOP_77_3'.
INFO: [HLS 200-111] Finished Creating RTL model: CPU user time: 0 seconds. CPU system time: 0 seconds. Elapsed time: 1.196 seconds; current allocated memory: 1.116 GB.
INFO: [HLS 200-10] ----------------------------------------------------------------
INFO: [HLS 200-10] -- Generating RTL for module 'MLP_Pipeline_VITIS_LOOP_94_5' 
INFO: [HLS 200-10] ----------------------------------------------------------------
INFO: [HLS 200-1030] Apply Unified Pipeline Control on module 'MLP_Pipeline_VITIS_LOOP_94_5' pipeline 'VITIS_LOOP_94_5' pipeline type 'loop pipeline'
INFO: [RTGEN 206-104] Estimated max fanout for 'MLP_Pipeline_VITIS_LOOP_94_5' is 9095 from HDL expression: (1'b0 == ap_block_pp0_stage0_11001)
INFO: [RTGEN 206-100] Generating core module 'fadd_32ns_32ns_32_4_full_dsp_1': 25 instance(s).
INFO: [RTGEN 206-100] Generating core module 'fcmp_32ns_32ns_1_2_no_dsp_1': 1 instance(s).
INFO: [RTGEN 206-100] Generating core module 'fmul_32ns_32ns_32_3_max_dsp_1': 24 instance(s).
INFO: [RTGEN 206-100] Finished creating RTL model for 'MLP_Pipeline_VITIS_LOOP_94_5'.
INFO: [HLS 200-111] Finished Creating RTL model: CPU user time: 2 seconds. CPU system time: 0 seconds. Elapsed time: 2.938 seconds; current allocated memory: 1.116 GB.
INFO: [HLS 200-10] ----------------------------------------------------------------
INFO: [HLS 200-10] -- Generating RTL for module 'MLP_Pipeline_VITIS_LOOP_111_7' 
INFO: [HLS 200-10] ----------------------------------------------------------------
INFO: [HLS 200-1030] Apply Unified Pipeline Control on module 'MLP_Pipeline_VITIS_LOOP_111_7' pipeline 'VITIS_LOOP_111_7' pipeline type 'loop pipeline'
INFO: [RTGEN 206-100] Generating core module 'fadd_32ns_32ns_32_4_full_dsp_1': 13 instance(s).
INFO: [RTGEN 206-100] Generating core module 'fmul_32ns_32ns_32_3_max_dsp_1': 12 instance(s).
INFO: [RTGEN 206-100] Finished creating RTL model for 'MLP_Pipeline_VITIS_LOOP_111_7'.
INFO: [HLS 200-111] Finished Creating RTL model: CPU user time: 1 seconds. CPU system time: 0 seconds. Elapsed time: 1.301 seconds; current allocated memory: 1.116 GB.
INFO: [HLS 200-10] ----------------------------------------------------------------
INFO: [HLS 200-10] -- Generating RTL for module 'MLP_Pipeline_VITIS_LOOP_123_9' 
INFO: [HLS 200-10] ----------------------------------------------------------------
INFO: [HLS 200-1030] Apply Unified Pipeline Control on module 'MLP_Pipeline_VITIS_LOOP_123_9' pipeline 'VITIS_LOOP_123_9' pipeline type 'loop pipeline'
INFO: [RTGEN 206-100] Generating core module 'fmul_32ns_32ns_32_3_max_dsp_1': 1 instance(s).
INFO: [RTGEN 206-100] Finished creating RTL model for 'MLP_Pipeline_VITIS_LOOP_123_9'.
INFO: [HLS 200-111] Finished Creating RTL model: CPU user time: 0 seconds. CPU system time: 1 seconds. Elapsed time: 0.632 seconds; current allocated memory: 1.116 GB.
INFO: [HLS 200-10] ----------------------------------------------------------------
INFO: [HLS 200-10] -- Generating RTL for module 'MLP_Pipeline_VITIS_LOOP_128_10' 
INFO: [HLS 200-10] ----------------------------------------------------------------
INFO: [HLS 200-1030] Apply Unified Pipeline Control on module 'MLP_Pipeline_VITIS_LOOP_128_10' pipeline 'VITIS_LOOP_128_10' pipeline type 'loop pipeline'
INFO: [RTGEN 206-100] Finished creating RTL model for 'MLP_Pipeline_VITIS_LOOP_128_10'.
INFO: [HLS 200-111] Finished Creating RTL model: CPU user time: 0 seconds. CPU system time: 0 seconds. Elapsed time: 0.282 seconds; current allocated memory: 1.116 GB.
INFO: [HLS 200-10] ----------------------------------------------------------------
INFO: [HLS 200-10] -- Generating RTL for module 'MLP' 
INFO: [HLS 200-10] ----------------------------------------------------------------
WARNING: [RTGEN 206-101] Design contains AXI ports. Reset is fixed to synchronous and active low.
INFO: [RTGEN 206-500] Setting interface mode on port 'MLP/in_data_V_data_V' to 'axis' (register, both mode).
INFO: [RTGEN 206-500] Setting interface mode on port 'MLP/in_data_V_keep_V' to 'axis' (register, both mode).
INFO: [RTGEN 206-500] Setting interface mode on port 'MLP/in_data_V_strb_V' to 'axis' (register, both mode).
INFO: [RTGEN 206-500] Setting interface mode on port 'MLP/in_data_V_user_V' to 'axis' (register, both mode).
INFO: [RTGEN 206-500] Setting interface mode on port 'MLP/in_data_V_last_V' to 'axis' (register, both mode).
INFO: [RTGEN 206-500] Setting interface mode on port 'MLP/in_data_V_id_V' to 'axis' (register, both mode).
INFO: [RTGEN 206-500] Setting interface mode on port 'MLP/in_data_V_dest_V' to 'axis' (register, both mode).
INFO: [RTGEN 206-500] Setting interface mode on port 'MLP/out_data_V_data_V' to 'axis' (register, both mode).
INFO: [RTGEN 206-500] Setting interface mode on port 'MLP/out_data_V_keep_V' to 'axis' (register, both mode).
INFO: [RTGEN 206-500] Setting interface mode on port 'MLP/out_data_V_strb_V' to 'axis' (register, both mode).
INFO: [RTGEN 206-500] Setting interface mode on port 'MLP/out_data_V_user_V' to 'axis' (register, both mode).
INFO: [RTGEN 206-500] Setting interface mode on port 'MLP/out_data_V_last_V' to 'axis' (register, both mode).
INFO: [RTGEN 206-500] Setting interface mode on port 'MLP/out_data_V_id_V' to 'axis' (register, both mode).
INFO: [RTGEN 206-500] Setting interface mode on port 'MLP/out_data_V_dest_V' to 'axis' (register, both mode).
INFO: [RTGEN 206-500] Setting interface mode on function 'MLP' to 'ap_ctrl_hs'.
INFO: [RTGEN 206-100] Generating core module 'fadd_32ns_32ns_32_4_full_dsp_1': 25 instance(s).
INFO: [RTGEN 206-100] Generating core module 'fcmp_32ns_32ns_1_2_no_dsp_1': 1 instance(s).
INFO: [RTGEN 206-100] Generating core module 'fmul_32ns_32ns_32_3_max_dsp_1': 24 instance(s).
INFO: [RTGEN 206-100] Finished creating RTL model for 'MLP'.
INFO: [HLS 200-111] Finished Creating RTL model: CPU user time: 1 seconds. CPU system time: 0 seconds. Elapsed time: 1.183 seconds; current allocated memory: 1.116 GB.
INFO: [RTMG 210-279] Implementing memory 'MLP_MLP_Pipeline_VITIS_LOOP_77_3_weights_1_0_ROM_AUTO_1R' using auto ROMs.
INFO: [RTMG 210-279] Implementing memory 'MLP_MLP_Pipeline_VITIS_LOOP_77_3_weights_1_1_ROM_AUTO_1R' using auto ROMs.
INFO: [RTMG 210-279] Implementing memory 'MLP_MLP_Pipeline_VITIS_LOOP_77_3_weights_1_2_ROM_AUTO_1R' using auto ROMs.
INFO: [RTMG 210-279] Implementing memory 'MLP_MLP_Pipeline_VITIS_LOOP_77_3_weights_1_3_ROM_AUTO_1R' using auto ROMs.
INFO: [RTMG 210-279] Implementing memory 'MLP_MLP_Pipeline_VITIS_LOOP_77_3_weights_1_4_ROM_AUTO_1R' using auto ROMs.
INFO: [RTMG 210-279] Implementing memory 'MLP_MLP_Pipeline_VITIS_LOOP_77_3_weights_1_5_ROM_AUTO_1R' using auto ROMs.
INFO: [RTMG 210-279] Implementing memory 'MLP_MLP_Pipeline_VITIS_LOOP_77_3_weights_1_6_ROM_AUTO_1R' using auto ROMs.
INFO: [RTMG 210-279] Implementing memory 'MLP_MLP_Pipeline_VITIS_LOOP_77_3_weights_1_7_ROM_AUTO_1R' using auto ROMs.
INFO: [RTMG 210-279] Implementing memory 'MLP_MLP_Pipeline_VITIS_LOOP_77_3_weights_1_8_ROM_AUTO_1R' using auto ROMs.
INFO: [RTMG 210-279] Implementing memory 'MLP_MLP_Pipeline_VITIS_LOOP_77_3_weights_1_9_ROM_AUTO_1R' using auto ROMs.
INFO: [RTMG 210-279] Implementing memory 'MLP_MLP_Pipeline_VITIS_LOOP_77_3_weights_1_10_ROM_AUTO_1R' using auto ROMs.
INFO: [RTMG 210-279] Implementing memory 'MLP_MLP_Pipeline_VITIS_LOOP_77_3_weights_1_11_ROM_AUTO_1R' using auto ROMs.
INFO: [RTMG 210-279] Implementing memory 'MLP_MLP_Pipeline_VITIS_LOOP_77_3_weights_1_12_ROM_AUTO_1R' using auto ROMs.
INFO: [RTMG 210-279] Implementing memory 'MLP_MLP_Pipeline_VITIS_LOOP_77_3_weights_1_13_ROM_AUTO_1R' using auto ROMs.
INFO: [RTMG 210-279] Implementing memory 'MLP_MLP_Pipeline_VITIS_LOOP_77_3_weights_1_14_ROM_AUTO_1R' using auto ROMs.
INFO: [RTMG 210-279] Implementing memory 'MLP_MLP_Pipeline_VITIS_LOOP_77_3_weights_1_15_ROM_AUTO_1R' using auto ROMs.
INFO: [RTMG 210-279] Implementing memory 'MLP_MLP_Pipeline_VITIS_LOOP_77_3_weights_1_16_ROM_AUTO_1R' using auto ROMs.
INFO: [RTMG 210-279] Implementing memory 'MLP_MLP_Pipeline_VITIS_LOOP_77_3_weights_1_17_ROM_AUTO_1R' using auto ROMs.
INFO: [RTMG 210-279] Implementing memory 'MLP_MLP_Pipeline_VITIS_LOOP_77_3_weights_1_18_ROM_AUTO_1R' using auto ROMs.
INFO: [RTMG 210-279] Implementing memory 'MLP_MLP_Pipeline_VITIS_LOOP_77_3_weights_1_19_ROM_AUTO_1R' using auto ROMs.
INFO: [RTMG 210-279] Implementing memory 'MLP_MLP_Pipeline_VITIS_LOOP_77_3_weights_1_20_ROM_AUTO_1R' using auto ROMs.
INFO: [RTMG 210-279] Implementing memory 'MLP_MLP_Pipeline_VITIS_LOOP_77_3_weights_1_21_ROM_AUTO_1R' using auto ROMs.
INFO: [RTMG 210-279] Implementing memory 'MLP_MLP_Pipeline_VITIS_LOOP_77_3_weights_1_22_ROM_AUTO_1R' using auto ROMs.
INFO: [RTMG 210-279] Implementing memory 'MLP_MLP_Pipeline_VITIS_LOOP_77_3_weights_1_23_ROM_AUTO_1R' using auto ROMs.
INFO: [RTMG 210-279] Implementing memory 'MLP_MLP_Pipeline_VITIS_LOOP_77_3_weights_1_24_ROM_AUTO_1R' using auto ROMs.
INFO: [RTMG 210-279] Implementing memory 'MLP_MLP_Pipeline_VITIS_LOOP_77_3_weights_1_25_ROM_AUTO_1R' using auto ROMs.
INFO: [RTMG 210-279] Implementing memory 'MLP_MLP_Pipeline_VITIS_LOOP_77_3_weights_1_26_ROM_AUTO_1R' using auto ROMs.
INFO: [RTMG 210-279] Implementing memory 'MLP_MLP_Pipeline_VITIS_LOOP_77_3_weights_1_27_ROM_AUTO_1R' using auto ROMs.
INFO: [RTMG 210-279] Implementing memory 'MLP_MLP_Pipeline_VITIS_LOOP_77_3_weights_1_28_ROM_AUTO_1R' using auto ROMs.
INFO: [RTMG 210-279] Implementing memory 'MLP_MLP_Pipeline_VITIS_LOOP_77_3_weights_1_29_ROM_AUTO_1R' using auto ROMs.
INFO: [RTMG 210-279] Implementing memory 'MLP_MLP_Pipeline_VITIS_LOOP_77_3_weights_1_30_ROM_AUTO_1R' using auto ROMs.
INFO: [RTMG 210-279] Implementing memory 'MLP_MLP_Pipeline_VITIS_LOOP_77_3_weights_1_31_ROM_AUTO_1R' using auto ROMs.
INFO: [RTMG 210-279] Implementing memory 'MLP_MLP_Pipeline_VITIS_LOOP_77_3_weights_1_32_ROM_AUTO_1R' using auto ROMs.
INFO: [RTMG 210-279] Implementing memory 'MLP_MLP_Pipeline_VITIS_LOOP_77_3_weights_1_33_ROM_AUTO_1R' using auto ROMs.
INFO: [RTMG 210-279] Implementing memory 'MLP_MLP_Pipeline_VITIS_LOOP_77_3_weights_1_34_ROM_AUTO_1R' using auto ROMs.
INFO: [RTMG 210-279] Implementing memory 'MLP_MLP_Pipeline_VITIS_LOOP_77_3_weights_1_35_ROM_AUTO_1R' using auto ROMs.
INFO: [RTMG 210-279] Implementing memory 'MLP_MLP_Pipeline_VITIS_LOOP_77_3_weights_1_36_ROM_AUTO_1R' using auto ROMs.
INFO: [RTMG 210-279] Implementing memory 'MLP_MLP_Pipeline_VITIS_LOOP_77_3_weights_1_37_ROM_AUTO_1R' using auto ROMs.
INFO: [RTMG 210-279] Implementing memory 'MLP_MLP_Pipeline_VITIS_LOOP_77_3_weights_1_38_ROM_AUTO_1R' using auto ROMs.
INFO: [RTMG 210-279] Implementing memory 'MLP_MLP_Pipeline_VITIS_LOOP_77_3_weights_1_39_ROM_AUTO_1R' using auto ROMs.
INFO: [RTMG 210-279] Implementing memory 'MLP_MLP_Pipeline_VITIS_LOOP_77_3_weights_1_40_ROM_AUTO_1R' using auto ROMs.
INFO: [RTMG 210-279] Implementing memory 'MLP_MLP_Pipeline_VITIS_LOOP_77_3_weights_1_41_ROM_AUTO_1R' using auto ROMs.
INFO: [RTMG 210-279] Implementing memory 'MLP_MLP_Pipeline_VITIS_LOOP_77_3_weights_1_42_ROM_AUTO_1R' using auto ROMs.
INFO: [RTMG 210-279] Implementing memory 'MLP_MLP_Pipeline_VITIS_LOOP_77_3_weights_1_43_ROM_AUTO_1R' using auto ROMs.
INFO: [RTMG 210-279] Implementing memory 'MLP_MLP_Pipeline_VITIS_LOOP_77_3_weights_1_44_ROM_AUTO_1R' using auto ROMs.
INFO: [RTMG 210-279] Implementing memory 'MLP_MLP_Pipeline_VITIS_LOOP_77_3_weights_1_45_ROM_AUTO_1R' using auto ROMs.
INFO: [RTMG 210-279] Implementing memory 'MLP_MLP_Pipeline_VITIS_LOOP_77_3_weights_1_46_ROM_AUTO_1R' using auto ROMs.
INFO: [RTMG 210-279] Implementing memory 'MLP_MLP_Pipeline_VITIS_LOOP_77_3_weights_1_47_ROM_AUTO_1R' using auto ROMs.
INFO: [RTMG 210-279] Implementing memory 'MLP_MLP_Pipeline_VITIS_LOOP_77_3_hidden_bias_1_ROM_AUTO_1R' using auto ROMs.
INFO: [RTMG 210-279] Implementing memory 'MLP_MLP_Pipeline_VITIS_LOOP_94_5_weights_2_0_ROM_AUTO_1R' using auto ROMs.
INFO: [RTMG 210-279] Implementing memory 'MLP_MLP_Pipeline_VITIS_LOOP_94_5_weights_2_1_ROM_AUTO_1R' using auto ROMs.
INFO: [RTMG 210-279] Implementing memory 'MLP_MLP_Pipeline_VITIS_LOOP_94_5_weights_2_2_ROM_AUTO_1R' using auto ROMs.
INFO: [RTMG 210-279] Implementing memory 'MLP_MLP_Pipeline_VITIS_LOOP_94_5_weights_2_3_ROM_AUTO_1R' using auto ROMs.
INFO: [RTMG 210-279] Implementing memory 'MLP_MLP_Pipeline_VITIS_LOOP_94_5_weights_2_4_ROM_AUTO_1R' using auto ROMs.
INFO: [RTMG 210-279] Implementing memory 'MLP_MLP_Pipeline_VITIS_LOOP_94_5_weights_2_5_ROM_AUTO_1R' using auto ROMs.
INFO: [RTMG 210-279] Implementing memory 'MLP_MLP_Pipeline_VITIS_LOOP_94_5_weights_2_6_ROM_AUTO_1R' using auto ROMs.
INFO: [RTMG 210-279] Implementing memory 'MLP_MLP_Pipeline_VITIS_LOOP_94_5_weights_2_7_ROM_AUTO_1R' using auto ROMs.
INFO: [RTMG 210-279] Implementing memory 'MLP_MLP_Pipeline_VITIS_LOOP_94_5_weights_2_8_ROM_AUTO_1R' using auto ROMs.
INFO: [RTMG 210-279] Implementing memory 'MLP_MLP_Pipeline_VITIS_LOOP_94_5_weights_2_9_ROM_AUTO_1R' using auto ROMs.
INFO: [RTMG 210-279] Implementing memory 'MLP_MLP_Pipeline_VITIS_LOOP_94_5_weights_2_10_ROM_AUTO_1R' using auto ROMs.
INFO: [RTMG 210-279] Implementing memory 'MLP_MLP_Pipeline_VITIS_LOOP_94_5_weights_2_11_ROM_AUTO_1R' using auto ROMs.
INFO: [RTMG 210-279] Implementing memory 'MLP_MLP_Pipeline_VITIS_LOOP_94_5_weights_2_12_ROM_AUTO_1R' using auto ROMs.
INFO: [RTMG 210-279] Implementing memory 'MLP_MLP_Pipeline_VITIS_LOOP_94_5_weights_2_13_ROM_AUTO_1R' using auto ROMs.
INFO: [RTMG 210-279] Implementing memory 'MLP_MLP_Pipeline_VITIS_LOOP_94_5_weights_2_14_ROM_AUTO_1R' using auto ROMs.
INFO: [RTMG 210-279] Implementing memory 'MLP_MLP_Pipeline_VITIS_LOOP_94_5_weights_2_15_ROM_AUTO_1R' using auto ROMs.
INFO: [RTMG 210-279] Implementing memory 'MLP_MLP_Pipeline_VITIS_LOOP_94_5_weights_2_16_ROM_AUTO_1R' using auto ROMs.
INFO: [RTMG 210-279] Implementing memory 'MLP_MLP_Pipeline_VITIS_LOOP_94_5_weights_2_17_ROM_AUTO_1R' using auto ROMs.
INFO: [RTMG 210-279] Implementing memory 'MLP_MLP_Pipeline_VITIS_LOOP_94_5_weights_2_18_ROM_AUTO_1R' using auto ROMs.
INFO: [RTMG 210-279] Implementing memory 'MLP_MLP_Pipeline_VITIS_LOOP_94_5_weights_2_19_ROM_AUTO_1R' using auto ROMs.
INFO: [RTMG 210-279] Implementing memory 'MLP_MLP_Pipeline_VITIS_LOOP_94_5_weights_2_20_ROM_AUTO_1R' using auto ROMs.
INFO: [RTMG 210-279] Implementing memory 'MLP_MLP_Pipeline_VITIS_LOOP_94_5_weights_2_21_ROM_AUTO_1R' using auto ROMs.
INFO: [RTMG 210-279] Implementing memory 'MLP_MLP_Pipeline_VITIS_LOOP_94_5_weights_2_22_ROM_AUTO_1R' using auto ROMs.
INFO: [RTMG 210-279] Implementing memory 'MLP_MLP_Pipeline_VITIS_LOOP_94_5_weights_2_23_ROM_AUTO_1R' using auto ROMs.
INFO: [RTMG 210-279] Implementing memory 'MLP_MLP_Pipeline_VITIS_LOOP_94_5_hidden_bias_2_ROM_AUTO_1R' using auto ROMs.
INFO: [RTMG 210-279] Implementing memory 'MLP_MLP_Pipeline_VITIS_LOOP_111_7_output_weights_0_ROM_AUTO_1R' using auto ROMs.
INFO: [RTMG 210-279] Implementing memory 'MLP_MLP_Pipeline_VITIS_LOOP_111_7_output_weights_1_ROM_AUTO_1R' using auto ROMs.
INFO: [RTMG 210-279] Implementing memory 'MLP_MLP_Pipeline_VITIS_LOOP_111_7_output_weights_2_ROM_AUTO_1R' using auto ROMs.
INFO: [RTMG 210-279] Implementing memory 'MLP_MLP_Pipeline_VITIS_LOOP_111_7_output_weights_3_ROM_AUTO_1R' using auto ROMs.
INFO: [RTMG 210-279] Implementing memory 'MLP_MLP_Pipeline_VITIS_LOOP_111_7_output_weights_4_ROM_AUTO_1R' using auto ROMs.
INFO: [RTMG 210-279] Implementing memory 'MLP_MLP_Pipeline_VITIS_LOOP_111_7_output_weights_5_ROM_AUTO_1R' using auto ROMs.
INFO: [RTMG 210-279] Implementing memory 'MLP_MLP_Pipeline_VITIS_LOOP_111_7_output_weights_6_ROM_AUTO_1R' using auto ROMs.
INFO: [RTMG 210-279] Implementing memory 'MLP_MLP_Pipeline_VITIS_LOOP_111_7_output_weights_7_ROM_AUTO_1R' using auto ROMs.
INFO: [RTMG 210-279] Implementing memory 'MLP_MLP_Pipeline_VITIS_LOOP_111_7_output_weights_8_ROM_AUTO_1R' using auto ROMs.
INFO: [RTMG 210-279] Implementing memory 'MLP_MLP_Pipeline_VITIS_LOOP_111_7_output_weights_9_ROM_AUTO_1R' using auto ROMs.
INFO: [RTMG 210-279] Implementing memory 'MLP_MLP_Pipeline_VITIS_LOOP_111_7_output_weights_10_ROM_AUTO_1R' using auto ROMs.
INFO: [RTMG 210-279] Implementing memory 'MLP_MLP_Pipeline_VITIS_LOOP_111_7_output_weights_11_ROM_AUTO_1R' using auto ROMs.
INFO: [RTMG 210-279] Implementing memory 'MLP_MLP_Pipeline_VITIS_LOOP_111_7_output_bias_ROM_AUTO_1R' using auto ROMs.
INFO: [RTMG 210-278] Implementing memory 'MLP_input_features_RAM_AUTO_1R1W_ram (RAM)' using auto RAMs.
INFO: [RTMG 210-278] Implementing memory 'MLP_input_features_casted_RAM_AUTO_1R1W_ram (RAM)' using auto RAMs.
INFO: [RTMG 210-278] Implementing memory 'MLP_hidden_layer_1_RAM_AUTO_1R1W_ram (RAM)' using auto RAMs.
INFO: [RTMG 210-278] Implementing memory 'MLP_hidden_layer_2_RAM_AUTO_1R1W_ram (RAM)' using auto RAMs.
INFO: [RTMG 210-278] Implementing memory 'MLP_output_layer_RAM_AUTO_1R1W_ram (RAM)' using auto RAMs.
INFO: [HLS 200-111] Finished Generating all RTL models: CPU user time: 6 seconds. CPU system time: 1 seconds. Elapsed time: 15.29 seconds; current allocated memory: 1.116 GB.
INFO: [HLS 200-111] Finished Updating report files: CPU user time: 0 seconds. CPU system time: 0 seconds. Elapsed time: 1.987 seconds; current allocated memory: 1.116 GB.
INFO: [VHDL 208-304] Generating VHDL RTL for MLP.
INFO: [VLOG 209-307] Generating Verilog RTL for MLP.
INFO: [HLS 200-790] **** Loop Constraint Status: All loop constraints were satisfied.
INFO: [HLS 200-789] **** Estimated Fmax: 140.57 MHz
INFO: [HLS 200-111] Finished Command csynth_design CPU user time: 21 seconds. CPU system time: 3 seconds. Elapsed time: 60.928 seconds; current allocated memory: 552.898 MB.
INFO: [HLS 200-112] Total CPU user time: 21 seconds. Total CPU system time: 3 seconds. Total elapsed time: 64.42 seconds; peak allocated memory: 1.116 GB.
==============================================================
Vitis HLS - High-Level Synthesis from C, C++ and OpenCL v2022.1 (64-bit)
Tool Version Limit: 2022.04
Copyright 1986-2022 Xilinx, Inc. All Rights Reserved.
==============================================================
==============================================================
Vitis HLS - High-Level Synthesis from C, C++ and OpenCL v2022.1 (64-bit)
Tool Version Limit: 2022.04
Copyright 1986-2022 Xilinx, Inc. All Rights Reserved.
==============================================================
INFO: [SYN 201-201] Setting up clock 'default' with a period of 10ns.
INFO: [HLS 200-1611] Setting target device to 'xczu3eg-sbva484-2-i'
INFO: [HLS 200-1505] Using flow_target 'vivado'
INFO: [HLS 200-1464] Running solution command: config_export -format=ip_catalog
INFO: [HLS 200-1464] Running solution command: config_export -output=C:/Users/xingy/HWSWAI/HLS
INFO: [HLS 200-1464] Running solution command: config_export -rtl=verilog
INFO: [HLS 200-1464] Running solution command: config_export -vivado_clock=10
INFO: [HLS 200-1510] Running: set_part xczu3eg-sbva484-2-i 
INFO: [HLS 200-1510] Running: create_clock -period 10 -name default 
INFO: [HLS 200-1510] Running: config_export -format ip_catalog -output C:/Users/xingy/HWSWAI/HLS -rtl verilog -vivado_clock 10 
INFO: [HLS 200-1510] Running: source ./testHLS2/solution1/directives.tcl
INFO: [HLS 200-1510] Running: set_directive_top -name MLP MLP 
INFO: [HLS 200-1510] Running: export_design -flow impl -rtl verilog -format ip_catalog -output C:/Users/xingy/HWSWAI/HLS 
INFO: [IMPL 213-8] Exporting RTL as a Vivado IP.
INFO: [IMPL 213-8] Starting RTL evaluation using Vivado ...
INFO: [HLS 200-802] Generated output file C:/Users/xingy/HWSWAI/HLS/export.zip
INFO: [HLS 200-111] Finished Command export_design CPU user time: 5 seconds. CPU system time: 1 seconds. Elapsed time: 1727.16 seconds; current allocated memory: 4.559 MB.
INFO: [HLS 200-112] Total CPU user time: 7 seconds. Total CPU system time: 2 seconds. Total elapsed time: 1730.43 seconds; peak allocated memory: 1.121 GB.
==============================================================
Vitis HLS - High-Level Synthesis from C, C++ and OpenCL v2022.1 (64-bit)
Tool Version Limit: 2022.04
Copyright 1986-2022 Xilinx, Inc. All Rights Reserved.
==============================================================
INFO: [SYN 201-201] Setting up clock 'default' with a period of 10ns.
INFO: [HLS 200-1611] Setting target device to 'xczu3eg-sbva484-2-i'
INFO: [HLS 200-1505] Using flow_target 'vivado'
INFO: [HLS 200-1464] Running solution command: config_export -format=ip_catalog
INFO: [HLS 200-1464] Running solution command: config_export -output=C:/Users/xingy/HWSWAI/HLS
INFO: [HLS 200-1464] Running solution command: config_export -rtl=verilog
INFO: [HLS 200-1464] Running solution command: config_export -vivado_clock=10
INFO: [HLS 200-1510] Running: set_part xczu3eg-sbva484-2-i 
INFO: [HLS 200-1510] Running: create_clock -period 10 -name default 
INFO: [HLS 200-1510] Running: config_export -format ip_catalog -output C:/Users/xingy/HWSWAI/HLS -rtl verilog -vivado_clock 10 
INFO: [HLS 200-1510] Running: source ./testHLS2/solution1/directives.tcl
INFO: [HLS 200-1510] Running: set_directive_top -name MLP MLP 
INFO: [HLS 200-1510] Running: csynth_design 
INFO: [HLS 200-111] Finished File checks and directory preparation: CPU user time: 0 seconds. CPU system time: 0 seconds. Elapsed time: 0.05 seconds; current allocated memory: 1.116 GB.
INFO: [HLS 200-10] Analyzing design file '../../../../HWSWAI/HLS/SampleDatasetMLP.cpp' ... 
INFO: [HLS 200-111] Finished Source Code Analysis and Preprocessing: CPU user time: 1 seconds. CPU system time: 0 seconds. Elapsed time: 18.907 seconds; current allocated memory: 1.116 GB.
INFO: [HLS 200-777] Using interface defaults for 'Vivado' flow target.
INFO: [HLS 214-131] Inlining function 'hls::axis<ap_int<32>, 2ul, 5ul, 6ul>::get_user_ptr()' into 'hls::stream<hls::axis<ap_int<32>, 2ul, 5ul, 6ul>, 0>::read(hls::axis<ap_int<32>, 2ul, 5ul, 6ul>&)' (C:/Xilinx/Vitis_HLS/2022.1/common/technology/autopilot\ap_axi_sdata.h:283:50)
INFO: [HLS 214-131] Inlining function 'hls::axis<ap_int<32>, 2ul, 5ul, 6ul>::get_dest_ptr()' into 'hls::stream<hls::axis<ap_int<32>, 2ul, 5ul, 6ul>, 0>::read(hls::axis<ap_int<32>, 2ul, 5ul, 6ul>&)' (C:/Xilinx/Vitis_HLS/2022.1/common/technology/autopilot\ap_axi_sdata.h:286:25)
INFO: [HLS 214-131] Inlining function 'hls::axis<ap_int<32>, 2ul, 5ul, 6ul>::get_id_ptr()' into 'hls::stream<hls::axis<ap_int<32>, 2ul, 5ul, 6ul>, 0>::read(hls::axis<ap_int<32>, 2ul, 5ul, 6ul>&)' (C:/Xilinx/Vitis_HLS/2022.1/common/technology/autopilot\ap_axi_sdata.h:285:67)
INFO: [HLS 214-131] Inlining function 'hls::axis<ap_int<32>, 2ul, 5ul, 6ul>::get_user_ptr()' into 'hls::stream<hls::axis<ap_int<32>, 2ul, 5ul, 6ul>, 0>::read(hls::axis<ap_int<32>, 2ul, 5ul, 6ul>&)' (C:/Xilinx/Vitis_HLS/2022.1/common/technology/autopilot\ap_axi_sdata.h:285:36)
INFO: [HLS 214-131] Inlining function 'hls::axis<ap_int<32>, 2ul, 5ul, 6ul>::get_dest_ptr()' into 'hls::stream<hls::axis<ap_int<32>, 2ul, 5ul, 6ul>, 0>::read(hls::axis<ap_int<32>, 2ul, 5ul, 6ul>&)' (C:/Xilinx/Vitis_HLS/2022.1/common/technology/autopilot\ap_axi_sdata.h:284:39)
INFO: [HLS 214-131] Inlining function 'hls::axis<ap_int<32>, 2ul, 5ul, 6ul>::get_id_ptr()' into 'hls::stream<hls::axis<ap_int<32>, 2ul, 5ul, 6ul>, 0>::read(hls::axis<ap_int<32>, 2ul, 5ul, 6ul>&)' (C:/Xilinx/Vitis_HLS/2022.1/common/technology/autopilot\ap_axi_sdata.h:284:23)
INFO: [HLS 214-131] Inlining function 'ssdm_int<32, false>::ssdm_int(unsigned int)' into 'ap_int_base<32, false>::ap_int_base(unsigned int)' (r:/ci/prod/2022.1/rdi_builds/continuous/2022_04_18_3526262/src/shared/hls/clib/include/header_files\ap_int_base.h:215:76)
INFO: [HLS 214-131] Inlining function 'ap_int_base<32, false>::ap_int_base(unsigned int)' into 'ap_uint<32>::ap_uint(unsigned int)' (r:/ci/prod/2022.1/rdi_builds/continuous/2022_04_18_3526262/src/shared/hls/clib/include/header_files\ap_int.h:288:67)
INFO: [HLS 214-131] Inlining function 'ap_bit_ref<32, false>::ap_bit_ref(ap_int_base<32, false>*, int)' into 'ap_int_base<32, false>::operator[](int)' (r:/ci/prod/2022.1/rdi_builds/continuous/2022_04_18_3526262/src/shared/hls/clib/include/header_files\ap_int_base.h:1129:30)
INFO: [HLS 214-131] Inlining function 'ap_bit_ref<1, false>::ap_bit_ref(ap_int_base<1, false>*, int)' into 'ap_int_base<1, false>::operator[](int)' (r:/ci/prod/2022.1/rdi_builds/continuous/2022_04_18_3526262/src/shared/hls/clib/include/header_files\ap_int_base.h:1129:30)
INFO: [HLS 214-131] Inlining function 'ap_bit_ref<32, false>::operator bool() const' into 'ap_bit_ref<1, false>& ap_bit_ref<1, false>::operator=<32, false>(ap_bit_ref<32, false> const&)' (r:/ci/prod/2022.1/rdi_builds/continuous/2022_04_18_3526262/src/shared/hls/clib/include/header_files\ap_int_ref.h:845:38)
INFO: [HLS 214-131] Inlining function 'ap_bit_ref<1, false>::operator=(unsigned long long)' into 'ap_bit_ref<1, false>& ap_bit_ref<1, false>::operator=<32, false>(ap_bit_ref<32, false> const&)' (r:/ci/prod/2022.1/rdi_builds/continuous/2022_04_18_3526262/src/shared/hls/clib/include/header_files\ap_int_ref.h:845:12)
INFO: [HLS 214-131] Inlining function 'ap_range_ref<32, false>::ap_range_ref(ap_int_base<32, false>*, int, int)' into 'ap_int_base<32, false>::range(int, int)' (r:/ci/prod/2022.1/rdi_builds/continuous/2022_04_18_3526262/src/shared/hls/clib/include/header_files\ap_int_base.h:1048:12)
INFO: [HLS 214-131] Inlining function 'ap_int_base<32, false>::range(int, int)' into 'ap_int_base<32, false>::operator()(int, int)' (r:/ci/prod/2022.1/rdi_builds/continuous/2022_04_18_3526262/src/shared/hls/clib/include/header_files\ap_int_base.h:1085:18)
INFO: [HLS 214-131] Inlining function 'ap_range_ref<8, false>::ap_range_ref(ap_int_base<8, false>*, int, int)' into 'ap_int_base<8, false>::range(int, int)' (r:/ci/prod/2022.1/rdi_builds/continuous/2022_04_18_3526262/src/shared/hls/clib/include/header_files\ap_int_base.h:1048:12)
INFO: [HLS 214-131] Inlining function 'ap_int_base<8, false>::range(int, int)' into 'ap_int_base<8, false>::operator()(int, int)' (r:/ci/prod/2022.1/rdi_builds/continuous/2022_04_18_3526262/src/shared/hls/clib/include/header_files\ap_int_base.h:1085:18)
INFO: [HLS 214-131] Inlining function 'ap_range_ref<32, false>::get() const' into 'ap_int_base<32, false>::ap_int_base<32, false>(ap_range_ref<32, false> const&)' (r:/ci/prod/2022.1/rdi_builds/continuous/2022_04_18_3526262/src/shared/hls/clib/include/header_files\ap_int_base.h:358:20)
INFO: [HLS 214-131] Inlining function 'ssdm_int<8, false>::ssdm_int(unsigned char)' into 'ap_int_base<8, false>::ap_int_base<32, false>(ap_int_base<32, false> const&)' (r:/ci/prod/2022.1/rdi_builds/continuous/2022_04_18_3526262/src/shared/hls/clib/include/header_files\ap_int_base.h:185:106)
INFO: [HLS 214-131] Inlining function 'ap_int_base<8, false>::ap_int_base<32, false>(ap_int_base<32, false> const&)' into 'ap_range_ref<8, false>& ap_range_ref<8, false>::operator=<32, false>(ap_int_base<32, false> const&)' (r:/ci/prod/2022.1/rdi_builds/continuous/2022_04_18_3526262/src/shared/hls/clib/include/header_files\ap_int_ref.h:367:31)
INFO: [HLS 214-131] Inlining function 'ap_int_base<32, false>::ap_int_base<32, false>(ap_range_ref<32, false> const&)' into 'ap_range_ref<8, false>& ap_range_ref<8, false>::operator=<32, false>(ap_range_ref<32, false> const&)' (r:/ci/prod/2022.1/rdi_builds/continuous/2022_04_18_3526262/src/shared/hls/clib/include/header_files\ap_int_ref.h:382:22)
INFO: [HLS 214-131] Inlining function 'ap_range_ref<8, false>& ap_range_ref<8, false>::operator=<32, false>(ap_int_base<32, false> const&)' into 'ap_range_ref<8, false>& ap_range_ref<8, false>::operator=<32, false>(ap_range_ref<32, false> const&)' (r:/ci/prod/2022.1/rdi_builds/continuous/2022_04_18_3526262/src/shared/hls/clib/include/header_files\ap_int_ref.h:382:12)
INFO: [HLS 214-131] Inlining function 'ap_range_ref<23, false>::ap_range_ref(ap_int_base<23, false>*, int, int)' into 'ap_int_base<23, false>::range(int, int)' (r:/ci/prod/2022.1/rdi_builds/continuous/2022_04_18_3526262/src/shared/hls/clib/include/header_files\ap_int_base.h:1048:12)
INFO: [HLS 214-131] Inlining function 'ap_int_base<23, false>::range(int, int)' into 'ap_int_base<23, false>::operator()(int, int)' (r:/ci/prod/2022.1/rdi_builds/continuous/2022_04_18_3526262/src/shared/hls/clib/include/header_files\ap_int_base.h:1085:18)
INFO: [HLS 214-131] Inlining function '_ZN8ssdm_intILi23ELb0EEC2EDq23_j' into 'ap_int_base<23, false>::ap_int_base<32, false>(ap_int_base<32, false> const&)' (r:/ci/prod/2022.1/rdi_builds/continuous/2022_04_18_3526262/src/shared/hls/clib/include/header_files\ap_int_base.h:185:106)
INFO: [HLS 214-131] Inlining function 'ap_int_base<23, false>::ap_int_base<32, false>(ap_int_base<32, false> const&)' into 'ap_range_ref<23, false>& ap_range_ref<23, false>::operator=<32, false>(ap_int_base<32, false> const&)' (r:/ci/prod/2022.1/rdi_builds/continuous/2022_04_18_3526262/src/shared/hls/clib/include/header_files\ap_int_ref.h:367:31)
INFO: [HLS 214-131] Inlining function 'ap_int_base<32, false>::ap_int_base<32, false>(ap_range_ref<32, false> const&)' into 'ap_range_ref<23, false>& ap_range_ref<23, false>::operator=<32, false>(ap_range_ref<32, false> const&)' (r:/ci/prod/2022.1/rdi_builds/continuous/2022_04_18_3526262/src/shared/hls/clib/include/header_files\ap_int_ref.h:382:22)
INFO: [HLS 214-131] Inlining function 'ap_range_ref<23, false>& ap_range_ref<23, false>::operator=<32, false>(ap_int_base<32, false> const&)' into 'ap_range_ref<23, false>& ap_range_ref<23, false>::operator=<32, false>(ap_range_ref<32, false> const&)' (r:/ci/prod/2022.1/rdi_builds/continuous/2022_04_18_3526262/src/shared/hls/clib/include/header_files\ap_int_ref.h:382:12)
INFO: [HLS 214-131] Inlining function 'ap_uint<32>::ap_uint(unsigned int)' into 'fp_struct<float>::fp_struct(float)' (r:/ci/prod/2022.1/rdi_builds/continuous/2022_04_18_3526262/src/shared/hls/clib/src/hls\utils/x_hls_utils.h:317:28)
INFO: [HLS 214-131] Inlining function 'ap_range_ref<23, false>& ap_range_ref<23, false>::operator=<32, false>(ap_range_ref<32, false> const&)' into 'fp_struct<float>::fp_struct(float)' (r:/ci/prod/2022.1/rdi_builds/continuous/2022_04_18_3526262/src/shared/hls/clib/src/hls\utils/x_hls_utils.h:325:18)
INFO: [HLS 214-131] Inlining function 'ap_int_base<23, false>::operator()(int, int)' into 'fp_struct<float>::fp_struct(float)' (r:/ci/prod/2022.1/rdi_builds/continuous/2022_04_18_3526262/src/shared/hls/clib/src/hls\utils/x_hls_utils.h:325:9)
INFO: [HLS 214-131] Inlining function 'ap_int_base<32, false>::operator()(int, int)' into 'fp_struct<float>::fp_struct(float)' (r:/ci/prod/2022.1/rdi_builds/continuous/2022_04_18_3526262/src/shared/hls/clib/src/hls\utils/x_hls_utils.h:325:20)
INFO: [HLS 214-131] Inlining function 'ap_range_ref<8, false>& ap_range_ref<8, false>::operator=<32, false>(ap_range_ref<32, false> const&)' into 'fp_struct<float>::fp_struct(float)' (r:/ci/prod/2022.1/rdi_builds/continuous/2022_04_18_3526262/src/shared/hls/clib/src/hls\utils/x_hls_utils.h:324:17)
INFO: [HLS 214-131] Inlining function 'ap_int_base<8, false>::operator()(int, int)' into 'fp_struct<float>::fp_struct(float)' (r:/ci/prod/2022.1/rdi_builds/continuous/2022_04_18_3526262/src/shared/hls/clib/src/hls\utils/x_hls_utils.h:324:9)
INFO: [HLS 214-131] Inlining function 'ap_int_base<32, false>::operator()(int, int)' into 'fp_struct<float>::fp_struct(float)' (r:/ci/prod/2022.1/rdi_builds/continuous/2022_04_18_3526262/src/shared/hls/clib/src/hls\utils/x_hls_utils.h:324:19)
INFO: [HLS 214-131] Inlining function 'ap_bit_ref<1, false>& ap_bit_ref<1, false>::operator=<32, false>(ap_bit_ref<32, false> const&)' into 'fp_struct<float>::fp_struct(float)' (r:/ci/prod/2022.1/rdi_builds/continuous/2022_04_18_3526262/src/shared/hls/clib/src/hls\utils/x_hls_utils.h:323:17)
INFO: [HLS 214-131] Inlining function 'ap_int_base<1, false>::operator[](int)' into 'fp_struct<float>::fp_struct(float)' (r:/ci/prod/2022.1/rdi_builds/continuous/2022_04_18_3526262/src/shared/hls/clib/src/hls\utils/x_hls_utils.h:323:9)
INFO: [HLS 214-131] Inlining function 'ap_int_base<32, false>::operator[](int)' into 'fp_struct<float>::fp_struct(float)' (r:/ci/prod/2022.1/rdi_builds/continuous/2022_04_18_3526262/src/shared/hls/clib/src/hls\utils/x_hls_utils.h:323:19)
INFO: [HLS 214-131] Inlining function 'ap_fixed_base<32, 32, true, (ap_q_mode)5, (ap_o_mode)3, 0>::operator!() const' into 'ap_fixed_base<24, 1, false, (ap_q_mode)5, (ap_o_mode)3, 0>& ap_fixed_base<24, 1, false, (ap_q_mode)5, (ap_o_mode)3, 0>::operator=<32, 32, true, (ap_q_mode)5, (ap_o_mode)3, 0>(ap_fixed_base<32, 32, true, (ap_q_mode)5, (ap_o_mode)3, 0> const&)' (r:/ci/prod/2022.1/rdi_builds/continuous/2022_04_18_3526262/src/shared/hls/clib/include/header_files\ap_fixed_base.h:808:9)
INFO: [HLS 214-131] Inlining function 'ap_fixed_base<24, 1, false, (ap_q_mode)5, (ap_o_mode)3, 0>& ap_fixed_base<24, 1, false, (ap_q_mode)5, (ap_o_mode)3, 0>::operator=<32, 32, true, (ap_q_mode)5, (ap_o_mode)3, 0>(ap_fixed_base<32, 32, true, (ap_q_mode)5, (ap_o_mode)3, 0> const&)' into 'ap_fixed_base<24, 1, false, (ap_q_mode)5, (ap_o_mode)3, 0>::ap_fixed_base(int)' (r:/ci/prod/2022.1/rdi_builds/continuous/2022_04_18_3526262/src/shared/hls/clib/include/header_files\ap_fixed_base.h:530:146)
INFO: [HLS 214-131] Inlining function 'ap_fixed_base<24, 1, false, (ap_q_mode)5, (ap_o_mode)3, 0>::ap_fixed_base(int)' into 'ap_ufixed<24, 1, (ap_q_mode)5, (ap_o_mode)3, 0>::ap_ufixed(int)' (r:/ci/prod/2022.1/rdi_builds/continuous/2022_04_18_3526262/src/shared/hls/clib/include/header_files\ap_fixed.h:300:80)
INFO: [HLS 214-131] Inlining function 'ap_range_ref<23, false>::ap_range_ref(ap_int_base<23, false>*, int, int)' into 'ap_int_base<23, false>::range(int, int) const' (r:/ci/prod/2022.1/rdi_builds/continuous/2022_04_18_3526262/src/shared/hls/clib/include/header_files\ap_int_base.h:1055:12)
INFO: [HLS 214-131] Inlining function 'ap_int_base<23, false>::range(int, int) const' into 'ap_int_base<23, false>::operator()(int, int) const' (r:/ci/prod/2022.1/rdi_builds/continuous/2022_04_18_3526262/src/shared/hls/clib/include/header_files\ap_int_base.h:1089:18)
INFO: [HLS 214-131] Inlining function 'af_range_ref<24, 1, false, (ap_q_mode)5, (ap_o_mode)3, 0>::af_range_ref(ap_fixed_base<24, 1, false, (ap_q_mode)5, (ap_o_mode)3, 0>*, int, int)' into 'ap_fixed_base<24, 1, false, (ap_q_mode)5, (ap_o_mode)3, 0>::range(int, int)' (r:/ci/prod/2022.1/rdi_builds/continuous/2022_04_18_3526262/src/shared/hls/clib/include/header_files\ap_fixed_base.h:1746:12)
INFO: [HLS 214-131] Inlining function 'ap_fixed_base<24, 1, false, (ap_q_mode)5, (ap_o_mode)3, 0>::range(int, int)' into 'ap_fixed_base<24, 1, false, (ap_q_mode)5, (ap_o_mode)3, 0>::operator()(int, int)' (r:/ci/prod/2022.1/rdi_builds/continuous/2022_04_18_3526262/src/shared/hls/clib/include/header_files\ap_fixed_base.h:1785:18)
INFO: [HLS 214-131] Inlining function 'ap_range_ref<23, false>::get() const' into 'ap_int_base<23, false>::ap_int_base<23, false>(ap_range_ref<23, false> const&)' (r:/ci/prod/2022.1/rdi_builds/continuous/2022_04_18_3526262/src/shared/hls/clib/include/header_files\ap_int_base.h:358:20)
INFO: [HLS 214-131] Inlining function 'ap_int_base<23, false>::ap_int_base<23, false>(ap_range_ref<23, false> const&)' into 'af_range_ref<24, 1, false, (ap_q_mode)5, (ap_o_mode)3, 0>& af_range_ref<24, 1, false, (ap_q_mode)5, (ap_o_mode)3, 0>::operator=<23, false>(ap_range_ref<23, false> const&)' (r:/ci/prod/2022.1/rdi_builds/continuous/2022_04_18_3526262/src/shared/hls/clib/include/header_files\ap_fixed_ref.h:301:38)
INFO: [HLS 214-131] Inlining function 'af_range_ref<24, 1, false, (ap_q_mode)5, (ap_o_mode)3, 0>& af_range_ref<24, 1, false, (ap_q_mode)5, (ap_o_mode)3, 0>::operator=<23, false>(ap_int_base<23, false> const&)' into 'af_range_ref<24, 1, false, (ap_q_mode)5, (ap_o_mode)3, 0>& af_range_ref<24, 1, false, (ap_q_mode)5, (ap_o_mode)3, 0>::operator=<23, false>(ap_range_ref<23, false> const&)' (r:/ci/prod/2022.1/rdi_builds/continuous/2022_04_18_3526262/src/shared/hls/clib/include/header_files\ap_fixed_ref.h:302:12)
INFO: [HLS 214-131] Inlining function 'af_bit_ref<24, 1, false, (ap_q_mode)5, (ap_o_mode)3, 0>::af_bit_ref(ap_fixed_base<24, 1, false, (ap_q_mode)5, (ap_o_mode)3, 0>*, int)' into 'ap_fixed_base<24, 1, false, (ap_q_mode)5, (ap_o_mode)3, 0>::operator[](unsigned int)' (r:/ci/prod/2022.1/rdi_builds/continuous/2022_04_18_3526262/src/shared/hls/clib/include/header_files\ap_fixed_base.h:1671:12)
INFO: [HLS 214-131] Inlining function 'ap_ufixed<24, 1, (ap_q_mode)5, (ap_o_mode)3, 0>::ap_ufixed(int)' into 'fp_struct<float>::mantissa() const' (r:/ci/prod/2022.1/rdi_builds/continuous/2022_04_18_3526262/src/shared/hls/clib/src/hls\utils/x_hls_utils.h:370:37)
INFO: [HLS 214-131] Inlining function 'af_bit_ref<24, 1, false, (ap_q_mode)5, (ap_o_mode)3, 0>::operator=(bool)' into 'fp_struct<float>::mantissa() const' (r:/ci/prod/2022.1/rdi_builds/continuous/2022_04_18_3526262/src/shared/hls/clib/src/hls\utils/x_hls_utils.h:372:21)
INFO: [HLS 214-131] Inlining function 'ap_fixed_base<24, 1, false, (ap_q_mode)5, (ap_o_mode)3, 0>::operator[](unsigned int)' into 'fp_struct<float>::mantissa() const' (r:/ci/prod/2022.1/rdi_builds/continuous/2022_04_18_3526262/src/shared/hls/clib/src/hls\utils/x_hls_utils.h:372:9)
INFO: [HLS 214-131] Inlining function 'ap_fixed_base<24, 1, false, (ap_q_mode)5, (ap_o_mode)3, 0>::wl() const' into 'fp_struct<float>::mantissa() const' (r:/ci/prod/2022.1/rdi_builds/continuous/2022_04_18_3526262/src/shared/hls/clib/src/hls\utils/x_hls_utils.h:372:13)
INFO: [HLS 214-131] Inlining function 'af_range_ref<24, 1, false, (ap_q_mode)5, (ap_o_mode)3, 0>& af_range_ref<24, 1, false, (ap_q_mode)5, (ap_o_mode)3, 0>::operator=<23, false>(ap_range_ref<23, false> const&)' into 'fp_struct<float>::mantissa() const' (r:/ci/prod/2022.1/rdi_builds/continuous/2022_04_18_3526262/src/shared/hls/clib/src/hls\utils/x_hls_utils.h:371:23)
INFO: [HLS 214-131] Inlining function 'ap_fixed_base<24, 1, false, (ap_q_mode)5, (ap_o_mode)3, 0>::operator()(int, int)' into 'fp_struct<float>::mantissa() const' (r:/ci/prod/2022.1/rdi_builds/continuous/2022_04_18_3526262/src/shared/hls/clib/src/hls\utils/x_hls_utils.h:371:9)
INFO: [HLS 214-131] Inlining function 'ap_fixed_base<24, 1, false, (ap_q_mode)5, (ap_o_mode)3, 0>::wl() const' into 'fp_struct<float>::mantissa() const' (r:/ci/prod/2022.1/rdi_builds/continuous/2022_04_18_3526262/src/shared/hls/clib/src/hls\utils/x_hls_utils.h:371:13)
INFO: [HLS 214-131] Inlining function 'ap_int_base<23, false>::operator()(int, int) const' into 'fp_struct<float>::mantissa() const' (r:/ci/prod/2022.1/rdi_builds/continuous/2022_04_18_3526262/src/shared/hls/clib/src/hls\utils/x_hls_utils.h:371:25)
INFO: [HLS 214-131] Inlining function 'ap_fixed_base<24, 1, false, (ap_q_mode)5, (ap_o_mode)3, 0>::operator!() const' into 'ap_fixed_base<79, 55, false, (ap_q_mode)5, (ap_o_mode)3, 0>& ap_fixed_base<79, 55, false, (ap_q_mode)5, (ap_o_mode)3, 0>::operator=<24, 1, false, (ap_q_mode)5, (ap_o_mode)3, 0>(ap_fixed_base<24, 1, false, (ap_q_mode)5, (ap_o_mode)3, 0> const&)' (r:/ci/prod/2022.1/rdi_builds/continuous/2022_04_18_3526262/src/shared/hls/clib/include/header_files\ap_fixed_base.h:808:9)
INFO: [HLS 214-131] Inlining function '_ZN8ssdm_intILi79ELb0EEC2EDq79_j' into 'ap_fixed_base<79, 55, false, (ap_q_mode)5, (ap_o_mode)3, 0>::ap_fixed_base<24, 1, false, (ap_q_mode)5, (ap_o_mode)3, 0>(ap_fixed_base<24, 1, false, (ap_q_mode)5, (ap_o_mode)3, 0> const&)' (r:/ci/prod/2022.1/rdi_builds/continuous/2022_04_18_3526262/src/shared/hls/clib/include/header_files\ap_fixed_base.h:401:80)
INFO: [HLS 214-131] Inlining function 'ap_fixed_base<79, 55, false, (ap_q_mode)5, (ap_o_mode)3, 0>& ap_fixed_base<79, 55, false, (ap_q_mode)5, (ap_o_mode)3, 0>::operator=<24, 1, false, (ap_q_mode)5, (ap_o_mode)3, 0>(ap_fixed_base<24, 1, false, (ap_q_mode)5, (ap_o_mode)3, 0> const&)' into 'ap_fixed_base<79, 55, false, (ap_q_mode)5, (ap_o_mode)3, 0>::ap_fixed_base<24, 1, false, (ap_q_mode)5, (ap_o_mode)3, 0>(ap_fixed_base<24, 1, false, (ap_q_mode)5, (ap_o_mode)3, 0> const&)' (r:/ci/prod/2022.1/rdi_builds/continuous/2022_04_18_3526262/src/shared/hls/clib/include/header_files\ap_fixed_base.h:403:5)
INFO: [HLS 214-131] Inlining function 'ap_fixed_base<79, 55, false, (ap_q_mode)5, (ap_o_mode)3, 0>::ap_fixed_base<24, 1, false, (ap_q_mode)5, (ap_o_mode)3, 0>(ap_fixed_base<24, 1, false, (ap_q_mode)5, (ap_o_mode)3, 0> const&)' into 'ap_ufixed<79, 55, (ap_q_mode)5, (ap_o_mode)3, 0>::ap_ufixed<24, 1, false, (ap_q_mode)5, (ap_o_mode)3, 0>(ap_fixed_base<24, 1, false, (ap_q_mode)5, (ap_o_mode)3, 0> const&)' (r:/ci/prod/2022.1/rdi_builds/continuous/2022_04_18_3526262/src/shared/hls/clib/include/header_files\ap_fixed.h:201:9)
INFO: [HLS 214-131] Inlining function 'ssdm_int<32, true>::ssdm_int(int)' into 'ap_int_base<32, true>::ap_int_base(int)' (C:/Xilinx/Vitis_HLS/2022.1/common/technology/autopilot\ap_int_base.h:260:67)
INFO: [HLS 214-131] Inlining function '_ZN8ssdm_intILi33ELb1EEC2EDq33_i' into 'ap_int_base<33, true>::ap_int_base<8, false>(ap_int_base<8, false> const&)' (r:/ci/prod/2022.1/rdi_builds/continuous/2022_04_18_3526262/src/shared/hls/clib/include/header_files\ap_int_base.h:185:106)
INFO: [HLS 214-131] Inlining function '_ZN8ssdm_intILi33ELb1EEC2EDq33_i' into 'ap_int_base<33, true>::ap_int_base<32, true>(ap_int_base<32, true> const&)' (r:/ci/prod/2022.1/rdi_builds/continuous/2022_04_18_3526262/src/shared/hls/clib/include/header_files\ap_int_base.h:185:106)
INFO: [HLS 214-131] Inlining function '_ZN8ssdm_intILi33ELb1EEC2EDq33_i' into 'ap_int_base<33, true>::ap_int_base(int)' (r:/ci/prod/2022.1/rdi_builds/continuous/2022_04_18_3526262/src/shared/hls/clib/include/header_files\ap_int_base.h:214:67)
INFO: [HLS 214-131] Inlining function 'ap_int_base<33, true>::ap_int_base<8, false>(ap_int_base<8, false> const&)' into 'ap_int_base<8, false>::RType<32, true>::minus operator-<8, false, 32, true>(ap_int_base<8, false> const&, ap_int_base<32, true> const&)' (r:/ci/prod/2022.1/rdi_builds/continuous/2022_04_18_3526262/src/shared/hls/clib/include/header_files\ap_int_base.h:1496:341)
INFO: [HLS 214-131] Inlining function 'ap_int<33>::ap_int<33, true>(ap_int_base<33, true> const&)' into 'ap_int_base<8, false>::RType<32, true>::minus operator-<8, false, 32, true>(ap_int_base<8, false> const&, ap_int_base<32, true> const&)' (r:/ci/prod/2022.1/rdi_builds/continuous/2022_04_18_3526262/src/shared/hls/clib/include/header_files\ap_int_base.h:1496:558)
INFO: [HLS 214-131] Inlining function 'ap_int_base<33, true>::ap_int_base(int)' into 'ap_int_base<8, false>::RType<32, true>::minus operator-<8, false, 32, true>(ap_int_base<8, false> const&, ap_int_base<32, true> const&)' (r:/ci/prod/2022.1/rdi_builds/continuous/2022_04_18_3526262/src/shared/hls/clib/include/header_files\ap_int_base.h:1496:520)
INFO: [HLS 214-131] Inlining function 'ap_int_base<33, true>::ap_int_base<32, true>(ap_int_base<32, true> const&)' into 'ap_int_base<8, false>::RType<32, true>::minus operator-<8, false, 32, true>(ap_int_base<8, false> const&, ap_int_base<32, true> const&)' (r:/ci/prod/2022.1/rdi_builds/continuous/2022_04_18_3526262/src/shared/hls/clib/include/header_files\ap_int_base.h:1496:430)
INFO: [HLS 214-131] Inlining function 'ap_int_base<32, true>::ap_int_base(int)' into 'ap_int_base<8, false>::RType<($_0)32, true>::minus operator-<8, false>(ap_int_base<8, false> const&, int)' (r:/ci/prod/2022.1/rdi_builds/continuous/2022_04_18_3526262/src/shared/hls/clib/include/header_files\ap_int_base.h:1633:1531)
INFO: [HLS 214-131] Inlining function 'ap_int_base<8, false>::RType<32, true>::minus operator-<8, false, 32, true>(ap_int_base<8, false> const&, ap_int_base<32, true> const&)' into 'ap_int_base<8, false>::RType<($_0)32, true>::minus operator-<8, false>(ap_int_base<8, false> const&, int)' (r:/ci/prod/2022.1/rdi_builds/continuous/2022_04_18_3526262/src/shared/hls/clib/include/header_files\ap_int_base.h:1633:1529)
INFO: [HLS 214-131] Inlining function 'ap_int_base<8, false>::RType<($_0)32, true>::minus operator-<8, false>(ap_int_base<8, false> const&, int)' into 'fp_struct<float>::expv() const' (r:/ci/prod/2022.1/rdi_builds/continuous/2022_04_18_3526262/src/shared/hls/clib/src/hls\utils/x_hls_utils.h:346:19)
INFO: [HLS 214-131] Inlining function 'ap_int_base<33, true>::operator long long() const' into 'fp_struct<float>::expv() const' (r:/ci/prod/2022.1/rdi_builds/continuous/2022_04_18_3526262/src/shared/hls/clib/src/hls\utils/x_hls_utils.h:346:16)
INFO: [HLS 214-131] Inlining function 'ap_fixed_base<32, 32, true, (ap_q_mode)5, (ap_o_mode)3, 0>::operator!() const' into 'ap_fixed_base<79, 55, false, (ap_q_mode)5, (ap_o_mode)3, 0>& ap_fixed_base<79, 55, false, (ap_q_mode)5, (ap_o_mode)3, 0>::operator=<32, 32, true, (ap_q_mode)5, (ap_o_mode)3, 0>(ap_fixed_base<32, 32, true, (ap_q_mode)5, (ap_o_mode)3, 0> const&)' (r:/ci/prod/2022.1/rdi_builds/continuous/2022_04_18_3526262/src/shared/hls/clib/include/header_files\ap_fixed_base.h:808:9)
INFO: [HLS 214-131] Inlining function 'ap_fixed_base<79, 55, false, (ap_q_mode)5, (ap_o_mode)3, 0>& ap_fixed_base<79, 55, false, (ap_q_mode)5, (ap_o_mode)3, 0>::operator=<32, 32, true, (ap_q_mode)5, (ap_o_mode)3, 0>(ap_fixed_base<32, 32, true, (ap_q_mode)5, (ap_o_mode)3, 0> const&)' into 'ap_fixed_base<79, 55, false, (ap_q_mode)5, (ap_o_mode)3, 0>::ap_fixed_base(int)' (r:/ci/prod/2022.1/rdi_builds/continuous/2022_04_18_3526262/src/shared/hls/clib/include/header_files\ap_fixed_base.h:530:146)
INFO: [HLS 214-131] Inlining function 'ap_fixed_base<79, 55, false, (ap_q_mode)5, (ap_o_mode)3, 0>::ap_fixed_base(int)' into 'ap_fixed_base<79, 55, false, (ap_q_mode)5, (ap_o_mode)3, 0>::operator>>(unsigned int) const' (r:/ci/prod/2022.1/rdi_builds/continuous/2022_04_18_3526262/src/shared/hls/clib/include/header_files\ap_fixed_base.h:1487:19)
INFO: [HLS 214-131] Inlining function 'ap_fixed_base<79, 55, false, (ap_q_mode)5, (ap_o_mode)3, 0>::ap_fixed_base(int)' into 'ap_fixed_base<79, 55, false, (ap_q_mode)5, (ap_o_mode)3, 0>::operator<<(unsigned int) const' (r:/ci/prod/2022.1/rdi_builds/continuous/2022_04_18_3526262/src/shared/hls/clib/include/header_files\ap_fixed_base.h:1453:19)
INFO: [HLS 214-131] Inlining function 'ap_fixed_base<79, 55, false, (ap_q_mode)5, (ap_o_mode)3, 0>::ap_fixed_base(int)' into 'ap_fixed_base<79, 55, false, (ap_q_mode)5, (ap_o_mode)3, 0>::operator<<(int) const' (r:/ci/prod/2022.1/rdi_builds/continuous/2022_04_18_3526262/src/shared/hls/clib/include/header_files\ap_fixed_base.h:1510:19)
INFO: [HLS 214-131] Inlining function 'ap_fixed_base<79, 55, false, (ap_q_mode)5, (ap_o_mode)3, 0>::operator<<(unsigned int) const' into 'ap_fixed_base<79, 55, false, (ap_q_mode)5, (ap_o_mode)3, 0>::operator<<(int) const' (r:/ci/prod/2022.1/rdi_builds/continuous/2022_04_18_3526262/src/shared/hls/clib/include/header_files\ap_fixed_base.h:1516:14)
INFO: [HLS 214-131] Inlining function 'ap_fixed_base<79, 55, false, (ap_q_mode)5, (ap_o_mode)3, 0>::operator>>(unsigned int) const' into 'ap_fixed_base<79, 55, false, (ap_q_mode)5, (ap_o_mode)3, 0>::operator<<(int) const' (r:/ci/prod/2022.1/rdi_builds/continuous/2022_04_18_3526262/src/shared/hls/clib/include/header_files\ap_fixed_base.h:1514:14)
INFO: [HLS 214-131] Inlining function '_ZN8ssdm_intILi79ELb0EEC2EDq79_j' into 'ap_int_base<79, false>::ap_int_base(int)' (r:/ci/prod/2022.1/rdi_builds/continuous/2022_04_18_3526262/src/shared/hls/clib/include/header_files\ap_int_base.h:214:67)
INFO: [HLS 214-131] Inlining function 'ap_int_base<79, false>::ap_int_base(int)' into 'ap_int_base<79, false>::RType<79, false>::arg1 operator>><79, false>(ap_int_base<79, false> const&, int)' (r:/ci/prod/2022.1/rdi_builds/continuous/2022_04_18_3526262/src/shared/hls/clib/include/header_files\ap_int_base.h:1669:558)
INFO: [HLS 214-131] Inlining function 'ap_uint<79>::ap_uint<79, false>(ap_int_base<79, false> const&)' into 'ap_int_base<79, false>::RType<79, false>::arg1 operator>><79, false>(ap_int_base<79, false> const&, int)' (r:/ci/prod/2022.1/rdi_builds/continuous/2022_04_18_3526262/src/shared/hls/clib/include/header_files\ap_int_base.h:1669:656)
INFO: [HLS 214-131] Inlining function '_ZN8ssdm_intILi1ELb0EEC2EDq1_j' into 'ap_int_base<1, false>::ap_int_base(int)' (C:/Xilinx/Vitis_HLS/2022.1/common/technology/autopilot\ap_int_base.h:260:67)
INFO: [HLS 214-131] Inlining function 'ap_int_base<1, false>::ap_int_base(int)' into 'ap_fixed_base<1, 32, false, (ap_q_mode)5, (ap_o_mode)0, 0>::overflow_adjust(bool, bool, bool, bool)' (r:/ci/prod/2022.1/rdi_builds/continuous/2022_04_18_3526262/src/shared/hls/clib/include/header_files\ap_fixed_base.h:357:23)
INFO: [HLS 214-131] Inlining function 'ap_fixed_base<79, 55, false, (ap_q_mode)5, (ap_o_mode)3, 0>::operator!() const' into 'ap_fixed_base<1, 32, false, (ap_q_mode)5, (ap_o_mode)0, 0>& ap_fixed_base<1, 32, false, (ap_q_mode)5, (ap_o_mode)0, 0>::operator=<79, 55, false, (ap_q_mode)5, (ap_o_mode)3, 0>(ap_fixed_base<79, 55, false, (ap_q_mode)5, (ap_o_mode)3, 0> const&)' (r:/ci/prod/2022.1/rdi_builds/continuous/2022_04_18_3526262/src/shared/hls/clib/include/header_files\ap_fixed_base.h:808:9)
INFO: [HLS 214-131] Inlining function 'ap_fixed_base<1, 32, false, (ap_q_mode)5, (ap_o_mode)0, 0>::overflow_adjust(bool, bool, bool, bool)' into 'ap_fixed_base<1, 32, false, (ap_q_mode)5, (ap_o_mode)0, 0>& ap_fixed_base<1, 32, false, (ap_q_mode)5, (ap_o_mode)0, 0>::operator=<79, 55, false, (ap_q_mode)5, (ap_o_mode)3, 0>(ap_fixed_base<79, 55, false, (ap_q_mode)5, (ap_o_mode)3, 0> const&)' (r:/ci/prod/2022.1/rdi_builds/continuous/2022_04_18_3526262/src/shared/hls/clib/include/header_files\ap_fixed_base.h:903:7)
INFO: [HLS 214-131] Inlining function 'bool ap_int_base<79, false>::operator==<79, false>(ap_int_base<79, false> const&) const' into 'ap_fixed_base<1, 32, false, (ap_q_mode)5, (ap_o_mode)0, 0>& ap_fixed_base<1, 32, false, (ap_q_mode)5, (ap_o_mode)0, 0>::operator=<79, 55, false, (ap_q_mode)5, (ap_o_mode)3, 0>(ap_fixed_base<79, 55, false, (ap_q_mode)5, (ap_o_mode)3, 0> const&)' (r:/ci/prod/2022.1/rdi_builds/continuous/2022_04_18_3526262/src/shared/hls/clib/include/header_files\ap_fixed_base.h:877:36)
INFO: [HLS 214-131] Inlining function 'ap_int_base<79, false>::RType<79, false>::arg1 operator>><79, false>(ap_int_base<79, false> const&, int)' into 'ap_fixed_base<1, 32, false, (ap_q_mode)5, (ap_o_mode)0, 0>& ap_fixed_base<1, 32, false, (ap_q_mode)5, (ap_o_mode)0, 0>::operator=<79, 55, false, (ap_q_mode)5, (ap_o_mode)3, 0>(ap_fixed_base<79, 55, false, (ap_q_mode)5, (ap_o_mode)3, 0> const&)' (r:/ci/prod/2022.1/rdi_builds/continuous/2022_04_18_3526262/src/shared/hls/clib/include/header_files\ap_fixed_base.h:877:49)
INFO: [HLS 214-131] Inlining function 'ap_int_base<79, false>::ap_int_base(int)' into 'ap_fixed_base<1, 32, false, (ap_q_mode)5, (ap_o_mode)0, 0>& ap_fixed_base<1, 32, false, (ap_q_mode)5, (ap_o_mode)0, 0>::operator=<79, 55, false, (ap_q_mode)5, (ap_o_mode)3, 0>(ap_fixed_base<79, 55, false, (ap_q_mode)5, (ap_o_mode)3, 0> const&)' (r:/ci/prod/2022.1/rdi_builds/continuous/2022_04_18_3526262/src/shared/hls/clib/include/header_files\ap_fixed_base.h:875:38)
INFO: [HLS 214-131] Inlining function 'bool ap_int_base<79, false>::operator==<79, false>(ap_int_base<79, false> const&) const' into 'ap_fixed_base<1, 32, false, (ap_q_mode)5, (ap_o_mode)0, 0>& ap_fixed_base<1, 32, false, (ap_q_mode)5, (ap_o_mode)0, 0>::operator=<79, 55, false, (ap_q_mode)5, (ap_o_mode)3, 0>(ap_fixed_base<79, 55, false, (ap_q_mode)5, (ap_o_mode)3, 0> const&)' (r:/ci/prod/2022.1/rdi_builds/continuous/2022_04_18_3526262/src/shared/hls/clib/include/header_files\ap_fixed_base.h:869:36)
INFO: [HLS 214-131] Inlining function 'ap_int_base<79, false>::RType<79, false>::arg1 operator>><79, false>(ap_int_base<79, false> const&, int)' into 'ap_fixed_base<1, 32, false, (ap_q_mode)5, (ap_o_mode)0, 0>& ap_fixed_base<1, 32, false, (ap_q_mode)5, (ap_o_mode)0, 0>::operator=<79, 55, false, (ap_q_mode)5, (ap_o_mode)3, 0>(ap_fixed_base<79, 55, false, (ap_q_mode)5, (ap_o_mode)3, 0> const&)' (r:/ci/prod/2022.1/rdi_builds/continuous/2022_04_18_3526262/src/shared/hls/clib/include/header_files\ap_fixed_base.h:869:49)
INFO: [HLS 214-131] Inlining function 'ap_int_base<79, false>::ap_int_base(int)' into 'ap_fixed_base<1, 32, false, (ap_q_mode)5, (ap_o_mode)0, 0>& ap_fixed_base<1, 32, false, (ap_q_mode)5, (ap_o_mode)0, 0>::operator=<79, 55, false, (ap_q_mode)5, (ap_o_mode)3, 0>(ap_fixed_base<79, 55, false, (ap_q_mode)5, (ap_o_mode)3, 0> const&)' (r:/ci/prod/2022.1/rdi_builds/continuous/2022_04_18_3526262/src/shared/hls/clib/include/header_files\ap_fixed_base.h:867:38)
INFO: [HLS 214-131] Inlining function 'ap_int_base<79, false>::ap_int_base(int)' into 'ap_fixed_base<1, 32, false, (ap_q_mode)5, (ap_o_mode)0, 0>& ap_fixed_base<1, 32, false, (ap_q_mode)5, (ap_o_mode)0, 0>::operator=<79, 55, false, (ap_q_mode)5, (ap_o_mode)3, 0>(ap_fixed_base<79, 55, false, (ap_q_mode)5, (ap_o_mode)3, 0> const&)' (r:/ci/prod/2022.1/rdi_builds/continuous/2022_04_18_3526262/src/shared/hls/clib/include/header_files\ap_fixed_base.h:864:36)
INFO: [HLS 214-131] Inlining function '_ZN8ssdm_intILi1ELb0EEC2EDq1_j' into 'ap_fixed_base<1, 32, false, (ap_q_mode)5, (ap_o_mode)0, 0>::ap_fixed_base<79, 55, false, (ap_q_mode)5, (ap_o_mode)3, 0>(ap_fixed_base<79, 55, false, (ap_q_mode)5, (ap_o_mode)3, 0> const&)' (r:/ci/prod/2022.1/rdi_builds/continuous/2022_04_18_3526262/src/shared/hls/clib/include/header_files\ap_fixed_base.h:401:80)
INFO: [HLS 214-131] Inlining function 'ap_fixed_base<1, 32, false, (ap_q_mode)5, (ap_o_mode)0, 0>& ap_fixed_base<1, 32, false, (ap_q_mode)5, (ap_o_mode)0, 0>::operator=<79, 55, false, (ap_q_mode)5, (ap_o_mode)3, 0>(ap_fixed_base<79, 55, false, (ap_q_mode)5, (ap_o_mode)3, 0> const&)' into 'ap_fixed_base<1, 32, false, (ap_q_mode)5, (ap_o_mode)0, 0>::ap_fixed_base<79, 55, false, (ap_q_mode)5, (ap_o_mode)3, 0>(ap_fixed_base<79, 55, false, (ap_q_mode)5, (ap_o_mode)3, 0> const&)' (r:/ci/prod/2022.1/rdi_builds/continuous/2022_04_18_3526262/src/shared/hls/clib/include/header_files\ap_fixed_base.h:403:5)
INFO: [HLS 214-131] Inlining function 'ap_fixed_base<1, 32, false, (ap_q_mode)5, (ap_o_mode)0, 0>::ap_fixed_base<79, 55, false, (ap_q_mode)5, (ap_o_mode)3, 0>(ap_fixed_base<79, 55, false, (ap_q_mode)5, (ap_o_mode)3, 0> const&)' into 'ap_ufixed<1, 32, (ap_q_mode)5, (ap_o_mode)0, 0>::ap_ufixed<79, 55, false, (ap_q_mode)5, (ap_o_mode)3, 0>(ap_fixed_base<79, 55, false, (ap_q_mode)5, (ap_o_mode)3, 0> const&)' (r:/ci/prod/2022.1/rdi_builds/continuous/2022_04_18_3526262/src/shared/hls/clib/include/header_files\ap_fixed.h:201:9)
INFO: [HLS 214-131] Inlining function 'ap_fixed_base<79, 55, false, (ap_q_mode)5, (ap_o_mode)3, 0>::operator!() const' into 'ap_fixed_base<32, 32, false, (ap_q_mode)6, (ap_o_mode)3, 0>& ap_fixed_base<32, 32, false, (ap_q_mode)6, (ap_o_mode)3, 0>::operator=<79, 55, false, (ap_q_mode)5, (ap_o_mode)3, 0>(ap_fixed_base<79, 55, false, (ap_q_mode)5, (ap_o_mode)3, 0> const&)' (r:/ci/prod/2022.1/rdi_builds/continuous/2022_04_18_3526262/src/shared/hls/clib/include/header_files\ap_fixed_base.h:808:9)
INFO: [HLS 214-131] Inlining function 'ssdm_int<32, false>::ssdm_int(unsigned int)' into 'ap_fixed_base<32, 32, false, (ap_q_mode)6, (ap_o_mode)3, 0>::ap_fixed_base<79, 55, false, (ap_q_mode)5, (ap_o_mode)3, 0>(ap_fixed_base<79, 55, false, (ap_q_mode)5, (ap_o_mode)3, 0> const&)' (r:/ci/prod/2022.1/rdi_builds/continuous/2022_04_18_3526262/src/shared/hls/clib/include/header_files\ap_fixed_base.h:401:80)
INFO: [HLS 214-131] Inlining function 'ap_fixed_base<32, 32, false, (ap_q_mode)6, (ap_o_mode)3, 0>& ap_fixed_base<32, 32, false, (ap_q_mode)6, (ap_o_mode)3, 0>::operator=<79, 55, false, (ap_q_mode)5, (ap_o_mode)3, 0>(ap_fixed_base<79, 55, false, (ap_q_mode)5, (ap_o_mode)3, 0> const&)' into 'ap_fixed_base<32, 32, false, (ap_q_mode)6, (ap_o_mode)3, 0>::ap_fixed_base<79, 55, false, (ap_q_mode)5, (ap_o_mode)3, 0>(ap_fixed_base<79, 55, false, (ap_q_mode)5, (ap_o_mode)3, 0> const&)' (r:/ci/prod/2022.1/rdi_builds/continuous/2022_04_18_3526262/src/shared/hls/clib/include/header_files\ap_fixed_base.h:403:5)
INFO: [HLS 214-131] Inlining function 'ap_fixed_base<32, 32, false, (ap_q_mode)6, (ap_o_mode)3, 0>::ap_fixed_base<79, 55, false, (ap_q_mode)5, (ap_o_mode)3, 0>(ap_fixed_base<79, 55, false, (ap_q_mode)5, (ap_o_mode)3, 0> const&)' into 'ap_ufixed<32, 32, (ap_q_mode)6, (ap_o_mode)3, 0>::ap_ufixed<79, 55, false, (ap_q_mode)5, (ap_o_mode)3, 0>(ap_fixed_base<79, 55, false, (ap_q_mode)5, (ap_o_mode)3, 0> const&)' (r:/ci/prod/2022.1/rdi_builds/continuous/2022_04_18_3526262/src/shared/hls/clib/include/header_files\ap_fixed.h:201:9)
INFO: [HLS 214-131] Inlining function 'ap_fixed_base<1, 32, false, (ap_q_mode)5, (ap_o_mode)0, 0>::operator!() const' into 'ap_fixed_base<33, 33, false, (ap_q_mode)5, (ap_o_mode)0, 0>& ap_fixed_base<33, 33, false, (ap_q_mode)5, (ap_o_mode)0, 0>::operator=<1, 32, false, (ap_q_mode)5, (ap_o_mode)0, 0>(ap_fixed_base<1, 32, false, (ap_q_mode)5, (ap_o_mode)0, 0> const&)' (r:/ci/prod/2022.1/rdi_builds/continuous/2022_04_18_3526262/src/shared/hls/clib/include/header_files\ap_fixed_base.h:808:9)
INFO: [HLS 214-131] Inlining function '_ZN8ssdm_intILi33ELb0EEC2EDq33_j' into 'ap_fixed_base<33, 33, false, (ap_q_mode)5, (ap_o_mode)0, 0>::ap_fixed_base<1, 32, false, (ap_q_mode)5, (ap_o_mode)0, 0>(ap_fixed_base<1, 32, false, (ap_q_mode)5, (ap_o_mode)0, 0> const&)' (r:/ci/prod/2022.1/rdi_builds/continuous/2022_04_18_3526262/src/shared/hls/clib/include/header_files\ap_fixed_base.h:401:80)
INFO: [HLS 214-131] Inlining function 'ap_fixed_base<33, 33, false, (ap_q_mode)5, (ap_o_mode)0, 0>& ap_fixed_base<33, 33, false, (ap_q_mode)5, (ap_o_mode)0, 0>::operator=<1, 32, false, (ap_q_mode)5, (ap_o_mode)0, 0>(ap_fixed_base<1, 32, false, (ap_q_mode)5, (ap_o_mode)0, 0> const&)' into 'ap_fixed_base<33, 33, false, (ap_q_mode)5, (ap_o_mode)0, 0>::ap_fixed_base<1, 32, false, (ap_q_mode)5, (ap_o_mode)0, 0>(ap_fixed_base<1, 32, false, (ap_q_mode)5, (ap_o_mode)0, 0> const&)' (r:/ci/prod/2022.1/rdi_builds/continuous/2022_04_18_3526262/src/shared/hls/clib/include/header_files\ap_fixed_base.h:403:5)
INFO: [HLS 214-131] Inlining function 'ap_fixed_base<33, 33, false, (ap_q_mode)5, (ap_o_mode)0, 0>::ap_fixed_base<1, 32, false, (ap_q_mode)5, (ap_o_mode)0, 0>(ap_fixed_base<1, 32, false, (ap_q_mode)5, (ap_o_mode)0, 0> const&)' into 'bool ap_fixed_base<1, 32, false, (ap_q_mode)5, (ap_o_mode)0, 0>::operator!=<32, 32, true, (ap_q_mode)5, (ap_o_mode)3, 0>(ap_fixed_base<32, 32, true, (ap_q_mode)5, (ap_o_mode)3, 0> const&) const' (r:/ci/prod/2022.1/rdi_builds/continuous/2022_04_18_3526262/src/shared/hls/clib/include/header_files\ap_fixed_base.h:1654:505)
INFO: [HLS 214-131] Inlining function 'ap_fixed_base<32, 32, true, (ap_q_mode)5, (ap_o_mode)3, 0>::ap_fixed_base(int)' into 'bool operator!=<1, 32, false, (ap_q_mode)5, (ap_o_mode)0, 0>(ap_fixed_base<1, 32, false, (ap_q_mode)5, (ap_o_mode)0, 0> const&, int)' (r:/ci/prod/2022.1/rdi_builds/continuous/2022_04_18_3526262/src/shared/hls/clib/include/header_files\ap_fixed_base.h:2376:13043)
INFO: [HLS 214-131] Inlining function 'bool ap_fixed_base<1, 32, false, (ap_q_mode)5, (ap_o_mode)0, 0>::operator!=<32, 32, true, (ap_q_mode)5, (ap_o_mode)3, 0>(ap_fixed_base<32, 32, true, (ap_q_mode)5, (ap_o_mode)3, 0> const&) const' into 'bool operator!=<1, 32, false, (ap_q_mode)5, (ap_o_mode)0, 0>(ap_fixed_base<1, 32, false, (ap_q_mode)5, (ap_o_mode)0, 0> const&, int)' (r:/ci/prod/2022.1/rdi_builds/continuous/2022_04_18_3526262/src/shared/hls/clib/include/header_files\ap_fixed_base.h:2376:13031)
INFO: [HLS 214-131] Inlining function 'ap_int_base<32, true>::ap_int_base(int)' into 'ap_int<32>::ap_int(int)' (C:/Xilinx/Vitis_HLS/2022.1/common/technology/autopilot/ap_int.h:179:57)
INFO: [HLS 214-131] Inlining function 'ap_bit_ref<32, true>::ap_bit_ref(ap_int_base<32, true>*, int)' into 'ap_int_base<32, true>::operator[](int)' (r:/ci/prod/2022.1/rdi_builds/continuous/2022_04_18_3526262/src/shared/hls/clib/include/header_files\ap_int_base.h:1129:30)
INFO: [HLS 214-131] Inlining function 'ap_fixed_base<1, 32, false, (ap_q_mode)5, (ap_o_mode)0, 0>::operator!() const' into 'ap_fixed_base<32, 32, false, (ap_q_mode)5, (ap_o_mode)0, 0>& ap_fixed_base<32, 32, false, (ap_q_mode)5, (ap_o_mode)0, 0>::operator=<1, 32, false, (ap_q_mode)5, (ap_o_mode)0, 0>(ap_fixed_base<1, 32, false, (ap_q_mode)5, (ap_o_mode)0, 0> const&)' (r:/ci/prod/2022.1/rdi_builds/continuous/2022_04_18_3526262/src/shared/hls/clib/include/header_files\ap_fixed_base.h:808:9)
INFO: [HLS 214-131] Inlining function 'ssdm_int<32, false>::ssdm_int(unsigned int)' into 'ap_fixed_base<32, 32, false, (ap_q_mode)5, (ap_o_mode)0, 0>::ap_fixed_base<1, 32, false, (ap_q_mode)5, (ap_o_mode)0, 0>(ap_fixed_base<1, 32, false, (ap_q_mode)5, (ap_o_mode)0, 0> const&)' (r:/ci/prod/2022.1/rdi_builds/continuous/2022_04_18_3526262/src/shared/hls/clib/include/header_files\ap_fixed_base.h:401:80)
INFO: [HLS 214-131] Inlining function 'ap_fixed_base<32, 32, false, (ap_q_mode)5, (ap_o_mode)0, 0>& ap_fixed_base<32, 32, false, (ap_q_mode)5, (ap_o_mode)0, 0>::operator=<1, 32, false, (ap_q_mode)5, (ap_o_mode)0, 0>(ap_fixed_base<1, 32, false, (ap_q_mode)5, (ap_o_mode)0, 0> const&)' into 'ap_fixed_base<32, 32, false, (ap_q_mode)5, (ap_o_mode)0, 0>::ap_fixed_base<1, 32, false, (ap_q_mode)5, (ap_o_mode)0, 0>(ap_fixed_base<1, 32, false, (ap_q_mode)5, (ap_o_mode)0, 0> const&)' (r:/ci/prod/2022.1/rdi_builds/continuous/2022_04_18_3526262/src/shared/hls/clib/include/header_files\ap_fixed_base.h:403:5)
INFO: [HLS 214-131] Inlining function 'ap_fixed_base<32, 32, false, (ap_q_mode)5, (ap_o_mode)0, 0>::ap_fixed_base<1, 32, false, (ap_q_mode)5, (ap_o_mode)0, 0>(ap_fixed_base<1, 32, false, (ap_q_mode)5, (ap_o_mode)0, 0> const&)' into 'bool ap_fixed_base<32, 32, true, (ap_q_mode)5, (ap_o_mode)3, 0>::operator==<1, 32, false, (ap_q_mode)5, (ap_o_mode)0, 0>(ap_fixed_base<1, 32, false, (ap_q_mode)5, (ap_o_mode)0, 0> const&) const' (r:/ci/prod/2022.1/rdi_builds/continuous/2022_04_18_3526262/src/shared/hls/clib/include/header_files\ap_fixed_base.h:1653:370)
INFO: [HLS 214-131] Inlining function 'ap_fixed_base<32, 32, true, (ap_q_mode)5, (ap_o_mode)3, 0>::ap_fixed_base(int)' into 'bool operator==<1, 32, false, (ap_q_mode)5, (ap_o_mode)0, 0>(int, ap_fixed_base<1, 32, false, (ap_q_mode)5, (ap_o_mode)0, 0> const&)' (r:/ci/prod/2022.1/rdi_builds/continuous/2022_04_18_3526262/src/shared/hls/clib/include/header_files\ap_fixed_base.h:2376:12718)
INFO: [HLS 214-131] Inlining function 'bool ap_fixed_base<32, 32, true, (ap_q_mode)5, (ap_o_mode)3, 0>::operator==<1, 32, false, (ap_q_mode)5, (ap_o_mode)0, 0>(ap_fixed_base<1, 32, false, (ap_q_mode)5, (ap_o_mode)0, 0> const&) const' into 'bool operator==<1, 32, false, (ap_q_mode)5, (ap_o_mode)0, 0>(int, ap_fixed_base<1, 32, false, (ap_q_mode)5, (ap_o_mode)0, 0> const&)' (r:/ci/prod/2022.1/rdi_builds/continuous/2022_04_18_3526262/src/shared/hls/clib/include/header_files\ap_fixed_base.h:2376:12778)
INFO: [HLS 214-131] Inlining function 'ap_int_base<32, true>::ap_int_base(int)' into 'bool operator!=<23, false>(int, ap_int_base<23, false> const&)' (r:/ci/prod/2022.1/rdi_builds/continuous/2022_04_18_3526262/src/shared/hls/clib/include/header_files\ap_int_base.h:1788:2037)
INFO: [HLS 214-131] Inlining function 'bool ap_int_base<32, true>::operator!=<23, false>(ap_int_base<23, false> const&) const' into 'bool operator!=<23, false>(int, ap_int_base<23, false> const&)' (r:/ci/prod/2022.1/rdi_builds/continuous/2022_04_18_3526262/src/shared/hls/clib/include/header_files\ap_int_base.h:1788:2075)
INFO: [HLS 214-131] Inlining function 'ap_int_base<32, true>::ap_int_base(int)' into 'bool operator==<8, false>(ap_int_base<8, false> const&, int)' (r:/ci/prod/2022.1/rdi_builds/continuous/2022_04_18_3526262/src/shared/hls/clib/include/header_files\ap_int_base.h:1788:1853)
INFO: [HLS 214-131] Inlining function 'bool ap_int_base<8, false>::operator==<32, true>(ap_int_base<32, true> const&) const' into 'bool operator==<8, false>(ap_int_base<8, false> const&, int)' (r:/ci/prod/2022.1/rdi_builds/continuous/2022_04_18_3526262/src/shared/hls/clib/include/header_files\ap_int_base.h:1788:1850)
INFO: [HLS 214-131] Inlining function 'ap_int_base<1, false>::to_int() const' into 'fp_struct<float>::__signbit() const' (r:/ci/prod/2022.1/rdi_builds/continuous/2022_04_18_3526262/src/shared/hls/clib/src/hls\utils/x_hls_utils.h:379:21)
INFO: [HLS 214-131] Inlining function 'ap_fixed_base<32, 32, false, (ap_q_mode)6, (ap_o_mode)3, 0>::operator!() const' into 'ap_fixed_base<32, 32, true, (ap_q_mode)5, (ap_o_mode)3, 0>& ap_fixed_base<32, 32, true, (ap_q_mode)5, (ap_o_mode)3, 0>::operator=<32, 32, false, (ap_q_mode)6, (ap_o_mode)3, 0>(ap_fixed_base<32, 32, false, (ap_q_mode)6, (ap_o_mode)3, 0> const&)' (r:/ci/prod/2022.1/rdi_builds/continuous/2022_04_18_3526262/src/shared/hls/clib/include/header_files\ap_fixed_base.h:808:9)
INFO: [HLS 214-131] Inlining function 'ssdm_int<32, true>::ssdm_int(int)' into 'ap_fixed_base<32, 32, true, (ap_q_mode)5, (ap_o_mode)3, 0>::ap_fixed_base<32, 32, false, (ap_q_mode)6, (ap_o_mode)3, 0>(ap_fixed_base<32, 32, false, (ap_q_mode)6, (ap_o_mode)3, 0> const&)' (r:/ci/prod/2022.1/rdi_builds/continuous/2022_04_18_3526262/src/shared/hls/clib/include/header_files\ap_fixed_base.h:401:80)
INFO: [HLS 214-131] Inlining function 'ap_fixed_base<32, 32, true, (ap_q_mode)5, (ap_o_mode)3, 0>& ap_fixed_base<32, 32, true, (ap_q_mode)5, (ap_o_mode)3, 0>::operator=<32, 32, false, (ap_q_mode)6, (ap_o_mode)3, 0>(ap_fixed_base<32, 32, false, (ap_q_mode)6, (ap_o_mode)3, 0> const&)' into 'ap_fixed_base<32, 32, true, (ap_q_mode)5, (ap_o_mode)3, 0>::ap_fixed_base<32, 32, false, (ap_q_mode)6, (ap_o_mode)3, 0>(ap_fixed_base<32, 32, false, (ap_q_mode)6, (ap_o_mode)3, 0> const&)' (r:/ci/prod/2022.1/rdi_builds/continuous/2022_04_18_3526262/src/shared/hls/clib/include/header_files\ap_fixed_base.h:403:5)
INFO: [HLS 214-131] Inlining function 'ap_fixed_base<32, 32, true, (ap_q_mode)5, (ap_o_mode)3, 0>::ap_fixed_base<32, 32, false, (ap_q_mode)6, (ap_o_mode)3, 0>(ap_fixed_base<32, 32, false, (ap_q_mode)6, (ap_o_mode)3, 0> const&)' into 'ap_fixed<32, 32, (ap_q_mode)5, (ap_o_mode)3, 0>::ap_fixed<32, 32, false, (ap_q_mode)6, (ap_o_mode)3, 0>(ap_fixed_base<32, 32, false, (ap_q_mode)6, (ap_o_mode)3, 0> const&)' (r:/ci/prod/2022.1/rdi_builds/continuous/2022_04_18_3526262/src/shared/hls/clib/include/header_files\ap_fixed.h:29:9)
INFO: [HLS 214-131] Inlining function 'ap_fixed_base<32, 32, false, (ap_q_mode)6, (ap_o_mode)3, 0>::operator!() const' into 'ap_fixed_base<33, 33, true, (ap_q_mode)5, (ap_o_mode)3, 0>& ap_fixed_base<33, 33, true, (ap_q_mode)5, (ap_o_mode)3, 0>::operator=<32, 32, false, (ap_q_mode)6, (ap_o_mode)3, 0>(ap_fixed_base<32, 32, false, (ap_q_mode)6, (ap_o_mode)3, 0> const&)' (r:/ci/prod/2022.1/rdi_builds/continuous/2022_04_18_3526262/src/shared/hls/clib/include/header_files\ap_fixed_base.h:808:9)
INFO: [HLS 214-131] Inlining function '_ZN8ssdm_intILi33ELb1EEC2EDq33_i' into 'ap_fixed_base<33, 33, true, (ap_q_mode)5, (ap_o_mode)3, 0>::ap_fixed_base<32, 32, false, (ap_q_mode)6, (ap_o_mode)3, 0>(ap_fixed_base<32, 32, false, (ap_q_mode)6, (ap_o_mode)3, 0> const&)' (r:/ci/prod/2022.1/rdi_builds/continuous/2022_04_18_3526262/src/shared/hls/clib/include/header_files\ap_fixed_base.h:401:80)
INFO: [HLS 214-131] Inlining function 'ap_fixed_base<33, 33, true, (ap_q_mode)5, (ap_o_mode)3, 0>& ap_fixed_base<33, 33, true, (ap_q_mode)5, (ap_o_mode)3, 0>::operator=<32, 32, false, (ap_q_mode)6, (ap_o_mode)3, 0>(ap_fixed_base<32, 32, false, (ap_q_mode)6, (ap_o_mode)3, 0> const&)' into 'ap_fixed_base<33, 33, true, (ap_q_mode)5, (ap_o_mode)3, 0>::ap_fixed_base<32, 32, false, (ap_q_mode)6, (ap_o_mode)3, 0>(ap_fixed_base<32, 32, false, (ap_q_mode)6, (ap_o_mode)3, 0> const&)' (r:/ci/prod/2022.1/rdi_builds/continuous/2022_04_18_3526262/src/shared/hls/clib/include/header_files\ap_fixed_base.h:403:5)
INFO: [HLS 214-131] Inlining function 'ap_fixed_base<33, 33, true, (ap_q_mode)5, (ap_o_mode)3, 0>::ap_fixed_base<32, 32, false, (ap_q_mode)6, (ap_o_mode)3, 0>(ap_fixed_base<32, 32, false, (ap_q_mode)6, (ap_o_mode)3, 0> const&)' into 'ap_fixed_base<32, 32, false, (ap_q_mode)6, (ap_o_mode)3, 0>::operator-() const' (r:/ci/prod/2022.1/rdi_builds/continuous/2022_04_18_3526262/src/shared/hls/clib/include/header_files\ap_fixed_base.h:1407:47)
INFO: [HLS 214-131] Inlining function 'ap_fixed<33, 33, (ap_q_mode)5, (ap_o_mode)3, 0>::ap_fixed<33, 33, true, (ap_q_mode)5, (ap_o_mode)3, 0>(ap_fixed_base<33, 33, true, (ap_q_mode)5, (ap_o_mode)3, 0> const&)' into 'ap_fixed_base<32, 32, false, (ap_q_mode)6, (ap_o_mode)3, 0>::operator-() const' (r:/ci/prod/2022.1/rdi_builds/continuous/2022_04_18_3526262/src/shared/hls/clib/include/header_files\ap_fixed_base.h:1409:12)
INFO: [HLS 214-131] Inlining function 'ap_fixed_base<33, 33, true, (ap_q_mode)5, (ap_o_mode)3, 0>::operator!() const' into 'ap_fixed_base<32, 32, true, (ap_q_mode)5, (ap_o_mode)3, 0>& ap_fixed_base<32, 32, true, (ap_q_mode)5, (ap_o_mode)3, 0>::operator=<33, 33, true, (ap_q_mode)5, (ap_o_mode)3, 0>(ap_fixed_base<33, 33, true, (ap_q_mode)5, (ap_o_mode)3, 0> const&)' (r:/ci/prod/2022.1/rdi_builds/continuous/2022_04_18_3526262/src/shared/hls/clib/include/header_files\ap_fixed_base.h:808:9)
INFO: [HLS 214-131] Inlining function 'ssdm_int<32, true>::ssdm_int(int)' into 'ap_fixed_base<32, 32, true, (ap_q_mode)5, (ap_o_mode)3, 0>::ap_fixed_base<33, 33, true, (ap_q_mode)5, (ap_o_mode)3, 0>(ap_fixed_base<33, 33, true, (ap_q_mode)5, (ap_o_mode)3, 0> const&)' (r:/ci/prod/2022.1/rdi_builds/continuous/2022_04_18_3526262/src/shared/hls/clib/include/header_files\ap_fixed_base.h:401:80)
INFO: [HLS 214-131] Inlining function 'ap_fixed_base<32, 32, true, (ap_q_mode)5, (ap_o_mode)3, 0>& ap_fixed_base<32, 32, true, (ap_q_mode)5, (ap_o_mode)3, 0>::operator=<33, 33, true, (ap_q_mode)5, (ap_o_mode)3, 0>(ap_fixed_base<33, 33, true, (ap_q_mode)5, (ap_o_mode)3, 0> const&)' into 'ap_fixed_base<32, 32, true, (ap_q_mode)5, (ap_o_mode)3, 0>::ap_fixed_base<33, 33, true, (ap_q_mode)5, (ap_o_mode)3, 0>(ap_fixed_base<33, 33, true, (ap_q_mode)5, (ap_o_mode)3, 0> const&)' (r:/ci/prod/2022.1/rdi_builds/continuous/2022_04_18_3526262/src/shared/hls/clib/include/header_files\ap_fixed_base.h:403:5)
INFO: [HLS 214-131] Inlining function 'ap_fixed_base<32, 32, true, (ap_q_mode)5, (ap_o_mode)3, 0>::ap_fixed_base<33, 33, true, (ap_q_mode)5, (ap_o_mode)3, 0>(ap_fixed_base<33, 33, true, (ap_q_mode)5, (ap_o_mode)3, 0> const&)' into 'ap_fixed<32, 32, (ap_q_mode)5, (ap_o_mode)3, 0>::ap_fixed<33, 33, true, (ap_q_mode)5, (ap_o_mode)3, 0>(ap_fixed_base<33, 33, true, (ap_q_mode)5, (ap_o_mode)3, 0> const&)' (r:/ci/prod/2022.1/rdi_builds/continuous/2022_04_18_3526262/src/shared/hls/clib/include/header_files\ap_fixed.h:29:9)
INFO: [HLS 214-131] Inlining function 'ap_int_base<32, true>::ap_int_base(int)' into 'ap_fixed_base<32, 32, true, (ap_q_mode)5, (ap_o_mode)3, 0>::to_ap_int_base(bool) const' (r:/ci/prod/2022.1/rdi_builds/continuous/2022_04_18_3526262/src/shared/hls/clib/include/header_files\ap_fixed_base.h:983:57)
INFO: [HLS 214-131] Inlining function 'ap_fixed_base<32, 32, true, (ap_q_mode)5, (ap_o_mode)3, 0>::to_ap_int_base(bool) const' into 'ap_fixed_base<32, 32, true, (ap_q_mode)5, (ap_o_mode)3, 0>::to_int() const' (r:/ci/prod/2022.1/rdi_builds/continuous/2022_04_18_3526262/src/shared/hls/clib/include/header_files\ap_fixed_base.h:1022:89)
INFO: [HLS 214-131] Inlining function 'ap_int_base<32, true>::to_int() const' into 'ap_fixed_base<32, 32, true, (ap_q_mode)5, (ap_o_mode)3, 0>::to_int() const' (r:/ci/prod/2022.1/rdi_builds/continuous/2022_04_18_3526262/src/shared/hls/clib/include/header_files\ap_fixed_base.h:1022:106)
INFO: [HLS 214-131] Inlining function 'ap_fixed_base<32, 32, true, (ap_q_mode)5, (ap_o_mode)3, 0>::to_int() const' into 'ap_fixed_base<32, 32, true, (ap_q_mode)5, (ap_o_mode)3, 0>::operator int() const' (r:/ci/prod/2022.1/rdi_builds/continuous/2022_04_18_3526262/src/shared/hls/clib/include/header_files\ap_fixed_base.h:1197:91)
INFO: [HLS 214-131] Inlining function 'ap_ufixed<79, 55, (ap_q_mode)5, (ap_o_mode)3, 0>::ap_ufixed<24, 1, false, (ap_q_mode)5, (ap_o_mode)3, 0>(ap_fixed_base<24, 1, false, (ap_q_mode)5, (ap_o_mode)3, 0> const&)' into 'int generic_cast_IEEE754<int, (ap_q_mode)6, float>(float, bool, hls::enable_if<std::numeric_limits<int>::is_signed, bool>::type)' (r:/ci/prod/2022.1/rdi_builds/continuous/2022_04_18_3526262/src/shared/hls/clib/hlsmath/include/FloatingPoint\hls_case_IEEE754.h:15:54)
INFO: [HLS 214-131] Inlining function 'ap_fixed_base<32, 32, true, (ap_q_mode)5, (ap_o_mode)3, 0>::operator int() const' into 'int generic_cast_IEEE754<int, (ap_q_mode)6, float>(float, bool, hls::enable_if<std::numeric_limits<int>::is_signed, bool>::type)' (r:/ci/prod/2022.1/rdi_builds/continuous/2022_04_18_3526262/src/shared/hls/clib/hlsmath/include/FloatingPoint\hls_case_IEEE754.h:61:9)
INFO: [HLS 214-131] Inlining function 'ap_fixed<32, 32, (ap_q_mode)5, (ap_o_mode)3, 0>::ap_fixed<33, 33, true, (ap_q_mode)5, (ap_o_mode)3, 0>(ap_fixed_base<33, 33, true, (ap_q_mode)5, (ap_o_mode)3, 0> const&)' into 'int generic_cast_IEEE754<int, (ap_q_mode)6, float>(float, bool, hls::enable_if<std::numeric_limits<int>::is_signed, bool>::type)' (r:/ci/prod/2022.1/rdi_builds/continuous/2022_04_18_3526262/src/shared/hls/clib/hlsmath/include/FloatingPoint\hls_case_IEEE754.h:59:30)
INFO: [HLS 214-131] Inlining function 'ap_fixed_base<32, 32, false, (ap_q_mode)6, (ap_o_mode)3, 0>::operator-() const' into 'int generic_cast_IEEE754<int, (ap_q_mode)6, float>(float, bool, hls::enable_if<std::numeric_limits<int>::is_signed, bool>::type)' (r:/ci/prod/2022.1/rdi_builds/continuous/2022_04_18_3526262/src/shared/hls/clib/hlsmath/include/FloatingPoint\hls_case_IEEE754.h:59:30)
INFO: [HLS 214-131] Inlining function 'ap_fixed_base<79, 55, false, (ap_q_mode)5, (ap_o_mode)3, 0>::operator<<(int) const' into 'int generic_cast_IEEE754<int, (ap_q_mode)6, float>(float, bool, hls::enable_if<std::numeric_limits<int>::is_signed, bool>::type)' (r:/ci/prod/2022.1/rdi_builds/continuous/2022_04_18_3526262/src/shared/hls/clib/hlsmath/include/FloatingPoint\hls_case_IEEE754.h:18:73)
INFO: [HLS 214-131] Inlining function 'ap_fixed<32, 32, (ap_q_mode)5, (ap_o_mode)3, 0>::ap_fixed<32, 32, false, (ap_q_mode)6, (ap_o_mode)3, 0>(ap_fixed_base<32, 32, false, (ap_q_mode)6, (ap_o_mode)3, 0> const&)' into 'int generic_cast_IEEE754<int, (ap_q_mode)6, float>(float, bool, hls::enable_if<std::numeric_limits<int>::is_signed, bool>::type)' (r:/ci/prod/2022.1/rdi_builds/continuous/2022_04_18_3526262/src/shared/hls/clib/hlsmath/include/FloatingPoint\hls_case_IEEE754.h:58:49)
INFO: [HLS 214-131] Inlining function 'ap_int_base<32, true>::operator long long() const' into 'int generic_cast_IEEE754<int, (ap_q_mode)6, float>(float, bool, hls::enable_if<std::numeric_limits<int>::is_signed, bool>::type)' (r:/ci/prod/2022.1/rdi_builds/continuous/2022_04_18_3526262/src/shared/hls/clib/hlsmath/include/FloatingPoint\hls_case_IEEE754.h:47:17)
INFO: [HLS 214-131] Inlining function 'ap_ufixed<79, 55, (ap_q_mode)5, (ap_o_mode)3, 0>::ap_ufixed<79, 55, false, (ap_q_mode)5, (ap_o_mode)3, 0>(ap_fixed_base<79, 55, false, (ap_q_mode)5, (ap_o_mode)3, 0> const&)' into 'int generic_cast_IEEE754<int, (ap_q_mode)6, float>(float, bool, hls::enable_if<std::numeric_limits<int>::is_signed, bool>::type)' (r:/ci/prod/2022.1/rdi_builds/continuous/2022_04_18_3526262/src/shared/hls/clib/hlsmath/include/FloatingPoint\hls_case_IEEE754.h:18:64)
INFO: [HLS 214-131] Inlining function 'ap_int_base<32, true>::operator long long() const' into 'int generic_cast_IEEE754<int, (ap_q_mode)6, float>(float, bool, hls::enable_if<std::numeric_limits<int>::is_signed, bool>::type)' (r:/ci/prod/2022.1/rdi_builds/continuous/2022_04_18_3526262/src/shared/hls/clib/hlsmath/include/FloatingPoint\hls_case_IEEE754.h:44:17)
INFO: [HLS 214-131] Inlining function 'bool operator==<8, false>(ap_int_base<8, false> const&, int)' into 'int generic_cast_IEEE754<int, (ap_q_mode)6, float>(float, bool, hls::enable_if<std::numeric_limits<int>::is_signed, bool>::type)' (r:/ci/prod/2022.1/rdi_builds/continuous/2022_04_18_3526262/src/shared/hls/clib/hlsmath/include/FloatingPoint\hls_case_IEEE754.h:42:54)
INFO: [HLS 214-131] Inlining function 'bool operator!=<23, false>(int, ap_int_base<23, false> const&)' into 'int generic_cast_IEEE754<int, (ap_q_mode)6, float>(float, bool, hls::enable_if<std::numeric_limits<int>::is_signed, bool>::type)' (r:/ci/prod/2022.1/rdi_builds/continuous/2022_04_18_3526262/src/shared/hls/clib/hlsmath/include/FloatingPoint\hls_case_IEEE754.h:42:34)
INFO: [HLS 214-131] Inlining function 'bool operator==<1, 32, false, (ap_q_mode)5, (ap_o_mode)0, 0>(int, ap_fixed_base<1, 32, false, (ap_q_mode)5, (ap_o_mode)0, 0> const&)' into 'int generic_cast_IEEE754<int, (ap_q_mode)6, float>(float, bool, hls::enable_if<std::numeric_limits<int>::is_signed, bool>::type)' (r:/ci/prod/2022.1/rdi_builds/continuous/2022_04_18_3526262/src/shared/hls/clib/hlsmath/include/FloatingPoint\hls_case_IEEE754.h:42:12)
INFO: [HLS 214-131] Inlining function 'ap_bit_ref<32, true>::operator=(int)' into 'int generic_cast_IEEE754<int, (ap_q_mode)6, float>(float, bool, hls::enable_if<std::numeric_limits<int>::is_signed, bool>::type)' (r:/ci/prod/2022.1/rdi_builds/continuous/2022_04_18_3526262/src/shared/hls/clib/hlsmath/include/FloatingPoint\hls_case_IEEE754.h:38:24)
INFO: [HLS 214-131] Inlining function 'ap_int_base<32, true>::operator[](int)' into 'int generic_cast_IEEE754<int, (ap_q_mode)6, float>(float, bool, hls::enable_if<std::numeric_limits<int>::is_signed, bool>::type)' (r:/ci/prod/2022.1/rdi_builds/continuous/2022_04_18_3526262/src/shared/hls/clib/hlsmath/include/FloatingPoint\hls_case_IEEE754.h:38:2)
INFO: [HLS 214-131] Inlining function 'ap_bit_ref<32, true>::operator=(int)' into 'int generic_cast_IEEE754<int, (ap_q_mode)6, float>(float, bool, hls::enable_if<std::numeric_limits<int>::is_signed, bool>::type)' (r:/ci/prod/2022.1/rdi_builds/continuous/2022_04_18_3526262/src/shared/hls/clib/hlsmath/include/FloatingPoint\hls_case_IEEE754.h:36:24)
INFO: [HLS 214-131] Inlining function 'ap_int_base<32, true>::operator[](int)' into 'int generic_cast_IEEE754<int, (ap_q_mode)6, float>(float, bool, hls::enable_if<std::numeric_limits<int>::is_signed, bool>::type)' (r:/ci/prod/2022.1/rdi_builds/continuous/2022_04_18_3526262/src/shared/hls/clib/hlsmath/include/FloatingPoint\hls_case_IEEE754.h:36:2)
INFO: [HLS 214-131] Inlining function 'bool operator!=<1, 32, false, (ap_q_mode)5, (ap_o_mode)0, 0>(ap_fixed_base<1, 32, false, (ap_q_mode)5, (ap_o_mode)0, 0> const&, int)' into 'int generic_cast_IEEE754<int, (ap_q_mode)6, float>(float, bool, hls::enable_if<std::numeric_limits<int>::is_signed, bool>::type)' (r:/ci/prod/2022.1/rdi_builds/continuous/2022_04_18_3526262/src/shared/hls/clib/hlsmath/include/FloatingPoint\hls_case_IEEE754.h:32:96)
INFO: [HLS 214-131] Inlining function 'ap_ufixed<1, 32, (ap_q_mode)5, (ap_o_mode)0, 0>::ap_ufixed<79, 55, false, (ap_q_mode)5, (ap_o_mode)3, 0>(ap_fixed_base<79, 55, false, (ap_q_mode)5, (ap_o_mode)3, 0> const&)' into 'int generic_cast_IEEE754<int, (ap_q_mode)6, float>(float, bool, hls::enable_if<std::numeric_limits<int>::is_signed, bool>::type)' (r:/ci/prod/2022.1/rdi_builds/continuous/2022_04_18_3526262/src/shared/hls/clib/hlsmath/include/FloatingPoint\hls_case_IEEE754.h:20:63)
INFO: [HLS 214-131] Inlining function 'ap_ufixed<32, 32, (ap_q_mode)6, (ap_o_mode)3, 0>::ap_ufixed<79, 55, false, (ap_q_mode)5, (ap_o_mode)3, 0>(ap_fixed_base<79, 55, false, (ap_q_mode)5, (ap_o_mode)3, 0> const&)' into 'int generic_cast_IEEE754<int, (ap_q_mode)6, float>(float, bool, hls::enable_if<std::numeric_limits<int>::is_signed, bool>::type)' (r:/ci/prod/2022.1/rdi_builds/continuous/2022_04_18_3526262/src/shared/hls/clib/hlsmath/include/FloatingPoint\hls_case_IEEE754.h:21:58)
INFO: [HLS 214-131] Inlining function 'ap_int_base<1, false>::ap_int_base(int)' into 'ap_uint<1>::ap_uint(int)' (C:/Xilinx/Vitis_HLS/2022.1/common/technology/autopilot/ap_int.h:333:58)
INFO: [HLS 214-131] Inlining function 'hls::axis<ap_int<32>, 2ul, 5ul, 6ul>::get_user_ptr()' into 'hls::stream<hls::axis<ap_int<32>, 2ul, 5ul, 6ul>, 0>::write(hls::axis<ap_int<32>, 2ul, 5ul, 6ul> const&)' (C:/Xilinx/Vitis_HLS/2022.1/common/technology/autopilot\ap_axi_sdata.h:304:51)
INFO: [HLS 214-131] Inlining function 'hls::axis<ap_int<32>, 2ul, 5ul, 6ul>::get_dest_ptr()' into 'hls::stream<hls::axis<ap_int<32>, 2ul, 5ul, 6ul>, 0>::write(hls::axis<ap_int<32>, 2ul, 5ul, 6ul> const&)' (C:/Xilinx/Vitis_HLS/2022.1/common/technology/autopilot\ap_axi_sdata.h:307:26)
INFO: [HLS 214-131] Inlining function 'hls::axis<ap_int<32>, 2ul, 5ul, 6ul>::get_id_ptr()' into 'hls::stream<hls::axis<ap_int<32>, 2ul, 5ul, 6ul>, 0>::write(hls::axis<ap_int<32>, 2ul, 5ul, 6ul> const&)' (C:/Xilinx/Vitis_HLS/2022.1/common/technology/autopilot\ap_axi_sdata.h:306:68)
INFO: [HLS 214-131] Inlining function 'hls::axis<ap_int<32>, 2ul, 5ul, 6ul>::get_user_ptr()' into 'hls::stream<hls::axis<ap_int<32>, 2ul, 5ul, 6ul>, 0>::write(hls::axis<ap_int<32>, 2ul, 5ul, 6ul> const&)' (C:/Xilinx/Vitis_HLS/2022.1/common/technology/autopilot\ap_axi_sdata.h:306:37)
INFO: [HLS 214-131] Inlining function 'hls::axis<ap_int<32>, 2ul, 5ul, 6ul>::get_dest_ptr()' into 'hls::stream<hls::axis<ap_int<32>, 2ul, 5ul, 6ul>, 0>::write(hls::axis<ap_int<32>, 2ul, 5ul, 6ul> const&)' (C:/Xilinx/Vitis_HLS/2022.1/common/technology/autopilot\ap_axi_sdata.h:305:40)
INFO: [HLS 214-131] Inlining function 'hls::axis<ap_int<32>, 2ul, 5ul, 6ul>::get_id_ptr()' into 'hls::stream<hls::axis<ap_int<32>, 2ul, 5ul, 6ul>, 0>::write(hls::axis<ap_int<32>, 2ul, 5ul, 6ul> const&)' (C:/Xilinx/Vitis_HLS/2022.1/common/technology/autopilot\ap_axi_sdata.h:305:24)
INFO: [HLS 214-131] Inlining function 'hls::stream<hls::axis<ap_int<32>, 2ul, 5ul, 6ul>, 0>::read(hls::axis<ap_int<32>, 2ul, 5ul, 6ul>&)' into 'MLP(hls::stream<hls::axis<ap_int<32>, 2ul, 5ul, 6ul>, 0>&, hls::stream<hls::axis<ap_int<32>, 2ul, 5ul, 6ul>, 0>&)' (../../../../HWSWAI/HLS/SampleDatasetMLP.cpp:59:17)
INFO: [HLS 214-131] Inlining function 'hls::stream<hls::axis<ap_int<32>, 2ul, 5ul, 6ul>, 0>::write(hls::axis<ap_int<32>, 2ul, 5ul, 6ul> const&)' into 'MLP(hls::stream<hls::axis<ap_int<32>, 2ul, 5ul, 6ul>, 0>&, hls::stream<hls::axis<ap_int<32>, 2ul, 5ul, 6ul>, 0>&)' (../../../../HWSWAI/HLS/SampleDatasetMLP.cpp:135:15)
INFO: [HLS 214-131] Inlining function 'ap_int_base<32, true>::operator long long() const' into 'MLP(hls::stream<hls::axis<ap_int<32>, 2ul, 5ul, 6ul>, 0>&, hls::stream<hls::axis<ap_int<32>, 2ul, 5ul, 6ul>, 0>&)' (../../../../HWSWAI/HLS/SampleDatasetMLP.cpp:60:29)
INFO: [HLS 214-131] Inlining function 'ap_int_base<1, false>::operator unsigned long long() const' into 'MLP(hls::stream<hls::axis<ap_int<32>, 2ul, 5ul, 6ul>, 0>&, hls::stream<hls::axis<ap_int<32>, 2ul, 5ul, 6ul>, 0>&)' (../../../../HWSWAI/HLS/SampleDatasetMLP.cpp:62:12)
INFO: [HLS 214-178] Inlining function 'fp_struct<float>::fp_struct(float)' into 'int generic_cast_IEEE754<int, (ap_q_mode)6, float>(float, bool, hls::enable_if<std::numeric_limits<int>::is_signed, bool>::type)' (r:/ci/prod/2022.1/rdi_builds/continuous/2022_04_18_3526262/src/shared/hls/clib/hlsmath/include/FloatingPoint\hls_case_IEEE754.h:12:0)
INFO: [HLS 214-178] Inlining function 'fp_struct<float>::mantissa() const' into 'int generic_cast_IEEE754<int, (ap_q_mode)6, float>(float, bool, hls::enable_if<std::numeric_limits<int>::is_signed, bool>::type)' (r:/ci/prod/2022.1/rdi_builds/continuous/2022_04_18_3526262/src/shared/hls/clib/hlsmath/include/FloatingPoint\hls_case_IEEE754.h:12:0)
INFO: [HLS 214-178] Inlining function 'fp_struct<float>::expv() const' into 'int generic_cast_IEEE754<int, (ap_q_mode)6, float>(float, bool, hls::enable_if<std::numeric_limits<int>::is_signed, bool>::type)' (r:/ci/prod/2022.1/rdi_builds/continuous/2022_04_18_3526262/src/shared/hls/clib/hlsmath/include/FloatingPoint\hls_case_IEEE754.h:12:0)
INFO: [HLS 214-178] Inlining function 'fp_struct<float>::__signbit() const' into 'int generic_cast_IEEE754<int, (ap_q_mode)6, float>(float, bool, hls::enable_if<std::numeric_limits<int>::is_signed, bool>::type)' (r:/ci/prod/2022.1/rdi_builds/continuous/2022_04_18_3526262/src/shared/hls/clib/hlsmath/include/FloatingPoint\hls_case_IEEE754.h:12:0)
INFO: [HLS 214-178] Inlining function 'int generic_cast_IEEE754<int, (ap_q_mode)6, float>(float, bool, hls::enable_if<std::numeric_limits<int>::is_signed, bool>::type)' into 'int generic_cast_IEEE754<int, float>(float, bool)' (r:/ci/prod/2022.1/rdi_builds/continuous/2022_04_18_3526262/src/shared/hls/clib/hlsmath/include/FloatingPoint\hls_case_IEEE754.h:116:0)
INFO: [HLS 214-178] Inlining function 'int generic_cast_IEEE754<int, float>(float, bool)' into '__hls_fptosi_float_i32' (r:/ci/prod/2022.1/rdi_builds/continuous/2022_04_18_3526262/src/shared/hls/clib/hlsmath/src/lib_floatconversion.cpp:51:0)
INFO: [HLS 214-178] Inlining function '__hls_fptosi_float_i32' into 'MLP(hls::stream<hls::axis<ap_int<32>, 2ul, 5ul, 6ul>, 0>&, hls::stream<hls::axis<ap_int<32>, 2ul, 5ul, 6ul>, 0>&)' (../../../../HWSWAI/HLS/SampleDatasetMLP.cpp:42:0)
INFO: [HLS 214-131] Inlining function '_llvm.fpga.unpack.none.s_struct.ap_int<32>s.i32' into 'MLP(hls::stream<hls::axis<ap_int<32>, 2ul, 5ul, 6ul>, 0>&, hls::stream<hls::axis<ap_int<32>, 2ul, 5ul, 6ul>, 0>&)' (C:/Xilinx/Vitis_HLS/2022.1/common/technology/autopilot\ap_axi_sdata.h:283:5)
INFO: [HLS 214-131] Inlining function '_llvm.fpga.pack.none.i6.s_struct.ap_uint<6>s' into 'MLP(hls::stream<hls::axis<ap_int<32>, 2ul, 5ul, 6ul>, 0>&, hls::stream<hls::axis<ap_int<32>, 2ul, 5ul, 6ul>, 0>&)' (C:/Xilinx/Vitis_HLS/2022.1/common/technology/autopilot\ap_axi_sdata.h:304:5)
INFO: [HLS 214-131] Inlining function '_llvm.fpga.pack.none.i5.s_struct.ap_uint<5>s' into 'MLP(hls::stream<hls::axis<ap_int<32>, 2ul, 5ul, 6ul>, 0>&, hls::stream<hls::axis<ap_int<32>, 2ul, 5ul, 6ul>, 0>&)' (C:/Xilinx/Vitis_HLS/2022.1/common/technology/autopilot\ap_axi_sdata.h:304:5)
INFO: [HLS 214-131] Inlining function '_llvm.fpga.pack.none.i1.s_struct.ap_uint<1>s' into 'MLP(hls::stream<hls::axis<ap_int<32>, 2ul, 5ul, 6ul>, 0>&, hls::stream<hls::axis<ap_int<32>, 2ul, 5ul, 6ul>, 0>&)' (C:/Xilinx/Vitis_HLS/2022.1/common/technology/autopilot\ap_axi_sdata.h:304:5)
INFO: [HLS 214-131] Inlining function '_llvm.fpga.pack.none.i2.s_struct.ap_uint<2>s' into 'MLP(hls::stream<hls::axis<ap_int<32>, 2ul, 5ul, 6ul>, 0>&, hls::stream<hls::axis<ap_int<32>, 2ul, 5ul, 6ul>, 0>&)' (C:/Xilinx/Vitis_HLS/2022.1/common/technology/autopilot\ap_axi_sdata.h:304:5)
INFO: [HLS 214-131] Inlining function '_llvm.fpga.pack.none.i4.s_struct.ap_uint<4>s' into 'MLP(hls::stream<hls::axis<ap_int<32>, 2ul, 5ul, 6ul>, 0>&, hls::stream<hls::axis<ap_int<32>, 2ul, 5ul, 6ul>, 0>&)' (C:/Xilinx/Vitis_HLS/2022.1/common/technology/autopilot\ap_axi_sdata.h:304:5)
INFO: [HLS 214-131] Inlining function '_llvm.fpga.pack.none.i32.s_struct.ap_int<32>s' into 'MLP(hls::stream<hls::axis<ap_int<32>, 2ul, 5ul, 6ul>, 0>&, hls::stream<hls::axis<ap_int<32>, 2ul, 5ul, 6ul>, 0>&)' (C:/Xilinx/Vitis_HLS/2022.1/common/technology/autopilot\ap_axi_sdata.h:304:5)
INFO: [HLS 214-131] Inlining function '_llvm.fpga.unpack.none.s_struct.ap_uint<6>s.i6' into 'MLP(hls::stream<hls::axis<ap_int<32>, 2ul, 5ul, 6ul>, 0>&, hls::stream<hls::axis<ap_int<32>, 2ul, 5ul, 6ul>, 0>&)' (C:/Xilinx/Vitis_HLS/2022.1/common/technology/autopilot\ap_axi_sdata.h:283:5)
INFO: [HLS 214-131] Inlining function '_llvm.fpga.unpack.none.s_struct.ap_uint<5>s.i5' into 'MLP(hls::stream<hls::axis<ap_int<32>, 2ul, 5ul, 6ul>, 0>&, hls::stream<hls::axis<ap_int<32>, 2ul, 5ul, 6ul>, 0>&)' (C:/Xilinx/Vitis_HLS/2022.1/common/technology/autopilot\ap_axi_sdata.h:283:5)
INFO: [HLS 214-131] Inlining function '_llvm.fpga.unpack.none.s_struct.ap_uint<1>s.i1' into 'MLP(hls::stream<hls::axis<ap_int<32>, 2ul, 5ul, 6ul>, 0>&, hls::stream<hls::axis<ap_int<32>, 2ul, 5ul, 6ul>, 0>&)' (C:/Xilinx/Vitis_HLS/2022.1/common/technology/autopilot\ap_axi_sdata.h:283:5)
INFO: [HLS 214-131] Inlining function '_llvm.fpga.unpack.none.s_struct.ap_uint<2>s.i2' into 'MLP(hls::stream<hls::axis<ap_int<32>, 2ul, 5ul, 6ul>, 0>&, hls::stream<hls::axis<ap_int<32>, 2ul, 5ul, 6ul>, 0>&)' (C:/Xilinx/Vitis_HLS/2022.1/common/technology/autopilot\ap_axi_sdata.h:283:5)
INFO: [HLS 214-131] Inlining function '_llvm.fpga.unpack.none.s_struct.ap_uint<4>s.i4' into 'MLP(hls::stream<hls::axis<ap_int<32>, 2ul, 5ul, 6ul>, 0>&, hls::stream<hls::axis<ap_int<32>, 2ul, 5ul, 6ul>, 0>&)' (C:/Xilinx/Vitis_HLS/2022.1/common/technology/autopilot\ap_axi_sdata.h:283:5)
INFO: [HLS 200-111] Finished Compiling Optimization and Transform: CPU user time: 3 seconds. CPU system time: 0 seconds. Elapsed time: 15.605 seconds; current allocated memory: 1.116 GB.
INFO: [HLS 200-111] Finished Checking Pragmas: CPU user time: 0 seconds. CPU system time: 0 seconds. Elapsed time: 0.011 seconds; current allocated memory: 1.116 GB.
INFO: [HLS 200-10] Starting code transformations ...
INFO: [HLS 200-111] Finished Standard Transforms: CPU user time: 0 seconds. CPU system time: 0 seconds. Elapsed time: 0.577 seconds; current allocated memory: 1.116 GB.
INFO: [HLS 200-10] Checking synthesizability ...
INFO: [HLS 200-111] Finished Checking Synthesizability: CPU user time: 1 seconds. CPU system time: 0 seconds. Elapsed time: 1.013 seconds; current allocated memory: 1.116 GB.
INFO: [XFORM 203-510] Pipelining loop 'Loop-2' in function 'MLP' automatically.
INFO: [XFORM 203-510] Pipelining loop 'Loop-3' in function 'MLP' automatically.
INFO: [XFORM 203-510] Pipelining loop 'Loop-4' in function 'MLP' automatically.
INFO: [XFORM 203-510] Pipelining loop 'Loop-5' in function 'MLP' automatically.
INFO: [XFORM 203-510] Pipelining loop 'Loop-6' in function 'MLP' automatically.
INFO: [XFORM 203-510] Pipelining loop 'Loop-7' in function 'MLP' automatically.
INFO: [XFORM 203-510] Pipelining loop 'VITIS_LOOP_58_1' (../../../../HWSWAI/HLS/SampleDatasetMLP.cpp:58) in function 'MLP' automatically.
INFO: [XFORM 203-510] Pipelining loop 'VITIS_LOOP_69_2' (../../../../HWSWAI/HLS/SampleDatasetMLP.cpp:69) in function 'MLP' automatically.
INFO: [XFORM 203-510] Pipelining loop 'VITIS_LOOP_77_3' (../../../../HWSWAI/HLS/SampleDatasetMLP.cpp:77) in function 'MLP' automatically.
INFO: [XFORM 203-510] Pipelining loop 'VITIS_LOOP_94_5' (../../../../HWSWAI/HLS/SampleDatasetMLP.cpp:94) in function 'MLP' automatically.
INFO: [XFORM 203-510] Pipelining loop 'VITIS_LOOP_111_7' (../../../../HWSWAI/HLS/SampleDatasetMLP.cpp:111) in function 'MLP' automatically.
INFO: [XFORM 203-510] Pipelining loop 'VITIS_LOOP_123_9' (../../../../HWSWAI/HLS/SampleDatasetMLP.cpp:123) in function 'MLP' automatically.
INFO: [XFORM 203-510] Pipelining loop 'VITIS_LOOP_128_10' (../../../../HWSWAI/HLS/SampleDatasetMLP.cpp:128) in function 'MLP' automatically.
INFO: [XFORM 203-502] Unrolling all sub-loops inside loop 'VITIS_LOOP_77_3' (../../../../HWSWAI/HLS/SampleDatasetMLP.cpp:77) in function 'MLP' for pipelining.
INFO: [XFORM 203-502] Unrolling all sub-loops inside loop 'VITIS_LOOP_94_5' (../../../../HWSWAI/HLS/SampleDatasetMLP.cpp:94) in function 'MLP' for pipelining.
INFO: [XFORM 203-502] Unrolling all sub-loops inside loop 'VITIS_LOOP_111_7' (../../../../HWSWAI/HLS/SampleDatasetMLP.cpp:111) in function 'MLP' for pipelining.
INFO: [HLS 200-489] Unrolling loop 'VITIS_LOOP_79_4' (../../../../HWSWAI/HLS/SampleDatasetMLP.cpp:79) in function 'MLP' completely with a factor of 48.
INFO: [HLS 200-489] Unrolling loop 'VITIS_LOOP_96_6' (../../../../HWSWAI/HLS/SampleDatasetMLP.cpp:96) in function 'MLP' completely with a factor of 24.
INFO: [HLS 200-489] Unrolling loop 'VITIS_LOOP_113_8' (../../../../HWSWAI/HLS/SampleDatasetMLP.cpp:113) in function 'MLP' completely with a factor of 12.
INFO: [XFORM 203-102] Partitioning array 'weights_2' in dimension 2 automatically.
INFO: [XFORM 203-102] Partitioning array 'weights_1' in dimension 2 automatically.
INFO: [XFORM 203-102] Partitioning array 'output_weights' in dimension 2 automatically.
INFO: [HLS 200-111] Finished Loop, function and other optimizations: CPU user time: 1 seconds. CPU system time: 0 seconds. Elapsed time: 3.597 seconds; current allocated memory: 1.116 GB.
INFO: [HLS 200-472] Inferring partial write operation for 'input_features' 
INFO: [HLS 200-472] Inferring partial write operation for 'input_features_casted' 
INFO: [HLS 200-472] Inferring partial write operation for 'hidden_layer_1' 
INFO: [HLS 200-472] Inferring partial write operation for 'hidden_layer_2' 
INFO: [HLS 200-472] Inferring partial write operation for 'output_layer' 
INFO: [HLS 200-472] Inferring partial write operation for 'output_layer_casted' 
INFO: [HLS 200-472] Inferring partial write operation for 'input_features' (../../../../HWSWAI/HLS/SampleDatasetMLP.cpp:60:27)
INFO: [HLS 200-472] Inferring partial write operation for 'input_features_casted' (../../../../HWSWAI/HLS/SampleDatasetMLP.cpp:70:31)
INFO: [HLS 200-472] Inferring partial write operation for 'hidden_layer_1' (../../../../HWSWAI/HLS/SampleDatasetMLP.cpp:84:27)
INFO: [HLS 200-472] Inferring partial write operation for 'hidden_layer_2' (../../../../HWSWAI/HLS/SampleDatasetMLP.cpp:100:27)
INFO: [HLS 200-472] Inferring partial write operation for 'output_layer' (../../../../HWSWAI/HLS/SampleDatasetMLP.cpp:117:25)
INFO: [HLS 200-472] Inferring partial write operation for 'output_layer_casted' (../../../../HWSWAI/HLS/SampleDatasetMLP.cpp:124:32)
INFO: [HLS 200-111] Finished Architecture Synthesis: CPU user time: 0 seconds. CPU system time: 0 seconds. Elapsed time: 2.236 seconds; current allocated memory: 1.116 GB.
INFO: [HLS 200-10] Starting hardware synthesis ...
INFO: [HLS 200-10] Synthesizing 'MLP' ...
INFO: [HLS 200-10] ----------------------------------------------------------------
INFO: [HLS 200-42] -- Implementing module 'MLP_Pipeline_1' 
INFO: [HLS 200-10] ----------------------------------------------------------------
INFO: [SCHED 204-11] Starting scheduling ...
INFO: [SCHED 204-61] Pipelining loop 'Loop 1'.
INFO: [HLS 200-1470] Pipelining result : Target II = NA, Final II = 1, Depth = 1, loop 'Loop 1'
INFO: [SCHED 204-11] Finished scheduling.
INFO: [HLS 200-111] Finished Scheduling: CPU user time: 0 seconds. CPU system time: 0 seconds. Elapsed time: 0.966 seconds; current allocated memory: 1.116 GB.
INFO: [BIND 205-100] Starting micro-architecture generation ...
INFO: [BIND 205-101] Performing variable lifetime analysis.
INFO: [BIND 205-101] Exploring resource sharing.
INFO: [BIND 205-101] Binding ...
INFO: [BIND 205-100] Finished micro-architecture generation.
INFO: [HLS 200-111] Finished Binding: CPU user time: 0 seconds. CPU system time: 0 seconds. Elapsed time: 0.207 seconds; current allocated memory: 1.116 GB.
INFO: [HLS 200-10] ----------------------------------------------------------------
INFO: [HLS 200-42] -- Implementing module 'MLP_Pipeline_2' 
INFO: [HLS 200-10] ----------------------------------------------------------------
INFO: [SCHED 204-11] Starting scheduling ...
INFO: [SCHED 204-61] Pipelining loop 'Loop 1'.
INFO: [HLS 200-1470] Pipelining result : Target II = NA, Final II = 1, Depth = 1, loop 'Loop 1'
INFO: [SCHED 204-11] Finished scheduling.
INFO: [HLS 200-111] Finished Scheduling: CPU user time: 1 seconds. CPU system time: 0 seconds. Elapsed time: 0.463 seconds; current allocated memory: 1.116 GB.
INFO: [BIND 205-100] Starting micro-architecture generation ...
INFO: [BIND 205-101] Performing variable lifetime analysis.
INFO: [BIND 205-101] Exploring resource sharing.
INFO: [BIND 205-101] Binding ...
INFO: [BIND 205-100] Finished micro-architecture generation.
INFO: [HLS 200-111] Finished Binding: CPU user time: 0 seconds. CPU system time: 0 seconds. Elapsed time: 0.277 seconds; current allocated memory: 1.116 GB.
INFO: [HLS 200-10] ----------------------------------------------------------------
INFO: [HLS 200-42] -- Implementing module 'MLP_Pipeline_3' 
INFO: [HLS 200-10] ----------------------------------------------------------------
INFO: [SCHED 204-11] Starting scheduling ...
INFO: [SCHED 204-61] Pipelining loop 'Loop 1'.
INFO: [HLS 200-1470] Pipelining result : Target II = NA, Final II = 1, Depth = 1, loop 'Loop 1'
INFO: [SCHED 204-11] Finished scheduling.
INFO: [HLS 200-111] Finished Scheduling: CPU user time: 0 seconds. CPU system time: 0 seconds. Elapsed time: 0.266 seconds; current allocated memory: 1.116 GB.
INFO: [BIND 205-100] Starting micro-architecture generation ...
INFO: [BIND 205-101] Performing variable lifetime analysis.
INFO: [BIND 205-101] Exploring resource sharing.
INFO: [BIND 205-101] Binding ...
INFO: [BIND 205-100] Finished micro-architecture generation.
INFO: [HLS 200-111] Finished Binding: CPU user time: 0 seconds. CPU system time: 0 seconds. Elapsed time: 0.142 seconds; current allocated memory: 1.116 GB.
INFO: [HLS 200-10] ----------------------------------------------------------------
INFO: [HLS 200-42] -- Implementing module 'MLP_Pipeline_4' 
INFO: [HLS 200-10] ----------------------------------------------------------------
INFO: [SCHED 204-11] Starting scheduling ...
INFO: [SCHED 204-61] Pipelining loop 'Loop 1'.
INFO: [HLS 200-1470] Pipelining result : Target II = NA, Final II = 1, Depth = 1, loop 'Loop 1'
INFO: [SCHED 204-11] Finished scheduling.
INFO: [HLS 200-111] Finished Scheduling: CPU user time: 0 seconds. CPU system time: 0 seconds. Elapsed time: 0.264 seconds; current allocated memory: 1.116 GB.
INFO: [BIND 205-100] Starting micro-architecture generation ...
INFO: [BIND 205-101] Performing variable lifetime analysis.
INFO: [BIND 205-101] Exploring resource sharing.
INFO: [BIND 205-101] Binding ...
INFO: [BIND 205-100] Finished micro-architecture generation.
INFO: [HLS 200-111] Finished Binding: CPU user time: 0 seconds. CPU system time: 0 seconds. Elapsed time: 0.164 seconds; current allocated memory: 1.116 GB.
INFO: [HLS 200-10] ----------------------------------------------------------------
INFO: [HLS 200-42] -- Implementing module 'MLP_Pipeline_5' 
INFO: [HLS 200-10] ----------------------------------------------------------------
INFO: [SCHED 204-11] Starting scheduling ...
INFO: [SCHED 204-61] Pipelining loop 'Loop 1'.
INFO: [HLS 200-1470] Pipelining result : Target II = NA, Final II = 1, Depth = 1, loop 'Loop 1'
INFO: [SCHED 204-11] Finished scheduling.
INFO: [HLS 200-111] Finished Scheduling: CPU user time: 0 seconds. CPU system time: 0 seconds. Elapsed time: 0.27 seconds; current allocated memory: 1.116 GB.
INFO: [BIND 205-100] Starting micro-architecture generation ...
INFO: [BIND 205-101] Performing variable lifetime analysis.
INFO: [BIND 205-101] Exploring resource sharing.
INFO: [BIND 205-101] Binding ...
INFO: [BIND 205-100] Finished micro-architecture generation.
INFO: [HLS 200-111] Finished Binding: CPU user time: 0 seconds. CPU system time: 0 seconds. Elapsed time: 0.18 seconds; current allocated memory: 1.116 GB.
INFO: [HLS 200-10] ----------------------------------------------------------------
INFO: [HLS 200-42] -- Implementing module 'MLP_Pipeline_6' 
INFO: [HLS 200-10] ----------------------------------------------------------------
INFO: [SCHED 204-11] Starting scheduling ...
INFO: [SCHED 204-61] Pipelining loop 'Loop 1'.
INFO: [HLS 200-1470] Pipelining result : Target II = NA, Final II = 1, Depth = 1, loop 'Loop 1'
INFO: [SCHED 204-11] Finished scheduling.
INFO: [HLS 200-111] Finished Scheduling: CPU user time: 0 seconds. CPU system time: 0 seconds. Elapsed time: 0.443 seconds; current allocated memory: 1.116 GB.
INFO: [BIND 205-100] Starting micro-architecture generation ...
INFO: [BIND 205-101] Performing variable lifetime analysis.
INFO: [BIND 205-101] Exploring resource sharing.
INFO: [BIND 205-101] Binding ...
INFO: [BIND 205-100] Finished micro-architecture generation.
INFO: [HLS 200-111] Finished Binding: CPU user time: 0 seconds. CPU system time: 0 seconds. Elapsed time: 0.403 seconds; current allocated memory: 1.116 GB.
INFO: [HLS 200-10] ----------------------------------------------------------------
INFO: [HLS 200-42] -- Implementing module 'MLP_Pipeline_VITIS_LOOP_58_1' 
INFO: [HLS 200-10] ----------------------------------------------------------------
INFO: [SCHED 204-11] Starting scheduling ...
INFO: [SCHED 204-61] Pipelining loop 'VITIS_LOOP_58_1'.
INFO: [HLS 200-1470] Pipelining result : Target II = NA, Final II = 1, Depth = 2, loop 'VITIS_LOOP_58_1'
INFO: [SCHED 204-11] Finished scheduling.
INFO: [HLS 200-111] Finished Scheduling: CPU user time: 0 seconds. CPU system time: 0 seconds. Elapsed time: 0.362 seconds; current allocated memory: 1.116 GB.
INFO: [BIND 205-100] Starting micro-architecture generation ...
INFO: [BIND 205-101] Performing variable lifetime analysis.
INFO: [BIND 205-101] Exploring resource sharing.
INFO: [BIND 205-101] Binding ...
INFO: [BIND 205-100] Finished micro-architecture generation.
INFO: [HLS 200-111] Finished Binding: CPU user time: 1 seconds. CPU system time: 0 seconds. Elapsed time: 0.256 seconds; current allocated memory: 1.116 GB.
INFO: [HLS 200-10] ----------------------------------------------------------------
INFO: [HLS 200-42] -- Implementing module 'MLP_Pipeline_VITIS_LOOP_69_2' 
INFO: [HLS 200-10] ----------------------------------------------------------------
INFO: [SCHED 204-11] Starting scheduling ...
INFO: [SCHED 204-61] Pipelining loop 'VITIS_LOOP_69_2'.
INFO: [HLS 200-1470] Pipelining result : Target II = NA, Final II = 1, Depth = 29, loop 'VITIS_LOOP_69_2'
INFO: [SCHED 204-11] Finished scheduling.
INFO: [HLS 200-111] Finished Scheduling: CPU user time: 0 seconds. CPU system time: 0 seconds. Elapsed time: 0.359 seconds; current allocated memory: 1.116 GB.
INFO: [BIND 205-100] Starting micro-architecture generation ...
INFO: [BIND 205-101] Performing variable lifetime analysis.
INFO: [BIND 205-101] Exploring resource sharing.
INFO: [BIND 205-101] Binding ...
INFO: [BIND 205-100] Finished micro-architecture generation.
INFO: [HLS 200-111] Finished Binding: CPU user time: 0 seconds. CPU system time: 0 seconds. Elapsed time: 0.497 seconds; current allocated memory: 1.116 GB.
INFO: [HLS 200-10] ----------------------------------------------------------------
INFO: [HLS 200-42] -- Implementing module 'MLP_Pipeline_VITIS_LOOP_77_3' 
INFO: [HLS 200-10] ----------------------------------------------------------------
INFO: [SCHED 204-11] Starting scheduling ...
INFO: [SCHED 204-61] Pipelining loop 'VITIS_LOOP_77_3'.
INFO: [HLS 200-1470] Pipelining result : Target II = NA, Final II = 1, Depth = 203, loop 'VITIS_LOOP_77_3'
INFO: [SCHED 204-11] Finished scheduling.
INFO: [HLS 200-111] Finished Scheduling: CPU user time: 1 seconds. CPU system time: 0 seconds. Elapsed time: 2.467 seconds; current allocated memory: 1.116 GB.
INFO: [BIND 205-100] Starting micro-architecture generation ...
INFO: [BIND 205-101] Performing variable lifetime analysis.
INFO: [BIND 205-101] Exploring resource sharing.
INFO: [BIND 205-101] Binding ...
INFO: [BIND 205-100] Finished micro-architecture generation.
INFO: [HLS 200-111] Finished Binding: CPU user time: 2 seconds. CPU system time: 0 seconds. Elapsed time: 3.695 seconds; current allocated memory: 1.116 GB.
INFO: [HLS 200-10] ----------------------------------------------------------------
INFO: [HLS 200-42] -- Implementing module 'MLP_Pipeline_VITIS_LOOP_94_5' 
INFO: [HLS 200-10] ----------------------------------------------------------------
INFO: [SCHED 204-11] Starting scheduling ...
INFO: [SCHED 204-61] Pipelining loop 'VITIS_LOOP_94_5'.
INFO: [HLS 200-1470] Pipelining result : Target II = NA, Final II = 1, Depth = 107, loop 'VITIS_LOOP_94_5'
INFO: [SCHED 204-11] Finished scheduling.
INFO: [HLS 200-111] Finished Scheduling: CPU user time: 2 seconds. CPU system time: 0 seconds. Elapsed time: 3.891 seconds; current allocated memory: 1.116 GB.
INFO: [BIND 205-100] Starting micro-architecture generation ...
INFO: [BIND 205-101] Performing variable lifetime analysis.
INFO: [BIND 205-101] Exploring resource sharing.
INFO: [BIND 205-101] Binding ...
INFO: [BIND 205-100] Finished micro-architecture generation.
INFO: [HLS 200-111] Finished Binding: CPU user time: 1 seconds. CPU system time: 0 seconds. Elapsed time: 1.256 seconds; current allocated memory: 1.116 GB.
INFO: [HLS 200-10] ----------------------------------------------------------------
INFO: [HLS 200-42] -- Implementing module 'MLP_Pipeline_VITIS_LOOP_111_7' 
INFO: [HLS 200-10] ----------------------------------------------------------------
INFO: [SCHED 204-11] Starting scheduling ...
INFO: [SCHED 204-61] Pipelining loop 'VITIS_LOOP_111_7'.
INFO: [HLS 200-1470] Pipelining result : Target II = NA, Final II = 1, Depth = 57, loop 'VITIS_LOOP_111_7'
INFO: [SCHED 204-11] Finished scheduling.
INFO: [HLS 200-111] Finished Scheduling: CPU user time: 0 seconds. CPU system time: 0 seconds. Elapsed time: 1.492 seconds; current allocated memory: 1.116 GB.
INFO: [BIND 205-100] Starting micro-architecture generation ...
INFO: [BIND 205-101] Performing variable lifetime analysis.
INFO: [BIND 205-101] Exploring resource sharing.
INFO: [BIND 205-101] Binding ...
INFO: [BIND 205-100] Finished micro-architecture generation.
INFO: [HLS 200-111] Finished Binding: CPU user time: 1 seconds. CPU system time: 0 seconds. Elapsed time: 0.669 seconds; current allocated memory: 1.116 GB.
INFO: [HLS 200-10] ----------------------------------------------------------------
INFO: [HLS 200-42] -- Implementing module 'MLP_Pipeline_VITIS_LOOP_123_9' 
INFO: [HLS 200-10] ----------------------------------------------------------------
INFO: [SCHED 204-11] Starting scheduling ...
INFO: [SCHED 204-61] Pipelining loop 'VITIS_LOOP_123_9'.
INFO: [HLS 200-1470] Pipelining result : Target II = NA, Final II = 1, Depth = 6, loop 'VITIS_LOOP_123_9'
INFO: [SCHED 204-11] Finished scheduling.
INFO: [HLS 200-111] Finished Scheduling: CPU user time: 0 seconds. CPU system time: 0 seconds. Elapsed time: 0.701 seconds; current allocated memory: 1.116 GB.
INFO: [BIND 205-100] Starting micro-architecture generation ...
INFO: [BIND 205-101] Performing variable lifetime analysis.
INFO: [BIND 205-101] Exploring resource sharing.
INFO: [BIND 205-101] Binding ...
INFO: [BIND 205-100] Finished micro-architecture generation.
INFO: [HLS 200-111] Finished Binding: CPU user time: 0 seconds. CPU system time: 0 seconds. Elapsed time: 0.2 seconds; current allocated memory: 1.116 GB.
INFO: [HLS 200-10] ----------------------------------------------------------------
INFO: [HLS 200-42] -- Implementing module 'MLP_Pipeline_VITIS_LOOP_128_10' 
INFO: [HLS 200-10] ----------------------------------------------------------------
INFO: [SCHED 204-11] Starting scheduling ...
INFO: [SCHED 204-61] Pipelining loop 'VITIS_LOOP_128_10'.
INFO: [HLS 200-1470] Pipelining result : Target II = NA, Final II = 1, Depth = 2, loop 'VITIS_LOOP_128_10'
INFO: [SCHED 204-11] Finished scheduling.
INFO: [HLS 200-111] Finished Scheduling: CPU user time: 0 seconds. CPU system time: 0 seconds. Elapsed time: 0.245 seconds; current allocated memory: 1.116 GB.
INFO: [BIND 205-100] Starting micro-architecture generation ...
INFO: [BIND 205-101] Performing variable lifetime analysis.
INFO: [BIND 205-101] Exploring resource sharing.
INFO: [BIND 205-101] Binding ...
INFO: [BIND 205-100] Finished micro-architecture generation.
INFO: [HLS 200-111] Finished Binding: CPU user time: 0 seconds. CPU system time: 0 seconds. Elapsed time: 0.125 seconds; current allocated memory: 1.116 GB.
INFO: [HLS 200-10] ----------------------------------------------------------------
INFO: [HLS 200-42] -- Implementing module 'MLP' 
INFO: [HLS 200-10] ----------------------------------------------------------------
INFO: [SCHED 204-11] Starting scheduling ...
INFO: [SCHED 204-11] Finished scheduling.
INFO: [HLS 200-111] Finished Scheduling: CPU user time: 1 seconds. CPU system time: 0 seconds. Elapsed time: 0.679 seconds; current allocated memory: 1.116 GB.
INFO: [BIND 205-100] Starting micro-architecture generation ...
INFO: [BIND 205-101] Performing variable lifetime analysis.
INFO: [BIND 205-101] Exploring resource sharing.
INFO: [BIND 205-101] Binding ...
INFO: [BIND 205-100] Finished micro-architecture generation.
INFO: [HLS 200-111] Finished Binding: CPU user time: 0 seconds. CPU system time: 0 seconds. Elapsed time: 1.153 seconds; current allocated memory: 1.116 GB.
INFO: [HLS 200-10] ----------------------------------------------------------------
INFO: [HLS 200-10] -- Generating RTL for module 'MLP_Pipeline_1' 
INFO: [HLS 200-10] ----------------------------------------------------------------
INFO: [RTGEN 206-100] Finished creating RTL model for 'MLP_Pipeline_1'.
INFO: [HLS 200-111] Finished Creating RTL model: CPU user time: 2 seconds. CPU system time: 0 seconds. Elapsed time: 1.618 seconds; current allocated memory: 1.116 GB.
INFO: [HLS 200-10] ----------------------------------------------------------------
INFO: [HLS 200-10] -- Generating RTL for module 'MLP_Pipeline_2' 
INFO: [HLS 200-10] ----------------------------------------------------------------
INFO: [RTGEN 206-100] Finished creating RTL model for 'MLP_Pipeline_2'.
INFO: [HLS 200-111] Finished Creating RTL model: CPU user time: 0 seconds. CPU system time: 0 seconds. Elapsed time: 0.167 seconds; current allocated memory: 1.116 GB.
INFO: [HLS 200-10] ----------------------------------------------------------------
INFO: [HLS 200-10] -- Generating RTL for module 'MLP_Pipeline_3' 
INFO: [HLS 200-10] ----------------------------------------------------------------
INFO: [RTGEN 206-100] Finished creating RTL model for 'MLP_Pipeline_3'.
INFO: [HLS 200-111] Finished Creating RTL model: CPU user time: 0 seconds. CPU system time: 0 seconds. Elapsed time: 0.154 seconds; current allocated memory: 1.116 GB.
INFO: [HLS 200-10] ----------------------------------------------------------------
INFO: [HLS 200-10] -- Generating RTL for module 'MLP_Pipeline_4' 
INFO: [HLS 200-10] ----------------------------------------------------------------
INFO: [RTGEN 206-100] Finished creating RTL model for 'MLP_Pipeline_4'.
INFO: [HLS 200-111] Finished Creating RTL model: CPU user time: 0 seconds. CPU system time: 0 seconds. Elapsed time: 0.167 seconds; current allocated memory: 1.116 GB.
INFO: [HLS 200-10] ----------------------------------------------------------------
INFO: [HLS 200-10] -- Generating RTL for module 'MLP_Pipeline_5' 
INFO: [HLS 200-10] ----------------------------------------------------------------
INFO: [RTGEN 206-100] Finished creating RTL model for 'MLP_Pipeline_5'.
INFO: [HLS 200-111] Finished Creating RTL model: CPU user time: 0 seconds. CPU system time: 0 seconds. Elapsed time: 0.172 seconds; current allocated memory: 1.116 GB.
INFO: [HLS 200-10] ----------------------------------------------------------------
INFO: [HLS 200-10] -- Generating RTL for module 'MLP_Pipeline_6' 
INFO: [HLS 200-10] ----------------------------------------------------------------
INFO: [RTGEN 206-100] Finished creating RTL model for 'MLP_Pipeline_6'.
INFO: [HLS 200-111] Finished Creating RTL model: CPU user time: 0 seconds. CPU system time: 0 seconds. Elapsed time: 0.167 seconds; current allocated memory: 1.116 GB.
INFO: [HLS 200-10] ----------------------------------------------------------------
INFO: [HLS 200-10] -- Generating RTL for module 'MLP_Pipeline_VITIS_LOOP_58_1' 
INFO: [HLS 200-10] ----------------------------------------------------------------
INFO: [HLS 200-1030] Apply Unified Pipeline Control on module 'MLP_Pipeline_VITIS_LOOP_58_1' pipeline 'VITIS_LOOP_58_1' pipeline type 'loop pipeline'
INFO: [RTGEN 206-100] Finished creating RTL model for 'MLP_Pipeline_VITIS_LOOP_58_1'.
INFO: [HLS 200-111] Finished Creating RTL model: CPU user time: 0 seconds. CPU system time: 0 seconds. Elapsed time: 0.173 seconds; current allocated memory: 1.116 GB.
INFO: [HLS 200-10] ----------------------------------------------------------------
INFO: [HLS 200-10] -- Generating RTL for module 'MLP_Pipeline_VITIS_LOOP_69_2' 
INFO: [HLS 200-10] ----------------------------------------------------------------
INFO: [HLS 200-1030] Apply Unified Pipeline Control on module 'MLP_Pipeline_VITIS_LOOP_69_2' pipeline 'VITIS_LOOP_69_2' pipeline type 'loop pipeline'
INFO: [RTGEN 206-100] Generating core module 'ddiv_64ns_64ns_64_22_no_dsp_1': 1 instance(s).
INFO: [RTGEN 206-100] Generating core module 'fptrunc_64ns_32_2_no_dsp_1': 1 instance(s).
INFO: [RTGEN 206-100] Generating core module 'sitodp_32ns_64_4_no_dsp_1': 1 instance(s).
INFO: [RTGEN 206-100] Finished creating RTL model for 'MLP_Pipeline_VITIS_LOOP_69_2'.
INFO: [HLS 200-111] Finished Creating RTL model: CPU user time: 0 seconds. CPU system time: 0 seconds. Elapsed time: 0.391 seconds; current allocated memory: 1.116 GB.
INFO: [HLS 200-10] ----------------------------------------------------------------
INFO: [HLS 200-10] -- Generating RTL for module 'MLP_Pipeline_VITIS_LOOP_77_3' 
INFO: [HLS 200-10] ----------------------------------------------------------------
INFO: [HLS 200-1030] Apply Unified Pipeline Control on module 'MLP_Pipeline_VITIS_LOOP_77_3' pipeline 'VITIS_LOOP_77_3' pipeline type 'loop pipeline'
INFO: [RTGEN 206-104] Estimated max fanout for 'MLP_Pipeline_VITIS_LOOP_77_3' is 17639 from HDL expression: (1'b0 == ap_block_pp0_stage0_11001)
INFO: [RTGEN 206-100] Generating core module 'fadd_32ns_32ns_32_4_full_dsp_1': 49 instance(s).
INFO: [RTGEN 206-100] Generating core module 'fcmp_32ns_32ns_1_2_no_dsp_1': 1 instance(s).
INFO: [RTGEN 206-100] Generating core module 'fmul_32ns_32ns_32_3_max_dsp_1': 48 instance(s).
INFO: [RTGEN 206-100] Finished creating RTL model for 'MLP_Pipeline_VITIS_LOOP_77_3'.
INFO: [HLS 200-111] Finished Creating RTL model: CPU user time: 1 seconds. CPU system time: 0 seconds. Elapsed time: 1.452 seconds; current allocated memory: 1.116 GB.
INFO: [HLS 200-10] ----------------------------------------------------------------
INFO: [HLS 200-10] -- Generating RTL for module 'MLP_Pipeline_VITIS_LOOP_94_5' 
INFO: [HLS 200-10] ----------------------------------------------------------------
INFO: [HLS 200-1030] Apply Unified Pipeline Control on module 'MLP_Pipeline_VITIS_LOOP_94_5' pipeline 'VITIS_LOOP_94_5' pipeline type 'loop pipeline'
INFO: [RTGEN 206-104] Estimated max fanout for 'MLP_Pipeline_VITIS_LOOP_94_5' is 9095 from HDL expression: (1'b0 == ap_block_pp0_stage0_11001)
INFO: [RTGEN 206-100] Generating core module 'fadd_32ns_32ns_32_4_full_dsp_1': 25 instance(s).
INFO: [RTGEN 206-100] Generating core module 'fcmp_32ns_32ns_1_2_no_dsp_1': 1 instance(s).
INFO: [RTGEN 206-100] Generating core module 'fmul_32ns_32ns_32_3_max_dsp_1': 24 instance(s).
INFO: [RTGEN 206-100] Finished creating RTL model for 'MLP_Pipeline_VITIS_LOOP_94_5'.
INFO: [HLS 200-111] Finished Creating RTL model: CPU user time: 2 seconds. CPU system time: 0 seconds. Elapsed time: 3.83 seconds; current allocated memory: 1.116 GB.
INFO: [HLS 200-10] ----------------------------------------------------------------
INFO: [HLS 200-10] -- Generating RTL for module 'MLP_Pipeline_VITIS_LOOP_111_7' 
INFO: [HLS 200-10] ----------------------------------------------------------------
INFO: [HLS 200-1030] Apply Unified Pipeline Control on module 'MLP_Pipeline_VITIS_LOOP_111_7' pipeline 'VITIS_LOOP_111_7' pipeline type 'loop pipeline'
INFO: [RTGEN 206-100] Generating core module 'fadd_32ns_32ns_32_4_full_dsp_1': 13 instance(s).
INFO: [RTGEN 206-100] Generating core module 'fmul_32ns_32ns_32_3_max_dsp_1': 12 instance(s).
INFO: [RTGEN 206-100] Finished creating RTL model for 'MLP_Pipeline_VITIS_LOOP_111_7'.
INFO: [HLS 200-111] Finished Creating RTL model: CPU user time: 1 seconds. CPU system time: 0 seconds. Elapsed time: 1.817 seconds; current allocated memory: 1.116 GB.
INFO: [HLS 200-10] ----------------------------------------------------------------
INFO: [HLS 200-10] -- Generating RTL for module 'MLP_Pipeline_VITIS_LOOP_123_9' 
INFO: [HLS 200-10] ----------------------------------------------------------------
INFO: [HLS 200-1030] Apply Unified Pipeline Control on module 'MLP_Pipeline_VITIS_LOOP_123_9' pipeline 'VITIS_LOOP_123_9' pipeline type 'loop pipeline'
INFO: [RTGEN 206-100] Generating core module 'fmul_32ns_32ns_32_3_max_dsp_1': 1 instance(s).
INFO: [RTGEN 206-100] Finished creating RTL model for 'MLP_Pipeline_VITIS_LOOP_123_9'.
INFO: [HLS 200-111] Finished Creating RTL model: CPU user time: 0 seconds. CPU system time: 0 seconds. Elapsed time: 0.841 seconds; current allocated memory: 1.116 GB.
INFO: [HLS 200-10] ----------------------------------------------------------------
INFO: [HLS 200-10] -- Generating RTL for module 'MLP_Pipeline_VITIS_LOOP_128_10' 
INFO: [HLS 200-10] ----------------------------------------------------------------
INFO: [HLS 200-1030] Apply Unified Pipeline Control on module 'MLP_Pipeline_VITIS_LOOP_128_10' pipeline 'VITIS_LOOP_128_10' pipeline type 'loop pipeline'
INFO: [RTGEN 206-100] Finished creating RTL model for 'MLP_Pipeline_VITIS_LOOP_128_10'.
INFO: [HLS 200-111] Finished Creating RTL model: CPU user time: 0 seconds. CPU system time: 0 seconds. Elapsed time: 0.357 seconds; current allocated memory: 1.116 GB.
INFO: [HLS 200-10] ----------------------------------------------------------------
INFO: [HLS 200-10] -- Generating RTL for module 'MLP' 
INFO: [HLS 200-10] ----------------------------------------------------------------
WARNING: [RTGEN 206-101] Design contains AXI ports. Reset is fixed to synchronous and active low.
INFO: [RTGEN 206-500] Setting interface mode on port 'MLP/in_data_V_data_V' to 'axis' (register, both mode).
INFO: [RTGEN 206-500] Setting interface mode on port 'MLP/in_data_V_keep_V' to 'axis' (register, both mode).
INFO: [RTGEN 206-500] Setting interface mode on port 'MLP/in_data_V_strb_V' to 'axis' (register, both mode).
INFO: [RTGEN 206-500] Setting interface mode on port 'MLP/in_data_V_user_V' to 'axis' (register, both mode).
INFO: [RTGEN 206-500] Setting interface mode on port 'MLP/in_data_V_last_V' to 'axis' (register, both mode).
INFO: [RTGEN 206-500] Setting interface mode on port 'MLP/in_data_V_id_V' to 'axis' (register, both mode).
INFO: [RTGEN 206-500] Setting interface mode on port 'MLP/in_data_V_dest_V' to 'axis' (register, both mode).
INFO: [RTGEN 206-500] Setting interface mode on port 'MLP/out_data_V_data_V' to 'axis' (register, both mode).
INFO: [RTGEN 206-500] Setting interface mode on port 'MLP/out_data_V_keep_V' to 'axis' (register, both mode).
INFO: [RTGEN 206-500] Setting interface mode on port 'MLP/out_data_V_strb_V' to 'axis' (register, both mode).
INFO: [RTGEN 206-500] Setting interface mode on port 'MLP/out_data_V_user_V' to 'axis' (register, both mode).
INFO: [RTGEN 206-500] Setting interface mode on port 'MLP/out_data_V_last_V' to 'axis' (register, both mode).
INFO: [RTGEN 206-500] Setting interface mode on port 'MLP/out_data_V_id_V' to 'axis' (register, both mode).
INFO: [RTGEN 206-500] Setting interface mode on port 'MLP/out_data_V_dest_V' to 'axis' (register, both mode).
INFO: [RTGEN 206-500] Setting interface mode on function 'MLP' to 'ap_ctrl_none'.
INFO: [RTGEN 206-100] Generating core module 'fadd_32ns_32ns_32_4_full_dsp_1': 25 instance(s).
INFO: [RTGEN 206-100] Generating core module 'fcmp_32ns_32ns_1_2_no_dsp_1': 1 instance(s).
INFO: [RTGEN 206-100] Generating core module 'fmul_32ns_32ns_32_3_max_dsp_1': 24 instance(s).
INFO: [RTGEN 206-100] Finished creating RTL model for 'MLP'.
INFO: [HLS 200-111] Finished Creating RTL model: CPU user time: 1 seconds. CPU system time: 0 seconds. Elapsed time: 1.469 seconds; current allocated memory: 1.116 GB.
INFO: [RTMG 210-279] Implementing memory 'MLP_MLP_Pipeline_VITIS_LOOP_77_3_weights_1_0_ROM_AUTO_1R' using auto ROMs.
INFO: [RTMG 210-279] Implementing memory 'MLP_MLP_Pipeline_VITIS_LOOP_77_3_weights_1_1_ROM_AUTO_1R' using auto ROMs.
INFO: [RTMG 210-279] Implementing memory 'MLP_MLP_Pipeline_VITIS_LOOP_77_3_weights_1_2_ROM_AUTO_1R' using auto ROMs.
INFO: [RTMG 210-279] Implementing memory 'MLP_MLP_Pipeline_VITIS_LOOP_77_3_weights_1_3_ROM_AUTO_1R' using auto ROMs.
INFO: [RTMG 210-279] Implementing memory 'MLP_MLP_Pipeline_VITIS_LOOP_77_3_weights_1_4_ROM_AUTO_1R' using auto ROMs.
INFO: [RTMG 210-279] Implementing memory 'MLP_MLP_Pipeline_VITIS_LOOP_77_3_weights_1_5_ROM_AUTO_1R' using auto ROMs.
INFO: [RTMG 210-279] Implementing memory 'MLP_MLP_Pipeline_VITIS_LOOP_77_3_weights_1_6_ROM_AUTO_1R' using auto ROMs.
INFO: [RTMG 210-279] Implementing memory 'MLP_MLP_Pipeline_VITIS_LOOP_77_3_weights_1_7_ROM_AUTO_1R' using auto ROMs.
INFO: [RTMG 210-279] Implementing memory 'MLP_MLP_Pipeline_VITIS_LOOP_77_3_weights_1_8_ROM_AUTO_1R' using auto ROMs.
INFO: [RTMG 210-279] Implementing memory 'MLP_MLP_Pipeline_VITIS_LOOP_77_3_weights_1_9_ROM_AUTO_1R' using auto ROMs.
INFO: [RTMG 210-279] Implementing memory 'MLP_MLP_Pipeline_VITIS_LOOP_77_3_weights_1_10_ROM_AUTO_1R' using auto ROMs.
INFO: [RTMG 210-279] Implementing memory 'MLP_MLP_Pipeline_VITIS_LOOP_77_3_weights_1_11_ROM_AUTO_1R' using auto ROMs.
INFO: [RTMG 210-279] Implementing memory 'MLP_MLP_Pipeline_VITIS_LOOP_77_3_weights_1_12_ROM_AUTO_1R' using auto ROMs.
INFO: [RTMG 210-279] Implementing memory 'MLP_MLP_Pipeline_VITIS_LOOP_77_3_weights_1_13_ROM_AUTO_1R' using auto ROMs.
INFO: [RTMG 210-279] Implementing memory 'MLP_MLP_Pipeline_VITIS_LOOP_77_3_weights_1_14_ROM_AUTO_1R' using auto ROMs.
INFO: [RTMG 210-279] Implementing memory 'MLP_MLP_Pipeline_VITIS_LOOP_77_3_weights_1_15_ROM_AUTO_1R' using auto ROMs.
INFO: [RTMG 210-279] Implementing memory 'MLP_MLP_Pipeline_VITIS_LOOP_77_3_weights_1_16_ROM_AUTO_1R' using auto ROMs.
INFO: [RTMG 210-279] Implementing memory 'MLP_MLP_Pipeline_VITIS_LOOP_77_3_weights_1_17_ROM_AUTO_1R' using auto ROMs.
INFO: [RTMG 210-279] Implementing memory 'MLP_MLP_Pipeline_VITIS_LOOP_77_3_weights_1_18_ROM_AUTO_1R' using auto ROMs.
INFO: [RTMG 210-279] Implementing memory 'MLP_MLP_Pipeline_VITIS_LOOP_77_3_weights_1_19_ROM_AUTO_1R' using auto ROMs.
INFO: [RTMG 210-279] Implementing memory 'MLP_MLP_Pipeline_VITIS_LOOP_77_3_weights_1_20_ROM_AUTO_1R' using auto ROMs.
INFO: [RTMG 210-279] Implementing memory 'MLP_MLP_Pipeline_VITIS_LOOP_77_3_weights_1_21_ROM_AUTO_1R' using auto ROMs.
INFO: [RTMG 210-279] Implementing memory 'MLP_MLP_Pipeline_VITIS_LOOP_77_3_weights_1_22_ROM_AUTO_1R' using auto ROMs.
INFO: [RTMG 210-279] Implementing memory 'MLP_MLP_Pipeline_VITIS_LOOP_77_3_weights_1_23_ROM_AUTO_1R' using auto ROMs.
INFO: [RTMG 210-279] Implementing memory 'MLP_MLP_Pipeline_VITIS_LOOP_77_3_weights_1_24_ROM_AUTO_1R' using auto ROMs.
INFO: [RTMG 210-279] Implementing memory 'MLP_MLP_Pipeline_VITIS_LOOP_77_3_weights_1_25_ROM_AUTO_1R' using auto ROMs.
INFO: [RTMG 210-279] Implementing memory 'MLP_MLP_Pipeline_VITIS_LOOP_77_3_weights_1_26_ROM_AUTO_1R' using auto ROMs.
INFO: [RTMG 210-279] Implementing memory 'MLP_MLP_Pipeline_VITIS_LOOP_77_3_weights_1_27_ROM_AUTO_1R' using auto ROMs.
INFO: [RTMG 210-279] Implementing memory 'MLP_MLP_Pipeline_VITIS_LOOP_77_3_weights_1_28_ROM_AUTO_1R' using auto ROMs.
INFO: [RTMG 210-279] Implementing memory 'MLP_MLP_Pipeline_VITIS_LOOP_77_3_weights_1_29_ROM_AUTO_1R' using auto ROMs.
INFO: [RTMG 210-279] Implementing memory 'MLP_MLP_Pipeline_VITIS_LOOP_77_3_weights_1_30_ROM_AUTO_1R' using auto ROMs.
INFO: [RTMG 210-279] Implementing memory 'MLP_MLP_Pipeline_VITIS_LOOP_77_3_weights_1_31_ROM_AUTO_1R' using auto ROMs.
INFO: [RTMG 210-279] Implementing memory 'MLP_MLP_Pipeline_VITIS_LOOP_77_3_weights_1_32_ROM_AUTO_1R' using auto ROMs.
INFO: [RTMG 210-279] Implementing memory 'MLP_MLP_Pipeline_VITIS_LOOP_77_3_weights_1_33_ROM_AUTO_1R' using auto ROMs.
INFO: [RTMG 210-279] Implementing memory 'MLP_MLP_Pipeline_VITIS_LOOP_77_3_weights_1_34_ROM_AUTO_1R' using auto ROMs.
INFO: [RTMG 210-279] Implementing memory 'MLP_MLP_Pipeline_VITIS_LOOP_77_3_weights_1_35_ROM_AUTO_1R' using auto ROMs.
INFO: [RTMG 210-279] Implementing memory 'MLP_MLP_Pipeline_VITIS_LOOP_77_3_weights_1_36_ROM_AUTO_1R' using auto ROMs.
INFO: [RTMG 210-279] Implementing memory 'MLP_MLP_Pipeline_VITIS_LOOP_77_3_weights_1_37_ROM_AUTO_1R' using auto ROMs.
INFO: [RTMG 210-279] Implementing memory 'MLP_MLP_Pipeline_VITIS_LOOP_77_3_weights_1_38_ROM_AUTO_1R' using auto ROMs.
INFO: [RTMG 210-279] Implementing memory 'MLP_MLP_Pipeline_VITIS_LOOP_77_3_weights_1_39_ROM_AUTO_1R' using auto ROMs.
INFO: [RTMG 210-279] Implementing memory 'MLP_MLP_Pipeline_VITIS_LOOP_77_3_weights_1_40_ROM_AUTO_1R' using auto ROMs.
INFO: [RTMG 210-279] Implementing memory 'MLP_MLP_Pipeline_VITIS_LOOP_77_3_weights_1_41_ROM_AUTO_1R' using auto ROMs.
INFO: [RTMG 210-279] Implementing memory 'MLP_MLP_Pipeline_VITIS_LOOP_77_3_weights_1_42_ROM_AUTO_1R' using auto ROMs.
INFO: [RTMG 210-279] Implementing memory 'MLP_MLP_Pipeline_VITIS_LOOP_77_3_weights_1_43_ROM_AUTO_1R' using auto ROMs.
INFO: [RTMG 210-279] Implementing memory 'MLP_MLP_Pipeline_VITIS_LOOP_77_3_weights_1_44_ROM_AUTO_1R' using auto ROMs.
INFO: [RTMG 210-279] Implementing memory 'MLP_MLP_Pipeline_VITIS_LOOP_77_3_weights_1_45_ROM_AUTO_1R' using auto ROMs.
INFO: [RTMG 210-279] Implementing memory 'MLP_MLP_Pipeline_VITIS_LOOP_77_3_weights_1_46_ROM_AUTO_1R' using auto ROMs.
INFO: [RTMG 210-279] Implementing memory 'MLP_MLP_Pipeline_VITIS_LOOP_77_3_weights_1_47_ROM_AUTO_1R' using auto ROMs.
INFO: [RTMG 210-279] Implementing memory 'MLP_MLP_Pipeline_VITIS_LOOP_77_3_hidden_bias_1_ROM_AUTO_1R' using auto ROMs.
INFO: [RTMG 210-279] Implementing memory 'MLP_MLP_Pipeline_VITIS_LOOP_94_5_weights_2_0_ROM_AUTO_1R' using auto ROMs.
INFO: [RTMG 210-279] Implementing memory 'MLP_MLP_Pipeline_VITIS_LOOP_94_5_weights_2_1_ROM_AUTO_1R' using auto ROMs.
INFO: [RTMG 210-279] Implementing memory 'MLP_MLP_Pipeline_VITIS_LOOP_94_5_weights_2_2_ROM_AUTO_1R' using auto ROMs.
INFO: [RTMG 210-279] Implementing memory 'MLP_MLP_Pipeline_VITIS_LOOP_94_5_weights_2_3_ROM_AUTO_1R' using auto ROMs.
INFO: [RTMG 210-279] Implementing memory 'MLP_MLP_Pipeline_VITIS_LOOP_94_5_weights_2_4_ROM_AUTO_1R' using auto ROMs.
INFO: [RTMG 210-279] Implementing memory 'MLP_MLP_Pipeline_VITIS_LOOP_94_5_weights_2_5_ROM_AUTO_1R' using auto ROMs.
INFO: [RTMG 210-279] Implementing memory 'MLP_MLP_Pipeline_VITIS_LOOP_94_5_weights_2_6_ROM_AUTO_1R' using auto ROMs.
INFO: [RTMG 210-279] Implementing memory 'MLP_MLP_Pipeline_VITIS_LOOP_94_5_weights_2_7_ROM_AUTO_1R' using auto ROMs.
INFO: [RTMG 210-279] Implementing memory 'MLP_MLP_Pipeline_VITIS_LOOP_94_5_weights_2_8_ROM_AUTO_1R' using auto ROMs.
INFO: [RTMG 210-279] Implementing memory 'MLP_MLP_Pipeline_VITIS_LOOP_94_5_weights_2_9_ROM_AUTO_1R' using auto ROMs.
INFO: [RTMG 210-279] Implementing memory 'MLP_MLP_Pipeline_VITIS_LOOP_94_5_weights_2_10_ROM_AUTO_1R' using auto ROMs.
INFO: [RTMG 210-279] Implementing memory 'MLP_MLP_Pipeline_VITIS_LOOP_94_5_weights_2_11_ROM_AUTO_1R' using auto ROMs.
INFO: [RTMG 210-279] Implementing memory 'MLP_MLP_Pipeline_VITIS_LOOP_94_5_weights_2_12_ROM_AUTO_1R' using auto ROMs.
INFO: [RTMG 210-279] Implementing memory 'MLP_MLP_Pipeline_VITIS_LOOP_94_5_weights_2_13_ROM_AUTO_1R' using auto ROMs.
INFO: [RTMG 210-279] Implementing memory 'MLP_MLP_Pipeline_VITIS_LOOP_94_5_weights_2_14_ROM_AUTO_1R' using auto ROMs.
INFO: [RTMG 210-279] Implementing memory 'MLP_MLP_Pipeline_VITIS_LOOP_94_5_weights_2_15_ROM_AUTO_1R' using auto ROMs.
INFO: [RTMG 210-279] Implementing memory 'MLP_MLP_Pipeline_VITIS_LOOP_94_5_weights_2_16_ROM_AUTO_1R' using auto ROMs.
INFO: [RTMG 210-279] Implementing memory 'MLP_MLP_Pipeline_VITIS_LOOP_94_5_weights_2_17_ROM_AUTO_1R' using auto ROMs.
INFO: [RTMG 210-279] Implementing memory 'MLP_MLP_Pipeline_VITIS_LOOP_94_5_weights_2_18_ROM_AUTO_1R' using auto ROMs.
INFO: [RTMG 210-279] Implementing memory 'MLP_MLP_Pipeline_VITIS_LOOP_94_5_weights_2_19_ROM_AUTO_1R' using auto ROMs.
INFO: [RTMG 210-279] Implementing memory 'MLP_MLP_Pipeline_VITIS_LOOP_94_5_weights_2_20_ROM_AUTO_1R' using auto ROMs.
INFO: [RTMG 210-279] Implementing memory 'MLP_MLP_Pipeline_VITIS_LOOP_94_5_weights_2_21_ROM_AUTO_1R' using auto ROMs.
INFO: [RTMG 210-279] Implementing memory 'MLP_MLP_Pipeline_VITIS_LOOP_94_5_weights_2_22_ROM_AUTO_1R' using auto ROMs.
INFO: [RTMG 210-279] Implementing memory 'MLP_MLP_Pipeline_VITIS_LOOP_94_5_weights_2_23_ROM_AUTO_1R' using auto ROMs.
INFO: [RTMG 210-279] Implementing memory 'MLP_MLP_Pipeline_VITIS_LOOP_94_5_hidden_bias_2_ROM_AUTO_1R' using auto ROMs.
INFO: [RTMG 210-279] Implementing memory 'MLP_MLP_Pipeline_VITIS_LOOP_111_7_output_weights_0_ROM_AUTO_1R' using auto ROMs.
INFO: [RTMG 210-279] Implementing memory 'MLP_MLP_Pipeline_VITIS_LOOP_111_7_output_weights_1_ROM_AUTO_1R' using auto ROMs.
INFO: [RTMG 210-279] Implementing memory 'MLP_MLP_Pipeline_VITIS_LOOP_111_7_output_weights_2_ROM_AUTO_1R' using auto ROMs.
INFO: [RTMG 210-279] Implementing memory 'MLP_MLP_Pipeline_VITIS_LOOP_111_7_output_weights_3_ROM_AUTO_1R' using auto ROMs.
INFO: [RTMG 210-279] Implementing memory 'MLP_MLP_Pipeline_VITIS_LOOP_111_7_output_weights_4_ROM_AUTO_1R' using auto ROMs.
INFO: [RTMG 210-279] Implementing memory 'MLP_MLP_Pipeline_VITIS_LOOP_111_7_output_weights_5_ROM_AUTO_1R' using auto ROMs.
INFO: [RTMG 210-279] Implementing memory 'MLP_MLP_Pipeline_VITIS_LOOP_111_7_output_weights_6_ROM_AUTO_1R' using auto ROMs.
INFO: [RTMG 210-279] Implementing memory 'MLP_MLP_Pipeline_VITIS_LOOP_111_7_output_weights_7_ROM_AUTO_1R' using auto ROMs.
INFO: [RTMG 210-279] Implementing memory 'MLP_MLP_Pipeline_VITIS_LOOP_111_7_output_weights_8_ROM_AUTO_1R' using auto ROMs.
INFO: [RTMG 210-279] Implementing memory 'MLP_MLP_Pipeline_VITIS_LOOP_111_7_output_weights_9_ROM_AUTO_1R' using auto ROMs.
INFO: [RTMG 210-279] Implementing memory 'MLP_MLP_Pipeline_VITIS_LOOP_111_7_output_weights_10_ROM_AUTO_1R' using auto ROMs.
INFO: [RTMG 210-279] Implementing memory 'MLP_MLP_Pipeline_VITIS_LOOP_111_7_output_weights_11_ROM_AUTO_1R' using auto ROMs.
INFO: [RTMG 210-279] Implementing memory 'MLP_MLP_Pipeline_VITIS_LOOP_111_7_output_bias_ROM_AUTO_1R' using auto ROMs.
INFO: [RTMG 210-278] Implementing memory 'MLP_input_features_RAM_AUTO_1R1W_ram (RAM)' using auto RAMs.
INFO: [RTMG 210-278] Implementing memory 'MLP_input_features_casted_RAM_AUTO_1R1W_ram (RAM)' using auto RAMs.
INFO: [RTMG 210-278] Implementing memory 'MLP_hidden_layer_1_RAM_AUTO_1R1W_ram (RAM)' using auto RAMs.
INFO: [RTMG 210-278] Implementing memory 'MLP_hidden_layer_2_RAM_AUTO_1R1W_ram (RAM)' using auto RAMs.
INFO: [RTMG 210-278] Implementing memory 'MLP_output_layer_RAM_AUTO_1R1W_ram (RAM)' using auto RAMs.
INFO: [HLS 200-111] Finished Generating all RTL models: CPU user time: 10 seconds. CPU system time: 2 seconds. Elapsed time: 25.531 seconds; current allocated memory: 1.116 GB.
INFO: [HLS 200-111] Finished Updating report files: CPU user time: 1 seconds. CPU system time: 0 seconds. Elapsed time: 2.428 seconds; current allocated memory: 1.116 GB.
INFO: [VHDL 208-304] Generating VHDL RTL for MLP.
INFO: [VLOG 209-307] Generating Verilog RTL for MLP.
INFO: [HLS 200-790] **** Loop Constraint Status: All loop constraints were satisfied.
INFO: [HLS 200-789] **** Estimated Fmax: 140.57 MHz
INFO: [HLS 200-111] Finished Command csynth_design CPU user time: 34 seconds. CPU system time: 3 seconds. Elapsed time: 106.205 seconds; current allocated memory: 0.133 MB.
INFO: [HLS 200-112] Total CPU user time: 36 seconds. Total CPU system time: 4 seconds. Total elapsed time: 110.216 seconds; peak allocated memory: 1.116 GB.
==============================================================
Vitis HLS - High-Level Synthesis from C, C++ and OpenCL v2022.1 (64-bit)
Tool Version Limit: 2022.04
Copyright 1986-2022 Xilinx, Inc. All Rights Reserved.
==============================================================
INFO: [SYN 201-201] Setting up clock 'default' with a period of 10ns.
INFO: [HLS 200-1611] Setting target device to 'xczu3eg-sbva484-2-i'
INFO: [HLS 200-1505] Using flow_target 'vivado'
INFO: [HLS 200-1464] Running solution command: config_export -format=ip_catalog
INFO: [HLS 200-1464] Running solution command: config_export -output=C:/Users/xingy/HWSWAI/HLS
INFO: [HLS 200-1464] Running solution command: config_export -rtl=verilog
INFO: [HLS 200-1464] Running solution command: config_export -vivado_clock=10
INFO: [HLS 200-1510] Running: set_part xczu3eg-sbva484-2-i 
INFO: [HLS 200-1510] Running: create_clock -period 10 -name default 
INFO: [HLS 200-1510] Running: config_export -format ip_catalog -output C:/Users/xingy/HWSWAI/HLS -rtl verilog -vivado_clock 10 
INFO: [HLS 200-1510] Running: source ./testHLS2/solution1/directives.tcl
INFO: [HLS 200-1510] Running: set_directive_top -name MLP MLP 
INFO: [HLS 200-1510] Running: export_design -flow impl -rtl verilog -format ip_catalog -output C:/Users/xingy/HWSWAI/HLS 
INFO: [IMPL 213-8] Exporting RTL as a Vivado IP.
INFO: [IMPL 213-8] Starting RTL evaluation using Vivado ...
INFO: [HLS 200-802] Generated output file C:/Users/xingy/HWSWAI/HLS/export.zip
INFO: [HLS 200-111] Finished Command export_design CPU user time: 4 seconds. CPU system time: 1 seconds. Elapsed time: 1988.64 seconds; current allocated memory: 98.727 MB.
INFO: [HLS 200-112] Total CPU user time: 5 seconds. Total CPU system time: 2 seconds. Total elapsed time: 1991.77 seconds; peak allocated memory: 567.547 MB.
