t_mean_x_acc,t_std_deviation_x_acc,t_rms_x_acc,t_75_q_x_acc,f_mean_x_acc,f_max_x_acc,f_spectral_centroid_x_acc,f_average_E_per_coeff_x_acc,t_mean_y_acc,t_std_deviation_y_acc,t_rms_y_acc,t_75_q_y_acc,f_mean_y_acc,f_max_y_acc,f_spectral_centroid_y_acc,f_average_E_per_coeff_y_acc,t_mean_z_acc,t_std_deviation_z_acc,t_rms_z_acc,t_75_q_z_acc,f_mean_z_acc,f_max_z_acc,f_spectral_centroid_z_acc,f_average_E_per_coeff_z_acc,t_mean_x_gyro,t_std_deviation_x_gyro,t_rms_x_gyro,t_75_q_x_gyro,f_mean_x_gyro,f_max_x_gyro,f_spectral_centroid_x_gyro,f_average_E_per_coeff_x_gyro,t_mean_y_gyro,t_std_deviation_y_gyro,t_rms_y_gyro,t_75_q_y_gyro,f_mean_y_gyro,f_max_y_gyro,f_spectral_centroid_y_gyro,f_average_E_per_coeff_y_gyro,t_mean_z_gyro,t_std_deviation_z_gyro,t_rms_z_gyro,t_75_q_z_gyro,f_mean_z_gyro,f_max_z_gyro,f_spectral_centroid_z_gyro,f_average_E_per_coeff_z_gyro,label
-4526.174242424242,1511.4290824099983,4771.862439754461,-3655.75,9460.461982422807,60572.90456543888,4.014968373137013,5624691507.925374,-1123.909090909091,2757.8925047022976,2978.110594340179,-600.75,7403.626843704281,62500.33546265923,9.274994371369552,1317523788.7164176,-650.2045454545455,2607.7278358250724,2687.5658906651324,-289.5,2736.1797708150148,123116.65272881881,7.7051895023982215,994181078.1940298,-1214.469696969697,5555.639180474843,5686.832452999196,138.25,18546.701176371174,331972.8249920948,15.374674453456471,4397504943.164178,27.386363636363637,8064.270324924035,8064.316827007954,2539.0,9197.927481296845,221138.83959584744,11.608407931822152,8456502231.925371,89.5909090909091,8242.418828889153,8242.905718362803,3292.75,8716.602138449867,413330.6368202809,10.992162680460002,8836315842.746271,final
-4504.733766233766,1887.8521811018495,4884.323101755008,-3483.25,10821.250215203256,54947.118822506316,4.291861687865627,6711816989.564102,-768.9545454545455,2681.694510190494,2789.7628105201056,-480.5,6036.247172517588,121333.51106635026,9.574267731380958,1273081640.2564104,-1268.0974025974026,2761.086473924125,3038.3662614900527,-760.5,3490.4374217304303,162689.7096882088,7.9343140624610085,1647934087.4102569,-1311.9155844155844,6035.616965581205,6176.552003816058,450.75,24719.77440700227,360414.35459902685,17.005809645258175,6061624048.743589,244.7987012987013,8893.393597511473,8896.762112387607,3153.0,11973.986112535911,414276.9127917417,12.977433064766911,12042320049.10257,-590.9415584415584,7703.6989531990175,7726.3309201077445,934.75,8879.617133452686,381410.8804287681,13.115713438597108,9128639875.153845,final
-4487.477419354838,2151.746100669914,4976.6921615635165,-3490.5,13235.530045561376,26680.858934953034,7.789308818219647,6915645294.9102545,-869.1032258064516,2654.4380297645985,2793.0953565833984,-476.5,6429.385812760655,47080.01315713555,12.382842220271314,1317790052.3461537,-1661.8516129032257,2004.748491323822,2603.9906483653494,-1762.0,3082.4577620944597,99563.97225475765,8.02052722712922,1469608954.3205128,-1986.2967741935483,5612.288653021003,5953.415725447031,200.0,8304.566368016849,226187.6300563848,16.876571618823387,6066086676.576924,867.7870967741935,6217.828788133618,6278.092806248644,3169.5,14348.878368754456,134507.0,16.594670716896857,6186053058.294871,-252.96129032258065,10732.67714363333,10735.657785337187,1400.5,22321.111080775594,425527.21556216857,12.736447493128871,17759763194.846153,final
-5581.640522875817,3042.7555442639073,6357.127671264608,-3597.0,14422.953928618683,72224.17370437435,5.9558585303489835,10878767765.480516,-592.7647058823529,3067.0350093466895,3123.791565565481,-146.0,8256.687556165823,120081.03466053824,12.93966531754133,1536701094.4675324,-1537.9477124183006,2749.9591055565406,3150.8027942678377,-1050.0,1995.4633491607117,167156.29628686624,7.556804164104973,1868591718.6493506,-2362.3660130718954,4564.164843178612,5139.297023467785,-3.0,3644.104178914866,294105.69651538157,13.375731312780726,4863166103.129871,782.1895424836601,8800.273550228134,8834.96661222982,3534.0,18670.70288849546,179107.69026207566,13.199351624224022,11958116073.103895,-1472.549019607843,12305.184536195273,12392.980556951072,174.0,29325.84385198144,508796.55311108945,22.83901885951714,23675675282.415585,final
-4902.581699346405,2328.2921947167224,5427.361408893376,-3658.0,14102.208661731194,58004.304840193276,7.377455095157282,8131064343.376625,-488.6143790849673,2537.4492856883467,2584.065186656267,112.0,5563.295903874313,87602.01494944027,11.605250076758182,1051297718.8311689,-1435.1045751633987,2351.474701141772,2754.8064200166054,-1578.0,1603.5191404231537,121164.83389609374,8.507709081512607,1466632152.6103897,-2503.424836601307,5446.598692417671,5994.378468928882,553.0,2993.903199367579,333779.57923857326,14.386027263752025,6414629813.558442,305.1503267973856,8147.310515595474,8153.023081009714,3792.0,19098.360533411676,159078.97467739452,13.513870726393844,10118297356.0,-331.19607843137254,10322.706160273921,10328.017879231498,1075.0,21767.38301854552,367784.082934952,11.418532667430663,16230895273.05194,final
-4843.709219858156,2094.936030570981,5277.3360683893725,-3585.0,13235.25221564081,36356.696749025214,6.494412431262641,7184012648.605635,-623.5035460992908,2980.1507997070416,3044.6765774040614,-139.0,6680.170541223587,64670.78066336,11.254041258578127,1352301718.4225357,-1577.2056737588653,2233.525078625096,2734.2662661460745,-1679.0,2982.2035807389593,115742.69377102617,6.724238759041658,1395000732.746479,-1246.5035460992908,4067.401775131397,4254.118979386935,238.0,9049.118811761906,183995.97543722115,13.665569153374168,2751320302.8028173,867.1347517730496,7278.237172801123,7329.710705155872,3331.0,12057.8799583928,143796.44984226872,11.805046562113652,7627105075.760566,-394.6666666666667,10746.547968696683,10753.792587793228,1050.0,24346.319880397714,313737.25723364885,10.920818810452884,16212789843.535212,final
-4765.394736842105,1981.959172125475,5161.118983117395,-3700.0,12638.80301073582,30849.541151648064,6.592069412334641,7403216211.220779,-639.4868421052631,2961.141005163119,3029.4057954794057,-64.75,8266.870339034236,107847.56019493294,13.150408175737766,1438228785.0649345,-1063.3947368421052,2405.4065121969857,2629.9788697370095,-415.75,2441.996382605494,143227.03946599443,6.4560195325131895,1207349549.4025977,-1051.6907894736842,5174.252614773858,5280.051480635193,292.0,8889.064141874496,235387.9469632286,16.666301041951428,4348550436.532467,910.9407894736842,7473.587831959991,7528.899534722678,1905.25,11962.329008708195,138463.0,12.698402418017881,8628619621.83117,-567.8092105263158,10320.832945102087,10336.440392139992,769.0,26112.785179349543,391623.43031829246,12.259018182472532,16077697992.22078,final
-5424.064,2542.190626193087,5990.259047487011,-3658.0,13843.39228971125,126157.94367950219,5.207337754091656,8098173825.904763,-368.872,3427.7638494528755,3447.5544317675394,123.0,6769.5974513135225,133168.8893597093,9.718783524919404,1490785976.2380953,-1405.608,2555.576747103479,2916.625851904903,-1348.0,2019.7033390511783,129247.05917492554,6.8263001476545595,1299905779.9682539,-2380.464,7008.2054028619905,7401.456061073389,443.0,14323.382662977896,304273.0653474042,11.56745997862097,7496051671.539683,648.784,7763.019208100931,7790.082663489522,4075.0,16649.05236594892,267406.25504209945,9.988263533210791,7577667234.952382,-936.392,12356.09845535135,12391.529325147885,2942.0,13931.575501826625,438238.9849086222,23.009788422208427,19150152404.968254,final
-4381.714285714285,1421.965969026209,4606.669870817888,-3732.25,8944.154690434574,90702.0349783885,3.9128026111499876,6145003281.384615,-779.4285714285714,2277.6321746102985,2407.3049704553887,-385.25,5165.195705496069,107479.62285294964,9.813287492459509,973369125.2051284,-1237.2727272727273,1621.6695832715573,2039.7686238789533,-1202.75,2704.2388412519895,97183.74728867356,6.498305536653951,865253986.4358976,-486.26623376623377,7612.364723846319,7627.879884932709,1327.0,25813.83152235356,285075.7725808342,15.700140923465794,8881711296.743587,1004.1168831168832,6643.813352019171,6719.263841480596,3175.5,4080.1569068101808,259371.6471325539,11.051767145404055,7017051128.205129,-783.077922077922,8954.888892936486,8989.062582765964,178.75,6165.147888092557,426581.91370373644,10.355050260698112,12377395370.794874,final
-4513.27950310559,1634.739921614141,4800.215253972685,-3736.0,9380.596714843994,103699.38378202498,3.820194926026646,6946149311.037039,-669.2857142857143,2458.294928529616,2547.774974949979,-264.0,4782.6858440311225,100197.93080476217,9.012080108925874,1110298944.4074075,-1089.5776397515529,1830.1656974156504,2129.9497442530137,-1055.0,2481.293688092907,107325.56167953748,5.46146208062535,915853787.8765432,-1094.8198757763976,6431.731975898194,6524.247601845467,903.0,21958.591592815832,407437.4391347309,15.344857514711336,7002580123.740741,512.6521739130435,7420.734473585766,7438.421363359432,2912.0,6751.204531229338,352662.55833970074,9.979823363105526,8895211107.049383,-1001.3478260869565,9101.63579882324,9156.553482791973,90.0,6589.276982806337,623487.2627755135,11.86753625880669,13575750799.938272,final
-4555.211538461538,1542.3430353150407,4809.238421904029,-3717.0,9821.110645624538,51153.49672333776,4.55283852688429,6758437233.101267,-631.8782051282051,2512.7566722904885,2590.9874874758484,-99.5,7485.92424721607,128874.86786805013,12.343851276999775,1095530455.8860755,-1076.621794871795,2117.8122642123076,2375.7616201212245,-889.75,3160.864748974317,108696.81888470697,6.067952928613903,1047890985.3544304,-1156.9102564102564,6272.57011935319,6378.367913784038,504.5,17754.528999928647,441057.92503668705,13.616007787681859,6472486922.911392,817.6153846153846,7313.964002440406,7359.522018864666,3457.25,7969.73743750386,307829.57177701313,11.53350304213768,8445447199.544302,-478.37179487179486,9663.696268348709,9675.529191782,1256.5,13329.920013887622,454878.57526558987,10.495519275495534,14454482049.696203,final
-4658.858974358975,1799.5413106760614,4994.3283704413025,-3784.0,10845.943548170666,59071.17512011437,5.142198449773993,7185021203.670888,-491.5769230769231,2484.950843135692,2533.1065046899557,-175.5,5982.049037538562,111893.75939480025,11.553067296285484,1025563143.1392401,-983.0705128205128,2435.4931004755153,2626.4147188974225,-1130.25,2585.0557882660255,125744.95210878791,6.057360766802103,1211329328.7468352,-1187.9935897435898,6739.69929282095,6843.601049661142,401.0,17454.70281781165,360616.96366619505,14.857842280027654,7431426507.025316,779.8012820512821,7083.238509850862,7126.033807590523,1886.0,10866.626572659445,224457.45923433598,11.019289602080272,7915137406.62025,-788.8782051282051,10499.503091015447,10529.097491274797,908.5,9900.570706883618,502706.6355619635,9.42741094950842,17171417735.835443,final
-4150.19375,1444.6660318948934,4394.447417622607,-3586.5,9289.93886868791,49784.7487367613,4.392279063367437,5773477825.444445,-1078.2875,2486.3720392056675,2710.1198958717673,-514.75,8726.598803460858,69833.53959849897,12.024356227713666,1344421558.2469134,-920.0,2353.6998481114792,2527.113565908742,-379.0,3207.839795354613,109912.73284254616,5.7589491017364,1142945687.308642,-989.7125,5832.997827433484,5916.366662699329,204.25,16166.336833759866,418550.88636109437,15.728236599270144,5686372137.530864,108.975,6762.320223996716,6763.1982347481135,1726.0,7273.424765358037,146860.4237604787,11.337172899886488,7230179463.209875,-639.55,7973.1624527222575,7998.771386906867,309.25,13210.53954206729,215074.69524113814,10.308430409933186,10175110621.629627,final
-4677.167741935484,1686.2573477468927,4971.856990002051,-3755.0,12213.556223323574,72323.1379000406,6.461689275637762,7175968729.910259,-706.6064516129032,2908.6688774537492,2993.266997133572,-127.0,8777.90431969401,64038.082124064094,13.42461028474443,1456737393.2435899,-1179.2516129032258,2135.034155784953,2439.0582635318956,-1381.5,4161.7121253443975,80869.76962496038,6.780950978115931,1130351544.2051282,-1217.9935483870968,5388.04045354066,5523.992054022456,161.0,13889.246479070393,349506.1552950943,14.7657536185518,4927896575.871795,1284.2516129032258,6838.654601312,6958.196530803821,3387.5,3447.7888612498514,199059.0,10.767533371539335,7710454314.269231,-748.5548387096774,10469.688001107823,10496.413729798229,492.5,30372.30243537533,521763.61230689415,13.515459524813632,17053905312.153847,final
-4676.894736842105,1720.7929978795376,4983.419801808055,-3754.75,12679.421525718592,53614.633676207515,6.774411977062024,7007399893.428571,-607.3157894736842,2688.234573834884,2755.9821465505293,-192.75,6817.785754004802,51794.092571839086,12.764750156437247,1194895697.7662337,-925.4671052631579,2209.150702841548,2395.1693449085124,-888.25,3374.0087625232995,72251.31122154121,6.793036989123405,989170361.155844,-1555.5986842105262,5329.424580447919,5551.815345002029,85.0,9066.465661954373,312524.98157675395,14.049830546485705,4987299904.636364,1182.0855263157894,7063.494928470421,7161.72373078246,4243.25,7746.755986351361,179677.0,10.609306537463096,7904620306.714288,-438.7368421052632,10570.982191666837,10580.082916175936,2876.25,25571.406993797118,483740.63248655916,11.9477868170948,16822985411.11688,final
-4660.390728476821,1722.0432533872531,4968.3674087781865,-3777.5,12818.908304023393,47896.67741089742,6.969216171138437,6960892756.526316,-646.0993377483444,2734.937837846955,2810.218733679965,-42.0,7698.22845917035,136707.89031967006,12.667765289394803,1247270755.2631578,-1027.4039735099338,2158.062121805954,2390.144565995458,-1321.0,2395.9727274986035,106935.29706833747,7.08109426865641,1015297024.2894737,-1417.7019867549668,6264.282031866403,6422.70256963634,591.5,8721.659539070293,321587.3929413671,16.11156862535755,6489432694.947369,1104.2649006622516,7036.482627768453,7122.604070262635,2243.5,9266.630951184474,302672.6186285236,14.312335939773895,7792975239.052631,-484.112582781457,11190.181134448281,11200.648142610746,1580.5,24756.835014038857,522351.9283365682,11.615014954694908,18854159471.65789,final
-5217.3087248322145,2257.775486247407,5684.879987872221,-3774.0,12188.086740894676,122315.2054978584,5.268489249386779,8812046200.533335,-276.5704697986577,2949.206648536562,2962.1463637938136,-91.0,6017.335478562323,126602.47929494368,10.910973911224488,1309977746.533333,-1022.2684563758389,2255.4009974890937,2476.260579255713,-1100.0,1946.5541641892917,132450.8553148918,8.46541048012419,1062228935.4800003,-1568.9530201342282,7318.180034997672,7484.475439469813,617.0,22928.045032157297,420731.3364253656,16.582030097779395,8655279815.053335,119.48322147651007,11253.909425786776,11254.543687063764,1765.0,13981.571933576319,499733.8815486027,27.28504362736822,18749340943.813335,-813.8120805369127,11887.029125950536,11914.854239294082,1100.0,10410.11280406598,603098.1752229169,11.82203054277633,21109605003.893326,final
-5006.238410596026,2082.2597973572338,5422.013361051153,-3784.0,11754.304025079691,74023.38488970019,4.7499811669802545,8169456080.434211,-278.4039735099338,2759.7057458527747,2773.713138765244,26.5,6054.958407733398,141493.3503183431,11.065801325563557,1165700127.25,-1014.4238410596026,2134.6440664798038,2363.4214647132976,-935.0,1838.6922427705272,125228.16350198192,7.974510445446121,992266030.907895,-1557.7417218543046,6143.1012299466365,6337.527277525319,209.0,20003.283675640883,365011.415815287,15.821170189765791,6388901892.513157,526.5165562913908,9409.19064711901,9423.910457866246,2950.0,11041.85995004137,489787.8406653284,11.331085397500203,13363682300.999998,-553.2913907284768,11073.898933255876,11087.71252094046,418.5,10602.517543870328,574901.2932145281,11.375432204495947,18487335859.013157,final
-5069.113333333334,2171.6659274595827,5514.711496231391,-3622.25,10728.953911715647,67903.07994525383,4.190997636955354,8305456477.157893,-757.3866666666667,2807.3246784953267,2907.6977857633924,-255.25,7247.35538882592,47696.20777803999,11.356883914230174,1336470708.8157892,-940.1666666666666,3052.6641117045433,3194.1621029622147,-832.75,3009.7678365582797,167079.04215195894,6.735320737736979,1641107528.3947365,-2020.7266666666667,7937.711828897684,8190.885504022139,81.5,34574.514873144355,466021.1024431495,17.511126719337657,10536179144.947367,-4.133333333333334,9791.516700128172,9791.517572538658,1897.75,12764.474013339237,198175.0743855291,12.636318745966374,14192868463.157894,173.51333333333332,9917.709906852937,9919.227624837195,1414.5,11342.670211735613,551128.040660826,13.63861054207864,14568931579.631578,final
-5008.1866666666665,2230.2511888026324,5482.331078413026,-3702.25,12388.558045872964,72214.8207038176,5.5473852018869465,8161868239.210528,-1223.58,3364.9247525415285,3580.484130207348,-70.75,8888.168065424337,87634.58444271742,10.975397153439019,2119346912.7631571,-1915.9,2041.6358139165434,2799.812423478878,-1508.75,2411.202200632067,92031.84117371507,7.5651861834453955,1703728247.368421,-2651.4733333333334,5902.833731575219,6470.993501773897,10.25,4153.845972300715,187838.97881652546,12.99311005010444,7239089586.289474,-607.4666666666667,8272.550842931634,8294.824482772376,1610.25,13819.065904706038,160970.43021995644,11.806132242568827,10239485341.947369,-386.23333333333335,10393.583804390519,10400.757688104586,4573.75,24461.594886672035,497235.01777710224,11.420423911738878,16035328013.57895,final
-4586.945121951219,2323.8863324209274,5142.033959223226,-3677.5,14956.022747430048,98238.00105622497,8.812583880300542,7693026529.433735,-968.140243902439,2883.027568726835,3041.240453154344,-19.5,7232.702971699755,84578.68184960452,12.16099110768919,1650498579.5060241,-1250.9939024390244,2264.634721250764,2587.190786284256,-710.25,2163.0785565057067,108339.93718646251,11.599456403219492,1338112399.1686747,-1744.7743902439024,4882.397278684429,5184.789374676285,219.75,4312.2226587096475,229750.4307608351,16.43762224529837,4848915015.891565,-144.01829268292684,6437.05859246567,6438.669473692792,1490.75,23475.349321488695,113060.17006102465,21.746442480769243,6723695330.734939,-150.1341463414634,10394.713872646995,10395.798033633471,1423.0,23728.264290268195,704463.4533737389,11.78976731408554,17514132459.518074,final
-5115.63125,2660.7985235213578,5766.240705065129,-3553.75,14959.25750164984,63556.79869136133,7.45016128541871,9389724620.555555,-903.94375,3108.698916441722,3237.456294106532,-323.25,6802.603582636891,96392.26029120434,12.086385264057975,1785428851.6666663,-1708.71875,2185.1598916666117,2773.922046264098,-1732.75,3208.0232059871037,131544.11811443916,12.310679011254065,1677407142.6296294,-2377.525,6106.141965216252,6552.678446635391,320.0,5621.547307061326,272936.4696288327,16.711545768297736,7678454837.259257,204.1875,8040.884281429733,8043.476397833216,2917.0,23634.393213828287,139697.64116738064,17.883499373085677,10231543380.271603,-542.25,11038.936084944962,11052.246149539016,2739.5,18840.96824481537,392098.65000485803,12.155147788764518,19349565675.283947,final
-4557.526627218935,2078.919929140177,5009.287077976845,-3690.0,13514.601087942887,63602.195460531664,7.749926534888721,7705422794.152943,-916.5680473372781,2616.777750529345,2772.6562681055666,-256.0,7817.449044436564,108518.28116610297,13.894589813501263,1432707083.823529,-1166.6627218934912,1838.7101405382075,2177.6034734482687,-920.0,1665.17306922249,98458.13538460198,8.617277211039713,1025349777.7764705,-2004.810650887574,4739.760262794132,5146.318401991326,468.0,3169.385827610006,238965.456761854,16.874592395747804,5124827719.682353,258.5443786982249,5413.282970639894,5419.453636297328,3353.0,15110.591108951157,148951.32149754974,20.229406544145,4945643409.894117,-167.72781065088756,10035.044406749757,10036.44602754906,3581.0,22811.49221985505,364537.62158384157,11.908275933709072,16928000785.400005,final
-4515.448051948052,2087.4939646610255,4974.625831390504,-3579.25,12936.788774703902,67187.5956409544,7.216863352325281,6861879875.461538,-968.5064935064935,2383.4996294784833,2572.7563646191434,-313.5,5717.78349422854,51558.75965450439,11.044373756565866,1148895083.2820513,-1298.3246753246754,1890.4678108702572,2293.36336119977,-1208.25,1954.0964594614309,81732.91102503726,7.961041066691858,1055848513.0256411,-2359.246753246753,5094.897794511234,5614.626325876085,-39.25,3169.376430564932,201446.2092294835,11.58919564314153,5638648485.641025,427.73376623376623,6202.8834068511815,6217.613588328422,3628.0,13903.915978606203,123978.15892896513,14.228947460027879,5905255216.794871,-196.93506493506493,9966.726132536112,9968.671587567685,3590.75,24292.125998820127,433532.23767714266,12.32790617184547,15113649614.923077,final
-5031.8231292517,2334.2274857244092,5546.878578009769,-3733.5,14306.889327606259,29849.836944449926,6.743354205280532,8189096437.567568,-628.3605442176871,2837.8978373637747,2906.6305421989114,12.5,6734.6384148031575,71376.49017404168,12.236573947371378,1291187112.3108106,-1110.1972789115646,2197.2761543547495,2461.8205654756075,-878.0,1624.6008974164038,108601.21096342799,7.858758630174581,1064841657.918919,-2550.734693877551,5344.505707373066,5921.991956655622,262.5,1406.9176232605212,214912.9952138481,11.642942185213702,6070411407.648648,365.8979591836735,6643.493453123629,6653.561946674224,2138.0,17358.94167799193,175996.61742257627,14.89812747575919,6483250138.094593,135.72108843537416,11466.851263612001,11467.654429552987,3858.0,23313.320702868292,289255.56769077294,10.797173300072558,19203614362.04054,final
-3453.6612903225805,1626.1394461050934,3817.342767744549,-3556.5,3092.6895491187965,40389.17360992471,8.082967232411555,3233864394.2222223,-1281.9112903225807,1674.8460738715219,2109.1244456928935,-1100.5,1851.5522225238371,76451.58343690287,5.953177679949768,743382941.8888888,-596.8064516129032,1807.0742825182983,1903.0752489656857,761.75,3923.0488871538355,112648.25806034218,6.993632491287452,485428567.93650794,-3016.717741935484,7527.410141909629,8109.407461648,62.25,17122.38424801908,351419.10924314504,12.767091732048833,9136302282.460318,1452.241935483871,7774.132585542664,7908.612020877886,4093.25,38047.82345486735,180078.0,21.109261116981276,7892630084.253969,1015.5725806451613,4978.870107884284,5081.391071128253,350.0,18970.10548946671,222629.0978142636,12.607343040001453,3276980321.380952,grenade
-3202.937254901961,3696.2029488652684,4890.881648336956,-599.5,10453.769711135772,271807.7204177359,10.84339704242805,8681734224.4375,-1383.6039215686274,2437.1400106184237,2802.5008908361215,633.5,5549.543879482237,92125.88087227436,12.863568913405366,2481204405.6484375,-1404.9803921568628,3489.4539462146204,3761.6829671169844,892.5,1907.308782016349,262364.44512658933,11.106019685153173,4095617061.7187495,-860.3019607843137,10551.174665902763,10586.189413293041,2360.0,23315.352867037738,770848.4658894334,23.2958704921687,28653552196.890625,-2602.478431372549,12823.377803706542,13084.796990490642,4842.5,22378.878197527953,556178.656929971,38.81660089946676,45208836045.249985,-312.9450980392157,7614.973411623369,7621.4010978374345,1600.0,18895.2698613478,277409.063059202,21.401212575300924,14778884369.476559,grenade
-3102.8486842105262,2913.1500240512587,4256.067788432985,-1883.5,9260.04648570754,108320.91979260885,5.291981652063482,4161993664.844155,-1309.046052631579,2179.869788297408,2542.721742905052,-383.5,6820.542657090886,57675.66246618957,8.358530528353954,1227080105.25974,-1182.532894736842,2763.839594033908,3006.1925002707676,839.75,1838.050026787417,128620.52038831564,6.4216547049293276,1565609241.571428,-95.60526315789474,7278.781684094471,7279.409534505709,630.75,20506.31096948665,505332.09704828396,14.311741850225184,7951425856.0,-525.9605263157895,11585.957786363162,11597.889993556224,5028.5,18423.740767080126,419351.62529546063,23.766736897594537,20221654234.935066,-541.7434210526316,6699.377969452709,6721.246246927879,821.75,13766.831581134844,292897.8866949483,9.64502849610648,6821478874.818182,grenade
-3223.8947368421054,2475.4343916808134,4064.636847463053,-2371.0,9778.407942849872,127322.65734882468,6.151845128964897,4575667377.139534,-909.9122807017544,2074.120603739096,2264.93192776889,-521.0,7099.442348563894,33101.44860846456,11.147769294106363,1012870328.0232558,-1261.374269005848,2752.3496969089447,3027.6218225836587,665.5,1396.7750423476432,150845.83456168993,6.747589568149257,1828847564.9534888,-197.12280701754386,7441.545626575423,7444.156010821528,351.0,16857.83135408997,561164.9017584025,15.10650722155999,9427556148.27907,-644.3040935672515,10717.18269478388,10736.532618977255,4421.5,11578.599657436293,229465.4627816676,26.828774121732575,19667676881.534885,-33.75438596491228,8242.451086678157,8242.52020166489,3526.5,30292.812768836146,166973.37071594625,14.715333587065112,11550242369.302328,grenade
-3104.5204678362575,2864.593547277089,4224.209219051039,-1778.0,9570.293829072738,141780.87994827877,6.037725570402902,4672098225.476743,-1047.374269005848,2028.8903919373786,2283.284713274134,36.5,7492.659930652366,75046.8110420903,10.975784964051883,1072801618.2790699,-1350.1345029239767,2891.219516372025,3190.9267412205277,266.0,1450.7001892604985,145264.28498211692,7.157509331197447,2040898825.2441854,182.7251461988304,9091.915925340558,9093.751902955932,405.0,22230.928689890854,630974.5652434307,16.390774639560124,14064532052.465117,-656.7368421052631,10589.515849409734,10609.860941816267,3050.0,11589.66225052358,445644.7481105807,27.10604766967504,19210733901.732555,15.070175438596491,7436.285052826329,7436.300323216918,2774.5,30126.180599126656,415082.79928534647,15.461502534755406,9401115737.825584,grenade
-3166.762195121951,2362.0355779491597,3950.644867860337,-2665.25,10302.570847405397,71488.50271069075,7.066732668248741,4153656033.5301204,-1717.1097560975609,2219.4083781335084,2806.107528840375,-921.25,8805.737260998603,41274.42256157757,9.40783343925971,1753556102.2168672,-1460.030487804878,2846.4318087306115,3199.040960518194,43.0,1226.5790133285764,143050.9373838022,7.47074655564524,2003520100.2289157,-208.7621951219512,8392.889122072333,8395.485064575614,223.25,16189.149050886024,557220.9106688972,12.188731736369325,11427292934.10843,-934.3170731707318,10820.559678931504,10860.822259780176,4390.0,18127.28133790109,245429.68036821517,26.32890152735376,19279292878.81928,-142.5609756097561,6491.713722212343,6493.278885349591,1677.25,27898.327444431947,110514.94017986693,15.86629755125027,6834811056.698795,grenade
-3259.065868263473,2663.90796881575,4209.265494121272,-2460.0,11786.42152099742,58133.17978515385,7.738838864248267,4704513458.452382,-1245.0419161676646,2693.796037945601,2967.602814910693,-565.0,8908.057578335682,91911.81673162551,10.185717645477707,1719289757.047619,-1360.3832335329341,2599.4317682529613,2933.8861702322806,51.5,1359.0785711005421,106214.3358898324,7.65891155464694,1736145131.8928576,282.23952095808386,8504.397284708813,8509.07940516207,265.0,22426.486209408416,588276.4706030358,13.332205117008103,12032790637.035713,-879.7305389221557,10093.981591844347,10132.24507192778,4442.5,18801.498623557585,198170.33881632212,26.926200162773586,17171044151.464285,-158.46706586826346,8147.252914039341,8148.79388966781,1202.0,25045.874296982438,418894.59549073764,13.537672265489997,11027435713.25,grenade
-3036.929411764706,2951.3431171277425,4234.780566577071,-2433.25,8567.70121756882,157489.4459542172,5.5893377381176315,4562896858.186047,-1716.0294117647059,2155.4668838491216,2755.139638822643,-929.0,6903.6387284865095,36227.19605408616,7.6955306644774994,1770225399.1860466,-1420.7882352941176,2803.5947789521,3143.0531166554674,535.0,1706.8084458544313,132955.6974365987,6.620759905680715,1999048433.372093,-704.8,9118.558760345977,9145.756223838593,133.25,24260.01724212677,539221.2474393018,28.468088431216454,14138655747.558136,-1385.6941176470589,11676.624725365813,11758.559144925277,3719.0,10769.481489717005,279858.0273109033,25.359153664722154,23580458406.883724,296.38235294117646,4256.76804363776,4267.073549456418,1060.75,7833.676076247327,97155.65097256092,15.46257849560081,3074119668.2325583,grenade
-3299.447852760736,2449.1568854882803,4109.102771022171,-2671.5,9595.73320403934,86392.46098080726,6.443731170284458,4499084573.841462,-1645.441717791411,2791.575708040129,3240.4279625333593,-1117.0,11120.91071661278,120041.38882804733,10.963255976240122,2139752531.658537,-1560.8711656441717,2712.4196997466097,3129.4631206187564,-630.5,1211.353548073215,154227.18493051492,7.6917094413296105,1981311603.7926834,-294.60736196319016,8835.433708379036,8840.344015528097,116.0,16371.96359395648,543980.310739456,15.571329949322493,12675110145.19512,403.39263803680984,8895.782046914339,8904.923573317503,3711.0,10015.949689851617,337490.57960936637,12.733123353425976,12873067608.231705,108.11042944785277,9201.43443739055,9202.069526500663,2569.0,31761.1640817361,220172.92217069387,15.1059593579703,13720259373.597557,grenade
-3051.4539877300613,2494.358385855033,3941.2174764048505,-2461.0,9316.925856800572,81347.34127285317,6.0924669855944975,4024971286.2195115,-1922.920245398773,2295.893886043188,2994.787305658779,-1509.5,9291.28723423308,49989.595479385294,8.833686857066576,2052029704.743902,-1350.4478527607362,2844.673748969855,3148.948735864764,322.0,2118.4658226133433,133470.84407409182,6.0426936513198015,1901884764.9999995,-2178.429447852761,9058.17945384328,9316.44620428308,183.0,6247.315938326987,311913.4203410599,26.235209637785537,14830317588.573174,330.84662576687117,10941.177176481113,10946.178214195697,4555.5,11991.921792598601,454793.096807092,11.405910831111814,19429112141.829277,137.42944785276075,6085.46232871627,6087.013931917847,1216.0,27318.474122065927,103493.18825829902,16.927086138386514,6005667365.000001,grenade
-3297.61875,2296.800146050683,4018.6540447331367,-3054.0,11101.04185786783,80266.16475353586,7.555480886852477,4270451565.839506,-1615.3625,2770.8589856926587,3207.3439985445902,-1307.5,9427.508539090291,70810.59829430316,9.802926534779186,2037986572.8641975,-1406.425,2867.447729580262,3193.788935183413,296.5,1937.5257212542751,142887.81888385274,8.709639455332963,1924494930.6666667,-419.08125,8562.094228321039,8572.344292476242,116.5,21006.257157824137,457307.37636223127,15.310707087349241,11640286844.160494,-427.03125,10423.897055217565,10432.64038996121,4286.5,24479.737381306324,321961.04715223244,11.453140022436648,17228232266.580242,1219.7,8092.594873401238,8183.994127258401,2625.0,17750.99013290213,316417.9297194918,12.375246510395787,10819660986.296295,grenade
-4114.09756097561,3287.1366927499867,5266.029469918373,-3484.75,9984.329086017884,133865.0377479293,6.51402744757251,7235489688.457831,-1562.2560975609756,2385.916660837679,2851.8840135652904,-922.0,6463.116112990585,67262.01812637602,8.435400312737691,1713228622.3373494,-1806.5121951219512,4229.9904262242535,4599.598386497801,764.75,1693.1842626569646,212418.72507503224,7.368743384691255,3956595344.506024,-277.3719512195122,10479.670026663523,10483.340072089293,290.25,26123.343048309103,661120.2386675023,29.863467476262237,17854294056.132526,-2846.0975609756097,11952.625733173072,12286.803214990563,2593.25,13682.08224488106,299335.7116295285,23.15904619839602,25774257642.91566,-108.07926829268293,6322.236137657458,6323.1598832021145,38.75,10940.936512775337,77481.03486031631,37.09737888853891,6508053407.746987,grenade
-3689.5833333333335,3087.2320188037943,4810.823911923867,-3214.75,11336.680164321311,87154.86319850804,6.749505929060441,5661521262.316457,-1026.0192307692307,2198.322301651391,2425.9712289815297,-435.0,7547.08586697168,97797.04462272674,10.588500812503662,1068653222.1139239,-1920.6089743589744,3143.728666795575,3683.9881599728997,-588.75,2906.8071337535903,163663.5514398492,6.559799697145657,2658556969.6582274,-122.46153846153847,8604.569109270551,8605.440510782431,190.75,23053.133710691964,491309.71187620604,18.501056805648897,11408440618.936707,-1038.025641025641,12545.111960006023,12587.983608207982,5083.5,18674.47770817009,346638.88886698085,23.44977590260148,24573275374.531647,563.8782051282051,9246.726367597199,9263.903450891308,1654.75,20295.38852189512,315207.4776556882,12.303304613771965,13267521722.36709,grenade
-3579.059880239521,3064.769750757285,4711.951108776173,-3315.0,7931.684378146301,189150.1931709051,5.883912675902499,5812225783.392855,-1729.1437125748503,1634.861565585335,2379.6449981804576,-1579.5,4552.692131716303,92269.90778499388,6.622170198947371,1436391121.0119052,-1283.4311377245508,3538.7110977419366,3764.262440181725,1286.0,2521.8257859715764,219021.60256526418,6.790459425355476,2625694103.857143,-160.02994011976048,9002.838241371506,9004.26043504051,598.0,32368.29159325063,615564.4397130995,17.0272452231986,13463467135.464285,-2937.5449101796407,12013.44080837652,12367.373615917351,1778.5,12541.104343068188,322965.24252000207,23.78222348956543,26823424434.595226,1226.9580838323354,4101.428803694631,4281.02141681836,3527.5,3783.218794916061,204902.0,15.215771848659543,3292324755.797619,grenade
-2582.1445086705203,2786.9934879114085,3799.3161181083524,-1264.0,8049.630339436179,102659.84600071171,6.5064304124604,3629712272.8160925,-1165.3757225433526,2827.6463124091606,3058.379349062926,580.0,9256.059547789095,63286.1378997834,10.447365813039243,1842488550.5862072,-1124.2023121387283,2470.398306233175,2714.1662863682104,641.0,1496.848615249896,89997.96674046543,7.590428744049704,1484500669.3563216,185.54335260115607,10368.365087849741,10370.025117165138,383.0,27747.168862905102,656443.7807448868,31.347833729985073,18502975958.816093,-1051.5202312138729,9718.51038181769,9775.230884135182,2857.0,7785.015743119703,193435.46173502927,28.230154354331017,16626218907.218386,53.994219653179194,5921.620601583619,5921.866760140378,1020.0,23020.579902633104,218008.36559330046,16.51310342125752,6032486023.597701,grenade
-3428.954248366013,2823.019290217385,4441.527344318258,-3222.0,10541.55856629025,142890.7528649073,6.309758369086212,4785908090.285712,-1386.450980392157,2198.978503020756,2599.567805958863,-850.0,7490.722125597255,76734.87050406507,8.58151015509334,1319416226.6493504,-1774.3790849673203,3128.646323424701,3596.7831397303294,75.0,1723.9176235383118,138690.5858896308,6.3269949217116634,2445065503.7012987,130.90849673202615,9246.145514074726,9247.072179990853,323.0,17909.345654712262,550590.1201780352,11.303222485028899,13000428462.610388,-1254.437908496732,11527.56150930108,11595.615068507297,5208.0,16329.796632719068,229538.23581043948,23.57198459041721,20677732623.1039,730.1895424836601,8059.803305918001,8092.812001896449,4098.0,22042.79214195879,456307.382532041,11.383581675559826,10036499740.974028,grenade
-3274.644578313253,2984.78872739251,4430.830719114169,-2316.0,10035.624094385286,102393.46386091292,5.964285931871439,4979040488.738094,-1431.1084337349398,1837.9360904502296,2329.3948616940725,-322.25,6951.060223320152,20631.219297471598,9.81687750284891,1225951465.0714288,-1478.367469879518,3264.573256290748,3583.714402918674,936.25,1350.8038007936136,171302.2804397803,7.433762520877125,2465049660.2857146,-368.68674698795184,7701.492948566031,7710.312805212047,130.25,22401.376238555422,515174.2090192342,17.34430719095757,9773906789.761906,-1249.8192771084337,12068.2624697853,12132.807064527988,3544.0,17121.85324344721,310371.16360281873,24.87541804610493,24429675173.285717,413.3614457831325,5745.108633151017,5759.960146699477,1001.75,14277.390883010446,107733.86865491906,11.936451975896262,5469967368.666666,grenade
-2688.0696202531644,2691.040333668654,3803.605705217024,-1486.5,8712.203100562765,102481.14055151587,6.006828910726143,3384677249.9,-1749.392405063291,1896.7563212549994,2580.321361597025,-534.0,8639.978267688894,49723.102191189246,10.118966786013091,1516343370.8999999,-905.6012658227849,2871.9474756750637,3011.3445428406567,1010.25,3228.621357085479,158085.54658741615,8.271692519637021,1542835015.7,-601.4367088607595,8417.949461996574,8439.407518273641,178.5,26644.883229685915,582516.4977101074,12.932518231422739,11169342738.575003,-1408.253164556962,11360.667271774064,11447.617124775052,2804.0,21151.05391009279,367558.2378554439,24.648316478140163,20781366965.4,1465.386075949367,3949.2903700405127,4212.3925242646865,3593.75,12398.971756696761,231531.0,15.108205501617617,3103771943.875,grenade
-3569.783950617284,2974.0947013887835,4646.353058788536,-3410.0,10208.509561119263,168574.39839032572,5.6279759494766495,5493954047.390244,-2008.6543209876543,1978.552820427615,2819.46155221958,-1370.25,7610.033802462674,35728.85997539205,8.013846545709413,1917747389.6585362,-1892.5740740740741,3475.879003856622,3957.723016496814,286.75,1857.1335756085628,179190.69336636964,6.615529735283794,3079742634.682927,-550.6604938271605,10236.592255336709,10251.392489875776,511.25,25075.445518724737,664489.1117823423,14.587053456814235,16865805990.024391,-1577.3703703703704,12098.679993242038,12201.071873577235,2919.25,15889.305196224994,320920.69911136874,24.373680344840118,24245833767.146343,758.8395061728395,5972.987708992259,6020.998220220733,1531.5,12197.331653764211,122932.0,11.885470439036531,5893426189.804877,grenade
-2913.723926380368,3134.5673046829024,4279.637754150282,-2138.0,10279.341567563655,83404.68706924615,6.841749100092686,4342587446.646342,-1905.926380368098,2082.794552507372,2823.223072188491,-1033.5,9597.91503982237,28797.872221355527,9.87002623477098,1879780059.8780491,-1485.9509202453987,2933.690064809877,3288.5540186748235,892.0,1258.226810451,131578.32977786398,7.777463304632568,2109746709.0487804,-380.58895705521473,9063.142138353605,9071.129663621457,93.5,27018.46312542694,603383.7569742802,13.740532374261113,13354201718.634151,-898.6441717791411,11076.434449712826,11112.828688783862,4382.0,17006.665446955245,270055.66926699324,25.346160910279536,20137766638.036583,651.0674846625767,5072.106122403021,5113.721676675713,1745.5,16104.489249315951,106124.0,14.176206246695848,4305156234.304877,grenade
-3011.529069767442,2766.727084622344,4089.509273597165,-1853.0,7821.650203858179,143124.15984691677,5.238525543309937,4385469919.988506,-1486.3953488372092,2360.655005078383,2789.6349556969835,-1070.75,6804.720171882256,91555.51413631592,8.35811593377839,1698779548.689655,-1169.7790697674418,2759.9361738540206,2997.6041693015363,972.0,2265.515452538096,149250.81204941543,7.16052380071768,1760421239.2413793,-601.2848837209302,8625.63050645908,8646.562620217865,384.25,23699.769602219807,544722.1757200222,16.47546630127135,12773073111.758621,-318.91279069767444,10741.593601643084,10746.326743168116,4726.75,11263.687236463726,561478.8820875483,12.651110346217921,19652427064.678165,627.7267441860465,6676.0647736056135,6705.511294953143,1717.75,9688.029038054992,379215.65178069624,11.680989726746853,7711965573.183908,grenade
-3422.9375,2951.0747230617103,4519.440579319525,-2795.75,8556.594748492162,160419.99418850773,5.548784465373711,5079206350.839505,-1978.35625,2140.5356319939965,2914.7532046041224,-1123.5,8151.262797845013,80549.76012747921,8.79541237163352,1961044124.2592597,-1641.71875,3198.882555229003,3595.5653319401667,570.75,2831.6385483254494,185638.58646533758,6.120909357804321,2468875190.7777777,-2988.275,9374.996189299225,9839.732772031972,85.75,18828.86710962732,443067.08131074364,26.095614663714386,16711377195.777775,-1502.15,12367.599049633684,12458.48951016936,4194.5,18897.881177206906,294768.5014620914,23.92750953983911,24914680625.012344,1196.61875,5972.608596618268,6091.301164878486,2574.75,10488.56393203188,191459.0,12.653712175217443,6089621604.506171,grenade
-2817.5416666666665,3296.9195594671737,4336.844431726829,-1257.0,9668.905442022495,155861.28522029181,6.603191634411506,4440594596.905882,-1810.5,2338.523292694813,2957.4653743494937,-1237.5,8787.394994615765,79153.88092114152,9.469211816738714,1996360511.1529408,-1378.452380952381,2710.982331206417,3041.308298523296,474.0,1377.7426067327174,136836.81567196205,7.938157317227576,1851110425.5999997,-7.029761904761905,8537.549789595872,8537.552683725058,274.75,29224.68903369105,587404.7650467138,16.69484138758762,12101698485.18824,-1078.095238095238,10560.962713849085,10615.847718656965,3602.0,14376.728694545407,255748.04254498318,25.730634515347067,18903285966.588234,539.7857142857143,6458.932775384706,6481.449005761421,1701.25,19926.93470649538,385852.60192449094,17.387567922090703,7024093839.552941,grenade
-3074.9695121951218,2878.4806765319886,4212.0171540602205,-1931.75,10615.167587531823,104403.25489323649,6.810177183902072,4406501182.493976,-1475.5792682926829,2161.0498097688314,2616.7671767501733,-673.0,8275.281183252317,53111.15693474061,9.684681019830968,1462255442.5903614,-1287.621951219512,2835.637729451503,3114.2915120378852,1060.5,1284.583884938129,118548.3295963037,7.337445602646532,1840077514.8674703,-476.1768292682927,8485.833240154265,8499.182910870846,115.75,21043.122369147834,503132.2055722464,13.914054426837307,11741109359.698793,-520.7256097560976,10895.463421750816,10907.899813225544,4287.0,13368.510856417566,297536.3555397368,25.843623112047574,19322260128.51807,-344.3353658536585,7430.446515386377,7438.4206833302405,1196.25,28451.85869172748,182212.86660382626,13.942611024777976,8984147811.40964,grenade
-2776.0683229813662,3152.4248344642374,4200.516357640743,-1574.0,10166.294779839289,144100.58701039362,6.986840653311309,4056299367.740741,-1812.8757763975154,2220.8497751308914,2866.8261726773435,-612.0,9729.312894252247,71181.5082154185,11.068464789499094,1840904761.419753,-1344.583850931677,2684.8067433579276,3002.6809656316236,59.0,1800.1860509079802,138396.3724344431,9.810854780006402,1731906608.9753087,-217.19254658385094,8309.162757649665,8312.000862331748,286.0,27183.898398757898,546767.0833673903,14.97548057919975,11062271718.74074,71.14285714285714,11388.297518544912,11388.51973159895,3743.0,18955.08064605693,363134.0905332627,16.51886299112818,20753351515.839508,402.54658385093165,5385.737142751335,5400.759976427518,1489.0,20249.19408618921,64810.0,18.799972658813292,4693021382.962962,grenade
-3208.25641025641,2945.9145001079187,4355.608044337488,-3115.25,11864.135522312814,85716.99159007253,7.909306618360244,4507477165.873418,-1247.025641025641,2398.2677801897735,2703.1021613826947,-809.5,8845.969740047109,85081.71477019587,10.846539806460587,1364975754.506329,-1737.525641025641,2816.527896252437,3309.3541278608645,134.25,462.3199450206465,130333.96618056997,8.709376355191775,2151875310.202531,-470.0833333333333,8229.660350624763,8243.075143835767,158.75,15268.846911607463,406938.3678296352,32.24337658772272,10527351554.51899,-127.7948717948718,10751.494849982699,10752.254323557527,4773.5,26404.62506757717,185277.46042740875,25.87882169277908,17809760328.962025,386.4166666666667,8219.655504633416,8228.733466040094,2591.0,23882.757019974426,191890.2276143547,17.594955468229355,10452908188.037975,grenade
-2918.8509316770187,3305.127342170793,4409.484948303687,-1571.0,12011.285635487953,67510.89749992428,8.833602448108287,4474292335.950618,-1370.5714285714287,2341.4705330881957,2713.1071298672755,-346.0,8467.222910272447,90778.68594037235,10.372714508389967,1478363647.6666667,-1745.2732919254659,2689.019373748034,3205.74547584499,-606.0,1734.2693537055106,124507.37590356669,9.228903527972552,2131727506.5061731,-814.5900621118012,9951.767148216622,9985.050142168286,362.0,23672.459915532203,600556.9052960929,17.164047221703814,16058984865.444445,-1868.6459627329193,11001.074820109123,11158.65067701633,3043.0,29473.4437875632,207765.87918286092,25.404839356322306,20481961795.172836,805.8322981366459,6992.867880596527,7039.145323702214,700.0,18803.565855289537,129739.0,16.649958341242687,8032139082.901233,grenade
-2812.0059523809523,2703.9731426027424,3901.134223805028,-1618.5,8894.310845134685,116136.91478152642,6.416530907494813,3839507146.6,-976.8452380952381,2766.1094217676223,2933.528242983345,-322.25,7636.307399250958,90645.76694066868,10.340130269404781,1587176984.5176468,-954.9642857142857,2228.3544080267193,2424.359741202181,621.75,1200.4005555900112,83403.64135058934,7.349938081526225,1127218255.929412,560.3452380952381,8449.41446758865,8467.97447037675,479.0,21596.923463399624,588258.7043576278,14.503933707974335,11957113339.035297,540.5119047619048,7831.193301385671,7849.824306496111,2597.5,9284.824895634743,339362.8939964185,11.492655839127183,10278831420.47059,319.13690476190476,7932.226249479004,7938.643564041956,1387.75,22575.95321346402,437008.44223474676,12.842442170626793,10480220875.917646,grenade
-3680.460606060606,2813.1126198722445,4632.428400401725,-3566.0,10263.112868598897,166236.70026322108,5.546372661573355,5741060912.445783,-901.369696969697,2604.078724370308,2755.665678803097,316.0,6183.118905732578,98548.99216268133,8.660607327629794,1378660988.409639,-1424.7636363636364,3226.501869491044,3527.076088395788,1022.0,2567.4275288100657,160187.47687517776,7.0358730101303895,2373202783.0481925,343.4727272727273,7994.016600739115,8001.392061839785,287.0,30959.960345771455,542235.793880472,16.917179565061737,10519387131.469883,-856.1818181818181,12553.458350142415,12582.621501680222,4012.0,19649.712641505314,235711.62397857034,25.091630049679974,26086045595.42168,-252.4969696969697,6759.271940912197,6763.986390502947,620.0,13459.623062117342,215513.22380745408,11.08206001352197,7513979719.722892,grenade
-3294.475903614458,2990.796830805179,4449.5434780043,-2346.75,10457.772471715562,154138.14935275554,6.323985534444937,5027666653.761906,-1618.2048192771085,1915.8762395514955,2507.821485355295,-1117.25,7334.114549345261,44914.80093350315,9.42226410814131,1461115634.0952384,-1377.2409638554218,3244.4079790783876,3524.6242079445738,815.5,1434.6755336522624,170833.85417299622,7.546570828053291,2348794577.642857,-462.76506024096386,8951.32571181611,8963.279728983136,139.25,25127.382866983575,628940.523335433,17.19723197440709,13212941310.333334,-1373.1807228915663,12158.5744305904,12235.871749978736,5767.25,21139.990170177087,316343.75857459125,24.766930911001456,24886296188.809525,580.5240963855422,4394.580447512632,4432.7582311857,1340.5,15468.223995690405,96367.0,17.2018896641761,3278622175.642857,grenade
-3296.7798742138366,3024.0080709515078,4473.63189726214,-2781.5,11642.335372436879,97195.46202427763,7.732757255918728,4879571116.187501,-1503.7169811320755,2068.0942131869383,2556.986201363289,-602.5,9933.171027629522,27730.014112594217,11.505227038042879,1390351220.4375,-1650.6477987421383,3484.3684631000347,3855.5754099924393,820.5,2903.311041020654,130201.38843843357,7.118103525038522,2779345721.9499993,-1394.245283018868,8854.218087788755,8963.319577887754,134.0,22060.455249224946,331105.3251802344,26.684821243215605,13001547088.1625,-1598.0880503144654,11693.713277597593,11802.407196636632,3935.5,24301.425434688237,273091.7662150392,23.626593235840726,22413297333.0625,188.49056603773585,4754.424059410714,4758.158974875543,2121.0,18856.74891151227,63667.46316469085,15.330656469354171,3582887395.275,grenade
-3096.63125,2962.407474550629,4285.43850075462,-2140.25,12532.942520604809,74595.70401474588,8.63779315618635,4417462344.209877,-1041.84375,1966.7469637286688,2225.653166769252,-53.5,9183.413574065411,65003.235843971896,13.516471242874879,954356680.9506173,-1377.73125,3021.6032348777094,3320.8778216384294,1025.75,743.1462465026322,118953.27825915582,7.79206154997568,2042694524.0123453,-261.43125,7286.066138203348,7290.754835320551,222.25,29470.097093602177,452110.4924738264,16.335142603548743,8411616348.45679,-527.8875,12275.329794952304,12286.675172214003,6088.0,35783.69012341563,247144.3749765861,23.4389738088673,23900409778.419758,1112.10625,5140.487118937362,5259.409485032516,2731.0,14733.62155362622,177937.0,14.107874925248787,4566942107.765432,grenade
-3258.135802469136,2933.0407671990374,4383.854131855064,-3536.75,11372.778385647514,98883.92230865339,7.418525378325047,4774127778.707317,-1545.3333333333333,1802.5383816396118,2374.2787806816327,-590.75,7702.394190954932,26129.37599466831,9.049134319534623,1284245737.2439024,-1504.216049382716,2898.1863607638697,3265.2947960235188,134.5,1605.25714222302,128148.77697232249,6.921026085639039,2068292513.6829264,-221.17283950617283,9424.63572245584,9427.230554405993,159.5,23182.043147894256,622422.7852608804,10.881127118516927,14229624946.731705,-517.395061728395,11573.395358661037,11584.954802578117,3655.0,17389.316438324455,357215.174125744,24.707697210563563,21519926370.78049,-70.41358024691358,4764.000421946812,4764.52076211161,1278.75,23417.131237184123,126140.01764660898,17.074901856445575,3633799497.9024396,grenade
-3266.6,3001.0217805774087,4435.854741478805,-2243.0,10609.80262335287,159145.5401041653,6.9213339395071865,4795656175.901235,-1044.21875,1983.689758606027,2241.744377990051,327.5,8377.04497371231,33131.826657207166,12.792158072974331,966485751.3209875,-1263.51875,2991.6206414163607,3247.502685718674,759.25,1009.0013166748267,142373.8384039254,7.902317313572811,1918861458.9753087,-406.0875,7794.644262558988,7805.21532294273,638.75,16230.308194548641,441915.4283432975,18.909352467944583,9653199017.530863,-1075.73125,11511.804799705536,11561.95690481287,3553.25,23214.013530096094,208468.74282324247,24.237629123388583,21307451466.283947,-494.46875,7135.069923380109,7152.183034308476,171.5,26472.33801360023,122053.15406308205,14.537067603736315,8122504631.765432,grenade
-3439.8875,3018.5285384345384,4576.4987217304015,-2681.0,9918.87598030418,97720.30376639416,5.964657230913407,5179604158.049383,-1710.075,2424.041489821286,2966.5356310012526,-515.75,7697.780357049623,89881.06384501094,7.050932078291702,1852792383.3333333,-1738.01875,3405.487693546761,3823.3565889477272,527.25,2628.4822066869897,159630.34242544541,6.386382019588525,2787361616.111111,-433.08125,10186.503046907139,10195.70515922023,660.75,20014.9704170331,603108.818971201,29.736681843560675,16489558055.765432,-2341.875,11709.142581093416,11941.038417993637,2746.5,11706.94153741528,327752.859126555,23.337903769616872,23416903768.419754,66.2875,6857.045753627705,6857.366148894194,266.75,16873.56418359543,149182.0732855862,14.890705486115428,7431563797.358025,grenade
-3330.9325153374234,2791.820168696674,4346.190432559717,-3118.5,11267.757218090572,101367.03098656239,7.661450252744419,4857669029.256096,-1162.2699386503068,1737.3619733721664,2090.2865920274703,-507.0,6972.532089300074,60442.76509120135,10.937713232115026,926702329.5121951,-1332.1349693251534,3072.3945229222545,3348.7597227901547,528.0,561.0124299797375,147619.43490464645,7.784710657064923,2104260791.5609753,-761.1165644171779,7301.916991252978,7341.477383454855,499.5,15532.057347212305,471208.92488209973,15.330214128831933,8825539526.939026,-2002.4171779141104,11711.999084791585,11881.944164006345,3209.0,27798.540768925734,275898.0557321265,24.4485797384628,23521709317.23171,255.24539877300614,6183.596167232409,6188.861912581839,1772.0,22420.61780288073,161045.39493795353,14.409947183138042,6215714187.939024,grenade
-3167.430303030303,2475.768364903608,4020.204437738474,-2729.0,10055.514189151185,128942.48963694504,6.803194096734393,4296081784.253012,-1188.090909090909,2257.435020221715,2550.9944881923752,-259.0,7345.056969177961,65937.36373166546,10.081956376693428,1298785499.0963852,-1421.709090909091,2818.372977915561,3156.656931283186,136.0,1041.5667711225851,138550.2624946461,7.5635839842020305,1965733517.4939759,-530.709090909091,7882.986196227756,7900.8305581812665,296.0,14683.523090966442,494082.7242659663,16.34741900539334,10283960945.92771,-822.1878787878788,10694.139549779406,10725.698747316272,4192.0,18748.538180647167,205832.44686730867,26.300934663001772,18978220558.28916,-4.315151515151515,8454.074658828318,8454.075760103866,2429.0,26927.745231543926,451814.312808934,13.923663546965521,11721742705.506023,grenade
-3796.3515151515153,2843.075027108928,4742.927412090938,-3667.0,10049.325869953627,119425.99681783034,5.6938782530251135,6053076158.33735,-1193.1636363636364,1610.2554372593002,2004.1362319871462,-757.0,4914.51388520233,53264.3996264206,9.156573803417082,892225818.2168677,-1195.2424242424242,3672.325997530663,3861.940274635081,1360.0,2870.0863055406016,218341.5756241141,7.074296925420641,2680381143.493976,-1331.9272727272728,6877.514852930999,7005.300908035372,441.0,24615.605906692468,452865.95983838954,17.898748743071717,8339422770.686747,-2631.9636363636364,12714.684036823464,12984.237472389126,3314.0,30382.339043281292,309316.3981083471,23.89214711384062,28785952808.168674,799.3090909090909,5426.380934274403,5484.934372138528,1858.0,5729.176847546012,209559.90241322631,10.899873625336689,5038822695.397591,grenade
-3343.784810126582,2580.4868722776164,4223.719848004882,-3563.5,9991.701547804141,100786.60403894236,6.1865043045627335,4527964686.55,-1288.759493670886,2623.888819499297,2923.3018266371764,-349.75,8500.673031793893,69998.1618421547,9.609330074248362,1592504262.9,-1711.6898734177216,2902.6360387485297,3369.7445298126877,-132.25,1764.3896795811283,126530.13599887228,6.621361676631245,2228830152.3749995,-593.2974683544304,9459.529958958,9478.11737268429,208.75,11223.489979018916,442689.87723823515,26.124182392919295,14071393440.375,625.9873417721519,9354.370693057386,9375.29259357754,3786.5,7075.162469445669,280207.1551602987,30.514973131878275,13803203735.075,-288.126582278481,9136.03184069011,9140.574091462691,3194.25,30737.97582329643,289560.52931207564,12.402029912146538,13049195541.424997,grenade
-3029.8588957055213,3038.309876637001,4290.847449438844,-1309.5,9675.128136722391,100010.85358581568,6.252356895081358,4469977755.829269,-1569.644171779141,2185.95625122782,2691.1312785299438,-473.5,8008.363680928843,29194.469657735248,9.530212038622862,1572426385.0000002,-1220.6809815950921,3201.492289514743,3426.3121484549984,829.0,654.7315754095686,148596.78927140887,8.246600176532878,2143288342.3536582,203.96319018404907,8665.444149343617,8667.84421227929,296.5,18374.839512290808,543179.1686104123,17.4575067479554,12178504504.658535,-510.41104294478527,10877.512047350081,10889.480601617606,2474.5,12557.904890975717,255902.3847062131,25.82977133752018,19253016409.45122,209.61349693251535,7855.242809683328,7858.03903128369,2148.5,24428.87860209228,474102.4652290643,14.365877787137297,10010796652.963417,grenade
-3241.3987341772154,2974.9799083246103,4399.678534718276,-2641.75,11029.957038583054,76829.19434522165,6.8553347401749,4659506147.175,-1858.2974683544303,1835.4909511533263,2611.952624504937,-1093.75,8703.57213880313,54528.82099288603,8.638483264197086,1603246986.4500003,-1523.1518987341772,3096.083778216749,3450.467572424704,511.5,1228.8610343026771,142891.924126812,8.064654955674886,2219568698.3500004,-1506.5632911392406,8952.658471185552,9078.536591978838,135.25,9263.235421965699,466802.29738023994,30.583938270604243,13241363354.724998,-2085.278481012658,12700.648903422923,12870.698073973781,2113.25,20390.456723066807,267631.07045079704,23.999156684983152,26589461998.024994,-23.79113924050633,5192.395382750389,5192.4498870103625,711.25,23539.252360143557,82081.43293609784,20.359482156389422,4207427193.799999,grenade
-3309.6898734177216,2829.2673849367916,4354.170528777081,-3037.0,10872.125822271963,165758.68441188958,14.92909479232397,9393013809.408806,-1562.7784810126582,2719.8981368757127,3136.896946935969,-150.5,9235.994995944222,73535.21550290292,18.976901101213297,3856832216.2767305,-1557.9683544303798,2945.5218905754746,3332.1711542575094,406.5,1732.5542253009314,285644.6218445781,16.462916762168465,4248788187.119498,-562.6360759493671,9424.17915996286,9440.959283517643,298.0,10329.857615318904,1047301.3439615003,53.59538953166065,28106124876.79874,-1457.0696202531647,11125.130356008913,11220.141590749008,3883.25,10699.353168148462,348624.0195527128,50.84581397918892,40227827258.591194,-1178.5411392405063,7993.598978436083,8080.011376535104,506.5,32978.589541588044,254090.42263170204,49.032807056252615,20944068979.18868,grenade
-3046.4502923976606,2646.048251061261,4035.149406279048,-2420.5,9282.816585157296,136412.43714587198,6.545770175195436,4345907943.33721,-1079.859649122807,1981.9945926003313,2257.0776297904745,-397.0,7027.427438630142,79513.05640387493,10.966987700037722,1064320767.3139536,-1266.2163742690059,2684.849037970468,2968.453850602683,210.5,1512.9541294771836,139353.46550491673,7.7428077725836015,1770614321.290698,221.41520467836258,7345.258162303074,7348.594570647008,285.5,19573.91956309319,538460.0355878861,16.0986102026399,9188961614.848837,-75.12865497076024,10172.49337406696,10172.770800535807,4480.0,10860.9629218171,443086.6603499005,27.726235000891133,17594056404.09302,-31.07017543859649,6800.309410383233,6800.380388827418,1958.5,23848.717555544255,420260.00204367144,15.223300891921083,7862112466.953488,grenade
-3024.4615384615386,2960.860610736854,4232.500815575368,-2074.0,8124.789995729647,110367.41549704799,4.812061358135205,4168145938.556961,-1464.0448717948718,2037.8229124105696,2509.212946119631,33.5,6438.404627560517,52481.38021517735,7.9506445073991445,1299917345.101266,-1098.7435897435898,2633.8355814574334,2853.8267897953874,645.25,2752.2419498270733,153138.7245116476,6.717933625766473,1440377979.2151897,-210.60256410256412,7436.209718873612,7439.191382339677,562.5,27294.86277651883,517951.58416238823,16.10756267691702,8531205700.658231,-1723.0,11094.719595259536,11227.712674335584,5040.25,14745.97063986112,301784.24390022684,23.54346196547415,19873994278.20253,-32.17307692307692,5372.982773721785,5373.079098020961,2213.25,8125.565433528108,272894.915732125,11.74832023057779,4446869508.291139,grenade
-2885.8614457831327,2905.3841686685287,4095.052313683823,-2272.25,10879.571702843887,136438.78794759637,7.703921922838613,4116631085.4285707,-1424.4277108433735,2168.644422286984,2594.6122896754614,-129.25,7581.787164089749,28174.982653525203,8.875125983065958,1437022140.7857144,-1401.632530120482,2254.0705836976776,2654.3187347760504,191.75,872.7548731521601,101119.29562146246,7.890310520641935,1477858425.7380955,-502.4879518072289,7887.581160476756,7903.570756614967,307.75,17707.11472086191,544494.0501573294,10.981354781471284,10287397493.57143,-676.7289156626506,11093.069289871346,11113.691929110719,3560.75,21734.720169970202,242594.72497468282,25.570631725329946,20334478798.523808,-337.3313253012048,5215.49522465665,5226.392911123865,151.0,21705.70841005365,249000.1772273982,15.611345324445267,4499328771.214286,grenade
-3667.445,109.7952957780979,3669.088147619242,-3601.0,7225.104318864831,2868.093439402932,2.594170785426288,5329180703.6930685,-1291.58,313.32672021390067,1329.041959458015,-1155.0,2614.4846398651357,30450.32201546931,6.073080770157331,680106048.970297,-1228.975,364.8743679336766,1281.995653268762,-968.75,2677.9445397832606,7358.952730007634,4.192774063410201,624533194.3069307,316.81,1915.1718262077688,1941.1985215325094,1625.0,2753.1924951356455,169390.8563257206,16.374409948986667,766089928.9108908,-47.69,825.332656508877,826.7093382803898,334.25,2682.7429666828302,30613.192753911124,22.41044872064557,135805723.20792073,63.54,1451.5378804564486,1452.927923195091,1012.0,4199.715477649631,45983.45701978921,19.426716096072898,418841518.01980203,idle
-3650.635,205.83758591423484,3656.4333735212517,-3465.75,7579.436465337974,10685.91154812741,4.056065648366537,5286463816.920792,-1178.52,468.5844209958329,1268.2589443800505,-866.25,2887.0930094069954,13656.279779563629,11.38054318409446,593544444.1386137,-1211.48,386.4142331747111,1271.6130504206064,-923.0,2986.284338287044,6776.059861457211,5.146584983179558,610828857.5841584,-98.32,2880.949934934656,2882.62716111536,1933.5,5106.140279309731,152148.05424551174,17.227600528683375,1647378169.2673264,88.655,1117.229128681758,1120.7411097126758,863.25,5618.22867552033,68667.08068369169,28.154387159212956,250337980.12871286,-223.815,1931.1351715441879,1944.0617801397157,647.0,3399.7260229178123,39255.83602999631,12.690368207588385,758312202.4257424,idle
-3609.73,471.87759758225434,3640.4421627049646,-3397.25,6991.553515662719,14007.589042931793,7.318001794415457,5204553212.871286,-1514.42,803.8056690519171,1714.5178593412202,-1111.75,3782.5150788648884,64445.63960445609,5.837124913799175,1036245507.089109,-1169.35,468.49592047316696,1259.7094307815594,-801.75,2798.8304185485363,47125.295717870285,13.310830218113471,585003036.6336634,-85.28,6784.892640388645,6785.428565683968,2505.75,28590.371144621695,116740.21450137206,20.34759103817769,9119248670.653465,61.23,1548.9564639136893,1550.166197541412,786.75,5497.729243843733,101127.58106820332,28.258166072139133,476749199.46534646,98.675,3909.247870035232,3910.4930207072352,2263.25,5337.0976056914515,285071.7727443222,12.615969875441868,3030047299.970297,idle
-3235.64,1841.1380883573072,3722.7886953196794,-3507.5,8185.235590268226,125660.01861641277,5.662177615544113,4817531442.000001,-1791.125,881.5514729016111,1996.3120409895844,-1068.0,5498.7776124510965,38846.45500881518,10.178867379119142,1424437421.3168316,-949.63,958.5095164368479,1349.2730005451083,-470.0,4973.341985432881,13632.785893658673,12.712730378413273,539081261.4851484,-659.705,5650.938689100687,5689.316193972699,2220.75,19219.869592262072,286132.7704214204,22.252150009199866,6496389402.584157,328.985,4027.5409401736683,4040.9549805708057,677.25,8763.859687833974,194025.211198001,16.549291303903185,3255006744.8019795,-305.375,5289.987581684384,5298.794438832289,1290.25,2762.8392409793614,433105.71105147555,11.419011507941947,5578315146.306931,idle
-2456.8,1101.4470436657407,2692.406327061352,-1928.75,6099.314080292832,14851.050509618484,3.4758907657739044,2630676905.4455447,-2657.725,1046.519072628397,2856.34457742759,-2170.0,4568.231649732265,84413.35353280202,8.023549700033993,3014303007.6930695,-31.125,1042.9269098911006,1043.3912521197406,764.75,1320.9555538454213,7335.924645775801,10.433736904017973,215769926.90099,-7.64,6269.57444332548,6269.579098312741,4897.0,22733.53774632347,157276.6294050556,18.697875366309738,7784193354.693069,-56.665,3431.3452526341616,3431.813101700033,2357.5,13135.776789461685,98796.15622192867,18.777833651762975,2332898703.6534653,-555.63,3594.8361566419126,3637.5227408223855,1211.5,6017.582440448697,363785.65544351883,12.922998867649822,2681254225.9999995,idle
-3591.865,307.9794421304773,3605.044453956151,-3370.25,6912.165523226895,25323.71215310884,2.137817937772622,5128285180.683167,-1406.99,812.4386683928825,1624.7084199941846,-784.5,4747.174120115314,60172.02499847999,10.585933039477998,914716799.9405942,-1818.875,605.0603766360841,1916.8735808602507,-1276.5,3966.424027949821,28247.24798723366,3.1012074184819984,1382715025.1188118,718.695,7890.153300283525,7922.817781887957,7107.0,16107.825653137881,143739.0,9.365815875358576,12532201888.326733,-326.06,3010.690744065222,3028.295540398922,1358.5,9304.293677311434,52344.29494247052,12.373624138929504,1837011804.9900994,384.28,2964.6770568815755,2989.4784110275828,2774.5,7253.330781251731,199516.0971179219,15.95819582739192,1798994631.861386,idle
-3558.67,367.52861262764293,3577.5982795724844,-3367.5,7063.360011237779,16866.502780831725,5.3735207235974745,5042248087.405939,-1411.05,462.2894304437427,1484.8480124241673,-1125.75,2497.13637348421,32041.729866730686,5.215930257992479,830858807.3069309,-1494.845,429.0532961940743,1555.2004067000498,-1294.25,3679.5690845953386,11014.583370816916,8.195579663346946,921429682.4257429,-581.24,4260.82270722451,4300.284883586202,1046.0,19200.95148473318,143615.55643679755,19.316273546417143,3728935917.6237617,-453.43,1442.0251021046756,1511.6332756326847,190.5,7960.528927272187,28034.378161182693,18.727121638152706,493195247.2277227,-89.44,1277.9294489133583,1281.0554984074656,591.0,4741.270899359427,34138.95883852078,20.814734902360485,326568963.0891089,idle
-3478.245,611.0257727584001,3531.506870303384,-2946.5,5964.820196980162,70385.48153202377,6.693208714678057,4865294299.138615,-1753.635,209.56242930210558,1766.1121496099845,-1603.0,3240.48679514175,13181.249854015883,4.168528869087614,1226611478.069307,-822.615,306.043668085128,877.7004984617475,-580.75,1514.0506195828486,25572.652113196258,7.150748663736678,286545350.34653467,447.32,2816.465705028201,2851.7668645946496,2285.75,7409.210826130624,117873.33934193633,16.945661203736282,1650064988.5940597,135.705,1622.0317962281133,1627.6986806531484,1376.25,4489.220972554369,58506.968061438994,17.076974586694856,528292745.1980198,160.265,1324.814547314076,1334.4731001410257,1121.0,1044.5407822061409,49316.020213983065,15.616172311651898,357725593.7128714,idle
-3497.23,219.36899758170023,3504.1033703359835,-3349.75,7367.483222288911,9695.78997983977,3.218995160690159,4853338844.633663,-1623.285,437.81266972873226,1681.2894233296063,-1279.25,3070.3745088942155,37949.728858081486,4.35993174682562,1081542304.049505,-1103.355,285.741612256598,1139.7545898130877,-953.0,2043.0225163365162,28006.990965892266,6.116267951150923,498304018.46534663,-368.315,2549.6145014050653,2576.0803646237437,767.0,4666.004604710479,186184.19530218997,17.61630854911355,1341043021.7524753,-95.74,1290.8621391922532,1294.4076676225307,709.5,2178.2181113745605,74762.97323895546,13.417803403966802,333603054.75247526,-90.545,1060.3330835048955,1064.1920150987792,443.75,2302.292151997477,42515.16939701691,16.00710884886095,225883650.74257424,idle
-3577.12,204.66236977031218,3582.970022202251,-3467.5,6812.480789321045,4937.690228371526,3.8623493282449433,5075933625.207919,-1520.815,299.07853613223403,1549.94394576062,-1297.75,3355.837745726731,17848.02472831248,4.769299092386039,933704069.2772279,-982.785,476.1926908038384,1092.07409776077,-645.25,2593.962029027585,30346.208890985865,6.706963686649978,427424668.96039605,998.065,2423.2314274074197,2620.7220941946516,1943.25,1023.7187847528857,199613.0,11.027388135620214,1557292214.7425742,347.015,1804.4733012086933,1837.5372934991008,1604.25,3232.977387931803,69403.0,16.005398893729105,692477860.6435645,162.88,1372.7767610212522,1382.405848511934,878.5,965.9386361009755,73569.93850294585,12.962662267597464,383680820.6930692,idle
-3410.775,430.9295352781009,3437.8898128066876,-3163.0,7300.454031318645,15109.81257618063,2.888746110412772,4644053996.40594,-1710.475,658.8768317181899,1832.9875626964847,-1172.75,3235.2483419684663,84439.76918237131,5.671123393933718,1244667454.0297031,-1130.785,676.9402771109133,1317.9236908865398,-510.0,2299.130270887568,15160.863368371332,4.313775224735941,597148140.8811882,219.465,5051.058729491769,5055.824282448906,3007.5,2308.5572498157194,273954.0184352165,10.467639332600703,5071193777.594059,-408.865,2666.287123843754,2697.4539134153897,1362.75,1637.3249647063346,28392.316136358928,11.073768558746474,1473946199.7722769,127.26,1873.8434225943213,1878.1598121565694,1579.0,2513.7269585483336,43995.4071538994,15.892716362709603,701726401.029703,idle
-3586.395,222.7718765351677,3593.3071681947813,-3422.0,7345.093958347097,5336.023275284313,2.4673429553070974,5103779336.485147,-1327.525,370.94569599201446,1378.3770656101326,-1068.75,2168.5103640833927,23387.72137612273,7.004551482875311,725197755.7722772,-1426.12,449.5955800494485,1495.3108171881859,-1104.5,2716.628441724765,46294.99359370531,7.039040341121226,845500327.6237624,-958.85,3666.5678607520686,3789.869813067462,1219.75,6490.872739243913,200962.7530828372,10.474664611971578,3026243252.4554462,-507.68,2053.8816220999693,2115.695795713552,759.0,2976.0360014207913,112178.34656127066,10.572767010409537,937407585.4455446,138.55,1755.3758365375775,1760.8351512847532,1449.75,1522.9859401698452,49506.17108405194,13.23791718983323,617769858.7920789,idle
-3643.375,165.28001807538624,3647.1219989191477,-3532.75,7218.768132691811,8696.191329464958,2.2910225028213174,5262510946.306931,-1251.675,263.50094757894135,1279.1102591254594,-1112.25,2677.4746315681173,6933.644870333304,4.419863507918439,634220480.3267328,-1263.67,372.26125382585815,1317.361116019446,-943.75,3208.7577592588136,21457.890430524603,7.212169899911397,659863105.2277229,-245.52,1727.7205646747393,1745.0783420809507,990.75,1360.2490706693445,95603.38614556905,16.692998904534548,614974559.2079208,-190.445,993.6533535267719,1011.739237649702,363.0,2639.6503108118586,34431.29527691987,16.395569462099427,209880509.3564357,-224.72,1593.3825628517466,1609.151040145082,846.0,3343.5267946166887,53760.475396778194,15.072971003996244,522745853.0693069,idle
-3579.855,412.88193708976905,3603.586174215902,-3320.25,7019.547074119078,23041.12515053449,5.342764775217369,5109149754.108911,-1532.505,782.4308595492639,1720.6887065939616,-1114.75,3126.981204598353,59203.02452573739,7.667795322281901,1051356163.4950497,-1461.085,678.6419363515639,1611.0010102417689,-1079.75,3008.1250392747497,19702.483441392487,7.27464400831006,936653957.0,413.355,7128.035892795083,7140.011067568453,3981.0,4406.378510048271,395164.085980273,14.20899100237181,10128847055.49505,14.805,3265.290308222992,3265.3238713793767,1110.5,9115.550513771028,176911.01464751206,17.186113576721343,2111454848.366336,-135.46,2258.05125459986,2262.1107134709387,1453.0,4034.7127289383066,176576.59823166093,17.880485523549336,1016953653.960396,idle
-3574.74,874.9649892424268,3680.2621917466695,-3373.75,8629.001041327709,18892.160513049785,8.30199117339923,5212494844.59406,-1650.695,899.1629507352936,1879.7042307235465,-955.75,3995.9518994011396,30091.96720114484,14.627882940706487,1239235516.5643563,-893.82,1025.7846789653277,1360.5691456151724,-218.5,2236.3614526735587,94466.3513661751,16.689923597679037,524774656.0990098,881.555,7032.67923816912,7087.715886306391,3854.0,20670.54415361357,382357.0450474474,22.245379417124102,10102000957.158415,-10.21,3291.453581003384,3291.4694165372402,1613.25,13638.138162057296,114630.08162883234,33.363652830129006,2145921696.1782174,-650.68,4303.807814900661,4352.717101995029,2534.5,6430.18051287229,169859.2420180827,22.48883375503234,3835853664.7128706,idle
-3140.93,765.9395440242005,3232.971489203083,-2521.25,6756.942455354099,16634.11617594219,3.846588297206309,4023276497.38614,-1214.58,1367.0528239976684,1828.671102194159,-580.25,4966.171312979592,69514.96524424928,11.275740442585489,954312828.990099,-904.48,1601.098947473266,1838.9132415641582,-326.25,3545.348694005088,113767.03087162493,9.180309569001745,831624250.2970297,-672.185,10423.985316124297,10445.63557400889,4028.75,17802.170601082868,903505.4822641461,12.142220913363246,21695707642.544548,-1351.3,4285.968975622666,4493.94500967691,1129.75,808.8619973662637,346268.28403788834,11.000958310265208,4360708232.891088,-433.145,3759.0629675459018,3783.9356475764753,1776.25,12155.488852695296,128692.5814929516,17.109512279016215,2872492516.1683164,idle
-3660.125,77.73154255727422,3660.950314922798,-3582.5,6854.118197228999,1138.6745736394366,0.13268980869052532,593702931.1538461,-1113.5,268.44816383552836,1145.4024038156488,-890.0,2397.623171565121,1663.0922047869885,0.7602107401058458,56534653.07692308,-1434.7083333333333,94.12291572135284,1437.7924485126496,-1360.0,2853.438868839688,94.87360012142472,0.2976851939483626,91398938.23076922,1253.7083333333333,1618.0837812869545,2046.943992475938,1685.5,1602.518286001528,30089.0,2.3653579812280685,127742596.6923077,272.1666666666667,493.35371579515737,563.4470545963776,450.5,284.24079809622856,6532.0,2.830589268513235,8684439.538461538,-765.9166666666666,1253.8735620955656,1469.294813847786,448.25,3319.968571803708,18524.940556568046,2.2918303140362406,60873089.38461538,idle
-3661.8389261744965,98.82593110742536,3663.1722435487577,-3626.0,7280.23759369239,2028.5573015790246,0.674463560156232,3970707343.293334,-1262.2147651006712,161.45797814962967,1272.4994270907584,-1135.0,2825.568522287654,6184.679718736518,4.119196054042913,475462670.2400001,-1119.9731543624162,245.85238508598223,1146.6399878536272,-972.0,2309.7506927197037,16941.318491828784,1.6799763161010202,380247350.46666664,198.91275167785236,1061.8618505734003,1080.331834430154,674.0,3423.91864484652,45210.464317813006,12.82933626264972,178597151.5333334,61.77852348993289,600.6181474130188,603.7870029790662,503.0,153.63261119273253,32485.9428704282,12.291784683950263,54522004.81333335,-11.134228187919463,1334.1658664364045,1334.2123257567898,961.0,1537.3282045751137,25576.192423787936,9.146547760965683,263488350.49333322,idle
-3642.18,223.15471673258443,3649.0098903675225,-3555.25,7277.444591876927,11100.776492106474,1.6554812299060593,5263514541.544555,-1403.155,432.31388015537976,1468.243591847075,-1114.25,3316.6502734028286,19124.55271477043,6.2425058851025135,816749585.0000001,-1105.29,339.1875969135664,1156.1635740672684,-897.25,2281.989947724325,17045.189665622012,4.156625273161623,506610006.03960395,225.55,3153.4801818784276,3161.5360285785137,2140.5,4005.012426189554,139703.66391188843,12.22240102205004,1989352761.0693076,170.14,1428.5118481832762,1438.6082580049372,881.5,1151.7929228570745,34028.0,11.114000049253944,415552790.0198019,9.13,1708.340338779132,1708.3647356463432,926.5,1581.275021248796,46106.68798301691,10.441997472170888,577939292.9504949,idle
-3637.75,28.908260065247788,3637.8648614262734,-3633.25,6658.80856166488,413.04918011489065,0.04625348157021293,586352212.6153846,-1218.0833333333333,15.723964371479463,1218.1848176693059,-1206.0,2224.384698324916,240.33515596522022,0.05071662667311917,65745999.53846155,-1307.875,30.891358689230014,1308.2397684165799,-1284.5,2477.627917896556,48.88624197212108,0.13366873895984593,75811141.3076923,176.08333333333334,192.72258055442168,261.0504421243782,209.5,413.57117937674303,4226.0,1.7920728148646838,2196823.6923076925,122.75,104.49571362819944,161.20458016652836,194.25,305.9665870915907,2946.0,1.7301647016877768,909610.7692307692,118.08333333333333,195.5577316008981,228.44364731810776,309.5,536.942502635526,2834.0,2.3111975031022154,1466202.1538461538,idle
-3310.344827586207,851.1936442491755,3418.0277204166946,-2821.0,7375.139452905215,62669.96632317287,6.062079902213638,4573652854.509804,-1512.0197044334975,1408.1038221651029,2066.146161478208,-854.5,8115.9314164358675,79695.42443683358,16.29166275766026,1324175169.6862743,-1716.1182266009853,1602.1762741997766,2347.771407373552,-1556.5,6714.586773905442,60345.45131363443,11.31291179293237,1708374110.823529,-2089.6847290640394,11861.05363611228,12043.727646605754,862.0,9836.94425612025,362743.5973347945,28.823009330284638,30183200336.235294,722.0049261083744,5535.412396469707,5582.300736462993,1007.5,15281.603103994668,297247.98987315537,29.425756218061863,6400196581.029411,393.16748768472905,6782.757078630447,6794.142643563185,332.0,23947.967644582288,193785.87755804774,26.941909815231217,9355847930.852942,reload
-3721.2545454545457,826.2132284362041,3811.8714158414487,-3536.0,7857.714432054155,25405.64066524639,3.64470375485196,3065851976.8214293,-1796.1636363636364,1663.9764395582529,2448.4732794131123,-829.0,9185.059087439262,16699.833285557444,8.9245123679112,996302868.5714284,-2869.909090909091,1631.58663740909,3301.28053116583,-2056.25,8662.960043728615,41752.69120884945,6.982682265185244,2067306929.1071427,-200.42727272727274,9241.853080080944,9244.026149111358,50.25,11309.770509134909,300524.08401669207,13.287164459049858,9236604833.035715,1982.9545454545455,7510.861799464903,7768.214318619177,240.75,18994.482524062103,218125.0,20.091037419718035,6957383054.321428,-373.6909090909091,10988.690830076543,10995.04302195064,34.75,36641.7414403693,138906.89365229761,18.84655796670385,13080672104.928574,reload
-3174.9579831932774,590.0983452426531,3229.3303101573306,-3079.5,6517.22770907793,13065.291152787038,5.190948116331837,2420224936.5333333,-1695.5882352941176,1369.2002966325147,2179.3872799404853,-695.0,8264.18748453513,14955.641551422705,9.049992702293729,899783848.3666666,-3001.8991596638657,1173.1519519807603,3222.9930293481693,-2638.5,7803.339477885886,21748.138359251516,8.510947064158097,2289253409.6,-269.8487394957983,5527.034927188714,5533.61847515452,863.0,7723.863684481324,145799.53193896808,18.88452036931341,3622118490.2166657,583.6974789915967,7218.13214922026,7241.694171296399,105.5,19136.187608723376,224285.21930879183,11.374579480705112,6228814648.65,893.3613445378152,8966.061278656498,9010.457776635869,726.5,27742.12018604612,106310.0,11.305163755073101,9675083593.066671,reload
-3142.895652173913,990.8262110056834,3295.3800480171576,-3094.5,5768.280489598669,35761.37893338144,7.024098791837351,2364233562.534483,-1831.5391304347827,1138.825842981587,2156.7243419029055,-874.5,7064.499701049239,21516.563613797047,7.359576877273252,912752501.1551726,-2898.269565217391,1710.4947635202645,3365.376473545813,-2525.0,12464.640778789399,30412.740068484243,11.126592391062669,2248902731.431034,-271.68695652173915,6601.727588607219,6607.315714911899,729.0,8637.080191431252,117894.04369456742,18.218718724181095,4985646549.017243,538.0608695652174,7410.233785301017,7429.742542792039,289.5,23943.94354405931,269194.741992546,20.19109775918585,6326404914.775862,1282.5826086956522,7721.787576307094,7827.580821795399,80.5,11865.88327376753,147497.0,10.501539992694324,7172970902.017241,reload
-2945.5916666666667,1148.3495075965427,3161.5212886098575,-2301.25,4284.711015502354,46300.74072299595,7.147595374621196,2203887615.4262295,-1896.3166666666666,1410.9219443525412,2363.6238349901055,-919.0,7875.148915700969,6181.927555801656,10.457592343813142,1084005870.327869,-2813.2,1169.6530511224257,3046.6674416483334,-2392.0,8919.460454221715,11539.320501687158,10.384079254767682,2029905995.8360655,-602.925,7946.391727447224,7969.232086071196,2499.25,15645.445960660792,119853.69122974419,17.357039746293694,7540991957.590163,709.5916666666667,6203.636310659302,6244.087107683023,390.75,16314.400977092044,223893.78405764667,16.481592605574644,4663251401.0,1246.0666666666666,8395.998350140117,8487.960322323222,750.75,15970.003240337192,149528.0,13.344350981697184,8689195348.19672,reload
-2998.3451327433627,593.8410110207236,3056.58644265395,-2948.0,5502.088843752834,31965.053517003886,3.4070078924081453,2053433766.2280703,-2293.5132743362833,1259.66863261061,2616.671206617259,-1387.0,8701.484381613258,12991.503498060376,7.445551681407251,1356109393.6842108,-2896.1061946902655,1406.368790383019,3219.5192599962384,-2197.0,9340.781073230974,23537.45570308932,5.361311779101753,2100470857.5964913,-468.17699115044246,6050.191547073923,6068.278788200772,126.0,12015.585750121856,98120.01357205331,16.21527949611064,4149163020.7192974,868.9380530973451,6168.905890116847,6229.803626218,109.0,15595.016575668664,213838.4541308425,10.889514734630001,4431683800.719298,1263.283185840708,8479.653094913214,8573.237487536382,95.0,22017.601599380894,142751.0,13.124973879908131,8411442706.982453,reload
-3148.2758620689656,507.6699916794797,3188.9449233465807,-3130.75,5495.511175824013,17351.545953047604,4.500025392449905,2289918025.525424,-1957.6810344827586,1407.3651622749287,2411.056144671588,-782.75,7481.226357792534,12373.119763826613,7.958327143957225,1099950553.881356,-2997.2586206896553,1086.3946790336283,3188.0734994555933,-2527.0,7586.547477238241,21108.328229692364,7.523021027701104,2183479155.6271186,-552.1206896551724,6743.30047113835,6765.86568740468,398.75,11501.368895703496,165458.09421227084,14.863942221443764,5255060283.79661,962.1465517241379,6928.280160843908,6994.768900695572,152.0,16681.178600970485,265500.03631377424,12.084061200992348,5685880689.610169,1043.6724137931035,9188.272110437625,9247.356188811948,382.25,20720.64113628261,121066.0,13.64175633471461,9877301101.898302,reload
-3319.0176991150443,406.75669451933896,3343.8495025307616,-3298.0,5530.760093005147,15579.683127069715,3.2381623154685935,2486282006.4035087,-1991.8053097345132,1439.1601094050586,2457.3298949040973,-897.0,8752.173657050123,10450.59231237642,8.060236778518403,1120732733.491228,-3125.902654867257,1486.8657238598958,3461.5079211949774,-2509.0,9768.751613497783,26421.87938048055,5.062839698120274,2436560922.0350876,-540.1504424778761,5713.050193827293,5738.528122933538,592.0,4471.798635004994,180361.17002131778,11.006983559037751,3721207787.192983,977.8230088495575,6308.129557749008,6383.465857508936,267.0,16240.856762692745,209114.9135368386,19.828805395124718,4671300540.701754,921.362831858407,9969.918618410762,10012.401646241711,657.0,27284.06333549273,104114.0,12.605389518605916,11323761590.315792,reload
-3157.0481927710844,1329.7037557285992,3425.6481677892593,-2814.0,7241.18953429178,66110.10562912805,12.591755251971962,5382187435.992002,-2055.6947791164657,1646.471469663082,2633.7709325795977,-965.0,8020.338624989227,73391.88440856931,13.217174718333448,2768376977.368,-2961.8072289156626,1451.610946620805,3298.4051299994103,-2410.0,6976.805894528831,93046.62420847299,11.38280637418266,4873719665.903999,-333.69477911646584,6404.018799970401,6412.70683845628,735.0,18437.920276443703,426584.8161757414,27.628745328431737,10226236914.64,1174.8433734939758,6242.6061218321,6352.195537338119,885.0,11471.441135919118,361781.8413895475,37.9748802771439,10349366906.591997,231.57429718875503,8778.629791920628,8781.683647155303,325.0,24027.192807461906,505252.9798211737,24.671553538636903,19138864081.168003,reload
-3450.068376068376,1178.1966571188702,3645.698720738339,-3380.0,4973.724175185327,42945.906294967535,9.06834602373557,2922728060.830509,-2131.7264957264956,1666.2166757854445,2705.6488802592003,-1004.0,7701.4780730879975,30554.740133491192,7.713029780993646,1376416620.1355934,-2743.709401709402,1773.1407118242764,3266.7980141045246,-2214.0,7467.096354401178,31328.362180364522,10.247295655034423,2111343859.864407,-583.2222222222222,7399.478740143183,7422.427755547695,453.0,25029.04591658297,157707.18298409967,19.245175756674957,6430649273.474576,632.965811965812,6248.541764833245,6280.51907934232,186.0,9065.7288692804,199824.8705716682,21.505147275155366,4622423286.79661,937.8461538461538,8908.20238527477,8957.434071501679,526.0,12193.858560025023,268613.805244705,11.458277738144972,9410048361.0,reload
-3244.9565217391305,539.1782054572269,3289.4461487030594,-3352.0,5438.0571240666895,16974.406028518904,4.051608528593357,2434106715.8620696,-2082.878260869565,1525.7984831774281,2581.9455573016185,-1026.5,10346.9876355664,22117.50315533904,8.96979216994599,1254644886.1724138,-3064.7391304347825,1639.0771480209412,3475.514326654777,-2264.0,11075.745952834315,25982.084437093235,6.543893006321418,2447973240.0000005,-380.3478260869565,6728.479484598968,6739.221070975359,288.5,6272.059857477667,146908.7069157766,12.890748417516551,5194433996.637931,867.9217391304347,6156.17233019777,6217.0528310725995,118.5,14649.690777505562,183380.16509036504,13.967487583914114,4492513580.224137,997.8695652173913,9101.872155744031,9156.408706949229,283.0,19836.808078888098,114755.0,11.352535352244137,9671985645.948277,reload
-3423.7678571428573,821.7660748801811,3521.0063648662394,-3393.75,5313.221193292639,29932.629663251933,6.728250774428007,2654020549.5087714,-1823.107142857143,1469.173166135237,2341.4075780240764,-824.25,10072.338756275252,5993.93198449617,10.012216469665741,969022927.7192982,-2885.151785714286,1589.4900699023694,3294.0217833111806,-2342.75,12473.333727049207,8055.347260809723,9.985712398802196,2109894226.4736845,-417.94642857142856,6872.29046066168,6884.9876828399,200.0,6410.056485859944,179989.95283511528,16.01232174322134,5243650025.859649,975.7232142857143,6204.468178558644,6280.7213892707305,93.25,23322.103143042703,223746.8346680821,13.703394044354544,4445542438.263157,1583.9107142857142,8890.921658549052,9030.905884200418,200.75,20591.694957978263,177398.0,11.35452250992352,9250892750.070177,reload
-3915.5833333333335,1001.7745655049306,4041.7007707610383,-3486.75,8216.14236472889,13023.54751456795,5.356535917516697,3357870492.9272738,-1763.361111111111,1579.5819973225296,2367.3871027874684,-973.0,8118.1618557936845,25662.11574448153,8.0884519739603,924011521.9454546,-2784.1666666666665,1504.461793146319,3164.646791478445,-2076.75,7746.416339713846,22840.525311088953,6.258808579780868,1883927163.3090909,-632.5555555555555,9549.019252853039,9569.94750362938,25.5,14287.786481196863,246312.6094346235,23.189250357930568,9804316813.127274,2211.9074074074074,8127.405762964654,8423.019578204412,56.75,22639.549306590412,238886.0,17.809460481829824,8041997201.52727,-1632.2222222222222,10665.259892766182,10789.435479345662,-8.0,28838.86167307417,195480.41228646936,18.855151523626887,12681696595.781815,reload
-3175.6615384615384,1107.8263995760497,3363.347371066738,-3204.0,8640.22565364662,41297.25868748715,3.9465937207381683,2739460264.3636365,-1845.9538461538461,1498.8262631474643,2377.8195409304653,-694.25,3649.7806224688807,55343.62135749554,7.610956156430859,1160169453.7272727,-2969.6,1684.2189360695907,3413.95922421686,-2150.25,5380.76759384087,67144.05910066403,6.035676244078142,2621250332.727273,-179.47692307692307,5237.224178476734,5240.2985660683935,1471.0,13022.85729963218,228460.62466881864,14.589534226374196,3520392372.8787885,641.123076923077,6984.144417635602,7013.509253302076,1328.5,5942.679015626211,185429.9371744105,13.053020587480916,6350572308.030303,557.2,7826.700456573196,7846.509534622582,434.5,4603.079439443723,381598.9009346255,11.419551895790697,7922356263.181818,reload
-3214.248120300752,1004.7799999058263,3367.63623734329,-2890.0,8605.563630960612,50978.48999550233,3.2862583203847278,2860913888.447761,-1837.6691729323309,1520.287407146388,2385.016098367825,-838.0,4411.278246309743,59069.236563359205,6.922177948184378,1196691182.4925373,-2702.1654135338345,1698.116644418721,3191.441376580553,-1878.0,6901.154056347205,61652.812449399134,6.5326977323909174,2308413969.6268663,-372.57142857142856,6144.092208940685,6155.3780177462195,477.0,8497.78714964115,230289.2173026405,15.18106538030585,5019912204.64179,751.2857142857143,6727.311329415239,6769.131993643529,846.0,14171.4395952544,271853.63837307476,20.34331380126418,6123242479.716418,527.9924812030075,7866.22487390621,7883.924773047221,1462.0,13285.872922973233,343078.4998780144,11.063868865966855,8241891990.298508,reload
-3437.9557522123896,595.5174947368956,3489.1518798567604,-3487.0,6779.95749384988,16399.125589841075,3.2275578909414566,2687507177.8596497,-2121.7699115044247,1455.3654226451051,2572.9353024894467,-1138.0,10158.8838547483,17183.11996389156,9.352277852515673,1245750766.9122808,-2620.5575221238937,1329.3043488986787,2938.430155501584,-1943.0,10281.191832394568,24308.796002365936,7.285816515841085,1736325652.3859646,-424.98230088495575,6906.988783311009,6920.050867504484,217.0,11827.406316460283,167663.36258203973,14.895647695351919,5384005610.684211,945.2300884955753,6757.641964510299,6823.429111576375,169.0,24292.959592353054,215166.13857479885,17.813105677800305,5315112464.491229,1019.9469026548672,9005.061125460885,9062.638553838618,110.0,23633.2924372867,115254.0,11.236707077923354,9315961011.473688,reload
-3231.5546558704455,1375.3860216503574,3512.0695042138827,-2972.5,8662.496099143114,81700.45149054097,19.360594349998,5603375958.362903,-1842.004048582996,1546.073355907137,2404.853786998724,-848.0,5658.896271004632,95845.29998176132,19.09492202594344,2257406961.564516,-2833.8056680161944,1606.592129299589,3257.5439880388567,-2285.5,5611.165533254302,117679.85400233543,20.164971995978227,4586018829.475808,-392.21457489878543,6638.229247702337,6649.805998509562,486.0,2292.8852685098054,542213.8279106539,34.789935550186556,10916121940.701612,1122.2186234817814,6033.924199031106,6137.3948771887335,605.5,11780.322035523448,354224.035442261,34.45357527857591,9576196630.959677,661.497975708502,8253.314505268194,8279.78139172387,267.5,18695.479736195524,664219.1333009474,26.752085404706072,16972398623.782263,reload
-3055.9310344827586,733.312180360075,3142.6837641384327,-3090.0,4273.310228156173,35628.30190231847,6.7083692456845,2191233517.016949,-1950.9310344827586,1334.8033222302308,2363.859515780248,-984.0,5887.626488335557,18805.7409413536,5.8269021114296695,1071245931.0847458,-3143.594827586207,1717.367587519603,3582.1138829872025,-2392.75,7367.377170688286,28435.237557220924,5.765593815346116,2590163395.847457,-776.7068965517242,7696.163488945198,7735.257335843723,81.0,26178.062523241744,140562.77109388725,13.781898703070809,6891998393.491524,1274.1120689655172,5893.256072324726,6029.413628063335,291.25,8680.738275678883,147797.0,16.022850446138385,4332738071.372881,1289.0862068965516,8413.221626137007,8511.406545296162,118.25,8302.231008869561,272136.362688892,10.496627909086882,8451137176.745764,reload
-3707.5233644859813,1781.4532702619504,4113.308309905356,-3473.75,5878.45877793008,68553.4112769387,13.901713891738693,6501570539.629631,-1920.4065420560748,1782.2890899470035,2620.022077562685,-663.0,9170.422216104818,39653.60912686579,14.658602654871846,2237328155.444444,-2612.551401869159,1867.7472423688755,3211.526831397341,-1927.0,12932.1917553339,45014.332973613506,19.323109533217764,3633856999.388888,-386.95327102803736,8492.415370764205,8501.226479958725,2122.0,12331.330399875771,172231.11209649776,35.77992194434946,15372232509.481482,1775.7570093457944,7292.133742629437,7505.233339253052,1566.75,30974.477521053894,402442.1991626048,32.34611947497894,12611254034.296297,15.126168224299066,10696.895958530818,10696.906653261873,428.25,21079.395220188293,250676.82773747257,34.61002464590915,24265217720.407413,reload
-3263.6709956709956,1309.4557492670835,3516.56405135364,-3138.0,8178.913284330017,79657.94271169943,13.095597041779076,5294186566.439657,-2107.281385281385,1697.7278738977388,2706.0884631812705,-834.0,10883.380688352932,68653.4927447543,20.26832945112841,2705667114.6379313,-2547.307359307359,1583.700706312679,2999.4804066632455,-2118.0,10227.411994245136,29720.322658038458,24.229237747062125,3561767971.8534474,-910.025974025974,7066.0715286367,7124.430792787037,1326.0,12876.342573998732,326572.56972660765,36.5025459837933,11864924472.750002,799.1991341991342,6890.599756767521,6936.792073002424,701.0,16149.289293231146,424178.74375656276,37.69337897295377,11214504972.586205,639.995670995671,8868.646119653906,8891.708410341933,1385.5,32686.88660576983,256981.04233276192,27.160121146568514,18278919322.129314,reload
-3219.1271186440677,994.4898832610853,3369.241685290372,-3460.5,6719.981723002533,29230.674498658966,7.182300272993111,2519641449.6666665,-1935.949152542373,1210.9672128653506,2283.493094332542,-783.0,6438.568621287199,15782.601617407689,6.439711160159554,1039927130.2666665,-2622.228813559322,1328.6307237854796,2939.616225095966,-2201.0,5507.121041034188,32686.095532146643,9.82596419019756,1800644747.9666665,-316.47457627118644,6112.5385094095445,6120.725707499126,666.25,14176.573782460553,223388.84160754186,15.773299733053719,4358612398.566667,967.271186440678,6881.250753057755,6948.901026390883,235.5,6640.4915641277885,197384.67990537602,18.316941060479742,5715906091.266666,588.6610169491526,8564.830698971211,8585.036208130707,2481.25,10242.995539260199,321965.1573301629,12.706257769932442,8593240390.2,reload
-3326.2268907563025,750.9767246443524,3409.948880811544,-3471.5,6510.111354642717,23009.191041765025,7.3867478224876,2677790426.5666666,-1836.7478991596638,1223.9030225937324,2207.1659325437026,-912.0,7805.363763371952,14141.335022097126,8.287848986768386,973005177.4666667,-2566.81512605042,1366.2113347501454,2907.7608743706915,-2114.0,8073.974978160919,24427.450120130703,11.091104450573722,1775271720.3166666,-622.5546218487395,5406.336042707697,5442.062445788871,185.0,4233.584634260731,214791.13754702653,13.898778003371756,3540676944.8333335,925.5546218487395,6544.6935432262635,6609.815801727996,200.5,15246.967147231324,260206.22478822095,10.786005815529634,5256836541.616666,731.8823529411765,9234.161458134608,9263.119863925187,137.0,24753.75644538104,202437.8340377279,9.328070913480671,10188962392.933332,reload
-3639.973913043478,919.7313450924447,3754.372895009579,-3521.5,6428.185952554253,34614.18303279133,8.714317467287703,3117534485.5517235,-1435.9391304347826,1501.2392173132314,2077.411941313769,-338.5,8498.171088057436,12380.239102972706,9.4220718204383,727096996.8448275,-2537.113043478261,1672.2316552919042,3038.6347764000575,-2226.0,8643.710620088483,38271.56874805336,10.709058656998527,1786542892.8793104,-399.5913043478261,6275.060086870676,6287.770058164328,290.5,1286.010874564157,134231.73571426678,16.647607166637,4525654913.224138,1127.817391304348,6784.169922736834,6877.276612780356,359.5,19400.406484894065,269448.0076909867,16.60934505996141,5537273944.620688,1108.0260869565218,9660.134213183104,9723.472364648698,96.0,23511.893225030897,127423.0,9.511344782083748,10919020211.241377,reload
-3388.686440677966,819.8715556611576,3486.45739412042,-3446.0,7068.124593214499,18880.332547568778,2.7498634473464447,2742866557.0666666,-1624.1186440677966,1302.9797673253327,2082.190587834792,-603.0,7461.424076509538,13081.059106149844,8.565486165911045,809174397.9000001,-2825.2203389830506,1139.9219727652878,3046.521305981071,-2341.5,8076.254371805721,25675.819746989757,4.815025584035931,2003118058.4333336,-492.03389830508473,6130.678802149244,6150.391851923208,421.5,3307.4951802691116,153269.72799962704,10.552928698368838,4417513226.166666,1727.7457627118645,6979.3078115658245,7189.982124397288,1524.0,18676.037753202814,203874.0,17.721631646714233,6349014975.3,907.2881355932203,9509.629243964027,9552.81215761328,270.25,22723.02086915004,226659.0668338611,12.296758874601043,10684746022.299997,reload
-3373.353448275862,643.8326680005148,3434.2443115450174,-3323.5,7040.522553902911,16694.060869004028,2.446755082482462,2642572310.1525426,-1925.2413793103449,1375.1205566001493,2365.9059393376365,-940.0,8889.560649454963,6171.251064535474,8.84553708451312,1061054902.1694913,-2854.8275862068967,1212.0963407415275,3101.4864317302595,-2440.0,7543.846198126399,24671.27142511569,4.079418676363487,2026306374.4406776,-365.3448275862069,5562.296601633377,5574.282045930777,57.5,7594.42518871965,119164.29996306606,12.249077342648208,3558580920.7796597,1571.5172413793102,7243.802119484936,7412.309733558555,117.25,16987.965435636987,285260.2051157351,13.934618094324206,6551258978.203389,731.051724137931,10542.987581918942,10568.302785966252,33.75,30960.867936808147,273488.79044228117,10.551898592477865,12798480369.457628,reload
-3403.051851851852,1938.22587575843,3916.309672619346,-3147.5,7184.577418020741,93825.02553941183,2.101455047397109,3607242538.2647066,-1515.1185185185186,2051.950320862251,2550.70269620833,-798.0,6808.767115667064,55683.41267836099,7.080750507951418,1179488279.6764705,-964.674074074074,1408.4407392554765,1707.1325036988737,-156.0,2612.8884560891315,46908.51712736869,3.856144582323104,515244530.1911765,301.5407407407407,4871.9112589421065,4881.234078932635,2313.0,20921.40838820327,315999.1595506151,14.777035863456838,3205103838.5588236,2029.8074074074075,4652.474776728325,5075.986570043233,5361.5,2186.51522342043,274024.0,8.213832636172585,4004911289.455882,300.8,13603.101027067049,13606.426356416758,5229.0,16416.37555220153,455301.50326353457,6.349429093644102,24821554674.44118,shield
-3850.902985074627,1571.9397555459038,4159.3807706823845,-3643.0,8349.719642736502,73146.9864362793,3.4885448387260554,4242093165.5882354,-1676.2238805970148,2382.5776761132674,2913.14312737926,-1051.75,8592.311950557265,66190.84899241783,7.541236578303184,1491438664.8235292,-1273.686567164179,1760.8276311257662,2173.198430404009,-417.25,4284.786202922515,63669.400539845075,5.386965026847305,837736494.5,-392.94029850746267,5035.413403653116,5050.721752767677,842.25,9559.610762762191,268480.8955396432,12.724920656745288,3388479693.323529,2854.776119402985,6066.250547996802,6704.412159390641,4773.5,19166.774467354666,382540.0,10.036462107213104,7010961522.676472,305.6194029850746,13843.745451153743,13847.118521043318,1424.0,35045.317755615586,262182.44638104603,9.155814389994283,25328329249.73529,shield
-3503.9538461538464,2026.684749731171,4047.856671223579,-3665.75,8290.15615600987,37773.78743555812,3.177210978522431,3669712606.4545455,-1205.1076923076923,2491.73035103089,2767.851999711634,-610.5,9530.200899391746,35312.376285000806,10.272158263310578,1166828553.1212122,-1259.2769230769231,1448.3337110963841,1919.2313325110936,-992.5,3198.163051909785,44594.54555447813,4.372441446090315,674620811.060606,-176.3153846153846,4657.390852653307,4660.727053714985,537.25,12119.78791125024,281427.4313656836,12.441435837635254,2785227990.2424245,1796.0692307692307,3601.0278429882114,4024.0857604793055,3656.75,2455.2640566346963,233489.0,9.926801874117245,2486237214.060606,744.9769230769231,12647.479920135736,12669.401680669607,5533.5,29759.34191681064,413001.1168123539,8.823267175947342,20622116636.727276,shield
-3361.873015873016,2185.154725494564,4009.6248389601674,-3680.25,8880.827305162104,41533.265425892,3.596321519508797,3395890383.53125,-1262.9603174603174,2285.7962191691877,2611.5001663885873,-680.25,7960.340490365278,35201.08237652424,8.606087863794155,1043751316.375,-1403.452380952381,1455.6507496220663,2022.0281131765182,-1233.25,4383.111325256875,55549.322159026284,4.776099950172595,751417493.625,577.6190476190476,5769.877651115623,5798.718123259301,2115.75,12991.517846159037,391720.316631945,10.359111904597334,4212020643.8750005,1212.9285714285713,2012.2783390837308,2349.565881888255,2775.25,8488.635070341506,152829.0,11.159353270551371,867245509.9687501,770.3492063492064,12422.629936082318,12446.492374503407,5604.5,31363.482880834967,433709.6075848177,9.285639973466568,19288427324.78125,shield
-3331.5158730158732,2178.5533489433974,3980.5894923175897,-3344.5,9679.481335555703,31870.822607287446,4.5246813399854835,3341918653.5625,-1393.515873015873,2273.1706328251125,2666.306661711236,-926.5,6085.201771963064,41203.7497913004,6.316578529555817,1122625309.1875,-1170.111111111111,1378.0756033711293,1807.8308496516981,-792.75,2162.456208852097,57036.470169497225,7.501167311289292,575193612.4375001,-525.7857142857143,5689.087453823877,5713.332361643525,1044.0,4558.681123993125,317165.0250420955,7.782442490739121,4082937625.6875,68.4047619047619,3296.325470278848,3297.035155630027,1992.0,7893.953498281539,63075.69477158673,11.074397106152558,1348915239.59375,311.3968253968254,11912.905916120511,11916.975092245782,6644.0,28374.9473965205,358705.2624325225,9.449321328768043,17626613257.937504,shield
-2801.220930232558,2403.851835073926,3691.2521378200704,-1917.25,7730.565611100013,122006.75079136196,6.86995354688268,5497210124.599999,-1596.1937984496124,2497.9485306280762,2964.3855187670797,-854.25,8096.807449253052,125392.34573726056,12.742113086255237,2902051857.4769225,-1156.3178294573643,1730.7773961744667,2081.504580304703,-724.75,2833.3553440841556,92590.62732702628,6.662824366009801,1451538684.676923,316.7906976744186,6279.997860408487,6287.982941521726,2775.5,7034.598713506529,843373.4307582343,18.262626946587844,10148238775.353844,1302.1976744186047,3182.983608930978,3439.0556026305385,2561.5,6636.994782889175,335967.0,20.07667211699983,3462076552.061538,664.4418604651163,11784.76698595634,11803.483210443637,6534.0,33028.777699636215,450345.36521133257,18.19261419146811,35781938815.21538,shield
-3757.8478260869565,1878.4655042763343,4201.196607489658,-3456.0,8017.0923850503605,84828.62046013742,2.749428065816461,4321830082.885714,-933.536231884058,2072.0641048202037,2272.650336220827,-294.0,5994.431029189491,45413.503413180486,9.127411855697124,821142817.3142858,-2295.123188405797,1521.2290056803308,2753.4938056369692,-2271.5,5177.6043056457265,72334.69105349,4.126079274284023,1747874502.9142854,-93.80434782608695,7020.927111514439,7021.553728404388,398.75,24012.115930435797,422523.27568536997,15.299259736461725,6708437873.171431,965.0869565217391,3741.8214670116595,3864.2749287075426,1311.0,6967.863542058167,133182.0,12.231703309734034,2157963627.2857146,-262.7536231884058,13176.832920825718,13179.452389604625,126.5,13273.774887776113,321875.6114612621,8.036456294683646,23637433864.142857,shield
-3039.34,2768.708601087036,4111.366555457362,-3334.25,6805.282314949755,90405.23869931417,3.48108898143973,3869544663.6578946,-1160.4666666666667,2135.7696400959435,2430.677856072252,-425.5,6418.2919708366,38695.68371288714,7.854748589726495,1073921341.0789475,-2264.3133333333335,1685.5857899126806,2822.8202788464355,-2536.0,4158.679330144251,74722.64910987206,3.75376564808136,1938468532.7894738,622.0866666666667,8337.194740787949,8360.371281627788,321.75,32509.837123231104,620905.0256637153,13.737445655592564,10404189250.921057,856.2466666666667,3952.378239215248,4044.0638100801525,3284.5,904.7791482235295,128437.0,10.872305435433562,2529429082.236842,82.30666666666667,10856.892772149662,10857.204753219556,4615.5,8221.41679001962,498749.7511367191,8.620368556048216,17450188096.131573,shield
-3394.130769230769,2418.516879884038,4167.654925365472,-3210.25,7743.445569782423,73653.05934780568,3.278841685042013,3698728671.424242,-932.2153846153847,2322.1526021034065,2502.282604097553,-265.25,6332.395584444202,30529.922153027477,8.673310786153891,912933851.0606061,-2677.2384615384617,1643.1744783232905,3141.2781071012873,-2640.5,5490.590325451067,62242.056967286124,3.4695776507669027,2181026211.4545455,500.84615384615387,8318.229165709155,8333.293665956871,75.75,27107.84250939296,505991.4808529087,12.103852102089098,8923291203.666666,1412.7846153846153,3566.5795356866356,3836.20254338143,3950.25,2137.3945059203666,183662.0,11.101976145945034,2139800358.8181818,113.16923076923077,12418.300311753594,12418.81596238918,5893.25,10964.892527678734,490246.4746734117,7.416982917279618,19747422628.636364,shield
-3300.1736111111113,2042.1690685595559,3880.9277715586973,-3503.75,7327.503871877656,53819.953674269316,2.4762428599188167,3686001167.849315,-1351.7777777777778,1988.378668260918,2404.3612226304285,-754.0,5945.897632151184,67710.94251012984,7.288169357681399,1080588184.1369863,-1515.611111111111,1408.50228824367,2069.0470599073165,-1282.25,3076.2963786412174,58667.90275422913,4.000923422014882,934261388.5205479,97.51388888888889,4859.511249409804,4860.489537244851,693.5,18582.6410298118,324886.56629287516,16.801948760024697,3357071266.3287673,1265.0625,2593.8339148908885,2885.8893788474365,2551.75,2854.2076022524902,182169.0,10.048360096686014,1410180724.9999998,81.89583333333333,11984.227146034926,11984.50696588215,3300.25,14292.225711723682,564001.1301060056,6.575282869587775,20400143682.698627,shield
-3031.909090909091,2230.6510696504597,3764.0771684531032,-3328.0,9134.446186513394,46522.34261345533,5.041299687984594,3317388679.9444447,-1305.041958041958,1752.8783436821884,2185.3413920941507,-732.0,7398.1780101311915,29892.187387583264,10.144109804381523,920041906.763889,-1551.2517482517483,1410.8599642490108,2096.8804985441648,-1416.5,3350.294993217064,34055.05234628433,3.5073708080790205,966114398.3194444,-258.3076923076923,5006.50606673302,5013.165253623689,570.5,10629.757262294663,326514.7051293962,12.619160704484944,3578368908.7361116,291.1818181818182,1842.6358387036262,1865.5009207488174,714.5,5049.522487270924,56156.28054449858,15.370922749300922,506237792.3055556,263.35664335664336,10973.825368050551,10976.9850109249,4912.0,30743.42125885688,435626.4965244227,10.882070830640838,17120862291.458326,shield
-2538.7846153846153,2613.161059491021,3643.3553280120573,-1703.5,7890.527417195837,79470.04440723409,4.242777687314104,2524694834.6060605,-1474.1,1645.8558860642408,2209.4823845625715,-910.5,6263.918927777145,47153.81695383902,7.4432340318221355,903239697.181818,-1187.4076923076923,1331.5797483044996,1784.1080835661705,-173.5,3139.034595720667,32488.077903211568,3.01571371476893,588040459.6969697,197.45384615384614,4128.89677966168,4133.61544394995,1314.0,7577.226774184491,288116.2724569525,10.36814063203708,2192624099.939394,1540.3307692307692,3208.785860459377,3559.343419357435,3973.5,1464.6092016694213,200243.0,8.20948836959807,1925775203.969697,68.17692307692307,10411.312115981853,10411.535336790188,7787.75,28728.604357015844,270814.4101170795,10.147585039041678,13879461464.878792,shield
-3805.6222222222223,1635.8883275599571,4142.329190023232,-3670.5,7368.430837938528,48224.323240234306,2.51036988799877,4240213975.852941,-1510.0148148148148,2303.1047417849613,2753.98551059961,-439.5,6701.513016358429,65217.773452419635,4.987175349995095,1321926378.779412,-1557.1555555555556,1554.131391874534,2200.013138007909,-1422.5,3745.8304480221777,69497.4674430988,4.0671728042010304,973535442.6176473,-732.3703703703703,5825.387584931808,5871.2440652790165,1507.0,17345.557730555513,370296.9044480202,12.650763988702204,4691312424.117647,1896.6444444444444,6770.083679625814,7030.739162974102,2808.0,10293.312731603968,256047.0,7.963792134163367,7106216061.573529,-1148.9037037037037,14360.694092311462,14406.578862913058,630.0,14081.709617372237,446132.28475245927,19.07534282667235,27990048035.10294,shield
-3318.246153846154,2275.095998182658,4023.284645468369,-3466.75,7836.8115308842625,51276.79252464162,2.587642330006448,3482114663.9393935,-1430.6615384615384,1794.4136499096992,2294.931978210985,-731.5,6318.722183357465,51952.816937798976,7.687537233448261,936365265.848485,-1300.0076923076922,1312.4262587117848,1847.2906334996085,-538.75,3075.478654171214,39200.45920258279,3.1046691432897973,653275065.1212121,254.63076923076923,4632.711875911031,4639.704317501941,1898.75,19763.994902538318,307839.6270768325,14.807309898542892,2764806068.242424,494.2,1808.9186629671244,1875.2120864666933,1695.5,4558.262625139391,64246.0,14.76964766800787,481514339.06060606,-183.97692307692307,12106.302231269963,12107.700079828412,6415.25,16815.787625773388,385880.3605606584,6.051888873786037,18773155708.545452,shield
-3264.5563909774437,2025.1535852405218,3841.6891432915563,-3286.0,6844.6971609335515,57517.921986940586,2.360123366531322,3355088986.1940293,-1712.6165413533834,2258.802369883773,2834.6505188311617,-971.0,7608.3172150299815,36363.1347572416,7.277143383869326,1447897318.552239,-1800.0601503759399,1321.070730915336,2232.810878926523,-1460.0,3443.283295119057,44615.491997010016,4.2983047926919085,1085848633.0447764,43.909774436090224,6448.9745626070335,6449.124047298486,275.0,23734.389387226434,448798.0106983399,13.557826780577791,5490603430.522389,1070.4812030075188,1755.2435240142722,2055.9206780871837,2210.0,5077.82505986107,142374.0,10.561319484068797,709241754.0298507,24.849624060150376,11721.10626017653,11721.132601679985,6794.0,13903.55981307809,442398.4133888127,5.76033914112395,18135920105.46269,shield
-3650.0945945945946,2130.973785581523,4226.610914707471,-3797.75,7343.551129413091,71477.02867439455,3.235210285884007,4554197709.226666,-1355.087837837838,1741.4455626547501,2206.557430919473,-588.0,3967.0336076862727,33303.7098992058,7.088195846182163,979134929.0533332,-965.0067567567568,1358.7200281217654,1666.5407752003566,-763.5,3004.306882318748,68372.69888217674,6.246997761674129,541555457.3733332,1243.8175675675675,5954.293253539906,6082.819271566478,4639.0,22217.986179689142,487086.7694339882,13.189071929248108,5629161543.4,362.64864864864865,3289.7353521769865,3309.6635372390547,2001.0,3589.3120031715825,128690.54588787198,10.689260859384643,1618768692.48,18.91891891891892,12137.962532458723,12137.97727650142,6491.25,11384.990439836558,610482.339857324,12.254424588794652,21515115551.97333,shield
-2950.10447761194,2284.49829649671,3731.2261919538446,-3257.75,8487.483475767353,40876.8449674816,4.447109269280461,2987192334.294117,-1555.3432835820895,2134.671368690187,2641.1956728136506,-887.5,7906.403525877326,54001.92901176977,8.643359373590027,1240446818.4411767,-1380.2238805970148,1264.74959849466,1872.0602307251459,-922.25,2526.4813424028125,40650.80101499405,5.4832060642455405,714232704.4999999,-6.529850746268656,5134.3321132459805,5134.336265580947,1712.5,8752.738228271992,357348.50599274185,11.169684107267834,3480639765.4411755,1184.4402985074628,2331.681148394655,2615.269737236957,2391.75,3605.8182289230044,158715.0,10.688471328596746,1088257197.4117649,518.5074626865671,11268.396088801786,11280.319162283711,7124.0,29685.574565335737,326256.68893593474,9.870967436534945,16835980699.352938,shield
-2878.4113475177305,1741.2206042013597,3364.089933104373,-2269.0,6838.412121607279,76767.08839547823,3.048697921556031,2744467459.6338034,-1506.645390070922,1703.4693432315748,2274.156576568943,-408.0,5489.687304917398,49762.596267808316,6.912550510600186,1041899992.0845072,-2070.0851063829787,1559.1278589968708,2591.550120751824,-2054.0,4554.525501957677,39280.713661332986,3.284936705035677,1540271287.183098,-551.8156028368794,5539.867655436956,5567.282469867214,512.0,18958.504372369804,385490.08024384064,14.767429555478344,4382099254.676056,588.6382978723404,5061.435700613125,5095.549665851871,560.0,3570.839802287523,170789.8440849574,10.356612675229176,3683742291.59155,3.879432624113475,11627.883376708889,11627.884023860077,6522.0,12992.725990849245,390952.33475029527,7.077275039999287,18930030436.042255,shield
-3231.3661971830984,1617.1058327612102,3613.4137286848136,-3122.25,7816.481661183469,53952.96393534899,3.75815294992535,3290442454.4722223,-1295.725352112676,2084.711508208237,2454.5725209419625,-371.25,7810.855991740352,77533.26436063887,8.918886180937106,1078772983.666667,-2530.0985915492956,1719.6226056238804,3059.166682077391,-2524.25,4645.157994279269,67846.72115058772,4.021335776513587,2206825423.722222,-407.7676056338028,6017.26500347535,6031.0656224462955,462.75,19966.245479995996,388009.63877450104,14.962679728643092,5117169463.166668,1362.1338028169014,4849.299197559263,5036.974409725083,3373.0,3320.12940475279,193423.0,10.70412019550987,3812827751.5277786,-17.14788732394366,13171.874641702329,13171.885803739742,845.0,18439.55269376763,698693.9213889092,6.887939279493791,24294729593.638897,shield
-3304.1608391608393,2093.697093560888,3911.6551957744655,-3370.0,7387.732106879952,81803.48316508252,2.873844619918282,3723212654.569444,-1062.3986013986014,1784.867052069839,2077.123294804182,-150.0,6822.832155174304,33897.03081510973,9.210534846761345,772962539.2777778,-2269.027972027972,1264.4408086811043,2597.556254733186,-2326.5,4756.193223886657,48036.91063089886,2.6499068881461896,1689284283.3055556,382.83916083916085,6779.024709284942,6789.826347718168,1145.5,27992.15415335248,454846.9011333561,13.875417127098919,6567580855.847221,207.2237762237762,2066.9821432933163,2077.3437063052115,209.0,395.28374381298346,106840.46858931535,12.906829327034025,618908662.5555556,161.76223776223776,11326.316483761271,11327.471567472068,340.5,10939.745612551998,599625.747709708,6.209654991674538,18224855871.52778,shield
-3404.714285714286,2272.160617838133,4093.2619315897077,-3594.0,7524.056517582257,69332.36412041502,2.490200026189048,3741998728.074627,-1345.563909774436,1771.3912138152052,2224.4929911485838,-577.0,7144.53457169939,43475.39237669562,9.089060885334401,892226731.6268657,-1895.421052631579,1454.361008489788,2389.097509473909,-1631.0,4937.539639131939,49810.54214775778,3.3762932040688716,1227723245.731343,527.172932330827,6619.969415361371,6640.926619147531,3307.0,32138.049790471443,441595.80546754476,15.136841018858053,5858467123.985075,624.187969924812,1854.9409902876325,1957.1450378671786,2019.0,5433.314242157779,83017.0,15.310695497624934,557075099.1194031,97.14285714285714,12080.052805206784,12080.443390508404,4690.0,12180.38258220875,510662.06647192006,7.571198803059752,19266033653.820896,shield
-3091.5289855072465,2180.976065202442,3783.412225123954,-3415.25,8426.045627221461,83606.06755916854,4.371791045704656,3247246740.828572,-1089.7536231884058,1543.3942164639625,1889.3460949933622,-519.0,7774.509462275145,27124.767675795098,11.451328282376602,647147553.9142859,-1768.6014492753623,1306.955215514372,2199.1095974823834,-1323.0,4705.5746707324015,26331.554104082214,3.3352645390228375,1083336494.5428572,-1.7826086956521738,4265.935435651461,4265.935808101263,1005.5,13597.886185588457,274845.0214131821,14.417468538658618,2475619050.2571435,1495.3695652173913,3109.6141544423976,3450.482622197503,3258.5,5518.2124927909435,206361.0,9.203137743382063,1923715682.9999998,380.6449275362319,11292.259817866989,11298.673477673052,2945.0,29071.539188436876,177510.39184339042,10.226520504220078,17385545538.65714,shield
-3321.6716417910447,2349.873835216397,4068.8339284509307,-3257.0,7830.955991119717,75445.5790264072,3.016089243446598,3642549784.7352943,-1168.44776119403,1761.7311854137017,2113.9931268333175,-510.5,6350.637058437169,46556.15432807953,8.378810969075055,770303320.3235296,-2160.2388059701493,1447.405363488505,2600.310363221019,-2124.75,4112.666293358134,48225.06594464268,3.753546780935856,1508866349.529412,276.05970149253733,6322.284003925044,6328.308145553172,2528.25,23915.497227868094,370258.8162915272,13.249525156539926,5297814997.47059,967.2835820895523,4483.370463237003,4586.528996834749,2097.75,4059.180830111828,129616.0,8.14013018131734,2900935721.4411764,-404.34328358208955,12581.660525094592,12588.156142171954,941.75,10593.362591301226,615165.3508627042,6.876314840808534,20943264122.58823,shield
-3909.014705882353,1613.7832604003681,4229.029721147977,-3614.5,8253.197178598813,35027.72751909168,2.6470076235982396,4445083747.27536,-1228.360294117647,2392.702888541577,2689.5903266110995,-243.0,6550.2248198709285,52298.344995620144,5.938141023217804,1171789929.4057968,-1562.139705882353,1287.6508887756104,2024.4320863044093,-1412.0,3671.2533130296597,55232.22005550514,3.9953553995271247,876363265.1739132,350.375,7421.073323886017,7429.3399383200685,3080.5,17217.20444124162,471445.70119824045,10.620960715898395,7414260667.086957,1416.9485294117646,3924.9267515080737,4172.863901411821,3393.0,8401.164525222803,192705.0,9.845803612599562,2603000177.0000005,-1569.1544117647059,14266.79700278952,14352.830462552141,1281.5,30584.465066417706,338263.1843747463,18.670152049204887,27964693012.76812,shield
-3195.0882352941176,2197.889286507386,3878.0544280681293,-3438.0,7105.9085232991665,55591.380227017755,2.638450510578526,3383949959.565218,-1193.5073529411766,1618.2233767328778,2010.7477958534262,-340.0,5300.6057241523085,55102.23848580339,6.716983774958826,732816413.1159419,-1782.0661764705883,1150.0499170893172,2120.937214798601,-1303.0,3849.1582156363174,24847.05935312441,3.3858587462892276,1028556997.4057971,264.44117647058823,5008.906613935623,5015.882235752867,2329.25,21269.47394095233,315153.2589569583,14.269271712356765,3381831275.855072,877.8235294117648,3548.6892068065345,3655.648948585479,3129.25,7990.8138660056875,119384.0,12.507036899992586,1894471309.1014488,-48.279411764705884,12175.032619047483,12175.12834332643,3834.5,9657.871237214416,558866.627871527,6.1373205591155955,19867993517.362316,shield
-3221.735099337748,2154.09930379784,3875.5284621490205,-3435.0,6832.7534750827435,80725.16359161981,2.4082559662319616,3810061787.3289456,-1040.4701986754967,1742.668239649401,2029.6479566206967,-312.0,4128.064972991933,69255.63519527622,6.923973076347103,780341583.3289472,-1849.953642384106,1127.2415510471849,2166.333767769289,-1716.0,4180.3043259602455,39221.49426121881,3.4350867546389456,1217352961.1842103,121.75496688741723,6295.809123227746,6296.986325860925,1190.0,24581.670093852023,441617.0284825415,15.92023183317497,5950290125.197368,655.1788079470199,2959.8577871826205,3031.504146579463,2444.5,4710.371077699091,98932.0,13.61937139190381,1442954783.881579,32.913907284768214,11128.60764152217,11128.65631440914,2348.5,7665.2235710849445,607380.3840387735,6.893582568819105,18578025993.39474,shield
-3304.8993288590605,2114.4815149614437,3923.4413020977786,-3361.0,6782.494910566079,84442.85758208363,2.46948416876607,3894906619.6266675,-933.9865771812081,1440.2916417318565,1716.6161305304445,-285.0,3685.734101697146,53667.68475115784,7.813434225402,565252536.8399999,-2042.1208053691275,1397.5770159842373,2474.566406328361,-2152.0,4411.831065101021,57177.41366891679,3.7203143242686294,1523541594.7999995,34.355704697986575,6260.821192223186,6260.9154534649515,1745.0,23603.58729831529,423658.1489402819,14.148992179148845,5801897244.173332,395.3489932885906,2976.9038934697505,3003.041394561464,1699.0,3890.4805480440864,76630.45323797519,13.97974359815422,1357895813.4266667,-63.40268456375839,12626.629149943152,12626.788332375103,4589.0,7246.975443120269,752193.4474647269,8.059702891236695,23598153848.693333,shield
-3517.093525179856,2034.9826750259863,4063.3854545831587,-3592.5,7658.06942733904,57354.75354020784,2.492276608209824,3985790947.1999993,-1109.8345323741007,1742.7275141133805,2066.115165642477,-265.0,4692.923153589687,59552.25807490527,6.571581537854177,759117199.9857143,-1675.769784172662,1542.8590824957157,2277.853928149391,-1519.5,3645.3012001525876,55185.476259029936,3.101977984267943,1103618678.6428568,-660.0935251798561,6051.461873316453,6087.3569195659165,1156.0,19468.452436919644,427448.6442160951,13.621317654110927,5174113803.9,405.9856115107914,3233.208958984068,3258.5985468002395,2165.0,8391.210335883927,83007.06059655799,10.914356426099028,1488170878.7142856,5.0647482014388485,12567.263292573783,12567.264313148935,6289.5,10023.194641649174,569966.0550827065,7.714171125955598,21796317915.02857,shield
-3330.442028985507,2132.6040896427776,3954.724302855283,-3346.25,7234.80801285889,65307.31909435416,2.5037963017338476,3636273730.228572,-1197.4492753623188,1877.8652197798688,2227.1646887297397,-331.25,6437.140623509819,54339.698829556895,8.193375720873743,869800645.2571428,-2194.572463768116,1771.0926083516067,2820.0917229918173,-2143.0,4825.441528010913,59059.30691049872,2.7187777338338672,1736957759.8857145,225.18115942028984,7172.701481286185,7176.235300922267,604.75,28753.08908209224,492296.6102292092,14.437766429410983,7012850824.514287,1013.3623188405797,2677.5422619217857,2862.8894064604015,1476.5,2058.0336491338085,139844.0,9.58112060441614,1254598047.7428575,228.1159420289855,11721.697610440879,11723.917082341686,3118.5,11977.351395011954,504927.97227027925,5.814467786523367,18704270620.085712,shield
-3347.657142857143,2506.595237059422,4182.084172822377,-3574.0,7199.982301446854,140379.82084826584,2.443016643260328,3960944199.352113,-983.0357142857143,1537.9986829397774,1825.3216604986953,-160.25,4253.925128230636,40926.17451938369,6.980391710924786,593272930.802817,-1638.5071428571428,1276.627988639428,2077.133765209027,-1575.0,3450.902286198171,41970.3045921841,3.183839024345508,966085449.5070425,593.0,5632.505531035265,5663.635542400558,3014.25,21659.76568431707,417000.371907624,14.215095083930741,4476419970.112677,119.65,2800.7698710099594,2803.3244537258156,1673.0,7594.424718505582,125932.31157471973,12.908798227446384,1086712977.6197183,243.70714285714286,12063.39701061286,12065.858469547156,7477.75,8290.629817859717,489898.63544413215,7.206461556451111,20103128877.61972,shield
-3185.5342465753424,2020.024281572437,3772.0188936757163,-3367.0,7656.025828513207,56948.91449406208,3.2758548884220806,3510767942.2162156,-1262.8698630136987,1794.0314869631052,2193.943770273816,-531.25,5854.649986273995,66315.9575758306,7.579133211392614,922968292.0270271,-1954.9520547945206,1344.6765223487957,2372.760520217194,-1607.5,3387.815387462371,50358.45196811636,4.95017523613722,1361321451.2972975,143.58904109589042,5748.965164379566,5750.7580608101225,722.5,27401.713126029837,379740.0754732525,16.60237064037515,4766747715.729729,622.3356164383562,3277.3599805569306,3335.924169048786,1431.75,6688.934303855999,90861.0,13.85519800752418,1658590663.810811,-103.08904109589041,12181.840457436138,12182.27664604699,3451.25,10068.77468331985,612593.960257729,8.111657970157319,21376284014.40541,shield
-3018.1575342465753,2485.110128725745,3909.6096037104085,-3353.75,7887.9665831653465,55858.07922784014,3.647472924275832,3513444941.243243,-921.7054794520548,1529.144514918136,1785.4478257166083,-175.25,6031.26001640485,42846.70716377702,9.979899585739757,581499973.3513514,-1942.6849315068494,1398.6973575409795,2393.8210127526013,-1794.0,4058.2401204286502,42935.70529301059,3.3807421929992714,1368891180.9459457,157.1986301369863,4934.101229200524,4936.604739020036,939.25,21664.196485179767,338570.0428164992,18.361984226433282,3513834153.5675664,971.013698630137,2924.3937786172173,3081.3871187084665,1569.25,6211.349834625505,141768.0,13.26260558860089,1503335284.3243246,-76.24657534246575,11652.97151976999,11653.220961640687,3401.5,15253.645028444162,519348.02800317935,8.566757573069761,19559356006.89189,shield
-3404.5107913669067,2064.422490941854,3981.5240737235645,-3443.5,7636.6517855340935,121208.8781180747,2.6363345684590977,3787361442.642857,-1102.546762589928,1625.9019687059972,1964.4761580481368,-363.0,4734.450471505953,35571.35878911907,7.368130783003057,700355328.0142857,-1782.1079136690648,1510.8144246613188,2336.3366285119573,-1875.5,4063.9199446560347,44694.91402977624,3.0614317526735277,1191605763.2857141,423.7913669064748,7722.725587254837,7734.3448086250355,3527.0,32471.132421161074,504772.94270434685,13.705623853841496,8280385615.514287,358.8776978417266,3854.1438979987543,3870.8162431829815,1958.5,6074.192544821087,92959.4305950191,9.976581773193942,2085565542.428572,194.3884892086331,11964.287629531884,11965.86667846949,7659.5,10288.098933426629,570184.6285630743,8.392234474505582,19765348808.95714,shield
-3299.1503759398497,1956.1967223377155,3835.5050279655316,-3337.0,7451.913691258278,52083.89697408393,2.6862479513679816,3378795958.1194024,-1208.218045112782,1829.9004835028593,2192.7896898836766,-362.0,5477.858656546036,50473.30040149967,6.647330031079185,827438282.8507462,-2148.9774436090224,1574.4750764646935,2664.033749701545,-2179.0,4083.6609426054383,49002.40577626003,3.5615315905547984,1546491169.9104483,409.0,5571.052565873824,5586.045801076941,625.0,20315.602616449036,389717.457080026,13.730358303665383,4141231020.6567163,666.390977443609,2563.9774518221543,2649.161623659583,2658.0,3509.5015623550735,88630.0,12.155268879270999,985057407.6567163,136.78195488721803,12823.863796326834,12824.59324773791,3901.0,11665.274170657314,543807.7305592744,6.180436802353243,21713762497.164177,shield
-3747.6187050359713,3067.320937285825,4842.840456864905,-3601.5,8043.478778228715,117062.64008189962,3.8846065537194474,5174957292.6285715,-798.6402877697842,2334.079736412373,2466.9322092793423,-320.5,6341.388231251958,32831.67848881885,9.346475504609927,927902180.7285718,-1979.5323741007194,1539.6101407962228,2507.777463363804,-1330.5,4300.273163400124,68490.64947346432,5.272548664431886,1408707389.8571424,497.58992805755395,7949.121646254316,7964.680199697489,870.5,24051.40343039706,529472.0198112043,13.591994506746795,8788809129.714285,2691.115107913669,5597.049024737172,6210.399206923216,6259.5,8335.359421384597,374065.0,12.051452310763036,6322267141.571428,113.94244604316546,12076.244369365419,12076.781895423974,2568.5,20419.19020333158,487948.82881062216,6.576776064384178,20129948717.514286,shield
-3350.904109589041,2188.7428190153655,4002.393468844868,-3373.25,7790.088114858185,65755.21862188687,3.1562251075712844,3924408631.0540543,-888.4246575342465,1700.6289804819332,1918.70719531925,-148.5,5687.717679457972,56222.699414640454,9.12969725697322,643919672.5675675,-2114.486301369863,1623.9309074828586,2666.121510914104,-1966.25,4434.042819830548,61548.9394096411,3.3910569735421414,1667725889.9999995,274.2191780821918,6189.85363260367,6195.92480189075,781.0,24128.871875593726,406051.0934106957,15.043015862356063,5540347526.675674,386.56164383561645,2643.9282883893134,2672.0379298636717,809.0,8089.557427886562,56438.0,15.89888143066972,1049888754.972973,5.808219178082192,12327.349406416517,12327.350774732082,4562.75,12167.530216065728,602749.2471484151,8.768848342809088,21886935071.945942,shield
-3293.6991869918697,1776.3107970518322,3742.156381301271,-3290.5,8606.728625772494,24473.687777881616,3.8327212971960867,3032167444.290322,-1058.081300813008,1904.2263119305737,2178.4429958525106,-300.0,7716.350809093244,27673.92708162892,9.97196695696842,715595590.4838709,-2244.7479674796746,1740.5486733921255,2840.4934645147873,-2017.5,6155.274260005413,31822.485842306145,3.497470014381846,1599195884.2580647,-18.869918699186993,5929.479762972602,5929.509788619404,419.0,19132.577335609756,373798.5109288841,12.39568302600735,4289735517.5645165,1916.341463414634,3696.5415760194196,4163.746417307648,5393.0,7083.3515355400905,235710.0,7.435358108640408,2563285586.129032,317.4227642276423,13544.325114116251,13548.044139584506,4226.0,30699.60285319813,503232.41207620874,8.36414078352982,22406812431.22581,shield
-3278.0703125,1789.7819052872483,3734.844607502098,-3312.0,7312.259326068039,40732.52966802676,2.4567718320955985,3112307270.4769235,-1206.1796875,1549.7138316153412,1963.792860369316,-339.75,5206.1222636873,40855.72071969996,6.484093829413617,669401682.4769232,-2210.40625,1482.2238172205766,2661.3686768982234,-2137.0,4287.767616547468,51631.65867347301,3.307706440236288,1508435645.6923075,581.265625,5156.807925094589,5189.464105582098,3261.0,20234.35722131099,327841.0508720878,13.779029427884593,3436866364.0923076,987.4609375,3046.0469615920438,3202.1057439304686,2251.75,583.2086113011628,126395.0,10.943387933414854,1415144481.1846151,166.390625,12388.90129702437,12390.01861126528,2175.25,10073.794327455162,547262.056967644,5.804233753231754,19350797040.276924,shield
-3180.0758620689653,1879.6328808197466,3694.036038694319,-3434.0,7607.100905548235,60254.53158409368,2.971241165536007,3421427734.493151,-1122.8896551724138,1474.9594319014518,1853.7493097633983,-311.0,5523.5869075385435,61479.62794306439,8.161329683655667,676438719.150685,-1917.4689655172415,1245.1831664467593,2286.3001447150673,-1932.0,4036.608099742399,43716.258461896476,3.191085400821011,1282216189.6164386,-157.91724137931035,4809.681108510709,4812.272874712079,292.0,15546.559157174594,313436.73391871026,15.475681258928951,3338497549.958904,480.13793103448273,2590.472774373074,2634.5932565741923,1321.0,7000.306095251597,69620.0,13.523894662433673,1032761545.3424658,-108.97931034482758,11567.081731611426,11567.595094740396,1382.0,15047.191251750048,611154.6232765677,6.945945287390891,19271159701.397263,shield
-3131.546875,1643.4560139163245,3536.599143244821,-3253.5,7865.053407543711,31628.151702063027,3.465187101947286,2812268853.9384613,-1411.6328125,1932.7995719902879,2393.4120796077927,-595.75,5611.370127437091,60692.111013702284,6.123289554982662,973108729.9846153,-2202.5234375,1478.3480538089411,2652.6632769610055,-2170.25,4066.9003790284014,47015.86539385563,3.830785190148208,1498221525.8,-118.5,5289.246855354267,5290.574122614199,327.25,16947.03980897801,325695.06294701726,13.331764705304002,3529541096.492308,911.75,2733.8066780818644,2881.837437404303,2548.0,1272.2085382164328,116704.0,10.702649665305886,1151458486.4307692,7.046875,13212.170244146218,13212.17212341521,5729.75,18431.32097002825,517811.51830544445,5.796356410930171,22000126149.692307,shield
-3251.231343283582,2541.937038788894,4126.978211320774,-3421.75,6983.625565289619,78481.92669034385,3.3993972777223562,3644335964.441177,-1711.6268656716418,2777.444870744423,3262.493913758834,-1363.75,6327.629708703679,61274.57458616599,6.039171757241712,1792110749.6470585,-1703.313432835821,1343.732701619503,2169.5377903785397,-1469.5,4748.666628180282,58476.57241089354,4.852984045452348,1004503455.0294118,-163.46268656716418,7550.700347725701,7552.469516061934,545.75,19330.46464848089,429328.3174423866,12.541493693491212,7534585031.941177,1473.9701492537313,3715.1057254602783,3996.8235578067247,1868.25,9104.704851919736,197512.0,11.776310034142929,2395962754.7647057,180.17910447761193,11641.969918354105,11643.364122518555,1717.75,22397.744253829496,333757.1223559244,9.103345065877665,17903369899.382347,shield
-3272.764705882353,1724.052293952749,3699.100584243816,-3202.5,6344.520226776724,54657.37857816505,2.957422655574568,3269547832.0289865,-1672.5514705882354,2411.81912921692,2935.0127655299098,-990.25,8371.26582712385,37558.497370118464,7.510769408243798,1529522366.5652175,-1565.2941176470588,1777.1675585441762,2368.220894655385,-768.75,5060.762473318578,48438.33763173314,5.216933308859483,1080091402.927536,666.875,5891.088810574908,5928.713995438293,2152.25,11050.54391059014,400070.86706680147,12.267205301511087,4770677758.333333,2577.919117647059,5447.962424094021,6027.1022516189805,5379.0,20255.571147865834,350597.0,10.740180411199765,5759712796.47826,1399.1911764705883,11905.330515531257,11987.269523638523,4387.75,24231.32029869628,537256.5596900233,9.663684948871726,19521900321.10144,shield
-3143.7548387096776,2756.1834840881797,4180.878123537083,-3152.5,6762.400068786474,164977.08485286625,2.991289678468131,4214067604.3846154,-1402.0516129032258,2081.282804778135,2509.479395952411,-936.0,6267.851607298922,38617.59093136137,7.7313581779893825,1272591246.307692,-1202.9870967741936,1545.7266168462827,1958.6854594426993,-1005.0,2852.3743967803152,78043.85819443906,4.240260352590753,813712378.7435895,324.7806451612903,6594.514116241076,6602.507016033697,1350.0,30536.02624492118,500917.50935489225,16.980094475646037,6729861649.205129,912.2193548387097,3502.8594702060896,3619.6917851323806,1973.0,6541.160466884331,141394.0,14.355619470744388,2145973489.2051282,168.50967741935483,11721.557955663184,11722.769144675452,692.5,12088.489712998044,409529.6932287075,9.513800755691369,21168444738.05128,shield
-3787.242424242424,1824.768578607411,4203.925016630833,-3568.5,7340.638283816058,64755.98754118572,2.574440435278064,4163060616.2388067,-1715.219696969697,2911.042248827817,3378.7787118030287,-1024.0,9013.985751728027,83174.58140201028,7.555204352243568,1867006746.3731346,-1842.3863636363637,1576.8861897006375,2425.068569789691,-1641.0,4086.8718176350635,57003.38644599897,3.7697421327067797,1206071915.8059702,-781.7045454545455,7166.797592960484,7209.302999239835,772.75,22693.765616735018,459051.60095503146,13.46139252702351,6838440618.134328,1001.3712121212121,4078.2765102454423,4199.414673318753,1593.25,8629.311144880552,184286.180691519,9.976709990776882,2423483661.9552236,110.36363636363636,13489.238659959441,13489.690128300788,1235.25,19669.003837645407,491331.73898094863,6.490209601365935,23663422522.059696,shield
-3503.6567164179105,2105.0512246203857,4087.401502761396,-3381.25,7323.049584585223,60586.79479480827,2.2948591969111347,3826537690.1470585,-1678.3805970149253,2544.7910473256734,3048.429579797617,-1182.75,6450.88018816682,55047.58249686162,6.067562782970996,1598867169.0,-1885.2835820895523,1787.7080324072601,2598.1135837429915,-1741.0,3159.6985027714863,87430.4137972122,4.771288704658757,1360497054.764706,315.7910447761194,7277.930531545993,7284.778432181047,772.0,28606.001397907778,456077.74446435977,13.813850920989529,7020404473.000001,1181.3208955223881,3290.2013403001083,3495.8466668191336,2702.25,2949.016718197056,158297.0,9.58240729893531,1797781202.1176467,94.1268656716418,12294.220231912668,12294.580553138521,3735.25,12667.90967228947,460750.9611814131,7.322798288875091,19958395267.735294,shield
-3512.7272727272725,1082.4877820775196,3675.7356666263545,-2872.0,7687.161341619294,36590.521996834475,5.433740671281769,4239602560.3012056,-1258.8848484848486,1829.1324037303839,2220.4766182333947,-666.0,1193.7656682476077,92515.77279530258,8.99325451567311,1068549674.5542169,1341.0545454545454,2167.726023319439,2549.0122412535816,2646.0,8197.138074157689,221274.0,9.956664934465357,1360576050.0361445,-2220.5454545454545,4430.4436421328855,4955.769665936683,151.0,6540.549427342841,230168.99792485,13.162474976240695,4836615569.457831,184.3151515151515,7682.995525188952,7685.206068489739,1290.0,12886.919634002012,240198.46328128513,11.624226049019066,9692159762.192772,-341.2,6076.483812006394,6086.055615714973,922.0,11623.928511508764,396509.4219679486,13.28333104096804,6093888259.481929,final
-3879.4636363636364,1731.4226765990225,4248.301141739965,-2286.75,10221.9243421209,29390.364725363685,3.9291465349987873,3575801468.5,-972.8818181818182,2560.5578430981086,2739.1523323831407,-707.0,62.457444865365076,99516.19376007344,6.504158265402441,912856695.2142856,1526.7363636363636,2179.451868860078,2661.00251272472,2807.0,7242.425044157791,167941.0,7.893815880368155,1016860481.3571428,-3377.390909090909,4238.988352930566,5419.943875086799,-361.0,12729.488434217537,136144.68654252245,8.770159760836961,4405973296.857143,576.3454545454546,9130.73921276751,9148.911009215548,5764.25,18007.641920991788,231571.49784628293,7.613288741113769,9078863764.178572,-1079.6181818181817,8463.321273677822,8531.903796925983,2860.0,12631.063187463018,266978.96260047343,9.130150203989105,7990660955.8928585,final
-4657.570175438596,1880.4514620738707,5022.853535626027,-3580.25,10706.862443841821,77849.81416027223,3.7516219443936545,5256893311.586206,-1260.1140350877192,2641.2921769825048,2926.4845370536364,-719.75,1098.829605712944,123965.5015873612,7.642691542840437,1137423845.5172415,-186.8859649122807,1702.0715951646023,1712.3008143861196,608.75,2166.906874764016,79630.90768422192,8.400213626045296,332407591.0,-2274.684210526316,6234.697276399808,6636.688811897459,-101.5,15189.45528145167,118595.97262379399,11.075389767546577,5514980559.344827,249.5438596491228,8057.139761901439,8061.003242816725,2605.25,7752.499979985524,194251.33764220326,8.06491599461668,7286980659.793102,-1096.1754385964912,7749.860770957199,7827.000866321883,1168.25,7654.92264368578,346474.75896435964,7.383309843210128,6998091620.344826,final
-4697.927272727273,1879.687385561231,5060.014360382066,-3547.75,11885.525494943084,34084.32058189444,3.9119082817800805,5150533222.714286,-1130.7545454545455,2861.117312539928,3076.458697623262,-387.0,1943.287739980827,114448.47857151032,8.026774803400098,1160686471.0714285,-238.8181818181818,1776.349894801227,1792.3317418177007,626.75,2108.030138261349,78111.44173602307,7.619520905845553,353231341.2142857,-1942.1454545454546,6716.078361712373,6991.25436007536,-99.0,20919.781248188396,197965.64934226763,10.176621385823868,5688637693.321428,475.5,7574.23836405051,7589.149296558511,2923.0,7971.800401720337,222395.9572687269,8.025972368941503,6246915263.392859,-1199.6181818181817,7424.106154929994,7520.401317869824,1218.25,15689.818916387396,347418.9953040177,9.754883547434625,6266067387.214286,final
-4907.927927927928,1989.7396756328699,5295.924897741897,-3786.0,12532.78971786918,43418.256257774716,3.8670947458012974,5735268964.803572,-884.6216216216217,2556.750654812443,2705.46286692764,-361.5,2283.7291197604836,111937.07048225164,8.685612307789672,891301661.1964287,-518.1531531531532,1789.4096424340635,1862.9196328769951,150.5,1776.188263963399,84218.36008858292,6.283182043329476,411318130.85714287,-2263.009009009009,6500.011529436061,6882.685497511684,-38.5,22778.435442171412,140391.49110742199,10.619926806734698,5774651321.232142,383.36036036036035,8662.449952839886,8670.928690247161,2206.0,8458.890567879196,255419.76023489406,6.777013456375127,8287189253.767858,-1563.5045045045044,7388.904685281704,7552.513408381596,722.0,11062.685668517322,332897.43827343336,8.559009006805601,6543881679.25,final
-4729.078947368421,2147.731063666373,5193.932653806814,-3285.25,7922.480281433208,98236.30888245399,3.0432120343586124,5527908745.5862055,-860.7894736842105,2623.8174795905657,2761.4084602265066,-541.0,2031.2924240100929,125536.79881464176,5.839577251736454,937319057.1034482,-34.79824561403509,2128.425223722783,2128.709668056495,995.5,1053.5201570079735,88253.84157893647,5.321231346008003,507811016.6551724,-2380.4912280701756,6160.227431216239,6604.175988814053,-69.25,2812.3398135965977,208685.79850465784,7.9177179738384345,5521283856.689655,544.4298245614035,8326.505015394587,8344.284846843566,4214.5,10905.16047327749,329587.2260974169,8.763097417054887,7834197401.931036,-856.5526315789474,7802.58578494594,7849.460321710357,2587.0,4745.432119694156,386802.70888484176,7.823455192777124,6985108548.034483,final
-4762.862068965517,1935.7419316124283,5141.2014076277055,-3369.5,8123.354818593437,83608.63293877922,2.711006235199024,5600980978.101697,-510.2068965517241,2770.106270578309,2816.7001664334466,116.5,1753.0961849197085,133234.22585714853,6.751039057107872,934409299.9322033,229.26724137931035,2004.304154588142,2017.3741874201141,1139.5,590.404269300238,79807.06810348546,5.03589036236964,470089320.93220335,-1937.6120689655172,6425.132909898,6710.936852605243,460.25,12615.233760477124,227358.26677814065,11.39505684985993,5563929868.254236,977.6379310344828,8742.609557157752,8797.10167004471,6127.0,14151.373525774601,468829.93539100146,8.546211721964468,8934301459.694914,-751.0775862068965,7826.059139680296,7862.017501778781,1849.25,15490.05598657844,376030.5489080915,12.339848474623848,7114154357.338981,final
-4756.018348623853,2037.8002890401092,5174.199508180827,-3559.0,14724.9918810305,39491.75795950828,5.48134344660387,5334790535.6,-987.6238532110092,2389.1152321431773,2585.202597068537,-608.0,2013.1598059043527,105989.10737860996,8.745971893561483,827206345.3818183,-348.3302752293578,1820.6380576022882,1853.6604104935705,563.0,878.5437333964956,73496.51393973999,6.471204780601991,384230556.90909094,-2163.8256880733943,5710.299378138066,6106.526066130421,-326.0,19617.44544207368,126741.89980821712,10.047400863540455,4533336199.945454,-7.834862385321101,8561.829510092193,8561.833094901705,2256.0,14883.45145795181,230728.96340930765,7.091760061390366,7917611521.163636,-1409.0366972477063,7088.508988971285,7227.194760134628,846.0,13054.684961391471,274028.51989238046,9.774738841957134,5856007568.072726,final
-4799.559633027523,2026.2408155928006,5209.743229158369,-3745.0,12526.459127354477,51715.154625129624,3.948563634437828,5419593452.290909,-999.9174311926605,2479.7917200510547,2673.7991405557555,-604.0,1736.858986073462,109274.20465414855,8.130295344360759,880170047.1818185,-375.8256880733945,1903.1931104033852,1939.9456083361597,531.0,2150.0636435252463,78519.12518265325,6.519298477508963,421735959.0727271,-1628.8165137614678,6377.173782528694,6581.898562578536,254.0,15475.615535324752,156056.16244350612,9.360762149568478,4965656597.127272,375.5045871559633,8812.513950147177,8820.510519041047,2348.0,11564.996273847692,263812.9396813081,6.9675748673784845,8418488794.6,-1543.48623853211,7338.024640593503,7498.596895052795,433.0,13622.10301367329,275846.07108486316,9.687081682233126,6330553787.654544,final
-4855.418032786885,1936.4304359943608,5227.317391029301,-3648.75,8634.016745719531,86859.93235686721,2.625961491763963,6109633726.903224,-932.2704918032787,2467.1144857607596,2637.381685637804,-520.0,2384.597385311742,118311.48493762,6.004213613427486,939243907.2903224,-396.1803278688525,1829.6014168476806,1872.0043260423604,446.5,1799.1478113035732,83634.1970665101,7.431064457566684,439488320.0322581,-2808.3032786885246,6277.456586461373,6876.992693030872,-131.75,1079.4929573187899,318272.07148799545,8.973685502820757,6623359774.935485,738.9590163934427,8545.696678903865,8577.586616044031,3687.0,4366.517207860456,497275.8371646585,7.284761961596454,8897054002.774193,-1457.22131147541,8123.549123939241,8253.214181134046,2142.25,16534.010591694303,401536.6484162637,10.451729742897896,8431925996.903227,final
-4889.710743801653,2102.306413245659,5322.495975876651,-3734.0,10302.717685589501,95520.04459329654,3.4639165262073757,6269016330.803279,-1109.2892561983472,3209.0884585054164,3395.4044513768536,-874.0,6692.22725456409,75117.44319751626,8.26787596332248,1531219869.4590163,-455.24793388429754,1800.136456172931,1856.8096138669578,612.0,1875.5888438693332,54664.249549706,5.004037121340022,438629073.77049166,-1268.1570247933885,8041.20912951525,8140.593743955796,409.0,13368.658600400116,332362.046547187,8.198863493850528,8145855022.098361,624.9090909090909,8533.598499775573,8556.448721711171,2344.0,1255.5648083618798,418186.0564501055,7.942712518217058,8833002437.852459,-1219.1652892561983,9111.476694776557,9192.680325236131,1108.0,25272.7487248929,112603.57653370273,10.609136675760698,10319713118.032787,final
-4486.361904761905,1895.7908420086828,4870.468771806555,-3408.0,12669.992426367693,34866.13855150962,4.784805267621168,4560700225.509434,-1552.0,2599.130055926222,3027.2398397911998,-1071.0,6259.2439600495445,64438.68716473502,5.103476880892071,1203689223.1132073,-372.8857142857143,2039.540906858281,2073.3477437870056,561.0,3640.736032546584,66816.26264734552,8.965420135190815,461574586.92452824,-1905.4952380952382,6834.233495354468,7094.903774641949,40.0,13002.476845321504,227882.3832999047,8.320063622459168,5613240591.547169,740.1047619047619,7753.2500477742005,7788.494165235329,1987.0,21361.20004586572,77711.0,9.782381016324084,6366250665.433964,-1868.5047619047618,7381.7753873323,7614.585866236306,637.0,11975.903053117863,200657.01455122296,6.133749187293376,6393795643.90566,final
-4080.939655172414,1641.5963125126264,4398.739242375455,-2933.75,7566.5493314705245,72894.4473493861,3.4146330651587444,4105559690.0847464,-1014.7327586206897,2616.2270852012575,2806.123078690352,-472.5,3541.9444574163317,133549.46028204839,6.792699131222739,1015364800.1864407,1315.0172413793102,1985.945618515959,2381.858590434702,2091.5,3533.0900789900243,152542.0,5.543343728358695,844142444.101695,-2883.396551724138,5233.841222868248,5975.539274466335,-333.25,12231.516004643336,167754.44091715125,13.01946633836694,5020698670.271187,480.4655172413793,8749.695338963124,8762.877132422378,4157.75,5378.268815285964,312210.20228324237,8.908382436101832,8782985231.728815,-507.3448275862069,7959.077572943263,7975.231318664487,2563.25,4809.398726316907,310346.3196375024,7.439572373673236,7282407583.220339,final
-4619.484126984127,1848.4534493759784,4975.581750305008,-3512.75,11302.93075915777,81076.68387895933,4.973430418957544,5717365489.562501,-993.3015873015873,2689.4293732108945,2866.998150823505,-499.75,5150.152081156224,84258.12581493182,8.447023212815784,1141887708.3125,-136.70634920634922,1558.7760209890582,1564.7591857930759,707.5,1112.1210677660192,47249.391691146964,8.17835650101196,306010171.0625,-1587.7619047619048,6984.950119044006,7163.135907669631,-124.25,9535.918090166362,344421.1934601479,9.712731610734407,6676865060.624999,246.78571428571428,8333.973409329728,8337.626519351325,2576.25,17853.601485586216,310880.1735167582,11.342734443403502,8630685442.062502,-1686.2222222222222,7921.409004544832,8098.89288730256,981.5,19933.409809118086,133858.44618275232,9.79770730130121,8488357599.343749,final
-4718.280991735537,2050.2094520016003,5144.466377968622,-3477.0,11313.71196669624,92008.21689442435,4.4923739171552235,5847724587.180326,-910.8595041322315,2612.8745776966234,2767.0884689581794,-416.0,3634.432239611425,77956.92183709666,7.529129242072993,1018442796.7704917,-265.07438016528926,2354.0618779136,2368.9389506836424,938.0,724.0712321463677,87556.65782702138,6.831380085130287,681902916.3770491,-1896.801652892562,6895.143565373001,7151.283891548472,131.0,9419.841594568197,281989.3003992379,10.414412451317473,6569094814.967215,342.0413223140496,8985.772320083295,8992.279825191465,3417.0,18656.98141381705,301608.895625895,10.906577345948216,9718034401.311474,-1758.107438016529,7352.141037237538,7559.42587734289,971.0,22200.29590711906,144042.2812367787,11.007240848784292,7228797099.606556,final
-5035.892307692307,2425.339215755044,5589.497441286993,-3611.75,10227.56303389031,128728.21210511739,3.742806952329811,7246863499.787879,-905.9153846153846,2442.881586709923,2605.4468197929564,-343.5,3953.6828493667545,81952.47874160606,7.977000117331795,974191805.7575758,-1102.553846153846,1954.0734497711676,2243.663974566876,27.5,1246.92852108467,80883.90956124259,5.067493889534166,800146743.9393939,-2043.6,8371.223086447819,8617.057323882495,310.0,5772.103079015067,463346.68272486003,10.169563776367685,10041515427.787878,870.5692307692308,9687.12482305843,9726.164615256977,3163.5,13086.297867883806,429309.74304103974,10.374906278550792,12208573281.303032,-2269.1923076923076,8340.366364482257,8643.54931860037,1004.5,20125.52735569766,210502.59070177044,10.695608895004215,10224927346.848482,final
-4634.033613445378,1905.9371145408816,5010.6749859800375,-3518.5,8486.074112479462,89042.49735814618,3.2025975034905483,5496961674.883333,-601.3949579831933,2692.5799199876683,2758.924160068269,-464.5,2673.260179269426,108780.19225454643,6.640282706517323,940920377.633333,-87.16806722689076,1646.7537116640906,1649.0591435189733,893.0,1298.2467334754658,66066.9113177327,6.253125035126924,321808055.98333335,-1863.218487394958,6540.492196367996,6800.707411918337,-65.5,12755.452788917308,329249.63930490316,10.923633438295187,5867516466.616665,745.7478991596639,7962.264429420074,7997.1116519096595,3400.0,3901.3321530714325,406267.6812271093,7.807238499213711,7612709877.65,-769.9411764705883,7648.829379643185,7687.48335244491,1857.0,10107.581511821989,272240.86848303577,9.528878937469674,7043942164.116667,final
-4673.764227642277,1967.1749628986481,5070.882506057886,-3552.0,7417.119834526938,92742.08418530479,3.483638916821049,5802449948.0161295,-898.7723577235772,2646.3595390588202,2794.8185202219497,-523.0,2885.948116751916,134464.32312708345,6.968203786705288,1051563388.5322582,-718.1463414634146,1191.92981925587,1391.5569919297657,-38.0,1456.4225365088625,51409.45615183443,5.532523847862819,299183909.12903225,-2094.1382113821137,7042.119524948568,7346.894735330874,25.0,3699.8231490997478,349780.6554688025,9.86790744418899,7120668469.774194,644.5121951219512,7870.402340275798,7896.747999491922,3105.0,6689.579721803964,447231.1488159066,7.746573614889204,7658937284.467742,-999.0569105691056,7757.935040085866,7821.999156018106,1286.5,8255.253014902737,410718.68667755305,9.664144127597465,7586679297.903227,final
-4236.2,1958.3084265082794,4666.9435751178025,-2964.0,12440.320927898614,48470.34793682738,4.124125365283302,4131853059.6792455,-1146.0,2601.5340382898994,2842.7619232677494,-488.0,1124.7530735538528,68470.77035379724,6.69002138663259,977128209.0566037,874.9333333333333,2622.974546530338,2765.050417175754,2100.0,5822.666111067304,111453.08052805041,7.04759821239308,874824612.490566,-2111.2571428571428,5566.73012686138,5953.645188333902,46.0,14875.033128330291,191468.69884417782,9.716039990621281,4150319412.3962264,504.74285714285713,8609.894765164721,8624.676992157307,4709.0,18505.99428092885,143052.55153405917,7.540072569092255,7763245280.603773,-945.9142857142857,7383.613167799399,7443.9570960356195,2556.0,13769.202665488405,173736.60226782874,10.57161065219657,5856485313.169811,final
-4716.080645161291,2207.312402421428,5207.076405580044,-3351.25,9001.932247397723,116215.56447370783,2.751266896845788,6022884311.587301,-699.8709677419355,2378.6171401635256,2479.4432582674162,-455.5,4201.858543943668,100467.82480283643,8.542173647819256,809990824.5396825,333.1290322580645,1824.0386463424168,1854.2092480310498,1283.5,1581.97778055995,69070.9172192048,5.6695218040753455,433099127.7777778,-2016.9032258064517,7044.8257166328485,7327.855620848435,109.25,15194.352747296329,358619.65507055307,11.25066421280708,7049425137.777779,403.66129032258067,9482.57961099321,9491.16739480076,3697.5,1670.7129513281825,462787.18993198173,7.575154746150835,11012809436.476194,-1028.8225806451612,8154.781336488534,8219.424222437183,1279.75,15812.161685259985,268087.0128412372,10.487126148246258,8373804931.4920635,final
-4068.963963963964,1916.0068034256756,4497.504842777917,-2783.0,7809.264522538206,56239.712513011014,3.260539791366195,4046570359.3214293,-694.5225225225225,2715.4344295866595,2802.8459957114437,-515.5,3236.4322681285257,131909.58992184288,6.1903201179601535,917288242.2678572,1260.7657657657658,2212.5233238652727,2546.5250391022614,2334.5,1372.4659709256086,139945.0,3.811171582194648,888247302.1428572,-1946.5405405405406,5503.011772900435,5837.136168417578,116.0,17397.840460057098,208236.6938439512,11.526488581291574,4165067705.946429,591.2882882882883,8466.90619586059,8487.527459123145,4870.0,4610.200386761773,310972.10038954177,7.372521528294995,7963298182.160714,446.27927927927925,7584.197264524987,7597.3161933897645,3246.5,5367.0824227113235,289383.87092304905,8.725649436695667,6371538767.5,final
-4245.160305343511,1678.5238280935332,4564.956545197554,-2822.0,11099.755423771596,73306.79775547526,5.623579895176576,5052122251.651516,-894.4885496183206,2854.7896497860183,2991.643981145428,-509.0,4530.876827227597,70815.25659030331,7.992618828191901,1267579515.7575758,871.7557251908397,1912.8590052373447,2102.138819945203,1974.5,2788.4077449766723,114200.0,7.914638232946296,673302170.5909091,-1870.8625954198474,5902.1352789773455,6191.552931396943,470.0,4852.145331008672,194357.45195854682,9.547762864215821,5438926027.181817,156.93129770992365,8296.072347795682,8297.556497672134,5167.5,18735.946437361894,391093.7011985596,12.099699520312628,8954151037.621208,-1360.824427480916,8657.835269241783,8764.128859832888,3412.0,22961.73465568228,209756.97618530947,10.177688556526089,10226629635.954546,final
-4250.935185185185,1595.511814278648,4540.496437411679,-3140.25,10802.727852377386,32225.786221734103,3.8896598676419507,4102192421.363636,-1451.9722222222222,2643.113748264617,3015.6713382546136,-906.75,970.1504555892024,113553.58683921106,6.884746643468033,1187893909.8000002,509.30555555555554,2029.8115970697295,2092.73201067851,1554.0,3626.268182927636,88448.83813169264,6.697148246214034,491903809.5090908,-2411.935185185185,5391.794843527332,5906.681214711204,280.25,15290.094497533677,154882.48810855424,9.124239095143253,4316510751.181819,208.99074074074073,8178.59963732741,8181.269409902562,4271.25,10443.720709707984,286687.20421759016,6.831428669520813,7101992368.563639,-631.3703703703703,7062.9204936671085,7091.084151555702,2718.25,15189.003273180922,296163.01478664804,9.935107991961607,5374713553.345453,final
-4468.100917431193,1872.3480276392695,4844.544658164906,-3342.0,11335.163004390946,36644.61535790775,4.000427180263777,4691217035.709091,-1084.7155963302753,2563.265306051306,2783.331987767259,-415.0,727.5976579438799,98957.79755541777,6.809788353948887,963823970.0727274,156.4862385321101,1693.1556262143372,1700.3716997854299,803.0,4429.750375471843,79619.07764947585,9.16084430081373,314927707.7454546,-2112.697247706422,5536.921135489887,5926.296087869802,301.0,14383.30646604697,100855.86601710596,8.937651733430993,4275483156.872727,544.9816513761468,7911.582340927635,7930.330392714713,4027.0,9972.00193995853,212958.7775913109,7.025922552204809,6824786103.490911,-1010.5321100917431,6943.896445461958,7017.041612447919,1792.0,13894.696327689859,339834.5663798886,9.962264703924648,5428542108.254545,final
-4625.517543859649,1836.9562125661014,4976.928839700101,-3452.25,8147.997583143802,93157.9819292174,2.559081676754646,5172099263.965517,-819.5526315789474,2479.909485091636,2611.8226528949926,-418.25,1949.0876733602959,126478.89790794776,6.802401380275258,839510889.241379,261.719298245614,2179.8520210067536,2195.507190733249,1092.5,1780.8596014767002,87207.57932823678,5.5256427936033035,547709894.0344827,-2017.4736842105262,5429.053607570005,5791.7892865979575,-25.5,4895.181501784591,183522.29650183726,10.258652108961908,4214276761.4827585,626.6315789473684,7951.455253834962,7976.108561790874,4634.25,5079.936835308151,348770.61566949304,7.309242996681597,7171450370.931033,-728.359649122807,7407.806519023299,7443.527739033044,1925.25,8587.742157876944,342396.324184433,7.580416596363753,6266918940.793102,final
-2625.9939393939394,2888.3316323000527,3903.6270041947896,-398.0,6650.0776412925,89104.04407344888,5.525196632081916,3630133603.289156,-1046.3272727272727,1959.097922169828,2221.005499836286,-282.0,3475.2933612194606,59575.72375975198,7.114641887676552,988573566.7228916,-116.97575757575757,2127.6622765487637,2130.8754282944583,1288.0,3030.552661185755,81913.00958752187,10.114456877236494,746934836.3012048,528.2787878787879,7200.0980823183645,7219.452255727389,2843.0,10131.716031514201,465326.8643460122,15.829635114059887,8593845033.530123,-1428.8909090909092,10676.442675074868,10771.636710558078,3479.0,15228.602730995945,234694.2265402165,27.205778140400945,19364172675.68675,255.8,8679.085998659146,8682.854796213122,1912.0,14771.414975281386,277857.4546675767,11.876522138493861,12375468335.20482,grenade
-2937.491124260355,3318.3151319623003,4431.711793440357,-304.0,8147.564302838021,139327.44593897698,8.114829423507361,4749345440.023529,-1025.2366863905324,2471.4791327751213,2675.6904467564827,450.0,2830.001978160183,98537.48589481798,10.147965045491368,1379400474.4823527,-111.55029585798816,2276.885862251081,2279.616787581819,791.0,313.4433150045306,104488.12893657967,14.199409166990455,875158797.7529411,215.0,8912.018512351568,8914.611543107027,3712.0,23943.751846585397,558334.2185017215,30.490608820942704,13359243770.294117,-2666.8994082840236,10989.843164881739,11308.80211351333,1644.0,22207.184566763997,542214.4970043262,23.12293128714443,22681022218.647057,-746.6272189349113,10327.195656484217,10354.150005256875,1158.0,15045.836988910525,403009.62192296464,27.616996617207622,18105300838.85882,grenade
-3469.3933333333334,3353.957852839272,4825.5283006112395,-1878.5,7877.327194874933,133309.85364911248,5.697975535930216,5228655815.500001,-788.9866666666667,2220.6402199565982,2356.638060175271,187.5,1277.746336338047,71391.1429230212,8.41937861174688,914258225.6578947,-108.78,2616.3872085250173,2618.6475733350094,988.5,4879.470524052313,117845.46769874645,11.309618948524998,1016850080.921053,-1238.4066666666668,7439.172089327026,7541.547085755459,1580.0,11526.532903954965,293034.9153125021,29.795753624767325,8681004232.868422,-1981.3,12241.224469118004,12400.529270693785,4351.25,19719.408618988437,299203.77373902936,22.88251089194776,23347196192.21052,-1151.7666666666667,11129.719987742528,11189.15695930663,1870.75,25169.591880889562,519875.24369978876,24.695748174054827,18729892956.026314,grenade
-3484.3355263157896,3522.040648290642,4954.327844234563,-1702.75,9954.894345469223,102924.66720322524,5.667762561243813,5503848886.714286,-972.6578947368421,2584.298431482709,2761.2790085679308,130.0,2211.2406481136,99010.55595457081,9.544674984946004,1285841501.4025974,-440.94736842105266,2609.6132144072353,2646.6045625529923,508.5,5690.887980192594,128219.07165595738,11.115069208662781,1080040775.3766234,-219.2171052631579,10190.85592960009,10193.213463726994,3980.0,18749.362158218664,378975.99752678844,15.487322030660211,15595546730.974026,-1327.1644736842106,11265.503540994468,11343.409345182268,3928.0,25673.46627229049,159084.39412472953,22.787462024491752,19591368191.597404,-599.5,12255.415432950876,12270.069587586313,1510.0,19600.57718972873,357573.02393805044,26.745545893530867,22675575649.454544,grenade
-3270.3101265822784,3406.543191821521,4722.230917878979,-1135.75,5971.93364694216,93241.54863824179,6.889067237054106,5147971193.0,-727.8037974683544,2229.3414406440575,2345.1357373470473,218.5,2140.011009651186,97650.43777845877,9.879428917982436,940752538.8500001,-174.27848101265823,2839.5446436370426,2844.887831207392,1405.75,4281.277888820674,143576.82201238113,9.86542175866877,1267512489.75,-63.322784810126585,8610.19790365551,8610.430750850383,3395.25,12911.319890263127,387143.2054653572,18.977237940049253,11568348887.925001,-1826.753164556962,12112.078060572489,12249.05964021811,5168.25,13148.023604681139,274901.00114855653,24.307297711348838,23930580434.975,-597.6708860759494,11059.343429617133,11075.481370228496,3727.75,16905.873996003458,556952.5567769671,25.130730281034385,19194764134.825,grenade
-3241.2088607594937,3668.7223641877163,4895.401787857352,-616.0,6706.573403408938,131127.6627910087,5.5796994395997634,5378244647.15,-910.2848101265823,2111.125121740226,2299.014509564886,-4.25,885.8288788395035,90260.54896245235,9.969154606125818,953953968.475,-351.39240506329116,2405.4106200567,2430.941561086511,891.25,3920.3228120464737,112014.37658118282,9.64490807379315,941294408.4,-9.60759493670886,8012.301590059432,8012.3073503173455,1568.25,6351.00821650608,356503.46661517856,18.63214744448038,10016987354.625,-780.0253164556962,11398.187775650096,11424.846785112311,5847.25,13859.370728526752,252718.88145209043,24.11426662837443,20461351984.700005,214.98101265822785,10882.408438562215,10884.531696839036,3409.0,21858.03678082962,692307.2839917092,16.757682838667105,18492011938.2,grenade
-3431.552147239264,3565.011407158501,4948.2175045558215,-1822.0,5434.77486524481,159174.69698010435,6.383354074343499,5874406971.121951,-657.5705521472393,2078.0278521292366,2179.5868382049093,-44.0,2841.9132077141126,86228.14009616396,10.60212590184835,839677249.8902441,-307.16564417177915,2529.4848314309597,2548.0667662757137,806.5,3376.170675790351,142320.6099457124,10.366106317106876,1067133351.0975611,-642.6993865030674,7710.084705983146,7736.8254907841,1921.5,13409.555103973351,260179.16741967315,19.463795313979197,9764355559.890244,-1257.6196319018404,12122.465256379575,12187.525221745178,4710.5,6006.876406799694,292731.3334268536,24.71119068190991,24319930613.28049,-170.67484662576686,11029.298183282002,11030.618673447942,2150.5,19037.988105417902,652213.7628312139,29.331694937331307,19716737967.609753,grenade
-3099.0529411764705,3934.7383488191203,5008.622066585016,562.5,6069.550158385678,173749.38909173338,5.269781878752543,5828798017.209302,-330.3941176470588,2063.1470857921054,2089.434414043244,452.5,2430.315398680591,109019.30321310976,10.147176302659776,751886683.8372091,-496.97058823529414,2110.9174237101706,2168.6290912219447,436.5,1830.3444832428447,151862.2132577912,9.181430439336575,831703686.8837211,221.77058823529413,9773.556636043937,9776.072397019403,6360.5,39614.221100042945,448648.8287937731,18.81314613736624,16066907230.348835,-1766.229411764706,11842.893904103035,11973.87582860385,5108.25,14637.587253148653,497243.3522418139,24.377885214277864,24630472669.837208,727.2117647058824,10435.013594617958,10460.322445822989,3909.5,12247.276580337211,703742.7610671121,16.81052532664915,18474148471.627903,grenade
-3586.721212121212,3652.230117526582,5118.921164156417,-1377.0,8083.8269067770725,116302.78847431252,6.039339135232588,6407374710.819278,-868.2424242424242,1995.6344784387538,2176.3276129268497,-404.0,584.2160785729632,87761.64194827444,10.869053537075397,900433546.686747,-314.93939393939394,2711.111398395264,2729.3427480555893,1304.0,3541.3670277466827,135884.15794073962,9.874941450108489,1237999252.8313255,-147.13333333333333,7268.392892712136,7269.8819426869695,2018.0,3506.2860023784797,264518.4503120731,21.93097304459023,8671462906.28916,-1331.7333333333333,11934.725252900556,12008.795965180412,4179.0,13656.638287301728,269424.89151534985,24.577108056269424,23942369275.397587,-193.6060606060606,11434.831900393914,11436.470779789091,2520.0,24670.60092204141,397647.4424854735,29.040343975400443,21456965076.024094,grenade
-4045.6273291925468,4190.522176240531,5824.73832856664,-1747.0,6860.497134903619,169202.74877100103,7.251523134900076,8047458794.246914,-531.8633540372671,2095.999053200483,2162.4270296093446,327.0,1712.1326697107866,63301.175120394815,10.326410667449972,793465696.6419753,-557.3850931677018,3352.0559428878623,3398.0813978384044,1220.0,2276.4736870106567,171535.1633965978,10.277677367851883,1897294847.8271608,-299.9006211180124,7930.257884479384,7935.926568265007,2868.0,13799.176877066962,393654.3222774898,19.821061903598665,10091408654.728395,-1955.7391304347825,13030.494219674314,13176.444708466677,5302.0,4958.186029498393,342821.9270853195,23.823209728780252,28392073043.185184,-851.2608695652174,11234.232610833164,11266.438098279343,2812.0,8895.092768862418,548034.2539949022,28.86171682117486,20425951606.32099,grenade
-3631.8141025641025,3973.700948519234,5383.342168564632,-1229.0,12931.073810738126,130637.79698147548,6.517074861440215,6495333381.506329,-807.7307692307693,2250.782850551182,2391.3285922050604,320.0,4514.449748615245,45898.87121315756,8.459814307806774,981277028.8101264,-599.3269230769231,3189.269700110729,3245.0938323520368,1410.25,4501.88064662551,163133.30930192943,10.633749405846098,1677386055.0759497,-139.9551282051282,8766.589661119542,8767.706754012646,2416.25,5506.043759158378,448215.5191254836,30.446939461752585,11859839426.72152,-1621.076923076923,12485.645973111592,12590.442635444168,3616.25,40539.55821866113,122048.20387115171,21.916124705626896,24821219234.607594,-1140.679487179487,10285.166499523115,10348.22688267824,1768.25,24187.490231623196,222705.35675749215,25.64991979739796,16694408108.101269,grenade
-4324.807692307692,4245.279085560784,6060.227395877451,-2733.5,9366.381804385252,148356.97897955467,5.536903874407945,8537673123.9493685,-467.9294871794872,1888.4134539959914,1945.523934112641,212.5,869.526397360613,52044.77685729218,11.423403522041554,616720906.2658229,-1039.128205128205,3266.969690389309,3428.2471300382335,481.0,2168.7559689789905,169730.2080137033,8.427173455045097,1976563666.7594934,-61.333333333333336,8414.008200867975,8414.231740453271,2712.0,8276.226356069092,448376.3691658596,18.002862822336205,10905723397.949366,-3155.3141025641025,14110.877977829225,14459.352834446832,4315.75,11722.287969556124,342102.61597037304,22.542033167903362,33736786971.278492,-1190.5128205128206,11378.139257144107,11440.252345589639,1423.0,23936.692290105195,524479.390700149,23.17072755813517,20377232808.658226,grenade
-2793.5914634146343,2982.161805522526,4086.2503959963697,-234.25,7191.021724452839,103687.41446096939,7.1371088392907565,3969849119.6987944,-896.5,2599.6047882087864,2749.846778436582,304.0,5626.924958711509,73354.43395921147,9.895230549206648,1355393291.951807,2.8841463414634148,2933.845481573401,2933.8468992176095,1002.75,7892.651909233913,153720.69185955724,14.553670728899684,1394708377.722891,-796.2256097560976,7898.777500599589,7938.807292384024,2081.25,1666.166618599046,449111.863122664,31.425517092357886,10344020768.951807,-2106.189024390244,10755.35467522478,10959.638971989061,2086.0,37624.76815666753,170597.16875291182,27.661634628363043,20184613654.156624,-906.4756097560976,11459.971984945974,11495.766869888641,2142.25,26064.863644467267,220074.75075440627,26.723011587300835,21581351388.16867,grenade
-3802.7987421383646,4066.079942384317,5567.2510605386915,-1435.5,9526.937275015833,131717.95565814213,5.282285938977997,7182262995.0625,-554.5849056603773,1959.9515598618414,2036.9031726106166,43.0,512.4587693155431,70240.15887144516,11.157592408671047,704161007.8124999,-157.40880503144655,2954.829938415055,2959.0196851077803,1522.0,2765.4962245763495,148696.4320212502,8.660799743682007,1387385733.1375,26.232704402515722,8267.32234658397,8267.363965443092,2050.5,12111.038930910345,382021.54920332617,18.11860285700282,10799726411.9875,-2015.0880503144654,12515.478942575808,12676.663323311013,3594.5,16761.864250246635,260972.03327002167,22.45130273580339,26032852652.2,-354.60377358490564,10955.60486003826,10961.342148000609,1997.0,19682.19100470659,353402.9856435322,29.23393552069817,19004480682.225,grenade
-4161.365168539326,3911.0064577700905,5710.773290776975,-3016.75,10032.390300340667,178038.0335139032,6.020437749271389,8788773181.533333,-716.6629213483146,1980.960599712659,2106.6111744812897,79.75,2910.560631081025,65685.58466020736,10.276413404229034,871560726.1333333,-1147.870786516854,3251.005756242843,3447.701519804596,835.0,3740.9646781952833,211651.7541685994,10.36393516007721,2324264937.2,233.4494382022472,9931.73683568419,9934.480117926812,2836.5,23416.04676910047,474694.2874405996,19.718879007718613,17382592286.022224,-2195.88202247191,13308.410068158446,13488.353361284557,3211.5,17416.17343690661,308140.0870194078,27.115202254199883,32916955429.95555,-922.6460674157304,10895.364104012375,10934.360279628576,3645.0,16648.569518377342,411281.5988572711,27.537411309662446,21195207800.11111,grenade
-3776.7916666666665,4323.455723275194,5740.768649277186,-741.5,8937.83211755625,155389.28364632823,5.3328341218280535,7839727380.152943,-589.2321428571429,2048.316750794633,2131.383595170495,95.0,654.4094447832207,62978.75931645619,10.652347016163555,811856581.4705881,-872.875,3294.7521750640494,3408.416444731231,1140.5,2477.359966031495,170766.1984141335,9.098095833738926,2055246182.1764703,40.23809523809524,9753.957205032037,9754.040201983215,2294.0,17084.904908579563,444781.6105724901,30.726345513565334,15824635470.870588,-1926.0892857142858,12578.82675079643,12725.435252402773,3022.0,17428.275083934317,341545.73554599925,25.661834508607306,27528962947.117645,-741.9404761904761,11304.994556612062,11329.314965841408,4189.75,21629.374348844274,446130.425264119,24.920612035587325,21401857394.49412,grenade
-3904.223404255319,3613.948835295416,5320.111518987932,-2926.0,8162.555126273239,168447.6474917209,6.658543055377799,8100577723.410526,-614.8617021276596,2301.7669812978133,2382.4747950264177,478.5,871.9382701459753,73477.74413988783,12.970034829918294,1126236103.6,-1406.9308510638298,2726.0373099851718,3067.691939407603,198.25,1345.6921260121478,177239.55427619637,9.80482730122525,2118815266.8526316,-463.7925531914894,12551.811620729693,12560.377322942208,2741.75,6910.14985258031,526023.3535402986,27.13721279977435,29388117276.78948,-2141.5425531914893,12482.303135533048,12664.679075068112,3484.0,22238.966719335855,326181.18706163956,26.761330794136338,30702562857.010525,-1690.2446808510638,11824.528146031938,11944.722389300088,4237.5,11091.953016493282,453682.22011981194,27.800353968749853,27087337125.49473,grenade
-3390.6,3636.891119781132,4972.237461861899,-497.5,6184.049880739349,150967.43457348508,9.465466234779447,6302366381.818183,-636.64,2148.27076548292,2240.6199524748886,67.0,2558.393333090876,95530.88824288707,14.410521006137323,944100585.1931819,-660.2114285714285,2624.9812877451614,2706.733435606205,1359.0,1884.5042359633987,134270.55991220137,11.889356438173165,1350681697.6931818,-31.074285714285715,9400.789349846955,9400.840707693571,3101.5,21194.372460415598,494783.65234687936,24.032947373155434,15378060403.090906,-1621.7828571428572,12748.475929470062,12851.218547670878,4946.5,1759.0644315086822,467913.432258383,26.698584077635026,29195368934.625004,-980.3714285714286,9929.507289418356,9977.787487643312,1840.5,438.3880930543512,372823.62624901417,31.089413283794435,17490593725.284092,grenade
-3194.05625,3053.3212966515557,4418.683771073689,-1447.75,9824.482534069004,91189.19357534964,6.917752204565706,4697579852.506173,-894.25,2290.516448314659,2458.8917549375774,194.5,4611.4389565616875,54100.0045311076,8.775486053814616,1081829522.9876542,-555.5875,2219.820790591833,2288.2923354545414,212.75,3974.117796198549,111406.06377206127,10.853393203149793,876243300.0740739,-199.88125,9601.093331863223,9603.173729619288,2490.5,12310.819814377515,403604.80295906996,29.65842885569657,14602588994.333334,-1520.73125,11638.827550338712,11737.756611944635,4269.0,41201.0864172876,230638.66907209126,25.091124051806872,22175847386.728394,-1256.64375,11847.85313746064,11914.309777794515,911.25,30201.555019882777,264738.91123740305,23.98384579805764,22709194250.08642,grenade
-3013.8012048192772,3544.0330630577846,4652.2218406065795,99.0,8401.794638635347,102154.12574658991,6.125333705248737,5039824079.904762,-619.2409638554217,2240.9313500039207,2324.9156300276763,413.75,606.0150239489046,78358.74964401513,10.173065051462505,949493321.238095,162.13253012048193,2598.513176688492,2603.566339993469,1508.5,4525.8823132131465,128065.69609776881,11.834796011788306,1116156541.7619047,-550.2349397590361,7961.448253943814,7980.439636333115,1284.75,15392.289960981898,211832.38960129186,34.074500458142,10552454204.357141,-770.3192771084338,11201.186010267678,11227.642665551002,4160.5,14726.090037224749,281294.5785678514,25.99341900615239,20774459309.023808,-740.5361445783133,11301.036129936909,11325.27312657696,3111.5,12587.034440286012,328381.56855307857,25.75226901019171,21128053451.02381,grenade
-3112.2105263157896,3585.4025477431237,4747.732699876193,-395.75,12047.161799360116,104256.52312770452,7.4551030698492475,4834902904.935065,-849.3881578947369,2579.5102275058207,2715.7564796164893,182.25,5863.702050408689,145219.2839511595,8.940489754347421,1214750113.831169,-450.9342105263158,2613.222797698005,2651.843708183342,882.5,5406.548599363763,120961.52245016723,12.88967279548651,1085564676.5974023,-299.60526315789474,8092.348004489289,8097.892289940246,2697.0,7270.148408237949,429129.5701195358,30.886030808836082,9883033544.311687,-1616.0592105263158,11615.035100448556,11726.921495285067,3217.75,42943.587907186404,153080.7737244639,24.18478395483924,21023701118.246754,-223.07236842105263,11087.885899118375,11090.129620226315,1659.5,28053.26244865426,327446.4043648969,28.058896055753344,18490506606.402596,grenade
-2824.0759493670885,3301.9830339141677,4344.939231341519,-280.75,10291.95423348434,86629.85246805166,7.457171551626812,4189898878.274999,-805.0506329113924,2487.79401493119,2614.8088997627497,263.5,4540.133357515815,61865.326155213144,8.946748282738339,1167912263.9999995,-275.69620253164555,2615.739786222262,2630.2287020934996,1140.25,6411.507923383987,122206.72572367279,12.73787741353261,1091284165.75,-69.01898734177215,7515.013296156677,7515.3302297387645,2135.25,5194.594796728719,327265.24971196795,33.273716140953525,8834770040.949999,-1067.6708860759493,11419.894865531174,11469.695717880204,4240.5,35519.80277524064,163664.01181243965,24.273987752651383,20722559161.674995,-183.34810126582278,10872.086239032144,10873.632130764305,2918.25,25994.887958886266,292865.1037990088,29.177566057785196,18472136174.275,grenade
-3477.5844155844156,3163.067495823279,4700.913671899257,-1981.75,7144.875002403252,86251.22145984885,6.18973668678592,5198088541.025641,-953.5649350649351,2558.606291494326,2730.5223383557477,-262.75,1278.1564336956874,92483.38221616505,8.2678103047672,1271700389.8205132,-258.5064935064935,2876.5794357114205,2888.1715421946215,880.0,4114.404134747801,140473.55202273314,11.665178632723585,1278307066.5897436,-663.1623376623377,8290.724167037897,8317.20454840447,1344.75,1839.2329360214787,322716.87940346246,32.45644547632688,10632001920.205128,-1102.344155844156,11228.292912647323,11282.274787033413,5510.0,16571.52415069216,170162.94711094702,23.993535104590915,19547517936.17949,-1713.025974025974,11829.090937807086,11952.483022476852,1426.75,18262.366812106007,367791.4389751428,23.899309940311472,22203086329.615387,grenade
-3151.147435897436,3141.1448321380826,4449.328153691383,-843.0,9745.638817318928,90079.17748287582,5.819730721364122,4578595841.86076,-905.5448717948718,2497.4284706343924,2656.5316637994797,-49.5,6115.410734126795,68344.82908981208,8.899904638454554,1213289162.063291,-165.5,2443.4258067469377,2449.024279805515,1332.0,4640.775965182183,127018.11969992296,11.187004783143346,928046151.1139234,31.28205128205128,7804.838794796134,7804.901484290956,1898.25,1670.6607656035237,348180.9306865418,15.95924667949368,9382853882.556963,-1014.1025641025641,10828.000585601587,10875.38508248364,4405.75,31544.191155097997,149604.2375054089,23.969263320550215,18394138043.06329,-1329.224358974359,12027.595471575696,12100.821882184655,1558.75,28401.15340999279,265199.80242803355,32.43489028549883,22944220714.113926,grenade
-3413.3529411764707,3360.4779547830476,4789.967681062255,-2427.0,7456.721118236776,141824.02160658917,5.012087755235292,5258629481.727272,-1040.1307189542483,2519.4592471292794,2725.7195032610225,55.0,1222.1224495097536,105595.23830649325,6.820821206203179,1293790914.844156,-237.41176470588235,2688.2956855961597,2698.758610771939,1139.0,4369.669250852358,119368.41850353434,9.167629699989027,1115676342.7012987,10.104575163398692,8415.893578289248,8415.89964433568,2654.0,1198.2579631018352,302257.91047122085,16.515905280630147,10766235195.376621,-1554.9738562091504,11785.021347294169,11887.164163486312,4542.0,17644.49387507035,253403.90215821803,24.682589592126245,21846770826.298702,-241.47712418300654,10963.539439149677,10966.198440448454,2621.0,12112.438630990455,369848.07422974845,13.978118719081994,18288785825.94805,grenade
-1717.751677852349,901.0427360350974,1939.7290632782133,-1080.0,4078.174138288555,24694.37048399069,3.8592030197828575,993601265.3199998,-3347.281879194631,952.250827600021,3480.0973574671248,-3202.0,7308.875671735297,34839.5771617831,4.082633921800267,3450830728.066666,98.3758389261745,1266.0252575303675,1269.8416272863565,1077.0,2044.026761804199,14658.0,6.844148864508862,240092797.98666668,269.503355704698,4662.100119598091,4669.8832516340935,249.0,15118.515027843385,290326.61856952065,12.810261722493907,3238451232.72,115.81879194630872,3612.783496325889,3614.6394818698886,2033.0,5687.029968005828,168981.46835616895,12.606290633431984,1935784014.866667,-89.6241610738255,2045.999145415365,2047.9611796341724,739.0,321.91783008674514,80859.89300328781,11.823770391319455,621950282.08,idle
-3847.855,577.6330963293221,3890.970071203324,-3567.25,7479.977561085598,36169.300131904514,3.4709402747607525,5929828964.683169,-1539.875,1465.0998325626142,2125.4958327411514,-767.25,2654.722737638797,99972.22042437771,8.476648826841927,1364148312.60396,-891.99,524.1284002036142,1034.5804656961197,-603.0,1755.4210650749021,26811.24850193525,7.9391431025143016,369505685.16831666,-98.005,3679.1351803073235,3680.440280048027,2320.75,864.3798642993258,141078.9540023364,16.758350635869213,2684208182.8217816,60.025,2536.3411135679285,2537.0512893908945,1624.0,2491.435356437131,186512.14406794423,18.230611216957257,1275336917.5544555,141.555,5209.467079939655,5211.389936955399,3469.0,824.5118646409314,328097.4622988698,12.328459280355432,5381905747.970298,idle
-3465.4444444444443,144.74744443739243,3468.4660903924114,-3380.5,7263.705731877186,1019.0103178485884,1.038790029398253,2356117492.9599996,-954.5252525252525,177.231592107891,970.8395825003712,-911.0,2405.0145818381425,6925.702049853831,3.2907712238862916,181676035.84,-2109.919191919192,375.6931016153573,2143.1062276588864,-2090.0,3538.4216530747835,18931.753183490746,3.086318738445435,886467449.98,230.8181818181818,785.6408355589112,818.8458680090872,316.5,3676.4683401770862,26311.60633403184,10.05616181554836,70938225.54,566.6464646464647,1427.930403993527,1536.2530568058944,1537.0,4529.993804014087,56098.0,9.187390449738105,262780655.31999993,-234.989898989899,712.125322289163,749.8951441853236,82.0,3150.7823452320754,8622.077741323548,8.6238274583406,60527347.65999999,idle
-3713.185,156.67919700777125,3716.4890979256215,-3609.75,7282.906695181671,8188.049240294613,2.030344829662456,5465353302.623762,-1126.625,389.7645627491037,1192.1410591872088,-828.0,2268.0737844472415,21257.184955715155,4.364779456672555,532769168.5643564,-1048.015,343.5893548627489,1102.9003060113819,-726.5,2889.629115380817,36524.27109025256,9.781706359585279,458361777.1188119,211.885,3722.461981239701,3728.4874218642603,2625.5,3012.039684840583,287555.95895195124,12.373791823630729,2761685895.6930685,-172.93,1215.2870957514526,1227.5290261333946,468.25,736.4550915998011,57892.66766869996,16.2229466336604,304303818.41584164,104.3,1744.5130982597982,1747.6282327772117,633.75,407.5750428923104,104257.62817051541,15.084490735450055,606952305.8217822,idle
-3736.5416666666665,2.842815017235948,3736.5427480939293,-3734.0,6895.693350141131,24.269322199023193,0.005625028534871425,618612820.6923077,-1135.375,13.490158449773672,1135.455140020952,-1124.0,2134.154228986756,9.0,0.07077561464947155,57120040.384615384,-597.25,9.033502458441392,597.3183126831678,-588.75,1119.4037096262864,15.794352607333042,0.09466730007078436,15806700.615384616,-62.375,66.849216213306,91.4300734623643,-8.75,65.59166241438507,763.9011069447497,2.199251272841268,271479.1538461538,-61.541666666666664,61.808156936515175,87.22170028152398,-2.0,239.46141509225282,479.66774831637633,3.1367240575068207,253515.76923076928,-4.708333333333333,38.5416216215953,38.828147007036016,17.75,17.433332536465148,520.5456546055495,3.6090905391151247,33949.30769230768,idle
-3648.595,107.66536571711443,3650.183187868795,-3569.75,7305.820187838941,2586.9813442529035,1.0791526500754538,5274471938.663366,-1245.635,274.26547681944953,1275.471718620213,-1116.75,2239.943069065598,28399.73502393641,4.607336898793545,629393178.4653466,-1086.75,331.9926467559184,1136.3294768683947,-770.75,1594.884308420003,35880.49002942027,4.30345598025517,489558507.60396034,40.98,1209.907574817184,1210.601379480463,767.0,2319.875248522116,38518.420779829445,15.76457684302564,290541598.0990099,53.53,748.5358903219004,750.4474931665773,422.5,3957.155059910535,22908.080922179972,26.242236880424542,112094449.46534652,2.205,611.1356665872153,611.1396444348869,294.25,1150.6052823826872,11062.872432518856,17.426016611755973,73959715.85148515,idle
-3729.135,424.3551776224723,3753.201988302788,-3393.0,7373.397766276,29975.184197430037,4.88192820578378,5543163036.128713,-1093.73,767.6425125668849,1336.233639750175,-656.25,2447.803074083607,49765.07635211228,8.037706019836405,590448713.0693069,-1596.8,740.7627622930299,1760.25558087455,-1130.25,3043.261829029641,45607.37562624043,9.745713326078224,1118470050.0000002,302.33,5128.496558553978,5137.4001576673,3502.75,3451.2971871269797,400143.556044412,19.897376091259684,5244614521.544554,220.54,3030.0510224086984,3038.066340618651,2515.0,3003.0917299378634,144044.03991852517,18.397362771552743,1837324852.2970297,584.44,3600.626367231124,3647.750039407854,3208.25,756.822319411098,197619.60962795015,20.767508352349836,2702756851.326733,idle
-3883.375,525.6779854388045,3918.7930201785343,-3475.0,7167.474221075432,28864.440262370215,3.7187901862325865,6027236059.336634,-1126.325,528.559891946977,1244.179876464814,-802.25,2613.4970497753875,33274.664317328774,9.676459506897366,557742167.5742574,-1590.87,943.7759337363927,1849.7514346527753,-1027.75,3409.745975491368,53084.708870103204,4.716699167379403,1178702524.059406,-2201.145,13225.639152569338,13407.556462868244,6314.0,23048.22957887993,622441.0136881435,26.090852359373397,36555964372.52476,168.33,4800.397889873297,4803.348299884155,3127.5,2363.0922244496287,335760.0230635732,12.343663648010873,4574360820.059406,-1437.705,7599.2413731881825,7734.045843864646,4410.5,9326.584392405113,395291.6260021029,9.744525466598944,12253953558.267324,idle
-3881.24,489.9986759165784,3912.0483943836894,-3497.5,7815.452031344917,16904.28706205936,3.6308670473027473,6013496153.980199,-1049.675,593.2722725486166,1205.7319747771476,-574.25,2106.8451844228716,37693.21563660422,6.301787945172904,506060858.18811876,-1451.38,633.6329265434365,1583.6649235239126,-992.75,3909.4476517401113,35104.379822077055,8.145620911254596,913764221.4851483,-1201.105,7490.432342260025,7586.120872685855,1960.25,4409.324536657504,672566.9336969142,13.272607747753357,11681620655.851484,-457.94,3305.0608415579886,3336.6354625580543,1874.25,2657.529078489122,155333.34471318236,13.33411556423283,2246117398.732673,-718.43,4030.270513886134,4093.8028872919613,2137.5,6524.1905408740495,132913.36549869998,13.46179913216601,3420869258.3960395,idle
-3588.3535353535353,413.01342246223174,3612.043906407864,-3472.0,6778.6587128971605,11063.245744891934,2.0291505993849697,2540727174.5200005,-1478.878787878788,506.89562754753916,1563.3379821601745,-1056.5,2464.944827435231,28167.538527737797,3.6476201911928445,453894906.42,-1173.3838383838383,396.8341054062133,1238.6714412603285,-990.5,2079.125740116763,16978.240911631266,6.803215911382954,285320495.38,-373.16161616161617,5798.684137927843,5810.678731717348,1914.5,3600.3879181893476,170864.20826886714,13.00199942358094,3322856250.04,335.74747474747477,3213.196794984973,3230.690330270144,1724.0,2880.856930603223,50545.27700234109,16.011789635411674,1034013965.7999998,728.4949494949495,3779.2097575271787,3848.783091163788,1884.5,2012.4451825524372,72121.0,10.857983763066011,1503849383.4399993,idle
-3850.735,390.5979835777445,3870.494390255591,-3593.75,7378.010101645013,12784.307240576278,6.691763656258521,5902752419.29703,-1039.015,305.6190026405426,1083.0305374272693,-779.75,2551.700844873898,6722.054863193712,12.29961707977428,446046479.2970298,-1015.455,561.2631183099421,1160.2435714107621,-665.25,1942.4198588786676,42248.86594400192,15.65413269749254,470755600.841584,-276.735,3028.8865222677127,3041.5022316283116,1237.5,3226.8132326005184,118823.51188299293,27.233856318192384,1846993682.0297027,-114.33,6945.690874283134,6946.631778783154,3499.5,5905.193330219147,199468.90500046083,22.90571763855898,9558236620.059406,81.055,1493.460964329165,1495.6589066361355,994.25,1610.314372719725,62555.62973926336,26.891006524327274,444443127.57425743,idle
-3843.63,422.0926949142807,3866.7368439033967,-3538.0,7802.085962465273,28724.738570562804,6.58390597019595,5886169548.712872,-807.195,499.08147328367136,949.0237536542486,-443.5,1982.009495629599,19811.034486067336,11.876503314172247,307368288.32673264,-1507.235,540.1806732705271,1601.1097729387575,-1183.75,2667.4394619351174,31519.076217325008,14.37900382743412,957491980.4851487,-113.165,9850.001260293067,9850.651305624415,4304.75,3144.6520834047133,355840.78752648353,15.782906304572364,19217573919.495045,-387.02,6782.796752048524,6793.829278102298,2218.75,23378.940858388614,245109.50164429646,28.497465493924448,9171941389.564356,-123.45,4132.503831516675,4134.347326967099,1722.5,849.6739269448642,155575.17695586744,19.71812160849149,3387798220.2970295,idle
-3043.2903225806454,1195.6268282733508,3269.7307993166655,-2016.0,8647.914444698446,71290.1112766267,5.641254227722148,2434869604.2857137,-2269.9112903225805,1110.2189192146773,2526.872239452586,-1259.25,3889.750709431149,14281.65768609094,9.174552359673847,1408015251.2222226,-1196.3306451612902,740.6492979874221,1407.0424283443945,-834.5,3981.1746248743157,13163.404171587465,11.435599329989689,416257544.7460317,1668.0967741935483,5025.019766321828,5294.654899046774,4922.5,6606.03531063158,206844.0,15.09482975434444,3765587436.2539687,799.0241935483871,8288.008073720719,8326.434860847437,3682.5,31516.56077965947,336618.7630857885,19.24145730349603,8548279618.396825,-1039.9274193548388,3483.554136532315,3635.463995101233,589.5,5718.704297267178,125456.0821114511,17.25850487860911,1747408602.7142856,idle
-1750.49,456.6218675227896,1809.065717435384,-1520.25,3170.5399381963957,15822.372627769444,2.809153233713964,1254838426.5742574,-3407.5,332.4338129613172,3423.6776264712776,-3156.5,7007.533392884899,15469.658441391193,3.8616398250981954,4620321839.128713,-1914.31,582.5449114875179,2000.985094897011,-1499.75,3486.390365285029,38583.70735263034,5.309752064475,1518520187.8217826,5.175,3020.3659470956495,3020.370380433499,2476.0,1517.4082414612594,63541.66320964727,12.665818419976361,1806468199.2574258,-95.505,6512.141443486544,6512.841728846172,5404.0,2389.6513029978223,144147.2693765759,6.945034904366802,8401237474.663366,92.6,1483.4761069865604,1486.3633876007577,1100.25,495.0592226994248,45642.08228100505,13.456631689445542,439178538.53465325,idle
-2756.7,826.8301699865577,2878.0276266915853,-1929.25,5103.104584064431,92668.75686828245,7.361001391999815,3145042814.3366337,-2004.0,1177.083378525073,2324.1216147181285,-823.0,6261.27517072492,25198.469271641483,9.768809795816985,1864869149.009901,-2038.955,628.6395095561526,2133.664717100604,-1594.5,4261.533918252743,29501.21603230222,7.384115737282587,1724725415.4554458,604.73,3542.8034855323262,3594.0443667267105,2103.5,2812.794383544099,120946.0,19.980880479172455,2630271570.3960395,-143.1,2685.742307072665,2689.551886467335,1352.5,4285.465431270617,55583.39125715314,20.40838320331091,1436481600.9702973,894.255,2978.2676004642362,3109.625364091308,1545.0,1326.0966047404372,178851.0,15.742026589397122,2073172530.1089115,idle
-3220.469387755102,8.654601326170495,3220.4810168035206,-3217.0,6289.14076817759,224.09960228968438,0.042378313031781877,996075069.1600002,-789.5102040816327,16.081580855609115,789.6739704408628,-776.0,1574.704914687571,204.82235652928844,0.19262901532778304,59876682.64,-2719.8571428571427,26.405008801284627,2719.985312835497,-2707.0,5356.628935470489,560.2893325530397,0.06386194850741651,710501181.88,10.510204081632653,364.9550781665467,365.10638650862813,294.0,150.37555742275245,6825.24583530238,3.6097639071008727,6406498.88,-23.408163265306122,105.30517718291141,107.87549512739022,66.0,118.43351730936955,1876.5033747316495,4.061310046570196,585126.8000000002,-8.122448979591837,116.07521007520296,116.35905023430094,71.0,330.1830313585092,1415.7974503519645,6.282805696657274,653331.4400000002,idle
-2632.12,979.2377421239441,2808.3735951614417,-1789.0,6508.490044108337,120665.7630898502,6.900247545209485,2933667784.6534653,-1862.425,1258.1140704940074,2247.54930869158,-721.0,5046.093090479991,16847.8083254623,10.840673391311343,1687153641.514852,-1911.245,981.2866426151943,2148.436856181722,-1408.0,5813.829997834196,82468.95108056601,10.968438522392022,1637366981.7920792,-899.475,5159.022953949227,5236.847631447758,1108.75,2920.516975574822,468852.6828026889,21.537988939593,5590929716.564357,-333.335,3442.53323771536,3458.633735306472,1775.5,5126.447125926234,260123.0769952296,21.196144417664676,2391932745.237624,-812.22,3058.9553203013606,3164.95007543563,809.5,2264.9775070770784,298037.35128622485,18.931130394346138,2114186806.1188118,idle
-2347.5,237.97846541231414,2359.5317332047052,-2230.0,3912.6050628174444,2247.9219064536237,0.5445960346241908,245427149.07692307,-3384.8333333333335,403.4310831962367,3408.790596873521,-3211.5,6145.789620432867,6376.070859087121,0.31401107595204475,511244739.0769231,-781.5,461.39606991535305,907.5398522011766,-278.75,1321.6519336079052,6689.727870427196,2.050232691973955,31801940.923076928,-1514.4166666666667,3096.750042607393,3447.2189757348847,760.5,6837.326577358355,17479.30989501519,2.3474776003655196,314170566.3076923,5702.166666666667,2758.289334996522,6334.261184226618,8155.75,12263.419493660973,136852.0,1.9344977908286314,1609218907.076923,-150.16666666666666,1673.9210123406529,1680.643205244151,283.0,3061.6943010222353,9084.138348771521,3.2474515893717038,63086707.07692309,idle
-3637.12,466.18994583753096,3666.87536739388,-3451.0,7021.137232759366,17453.862374197895,6.354060207181455,5282102967.782178,-1303.95,488.22484318190936,1392.3537984291206,-994.25,2595.609523245645,19591.191797365642,6.675144945942398,720581234.7326735,-1320.37,501.8052242653518,1412.5103256259756,-976.5,3389.2034130018897,40250.40887957144,7.2946763632036875,740309712.2574258,-182.155,4455.667237460064,4459.389080916802,2487.25,1994.5701443361233,173679.15530896318,14.58061710082132,3944422094.069307,-369.47,2637.751970731896,2663.5021193909347,1379.0,4585.486472868166,154574.9027243806,17.149595961337653,1431853380.7920792,32.66,2655.7376215281506,2655.9384386690895,1492.25,1805.0062381796472,135601.38071758693,19.746263137940637,1397048785.7623758,idle
-3641.8333333333335,62.34892853039969,3642.3670074096963,-3591.5,6861.201173857321,96.06833560709993,0.1263333382404651,587737183.9999999,-1330.5416666666667,95.35459225380228,1333.9541315202707,-1249.25,2239.2125890946445,607.7671760853152,0.4994908126876097,78642160.6923077,-1256.6666666666667,64.39181279910945,1258.3153089216814,-1236.25,2460.2681469937165,125.32374322263036,0.28069034732938775,70063290.61538461,-229.75,890.354107925605,919.5191678263157,476.0,772.4612139045023,13692.911657440578,2.062726345654017,19904182.3076923,-162.66666666666666,508.9768058456975,534.3386878500688,191.75,426.1427205140224,5671.702779219776,2.360763298186673,6918303.384615382,128.41666666666666,778.5335529413974,789.0534413671443,27.0,3143.7828114565586,6453.792484955194,4.427132515154731,14275152.307692306,idle
-3539.155,239.23490751769484,3547.231519791174,-3400.75,7222.210846744536,15741.203342880443,2.891996511627455,4971974741.000001,-1395.645,565.9766947277953,1506.0393703353177,-976.5,2937.431074099334,44018.810184040696,9.907767066880135,834849758.7425742,-1563.76,582.7702398029604,1668.8218868411332,-1058.25,2967.6456048559007,47781.43471326029,5.055410267757058,1035705429.8019804,-568.75,6627.594352214082,6651.953356721618,5035.5,3813.4242232947963,270527.7817783554,12.349093903670271,8826197302.594059,-602.685,2022.193414531607,2110.0936981565533,741.75,1901.042379001157,78220.69415377473,13.764505551696532,953609953.4356436,96.34,1714.3108190757007,1717.0157192058552,1303.0,1559.6000119675032,99330.3886528627,17.988099197334204,585630693.7029704,idle
-3520.0833333333335,67.6368468776861,3520.7330794405116,-3496.0,6334.133446026658,800.073073923724,0.12322582041781834,549117511.5384614,-1742.7083333333333,238.09880287509966,1758.8983412920713,-1603.5,3944.4233081813813,398.9773069823821,0.8547187167041757,135825698.84615386,-804.0833333333334,146.84711910313015,817.3824584203734,-696.25,1664.2196619060335,379.75494095245836,0.5123370794859716,29124888.15384616,983.875,1443.8902691600217,1747.234708045831,806.75,5766.029961160394,23613.0,2.7728295734017365,89171012.07692307,315.7083333333333,513.0312270520728,602.389236014943,615.0,352.57962337905815,7577.0,3.0236635676921853,10250957.0,-169.83333333333334,351.25200671629227,390.1555245454476,67.75,431.09927485211904,3817.95052934026,3.0910769204037525,4017494.9230769235,idle
-3658.3557046979868,139.6685469401367,3661.020863789316,-3597.0,7192.109476636811,6530.482842165005,1.0573751588111122,3964601331.2266674,-1261.523489932886,330.3736868126091,1304.0660599028731,-1065.0,3109.2844844713195,6663.322886424233,4.104995988193063,487242357.89333344,-1061.1744966442952,397.2738938467127,1133.1009924364212,-970.0,1840.524082752122,27544.42015003491,7.04396901468911,356697424.09333336,1057.9530201342282,3949.4784284577745,4088.7216155742894,4448.0,7332.191016470232,271361.5313594812,7.078720075691803,2639981451.0133333,456.06040268456377,1159.095928812815,1245.5900060161243,924.0,2573.373819312889,67953.0,9.66466613218312,260415591.8933333,211.80536912751677,1034.356368157035,1055.8194025202677,435.0,2228.947943183863,50389.31859681316,8.226206764161175,171630917.29333332,idle
-3546.545,405.471981738566,3569.6482971015507,-3449.75,7162.746287807574,26113.58648467824,3.3084027165136916,5013934749.158415,-1540.44,557.5054317224183,1638.2208947513764,-1269.75,3687.0040037331437,25358.621678867155,6.455592699613573,1001331365.5643563,-1388.705,591.9286172968832,1509.5963251810067,-1141.5,2412.6594735128856,39204.78185924324,7.392125548691788,833145078.4653466,-531.055,4873.660999902948,4902.508638952103,1821.75,1133.9590454652073,175598.2187799179,14.662202673426075,4815173706.742575,-108.57,3138.9633838418695,3140.8404241540193,1333.5,867.2644668464039,123585.3814781932,15.243214657468792,1955777045.643564,-157.645,3411.180921466201,3414.8216973950484,1732.5,5274.930181961836,187732.1162504362,17.18592151416262,2314050633.990099,idle
-3613.4583333333335,10.356073768030473,3613.4731734164016,-3611.75,6684.692338563132,46.70305011886892,0.013524708387537668,578531510.8461537,-1361.75,29.18225773765057,1362.0626515203576,-1341.0,2496.3908167187724,482.2082463002036,0.045733628938270945,82181418.15384616,-1163.2083333333333,8.067316606048273,1163.236308036047,-1155.75,2151.8498047903995,66.16914085467918,0.03554076411970509,59952125.61538463,138.70833333333334,210.49178114728272,252.08488980235737,324.5,244.0771674511672,3329.0,2.376919150316307,1835449.0000000002,65.125,85.98803817004627,107.86662288833064,125.75,131.7887050766886,1563.0,2.3336274476447505,352132.99999999994,68.91666666666667,61.25487508943449,92.20448289897116,127.5,68.64471040505937,1654.0,1.7249765113024813,293632.30769230763,idle
-3932.125,444.0370022588208,3957.1171166646054,-3613.0,7569.3615563249095,16443.10920147765,4.0420545940710175,6162452257.554456,-1299.055,828.7721652993663,1540.9111574000624,-480.5,2733.093008087623,81698.12669950996,10.718856146867179,804348733.7128713,-1490.86,543.6330751527173,1586.8838835907309,-1079.75,2494.1540580308356,45444.99462789395,9.474921018891513,938785420.0396041,-182.14,9842.148525621833,9843.83373386609,4771.75,8852.118718448519,480965.03559233545,31.29318043716654,19195003279.12871,-497.245,3366.870255144234,3403.390648309418,1872.0,3490.632748020035,194774.40590018005,20.481408957653027,2342779258.4653463,-286.135,6015.750849792152,6022.551911357842,4583.0,3889.9300469944064,200678.8159365214,18.45839046071919,7198762332.722774,idle
-3686.343434343434,182.9883896309283,3690.8823696599525,-3622.0,7352.770461809356,7040.37413318707,1.0479259962755452,2667022694.4999995,-1268.1515151515152,497.31798586353267,1362.1796667269866,-992.0,1901.4354937186488,25224.606069048794,4.1025311409826655,339481324.98,-1175.888888888889,267.8686504930117,1206.013388370665,-1079.0,2008.6713342834973,12209.543169828456,3.3055942764270134,278072303.08000004,-443.4949494949495,4226.3982501849505,4249.603503786434,1782.5,3826.5601142321666,106694.79184418311,9.410849968304392,1789252693.72,10.787878787878787,1478.8416998402533,1478.881047114727,509.0,3252.549841092093,36554.42845227865,11.824310902705605,214368013.98,611.8282828282828,2172.0700783028774,2256.5952833255838,362.5,3863.7086294581177,60571.0,9.691145477330474,535777165.3599999,idle
-3793.23,324.6453096842768,3807.097110660562,-3560.0,7678.12242818708,11819.75728078605,3.3860254329013424,5719323438.9108925,-1187.7,665.8019525354367,1361.5886052695946,-572.5,1853.8113670170767,76033.37261584016,7.30078321458136,646447786.6336633,-1203.65,472.78074992537506,1293.1724401641104,-782.25,2323.52357731954,34216.66162447599,9.004304951131095,618033618.0,-157.52,5680.370992250419,5682.554633261347,4010.0,2966.9874310249224,425527.5884453476,18.10786800466372,6399255511.782177,-3.485,1880.5391486951287,1880.542377879318,1289.0,1295.1596621065135,91136.36526473274,19.727919877858138,700302212.0495046,-94.955,3237.389615566066,3238.7818659181107,1279.5,1945.809632665124,216120.18683522416,16.696730232791598,2078957216.6831686,idle
-3629.5,80.30255288594503,3630.3882368143495,-3560.0,6722.812293898339,971.9969658857158,0.12897863464780365,583820389.5384616,-1308.75,88.42758336627774,1311.733966930795,-1249.5,2215.576775024567,767.7322966309666,0.48238890017109753,76065558.92307693,-1076.9583333333333,181.40435477285422,1092.1294756880554,-956.5,1692.6500005842609,2606.9602146318475,0.8003414391819893,52120917.307692304,368.6666666666667,2480.10847657024,2507.3598000021193,2764.0,3191.4779795740674,34661.17273831247,2.3594191326171785,142289360.15384617,467.5416666666667,1916.35065465515,1972.5605292782948,263.25,2861.672389860084,15593.729656267129,2.7521218998069297,91056938.23076922,347.5416666666667,877.7655333841848,944.064373687868,962.0,1579.701676470702,8341.0,2.024270917099442,22421955.769230768,idle
-3324.93,1327.687751355717,3580.211483976889,-2324.5,7209.101471724159,121285.41092880412,6.575433666523861,4727341608.019803,-2066.865,1371.8317851599006,2480.696147253831,-1189.25,3228.234769745175,100737.14712530292,9.245075556793918,2064512786.1881187,-1188.055,557.5347719873622,1312.3717861185526,-765.0,2388.210066404694,22634.852923345617,6.640336100540034,620553359.1386138,73.88,4216.818562091568,4217.465712960806,2914.25,2533.9694427669583,192809.7201991931,18.4844823427963,3523262437.881188,31.865,2518.1849409396045,2518.3865420145494,1604.5,1452.9892468117564,153740.4647398007,19.627040207388347,1256096338.0693069,-203.93,4330.13994636432,4334.939376738734,2289.5,2291.4496847793093,166860.80856772623,18.314126858423688,3729394523.9207926,idle
-3918.13,470.68848838695857,3946.300843828306,-3550.5,7471.3990148125185,28539.93825944381,4.94129043904509,6123768928.910889,-854.07,1259.4560473077256,1521.7309551954313,57.0,1038.3909161466186,106204.49321623382,8.075042182158944,602990333.3267326,-2461.28,1188.5631374058341,2733.236464340398,-1629.25,3904.631560090224,78827.05307719651,11.172125274605708,2678918892.4356437,-1980.685,12845.147801242889,12996.95868674668,5999.75,10561.40587076556,626910.4114979805,28.309658998982144,34226693455.693066,-2046.77,5370.7351607671,5747.526737649857,1140.0,7949.393013771006,419098.2878127418,23.354028922904092,7371045890.257425,1064.89,4233.569020094039,4365.443546765895,3788.75,7241.405448483362,287843.7985343957,18.130422957442082,3998347333.9009905,idle
-3850.2663316582916,601.922226083551,3897.032356929408,-3595.0,8255.164864483428,15334.904518708832,8.040374750168697,5942409636.159999,-1194.678391959799,309.10835797544934,1234.0196259322336,-1089.0,1670.460183149322,15296.870760632979,12.806392326098749,584126807.9900002,-1094.8291457286432,1111.9940850475227,1560.5068739091116,-984.0,2202.1748566099213,74569.98578113416,19.9724818213246,719517016.4100003,674.4572864321608,3845.5043146647486,3904.202359679456,2276.5,6505.742456114586,156817.8162171868,25.27039964902088,3108220850.36,294.5527638190955,6052.001857102471,6059.165603368605,1787.5,19141.77095641542,304025.7621530018,25.145009435704882,7286633330.910003,25.763819095477388,2154.050656472763,2154.204726813384,409.0,6740.778242449103,126885.86695619368,32.669518349294385,918993038.63,idle
-2788.71,1086.4830214504045,2992.8830281185396,-2119.75,6396.886038437094,64776.95093013564,2.517396574780701,3313713323.6039596,-1932.99,764.3664303853225,2078.6308907547777,-1301.75,3512.5858845627836,83567.05436848865,4.002788334452249,1595476868.1584165,-1981.22,857.2508335370692,2158.7291817177993,-1370.0,3056.5583506550624,102678.26394178653,3.4001337501760425,1700068198.1782174,-361.18,3547.9550627932144,3566.2916481970456,1236.5,4672.290462979029,149188.29638989904,14.297476952662517,2544365869.5643554,-194.355,2492.8264498305934,2500.391484348001,2042.75,1265.9840527320848,211026.57235849762,15.69972448708927,1245492218.8613863,-83.22,4105.4427863021065,4106.286161484609,2057.25,3557.6634208784017,294036.8570559151,11.203615945113013,3340322941.544555,idle
-3608.4444444444443,293.3200142369492,3620.3463838967036,-3555.5,7194.77216912843,7948.12083619287,1.7577127549802103,2560783644.1000004,-1374.4040404040404,237.29131902512833,1394.7378378618816,-1259.0,2662.59896006801,6985.919747524419,2.289095157147308,375797792.8600001,-1260.8080808080808,153.15811311017194,1270.076542670726,-1194.0,2421.7504384253257,3925.3919991888665,2.3523359546503557,313899708.52,-11.313131313131313,2672.030059584382,2672.054008859594,943.5,2018.1191478117341,63664.770265162166,8.157886272441594,699791460.1,59.98989898989899,1121.8468133507545,1123.449625308612,566.5,150.39554000122502,21227.81195167048,11.603175084779403,124054966.53999996,14.818181818181818,1225.1420314580587,1225.2316416733513,307.5,648.974453128067,29442.600471353937,9.825729598034197,147153405.24,idle
-2828.31884057971,1842.5712106881044,3375.567527162623,-2305.75,7783.737786358237,74129.05389135367,7.87148919241496,2638159155.4857144,-1745.8623188405797,982.5871439911332,2003.3753347498462,-1263.5,4295.193671368633,32469.241046046835,14.535690249457334,960680424.1999999,-2046.3115942028985,2127.5138372162787,2951.898756413563,-652.0,5838.757945637239,46969.71587294206,9.08259279690194,1754959233.5714288,-722.2101449275362,9756.40309214512,9783.097096004674,2252.25,33535.089873029654,83409.12085691096,23.402234661308487,13102254177.914284,361.32608695652175,7307.092422368121,7316.020517340347,1028.75,4806.919278873141,125081.87351132583,25.80210021426077,7299060912.028571,941.4347826086956,6907.435143397254,6971.2954111947465,3343.5,14222.11303152677,129918.0,16.813947432870364,6732606985.314285,reload
-3016.18,1798.0306340363986,3511.4464189751397,-1894.75,7981.3873560552265,90672.39831504923,9.677949516677593,3171853979.6315794,-1363.8266666666666,1194.3644990630885,1812.8788523597857,-962.75,3017.9713473673405,58415.54552507297,14.716953075809686,761855507.9736843,-2650.653333333333,2381.978149876461,3563.6754902768575,-1041.25,5472.24683546501,111193.27719476518,8.664353169301721,2919957710.5526314,-794.34,9693.693541562645,9726.184787126622,1296.75,2012.5120389201775,377536.8074941708,22.953073941924043,14110144348.368423,68.70666666666666,8659.455700020771,8659.728265174761,1040.5,17585.71106762122,257247.31755088808,27.528829435528785,11103112121.657896,1332.6866666666667,8498.28207905313,8602.142294025754,4274.25,7768.873892594897,395130.46034021507,15.20492829855752,11217315570.131577,reload
-3293.3571428571427,1990.1352002580431,3847.9656164932508,-2955.75,5423.320139965814,100134.68325910986,8.260058180073804,3540922780.169014,-1262.2357142857143,1491.2950441560818,1953.7655711837224,-1208.75,2049.20306057511,52851.38938500824,12.013460195366607,746802468.0985918,-2186.557142857143,1872.4642406329097,2878.7418209051975,-1015.0,3563.1818681586437,46083.26041429443,9.387609075704326,1803788455.2112677,-1097.3714285714286,10051.389862205167,10111.115774942235,1199.25,20497.021146516057,384616.5493999646,22.586950295718854,14294671276.676054,-902.5928571428572,8069.392053482476,8119.71440252497,826.25,2044.2256268948358,212912.15363966368,25.784187162807925,9215886658.577467,1224.0285714285715,6610.38175355668,6722.751882334241,2520.25,15592.973239600113,186023.90279984093,18.57490545622876,6447431553.661972,reload
-3025.2105263157896,1929.8554274132207,3588.347906662357,-2934.0,8895.776214189984,34555.140840015374,12.784275106261987,2907878793.567164,-1809.96992481203,1036.815446341428,2085.89966165591,-1541.0,2821.4253731691624,28975.975785998162,10.029416032207973,1006816763.268657,-2044.7368421052631,2173.8264655157027,2984.3709983242866,-524.0,7502.4822304151285,37611.17964500388,11.23822113547312,1727636976.5074625,-1086.9248120300751,10380.631072001035,10437.380274762436,1682.0,39830.14635758928,113928.13327305157,18.58027388578006,14536703049.582092,-1487.0,8053.506212562916,8189.635603358032,202.0,16485.358227139997,129895.74367001596,26.183380556105433,9145648666.31343,737.5187969924812,6491.1376154630825,6532.901462504772,2112.0,16418.679384665687,98090.0,15.681759405697619,5705723643.02985,reload
-2497.589552238806,2007.10667310043,3204.1271461439724,-1021.0,4893.107547319718,53251.524945953664,7.092476893175431,2179065146.323529,-1866.6194029850747,1047.544376538557,2140.4712603578473,-1524.75,1494.675490276164,30559.33924629353,11.551072345806817,1065005885.9705877,-2449.679104477612,2208.1297333748585,3297.9940318818585,-763.0,4068.1760424547574,54354.51165584443,5.74335145808252,2228352513.1764708,-1672.7089552238806,11048.169965178487,11174.077806618236,1960.0,32047.536426843442,287054.8004319489,20.94598781744989,16872995667.558823,601.8432835820895,8543.857894954206,8565.029075675353,578.5,9402.761730721459,256405.47217607504,22.390116652853873,9750190728.14706,1509.7238805970148,5833.8743640397215,6026.056446055312,3098.25,14408.070264550408,202303.0,15.521812546468476,5098317440.970588,reload
-2819.217391304348,2159.9329254854406,3551.520370493317,-1764.5,4994.539064256175,42202.02338138182,12.520606909281582,2797075558.314286,-1861.2826086956522,1104.8240793082316,2164.488206401729,-1474.5,1516.642516315217,32477.008330759232,18.184447309431956,1108616088.0857146,-2133.6666666666665,2403.3128172554943,3213.7899654502917,-715.5,4998.076634032953,66694.40712559353,11.93884570860761,2024290516.0,-954.427536231884,9816.330950599899,9862.620607811252,3146.5,41231.7069380222,84166.40768183232,19.621093466709798,13359424356.657143,-1395.3695652173913,8725.599731122747,8836.466878300645,326.0,6654.062347306099,221158.1843954014,25.279960499297516,10917520744.914286,1183.659420289855,5344.87824388699,5474.374216768287,1755.25,4930.714765584284,163345.0,12.255117572497063,4267205553.142856,reload
-2601.2700729927005,2199.531942590659,3406.544695013422,-917.0,5769.6382533192,17663.7046423351,9.463956571814425,2498609898.536232,-1641.8832116788321,1163.4638007078554,2012.31918351696,-1233.0,561.811512417571,41870.579271703275,11.1235592222328,917397299.2173911,-2403.7518248175184,2145.30219667333,3221.8541789418346,-921.0,5468.481429607836,57248.70184934172,6.982630108712079,2197655026.869565,-1178.4379562043796,10427.264830116834,10493.644164636735,1823.0,26935.87449430051,164731.02145388257,19.419283247727503,15165526615.710138,438.1678832116788,7634.653046930012,7647.2163720451845,814.0,4820.359830429343,158002.76824920328,24.944906859455724,7979804828.289855,1231.6423357664235,7876.744826503987,7972.455826475898,2999.0,14758.217146521783,209595.86024111323,13.483506483866991,8850942858.202898,reload
-2884.6466165413535,2183.12814883091,3617.628313763225,-1379.0,6026.354301140159,40339.299195073356,12.98370220400809,2826071299.2238803,-1682.9774436090227,1019.6971278639143,1967.7894471387624,-1154.0,1071.2676217427966,24738.301693100828,15.656524565531518,885058341.0746269,-2373.3533834586465,2644.808218797324,3553.5639570707717,-685.0,7374.356617786399,57909.45065246787,11.168744899609257,2410538519.8358207,-689.9248120300751,9951.879831207665,9975.766056852608,2690.0,46710.389262895835,59032.08771375929,18.424146126557513,13199677624.328362,-1176.578947368421,9253.403893281022,9327.90553294677,1110.0,13948.30216961861,161407.87580118043,25.7990059281075,11668688731.83582,1367.842105263158,5741.285157591768,5901.978251884218,2287.0,5244.902849305879,181923.0,19.44427583838726,4845246701.985075,reload
-3123.68345323741,1893.0431366095002,3652.5348229816404,-2456.0,6198.652629379618,77964.48190718476,7.562979896817778,3187745423.6142845,-1315.31654676259,940.5823394090594,1617.0197139786774,-809.0,477.36238446543086,26035.3662008285,13.750761652688166,599614865.9142857,-2199.94964028777,2022.3774929727151,2988.275279134252,-817.0,5236.848157321522,47346.44450693259,9.623897125431236,1900298677.8428574,-795.8273381294964,9576.739028303478,9609.748777587545,1392.0,24430.08282074013,350194.93158408155,24.360659340394324,12831988702.65714,-500.54676258992805,7827.716908729451,7843.704422321649,261.0,6358.86606402207,175241.478587589,25.788140042163487,8525287210.042855,838.863309352518,9274.99657988375,9312.854192385548,2314.5,15742.028473175309,290676.17877457844,19.661973868677908,12066370911.771433,reload
-3225.274074074074,1970.032184093672,3779.341167354339,-2875.0,8904.842396779071,40208.05644741015,11.96596217785558,3308080389.955882,-1617.7925925925927,1176.4012926831608,2000.2931970273942,-997.0,2988.210550275396,16634.302886835343,16.796400729873692,886917714.9558822,-2092.9037037037037,2301.547520849184,3110.846653839386,-661.5,8395.966775133475,49460.035943930394,12.025611437695213,1883823482.2352943,-597.5481481481481,9767.850817648165,9786.111249377109,1559.0,42415.41045557444,88711.04946625195,19.595656931450304,12881461783.132355,-56.88148148148148,8549.514219729726,8549.703439084673,593.0,6561.9824304018675,145688.20304190333,23.831173271976017,9796026534.382353,770.4222222222222,7675.946263748243,7714.512391878338,2339.5,13637.54772437406,104007.0,16.181176437437276,8054813712.308824,reload
-3072.0373134328356,1901.9965449013473,3613.170922048983,-3300.0,8440.395058663455,36871.49898150013,13.375332096747202,2970074126.7941184,-1625.0597014925372,1265.8184289001304,2059.8823578928505,-1428.25,2850.295939103733,40180.646809539096,10.507880286397985,908891528.6764705,-1684.0149253731342,2143.947067823266,2726.2456416301634,-652.0,4519.798874565105,56707.142146581486,12.847574544825457,1355742158.7352939,-922.3432835820895,10090.276199276152,10132.343801433495,1777.25,28620.177116153824,191256.0613825089,22.039496057319806,13674598383.235292,-1126.5298507462687,7388.0579544736365,7473.450999590723,466.5,10144.142432305829,115128.76993263606,27.428765080043473,7544513176.264706,608.1044776119403,7265.678406418931,7291.081796358756,1373.5,13686.954669589546,113434.980665526,20.632018975132254,7068486404.794119,reload
-3025.556338028169,1753.6847666871415,3497.056106998136,-2308.75,7017.323783839499,87675.34502021907,10.057885449573599,2994351647.111111,-1647.5985915492959,1305.0208247211087,2101.8231304824358,-1198.0,2339.52440940755,69311.40892810003,17.556646990592625,998786879.5833334,-2141.4647887323945,2072.5591232055845,2980.1632103902266,-782.0,4222.2900987070225,64316.63328540803,12.191661613085017,1885893903.3888888,-866.4859154929577,10173.954874335392,10210.786239401967,1712.5,7967.023707436704,349437.16885862115,27.37588673453822,14739340152.08333,317.0774647887324,8331.335846486862,8337.367396584716,645.5,11913.746864614091,238391.01979071106,25.433645723352704,9747813810.11111,1087.5704225352113,8847.687535391036,8914.279788512773,2999.75,1605.2651039735872,347718.4621538229,16.304017356838887,11292887466.722221,reload
-2609.4765100671143,1945.8920853524955,3255.1288245520377,-1463.0,6192.331737807939,77794.50444327577,11.115509928058032,2576090270.3866663,-1663.013422818792,1224.1603449529798,2064.9896354778325,-1118.0,2380.846325452891,69439.7384254886,15.636520035038831,1040456649.4933336,-2909.463087248322,2438.1465881997747,3795.9892309661177,-1156.0,5332.830676580112,81958.9647250165,8.287192342243289,3385579931.986667,-832.9261744966443,9310.412160870648,9347.595445752328,2242.0,8194.802589122613,234803.01634965264,25.8137903683171,13035140523.226665,30.758389261744966,8779.119525688338,8779.173407834716,720.0,15155.342119172767,251252.4705839702,27.334012113355623,11407588939.106665,919.5302013422819,7794.227415258406,7848.281136143525,3282.0,3390.6563502216845,260301.35524017495,21.713211578284675,9241692055.986668,reload
-2550.158620689655,2214.204640188567,3377.2786647403473,-828.0,6422.287290639592,35955.68172882406,12.439160994068377,2579064771.0547943,-1408.8896551724138,896.8665153994259,1670.13161364503,-746.0,3799.122815534882,33645.97654741924,14.6569781257258,687533292.849315,-2397.2206896551725,1901.2379323572331,3059.6360421371733,-1044.0,6011.56902567471,34240.96817061605,8.013906612949247,2175661203.0410953,51.675862068965515,8612.300779444726,8612.455811807968,2729.0,42327.05714523787,95903.29516117515,25.795219735786894,10682005494.821918,318.7793103448276,7442.575047025486,7449.398873688423,1180.0,8358.224758803277,236692.49361518645,25.19151283753394,8006084380.027397,1392.848275862069,6033.083824392979,6191.778965024845,897.0,11827.775944617902,201963.0,14.93124844533489,5800329920.027396,reload
-2685.8380281690143,2060.538790600154,3385.195123050776,-1829.5,6397.111117999795,76633.48737551404,8.711280518009639,2614777561.5277777,-1739.5492957746478,969.2468586082904,1991.3490968065123,-1424.25,2068.983210852039,45546.57604208754,13.656290964388107,979068972.0833334,-2151.1267605633802,2094.6518715063366,3002.4844383971254,-950.75,3498.8269405107035,87397.10455140429,6.926947398939728,1910300906.7500005,-376.82394366197184,10334.309632562798,10341.17748934797,1409.75,7022.966583471378,368285.5773609112,17.69382782157331,14994523369.666664,-933.3661971830986,8108.0027945606835,8161.548981329946,476.0,847.1965212536029,247004.91861585327,23.241532396174907,9449552335.444445,893.1901408450705,7425.002869950694,7478.533027705291,2090.75,13523.505463883372,233645.01442123693,12.209057459818482,7943665284.249998,reload
-3152.2573529411766,2042.8937664798934,3756.3468104388494,-3431.0,7166.567285356159,86444.52736048205,13.292599591231708,3223345366.5072465,-1917.0882352941176,1226.0235967800913,2275.6012747765603,-1230.75,826.3532253444741,67206.24657876957,14.0106305595528,1186731810.7826087,-2389.9117647058824,2126.696521640008,3199.143063108509,-977.75,3461.846160526355,66881.6102102265,13.317983480901116,2137558818.7826087,-1650.1985294117646,9115.993214755505,9264.150661444424,1334.5,15709.61663503132,302531.01851592364,12.665830254172665,11868026831.898552,-1698.3014705882354,8686.108289981881,8850.57654112398,544.25,2750.647058007661,196033.164492958,23.244336795128824,10928446068.768114,1496.235294117647,6590.546943779863,6758.256363406867,2542.5,22647.87071263767,251738.78567170075,13.059496639204077,6421725281.072465,reload
-3170.0150375939847,1750.5679893932017,3621.2544268609668,-2990.0,8348.380538730173,29053.671804813486,6.360653875817929,3057620077.388059,-1376.796992481203,1164.454674133457,1803.1984490389684,-820.0,1832.785286174567,20811.778584522068,11.907062702120433,679454899.0298506,-2578.4812030075186,2506.156148491972,3595.7452572293296,-895.0,8601.932719650467,68278.25453733395,6.690153258593907,2584435407.6268654,-807.3609022556391,10775.17025829817,10805.374853368323,2397.0,38389.33707130149,459663.9022115228,23.889573792895273,15498726548.761196,-678.0977443609023,7700.957134990255,7730.753995947915,1499.0,8114.638550404208,151585.4247974601,24.783352865952317,7950066790.0,1286.0902255639098,8487.931931457882,8584.813133746908,1415.0,11301.779876423618,171050.0,18.860586279568885,9947164224.626863,reload
-2706.4246575342468,1874.9853545934568,3292.4617699905516,-1328.0,6243.616289562481,76765.3707897879,10.565478815589266,2616271193.891892,-1399.9178082191781,1058.7806601913335,1755.2168971851836,-944.25,2074.3632177331833,51715.37231832766,13.639996100912574,725989875.4594594,-2599.458904109589,2840.503373117992,3850.4085506409983,-698.75,4731.563895615652,135782.59380254697,9.671902426251545,3108539970.8918915,-469.3082191780822,9922.044869446132,9933.137701446125,2544.0,8175.642177907833,321768.8463195942,20.625321508730345,14242530752.540543,36.705479452054796,7851.558590730162,7851.644388017736,1207.5,10426.500150330825,157493.47521369642,28.212912532014425,8904941302.62162,1269.7945205479452,6917.594297289181,7033.170621156675,2464.25,1388.9677779356684,185390.0,21.24073864746972,7361701657.756757,reload
-2955.346153846154,1995.6670552880635,3566.0563490521827,-2786.0,8480.039329675315,11918.562215042173,10.898357140827143,2746416054.8787875,-1508.8153846153846,1221.4515437009638,1941.2541663732595,-965.25,1370.1690992483484,18803.171321556292,12.578041870790532,773971031.909091,-2597.769230769231,2811.789779149604,3828.1283597159513,-721.75,9716.276681361374,41275.39327998832,8.879670196492278,2740239289.4242425,-1140.053846153846,10823.065254930565,10882.943732493308,1683.25,41977.26644955227,387856.96415139514,16.614896026049088,15330216253.181816,-428.76153846153846,8353.114498661651,8364.11132665123,452.0,8259.097096956968,152950.1863460164,25.422080592468852,8981074508.333334,1379.823076923077,8122.18942201915,8238.560112712004,2262.25,17816.968202805274,179377.0,18.06270034841798,8941940400.0,reload
-3078.1111111111113,1770.0063137224354,3550.7309617827937,-3298.0,6191.944490424066,76822.50864463227,6.6048563862266825,2959211793.3088245,-1621.3925925925926,1066.3057590564642,1940.5983384284114,-1205.0,188.36699456238898,21188.43567436647,14.239050357279991,856955024.8088236,-2485.17037037037,2097.8380212891866,3252.2294097024173,-1033.0,6582.287313804423,36058.51516201465,5.757592457231769,2245034283.338235,-1257.4222222222222,10786.501592245104,10859.545443730343,1786.5,32180.866195623916,433067.02458713256,22.0063895261106,16015331033.338236,-871.8814814814815,7840.397683651335,7888.726966726353,700.0,2437.9015989160644,184839.87177375262,25.47496360223916,8441416701.294118,1316.6962962962964,8180.393124008137,8285.681673827447,1726.5,18249.618752005037,195922.5641128284,18.285115263499165,9432269677.176472,reload
-2826.1605839416056,1815.2566536824331,3358.9195234425465,-2437.0,6652.762242448621,23316.583117345242,7.18499434145236,2620794899.753623,-1682.7153284671533,759.2629825207812,1846.0799422789555,-1192.0,3456.100214248626,12103.271268004142,14.363026883628654,848622930.1449275,-1986.058394160584,1921.6384689501942,2763.534394641211,-699.0,5053.846543401666,46182.876596307644,11.685894713613587,1575174764.4492753,-377.7153284671533,9165.344431825713,9173.12419099173,1608.0,34251.71231810889,81933.00760932591,22.67138558222769,11463897964.768118,-36.67153284671533,8458.836321504697,8458.915812048755,1038.0,3652.0674884935675,181922.6156787756,23.96479587521801,9731944317.869568,1404.4525547445255,5769.924023802192,5938.392898670321,946.0,9173.398871389738,192410.0,20.006956329213864,5064501452.173912,reload
-3002.5114503816794,1697.8045561658714,3449.292002804443,-2958.5,7381.936474490017,62781.45993983318,6.314206799502616,2718808172.409091,-1563.1374045801526,1007.0441803217878,1859.4452201443196,-1135.5,751.2511712790481,26173.935938145998,12.841106322499204,767166263.4545455,-2565.06106870229,2038.951185095394,3276.7148520086466,-1094.0,5418.7387722655685,43371.83729595929,7.908209143660828,2251262990.8181825,-1234.6641221374045,9874.288710385219,9951.179479364964,2168.0,38371.68002733151,358027.38105869095,17.956431724144892,13072309653.469696,-203.46564885496184,7951.530662860314,7954.1334004825285,638.0,2281.2169549173373,152972.99980873213,23.862787791519327,8230732353.439393,1600.1145038167938,6627.633417146706,6818.056258011119,4336.0,12881.712058103418,209615.0,17.70041759499097,6376385045.712121,reload
-2586.5149253731342,2131.7092179928622,3351.752325165708,-630.0,5939.525981443852,24118.85114487203,9.73106108382646,2366535870.7647057,-1727.4253731343283,994.4711665740987,1993.2313766583954,-1296.25,1761.1619569056024,35844.53706541913,11.652703355921172,918529554.5882353,-2628.60447761194,2329.1876523117335,3512.075827684104,-1106.25,6408.608636249397,61209.50606121015,6.023212783237812,2540818700.8529406,-1085.634328358209,9794.414869451924,9854.398232761387,1116.25,41972.639886984165,322509.2482392711,20.716154867368008,12985383486.382355,-1442.4253731343283,8898.405278372196,9014.555311008075,747.0,18965.52468107075,176272.0175089365,23.050951384044563,11003705702.441177,2150.8507462686566,5176.171246082195,5605.257148560852,3148.75,6840.8878253997855,288214.0,10.333787853758555,4759061127.794118,reload
-3743.695945945946,2265.2930502469385,4375.707021635382,-3710.5,7077.27212604696,141295.12899050483,3.9669715834148986,4842547115.240001,-1600.8918918918919,2177.706865263399,2702.8248260922387,-775.5,927.3161284834525,93711.80939162371,8.498742634604655,1441014232.4,-1412.081081081081,2486.236403258008,2859.2559228639243,-542.5,1851.8216593772013,122175.25532622839,4.769437928653918,1484992722.4533334,2634.054054054054,8738.490277783456,9126.853405998949,3757.5,25650.323291268156,389840.0,28.317253936502723,13212552650.533333,-765.9932432432432,6417.856924761653,6463.407240411624,521.25,10063.883100696556,273753.3401218501,12.633585549440346,6186108037.0,1441.222972972973,12785.415110121412,12866.388894944297,6852.25,15678.584178525867,548566.7923239016,10.578179434978324,24477511180.466667,shield
-3805.4864864864867,2110.0369904740382,4351.319742331055,-3695.5,6989.208236532954,130674.85239082121,5.191259415268425,4879584897.760001,-1326.5,1841.8947849018543,2269.841106476101,-652.5,805.2050263545684,110445.79606090256,9.970185423366162,1009315078.0266665,-939.6216216216217,2231.9504359912867,2421.6712288294916,-404.5,1949.684756486535,121771.92743845595,5.01211163630203,985298011.6266667,2383.054054054054,8026.219334648721,8372.523122239343,2566.75,19198.530316142376,485081.4973910061,11.827724781561892,11065648831.38667,-462.0472972972973,6000.642298204935,6018.404746770189,1347.5,9087.554769168997,334015.096776345,12.461354241013787,5320480123.293334,1206.0067567567567,13644.816541058495,13698.009736326168,6301.25,19748.676237521307,552452.2173171497,11.34497505135516,27612303593.213345,shield
-3153.6709677419353,2721.5720222663467,4165.644589395654,-2473.0,6642.614954536654,135323.6174692073,6.249131636382602,4204103243.051283,-1575.8903225806453,2388.2082595947677,2861.2879966896026,-759.0,1234.1701150713643,91650.62168689191,8.20290830810208,1643309893.5512822,-1136.9870967741936,2443.7226018253823,2695.2773165118324,-50.5,2378.6742467915333,127204.07684578738,5.721228175106846,1317872812.7820513,1935.7354838709678,8168.319091171237,8394.552319135886,1444.0,27611.002197917314,534310.0522083954,14.273137189868013,11429675138.24359,829.5741935483871,5093.137966688231,5160.256552761944,2033.0,9466.008280800295,282649.5459845421,20.30465735530263,4206907024.4615383,1356.832258064516,13647.461286223142,13714.743648186935,8184.0,24924.13006363755,447938.60498330503,14.559419443366417,29251236348.50001,shield
-3312.537931034483,2470.495957525016,4132.342897278692,-3185.0,6701.75619486554,119699.95331754447,5.617205909034985,4039271930.1643834,-1635.5241379310344,2134.187265424503,2688.8091210897014,-901.0,2305.065138641995,72076.50693231454,6.941313039130744,1426335092.0958905,-1147.103448275862,2418.1559766130654,2676.438799650734,-271.0,2521.143065451307,126786.32595901583,5.029211127747937,1221058696.0958903,2411.151724137931,7769.559896408312,8135.09149430353,1219.0,26080.382338827843,504350.350659045,11.82043506843578,10367537846.328768,442.70344827586206,5752.429421556436,5769.4393655799395,2192.0,5902.421852160601,174371.14361479113,15.70729090198531,4821697370.438356,589.6551724137931,14059.946055902457,14072.305295055297,7672.0,20851.933950594197,376326.02415185835,20.49421960528878,28567714363.493153,shield
-3453.816326530612,2489.9824986965427,4257.799908547194,-3403.0,6741.678975579555,138912.02052950033,5.043151854712492,4388628355.2972975,-1687.3877551020407,2333.8802627681007,2879.9782146757293,-882.5,749.2328192838502,84620.81681563235,8.110002363863142,1626741865.9054055,-1288.938775510204,2583.768113224991,2887.4246016012216,-317.5,2215.0926214579977,133943.89039755863,5.0282822390372495,1459860821.5540538,2970.6190476190477,8590.42727337989,9089.55544926737,2295.5,28242.005262059563,436681.0,11.739936777720436,13351528854.432432,144.48979591836735,5546.481900663309,5548.3636124095365,1844.0,8479.484884401953,183409.09621340342,14.951928805483199,4497769690.54054,1161.6190476190477,13810.073079716856,13858.8411232293,7786.0,23543.71709364861,402820.7146985811,24.05449014809804,28240164939.75676,shield
-3634.793548387097,2190.4357165517263,4243.787549788743,-3591.5,7095.7860010119575,143501.03952003346,5.541008349387079,4808304501.243591,-1631.716129032258,2304.4428610973273,2823.642049872195,-848.5,731.2535906738829,102961.11966288913,8.101078369399374,1637927776.5128202,-1427.4,2517.6942513390713,2894.176066383282,-864.5,2298.9491655223246,144044.7682513801,5.711949456290657,1603780537.5897439,2696.058064516129,8128.961927330165,8564.388542285189,2885.5,28238.85517924671,417889.0,13.913100656090524,12415608728.051281,521.5806451612904,6906.966871650465,6926.632496060684,1819.0,9879.741054616456,243492.14648466278,15.856854726580421,7430853048.846155,333.78709677419357,14867.439217637853,14871.185652668351,3663.5,22363.80092886691,523755.06765911024,21.172512269109582,34076009143.74359,shield
-3493.0733333333333,2230.2916613354005,4144.365115028678,-3597.0,6905.0902425280365,127987.49962322129,5.853856383444642,4348620256.710526,-1579.0533333333333,1997.7815288853672,2546.476087982502,-965.25,835.2942041230204,89856.85101152952,8.731435508994181,1328980923.2105262,-1280.2,2393.908611455333,2714.721068544612,-174.0,2168.564220670719,122251.89235123224,5.492941540146047,1333513786.2105262,2680.36,7935.714534751529,8376.150363183953,3402.0,22942.296178626264,402054.0,12.278164277266493,11449162782.631578,955.92,6756.357027787484,6823.645897416815,2048.5,7889.350910744306,333615.88385543006,16.032015477463922,7027712210.7105255,1024.76,13789.685661720743,13827.709995030511,6500.5,23548.48830082874,519788.20880340494,24.889081737779478,28477954761.78947,shield
-3411.3071895424837,2167.2623804920395,4041.539677810953,-3512.0,7184.512238506489,125095.29165972485,5.82426988685727,4251782705.987014,-1725.954248366013,2367.278422287024,2929.66298336147,-757.0,1973.7141923777335,148873.14745582378,6.654375640747096,1757475252.9610388,-1418.0588235294117,2382.6048941247295,2772.669635657435,-1118.0,2655.775265596964,140950.43204090034,5.017493323994241,1474248313.6363637,3199.098039215686,7683.644142209723,8323.017215447018,3717.0,35479.750483773925,489462.0,13.46816226410722,12085556540.844154,-82.94771241830065,7738.707370224816,7739.15189700831,805.0,7936.5840278068345,296532.0199100742,15.406855170770964,9105394535.831167,969.3333333333334,14223.217731141254,14256.21021655342,8154.0,17874.18199709571,501035.52170035924,24.34604379769527,31036554639.701298,shield
-3334.7371794871797,2288.5028111896245,4044.4674770699944,-3400.5,6739.996071358914,129116.8222512152,6.021901635460618,4232336793.962025,-1643.0128205128206,2253.108069799274,2788.5456966964166,-920.75,1410.717919963654,142703.80931669616,8.495043149023981,1613497161.6708858,-1458.3589743589744,2629.1732978470186,3006.5533636050977,-573.75,2456.879616469188,151732.6413470953,4.7998794696634235,1719873794.329114,3314.346153846154,8431.904250549453,9059.90616496378,3929.0,29091.641562403103,517038.0,12.56534345244744,14335088598.632912,532.0128205128206,6830.257712774282,6850.945778803286,4235.0,7553.773399184868,235332.43318111557,14.305708354695994,7272923956.227846,1350.974358974359,13747.220977416006,13813.443318757016,11927.25,24736.38466112908,455875.1545879979,12.201092133464414,29671182824.55696,shield
-3156.726708074534,2607.4563793152934,4094.3561495677322,-2227.0,6908.058387887343,136201.81417274754,5.582598489577351,4276753118.0617285,-1585.527950310559,2141.7612769006732,2664.777710888322,-412.0,1437.1542635435867,134971.8740974546,7.89900085417516,1538449612.222222,-1203.863354037267,2601.7279100578226,2866.753406410761,-479.0,2107.7859278984843,154040.94824176413,5.203559179036799,1546869607.2469134,3377.950310559006,7669.564348087604,8380.499125354176,3221.0,26046.450042166285,543850.0,11.962581210821178,13063434193.580246,-52.06211180124224,5756.403474834458,5756.638900310791,1146.0,6689.0851940197135,230185.72876630837,16.55891809316899,5302860880.518519,1588.136645962733,12844.740640354474,12942.547667450315,8417.0,19627.18342387423,488904.35724587354,11.564117152194065,27206124479.382706,shield
-3240.937106918239,2824.1086948934458,4298.751359589471,-2832.5,6840.188167939051,153146.49186004922,5.398749582323618,4579485123.400001,-1509.7987421383648,1930.1372642551469,2450.4942563958257,-822.0,1482.039761476151,113606.23403517024,8.34111843469666,1308989243.6875,-1086.5283018867924,2357.6089977572447,2595.9321903907503,-248.0,2189.810424721168,126973.00324521028,6.12201016240993,1251315910.9874997,3658.7672955974845,7896.154599649879,8702.633830335828,6138.5,28075.42771922669,581744.0,12.109095232866679,14081898380.9875,-92.84276729559748,5603.411716273428,5604.180818059802,1757.0,5700.987646130054,230712.18697621918,13.732337159407628,4963839409.15,1048.3647798742138,13943.42300601962,13982.77918857614,4556.0,22664.347515621695,533472.4555646774,25.377089172262323,31066743700.0,shield
-3187.8354430379745,2298.3725388525218,3929.9886945435996,-3407.25,6556.116625336751,120943.62962087651,5.504140357764361,3995348941.25,-1595.113924050633,1889.3016792250455,2472.6199194018445,-1019.75,1540.9829840281661,124780.09366357236,8.995075016195816,1350908506.2,-1221.4050632911392,2341.2873042382093,2640.7303098991865,-505.75,2052.721468214866,128899.14899463185,4.764765765634453,1320796748.3000002,3829.1075949367087,7239.655489203017,8189.913099413776,5282.5,26276.044037060172,604999.0,12.054550757118916,12753261979.174997,16.21518987341772,6373.22434277294,6373.244970632794,1999.5,5748.13507084614,270235.76064458623,13.857482775172146,6337932818.625002,1747.7848101265822,12804.534714603682,12923.268201194309,11762.75,20893.27522090055,435918.1763853586,12.603173163088782,26535581845.375,shield
-3635.653333333333,2318.992493840566,4312.273338584495,-3722.0,6964.891363503769,144618.96542651008,5.161006335545449,4709265185.263157,-1489.0666666666666,1987.4915368093746,2483.433539812706,-617.0,1874.7868322749136,90317.4164965743,7.51640494061098,1241167215.0263157,-874.62,1848.2835701266188,2044.776833788959,-318.75,1701.7251246247388,87270.61005718238,5.435820149237788,732148898.6842105,2633.24,7408.868388339298,7862.905550325105,5070.0,17552.770783969354,394986.0,10.803857010741824,10178245532.210527,292.7866666666667,5814.611034955152,5821.977801400483,1877.25,9883.088378700239,282169.0607213473,13.252847896632048,5030112745.447368,965.0333333333333,13717.559095998904,13751.462354479492,5561.5,15240.79935107343,575241.1669778882,11.34256264745012,28130109823.526314,shield
-3803.238709677419,2295.7671009332303,4442.428532291333,-3513.0,8007.156905328267,154590.82807444342,6.34818390349393,5266987805.346154,-1761.3096774193548,2411.318556624,2986.079195415005,-817.0,2547.2827303009567,153130.64579134784,8.626670892810703,1850984678.2307692,-1663.4645161290323,2870.2962312612453,3317.4861946378774,-944.5,2998.8764640876607,157372.30131957566,5.692841665193972,2121103929.9615388,2483.432258064516,7716.792245168225,8106.5602036550545,2666.0,20259.36458411269,384932.0,12.972161234722536,11070558927.141026,624.1677419354838,7777.110192899919,7802.116912901309,1454.5,2925.7643550039024,226532.294264987,14.562377778716318,9434835217.73077,1063.1483870967743,13800.357910643195,13841.248605340441,7551.0,5366.640357249741,589777.4678242623,21.87316945859114,29678644230.34615,shield
-3589.0733333333333,1859.1051578529805,4041.9944804514516,-3448.25,6868.698778411387,113351.93743838799,6.440207840462366,4325205878.815788,-1826.12,2418.6428864689115,3030.601865416615,-1001.25,1378.6967203997006,149980.55614835446,8.49998871405134,1853195021.2105267,-1657.14,2658.0895220189004,3132.339842141441,-610.75,2646.762104965063,136630.87373339647,5.2357973983588915,1858865352.1052628,2738.08,8628.530454656418,9052.547701798281,2289.5,18167.436723104376,410712.0,12.04326193989733,13240317740.000002,628.7466666666667,7148.293071950036,7175.891318389189,2864.75,7591.365369396481,204717.66185383996,15.961194000564044,7681483587.684209,2003.88,13468.645139938908,13616.898947998403,9283.0,16065.792227358661,603010.38766507,12.037774107171659,28041486507.42105,shield
-3439.0,2246.3342105797424,4107.643897128975,-3496.0,6831.972055585611,133173.66874583391,7.0545145831705725,4362504186.74026,-1618.8823529411766,2086.517215537493,2640.8964696478906,-826.0,612.6706319249405,131581.6407522029,9.572171548410823,1458519669.8181818,-1232.2222222222222,2231.3555867541268,2548.983985723944,-562.0,1844.8501489693956,116505.21032318255,6.107764119322251,1218437076.5324676,3521.8627450980393,7330.480476329013,8132.617119301162,5503.0,23696.039245790704,538845.0,13.911211769288022,11939042736.818178,645.3267973856209,6862.902908948073,6893.176554613402,2190.0,9679.425792395472,307191.44835356355,16.015759076798908,7286025361.545456,1919.0,13878.968615972055,14011.007488511927,9250.0,17275.348859035872,548976.1459801126,11.84811049159366,30399914202.311695,shield
-3208.6153846153848,2723.720065112538,4208.784109393969,-2011.75,6805.497664012793,128632.30870775002,6.441116357187575,4314107383.1645565,-1518.3525641025642,2268.0226359056924,2729.3444608362347,-359.0,1562.3414985253116,126462.42386510455,7.9191385321559995,1502480269.810127,-1050.4102564102564,2810.161380692545,3000.0614480886375,47.25,2469.2612662954243,151930.95186651347,4.743377628368127,1556230323.367089,3356.0705128205127,8442.972057759333,9085.537213347827,3081.25,33407.69093954726,523547.0,12.649913277759612,14449758529.1519,526.4423076923077,5951.827220231792,5975.063912864908,2819.5,3107.7523443564423,187833.40274210958,14.355964968947541,5541793536.594936,1726.2884615384614,13793.651823513903,13901.25542822551,9466.75,19073.901885828647,527394.8319768219,11.422634506367686,30223643160.746834,shield
-3030.3037974683543,2297.025155703556,3802.507813389221,-2832.75,6134.3750585708085,120505.34416501255,6.246231409638452,3688714820.425,-1924.860759493671,2430.3178894752064,3100.2474074405372,-1026.0,1299.0160966290882,103358.55775124242,8.297196462980779,2077732904.875,-1536.9050632911392,2343.3566042178313,2802.3913624084103,-1182.5,2462.072420280615,121362.24201972719,5.339821105478998,1593869429.7999997,2727.284810126582,7677.176518245554,8147.215581279785,2321.75,31009.09201861153,480253.7401896702,14.624138117117612,11518298332.649998,-75.62025316455696,6193.772921870083,6194.234531431608,745.0,11764.595702475022,280258.5878269238,18.267072602487517,5987761482.8,1294.2974683544303,13043.8351351037,13107.892316019172,8322.25,22723.90036789107,391328.63991446636,13.274615877666923,27070233825.350002,shield
-3457.387755102041,2403.8520177239216,4210.942247555159,-3592.0,7497.102365257183,134212.07635890448,5.644156866936805,4334293024.540542,-1598.6598639455783,2113.436510592988,2649.9674044972626,-776.5,3146.2187350899017,82136.60983391658,6.9008650597367724,1398458644.8918917,-786.6666666666666,2032.5976989792373,2179.517802253548,177.0,1685.2111915173102,96746.50968501651,5.2706570474154555,783931053.0270271,1163.6326530612246,6420.75868647578,6525.349267374467,2082.0,15863.202598856597,310021.23668794165,12.160895016610347,6414693558.68919,1534.312925170068,7822.775960310195,7971.821616014186,2182.5,3384.6506550874988,225544.0,12.655845681709557,9622437478.040539,1364.4285714285713,13188.91589310411,13259.304950181393,7121.5,18943.65459332707,425451.41916843253,11.432141232168306,25941142109.51352,shield
-3211.59477124183,2648.5042108223847,4162.801404032117,-2449.0,7418.210228387395,143294.22130160104,5.522434929439215,4201954490.285714,-1765.2091503267975,2362.884427770694,2949.438279299754,-793.0,2730.1464298617625,104464.46228011917,7.391523831030601,1795979446.935065,-1232.5098039215686,2510.6951570177753,2796.903750263011,73.0,1885.084035005861,122025.24358297334,6.3278518494846745,1420006813.4805193,2061.6666666666665,8919.580194699367,9154.746326038621,891.0,34364.312730209094,481101.61788564327,30.475153553732074,13385668977.467533,589.8496732026143,4966.71989018889,5001.622647159136,1724.0,13243.69919637146,249989.4489389018,15.517725464720092,3855515767.0,1481.8039215686274,12139.352562690146,12229.457203950959,7913.0,7911.656538649251,360896.6351934205,11.223160421933775,23067801111.97403,shield
-3224.597222222222,2928.265571022671,4355.773926640362,-1713.75,7168.413491779276,125055.62178149963,4.5326873921776025,4171458101.3150687,-1794.8333333333333,2401.9865909978207,2998.494001624445,-982.0,4286.082568932785,80540.65201850256,5.715268327742751,1734497106.6575344,-1094.4305555555557,2374.6990559413166,2614.7607629039835,137.25,2220.451379312699,97134.10869682551,4.819756025839544,1141154930.0273972,1726.0,7449.2684307103455,7646.612070242466,742.5,23883.86871599997,435049.15775670216,10.828328764581427,8727567600.10959,338.94444444444446,5556.91864652847,5567.24601401407,1968.75,11206.733287244939,328117.1049953686,15.742903051843603,4418356773.506849,1074.798611111111,12750.947809857913,12796.165914216908,8412.75,20670.215824827406,341794.56196777715,12.257658854214808,23421035504.61644,shield
-3117.0536912751677,2955.1280529272813,4295.20727363534,-1649.0,6968.007595344077,126923.55412360906,5.139251554825839,4168582492.7199984,-1777.6778523489934,2395.474377557883,2983.02464627238,-743.0,1397.94680640723,96062.49083673414,9.554609150554747,1784749429.3733332,-1086.7382550335572,2633.509586762522,2848.9248460644744,23.0,1909.1762428783056,125263.23093252405,5.73869416086173,1376073158.8799999,2336.48322147651,8159.42660803234,8487.366871775213,1057.0,16826.92876111783,518936.58629567537,11.215783508915486,11469710068.866669,33.006711409395976,4879.959870965829,4880.071493865115,655.0,13431.921609902023,258007.67929904757,16.62244500995583,3524954484.3599987,1435.5503355704698,12442.625678057058,12525.164211706022,5785.0,22327.953557574267,423993.7662256808,14.03009743244262,23524260011.453335,shield
-3429.090909090909,2833.472438264082,4448.28399736484,-3020.0,6923.240325814071,178459.40902511132,4.970806327192852,5173716812.891565,-1274.7818181818182,2045.1658244177636,2409.931935415051,-373.0,1526.1580067484242,120075.38358524382,8.481191979126663,1219030637.3855424,-1121.4969696969697,2348.08746578157,2602.1664435619796,-549.0,2360.9125473434783,137468.46465910485,5.422520002496978,1316808574.722891,2149.0242424242424,7652.395510816058,7948.425142660957,2190.0,22468.84745556546,467617.2727215885,14.57451037029242,11118914268.891565,-260.46666666666664,4904.568004988365,4911.479430884344,1131.0,3518.0678838730855,187782.8087820399,18.249512214253276,3967383311.590362,686.339393939394,14121.637372012847,14138.306257480173,6490.0,10852.386483197402,532949.8186795681,22.45245512766089,32860700562.0241,shield
-3321.8815789473683,2514.4518052079056,4166.217121714033,-3233.0,7050.132851146612,138385.0053802932,6.900956061333013,4259577291.2467546,-1766.5657894736842,2348.314055565499,2938.593812030724,-1035.25,2993.982374573608,79070.2245415071,7.906837493974413,1763719729.6103892,-1357.546052631579,2613.3291477962093,2944.897369983688,-416.0,2471.817030274788,141232.51770143997,5.245111809808517,1577576029.5194802,2402.9736842105262,8717.789052267426,9042.904869943182,964.5,27575.527268819376,528152.3929565576,11.41319783535867,13134803776.233767,130.79605263157896,5934.328272343196,5935.769507933725,1467.5,6314.6412615259105,195840.72138665192,16.9153377610944,5288587154.246753,1436.3618421052631,13154.111164709837,13232.300475540902,6690.5,23593.245544937326,447905.0940265909,12.808918385021714,26578643191.597404,shield
-2994.013605442177,2451.9943042026225,3869.934565004293,-1950.5,6427.1367378805235,91741.60503079488,5.169027966571763,3495476367.22973,-1781.748299319728,2179.8552496521147,2815.3855706749346,-1009.5,1045.6464478336977,117718.91327182467,7.817013189038848,1620824352.3108103,-1191.6326530612246,2378.826973493056,2660.6025914555266,-55.0,2344.333658274101,119505.4732835037,5.255991087844046,1240881425.5945945,2944.5646258503402,7816.2700319148325,8352.516869041274,2343.5,28514.475981406547,516414.09042483533,12.809668107802057,11452039803.18919,378.5442176870748,5734.472492309263,5746.953148390538,2684.5,8434.185269814549,178333.24661091267,14.459616916353198,4843155994.12162,1500.4421768707482,13424.19545879917,13507.788510417864,9601.0,27049.991406598958,423720.8228087411,12.888304826016137,26969152918.445942,shield
-3497.3121387283236,1314.3553490187765,3736.1373340912874,-2999.0,9618.519323662038,83065.52861395846,7.224521482530593,4504815789.229883,-1892.7976878612717,1675.7953265273295,2528.0373936284677,-909.0,6634.3747225170555,53580.899513345095,10.650258013942652,1715526177.793103,-1102.3121387283236,1809.4881963216058,2118.8061694772905,-826.0,2651.621881910705,82488.68199949448,5.130351295328815,981195025.310345,-635.0809248554913,5809.581745944826,5844.190948619889,2412.0,7714.938595085026,281922.5973175261,12.910606083926229,5944156656.103447,374.60115606936415,6397.271918325255,6408.230178693754,2538.0,10388.318240071154,274093.9120899234,13.27496845937024,7087624103.068964,42.3121387283237,5503.137498765143,5503.300159667729,2314.0,18399.843743686444,125767.90277413641,17.37609155922614,5209727779.4482765,final
-3590.5180722891564,1393.9439441932054,3851.61002010691,-2689.5,10012.06784737396,24826.593792292384,6.662020167277236,4547855488.928572,-2056.6927710843374,1895.4573872327524,2796.916849219115,-900.5,8907.170376662558,71319.9735472781,11.664987310617677,1976971879.7142856,-705.3855421686746,1618.5287929990232,1765.560595637394,-236.25,1184.9304832026482,72771.43479101373,8.133883362397093,592911006.261905,-611.277108433735,3759.386170778714,3808.758864031346,1327.0,6676.058899249137,197050.35693823785,14.822919603898685,2440748643.285714,339.8855421686747,7303.536518678501,7311.4408881865265,3370.75,12610.468478900524,304033.20404239744,12.359504849587209,8787302659.476192,82.03012048192771,6475.960904114761,6476.480415494912,2945.25,19023.827936603884,98257.41459059787,15.376188496127963,6881274418.738095,final
-3856.508474576271,1509.2011398208842,4141.297585892042,-3030.0,11417.59225421417,20676.348269465936,9.581693978781793,5636228486.966291,-1608.2429378531074,2255.292570687732,2769.9801310756134,-763.0,7353.135195549604,96841.40478499772,12.145770082871437,1805683044.3258424,-572.2655367231638,1783.1918416646913,1872.7682688204018,205.0,1373.2174122630722,88586.56665705703,11.870957080813486,674937338.1797752,-682.7118644067797,5460.314787962737,5502.829551553121,2332.0,10908.536798321375,392562.6297764189,22.662476096948147,5411684964.370787,550.1525423728814,7446.26374095725,7466.5595504070025,4379.0,19618.56650830002,253394.78826793586,23.743962872365525,9865498463.66292,-277.3672316384181,7700.909080215861,7705.902493734128,3421.0,15679.319900994344,164012.90373704067,17.42458685897001,10464918417.999998,final
-3876.413043478261,1457.8690087886462,4141.492500347524,-3303.0,11317.394277169516,22186.471054759757,9.386969019306225,5857201104.623656,-1744.8423913043478,1971.3128907413397,2632.5936799467654,-836.0,5897.07061156376,52294.68014365463,9.933568565828528,1815679976.7849462,-555.7336956521739,1755.724224951628,1841.5774473437757,75.25,1530.0664192812756,79601.38868476657,16.778215761555387,673564883.4946237,-1019.0054347826087,4798.665257694606,4905.666145542493,367.25,3389.9415430786626,217692.34233971447,27.502687066358636,4570487020.397849,-303.8695652173913,7455.28853393959,7461.478662902986,2906.0,21991.103772295864,297787.11071451963,25.030389243633643,10154202851.204302,-103.21195652173913,6892.505377903035,6893.278109317171,3052.75,11868.048597778154,412650.4181617586,18.29812203745986,8651190688.91398,final
-3786.171568627451,1465.3902126963203,4059.8600496259746,-3298.0,11342.912113377346,52787.343175976326,10.440846931289453,6225778465.932037,-1703.6568627450981,1992.7645812725777,2621.7470096012203,-892.0,6636.037058309411,85649.76992446576,12.11350654432495,1974943135.9029129,-702.5735294117648,1792.8062785578823,1925.5554826248624,-438.75,2415.9733840913136,81081.12691689987,13.95856481430126,848788042.7475727,-556.1323529411765,7865.966524829457,7885.6015980853035,1790.25,4611.255486929762,488424.28873796784,19.311245978941663,12624755018.553396,-184.97058823529412,6897.959853202239,6900.439424768683,3245.25,22757.935811418687,228143.09923501752,22.574877840823675,9626281723.126213,121.40196078431373,6716.652889237761,6717.749955944195,3824.0,8182.995929274418,288833.31106317014,21.56996422439833,9119743796.54369,final
-3739.0225988700563,1494.7954452760769,4026.748492031641,-3119.0,11737.15556224134,76627.72324007505,10.196522758740803,5314488475.47191,-1863.4915254237287,1889.0433208392226,2653.5043495975906,-1033.0,5948.761413703871,63397.54491045598,9.71680251089919,1850467801.41573,-830.1016949152543,1850.63202239492,2028.2770289619436,-520.0,2139.4397026846636,104590.89285404499,19.567840592300165,845350852.3146069,-1211.8135593220338,6040.9661941166505,6161.311926937066,596.0,1881.2349197583867,153776.28042917376,23.732855488136412,6939946708.685393,-347.090395480226,7831.196205122695,7838.884215611474,2847.0,25466.174740158862,214152.16066751067,22.607935660578388,10836415528.842695,214.6497175141243,7261.256872527483,7264.428805491626,2567.0,13740.37290177632,146361.26894135246,22.859090737102473,9296264795.685394,final
-3914.2631578947367,1378.5250935952886,4149.91415609094,-3336.0,10464.161924934924,76136.98771278381,7.874626395626006,5532540612.174419,-1913.923976608187,2122.192618223032,2857.762498367564,-687.0,7509.740949069456,71435.20101345025,10.52050590052201,2011153731.0581398,-1226.6023391812867,1808.6020787593866,2185.3134278125362,-1079.0,1809.9096771141285,95810.02614042537,11.60477242751627,1067661685.453488,-853.0409356725146,6668.040606980131,6722.383831221557,1353.5,2527.757155181951,310016.01390476193,17.143282732001783,7806347911.906979,109.83040935672514,8490.95327791469,8491.663575916658,3675.5,17412.779356628518,325719.75139228627,18.027807868167773,12260889515.639536,-97.43859649122807,7710.959911006773,7711.575521852831,4289.5,17050.227392631696,168717.1820806881,18.28849258364351,10111587324.279072,final
-3805.664804469274,1387.655769882664,4050.762044315218,-3189.0,10871.649452928383,37729.12352897446,8.712023093618948,5498904499.244444,-1765.2625698324023,1704.4839266466397,2453.8576561504224,-889.0,5843.57960907,83078.99754862317,10.262755240380189,1626538106.2777774,-856.5921787709498,1655.7210706666274,1864.1787533874012,-618.5,1883.348364207531,102234.73754428411,9.96135687413712,749209823.0333334,-661.7430167597765,6989.574395087473,7020.830011095037,2265.0,3704.607691746178,349419.34556055313,14.572150700882613,8852208777.500002,236.3631284916201,7639.500166236363,7643.155782687917,3490.5,18942.461374604063,400288.3394679352,17.88898163697947,10408643070.633331,213.56424581005587,6498.766663399588,6502.274819815158,3646.5,12644.89668929088,253881.76831770895,17.42408264846533,7534118518.4,final
-3745.396551724138,1525.3968461187499,4044.1106399078762,-3365.0,10618.634055670995,63542.18890076355,8.524153456064727,5226556770.704545,-2046.2183908045977,2328.4431749501905,3099.7834314414745,-852.5,8068.6262647417325,90623.47618224942,10.478817910580515,2373173033.5,-971.0,1784.3831671914868,2031.4685051352192,-762.75,1341.7242547928731,73733.94195244196,14.095187544717307,872142644.2045456,-722.5229885057471,5492.4848528390985,5539.80408747333,979.0,4079.86459957703,251793.1799367566,20.55596004096801,5369175872.204545,-477.7471264367816,7704.037349097215,7718.836297856267,1589.75,19610.933077952574,216795.76305030796,19.805311499838663,10289800829.56818,280.3333333333333,7976.465225059909,7981.3898704654075,2324.0,13505.06250648356,291528.3271633853,16.343758985280374,10971810994.590912,final
-4026.310344827586,1488.9066134872555,4292.786728519334,-3600.25,8757.811876002434,57612.00812593014,7.388895319585965,5958728473.386364,-2021.66091954023,2571.0289936470704,3270.6731661494573,-769.75,6078.0969250808175,85540.28061079835,6.718860211846814,2543257411.340909,-929.5862068965517,1857.7421350309953,2077.338767828165,-581.25,1762.9349395023196,120005.51788574236,17.961755524163607,891082088.4772727,-424.9080459770115,5185.965182741003,5203.343321763223,998.25,10224.232364332724,198124.8259531629,29.966290568045462,4693884035.431818,-197.44252873563218,8010.962325752636,8013.395094264453,2785.5,8603.808415008996,341388.8728673463,27.607638829451258,11061840063.113634,-162.19540229885058,8469.368253712337,8470.921199345277,2876.5,6966.708591841066,586536.0263437667,17.615537584627997,12348511695.431816,final
-3967.834394904459,1304.2203315436755,4176.685343498924,-3547.0,10819.051701805683,45171.89710368036,10.093501987426906,5177602051.291141,-1600.7579617834394,2357.329489821715,2849.4610676049215,-851.0,5927.822661763113,133044.82098928138,10.051778072613413,1666436897.443038,-1315.3312101910828,1323.8660976246567,1866.2040716231104,-1370.0,2175.322391776041,77257.41267549174,11.740759098758033,813231949.8860761,-237.11464968152868,6617.563960904675,6621.81063862128,1246.0,4097.893559187585,213813.03028592255,19.570449850645907,6849395397.784809,569.6687898089172,6450.233550690446,6475.3405615870915,2927.0,15670.74490815318,138891.52954221633,24.783989655990254,6591978469.215191,296.62420382165607,8034.119200641399,8039.593102166778,4712.0,18253.98619529287,167580.97144235898,18.94364008639941,10097204373.51899,final
-4099.846153846154,1125.5266447666233,4251.534865585218,-3664.5,12101.397098108455,14931.122638001043,7.742457035262927,4953811034.180556,-1497.6853146853148,2184.7777388343234,2648.8327750029957,-842.0,8328.965809309435,65475.35398460837,11.525577084375433,1314895746.0138888,-1433.4685314685314,1378.886744661844,1989.0099761727404,-1348.5,1862.884796129104,47404.57301260824,13.972677949854784,853602708.6805558,-38.31468531468531,7206.976842523185,7207.07868860721,1679.5,8107.440302496349,290733.5751862888,18.073756719005484,7376330794.333333,-259.6923076923077,7371.907944656274,7376.480654022001,1708.0,21770.027517173137,182440.41085083087,20.607897230066754,7736525117.291667,483.5244755244755,8730.540876581055,8743.920168670567,5132.5,20480.120900527098,156933.15519977373,18.525905421502937,10890503457.5,final
-3561.96449704142,1289.6221220475597,3788.2339283441815,-2718.0,9565.361741003928,33443.311156806645,6.976590371354118,4542594687.705883,-1887.98224852071,1908.6282768242665,2684.64874235392,-938.0,6481.123215838015,73358.82147624157,9.730715998870705,1809728424.835294,-830.1952662721893,1585.9775186558397,1790.1253782410006,-402.0,2177.4941818360185,63392.73238064609,8.202513784629792,654176776.9411764,-384.62721893491124,4336.93402017529,4353.956223126205,1172.0,5783.944382605162,295960.8131470069,19.028051702160905,3209731027.2000003,558.1301775147929,6342.588129796641,6367.097728108934,3177.0,9904.277958905697,297523.6953026001,16.931461719740057,6863282688.694119,35.57396449704142,5978.049520287906,5978.15536549231,3588.0,18077.38421298063,72447.45835147574,16.302252961014286,6004464222.576472,final
-3825.4186046511627,1439.9345589548407,4087.448964193158,-3228.75,8552.376078852763,37661.780969919426,7.288517134976144,5328701852.827587,-1877.8837209302326,2396.6769432278743,3044.7508337358054,-748.75,7531.291787640279,119262.79368755645,8.280215343297925,2175781617.1724133,-874.9418604651163,1664.3492677295496,1880.314267399481,-215.75,2439.453256920982,106829.1720607636,11.349263808973848,731286809.3103448,96.77906976744185,6676.214911475895,6676.916334099008,1388.5,9003.65897098388,284790.54235554737,18.253880002047417,7581652726.068967,54.0406976744186,6518.087026183513,6518.311044887853,2215.0,9376.774665491304,153702.6388492672,27.53241067849078,7228466572.356323,-23.976744186046513,8229.429526099642,8229.464454586478,4463.5,10852.040637286827,313174.02237622294,19.82275801650838,11516267452.436783,final
-4055.4964028776976,1624.2476614772756,4368.664731879564,-3682.0,11682.419649503943,35568.130940057614,7.517701556236021,4903708802.657144,-1267.2014388489208,1801.6928936873226,2202.7021518544384,-675.5,6234.224982157095,90065.2023251888,10.553954285845034,891208209.7857143,-1079.6906474820144,1341.4768402526051,1722.0023249677233,-1050.5,1550.6735920635997,53091.867537812985,15.613849893593926,570110805.7142857,-36.8705035971223,5609.0269406235475,5609.1481220124915,814.5,6614.825680241753,143949.55250216177,22.92024343778508,4342243230.400001,-48.719424460431654,6993.753916327102,6993.923607279424,2509.5,19576.64293808845,113575.3189051244,23.633637479218656,6750942468.514287,470.43884892086334,7504.6049470793705,7519.33561708095,1575.0,19836.90570613474,211570.86342855895,16.46382895899603,7833522915.799999,final
-3982.5882352941176,1649.2672269845727,4310.579014228657,-3556.0,11587.243900474678,26692.90626031089,7.8219137409685064,5235422924.454546,-1567.8496732026144,2061.4113376257665,2589.8975463623256,-740.0,7717.825516996691,53090.31728470759,11.436736891592728,1393249246.2337658,-932.40522875817,1940.5026282303095,2152.8887478883607,-867.0,1770.4369871066447,88605.35051681193,10.69379719004895,836690781.9220779,-102.34640522875817,5449.6630132912605,5450.623977591744,1558.0,6132.309170871436,196803.1310827086,19.762409192983494,4517599018.38961,270.6732026143791,7478.76157465854,7483.658107717282,2084.0,14851.628601040578,191877.4026617436,22.002177837903737,8524281349.155843,480.41830065359477,8532.840157787903,8546.35377818873,4484.0,18845.70045469142,187930.10297505886,15.813552151143346,11137662411.61039,final
-4097.361111111111,1517.8029425378456,4369.450062333042,-3685.25,7720.009736712976,57473.03656272254,5.573076448925712,5096015801.315068,-1705.736111111111,2519.10879023303,3042.2762494188096,-524.5,4650.847096321247,107161.82152204723,7.043305850468314,1727771664.136986,-1280.1041666666667,1104.7671054140148,1690.9101202376849,-1039.0,2417.8515104878356,39738.35970982157,10.815033995053424,638831100.7260273,-261.22222222222223,6723.655184046146,6728.727671955028,1026.0,22272.055770269497,160915.4783685989,18.44402243653757,6440092695.917809,-260.3888888888889,6078.85288327849,6084.427232698243,1645.25,2872.3599540280998,246476.45669229867,17.110614558006613,5267849540.191781,57.229166666666664,8023.3778290543205,8023.581928620021,1902.0,9851.481345774175,311708.04467872507,13.408363989385252,9143986575.575342,final
-3788.604938271605,1201.4981869769704,3974.5597582128435,-3417.5,10891.754330064956,49729.416607802974,8.452672572850974,4824900001.87805,-1640.648148148148,2016.010029223235,2599.2350382277123,-860.0,7112.127803466467,59358.61948777889,11.4383861081911,1511881031.0731707,-977.3333333333334,1561.7071578607752,1842.3109648911131,-782.75,1451.8974878686945,53704.20683470126,12.956627619449597,696016843.4634145,-627.4691358024692,6301.17270015634,6332.337239406967,1208.75,4409.340821443241,299029.0569715543,20.650387850870814,6480084957.487804,649.216049382716,6977.564182611183,7007.701720338457,2369.25,12668.956877611958,224918.78250588774,18.392579273457944,7925909982.536586,-125.80864197530865,7853.692728629494,7854.700331019857,2110.75,22456.599737612294,190791.77877412422,17.64663586098284,9876810664.219513,final
-3669.257894736842,1358.570813223564,3912.6932096232104,-2840.0,7650.018461359168,48992.18542123427,6.856439309063831,5409852919.874999,-2027.9473684210527,1929.037187540491,2798.8845992644997,-872.25,5009.97603566106,148586.02606153255,7.560683002535039,2246158973.9374995,-964.7157894736843,1462.187706023214,1751.7618108936108,-621.25,1879.477182575743,76498.1919474074,11.49814645977288,751960449.75,-438.9157894736842,4792.335668682822,4812.393191706071,1817.0,16444.09758612415,227757.69336813028,26.412295419759076,4391764170.812499,-45.00526315789474,7385.1457025126265,7385.282832840773,2633.0,5153.602887476586,389350.22478751425,24.48201913739714,10256658025.520834,-181.1578947368421,6658.558701030521,6661.022606018894,2589.25,6199.145620998779,413436.05975122045,15.910362213985618,8348515538.562499,final
-3617.3389830508477,1349.9375747463139,3861.019654704091,-3013.0,7672.923705635583,50696.2025970692,6.867225421467849,4926857342.123597,-2242.0677966101694,2005.229289602113,3007.958195932014,-954.0,5447.110031170117,106184.84019611179,6.578977734636612,2477222841.5393257,-866.3841807909605,1563.6972518179382,1787.6718502196638,-421.0,2046.7739096404177,88650.95853174196,10.581791340629739,694587196.6741573,-396.5875706214689,4437.192712615158,4454.880567428997,1567.0,17112.66113730635,87012.00837747825,21.70996389319606,3520683070.303371,-58.163841807909606,6894.109553269218,6894.354905643584,2914.0,4339.300311399805,311436.5341524946,16.43258481126523,8366517270.595504,-79.44632768361582,6730.462335736602,6730.931211337062,2661.0,6769.984896752955,326362.0556086645,13.478550530214708,7975121977.94382,final
-3628.390374331551,1182.4765964211797,3816.2111589409815,-3212.5,10355.517447931208,64303.715256499636,8.665224191903265,5157682776.180851,-1681.8181818181818,1878.541236038831,2521.3943706196605,-667.0,6269.323970626984,69508.96145129389,11.37969449949477,1708634067.6063826,-835.4919786096257,1389.6425861765092,1621.466423838731,-594.5,1983.48484837262,75600.9979740756,8.346201006325668,618876936.9255319,-392.28877005347596,5462.910305644872,5476.97722166443,2331.0,7842.279599747362,385493.7572075726,16.55644931961057,5608277992.19149,128.6149732620321,5929.844442629714,5931.239071655576,2604.0,14120.679387390419,245938.5740426091,18.56200056763956,6546669018.489361,-26.235294117647058,6179.43508383508,6179.490775621346,2985.5,19169.876018590778,237960.06028304476,17.755860383936707,7102946905.063829,final
-3657.603351955307,1361.5106850346879,3902.7904921604904,-2969.0,11057.304382639806,23895.701484311307,8.710452335131302,5092709734.788888,-2025.9106145251396,1778.6468062220727,2695.9039818453493,-913.0,7301.568572038697,98030.76246789108,10.908814567065086,2024316932.2888885,-966.1620111731844,1551.6593898212766,1827.8719577297388,-732.5,1333.7594972220609,88153.08886775753,9.697731008678984,760899864.4666666,-995.340782122905,5124.3583755395675,5220.129503519961,1820.5,4881.081685416747,312382.7612212575,17.628305858671304,5026957935.9,-219.50837988826817,8232.606258227244,8235.532146245534,2831.5,18106.11205531812,260858.67294629035,14.051828646870218,12081623979.233335,-54.46927374301676,6446.051699855681,6446.281829007666,2292.5,17233.68672644042,215875.3645185221,17.36045771945353,7397468780.188889,final
-3678.5459459459457,1578.2303566652686,4002.812927821526,-2832.0,8108.7738748051825,133748.7343585584,8.979399342751954,5438133830.139785,-1993.3081081081082,2167.2584443321134,2944.535002063718,-871.0,5645.454385472127,171954.6942880931,11.612044502513225,2326483677.1182804,-497.77837837837836,1802.4440942914202,1869.9165829060469,13.0,2049.723424424422,130280.91521276429,19.21985434106566,688984457.7741935,-319.3243243243243,4608.390019941326,4619.440074294719,1859.0,10293.92006035964,217382.1827169575,29.59937544099446,3945295086.0752697,13.421621621621622,5996.138074746478,5996.153096056783,2786.0,6630.114854205008,399614.50556024903,19.175348563136115,6615735206.043011,-4.102702702702703,7126.235419133416,7126.236600133417,2884.0,4566.4160120848555,372366.1316344115,17.283324928243676,9344393772.344086,final
-3558.984455958549,1537.8055708871805,3877.011262764943,-2575.0,7962.084708900825,58040.464367806686,6.936724105785413,5318079415.422681,-2029.2538860103627,1955.6737446837908,2818.249657062638,-918.0,6223.553581159921,146053.41978839893,7.709096625745617,2315659440.0000005,-659.098445595855,1559.1535619324684,1692.7405562204667,-343.0,1636.54276592919,110665.2403971279,13.59353877393041,633575028.7010312,-443.559585492228,5385.590572185784,5403.825581668828,914.0,23732.66994467735,235677.0742912824,26.21519255292513,5644582132.886598,-28.093264248704664,6192.013896538729,6192.077626001217,1801.0,7215.6175195883225,447943.9640818338,17.82514401768797,7361979637.463919,-202.20725388601036,6645.289566945027,6648.365302995357,2800.0,10702.165726046062,288138.9950957448,16.359971482407254,8494624653.051548,final
-3582.584699453552,1515.9944317651507,3890.1352477647406,-2727.0,7366.3329126868975,52373.55247118649,5.108877533740749,5090339898.543477,-2165.4754098360654,2114.793304164896,3026.8192000754448,-813.5,5207.152998590286,140899.2914899735,6.367650519976402,2520942392.8695655,-785.6994535519126,1584.1228709691588,1768.267203122691,-358.0,2655.2595574126203,110258.09997500714,8.625804525830395,681445189.3260868,-747.775956284153,5507.85153129494,5558.380822828236,1551.0,11245.061356357366,280807.4412421031,22.588717624053714,5724938407.75,-401.08743169398906,6789.285108716356,6801.122217347704,2914.0,3888.2466099456174,275759.3908507774,18.63306750996385,8447988748.456522,10.748633879781421,7639.033597805404,7639.041159826936,3087.5,6722.070900290865,428574.0543722171,17.661646302357262,10620939045.282608,final
-4041.721212121212,2168.4413885578397,4586.68163404887,-3579.0,9683.247105981063,103846.7906644309,5.306080833814714,6129423177.566264,-974.8303030303031,2762.2072456954847,2929.1778689384482,-453.0,6745.464828852886,83323.80896993438,8.926902808914388,1563039257.5542169,-1880.2363636363636,2012.397442192857,2754.093725435801,-896.0,1945.9367421568961,137976.1942172213,6.6590061704850525,1823799639.0722892,1024.1818181818182,9895.870401807331,9948.728532132163,5275.0,8872.432213723341,532176.2304587602,13.744281804018012,16404890806.807232,-1483.9939393939394,11884.76639588729,11977.057664425338,2679.0,13260.184282737238,524304.3444814011,23.59964175719726,23887829745.277107,-2144.6060606060605,10912.24641966995,11120.991730901875,1103.0,32134.551703908517,432196.622627415,13.546700326812195,21038002672.108433,grenade
-3555.2045454545455,2079.366695868824,4118.646041590499,-2898.0,9475.999753225839,37184.850494839564,5.260023007509404,5151547476.966292,-1015.3522727272727,2554.651357371903,2749.033247426183,-650.75,6388.948296614482,44383.09977625611,8.652068997383784,1494536155.550562,-1668.6931818181818,2115.3674721490447,2694.3118745373054,-627.75,1740.5120202027608,169130.79296203647,6.543430637088503,1747859094.516854,795.1136363636364,9479.047417416596,9512.336497221051,4550.25,9969.318650009563,606509.8671277092,13.794591647455896,15856499508.966291,-1604.3920454545455,10830.354719582465,10948.545893747718,1930.25,14616.793528298884,255992.83426583916,26.110360935770164,21308309751.292133,-1461.0795454545455,9499.755007273501,9611.456634473447,2124.5,29750.870371295725,292615.8008286075,14.385413484553935,16447961889.101124,grenade
-4789.901840490797,2684.378810400401,5490.8149886208885,-3635.5,11911.957725218695,83012.63830523149,5.187040952213259,8601261571.670729,-1079.4907975460123,1893.215599220025,2179.3498312837623,-639.0,5792.445522751917,52960.3634262804,8.218802826928407,958244369.4512197,-2475.60736196319,2874.1766266912327,3793.3524871839345,-807.5,2135.353335423459,192304.55621651575,6.0675550024989375,3324066204.9268293,1630.6687116564417,9158.487963622521,9302.525583248555,4941.0,13586.523193607854,537567.3182968927,11.404938973217288,14450306031.64634,-4191.9754601227,12790.925878674836,13460.32849123767,1788.5,18502.45099741763,525750.0720152629,21.244648648225414,32199214327.902447,-930.1288343558282,7050.905373834177,7111.9903149022775,1270.5,20644.07298047318,188787.77482510955,13.437292065183694,8334492126.170729,grenade
-4494.239263803681,2323.5441377195198,5059.352124555613,-3501.5,12458.511466260377,100308.16989188512,6.697487064450039,7419106577.060976,-1217.8220858895706,1778.763035840278,2155.7106880451624,-446.0,6344.189864505703,41414.399196473445,8.34526066187937,993126410.0975608,-1702.79754601227,3041.670279278597,3485.8682663795757,230.0,1170.2943487193995,167383.102637303,7.02020516492207,2438320895.7804885,706.9018404907976,9058.752267319791,9086.29202990751,2049.5,11686.391417266135,507085.09765673825,12.52895248762873,13456293382.439024,-4583.226993865031,12347.376765837897,13170.561213359384,1789.5,30380.012127829043,299348.0075299253,21.203508339166877,31505269471.60975,-1154.159509202454,5237.608078070064,5363.266034064247,810.0,25191.21733534029,173681.8456101556,17.223704429815577,4875850005.926828,grenade
-4563.301204819277,2572.6332730236595,5238.526495434903,-3625.75,13599.549006699554,106916.61154094688,7.1273227412441535,7916778247.761904,-1069.144578313253,2091.249117313233,2348.7002788776604,-759.0,8085.027986673288,51580.76479798431,11.696726896946824,1092338851.8809524,-2172.144578313253,3245.916820128559,3905.6610288514744,-421.25,1898.4225854949912,179639.20640981698,7.030209148196917,3275958249.952381,1218.578313253012,9825.667436320458,9900.943069965548,5121.0,25829.423265502148,499932.3745196155,12.863288794663314,16322727933.547623,-2953.9156626506024,14009.013006438889,14317.05497498094,3621.75,27366.183977163917,428735.38886994455,21.799169003656623,35081512034.64285,-1585.7951807228915,5136.754018795851,5375.963932618901,1003.25,19423.8439287618,182932.14512091092,16.941539495560225,5153171053.52381,grenade
-4528.465838509317,2537.075141511917,5190.737242841676,-3514.0,13477.235428326185,119267.85771559214,6.665871375648204,7592413861.864198,-1489.9875776397516,1808.8821982923878,2343.5267843188553,-726.0,10057.10011954652,62326.739639003266,12.2337052236561,1233996529.308642,-2350.7888198757764,3027.014365315321,3832.6262593003066,-995.0,2261.217190404187,159933.11247754048,5.755173204664797,3234561924.444444,1108.9937888198758,10713.772999366236,10771.016623587118,4229.0,34207.20583380498,625268.5406161795,12.414879473692197,18759870345.18518,-3689.273291925466,13736.458404659888,14223.256551348071,1222.0,28371.820959667944,570147.9593909895,21.773729722553004,34547215084.34568,-957.4596273291926,5463.124570651579,5546.39153075424,1791.0,15591.451843454292,154403.46528381773,14.909173350284332,5068865622.604938,grenade
-3998.0506329113923,2641.4588719341914,4791.83825222044,-3667.25,13308.135486550424,133374.6093738602,8.051943759789287,6076607544.7,-683.2658227848101,1776.7986800961473,1903.6453803629538,-89.0,6259.343470197525,41196.29758579166,11.58386435227135,638275932.3000002,-2160.9493670886077,2151.505151087914,3049.3731457921776,-1023.75,2713.104414705155,113200.89544557371,5.077841702278899,2179417628.4,1427.4177215189873,9104.375343488919,9215.593944333456,4457.75,33070.01310114798,467273.3627029127,13.855262663440984,13569315216.325,-4220.278481012659,13201.861131680254,13860.010382300165,1226.0,32802.09253329739,617826.5788985831,20.400596099711073,32751308394.6,-869.7341772151899,4443.096761052186,4527.421602533677,578.5,8192.775817209795,159467.59995097722,14.419795083344727,3316254546.175,grenade
-5149.5,3176.9053428914604,6050.6262326880105,-3624.0,17423.181923477583,140599.8393362087,7.952155318159482,9723285684.253164,-1105.448717948718,2119.2303552592393,2390.220526785482,-646.0,7476.3767140844475,111732.24006630036,9.811613641433826,1068212419.6202533,-2797.698717948718,3109.5714838342724,4182.8881086501915,-1212.5,2310.537217658166,196387.23385971138,6.3412210927023205,3900492763.126582,210.84615384615384,10692.892569458107,10694.971136125805,4322.0,17210.663708217016,475378.21319412295,26.654518968739662,17652041675.41772,-4678.166666666667,13983.16916356366,14744.974168100422,500.75,42932.3796657837,382943.44404949597,21.894494698755263,36860291605.341774,-1329.3076923076924,8642.320462088179,8743.955735835836,625.75,18246.44576883082,492245.9501135744,31.93733671114329,12085296831.873417,grenade
-5527.631944444444,3215.267732818182,6394.737016245816,-3665.0,14134.69028677905,161534.24167397234,5.063634841057589,10147494146.369864,-1561.3472222222222,1955.6350003098044,2502.4614687898347,-701.5,8426.896915721718,83456.82298519595,7.953615074418088,1235662042.9863017,-2862.375,3670.1416788331667,4654.366829476737,-978.75,1906.0216054748355,213444.93224811586,5.37617969608732,4240428866.8767114,758.1666666666666,10826.491918617447,10853.006217557111,3418.0,16977.05095230547,484898.7285830912,11.016581668203594,16810784263.917809,-4856.097222222223,14422.46082520028,15218.050351017739,1704.75,25700.184347274233,433996.37956902967,17.61444821024678,36269487114.76712,-1317.2777777777778,6958.187283341957,7081.778802948373,717.75,22701.12067877794,183470.84881416787,13.894435191247464,7369720657.753423,grenade
-4578.3836477987425,3069.685604123047,5512.219746580427,-3548.0,12273.207634117745,73833.95680693563,5.691047446521924,8113014724.5625,-1072.8364779874214,1732.5678723732726,2037.8345224479103,-441.5,6653.034469011064,48167.48206204604,9.479502333535148,838025277.0250001,-2536.7044025157234,2630.511389536978,3654.37537702771,-1215.0,1967.0995411632803,175223.20051484695,5.728129550802239,3126837605.5750003,921.9811320754717,9054.81388524907,9101.631925341879,2660.5,18616.27802854423,549192.2943929745,10.603640874690488,13223504021.1,-5088.163522012579,13643.89213354741,14561.771890076301,1161.0,25077.595717166347,558001.6880608241,21.47408910228174,37595155250.95,-840.0943396226415,6239.732782127605,6296.032376967569,490.0,18717.267823081573,184444.79782609473,15.621265402424523,6374885747.3625,grenade
-4252.385542168675,3120.421601617186,5274.449143852307,-3573.25,11391.58890589947,128233.96169703906,5.788635324009914,7529123077.357142,-785.0481927710844,2377.4389121089916,2503.7005503420596,400.0,6753.050192984416,78130.18912845568,8.708214250405604,1129285966.5952377,-1990.5240963855422,2412.914454571901,3127.993341324993,-335.5,1353.8625335249815,168089.94058539774,7.899143760019284,2254758381.333333,1197.9156626506024,9025.966899051133,9105.112871216388,3525.5,13721.613064812802,545152.4973637122,13.789878234583188,13833454154.02381,-3223.60843373494,11504.390054033745,11947.495212361358,1283.0,20721.80852831406,469319.7485365294,21.9915093448694,25117936940.404762,-2590.6626506024095,8137.901643747226,8540.314756057303,1066.25,31281.794547198766,321535.6563909326,14.586879508427609,13064642807.285715,grenade
-5224.364197530864,2923.339904034536,5986.643255027225,-3619.75,14033.495820946475,130687.81893935407,6.601022959030343,10102965486.02439,-1074.641975308642,1923.126401401878,2203.0139651995396,-244.25,6035.95739948159,59263.97989824958,10.860176647415713,961453003.6585368,-2705.6604938271603,3432.38063402565,4370.564668860462,-1191.5,2208.941393779492,216521.66042560994,6.528568279008187,4228239099.02439,1196.4814814814815,11152.173467630702,11216.173188198118,8163.25,18951.70722695771,476568.2187457468,15.128474089565447,20360871549.878048,-4708.074074074074,15590.626600128568,16285.993960197975,1352.0,28832.00324108173,672875.1528371169,20.355128956217268,45992627412.14633,-210.46913580246914,6692.04287874956,6695.35175686447,1077.25,14115.212148306635,241738.75121304678,16.937157193326556,7181063704.878047,grenade
-3549.027932960894,2276.0062380994905,4216.136106057828,-3205.5,9461.311919308086,84680.16179668355,5.7042672207277345,5406278452.222223,-1007.5698324022346,2593.938221415476,2782.7526774198154,316.5,7491.333779869913,85156.24467405464,9.614618204669386,1559134539.2999997,-1634.0111731843576,2105.355949917451,2665.0546316997206,-644.5,1700.0130034462677,130105.21446478514,7.306218673047687,1739560841.0333333,780.8938547486033,9730.173263479768,9761.458238896515,4234.0,13835.482412561707,645695.5824304892,13.198878343123438,17069996219.644442,-1717.3687150837989,11115.98466843875,11247.86515088592,2571.0,14465.168920765282,408257.6746207836,24.27943661201281,23045280228.05556,-1652.1787709497207,8466.721595245286,8626.416942309816,2037.5,28534.3981398376,317289.25787457667,15.799260866358624,13732196565.78889,grenade
-4655.93125,2372.6524321997604,5225.626791950416,-3629.5,11377.533344257132,105942.05366038594,5.244579881249635,7740822446.925926,-1000.33125,2599.2851991506122,2785.1294684897503,-168.5,6396.794329105842,98228.06401964929,7.606959387970268,1383922726.1358025,-2538.075,2798.120544557543,3777.7378531999807,-1046.75,2137.6045111866706,190981.71201947736,5.708184526194257,3273190287.5308642,1921.38125,11263.084724483717,11425.794651522056,5933.25,11128.340999166425,593139.320836694,12.431627673140905,21213787856.308636,-3542.3375,11597.193419038667,12126.1308817982,1966.75,16093.667782881104,517499.48506235244,23.797978261304323,25248891647.65432,-3166.55625,9037.96108073253,9576.6287899892,583.5,36123.087171979765,351478.14726672845,11.97421073132692,16077553893.493824,grenade
-4305.8456790123455,3192.805346769181,5360.439626917475,-3570.0,13925.070678134716,65292.60695565831,7.2785984992583606,7565120662.804879,-851.0679012345679,2047.2335809319843,2217.088610634994,-266.5,5686.420915206275,67983.94261172289,9.705953482911205,902513817.4878047,-2591.0555555555557,2453.0282022657443,3568.0409545136135,-1286.0,1523.1504479182843,173405.96239128467,6.56792356502487,3111602519.439025,1371.0061728395062,9281.009952956385,9381.727115666896,5770.0,25876.33003739928,497502.1557413385,14.212751823814305,14386484277.560978,-4645.086419753086,12063.920786099035,12927.297187743729,571.75,32403.50746567687,491196.560035541,20.950428347830336,30218067635.80488,-447.9259259259259,5900.337980019759,5917.315769297786,1273.25,8540.18467371399,292455.3591429207,12.609217308125734,5635419447.609756,grenade
-4095.9681528662422,3851.7349212328145,5622.527635569153,-3578.0,9990.743308019415,216140.1495086643,4.837273169588818,7549110715.417722,-1133.8216560509554,2108.9507322655436,2394.415322965818,18.0,6703.204147263196,27978.50406788877,7.841482800323074,1094973523.341772,-2239.923566878981,2437.2590785171014,3310.2098726929516,-936.0,2072.654699370998,147493.60305171946,5.7612524557174485,2492161635.9240513,1586.2611464968154,9694.473219738948,9823.392256910085,3871.0,13409.406582774285,576773.6164106262,12.730904971534965,15447007216.708864,-4100.6942675159235,10610.744557258642,11375.570031213023,837.0,18782.02655100772,261579.10991659827,24.78997175533935,22811134212.189873,-1820.1974522292994,7235.8659533445325,7461.291768847577,698.0,26619.017038866496,166610.64605373493,12.448983240146651,9201876321.911388,grenade
-4919.906832298137,3183.469359870269,5860.030751090535,-3580.0,15324.875580903383,113842.91108221648,6.923227705599647,9367632374.382715,-1180.0310559006211,2296.014828393587,2581.5029314515928,-258.0,8950.498968035297,74740.74214937113,10.989754899164703,1289110640.7654324,-2670.8260869565215,2878.9380322189527,3927.0340182030795,-1327.0,2347.2707189887146,195841.31792951885,6.55469242678605,3608924534.5308642,1495.8012422360248,11157.153316235555,11256.9752366371,5052.0,26887.918914626684,569583.6280789544,15.477706869932266,20633902083.851845,-4117.894409937888,13303.005833970923,13925.768150808131,351.0,34609.15163984866,537848.9648132694,22.441648711873967,33742753427.37037,-1727.7950310559006,8455.36417345899,8630.090322537493,1065.0,21451.03587692302,355825.8913243302,12.21421771961964,12394675714.320988,grenade
-4523.9553072625695,4062.343695415066,6080.198016659302,-3470.0,14625.24824529628,183015.62195452093,7.885934233204799,10223745442.03333,-654.7988826815642,2283.90633798086,2375.918714398741,413.0,7487.390278157699,45908.66006997789,12.860069274763996,1081161476.988889,-2435.1620111731845,2724.1805392858764,3653.925783494366,-1212.5,1248.992868425525,166741.18620264274,8.859694592991458,3432158519.7555547,735.5195530726257,8565.721395874405,8597.24211853387,4132.0,26378.56563341468,486077.75357018923,19.49871564047372,13253147499.155552,-4666.346368715083,12847.735723061774,13668.910038567747,999.0,42886.365865922366,334980.3423131565,22.254907018194007,37134431399.45556,-1147.63687150838,8081.587097778238,8162.66625606004,1221.5,12968.832643826086,272667.199719477,18.870660950641245,12094799440.644447,grenade
-3733.6666666666665,2492.390470599763,4489.128761320429,-3126.5,9551.968553896451,98516.53642648464,5.8110641182928395,5660165162.917647,-1042.1607142857142,2777.628464155205,2966.701676826592,344.25,8122.20480622396,83635.06138506332,8.784246276861015,1641555380.5294118,-1624.5535714285713,2441.3801491870104,2932.492342579212,-609.0,1937.5618840041136,109867.92326411982,7.472359724109981,1865894240.529412,989.2440476190476,9518.19952618155,9569.468428598968,1024.25,13986.929781370474,633466.5972484351,15.526090322552534,15367096027.776474,-448.7142857142857,11482.950146766696,11491.713909740936,2530.75,10745.552803922754,545910.6107063472,26.236443221718545,21990894273.97647,-1804.9464285714287,10220.56734590258,10378.719982837134,1903.0,36208.88625547033,352731.5136127508,15.50928769312954,18425714011.305885,grenade
-4812.263803680981,3055.90886710112,5700.566806927658,-3554.5,13719.062875881402,161783.01339332983,5.658999167978827,9016343219.268291,-849.8650306748466,3002.765967266833,3120.7169087470716,253.5,8259.350557400414,76181.30765711935,9.029868719090453,1694769211.8414633,-2466.8282208588957,2716.3543675755063,3669.3081802258575,-1038.5,2051.6827830560287,101569.44297074113,6.396035984103211,3167067568.426829,1386.6073619631902,10044.60141937231,10139.856885099845,4751.0,13928.03665638478,531746.7055809672,12.90819823869477,16968417830.243902,-2764.3680981595094,11986.040586114683,12300.686969194461,1706.0,21099.28311507295,462511.50431098865,23.515981591239754,25750647404.15854,-2509.9815950920247,11455.768324631776,11727.516169903047,2064.0,44537.98865518042,485252.40419525566,12.960136365885626,23302089226.439026,grenade
-4758.55421686747,2543.224076815068,5395.5376877341,-3579.5,11232.557145665212,90324.91460120368,4.905717030565465,8489164661.238095,-1118.2650602409637,2159.0219705927275,2431.4383838497392,-418.75,6507.596331269177,56483.18120917993,8.51292466377332,1174812256.0238094,-2311.343373493976,2821.4252352309923,3647.2933180912078,-692.5,2291.5656528959257,198216.94681470998,5.74649554976279,3058236521.02381,1176.0843373493976,9501.633089442108,9574.142558732858,3736.75,12970.696946863847,570493.6101624125,12.780426692033357,15262259049.452381,-4462.566265060241,13262.353559772268,13993.016816057137,2130.5,18810.588208529683,490714.78465373843,22.69410344586154,35383507611.26191,-1357.4819277108434,9444.828837398043,9541.883930954475,1136.5,27697.90657242276,323642.5667928844,14.073823776367716,15236960568.33333,grenade
-4414.549382716049,2568.264233580196,5107.27201409186,-3449.5,13424.910666331387,81300.26724952861,7.391969541089395,7292729907.560976,-848.679012345679,2418.470881185003,2563.056275062216,168.25,7750.381659578812,45235.326919276646,11.106962291763239,1166524642.4390244,-2307.8086419753085,2507.07617452354,3407.5521526220996,-586.25,2041.5457192916692,167893.81933962423,6.610548292033608,2710402297.5121956,1416.7469135802469,9590.811257870495,9694.886920497554,5199.5,32252.492578217898,628105.7243315999,15.219184926057109,15362931883.73171,-4152.308641975309,13096.814190549441,13739.294341413608,2472.75,29060.170744052677,533988.3035627131,20.46051251994463,32984720068.951218,-1444.5061728395062,8264.107289175216,8389.402086583428,595.5,13580.059133765151,264595.46762838284,14.109883133195748,11596945630.512192,grenade
-4463.3448275862065,2602.9930598447017,5166.915900180709,-3586.5,14278.95270460138,116083.73446183185,7.860255275201482,8019460933.931821,-999.1666666666666,2218.725820223326,2433.3265898977575,-598.25,8117.502153323577,80820.89550187292,11.645529110792458,1190312234.0227275,-1995.867816091954,2732.539347772529,3383.823226239335,-677.0,859.3712855056835,157030.9519878305,8.330299366280341,2654957914.6590905,622.8735632183908,9464.5860700966,9485.059881414718,5594.0,36313.63140444491,541742.0489218546,16.128361877651848,15543214845.840906,-3377.5114942528735,14096.084237690791,14495.074153997457,1622.75,33208.84737253408,528947.3407476535,21.676207592649572,38129462765.568184,-309.1264367816092,6652.78491647921,6659.962935246004,1036.75,1041.6069413875177,343828.5575413578,16.32960411957637,7646567170.477273,grenade
-3812.6582278481014,2755.3975632008282,4704.102304762396,-3601.25,9941.146231048717,70894.31941456582,4.834301814510215,5720654668.7,-882.6898734177215,2106.2335689233228,2283.7165453474454,-112.5,5425.160285084149,62141.17042928061,7.203835458249728,935295823.225,-1692.5,1676.297286215113,2382.1269575260158,-710.25,1585.879474186617,112872.03460592237,6.8607086944354965,1332312022.6999998,759.9746835443038,8070.71753429312,8106.419865635797,3521.0,9230.580498284264,463718.6240687722,13.008285368575917,10343172701.2,-3673.03164556962,12170.78928377851,12712.956904650218,1271.5,19115.33941697523,476296.9046662662,22.064149841463383,27344601026.375,-2123.1329113924053,7145.14878808367,7453.914713980241,587.5,25753.38037894552,281878.7577775122,14.090169179146317,9372329876.650002,grenade
-4405.329032258064,2668.5117783312503,5150.522205907706,-3639.0,11256.433519965996,138600.81779009677,4.977232861320234,7074254096.769231,-1267.5935483870967,1875.545218611151,2263.727737818252,-744.5,6287.617687820164,39588.20701140809,7.126831961939675,1036656677.0128204,-1992.348387096774,2141.6047061341897,2925.050907745577,-967.5,1670.8827322530499,141122.59686001926,6.272771635217089,1928988026.7692308,693.0774193548388,9716.478486959904,9741.16576682556,3899.5,12386.336466377566,428798.9029293153,12.584872240864547,14687694038.55128,-5045.8,12803.777415102306,13762.15149369763,1059.5,27461.052246746505,465357.4164540643,20.926919900154953,33089341639.71795,-2030.2129032258065,5871.603413463378,6212.6879108337125,716.5,28398.757952480257,246981.0242678826,14.25209173119365,6579039189.897436,grenade
-3553.42,465.0573336697315,3583.7232063874576,-3415.0,7060.407229856572,32752.297515962273,2.2266152290245205,5043537849.287128,-1544.61,546.5578449716004,1638.4582783824553,-1174.5,4049.7930430569577,43641.14691708117,8.17017200556282,1004034558.8514853,-370.01,463.8690546910841,593.3648961642406,-45.5,1267.8751643862213,17371.62308155657,12.779036671958576,96830714.49504949,161.555,2870.6211761524714,2875.1636396907916,2072.75,11645.696850306864,116412.35187511498,20.380331502914085,1642213797.0792081,5.55,1342.6909947936642,1342.7024651798326,988.0,4054.8314080497703,65915.72200889672,21.56855848321963,357032727.2277228,20.29,2376.893621073522,2376.9802207843463,1071.5,422.44376123812424,138355.31474831936,10.321150815829549,1118901477.663366,idle
-3756.495,213.87870388376678,3762.578741368744,-3665.75,7437.8271935608345,12756.091728564763,2.0917651863187037,5597674116.643563,-1182.435,255.12539225839518,1209.6451938481796,-1054.75,1936.03327282003,13244.77151258911,6.853556336042639,566613025.7128712,-550.925,237.16559483829016,599.804864101651,-380.0,577.1616977198585,23688.010591630788,9.226612652582308,131343759.65346535,146.55,2735.1739720719775,2739.097216237496,2417.75,8088.566042637566,145378.03162858612,16.779534847201283,1489966528.3366334,-17.485,1267.180310679976,1267.300937031138,820.5,5064.676711424437,14140.6479956921,17.17139380836366,318104828.80198014,116.805,2544.539800627021,2547.219308383163,1610.25,6612.866919580291,232372.3311500379,14.962825438470936,1287540921.8316834,idle
-1880.165,921.9326644473554,2094.03444694685,-1290.25,6434.576927653366,23568.767434555724,11.84121644357969,1568322583.7326736,-3253.125,820.9588536431044,3355.1148571993776,-2733.75,4878.250397178815,39560.20651653688,7.70668646386204,4324678923.891089,-1422.25,706.2146610627678,1587.9339438402342,-816.25,2751.879543358747,58863.96444857068,12.110458245554817,899872133.1683168,-516.595,5109.879713943861,5135.926506970286,1859.0,6055.664572627595,215150.86062815535,16.19906000398629,5276173987.534653,-102.45,3277.0477243244413,3278.6487750291276,2054.0,3346.0504895802483,121283.81365217289,24.229739093922333,2131092418.4950495,-941.375,5797.948050334273,5873.873380061917,2356.5,9248.04099199257,297265.8646802924,15.439799966597212,7007786324.485151,idle
-2216.865,606.2625724675737,2298.2699438925792,-1908.5,3562.7303908591944,37175.68616146746,10.183827090871647,2019119308.999999,-3171.75,811.7123366686009,3273.9693004058545,-2992.5,5967.151714751352,51239.66332833295,7.857834161273283,4114628336.6534657,-96.96,867.2089646676861,872.6125314250306,430.75,4444.900031698649,35305.415541929564,19.48240911529277,152652748.91089112,731.56,3562.52077838151,3636.8577549857514,1815.5,1165.1004070342562,202260.64366676248,16.465939122215367,2725131587.2673273,294.795,2647.016073425887,2663.380968806378,1632.25,2247.6767632737806,174637.20193776608,16.631522742186302,1421881659.9306927,465.8,3695.468475038043,3724.7089671543467,2244.75,8701.183405911015,134070.06806931016,21.34830984105075,2790203352.5544553,idle
-1998.13,708.2016683826719,2119.922899541396,-1492.25,4951.080693801422,22106.025141130627,7.758381682625914,1680515505.940594,-3324.19,1044.4443900466888,3484.4085925734944,-2989.25,6003.563294719854,38783.92876841236,6.975808208190166,4592345607.960396,63.76,664.3912871192698,667.4437204738689,324.75,1659.2697754692679,49166.384114369175,17.580247306136542,89024070.83168317,391.185,4954.058788586889,4969.479266985626,1592.0,2338.394832207192,171126.59114717282,16.56793350773999,4920577001.435643,-598.745,3868.861292418611,3914.918041926293,1092.75,3334.5119059541516,192626.68470035648,15.5033597168906,3105957306.1485143,-142.155,4784.321047021719,4786.43248411591,1407.5,2897.633979059638,266867.59841717925,16.57736546507951,4540623685.079208,idle
-2006.44,719.3189601282592,2131.4833426513096,-1337.75,4116.591096109039,21468.900212948367,8.728225605738777,1696839116.0594065,-3165.635,935.0185141348805,3300.833921147806,-2656.5,5579.597642756554,51466.7593129013,7.818670461221871,4141930769.079207,564.67,714.7987206899576,910.9277797937661,872.25,3594.4194502525293,112934.0,14.036247670389969,227457691.58415842,-203.755,4919.500951821739,4923.718687638439,1235.0,1244.577271685747,209235.7483397294,18.794475854865137,4808855597.237624,842.845,3286.369630911137,3392.7294388147134,2270.75,6530.871260573463,168569.0,18.580508654877786,2420003243.772277,217.74,3656.516609069348,3662.9939148188605,953.0,2998.548179037334,232463.4199561709,18.183920691422518,2666324487.5247526,idle
-3430.845,364.8128574694154,3450.1863478658656,-3041.5,6346.344614308507,28678.812234504847,2.804895093712264,4688016643.574257,-1735.52,584.8481337920126,1831.4139373718874,-1171.0,4851.025408385092,7928.254494272113,8.25787199451636,1260617406.5148516,91.825,185.20608622558817,206.7199192143805,216.0,442.0637726584316,18365.0,14.491493982122023,10131952.445544554,-318.205,1549.0457556105307,1581.390898860873,1015.5,2122.6686273984055,87898.68368720466,14.781593759400206,515272234.66336644,-115.37,1109.473412525059,1115.4557319768453,709.5,933.500969716731,51391.81402442975,15.35018867492054,249023805.32673267,331.225,2090.5211992168365,2116.5984231780953,1547.25,1416.8021113604805,133887.29926598837,9.726703347117121,908852344.1287125,idle
-2942.53,661.6269485896112,3015.996190315896,-2393.0,6291.026960681553,17841.96852761995,4.469545541851747,3515785332.633663,-2167.285,1197.57428319708,2476.1479024888636,-1583.0,3669.1474303114155,72187.03856491268,8.563493035718398,2144244774.3069303,716.32,962.138704969299,1199.5104126267515,1450.5,946.4727004162075,143264.0,10.176087509568351,386522862.57425743,-83.41,4596.694260215704,4597.450962218086,738.25,2390.302620652003,238350.03481452077,16.445606485930007,4186834257.544554,113.74,5091.570792240838,5092.841046017439,2139.5,1307.922362230665,186876.18221803627,15.699004794002455,5138637081.287128,-108.21,4664.709904795795,4665.964841273453,1372.25,3307.437108951461,243256.7270917512,17.370446381657047,4313504324.0,idle
-3573.535,146.16575787440777,3576.523007754878,-3472.75,7020.294810688559,8191.420209474629,1.679275561645896,5061716677.475248,-1506.66,306.86496117999525,1537.592423238356,-1211.5,3055.7098961688034,24990.48384896304,3.516960648139348,917666343.861386,-827.38,308.27149657404266,882.9433617169336,-566.75,1936.0517112695568,10362.596932370943,13.784595306987585,289931980.990099,-98.835,1618.1637796511823,1621.1793161152777,911.0,561.9881743563046,31894.577860227833,16.175376305549886,522375246.82178223,291.665,989.196554166562,1031.2993236689335,988.0,1561.992596192162,70917.02009461186,19.075611476780132,227459358.26732674,-73.35,1184.409455171648,1186.6785495659724,494.0,2267.2111248533797,36856.45540582626,19.516779951104304,279935149.8217822,idle
-3475.715,439.9211563166745,3503.444788347606,-3244.5,6835.9857498568535,14278.363553890864,5.6055275026032,4822716921.633663,-1207.87,1148.898173512344,1667.0083833022557,-897.5,5275.816462062906,95577.4674171433,14.682471178352344,839182299.3663365,-852.185,637.0072768618895,1063.9537325466742,-464.0,3704.617143085936,28599.76984055843,14.016223950907248,367967244.64356434,211.865,3725.6258449789348,3731.645041399302,1991.0,2254.596820353566,242872.08251242663,23.25932553368614,2767070859.693068,-167.475,1415.1801508553601,1425.055344539292,374.5,1161.2732103061505,72006.57540817888,28.700527623229263,407847653.83168316,704.53,3214.5283820647783,3290.828959396097,2521.5,2456.358849729494,140906.0,19.898901478072002,2242841581.188119,idle
-3707.205,332.0938918062179,3722.0498740613352,-3605.5,7100.607849275637,15634.57688564353,2.3530347837654775,5464757262.782178,-700.5,901.6738046544327,1141.803792251541,-147.0,4355.972214638662,35408.65551141434,15.72369571335677,355339941.009901,-517.885,584.7059960142362,781.0800055051978,21.0,2828.286697952824,50549.2380539628,14.877208114270298,173922092.960396,-93.635,3909.098748020444,3910.2200110735457,1948.0,2511.1693074572513,238302.7898187979,14.994580837421566,3029482949.9504957,180.365,1994.627023223891,2002.765212150441,1372.0,2621.1705978761142,160118.31627299715,16.087753078624015,800715896.4851485,-537.31,2221.5493431161954,2285.6035351740247,704.75,3804.952367995148,130155.18723947425,13.2981597635385,1091625637.267327,idle
-3700.01,120.5204542805909,3701.9723364714655,-3611.5,7279.090124652446,7626.444467898769,2.1355728631214532,5424687948.613861,-1211.84,200.4499797954592,1228.3063054466504,-1058.25,3167.2440157592755,11167.297687903647,8.137223233752671,589563188.7524751,-945.31,186.96420486285604,963.6216114222428,-847.0,2234.0832683308427,18621.98473335197,9.14541311474414,360828506.23762375,-254.83,1839.9360263606993,1857.4991009419089,896.25,8040.916905484568,148156.5537748203,20.891379327499198,696155439.7029703,-44.585,1269.5519062941066,1270.334548455642,471.25,3638.2449912775073,70256.78799747166,19.222666585906733,319959180.6435644,47.55,1249.9714786746135,1250.8755733485245,753.25,1387.6536450228687,88899.49339112428,17.404652464786682,310290452.0,idle
-3620.425,178.442916292578,3624.8198651795096,-3500.5,7551.167695224223,6040.694607576828,2.167345375052169,5197385497.277228,-1252.635,177.30020241105197,1265.120470548161,-1128.5,2550.359029521122,5344.599266823524,3.7283321624979813,627648445.8316833,-1274.055,333.80235465766265,1317.0573848545855,-1016.25,1801.1979044246962,7958.098414340696,7.136481313418791,664922542.9801979,295.685,1645.0705655913364,1671.4325547266333,1384.0,263.8062164118685,104562.42708972436,11.892956167430311,570520436.3267326,79.025,1171.2869649983304,1173.9497881085033,838.75,6068.261795511145,91164.92816732066,23.75175995155004,274191026.9801981,23.81,1267.9886253038708,1268.2121549646179,648.5,978.9587930768386,86838.2954081263,11.620512595263019,318599880.3366337,idle
-3371.38,596.0437027601248,3423.6634180363,-3041.75,7511.217860370872,60276.79097919344,6.908601617603822,4571821429.0099,-1493.78,481.52428973001975,1569.4726279868662,-1058.5,3062.488700280444,15089.458772269232,5.0897479302990325,929628879.3663363,-1162.635,975.3318726336181,1517.561334839551,-586.5,4143.4419436526405,49094.576529635946,12.423758483402002,723711877.4752476,-620.445,2499.758679747907,2575.605842321375,534.5,1650.724703941025,176545.10651372024,14.145246917964792,1389845651.6930692,377.21,2537.331901013346,2565.2174488725123,1694.0,2784.304272167351,136808.66553704388,14.12723473650639,1331256244.3762374,-318.61,1443.6624840661339,1478.4024147707553,683.0,1082.1871603972268,78629.28670642937,15.899079264411931,452908651.2871285,idle
-3152.425,734.0018081551299,3236.7486827061502,-2933.0,5491.885108641144,75523.99879670219,5.750097802272646,4042443221.3564367,-1389.76,862.6321883630359,1635.7160970046116,-802.75,3358.665741910935,59401.290670300266,7.367515202314453,912278486.7326729,-861.355,1707.7807672459014,1912.7068737786246,-284.25,5532.130791909709,38141.338333163,11.006615842296782,871369145.5544554,761.585,5879.851937147312,5928.9687564533515,3763.75,635.4494086119711,216540.54560106737,12.03237786871409,7075778694.623762,-414.39,3566.5680868167933,3590.5608183123704,1590.5,824.7231870732929,264974.84393860836,17.797754494075377,2586993198.217821,233.46,4825.082821921298,4830.7274617804715,1727.0,2957.900164476802,283799.63443043863,13.358115146216123,4631772251.80198,idle
-3231.37,700.7912050675294,3306.4876213287116,-2877.5,6223.561767232672,40946.59404099615,2.677044113242527,4232596529.702971,-2021.195,850.6481099579307,2192.90479387501,-1377.0,4767.367771458262,57821.0853362175,10.361646909020923,1761205980.6435645,-872.395,706.0852986537816,1122.3321633990536,-406.75,2138.5769155633698,28975.283282802302,6.888800172867936,400139450.3069306,-292.635,4990.14327768001,4998.716352724968,3601.0,11444.036872954011,154524.69783141572,13.14960780051531,4964929586.386139,-1036.64,3803.9918875307817,3942.7118548024782,2198.25,6030.447517629162,114301.69159012868,11.498900069462634,3291012152.4752483,-229.14,3490.689764272958,3498.2024198150684,2100.25,5075.425871563042,195321.4251306595,17.005355890138663,2433712734.574257,idle
-4115.95,1046.0590984738865,4246.796915323359,-3556.0,7306.285983599937,82367.40799766958,5.0523350098747954,6926006309.900991,-1566.19,1518.2189150119293,2181.2702239750124,-422.5,1915.8882221244467,113384.76273152849,7.528221260876751,1427899919.3069303,-550.335,517.4434102150689,755.3914845959015,-86.25,1377.0221832016791,35260.944359139416,7.097816082924875,172967308.96039605,446.25,5033.743777498016,5053.485478360455,3911.0,3378.4947775177525,345356.61200864066,14.833258773170035,5096408326.752475,180.925,3361.906564640814,3366.7713918530317,1851.0,2766.5153239516508,221498.99775388272,15.835204540177676,2251066627.8910885,303.375,7633.658751501472,7639.6847006273765,5304.5,12348.469452382367,538812.0443686257,13.523227328148899,11575644914.227726,idle
-3957.605,1096.6354175271745,4106.731860616176,-3345.75,7873.860189680954,69821.68147579653,5.95583184066691,6441168419.138614,-1721.35,1493.1421960081364,2278.7100385963986,-562.0,3113.0384847019914,157894.4292756661,7.252187577035656,1614964993.0495052,-159.145,1086.3477224052158,1097.9428514271588,521.25,3332.130759574183,36798.6342532524,16.65409028312218,243731710.34653464,1348.09,7685.482541252696,7802.819268700256,7662.75,2146.449460221225,362074.87016405846,13.331140177755886,12416166760.099007,-1360.235,8394.006458764194,8503.50420032824,5085.5,6226.9056600664835,595798.0055345289,12.374832399424703,14685217705.594057,-1612.355,6532.675330136574,6728.709803149486,3518.5,6549.758764139333,256389.03987643795,10.526627980937592,9480249832.524752,idle
-3725.66,598.8764767462486,3773.48585130513,-3380.5,8845.579789875599,23044.721100625622,5.9125308902405225,5568267791.207919,-1853.75,1235.9945984914336,2228.019683485763,-1046.75,2850.54372156457,72408.718417919,10.18629508458924,1663464194.2376237,-6.3,745.5818130829103,745.6084294051403,345.25,1600.1164616807466,50387.237459977594,15.814669977814303,110096249.50495051,-1040.625,5914.246010640325,6005.0983559805245,3553.75,14664.150142264501,256989.32503967689,15.370192894165386,7355388137.594061,-748.26,6323.191604118921,6367.310663851734,2388.5,16327.295274767113,671162.9403701568,16.61073837137148,8139256675.188121,95.955,4621.0638605168615,4622.059991497298,3198.5,3500.1565088698035,280071.7902672464,11.792496202977064,4232221640.841583,idle
-3784.695,157.96952862815033,3787.990313477583,-3676.0,7487.449702930082,7783.513745045281,1.811717374360004,5677779710.623765,-1027.9,280.0123033011228,1065.3568885589468,-868.0,3263.27939727708,12776.014506206027,9.270033766767112,433973577.4455446,-404.53,221.17556171512257,461.04571356862215,-222.5,459.84951107589666,16094.038533681149,13.182131406172958,74497433.46534653,81.54,2325.9387757204613,2327.367603108714,834.25,10853.345066300117,153936.85757874814,15.866012296752773,1073922171.1881187,25.515,1185.6699666327895,1185.9444696106136,620.75,6339.433257332918,78022.78650507366,19.31242279964507,278641189.1980198,-73.64,1500.5534247070311,1502.35928792017,994.75,2690.8545319748764,132251.9355886824,18.939518322748068,448044962.3168315,idle
-3880.68,305.667985893191,3892.699600534313,-3723.25,7368.9700171966715,24872.18397976215,1.6086563731077907,5982730196.19802,-1004.26,416.17953145247304,1087.080286823379,-785.75,2317.4814724121984,13154.99445095487,4.4576788565338665,433719221.72277236,-463.94,325.14061019811106,566.5304404884172,-164.25,1021.3175957752492,24302.227170969945,8.211983482232283,106178013.46534657,54.185,2814.336286013987,2814.8578552033496,2425.75,1886.60424001331,100857.9544548721,13.596831883582569,1569582631.178218,-68.22,1077.5266547051167,1079.6840556385002,707.0,263.75657222900986,30345.806405648982,14.634193947279755,231759926.4158416,433.52,3627.667763122748,3653.4795729550756,2531.5,6088.573821655203,186215.3748185874,13.100946982182004,2680397887.287129,idle
-3737.51,485.0066905724085,3768.8476342245517,-3453.5,7302.878492277701,28777.2567101953,2.4859297405106253,5578850196.237622,-24.495,997.4595229757447,997.7602442470836,799.25,1447.1907960753085,28378.221387841266,10.143104111812,197252582.30693066,-1469.525,1010.2926949033136,1783.3101398803294,-689.5,2359.085867818831,113860.16154033512,4.866394109934096,1057366101.2376239,419.475,6865.647627818879,6878.45016155529,4011.5,13396.77491824861,275014.10843872983,14.187472878570556,9403790432.049505,420.17,4720.380787722533,4739.043955271991,2022.25,4214.22285801902,352115.2903736012,11.632866471006249,4482195916.633664,-749.295,4292.451432220871,4357.359555395906,483.25,4784.519421090579,197317.8600128426,12.833731690688012,3870917825.277227,idle
-3384.28,928.3871076226769,3509.309581669876,-3442.5,7724.878775703335,70298.11215633995,8.246510457815587,4706661508.673266,-1527.875,900.808353299968,1773.6565916208244,-894.0,3764.3151922605916,35194.26975666469,7.834904391220158,1085201015.09901,-754.48,379.28693570962866,844.4516860069616,-516.25,1926.9657679983152,8234.241227031373,9.947923083760662,253929497.9207921,-912.17,3623.306975830229,3736.362877184174,1384.0,3539.7580853944874,217533.403137139,15.798130231428818,2929263280.752475,-627.58,1929.9045970202776,2029.3812874864102,439.5,1244.6975407648551,127865.98444425127,16.44029835474468,893518137.8217824,-690.375,4077.3056844410135,4135.340286481875,1329.5,4104.995550734565,220937.0891910801,16.348579542536392,3480795290.6237626,idle
-3051.4170854271356,538.7927990527558,3098.619678106324,-2776.0,4244.218605352114,34040.07890515286,8.568035379634566,3744787410.43,-2321.6281407035176,515.3463609757179,2378.1377368599547,-2049.0,4819.429512069365,29031.30832635734,3.9937719149723963,2187063498.68,48.93969849246231,702.4575212979428,704.1602540022994,629.0,2736.308665073136,9739.000000000004,17.11805473738799,98653369.15000004,112.90954773869346,4403.590473368865,4405.037755015906,2455.5,9245.875436313367,346108.69565624767,13.874163651784992,3844684110.9700007,236.89949748743717,3027.442050111557,3036.6966820368257,1286.5,8885.61677041332,220205.79226654253,14.969385653922744,1837020714.1400006,562.8291457286432,3540.1745068072582,3584.6355722624926,863.5,20492.106492569386,226945.57338065802,18.052808360172854,2607010820.92,idle
-3234.406896551724,2288.9244711075976,3962.39362089338,-1920.0,9162.219260075473,113790.04951205719,7.431670470080073,3767500161.2739725,-1503.6,1830.0125961503559,2368.4929938821783,-465.0,3391.598705166558,50204.460813536265,13.264148888383469,1133416279.2054794,-2443.7655172413793,1501.1821503289038,2868.0198311246277,-1881.0,4599.893504260822,53926.66105072966,13.924628405668502,2044541225.6575344,-1860.8620689655172,10394.061067293678,10559.323515753498,1222.0,18040.27374657399,212574.36844675304,20.063690196218058,16555332799.794518,212.3448275862069,8725.879953159796,8728.463283004554,1131.0,7394.474069290436,208000.9671262274,29.54947676706336,10977809402.876713,-334.4551724137931,11633.744399733703,11638.550984580927,1176.0,23089.726347259933,211341.27174658055,22.935378547413755,19522681562.849316,reload
-2704.4969325153374,2342.965035583342,3578.2382279483463,-1178.0,6478.37085791911,54775.85160472458,11.706341000145189,3259253652.0731716,-1803.7791411042945,1716.833545692181,2490.208146620867,-1048.0,3820.411568000923,106708.97062894484,12.287128050376005,1531728091.0975614,-2351.5828220858893,1625.8873058991699,2858.9248504662546,-1495.5,5479.268679575895,75582.23059920625,11.961077225345651,2220033234.5731716,-1115.3742331288342,8179.548041338413,8255.244747461507,1644.5,6490.536832756592,272874.0085841807,16.46194599310726,11242109463.121952,306.76687116564415,6136.455129226719,6144.118119491004,352.5,2298.781498765768,152723.48127544488,29.629714187889434,6131006285.365853,1127.8650306748466,9275.199548076036,9343.522150883418,3125.5,21838.764883969787,263659.7765349043,17.837165346553842,14349444767.487808,reload
-2796.45,2288.927349218406,3613.7682566124795,-1335.5,7622.6351175086265,105578.4211791673,12.163794460307251,3299532265.185185,-1742.11875,1454.603293736281,2269.548078638124,-476.0,3560.693513079633,63266.64644538785,6.651860403439752,1293562678.0370374,-2016.1625,1343.5524128569564,2422.8174327629395,-1590.5,2850.811455152962,62605.99466631578,16.629471324656148,1570041840.1234567,-1102.46875,7237.250662304259,7320.740023641735,1403.5,19810.00217760198,237597.60863737608,24.229028229516096,8664106489.839506,137.1875,6563.290954417894,6564.724561053571,1650.5,18815.250567966417,236372.489380709,34.302545705644576,6833829643.481482,686.56875,9757.917807876505,9782.041535065673,3975.25,21847.827643331584,240517.64864277065,22.195317810812806,15199217199.567902,reload
-2949.4242424242425,2157.848929336006,3654.5061723352396,-2067.0,6663.858322320773,78855.66641801936,4.010108514896136,3617073929.518073,-1211.6242424242423,1472.6024720284922,1906.9848833838578,-399.0,3555.4070311801383,89488.0682161383,11.053382246270084,837189193.3975905,-2746.1272727272726,1701.2486863749702,3230.3965841532663,-2119.0,4230.889066276515,86583.78140750561,11.396937310985868,2948283335.8192773,-978.1515151515151,7283.897886397599,7349.2821966543515,2053.0,13449.417813727094,276950.1051703611,19.275739619467284,9015202724.518074,230.35151515151514,7182.085506867225,7185.778597235295,741.0,6297.275031966022,394067.3953663065,34.631524008568526,8477221418.879519,1558.4121212121213,10660.141281676693,10773.451651390491,4126.0,15583.116461658281,266480.5385468187,13.734212322009672,19434042877.975906,reload
-3210.740740740741,1914.4048927221388,3738.1549188778768,-2947.75,7873.355505716732,112997.28324293875,9.482137078508039,3885820085.8048787,-1541.2037037037037,1793.3350651887854,2364.6055722563287,-555.25,2414.0875619781486,88517.88971154581,12.252117592916228,1274890840.707317,-2304.3086419753085,1611.7163816452285,2812.0220504728763,-1708.75,3733.2984817999995,80781.50261403713,14.956044679773658,2115185083.658537,-1049.1851851851852,6759.314411342726,6840.257368271864,1289.5,8427.339574279666,216671.44039211393,17.6585282295022,7663559032.560976,377.6111111111111,7283.443948859141,7293.226028816563,1507.75,20261.64948669928,300621.4268210282,33.82443722366954,8559509790.512194,870.6975308641976,10214.929869951071,10251.97085629254,3061.25,9197.034943509692,318431.2002558643,16.084979463823977,16940536427.902435,reload
-2922.9551282051284,2029.9784366132385,3558.718749018442,-1899.25,7709.712991057475,101485.73442837653,12.106929002958253,3266733750.822785,-2010.0961538461538,1403.9125446629964,2451.8272738448013,-1082.5,2974.722974506508,85184.99201089957,9.458866183558545,1548296075.5316458,-2098.628205128205,1683.91755621454,2690.691115584838,-1509.0,3009.564511582508,68120.26941420254,15.059004426998442,1793623398.8860765,-1593.871794871795,6370.319396571311,6566.688397725334,1708.25,10392.676748897202,270837.2344841872,29.8735120798823,7049852826.126581,424.2564102564103,6836.499346805291,6849.650853913126,705.5,16312.369093170379,270579.2879935311,33.217452288005155,7275144994.8354435,708.1153846153846,8829.541591580824,8857.890951879268,861.75,12361.525298193934,163814.6957299733,25.263220721083275,12173861521.620253,reload
-2471.061728395062,2155.621054822038,3279.153579436447,-1145.0,7169.0679931101095,65477.34074169576,6.028984696823101,2697857655.121951,-2236.401234567901,1748.165823489931,2838.586660363756,-927.0,5694.312842989019,83380.39028962572,10.509833198577622,2089824295.634146,-2238.135802469136,1518.088976987685,2704.4123229170655,-1473.25,3840.9355638302723,80711.75193799054,7.961364744418042,1972008175.804878,-702.074074074074,6396.70710962796,6435.1200339894085,1307.5,2950.3093866644963,266845.8937380609,23.33359427115722,6706369378.195121,440.75308641975306,5858.1032609178965,5874.660594346318,678.5,10009.371779983483,296926.84966353804,23.737866006360164,5555478491.878049,864.925925925926,7971.468773962934,8018.254876942048,2258.75,21405.125972310823,140118.0,20.37168385048113,10414755471.09756,reload
-2648.694805194805,2093.498182617402,3376.1396315449265,-1098.25,7050.896493807068,36299.12880908586,9.585103918082481,2799412003.25641,-1810.6623376623377,1754.6148399673066,2521.3431614245487,-862.5,4134.54369900717,100345.46058701762,14.232454134695097,1464973552.3846154,-2190.9415584415583,1455.1624679989845,2630.1564061437907,-1527.0,4726.295461740611,50550.918131191065,15.978897333111064,1781585123.8461537,-613.5454545454545,5664.99525462704,5698.123310331241,1870.75,6236.8736691211825,194073.94736451586,19.77790968454403,4995265993.589743,237.33116883116884,6244.306758705942,6248.815326165391,572.25,3127.817814123533,119069.49278586765,37.15466956585762,5967980575.74359,875.7727272727273,8519.154131173163,8564.050734349925,2970.25,25013.443601337403,198235.8923675536,21.312691846501423,11268719296.97436,reload
-2576.824,1884.0198600396973,3192.1078866479434,-752.0,7486.5707854552065,126932.60706392692,4.973310950425977,2087000829.2380955,-1871.592,1060.0166722915258,2150.928162445227,-1088.0,4458.090813998606,27219.939057658736,6.6748072146049235,1008103741.8730158,-2411.536,1971.4155626615104,3114.800988827376,-1429.0,4788.077362666793,65063.45865274376,4.907284620934985,1924292048.52381,-214.784,6619.486413411845,6622.970069689278,2154.0,16679.737406205062,123071.27014929445,12.688263419133948,5445171715.111111,1253.888,7386.175327695382,7491.850311371684,1267.0,6872.471108985135,266327.96654089115,17.497223998470968,7155264906.317458,1465.2,8461.181990242263,8587.107295940816,3877.0,21702.774634462494,183150.0,10.953817865805892,9410369884.920637,reload
-2412.6408450704225,2247.739269068359,3297.4486605577476,-1044.75,8235.24152243283,149604.3830382623,6.376472995842897,2337630207.9444447,-1968.605633802817,1058.5248103151703,2235.1471798279767,-1293.25,3521.327755732841,57961.470410716494,5.872993477608551,1242231864.9722223,-2376.4225352112676,1822.052438616855,2994.5382206493173,-1431.5,5552.399194157083,71170.15606927857,5.187066347125254,2046459593.2499995,-1069.3098591549297,7010.339934880394,7091.423663656317,1595.0,8360.696495905459,168654.5263581084,12.549453066523645,7202164980.277776,908.9859154929577,6440.393525271961,6504.223562803601,2117.75,2635.873477036507,129076.0,30.482059695252797,6068907114.25,1488.894366197183,8020.762541202839,8157.783901039322,2952.75,21312.534468364724,211423.0,14.149509316952988,9629185056.388885,reload
-3080.0530303030305,1899.9678678080159,3618.923122723363,-2906.25,7190.508268588397,100225.55777232615,6.297590159797721,2936509589.358209,-1658.628787878788,1466.6612073175068,2214.0787142805702,-514.25,7155.622632396041,25266.10007188844,8.572386324022789,995178524.880597,-2309.939393939394,1614.7332585683944,2818.365395047278,-1651.25,3802.090844973085,60360.882565901156,6.646544979674005,1726694468.8358207,111.88636363636364,9016.597452247419,9017.291620782951,4363.5,24131.781763794817,160781.3336998912,15.075992661006724,10575251635.507463,2028.780303030303,6097.950888213726,6426.581871650769,1365.0,5112.3296157981,267799.0,16.492746932516997,5905725269.656716,1621.8257575757575,10689.000147061557,10811.338628117157,3787.25,21269.013206165164,288338.8511417868,14.22725516988839,15542250698.253729,reload
-3104.3401360544217,2008.593529298578,3697.482338870397,-1675.5,7267.850815745292,82908.63729683393,4.6825114676038995,3403169774.2162166,-1866.9251700680272,1809.1620005019852,2599.707047860177,-871.5,2718.7508379740143,106133.09791753445,7.754567942473418,1495676618.945946,-1987.1020408163265,1804.6732145616777,2684.2913277013713,-1355.0,3121.632296585758,72242.39445624303,7.6060822125185075,1628558554.9054055,-2023.2585034013605,9472.238373833665,9685.91114879302,1365.5,14079.661226375072,278934.5031018104,23.38223202213754,14295587221.16216,1193.6802721088436,6854.001770639087,6957.169888966747,1401.0,8482.487251114793,175471.0,18.29360515030429,7275091146.067569,-30.653061224489797,10483.954730825617,10483.99954254879,1879.5,12263.556783052842,299719.61908704136,24.512626498932285,16048359828.85135,reload
-2759.019108280255,2274.821707779017,3575.891531078399,-1740.0,7720.624776802844,141051.66600863903,7.063834216575247,3182402231.151899,-1397.3503184713377,1739.3656280681741,2231.1388797286786,-350.0,5309.475154159949,66461.57716563191,13.364469874811101,1081212568.012658,-2792.127388535032,1610.1235966567951,3223.1154726938453,-2042.0,5444.094649907395,68496.5419795886,7.199098165502632,2836889089.2911396,-1030.5732484076434,6535.594342052629,6616.349040385024,685.0,16952.587334101154,149819.1811758531,14.086012052587545,6995036097.544302,285.31847133757964,7523.55536975443,7528.963543001595,772.0,2462.163862634395,326446.1418518538,31.79707049475801,8855964274.164558,57.19108280254777,10300.320444668234,10300.479216172544,3957.0,39410.18490353616,240849.41083649636,26.34952752740012,16552761831.708864,reload
-3147.648,1672.4685862807708,3564.3848142421434,-3377.0,7614.057841981395,75783.05387481592,3.9856299194602745,2804132816.9523807,-1889.296,1138.5852767289764,2205.8594261647772,-1166.0,7769.813093813687,13747.045624849794,8.280762655072188,1046038589.2380953,-2005.752,1615.315402791665,2575.322297499868,-1436.0,4145.956156560208,38961.92179063422,4.333265763380932,1321344992.7460318,-328.784,7146.006587832395,7153.566178627272,1194.0,19499.921702891304,142790.48889188407,17.670738849918617,6359326387.730161,1746.136,7325.097105534097,7530.341196519584,968.0,3966.4711231249353,218267.0,23.370522217419293,7410097900.111111,1339.984,9965.272060096704,10054.95919196095,836.0,26187.387291948395,167498.0,14.334073008154652,12760139071.46032,reload
-3009.0,2029.876226867756,3629.6664442346323,-2327.5,10003.150692041301,100161.87944029944,10.593372856924633,3067699985.928572,-1825.9928057553957,1827.1204828749112,2583.1413019057845,-903.0,3160.8324474966776,77254.57760025038,10.722388305821712,1381019359.9285717,-2089.6258992805756,1753.0033889389333,2727.555183781905,-1499.0,5192.528056597665,56871.66380643947,13.834780018130223,1629325257.0142856,-1317.9856115107914,7664.597879032858,7777.091147686548,792.0,13444.729940744593,241429.4067584301,15.884845684350278,8586836555.471429,872.5755395683453,6607.708318525496,6665.072939958274,1594.5,5673.045198760566,121288.0,29.22657417824273,6235795527.714284,1035.021582733813,10463.159838466083,10514.22766930669,3020.0,26607.935923084035,334647.5673533339,20.070141358675283,15404392223.428572,reload
-3058.047244094488,1892.1756167695241,3596.1064377755874,-3619.5,7972.274549935402,89867.90115115327,5.599349457238537,2807912032.71875,-2047.6692913385828,1282.708275701471,2416.2553770750505,-1139.5,8118.210899908343,18884.095668288828,10.343075997002073,1264014555.3750002,-2058.0,1560.652730392604,2582.828090462447,-1356.5,5081.128843067088,42777.78263919314,6.878987893596916,1374287189.03125,-532.1102362204724,8630.684848172705,8647.072467139877,1209.5,32077.154052602258,215157.8191789578,16.82928168776453,9457516815.203125,2316.2755905511813,6731.667275636594,7119.022188563528,1216.5,5804.623317977153,294167.0,15.741801031937207,7062184657.437501,1117.0314960629921,10158.474962995733,10219.705129650652,405.5,31891.560066116203,141863.0,15.36189593230391,13317782373.984379,reload
-3364.048,1560.2026681479556,3708.240999719409,-3510.0,7889.048135488213,51476.9087488912,8.271280105628081,3108614863.3809514,-1766.224,1377.6159689202211,2239.949324426783,-1103.0,8164.320040983551,21794.297384188638,9.87644276731224,1009042682.8095239,-1853.96,1206.1326786054674,2211.769364106484,-1375.0,3925.8049327121653,24113.032564211677,13.46619188008354,1032873437.6984125,-499.56,8486.611185532185,8501.301641984008,3675.0,19659.344275105617,260148.6206819869,16.709509723778716,8993265104.36508,1707.968,7079.157823284913,7282.281934668556,1783.0,5412.861867015159,213496.0,27.614697413173253,6938093361.238096,138.616,10673.339145204,10674.239218979495,1539.0,29721.636828044662,155372.79964739,20.645937098415178,14131770498.444445,reload
-3234.0390625,1569.5139046569868,3594.7715580670074,-3314.75,7802.632557312252,48480.05325243392,10.229517313578398,2946870410.415385,-1732.125,1363.7559463665043,2204.5605677492736,-1069.75,7828.02698332554,25509.840133969017,10.083801264436831,990688885.6923078,-1809.0546875,1535.218776696591,2372.672660669293,-1359.75,4376.064636232599,39626.345974855685,14.021515759980149,1122114226.2923076,-638.4375,8081.771494919523,8106.949669111064,1338.0,27584.854473512394,144740.15669120307,19.706340190385465,8340876242.338463,593.078125,7740.387489906205,7763.075431570274,1035.5,7469.771888154956,207208.86868374006,25.617235805091592,7639651632.153846,1396.65625,9907.60173856221,10005.559499129722,2773.5,30482.912277372085,178772.0,19.05185270393274,12867408892.707697,reload
-2819.65,2476.270926716218,3752.6449105930606,-1674.25,7568.449165336728,121044.53155100506,6.372916864538895,3481722062.716049,-1618.5625,1564.9724346114695,2251.418061467039,-433.0,2031.8512744067746,68381.17128353621,10.280622521518579,1215013311.1358023,-2502.9375,1519.6773082117631,2928.159020613464,-1927.0,3286.6035509648245,74775.25424529874,8.415735552905936,2344901788.271605,-1261.00625,8731.141363316192,8821.732611497018,2535.75,16113.704412144425,306514.9250743701,19.45945485364449,12554719817.04938,103.60625,6788.71937306374,6789.509922023091,1188.5,17385.59604592072,226299.33956607754,31.04047055930719,7297440905.3950615,911.58125,9961.30602096926,10002.929471847234,5125.5,14379.723943166766,249994.33829224395,17.112369196521353,15945453011.71605,reload
-3106.2302631578946,2587.8381026762645,4042.9658041369894,-2963.5,7893.104241746372,87695.34645761068,6.484974193533713,3899835329.3636365,-1226.9473684210527,1518.101761330983,1951.930532224848,-474.75,3038.728845139771,81359.62076055576,13.729026150912068,797503216.9610388,-2724.815789473684,1814.7009410754615,3273.799106864266,-1961.75,3837.480927112615,74468.7679188807,13.872135590604397,2721971802.0,-1097.421052631579,7211.678411224755,7294.699340869657,2042.5,17904.240790706277,225871.07558475935,15.733384438347406,8164228787.636364,-310.48026315789474,8285.173737950912,8290.989196823388,1060.25,13693.139845144844,352136.3442173166,25.379617797042307,10333904732.688309,-851.3157894736842,11781.971042668414,11812.68725666113,4017.75,22903.556388150402,257664.23661386658,23.80351043871288,21047869716.909092,reload
-2591.0759493670885,2468.205671077275,3578.507204146246,-604.75,7040.91641585609,101464.47939223013,6.736714190845209,3045520025.7499995,-1669.867088607595,1751.7577469083872,2420.146957824742,-678.25,2208.1271645599095,97450.45843623365,10.05786089771533,1348945331.95,-2545.3860759493673,1471.7328661908634,2940.236028801649,-1754.5,3578.939396021628,59490.955554143184,10.076604801284406,2359733460.45,-1098.879746835443,7887.72277252263,7963.90025265116,2098.5,17655.708824846133,196751.91726224846,19.025079431974035,10084314010.275,9.449367088607595,6658.4850441282315,6658.491749143925,372.25,15775.203472076064,305632.46519610134,20.74340713740837,6918005955.425001,861.8924050632911,10142.97840348123,10179.531885670991,4246.5,14385.052523107219,240395.22377008997,17.053066904557355,16284201056.175,reload
-2511.286666666667,2510.869523589167,3551.2007105578623,-802.5,6911.434292728259,177554.25890755848,6.035955769557818,2800302649.4736843,-1832.3133333333333,1582.6431736672532,2421.1839183892384,-621.25,4381.34421744716,50219.979382700025,11.49808309530466,1364730954.605263,-2694.78,1605.4016895884135,3136.74255133145,-1808.0,6147.766194914976,62589.582567103556,6.937904127512377,2531412584.605263,-1326.8,6264.779661993974,6403.738162458966,1099.5,9549.10480675517,180609.83258684413,20.89231483905633,6339185643.184211,-612.7933333333333,7264.056648362692,7289.858342930951,121.5,2472.7467285309785,176688.66493881852,29.84421272366992,7922057790.342107,1006.6933333333334,10654.468443457055,10701.92175639497,2779.25,32605.485792543735,272989.5274785394,19.60367557146721,17104849975.07895,reload
-2750.3503184713377,2425.0918108990654,3666.8102167422157,-1425.0,7893.101471851165,109533.03877654391,6.156990385776093,3277681124.4303803,-1598.7770700636943,1566.2068080521385,2238.100061514301,-459.0,5011.278496064218,86746.89605170139,9.363315042142304,1180215961.6835444,-2687.5541401273886,1845.1293169080136,3259.9769097693465,-1979.0,3891.278511377913,103550.92639488849,5.701716244980217,2784774863.696203,-1290.4585987261146,7471.351934288261,7581.977520477037,1173.0,17665.086160042923,261698.02935875097,19.794790126824605,9228034354.139242,-14.292993630573248,7301.512901653207,7301.526891183457,1118.0,19054.67120309962,311666.66488624626,29.04199222801026,8317087301.126584,1049.3566878980891,10143.767844806694,10197.900546081566,4917.0,20980.332924856088,208125.21603269898,24.34024654870918,16396003880.240507,reload
-3028.99358974359,2423.4913850782823,3879.1896911927897,-1661.75,7525.708226286327,130929.34666670123,10.85772372335377,3731039030.367089,-1614.429487179487,1715.8081265337403,2355.9244674127067,-602.75,4771.340968862828,90479.15613305313,12.270186196723357,1256357761.050633,-2323.948717948718,1572.3653372484423,2805.8992136988627,-1736.0,4635.06699028912,56703.28543847859,15.056581657244955,2044626020.3291135,-612.1282051282051,8143.276194251988,8166.250554286503,3002.5,10749.541120790642,277587.63211882644,19.354733320288315,10333204131.924053,213.85256410256412,6746.0667465402,6749.45549418238,534.5,8164.235806903288,349647.16632938245,34.79299899831397,7052797139.22785,1134.3525641025642,10931.209543065968,10989.90890836237,4730.25,26920.53259978816,278240.20153381414,15.664189831980062,18805996222.873417,reload
-2953.6708860759495,2221.299714880816,3695.7197034653855,-2370.25,8035.555010627527,66663.42223961971,11.740351250096394,3492305734.575,-1832.0822784810127,1879.192992578685,2624.479334740705,-396.0,4687.300039365078,59892.487877572305,13.861949394823979,1598393253.4,-2351.53164556962,1564.1131497436782,2824.208035063362,-1961.5,3744.982438442117,69032.17383937935,14.944489575637627,2107367322.7750003,-1338.5696202531647,8908.61432019102,9008.616860216513,1257.25,11570.232093207163,314865.20277074736,20.61313188714577,12946123656.824999,-778.3291139240506,6819.577363053473,6863.849621040162,257.75,20679.25977387677,167800.14105311982,34.0381811397547,7462523487.55,775.9240506329114,10571.985791539364,10600.4217703288,2521.75,16889.410597580692,196844.7471055325,29.101787006960297,17668649774.325,reload
-2706.4861111111113,2343.1411608793655,3579.8571995883362,-2068.0,6543.344707613651,160783.16463343753,3.0734110579603597,2860494958.0821915,-1620.2916666666667,1869.9260415967435,2474.2612000577287,-983.75,7845.510400950286,36662.549519029664,8.869276444275014,1242372699.6438353,-920.8958333333334,1416.0738451728564,1689.1756187067506,-851.0,3669.8213570387225,34639.497733351294,6.419447701663467,525696743.9041095,1604.5625,4507.765666230811,4784.827281946084,3887.0,8038.578893861536,231057.0,13.634041413636432,3617348775.19178,715.5486111111111,6630.027341813344,6668.528500955481,3857.75,11783.586858636801,331540.71019556106,10.595114890776031,6388610698.260272,-2155.3819444444443,11808.17522065194,12003.277609388844,662.5,29196.805650092632,272129.3784986212,20.186066192603338,21123576702.80822,shield
-2129.224358974359,2778.2215455347164,3500.301605136774,261.5,6273.156582836109,63473.89797895909,3.443113232994033,2585424783.27848,-1464.5,1657.2584191817273,2211.6206089536963,-974.75,6090.185171769234,53868.32150615993,8.314577702947116,1083736658.5822787,-427.64102564102564,1281.6792817993978,1351.1397515450162,552.0,2676.4277707446295,18863.29084846827,8.240442614339923,309353493.443038,1608.9358974358975,5656.60240245685,5880.971472600293,3426.25,7564.273606257575,250994.0,12.068440566108864,5725905451.088609,1855.1923076923076,4998.070444496151,5331.270642789265,4234.25,11854.677094951154,289410.0,13.302677075184556,4907932294.202533,-1910.474358974359,11597.24297278691,11753.550818631527,1205.75,29160.224830678144,296250.2387308521,23.620898007452006,21864639942.810127,shield
-2636.9681528662422,2868.132965186958,3896.1247086333015,-1677.0,6102.090651588258,129591.52647024662,3.72185458521315,3452948735.113924,-1483.8343949044586,1827.776038375682,2354.2577934376227,-844.0,3946.342877135404,80832.31709531105,6.906549370994374,1208158920.5569623,-771.9171974522293,1260.3147517182028,1477.9206450689492,-652.0,2151.8496894281607,66650.31218817503,5.785821392509614,433714068.0886076,1985.2929936305732,5793.841320897074,6124.539617170665,4394.0,22558.01053660806,311691.0,17.235523050961998,6466676662.151898,-242.71974522292993,4093.0252135998708,4100.215637486076,447.0,4507.798486764215,125786.97877157315,19.007894587927193,2631933035.645569,-1931.6433121019109,12376.930444816722,12526.757486317802,559.0,7273.2011730540835,319433.33979731385,26.183449717775673,25062557022.81012,shield
-3581.10447761194,2320.9778056153523,4267.463796417182,-3684.75,8074.240742403249,64233.5362432009,3.3454317500956714,4097608645.117648,-1455.3432835820895,2276.357394310918,2701.819212993625,-793.25,8766.35246662929,61074.456331591566,8.906500692567715,1243458239.264706,-1161.7014925373135,1513.8027781688745,1908.179553646675,-905.5,3031.2637342599955,69507.86576247711,5.4968966091191875,658919890.4705881,1765.4850746268658,6446.547063414802,6683.928978494029,3831.75,11573.858259044137,236575.0,13.308652748952156,6310036646.8529415,841.3582089552239,6101.586160799214,6159.321173102831,1676.5,14164.015094333161,260891.41856001574,13.61522755996215,5102416914.029411,-4060.126865671642,14890.34918519507,15433.960250771286,340.0,37633.60282442348,420268.70344674034,20.898470443114416,33628138658.117645,shield
-3373.561151079137,2790.8897761580306,4378.353638382105,-3533.5,8240.664522834144,58191.145480329214,3.7948623971714235,4216241789.0285716,-1271.230215827338,1871.858981793259,2262.7156934428413,-876.0,7051.438961321326,55807.437567105284,9.301101837068012,929603496.4285713,-895.8201438848921,1270.1668572867186,1554.2900551504433,-600.0,2501.42880480247,51083.266987234434,5.925603237269024,444149948.12857145,1551.928057553957,5596.229529287069,5807.431931610372,3769.5,19590.479466234006,215718.0,15.84429874164268,4986853099.714287,689.8489208633093,6486.463191337077,6523.04348185623,1394.0,3359.489840742129,279821.7300889507,11.035008794521838,5937893644.857143,-3070.6978417266187,14042.272862542959,14374.09518478624,203.5,27646.16115919431,425060.180464661,19.146515651807146,29815587241.05714,shield
-3763.859259259259,2885.8455546645646,4742.862119953403,-3592.0,8242.132875967938,113912.10439061827,4.05369436302056,4912894169.014706,-1592.7777777777778,2553.981500749925,3009.943945583631,-975.0,6151.253878567364,87265.73161727589,7.436057790604946,1554043552.9411762,-1280.4074074074074,1347.2723076855107,1858.6516080212557,-1074.0,2505.830547940615,66254.26799300381,5.936241795471725,682637332.5735295,2366.17037037037,6009.213255389736,6458.281982878292,3363.0,25719.39733518219,319433.0,14.254663198299216,6339642418.705882,-912.8814814814815,5278.823053522234,5357.1751352396195,514.0,1888.7145665417981,161286.0360988448,17.549860375157778,3957596007.9117646,-4163.822222222222,14584.775718823896,15167.501385088668,767.5,21499.082381892844,506009.4572082795,21.568863375416587,33152147892.39706,shield
-3466.7971014492755,2717.991282363888,4405.242190121127,-3695.75,8405.000455228055,68376.1572484677,3.7038798458143,4274676466.942858,-1054.7246376811595,2248.2060054666194,2483.319211126074,-567.75,7172.322276252091,67486.72647351249,9.602532573210885,990214116.6571429,-1211.072463768116,1081.7404832074428,1623.840812859206,-1206.5,2239.4486253968403,45890.567941551875,4.889053679156223,558201050.0285716,1469.5289855072465,6921.93229094768,7076.203931467079,2491.75,8383.496632800458,235051.84695170578,11.703389436256252,7105089942.571427,412.92028985507244,2726.90421184955,2757.9901643002304,719.75,5868.784748950255,100075.22100405763,17.38924175251769,1057904241.6285714,-3774.289855072464,13791.607268948444,14298.730537044696,524.75,33988.29371616985,357368.3709562326,22.126811126691262,29781298533.62858,shield
-3403.5034965034965,2849.8570369593376,4439.090129949851,-3652.5,8824.053940078164,74043.77412289467,4.058127399329393,4443306014.222221,-1073.2867132867134,2334.6078349415166,2569.501529847397,-687.5,7638.812234547406,70717.74010471081,9.49817695973409,1101161961.458333,-1321.3916083916083,1248.5905958373614,1817.9808191345855,-1240.5,3531.979779653424,42494.703508710285,4.5397065847095055,717295543.1805556,2018.020979020979,6236.090898861287,6554.482311413264,3248.5,15005.94605440269,288577.0,10.730288752594928,6679104502.569447,1258.7692307692307,4008.513734457321,4201.509530593063,1325.0,10014.126486815743,180004.0,13.49915408635923,2731813479.8472223,-2869.6153846153848,13614.52604843076,13913.662780843188,578.5,36256.12184437899,378662.263120342,19.879647926690463,28660509590.166668,shield
-3268.5035971223024,3051.165309580905,4471.322568412099,-3377.0,7884.157781730358,43730.0776416493,3.0945817185685347,4233485209.1285715,-1188.1942446043165,2054.9459264978686,2373.732993354772,-400.5,5971.012026812248,51602.13445641797,7.721492090997926,972455447.8857142,-1068.6978417266187,1283.3564393522934,1670.0655158819757,-982.0,2382.267058488608,44697.09405133371,4.259736854014957,542538359.0285715,1916.1870503597122,6225.3365891705325,6513.569563644167,2691.5,28863.983518272715,266350.0,15.059343088943463,6361903129.6,-139.71223021582733,2930.771834020491,2934.1000409597,310.5,46.81550358765026,84565.62684044553,14.180814787355857,1190789464.8285713,-3443.5035971223024,13796.291899566513,14219.542439946472,210.5,23944.817282065243,437601.11777512194,18.7598241727512,29540857333.771427,shield
-3474.044117647059,2631.5585514706568,4358.2201574927885,-3600.75,8790.012516145125,54702.531424912646,3.8220414141067645,4163353883.884059,-1409.014705882353,2183.1843613552405,2598.38726849152,-948.25,8319.781226837458,62233.54442453456,9.179286681262377,1171030773.130435,-1024.6544117647059,1484.8578877270518,1804.0841472320844,-768.5,3395.566005455525,52206.88571139194,5.486261648049705,576946128.5942029,1819.360294117647,7009.018702476027,7241.299265426791,3316.0,12446.307137947286,247433.0,12.487369798330334,7471886258.275361,1322.1985294117646,6007.959738375334,6151.730583268228,1285.5,10669.229964256752,271772.0843511889,15.076057501538443,5307470862.855072,-3953.7867647058824,14277.556126048741,14814.892463775608,343.0,36940.76766233802,353239.26692640333,21.441244442433547,31512085794.971016,shield
-3508.0,2523.8990590813364,4321.588881468441,-3601.0,8259.357589487488,64231.3140747658,3.672418069241993,4275764136.928571,-1423.179856115108,2264.8247450796625,2674.859254012625,-987.0,6387.61104998782,57397.9368405277,8.249762161524346,1266948758.228571,-1070.0647482014388,1426.8602811749724,1783.5270750224481,-885.0,2073.142648173901,57953.031699410894,5.481843514896064,597019920.242857,1990.8920863309352,7101.919607448172,7375.697486344728,5976.0,16266.310468248457,276734.0,13.8132623939053,8054726819.657145,618.1007194244604,3789.433672489983,3839.512476546203,1397.0,5846.622910875606,140813.68052759697,15.88851338319832,2087206856.7428567,-4387.856115107914,14535.198927575406,15183.059281682303,338.0,29504.679565587307,476821.6901002671,21.167928347816325,34471226853.085724,shield
-3514.2554744525546,2709.344510994929,4437.40230528832,-3670.0,7755.259807555117,70599.48056712521,3.341285455186336,4357744360.942029,-1289.5620437956204,2143.0205194725722,2501.1011998075633,-838.0,5973.892095064446,50686.17290151102,7.419827516994364,1076970317.0724638,-1091.6788321167883,1059.5631859527648,1521.3273209662175,-901.0,2334.1438068531406,48386.72756183222,4.838295311027036,476868537.884058,2333.116788321168,6181.0429411528185,6606.718231340063,4735.0,23467.25367057683,319637.0,13.05908392842929,6676889464.42029,938.0583941605839,4954.392040698887,5042.415496941483,891.0,2650.3254455009096,184232.180235106,13.249136359868588,3577794055.391305,-3469.4525547445255,13981.510721591138,14405.545567162364,234.0,18682.536572589044,410022.6517540749,17.770507029875226,29861321791.56522,shield
-2728.1388888888887,2495.211432288051,3697.1369854103173,-1322.0,6937.850920434464,92096.96422428466,2.8010847612084753,2998420919.780822,-1496.451388888889,2082.6164527592755,2564.4995707956573,-1032.0,8338.775536153555,35467.3462984131,9.443848871064798,1252143991.136986,-726.6111111111111,1450.0077064503596,1621.8773244470606,-528.75,3206.6031766830038,26423.241473337665,6.427911489666607,448588308.60273975,1891.013888888889,4665.649793952295,5034.304473090377,4089.25,17525.246898127814,272306.0,13.96344579838807,4107683650.9041095,819.7152777777778,4052.9693327224686,4135.032472497781,2055.0,12037.48703410959,235923.1098639205,13.299798282029876,2523927001.0547943,717.9375,13569.915827247925,13588.894355778177,2199.75,28114.39532588522,238954.60935690772,24.518301809844807,26323009620.068493,shield
-3735.2388059701493,2308.3207574102676,4390.93995139041,-3632.25,8154.043133377631,86285.85628228576,4.262662956450458,4387649694.411764,-1556.3059701492537,2363.797710324953,2830.128599208824,-950.25,8121.014716222134,60819.28403042066,8.536128224720857,1377331337.5882354,-1309.097014925373,1508.0423252572218,1996.9793812790685,-960.5,3408.9131485149856,76933.28491135362,6.246895638383441,752791403.7941177,2519.231343283582,8130.546711909352,8511.89264473668,5032.75,18832.232319422616,337577.0,14.440661798263678,10404102587.17647,928.5298507462686,7092.997509305877,7153.515314217638,3082.75,14588.493609735116,223269.66422106474,14.498459799634992,6870769723.470589,-3091.6194029850744,14507.069076521515,14832.840716595072,253.25,34905.58613568421,275117.1148332004,18.50318339491998,30377946182.20588,shield
-3497.714285714286,2111.437092375493,4085.605441002456,-3576.0,8471.966787180889,62518.09049085149,4.465288846318746,3818471236.8059707,-1579.654135338346,2208.2909019070166,2715.116184390061,-1056.0,7980.480735853113,62460.501953847684,8.604870510155548,1302539162.3731341,-1283.984962406015,1553.5009164845164,2015.43605237254,-1180.0,3575.5613696851988,72948.10525199931,5.725687790093967,753841798.5820897,2395.278195488722,6226.696498425914,6671.5145894536745,3590.0,15695.968372017971,318572.0,13.450753873407137,6632908294.35821,-891.7593984962406,7327.938186312141,7381.999247305437,871.0,8406.642451945812,302531.8853161662,15.069588116399501,7298580103.567165,-2264.6315789473683,14176.960753901007,14356.697823873534,846.0,35013.650339112944,357292.2365449566,22.514361373445208,27885695817.208958,shield
-3269.0758620689653,3024.954171400376,4453.897701006893,-3686.0,7438.513907992729,166999.2114946679,3.1072078021494662,4395673957.027397,-1261.855172413793,2078.275077141221,2431.358832507821,-926.0,5178.13818021868,63572.98337441902,7.27127464176234,1080596327.5753424,-968.3310344827586,1310.0049910679988,1629.0420709624161,-646.0,1998.1926919290652,61437.03815988231,4.356797629360538,517192399.75342464,2373.310344827586,5123.164731131215,5646.186222147868,3377.0,25115.988970772716,344130.0,15.02993057165488,5401987933.767123,726.351724137931,4305.7259366809885,4366.561881957648,2104.0,6666.930773574228,105321.0,14.320418056762287,2821734935.999999,-3348.351724137931,13103.671498940754,13524.7057646623,239.0,15939.253647694659,462989.43678726815,19.754687783839294,27955923693.191784,shield
-3525.404411764706,2513.7206381667083,4329.811510127813,-3512.0,9864.026530158584,51501.13662747707,4.68149516527505,4178461464.710146,-1284.639705882353,2023.2293808515856,2396.6135069031443,-857.25,8895.98663733687,24569.89448553639,10.727977945654008,991058766.0434781,-1051.0073529411766,1555.3044315972145,1877.1223537325297,-468.5,3331.6398109811967,68151.15470734576,4.918322871599845,620316055.2608695,2150.404411764706,5982.07670558069,6356.845195974827,3712.0,22494.913279543383,292455.0,13.198274311032689,6036211974.681159,-527.7058823529412,5437.674196151771,5463.220127522293,1947.5,7286.762435863565,253721.47939044912,11.601056339297237,4037659792.1449275,-2601.705882352941,14631.143516142727,14860.66062085516,460.0,35948.60108437031,368561.0503839549,17.97120888905968,30531868978.434784,shield
-3163.208955223881,2337.6257826310216,3933.2410546557976,-3511.25,8120.677297955951,41725.98823046786,3.8259373748721,3363622738.3823524,-1604.3432835820895,2122.659234413278,2660.751697737864,-1045.25,8111.445770028046,62788.23293242647,9.029077921286076,1274584274.5882354,-979.8059701492538,1597.4579361832366,1874.0041614187855,-190.5,3863.5907978248933,65122.47433352608,6.808430084293013,590431323.9117646,2349.4477611940297,6579.485306920863,6986.381873800427,5481.5,14009.641620540424,314826.0,12.579892521966187,7173289303.970589,695.4179104477612,5849.547055176494,5890.739072552401,1943.5,16926.71246091709,261606.59521576454,12.408872884064643,4645431417.764706,-2322.9402985074626,14006.22268145148,14197.546458203115,752.75,36938.73739984788,241382.4260377747,21.386208598701337,27347701192.97059,shield
-2939.8142857142857,2287.6306632025394,3725.0184007215703,-1827.5,7632.549299023954,29447.457649047774,3.3408072458815776,3108157162.957746,-1571.7857142857142,1893.647085032758,2460.9773697223864,-1083.25,7596.137283796773,22378.516838789637,8.899305521695984,1176974881.802817,-821.3785714285714,1278.0057593647173,1519.1976430245766,-754.25,2687.4709942030927,52414.365448060205,6.07783718420311,411686750.3521127,1857.9357142857143,4580.497638608268,4942.9630522303405,3318.25,12744.913914201325,260111.0,13.896628298280675,3849092564.5492964,101.08571428571429,5581.531341954867,5582.446635916652,2024.25,5246.790826494558,227212.331852998,11.312016451698412,4303058909.014084,-696.8642857142858,13573.617231974424,13591.49383227823,1697.25,31545.2502484376,218432.8465935199,20.356910547264707,25587787694.521126,shield
-2680.8,2585.847872955593,3724.6876193942717,-1264.0,7698.311416130195,163803.56038549755,4.428207380190763,3032782302.780821,-1564.1655172413793,1734.4632838284213,2335.589143722813,-1263.0,7096.929243832453,37904.60352265082,8.949962094770934,1137883140.041096,-567.9310344827586,1424.1206102311478,1533.1879116448163,73.0,2143.5217970951508,39516.57176139421,6.63115798933932,384960669.5205479,1309.0620689655173,3601.395817947085,3831.9310194640816,2591.0,10205.367015669506,189814.0,16.817138013217164,2361329103.2602744,354.09655172413795,6069.355633950561,6079.6761574371985,1396.0,3991.3371466465774,179208.37493323846,14.778665705192898,5340903929.150685,2.013793103448276,13674.36626482695,13674.366413110336,1545.0,30938.724564544973,296123.2974177378,21.470958338737713,26927596064.958908,shield
-2796.4214285714284,2558.899236189144,3790.5063127691606,-1976.5,7943.979295637127,17861.702942402517,3.960880993523021,3062563384.71831,-1550.6785714285713,2037.7759945162104,2560.690343582036,-936.5,7495.626038382051,41724.29166913408,8.669159225946771,1236995023.9859154,-760.7,1505.220751252121,1686.5212717306592,-627.75,1298.6246052619017,45610.5653724066,5.559621354271241,472473429.01408434,866.7142857142857,4331.1413627451175,4417.010205686971,1814.75,5215.643963066687,121340.0,14.614089247695704,2796744375.746478,-70.05714285714286,5157.168455892146,5157.644276771546,439.0,4047.7399429740967,169399.10620542726,14.720759767927749,3672435124.647887,861.9928571428571,14304.34851589665,14330.297210804805,1371.25,32961.16768612563,411599.8185927624,11.434285126185534,28449596381.563385,shield
-2734.9290780141846,2564.064975901319,3748.902007576531,-2212.0,7643.328655364396,19697.364987105415,4.023745028203308,3014926113.999999,-1781.0283687943263,2016.1313102543988,2690.1389389097167,-862.0,8040.736015155594,38551.13957194827,8.260650857541084,1457320640.7323947,-693.9645390070922,1513.387264690342,1664.910746654679,-477.0,1188.3513145726463,45445.01686847035,6.3181861511439426,455514952.6760563,992.113475177305,3666.925424961594,3798.7670657541184,3049.0,6737.742430140131,139888.0,15.108024320742066,2158197407.2253523,-66.86524822695036,5786.762023129897,5787.148319661322,1494.0,3533.578604034493,163768.53772026737,13.469046956527121,4689613813.1267605,676.5106382978723,13950.302063186378,13966.695897665715,1560.0,31953.07471349513,444303.5428958891,10.167979334680766,27375053477.323948,shield
-2541.404255319149,2650.486006493939,3672.030999266546,-1508.0,6800.135179373453,91380.37106786288,3.1428316784609676,2792097055.2676063,-1605.1702127659576,2039.7612012835368,2595.611136170587,-696.0,8038.619883493296,31829.07226016851,8.763792693871535,1303993191.4225354,-768.4326241134752,1351.81993589291,1554.9616834119845,-328.0,2653.631915013315,31878.70140281109,5.1482141804724515,421196420.73239434,1664.7517730496454,3314.641317856723,3709.2109042106104,2661.0,13273.561216728853,234730.0,13.558096834484648,2314266565.6338024,81.71631205673759,4767.528284959612,4768.228549843862,767.0,10478.956793869507,262185.9796331546,13.343222934452315,3184135508.014084,1024.9574468085107,13294.526597783846,13333.978222081749,3429.0,29388.88994040272,342270.6107475578,9.879660973189734,25039631294.704224,shield
-2891.3931034482757,2445.9696118352335,3787.2049615368924,-2328.0,7303.910040557234,44043.51169069266,3.259294141282663,3269398372.4246573,-1731.0,2075.7190229096436,2702.770885974053,-907.0,7298.9718735971055,46116.5760638549,7.930779685394912,1483462287.6027396,-949.4275862068965,1486.032053976595,1763.4352857126773,-1025.0,1834.4778269503895,49116.77247488705,4.969461436198572,577628285.1643835,1010.9103448275862,4180.5096256189845,4300.999936662684,2870.0,3587.8536648152603,146582.0,12.980545978716423,2811091488.3150682,503.07586206896553,5506.593289531552,5529.525746328553,909.0,5698.237353008604,213397.94454399546,10.976245440325082,4439549759.287671,-1106.7862068965517,13990.3764279476,14034.087369809562,1149.0,31981.210529715474,320566.58391874447,20.06215670684344,28539361498.876713,shield
-3019.8805970149256,2371.0610920347112,3839.480371402888,-2799.0,7759.1245255612575,28803.186090450727,3.667766393785379,3150391956.058824,-1623.8507462686566,2120.0368924819486,2670.477049450489,-1081.25,8777.148116546772,44118.319336987974,9.08762681925848,1289724409.3529415,-939.4850746268656,1322.5553213894088,1622.2776530489746,-499.0,2740.171028490723,45119.08094694343,5.072223208196578,464007128.117647,1114.2761194029852,4807.770806231368,4935.207330550804,3016.25,13398.615584547579,202589.85136417585,13.629623674535155,3380022957.1470594,677.4253731343283,5058.938813236688,5104.09316649283,1553.75,12223.34327840163,254298.1950100166,12.453342135205437,3500534581.882353,-610.3955223880597,13913.715574562775,13927.098182449281,1906.75,33843.69388556886,251308.7904991158,19.568545562108724,25690846911.08823,shield
-2998.662251655629,933.0960562366912,3140.484604271907,-2346.0,6134.145018335536,48586.991169415975,3.2768090272054087,2828316870.9210525,-1352.0264900662253,1691.4150114682473,2165.377650863915,-1024.5,5610.600191063935,51948.955921162575,5.891648705433777,977568274.0263162,1426.7880794701987,1776.7636201003795,2278.730608349847,2495.5,7975.621145663225,215445.0,11.588210763745565,1084298166.2236843,-1427.9470198675497,3124.7590482749047,3435.5715392528946,149.5,3655.5580994441684,194066.70196151422,11.470953270249,2076418740.9342105,1355.4834437086092,5974.896232692894,6126.721827993817,2466.5,18125.216432023586,204678.0,12.059950361968435,5906367398.407894,-1064.4370860927152,5277.105591595622,5383.388313608757,409.5,7975.861448157746,316745.88815564016,11.394593690468927,4517282524.539474,final
-2809.1,1224.3517077562778,3064.3237287019324,-2126.25,7234.282086916995,61089.30439137081,3.551337903674699,2385283054.59155,-1697.9,1713.8252007049691,2412.480306359293,-1488.75,5330.168531492678,84808.24611816852,6.122975108883284,1201253465.859155,1720.1214285714286,1752.8270123589214,2455.8542840090727,2680.5,5831.068196266939,240817.0,7.88084507138611,1240894732.605634,-1443.9142857142858,3922.793426129094,4180.095301374292,1049.75,5629.731080341449,235897.13602273932,9.494860872003745,2699569682.3098593,386.8357142857143,7384.222818773545,7394.348416672213,3121.75,17143.074583015477,262621.8472219703,8.978551228261116,7567615289.000001,-891.8642857142858,6025.294103326545,6090.943353513829,2105.0,12828.880351697695,140151.4216683642,11.206819419665667,5230734469.619719,final
-3137.40350877193,840.1083582222832,3247.9351641326457,-2712.0,6740.594012901274,43764.655244047695,2.3282296272168104,3466823773.604652,-1083.4444444444443,1731.1704086414156,2042.254354372446,-475.5,3219.2363069789335,87518.58746274254,5.614976390501498,908622374.6395348,1383.2573099415204,1749.8518812477282,2230.556520649693,2191.0,3691.0357111111302,236537.0,6.578507370986862,1171133191.2093024,-1227.6198830409357,2844.277129197301,3097.8965387682465,-37.0,2146.6779687479475,185459.70114305522,11.43829816221858,1887746860.3837209,522.5672514619883,7168.861126274969,7187.881911948537,1849.5,14290.035330574194,448915.2136476265,11.94116476177985,8829884864.430233,-988.0233918128655,5051.196034561496,5146.9186512261085,228.5,5456.899834261318,244553.26218960324,10.563038143887516,4669543201.906978,final
-3250.472049689441,829.1801463236378,3354.5652864223057,-2889.0,6938.389030766244,48923.676501254355,3.014950576567565,3491122972.259259,-1611.416149068323,1539.2735665027963,2228.458013517962,-1408.0,4769.0940182585255,75956.62465164793,6.714395750804728,1210076623.0123458,1322.9937888198758,1708.1950173656185,2160.6116686273576,2207.0,4192.03309122541,213002.0,7.642339088559269,1027008476.3703704,-1625.2422360248447,3633.177814018773,3980.1247912643726,262.0,801.6226037572419,211664.7061693753,12.37253320172979,2957363000.1604943,40.807453416149066,7316.0470672101255,7316.160874248748,1336.0,16010.94195240767,410530.21983049816,11.894314305347837,8564790448.765432,-697.8012422360248,5950.97214545853,5991.74399066661,872.0,5321.85431287536,386870.93672161613,9.85647841383154,5822292236.543211,final
-3559.472392638037,861.5434310547912,3662.2535135550097,-3324.5,7985.401960571523,52623.331987611055,4.1364235953535795,4225434047.1097555,-1409.3865030674847,1551.081357705888,2095.7632722355675,-842.0,4847.122723263413,61699.30512617438,7.285398952340318,1033371123.2073171,1025.601226993865,1719.2396005706341,2001.9097584510635,1732.5,3612.9812877781765,167173.0,8.156584182240746,819669940.9756097,-1289.4662576687117,3265.6559808188267,3511.0158380052812,-82.0,4709.335911149676,224128.25750474952,13.6402859054448,2266458086.597561,9.846625766871165,8061.844784682012,8061.850797946062,1755.5,15164.708446885183,374663.71588081354,9.762569850781198,10529349011.634148,-1258.7300613496932,6100.655938846932,6229.157587630429,564.0,13366.816103496809,189998.30938721687,12.557293815688723,6542908771.268292,final
-3313.58940397351,881.88746463768,3428.93572969961,-2933.0,7917.237268342865,11336.712058773686,4.154656292581812,3410770835.1315794,-1823.4238410596026,1385.1550870067738,2289.8753501457886,-1633.5,5045.633363661715,44789.203088440656,4.159060921947659,1285316914.578947,865.794701986755,1673.637159589463,1884.3199855510263,1428.0,7020.6142732237295,130735.0,12.34100239065919,645067632.2894738,-1724.1456953642385,3550.3969471150854,3946.897118107736,149.0,7644.4199991027435,171663.28149740386,10.410402383289732,2782723329.8815794,987.4900662251656,7572.141061146532,7636.259351331299,929.5,19858.339583532488,265544.44795719796,11.221933564990492,8893529076.710527,-969.5364238410596,5333.655805230902,5421.059409914986,238.5,6470.230033641758,311029.1042812777,10.611020475106045,4549382426.013159,final
-3385.7786259541986,902.2166620008772,3503.925200280438,-2803.5,7371.629592151152,49554.36556304652,2.7405255240283197,3086508388.681819,-1268.9847328244275,1839.244185892518,2234.5338277772653,-816.5,4541.141602587918,82481.2959218441,5.771847751582041,858500304.5909091,1436.5343511450383,1634.0900929955196,2175.748462953795,2081.5,3051.6274855481483,188186.0,5.718431045281897,883728097.3939391,-1403.3129770992366,3696.829101522294,3954.2170802267865,206.5,2905.9812616421573,162996.93191356416,10.306242516378841,2288798975.9242425,845.7328244274809,8265.905115071508,8309.058393204334,4092.0,14172.553849490416,425837.70237178006,8.946642099968932,9068771453.34848,-1543.5419847328244,6641.703444537693,6818.705632582829,1199.5,10471.690955801832,190051.37120389263,8.37762884794631,6354415169.454544,final
-3188.541935483871,671.6133799384754,3258.5064379945015,-2712.0,6891.328262068065,12338.62069050044,2.474641105551351,3200971472.6666675,-1785.3870967741937,1449.5379881839406,2299.7320418944746,-1575.0,6140.142263509154,31382.01075233804,6.448938411650175,1305416016.410256,1149.2774193548387,1525.0545903946072,1909.615168122253,2011.5,7201.0239506336575,178138.0,12.461352004093257,765022019.0000001,-1374.3677419354838,3406.9739387915165,3673.738982246482,99.5,5089.415811275329,154975.91395801038,12.915380110616294,2369426322.5256405,1021.5870967741936,6266.8640516939695,6349.584650881479,2457.5,17578.49558483969,158346.0,12.049793897438027,6369838410.743589,-1094.0064516129032,5423.986319443179,5533.215856053098,776.5,4948.648346796855,328826.3881861582,9.547559699769218,4899456416.769231,final
-3161.98125,866.8564577820468,3278.6530075245837,-2666.0,6903.221235329427,55220.767322551,3.08799826708997,3278647763.271605,-1785.55625,1093.2706649480435,2093.669474570903,-1607.0,4799.912597335033,54410.08636223321,5.8470324807756935,1196511921.9876542,1296.9875,1734.0203177424853,2165.410593282484,1836.25,3217.6155954686133,207518.0,6.403717027544779,1006806563.0123454,-1223.05,3339.1717382458783,3556.1101220294063,382.75,4996.439727532372,103043.89253307323,13.787362215979407,2234764840.123457,538.4375,7467.563838601834,7486.950288668945,2647.0,13377.998910321285,277275.7468194307,11.0906226164007,8903957173.555553,-324.24375,5499.7018939062455,5509.251757838808,2244.0,8861.135562328003,133767.15684820316,12.234448345023363,4813039826.679013,final
-3132.730769230769,875.6038674212203,3252.7963669938217,-2530.25,6812.7008096938025,50803.27211434761,3.0791046605620433,3141298195.1645575,-1997.070512820513,1358.3697672265537,2415.2554849730304,-1733.0,4632.922260730601,70286.20933906441,5.571794012945123,1512799731.1772156,948.1089743589744,1507.0914447172652,1780.5154450327018,1376.25,2008.0025788296416,147905.0,6.028684618994688,626752768.7974684,-1318.3974358974358,4434.757384569468,4626.580255326212,78.75,1306.240170373386,162706.4132611564,12.153074820627616,3564672542.8607593,777.1602564102565,7587.656587744905,7627.3527883330735,1229.5,13778.704221820477,391154.3399960503,10.882573813290522,9053850899.531645,-578.5192307692307,5575.903941286174,5605.835286807891,1450.0,7619.939304317941,268382.37234927766,10.19237611663696,4891887254.113925,final
-3497.093567251462,965.8644175641394,3628.0239099581568,-3058.0,7925.118395923042,58510.651361729295,4.936100386802573,4316825183.779069,-1809.8245614035088,1296.9230854947164,2226.538666349304,-1626.5,4763.14652876818,74299.10467851261,6.43444650659608,1399647559.8139534,803.6783625730994,1682.384181444971,1864.4879845267023,1369.5,3182.1489398431268,137429.0,8.87339143226079,700800406.6976744,-1495.4327485380118,3694.906886573463,3986.057702272755,183.5,7309.132261613016,170255.03209891697,14.955982859866353,3081351146.67442,382.41520467836256,8377.821684920862,8386.545031960386,1897.0,17645.10756096985,453389.8458914338,12.445778126404814,11982074193.162792,-915.374269005848,5546.419117729326,5621.447774539166,471.5,13930.168069029485,193476.69082727694,12.491531644764486,5514748069.244187,final
-3138.7329192546586,926.2496528210444,3272.5498862147197,-2558.0,6667.691661734607,60921.88210531591,2.306799590713856,3289923256.543209,-1866.5403726708075,1392.008049495667,2328.445698888168,-1587.0,4579.9238634811745,77034.61754862133,5.466181187434373,1424956146.716049,1202.1180124223602,1680.6199883017216,2066.294088669269,1673.0,2447.9117655900573,193541.0,5.307059134401853,914380711.9382714,-1550.670807453416,2901.126666505709,3289.546456306516,191.0,2851.5239813029425,188887.047930544,10.334709204145986,2116192974.7037036,615.2919254658385,7513.067498549503,7538.22043928833,1755.0,13096.26797505153,428360.1327306783,10.722730496884378,9152889354.28395,-577.6521739130435,5972.928481842332,6000.796337423043,2462.0,6925.741304233882,312295.2694870601,9.669823817748737,5815142535.740741,final
-3089.8658536585367,944.3076927517455,3230.942279304154,-2203.25,7679.05704691156,25945.88958087716,4.758615251258922,3238258575.2048187,-1175.7926829268292,1905.319422921284,2238.9128023630947,-440.5,4112.718724661425,90990.5603878741,6.11908317939954,1036181021.1566263,1540.6341463414635,1764.3192911922297,2342.301460987962,2808.0,5788.838777281456,252664.0,9.141385431874822,1273511926.5060241,-1492.4329268292684,3392.442966666729,3706.214419481249,375.75,7254.894641860557,247191.42250692289,14.718697115533368,2586502164.469879,211.4878048780488,7701.906779657503,7704.809870084163,1897.75,18186.391733885368,384720.9424059417,11.42307615671403,9625785342.698793,-1278.060975609756,6040.685329693936,6174.408401600602,242.75,15450.877149453654,293105.98575757205,12.886666554529759,6441795241.8313265,final
-2966.758389261745,914.2577849430373,3104.4359612631556,-2178.0,7045.69568044701,29943.500824638464,3.5900520880335436,2729121268.573333,-1886.3154362416108,1402.0081670589432,2350.279307976683,-1757.0,4821.091375119867,57245.934724882514,5.552112933796133,1344196361.7333333,1169.3691275167785,1746.8481236503019,2102.1185797880034,1531.0,3703.647228499131,174236.0,7.4420668690756395,856414924.1333333,-1311.4630872483222,4076.6974091065395,4282.452240788083,1034.0,322.44662624934426,153087.43476967711,11.841891513067344,2968914957.213333,898.8456375838927,7065.510389924565,7122.454671693992,3181.0,15944.118971215705,133928.0,11.601465722721933,7627861618.413335,-376.5838926174497,6132.695096145812,6144.246460752514,1357.0,7258.5471602164835,176608.51873197482,9.684263031452018,5608502463.666666,final
-2594.846153846154,880.9380093578441,2740.3062490279326,-1836.25,6655.754538059781,16643.872242533278,3.395836814256608,1823473255.454546,-2473.5384615384614,1603.6839855295018,2947.913642926781,-1898.25,5304.831425757764,66029.11714235526,4.247880028949753,1895949761.8484845,1488.6153846153845,2068.217491109807,2548.2345562852242,1931.75,2909.399654155075,193520.0,5.231929448408078,1115079182.6060605,-1253.823076923077,3110.747470069594,3353.926375275586,403.0,868.8594993627604,99504.23009405898,11.135731546695144,1641466534.1515152,264.4307692307692,7680.597680007083,7685.148297453092,4573.5,18055.25680256799,261239.45306054445,10.183803008997778,7570942247.969698,-138.30769230769232,5622.708597007665,5624.409389848447,2487.5,7955.859697916107,186103.30996811442,9.661943735223922,4052651345.575757,final
-2930.446808510638,935.5825160475082,3076.1718323013056,-1939.0,5406.552961916935,69771.14526955292,5.838930008869806,2527176344.661972,-1417.6666666666667,2118.797650705128,2549.3297672940134,-1193.0,4780.425094109185,60340.35928192481,4.231561433963141,1191300467.183099,1379.3191489361702,1809.8018163478603,2275.5008084107585,2226.0,6840.944770496679,194484.0,9.217513205877626,991309396.267606,-1124.6524822695035,3657.6404148103625,3826.640381578739,242.0,9628.828523512066,163876.48983791165,12.947187299796779,2227234802.5211263,1734.014184397163,6563.8961012623895,6789.074842705606,3822.0,14266.562175953524,244496.0,10.00293684256121,6874113700.59155,-1292.113475177305,6488.248995112963,6615.65811203384,356.0,9444.40100423072,347982.18580433074,10.689114971097359,6361428503.605634,final
-3148.0674846625766,939.187281668064,3285.179087665817,-2649.5,6814.601158056803,32649.605906294593,2.2680990277478226,3353968581.378049,-1346.4171779141104,1411.0739669035843,1950.3766192854175,-1428.5,3443.69477888246,66611.37106364276,4.765057779376873,909957173.0243902,1227.0245398773006,1936.1407409387746,2292.210764782342,1865.5,4693.591547687229,200005.0,7.833594810215142,1095131963.097561,-1474.5092024539877,3193.798614086152,3517.7445864445763,334.0,4299.617622408049,229051.03437936524,13.352919004522422,2356978818.512195,511.92024539877303,7301.103175725999,7319.027935473768,2144.5,14647.173190898295,269127.25095736526,12.038956070678745,8720825858.90244,-254.22699386503066,4714.622566265386,4721.471942810681,577.5,1919.6966583920828,131671.11602104086,9.650198964716715,3621958767.4634147,final
-3197.620320855615,896.8252264849547,3321.0045473032037,-2533.0,8170.592104785728,40936.56742710049,6.199691782757607,3953328579.414895,-1760.668449197861,1337.5202401264298,2211.088822446684,-1329.5,4462.763473871579,59225.73570537878,6.373518154856665,1485971787.3617024,977.3636363636364,1835.0728340508092,2079.118078406616,2094.5,4372.021634730834,182767.0,9.956440430829245,981730803.3829787,-1198.7967914438502,4572.471875213162,4727.008863625226,772.0,2370.70987837328,265218.92081726284,14.131367055540563,4423527635.723403,-258.9197860962567,6849.589070697307,6854.481008292906,1219.5,18036.69015312124,272673.46215152397,12.33777783211159,8751726849.861702,-728.048128342246,4928.022435625258,4981.511738740415,197.0,11020.557392393697,210834.10935557424,15.322162480630814,4714400286.712767,final
-3288.01226993865,810.2907301296931,3386.3838758476904,-2996.0,8029.0408772118035,42394.19523520522,5.159169811443286,3609272356.829269,-1532.0674846625766,1740.8078412711427,2318.9744970118604,-1153.5,5215.634834980802,76102.22087867504,7.177352535403017,1251476609.1341465,984.8711656441718,1677.6175779965276,1945.346229060587,1765.0,4056.780442536664,160534.0,9.200994553996036,770232582.4390244,-963.2638036809816,4093.436886517801,4205.247043799746,773.0,2314.458726374866,255674.96458916928,13.600031483701324,3015254224.1707315,62.2760736196319,7214.083881473568,7214.352677703122,2489.0,17797.086720422936,275900.4845232477,12.878924696979638,8432540967.256099,-989.1595092024539,5589.963972497553,5676.806650614962,230.5,10929.881381677156,96093.30661422055,12.21461957939224,5379342852.756098,final
-2985.969325153374,883.7859818054035,3114.0151689406775,-2168.5,7291.097549257559,35065.88594536036,4.202536950996925,3015436226.402439,-2056.558282208589,1663.22057716978,2644.945114069802,-1830.5,5491.933358496957,79156.68594069504,6.191211359231488,1818545439.317073,1185.3190184049079,1951.847049428368,2283.569153705357,2123.0,4429.374012327245,193207.0,7.366406665863767,1072426783.1707319,-1174.79754601227,3471.4405668712134,3664.839544023119,448.0,10835.355208213903,219200.17147431846,19.7254848312107,2399504413.707317,57.01840490797546,7220.0166361757865,7220.241777472093,2024.5,9053.25336539851,346332.0286948722,9.441281074601967,8446210969.841463,-936.4294478527607,5497.476638070114,5576.661142380135,594.5,9988.191654011729,205892.08618363913,9.928086376322113,5180315012.365853,final
-3131.1130952380954,930.677808716872,3266.501247330165,-2386.25,7956.343284365492,35433.915791348416,5.956682590498683,3399153374.882353,-2005.107142857143,1692.6075791783035,2623.9998230618407,-1840.75,6804.04960841841,73470.89892676107,8.078675269528881,1810632644.2588239,989.2559523809524,1727.6366702088385,1990.817873028929,1633.75,4673.471371014572,166195.0,10.511632252787246,820496669.8000002,-1324.625,4364.341403824511,4560.932720372216,880.0,2138.9457114852353,270667.10743347136,14.985362991276192,3744980673.42353,475.42857142857144,7586.980253298777,7601.861725293101,1232.25,20169.7734413084,270068.50107482466,14.152101350765802,9631858579.482355,-836.625,5715.652709974747,5776.558429693814,517.25,14753.803936772369,85537.1626449283,13.38592618945101,5656286253.235294,final
-3235.6959064327484,896.8839891442163,3357.6969620394407,-2711.5,7455.384654763394,43064.95531811602,4.544716222312964,3696582088.697674,-2051.6198830409357,1566.4318567827474,2581.250260325943,-1809.0,6300.691858029502,62275.16083883886,7.512250237308148,1848302707.9418602,893.3040935672515,1635.6390174015783,1863.681088284798,1381.5,4871.50797907349,152755.0,11.152537819741434,726145731.5465115,-1387.4327485380118,3732.958955207881,3982.455548148963,607.0,5823.787743324467,235394.97317966103,16.749575911823545,3023540110.906977,471.953216374269,7905.175601848254,7919.25129886045,951.0,18203.787527161378,355228.8831789394,13.303714893420304,10699703679.825583,-886.672514619883,5510.621115086746,5581.499191276679,173.0,13739.645521279164,130493.83153718492,12.954586331266302,5429870326.697675,final
-3121.775757575758,796.1167825975765,3221.6899000557473,-2493.0,7238.002377706708,36772.66825328633,4.1374720188706045,3300583463.1566267,-2014.7212121212121,1340.0357054848532,2419.6688315853175,-1733.0,5359.791599675941,59329.871147292295,6.6893150307146705,1625939128.2891564,991.8242424242425,1822.2298759005205,2074.6655268946,1658.0,4101.269290188728,163651.0,9.099431646968462,867256044.8554219,-1601.1272727272728,4172.924323306627,4469.553216096118,544.0,599.545513039509,218642.04441818385,12.371735166126939,3696780163.4096394,481.8606060606061,7597.979738578015,7613.24410166357,2098.0,15541.740885585383,340782.61814333755,11.370324961789517,9544113329.120481,-395.1939393939394,5705.733630780341,5719.403335589432,1202.0,9405.918779796393,160370.91374148979,12.000623218275098,5390509451.951806,final
-3164.9615384615386,1049.1076897414089,3334.3077969220817,-2571.75,7670.199987484403,41819.9979357836,3.710755014963678,2705870215.4545455,-881.2076923076924,1949.937970201395,2139.809590738247,-281.0,3564.590768588963,70652.20509029477,5.7953606711277095,685644145.3636363,1873.9769230769232,1791.0699873169265,2592.242505571635,2634.5,5603.741960445965,243617.0,6.880522497803167,1309956319.1212122,-1871.0923076923077,4217.543595043764,4613.963632279734,320.25,4835.468373014031,172528.12204136682,9.430243857827323,3173826605.9090905,336.26153846153846,7853.843058855715,7861.038265737206,5187.25,14972.391964421726,354465.91214936506,9.506105299167029,7926384155.272729,-1153.9384615384615,7458.016845860305,7546.760182101578,1933.25,9299.117032414762,143179.0233277485,9.118809837455562,7462401893.39394,final
-3113.165644171779,922.7702109044052,3247.0456095016666,-2425.0,6420.1614368391465,35328.83068450369,2.9325298259395844,3278210478.743903,-1726.4294478527606,1775.4115740560926,2476.417754682259,-1450.0,5048.391472238494,86414.31806214951,7.138577538731109,1476394540.8414633,1002.3251533742331,1615.3862456069576,1901.0861199805815,1790.5,2540.23445915215,163379.0,6.7883215182942305,748271195.4024391,-1464.515337423313,4598.508738478478,4826.084105298109,150.0,1681.0210872390005,198617.51516158693,12.462876983736965,4120769757.231707,1324.5092024539877,8345.367088691028,8449.821091146998,1449.0,11062.559318865502,484942.9217211441,11.062887170610182,11851361837.926828,-1026.9386503067485,5149.547251161187,5250.946570232417,379.5,9741.644403606377,255331.45474590638,11.39784111409868,4637755500.878048,final
-3272.0178571428573,902.9434702102941,3394.3199271514086,-2650.75,7448.240809667975,46865.725091030276,4.223648319732448,3690290725.8941164,-1816.0595238095239,1511.7513798744005,2362.9355531989077,-1612.25,4770.696644344088,53262.413968790905,6.746253816659691,1474545356.0941176,979.9404761904761,1592.2219451594656,1869.6133449255783,1676.25,3996.8565236451254,164630.0,9.149694279219938,739764680.3058825,-1291.9345238095239,5023.174717224207,5186.653936168426,585.0,2426.604158450588,158656.3981693153,12.72519943694467,4743373133.282353,678.3988095238095,7258.1705529337605,7289.80553377373,1528.75,15060.986514541133,347389.11789145716,11.782685075947724,8899217210.035294,-811.3333333333334,5811.679859872771,5868.039244196359,135.5,8633.684092185655,184257.67777463613,11.038948904306086,5826139031.552941,final
-3166.3481012658226,891.5989684817164,3289.4846129731845,-2516.25,6965.534468014693,34093.98818584485,2.86066863538931,3252570476.0499997,-2126.8291139240505,1564.8092826447296,2640.4602195234975,-1838.25,4725.204071686242,72206.94369248523,5.1232850973594495,1793575631.425,1073.6455696202531,1658.9010968296604,1976.02319273531,1768.0,3516.357370445796,169636.0,6.27179771184994,789079908.5,-1114.620253164557,3443.429109624232,3619.3345164231714,704.5,9440.590348648637,203561.33086080523,16.544661976859707,2237851547.4,-81.70253164556962,6834.859824208238,6835.348134532225,1817.75,6074.198868241331,260605.07087689338,9.213548856415025,7290847337.875,-518.2278481012659,5551.363030138547,5575.499223830698,808.75,4195.635783623791,217612.3425376581,8.285774722659813,4892125856.1,final
-3355.7455621301774,893.7634678396753,3472.728237884615,-2804.0,8119.178984440795,20077.348685245663,5.514233287543526,3918043289.835293,-1931.094674556213,1696.6175512757975,2570.5325824420997,-1541.0,5139.769690529986,65745.7873221649,6.587820939446435,1736637223.6117644,1015.6745562130177,1901.3327420158444,2155.611514164832,1719.0,4711.989993922006,171649.0,9.683160085108684,953980376.6000001,-1352.8816568047337,5252.420467466402,5423.855597670231,837.0,5403.91753857054,229450.486085072,14.135033287936691,5249931532.741177,-315.8698224852071,7627.770337026067,7634.307700058441,1910.0,18751.76866783043,262870.4958657142,12.625336602918713,9808591297.10588,-893.5502958579882,6253.427395300814,6316.9443815445,775.0,14185.813535978457,146379.15402312047,13.590574617501439,6838212124.541177,final
-3417.430303030303,903.4805642573708,3534.841864364035,-2926.0,8200.388725240333,34294.679263584,4.96093749037991,3964671274.795182,-1719.739393939394,1690.4466825753293,2411.454658436888,-1443.0,6217.716768727458,59667.71416931894,8.481884193708153,1438762060.1445787,1176.4242424242425,1835.6084918004385,2180.2368067100724,1926.0,4722.989179392908,194110.0,9.264565733047192,1006571643.4939759,-1438.4848484848485,5097.5928848298,5296.667997787655,726.0,2173.9979370521114,289235.4228526278,13.359379024962818,4940506077.710843,-65.01212121212122,7791.542311232859,7791.813534963241,1404.0,21639.607222331804,287456.9233168334,12.570047177806737,9957885659.843374,-1096.7757575757576,6953.337039150221,7039.304869262606,876.0,13887.56321264573,134185.70897841052,10.703707815377667,8324081488.578315,final
-3180.6564417177915,841.5272223860536,3290.0977897712505,-2777.0,7740.36265090534,45841.3723484609,4.7508984034292805,3392621347.341464,-2061.4907975460123,1511.1895016965987,2556.0590795998646,-1793.5,5428.623585178279,74923.2708047038,7.064252929990027,1746941288.048781,902.1288343558282,1568.2077697705045,1809.174409211225,1410.5,3559.3320680150273,147047.0,9.090772904099644,662110573.6463414,-993.036809815951,4259.859292139717,4374.073992798765,1023.0,2355.5782799901704,140776.4868049969,15.094713869454385,3259343229.4878054,357.80981595092027,6909.294446548512,6918.55314451634,2045.0,17003.707091337972,229767.93685385646,12.770934993850211,7775386336.231706,-443.6871165644172,5660.1353075390325,5677.498565130177,987.5,11936.584245845866,145678.346741411,12.230138357400977,5253995159.817074,final
-3281.7166666666667,795.6316517571292,3376.7875274520243,-2884.25,7231.645761963055,13732.878600721213,3.5398296948256487,3947167275.7252746,-2006.2333333333333,1523.8013690183582,2519.3139542343665,-1641.5,5483.193181395895,58234.03864596762,6.703784033597756,1846431686.1978023,812.55,1701.7595151783344,1885.795044536919,1495.25,3918.0216601744623,146259.0,8.609757761008836,750626534.6703296,-1111.9888888888888,3335.1811111723737,3515.6723870880423,607.0,5312.275178257328,185971.23816499702,18.146456217290584,2420593908.351648,366.5833333333333,7417.978183571616,7427.030609350026,2368.0,6715.8975985303205,273465.1179552894,10.685078827325293,9843762034.97802,-1032.4444444444443,5224.732271952339,5325.764625332634,1102.75,10528.948755266596,277585.20072774775,10.912941703411219,5239161653.978022,final
-3075.181818181818,741.8550312538792,3163.3988212479194,-2436.25,7217.964858876919,33335.86728917749,4.652776928840373,3387145302.8539324,-1997.528409090909,1554.520252393649,2531.136693311381,-1560.75,5388.796359669762,66367.59650243918,6.94270282055351,1809277124.3258426,1048.4204545454545,1781.9613856748292,2067.503767722191,1995.5,3589.333161807076,184522.0,8.956255031909324,935157184.3820225,-1024.8352272727273,4581.512642366943,4694.735917517329,903.5,696.4997841048295,203341.52246416095,18.62492788347399,4018326293.179775,81.04545454545455,6710.236692087916,6710.726103004462,1864.0,17406.69115166626,286830.4209444361,14.616077551071037,7838514185.617979,-588.4772727272727,5404.387193999454,5436.332076242383,471.25,10111.365010322163,114330.94655982406,12.892717968496472,5203402672.831461,final
-3093.8011695906434,835.0296042648022,3204.5093410628506,-2493.0,7301.105439450332,30953.560264916785,4.356532875415631,3372997936.6279078,-2172.4327485380118,1439.6377386608954,2606.150583810743,-1746.0,5379.983375525837,56134.300734867844,6.3383715923388415,1957019362.3488371,981.1520467836257,1774.980167991974,2028.1059971491911,1556.5,3318.122801134461,167777.0,8.357332676429854,862927967.5697676,-1235.970760233918,3350.225357571257,3570.942966033855,572.0,516.1014166032331,136826.22872138725,12.984888344352855,2427556774.697675,202.36257309941521,6868.720631115145,6871.700933487883,1824.0,16729.03584978149,300145.83977156883,13.498900370699488,8034682910.709302,-340.9590643274854,4871.465176231536,4883.382643904082,1123.5,9644.089946637143,173883.25489466568,12.389529073365033,4073964775.8720922,final
-3252.5207100591715,911.1024863841355,3377.720934307506,-2803.0,7583.661938081995,45651.2031120705,4.361126213948261,3694094806.670588,-2128.491124260355,1620.367900070236,2675.0825403402296,-1748.0,6523.6751096981625,80252.2409129935,7.862273522199226,1963407643.058823,622.8165680473372,1639.5446028743033,1753.8548920160188,1212.0,3272.7483934914057,105256.0,9.743915164803113,581956829.1529412,-1048.0532544378698,4021.4056658969816,4155.733287140328,734.0,1162.9746176183498,197082.69259805055,16.594682534288705,3086021892.9058824,403.66272189349115,7106.919262729353,7118.373760909159,2229.0,13111.870608734054,279913.1606429477,11.638899646212344,8540442708.270591,-917.9289940828403,5888.681294772868,5959.795384875709,333.0,15710.967476330501,124583.2585216199,13.77997527395316,6108988676.858824,final
-3316.019108280255,1043.9764040048751,3476.473710327568,-2371.0,7561.615800558626,37590.79457478871,3.5167793432540324,3600915028.5443053,-1341.2929936305732,1455.6961224029335,1979.4236776247276,-1129.0,3112.595861638712,79841.70401674531,4.80119688684388,891917043.2025315,1275.8089171974523,1720.5362855761507,2141.946195212362,2359.0,4699.178487913489,200302.0,7.9158051474311915,969676355.2151897,-1919.0700636942674,2687.4181347084545,3302.2789313029552,123.0,6804.490241268624,178518.43769035724,12.100798795913006,2275800992.050633,450.12738853503186,7827.430370200214,7840.362291772111,2312.0,18728.97252077479,452392.30807651294,12.056885092850408,9621518044.126585,-882.3885350318471,6143.535957348309,6206.580667806329,1161.0,5681.3214583962435,322740.36157702724,9.376955640108092,6131088221.367088,final
-3199.203821656051,1073.9673383334573,3374.657158335604,-2656.0,8070.781751385267,59306.4391992555,5.030852574864424,3373358556.2911396,-2108.7452229299365,1298.5130884288878,2476.4778731195956,-1799.0,5479.981783960408,74070.13888809933,6.462697080043086,1650507815.556962,1003.687898089172,1766.6626417778646,2031.8676843299131,1571.0,4093.8629332952314,157579.0,8.697273034103947,801229112.1518989,-1564.4522292993631,3603.6304402128676,3928.570112316762,100.0,471.01829664658413,195180.48333563033,13.798440894788168,2789576301.189873,31.070063694267517,7604.807926999605,7604.871396375747,1773.0,17838.446904281634,351222.15782095556,11.704062556692541,9022631395.987339,-390.6369426751592,5850.803583713587,5863.8297891547245,587.0,9762.980043175674,157015.5405364878,10.48269150625934,5388005723.898733,final
-3218.910714285714,823.0933728085743,3322.479328288554,-2751.0,7713.734785917661,44061.72808195729,4.9235923272381905,3552948190.1294117,-2050.059523809524,1478.1976102769022,2527.4121599356276,-1755.25,5717.207509472292,75136.36666860641,7.409196897257641,1758285001.1529412,979.9702380952381,1734.67233225895,1992.3427837240113,1668.0,3302.7229387635057,164635.0,8.365464440551575,818463328.2470589,-1246.0833333333333,3311.5268443234163,3538.210524302605,213.5,1385.3304752588688,180019.01088142526,14.143879276018094,2336226834.117647,320.2142857142857,7310.860818430521,7317.870120140019,1837.75,15037.996346549708,309120.19467748003,11.996298113460277,8907843616.470589,-519.1904761904761,5815.129917019401,5838.261273905182,458.0,14429.736959524436,149607.91781621976,13.156028310373006,5703806453.835296,final
-3357.181818181818,873.9848433102762,3469.0804641383957,-3117.0,7883.690846440021,49302.69034751791,5.298284401000302,3822191393.1325307,-2060.3454545454547,1445.0160768930352,2516.5640970468953,-1739.0,5278.2372773505585,61961.037805944834,7.311259418837852,1734875116.0481927,670.7757575757576,1839.8725725029624,1958.3337815602324,1103.0,4016.7622608962733,110678.0,10.650771080594255,702767669.3012047,-1301.1939393939394,4143.590473354282,4343.091949151881,580.0,630.1644233202175,191275.8740404936,20.53971256562831,3371234577.493976,241.14545454545456,7459.94784875308,7463.844387201788,2173.0,16372.68885594362,278733.17938642314,14.281292392889222,9146144309.855421,-240.02424242424243,6045.397530053917,6050.160570871928,859.0,9022.072476004312,156427.39657397167,13.871417147095668,6012797805.277109,final
-3279.3397435897436,948.5799541662727,3413.7769527802097,-2775.5,7210.098322708674,45795.74390900327,3.5463550120717753,3451391156.2911386,-2357.108974358974,1493.6275905158654,2790.4992557164114,-1824.75,5368.354675647883,87535.29137766772,5.444852360879997,2055138531.2784805,716.2564102564103,1641.3127441159318,1790.7905430928456,1253.5,1866.9159890614558,111736.0,6.906691010898322,572968242.8607595,-1754.948717948718,3557.177990174291,3966.530001955142,-84.0,6223.288226578241,96395.51688920897,11.825962838494256,2897712734.7088604,639.2051282051282,8414.241987675015,8438.486322977416,2458.5,14846.600409452141,418321.2857270479,10.937124913334268,11030907340.91139,-225.10256410256412,7194.450213469823,7197.970897305819,1844.25,13714.106191590887,238454.84411499044,11.546060490672417,7988097186.50633,final
-3300.2191011235955,928.950841260098,3428.4684307863877,-2786.25,7451.392792471929,19661.01828432095,4.213430570234185,3986171764.6888895,-2104.3651685393256,1628.5381762092775,2660.918892776062,-1539.0,5909.934767092202,61214.78737723735,7.762796145477348,2025816198.6,787.3876404494382,1659.5942922604372,1836.9084112268513,1292.25,3668.1907702369804,140155.0,8.919866751410266,703072306.8444444,-1068.4550561797753,3930.3591368485995,4072.998791024298,678.75,6343.163389170172,176687.7629465032,18.645714433233547,3121193840.288888,12.674157303370787,7252.960687644954,7252.971761339383,940.75,9636.49962059981,253771.7898150904,10.896159127295585,9259785969.8,-499.5168539325843,6295.163690498078,6314.950750206061,470.25,10603.505877074796,187889.7316095124,11.435547810669195,7063476992.422222,final
-3226.144578313253,800.0821664510557,3323.874292636984,-2644.25,7858.346377767716,37057.41257109723,5.080637958190888,3519321946.2380953,-1805.0602409638554,1319.5431104997715,2235.9419701718343,-1493.25,5055.669784636819,44071.720025286566,7.107917953450195,1354458324.5714288,1065.289156626506,1734.1688577620748,2035.235272507292,1727.75,4176.323357255787,176838.0,9.334664849303712,865567024.1904762,-1041.7650602409637,4316.717899134356,4440.644982594959,851.75,1989.578864441285,218652.15547380384,13.678040681490746,3412450524.5238104,184.4277108433735,6771.0874474251095,6773.598659590397,1866.5,18404.87998276996,238714.2254608368,12.888684469317804,7531448557.476191,-416.4096385542169,5146.291487387797,5163.110792946532,688.0,9742.406254002288,183833.93472475454,12.465497745538528,4400992263.738095,final
-3333.0416666666665,992.9519083578559,3477.8039398516444,-2738.0,7711.127281589258,40458.421710402734,4.197146430602926,3852458434.176471,-2020.3035714285713,1487.7471373688304,2508.9874582142074,-1824.5,5037.738304958447,61366.240521773914,6.09693037958703,1722769129.658824,915.7678571428571,1764.4980534513218,1987.9849468266916,1479.75,4235.0406130229285,153849.0,8.341913298524657,795376280.8117648,-1183.625,4696.353806903085,4843.212489684724,608.5,10151.007404295757,221128.61370291963,17.552087990029595,4127037321.0941186,-130.17857142857142,7917.49322877109,7918.563347482625,2104.75,9839.675252052655,230792.42766310772,11.81511067022863,10413182323.717644,-625.1428571428571,5456.238421997987,5491.934204770102,1047.0,4378.267995958933,249271.79951288772,12.78579813869319,5072387987.035295,final
-3533.0,1081.512426841118,3694.8285656322087,-3078.0,7458.693764480958,29792.352332446884,4.101635378979191,4391094205.558139,-2165.7294117647057,1445.9928271584795,2604.0889272788804,-1923.0,5553.3176261945455,51893.71019996441,6.777508551519699,1927507804.3953488,679.935294117647,1582.0500518003164,1721.973975003175,1172.5,2913.1035873141564,115589.0,8.239180968884972,575901521.3953487,-1454.5823529411764,3677.090569320084,3954.340005167814,275.75,7881.683959310784,258931.541867197,18.88651580692388,2983046691.8372097,110.18823529411765,8587.864124646536,8588.570991182889,2744.25,4733.484301685917,316623.0346585364,11.649244163110488,12396068611.162792,-688.2705882352941,6650.004164329939,6685.527038927843,306.0,8317.677195883061,383781.16585057956,11.03807171556959,7589621984.255813,final
-3025.719298245614,874.6693494767765,3149.6069187582852,-2198.0,8098.827087719466,14969.266888449052,6.186142581350472,3242861073.6279078,-2082.5204678362575,1539.1378286004865,2589.5630431379664,-1688.0,6345.769539771209,70769.78898163476,7.9623719913367434,1877328004.9767442,1120.7602339181287,1960.5837195742483,2258.3161920758157,1625.0,4354.133236181306,191650.0,9.313323104105091,1080573193.3488371,-1407.2163742690059,3586.4822060064494,3852.676022975679,120.0,9301.324829821233,181755.69022408617,17.430834454786357,2860070788.8372097,337.9298245614035,7294.188484279674,7302.012202846988,3643.5,24591.876881689994,325734.95792996505,15.943322918604716,9084019052.406977,-383.1637426900585,6391.307305442568,6402.782483133078,1153.5,19559.873629987764,104073.0223338476,15.059005808831708,6994453656.825582,final
-3288.4823529411765,918.7182901996699,3414.4047039495686,-2824.5,8099.1075040000915,46384.62909428639,5.475922795704983,3775868967.2093015,-2029.6588235294118,1435.2289963047394,2485.8393374803422,-1844.0,5759.639931098526,66256.65316088905,7.53970553594345,1730461586.790698,729.6529411764706,1617.3445966324107,1774.3159129150395,1239.25,4019.9347500910435,124041.0,10.757016305724932,618435358.0930233,-1338.035294117647,3926.3654049097336,4148.093988951609,202.25,4203.232543212634,220893.18559355638,17.42060866811278,3191986775.4418607,333.8764705882353,7518.578762132344,7525.988313836263,1778.0,16819.555660068796,377351.78067508666,12.87045540876649,9535761139.511625,-701.7117647058824,5721.345948636495,5764.217107700393,277.75,15869.567026477098,122142.30725753152,13.905623667195368,5665726491.348836,final
-3173.646153846154,911.8550649134345,3302.0462700014923,-2458.25,7364.3137556336305,37824.52295796576,3.0231514009680556,2685506089.545454,-834.6076923076923,1934.7364896947113,2107.0774272948265,-171.5,3403.61784389923,91552.88900119539,5.659613245699816,657610525.2727274,2048.3615384615387,1755.8216091437348,2697.9055794049973,3032.75,3439.2505876918517,266287.0,4.146526752389349,1469083256.848485,-2007.253846153846,3555.7852909817448,4083.2189554886154,13.75,3063.8037569165867,137033.0756188249,9.375480898148124,2650453941.090909,539.1153846153846,8637.108944401225,8653.917974847267,4372.5,16289.44583223577,427312.7322809875,9.038339284524888,9625576166.939394,-1217.1692307692308,7094.896110410272,7198.54511369111,2497.25,6832.645416852868,196984.95455348192,7.896248080722742,6824134865.363636,final
-3047.5977653631285,863.8255340582934,3167.6563406937676,-2532.5,7943.674072388401,27551.376004983667,5.993021463254884,3439405336.0111127,-1469.4078212290503,1302.0814905310347,1963.307299704411,-1007.5,3775.70449701164,60067.369218432636,5.244950421501087,1070478221.5111111,1364.8938547486034,1532.2837029333325,2052.0303557709826,2241.5,5422.137997534367,244316.0,10.410342115337247,1081163702.3333333,-1131.977653631285,3077.2594169250197,3278.8563444247297,206.5,1742.6951860051556,160287.11137049034,12.090509558372048,2141811321.7111115,260.2960893854749,5845.474048908707,5851.266607377802,1293.0,17145.037024978406,284460.0258722444,14.47593163982724,6106493927.4777775,-737.3575418994413,4912.736370202813,4967.763559964333,488.0,4899.766622766687,176982.31454278706,8.822706674886485,4489722150.233333,final
-3479.074285714286,850.8333798082433,3581.602340533394,-3036.0,7913.526560257006,37074.74059426701,3.8864001061664006,4338280636.897727,-1552.2342857142858,1443.7280935021479,2119.8542604892173,-1281.5,4882.811102290506,66737.35365717122,7.63770334875965,1201198348.0454545,1168.4285714285713,1609.47267115154,1988.875965392082,1937.0,4495.918689956018,204475.0,7.791907355970447,925858642.3295455,-1197.2342857142858,3222.589644896774,3437.797834993459,130.0,9134.887513432264,184552.1733226134,19.45208653566634,2305892651.1704545,64.96,7878.075605744627,7878.3434205058975,2211.5,10034.581601063115,418955.90249627637,11.089315731349327,10800970269.170458,-950.24,5649.461835264868,5728.8196939434465,1169.5,8120.106861910441,180982.5139802367,10.006768853871012,5867877223.090909,final
-3332.5348837209303,968.8992719425084,3470.526552324243,-2610.0,6824.344249060003,43419.35309139235,1.8945575426164154,2963422022.169231,-1696.6356589147288,1810.6862673385585,2481.3619884711416,-1203.0,3912.270511880718,98103.02737647467,4.199430067154534,1156642929.8615384,1551.2093023255813,1852.3538249013457,2416.0846409528085,2498.0,2635.3889170335483,200106.0,4.3134037023905085,1055258970.553846,-2035.4573643410852,4370.345398174496,4821.1000385176985,608.0,7703.871203722103,119794.20001108077,11.170392039691194,3505630471.969231,706.1627906976744,9262.593427572374,9289.472691787885,3823.0,18235.47837042783,448949.29627114366,8.860930811087657,11110167641.861534,-1267.8217054263566,6350.508526850932,6475.826621085264,3200.0,7098.175722427521,208826.87209425485,7.069558611964748,5573928846.353846,final
-3462.8313253012047,968.5338294441563,3595.727821493871,-2862.75,9220.13549332444,36461.406212436916,6.660889526925258,4087556332.785714,-1589.789156626506,1440.7582918536586,2145.5101999459916,-1306.0,2634.727787096862,65611.33663989292,7.445277989006638,1169596656.1666667,1301.144578313253,1912.1573423723994,2312.8603320699353,1926.25,5485.35155608961,215990.0,10.003686097045565,1155118575.1190472,-1713.0963855421687,4268.855265743552,4599.763527185294,153.75,23398.66876765534,182265.30500495824,20.287442735551355,3952237627.6190476,-42.7289156626506,8491.40402371617,8491.511529416706,940.25,29972.50167425329,351099.21952913416,15.068337806876087,11827854608.190477,-967.5120481927711,6726.695711986836,6795.918978700396,969.75,9711.490973701795,214385.26943246552,10.475406789542815,7728923845.500002,final
-3927.874213836478,1455.8731791394432,4189.004959827467,-3424.5,10694.840930058082,36808.025244960576,6.661629609148666,5210407525.8625,-976.3207547169811,2488.159576776849,2672.8524642406815,-138.0,5008.538677207686,78271.8881012631,8.472433795300756,1279430725.2375002,344.72327044025155,2632.841698184204,2655.313454355343,2055.0,4505.282080969335,151587.27898686702,9.508970172158287,1132829550.025,2230.5220125786163,10511.15673270922,10745.214949370538,5096.5,23718.418545174292,766438.607213875,12.746461246961102,19029462613.524998,1303.0440251572327,13363.771757130475,13427.14859187073,3711.0,11415.11014030159,439374.9954218544,22.278233061472456,28754963814.2875,339.748427672956,7833.510555443579,7840.874735407536,451.5,16183.274883548997,327037.85916664003,15.029306876742115,9732354773.6125,grenade
-3944.529411764706,1185.3510886582565,4118.782524443374,-3469.0,8370.025720264548,56121.976113411576,3.959722492350267,4943810820.857142,-1294.888888888889,2606.3902204233295,2910.3276818403583,-45.0,4369.388799435381,88722.14956299712,5.701188243290728,1542371044.3896103,424.359477124183,2432.676238473528,2469.41180183841,2367.0,1643.5435025111271,156284.7411545694,6.471713186372733,954308259.8831171,1637.8039215686274,10648.561683880573,10773.776850339673,4084.0,24448.959061372112,710479.7333700652,11.638511719201382,18051784881.779224,-453.7450980392157,13528.95314488386,13536.560043469593,2078.0,6999.65985928425,555974.8794013845,11.19661712665959,27884731245.545456,29.50980392156863,8447.481867990875,8447.533411509072,551.0,9821.13240522468,425936.69982989604,10.303748258856185,10847440505.805195,grenade
-3764.0,1613.8547446986365,4095.390474299893,-3460.75,10058.96278865895,41283.172550411145,5.577569549831546,4456193350.837836,-1336.1849315068494,2267.6762350247946,2632.061108348777,-517.75,5614.722814155893,82371.28890568415,6.899916501707311,1254932984.6756756,226.95890410958904,2581.621317786192,2591.57847124156,2114.0,2010.2030887619403,128881.93364102062,7.210962234783576,974746559.7297295,1832.13698630137,10456.341428216016,10615.639500284475,3823.0,21582.903835142642,581460.6528232873,12.093065733389707,16714503321.891891,1596.8082191780823,13356.324520725982,13451.438629075361,3485.75,8364.762741494234,359469.14828940976,19.815203846801325,26427744239.594593,16.5,7188.559818468413,7188.578754781687,282.75,14455.998952384669,424902.6411783267,10.960455284811621,7442788639.891891,grenade
-3834.5064935064934,1450.5562893797446,4099.701647364427,-3351.25,9144.755557574686,59111.776860029284,4.566259128547999,4790481149.9743595,-1551.2402597402597,2474.9695001536566,2920.927998107771,-1520.5,5428.06630278033,97412.52068040702,6.0130548178370775,1662885065.051282,276.62987012987014,2400.831598218392,2416.716046218907,2213.5,2909.131495771839,146816.6208503762,7.4706560682402765,899545534.0256411,1709.4675324675325,9705.453116521547,9854.85156872281,2078.0,27563.807589244567,558985.7271097652,12.393291111954403,15209139207.846151,-208.83116883116884,13071.500345529748,13073.168389501443,2892.0,10703.055734311578,460781.7854634984,10.197822835781585,25989145975.820515,-492.88961038961037,7920.977895782596,7936.298318076664,493.75,14093.770103691862,271001.28376185463,11.191420443897822,9612263885.307692,grenade
-3488.5290322580645,1448.8109621326855,3777.4181675985024,-2982.5,9614.116472341302,36573.21361648178,5.970821123715324,4071732793.551283,-933.3354838709678,2329.980130823269,2509.9646482538096,171.5,7133.867237121914,83030.16648594085,9.42152459019102,1104385767.9743593,466.43225806451613,2401.2032172584477,2446.085841080702,2304.5,4472.93367375631,124153.7738929137,9.533509738960094,954977578.2948712,1203.0709677419354,8124.622642639237,8213.213307756574,2206.5,15434.033198301648,526096.0752573776,9.111892103307705,10611696593.115387,385.01935483870966,12467.981541103709,12473.92494818304,4896.5,24986.888648826553,379459.699363057,11.770489989282316,23986043080.02564,-1345.9935483870968,7543.000189876339,7662.1505138423245,243.0,24702.133394509554,156811.60274217257,13.234818617162553,9320506316.192308,grenade
-3481.6233766233768,1527.2298072421381,3801.8590479894465,-3494.25,10020.70844326537,43078.88506849182,6.199751916124254,4040214906.6153846,-1117.935064935065,2136.859890256877,2411.627873449799,-620.5,5464.777701051177,91914.55908117977,7.607129087534488,1074179029.3076923,566.7337662337662,2230.815359768558,2301.678589892349,2480.0,3595.36076222571,107880.4091560325,8.161500306381658,854225277.7435895,1060.7077922077922,8027.819431029326,8097.59136025413,3201.5,13553.155739406182,465852.5417855627,11.44302490418437,10139525910.35897,2372.0844155844156,12305.630341565751,12532.171502892947,3911.75,13210.034869358742,365301.0,21.925973535288215,24765490700.897438,-754.4805194805194,7611.158974685274,7648.462707773882,159.25,21267.769386880947,244713.51821526754,11.595506821045674,8980047372.102562,grenade
-3714.891719745223,1588.565044026656,4040.2919929795958,-3393.0,10354.65415221212,48204.56340534636,6.428059795074723,4699593921.594936,-1061.71974522293,2264.6169340007577,2501.1474716935895,-813.0,6078.547831243044,57158.17354470512,8.132644506406828,1151792776.607595,-39.42675159235669,2243.4732802697586,2243.819695970574,1456.0,2386.077887257564,122402.5656474602,9.363842484661085,785691757.4936712,874.7579617834394,9876.075931324654,9914.740404720318,797.0,8823.229611887258,466579.3984660121,12.351365318459365,15455122498.506336,603.2484076433121,11649.788371635716,11665.396596139495,4737.0,12793.928135792181,451466.19197573926,10.148635940056906,21286343854.696198,-1030.0063694267517,8053.839894790239,8119.436567396442,148.0,26730.938391752978,269066.13304282416,12.128492325373836,10450265436.77215,grenade
-3609.37012987013,1655.1430312552961,3970.7746332814822,-3318.5,10946.91843592478,56000.91621495664,6.804915549033535,4377529441.487181,-1367.4805194805194,2251.1612190236606,2633.957062139549,-562.5,5610.171124498391,52667.688906693205,6.611847639502901,1339005468.7179492,356.38961038961037,2403.9522552676335,2430.226326908669,2168.5,4815.206053592591,125952.84062675037,9.605154703599654,917186342.2564102,332.0779220779221,8181.329149732689,8188.065852360825,1547.0,12671.982509724145,464105.75007716124,11.476842180577458,10209253065.384615,864.4675324675325,12928.568687750432,12957.437726208505,5903.75,21289.89303110678,363022.82596929284,22.221318584078027,25671074250.794872,-1080.7402597402597,7664.469644570001,7740.29033315666,268.0,26553.10897368037,182594.68869215035,14.452707756679398,9286075519.4359,grenade
-4002.76,1927.6265118187878,4442.727944255271,-3539.5,10490.56781611384,65332.664952345374,5.553045944034926,5293416456.973684,-1202.18,2405.996087749659,2689.619662083594,-696.75,6422.328990664432,97805.4791891084,8.188128476203119,1284775007.9473686,-63.79333333333334,2197.7552071653076,2198.680863608905,1119.25,2212.1170061055545,121629.99517063788,8.702297437181151,716196933.7631578,927.9333333333333,8481.458250141239,8532.068583878121,2834.75,15496.073096833848,465735.114463666,12.750312059060626,10903279565.23684,-232.96,12087.097027204947,12089.341789637128,716.75,17961.496973663947,373023.40477375186,10.830984743806107,21642583008.94737,-1627.74,10186.519246815045,10315.750669405175,518.75,27783.98139532282,310448.76982543955,11.888523259944265,16145444990.210524,grenade
-4397.475177304965,1750.1213760605626,4732.939125528391,-3614.0,8826.816503928754,70923.65501950953,3.4063635910538603,5843684031.239436,-1123.127659574468,2131.810301365484,2409.57068804989,-902.0,4270.002365492981,71628.62175889329,7.024347752218213,989492300.4084507,387.78723404255317,2431.1749568969126,2461.9079206845,2056.0,3223.8334638437263,144773.3547127326,6.776736080003647,869635478.8732394,1276.0851063829787,8185.019748079099,8283.896515238303,2433.0,26136.07618021203,503123.54839372373,14.371186370306898,9835681582.056337,-92.0709219858156,14222.115180511513,14222.413201085508,697.0,11566.356275370093,315198.47182084003,19.827004856823397,28321396550.267612,-569.3687943262412,9059.197570191513,9077.072294507536,383.0,9437.097135805483,479722.25840965996,9.921299211877281,11581021633.971828,grenade
-3960.9305555555557,1390.9917657555316,4198.074434587044,-3415.75,10201.908188468193,44943.71007287813,5.239082028914491,4731337662.71233,-1512.361111111111,2286.150420378932,2741.1165380187686,-1511.0,5093.033913715591,60436.8989239977,5.739120999717301,1392007439.2328768,101.71527777777777,2512.4122888592615,2514.4704227619072,2302.5,3146.1702475422885,129984.69689756159,8.302060468806529,899455286.9726027,1024.9652777777778,8362.46063469658,8425.040159399836,1214.5,11546.427515438552,445126.6625306426,9.122042144579341,10230498816.835615,3077.3611111111113,13523.334333975763,13869.056309521085,5540.0,10963.54641192076,443140.0,19.842150393232735,28698165280.13699,-553.7708333333334,8122.803040342962,8141.657777630767,912.75,18329.435383333068,278286.87244535616,11.689447700704353,9458235042.315065,grenade
-3364.74358974359,1909.5019416127889,3868.8108107974977,-2729.0,8949.281615718408,60950.83016290289,6.045542297557811,4049205240.962025,-1581.2948717948718,2122.131210502566,2646.4947281553095,-1006.0,5883.9060622053275,48906.10874235247,7.332203674225539,1463927651.746835,396.6474358974359,2422.504403966485,2454.762060901428,2037.75,4516.908865727339,128218.40214303354,9.42168541088804,952374653.1012658,55.044871794871796,7961.340596541538,7961.530884952421,2190.25,6583.319220498363,404894.76293165813,16.023688741720516,9763836678.316454,720.8782051282051,11938.895444197244,11960.639189194804,5131.5,24637.595174994258,241896.56512151664,22.985598144766783,22114534565.151894,-912.3589743589744,8102.188994299167,8153.395942638619,349.5,23416.951816775003,199462.16890927756,13.125043410898478,10367572626.405064,grenade
-4104.901960784314,1737.2625140363486,4457.3872560421305,-3389.0,9704.608312833378,63443.66809256969,5.064014447669113,5581453663.168833,-1756.9084967320262,2690.129579597579,3213.024217293582,-1633.0,5481.357399839228,118702.38705212105,7.387391988919053,2038445396.7532463,184.00653594771242,2424.9501537811648,2431.921391327189,1783.0,3217.847464509132,145465.89309356842,8.406437564021381,904149832.974026,380.9738562091503,9553.149611650833,9560.74309777746,523.0,4727.125110997463,502230.7842851521,16.62739248189915,13916642848.116882,-293.37908496732024,12691.207465850595,12694.597993979887,2204.0,15348.346597110274,451145.1197512779,25.501544980148704,24509358212.246754,-208.9346405228758,12063.344125863114,12065.153342705866,124.0,19698.316524908314,473571.3007075225,10.766186332886797,22133905517.51948,grenade
-3734.7655172413793,1601.6556951191137,4063.714364283341,-3322.0,9526.002899121218,50245.341948938156,4.120847622511051,4386772343.602739,-1654.5931034482758,2254.1589286948038,2796.231537944078,-1094.0,6559.464917330091,52220.90575500877,6.216556889647204,1520221143.260274,113.46206896551725,2495.2812128735827,2497.8594781159713,2021.0,3338.1349274654153,140009.37381643138,7.178595297210481,900356111.4657532,458.75172413793103,8175.186646002633,8188.047987242094,998.0,15118.8341862688,446368.19016339135,12.880416754862205,9685120597.780823,1203.903448275862,12992.61974768442,13048.277718560777,4364.0,11812.38712816438,429589.3944830653,20.448232883852363,24726974705.315067,-1587.296551724138,8822.529448167414,8964.180732610012,270.0,23523.900140180125,198352.10863257432,8.922670266120182,11934718347.356165,grenade
-3468.701986754967,1630.792546097341,3832.933315533223,-2847.5,8962.015446171848,83100.01628194866,4.757218201914659,4008666502.13158,-1449.3245033112582,2195.1347302845843,2630.429242538183,-797.0,6172.147232929604,83727.92477257119,7.0989514052428655,1353014267.513158,332.4039735099338,2274.50985966341,2298.6708122981113,1933.5,3480.926140494117,133974.62454158821,7.079908102415182,809192475.0789474,331.71523178807945,7747.874070625523,7754.97179938596,1402.5,8014.613955292394,390327.8078905469,14.129792357062659,9037839769.73684,-138.56953642384107,12895.630771704484,12896.375247198583,4834.5,22575.805795944947,391798.1546848918,9.607501280888503,24951448718.73683,-870.6688741721854,8152.497941432286,8198.858882400034,130.0,20094.62661174849,479341.6448718589,9.869301864534156,10197349921.868423,grenade
-3668.2697368421054,1800.575565765433,4086.352313526473,-3417.0,11137.762293416188,64275.926504879855,6.901760799909674,4523968169.987014,-1499.6513157894738,1999.977645466741,2499.772919950088,-1272.5,7469.629679492161,23780.976132109456,8.73393349567313,1274911144.9480517,10.394736842105264,2390.9502877294103,2390.972883356766,1432.0,3779.413307338524,135343.35138411642,10.431513786256495,857688745.3766233,519.4736842105264,7776.943548710752,7794.273787109422,1231.5,15038.286189278153,434280.0812608435,13.483669147534052,9154895579.038961,1923.7236842105262,12720.307010320446,12864.949407207165,5006.25,14640.500635616738,332784.93066060223,21.247856943219002,25385584851.03896,-832.6381578947369,7664.957321738348,7710.049094918439,423.75,25980.099394007986,214937.6552388583,13.56011136141218,9022575983.337664,grenade
-3539.2695035460993,1583.1884915284927,3877.2302508929897,-2851.0,9770.271239839281,59701.78220033578,5.761798129297559,3858502105.0845065,-1716.4113475177305,2166.242853490062,2763.8154812115076,-1202.0,6762.208342144263,72585.82162032543,7.055377631676599,1481938690.380282,351.5744680851064,2480.3313414952127,2505.124382184,2350.0,3545.6754303920825,137602.69508633632,7.975759072362999,895940453.9154931,830.6170212765958,8647.175301230265,8686.976765609606,1725.0,22313.480585111647,423373.10806876235,11.308818175473842,10662024886.901411,3227.2198581560283,13129.14525426887,13519.963133106812,5359.0,9858.897083544834,455038.0,19.661266009039057,27049969752.704227,335.73758865248226,7039.55043862524,7047.552064822436,945.0,15224.534189558175,208307.40106833738,11.192489240258892,6969649945.253521,grenade
-3929.542857142857,1872.7739905263093,4352.997758523922,-3245.75,11537.89677008542,69018.32199953918,6.012216153197857,4746782576.704226,-1932.1285714285714,2589.721060111238,3231.0642187542926,-1303.0,8423.63991149839,57065.19914900982,7.039128651584899,1956272916.6197188,88.55,2659.2995031586797,2660.7733744157917,2085.0,4195.597522753436,127404.11074716104,9.577752508058978,978299942.7464784,592.4785714285714,9485.820611740042,9504.305526218855,482.25,15537.924278575756,466076.6450243539,10.103822145636865,12516790120.492958,866.9357142857143,13351.203974179745,13379.320800879885,4422.75,21270.760953894078,386084.4808918488,20.475317012476246,24812413963.535206,90.04285714285714,10778.402914341139,10778.779017124341,1123.25,25609.915879415687,266950.08290124306,22.279186124499354,16038102662.394363,grenade
-3745.103448275862,1663.5248605633303,4097.940311912803,-3340.0,10100.346207659515,52560.620785692256,5.569016268173607,4438134796.369863,-1648.9310344827586,2349.1986591328,2870.140745077099,-1400.0,7829.34332571127,40319.0171024494,8.94937723973293,1577837175.0000002,89.3103448275862,2437.25533737197,2438.8911245156846,1008.0,3300.221205073338,144637.82753066902,8.631747427109026,857728736.3698628,916.551724137931,10546.240506769935,10585.993382279019,2322.0,31729.889696820836,478504.9269044788,14.345949459684135,16258851815.616442,1616.8413793103448,13807.101704245943,13901.4471734867,2862.0,8986.311259833,331294.52069560013,20.06999732238124,28205816514.136982,455.1310344827586,7542.744257990633,7556.463140914538,705.0,17781.38286156665,255480.19992233033,13.181627132021646,8252640757.643834,grenade
-4130.724137931034,1740.1788353708168,4482.310150219261,-3395.0,9816.35894954492,73177.15439780086,4.471673632328387,5350428490.205478,-1467.7931034482758,2290.626964005335,2720.5492979835194,-767.0,5790.036679790653,85502.45282801354,6.230287400154263,1376101381.8493147,348.42758620689654,2720.8890224230845,2743.107517975264,2545.0,3563.277860181485,143417.59058756047,7.339991241129384,1101082222.0136983,747.6206896551724,7804.994833167978,7840.7194211615115,1600.0,15320.752867531584,428899.08475979575,13.043872976697015,8933582656.986298,3152.441379310345,13599.057829877655,13959.665487050355,7014.0,7925.162299269313,457104.0,19.970253966001327,29494064000.315063,-1102.2344827586207,8181.8893096920065,8255.79999340067,290.0,20181.200327817,262806.9568374004,10.63871785280482,9990209390.17808,grenade
-3668.792857142857,1781.569691096785,4078.483982174889,-3381.5,9913.440811396349,90528.91575526091,5.056095651001496,4153835408.380282,-1682.7,2370.3870560974397,2906.925194378811,-1547.0,7381.262212234414,84658.5226265647,7.015957290856282,1557201385.633803,125.56428571428572,2418.435123352981,2421.692555985232,1621.25,3959.4744868754915,132370.04201996047,8.829185984276297,811667931.4225352,73.91428571428571,8090.650492553306,8090.9881172997475,819.0,8880.425486326012,370901.52309044986,10.846332447329027,9036643794.507042,2216.4714285714285,13519.102366885405,13699.59395018699,5554.0,11003.482539653349,355959.5218730104,19.674655183113142,26617092351.690136,-509.1642857142857,8461.325625296306,8476.631383229003,1157.75,24185.74509448904,234056.83199385376,10.368963002024474,9953810925.901407,grenade
-3816.778523489933,1655.4180146709618,4160.313341645211,-3391.0,9235.724095261627,57160.14598807546,4.278494202332445,4717861305.613335,-1513.496644295302,2122.4913992573975,2606.8451876194654,-1508.0,5741.675566199248,47524.36806790681,7.3668168266327685,1344835036.253333,462.33557046979865,2333.5788875255985,2378.9377049487543,2282.0,4065.298946466564,132359.654923972,7.596389621241241,869257773.9866668,-40.241610738255034,6156.415212099643,6156.546731001618,2064.0,15877.678225768079,264912.3525538631,17.31882299046169,5610146379.573331,2418.9060402684563,13084.01119423126,13305.730170209228,3906.0,11105.24168491805,360417.0,20.508648705121185,27069466435.93334,147.36241610738256,9567.699629001854,9568.834405113468,1063.0,13672.869294601476,176615.90476368423,25.060564136850264,13555088080.066668,grenade
-3904.6308724832215,1626.870245788146,4229.993977180094,-3440.0,9161.419050132828,60779.45278922444,4.319533197275824,4904791638.613334,-1485.6174496644296,2648.6060170438736,3036.8030954061637,-860.0,5345.95367633427,115048.22771818172,6.062132861993818,1691602567.44,299.8859060402685,2368.5930027098207,2387.501700340236,2001.0,3273.007958100244,135481.9233158986,7.927380682363682,856972797.6533335,685.6711409395973,9879.891323780037,9903.655763566374,2578.0,17482.441803044854,467981.9608267814,12.878989284974695,14586433291.666664,-389.8456375838926,12282.05543906992,12288.24094122223,3834.0,14216.281447237783,410853.6299567221,11.333066153582015,22371628753.133335,-710.503355704698,9897.561069398458,9923.030290235922,619.0,17844.068911352333,303573.88643762324,28.35842729844697,14648418892.56,grenade
-4058.78,1389.862328290108,4290.1529553152295,-3316.25,9628.415757584044,34116.8347078068,4.763567709884756,5163027388.578948,-1901.8933333333334,2767.9306256881196,3358.3683836053483,-1923.25,6957.364438622167,127400.51012965637,7.466784359684093,2204988501.684211,150.88,2330.6235529574483,2335.5022843063116,1614.75,1618.4118767668108,120883.30347794789,7.47129845164777,810790803.4210527,2823.213333333333,11456.661564107098,11799.3909893689,6808.75,28964.53994112516,602546.4385042044,26.423834230719134,21816336652.684216,3169.6,13456.475386469767,13824.727627937798,4619.75,7644.264296101936,475440.0,20.13207020401619,29778415517.763165,-17.486666666666668,11037.20588659809,11037.219738986203,574.0,19759.235679646714,396216.57405115454,12.178838764044807,18032769941.236847,grenade
-3511.562913907285,2063.370599964245,4072.9071105447306,-3420.0,10787.402260943238,47909.42732990088,6.619140046505144,4338137225.249999,-1321.6490066225165,2245.8470818856404,2605.875133601096,-902.5,5410.204856132264,52270.64454359939,6.777339670159846,1280657363.0131583,88.56953642384106,2062.3271222267263,2064.228117688136,1212.0,3697.9041944459213,118419.76705034335,10.574008412472072,640360427.4473684,881.4437086092715,8876.149656447466,8919.808054834999,2823.0,15862.539082974125,458374.5699560402,13.066507675439606,12051516364.078947,-703.1655629139073,12775.536692465641,12794.873175979666,471.0,30672.095907504154,271574.6374479831,12.231925931099775,24631563494.09211,-476.2913907284768,6728.919024597841,6745.754570726453,263.5,16026.657954581031,222894.35075148972,13.131115216275282,6860109601.407894,grenade
-4120.45205479452,1589.9672869995327,4416.5734579636555,-3555.25,10045.279968479954,65877.00511865047,5.079931833205997,5254721463.945946,-1390.5616438356165,2376.982391036149,2753.85311383936,-1305.75,5899.527593338698,50040.549261201595,6.560267381901346,1370763126.0000005,232.15068493150685,2456.0681417705164,2467.0153338668665,1879.5,3797.0887915269136,141040.5764085317,8.855855810381444,884343698.3243244,301.2945205479452,7411.107679921716,7417.229633192359,1424.5,7917.3506803457,328253.71757252316,11.978258676715022,7936765321.378378,12.232876712328768,13847.358008749567,13847.363412063447,1834.5,24711.820980068514,355133.4005518342,23.76488064247301,27646482148.216213,-1417.8013698630136,9102.194600355337,9211.95458451263,500.0,22796.12786404746,392600.19357903773,11.003272150549188,12512054142.783785,grenade
-4423.080291970803,2060.793196658174,4879.601199751179,-3492.0,12072.807221934627,64910.00695543176,4.9279362026753635,5899198316.15942,-1615.4452554744526,2314.597718258618,2822.592065956914,-821.0,7197.554659249608,40031.038801250164,6.349850101713621,1438506393.4927542,241.8175182481752,2684.853555845355,2695.7214857004706,2199.0,4573.149341631714,137722.32148732155,8.706715828235138,996306128.0579712,40.1021897810219,8678.888291420664,8678.980940213196,1079.0,14573.392536024614,435374.21448972437,10.493156470544749,10244925137.971014,3651.7299270072995,13899.174243971722,14370.879448526719,5807.0,6967.510708963144,500287.0,18.756857976961825,29902187000.304348,-1547.1313868613138,9673.450812666246,9796.390465538043,788.0,29179.69843719988,342131.58477029606,10.572968693446539,13378064683.188406,grenade
-3521.1678321678323,1568.339766180152,3854.648171295991,-3268.5,8369.339118529286,58684.48845255633,4.99267521500053,3870674114.875,-1494.06993006993,2304.8160026992605,2746.7110809544133,-1216.5,7273.764843677873,82400.79944638729,7.465673209228469,1388354567.5000002,438.02797202797206,2494.985034202788,2533.1440593015677,2304.0,5126.816743353275,131509.95711245795,9.500386311668468,938479494.4444445,838.2657342657343,7390.600099550997,7437.987582184262,4068.5,8947.04068334481,408425.2250820539,11.226674569671562,7956130589.25,184.5034965034965,12468.149359299156,12469.514424628329,2247.0,25100.57413752837,355514.3528238976,11.718062661975738,22085322096.388893,-850.6993006993007,8517.089105185167,8559.468215133118,1339.5,24676.659344636642,299045.3555629534,11.079107355457658,10506836137.347221,grenade
-4159.121428571429,1762.1468662152554,4517.018113281624,-3462.75,10668.946105633666,49848.33361730325,5.011610206290537,5203907822.802817,-1612.65,2609.130150411381,3067.278951169214,-703.5,6952.013528653473,66297.02657163373,6.827986886964718,1657566728.6056337,295.6142857142857,2828.866513504038,2844.270303108138,2063.25,3930.7750499171902,152760.00180743393,8.268798051619243,1128702053.6338031,1657.8785714285714,9381.0428086707,9526.411996954272,4464.75,18386.75711971105,531963.2024587966,11.475756632479786,12905783862.23944,1092.25,13573.179453363693,13617.055868862193,2707.25,9692.558537203851,272028.0864060517,20.3464130858868,25788488746.239437,-888.7714285714286,8470.355199452852,8516.855749461936,235.0,24930.878749914584,251535.40173655958,11.442485876879477,10121461094.084505,grenade
-3607.6267605633802,1583.2628442339444,3939.75787041092,-3261.25,9589.9393877549,48663.731766428726,5.4190512314840396,3995931801.0277777,-1841.3450704225352,1890.4026661220444,2638.972131048508,-1725.75,6525.706890496163,34792.66800462868,6.804653462125057,1449957000.0833335,334.2112676056338,2628.1342410860248,2649.299296146696,2300.75,4460.304826569641,149137.8228616841,8.229576506358327,998476566.25,204.8732394366197,7765.474343056202,7768.17641515056,1137.25,10903.172791559326,371425.7103498155,13.144674525665264,8455849586.638887,1027.5845070422536,13453.240103600026,13492.427476337434,3567.25,19386.976394521662,245836.84999798881,20.417899044686703,25673016640.861103,-217.6549295774648,7334.495880259674,7337.724680438446,382.75,20248.50364610576,189368.3400907428,12.427671222847444,7546502290.13889,grenade
-3483.304347826087,1800.1125110114472,3920.9455787965303,-2759.75,9392.826475694099,87937.42860253349,4.9076442614758,3741773735.942858,-1925.731884057971,2347.8049339380786,3036.5492416724364,-1670.25,8183.770625833908,84546.95410690086,7.426764824089872,1758744456.7428572,154.05072463768116,2333.1574684939997,2338.2376693892184,1814.5,3217.5539159290524,119115.1019604543,8.317019110700473,746951852.0857145,413.8695652173913,7510.143881971523,7521.5390143857885,1507.25,11172.879722917765,365541.1629303191,11.638796643139903,7718929558.400001,333.44202898550725,13571.052543748774,13575.148276607666,5027.5,20088.582241859265,410485.1521290093,10.784440711108005,25083378532.085712,-386.3623188405797,9263.877981710975,9271.931357675663,2836.25,27663.07251688876,243692.54356738803,11.287147314590134,11714877229.600004,grenade
-3862.21768707483,1903.6559259974285,4305.883341074021,-3340.5,11031.293281181821,69726.89883523513,6.120887110565376,4885000157.378378,-1501.8027210884354,1929.3531348366894,2444.95704092583,-1001.0,6376.441020409079,59659.885946777984,8.72235575164156,1202106676.2837837,172.87755102040816,2713.641863230481,2719.1430285153833,1940.5,3955.1406306390995,161682.48139780824,8.554782483819334,1083899476.3783786,865.9659863945578,9137.599883158236,9178.541753148249,1911.5,27082.28739289973,397070.7895620041,29.262876223761253,12409921061.459461,3319.802721088435,14018.305740903028,14406.039912216715,6037.5,10270.528550566867,488011.0,20.3297412170858,31910517828.148643,-20.503401360544217,6538.099608822612,6538.131757953012,150.5,12331.076574712766,252109.44487178963,13.973906677410934,6241436577.027028,grenade
-3753.8367346938776,1790.5750493509188,4159.020225737696,-3402.5,10475.749041912535,62965.193378303666,5.862748836331609,4582968048.527026,-1798.312925170068,2204.9841031796846,2845.326742591937,-1712.5,8341.050539108202,47227.033210805515,7.993149652592638,1654229345.5405405,9.217687074829932,2715.040069402785,2715.05571659546,2183.5,3991.1569095671994,147257.7488563475,9.825832958896875,1076305234.6486485,30.891156462585034,8517.059440438501,8517.11546097094,568.5,15159.904161419516,385370.8886235313,10.935881912213041,10591652815.770267,3182.795918367347,13413.291917109267,13785.7386422188,6786.5,10492.186548936023,467871.0,20.324577726355074,29227162392.162163,-1107.3469387755101,7308.3324122771655,7391.748094406117,350.5,25184.447332196087,260438.03042557806,12.81811355735779,8156544402.081081,grenade
-4152.322981366459,1507.4555239053002,4417.488913187745,-3467.0,9355.682063794688,42955.39734739029,4.678418594345074,5881185999.209877,-1327.9689440993789,1876.6832160611095,2299.008788573434,-1477.0,5143.932929333747,53881.69891267977,8.534067049612073,1127874380.2222219,387.5031055900621,3101.01788162601,3125.135286512603,2306.0,3289.668714428963,195872.73668606422,7.074025881819553,1586721888.2962966,1506.751552795031,9213.472903551905,9335.86542246274,2983.0,31025.007481676814,522590.9382165779,15.447380427077514,14309141377.419754,4715.639751552795,13133.698229157273,13954.615273843769,6742.0,5536.935198701914,759218.0,21.776025995450293,34716306625.19753,1938.8198757763976,5925.122462647411,6234.268097224768,3148.0,1958.0653014494849,312150.0,12.957190613152537,6820282513.037037,grenade
-3968.6711409395975,1460.9091149648184,4229.019516047909,-3426.0,10037.897316855788,47492.073020087715,5.739197708889695,4978197823.466666,-1394.3557046979865,2397.758338108912,2773.7110302255046,-1088.0,6213.292437471947,57430.791303072576,7.140096662956307,1426443956.48,-7.483221476510067,2712.5897940267487,2712.6001159886696,1623.0,1666.6526435949522,148020.87524788082,7.486718930574,1089070852.4399996,1342.3154362416108,10034.411390854108,10123.794875997595,2549.0,21460.53187310438,580651.3471646733,9.78563378416857,15436064233.29333,3280.5234899328857,13178.734011865043,13580.900725779933,4395.0,8655.180167040173,561785.230947647,20.32369876427041,28891300787.26666,-329.5302013422819,5907.617950274316,5916.801500811059,162.0,15207.42700529756,198497.93454968737,14.261012145807237,5197569376.933333,grenade
-3848.2645161290325,1694.083004697648,4204.647073525104,-3455.5,9289.57724662029,69775.74460168483,4.705606383937881,5003390564.71795,-1394.774193548387,2173.941690016568,2582.908732917337,-889.0,5395.19737719725,56642.903272324416,7.081966453123206,1327044372.3076918,375.3806451612903,2500.783802991136,2528.8001617495433,1770.5,4193.715955035894,163813.61604788422,7.973086717711689,1006545992.3461539,649.5032258064516,7151.666147737831,7181.099019581353,2544.0,17003.321397565014,426543.9380974962,14.4774506007619,8006799055.153846,-765.7806451612903,13117.818730591518,13140.151758832973,2074.0,22013.92673071088,464160.7300197883,9.536360095024948,26681611846.192303,-1238.516129032258,8224.775741117526,8317.503122545153,385.5,18408.097138831323,261126.45219229703,12.176368431394973,10890529480.769232,grenade
-3763.462068965517,1830.7710454819387,4185.136720050761,-3262.0,10543.590576306808,68180.17461858035,5.713902335157636,4561995299.410959,-1536.0206896551724,2613.201918822473,3031.2017134440603,-1399.0,7950.258994382316,43742.452619369506,7.804277840818135,1662925340.4383562,199.57241379310344,2473.546137235387,2481.584099195373,1858.0,2776.5611966176675,116576.86303491125,8.489525992699074,892567238.3835616,433.26206896551724,7277.883316782371,7290.768244369276,1738.0,9653.359535451638,346425.2566214212,12.330159838525516,7681759899.47945,1175.7172413793103,11816.077451537682,11874.426191290835,4794.0,17518.17348721655,457160.8854896345,10.04035371092206,20504315645.17808,198.82758620689654,10620.727484236257,10622.588418245728,1649.0,26163.713825916897,224473.00573764983,23.515373592633967,16255337207.46575,grenade
-3338.048951048951,2108.0029004659896,3947.942125712081,-2490.0,10575.71467823173,61497.44965953812,6.05893608682164,3795677748.305556,-1738.6153846153845,1953.7209108584448,2615.3028224561017,-1491.5,6986.64112839709,77228.30525003519,7.831861753190719,1400556598.0694444,345.86713286713285,2460.310743457886,2484.50257153661,1912.0,3487.282289431994,127952.57150737509,8.108768676295977,893561245.4861109,307.1888111888112,8229.036783058984,8234.768444993299,1245.0,11972.307669475835,298226.34623644414,13.598052993597838,9643091803.680555,3039.72027972028,12903.531380579068,13256.734947509944,7800.0,16623.667730320867,434680.0,20.325428694941092,26268575350.069443,-118.72027972027972,6986.53731915649,6987.545936649234,1862.5,21918.234963061357,145927.36816453145,13.272775218258609,6935603932.388889,grenade
-3724.103448275862,1910.1376506605138,4185.39990179326,-2803.0,8516.440071064055,65540.11690409177,4.179913753082881,4519873687.876713,-1358.0551724137931,2595.4352017746805,2929.2657335808635,-555.0,4458.337050008942,91227.53246502142,7.0314326402429135,1501258672.3561645,291.151724137931,2581.381571631574,2597.7490534744857,1763.0,2969.6562222651723,134843.9435638155,7.621249772852806,984008805.7123288,674.9655172413793,10035.485868287795,10058.158631780918,2726.0,14851.713722364877,450091.9427459102,27.040265179734806,14634283267.67123,324.42758620689654,13210.597338941674,13214.580406140212,5781.0,10089.32795891971,396115.1975435525,20.928955575462204,25162372737.424656,-616.1655172413793,10098.69269245985,10117.472710187032,1210.0,14323.564635680968,594241.462497111,10.368299481656804,14795683332.575338,grenade
-3590.078431372549,1723.160440105695,3982.203541476959,-3092.0,9192.249210329599,68499.23313127685,5.664902156939086,4369671111.038961,-1561.2679738562092,2382.385921681036,2848.3890826242596,-1032.0,5114.686073008337,56409.072263714144,5.683690748561137,1603801976.1298702,471.7124183006536,2571.943645062076,2614.8435362281716,2451.0,3360.1401467687956,127249.40699231012,8.004631077050194,1073153580.9610392,900.8496732026143,8001.012909545207,8051.567407183417,1755.0,10027.717924330547,462758.0127289331,12.287485034330734,9977594941.623375,57.52287581699346,12706.69278698474,12706.822988617268,4039.0,20938.266169327664,432921.236460716,13.018114544494349,24543980705.28571,-1533.2549019607843,9090.165992523254,9218.567587538373,550.0,24460.213962523812,351109.3399660552,12.219665402339167,13275161658.46753,grenade
-3732.027027027027,1808.6455360145105,4147.194763379869,-3299.5,10945.643165416172,69433.8928415418,6.884914583592612,4545421758.746667,-1321.1351351351352,2601.4441510299016,2917.689105476493,12.0,7152.018344526216,41499.720054307116,7.709059461406419,1497992580.96,293.7432432432432,2640.4372337602194,2656.726157958019,2190.75,4320.204688925263,134624.62352080407,9.751704454486735,1043301945.2533333,640.0135135135135,10574.855721325202,10594.205530587196,1187.5,9693.670166680822,452130.1668745276,27.357389300959102,16471435123.093334,1774.9594594594594,12399.622182495188,12526.01737789595,5577.75,22464.06044983337,373497.3089973974,21.61710528226143,23371805286.746662,-1216.837837837838,9918.894426087296,9993.255773743584,215.0,27170.202111029,400822.74008815316,10.7253653352619,14799510609.57333,grenade
-3446.7172413793105,1847.325935819397,3910.5591486605103,-2513.0,9999.05399922132,65614.6720484925,6.238892445250935,3913002005.863013,-1510.4,2184.9879803977774,2656.2154721488164,-999.0,7521.09962180556,46113.274969104845,8.180500653466499,1344561537.0136983,602.048275862069,2698.9717948495827,2765.3048432066344,3026.0,5177.821688613702,137197.7160334141,8.899862480631635,1153404571.0547945,319.4344827586207,7732.2266274418835,7738.822068434999,497.0,15165.679602653656,373301.60317213996,12.986005135502914,8639173277.013697,1921.8275862068965,12251.37700710714,12401.195903677166,4681.0,23786.23675356339,278665.0,21.22903687806701,22678642331.438354,-1323.7724137931034,8182.465566154737,8288.85493568488,466.0,24209.73385859006,201210.20820493158,10.853885123479857,10146361080.506847,grenade
-3433.916129032258,1635.6759437509804,3803.5793371761747,-2882.0,9967.1406681911,55296.591179456744,6.391252722965929,4044053673.2307706,-1527.9612903225807,2306.680113689078,2766.8463729692153,-1294.0,7348.364102411762,52875.115910926776,8.565796265031791,1538540140.8076923,504.5483870967742,2567.422531277293,2616.5296728744083,2245.5,4568.59308772352,130008.5010215976,9.044694156362551,1093568194.9358976,917.1806451612903,7979.204748531036,8031.745062863905,666.5,15541.629339218835,436457.6699461131,13.259334718147732,10064341871.17949,2390.122580645161,12594.300134397963,12819.090522568535,6181.0,15046.684619940335,370469.0,21.987415454306642,26187522248.884617,-478.5032258064516,8211.404204597404,8225.33430009912,259.5,27569.66211630315,233086.81860897792,13.617522222382213,10454738972.397438,grenade
-3151.150326797386,1553.502808945595,3513.2775807608946,-2125.0,8215.352777094691,55098.736417282395,5.981893097602054,3385620525.7272725,-1763.7254901960785,2746.1716816391004,3263.7687586291895,-898.0,5179.968955202613,119112.22500612766,5.683366680151591,2092052314.987013,724.5424836601308,2368.2881713537786,2476.6410061215197,2756.0,3565.995734690911,121907.72444054336,7.858306472257898,1012167535.9350652,408.9477124183006,8773.38851656676,8782.91433945007,1583.0,4957.1468979264355,349280.4519837947,13.116973220717735,11751139016.24675,750.843137254902,10141.16857372727,10168.926465341185,3346.0,22561.105034413606,265297.0407049399,12.87894631703109,15804241428.155842,1228.1437908496732,10972.224936527484,11040.745320346728,3837.0,26510.29006679867,260702.8264453985,23.264841635596806,18758573288.987007,grenade
-3205.128787878788,2074.190208561517,3817.7369694862186,-1963.0,10408.798494618657,54576.23948294716,6.125279121967763,3230987349.776119,-1683.3939393939395,2083.6856614472454,2678.723780256018,-1357.0,7824.614500942956,26734.836530582957,8.913661286198865,1301540293.3731344,348.27272727272725,2749.6144801146575,2771.583244612758,2355.5,5353.820996755866,127044.52824845289,9.190441796852316,1014641720.5373135,551.969696969697,8671.898354734061,8689.4471412865,1505.5,24230.80794587605,347453.61178884754,27.337219368303078,9903747919.462685,3495.159090909091,13968.052273513267,14398.702072977398,8593.0,13864.424856690965,461361.0,18.551439389324823,28583434451.686565,351.67424242424244,6659.159502538262,6668.439101696161,3093.5,14372.597935437952,154146.64862059877,11.29370434577417,5798270791.865672,grenade
-4904.754838709678,2992.437266094119,5745.54617241519,-3544.0,9177.744039818384,132599.3485869106,6.272515225767934,8788825630.474358,-1273.967741935484,2603.921899178993,2898.8623741937336,-1135.5,3950.8680677974576,95399.06058513439,12.176035808613719,1544129390.0641024,446.13548387096773,1985.0991917279498,2034.614378934677,1574.0,1943.2943302170925,106090.04893207742,10.109683426264295,668186463.4358976,2868.8451612903227,10809.769506146973,11183.979136938868,8196.5,25230.453567056375,676779.2775429498,17.01321283761527,20530850493.75641,1475.8,12216.246190455007,12305.06629912275,2262.0,3583.5922615342593,325342.0453990765,23.241761313949535,23654251477.153843,-892.516129032258,10051.157617396111,10090.706342487754,280.0,6310.93456490233,430854.3325173553,15.956433573147942,15803974501.47436,grenade
-4257.797468354431,1645.446150723353,4564.683156195586,-3486.25,10141.193760594506,43538.4088958887,4.999216450699848,6079542789.199999,-1507.9493670886077,2250.83387585064,2709.273782839185,-1227.0,6066.003460729425,96549.74412381469,8.13643688672416,1500042591.0749998,-60.65822784810127,2840.3960986305847,2841.0437197835445,1727.75,1055.6406178995665,177363.92877212816,7.290706580636394,1259935181.4999998,1839.012658227848,11257.161230724349,11406.386217012187,3351.0,39655.12543459639,664117.4032705744,13.320168602744397,20827865519.8,3986.7974683544303,13188.839040547198,13778.244782668773,7628.75,12672.210918307648,629914.0,21.476893541373336,32099739806.375,513.506329113924,6988.580449966656,7007.420742020291,135.25,8656.12745695206,247657.49680489994,12.567511231686403,7702607029.35,grenade
-3664.0933333333332,1404.0990674766824,3923.910568128008,-3254.25,8453.530271726222,49788.269663564795,4.921546835014167,4266512141.184212,-1519.2666666666667,2407.365560570771,2846.6787923239017,-1477.0,4951.538228789913,86877.94310735128,5.727967123605791,1541217879.8421052,367.6333333333333,2608.037633717905,2633.821286015182,2116.75,1983.5164266120837,138230.75994342525,7.403614287162058,1046868869.3157897,1474.7866666666666,10261.785202446774,10367.219070383982,2784.5,18742.54354804604,590820.3806717193,12.000612118132606,16232094234.368422,-224.42,12899.488451495534,12901.440487273763,3507.25,9848.484429340195,439310.7247200697,11.45866456266932,24646105049.000004,-30.85333333333333,8194.320579024365,8194.37866344972,377.0,12774.062600951484,456902.49032122194,10.503795884645854,9939825169.631578,grenade
-3764.3618421052633,1356.1356163230005,4001.1903089153225,-3349.25,9296.291464257327,43618.905812535275,5.441206034425738,4527780236.532467,-1500.4868421052631,2376.916224158726,2810.9058148575523,-1040.0,6193.426933146671,83331.48428076538,7.098834292199261,1523174018.7532468,403.1842105263158,2470.6788205850503,2503.360010486958,2083.75,4685.2566291841995,143994.75369326296,9.055697022397839,964578209.1428573,949.0394736842105,8030.960320503051,8086.841138052933,2682.5,10084.714512360057,451979.1281511796,13.24836763937217,9946396491.142853,-368.38157894736844,13416.281215145693,13421.337736290632,4571.25,22432.976602304523,467511.62024266087,11.005287809196213,27044894969.194813,-604.5986842105264,9236.762225548195,9256.52828982136,361.5,23858.218899123614,280927.7462035771,13.291298747375322,12910006511.233765,grenade
-4295.2206896551725,1426.2537302388428,4525.828153593779,-3550.0,11113.793806704623,38081.82923525491,5.63828489222275,5606480597.630137,-1509.393103448276,2357.6164915718905,2799.3969104199864,-707.0,6970.142870113973,94040.69052774012,7.184653066926401,1456613526.8767123,100.8551724137931,2682.46192370524,2684.3572299399784,1953.0,4159.207941021478,151817.8615522102,9.648424981172186,1039145576.821918,1093.5310344827585,10222.160936976616,10280.485608414983,1732.0,19431.78241258671,541350.9864280963,9.054391351958708,15392056086.945206,1606.344827586207,14215.422111640879,14305.892824890077,5044.0,18464.392023915825,350442.31297616963,19.731688955222424,29843822948.630135,-1072.3310344827587,8737.853067844742,8803.406731644212,264.0,22080.098198783813,311957.33050780697,11.316898436210687,11326119103.657532,grenade
-3310.755,630.5871271878297,3370.2728072071554,-2754.25,7508.234001715107,69317.3203439032,5.438820624700527,4419770664.168318,-1878.19,836.4903907995597,2056.043251004219,-1187.0,3854.0472143229454,32743.976878090136,7.932251290821837,1535628526.2772276,-1102.07,521.9324717815514,1219.4145275500043,-745.75,2346.2548032624536,16519.24962278695,11.539099876749606,534959355.2079208,-807.585,5187.149679040986,5249.639542387648,1214.5,6180.3770188026365,414251.8728017383,15.67535387750737,5586366313.435643,-614.0,2240.928910072785,2323.522838278118,768.75,2328.160570447629,103781.07102474889,19.23355915224214,1143756354.2376244,-343.785,2496.3554251698615,2519.9163746045224,615.0,1980.9345469798764,130235.15869678775,14.354220734621375,1280826941.6732671,idle
-3617.015,410.29628900954003,3640.211608546954,-3330.5,6493.705207025873,26952.62836399964,3.95206356882056,5214642207.970296,-1461.83,587.0946440736791,1575.3180853402273,-1008.75,4477.382867913573,41160.16892006674,9.242568138365428,914571580.1584156,-1088.425,251.7261297025003,1117.1548795936935,-878.75,2558.938929133106,5505.432202544111,6.2008830237051,481723961.95049506,858.805,4452.619105310379,4534.684434996552,3631.5,1585.5647837887514,171761.0,12.986985782028926,4218001787.851484,319.385,1655.9947514334096,1686.5127912352161,1333.0,900.6529053211448,73746.38993615529,15.943387424458564,583441885.910891,514.68,2845.6244319305383,2891.794237147588,2606.75,536.330265578587,102936.0,11.922628559572656,1708393087.9207923,idle
-3648.98,514.9104287155194,3685.1306340481337,-3411.75,7218.98875762728,32602.632692289968,5.121182461351406,5325790689.60396,-1703.345,994.7593206273566,1972.544117377353,-1239.75,2985.85008919362,58203.27893529159,6.5475516462009775,1345013272.8811882,-483.115,662.7297200028078,820.1285173678574,9.5,1553.7978476542594,32151.96878949044,9.085057023331807,179408206.58415845,-349.22,3863.65481656941,3879.404999481235,1960.25,11195.630812128935,118071.88874981625,21.07027679900146,3004356346.69307,29.395,1875.79628130962,1876.0265869651207,1127.0,746.7944382577202,69552.89915924075,21.434593863694797,697098508.1683168,30.14,4106.715262883465,4106.825863121056,2100.5,833.778207258557,262959.32555431174,16.24535796250603,3340000038.039604,idle
-3710.525,269.91468906860183,3720.3292481983367,-3527.75,7503.010347445694,10319.261145397202,3.109270226967538,5467098232.841583,-1246.025,522.5082816329326,1351.1451457930048,-1018.0,3080.625397619599,20094.60203886174,7.281257344899504,668945271.8118812,-795.465,579.1295958375811,983.9490103658827,-452.25,1652.4985253730508,26208.617124164826,10.64650740829525,317014242.4257425,341.385,3571.7476614082075,3588.025233328216,3123.25,9395.74739684816,68277.0,20.26720707882052,2572577738.90099,-53.08,1770.9739082211233,1771.769192078923,950.75,4768.842382868489,55856.27519814638,23.819098171963926,622396394.0594059,16.475,1622.2320177382148,1622.3156736591063,981.25,1379.4396379669192,115292.81163375337,22.477335831211665,521304677.47524744,idle
-3741.155,251.44697447971015,3749.595486849215,-3570.25,7906.110509369607,11202.68497699145,3.8854036387632136,5555585746.386139,-1123.535,333.90270854696587,1172.1014951786385,-894.25,1996.2271913142383,14203.185625052805,6.268274456136968,522010708.28712887,-637.19,467.85237404548883,790.5042314877257,-405.75,2276.9343297653536,35225.329504177906,10.730413884672828,204140362.01980194,-2.71,3080.540265261923,3080.5414572766263,1793.25,8368.522793804117,132414.090330191,21.455349290639777,1879159891.9009905,98.78,1648.4050750953177,1651.3620983902954,1080.0,3983.2120166302366,65908.66637263857,23.2676088989572,541955368.1782178,53.405,1237.2740363294624,1238.4260716732347,977.5,450.14972846008175,58119.679333623244,20.602637316695827,304270317.75247526,idle
-3656.04,474.27604662263934,3686.67414480857,-3510.75,7357.595079656013,31747.098931404278,2.29379022274836,5338256419.1089115,-1487.785,716.0010675795113,1651.1092438115656,-932.5,3625.9882156979957,67731.72983747127,12.584339834911429,978159124.6435643,-906.98,380.50867217449854,983.5647258823386,-699.0,1682.4102394845856,33598.9005909741,4.83799205332454,354457957.8811882,-180.905,4026.066021065104,4030.128313714093,2787.0,1411.7559271882826,487782.11908778787,14.092349534830387,3222705172.2079196,-191.105,1360.15325017992,1373.5130086752001,665.75,346.93562450358905,91916.48734584432,18.863741036993762,380805319.2574257,-314.305,2958.3683073571146,2975.0177604511878,1675.5,6181.92091530135,102226.41820132466,17.214783110556258,1772233587.1782181,idle
-2921.73,1267.3392904427762,3184.753533634903,-1644.5,6511.88368040592,38249.7076884451,3.756120120688492,3698844219.366337,-2552.08,992.4492448483196,2738.2600004382343,-2135.5,7643.925982795951,66182.58557932756,11.842082718009676,2774500249.603961,-409.265,718.9336581180492,827.2626215416722,217.25,1310.345383373141,31304.592455596103,6.253011561610547,168685413.95049506,310.065,5175.169479425288,5184.449772637401,3603.5,10922.914581974568,331498.704911389,17.9579283862475,5341755009.594059,381.96,1942.1845479768394,1979.3873446094374,1642.0,3476.584841362139,109789.47392747621,15.491269208991966,804736514.3960396,-54.37,6722.389441493255,6722.60930740438,4193.5,17154.702106944173,293298.59101145033,19.21494218729369,8950489082.633665,idle
-3997.98,771.8023254694172,4071.796030009362,-3514.75,7982.34522861496,21450.34787162785,4.869914804824174,6448193349.564358,-2064.85,1063.2795810604096,2322.5350352578107,-1276.75,2098.9405979635853,72528.6146963506,8.714600501189032,1912431718.1980197,-1311.17,505.77763009053695,1405.3390267120599,-997.0,2361.71984188816,22774.083479041616,7.263554397296217,731513895.6435643,-173.545,7407.333200145314,7409.365897632537,5777.0,24001.661788984915,672346.2828282252,19.62723123636152,10877223884.168314,36.59,1863.5089782182429,1863.8681659387823,1474.5,3089.5023579338904,65962.73582690288,22.788914718156903,688215510.8316829,235.115,8024.425299781598,8027.868985914008,5949.5,28945.391201668466,509344.0847085245,19.825741733790796,12773423128.009901,idle
-3984.415,467.66644392665165,4011.7670414668896,-3664.5,8716.672748803585,9165.10173449309,3.9717296966550695,6330662475.099009,-1393.705,896.5301601033844,1657.1602080064558,-535.75,2761.4127020488645,37825.062201502755,5.684617860635248,928434392.3267329,-1326.31,338.8549009531956,1368.9122908353186,-1046.5,2922.1537235939836,16730.312041397698,7.063223605779581,719411129.7029706,75.84,5638.131299854589,5638.64134876479,4054.0,9758.048146367159,663987.7021467106,20.029842971580347,6297240045.782177,78.165,1700.7522564368392,1702.5475044767472,1166.5,1760.3938765420294,113661.14840148497,19.694935058773453,575203558.4653466,348.92,5870.986718908501,5881.345953096111,5513.5,11033.701292656708,197393.88311271946,18.94917078049626,6873815184.811881,idle
-3839.295,425.78359289080174,3862.8328678574744,-3516.0,7902.065528452325,24377.790726755884,3.0795164899267755,5873597608.366339,-1395.395,816.7505916588001,1616.851488232608,-744.5,2866.745957932876,36236.45384389947,5.951165269300703,903234922.1881189,-1091.54,351.5458695533202,1146.75370939012,-846.75,2078.556232336361,17420.57415835889,6.3807886303344,496337472.17821795,3.485,4647.591945273918,4647.593251888551,3210.5,14514.440510095923,387586.6184271778,23.313973964237416,4277542618.0693064,-243.34,2050.642168785183,2065.0296995442945,1020.75,3507.846572459608,174228.77431375594,21.33492822530976,856152171.7227722,-198.13,4552.367561291597,4556.677068873764,2789.0,4608.148995651423,171204.5334315872,15.678288444530635,4119378218.871288,idle
-3748.01,354.0059037643299,3764.6911081787307,-3531.5,7529.602299534556,20370.563878335815,3.002151905986489,5588213568.831683,-1268.28,562.6512699710186,1387.483553055675,-735.5,2490.9564408250844,42700.89046353457,7.246649042607787,699731908.3762376,-915.28,333.4774978915369,974.137936844675,-686.75,2464.7933245424597,24227.473522062282,10.593447199066093,353798665.20792073,-42.165,3973.996958702284,3974.2206424656392,1996.25,4009.3930928159466,325907.01374600915,18.276735241495636,3127962417.91089,1.59,2087.233669692974,2087.234275303086,1534.75,1305.2228867907638,88566.40562232646,21.75171085580111,862688229.7425745,147.94,3273.2628853179513,3276.60436427714,1842.75,4479.8298527015795,164050.50366447706,16.393827610321715,2130320991.7821784,idle
-3878.105,287.50619815057905,3888.747639664986,-3683.5,7491.412699904783,11945.981122399917,1.832792195191601,5972684508.564357,-1227.695,647.5097852349414,1387.9855672880753,-634.0,2706.102940574365,83700.35832222972,7.686145394167261,679949451.8910891,-1309.43,320.10649024972923,1347.9892766635794,-1108.75,2329.873823987212,8504.102227272428,9.880175992996534,699344161.8613863,259.17,4140.80009190253,4148.902805561972,3585.5,4963.743636283856,513489.9483356792,16.850392472498804,3421897388.4752464,63.76,1173.209236410965,1174.9405304099437,1020.25,1324.2943845294026,96173.07880165643,20.860003408364452,274246300.2970298,-140.395,4942.468449972645,4944.462067303177,3947.75,7758.034129294516,162306.70036383462,15.010060492362665,4845066443.891091,idle
-3547.555,204.37973719280492,3553.4374280406287,-3467.75,7256.457454359488,19941.101849952298,1.9202713674508463,4992488043.21782,-1576.305,392.12739253334496,1624.3464362629052,-1551.0,2858.497876509073,33837.67608146113,8.182477375736887,1014504921.5148513,-920.26,537.8063800290956,1065.8865652591742,-290.75,3284.250475111994,64582.15508850232,11.920193638905127,392674139.1089109,-91.425,1753.7523640397467,1756.1337890377258,1244.5,3107.582578825377,74008.35541027157,14.513917892325104,612356247.2970296,-290.31,804.0702108025145,854.8735579019859,219.5,1802.838528514279,76672.42766890668,16.686611186391307,161407712.0990099,-1.825,2089.538945407575,2089.539742383475,415.0,4411.980500962952,137198.57139029383,16.933848112891294,864614805.910891,idle
-3459.529411764706,76.12614735699347,3460.366879562985,-3400.5,6887.990442786402,2313.8443898033424,0.4573887623891279,2825412478.3500004,-1805.4621848739496,104.97432978854428,1808.5113521690623,-1708.0,3687.2575582810223,4618.865717367236,1.629747737682888,770642447.4666667,-257.2689075630252,89.93010334166127,272.53387731750763,-173.5,550.1752136554364,5707.691218253921,4.1256171885337825,16575687.116666665,-22.134453781512605,580.3331254926169,580.7550865797348,457.0,924.6928736836265,30200.41201177113,11.098373639060037,39859250.46666666,67.22689075630252,414.0084933358229,419.4311473829262,415.0,848.576989123784,17349.19311775668,10.694916402821168,21293652.866666667,96.04201680672269,353.66428545446394,366.4730492114247,184.0,452.38960302834664,11429.0,11.042973323196263,16937330.7,idle
-2108.3664596273293,1749.8166742998114,2739.902830711179,-859.0,6260.811158175901,50062.387051046455,7.030114776810569,1912438043.4567904,-2301.776397515528,899.066264943632,2471.132277503423,-1713.0,3505.3182171774747,61045.669551601524,5.764272183586513,1824817489.9259262,-1080.695652173913,1619.2141796397148,1946.7299895398728,-61.0,563.4450317330502,66007.34308284684,12.642821968052631,793256322.0123457,-685.2670807453416,6960.786624496794,6994.436460768423,2140.0,17082.060671244355,209781.3404737671,19.734910896384832,7902982067.345679,33.65217391304348,5491.167489774479,5491.270606113418,1813.0,5068.887160117247,209322.3713603887,24.700556697050548,4825015797.25926,513.9068322981367,6434.40336440886,6454.893251495238,693.0,11065.518526998632,390066.5005357047,18.227040455180067,6709018364.876542,reload
-2057.6216216216217,1706.0611519306979,2672.9106591676223,-712.0,6326.996848014998,18494.09811992846,5.254826661171934,1661531872.0533335,-2126.2297297297296,822.610898582978,2279.8117365374833,-1519.0,5468.453797150216,45278.84528948983,8.188976996679838,1419151842.32,-95.41891891891892,2415.2645230696435,2417.148627305836,1211.5,2446.118962874465,120874.75762131678,16.60704216959581,854566918.3466665,203.5608108108108,7999.766266202382,8002.355735504862,848.25,7090.950724399938,418025.42019891663,17.34973950824312,9357903831.026667,1658.7364864864865,5399.933031818839,5648.954193452955,2718.5,13020.224435399974,245493.0,24.61782380163148,5075230861.426666,811.9324324324324,6695.375500300877,6744.426392575196,1618.75,16084.174035469829,120166.0,11.119773374684057,6738749696.613334,reload
-2756.6,1569.5048244099646,3172.0953569913618,-1767.75,7054.702535091564,103620.28176148159,4.947564719904921,2261147568.6969695,-1986.446153846154,1023.168585714446,2234.466888750665,-1506.0,6959.306455298054,22774.486287594373,8.327764868301783,1144472742.4848485,-617.6538461538462,1184.4689735946165,1335.837947910196,22.5,2707.287933834327,45340.64323176553,19.380621622145824,277527782.3939394,-207.2846153846154,9065.617810195428,9067.987273497229,661.0,18160.689901715774,301448.8606181271,16.80820778883883,10533243691.575756,1866.5307692307692,5149.9562555102,5477.772042185933,2447.0,16725.152418584552,242649.0,23.060381819630404,4292283194.4848485,610.8923076923077,9359.598036442963,9379.51303722025,279.75,20648.927196860357,181264.90759279442,11.732731533357276,11313997543.939394,reload
-2549.219178082192,1409.6381032371232,2913.004977681981,-1229.0,6593.093302227444,111719.92264397816,5.978417256037828,2158118176.2162156,-2328.3561643835615,894.2501851802308,2494.1783861459885,-1849.5,5335.096482557892,23023.714672449485,6.4471691258077,1676786922.3243246,-798.2054794520548,1500.3194952793158,1699.4383117202183,108.0,2094.7079949060226,81732.89288353553,9.078833953039831,507733788.05405396,93.86986301369863,10894.529328579714,10894.933723638054,994.75,18268.15845364392,274509.55230571626,26.793776567318183,17132342205.837837,1920.8287671232877,5928.8271881413175,6232.220710104229,2160.0,6025.666029160096,280441.0,26.73799955808787,6140464311.297297,-70.67123287671232,7139.98357132294,7140.333313082647,1545.0,16703.696052805495,316543.81750956003,15.975568621725209,7343982778.945946,reload
-2199.0,1489.4302316036205,2655.937389099151,-857.5,6586.390202597954,118647.65697562645,6.433950731020033,1593294415.1470587,-2644.162962962963,1105.0329990541588,2865.780121311421,-2140.0,6693.36641720148,29709.247470357535,6.557257023097066,2037487122.3823528,-619.2518518518518,1334.7434139245975,1471.39825915251,1.5,952.5461715690234,52635.16324194126,17.77520536626819,341515821.7352941,-288.89629629629627,7687.5523796098805,7692.978789731535,2802.0,9571.882153443881,163416.84047091316,14.193232489298447,7941997194.60294,550.3407407407408,4613.7653637830235,4646.472399892521,1461.5,2325.5553658989643,74861.35176663275,32.85410590936524,2933766787.838235,114.28888888888889,8468.585103621735,8469.35626877317,1767.5,20636.409699444113,220561.15666444847,12.829899204264205,9614097235.191177,reload
-2476.8571428571427,1264.3827951248427,2780.914446496001,-1262.0,5600.617090802136,91121.37409307061,7.693538089150038,1720114080.75,-2663.904761904762,1082.2023358372544,2875.3348459249883,-1978.25,7489.55181952409,26039.541016869607,6.035531357447774,1905633319.25,-784.2380952380952,1557.2021380881201,1743.5331625434858,21.0,2257.125080215834,36680.55557247976,6.324436580533599,453327451.875,-493.4920634920635,9383.974075007518,9396.941196854583,596.25,28317.79997471989,296375.259618926,14.459819388157264,10982683177.656252,1585.8809523809523,5130.451733888954,5369.967726987648,2455.5,2703.9541585530237,199821.0,23.47242054322707,3896636256.03125,511.08730158730157,9185.889860221732,9200.09688829244,576.0,22325.81674753142,147910.29164257925,11.43325028038467,10531004213.59375,reload
-2837.007299270073,1434.308885159996,3178.97033552699,-2183.0,6433.593226654021,13147.171795000153,5.112930801568946,2469138496.2753625,-2161.3211678832117,1067.8551798686742,2410.7309837292937,-1558.0,6195.153474415483,13374.83035824576,7.3335184711830115,1425754860.3478258,-387.37226277372264,1173.7984072388606,1236.0663294511826,140.0,335.61405162372864,71311.84901417559,9.755155349189431,228208903.56521744,-66.63503649635037,8875.967014964806,8876.217137882111,1559.0,13464.532600901108,381957.4119192866,16.41639599571475,10716238197.478262,834.051094890511,4165.871078670659,4248.54364141322,1804.0,9939.689142554556,114265.0,22.853407853004555,2549559783.927536,2.81021897810219,10023.049150361006,10023.049544319494,3524.0,9295.915745913162,449032.63892705244,9.662920090405754,13663496070.97101,reload
-2516.705882352941,1573.5061501854007,2968.1189502681955,-1715.75,7257.958581639188,114420.40236623456,5.506784977499296,2029677456.8405807,-2310.6323529411766,981.8372245050986,2510.58284186807,-1823.5,6544.342620878364,38659.951734031885,8.054372310335545,1560371997.246377,-552.2205882352941,1432.582174478989,1535.3303438367532,3.5,1086.8340784526115,80908.93050923853,9.399820569721289,356810794.4927536,749.9485294117648,11237.672801995248,11262.668991028308,2401.5,16761.019027342598,340740.7230535046,25.278469000919436,17134012368.594202,118.25,5187.4013807068,5188.748996343803,866.5,10259.437607731288,169331.0172438574,28.185483821093023,3620094076.347826,512.3161764705883,7941.09928093953,7957.608035987432,950.75,14642.226572835258,225596.6292938843,14.173607514235728,8523549557.753623,reload
-2558.46875,1289.6728808688028,2865.1384756020084,-1389.5,6310.482313325489,94737.20921960917,3.9863977029138007,1859556390.0307693,-2605.3125,1084.8631016025709,2822.1589558129076,-1818.5,6697.838509526894,20638.037546738018,6.033649020570174,1859238963.8153841,-543.5703125,1225.9296643491225,1341.0340139468872,-7.25,422.3940709981273,62648.012037818924,12.400875333090765,263906082.90769237,100.796875,8959.290578918079,8959.857570715061,2309.0,3885.6721783406024,379798.8294707841,15.773981893668612,10120041683.015385,570.265625,4285.425734547078,4323.202124510835,1574.75,13840.061240557354,161109.7412938729,18.26210693519203,2399482288.769231,267.09375,8883.81471099752,8887.828918843174,2038.0,12226.856473698872,345672.6071027589,9.732215406294666,9964663937.138462,reload
-2559.1582733812947,1611.0998623041478,3024.0591651838386,-982.5,7240.7846405309565,123494.45426316357,6.87492365315019,2165915138.185714,-2284.928057553957,973.0216426814168,2483.4788795807667,-1573.5,4541.106301144848,25238.50742341748,5.235986705201929,1571703120.0285711,-665.3453237410072,1541.3241794234123,1678.7985662071792,199.0,871.8616830420164,82615.19510509464,6.613739923972679,450048058.7571428,-191.10071942446044,7636.480747417814,7638.871493267018,1273.0,7657.584007266457,289520.7124473105,15.553182584109802,8058082113.6428585,545.6115107913669,4103.565406243788,4139.67884793359,928.5,17462.703925532714,161721.60685002065,26.8608516850625,2406103871.1857147,305.705035971223,9525.0259430174,9529.930471109044,2084.0,10111.644046744459,406447.76360144705,8.369158003521852,12546647567.528568,reload
-2461.867132867133,1553.6275945753684,2911.1077758333654,-951.5,7162.879823921145,11116.195012471588,6.585314277437812,2064118973.1111116,-2320.1188811188813,997.9656474146427,2525.6458690687527,-1755.5,4078.9686235739023,52432.968283549344,7.100027227602448,1670262771.7777777,-574.4965034965035,1683.1405289510335,1778.484824992126,168.0,194.24799812015172,101983.35334217762,6.3162751650230815,496037997.06944436,159.37762237762237,9470.010839379265,9471.35188473512,2376.5,15190.7529582433,431107.1995638809,24.980176527998893,12742554038.888893,388.7062937062937,5181.414869859076,5195.974657017068,1484.0,7735.403491774313,211516.46596895487,23.434793183933486,3855381357.5416665,532.8181818181819,8420.416733567416,8437.257444325032,2458.5,6944.9111308995,324816.56280930265,11.618410124966688,10149407920.166664,reload
-2591.961832061069,1634.2517320578395,3064.154836589597,-997.0,7096.401914786289,116966.79671586142,3.8551747398115492,2094072455.2727273,-2202.0687022900765,977.9101505023699,2409.4428468135675,-1472.0,5424.371515263859,13624.423259904543,6.765844548010403,1385168498.287879,-622.9236641221374,1511.5949092747544,1634.916836132255,180.5,546.3239044309898,79317.25035530381,6.365330986945541,397951493.1060606,25.16793893129771,7413.066446467038,7413.109169902025,2701.0,5542.623009558905,370112.81771376845,11.716626591079311,7144543053.106063,119.72519083969466,3851.6213004444216,3853.481641757072,675.0,10835.972053444031,126708.68550036772,26.3236401214386,1932387738.4545455,340.19083969465646,10166.863581543603,10172.553508983365,2279.5,13862.538771857784,389675.9202710526,9.803367255811512,13468339533.606056,reload
-2605.5324675324673,1498.433212759816,3005.6782150568833,-1921.5,6274.9950976201735,32060.243823050114,6.063278406731218,2405486689.384615,-2411.5844155844156,1091.3036270948487,2647.013978051495,-1751.0,3278.3652578589686,75364.67926555997,8.967601360274386,1949347783.897436,-861.9285714285714,1676.0924799638788,1884.7299179554518,88.0,923.5875294713522,71183.19974893352,17.58562210714698,653065998.6410258,-666.1883116883117,6983.4238986084465,7015.1276691365865,1539.5,18327.426937828975,195075.68125975595,15.606708555643195,7549019263.307693,1443.7857142857142,5331.352802135203,5523.390253242151,1590.5,944.1272135647095,222343.0,30.020132335658207,4960807047.435898,876.2077922077922,7058.969830910564,7113.142425737809,2023.0,2150.4878613160795,480111.9734943418,18.04106583205484,7809841969.128202,reload
-2648.5714285714284,1657.5603700125994,3124.489877160943,-1704.0,7135.99603706005,108064.95351346987,4.026437237227169,2214737728.059701,-2496.4736842105262,1113.6275519649507,2733.5960163219306,-1756.0,5559.454568854741,29121.596489050276,11.540916482681117,1809152776.3880596,-358.6015037593985,1104.1846373597114,1160.9559646600294,19.0,717.2450160104256,46097.828689501024,19.85876854124214,194897638.3432836,-358.0676691729323,9003.65161275368,9010.768825108593,2090.0,8332.045209736485,362911.05709573644,17.65042614419948,10735132962.179102,704.5639097744361,4398.469749884883,4454.542226043998,575.0,5689.651301695884,196536.13571574105,25.939038474610214,2684946876.791044,-127.93984962406014,10079.774049979373,10080.58597025785,420.0,14106.109084042815,437093.6378231046,9.961727074418897,13416523305.402985,reload
-2689.9847328244273,1368.0184085673436,3017.862195165252,-1635.5,7230.562427069254,94568.6819728187,5.355511201552895,2124780126.409091,-2403.992366412214,964.4893795685398,2590.254632477028,-1716.5,6723.983556886536,18383.817645497285,10.027019111744089,1623612397.2424242,-315.8702290076336,1175.2565638162066,1216.9642527068788,163.0,721.5852768793903,49111.25722524016,19.60025325686493,205512854.78787878,327.85496183206106,10069.040056068883,10074.37623511836,1170.0,15609.696632191019,388228.63239600416,18.082567558975754,13208840603.454546,871.4732824427481,5210.054463867124,5282.436293839546,583.5,10527.800515855113,226542.75689703072,26.20913183495824,3726485002.9393935,-322.42748091603056,9762.746391241699,9768.069235020434,695.0,17246.478244625945,394686.81794016674,9.716850075233454,12418211317.696966,reload
-2124.517730496454,1885.5966664938508,2840.6073955910424,-699.0,6324.39418102039,34860.939290230366,5.824285979065782,1761656244.8732393,-2360.8581560283687,1152.895310469066,2627.321607604831,-1777.0,6127.307950402203,57455.89392220862,8.86619643635292,1746793671.2394369,-367.6170212765957,1645.5114950305428,1686.0754296916639,572.0,1276.9168164211321,86236.44732512036,13.040733486689764,416939939.83098584,-3.234042553191489,11157.778688308925,11157.779156996792,2616.0,10739.268905414147,263358.46416909253,23.355853501649726,17430323197.267605,1284.7021276595744,4491.026155062612,4671.164253402946,3326.0,5170.249739081685,181143.0,24.315350048365854,3285998188.816901,647.4609929078014,8540.732520046211,8565.238917643339,1498.0,20145.93418802516,306308.13839979743,10.695802595957632,10330072878.746477,reload
-2540.022900763359,1253.4729310154776,2832.4743114794246,-1839.0,6128.825299042614,91526.00097838075,2.4570317872516583,1881811174.2727273,-2669.1984732824426,1176.037053603351,2916.793383361491,-2025.0,6469.400754757775,30012.301897311852,4.168206827135373,2032317963.575758,-685.3129770992366,1368.2382614929588,1530.2711579304803,-148.0,2139.1742283126937,52376.32635384444,16.513682817082433,365501178.5,-115.0381679389313,8718.358209477987,8719.117137007333,488.0,24728.63338237756,166716.36582685416,14.474714221937147,9885286897.863636,2167.4198473282445,5169.1025738659955,5605.116431773782,2755.0,8866.722921081107,283932.0,20.708638322238595,4695228669.863636,431.3587786259542,8118.667719708303,8130.119060563093,1446.5,15988.259837225016,302252.997101667,10.229830663872933,8617539981.909092,reload
-2738.1171875,1103.5418236657774,2952.1331760377107,-2398.25,6269.750386368552,22130.039262107723,4.612443370192488,2043263610.0461535,-2561.9453125,1150.5670226335262,2808.4458794522816,-1908.0,8068.9129193349745,14346.441474593754,6.449286844895859,1821270675.5846155,-694.0625,1353.6691443420546,1521.230720913169,1.5,2977.181006431938,39069.42179106071,9.232645260816144,352370736.24615383,1721.7578125,9128.291863201062,9289.249824646095,1076.25,34243.88634172629,348514.7376171614,22.22184500958601,11250527654.723078,1491.7109375,5018.942136970237,5235.931788642066,813.75,3996.864121163096,190939.0,15.330085986204885,3736200801.3692307,938.5,8180.764472796843,8234.42102453931,767.25,24583.830657596627,120128.0,10.270533509938428,8656852360.153847,reload
-2520.3007518796994,1463.6376404803934,2914.472683446594,-1143.0,6617.482773485318,114216.45625095107,4.315333639488216,1959791622.6716418,-2477.812030075188,1180.703346839813,2744.742765656567,-1568.0,6405.828065853042,26704.24255878457,6.844877798986803,1804959858.9402986,-533.2255639097745,1369.0977909378855,1469.2713374859984,176.0,817.4758182392729,72456.60280828229,11.361538531663717,322505817.00000006,267.57894736842104,8720.628644659342,8724.732801130807,2764.0,2042.3607271137555,297299.16918821353,14.783962646268959,10057986645.835823,814.0601503759399,3018.082221731842,3125.942134071568,1225.0,12084.055902993794,108270.0,24.970308496090315,1377393343.552239,441.23308270676694,8921.19027923427,8932.095086348943,1606.0,9681.116300456815,352049.9833133165,10.080440804252587,10557562066.313433,reload
-2647.1492537313434,1184.212550931219,2899.958368203487,-1528.25,6624.267298700539,11876.72850104346,5.5559166705881005,2035523931.6470587,-2509.2537313432836,917.2204579359459,2671.63763574262,-1896.5,5884.390844250896,43628.970385042594,5.583918381346975,1773688562.6764705,-196.67910447761193,1368.7581287197938,1382.8165044844623,312.5,1326.8441051303869,81921.84064494129,7.865519755410535,257571971.02941182,-25.223880597014926,10089.440151059809,10089.471681211566,3307.0,29945.072968723616,507741.9618673411,18.677085567953903,13447515060.617647,-761.4701492537314,7218.997940437045,7259.04732401152,2049.0,9807.549989749805,358127.5620391164,15.327046952530642,7033731691.735293,191.52985074626866,8017.606411982764,8019.893781166558,1673.0,5336.658217001102,286521.39928476175,9.710334034936508,8496832517.029413,reload
-2541.4710144927535,1412.6129052837982,2907.6709128925095,-1485.5,6658.737104870477,111539.02607453095,3.745088081123106,2028684883.9428563,-2415.623188405797,1059.5578049691267,2637.782805773588,-1702.0,5799.684148643758,18889.344222736963,4.653267047890522,1740232054.5142856,-323.71014492753625,1198.4085473738994,1241.3586525850724,212.5,786.9735992209212,56570.340984939336,19.83621011600562,223956527.00000003,44.55072463768116,7913.22949799933,7913.354905163325,1884.0,8716.118856054549,309828.09361704724,15.331440331845178,8520537283.771427,1326.0217391304348,4135.382723236551,4342.778364168479,1294.75,11988.87507815377,182991.0,26.256661881005872,2807532713.342857,129.3840579710145,8257.111150723238,8258.124774417924,1237.0,12198.072666790424,325775.40096868837,10.460466717802133,9279438833.457144,reload
-2439.080882352941,1071.3258831325834,2663.9922482112092,-1470.75,6596.872345037311,8678.329254007667,6.4655758393434315,1748549209.811594,-2958.154411764706,992.6240393572724,3120.253196032806,-2498.75,4997.206633323007,22723.27942244032,4.89041516225609,2477747954.913043,-715.4632352941177,1178.0045185427687,1378.2533463644143,-95.75,2009.6507055329728,62165.8617720325,5.670274460976607,323207154.97101456,979.4779411764706,8307.930178597711,8365.469555841195,2109.75,14156.691867068965,340638.43078064756,22.76831502246406,9509838599.550724,1149.0808823529412,4643.143107053205,4783.216991394464,2006.75,3604.060025018159,156275.0,20.444836726985567,3245631490.9130435,-270.1617647058824,7605.065634961179,7609.862724857557,1112.25,7780.086829087264,329448.914847144,11.3779762787157,7771412226.115942,reload
-2582.2330827067667,1379.0207263553236,2927.392330580726,-1514.0,7196.87745322131,93445.99002969493,4.409180432817702,2011470781.761194,-2647.0751879699246,972.2426491277059,2819.975677120083,-2038.0,8329.87397459156,41189.93973946128,8.514236931778731,1974735259.2238803,-155.7218045112782,1203.3197085993027,1213.3538649148315,248.0,361.49355540867447,60508.480411270655,16.11870354053895,197546116.14925373,166.9248120300752,10143.871378113,10145.244719994262,3290.0,14408.017883231501,515085.40549145686,16.000212165502663,13590677082.77612,203.66917293233084,5699.68922213302,5703.326955462247,1796.0,5228.446823651106,158150.21574782426,22.900256412029382,4299406428.432836,-103.94736842105263,8170.420026121359,8171.081229473039,634.0,15899.819286168096,339848.7582700925,9.23100988532037,8815111642.462688,reload
-2540.6266666666666,1613.6220480507682,3009.744170744971,-2030.0,6512.920185588737,53573.04037340617,7.145589182741247,2296383867.0526314,-2398.766666666667,1110.6020734518534,2643.3914743500754,-1886.75,3677.680047419189,80408.81530049386,7.119926155280426,1886093294.7368422,-433.8066666666667,1333.9147733728053,1402.682019085818,-70.75,1613.2941266042483,74421.99424830728,19.79064218569069,319157443.5526316,510.94,10652.538399980855,10664.784763260188,3439.25,18113.29130327132,485224.8161877378,24.392585060886635,16876559964.184214,411.7866666666667,4817.4943094056225,4835.06149702359,1157.5,3377.727623092156,222673.43476150182,24.83134625106578,3488077584.2105265,929.9733333333334,8702.855182024396,8752.401882911912,2638.75,5842.373764063517,370382.46810726845,9.395062432268814,11467701381.184214,reload
-2571.978102189781,1422.9270514264144,2939.352437497895,-1418.0,7028.028870865733,23709.785947627686,4.247833798019709,2074772061.4492757,-2620.6861313868612,1019.703705010451,2812.0795588417254,-1911.0,5748.694788536195,51626.90624120173,4.846851857878285,2009614136.173914,-487.2773722627737,1367.9345490058718,1452.1309059045648,29.0,1396.9425443485043,75246.06492035351,10.58207977463285,319089784.02898556,305.5985401459854,6823.025412024826,6829.865755699442,988.0,8474.347140991476,338411.77774777886,15.71768165523797,6357040811.333335,828.1240875912408,4363.553391019881,4441.439822932415,1540.0,8411.026464454544,142494.2321845339,20.827950087169068,2776204014.2318845,49.34306569343066,8209.9158832057,8210.064162200271,1361.0,6125.330167015748,294084.58021887724,8.902304367666796,9167920467.62319,reload
-2671.698529411765,1275.436282448509,2960.52541665277,-1492.0,7242.478194528132,96174.5215200326,4.652427241595098,2131421857.5217392,-2392.8382352941176,950.1480087534059,2574.578811927017,-1701.75,6265.678975275471,17303.62547734201,6.130098101438901,1655812526.405797,-502.6397058823529,1396.0934712555124,1483.8206274384263,125.0,1098.0585379418033,80954.91170072375,7.459715608158706,328960185.2318841,633.1691176470588,7318.864776118296,7346.202062470584,1457.25,2460.873351886243,342105.1324505429,12.51409287337325,7287085150.21739,457.0514705882353,3558.1532105025494,3587.3876729699105,883.0,16670.4370193476,138311.0894938826,18.98451603732888,1753267256.5942032,36.11029411764706,8398.846793803086,8398.924420371792,886.75,12716.799563947858,311036.76424851443,10.435848471773935,9455093691.434782,reload
-2496.531914893617,1411.9744364772073,2868.1602834129612,-1147.0,8084.432539869034,8306.287329479708,6.935082231923547,2024363925.9295774,-2462.2340425531916,867.2956880282007,2610.5168627649473,-1912.0,5476.381319022175,43261.32639575316,6.014092226033563,1802925953.830986,-500.41843971631204,1497.6650297113372,1579.0564131874355,106.0,254.51399373092482,84148.92811901272,8.919943957124918,384156610.71830994,55.0,8372.760224265929,8372.9408676432,5345.0,13315.368982553522,447965.07334074087,12.403285566448181,9815776654.732393,-202.05673758865248,5692.081692736046,5695.666854898188,1838.0,6758.376610415424,187692.06330525735,22.59176063994234,4547631441.197183,-63.205673758865245,8535.309794256998,8535.54381636781,1280.0,12727.228027327457,352049.54158376245,14.005336226645806,10200843542.859152,reload
-2589.864285714286,1230.1844008737312,2867.185148986969,-1638.75,6800.704895338353,22585.8574922343,4.084287036149732,2060507591.7042253,-2489.635714285714,1030.2749300946969,2694.3927741568364,-1813.75,5580.632759887371,42847.81252500461,5.619632222315688,1857591133.7323942,-73.75714285714285,1216.3492676942788,1218.583463347036,617.0,758.6577485827866,72447.2097368526,16.567104993423026,205750744.16901407,164.21428571428572,9070.602788904474,9072.089135679515,5831.0,14074.364726753773,537894.7507032758,12.255892077482352,11363838153.6338,-446.20714285714286,6110.055494833821,6126.326710540805,3040.75,7193.044382213243,299790.7133719791,18.180752418142895,5210086125.957747,291.95,7606.054618643342,7611.655645408935,1878.25,7562.5511637161435,264186.9466262384,9.86952947058249,8008932483.366196,reload
-2307.733333333333,1287.6879435639676,2642.682988513336,-1097.0,6692.758479934454,9949.81264191837,7.400395180294545,1649550983.4264708,-2605.177777777778,985.4885749505291,2785.343602714966,-2023.0,4876.093336268972,29457.501597057388,5.133968950937069,1949149041.2205884,-515.8666666666667,1310.8214546329052,1408.677146724438,128.5,1010.4005477502652,63185.04719538027,16.313614355315522,301582170.39705884,367.0814814814815,7529.082378845037,7538.025622235671,2376.5,10743.232141524559,364906.3996561077,16.495255070656313,7632600397.176472,1252.237037037037,5017.396273570153,5171.301863454015,2767.5,16267.765599211223,169052.0,30.00268139512325,3793809880.1764708,-27.14074074074074,8635.181366482344,8635.224018625797,3182.5,8578.381571594688,277041.49853740755,14.285880132958756,9992637576.07353,reload
-2541.4436090225563,1361.7385692674582,2883.273755450942,-1337.0,5993.639835311441,104502.90480373018,4.751832515514083,1950041058.3283587,-2511.1127819548874,963.2526168257131,2689.524680592985,-1807.0,6666.37365243837,56767.31890103165,6.327004545170353,1787279453.3134332,-95.42857142857143,1076.439929392109,1080.6616185627147,125.0,2017.2291090863964,51075.66423666729,19.826502139980533,155364354.38805974,-110.45112781954887,8550.740641944825,8551.453968620986,3685.0,11454.840566636414,316537.4481336875,14.49371766275178,9654968322.283579,-949.6015037593985,5996.044728825238,6070.77387208707,896.0,8411.985970154785,163598.85540765247,23.37050128912737,4984078833.179106,410.62406015037595,7876.122714671475,7886.819456240794,1797.0,11329.76704686987,287914.9088815102,11.320917985138234,8233375841.283582,reload
-2624.6496350364964,1234.4607179273492,2900.461854740193,-1379.0,7550.094602683558,93407.76098798019,8.096817818253996,2081110076.3188405,-2613.7372262773724,924.6620236374315,2772.4758152210097,-1845.0,5736.535653693829,23360.16248865635,4.532004431423024,1974586447.695652,-213.06569343065692,1081.4911590351696,1102.27950937515,199.0,968.730194408705,59262.94033047989,17.571074553521207,171425859.94202903,245.02189781021897,8316.727425647252,8320.33597896862,4481.0,7963.957256580496,409370.75562778354,16.44360421090857,9423673695.68116,234.71532846715328,5670.874349028179,5675.729659513674,1685.0,16388.505027914245,202556.21812350093,20.59140560727287,4388817622.971015,82.72262773722628,8438.46927839882,8438.874735153997,1745.0,12576.410669887651,381081.09391901025,14.414612699357976,9686633274.173914,reload
-2506.7251908396947,1212.7719813214678,2784.687964758117,-1510.5,6924.14123124043,11779.32180248456,5.113605158941881,1825066921.333333,-2601.259541984733,925.448210681303,2760.979100866185,-1977.0,5254.150703509767,36726.73634411351,4.209587035926235,1870751395.8181818,-591.3129770992366,1435.7477881597592,1552.7468396656304,108.5,925.1183458899519,77915.66181057614,6.067331814455703,358908506.2424243,451.2442748091603,7166.529186541501,7180.7215498931055,2250.5,1975.3933842969896,357924.32575050235,12.830035162939746,6730022008.015152,842.5114503816794,4520.118329813694,4597.966426534886,2710.5,16380.65421523379,110369.0,23.716161818329734,2840811243.257576,-172.70229007633588,8633.299857112526,8635.02707024227,2248.0,4850.146794711485,349660.4039789612,9.389682199204643,9697722518.439398,reload
-2701.2014925373132,1263.491181949223,2982.096489074298,-1450.0,7133.000846730686,98449.21786912702,4.716741532330846,2137477423.0,-2342.0223880597014,997.9518687464821,2545.7762663885965,-1500.75,5375.12731548297,62414.476504327395,4.742872463389375,1579876398.3823528,-237.0,1377.4286556814975,1397.6690243017256,450.0,523.7318715572296,77021.84458584737,8.235071487570476,265333676.85294107,254.2537313432836,7902.006554814848,7906.0959108929865,2010.5,3450.348612222585,369872.6877449819,9.015000610377225,8261292846.9411745,99.86567164179104,5213.3260815627245,5214.282499546282,1379.0,10759.232412400146,163528.75064376637,21.19144306084887,3594303963.2941184,157.52238805970148,8240.528105555735,8242.033533127249,2544.75,7460.601943857448,333783.5988699863,11.983361872017575,8972473495.823526,reload
-2737.080291970803,1232.5934740965151,3001.815316950777,-1724.0,7276.831730229743,26341.72037656076,7.199513073934349,2244460089.52174,-2364.934306569343,886.1684291010756,2525.5115836448044,-1726.0,5398.947454996535,20201.41709939984,5.41907888661937,1628159479.8260868,-482.1824817518248,1325.5888498388927,1410.5622086691346,79.0,345.1248605108143,67440.9005240435,14.971956267747817,302233356.6666667,365.5109489051095,9358.45873837724,9365.593852590386,4426.0,5066.557244621573,392551.1859160766,12.89982011587018,11947957298.62319,-132.04379562043795,4554.114350379239,4556.0282132897255,516.0,14414.839662769946,111100.17668634064,24.14957197930954,2825527237.8550725,153.08029197080293,8718.05543597849,8719.399300444036,3240.0,8158.985898080439,370401.7321498708,12.696178775803768,10343535748.94203,reload
-2398.5142857142855,1569.6157877724377,2866.4550406381745,-1555.0,6820.514146861694,31403.78967860903,6.760220508322234,1928196262.3943663,-2625.2785714285715,1246.7169862589224,2906.2675068597127,-1818.5,3734.9142656111853,75518.41869965046,8.044487592626494,2117169669.4507043,-932.1857142857143,1530.7337436934067,1792.2377074484289,82.75,1088.4461238681122,75023.4437803935,8.24046811552888,563317201.4929576,-186.81428571428572,9256.593394198007,9258.478322211331,1221.75,14682.321689653782,354511.1167190577,24.486436731422238,11858714807.999998,892.8642857142858,4415.381331551127,4504.752927266299,1423.0,15299.96945240739,125001.0,26.41762326696821,2914907579.3098593,996.6,7952.677117801275,8014.878969766169,1128.75,5793.718866549689,255512.0365774582,14.132073116089417,9003797860.704226,reload
-2777.5652173913045,1267.5159488264046,3053.107469020916,-1727.5,8112.264778052046,17507.18616395749,6.960846252206264,2317428308.0,-2625.123188405797,1003.9832152077144,2810.5611629574328,-1812.5,5119.613588163559,24088.445894551875,4.836891677282393,2011935132.7999995,-234.41304347826087,1305.852515854375,1326.7253928812631,265.5,302.15207210861263,82980.88384062589,8.63769103421059,246916994.2571429,911.6376811594203,9418.447198044285,9462.46431348927,5212.0,10436.447903554435,422002.75990061444,22.30603416825703,12313833679.342863,974.7971014492754,4349.493310752581,4457.389533042335,3119.5,5656.325354055339,134522.0,19.472439499547797,2832829155.571428,-18.057971014492754,8152.445254910979,8152.465254426889,1908.75,3841.7737720648424,382832.66485027503,12.828803627858735,9040918275.399998,reload
-2487.4962962962964,1047.0146829355256,2698.86597858626,-1517.0,6602.479195779187,82504.85494500486,7.761762918938255,1805282118.117647,-2703.6296296296296,1174.9812842685387,2947.9135320752866,-2152.5,5979.685573213885,36084.84575502188,6.775644308202585,2144091832.7941182,-742.5703703703704,1381.0289966153698,1568.008878943115,45.0,1367.727775031108,71597.21925687414,8.483757582811856,403370521.13235295,584.0888888888888,7638.901935310071,7661.19981513388,1468.5,1409.8066150453012,303697.6216346521,16.825758396649594,7911143168.558823,1616.851851851852,5278.416704977493,5520.497515824296,2408.5,14824.178072898942,218275.0,29.16245374692323,4434317075.808824,-165.25925925925927,9326.983685314239,9328.447635533412,1745.0,8756.891228236376,192058.01571041887,13.862625017306136,11664971005.441177,reload
-2833.92700729927,1137.0417478166337,3053.5235743282055,-2147.0,7135.798062830729,26548.01463954715,8.461655499991618,2360425958.173912,-2391.875912408759,940.265263435892,2570.052362498749,-1710.0,5913.936989326041,28128.841184583333,5.370152911281535,1676457896.1594205,-145.64963503649636,1507.6605292322859,1514.679532967697,408.0,1000.9034976372815,68878.81426452388,9.346819604984859,314920413.66666675,-121.31386861313868,9039.583991584046,9040.397988784589,1693.0,7744.285384216662,367264.71531999484,11.087526437681731,11117710091.94203,991.8248175182482,4850.775678655896,4951.135339827086,2886.0,12594.522232040772,135880.0,23.989591705281544,3467839000.7681165,118.4014598540146,8608.037032573597,8608.851285732262,1832.0,12614.391147093733,140058.9179607166,11.112334015395096,10081719301.101446,reload
-2790.3582089552237,1304.8927182012712,3080.396718005411,-1877.75,7561.9151557068235,7523.954963807359,4.7269327643326156,2280800634.970589,-2400.768656716418,971.6647041168851,2589.94641649176,-1706.5,5944.31080899785,51131.394191441985,9.74150257396356,1646698458.2058818,-221.21641791044777,1014.5944441002567,1038.430830413003,225.0,689.8499249485467,48055.33637469175,21.57242041776035,149015045.02941176,226.58955223880596,8259.907213902521,8263.014583519907,2193.0,10009.279493677077,370821.95510669006,22.728672259668063,9033399685.176472,484.5970149253731,5236.255461254109,5258.6315256336475,2276.0,8769.057024823918,153301.44751516776,27.734162948903474,3694722185.588236,-149.88805970149255,8182.29012450055,8183.662878683377,1273.25,10172.444062552257,311232.25283025403,9.24527128862147,8845540851.264706,reload
-2728.7443609022557,1115.07532133154,2947.7853991426337,-2275.0,7003.847866861981,17292.246428480972,6.343972202647972,2130004374.2089548,-2494.691729323308,907.6184583135391,2654.6672277755574,-1982.0,5237.448705392057,21106.113963919455,5.99424306641417,1751837364.1343286,-472.7593984962406,1118.6418668731485,1214.4385843623259,101.0,859.0081003342993,63567.021723406964,8.077782134294567,224196527.52238807,232.61654135338347,8319.451230566323,8322.702639953124,2134.0,5762.714202285326,330280.27587839606,22.84186910122813,9150953963.417912,990.3233082706766,4243.607026424558,4357.630187340828,2691.0,14730.775462103165,143422.8639533894,20.60235437607133,2636146933.2686567,-386.89473684210526,9107.6290125104,9115.843009119742,1298.0,12138.464762867252,389565.95950470236,8.081725882809717,10989394388.000002,reload
-2514.0625,1264.3775565347362,2814.1003641261623,-1115.75,6686.930146286301,14621.339765072074,4.878111201732036,1794636710.9230769,-2493.8125,1138.9631438149129,2741.5940305094405,-1653.0,5437.110798330904,52584.70433260708,5.430863091889193,1731087980.5846157,-258.515625,1250.2535241925373,1276.7005142651897,363.25,1137.2855573251145,49348.20051120681,18.41610196896879,213958114.52307692,406.2265625,6801.134279495733,6813.255279806599,1145.5,10302.601141774328,241262.28507223065,16.000620022628194,5872810481.984615,1161.7890625,4585.167957413651,4730.065435428722,1636.75,13779.023121815784,148709.0,26.682297509548686,2995606671.461539,33.40625,8476.445084613062,8476.510912515832,2590.75,11647.655233607838,235951.621209442,11.779485600134008,9056471329.876923,reload
-2663.978417266187,1454.005623115733,3034.948658496916,-1645.0,8612.366636513532,3289.285777483874,6.7401785855281515,2250578306.228572,-2449.798561151079,894.4815964170896,2607.989707906602,-1825.0,5466.259155100244,57376.98569129528,6.051071349881949,1766922467.2142856,-88.74820143884892,987.8203175491747,991.7989831722871,233.5,1349.2158301655309,54769.21212900557,19.359732662398564,136839804.7857143,680.043165467626,8981.571079076113,9007.279153850828,5742.0,19421.14208246862,388541.776458432,27.495438699910814,11260490842.77143,-516.6978417266187,7088.15723295273,7106.964866854559,1528.5,3561.015062313522,226338.7399674575,16.11729950635335,7007440511.600001,236.30935251798562,7259.932081305192,7263.776974498309,1938.5,8990.214686933194,281556.5347288983,9.944240984439753,7289302403.814287,reload
-2777.4084507042253,1245.63961258288,3043.9473954848286,-1903.75,6712.961168626016,96096.03685195291,4.001562078974507,2377617707.7222223,-2300.56338028169,895.4100600062548,2468.6739440949914,-1612.5,5839.066303217781,20944.710675161372,7.373455967198318,1594498311.222222,-288.2535211267606,1566.758708678524,1593.0545953174274,483.0,301.5857435779887,89555.32045475059,5.919639659872091,367002097.63888884,720.5422535211268,9754.716644351845,9781.292243395257,4112.75,12659.455670746269,377513.3176287394,24.759108590857327,13492202349.777777,101.94366197183099,5260.26306547047,5261.2508045301365,656.0,9731.743339638975,279499.4094075113,19.569555401399274,3877841360.3055553,157.08450704225353,8152.609373598882,8154.122585590989,1572.75,7831.975996655635,385414.5303620186,14.224003006248978,9314352317.61111,reload
-2744.992424242424,1386.5880650228532,3075.322726351191,-1656.75,7542.143580554295,14425.909587438293,4.942765134806077,2209560210.19403,-2367.6060606060605,1032.605550827436,2582.989098277068,-1515.75,5414.809484766022,28926.36254516298,7.328115344232451,1596433959.6119401,212.63636363636363,1086.7314928102364,1107.3389547045026,678.0,1393.611158934039,53484.990524775734,19.032168442196745,165376470.38805965,231.77272727272728,9472.183095773766,9475.018268951764,3805.5,13354.094671091341,369565.3308973507,14.686919442904124,11680847784.119404,632.7878787878788,5874.312845733537,5908.296870426443,1714.25,10019.074936668663,224007.68248279905,20.77604976002939,4599767801.432835,-540.8030303030303,8031.595349315248,8049.782094735688,2413.5,12267.895067488573,204409.46258976814,9.284101478798524,8463885829.850746,reload
-2766.0787401574803,1089.27186982792,2972.8277452872385,-1743.0,6461.853524300911,78376.1743079684,7.023875108915008,2077729765.890625,-2507.732283464567,1231.9740669170772,2794.0081079135425,-1755.0,6393.088034576194,23420.135622334386,7.115322343352566,1776105635.3593745,-716.3385826771654,1289.110651258666,1474.7702316701652,-132.0,905.1061797089196,41607.40351064188,7.121404864551312,338720114.046875,-62.645669291338585,7922.510426444822,7922.758101634044,999.5,23867.894829843084,92228.3888612189,19.14616912247181,7910016994.5625,1359.9370078740158,5188.927821143772,5364.177532336639,2801.5,6838.861807352027,172712.0,21.98238061347061,3858841735.90625,71.4251968503937,8459.405020420916,8459.70654681755,3915.5,20872.697940387457,83209.1553995871,12.644564520466714,9018597942.734375,reload
-2587.546875,1446.7762971699303,2964.5506378496893,-2124.75,6570.454057040211,32710.60608201319,10.59542875038398,1951559702.0615385,-2803.5859375,1321.119911567359,3099.266353459718,-2012.75,7231.724619912185,34520.6118272208,10.461263410180015,2201308275.276923,-850.4921875,1461.4993638602668,1690.9516112421727,-136.0,1847.2694663197758,38764.346850272435,13.383874512169534,451604882.2923076,-1081.6484375,9059.371996023858,9123.715487929658,166.0,18807.195575579535,181429.386877855,17.00844567451162,10640514646.846153,812.265625,5211.3280194513145,5274.250199969186,693.0,5366.836809940894,108505.73701867615,20.580871770100458,3591015684.246154,884.9296875,8861.292057298622,8905.369025288199,1309.75,23083.175676064937,113271.0,11.192671519125911,10095857807.215387,reload
-2229.3260869565215,1480.217581749207,2675.9930663782275,-1255.25,6119.951587460897,24657.123360644615,6.626518009309066,1650149276.6857142,-2557.978260869565,1080.483100937478,2776.814094334144,-2054.75,6236.303820341942,33305.35524445486,5.36641238412523,1938953400.3428574,-983.7101449275362,1734.2918163878403,1993.8539950616214,7.0,2310.226040220458,88459.48608440539,8.243234840103861,672423167.8,1108.3985507246377,9322.637903061133,9388.297226805325,2174.5,17611.882838229678,345780.3265093553,22.940852597234645,12156697007.285715,1274.3623188405797,5969.2821867664115,6103.7962895994115,3061.25,12320.01096915784,175862.0,25.911530568160522,5306230002.742859,1322.5072463768115,7481.621661426759,7597.6106837248035,1769.0,26067.72085199031,182506.0,12.602148827952051,8090466438.314284,reload
-2165.595588235294,1618.7168910022008,2703.710159207159,-818.0,5947.793314375025,135308.6315245032,6.299267494639403,1608331791.1449277,-2533.080882352941,1150.5734826799549,2782.142716610389,-1803.75,4601.356514375514,43905.93341543639,8.51851290162204,1897461239.3188405,-548.3529411764706,1458.759986756539,1558.4195991641095,166.75,283.2284004848912,60429.78905300971,17.875365607170497,365933971.2753624,102.75735294117646,7418.437885050847,7419.149528614528,3109.75,7604.334186207778,347661.45033132785,17.381459752986824,7379578669.52174,1079.735294117647,4842.537587140854,4961.451258274668,1833.0,14309.273337340699,146844.0,28.932055122819378,3462469582.753623,168.9264705882353,9221.245166519759,9222.792341451119,2114.0,10168.022550041489,260300.9141111652,10.559397849501627,11404445386.57971,reload
-2247.1459854014597,1389.0607525622127,2641.8090116461103,-1299.0,5676.540359099424,26204.434832037798,9.664227288424845,1636006676.3478262,-2691.3649635036495,1114.9900780280113,2913.1852397120088,-2030.0,5987.376666223117,15517.252543275923,6.01319746318247,2139406716.8260875,-831.5912408759124,1239.8372306328858,1492.8966308371666,-145.0,476.6804097667308,54075.3564384372,16.62301596988099,397179832.02898544,-449.7956204379562,6091.629270557083,6108.212772167731,1808.0,14143.465660012314,295134.1705317045,18.311394009735587,5101982624.63768,641.8394160583941,4592.553395393597,4637.187135058002,2662.0,6689.104634042733,179682.7214448557,21.591793627711642,2980661688.869565,153.4160583941606,8300.490085471592,8301.907741355923,2373.0,11146.179148505225,223700.61064813004,14.00226920751621,9377047977.043474,reload
-2314.9142857142856,1555.4128964256874,2788.9312341058944,-1195.0,6071.010201215448,128421.34380675606,5.803545985773215,1813271424.2535205,-2651.2,1098.843185224482,2869.898567147328,-1900.0,7035.351119173842,52438.761944044716,10.705969227883413,2107108655.8309846,-431.04285714285714,1250.1825573630013,1322.4047683778865,43.5,857.3749496972977,64569.48998141751,20.14694219148843,267142600.50704226,722.6,10255.87542394254,10281.300086634403,5190.5,8959.785344977743,478699.8164729933,20.657314576441024,14665823593.887327,822.45,6342.314742296943,6395.418695664666,2519.0,18558.765574979174,226071.7682394588,29.629397149607346,5768057843.366198,-31.678571428571427,8760.582383012033,8760.639658234357,2280.75,7138.755125548904,270350.87148985267,11.104711482228934,10593803626.239437,reload
-2437.9054054054054,2727.1969332399676,3658.002990482427,-1728.75,6290.075479306687,28576.548190418165,2.5295364780778735,2821873251.2,-1711.5472972972973,2104.447074888368,2712.5802553826666,-851.25,6986.23339614386,52607.63683357492,7.968973981750809,1502256620.2,516.0878378378378,549.785657608073,754.0629454333873,675.75,2372.797865257084,76381.0,9.744760492870345,121928385.32,-266.85135135135135,3517.531976774811,3527.6395580262097,300.25,4830.394568360464,119797.206832739,15.490616609662728,1827603036.1333337,-349.8716216216216,1544.1975668323284,1583.3370699339503,159.0,2169.857200198987,59414.717256659955,23.30787399521297,384137535.18666667,332.5405405405405,11362.997143632234,11367.862037221304,3211.0,26917.106970644745,288639.63660576195,9.525017596612496,18887169601.6,shield
-2963.748344370861,2460.1440791774426,3851.7675344019463,-3505.5,6527.522701312317,73401.94318872539,2.417824862891342,3543143002.3684206,-1647.1390728476822,2071.271801260877,2646.36240904378,-904.5,5262.288044514552,71674.49468834909,6.159674574248444,1457509091.828947,352.1456953642384,520.21622347848,628.197031140529,635.5,1635.1340772401027,53174.0,8.26097687656714,77799127.19736843,249.35761589403972,4581.263901120904,4588.045134075937,1112.0,21052.05844760666,224130.29541452933,16.883783246995243,3166989502.8947363,-538.0198675496689,2042.9509706499205,2112.6083513887793,283.0,1741.949660551821,125695.32604045325,13.775788250074545,712918180.6052631,1318.609271523179,11966.488221028756,12038.919002757968,3184.0,11341.478887725993,293628.352166302,22.780241180519248,22002110137.394733,shield
-2279.489932885906,2762.0017388849255,3581.162933982695,-773.0,6470.226838111653,41297.69492196073,3.098326766237504,2667198881.1333327,-2020.6644295302012,2422.646978830542,3154.727107184609,-1422.0,7975.476085826049,71121.80128430527,7.2060671925065645,2077330972.173333,332.56375838926175,769.6036836109123,838.384448341855,592.0,2193.1619468988542,49552.0,10.73596593164939,120401519.46666667,760.9664429530201,4253.461900595034,4320.996189203838,1898.0,4252.026975820891,125448.41911928442,13.457808960781858,2849139877.026667,303.59060402684565,2508.949728160213,2527.250678759151,974.0,3371.323514126632,63398.19841014777,13.816961300237056,958959355.1466669,1646.4228187919464,11539.342978040318,11656.206263750108,7493.0,23508.288946569795,245317.0,22.84039471580241,20510446031.426662,shield
-2415.8104575163397,2717.6452700355962,3636.170510357312,-1161.0,6129.690820257483,107408.21929809065,2.1990634522743835,2896920926.792208,-1785.8039215686274,2075.1715924288856,2737.778804855083,-1462.0,5528.253462814639,70718.61104205059,6.584691604092928,1624117701.5064938,376.6666666666667,785.4189756558352,871.0687372980615,555.0,2529.0515549998545,57630.0,9.540866046132196,136902903.7792208,762.9150326797386,4134.556887129656,4204.354885116146,1979.0,17896.58558766402,185602.19933553902,16.44844052028778,2775431743.350649,-1201.7712418300653,3256.443052303918,3471.120203995856,312.0,6114.634668577232,133529.07331804797,10.492350743529656,2051012913.8441556,348.5359477124183,11236.415151253632,11241.81937046535,6026.0,13838.486877363472,260076.2225964928,6.9871427817451215,19228818398.32467,shield
-2262.288732394366,2719.5187296393005,3537.475431657083,-1208.25,5738.378926951181,36573.99570996253,2.855274204849562,2468925550.666666,-1925.5281690140846,2246.1017927269045,2958.484746108681,-1205.5,7860.380453664484,90115.24207193032,7.745524528077724,1744805566.5277777,169.2605633802817,743.7478339850336,762.7646943017482,501.0,1085.2003467461818,28915.20322444369,7.806329224739621,85481610.6111111,889.2957746478874,4595.024217608073,4680.287868840042,1818.0,16434.806930892377,224198.9774336686,13.947760425503999,3178252786.4722223,-675.0845070422536,2483.255820839206,2573.3827083005517,339.5,1899.5104322316736,106491.20144736092,12.48913699053549,991122855.2222222,780.0985915492957,10437.741644540118,10466.852652574424,4358.75,22767.747468930087,293583.24419274996,8.983807471570758,15426130480.694445,shield
-2339.344155844156,2557.005356768688,3465.661188579457,-1044.25,5934.556288695256,90908.95392727353,2.48475765608696,2657915755.5384617,-1963.7727272727273,2001.7395082119747,2804.1691074392934,-1449.25,4850.303112463613,64993.028310355585,5.154531614006971,1781706099.8461535,225.16883116883116,718.7297670122915,753.1755974004207,517.25,1427.282640849799,34676.0,8.637715697482571,93948387.02564102,734.6623376623377,3742.5990660370003,3814.0236653015827,1810.0,12811.593900049593,155987.33560212108,16.73088214567943,2293653060.1282053,-759.7662337662338,2748.436112089285,2851.5164022336944,431.5,2126.8906499365726,113388.64606695696,12.421440237342695,1323914052.0769231,148.9090909090909,10269.419455488927,10270.499007844257,6171.0,12952.003426500174,265541.024251999,6.76665297234528,16039534066.974356,shield
-2563.8161764705883,2840.5311853134654,3826.456690133914,-1786.0,6718.186948377282,63781.046671581404,2.7346542405209315,2843415388.6521745,-1944.8014705882354,2074.0691101844623,2843.2403053248117,-1502.0,6370.520867677807,36221.0210998062,5.709884317356359,1590430249.869565,159.6764705882353,786.7097891773963,802.750812922079,629.0,2180.210816836152,39194.72388950274,10.041210369637167,89789355.59420289,495.9852941176471,4314.752767072548,4343.166224419827,1172.5,15559.041022394653,212236.35241518635,13.805275851565748,2561315756.8115945,-1023.7573529411765,4330.770739542252,4450.129696556773,464.25,6759.318839919225,125693.13086909238,7.872545544267131,2794757008.8260865,480.8382352941176,10336.350971934373,10347.529020183003,6385.5,18824.067474731375,156710.86775054777,6.962843798830801,14381661335.797098,shield
-2272.2721088435374,2816.186164121753,3618.580529381521,-754.5,5956.330976611099,47427.365230213276,2.4756850732274835,2665695815.743243,-2140.7891156462583,2138.825194828037,3026.144618437903,-1728.5,6389.601459658762,55517.052093663595,5.47281200649221,2006210117.662162,91.91836734693878,675.0158830099494,681.2454980192006,192.5,2256.6499631009633,41219.31079122901,10.894538886165295,68994677.43243243,1046.952380952381,3346.36612196308,3506.3193679703627,1948.5,20026.706905898023,153902.0,16.409891702740516,1955086656.1081085,-1451.0544217687075,3058.3613877353755,3385.134164686116,76.0,4598.676809215685,101851.63046147341,11.109873572439751,1980536721.513514,279.0748299319728,10736.00304277791,10739.629606985432,3933.5,15094.924754339985,296064.72279903124,5.597798606115176,16851738769.121618,shield
-2334.386206896552,2780.9701288832257,3630.8613056256577,-1291.0,6018.900421852472,43896.6505942278,2.351787927193597,2683209460.79452,-2076.4896551724137,2058.1530626275903,2923.662654486899,-1547.0,6925.299933324943,49898.15717377185,6.178073710367285,1851872294.69863,46.15862068965517,716.892293895236,718.3767669617001,8.0,2131.341449020219,39103.82085649616,10.738997506159308,74623744.1369863,497.6965517241379,4828.389152850816,4853.971947690419,1165.0,14054.901206127037,201136.95770623858,14.485856863953552,3428622429.424658,-871.2137931034483,2333.7979175176565,2491.1094301743246,105.0,3253.828483301821,83846.19912605431,10.626808481705758,1002955814.9726025,267.5241379310345,10427.976307184941,10431.407336864293,3591.0,17054.55366826756,281428.38953144447,7.416268881952398,15680305052.986305,shield
-2462.5314685314684,2821.259694355652,3744.805401686915,-671.0,6541.925305293497,50725.9877553259,2.640711296800811,2852582777.0833335,-1930.86013986014,1988.9361165065197,2772.018714807812,-1392.5,5994.544967892455,58971.5704760567,6.069561913493976,1620627078.3055556,238.25174825174824,695.2665481572187,734.9554194177144,599.0,2623.5975023481583,34070.0,10.898062672973731,84767263.0,756.3006993006993,3569.7168484505037,3648.9545250488018,2430.5,15626.046556076475,151555.89564841505,16.276013219137372,1972030538.583333,-1108.8461538461538,3368.9223698941655,3546.7136517165754,82.5,8293.795176929307,83977.4721621719,10.299304440318393,1960933781.7361112,440.4825174825175,10644.23672869068,10653.346909991029,7157.0,13689.478082706626,197803.32860922703,6.7918122849053,16144460681.847229,shield
-2567.0827586206897,2904.479369343861,3876.327423806163,-1023.0,7245.855064783192,59815.79708464922,3.2693785796541346,3112827312.4246573,-1775.4689655172415,1948.1502351441056,2635.8261297374866,-1353.0,6910.593880253566,54160.91321489821,7.496047434668915,1454450375.6438358,-5.813793103448276,723.927820618135,723.9511652419467,98.0,2354.1519545327087,39997.33386141213,13.407504226146031,75479618.93150684,318.2413793103448,3909.7754133857024,3922.705872050655,739.0,13512.265084558618,147633.96037764908,16.885210319568383,2230507534.8630137,-1057.296551724138,2970.526898865698,3153.078821592066,86.0,9862.969278477947,64117.39144625146,10.611483985069349,1592684367.6301374,452.17931034482757,10878.130145273266,10887.524125631451,5506.0,24291.875452454267,175935.40606159836,8.230624692374956,17099754576.753426,shield
-2376.397435897436,2906.4625663746324,3754.302787879119,-611.0,6033.5126241368325,114775.31266318416,2.5858395044521303,3040776160.911393,-1935.551282051282,1964.5648284846366,2757.8748577064243,-1483.5,3747.895146521683,67487.0154483661,4.176318925171345,1748531204.7594934,190.46153846153845,762.8121419493305,786.230221715282,373.5,1257.1799310819447,32579.067690909273,7.000203698430924,100799363.62025316,1216.5833333333333,3929.5631908980267,4113.580177680402,2202.75,16270.80974515064,189787.0,15.363795366501773,2834439577.4556966,-1676.7371794871794,3774.947471382166,4130.578165435104,237.75,3925.9618438705716,174887.6130693963,9.881051396335971,3061033695.7848096,441.3269230769231,10209.396790968063,10218.931073672116,4654.0,6932.640506422984,311395.2207524052,6.981996952385321,16114350804.594936,shield
-2790.890410958904,2309.6287999307797,3622.63087816742,-3086.75,7038.990941053648,52508.34924916142,2.696157934338146,3011969317.4594593,-1875.8287671232877,2174.10586363584,2871.4926205482425,-1275.75,6928.898738085928,39484.94172729513,6.837106503202958,1694374682.3513513,339.2328767123288,470.90778030232076,580.373226632467,400.0,2507.870202432987,49528.0,12.270279866830235,65090506.81081083,-408.47945205479454,3706.9527385363526,3729.3905760181715,719.5,5724.303041867899,142065.9778698091,13.971045535686454,2027314092.9999995,-979.4246575342465,1880.9330890330475,2120.656017652434,93.0,7814.1683911311,57476.52115874034,11.781583188577205,785899021.7837838,103.92465753424658,11938.327652487978,11938.779982586275,3160.0,27017.47407394219,323595.68483935524,8.816493890744741,20530554897.297302,shield
-2130.993288590604,2732.863504246208,3465.497847187192,-227.0,6566.026363668148,47823.62681691725,3.6728191397690253,2449629882.0000005,-2116.9060402684563,2017.1068301718508,2924.0402096501693,-1808.0,7814.613081672767,56185.09730858374,7.676579814847533,1928719620.333333,100.50335570469798,772.3044451697839,778.8164613931275,604.0,2691.731243162709,32625.43402891051,12.467731144921977,91269199.78666666,259.6845637583893,3443.6405410071125,3453.4180529327964,861.0,12715.617061009325,158346.74351727698,16.818228459727973,1775122740.3866668,-843.3087248322148,2831.4899317405384,2954.404312027413,174.0,8380.350486022438,77317.68535723355,10.669821160205812,1397134748.9200003,448.32214765100673,10046.350029555764,10056.34832652636,6952.0,26884.02977412089,246370.3560744261,9.937894808226526,14997683433.946663,shield
-2587.2836879432625,2542.8246909456525,3627.6706425446264,-1663.0,6665.807483521882,41729.12051589938,2.58212760491871,2779704181.2957745,-1722.0070921985816,1956.6721803169523,2606.5061762459936,-1374.0,7866.348104642006,49994.583575944955,8.174450307376757,1366354328.774648,804.8510638297872,766.3683163190748,1111.3530632547308,1333.0,2010.2949395956368,113484.0,5.66078377443322,263617981.05633804,400.97163120567376,3361.662384150261,3385.491431689431,446.0,16974.872097997784,181761.23052815557,16.399187950158737,1627208115.0281692,173.8368794326241,3991.5545286206434,3995.3381353275768,1659.0,7188.283426388586,112219.18698183543,10.444962803200314,2239125077.056338,265.0851063829787,10671.796916423262,10675.088736821212,5699.0,21579.006039144468,205898.1172212035,7.964540938144125,15964693563.97183,shield
-2445.421768707483,2658.607954829991,3612.2408397494405,-969.0,6056.207781734958,49468.98638999261,2.5344962902091046,2778270810.716216,-1981.3061224489795,2167.322297283598,2936.4706521871562,-1600.0,5852.518460114543,56984.32995954978,5.732732859379327,1832156127.6486487,453.4149659863946,906.8538785575827,1013.8881044944626,767.5,2536.009963912403,66652.0,8.195064453152906,180107250.9189189,686.5850340136054,3946.3512293107087,4005.6319144441622,895.5,15239.34724190646,125779.57988084883,16.11452503404586,2411518560.1486487,-652.9659863945578,2559.193823463545,2641.181100462855,248.5,4615.042355854254,81508.40404401124,12.892062547194225,1080771533.8648648,1093.0544217687075,11005.360246729935,11059.508222757995,6248.5,12788.363191757835,185294.4224665385,23.275750097756003,18032928064.405407,shield
-2781.248226950355,2390.1592699120492,3667.1791659886203,-2517.0,6229.073111895988,53792.35004014824,2.1724702068584554,2965845442.8450704,-1881.8297872340424,2300.150525316272,2971.864025697347,-1253.0,6361.561501316074,62152.02261364409,6.159887560160038,1732343414.577464,259.12056737588654,722.2450073982753,767.3208710500036,334.0,1886.9142747448166,36536.0,8.137102027282513,91834089.45070423,292.3191489361702,3991.951580739257,4002.640117197825,946.0,15640.319748826882,155579.35242413008,16.32476015548889,2255034401.5774646,-507.58156028368796,2788.180011273091,2834.005436763105,729.0,2525.1278958888597,136096.00156767532,10.609790041065526,1160549994.6619718,232.82978723404256,11738.56746848449,11740.876284246666,5807.0,15582.76277341626,395545.55964404804,6.124003656438724,19307305132.014088,shield
-2334.818181818182,2649.7197467228334,3531.627199793557,-969.0,6692.462443866687,44423.52597970393,3.231778181948971,2545299330.708334,-1919.7902097902097,2014.7584729291539,2782.956369375229,-1484.5,6906.001979642371,53261.472994205214,7.109185815142881,1623201943.75,433.5244755244755,549.8484448809614,700.1976743868714,828.5,2396.057048514842,61994.0,10.793804343151745,96311985.94444446,589.9020979020979,3085.2001426949773,3141.089684423927,790.5,9753.29391729184,114064.71359400266,14.913642303454075,1450519836.0138888,-248.93706293706293,2204.7107931321993,2218.7202037790485,380.5,8043.557143323562,40415.198838662436,14.493990546282546,707860454.4583334,1811.6433566433566,10924.252410711928,11073.452143961944,6532.0,19391.945795763375,259065.0,22.7650373074991,17879156282.27778,shield
-2118.2323943661972,2633.99068695214,3380.0614514373783,-542.5,6188.626920882326,39241.68765400258,3.2089945170693372,2228084262.3888893,-2056.612676056338,1888.5768911865423,2792.1995582764916,-1603.0,7013.772207061041,48126.250398812124,6.798145648725938,1683989521.666667,359.4788732394366,676.0357282656652,765.6692276676549,616.5,2897.318688895658,51046.0,11.713943659781567,100191009.1111111,469.2676056338028,2593.886593662412,2635.9931233747316,779.5,9136.06957621775,97674.9630848685,15.08201549377781,1003849794.722222,-504.50704225352115,2742.8674076862685,2788.8795190597575,242.5,10564.337360135958,41933.01762392905,14.584224679876913,1124806357.4444444,550.1619718309859,10192.095516774796,10206.933389530366,5439.0,22842.786165516656,205319.23364107683,8.938410978342404,14630887451.722221,shield
-2278.394557823129,2637.159295614615,3485.0668446336326,-458.0,5990.765191807303,37814.74154288153,2.380815346185229,2531285950.567568,-1957.2585034013605,2060.87361796652,2842.1929769752346,-1561.0,5441.153544303326,60325.53717444206,5.456649899944375,1738783043.743243,424.14285714285717,791.3425172400613,897.8419364549324,867.0,2594.8531780212975,62349.0,9.109091819208516,143965188.972973,505.4761904761905,3089.8596875730277,3130.932619528439,1085.0,16564.253299799122,153552.85888693476,17.35364861177317,1468571767.2027028,-907.8367346938776,3904.6114756868615,4008.7601964853384,311.5,5445.296752317735,145891.9207744008,8.41972013174146,2466685724.9189196,367.97278911564626,10289.273908487685,10295.851666443868,5495.0,12671.654190546851,211068.68532738768,5.94384655181093,15497152126.52703,shield
-2156.5133333333333,2677.3825619727104,3437.866655354742,-46.0,5845.192412150395,46908.861230954266,2.666174294770341,2437915988.5526323,-1953.2333333333333,2002.405371602419,2797.2750538098085,-1610.5,5417.5299834208845,61650.00858229681,5.618132849856489,1723009677.6052632,587.2266666666667,834.9276786777536,1020.7543223845132,1113.0,3044.7755565899915,88084.0,9.10344078346324,205281787.84210524,981.7733333333333,4183.850861183059,4297.497749466155,1452.25,17102.890680949415,163393.9399426942,15.738550680060317,2876685480.921053,-884.9,4020.1704337834567,4116.408425638383,406.0,5844.764559575493,107233.58865739696,9.540801782570682,2624190878.9473686,653.1266666666667,9615.850112736898,9638.005386662395,4804.5,12755.405915956597,208005.6034631052,7.1107133249113,13813482680.499996,shield
-2698.797385620915,2870.027693062806,3939.6149923033977,-2265.0,6183.085357892871,146924.0394416011,2.6588707227269466,3466367268.0649357,-1572.1960784313726,1897.1335758692646,2463.9229520675945,-1217.0,5231.898549624449,47474.882061061464,6.541342723246671,1298548429.2467535,484.62091503267976,957.6396227935959,1073.280521779545,1086.0,2564.2937301551324,74147.0,8.65511773286266,210800858.5974026,555.875816993464,4893.7732175531,4925.242555322344,1272.0,16880.655786889016,262132.36299951922,17.88283571988204,3734345373.2597404,-92.26797385620915,5881.143838553741,5881.867580008766,2050.0,5421.804943398693,203203.0877473072,12.20921838197451,5260166407.38961,242.62091503267973,10176.692288495607,10179.584021124696,4629.0,11423.401234189283,293502.85374872276,7.859210339862215,15760458219.142855,shield
-2551.44375,3039.4693363868532,3968.4051023364536,-1551.5,6185.848927405185,139452.18573360465,2.578552887010567,3517330070.432099,-1580.3625,1844.5111665679203,2428.9436129725204,-1346.25,4292.7564310875405,60185.206371827546,5.310103140624989,1326983658.8888888,318.15625,906.0808155655529,960.3154917786134,789.75,2057.801743810808,50905.0,8.678431313252823,161728627.32098764,893.0125,4776.699769437446,4859.457995754259,851.25,22182.917266488577,325189.9349598459,17.208766121480743,3858005712.6172833,-530.48125,5407.006308915168,5432.966738463434,1349.25,4446.931630277692,176044.95527852685,10.89083559047647,4708949727.222222,458.725,9525.73175926002,9536.77063659392,4201.5,8595.379980392927,253847.7560628846,7.611551504365263,14405599682.69136,shield
-2632.2380952380954,2448.792170228115,3595.171829411384,-2257.0,6153.129117875216,111299.68475345185,2.177173418282845,2898809077.6891894,-1939.5170068027212,2470.687511670186,3141.022604184822,-1168.5,6832.187047173919,58122.31391851331,6.314783847040765,1989743465.4594595,185.1360544217687,499.8613500204795,533.0447710006697,305.5,1734.9314295289396,27215.0,11.63545570836463,46490316.06756757,30.755102040816325,4666.767216494751,4666.868557100328,561.5,14104.650407389521,240136.58204077542,14.569518791683349,3180115935.0810804,-294.8503401360544,1929.0732304975706,1951.476428681802,504.5,1830.8511928268047,71602.58143570655,14.949143813978242,568725077.2162162,1079.0408163265306,11586.987763888892,11637.122261272738,7470.5,14764.51238108199,158619.0,22.941918902400573,19942616651.391895,shield
-2359.309210526316,3009.131852058507,3823.769665388773,-409.25,6570.786599832309,58941.76110756962,2.8492160509872195,3028657975.7012987,-1748.092105263158,2022.2581839540796,2673.07952950387,-1489.5,5295.370098750254,73472.43838208976,5.834730468040603,1530445102.1558437,204.3421052631579,874.1525603425655,897.7184384520807,469.0,2048.8371327793416,33847.689576154095,9.047147208204313,127171387.74025972,1005.1842105263158,4071.333692029671,4193.584782611098,1501.0,18395.912469988823,219557.4550252624,16.682496191988584,2790117309.7402596,-1763.7763157894738,5614.257298677613,5884.79327656416,164.5,9884.276499985734,183681.71477095108,8.445755977365398,5662242725.974025,851.1513157894736,9877.17504544793,9913.780582643005,4768.5,13963.574103532943,271875.5605983434,7.034329598562369,14853700414.870127,shield
-2515.0443037974683,2983.190665825784,3901.9065082000848,-934.75,6170.413938367458,134398.63169254232,2.8095900121438353,3362389074.0250006,-1616.2151898734178,1667.7116867579402,2322.372452929672,-1458.25,3275.210013213073,51527.65234376809,4.274625769070528,1249068334.3749998,499.94303797468353,751.6745714152432,902.7500775583713,858.25,1764.5155401639413,78991.0,7.309992480079523,166151590.79999998,1024.7784810126582,4270.9474945920665,4392.170697583242,1348.75,19080.927953134975,161915.0,15.105838797903555,3173879074.2750006,-1864.626582278481,6213.911768107512,6487.644545839773,480.25,4641.368257073996,256617.86138358846,8.65408683597115,7109518860.2,835.3417721518987,9830.632750520022,9866.059808854734,5581.5,4587.966730621675,306368.24997675174,7.309663199571973,15296235890.725,shield
-2310.2244897959185,2730.8678065434106,3576.9786370717993,-956.5,5824.510818835073,114180.93530522929,2.3807097031549276,2647381863.9729733,-2203.469387755102,2009.939716516114,2982.4712918656437,-2025.0,4495.992898449617,73696.54193794896,4.24297063727172,2007653111.2297297,11.19047619047619,1066.6459564315996,1066.704655998675,962.0,3270.082824932065,71119.37970783295,10.071163761590922,166153360.36486486,228.16326530612244,3661.7111386809797,3668.8127423971246,655.0,14107.488973768333,147776.51125626074,15.662821684895011,1972879129.4594595,-1441.3877551020407,3551.4101605640462,3832.768293168222,308.5,2862.14931983888,127565.07773733413,11.026253601304225,2448199167.0000005,3358.8503401360545,11240.522174397065,11731.633064520225,7410.5,4127.283632661243,493751.0,21.23359584253391,21742317304.851357,shield
-2286.945945945946,2886.247797475038,3682.464950017598,-904.75,5329.017450041631,115286.73898990605,2.946339300652949,2743939151.893334,-1778.0608108108108,2081.5674324969095,2737.594422658874,-1161.75,5785.889317608097,76999.02962789737,5.829778825761487,1556052865.6933334,247.39864864864865,871.3121879769,905.7543929069681,551.0,593.4685685341911,36615.0,7.500030744254429,128737031.07999997,1595.918918918919,6679.063181308614,6867.083964513298,1125.75,30066.71787301155,236196.0,13.146331341224569,7258426319.119999,-1690.0135135135135,5993.844323144175,6227.544897144135,232.5,3478.4889017233318,253942.69047735454,8.886125930528753,6080351398.053333,1041.8445945945946,10434.017071069162,10485.902555271465,2946.25,7702.061734032092,283122.7319420973,8.20734322409523,16214755297.426666,shield
-2640.0,2837.51783334404,3875.7073489294125,-1782.5,5933.365877820689,133092.458558248,2.820943835574574,3343151798.025641,-1708.9935064935064,1970.091679904913,2608.0490855172825,-1434.5,5176.373715936328,60819.124183838314,7.068868885805714,1478085110.5384614,401.07142857142856,952.7306150051487,1033.708815665425,939.0,2126.4413569327503,61765.0,8.10765971807832,186902782.92307693,997.6493506493506,5243.097569547823,5337.169320028113,1160.25,28188.77952312458,175731.83311373554,18.849447703013738,4482371403.6923065,-1336.7012987012988,5343.224110758459,5507.886551095643,127.25,5719.299435306097,206465.73391071399,11.857828849720043,4883608684.564102,628.3441558441558,10624.535833638007,10643.100021067245,5702.0,9994.83211947571,307135.70414795156,9.276167395835738,17280835603.71795,shield
-2556.478260869565,2428.361853803027,3525.9782176446224,-3319.75,6498.270661430559,48758.72402198021,2.828217071649035,2580204372.4285717,-1883.1811594202898,1962.9197981191007,2720.1884885138893,-1480.5,7983.696802161489,22002.200218312544,8.335927509589608,1488960275.1999998,429.92753623188406,910.5816793396418,1006.9740220876705,918.0,1734.542268206336,59330.0,7.978710277783889,163076835.22857141,1167.4057971014493,4822.482942829289,4961.7716623183605,1092.25,19272.403785105136,194357.770268201,14.855954265839152,3534414961.171428,-687.9057971014493,5607.002004336458,5649.042915602504,979.25,6945.107812279323,181557.06578781744,10.494283094656545,4405280788.942857,821.6376811594203,10266.794424394746,10299.619227519242,4176.75,20589.28776250077,256936.99420169397,9.543745486627854,14522143907.800005,shield
-2631.041958041958,2683.727125650596,3758.293904144548,-1805.0,7330.6583707839845,47787.01789001625,3.8671264748800054,2988842150.1944447,-1859.076923076923,2237.13755693035,2908.771468256909,-1408.5,8471.314934662816,56465.19810888544,8.453844323885992,1692313579.1527777,111.1958041958042,740.5552090187285,748.8568117307369,370.0,2212.070224022546,48526.62376781918,13.955441846647899,81391426.66666669,707.7132867132867,4207.353872697563,4266.460442368323,1833.5,4107.073748867427,132582.54146071099,15.678279597394198,2656032963.6666665,-276.73426573426576,2705.50141146281,2719.617572611771,299.5,10067.544867723936,82090.40075100579,18.696596718755135,1061203921.6527778,1684.5174825174824,12326.087206251947,12440.66014988895,5623.5,24546.37339970528,240886.0,21.62120078176324,22381377121.569443,shield
-2120.5342465753424,2377.3750897408518,3185.6832561036535,-917.5,6154.092276895544,64767.61964899495,2.5119404521193904,2109310909.648649,-2082.5890410958905,2230.15294847204,3051.3536811833583,-1488.0,7986.593048005967,43095.65310186415,7.102695808307367,1965685483.2702699,-29.965753424657535,724.0271736214328,724.6470137387913,98.75,1046.7791538351437,36896.12750117486,11.847714290002626,75761490.78378378,450.76027397260276,3299.644981535933,3330.291553117703,754.75,6306.386482411929,65811.0,13.699764836801377,1626659862.054054,555.3287671232877,3339.170393871723,3385.033080917247,1499.5,3715.1389093057273,131109.01481503225,12.282852526091188,1694748936.4324324,401.2260273972603,11337.903889753838,11345.000966873302,4774.5,34975.278188419834,200645.40711042442,11.661772199499229,18561118334.189186,shield
-2156.8285714285716,2496.0874210390525,3298.8425091234653,-827.25,6291.090676291893,35517.1813481504,3.0173005375370483,2144168140.788732,-2374.3928571428573,2154.7458739669396,3206.348580773552,-1954.75,8165.615619546064,45414.245242599376,6.343658256483517,2197200480.380282,-135.34285714285716,474.25164765778356,493.18588208272377,40.0,689.5137616378042,30403.72123549926,10.951948288241402,36102546.05633803,652.7928571428571,2570.585951813957,2652.1784725014268,956.0,634.838268498625,91391.0,11.110506047607332,1029717632.8873242,-199.75714285714287,1787.0903841217455,1798.2199412593716,765.75,4950.508826434056,63023.31421770249,15.057617474346758,451878720.78873235,199.07857142857142,11465.494262019321,11467.222460125207,5112.5,29954.46291485544,272580.9999492804,9.260108625438665,18156153461.169018,shield
-2519.6979865771814,3046.3749118286087,3953.388173071279,-1553.0,5615.850376676401,60711.64807762191,2.8125423053610654,3252913607.6399994,-1910.8859060402685,2155.1541857054626,2880.3080581887616,-1542.0,6288.37500972578,44289.16764066036,5.563507354135822,1768333250.5466664,-25.02013422818792,510.93177770990866,511.54402409822364,204.0,295.8897135675057,37221.17270368136,9.379381187402169,38822636.45333334,1577.3154362416108,4650.906370621238,4911.09499538456,2227.0,25603.554509792993,235020.0,15.035786540784802,3937980528.306666,-926.1208053691275,3095.8840307276996,3231.438948495291,500.0,3019.1256057699957,110372.57078178774,11.976017124446644,1672460151.4,2089.463087248322,11559.651823861559,11746.974345842387,4813.0,7721.875347793837,311330.0,21.998240178060612,21069823865.093338,shield
-2391.8194444444443,2572.444904530345,3512.5877984281997,-1970.75,6564.591777473549,28472.29071436705,2.717742401482398,2564883852.5479455,-2009.798611111111,2047.574542734312,2869.1204166569546,-1245.25,7018.917225405106,55243.73277487536,6.474151473112247,1742847119.1917806,34.895833333333336,409.63886057569056,411.1225064111399,137.25,1555.698984093227,19008.907025600216,13.122058619092387,24180248.45205479,-109.47916666666667,3219.511664938812,3221.3725411090086,835.0,218.1867613774239,121671.25851001614,11.796179412169877,1475561889.2739725,-168.5,2186.0030592384815,2192.487542724017,454.25,4795.337399892247,47924.95487436075,13.851891773301611,686789423.1232876,236.875,11199.913747110213,11202.418386595518,5266.75,28252.99647782493,199173.90241365653,9.264289044240778,17831831091.53425,shield
-2108.3285714285716,2727.9921775203543,3447.7515406006687,-386.75,6465.489433970008,38888.34110079684,3.4222017964692193,2254282655.6056337,-2187.5071428571428,2020.7674585111347,2978.034355313681,-1719.75,7540.227973698831,56489.24051858748,6.786404621588541,1884630683.5352116,48.55714285714286,506.3949372268444,508.71763147293075,237.25,2131.3957133778244,29003.179951600254,14.895100150595884,36050385.07042254,530.1357142857142,2976.2830755604123,3023.128317063067,888.75,7801.615401444204,89210.54003166874,16.7773851735837,1300518872.3239436,-429.49285714285713,1809.3951021441574,1859.6706025530436,184.75,8686.254296594885,34073.61812491525,16.39499701754179,502984915.36619717,1792.6714285714286,11062.09475735099,11206.40938353711,6342.25,22785.494023976076,250974.0,22.393336923970878,17812803888.000008,shield
-2081.1241379310345,2717.7957622454687,3423.082161263241,-733.0,6247.146772112845,38984.87492119032,3.200206401707665,2311103880.780822,-2086.593103448276,1938.422410449216,2848.04357773712,-1576.0,7746.117662728074,47906.01005496185,7.0174501589690585,1795077490.2465754,107.61379310344827,512.9740221453296,524.1403207749514,404.0,1684.6979061351233,33659.824523181764,13.882225340268597,41229708.80821918,440.3379310344828,3476.977433347751,3504.74957243984,825.0,3691.822891697481,166418.5637175621,12.151855679056728,1796797516.5479453,-255.10344827586206,2185.739053498406,2200.5756018165666,615.0,6171.029205087863,56031.14193660265,16.205255360074176,706729561.5753424,401.0551724137931,10688.178666028933,10695.700465527065,3689.0,27039.13679477124,130245.38094497795,9.11879019062384,16497259582.424654,shield
-2223.1007194244603,2463.663941902908,3318.4057659270857,-1072.0,6559.328763464136,32468.14864381758,3.1760690915222938,2201765078.8714285,-2254.460431654676,2185.019359399896,3139.5702634037225,-1641.0,8448.777686336372,42380.74973005321,7.218768152811558,2061756782.857143,331.41726618705036,548.2397456356887,640.6279911318134,608.5,2569.529667177251,46067.0,11.271172521929154,71797060.58571428,1015.3237410071943,3056.626828948989,3220.8461420104495,2611.5,10715.95275553549,141130.0,17.081513129880378,1573934501.7714283,-1143.5107913669065,2746.1339217289815,2974.7047661983474,350.0,11472.50626361325,30704.88890490371,11.08291484990763,1401667528.2142856,400.158273381295,10901.555814817564,10908.897553251572,4595.0,27515.50193500562,214671.85454039893,9.292626932571025,16445506973.671436,shield
-2269.978260869565,2680.4810418037728,3512.517604267608,-1261.25,6045.464604004623,40955.66714157352,2.4805279956204944,2379218927.685714,-1983.7536231884058,1962.7209625873022,2790.6185720181743,-1588.0,8374.501182553091,36502.25652575752,7.723796252687099,1594657710.9142854,289.1304347826087,529.4349165032983,603.2393713364826,752.5,1986.2332241743484,39900.0,11.851146329314174,60875449.7142857,631.6014492753624,3039.7446320560944,3104.668713218945,1081.25,10387.153165992293,150742.98757740168,15.192670595347275,1365568429.085714,116.81884057971014,3260.180188039553,3262.272444171394,53.0,4047.433908472469,116650.4193624243,11.071427137687081,1449557587.942857,388.2028985507246,10882.087423741945,10889.009513652094,4039.75,27565.284493043848,150319.89886548824,9.118509826263786,16149679611.571424,shield
-2234.1901408450703,2461.253424902226,3324.0598681495276,-817.0,7246.319946271193,23927.568605602108,4.17470778330672,2246185668.7777777,-2074.274647887324,2097.4657214690187,2949.9114847068945,-1531.25,8009.04813588027,50857.91015843865,7.740753819933436,1821023153.5833333,223.2605633802817,759.389892987465,791.5290826826229,451.75,2569.0566592155596,37529.87444721976,11.01960634967783,94713751.44444443,206.71830985915494,4317.21540139696,4322.161644558211,808.5,6841.911616273352,174337.0820315391,16.610176326625584,2621990559.9722223,-580.0140845070423,2915.6978581124667,2972.8286761985073,378.25,14268.289179805297,35258.44933160339,15.295570599062902,1284747718.638889,320.8380281690141,11762.073108589033,11766.4480983903,5640.0,31619.5417914856,301482.8884222544,9.663781374083257,19401469540.888885,shield
-2226.8285714285716,2532.584439271634,3372.3507273964597,-555.0,6760.332114352158,39014.19524622523,3.8086567008670844,2254211535.7746477,-2125.907142857143,1856.1105951363863,2822.167202953888,-1753.0,7038.616104950584,43293.55204015489,6.504008639065112,1723168416.1549296,51.25714285714286,631.590852772681,633.6673417495965,242.5,1537.780176112226,34529.30549778865,11.067019460249337,55787784.309859134,527.1357142857142,2613.650540119575,2666.278531425938,1306.0,7942.504038521361,91528.47564042665,14.926119956520289,1019663772.8309857,-941.2785714285715,2245.3800730384064,2434.694441080558,172.0,10463.054620045103,30271.166939837512,14.534949714486556,940587785.2816902,353.1642857142857,11139.037409431952,11144.634557554078,4698.25,24932.282412995504,275509.7166547598,8.782465629072842,17160948254.352116,shield
-2365.404255319149,2521.3579898882626,3457.221920018343,-1206.0,6486.970106485137,38472.91754545592,2.7419886867980168,2456776471.43662,-2121.5886524822695,2155.6104105660506,3024.532137783011,-1703.0,7924.1321506316,55573.22199915498,6.853397683518774,1910946748.0422535,113.23404255319149,662.9603460248495,672.5610520944,318.0,1692.217581054423,33383.22354543843,9.43989862927212,65125720.18309859,592.7021276595744,2555.1905169553866,2623.0315267016754,1364.0,12330.002849455186,123268.01168414566,17.672216071089792,1012473555.0,-954.2482269503546,2190.43563514583,2389.2672413011087,168.0,6081.317024394998,78456.94187993837,9.275035968996049,926732882.0563382,1182.2056737588653,11826.612738759644,11885.55337910943,4502.0,21036.984639864375,181893.5173068767,21.5456995241071,19973963189.563377,shield
-1946.142857142857,2629.9347264345024,3271.7011913856504,-361.75,6225.398153200735,37704.61458413429,3.3226154767670795,2000236798.8732398,-2222.05,1830.4282493644564,2878.884120379184,-1924.25,7705.867891108318,55686.19405431773,6.766680136001942,1825501000.8309863,-2.914285714285714,684.3459806446516,684.3521858558752,325.0,2301.2721308600367,36798.4592824688,12.523544518628572,64648895.21126759,312.5642857142857,2665.9186200490985,2684.179301281599,1180.5,7159.408485223042,160559.52170134947,13.756261180071249,1007987757.3380282,-1209.5,2509.8660963144175,2786.093693942932,158.0,10922.012605607773,88357.67305775775,10.773176559345904,1273358869.830986,515.2214285714285,9905.957767257221,9919.347378086064,3071.5,25614.059346128408,212881.3987309886,9.096423807286717,13617980628.042257,shield
-2189.5637583892617,2613.6212023855005,3409.575522203715,-272.0,5732.15502391714,85362.10436101502,2.6189517697024183,2430179877.2933335,-2050.6510067114095,2068.919420731231,2913.004826773442,-1680.0,6087.01957266113,77139.91437254261,5.718847095889629,1878318072.5866666,393.10738255033556,699.3768572586512,802.2851130892083,716.0,1822.976572046939,58573.0,7.86902263586539,118138154.19999997,805.9530201342282,3305.2178076765463,3402.0618787502435,959.0,13489.436842496196,130024.83370141624,17.160280177747936,1809172114.6,-707.5973154362416,3343.792403320347,3417.841657730129,304.0,2906.2258586482712,113813.14461634945,11.61174060549318,1803066878.173333,282.5436241610738,10693.14898244893,10696.88113706059,5370.0,14745.870279725834,258647.8684386679,6.9178406765076605,16947221704.053333,shield
-2071.895104895105,2708.4633289711774,3410.0620126428685,-388.5,6162.893062995771,44017.04536319702,2.739377484168278,2260931224.7083335,-1964.7692307692307,1990.9480353873364,2797.1757559706916,-1609.0,8143.80478405442,57483.50326527657,8.111046272870919,1659281610.7083333,152.16783216783216,720.6995046676303,736.5886404057729,520.5,2430.045769343649,40798.03656167503,11.27654927766654,80335866.75,569.1048951048951,2795.2044865920184,2852.551227146763,1094.0,12495.971414525451,107918.61644783984,18.71856342599909,1201510658.1388888,-1238.6293706293707,2245.988329426621,2564.8910880788476,38.5,9938.935230442472,45845.62142342807,13.974263443722661,1152083739.0,584.5104895104895,11204.273983379968,11219.510150046348,3810.5,27877.23672349871,299174.93830839044,9.027863999788458,17923983114.999996,shield
-2702.9931972789113,2611.5613269803894,3758.513640937817,-2404.0,6114.591182063237,126405.92370291635,2.5067338416070957,3129303978.837838,-1903.299319727891,2288.887179974714,2976.836042365997,-1274.0,5695.47839852494,65990.21743808621,5.791750693762696,1822763116.0810812,414.17687074829934,675.7541889021327,792.5819857160726,702.0,1780.4603389639353,60884.0,7.085819780230886,116765791.48648648,433.8299319727891,4247.650570095742,4269.747507231569,894.5,17118.080015239713,200448.99462482746,15.663932756443744,2689291471.445946,-905.265306122449,1890.1153739630743,2095.719781211349,277.5,2730.950364382437,86941.9310415493,13.591628090984019,760921027.8243244,56.666666666666664,11628.812816807425,11628.95088300986,3292.5,15374.422014767855,285610.28566587105,6.267703431951838,19745327378.378372,shield
-2713.92700729927,2454.1556968646237,3658.999861355758,-2370.0,7119.99532789371,25248.244402857166,2.6876220207142785,2822650839.927536,-1842.197080291971,1964.45980331072,2693.1008895806067,-1289.0,6684.471239519979,40988.51556597558,6.737393917100768,1447998766.2608695,148.54744525547446,773.0787909987013,787.2211637042932,183.0,2561.5205850647926,44313.75520688809,10.561997597518742,87287207.1594203,-438.2700729927007,3298.6231533902865,3327.611059748946,1182.0,5359.156512648501,166157.78948642378,14.664875092469703,1532131969.9565217,-1123.109489051095,2777.7309588912585,2996.1916167661175,121.0,7803.288197279697,104408.88612562865,10.580890822933661,1392515513.8260868,423.992700729927,11927.977442184429,11935.510700071985,3561.0,26286.816855455105,284653.9354546811,8.54217603317398,19399554821.072475,shield
-2822.2430555555557,2512.363391107973,3778.49515992956,-3145.5,6374.254464275948,57880.24809174612,2.2491909834870873,3158984951.356163,-1970.0833333333333,2270.2914384011974,3005.902785446588,-1402.0,5584.746023368345,59538.79219668079,5.243712062694674,1834525918.6027396,57.458333333333336,615.9304149347284,618.6046686787217,199.5,1164.5987406441202,25821.454660730946,7.636872368520594,54818857.47945205,678.6805555555555,4437.710897418438,4489.307887142021,1755.5,18051.387069295535,206615.968842323,15.261810230372161,2928153950.0821915,-1072.7222222222222,2861.0230479974884,3055.5172798107724,309.0,2271.206207982333,113996.9372027331,12.942567117946016,1489442046.2739725,-82.84027777777777,12260.040390240243,12260.320260170387,2651.75,15067.49333633314,341740.16563343524,5.99437317503467,21349888049.328766,shield
-2352.4236111111113,2215.3804839370555,3231.3785811511193,-1695.5,6134.540623749468,26920.34681911547,2.3736504752109346,2268987782.479452,-2185.5486111111113,2221.3937436446577,3116.2819024974833,-1499.75,7306.792817249973,55846.54616529987,6.373403491530259,2057675702.69863,9.409722222222221,548.8539627309603,548.9346183998398,145.75,627.6041875940468,33748.34433376094,9.826893782171359,42809878.8630137,657.9305555555555,4262.810840169472,4313.285160408479,1114.75,4676.1552689953205,134101.2969955445,10.54358029459728,2703824511.178082,111.49305555555556,2395.4723612025055,2398.065581822612,614.75,2392.287626715986,79898.49631145773,12.441362517212674,818525567.0273973,326.94444444444446,10537.620026848896,10542.690761850126,8200.75,25140.626243729046,152919.7644064629,9.602741665626633,15801553972.41096,shield
-2170.1294964028775,2548.5755729145217,3347.3421519190997,-503.5,6119.005121580696,31351.738821020554,2.6491107980210837,2196267961.399999,-2057.5323741007196,2263.813889896563,3059.1326873087983,-1385.0,7800.160121578494,47937.092421383175,7.262925657807239,1875756136.928572,518.136690647482,736.2089377484513,900.2606457109115,936.5,1613.1111204569781,72021.0,7.161412797133592,148900717.41428572,605.2374100719425,3189.0049091437495,3245.9304726216064,1124.0,10613.029851192763,151049.20829078963,15.996059067644056,1504605894.0,320.3525179856115,2056.9422366560766,2081.738960753587,1369.5,1982.789450082894,68247.90800547022,13.605268613836248,612235959.0285715,912.0143884892086,11270.92483995854,11307.763571670826,6686.5,21195.99177806708,216405.90279236558,25.561680089735955,17761144905.128574,shield
-3726.0331125827815,83.79274472840578,3726.9751783628035,-3722.0,7361.818788918361,4796.411442228015,0.6560813723037243,4166232731.9210534,-521.9867549668874,465.2249044764252,699.2169792746456,-65.0,2274.26027128263,4410.623676510147,9.938146575676484,114211192.51315784,-155.72185430463577,707.9187026222639,724.8435592805274,498.5,1676.8920525328454,366.3006336905956,4.510987077892917,82450738.30263156,-651.682119205298,5797.479782864847,5833.991893825234,118.0,38312.21783726571,345565.45628832135,19.576366241578267,5169249361.776315,135.41059602649005,1100.873189078002,1109.169873349894,516.0,7759.753639889946,20447.0,21.00192302378916,187297290.0526316,38.913907284768214,645.4339567980944,646.6059733471475,167.0,3872.0451027497325,27591.345905510752,19.182100262461354,62944797.15789474,final
-3319.5448717948716,1245.3595266229847,3545.4616774702636,-2743.5,9191.847548543461,27334.62784564327,5.518718203697916,3633412758.3164573,-1641.5064102564102,1966.1700388709469,2561.321517628481,-839.0,8662.71605459352,87820.68221619971,11.338114385055611,1425527847.278481,688.2179487179487,1599.5037743916794,1741.2800662819204,1211.25,1529.8164230232553,107362.0,6.735462059810014,539968018.9113925,-390.86538461538464,3863.972361620341,3883.69130599439,1190.25,11609.985535456832,254819.43369436983,13.92190273881886,2346797320.1392407,-49.21153846153846,4583.548618267369,4583.812791938438,1348.75,10109.722461360238,221981.42795366124,10.953962696540398,3236692838.721519,-109.46153846153847,6488.518396312824,6489.441640672355,3395.5,21970.139078203367,210091.81794052792,13.292357842697054,6488562520.2784815,final
-3659.3868613138684,1083.9545149517617,3816.5520553558385,-3497.0,9177.303708034868,25153.822503012667,4.23216564328014,3802379311.985507,-2139.3357664233577,2434.598470400905,3240.9917052619317,-1297.0,10503.725848377748,124164.59880621964,10.064930217928698,2051096007.739131,-400.91970802919707,1957.1312763760272,1997.7736221242574,66.0,1742.6206453595369,82066.65061352016,5.891165188427356,564679789.5942028,-1024.8613138686133,5537.312995880114,5631.356490847236,762.0,13133.06009219014,333370.6560678448,13.304452456903606,4455939672.536233,443.2043795620438,5616.924222797772,5634.382650008369,823.0,5608.304932116246,179942.64905761354,8.77817864047014,4344438392.579711,-591.5693430656934,7904.3645116342395,7926.470375926347,3152.0,27039.353974337253,321432.20189610147,11.2179948600105,8592786437.52174,final
-3312.0318471337578,1165.0817331181674,3510.97855323468,-2655.0,8860.475206681744,33723.80121441267,5.165113486119241,3634405402.164558,-1995.5222929936306,2246.7124278775545,3004.966880917993,-1200.0,9792.587808560493,75576.72891381361,11.326305432469688,2029944241.6708865,-222.1656050955414,1960.6825759560763,1973.2292618307745,447.0,1811.3310438186186,71776.55585763283,7.967548147756108,615131594.670886,-1115.0700636942674,4848.295009410606,4974.871430019366,314.0,11952.939288875263,315127.53814958123,13.546394621963653,4055029921.708861,252.9044585987261,4951.852160444344,4958.306211205237,317.0,8472.625134931333,271306.03309667564,11.080505612382057,3845362744.101265,-236.70063694267515,7278.451871739983,7282.299694517133,2420.0,23559.304934438416,229251.70300042245,13.460928204886434,8282050900.5063305,final
-3434.364864864865,1198.9802375839536,3637.6387444515617,-3149.25,8548.777971916732,50387.69766337319,4.464646297548136,3654652714.5600004,-1967.0067567567567,2182.927226680123,2938.4157054624025,-1245.0,9469.607400578507,69851.81545485657,11.001569065735433,1825872080.5200007,142.0,2206.3399740477626,2210.9048104975213,1367.0,1639.1400648086278,51158.99210345521,6.488080580208534,716738058.9866668,-581.6486486486486,4535.781791227761,4572.923748337393,870.0,16787.780689172992,317438.8397668748,15.94240309493086,3103289544.826667,489.3378378378378,5865.846043392591,5886.221311191444,1726.5,4234.74655719996,357681.85797629575,9.408334521114686,5094440220.32,-116.4391891891892,7169.961093628046,7170.906509564807,2328.75,22442.541845579584,150652.03217355002,13.117030971271012,7511287715.186668,final
-3344.019230769231,1243.127138696405,3567.6084004158793,-2641.25,8598.292964286364,24837.327346937283,4.7153506845670865,3682792740.898734,-2080.9294871794873,2247.7874908456765,3063.138281993711,-1241.0,9858.335465357304,65019.517377980286,11.045994520657814,2112204212.8987339,70.4551282051282,1878.4886121388224,1879.80940284531,686.75,1800.458311279899,45562.071689151286,7.812144156915319,545043097.8101267,-947.6474358974359,4038.219480713809,4147.921435753031,789.75,11733.77889007411,305264.97093418933,13.831592331948972,2788390192.4936714,228.72435897435898,4655.309624467855,4660.925072563523,911.75,8525.540683917734,248418.5407983774,11.352402934782347,3354247746.0126576,-68.21794871794872,7758.59144985942,7758.891349565283,2167.75,22107.098142186038,172175.1997772625,12.879076845377183,9273413929.341772,final
-3250.7032258064514,1227.6296865948416,3474.7872035100822,-2603.5,8688.866327440417,37031.60711104237,4.978389877559318,3486892642.089744,-1987.9161290322581,2239.968257133494,2994.8736749706586,-1222.5,9090.218149544091,55228.65906835627,10.703501218553118,1989928972.6538463,-56.251612903225805,2107.716102550107,2108.466602273611,384.0,1853.1725938722177,72815.9846167317,6.030344831445903,685143049.0769233,-963.4387096774194,5166.069418793352,5255.139140602918,1130.5,12248.018108646535,372665.0108377125,13.450061737767381,4396067015.153846,308.89677419354837,4994.512847404922,5004.055934939177,1536.0,6090.737538413673,271825.6394666176,9.101097459741215,3871104052.794871,-372.4516129032258,6895.53454214046,6905.58591473645,2083.0,22323.554343944023,206362.83688877017,12.904847173655435,7365485478.461538,final
-3457.45,1271.4298830450698,3683.8152030198257,-2725.25,8934.208057265494,33187.03170631869,5.006971229070452,4033497477.9506173,-1777.125,2334.7277886029883,2934.131406822128,-1064.75,10119.939770375031,77177.48475609254,11.77022436208228,1859571579.3580246,-5.99375,2114.213948187585,2114.222444245165,590.5,1281.6734137390783,81949.49884439759,6.712739074716346,706366609.1481482,-661.6375,5742.3132190863425,5780.304947621708,1557.75,12041.481732347742,426349.8970716685,11.01158294703563,5349119612.765432,367.53125,5606.972320158487,5619.0050559462925,689.5,7559.8453092746495,251907.4706938773,9.94018398253046,5010737169.049383,-567.99375,7170.209018481326,7192.670871710313,1585.5,23997.10495749604,430312.5810475598,13.492467949359552,8226550519.419753,final
-3519.8691588785045,1241.258082648574,3732.3183845117615,-3122.5,7209.7169250875895,63391.106599720275,4.458600984539838,5580260135.259259,-628.5560747663551,1410.9680160027453,1544.640243328009,-258.5,2351.200648308379,83981.97798075117,10.449632284745858,589622733.7037038,594.9485981308411,2209.0665136758175,2287.780298949548,1996.5,2146.4289265917746,127319.0,7.327482629058158,1184738905.62963,-381.5934579439252,5712.767646700751,5725.498035309806,163.0,34367.240258450634,413890.0649101071,21.197179541375842,6981367557.944446,-70.39719626168224,6007.830282004919,6008.242710029017,1733.25,5356.826662958733,308182.9029538387,12.714336328425016,7654703074.166668,-44.24766355140187,4223.468771839109,4223.700548385255,859.5,7300.285966846042,361470.89652558434,15.494301355926652,3782750516.2222223,final
-2983.169811320755,1355.4004129187122,3276.6465177854816,-1761.5,8178.020766249438,13435.821462921795,4.57720086257083,3102565618.275,-2572.698113207547,2096.207704177485,3318.5632916602203,-1258.5,10388.676975144159,67313.28294779896,10.344601457100971,2785908986.325,-298.9119496855346,1517.053654617819,1546.2212469934852,4.0,1304.142479709615,52499.16516882928,7.2947766552645215,391878963.6625,-623.9056603773585,3119.574254923344,3181.3521975775407,364.5,7678.1623835267665,143373.77586706373,15.044751558132349,1660686781.4624999,-246.0943396226415,4067.7434178070544,4075.180847165794,1077.5,5072.4427798191355,218782.53492818453,11.071405553581977,2633594667.9375005,148.66666666666666,7125.993280575056,7127.543897625507,4048.0,24464.27685944113,225012.2520136799,13.560202404197804,8030507088.775,final
-3172.4802631578946,1181.3983405626323,3385.311368133,-2531.0,8505.53837654444,10604.307424674913,4.842847589122511,3229307602.038961,-2200.1118421052633,2181.9262028301064,3098.595499959364,-1286.75,9580.189139658907,75675.3087556115,10.442172268553634,2166682304.012987,-7.940789473684211,2005.7980831682637,2005.8138015725556,340.0,1434.8653541619626,65018.93713503353,6.506126198214039,603608387.7012986,-1011.5328947368421,4089.356814562979,4212.604651987576,710.5,10630.312327651389,287119.691247338,12.829814785900979,2815967830.7662325,189.04605263157896,4586.763846483212,4590.6580131198025,2030.0,6637.417899440522,243059.73298427666,9.704311592869955,3167036570.5064936,-146.1315789473684,7414.213746762834,7415.653708274992,4447.0,23316.254230089133,243396.64147950197,12.958538122073856,8253730481.792206,final
-3369.488188976378,1190.7860360781726,3573.71264084986,-2541.0,9278.574100680984,30645.893154890746,4.432011192192492,3039922435.1406255,-2409.527559055118,2631.6872909356066,3568.136916531947,-1353.5,11348.982052774287,64103.45670067591,9.79813342204893,2335860261.859375,36.30708661417323,2165.232734710426,2165.5371158213843,956.5,1132.1405413157306,51917.9016985158,4.934261420377688,591086167.1875002,-1220.0472440944882,3979.452850568025,4162.278254479935,933.0,7440.145330425366,273881.39686961035,11.77900891469296,2370594495.8906255,365.6062992125984,5282.588611980389,5295.225246337385,2779.5,5373.694836989674,315907.66953748366,7.980574888423238,3550027977.484376,-350.251968503937,8880.931879854845,8887.835928732202,5630.0,29531.307174831014,162421.7717297905,11.674049281321244,9969272392.250002,final
-3248.0703125,1226.2727201233224,3471.844688211513,-2168.75,9115.032124275882,34858.25272404643,4.924537115216957,2848764673.246154,-1687.046875,2014.0073309332154,2627.2328955576054,-1068.5,6125.090767894213,90976.20050072798,7.553198217101976,1228624990.9230769,1033.2578125,1840.3078684612026,2110.5342351671293,1670.5,2259.6648358420375,132257.0,5.662728295373006,695942043.276923,-1400.265625,3113.5433429122772,3413.92676675262,451.25,6993.113246260683,240270.03263385425,10.635584428700643,1716003451.1076927,-98.21875,5996.941673596921,5997.745939882332,3335.0,12735.771736187693,291751.75760440173,9.36636794992997,4534989380.092309,-144.421875,6952.146165494256,6953.646092833241,4626.25,18916.964674553084,159034.13415303043,11.011647502196162,6097007804.1230755,final
-3315.5060240963853,1191.481813799234,3523.0965227245383,-2769.75,8175.899464290643,41544.18269612614,4.725780949251271,3838944387.4523797,-1646.1144578313254,2139.2652815232454,2699.2867118948384,-1101.75,10538.316036911254,69592.54312664332,12.789021825174116,1639605761.5714285,299.48192771084337,1999.6738460652148,2021.9754982844502,1393.75,1387.584754029732,49714.0,6.577942950807049,685303669.8571428,-201.65662650602408,5958.604618243477,5962.015967067369,1204.5,15409.101976964583,462705.5088135333,14.969087632672471,5837004353.571428,575.4698795180723,4606.079189734454,4641.88874105545,1986.5,3085.594137899648,260634.5754995711,13.592794807502699,3588563765.5238104,-531.3253012048193,6425.871992973618,6447.800977525836,1309.75,23274.249238738423,117199.23516537187,14.809462205658152,6865753968.404762,final
-3078.312883435583,1202.8459479486946,3304.9733104553334,-1987.5,7889.7230461141935,18213.614429259753,4.009575618313844,3304739507.451219,-2262.411042944785,2116.5003082849003,3098.0763841791554,-1158.0,9711.220566673017,64655.020298480995,10.688394035057279,2384175858.780488,105.77300613496932,1840.9751660385639,1844.011250181936,1043.5,1043.7668324123,55708.1505112591,5.977070499696622,552694400.207317,-567.6441717791411,2883.9603046904876,2939.2936132318046,475.5,8303.880546045646,225890.80281763215,14.686350744424345,1451844674.097561,189.41104294478527,4574.267302929625,4578.187185102908,1022.0,4084.0742393725127,270627.02052313456,10.175073790587142,3401427282.5,-88.90184049079754,7212.861290109821,7213.409147387063,3384.0,22601.25935552545,175563.9933895265,13.558086400945566,8430987684.743902,final
-3086.259036144578,1128.219179609009,3286.011770432615,-2235.75,8404.240885016818,22140.940517420517,5.191546231858782,3333438411.714286,-2165.9939759036147,2087.5820552287537,3008.243464376488,-1222.5,9713.9277689699,59001.514672666315,11.57303187812946,2253894078.7857146,40.5,1938.2840621079476,1938.707135031407,905.5,1540.5150107900777,56503.72545956672,7.174434121930054,616767928.6190478,-805.566265060241,3824.2288369573507,3908.1534264687302,902.75,8313.70251856337,267745.4439542607,16.157223721876754,2611744307.214286,178.68072289156626,4383.689530987137,4387.329564190417,736.5,6412.0437189733175,259199.85020109438,11.710829042226646,3162477206.5714293,6.614457831325301,6989.654593274617,6989.65772297452,3333.0,24104.53383636743,108057.40454036546,14.30346012762726,8013721046.333332,final
-3204.37125748503,1282.1295323082538,3451.3549938267975,-2124.5,7322.813735836278,44702.749423063295,3.357594835461029,3681986533.464285,-1276.7844311377246,1830.031841350421,2231.410993956984,-691.5,7315.933729926751,38155.249158590435,10.475729969762321,1097195343.761905,974.9520958083832,2041.270679192042,2262.148884324438,2316.5,1492.5146244283733,162817.0,4.832620201373771,1007299079.3690478,-45.64071856287425,5150.139956497847,5150.342187341205,752.5,21933.820519607616,359770.5389711719,16.98418419954723,4403823787.238096,149.25149700598803,5208.243375889587,5210.381470857607,2590.0,7546.010697850942,108996.4755021707,10.634645625697791,4510440007.761904,-135.311377245509,5574.511681741331,5576.153661681377,2687.0,9070.476297813568,118459.59236896585,9.641952450306459,5164743794.642858,final
-3075.4269005847955,1428.1592696990192,3390.853804054052,-2041.0,10999.884892380009,16630.37421527129,9.246535063490704,3562665662.0465107,-1060.6315789473683,1653.5895100582552,1964.5095097848439,-837.5,6530.794540637868,64829.90745526174,13.32453489842655,847349261.3720931,1023.5497076023391,2101.8407921071025,2337.817084225848,2233.5,3607.3281477686523,175027.0,10.061761192671526,1107255129.4767444,-616.6374269005848,3482.0380144446763,3536.216968780677,425.5,14056.926501056112,245718.98812886048,18.16574735832032,2190537181.5232563,319.9122807017544,5950.371060071737,5958.964643281837,2642.5,25127.702392936986,245724.15635852166,16.801530423243857,6054179637.034884,-6.754385964912281,5305.931467235077,5305.9357663587625,2386.5,19070.586258259085,130129.78366777727,16.709598626965633,4786173676.569767,final
-2659.2946428571427,1493.8944409447365,3050.1751750045905,-1413.0,10354.466501997927,18704.308462192676,6.576807540572699,1801899107.5263157,-861.4553571428571,2224.8388340041015,2385.7940333655915,331.25,5516.253706841003,57714.016867729995,8.113512206495821,708009830.2631578,2038.892857142857,2062.5508017862203,2900.206870700286,3080.25,4172.635856497597,228356.0,4.705915617951171,1382959240.5964913,-1049.2142857142858,3519.0303312047163,3672.1145256222217,310.5,14795.586529666874,152601.52991029297,12.899066518508468,1605225164.1052632,254.58035714285714,6769.808993979912,6774.594081804037,4793.5,26051.868158851637,28513.0,11.260556836672242,5057688945.280703,214.98214285714286,6581.599667121403,6585.109832037731,4669.75,13693.54362910804,112324.1018201023,9.105111159424267,4776762581.964913,final
-3080.664596273292,1319.1582952781803,3351.219623171976,-2010.0,10524.784900991457,26937.400047912193,8.367964403617785,3315514679.234568,-889.5527950310559,1793.7220572433334,2002.1845553766566,-400.0,5683.310765630581,57426.20391294031,12.049495785427832,768037176.9506172,1381.7826086956522,1981.0300247477826,2415.326714265787,2600.0,4351.477826653083,222467.0,9.192523813797322,1238948007.3703704,-834.7577639751553,3202.517567072609,3309.5225172108235,-10.0,14583.971627490788,205501.60687968577,18.4854116897796,1864033482.728395,314.1366459627329,5645.9081566214745,5654.640638037188,3370.0,22235.8060577777,247896.4403329902,14.739530114077526,5131980797.876544,57.484472049689444,5504.255900659527,5504.556066066732,2782.0,13672.23331799962,143304.8537594647,13.703684083781782,4848737770.123456,final
-2953.1843971631206,1373.5193374150235,3256.96998050346,-1486.0,6466.076752610828,50010.876579724056,2.7981289780251304,2706217336.0422535,-2319.624113475177,1898.9475380658473,2997.775471936123,-1168.0,2185.1483542717115,115439.94857850503,5.823864110768179,2011525111.3802812,580.2836879432624,1950.396156617445,2034.8892663339532,1552.0,622.4079233458077,81820.0,5.3374591091974075,626882019.5774648,-734.1631205673759,5651.631624852868,5699.117081674871,3250.0,33218.569337083354,27620.22611576383,16.593985646284487,4622882867.436619,1018.4893617021277,4677.144607825478,4786.752788938587,3605.0,3109.6911184186793,307537.6481391964,10.130582904802747,3353213862.1690145,-773.5744680851063,6810.415137401338,6854.208327839068,2890.0,6140.618584058898,306346.2239949172,7.212817156489633,6661337556.760562,final
-2997.8242424242426,1359.6468344992459,3291.745692338687,-1998.0,10606.393898420092,34801.14478081502,8.921015259987788,3251015955.096385,-1138.8969696969698,1834.4354911533244,2159.2220540712988,-724.0,6530.772538625072,64794.75746340772,12.616162896380672,977365394.1204817,1308.5333333333333,1967.6916225913455,2363.063648330405,2478.0,2715.2588228750924,215908.0,7.209816888962689,1196641957.4337351,-531.0242424242424,3191.642445895625,3235.5166895698203,616.0,13983.08635837075,206354.19690356278,19.010406038286597,1763155781.4819276,257.6666666666667,5234.274754930334,5240.612971896715,3163.0,20335.195780743525,210879.41065821084,15.268932554653444,4515154140.783133,120.43636363636364,5525.792258886924,5527.104577087411,2732.0,17595.410860175696,133793.72797911573,15.71371549227352,5012580064.301204,final
-3147.0759493670885,1487.900923713893,3481.0826175018337,-1883.75,10271.17966947594,10461.436931148795,7.487692936548843,3436001461.1500006,-1120.4240506329113,2001.869345672461,2294.0860773693184,-914.25,6795.989765778508,65832.53711245836,11.816782885458695,1017027357.525,1089.2721518987341,2131.335457171544,2393.5548148932653,2411.75,3721.1987512091705,172105.0,8.944163368520012,1079020881.275,-984.9050632911392,3751.3611264597816,3878.4981996657066,399.5,11825.00150974556,268027.5090311645,15.806921632498181,2498451340.1,235.58227848101265,6100.305893155334,6104.853069484965,2325.25,18516.924144351528,233361.48160240747,12.492421424238787,5823689207.900002,-193.98101265822785,6373.344173613699,6376.295522370931,3005.75,18888.877507550642,162249.0998799288,13.911369525470867,6349623034.5,final
-3070.4444444444443,1295.588721702404,3332.593467889869,-2028.25,8613.329209379568,34420.42030066652,3.9711260290863097,2177337088.2909093,-1754.1203703703704,2280.0160806677586,2876.7015142089126,-567.5,7967.721898649178,72397.23147206054,7.59868670716794,1203805619.981818,1260.7037037037037,1996.3974510549933,2361.138837745699,2243.5,2831.3528910526593,136156.0,5.6314432027380645,759691238.218182,-1222.7037037037037,4424.414914780759,4590.2561677084195,1381.0,12662.782198978626,279154.8223557511,11.269235333784303,2392937954.5818176,513.574074074074,6109.650035749008,6131.197427003055,5743.25,12568.655309603851,255000.5526644632,8.368514960401317,4014149076.290908,-475.8611111111111,7115.851915966854,7131.745388545292,5060.75,20845.674106104303,56915.424152236454,9.6756392798551,5417659676.490911,final
-3082.422360248447,1328.1528743471758,3356.3846121379283,-2050.0,10140.16856947485,14717.583516292003,7.68642804355001,3322791432.6172833,-796.1925465838509,1792.486522088775,1961.3593508344131,-426.0,5752.7871102306835,63522.52942961166,12.156092017237286,716964151.4814814,1410.4968944099378,2157.6878357571113,2577.8126940711354,3118.0,5733.409575468484,227090.0,10.281648353982868,1381592464.0987651,-806.2049689440994,3227.954260757195,3327.109129783795,674.0,12353.729558816798,213865.3744707131,17.892208739093967,1875211801.493827,473.19875776397515,6072.343835979539,6090.753379238736,3673.0,22937.466827635573,76185.0,15.261349839772151,5971621384.308642,-63.30434782608695,5691.5550888779635,5691.907129441443,2888.0,13751.946732560742,161813.88680627054,13.125223381887327,5184490284.901237,final
-2948.3306451612902,1552.2405280119474,3331.9820302636685,-1860.5,10793.180380430866,17628.304155756567,6.973150228597736,2415616763.666667,-1290.1048387096773,2242.6499691592835,2587.2474522225853,-232.5,6875.352397869101,74377.2527271983,8.74112948919925,1020002666.7142857,1466.3064516129032,2390.6190323220285,2804.4810514143137,2563.0,5017.635351122264,181822.0,8.178819684262278,1222201861.5238097,-1769.9354838709678,4262.277574826624,4615.157824163274,592.0,13425.218777620446,235198.82226037205,12.094919504091338,2981667310.0952387,-29.427419354838708,7047.473532858776,7047.534971133868,4856.5,24605.488632315595,174024.30431836614,11.990091494259454,6061577162.333333,311.0483870967742,6692.139448702821,6699.364260883267,4930.25,18406.13628208975,147746.01342678792,12.099548362829045,5489223460.666666,final
-2767.468253968254,1622.8660845421812,3208.20430538321,-1334.75,9300.98665113769,8875.369426974912,5.483717706332092,2226553445.9375,-2281.9523809523807,2162.66633586231,3143.9517091085145,-1282.5,9787.368820370843,34413.89602740205,9.470828817674256,1871907372.875,1004.3968253968254,1891.7034528806873,2141.81113464935,1768.5,2277.248677739637,126554.0,6.468206126279369,694105507.28125,-1020.4603174603175,3906.5176666913117,4037.6007157323693,790.5,12517.548056449144,197433.1646374679,13.48863617841974,2151419301.8125,187.1904761904762,5182.272855402907,5185.6525358167055,4021.0,15032.815973874502,187224.3913239257,10.52889863074235,3339706937.625001,109.42063492063492,7576.301397301246,7577.091509154106,5358.5,22949.908796304448,46665.530722822354,12.010581981336497,7122810285.21875,final
-2588.0787401574803,1490.9447388392464,2986.8156587790213,-1276.5,8490.264325776212,8342.914813164314,4.969344743850824,1968143662.5937498,-2302.9921259842517,2469.359977954896,3376.612419729405,-1227.5,9512.839863700736,71741.67239048688,8.43307036021453,2104996314.875,862.1732283464567,2259.0388001759957,2417.9741471690622,1614.5,2854.5380839520603,109496.0,6.847023981389494,830384132.0781252,-1279.8976377952756,3980.846617576666,4181.540117696531,985.0,6719.313805050393,255080.5027868051,11.662251148350192,2409699782.2968755,155.74015748031496,5386.397785692236,5388.648819728579,3436.0,13739.914795395176,224357.3846164355,9.926715828004472,3662012723.718749,-200.91338582677164,7952.768993362584,7955.30645860948,5746.0,25303.822265975345,56307.68988649687,11.046506487936755,7979730391.187499,final
-2748.312977099237,1599.0962337022609,3179.6749809898533,-1350.5,9132.075476750726,25290.77059325105,5.282328024610214,2296396251.4545455,-1970.793893129771,2427.933396088239,3127.1215430549173,-584.0,9841.12098918878,49029.2168504502,9.620930983905605,1776282809.8030305,1229.2671755725191,2028.8077716774303,2372.1633087455803,2091.0,2374.003999886219,161034.0,5.83483307042345,928027429.5,-1128.2137404580153,4417.987652866394,4559.767663493192,188.5,13741.894284201466,292097.2110298631,12.112524326873368,2868532314.742424,246.0763358778626,4847.30855929164,4853.550641753011,3737.0,10713.252686395577,205686.42449994045,9.58125930806158,3070454881.8787894,26.900763358778626,8358.467627607057,8358.510915996008,6376.0,25751.780868463866,143010.6888430822,11.66964108307393,9083034973.45455,final
-2912.0827067669175,1347.069350577339,3208.5544293833927,-1692.0,8284.630053313194,18055.88665257498,4.057385620425531,2478446344.9850736,-2206.315789473684,2431.671019153247,3283.4209764010884,-1238.0,10383.955686671576,83928.65469013096,9.59252931337087,2065742893.8059702,986.3533834586466,2060.2309352834886,2284.172608136127,1916.0,1316.3813579372995,131185.0,4.724301166014142,817170746.6567165,-1027.578947368421,3935.5763537566536,4067.515178745288,752.0,16280.922623307937,275681.05232581904,14.555037331841817,2323410313.1044774,82.27067669172932,5074.347690405645,5075.014576074479,3857.0,8738.149954611321,222401.67211083169,8.42727734826419,3400847724.104477,-119.06015037593986,7948.954919495481,7949.846516227778,5869.0,23510.219304073853,121511.19480042424,11.206034189083937,8344750761.55224,final
-2760.785714285714,1649.564057283509,3216.0533794210746,-1404.5,8279.915851775166,27652.736614651807,3.7577299804627207,1976780130.2807014,-1966.375,2332.931900470338,3051.098473149817,-992.25,9382.838177169802,51909.15725753847,7.925765493982477,1449862097.1578948,1470.392857142857,1987.275873962821,2472.1085238256487,2334.0,2485.232388216665,164684.0,4.857235871896455,910366296.3157895,-971.0892857142857,4922.540530837949,5017.411651297054,2441.25,15699.920856039196,124123.0061361307,10.094171277370497,2874012097.4385967,505.125,5873.493772152811,5895.17432796884,5289.0,11058.363715946658,122408.5170838467,7.770897125314627,3852174461.2280703,-550.5714285714286,7663.301232537597,7683.0537339375305,5414.75,23667.23735799314,106646.49020946173,9.84407215932176,6529049121.263157,final
-3345.458064516129,1370.4798134993296,3615.28762073575,-2299.0,9972.751210968985,48932.50310650817,6.216602393744126,3736564241.448717,-949.3870967741935,2039.184360622575,2249.357400710041,-469.5,8314.678685202793,56625.01614988658,12.918444283564465,918023675.8333334,1150.9290322580646,2104.195183236842,2398.3900863811987,2265.0,3158.358487638722,178394.0,7.607491880315423,1089889911.9615386,-605.0709677419355,4693.274367143494,4732.117407809143,480.0,21073.506248242054,311745.5019839744,16.407503052444795,3505038981.0641017,333.4129032258065,6343.652096374258,6352.407896527975,3241.5,17294.33520653515,281904.46660404495,11.233132031490875,6231753924.397434,-391.5741935483871,6109.809526568479,6122.3445509053145,2318.5,17794.647096450695,161185.95364791164,13.275821448256355,5796251964.141026,final
-3435.012578616352,1396.0970438392244,3707.8832736575164,-2640.0,8250.34891933801,18441.6925395742,3.8087977266079016,4036697819.4249983,-632.1823899371069,1845.0202598309702,1950.32159741242,-283.0,3959.102918054931,41341.94530416126,8.635293286614116,664164878.6875,1259.1006289308177,2223.9595438692,2555.6467765598754,2798.5,6287.855867529627,200197.0,8.579532805553663,1282483773.925,-682.0314465408806,3496.969957806839,3562.859214152899,271.0,11914.613756004113,253215.1890212581,18.458232804620064,2079225207.0625,94.62893081761007,7018.782857405875,7019.420733505171,3219.0,14276.284114439233,126289.42569499966,9.433401596819683,7786741094.462499,-473.685534591195,5252.512683089605,5273.828540225602,1291.0,5718.080282245394,221040.47292164378,9.22787792789972,4430123217.549999,final
-3374.5064935064934,1432.7208664379345,3666.0582586538576,-2209.5,7010.215739125273,59457.55199492043,3.061628917007945,3774382854.461538,-2357.62987012987,2045.9974862284728,3121.6220652381703,-1239.5,3875.692737632132,87437.46876114853,5.731724692562092,2326442211.4102564,-523.8246753246754,2074.545254921137,2139.6565858087615,-89.5,1709.4446691437313,109276.82556991407,6.266410769342464,737708535.2820512,-1430.8116883116884,5689.014827831965,5866.1837508469935,350.0,27778.521465657523,103305.83761749935,20.626036123563413,5544172737.717948,431.6623376623377,4178.09592999848,4200.3354597015195,1525.25,1927.7774616837023,259842.90587621066,12.490915187586632,2710507018.794872,-853.5974025974026,7741.911080319746,7788.826336573355,333.5,11987.226054689461,224566.6461313468,8.750781497828797,9333588824.256409,final
-3246.73417721519,1128.6202533065275,3437.305120828072,-2568.25,8503.37050939487,47080.50124143181,4.981717691400289,3488153321.6750007,-1767.9620253164558,1850.1180560555408,2559.0284375723136,-1193.25,8080.932120678458,55807.298513905385,11.110732533967825,1509469301.2000003,440.37974683544303,1887.7161628509045,1938.4031141409655,1485.75,2386.5594976417115,69580.0,7.6742244256152,616510548.425,-863.5759493670886,3715.266842716163,3814.3113576255664,424.5,11038.242550082363,306632.18397927925,14.982849263978096,2386421215.075,431.50632911392404,4902.957505485118,4921.90918370689,1660.75,9996.158488839184,269634.0094352189,10.400165515560946,3808844910.375,-301.5759493670886,5898.990002903741,5906.693754343029,1184.75,20241.69903253512,157155.095282467,14.220128968256589,5458017835.825001,final
-3411.94674556213,1455.6393306960658,3709.483313835136,-2075.0,7077.29148167508,54731.30159045611,3.149263811314188,4267626125.882353,-752.1597633136095,1964.9911343076424,2104.0281527241077,-88.0,3638.6407777132054,85813.5184335082,9.223636475830023,838799403.235294,557.7988165680473,1875.0794242109296,1956.2879049015014,2004.0,1573.8266259556708,94268.0,6.639802927102414,695242259.3176471,-2723.6923076923076,6551.147780549874,7094.789428135679,252.0,44684.01875709838,139816.97920112227,28.805813510901327,9703101917.752941,-352.9704142011834,6703.9363244088345,6713.222054649286,1246.0,8466.19948247348,287927.1780445966,9.685472636091008,7592511497.611763,184.36686390532543,5374.324865404212,5377.486299323159,1550.0,15538.456621868443,278543.420851984,13.884563255027855,4863997108.764706,final
-2860.8715596330276,1807.0979984947198,3383.812828287158,-1216.0,9150.171944271897,58516.861723759925,4.226312140302021,2120734234.4181821,-2303.816513761468,2649.1924238233228,3510.8105940826454,-801.0,10412.183175838005,102616.71046133016,7.89615946309218,1904563351.3999996,964.1100917431193,1954.9219292206267,2179.7311802946306,2013.0,1795.5920446820132,105088.0,5.248046862880613,613571162.090909,-908.0,4453.406919725678,4545.029944088438,2366.0,11751.392022507263,225902.63958918073,11.927665638762011,2320225497.5454545,579.3302752293578,6371.623246081084,6397.906404269928,5396.0,14024.518915562947,230358.09456430378,8.201656722664481,4457408803.145454,-933.9633027522935,8672.888672481551,8723.03189127191,5621.0,28561.671055426083,69018.36581641482,9.142959234103243,8312765534.163635,final
-3351.2670454545455,1460.749092637497,3655.7870180839186,-2414.25,7039.950845946309,62716.7449524352,3.508865056358051,4280216697.4044943,-1030.2386363636363,1741.4479835517116,2023.371623620517,-809.25,2485.6703151997226,121078.40625987468,7.751740569205469,897159879.5955056,1042.3011363636363,2361.639844664677,2581.421006882203,2553.75,2793.136964687932,183445.0,5.928531830837387,1348696323.9213483,-956.0909090909091,4861.980657323729,4955.0949273082915,366.5,23733.56264930207,372854.2899334365,19.511487394634365,4432127282.966292,-145.42045454545453,6776.822717276865,6778.382790164627,2078.75,7197.76135770358,376227.70995581825,11.20347700913771,7999400659.348314,54.01704545454545,5567.434679857697,5567.696719082481,2007.75,6680.115052810861,429662.49717311625,13.31608128285928,5395172466.033708,final
-3294.1049723756905,1280.3579631660355,3534.18223679438,-2285.0,7187.800183819231,33808.875275333485,3.1320101632545425,4201611147.736264,-846.4806629834254,1859.200626037471,2042.8305070815306,-795.0,3930.2489662614166,74421.33946168107,9.504202091914435,880170345.2307693,636.939226519337,1924.6232268595736,2027.2804797675158,2085.0,3811.7047351674046,115286.0,6.1228390270540896,812825200.7032967,-2201.9171270718234,6294.078843233916,6668.12323816357,177.0,37694.55030122923,246804.29404970218,29.542134622202074,8876486126.428574,-210.08839779005524,6244.4684040872835,6248.001503243288,1750.0,11555.182908735525,219643.58125424903,9.874485796261679,7034913519.890108,-168.6685082872928,5054.535465707126,5057.348894408908,1025.0,10399.102390586324,224131.76752291105,14.282247038324732,4609081531.043956,final
-3088.2012578616354,1447.0020701235412,3410.396164670609,-1760.5,8554.462991543058,24353.55298296278,4.606487954426676,3344642962.1125,-2426.5849056603774,2377.3963092729173,3397.1057557460986,-1260.5,11578.819858729075,71158.97983401515,11.443466060545694,2753834336.5874987,-18.150943396226417,1673.6504981012934,1673.7489198027524,507.5,1492.0369906342405,56920.72130525723,7.279915653364007,442696365.7500001,-686.2012578616352,3205.842792435359,3278.4600311885197,446.0,10192.543135027974,226426.2717909166,15.636920158131955,1772699349.9249997,104.55345911949685,3935.53991508697,3936.92847903751,1596.0,7637.103052642655,235357.5073865168,9.925421415356737,2450730229.0375,65.77987421383648,7871.636635181054,7871.911477409797,3652.5,26520.86776406954,193384.92617218636,13.365204627055435,9791855454.1375,final
-3294.3705583756346,1305.4246794246526,3543.5873023735635,-2433.0,6726.807608034568,46796.926123736026,3.807412824847678,4588456347.464646,-1031.1878172588833,1568.865703037166,1877.4152200910275,-929.0,3223.3504451567587,107434.03615694203,8.950514035006256,899278271.6262624,702.4365482233502,2294.141119111958,2399.270843127179,2254.0,3012.1208619713234,138380.0,6.916546373212273,1225015431.1010098,-571.1015228426396,5587.695578502643,5616.805037333161,360.0,37340.13551765736,461909.05943412945,24.77862224347719,6247593515.363636,-170.30456852791878,5919.520096358944,5921.969420493395,1573.0,8932.778736920258,360553.1225382291,14.686804816934753,6879527457.101008,-187.81725888324874,4509.83527416559,4513.744512358076,628.0,11005.564553203943,360423.9410716787,18.757460854644037,4000299386.3232317,final
-2953.1582278481014,1371.376216845146,3256.0430351633013,-1704.75,7696.986350939007,21876.99949177509,4.124256612494,3014866878.2249994,-2412.2974683544303,2262.5846246415795,3307.3355226667995,-1206.5,9766.247326189443,55515.895832861876,9.905095515473201,2614643425.649999,-96.23417721518987,1748.1401624124744,1750.78697856244,341.25,1843.1694468941134,59486.10956316887,8.494638180514116,479704066.25,-794.2911392405064,3610.469434227509,3696.807805305422,946.5,6162.169072800333,254115.9645885734,13.491768153139823,2230743870.45,-88.57594936708861,3905.2909797653692,3906.2953466735,1345.75,10584.522704091341,208027.24714500475,13.600588033642053,2382095924.075,-57.9873417721519,7175.3182445959965,7175.552553151428,2550.5,21414.669991135765,247309.66743103176,12.363407534304637,8034218584.225,final
-3335.5852272727275,1534.8228701502696,3671.7584412834626,-2451.75,6947.606799342833,60644.92245342288,3.27866649759534,4282334361.3595505,-1001.6079545454545,1910.0835000025993,2156.765511498853,-644.75,2882.639397336018,116629.30215569676,7.0794154282204795,984073469.0449438,1031.3977272727273,2019.594409887634,2267.7175424361667,2410.25,1068.3428287022255,181526.0,6.071731882175224,1080040455.3033707,-179.4090909090909,5122.423766317615,5125.564638518996,1358.75,32176.453055224538,431158.79409837374,22.44350613059739,4577974665.1910095,57.85795454545455,6489.288208379559,6489.546131611839,1802.0,5224.994959863565,306153.04259963095,9.847703848820395,7329402184.865169,-320.23295454545456,5708.993248021883,5717.96756296644,2178.5,5145.369956121672,432183.241541606,11.583234267062213,5707593201.58427,final
-3378.5941176470587,1378.471248274094,3648.983583700761,-2624.0,7644.268565186529,42258.03498155506,3.2789090459110657,4155212022.279069,-1161.770588235294,1841.8717334994744,2177.6598408275204,-700.0,3735.019070786163,116458.31462671535,7.033656719007213,1023584265.4651165,803.4,2303.096147261206,2439.2013905230156,2364.75,5450.649694266804,136578.0,8.08509486290066,1108144185.2325583,-1352.9176470588236,4349.954545298051,4555.490171856631,296.5,12968.513984677083,366030.26529110374,19.321477489422268,3794836761.6279078,-123.15882352941176,6320.9175435550615,6322.117263087999,2397.0,10365.199066800713,321333.04662095127,9.410612300867294,6718302563.279071,-300.3705882352941,5383.748631517842,5392.121272527822,1766.5,6280.646467031163,304641.87916248513,12.537802507395842,4900456862.023254,final
-3043.607843137255,1393.2955630272986,3347.3603374537033,-1896.0,8250.381556232063,24345.03444232838,4.3718221937512185,3111325141.0909104,-2480.8039215686276,2407.787143597521,3457.141453013427,-1282.0,10688.111826215192,50267.316699415525,10.302939666076643,2752262271.5844154,-300.9673202614379,1769.333105849464,1794.7481626457406,-154.0,1476.8915801771152,61135.23204497732,5.828187388296766,503400253.42857134,-723.5032679738562,3447.2606821610743,3522.3661350777384,149.0,9839.156719174036,234150.07262000398,14.949769004647838,1965523030.0,-171.68627450980392,3791.3425708858877,3795.227880729518,1360.0,5254.070885900729,211608.52550738936,11.263686643140877,2193944810.4935055,34.47712418300654,7542.500277261064,7542.579075129088,3883.0,24753.2319000832,265492.61347670446,13.096378875085996,8647905968.597404,final
-3543.0454545454545,952.4416697612095,3668.830362291602,-3304.5,8820.773257403891,26838.455579786863,4.946427088059983,3954719954.1538453,-1926.2532467532467,2280.832843905951,2985.4061754587988,-1229.25,9000.256493708031,93677.8962934821,10.49102689423547,1919074126.3333337,-125.20779220779221,1966.4582232621638,1970.4402896471984,372.0,1695.7871082687743,63560.23304721673,7.2011625383223326,592644256.5897436,-1082.5064935064936,4905.0030809352,5023.034494453282,1187.0,11021.068851104825,343345.7870328613,13.568814137466482,4013962704.6666665,425.53246753246754,5190.889352983734,5208.302041533705,1181.5,7606.751346678379,195574.21998145082,9.863750716366582,4151448325.615383,-472.65584415584414,7313.9796275315375,7329.236081540902,2368.25,21846.76304928168,188251.297753995,12.16921301526586,8200665322.076923,final
-3596.5174825174827,1022.0884820205034,3738.930711732014,-3398.0,9280.029008038837,34976.16141397578,5.065504193021666,3822051709.958334,-1928.6853146853148,2406.8894862197662,3084.3060875921574,-1226.5,8937.466371969347,133340.01990995475,9.763531534058128,1879145388.3194444,-287.13986013986016,1855.8548653217586,1877.9367881852627,-234.5,1846.3082235760414,64374.50282020221,8.165059081377414,512516678.0833333,-1322.6923076923076,6749.0554928216125,6877.446109277337,1118.0,8741.935885159854,357958.2424249443,11.076102466206237,6965267366.138889,241.2097902097902,5455.282477290889,5460.61251783443,792.0,10041.697054434671,169574.10768023244,11.191766694507605,4242666390.5555553,-561.6223776223776,7812.046943779007,7832.208957047376,3163.5,22858.470102933316,286971.326669733,11.05865988854796,8755994378.472221,final
-3575.9144736842104,1123.2354462378978,3748.175848434739,-3273.75,8814.094066154908,31117.78304526025,4.4162623959335425,4026097177.57143,-1932.1315789473683,2491.706616812246,3153.0515857866294,-1103.0,10117.281031846127,75163.58817129163,10.707137886637321,2051628828.8831165,-14.947368421052632,1869.6626025114576,1869.7223513272315,779.5,1526.7006283882367,58083.25338354007,7.528012728841912,524506051.6623375,-796.5921052631579,4680.641769361929,4747.94338164043,816.0,8630.539142986796,306430.9255258398,13.436751315952518,3477315250.857142,268.88157894736844,4423.968320015727,4432.131879806827,1187.5,7597.926200835438,202723.7005935605,11.349735302874743,2957930060.7012987,-345.1644736842105,8404.340116589572,8411.425046281429,2043.0,23344.03257729671,157868.0545589453,12.079437791854971,10632848976.636364,final
-3627.900709219858,1110.5679992334926,3794.077600271169,-3308.0,9945.377361148945,19379.303593108903,5.537152584053726,3858130436.1830983,-1948.1347517730496,2360.7750356770557,3060.7985526887983,-1246.0,10120.414660587316,96863.3734277144,10.80245440523324,1843013053.0,-120.95744680851064,1806.6136413890645,1810.6583203883304,499.0,1574.9780610732712,59858.60969872865,7.958277711864713,461059186.943662,-968.1205673758865,5011.866870186258,5104.514370383025,589.0,13399.941980458436,311456.8988369656,13.490982481706356,3779255508.492958,339.0851063829787,5314.370898751281,5325.177626977831,488.0,11066.855958116384,189218.1674916795,11.160741504173751,3986349876.084507,-385.1843971631206,8101.074856101116,8110.226929252451,1438.0,25140.04157304834,253752.27320417328,11.783943686480523,9229844955.492956,final
-3479.0680272108843,1111.6944941995184,3652.3662174533592,-3179.5,9598.289906461961,36501.01927891466,5.688833636887824,3714951142.2027025,-1841.3265306122448,2177.414944138115,2851.5994163438377,-1255.0,8956.506761304609,88723.96396156895,11.058475954361384,1682304835.0945945,213.73469387755102,2010.9463651112521,2022.2729298294748,1763.5,1606.0283046486668,44595.403689398874,6.855179278187855,603777408.0405407,-1118.8843537414966,3731.1931204739594,3895.3439256784154,475.0,10180.37622773725,283015.26181035687,15.61653963971133,2398249532.297297,617.578231292517,5521.836828281471,5556.2653671267335,1195.5,10302.04197996515,303485.6192291331,11.094395251908784,4563220376.662164,-399.18367346938777,7012.128519046453,7023.481613330323,2028.5,25303.418530781,111610.22694072593,13.48378783643781,7225676053.094592,final
-3385.2972972972975,2670.7435255340197,4311.972723739132,-1689.5,12497.806269076735,55239.49315950193,7.85924519760216,4388617008.159999,-1323.054054054054,2033.0763096504625,2425.6692500855947,-790.75,7058.960203135891,53406.97866908789,10.685148438932535,1114838643.4666667,-833.25,2364.7827106482914,2507.289937578237,190.0,1627.5036229084117,84969.13696929613,8.15449953363771,1019386885.4800003,-1085.6756756756756,8489.478489073128,8558.617685653986,2229.25,5543.339370016993,451821.7969026062,15.858119990428023,10868763685.306667,-328.8445945945946,11896.494879376796,11901.038995921004,2222.0,27584.72586997128,289288.1513339483,22.659164502027544,20698807591.293335,-1352.3175675675675,9684.680356553348,9778.639803784683,622.25,39289.27811217556,189147.5923877495,12.780183448565587,14231247791.4,grenade
-3935.143790849673,2611.8655802681637,4723.049699511142,-2752.0,13203.490832374195,62679.10897211589,8.923316835524455,5744713784.246754,-802.7647058823529,2582.273502433215,2704.175958472208,946.0,6096.455652128184,87542.66003091901,11.178124935221396,1209515484.5064936,-1210.2156862745098,2806.7453296721264,3056.540749432465,-493.0,1767.9894849557252,142933.60410292697,8.098222801759158,1642743806.4935062,-1613.764705882353,10704.247839098543,10825.20938951286,3391.0,13525.401464011835,549285.5452422823,26.906471550772462,18208765870.831165,-3625.098039215686,11932.172358776026,12470.688553302261,393.0,29398.5157911963,288955.4042096048,23.21352381633058,25637325326.64935,-2237.052287581699,11613.451619009309,11826.94641251259,353.0,35366.04619850239,256153.5571785053,26.70123277427741,22022862572.168827,grenade
-3293.672955974843,2327.9173392380635,4033.296502768583,-2920.0,10506.03667101112,51162.850936143,6.675740642955717,4284459904.2999983,-1331.1761006289307,1993.0656849021514,2396.7354120177984,-371.5,5829.3695653163695,56010.713184580716,8.08887170827667,1187633507.7999997,-778.6037735849056,2538.3695356682015,2655.0976885698683,880.5,1407.4237543792913,141662.40650171906,7.018004787567154,1209659124.9375,-1532.2830188679245,6639.678249698773,6814.192432668303,937.5,2282.358853756577,416597.85595480865,13.35711229165463,7707720223.9125,-629.8050314465409,11549.25065470733,11566.410206407738,2107.5,23413.938888362896,393863.1423971788,23.451204736650464,21201041527.225,-1310.2389937106918,10251.919648104149,10335.307576062934,1584.5,34576.727403473014,439380.26413022476,12.550662684373348,17149257153.85,grenade
-3012.3248407643314,2350.1181355766726,3820.622488214745,-1709.0,10037.441767881384,46681.53749252837,6.760104910037166,3692865932.50633,-1436.5414012738854,1985.6448341839996,2450.80325711705,113.0,6512.44491745643,28922.32725728134,8.45953101979848,1258984773.7215185,-1114.0063694267517,2600.704494209496,2829.2532685012206,271.0,1903.1930885905592,127006.74760962413,5.288274672905163,1442385259.746835,-1059.063694267516,8520.817000301728,8586.380975774748,1272.0,6358.758434094281,522337.8183478688,11.50831183893895,11676692169.164558,-203.656050955414,11769.79217395128,11771.554001281884,2410.0,19503.490570867438,479484.13261344936,23.36225928137252,21624186949.734177,-819.5095541401274,9221.375881850132,9257.719431031288,1029.0,34219.8317955715,251495.93466147585,13.549262137359177,13475353225.443039,grenade
-2977.907284768212,2643.081362868278,3981.684428406804,-2041.5,10456.397104943184,70646.90034108445,6.91787608139293,3708424045.6578946,-1349.9337748344371,2279.442018596663,2649.1842353039137,571.5,7741.50781170464,50959.29513970443,10.126724608969266,1326132907.526316,-1558.7152317880796,2535.4261482725447,2976.2356975132725,-828.0,2183.521358046022,155489.50412329275,5.647106291551955,1693210075.4868424,-187.6953642384106,10050.453303337183,10052.205785414357,2249.5,19493.547142592564,546471.2714563877,14.68483178929007,15162975618.934214,-2701.5099337748343,11955.154616546388,12256.585080185043,394.0,24742.416964502518,305078.85239112313,21.44587098842447,23629341391.684216,-553.8807947019867,9002.003671683065,9019.027333351147,1162.5,31800.627746225473,155506.33311989234,13.718166200067014,12247982864.842104,grenade
-3379.406896551724,2469.13249458479,4185.332274536379,-1843.0,10119.435985495995,116273.2087096332,6.203493215613974,4167183401.1369853,-1436.7655172413793,1685.7681560796902,2214.973911265369,-1078.0,6129.569775174104,78833.391291787,9.167924106074825,1003786001.8904109,-901.0689655172414,2652.120542990854,2801.01207694155,352.0,2245.763877055569,104629.18581335456,4.829589428028566,1246752825.3424656,20.379310344827587,7915.076886000292,7915.103121727866,1457.0,18855.75162759287,434033.18750157685,15.737562762925899,9021924379.726028,-711.7655172413793,12821.00960412852,12840.751435203847,2592.0,18569.75126440182,281982.5625909662,21.27675903612051,23817509908.9452,-918.2620689655172,10107.745718879494,10149.370854630724,776.0,26650.104845264126,223245.93290673537,27.600902156861462,14955533813.452051,grenade
-3446.5465838509317,2348.8422811024457,4170.820472778596,-2787.0,8576.72008733838,151842.55675493504,5.145102456866755,4684088989.666667,-1242.857142857143,1858.04797675939,2235.4051448206615,-189.0,5719.849699412852,76280.9034358183,9.333445226938416,1046717187.2962965,-1260.1801242236024,2713.8327023785687,2992.146701281135,142.0,3161.299020790608,138665.44747669244,6.0019376297562195,1686624400.2716048,355.42857142857144,10493.79348286629,10499.811004510262,2963.0,34979.72489592091,712181.3596198519,16.788270155621905,17660259006.839508,-2084.4285714285716,12742.911537150985,12912.266916116761,615.0,11590.94772875358,337665.6917777031,22.400055170934895,27372492697.975315,-549.5031055900621,7924.1951239095315,7943.224913399136,474.0,13714.161352371393,216794.4443977885,10.781141831571475,10143875448.185183,grenade
-3444.1942446043167,2604.50854497162,4318.094343040189,-2809.5,11677.057143211465,65545.13508283744,6.956379291052021,4210378876.7285714,-1364.3237410071943,2005.3039641702553,2425.411977168581,-30.5,6242.487434288888,73769.52744760402,8.015659028325288,1068727663.3428571,-1209.5539568345323,2693.3186027667657,2952.454211415242,-119.5,1735.8296800177043,127318.03032531313,5.683852347979739,1404913631.342857,-790.7122302158274,9180.230419236876,9214.220334965676,1485.5,9246.646841723337,501005.4275645099,11.830104762696353,11803348253.02857,-2129.3525179856115,11865.291343237372,12054.844702680968,1350.5,22744.16873769726,237528.52580974644,20.108937394874893,20680842748.914288,-691.3381294964029,9976.575392123952,10000.500235689651,2112.0,35984.747040079455,203659.55613692137,11.87462172736842,13868055336.614288,grenade
-3358.94,2019.6499803348765,3919.370353343336,-2281.5,9801.154769598028,75727.70939277763,6.533020601641409,3944011387.4473686,-1388.7533333333333,2006.9866796989184,2440.6210999115233,-1063.25,5696.836030485423,87242.51917355304,8.576747990570281,1167236921.3421054,-920.4333333333333,2550.7767690559585,2711.763198855436,-36.5,2066.8879966055783,131651.708289441,5.429908753724459,1213942737.3421054,-844.2666666666667,6994.247463610523,7045.0183666663825,501.75,15956.375062853296,400182.53070111613,16.67350077449582,7452588352.131579,-1305.0266666666666,12399.886217728865,12468.37089652587,2416.0,16647.29597654954,502771.1496247755,20.45709161753064,23290984445.499996,-61.79333333333334,10118.601841029664,10118.790522257754,2354.25,22599.10891473071,606507.017853779,10.166566460338071,15157119741.526316,grenade
-3471.461038961039,1983.648046695119,3998.2372763734043,-3508.0,10531.901299963334,49341.94490325041,7.019724826342376,4262349306.25641,-1342.6623376623377,1831.970740780282,2271.312164378104,-431.75,5102.720071945437,44648.678606934685,8.039418432048773,1058347295.5897434,-957.4805194805194,2908.3494498336645,3061.905528838613,324.5,1887.6499334338546,151304.15215231455,6.100658094158369,1564653341.3846157,-634.3376623376623,8647.152684457573,8670.388331452163,2099.0,10629.237313315725,431242.4419309563,14.341408871090954,11489972791.923077,-2005.8701298701299,12712.256656267684,12869.53706520663,2706.5,25727.708441100884,269941.07215320907,21.970383181499454,25813134706.307693,175.48701298701297,9669.613740279132,9671.206004316218,1127.75,26250.42569799535,371050.40556180134,12.70395631882625,14224341655.589746,grenade
-3422.3896103896104,2372.2372757293037,4164.16382214513,-2517.5,10265.166573051332,66673.21372851485,6.747733200543796,4416815290.435898,-1260.6168831168832,1677.3720486478514,2098.2687901182762,-374.5,5518.406997723522,58058.093975266616,9.282654787315424,910929228.0512818,-1247.2922077922078,2916.0587436526016,3171.614170742076,-1121.25,2271.9531362627554,177909.316298994,5.490896376279217,1765758755.0,-694.3831168831168,10099.463804204766,10123.306626071077,1310.75,9010.233087561468,474736.1586032673,11.905331670880914,15653107170.64103,-1660.6948051948052,12748.36786055983,12856.079898015407,936.5,18563.997233189435,436863.9271853805,21.595963532335883,25546009810.897434,221.42857142857142,10320.3945867741,10322.769736798406,1634.5,26469.404693450306,156962.41899573035,12.220191301081403,16207632813.897432,grenade
-3832.9013157894738,2381.7078424610304,4512.611743039839,-3261.75,10573.952773486459,114100.87535698952,7.160561652855674,5259145761.31169,-1310.2434210526317,2096.4938211361323,2472.2508296031947,-838.75,5757.221342873233,92570.90240031564,10.316528486389421,1174522890.5584414,-1225.25,2956.159366586635,3200.0180879423,-249.25,2539.7290018728845,157817.37286046275,6.344416245252758,1761508289.090909,-849.1513157894736,9013.077208875788,9052.989491337277,2276.0,20924.11542597511,515676.37206469796,16.658780653755496,12404662677.103895,-2923.7565789473683,12579.256078956209,12914.566815534106,394.0,22445.30779811186,265668.94793615234,21.821788454255422,26334946289.93507,-875.8421052631579,10484.84255090054,10521.360307038549,602.5,23691.888912679344,159759.39227329774,23.506745049150396,16723079679.818182,grenade
-3136.5714285714284,2225.860895343067,3846.1067395416953,-2106.5,10921.132845214785,110339.37906543328,7.785265089861676,3744501438.923077,-1032.2012987012988,1503.1299180004114,1823.414125049099,-16.25,6162.625976499607,69823.38108110364,11.723284604911035,667455987.6153846,-1021.8051948051948,2574.4135887007938,2769.781793177611,301.0,1795.295273112612,112838.8313369413,5.380880196565218,1325022367.5384614,-833.3246753246754,9830.238853027577,9865.496739753044,1050.25,17846.984508208167,511417.78862762835,13.937417214717199,14902163351.076925,-528.5454545454545,13403.973106998115,13414.38986128886,3750.5,23297.09162815914,443032.5598007479,22.404192475050753,27432717227.153843,-583.2922077922078,7116.063682731664,7139.9294209651425,876.75,32112.115919243788,235103.8271853631,14.645566388474666,7802395335.666668,grenade
-3589.230769230769,2382.9851938115457,4308.270644785208,-3303.25,10224.446288795038,55678.73450435852,7.650011575919619,4843156188.3797455,-1252.8461538461538,1996.5600453762715,2357.0904734439023,-200.25,4834.592732701891,98204.95349418033,9.61545994617738,1097507768.379747,-1177.7179487179487,3155.9896407869855,3368.5739088651712,-159.25,2868.2666142120756,158533.52578913388,7.206123104855834,1961408232.3291135,-2377.4102564102564,9524.601719832346,9816.828278457251,779.0,13722.454138019424,483985.4103265094,27.610550856551747,15714185185.265825,-2270.9102564102564,13045.10811071151,13241.294461374255,277.75,18346.95820662693,359068.63418855687,21.733666089021177,27824164287.6962,-200.46794871794873,10225.044585458478,10227.009542044876,885.25,20289.680638568407,330783.73510018806,29.83068915481277,16152760189.911392,grenade
-3498.858024691358,2553.8250151954567,4331.746724496388,-2950.0,10234.997310124847,80378.4339053242,6.282519495791513,4961726340.902439,-1455.7283950617284,2013.755281467479,2484.82504290084,-539.25,8743.722353322268,28477.226672021232,11.082660115937593,1327171791.0243902,-1129.283950617284,3269.6126162150745,3459.139907727724,67.75,1649.016243813068,157648.90081115722,6.746860150463839,2118872927.5365853,-128.72222222222223,9130.168881546253,9131.076235365106,1404.75,14307.36594074436,575189.7892770087,15.796969030664822,13345104169.097557,-2271.6975308641977,12169.970302412361,12380.177172937927,641.0,21424.04338871104,310817.9426532441,22.34968635579832,25380927960.243896,-912.3518518518518,9835.319094205446,9877.544613233582,822.75,34970.22728644076,344335.2189617312,13.278794339312281,15746701345.780485,grenade
-3020.5151515151515,2598.412008308526,3984.3765817822173,-1555.0,8764.017099412644,124596.53336056304,6.974178299677381,4099948633.253012,-1152.6848484848485,2018.622268854648,2324.5468857913847,275.0,5399.182789982152,61864.45629959565,9.732503209241607,1104121451.2289155,-1121.1939393939394,2960.281034768786,3165.4920082896206,0.0,2350.538073375043,145152.143968055,5.90458005723267,1849564078.939759,-868.1272727272727,10120.45069433812,10157.616217311117,1172.0,19695.30390454315,668690.0606039877,29.903506566895853,17045279286.72289,-2382.5636363636363,12328.891704369522,12556.997258078618,210.0,17286.3631792974,413579.43875749473,23.281405055322576,26791169562.795185,-164.64242424242425,8441.012611200305,8442.618138368158,411.0,20507.597956637186,530826.7219918205,15.625211598813804,11694434485.578314,grenade
-3200.8313253012047,2565.2663912926923,4101.940130148818,-1895.25,9060.532078703915,55351.75315429674,7.751050791135576,4440331772.785713,-1272.05421686747,2010.9231958158348,2379.4818827048216,-672.5,6046.436242296332,102099.40089715537,12.4422837486991,1194120762.2380953,-1109.3493975903614,2852.495586445737,3060.6187538840095,-43.5,2555.486407926757,132431.60320649753,7.24505240916736,1738331560.071429,-921.4698795180723,9270.596318062084,9316.279452191488,957.25,19920.00411035482,578520.7552693789,28.546524449275108,14394366367.928574,-2668.5843373493976,11865.065727791605,12161.460730124545,193.25,20492.47882984739,231497.6416499436,23.94284769356773,25457594484.095238,-171.6144578313253,9784.241230354393,9785.74616347183,973.75,22619.162021713575,286336.46671051194,13.098093677709677,15712312983.0,grenade
-2746.2804878048782,2658.256703521012,3822.0917335291933,-42.25,7710.292245389934,66573.44438603746,6.783174519700592,3588906410.5301204,-1421.4024390243903,1789.9068027227213,2285.6402289287703,-459.75,6301.6404841739595,48653.58692099921,10.387148384137248,1173804999.686747,-994.2256097560976,2643.488916246813,2824.27304158338,-189.0,2415.2454209623534,142077.38137988662,6.34822422145817,1452546614.9759035,4.676829268292683,8533.044822233363,8533.04610388199,1296.5,20481.602916649976,605399.4872387691,15.66680329485813,11797491215.072289,-1856.8231707317073,11623.089319999335,11770.471427604281,1103.25,16593.47898991319,468348.2107639176,22.650711808052737,23006091470.879517,8.50609756097561,8511.65448040892,8511.658730679994,948.5,21854.202411868442,514860.9464947083,12.14814155192467,11738425552.51807,grenade
-2965.6927710843374,2444.9532300591472,3843.582952095421,-1743.75,8803.635191916426,76075.26867569056,6.250326116006503,3865792457.5238104,-1483.3855421686746,1796.4862278959688,2329.762956554795,-507.25,5772.0729737532765,86450.69761181141,11.00404668183205,1251219547.3333333,-894.9698795180723,2783.1907177521834,2923.546075680441,420.0,2414.831963566976,159518.61560936205,6.5232510618576045,1533309795.357143,-374.87951807228916,9549.448279524604,9556.803707118062,1518.25,24250.28256771431,607665.2945678043,18.28924230356353,15004768220.261908,-2283.120481927711,11686.63187371576,11907.560778209237,559.25,19912.742975881138,243068.51984390346,24.30993297225293,24138986563.404762,-214.03614457831324,8277.144566054665,8279.91145113003,721.5,20101.311013510942,139781.66181187308,12.308491424179648,11252519384.214285,grenade
-2604.1264367816093,2464.933809489246,3585.7179453922536,-1431.25,8125.064222574137,70246.21936580724,6.748997190077456,3378333752.7045455,-1319.5747126436781,1702.292758376954,2153.8519116854955,-1065.25,5252.539992769553,71836.43464964483,9.988316866740078,1097572704.4318182,-1017.9252873563219,2432.91823261735,2637.2832645056124,325.5,2610.9664343989234,124336.79826843923,6.060566660226335,1374708564.181818,-329.86206896551727,9724.0518743237,9729.645103449584,2364.25,20108.6462823899,594007.8644033257,15.755945195851403,16303644425.818182,-896.9080459770115,10961.081026928905,10997.715277358251,2945.25,17085.802105786686,378796.2598480306,26.786659099182497,20944492369.340916,-464.1264367816092,7078.925385692213,7094.124185938475,912.0,19248.774583108752,244646.2665432704,12.115592248432703,8694483133.34091,grenade
-2770.993288590604,2515.5978794771877,3742.5441208680886,-494.0,9505.262093404493,90635.78976146775,7.888134646853305,3209530531.64,-1607.221476510067,2076.3079547023453,2625.6838342259407,-931.0,5308.073947214789,81194.20201007008,8.287841842407229,1402714900.3466666,-940.1744966442953,2729.858601278414,2887.2228987582675,55.0,2109.862934566224,142710.33509847583,5.535583084705613,1364619120.946667,-649.248322147651,8611.05891570517,8635.499929567311,1063.0,14011.03038922888,452877.45307026774,14.420370310693734,11099520553.653334,-2288.6241610738257,11680.31839714762,11902.421535527801,1493.0,22322.0475286377,360628.0093931101,21.88764525509806,21742984335.680008,680.5906040268457,9432.122768478115,9456.645467074088,1233.0,22187.690430386203,531210.2711277544,12.49585265916309,13304518640.56,grenade
-3144.99375,2329.6845910360776,3913.874803982621,-1546.0,8253.596435748705,100455.80112482724,5.41250834455627,3983709987.419752,-1025.65,1566.506272729222,1872.4048240164304,-626.0,4552.527313008976,34315.57946097426,8.999722332914342,720259494.9382715,-611.06875,2938.7837559139048,3001.6420474883407,1195.75,2340.0941937527996,150863.2817157836,6.467246970095401,1482786958.5802474,307.69375,9165.46208463932,9170.62542407823,869.75,25929.800062625258,626403.1414050228,14.102953542216797,13305230828.703703,-2346.2,13776.589338348587,13974.94430176736,646.75,14956.099703279237,555198.3915472775,21.619718584239855,31732266299.65432,-314.61875,5409.934617063171,5419.075337984332,1636.75,11663.09183444275,147002.21571606622,13.444479702705397,4656260115.617283,grenade
-2825.5443037974683,2376.609524157398,3692.150246541705,-1028.5,8666.098152138144,58826.1918549113,6.212382253474109,3372590038.95,-1436.860759493671,2475.2265910042684,2862.0474347898817,-1095.25,6179.6671676498645,120379.0045435368,8.234804744341822,1600183568.675,-890.3544303797469,2372.786542368472,2534.3336377323667,307.25,974.0549515624102,95139.57227993291,6.414750971771986,1125811756.325,245.41139240506328,8136.850726692595,8140.5507491815315,1824.75,6705.111496747808,312334.2490749839,14.090310543313569,10348970692.324999,856.3607594936709,8952.892676741132,8993.755668887474,3601.5,12420.402193246082,477788.04120289395,12.597844646043136,12734935004.925,-172.90506329113924,12243.179070682982,12244.399941104566,1731.75,35556.53599845763,260270.8644645974,11.86234725198891,23397161652.825005,grenade
-3033.040268456376,1820.727164562122,3537.567056304707,-2134.0,10887.241427883586,64566.532013678865,8.524853140502826,3213774422.386667,-1400.234899328859,1939.727412487433,2392.321092172556,-448.0,6194.031705382168,77354.11955832191,9.833803263659957,1137262206.96,-795.5369127516778,2544.3164072459763,2665.787868479325,493.0,1985.327876614539,105366.61579913153,5.660074629239561,1145468578.3733335,-1083.9731543624162,8090.823949003955,8163.113987514468,335.0,18029.06680558579,470221.599808927,14.534830167824136,10036543386.520002,-1095.3087248322147,12092.206196415742,12141.711242626752,2018.0,23542.789392151062,352518.10556356976,21.661547028118186,21996877064.786667,-772.1342281879195,7797.810376416354,7835.945248206237,2472.0,29647.909724607278,415161.0039593142,13.160891285220444,9176151243.013334,grenade
-2867.7368421052633,2516.618885520501,3815.401055004089,-947.0,10584.543973380854,54781.53940135706,7.661234633667861,3417791576.7532473,-1403.0131578947369,1850.3592822776554,2322.127342489391,-1142.5,5768.3752461636805,70068.15216186304,9.195035662923766,1104308673.3766232,-894.4934210526316,3000.35069221458,3130.8501651434785,695.25,1744.7612812552698,139731.66702940137,5.4422104401965115,1590627963.0259738,-1128.6907894736842,8902.044306338878,8973.312416842688,1151.0,11710.173940805387,487432.41961785057,30.198186380232723,12297231679.5974,508.20394736842104,12275.862082139945,12286.37705395053,5747.25,22187.620188667384,439367.29658456024,10.581681824087903,22686244293.25974,-481.14473684210526,8993.706815417258,9006.567744677974,1714.5,30378.97433079398,515610.05802334734,13.182479262806217,12205181590.80519,grenade
-2841.9177215189875,2644.5109929747746,3882.001381742168,-337.0,10620.103458197324,55706.92547658185,8.14079721997282,3611444683.475,-1417.740506329114,1864.419915828098,2342.231791651455,-1184.25,6815.51151410325,80884.26681213474,10.543793495276093,1169586227.425,-848.6898734177215,2459.424901650684,2601.7389085189284,115.25,1918.001269455997,120079.88847842424,5.818381717484419,1168522412.05,-506.67721518987344,8076.78620779595,8092.6631739394315,1455.75,11028.082537168988,481463.9816737081,14.291075117485347,10258336941.100002,-778.9493670886076,11555.132642676213,11581.35797332632,1286.5,24313.064489612898,204894.25699519162,24.856378224091333,21053415948.75,-518.6645569620254,9205.859941412084,9220.459326060947,640.75,32881.25750523515,140015.01579858633,13.779157834898804,13307371140.650003,grenade
-3092.8888888888887,2590.779244210028,4034.612592460623,-607.0,10531.481060010263,34670.35304132994,6.828067654251213,3928465007.012985,-1326.5882352941176,1559.5586250473661,2047.4519410673336,-1045.0,7139.6469376755595,58788.59510921942,11.109569240286428,904726809.818182,-576.1503267973857,2746.5395144070367,2806.319387252273,808.0,1196.3801104216273,126048.16314318821,5.766033007324188,1247574705.4155843,546.1437908496732,8500.982071231689,8518.507452346701,2234.0,16148.774722755317,445683.0540839685,14.234830355402725,11075685960.844156,-1130.6666666666667,12663.018282626927,12713.396050515177,2035.0,21965.791559953053,472381.4876943174,22.009792743734366,24763202479.40259,-124.14379084967321,7903.392049482356,7904.3669935439775,1464.0,29228.19163622213,164061.63623791395,14.82992014091099,9499559053.896103,grenade
-3187.25,2365.402719483056,3969.092161670958,-1511.0,9563.656075734398,55161.24446953126,7.852735257467466,3783883105.5866656,-1262.5472972972973,2200.327974123156,2536.822593643793,395.5,5389.212379446894,68819.92000790693,9.814999815707491,1172526558.0133333,-910.972972972973,3095.090368819856,3226.368879816542,577.25,1572.7397169764633,136924.67369699944,6.870228740064385,1641243910.3733332,-625.418918918919,10578.182113411875,10596.654455470776,1031.0,10331.739010238663,558353.1440194206,24.94893643925084,16454908105.946667,-2258.8445945945946,12393.561961386,12597.728247316785,862.75,19351.483123292575,324107.7885414465,27.910031915647245,23946579118.54667,124.30405405405405,7525.146142658092,7526.172730293679,1468.0,24283.973843845914,317419.5130563623,14.959078165452224,8274018247.5599985,grenade
-3010.3048780487807,2510.5634154800664,3919.804092292269,-1593.75,9464.056780747977,73960.3208377023,7.214912263176836,3957738291.6867476,-1229.8475609756097,1631.5609935098446,2043.1633069288632,43.75,5427.1629407484725,23188.802967802836,11.184606226751567,921448955.5542167,-859.939024390244,2745.6368151436595,2877.1542618256435,723.75,2080.5080286504162,145668.17269136262,6.7063288693045,1461055189.4939759,-317.1036585365854,9055.148636925618,9060.699286869263,1699.0,21398.87961594688,626621.3771103825,17.207442388875986,13318061337.72289,-2436.670731707317,12198.071985853756,12439.06445142999,1481.75,22667.924805956925,179549.74185445192,23.895648096052362,26032566199.783127,-684.2743902439024,6632.964156693317,6668.166535496992,653.0,19551.106975832023,208732.7809897599,12.562647237074248,7280688944.036143,grenade
-2801.6503067484664,2721.173106223426,3905.640474408445,-59.0,7499.51722933891,74588.42816142428,6.24582082891831,3742870930.585366,-1271.2699386503068,2130.8493800612373,2481.259022638167,51.5,5167.378713930316,54326.22206413553,9.036124534636405,1259236717.2439024,-909.9079754601227,2763.377287754292,2909.3275096286784,377.0,2261.6533469003434,128212.95177352008,6.018719467645611,1505379950.5609758,-45.65644171779141,9678.161616474781,9678.269307333625,1189.0,24623.436790171734,671539.5565720602,18.470960007068165,15175270134.463411,-1066.8895705521472,11557.073083516603,11606.213491638731,3210.0,11979.807211033494,421637.1010555591,23.652958822785585,22007304392.60976,-737.5950920245399,8013.908299243732,8047.780610110235,403.0,15085.944762792275,411080.79120307,9.582319472989596,10580750958.158539,grenade
-3039.775,2285.1540209305367,3802.914796573807,-1193.0,7448.847087858372,94448.17817228564,6.147266218327143,3745563363.6543217,-1292.08125,1926.3185353540148,2319.5208678194726,328.5,4549.789955435214,56609.19658695429,8.48834693112633,1114021958.8271606,-757.575,2750.382474652389,2852.8097794104674,301.25,2243.8770646798935,135066.57046066335,5.79079822139853,1376781259.6543207,19.86875,9436.106008387327,9436.12692627383,1910.75,23603.504942522835,645918.9043240416,31.892789493624193,14105997374.382713,-1275.83125,11897.066823497858,11965.28078990418,849.5,10865.059648912042,488472.5645122038,23.379348303890296,22905824526.975307,58.575,7026.091564260674,7026.335723547517,952.75,10330.976619637393,410216.6054513724,13.540157175674201,7802274204.962963,grenade
-3098.7066666666665,2511.63881571818,3988.7733135221742,-1066.5,10294.213187035748,59391.26951035002,7.949728269128318,3776510131.1578946,-1152.4266666666667,1931.638034921542,2249.291604038925,648.5,5924.739472803828,49832.08198222379,10.385320384020199,945520632.0526316,-847.6133333333333,3127.900191900133,3240.7110289770258,813.75,1410.168754757294,120336.1610421038,6.607726208049101,1660953143.3421052,-757.3466666666667,9205.644761765589,9236.745609430485,431.25,15168.507990791251,502959.3033100161,26.26559092532814,12714214941.894733,-1563.8466666666666,11761.13723114488,11864.651927750207,2771.25,21955.970846391847,246485.04529048852,22.451392847945527,21200584011.210533,-656.5133333333333,7909.897255747946,7937.095460767328,1012.75,27603.31579911074,117700.99712372551,14.35911324107793,9390184669.210526,grenade
-3378.246987951807,2527.714164384153,4219.2287930892935,-1643.75,9584.892440946265,117694.81972551787,7.300992548167581,4791869261.214285,-947.0963855421687,1999.0918366680203,2212.0939706395293,515.25,4990.240385882498,61912.2806724452,11.715178319689251,949768799.9761904,-988.066265060241,3038.7057230854975,3195.3102221322188,182.0,1896.447677778914,136271.8742877183,7.255823776757548,1834817502.071429,-226.45180722891567,9815.503541734266,9818.115409730892,834.75,23946.936300181158,695525.9519905151,29.759828305778658,15839101228.095236,-2727.5481927710844,12653.722172307345,12944.350271752975,218.0,19536.221534238877,698127.5197008546,22.513337430735202,28703539535.809517,-195.81927710843374,7699.892880094476,7702.382459617081,424.0,15950.949862026626,475532.5509567997,15.098096039314338,9737433986.809525,grenade
-3035.907284768212,2705.8040764277735,4066.707358751285,-1012.0,9803.054522050994,50209.560144901974,6.77159182809017,3863395707.263157,-1327.708609271523,2100.3363325413934,2484.798354178293,332.5,6612.751919831097,47051.71297239445,9.72225469574443,1190607169.131579,-1208.5562913907286,2694.038389269494,2952.7023473960057,-505.0,2283.3677494093486,136913.29614554142,5.561088595379636,1526925886.7631578,-505.887417218543,9489.805061915284,9503.279549295232,417.0,18943.643879177496,588233.531259741,15.10367050858897,13585832484.355263,-1958.1390728476822,12906.963438618097,13054.654872283567,245.5,18827.550511027413,529108.1138422182,27.15354490250309,26139894805.78948,-511.55629139072846,9211.213733569903,9225.407757100398,2030.0,25837.548413668585,214154.19425707942,29.867806417767753,12806037362.276316,grenade
-3583.7449664429532,2099.7156124291428,4153.556745439249,-3139.0,12289.95503068306,83286.41172824966,7.70435639091981,4454299355.146665,-1424.8993288590605,2135.5125086098374,2567.245950783072,-192.0,6964.924438772579,89944.59318013262,9.058554120066605,1275978774.5733333,-1104.1476510067114,2960.8525694351492,3160.030058900447,759.0,1694.027201102226,137571.69829954754,5.220394713170096,1658404636.7866669,-943.006711409396,8351.243922533113,8404.316552308665,777.0,14307.174923554452,472483.6966077448,12.359104582795016,10585702970.626667,-2866.8993288590605,12672.122202325492,12992.374412419125,2288.0,30555.52881543291,352672.0356801,20.598248077060408,26200274025.24,-793.1073825503356,9715.326030611965,9747.644802789147,4512.0,35700.75790674108,252319.0286547439,13.782273007480855,14156186218.519999,grenade
-3363.8159509202455,2528.4970541072425,4208.15340788504,-1987.5,9193.6987543719,55942.8974649384,8.228285997420627,4702034657.134148,-1366.2699386503068,1715.2870373161043,2192.921148980093,-736.0,5812.984006630931,75959.27647723563,9.003398766213053,1081487372.0243902,-1260.484662576687,3151.153251459208,3393.904594824817,316.5,2751.6958289392333,145970.3490512169,6.464196973784722,2123480340.5365853,9.846625766871165,8523.09077164087,8523.096459484,731.5,28082.95430196,604213.3674213985,14.477226080489936,11768652721.390247,-2240.0736196319017,12877.281104998712,13070.665571367344,879.0,20642.94098978522,473591.7838568445,22.02456835289262,28490429303.048782,237.17177914110428,7051.144002029961,7055.131621038976,899.5,13913.83260104244,177532.1415628177,13.395998427982898,8072947336.536584,grenade
-2793.6688311688313,2648.0695493848257,3849.2671869621336,-471.5,8262.018904335928,95665.12156739357,5.627239512810579,3439041340.076923,-1303.2402597402597,1902.5910598382818,2306.1413477027845,292.5,5481.17072349345,34179.964708901825,9.231593582968026,1066731921.9999998,-1090.3506493506493,2674.2395970629814,2887.978871293722,-187.5,2594.451571405392,134165.4166183027,5.404445459335979,1448696007.1794872,-130.97402597402598,10079.524331018061,10080.375237810591,1214.25,25131.158291889446,692580.0802469378,14.227237508908829,15450900274.000004,-1599.1168831168832,12146.302122830042,12251.115462068548,1509.0,17253.19654944932,498988.2361052213,22.920950119182915,23234082086.153847,161.15584415584416,6989.954949532352,6991.812454764316,2358.0,15547.252415173622,325559.3475636273,11.518073476187878,7435793796.871795,grenade
-3512.7133757961783,2661.6378034637723,4407.206718242842,-2335.0,9774.055321095062,100440.09738033163,8.056042824629335,4955170734.860761,-1026.6433121019109,2605.0970005602253,2800.0940828142657,933.0,5017.1295283700965,87147.28060438331,10.957773714824018,1387601939.0632913,-1471.8152866242037,3066.889269912829,3401.7716019520085,72.0,2469.200423552276,170280.82683017757,7.70585312410427,2143260233.29114,-1390.1910828025477,11560.679219424903,11643.965615766241,1377.0,22220.963111277368,586429.097303872,21.764003030098117,21453142720.582283,-2883.5923566878982,12266.928351115715,12601.295014836984,1317.0,22974.539007723262,359958.99478932907,20.724867178619903,26069865229.088604,271.13375796178343,10426.240858865527,10429.76567147045,675.0,18103.35985125321,613076.0717280483,14.904310799239909,16981838920.696205,grenade
-3299.9102564102564,2872.731650010444,4375.156549580064,-1208.25,10108.499069405207,62991.33705598203,7.247850480168762,4625611094.683545,-871.1217948717949,2112.143255700689,2284.7324381867047,-425.5,5254.494340579173,71218.25745249484,9.959065138628777,920903120.0379745,-1342.9679487179487,2643.3207441899713,2964.9127251824325,-348.5,1947.143229751021,145034.26785677866,6.656455719162737,1631787513.4050632,194.68589743589743,10675.40754329511,10677.182625304418,2991.25,15719.41683676015,464476.81640200876,14.972414876571449,17565150222.92405,-1359.2051282051282,13433.13062281899,13501.719776023216,3252.5,23404.585539220112,261659.47077666875,27.50182915472635,28394921786.987335,-1379.224358974359,9715.234832648628,9812.647333207153,1100.5,26842.281160122617,169352.43537138726,24.043846942987383,15124131669.202526,grenade
-3080.66875,2864.08175669331,4206.362354368677,-705.25,9886.243759462719,99889.65392491993,7.917477707138789,4295760014.185185,-1281.575,1762.7294231886526,2179.3690600722034,-109.25,5811.9089903389095,42565.84891290291,9.251433896311818,1010119580.1728395,-1296.06875,3081.968510793619,3343.400081690793,-330.0,2496.243701206909,185917.00270755382,5.330777529580555,2031900191.1728394,-372.9125,10089.153876433034,10096.043268280897,2519.75,14061.535581601383,626155.0909646042,10.791562970350412,16129543362.222221,-1501.46875,12314.99382304041,12406.187217221495,595.75,20005.50204549915,560849.2167404407,22.332145250478483,24678384140.30864,-396.18125,6847.224079756586,6858.676051633434,934.5,25822.850380495005,356000.28946723015,15.790156172361957,7459148900.0617285,grenade
-3119.0897435897436,2622.0975073593154,4074.81486287005,-1208.0,9351.452158833641,73570.82392340392,7.040032188815295,4055926409.49367,-1479.423076923077,2322.1128421709286,2753.3435478173974,-1220.75,7276.400647723945,83367.02951877141,9.133714090879272,1504779097.5443037,-1017.3333333333334,2785.9837035742325,2965.918459380215,533.0,1840.9362136971376,109205.07881202995,5.9662552117874945,1514321996.7848098,472.2307692307692,7538.793902079271,7553.569712224538,1276.75,14055.10487042256,495230.5049612488,14.179511376137546,8822480380.50633,-1347.0448717948718,10801.927107473277,10885.594109730293,2568.25,14448.793250544415,266279.8097637397,23.667986157339975,18554497435.12658,-577.8012820512821,10131.833508114521,10148.29564792494,828.0,31015.437525356298,541812.4480244382,13.12064861556034,15914789810.215189,grenade
-2942.66875,2667.7604575792475,3971.9321785813513,-812.25,8398.00221480544,88425.8005320009,7.369657586114274,3861420583.765433,-1159.725,1987.9186821585533,2301.4740412396573,232.75,4460.832116725778,90063.61087489768,10.382380646184181,1049567504.5185187,-1020.0375,3067.518483822673,3232.668580290903,665.0,2366.427487176603,156492.64780524996,6.685033585944629,1815802183.9506173,-251.26875,9207.534276831308,9210.962134530246,1019.75,23459.721120891998,657017.1622587389,18.403744116686838,13417424366.23457,-2469.33125,12753.532408573063,12990.388205082634,1581.0,17813.923643201357,438224.04018087866,22.67689324769115,27630267538.82716,339.94375,7290.888696042886,7298.809473554575,659.25,12190.31324852469,328379.8596119651,15.566583870565843,8436653405.987653,grenade
-3165.248447204969,2745.185932068723,4189.850061059642,-1020.0,10023.999100447876,84217.06891009866,9.188291079206568,4411952810.333334,-1258.9006211180124,1991.553902520737,2356.0810088995017,417.0,6347.442628293461,52157.93549582792,11.271123740373723,1141795808.1604939,-1501.0807453416148,3135.523023872053,3476.312419398907,-449.0,2852.1390678225866,180451.54075766346,7.81109997952046,2294167136.728395,-635.9937888198758,11212.321292396886,11230.344467706858,2199.0,17716.209514450355,691037.5785058207,16.05507304508695,20244801013.33334,-2556.273291925466,11378.027951361231,11661.648820169854,1809.0,20632.66797457456,258016.73605107918,21.609055631201336,22805453621.765434,35.20496894409938,8458.810172206036,8458.883432182682,1590.0,25962.573942425304,465930.5963065537,15.056009107291898,11449073420.493828,grenade
-2758.4886363636365,2376.3142320443067,3640.896714597056,-787.25,7960.197807689939,65484.7638213838,7.302465595226826,3631047845.2584276,-1276.1306818181818,2093.409433623986,2451.7080931186806,212.75,7055.7063254432405,96370.73974141257,10.939981647894532,1329437739.741573,-732.8522727272727,2779.447278031816,2874.4390104853505,810.25,1803.259816908657,111137.66982246196,7.589841002568976,1531306164.516854,-317.8693181818182,7844.44672276709,7850.884363546104,625.25,14392.668313788221,594530.4087499699,17.84305616165775,10744048626.123596,-870.3522727272727,10156.670562805435,10193.893760482302,3274.75,14824.570146062868,197613.50285899066,27.089290039170653,18215509145.752808,-1016.6931818181819,7844.497755894015,7910.108094595284,320.75,30906.078031079913,131390.65320041613,13.51107879479858,11068450694.33708,grenade
-3408.8670886075947,2566.5435385940987,4267.027134117047,-2179.25,9824.792743923043,90038.59071125323,7.37317939797028,4653905148.550001,-1276.5886075949368,2734.0287358081378,3017.3815803218895,-875.5,6457.705335242205,137482.50312391773,9.631738293804213,1674822596.6,-1071.2721518987341,2742.0958459661815,2943.928268810015,264.25,2119.788294529767,142543.44839648643,6.243474670073587,1531282043.45,-321.2151898734177,9975.47492371633,9980.645227233494,3459.5,16735.528260673913,503410.602798917,28.067841556164954,15581635766.175,-708.8860759493671,12074.127386754633,12094.91924819067,554.25,15731.076110036933,589546.9914018939,24.319431584210715,22903016905.275,-1865.0696202531647,11612.994687923323,11761.80812248383,96.75,30254.528557115867,217227.40815974277,23.49211762574463,22127251662.65,grenade
-3123.0454545454545,2177.64118584709,3807.3000992113225,-2386.25,10367.842252229273,51904.18081528702,7.239513161315152,3686474144.051282,-1461.1038961038962,1844.213023898619,2352.859169760756,-196.0,6414.725638498289,69077.68695112214,8.428992387818546,1166167040.1282048,-934.461038961039,2384.889646316033,2561.4285190966307,366.25,1750.1900792760407,114491.68808204836,5.602866891856201,1130179940.3333333,-1064.9285714285713,6966.820244062551,7047.741281809704,606.75,6142.142283915474,463347.0809064994,12.07509766498428,7723640067.923077,-896.3181818181819,11531.046773708866,11565.830103391605,1939.75,23997.126992972924,357241.3762287115,23.00042672254837,20480683908.1282,-1209.7012987012988,8948.616356174753,9030.011734326701,231.5,34040.22693052871,294349.48455474916,12.616532809491074,12619156028.076923,grenade
-4010.1481481481483,2244.249538903137,4595.426439729284,-3509.5,12754.573923093854,71935.67410848751,6.983961709949977,4984970656.397059,-1499.2074074074073,2139.528560380971,2612.5093896694634,-1115.0,7495.182526345681,70452.1927924648,9.731408238771726,1215825685.6176472,-1443.0814814814814,3182.3377362302135,3494.2463607521477,282.0,1548.611931817392,137696.42220702468,5.1616601789087895,1915265490.1176474,-1607.8592592592593,10046.748365193853,10174.594051416061,1423.0,13479.387511502318,484715.09718644846,24.358637208051036,14219195320.926468,-4009.925925925926,13650.436499670994,14227.22469643897,954.0,28207.698700467932,249193.40067495353,18.763881981374514,29279725987.573524,-103.62962962962963,8857.913633407128,8858.51979943811,2307.0,29080.632231825384,213961.84383109302,12.127299029524782,10517448115.44118,grenade
-3481.3417721518986,2491.5967422979525,4281.097389777473,-3481.0,8274.029500972227,156947.9185798674,4.821190906200773,4750579050.95,-1378.9430379746836,2324.57032709619,2702.7969046147246,-15.75,4819.826650062294,85843.44652359284,7.583192349442287,1436460802.125,-1471.9493670886077,2299.4532338474505,2730.2234549435784,-988.25,2965.708478489606,136066.70740657533,4.656365686255736,1501078729.6749997,-96.84177215189874,10454.33044216373,10454.778970537101,4137.0,25413.436933651134,420888.244227779,13.713239798104862,17056008168.45,-3236.5443037974683,12250.107666587011,12670.452117956082,770.0,15476.182098970998,361408.4884881811,21.84735478913628,26712186120.4,7.60126582278481,10336.22829744779,10336.231092434153,1292.5,11768.813509357231,598900.3987558068,11.38068981442161,16669365255.45,grenade
-3246.9285714285716,2397.8053984141816,4036.3369379455153,-1623.5,8368.777904565683,106191.95200580709,4.375777143833509,4079543054.794872,-1233.422077922078,2041.6028869063282,2385.261488837203,-144.5,5604.47709996182,75866.98371340397,8.428579222589724,1096236412.6923075,-1188.844155844156,2760.293634695152,3005.4236600891027,252.5,2722.9343259649495,122229.39841351031,4.226272557474128,1588048147.9230773,22.5,10265.45587720697,10265.480535117833,4127.25,28639.990110545932,604719.3635365622,14.819768860515804,16021119562.205126,417.3766233766234,12445.336343478655,12452.333112636039,6741.75,9928.410585777252,679274.4165240513,8.366780062824446,23599677056.025642,-644.5519480519481,8000.60652736672,8026.528017734724,1521.75,15548.279616505826,507593.1455699826,9.213213499142546,9857435947.589743,grenade
-3067.1898734177216,2284.1121205269146,3824.2413494357515,-2518.5,11233.918030217212,59291.29071329846,8.03129168389857,3749684397.250001,-1417.9746835443038,1959.809794275665,2418.9887624607504,148.25,6727.086326099339,81040.65464200143,9.247671044722576,1226707282.6250002,-1075.1962025316457,2660.625520005981,2869.66462006374,286.5,1842.6025303885483,143116.3845598467,5.285577254337628,1465235217.975,-790.3354430379746,8894.453615689677,8929.49803931762,2215.75,12483.199306224767,549552.3767789775,11.769446907503326,12538467530.725002,-1160.6835443037974,12063.168574815356,12118.878758137254,1682.0,26832.73037409533,469730.5985226479,23.15242979710619,23145209333.15,-759.9303797468355,8627.036727502942,8660.442071842917,1486.5,33354.323882667166,293554.82732561603,13.308483480604663,11792965965.974998,grenade
-3221.06,1041.9276109212194,3385.386339843652,-3547.5,8024.8347095866775,90655.91232189884,9.163820576463998,4323986668.217822,-1360.14,541.2239743396443,1463.8661858243738,-1023.75,3176.271182300887,18591.40373244703,10.08495977687985,790673147.2673268,-1615.185,907.3364870735663,1852.587942581944,-968.0,4503.133225098517,35388.7552536781,10.348440219641667,1196222331.5346534,-1226.86,4514.842538826797,4678.566939779744,633.75,6402.594876279312,285284.7249590761,11.391590990962852,4632510424.099009,-220.2,1054.9654307132532,1077.7013037015406,284.5,364.0487976413917,46837.49792360662,16.910252459051677,239589739.42574257,-1158.29,3693.3040256523695,3870.675696826072,393.5,2368.287314983881,249012.30838024963,9.236033742491053,3232429347.6633677,idle
-3256.385,1161.0891080253057,3457.1912277165115,-3080.75,5405.972679631364,96226.08040800368,10.03583136675756,4466603467.217822,-1354.345,763.0493142484305,1554.5078433382057,-876.75,4138.983261363951,39131.7177174377,10.462958345065493,841738451.0990096,-1530.025,1325.0203826262448,2024.0196429382795,-657.5,5326.112015549019,12475.392165611822,10.619824754586983,1274781872.9999998,390.8,11802.396126210982,11808.864422966333,3654.25,9207.376513612597,434320.91609716136,17.58357084954148,27646362379.089104,765.98,5373.415672512224,5427.7363007058475,2734.75,9621.422171209231,221612.73410867658,25.171116200130733,5950783301.069305,901.205,8324.92114274814,8373.558531771305,3060.5,8697.939954039453,506602.20704791154,15.438923681930202,14045772363.891085,idle
-3720.125,347.80853838714194,3736.348591205055,-3563.75,7765.796745967292,9832.23642916077,6.127441613677521,5504881195.811884,-1127.35,388.13123747000833,1192.2935376827302,-909.0,4656.177218428302,3505.7912002186936,14.317052576445631,533165533.18811876,-1298.63,476.8671545619388,1383.4168424592783,-1049.25,5463.9001957113405,15566.096601172856,19.116017367535928,712934747.9009901,1054.86,5036.443386001673,5145.7255659430575,2750.0,31935.797819461954,270982.79967103584,23.435018492709304,5464011115.188119,331.355,2601.7112616458808,2622.727135063806,1424.75,21922.03079335171,66271.0,37.197479651899776,1384824772.881188,156.775,2413.23043540707,2418.31750086708,1590.25,11875.894848153954,170662.2041116836,31.19767371627808,1163822213.831683,idle
-3474.105,321.4456314448837,3488.9443740191673,-3123.0,7111.64706551563,22480.269138106367,2.2292822041495564,4800423448.366337,-1246.805,271.0552839828067,1275.9285540342767,-1037.5,2588.281892613638,26233.908495742842,6.01839589467206,630201291.8118812,-1644.025,624.9375443794364,1758.7965018728005,-1132.0,3107.5103672095347,70758.98913002093,4.106315253438151,1147759121.0396042,109.33,5085.973508690347,5087.148472376249,1472.25,537.0929419274947,320767.7909582852,12.427094746995216,5126937307.584158,-53.445,1134.0754150297942,1135.3340543646175,605.75,2240.4710515291404,32443.081143986612,19.700544702511277,255809859.1386138,18.195,2948.748094865853,2948.804229683619,973.25,2863.0267149058213,185673.49898059835,13.119869059025046,1721943924.4851484,idle
-3681.055,210.50361511147497,3687.068982945668,-3554.0,7465.128433152376,10256.399695340777,3.3290414764566947,5375177150.108911,-1064.255,307.6580243955941,1107.8321917149726,-820.25,2079.840038740961,12038.024316099345,6.483776727413906,467313335.89108896,-1230.355,388.3517979551531,1290.1901197110446,-881.25,2758.49117153453,12206.668610933739,5.256949841601864,629379067.3762375,-354.145,3430.630234224464,3448.8610417063774,1371.75,4146.013136782316,122276.43114693454,13.617744601771006,2380216966.663366,-55.895,1242.0340228733671,1243.2911022765345,722.75,974.4465318650067,59348.49543808602,18.95558951677231,306717624.5643565,-188.385,2383.0472292371796,2390.481751655929,1567.75,2035.7030322970097,209093.82842941958,14.09693471109553,1138592540.4455447,idle
-3670.655,198.9797878554503,3676.0442169538715,-3575.0,6983.329490854198,12096.85917317792,3.9767027039388694,5343962737.079208,-1162.26,298.0715893875161,1199.8729016024988,-935.5,2566.009586191791,7300.869215185863,5.052875438641705,552582832.079208,-1262.38,386.17971930177794,1320.1280392446788,-1120.0,2558.772801584367,31895.317809370186,7.600943936423212,660661892.831683,-159.705,4139.209193550744,4142.289033252026,2231.0,3820.6299818842094,147054.19611653438,15.646618841680851,3402790505.59406,54.04,1717.72083832036,1718.5706851916218,1168.5,2129.98734438508,76827.51659548412,21.89592509375368,585436733.960396,37.095,2734.022649133507,2734.274288545317,1062.0,3243.188242079044,93048.29262946015,15.278083919619744,1480722931.2970297,idle
-3674.97,154.14846447499892,3678.2014966556685,-3566.0,7605.714409583031,6822.230299653167,2.9225228220287955,5353380608.594059,-1047.28,249.97602205011583,1076.700241478565,-912.5,2574.2287273796646,18571.173768895478,8.11597890249262,446749400.55445546,-1228.095,475.5358303797938,1316.9478558394026,-897.75,2076.9505681358914,56566.89292735327,4.350683261480861,642092912.8019803,620.085,1985.55633457603,2080.12965100736,1852.0,3721.8658584316804,124017.0,13.525420499801328,932964870.8613858,120.365,1110.2210283430052,1116.7266742582985,871.25,1846.7312257101746,49341.85254212814,18.08676838185814,249822063.8514851,97.225,1096.5239597815453,1100.8258240975274,811.0,2353.6202301054714,53969.92039014542,19.35446507725579,241835911.13861382,idle
-3720.015,136.67550905337797,3722.52492201194,-3628.0,7218.181221382947,5870.859217941234,2.129210819914546,5484297767.4950485,-999.5,132.46407060029523,1008.2395449495125,-910.0,1890.1287485410633,8481.86692080455,5.243257074175878,399118318.9900991,-1230.79,270.219976870697,1260.1043052065174,-1021.75,2218.926531831912,31973.623002058335,5.478846607023169,614397727.2277226,-508.82,1952.7351094298479,2017.9376105320998,343.75,4755.386567798065,173264.06856786928,15.977570468519751,857632946.5346533,-154.095,931.8096672470189,944.4652058175568,376.0,2814.2957233440084,83210.0288457397,18.772307828326053,181347824.00990102,-94.66,795.0289079020963,800.6444154554505,421.25,2217.114723388551,36806.26285806983,20.345907723275193,128726936.17821783,idle
-3700.21,158.66976996264916,3703.6104195770918,-3597.0,7308.479109872896,10865.11114620244,2.1295370856091513,5427383045.089108,-992.3,147.19555020448138,1003.1579237587669,-873.25,1867.6921149959473,9083.134302109387,5.310730513374307,394254597.7029703,-1283.79,281.46613632904405,1314.283055509733,-1086.25,2330.007406822684,8630.39526984548,7.925400011360834,668407488.4356437,277.73,1887.8237145189166,1908.1436869376478,1672.25,4324.168191300875,58630.354414134104,15.039016335147247,736272237.3267329,143.915,1091.8926173278214,1101.336013667037,983.75,1221.7627354143322,39072.42150639989,15.616233906189725,244288543.21782175,67.52,1058.2062698736952,1060.3581753351082,713.25,305.16510392543324,60019.448224867476,16.912381607641237,223550570.69306934,idle
-3672.795,192.09092371843082,3677.8148451220327,-3620.75,7015.485660351273,11336.892083955116,3.0354254395870535,5349652878.742575,-980.935,262.82018715273756,1015.5333204774721,-828.25,1810.8918732262518,12089.092298699032,7.84940591302977,394760673.9504951,-1382.225,380.1673767894873,1433.552644655926,-1098.0,3092.197097845655,10610.245940544415,9.337533056525215,785272044.1287129,-234.185,6232.836773153537,6237.234712194178,1450.5,12135.894990438594,260394.249352348,15.79165616738031,7714451356.128714,18.845,1227.3655571894626,1227.5102219533653,515.25,1660.5738414034447,48255.62685413546,25.819954696480977,298504589.7128713,-127.65,3434.5358285363686,3436.9071677890865,722.0,4365.0974968789205,143024.8355132619,14.768474509264124,2342302064.356436,idle
-3666.135,398.96538292814324,3687.7797134590346,-3451.5,7292.425900218277,19480.60466006541,3.01210537563143,5354507981.831682,-1223.295,462.0256139815194,1307.6384534725184,-889.0,1943.3020164197876,18263.055721314293,8.816418930631995,634925667.8514849,-1423.115,422.7928118771652,1484.5908746183238,-1157.75,2362.395523280377,26898.33655452538,5.66831372140014,837478541.277228,333.015,6083.050696383765,6092.159285918253,2211.5,8330.534471626568,163158.06952371748,16.375884629427453,7371417452.643564,124.855,2281.832185761039,2285.245478061383,1074.75,3581.4060327607694,70586.30484338269,19.76138957780844,1037240022.9801981,168.22,4891.311305938317,4894.203128191555,3887.0,4864.017636244666,236151.8673709634,13.387644925710358,4748816304.415841,idle
-3645.67,460.3869688642371,3674.6245944313823,-3414.75,7459.21355321787,21206.0322088616,2.752040842321997,5305698151.881188,-1316.465,449.4470144243924,1391.0725052994183,-968.0,3017.05332280744,22540.22160883898,6.935021130989628,726369035.6930696,-1315.725,313.4533767165382,1352.5477052584874,-1079.0,2345.9948926631137,27064.321461506497,6.487086080826212,705053088.3663363,-273.185,2609.0943545174828,2623.3572755154796,1533.25,2508.6829859359646,168495.39614613153,19.593135673326227,1377770560.4851482,68.705,1539.0443261891453,1540.5771045293384,1001.25,1471.298831790131,124676.73253997769,22.326671761606026,471004424.2871286,-22.715,3894.0347165600615,3894.1009674891584,2571.25,10294.332189608625,390759.98540040216,18.97968754957691,3002880783.61386,idle
-4078.715,574.4547882775458,4118.9700599785865,-3788.0,7810.928264218082,24798.219386918427,3.9482442204589576,6653828477.277227,-1164.385,638.9826185233836,1328.190955774056,-816.5,2134.6519785644614,47257.08488308206,7.984209761490008,617798872.7623763,-1530.775,426.69926690234655,1589.1332118485223,-1187.5,3252.8923283652957,27531.013547447055,11.02307618911424,964082723.5346537,-435.46,4107.5810239604525,4130.598900885923,2068.5,2993.9959665023216,251834.28817579843,20.587343073271118,3416192061.227722,-255.595,3272.7958553773256,3282.7612637838897,2622.5,3812.509673381215,179407.97540415337,19.5364068857287,2146931919.6534646,-410.665,6290.642773419501,6304.033014269516,4986.75,17543.566028044403,469695.4727500834,17.94141248346811,7902945070.386137,idle
-3917.335,705.253367787067,3980.313532248433,-3576.25,8226.931641834663,57088.74112617939,3.495853408743873,6175922729.990099,-1247.205,616.9922957177018,1391.4739684952788,-636.5,2517.6875515336033,48032.8200624642,7.440631040983895,691430095.0990101,-1647.68,489.02789041117074,1718.7197735523962,-1377.25,4617.573523673189,17628.390648114128,9.310971708016249,1122546380.6930692,661.73,3247.739334845086,3314.467887912025,3192.75,10316.697605995381,152252.58101171145,17.41320031285623,2262145457.782179,504.81,2642.562889298947,2690.347888285082,2164.25,3868.7704019803864,100962.0,13.53349531623914,1483728060.3960395,351.625,6661.228173871166,6670.502299302504,5794.5,12162.671836103891,566711.7963776768,13.605457512106645,8835580898.386137,idle
-3960.82,473.7629234121218,3989.0533187712595,-3694.5,7988.368540700089,17429.565478769888,3.5368901211474535,6257553295.445546,-1211.25,619.6939385696782,1360.5686825735775,-711.25,2924.2181234549735,42067.646317680206,5.010946715965518,657083921.7623762,-1447.035,283.1642346324832,1474.4803406624314,-1260.25,2975.547451978906,11549.961074290517,6.598983815949502,845149370.6633663,-112.76,3864.814486155836,3866.4590816404616,2871.75,8553.849868216961,153227.02943430655,18.014184957658166,2962923103.9999995,131.975,2273.817315523611,2277.6440865508375,1210.0,1944.7806506690201,124002.23634848314,16.635057108664473,1030718077.950495,-60.975,4753.53212089442,4753.923177229519,3652.75,5847.100003112097,121670.25188829895,16.21822213638649,4476027004.683168,idle
-3876.045,397.0156835378169,3896.3247163192136,-3608.25,8359.168574195177,17440.4906322885,4.902860291340243,5981202794.58416,-1079.345,538.009670893563,1206.0016728844118,-598.0,2726.2402863240495,31554.353039533285,9.356202496969717,518698331.89108896,-1508.53,323.19297501647526,1542.7626064952442,-1306.25,2488.1506183347583,25506.82723946196,6.105473531645561,921936706.0990101,-120.49,3815.11386460483,3817.0160649386844,2073.75,9657.72534564708,174122.33282701886,22.205153803434452,2888857771.4257426,112.615,2233.7072271842167,2236.5442349750206,1532.5,3523.5002568136433,61299.840200741055,23.31991297991982,993142933.1188118,-138.69,5252.454808363419,5254.285529926976,4099.25,10734.215832835338,127388.69188212829,19.20696226098372,5470737851.524752,idle
-3649.485,481.10446867078673,3681.0599390664643,-3472.5,7238.025615704062,29981.13344904012,4.620394348078327,5320584134.346534,-1323.36,557.5684714902735,1436.0237776582949,-884.0,2815.4642009964728,42055.9213207589,6.01133860909877,755138194.8514851,-1372.335,357.9680052392951,1418.254012862294,-1114.0,2511.1531070953365,22056.776299325313,4.764990080609643,771237213.9504949,491.805,2919.6983332144096,2960.829362695527,1933.75,10829.063378288329,108489.44262484588,20.487189899551225,1783974549.1188118,46.205,1621.4525256617906,1622.1107221765103,1376.5,2443.1923693294866,94928.04601564912,18.002495519642185,521467252.5247523,-164.495,3814.4138435643035,3817.9590850348304,1225.75,3163.5287186066084,231321.37095033497,12.247236676796888,2891879115.970297,idle
-3519.92,360.8664345710196,3538.36987750009,-3339.25,6878.552446305791,30382.507226351947,3.6602288106955783,4932653680.475247,-1394.355,601.580209926324,1518.5929721291352,-976.0,2798.870696961395,24269.425066914497,4.232001613018499,841653577.8316836,-1409.255,296.0461787880397,1440.01492874206,-1226.25,2381.4323520390585,26451.799250065065,5.936343300204593,803889806.7821784,155.59,2821.928374693447,2826.2144292321486,1750.0,12770.654921882713,100999.83018951338,19.7446762495141,1586588089.2277222,98.855,1417.9798884240215,1421.4215683603509,1122.0,1638.1473502992553,46352.843308197895,19.544087190880614,402028272.9207921,254.48,2285.0838933395858,2299.210401420453,1593.75,2644.428424349622,76229.21633610758,14.600192438788712,1059629439.6039605,idle
-3683.39,298.20217621606986,3695.44130382286,-3537.0,7619.408358485049,10707.396183374212,5.850350649512981,5390823554.39604,-1178.98,368.8734465911039,1235.3386013559198,-967.25,3060.5610037005777,12325.137562982214,14.059083081812307,577441823.4653466,-1288.785,306.8623286996955,1324.813671804454,-1069.25,2704.1569804141186,9276.53588554873,5.417261418779337,676455077.3168317,-1210.42,3054.792016422722,3285.859224008235,585.0,9099.907065153784,127947.32149875733,13.270763171417393,2428134116.1980195,-402.09,1759.8892896713703,1805.2386767405578,913.5,1529.8122027225024,85755.68617257105,15.604183219909212,677341657.069307,-717.005,2522.6449918636986,2622.562473040442,1009.75,6543.733688572769,87596.73894325626,12.417613997219538,1463754340.0495052,idle
-2409.095,1456.3269776993764,2815.0713996273703,-990.5,5307.486189503652,71661.48943615239,5.248947300846954,2718489256.2475247,-2255.59,699.3769169053265,2361.5279629934516,-1614.0,5641.491102511808,56116.79919390589,8.774758028542756,2111786390.217822,-2135.54,748.3319640373516,2262.859213473079,-1549.0,3720.33909050007,61686.221813787204,4.572690270356726,1917043724.2970297,307.75,4260.9610122013555,4272.060253554484,3013.0,1160.542578990377,241258.60284759518,16.31774318292519,3632737554.4752474,562.635,2732.421369733263,2789.74634778863,1916.75,3351.72867360467,175759.7202691972,14.34868039447078,1603825987.970297,963.375,6430.377817389504,6502.14197514942,5521.5,2202.2757502053782,314079.0668060984,9.567986205311783,8555632553.39604,idle
-3670.67,294.46341215845473,3682.4620771978084,-3449.0,7228.4003301767925,12147.544657919278,3.83613709961216,5353336451.445545,-1192.86,386.453024829668,1253.8982893361008,-919.75,2435.3392217730725,16051.403011706085,7.253978911072922,593104521.1287128,-1353.04,399.2488802739464,1410.7150350088425,-1131.75,2461.701389745923,27188.65832780185,7.279026807715292,756600823.7029705,284.03,4813.770292515005,4822.142414943797,2623.25,8937.59276620993,298000.88039627916,17.67418715138212,4620825282.970298,167.62,2056.267452351469,2063.0880495024926,1271.75,2423.901811074856,76391.54154070992,19.179666908942323,848406946.7920789,46.08,2980.1173254756263,2980.4735596881246,2043.25,2921.468601601988,134474.26811312555,16.096956150095014,1759474737.128713,idle
-3341.39,656.6431815681939,3405.299898687339,-3195.0,7245.296294937562,39990.22793438023,2.793067741329091,4507119716.475247,-1657.185,578.7581194030888,1755.341301570723,-1291.75,2746.5464089714433,56579.13420879335,6.472747147069182,1153957663.2178218,-1652.55,442.8975699865602,1710.8710530019496,-1265.5,3167.0423270095257,20009.62882614602,6.103584863682548,1120396442.9504952,-25.765,3852.0177816016117,3852.103947844606,2364.25,7677.164487927599,172408.92732376273,16.935185325382573,2938520156.603961,96.62,1527.6611815451752,1530.7135950268423,993.75,1451.8628011547155,59812.84750626494,19.19226551687191,465833435.1089109,-43.33,4778.2830756559415,4778.47953223617,2323.75,673.2029063773479,294762.3699510787,12.403218125455624,4521941764.059406,idle
-3696.56,330.9947528285003,3711.34926408173,-3475.25,7443.178268995663,17517.058747369145,2.7592136435659067,5433399909.247524,-1293.365,465.2267100833743,1374.4922389740875,-903.5,2888.6305782598038,30681.64276097754,6.506685721266392,705351185.7920793,-1390.32,341.3184987661817,1431.6033039917168,-1159.75,3555.707371083426,17277.923183953364,10.501673025199223,788611567.3861386,291.425,3066.869953939195,3080.6849636079314,2532.5,6639.137912412224,192843.59229160877,19.17360450596749,1896272897.950495,3.25,2089.5139955262325,2089.5165230263196,1035.25,3749.372421322539,126712.09195932922,17.72935122626037,864614228.930693,148.7,3657.5629495608136,3660.5844369444612,2361.0,4912.372317369189,266981.7949530434,12.37143484408846,2657820576.7326736,idle
-3648.045,331.5199888015804,3663.0776438672438,-3386.5,7496.769219717836,13669.755719999956,3.6003753480993432,5292350526.346534,-1320.94,375.31996536288875,1373.2252400826312,-1087.75,2478.050413970657,15945.585734705952,7.544523101841327,718936918.019802,-1498.145,326.39102925019245,1533.287169776099,-1250.0,2341.97161146804,22152.278450432445,8.717594753606791,909982066.9405941,-128.085,4502.604412756577,4504.425852980599,3228.0,17419.920765467556,149097.05321623935,19.763553850757713,4021120204.5247526,-67.0,1973.8018340248852,1974.9386522117593,966.75,2798.0883929563784,105340.66840082304,21.039284416785208,773242283.089109,-148.605,2677.0502832361967,2681.1716962924997,1570.0,4530.891948921714,116994.50360087781,16.82233927787439,1427878889.4356437,idle
-3676.49,458.7945944537708,3705.0062348125675,-3292.0,7392.430504422131,20638.126033830136,4.7527693424329485,5394783563.504951,-1355.355,610.9153942854934,1486.6757531486144,-852.75,2935.4302929334535,46789.08705610327,9.027461052744433,801424656.4455447,-1642.29,572.0793877601254,1739.077706716983,-1459.5,3175.464990054289,40350.372485238586,6.844010091857962,1132971836.950495,-290.815,5637.965226105514,5645.460588384264,3499.75,4396.547113184624,240236.6673350814,19.096223337212887,6327890383.455445,105.685,2348.5788076568774,2350.955494049175,1445.5,2404.0687421071707,89345.96335982313,18.953761924261105,1096677433.5148516,-187.05,5090.170630489709,5093.606261775639,2936.25,6599.192035903843,272032.92720743746,17.050424353566797,5144553299.584158,idle
-3755.8677685950415,379.8633060394043,3775.0283212773757,-3564.0,6815.308480712873,18613.08562289757,2.5323624857849323,3403118220.14754,-1319.0743801652893,577.1137528458228,1439.7977302844422,-815.0,2263.439096226768,36485.6217356996,4.129426025973115,457588220.8360656,-1594.909090909091,376.29988480703145,1638.6996709495759,-1344.0,3391.5531617906177,16768.820063781804,4.003971382902817,627531455.6229508,-1411.8842975206612,5363.158334923174,5545.888981492627,2193.0,5016.560035549205,193624.57641029442,8.645068530787047,3930304668.8524594,-235.4793388429752,2094.953653796806,2108.1464205738916,836.0,515.784941161076,59784.412933069165,12.2802813222254,540004705.0,-25.264462809917354,3725.53682363687,3725.622487230204,1903.0,4929.806175895392,198488.3802188659,10.35498753105143,1665821923.1311476,idle
-2684.7279411764707,2019.1908340999887,3359.2998887635886,-1112.75,7327.977877170117,21576.963060205937,10.633194898350833,2478659571.086957,-1937.610294117647,1615.007057773661,2522.4157961227193,-1290.0,7202.497157928402,48317.49389419228,13.450568021474052,1356055510.0434778,-2403.3676470588234,1531.257109509659,2849.7235624447753,-1717.25,5587.365434101995,51971.06371829917,10.72906508484029,1862678622.7536232,-111.0,7798.47016765996,7799.2600902830745,1196.5,13033.08682678678,436487.8069210445,24.348583008275074,8158057333.101447,645.5882352941177,5160.139904154715,5200.368063897016,2040.25,1824.646099696111,182734.83201620737,20.030940647044556,3680873671.913043,640.0588235294117,10606.160460653422,10625.455990907209,2069.0,20813.31111625005,168574.9267011485,17.953484354471435,15191112534.173912,reload
-2817.389312977099,1985.6878769380176,3446.830266418145,-2857.5,6562.592042658366,34907.48790187084,9.167480052673362,2576531924.2272735,-1993.2748091603053,1305.0773019919477,2382.513636688704,-1260.0,8751.693739931281,20136.07708780199,9.722871974165106,1254510142.5909088,-1970.442748091603,1372.8293910018663,2401.521426159955,-1481.0,6266.317434330203,33354.66361972605,10.354164116624622,1254566577.5757575,-397.31297709923666,6929.062837268017,6940.444467365196,480.5,21116.627883122932,305569.2886876743,16.08857271548432,6282957629.212119,1945.7709923664122,6383.364359252522,6673.332398263249,2148.5,18505.547280367133,254896.0,22.267223847556906,6281886762.803029,825.5419847328244,9264.241982775107,9300.951514977887,952.0,34420.91669730319,108146.0,14.66987201004366,11335258949.212124,reload
-2531.376,1865.177261984501,3144.3203831670844,-2233.0,7013.313248119062,121141.8010487399,4.423689907466972,2020661597.8888888,-1884.32,1437.0061244128365,2369.7359481596254,-1264.0,7703.016722487901,34032.78476649984,9.942359661905146,1136695228.9682543,-2437.568,1192.5715699177135,2713.662599513801,-1688.0,7900.038748673761,10168.90468427347,6.031563122738476,1650012705.6825397,-896.568,7013.724237904994,7070.796409457707,212.0,28783.752753638568,200392.26404165433,22.029477651835858,6299602683.857143,1339.992,6569.964178284079,6705.222432104695,128.0,21667.520069391976,284345.56142610335,14.253031459480681,5798063792.666667,1180.36,8571.389550265465,8652.281118410336,1916.0,34423.08163118581,147545.0,16.15466045467855,9456252267.063488,reload
-2944.5864661654136,1715.2926672299761,3407.758558198841,-2111.0,8431.27012717024,84293.58845891099,7.401415617223483,2677561204.6119404,-1808.436090225564,774.2615822803299,1967.2117553089104,-1374.0,5138.008757416467,42180.96363879006,8.009345424009778,942581226.4029852,-2240.127819548872,1411.6368220958072,2647.808747892025,-1624.0,4852.227612828757,39380.540346418216,11.263516896425456,1587926192.4925375,-618.4887218045113,8649.622262704122,8671.70649794296,2114.0,6981.402551736585,290258.23984460323,9.773507579868475,9977258926.35821,1569.0075187969924,5733.506811134607,5944.3153472345675,1831.0,6173.638355874765,208678.0,17.052615084392947,4989442444.164179,1228.7293233082708,8543.965307446797,8631.866479783619,984.0,21512.34482335716,251617.81505545313,10.854499583305964,10035061402.25373,reload
-2554.2166666666667,1760.9163437603224,3102.3940997236314,-2114.75,6422.575047704294,13725.249324062022,4.8579597169192485,1906100631.8032787,-2126.641666666667,1153.0126610741195,2419.0996207266867,-1354.0,7435.55949707318,35917.27809089843,7.910082174933932,1224596155.1639345,-2032.7833333333333,1280.7484737666314,2402.607902537019,-1594.5,5898.431713805596,28726.80381216564,10.158764039608547,1169148123.8688526,-651.4083333333333,5974.622563386792,6010.028917706359,407.25,23880.338779165933,217966.7119432235,14.590950069926485,4314239419.688524,1561.1,6273.51615842344,6464.8308717243335,900.0,13963.105759659791,252344.5851801642,20.787062170961686,5223248145.737705,1403.4083333333333,8298.886456924842,8416.713810924071,2895.25,27124.60513066849,168409.0,10.986955268555317,8594738081.32787,reload
-2769.9253731343283,1706.1267718417087,3253.2069000185584,-1649.75,8488.946090394695,107414.39772419081,6.557972439143379,2410344541.7352943,-1876.6567164179105,1064.5530076219686,2157.5712125706145,-1266.75,5578.053690837619,32148.943946668423,8.114514376086099,1079600828.264706,-1994.3358208955224,1478.130929228106,2482.3872402281963,-1441.75,4487.741522151789,54588.56740763712,8.394868153382083,1338744732.7352943,-547.8358208955224,6575.597757509777,6598.379343082957,1526.0,5411.083009111131,305225.9765671812,12.814518400119614,5788064533.499998,975.7611940298508,5521.619553646422,5607.173298818672,708.0,1986.2500597495793,154059.71861763243,14.739940945586715,4276763394.617646,1156.0671641791046,7891.140378021305,7975.3738315975725,843.75,21668.242902107504,190593.5646448752,11.631391547853793,8574591769.735291,reload
-2420.265625,1880.6789768108642,3065.067553802852,-1080.0,8618.093594120293,125018.76277130745,7.365080868566722,1922264323.7538462,-2014.8359375,917.2782921616515,2213.8119433033376,-1373.75,5236.102990597266,48154.32502183334,6.784416793394614,1129315072.6923077,-2321.0859375,1539.347766848754,2785.144785565465,-1585.0,4447.084440511036,50485.479383422804,4.00075999646354,1656608615.4000003,-957.921875,7464.143956913042,7525.3610762623875,800.25,7807.181261621989,381113.5571135604,11.271397661217344,7252903675.876922,1071.890625,5261.351888171149,5369.429504437599,355.25,3351.754308656906,170527.41262267125,20.292096816849902,3780079872.0307693,1297.0546875,7841.080829026173,7947.634832432068,1337.75,21033.57224926032,166023.0,12.322629692017212,8172755970.415384,reload
-2429.723880597015,1859.5725571754026,3059.6679936462524,-1036.25,7899.275506008609,15050.724675849768,9.71874741460061,2015547243.6764708,-2022.1044776119404,1048.5845204594216,2277.813867489039,-1425.5,6687.66893157784,47660.51034318179,11.44098938271526,1225019682.382353,-2617.1716417910447,1612.090001219421,3073.8284881604673,-1776.75,6902.089729289806,59557.25371095222,10.25449419159377,2151863047.2058825,-580.1194029850747,5620.390931647807,5650.2506799494,419.25,7207.89683741887,276994.84270906646,19.34180394089687,4260885502.882353,170.07462686567163,6280.352380581968,6282.654805333895,371.75,8941.295856919556,214491.9405604651,26.480502023955566,5234206995.3529415,1195.8432835820895,6813.995604805277,6918.133943571346,1486.75,23589.40992609355,160243.0,14.14015934980003,6507896605.70588,reload
-2423.3357142857144,1955.9749071232784,3114.2244333747963,-669.5,9056.00013996458,133300.82419794792,7.9467439195185765,2149243083.3098593,-1788.8214285714287,1185.9030812474707,2146.2171887832255,-1432.0,6369.933326732497,44109.3097972905,9.580253385391787,1077480702.5774643,-2245.942857142857,1403.4794658349683,2648.3983704441875,-1683.0,6483.867735876683,34203.13718245255,12.273847405374003,1664420799.8591554,-449.2142857142857,7034.694790603127,7049.022930266901,1093.5,9903.63604287649,400898.63587271067,13.29716094570277,6886673126.197183,995.0142857142857,4988.555810174373,5086.8204705886765,840.0,14794.776948256953,186158.2164439691,20.79711868089445,3708640603.380282,922.3785714285714,8243.04110964243,8294.48666068526,810.0,31596.617436014334,150785.8175335788,14.582656583514957,9613637198.802818,reload
-2582.7076923076925,1889.2891681026647,3199.9675911820395,-1164.75,8753.033070460468,118701.6669227727,8.664027180034807,2165130570.0,-1844.7384615384615,824.9675756224619,2020.7997160301888,-1256.0,5599.958339626167,45476.17396024565,9.705124924198076,958594223.030303,-2187.2,1389.1412366583231,2591.053302304801,-1604.5,5821.240661919219,37905.38303662496,11.154949058688532,1472066481.6666665,-505.9769230769231,6595.202874893685,6614.583403941046,248.5,7312.0075127527525,315534.7461520767,9.624751995672991,5634458179.606061,1048.6461538461538,4332.517477192391,4457.618921145441,585.5,13935.362052159258,174559.25959216678,19.437589710418784,2685254404.939394,1221.3923076923077,8143.01885760591,8234.109258724673,798.0,31770.723847053727,158781.0,13.88306054746574,8872196098.424238,reload
-2463.566929133858,1766.4355121964793,3031.411623826574,-1005.5,8362.126968018512,118534.70623377162,7.006894949041014,1922705132.3281248,-2048.9212598425197,881.4005283852414,2230.458522473001,-1450.5,5583.1349881028655,45084.92999039229,9.15204346002378,1155872631.484375,-2461.8582677165355,1530.2558724050268,2898.694389782119,-1589.5,5518.147485630878,53534.67978139948,6.063381224765643,1822473080.8125,-753.6299212598425,6741.629235786072,6783.621658894578,1165.0,6002.551214306212,301290.51630376757,15.397390346223617,5870134538.593749,832.5511811023622,5446.8971253939235,5510.156963624497,471.0,8418.359788522288,210641.556453511,19.726721144156855,3913168992.3125,1270.6771653543308,7512.426616442342,7619.132111073036,1665.0,27246.72518519356,161376.0,12.56052209984303,7518356256.671875,reload
-2533.9541984732823,1925.4821458755275,3182.5155732605303,-965.5,6941.551976089632,19311.817874136465,5.4173887973220385,2151538176.727273,-1837.0152671755725,949.5793925036899,2067.927976140324,-1262.5,6683.772203028067,31437.43054867427,8.581663660209978,994681618.5757575,-2421.0763358778627,1506.1818246245446,2851.3495599412395,-1578.5,8966.576263071242,19673.903835653462,7.581498931711272,1819040640.348485,-235.86259541984734,5627.173660103917,5632.114573131968,767.0,24966.595409406087,194484.60482674857,16.524448191149087,4131165674.6363635,1389.9541984732825,7467.20565868165,7595.467926527026,551.5,23370.564615811552,279702.37226080673,17.53669615072074,7751455430.772726,1560.0610687022902,7496.200763680251,7656.815031557241,1583.5,25520.114789256135,204368.0,12.69616985826441,7938341485.878787,reload
-2725.2846153846153,1710.0109142009562,3217.3457323605217,-1873.75,9088.220975868748,101158.86552248713,7.710066497007762,2276189869.5757575,-1824.6923076923076,1425.7927503195917,2315.6828333378007,-1245.75,4782.0844838993835,44001.15015189054,10.138368004078869,1112839526.6363637,-2070.0384615384614,1605.2494050355115,2619.51997217341,-1631.0,4513.6441872911155,42747.99483845683,12.025917548359,1427296449.878788,-875.5461538461539,8075.824335262851,8123.147158678,596.0,5738.287644871624,291766.87146248395,15.38531631914203,8546387871.06061,1336.7692307692307,6225.577046517871,6367.476858101766,721.5,3273.5206574478016,173780.0,19.991323458664503,5419850928.030303,761.123076923077,8512.929078322242,8546.886557733713,764.25,23070.024375680558,213432.11249684962,27.891267068175146,9460253567.424242,reload
-2463.4469696969695,1944.7134061440188,3138.5476266173587,-565.0,8998.045152851524,133933.43850516033,7.179965004695298,2069959758.0149255,-2146.8560606060605,1168.010676921518,2444.021253255306,-1409.0,6291.301621317028,53932.62577045649,8.634257859446011,1376006209.1791043,-2219.1666666666665,1189.5714925377902,2517.8921800392945,-1490.75,5274.661063997837,35840.17515210198,6.989101232250982,1464747429.1641788,-707.280303030303,6495.827002326761,6534.218688658356,554.5,6775.622490476383,352839.2978435454,12.952259741341333,5616816054.014925,-84.76515151515152,5256.475785133484,5257.159195859115,581.0,3635.173343346588,141954.8532307719,28.545264697771316,3612154436.880596,831.1969696969697,8651.642161024407,8691.478613265323,1252.25,31503.513804014066,171549.60841528044,14.37347343267849,9912738918.47761,reload
-2471.5967741935483,1840.8721237822651,3081.817773704763,-1329.25,7452.489473661264,39627.57684827972,7.290370199163265,1904478776.3492062,-2114.5080645161293,1011.8135785197286,2344.122665856172,-1325.75,7122.535683833367,36593.50415025381,8.482663455478885,1216175194.3968253,-2170.4919354838707,1157.477015001829,2459.8350111863324,-1587.5,5755.815398023103,30167.661152052373,13.50236368267871,1313446763.7936513,-718.6451612903226,6334.779105033842,6375.4119221756455,242.0,21254.397928440565,125703.12034003966,14.812453274503683,5024170612.380954,646.7016129032259,6705.122150122391,6736.236785045011,222.5,12940.405599345331,261683.13243034433,17.65732901443761,5589692631.095236,1026.2903225806451,8094.596236891216,8159.397040499753,3056.0,28612.18415073114,127260.0,13.09549424394626,8254423580.8571415,reload
-2632.1742424242425,1851.7272874028465,3218.2658667975115,-1487.5,6474.477959900629,16885.490470038792,5.340936193575376,2247647144.164179,-1875.1136363636363,991.7440151733871,2121.2277909053264,-1290.5,5447.03850116365,29530.126810663052,6.349454382139508,1042292783.0895523,-2384.992424242424,1249.7725823198257,2692.6047558474156,-1655.75,5759.772738595882,26556.590321346826,4.893131637438544,1682366991.3283582,-658.310606060606,6269.465342740711,6303.932783420108,401.25,16253.3843378775,255601.5799318942,16.080269778850216,5223957351.149252,1496.4848484848485,6368.831195378394,6542.283828829936,353.0,7433.1313623521355,264228.64360283123,17.552605739394323,5858208754.268656,1260.3484848484848,7962.825116320449,8061.951509179625,1161.0,12830.838661948857,166366.0,9.13582006031727,8658012535.999998,reload
-2515.1478873239435,1966.6428889804135,3192.750091674468,-1005.75,8994.929413553004,136486.70544352182,7.756122541799374,2313216014.472222,-1712.056338028169,1043.054640343218,2004.769285310393,-1200.5,4445.161012216406,55451.226279834846,8.552635189765763,973226871.7777778,-2312.894366197183,1412.834204300526,2710.273203577117,-1697.5,4849.549272677974,58558.91852856996,9.916309593183971,1777690934.3055553,-1107.9788732394366,8540.06090329267,8611.635002454119,643.75,3087.0651117508296,516467.9693422923,14.334767334914396,10556817211.83333,1215.4929577464789,5223.898998153405,5363.445149643971,1064.5,3669.943723343187,172600.0,22.389498271637326,4235283322.9444447,1445.0211267605634,7679.914786855156,7814.677036841692,684.25,19815.666865970143,241627.3475399353,12.963734146454607,8843938163.333332,reload
-2539.8115942028985,1933.2800450579314,3191.8982857645487,-1142.0,8467.967585900908,133861.20413531593,6.839939757487949,2263397815.342857,-1873.1811594202898,859.0614041887644,2060.775133820746,-1253.5,6129.8631377105185,47268.57747796359,10.090964234734834,1055043713.2857143,-2263.7391304347825,1475.3644025639453,2702.07604834033,-1575.25,5526.005475509813,50502.63727552652,6.36936115957876,1690255977.6285713,-900.5579710144928,6775.606133662392,6835.1915216533,238.25,9841.39844457975,376631.8304850217,17.75642108071726,6466646125.742856,1161.0144927536232,5412.908891387017,5536.0217953726105,266.5,9667.555669316398,195043.70621653524,20.558478958067173,4353453862.257142,1075.304347826087,8111.570206299161,8182.533266181929,1622.75,33206.03310943922,148392.0,14.234146800761293,9265156909.142859,reload
-2708.888,1836.8594250666,3272.9385487662307,-2852.0,6755.392885705653,27945.9781501197,5.959376250407414,2238368172.1904764,-1846.984,1127.3786727377808,2163.8698130895027,-1271.0,6607.580531860818,37502.25846239639,9.003511959608785,1003680861.1428573,-2199.808,1280.5815409945594,2545.3966920698235,-1661.0,7292.5205844394995,28859.57031144342,11.59565146233717,1403546572.0317457,-559.72,5952.849311178638,5979.105401312139,148.0,24158.969808081143,51183.12033879365,15.813406647612478,4472096711.111112,1389.984,7188.031978764702,7321.192474453872,350.0,19428.442867293325,279766.59409053583,19.140025327322885,6886398160.746032,1612.584,7775.132305687409,7940.598814195312,1537.0,27724.60296892836,201573.0,12.06365042279592,8141559608.761904,reload
-2899.736434108527,1557.5130022694666,3291.552542423542,-2152.0,8891.841262791302,88630.66389953908,7.077113048140905,2463225080.8923078,-1810.9457364341085,852.5322364050106,2001.5832919013399,-1176.0,4791.299142072086,36664.107044300545,9.090564951855947,932646142.323077,-2321.232558139535,1576.8395262845065,2806.1616989439785,-1571.0,4715.612233539864,62264.58648779475,10.299697393107886,1697723021.3999999,-937.953488372093,6255.360082783287,6325.2894409369055,984.0,7618.974025180858,131253.17173523613,11.509002306841207,5234112068.1230755,287.4031007751938,6904.421844028684,6910.400968296677,723.0,1991.5585805122453,212967.9311001286,16.504659200275995,6123406957.96923,1238.6666666666667,7105.165922085265,7212.328188003709,1680.0,23996.172181730093,159788.0,13.536885910540237,6855064482.584617,reload
-2884.2561983471073,1680.9362922668806,3338.335009606381,-1773.0,9128.162274458236,81529.37380102705,9.308627548097961,2335769270.672131,-2014.1322314049587,1134.8717693766457,2311.8526290644904,-1359.0,5982.058941663062,38342.362878440144,9.949246398152333,1128244007.4754097,-1813.2644628099174,1710.1894089126336,2492.5239871355866,-1207.0,4491.28850704219,44868.97800837057,12.193867797838568,1140150334.4262292,-2110.628099173554,9842.799829394302,10066.551517503174,417.0,6267.434024896921,217442.15086656422,20.892397375361814,12695692384.180326,1634.8760330578511,5899.993998554515,6122.315642503764,893.0,3817.104514704417,197820.0,17.764312027273817,4818997360.393442,949.7355371900826,9073.16796685991,9122.73942110891,1225.0,32679.89564069597,114918.0,24.872968846195445,10095854216.754099,reload
-2849.212121212121,1861.2394047169907,3403.266347692072,-2081.25,10422.614628433445,43617.713872591,10.80080821561012,2561870599.223881,-1802.2651515151515,1350.7879791229855,2252.2850265694815,-1332.5,5622.619003561869,49779.3102311689,10.010148499235953,1081988109.4179103,-1989.8030303030303,1752.405461243738,2651.46016375883,-1340.75,4977.9024680628145,56936.87660842587,12.93643040415303,1429083047.4328358,-689.2121212121212,7171.288511108031,7204.331492760155,739.25,5716.429404820279,233949.49392170898,13.648476584434968,6811133916.238805,515.189393939394,6472.654502214607,6493.12531964898,453.5,4329.2819229063025,183628.8353077148,26.150263639437203,5546070960.820895,1301.878787878788,8212.281191246162,8314.833175862535,1111.0,34325.18936227496,171848.0,15.503795611466245,9211322998.059704,reload
-2861.349593495935,1534.267601465383,3246.7366029762393,-2520.5,7028.34917527034,84582.49993953918,5.161175873639604,2285042685.2258067,-2172.121951219512,1279.4655616073776,2520.94146983006,-1390.5,8943.321514034868,10249.937668655639,9.544005974285817,1351026979.6451614,-2228.39837398374,1332.0018844430956,2596.1487502324153,-1490.0,7470.035749478495,20565.49441703833,5.5937266482905805,1428195614.0645163,-160.97560975609755,5799.069135370218,5801.302955693646,1611.5,29451.908400295786,77138.77403636553,16.914482016677525,4109357175.1451607,889.040650406504,6290.754075287471,6353.265311146792,356.0,18109.537018995423,277451.1064327369,19.402446231605623,5021165443.919355,690.2032520325204,8295.43483225862,8324.098725109274,1013.0,35443.74111653689,84895.0,12.5623070855938,8512136651.064515,reload
-2548.758865248227,1962.0871139078538,3216.5132668379715,-943.0,6476.653857770816,32375.571014637208,3.866120817327054,2358016715.3943663,-2179.822695035461,1242.948828897628,2509.292484556084,-1338.0,5184.219764002203,45635.906024121614,7.294068878754887,1546822409.732394,-2338.659574468085,1385.6778602320987,2718.3509224507147,-1642.0,5503.885873369019,44326.20362999545,5.158002290952343,1800317002.6478872,-352.50354609929076,6881.677963803971,6890.700279907531,1218.0,13893.400659539257,396423.60976003297,15.497848488736226,6665176527.239436,513.6170212765958,5658.12930349152,5681.393285064366,743.0,3840.678108390283,145325.47656193853,28.946074984352396,4556113663.8169,864.2836879432624,8059.137255029702,8105.348825846577,1795.0,8218.05063200996,121864.0,15.76857343832718,9302581136.605633,reload
-2448.8646616541355,1887.569188223348,3091.9016108907103,-1082.0,8319.54951502776,21730.270369530426,6.479368388955429,2053612864.2089553,-1932.421052631579,1087.0277902149714,2217.17850913123,-1350.0,6210.535822768904,44307.38696746681,8.653941028903038,1141881933.1343286,-2159.9924812030076,1538.7116009574086,2652.0182710106724,-1619.0,5619.321240085106,40047.52061696077,10.726255587723061,1544324736.8208954,-540.7669172932331,7017.674276706146,7038.478607822997,324.0,5918.662467405141,371035.78565558285,14.891519094404181,6578276401.402985,1228.1278195488721,5830.783202803742,5958.718880703143,1060.0,12923.797198314958,221418.49080909582,18.232835569305085,4886207209.104479,1192.6691729323309,7911.471832232457,8000.865347465277,1263.0,30287.394079551526,158625.0,14.71983808836202,8638080731.134329,reload
-2357.4014084507044,1953.3683406061755,3061.5338107961325,-876.0,6847.677121596261,37259.4399092681,8.028190552167073,2090710569.2777781,-1889.8450704225352,1164.1419453634392,2219.6262881744146,-1354.75,6985.935180118532,39775.090474886165,11.424771977925374,1189993603.8055558,-2147.8591549295775,1482.9575302417445,2610.069345039609,-1646.5,6106.080181994421,45724.00705830438,14.432900663012266,1600017141.6388888,-342.9366197183099,7099.313912709749,7107.5919660837335,1076.5,2891.831199269813,400146.38725490717,17.720075808865012,7091067907.222223,434.0633802816901,6477.935177041738,6492.4614112104155,463.25,19596.67249230895,201689.14287596103,31.02492491660053,5958532084.083333,980.8380281690141,7483.887828065096,7547.888463707143,1305.0,27572.95815800991,139279.0,17.487832987108106,8112209880.388889,reload
-2558.4198473282445,1906.6021611304907,3190.712133055963,-1938.0,6401.054624348558,15690.186541613091,8.369748107027618,2174526997.3636365,-2049.0,956.0328653841648,2261.0616620726328,-1309.0,7058.009968855876,41307.29606220186,11.641240216024556,1210474645.5303028,-2167.8702290076335,1239.4349266330858,2497.1704521669267,-1614.0,7043.781757577304,32379.374422622106,10.565041587746505,1421700652.469697,-951.9770992366413,6838.251791529839,6904.197850716046,461.5,20220.72432387921,293662.943653498,23.141879830770577,6315015073.136366,1537.5496183206108,6134.5068239206375,6324.257490134847,491.0,15283.022853988457,250241.55123395938,22.360208365040375,5507158823.242423,1454.1374045801526,7633.9272933432685,7771.187908643722,1360.5,24438.184315324164,190492.0,14.066990761014218,8126237552.742424,reload
-2434.8283582089553,2065.8108072702635,3193.1118717284453,-902.75,8510.524984982963,34166.9347233817,6.789293697200386,2128900254.0882354,-1706.044776119403,887.0730325961208,1922.8851612313154,-1223.5,4698.299089466144,36114.046877498775,8.818746464777048,872484332.735294,-2379.4402985074626,1461.1532222778844,2792.2580240970437,-1597.0,4951.593538486949,59498.79630746295,8.598828719829587,1776944897.4705882,-1134.8059701492537,6551.343324113927,6648.900957323586,807.75,6738.092563948599,318549.9237652359,15.255851852119449,6008744483.323531,586.3656716417911,6262.837752135036,6290.227452997846,313.5,3679.3602885517594,214919.46418165418,22.000081454283627,5274334992.529411,1477.0746268656717,7677.528158287439,7818.323866061502,1335.0,23817.83524509826,197928.0,15.680236215006847,8361664676.823527,reload
-2499.2374100719426,2063.0223047673026,3240.717306688521,-768.0,9049.280639621764,29679.775284310756,7.2122839435472725,2311403840.228571,-2012.6618705035971,1237.6960119684254,2362.773629237804,-1304.5,6952.7089192480225,44300.93792409296,9.779406990949122,1329492780.6285713,-2227.201438848921,1721.8741094026077,2815.186796260903,-1603.5,5186.4392042106565,52341.49508338635,6.074918939922015,1778319047.4285715,-800.4892086330935,6376.059509492409,6426.1121871413525,197.0,4170.459115633408,311789.2938243875,14.05322789555184,5787426253.171428,1044.1870503597122,5616.931254093609,5713.164036622134,1233.5,4404.66971147951,185499.71901203974,17.815276732453782,4655059579.599999,1221.2661870503598,9167.819295066094,9248.805421600062,1267.5,32145.639005433593,169756.0,13.253992639832251,12011022866.400005,reload
-2841.3216783216785,1715.8673502505737,3319.233291493179,-2813.0,6318.640963087199,77604.54156418111,6.9573577973273615,2710972002.625,-1240.2727272727273,890.1266836986869,1526.6309151359903,-1094.0,1993.1050097573632,52799.98222569711,14.646317901279783,549407598.4583335,-2943.3006993006993,1897.9806421487913,3502.192102737302,-1641.5,5589.619849703158,101036.49215960337,5.43573054339921,2971973667.2916675,-142.11888111888112,7790.177303914637,7791.473557857795,1375.5,41608.082067046234,128340.7818944659,19.469903950429092,8623692350.11111,306.6083916083916,9235.217018084544,9240.305302149009,195.5,2167.427186647888,331360.67166027334,22.34372672889118,12138363203.166666,1128.8041958041958,5668.609743420266,5779.907900275258,2580.5,16907.3474772253,161419.0,11.472539069789491,4925018707.222222,reload
-2778.45,1559.7165920448497,3186.298832501434,-2031.25,6226.582417398069,41778.871562504464,7.096588179292102,2466887139.704225,-1381.6642857142858,948.0236103955149,1675.6327056624652,-1109.25,2253.8712977244772,49116.65249522575,7.876972676453144,651048538.1267606,-2842.3214285714284,1786.5878582524574,3357.1844272502262,-1608.25,4804.187434784888,44904.61491966905,5.000961730710344,2670773644.43662,-866.4571428571429,6108.9085012573805,6170.0495182083305,1410.75,20200.089364530664,143399.67041326239,22.381417298317107,5360933690.281691,650.6,7463.962776281396,7492.264056059042,1039.25,2685.9003933959275,281204.278048161,18.511163019044893,7806562159.239436,1683.0071428571428,5836.682064441882,6074.4852098170195,4556.75,5178.768379908784,235621.0,16.81629111448733,5484584044.549296,reload
-2536.6830985915494,1794.7649552640369,3107.4012272836517,-998.75,5915.644530488544,35362.77496889696,3.773798596524552,2253145493.194444,-1759.5352112676057,900.1291117246743,1976.4100226078567,-1258.5,2012.3917812216223,59027.39162197364,8.908202610624572,980511049.9166666,-2707.3380281690143,1866.3420005995006,3288.2992050559865,-1615.25,5148.655015959065,61931.39862437758,4.22922885314455,2540466784.722222,-739.2676056338029,7432.736617056202,7469.410298763056,1202.5,42589.52433392055,52247.53750495557,20.43660733371861,7888999440.555553,1064.5140845070423,7012.948052755467,7093.280667417621,869.75,7270.301146677198,236870.383136722,33.26596465058884,7259072889.499999,1592.119718309859,7187.660430035528,7361.8820728757655,1458.75,18887.148961243325,226081.0,13.75290629085047,7945855292.472222,reload
-2878.184,1683.1813848020065,3334.2229547527263,-1910.0,9632.149774403319,78210.63414927047,10.716677717565458,2405876221.4603176,-2096.208,1228.8936637219674,2429.8698763514067,-1272.0,5014.710303088533,39487.38393827664,6.543411985325603,1277077826.7936509,-1972.376,1196.212340106889,2306.770696883416,-1626.0,4238.075587716768,41886.622042731215,13.407448636227333,1142293915.3492067,-1059.432,7240.769570520525,7317.864451873921,530.0,6334.1311431210115,410397.95888064493,12.986970169677036,6779952417.984126,204.624,5854.083683261113,5857.658811504814,345.0,1104.3089945010154,121240.47973354916,26.19320333728348,4260173330.031746,951.208,8425.965861118595,8479.486856644098,1347.0,18779.72712808963,237969.08426094052,12.412470553464486,9028583086.714285,reload
-2751.6796875,1763.406309238572,3268.2323837301565,-1443.25,9684.938816085089,97384.3663217094,10.070535624240625,2300658299.4615383,-1952.6953125,1069.1720479431865,2226.240744295751,-1272.25,5514.940443430212,51702.94445055587,8.080409932378439,1105191537.8,-1980.53125,1198.763320686547,2315.0675003658102,-1603.5,4806.784509171902,31183.199720326684,14.091686811011343,1169957241.3538463,-909.625,8054.537557527744,8105.738270278038,274.75,6910.420174534213,457255.4979112026,11.744334649431261,8384902214.892308,836.9375,4950.483284093963,5020.73193120286,168.5,1788.8644115354214,140301.87213255776,22.79131417763894,3267053543.0153847,1001.6015625,8393.92265956061,8453.469305834587,1157.75,21139.589604378893,205615.40694218042,12.425528148007578,9133092188.076923,reload
-2626.3142857142857,2042.3732836570102,3326.9829210777225,-1203.0,9868.548934950475,124947.76041599619,9.67685694466081,2480003147.887324,-1862.1357142857144,1139.548533478527,2183.144584898451,-1222.75,6407.425600640048,50242.77045925238,10.13209536174777,1136505933.1126764,-2053.1285714285714,1453.4284730686031,2515.5101385490093,-1605.25,4721.497086085514,50264.65135289265,13.56001225447124,1455334258.3098595,-1159.7928571428572,8378.891788720739,8458.779290096852,1101.5,3945.0549946759197,478462.46536940726,14.498892416540201,10062312495.8169,1196.9214285714286,4853.128304900513,4998.54731397033,852.75,3656.1907994329968,167569.0,17.6915432497931,3646489156.8309865,1312.1785714285713,8823.233342608153,8920.272373724278,952.0,29530.167182039797,208257.78712487387,15.029092814053637,11221042573.28169,reload
-2581.392307692308,1660.224139159686,3069.1905184366674,-1002.5,8844.40555299192,19584.291549265174,7.453701656414166,2059180784.9999998,-2028.8384615384616,1216.9266636385926,2365.8182533094773,-1283.25,5386.894291529189,57236.95598943576,7.878094878695128,1243612225.4242427,-2169.892307692308,1188.7743477804474,2474.190186085758,-1553.0,5347.195171656755,40537.45336649344,6.279133317674531,1386574545.4545453,-672.4153846153846,6566.612279361072,6600.949876867955,819.5,7139.306394585069,374171.07391819684,12.33477729071557,5636560437.515152,679.3153846153846,5305.319375631935,5348.633757253414,520.25,5244.644448724981,168245.40195269746,21.42400896533237,3722548196.666666,1028.876923076923,7398.116657444634,7469.318429415096,2237.5,19319.19388370036,133754.0,12.13396706189472,7278593141.909091,reload
-2473.992424242424,1706.6842631796403,3005.5631235084616,-1230.25,8863.865333444772,11685.204910860013,7.175843532279202,1970517318.253731,-2197.4166666666665,1283.3980879471749,2544.7496260125295,-1336.75,6079.0705430887665,61728.892956977405,7.578957928908859,1469928969.0597014,-2357.3939393939395,1092.5466549747898,2598.2617995090254,-1711.0,5005.532415257368,41051.96259460576,5.741800398617277,1600447009.0447764,-866.719696969697,6630.422054890297,6686.830314812161,451.25,7805.138874788667,394571.73356064566,11.524036824376196,5911824871.626865,468.7651515151515,5486.389655540514,5506.379229557021,143.75,2483.917737548107,185938.45321159888,21.909844829907925,3973004769.0597005,909.4772727272727,7257.572048375563,7314.335304521504,1571.0,23881.01655541942,120051.0,14.757534984044485,7065781210.014925,reload
-2683.640625,1572.908560469937,3110.6218580454297,-1523.25,8786.93701624555,19731.227395361988,7.196885822705978,2127134762.8923073,-2104.1015625,1235.0091651977966,2439.772740120993,-1346.75,5012.078917087533,59497.275612413716,6.663594593074513,1308170273.5538461,-2340.140625,1474.349844711088,2765.857120202524,-1609.0,5021.058514911948,52711.83991327633,4.207226124558407,1654317418.4,-966.0703125,7040.94729975084,7106.91429008135,437.75,2424.463227395844,379143.8279261576,16.641026139406385,6484328083.338462,869.5,6012.672811965574,6075.217246629951,432.5,2919.534834748677,170958.7235663569,20.890298564930454,4748724379.569231,1180.8515625,7707.669481077196,7797.600864508743,1632.75,17790.062717344023,183503.55478621548,11.979917090624125,7839651226.107692,reload
-2675.1408450704225,1857.3388072592998,3256.6986329587658,-1195.25,8552.394302708146,25636.090939433227,10.506352076674228,2487360004.0000005,-1961.8309859154929,1296.016094773947,2351.263178636383,-1151.25,6422.797195895637,64769.2184293258,9.091228611958291,1313090139.7777777,-2098.6408450704225,1254.2606168382226,2444.8850875959993,-1732.0,5303.4827708460825,35020.393395843246,15.02325845289381,1453844791.3055553,-771.669014084507,8000.278825001806,8037.408434630557,912.75,16973.48331208971,498524.5147598187,13.917822128497013,9129187319.111109,104.8943661971831,5581.797618855021,5582.783130833177,251.5,6385.982323112025,179952.78099712735,31.241998660154003,4389012870.916667,1029.5633802816901,7877.619987567194,7944.614365879266,1304.5,14237.84312465528,207971.22050714138,12.93392491151447,8986709371.027777,reload
-2831.1176470588234,1595.0512625858821,3249.525451779799,-1909.5,7444.4661406398145,100810.12611670389,6.51826922170224,2489559313.072464,-1672.110294117647,943.6158605316956,1919.9905541281125,-1075.25,5689.927985097459,45101.29225078719,13.302038436645095,868917569.2898549,-2609.051470588235,1964.263364095367,3265.8046695578537,-1565.75,6474.542105500616,82204.68250779489,10.391354783907232,2341885548.884058,-347.7720588235294,6492.129710348061,6501.437808737568,707.75,21426.23429295298,110630.43310332109,25.429331075990323,5704097634.565216,195.11764705882354,8275.281524497434,8277.581482889937,1164.75,13434.896656187691,295449.8566784697,17.110045487671208,9188899064.84058,379.08088235294116,6883.463196265409,6893.89352178476,865.25,25475.78185159614,85072.59720843652,14.138882896506276,6389114340.130435,reload
-2809.9117647058824,1737.4584314561491,3303.689744281474,-1680.75,8470.080201609768,17150.60739614337,6.033389531008348,2521081954.8115935,-1995.014705882353,1414.3992228322393,2445.528335193705,-1155.5,6260.702467570202,53562.99945597902,8.41285621969615,1335040389.5072465,-2336.7720588235293,1408.9763021788704,2728.684275433858,-1675.75,5228.1010756729,56969.34883818059,4.139489629636814,1729807849.4057972,-368.7352941176471,7525.810242909645,7534.838122309713,1092.25,14271.549999749117,456268.9299008126,14.666191672005157,7627574314.89855,918.7647058823529,6139.350459314383,6207.717184848132,823.75,1437.3284838120107,165790.67770889236,20.496576234962248,5280443183.797101,1173.8235294117646,7872.863579374812,7959.889610895811,1335.75,15431.508396363355,159640.0,12.951017147900519,8677092886.956522,reload
-2908.866666666667,1493.9250305945866,3270.0638038854045,-2908.5,6397.812940494752,64687.04248112353,7.995909372841088,2566887068.1176467,-1398.5703703703705,1135.5024115031601,1801.4896079099117,-1216.0,1410.67605250846,57912.3988287255,10.492471050246372,697021006.3529413,-2612.8814814814814,1712.42060016787,3124.025279690955,-1747.5,5514.197628821704,52340.782065846,7.645593987772541,2222737561.220588,-935.2666666666667,8120.294506792044,8173.9774048387735,802.0,42928.26938816163,137776.73251438444,21.084842032300976,9070774177.764708,1781.7851851851851,7357.826037009277,7570.492879399401,652.0,8114.721457924852,240541.0,17.972734061661708,8105718956.588237,1803.6962962962964,7520.495271588587,7733.768128102837,1850.5,18361.62776663059,243499.0,12.771072440673189,8451105341.1470585,reload
-2654.557251908397,1657.4973324345237,3129.532171217772,-2437.5,6114.449246742759,57502.67591076774,8.636348071746259,2189411536.5151515,-1840.4580152671756,1004.8817427635813,2096.9198894809415,-1238.0,1881.2482932237003,57244.347549617734,13.010730357623867,1012025607.1666667,-2553.236641221374,1814.5020591409882,3132.321035382914,-1676.5,5406.594554469443,48405.47356072862,9.743607549575392,2123082529.469697,-140.3969465648855,7595.644092895932,7596.941521990913,2388.0,41991.83872503354,103868.48740747472,17.66252467805482,7505757505.818184,1072.2137404580153,7664.260015676843,7738.896813702181,1419.0,10576.246209883528,253175.36599529078,22.53352549064386,7935684031.28788,1693.793893129771,7014.655939523076,7216.254963780733,1882.5,20827.723027576838,221887.0,10.922080874680928,7143041786.030302,reload
-2570.8206896551724,1671.9402796996915,3066.6762654772315,-1474.0,6119.625955373859,57202.84294857148,7.641734630296311,2306071298.671233,-1831.248275862069,900.5207959155289,2040.6881074098849,-1316.0,2118.981606285995,63571.14714882136,11.025441357987699,1082625953.0547948,-2677.351724137931,1783.3401807922298,3216.910700528135,-1683.0,5058.00558462526,53628.28047407159,9.57616862152549,2522528623.808219,-561.3655172413793,7085.573910334359,7107.77664834501,1000.0,39326.01687528606,75489.60900107624,17.74342262232849,7320677487.424657,1171.7724137931034,7187.799018302812,7282.6853095023525,719.0,5545.139355625135,292820.44059898483,18.015238533931083,7835492725.643837,1145.3034482758621,6457.496622156338,6558.275887288755,1245.0,16920.927654184754,166069.0,12.350004068814455,6382772754.90411,reload
-2517.557142857143,1892.515126459377,3149.556710305209,-1174.25,8292.727755071224,136369.82665259356,6.479273238984446,2244034899.4929576,-1996.5928571428572,915.7046068966984,2196.5650375724626,-1281.0,7499.876621265972,4217.305047898908,10.544079329479391,1216205049.5633798,-2047.392857142857,989.7533653565893,2274.0776670365253,-1693.0,5868.415120194733,25972.54474731692,7.921069496696122,1292421197.8450706,-603.5,8525.123748997095,8546.458166147793,1133.25,4816.606982038711,298792.25636514794,14.399613753225037,10132706603.352112,639.9071428571428,5410.522209938214,5448.231982553082,1203.0,7038.905881213615,137401.2024629991,29.673813579032938,4171296319.366196,561.0071428571429,8675.729446068357,8693.849000052525,1634.25,31459.89248060394,78541.0,12.865929285546926,10476668952.436619,reload
-2609.757575757576,2120.8540236695535,3362.864313935279,-1008.0,9041.567963562162,129211.94324821653,8.045617697450332,2356102876.089552,-1828.909090909091,1061.2497739197065,2114.5116564953114,-1230.0,7182.887780977401,34533.033389165896,12.85124425150105,1016329799.4029851,-2005.9015151515152,1270.1285598247734,2374.2088044166835,-1674.75,5324.874493875364,27150.223445624826,14.353186985604909,1256370540.2835822,-564.2651515151515,7202.111059265728,7224.181536424187,697.75,7156.465998968954,341861.21793079126,16.59267792116579,6828405095.746268,840.1212121212121,4859.057238074416,4931.150057941798,1365.0,10640.630462773941,150805.81309909042,18.852787539298163,3253631536.537314,831.9242424242424,9930.387338428975,9965.173888917525,717.25,38343.98565369181,109814.0,13.671304399855783,13005744206.477613,reload
-2747.5413533834585,1935.3311640273123,3360.727629994362,-1389.0,9238.767926641185,114073.79979057459,8.352315648490166,2487479150.223881,-1930.03007518797,1203.9665205287602,2274.7640479144666,-1183.0,5023.694016289431,58636.403426947785,9.550410698631817,1174809333.238806,-2306.4736842105262,1357.5166434623939,2676.3169269040395,-1729.0,5046.292651251214,52891.34671906178,8.373827673698829,1647782248.6268656,-1241.0902255639098,7739.630683674699,7838.506749864363,507.0,5321.143341325826,423970.4725911244,15.634740908661112,8314159096.67164,1313.4285714285713,5810.258840513918,5956.861791750337,1021.0,5098.42546561351,174686.0,20.055528390560983,4911904887.731344,-150.42105263157896,9268.918345545984,9270.13882255674,758.0,22676.215682622398,144637.58136523544,23.938329071402826,11347110715.656715,reload
-2506.7462686567164,2117.5215683286024,3281.4134832052473,-765.25,9470.19411463194,135882.21517749323,7.727659814146234,2251332935.1764708,-1812.1194029850747,1302.3494959585632,2231.5669248979534,-1239.5,6620.377067020282,42531.52771748349,10.386950029895754,1091105323.8529413,-2819.097014925373,1935.8086469105813,3419.7460573871454,-1721.25,7042.73690374643,80399.5239395921,5.837926824730298,2593319944.794117,-247.99253731343285,7986.454959077722,7990.30431910702,1005.75,30295.189471720416,349260.4450251677,19.78548986092208,8443862014.117647,-31.029850746268657,7331.468999162181,7331.534664537394,1036.25,4241.128870921333,239850.77063458925,21.19268767887532,7097110199.323527,288.2014925373134,8567.259336218765,8572.105495986874,579.5,27891.40494103277,106222.05320748099,13.597611767642586,9713024200.235292,reload
-2724.014705882353,2163.4851172875938,3478.6382350839867,-1150.25,10280.006120377606,118029.47376356428,8.485279291238474,2616506518.550725,-1723.6911764705883,1400.8368534280305,2221.1382581380894,-1216.0,7409.663614044074,43999.376899701434,12.86580284231113,1059627434.3478261,-2494.801470588235,1798.8139099542498,3075.6732369180763,-1747.75,5650.110789510243,77216.41598031903,9.059194539253626,2102109364.710145,-1221.9485294117646,9732.748592585162,9809.156608750825,1974.5,2936.5444261567754,484730.9926797881,16.626386088047038,13099218813.46377,292.6617647058824,6041.299019373171,6048.383647719446,1952.75,4070.009844179658,170772.72948516623,28.05834339398324,4940035176.985507,1135.9705882352941,10225.071319283257,10287.979036806242,1140.0,36327.89817582613,154492.0,12.874537334655939,14358937416.231882,reload
-2781.722972972973,2477.520866961366,3725.0627302898665,-1145.5,6062.038739210568,105677.35348159743,3.0755534472657904,3156231331.7733335,-1897.8918918918919,2243.8245708006793,2938.833499509259,-1209.0,5557.535106451606,63787.689842770145,4.8282961715409325,1787181976.1866665,-1109.4054054054054,2409.834515003159,2652.9385110181584,272.0,3201.3622396882083,79003.35105838657,3.485234687892724,1207474627.8133337,1131.804054054054,8983.096461461912,9054.11522196966,493.5,26856.239294093684,642499.8992267906,11.971944165503999,12158329724.626669,693.3918918918919,2762.503456363583,2848.1955098205885,825.0,10301.377386173386,148595.6771207432,12.563761115576547,1254811650.213333,745.3918918918919,9257.414872235717,9287.37525833802,4184.25,11047.008886570657,248942.8072507552,9.849919832062945,12676839207.066668,shield
-2339.3357142857144,2231.07184878452,3232.6727608236856,-643.75,6036.21094480319,37528.50651746593,2.4051436396211745,2197776311.535211,-2059.792857142857,1788.601898117348,2727.974223537626,-1281.0,6354.372652963985,54896.560653068285,5.826278929992835,1612809644.9999998,-726.0428571428571,1776.7873370272562,1919.403936493976,608.5,2409.6606920865884,35009.66472519215,2.740203352484831,581271091.9436619,750.5,7127.136680623272,7166.542228598511,883.5,23741.320869445648,562749.8544143132,13.67909065900524,7167246792.366198,207.18571428571428,2150.088581516433,2160.0478764535355,851.5,4314.885612731608,114153.92629609218,16.6878686575776,650023240.3661973,594.6,8820.883268698208,8840.901017430293,7481.75,11778.723470761019,218934.35899059783,8.743607708893858,10837356615.211267,shield
-2530.235294117647,1901.842076217679,3165.295235277523,-1520.25,5734.1677645883665,33243.403904330815,2.9498021132411503,2200914827.478261,-2063.330882352941,2297.0212714294184,3087.6594779007914,-1407.75,8409.486457861078,48593.638981280164,6.932037496553399,1848403783.3768115,-1319.1323529411766,2486.2564636559387,2814.5303991335854,650.25,5396.445016345685,77249.94676468348,3.991861203113578,1294948765.2463763,679.3235294117648,8391.927170240626,8419.377773222632,581.25,22801.572533891293,571310.994730235,12.375043151735467,9562869329.304346,2034.1691176470588,5101.659105213811,5492.246318675083,2977.25,18449.720550489325,276647.0,9.98871491654429,4597879281.173914,1161.0588235294117,9897.550740375344,9965.418618904076,4299.0,17846.003032834655,157904.0,7.54732256525891,13491065689.652174,shield
-1911.8175182481752,2770.600243850772,3366.1954688203373,711.0,5027.952455265224,65942.96153449695,3.120027804832285,2038247865.9130435,-2208.5912408759123,2455.0039486038518,3302.2597803525855,-396.0,7997.835825561511,49793.82364122702,6.312810848179414,2146574478.0434787,-1315.5547445255474,2101.4654182111453,2479.282394117504,-44.0,4201.705353930198,39572.799141875024,3.610954664576599,1071400548.2028985,435.3284671532847,6587.775641247097,6602.143498419481,1009.0,16931.822932097635,452202.18388381903,12.097313111491925,5954099342.637683,466.05109489051097,4568.291968377045,4592.00338974035,244.0,10541.085177210787,260634.43761594174,10.618405762709724,2897457405.2318835,605.9124087591241,10515.296006034141,10532.738482541274,6607.0,20110.537901567386,179408.58781117699,7.278852375311435,15138383094.376816,shield
-1927.109589041096,2804.607242112662,3402.8771871292874,1078.25,5328.175262017324,50324.35843451637,3.4865725097569507,2202652118.5405407,-2183.4246575342468,2254.1989247332895,3138.2727777230043,-1369.5,7016.6099137928395,46512.57388746845,5.9475764267902,2105120858.2162163,-819.3904109589041,2280.86660823591,2423.582705446007,1334.75,2930.991379434302,53336.29073565692,4.31858323172061,942679375.7567568,-14.506849315068493,5766.849750468069,5766.867996855025,65.0,17538.51863216105,426690.727214378,15.909317703779713,4789996718.162163,712.3698630136986,4263.577146291531,4322.679829007648,770.25,8114.894850410708,213044.555767721,12.60509546639381,2764395162.918919,163.986301369863,10869.052199977685,10870.289197297223,6209.25,22407.71489038213,256803.13547837426,8.337799130236075,17022771844.567572,shield
-2313.3555555555554,2638.981325538931,3509.39259174048,-813.5,5360.599966910617,43069.58043180258,3.2101528111285167,2367568246.5000005,-2154.822222222222,2445.7585746414343,3259.600253837089,-343.0,7549.885426508551,64032.284902502215,5.8862103824581595,2046058118.2058818,-1363.3111111111111,2155.875243647656,2550.7675809159587,-71.5,4542.958319641538,55063.97841553966,3.7671540763204217,1120975854.2205882,165.82962962962964,8176.517352027755,8178.198791547811,296.5,24601.812915408977,591946.9260348529,11.731705984399035,8966490270.470587,433.4074074074074,3041.6767800046086,3072.399650894202,202.0,12646.85699929071,196950.59207359553,13.914439555264236,1290153324.1176472,384.02222222222224,10157.915482038967,10165.171912339083,4228.0,14809.317335658892,216268.9589505943,7.640481654837794,13866838741.058823,shield
-3612.0743801652893,2313.563164283342,4289.482001707806,-3285.0,8228.709493453303,84825.77367707281,3.163644567276052,3773866220.6393447,-2336.628099173554,2989.080972479147,3793.999991286808,-1536.0,13154.716170194706,40001.660500382175,7.924404690688299,2382674756.8196716,-2138.1322314049585,2413.498663910273,3224.3736197390995,-1391.0,7174.690273019586,45440.6153649738,3.8949384828490667,1796306051.557377,-273.1735537190083,8284.528568239612,8289.031148960037,263.0,19418.31564655756,415158.8682287408,9.916969256544002,8254483133.770491,1240.900826446281,5158.778575094963,5305.924165301826,377.0,15547.125432754536,188376.97613371207,8.639978700703177,3563363315.5901637,595.396694214876,12566.133054436725,12580.230409864887,2074.0,35998.118326267264,136472.85181033195,8.940245289121178,19035303463.491802,shield
-3154.1560283687945,1995.1997688199344,3732.227534434942,-3186.0,5642.906174807814,79446.69964295159,4.06257300715422,3343119323.3098593,-2196.063829787234,2476.8562384024212,3310.2134629375137,-1499.0,7233.8937000957385,62113.0835331776,6.066380495766622,2209340460.2957745,-2045.6950354609928,2292.9742954866692,3072.8812697324215,-1126.0,5538.2844355821135,71653.69696895941,4.138866530821617,1907941414.7183106,603.3971631205674,9633.34175013456,9652.220543032961,375.0,31525.483890476688,570455.1737459509,12.773704653816862,13094781594.788733,1100.3900709219859,4127.671938028327,4271.830279420077,366.0,16102.878848656423,199549.86947066325,10.71490774025793,2724451952.1830983,799.177304964539,10284.744897510138,10315.748250690844,3191.0,14114.221752167019,221440.18264213868,11.057401030117346,14988222383.901403,shield
-3727.4761904761904,2694.7996559931953,4599.567798881536,-3273.25,6881.627395885935,120999.76759866376,3.58249626833931,4347309061.406249,-2028.9285714285713,2934.9671618145417,3567.9943089765275,-1432.25,7865.102288340256,93739.69927487394,7.044587796375011,2089584297.78125,-2303.0158730158732,2206.9362336575537,3189.74131408703,-1974.25,6009.192158736526,93634.13649889648,4.049135985848571,1919798900.40625,179.22222222222223,9012.037286088833,9013.819204465644,494.75,22441.896162072957,473542.82363191224,11.3432694204484,10081619620.75,1545.9285714285713,4891.537736888667,5130.013311811684,944.5,11980.653299993606,194787.0,11.165540880220542,3560561613.312501,811.9047619047619,12532.653597593724,12558.924935665575,1213.5,12031.369181914257,448966.14375641366,7.9310169504619275,19644801288.687504,shield
-2720.4076923076923,2706.211267823463,3837.2121961733546,-1909.5,5746.596399504533,61540.2185769666,3.1952833698736374,2832647114.7272725,-2171.8307692307694,2475.3233110924866,3293.0342215979754,-1470.25,7161.53094224671,48549.33433580958,5.782367643139054,1992276501.9696968,-1686.0846153846153,1459.3322763648575,2229.917492437091,-925.25,4491.295644856357,43574.858116026284,3.478610253862165,1000610046.0,991.2,6434.899109124818,6510.791348570109,740.5,29449.02185555761,416565.4331815634,13.730485746305158,5553287220.090909,212.36153846153846,2655.7293507950985,2664.2064123660366,1449.0,7873.203408261077,64840.064390797445,16.094469825607607,914576647.6363637,580.1307692307693,12113.691954776094,12127.575375342567,6297.75,14362.377290069046,263693.9731615886,8.199807280306823,18874033791.21212,shield
-2743.5454545454545,1945.4118881616178,3363.2824852749995,-1755.5,5963.878779816212,73471.07256934576,3.2997772603613686,2449594803.1641793,-2290.462121212121,2407.5403499098384,3323.0208042008276,-1380.5,5261.794014922411,58273.71826138957,4.351163028114128,2118015589.238806,-2183.6363636363635,2352.166864548025,3209.5103563118046,-2105.0,4421.100591325657,87719.49227398801,2.872312292387273,1959449142.0895517,1425.1136363636363,8751.707563815266,8866.979990903945,1141.75,26181.121187272598,509475.50337401946,12.207153157190604,10487961414.432833,106.54545454545455,6642.350306662449,6643.204763538682,367.25,12902.187527797665,336461.9718516842,12.997739580864314,5740298222.149252,952.8257575757576,10621.369981327533,10664.022562079726,4892.75,12002.762142466907,224261.08725692864,9.503383426705922,14905495705.716415,shield
-2837.82962962963,2055.0922356186015,3503.8095130448664,-2691.5,5533.648765438355,74328.90146626189,3.668427694111681,2724363871.794118,-2120.9555555555557,2513.284820830557,3288.624797580177,-1577.0,5188.37212138353,70482.94918883416,5.015886175843118,2052122340.0441177,-2480.3185185185184,2374.16629157004,3433.4597031759863,-2279.5,5489.389320725393,75091.80455352366,3.0630007134471615,2404175731.5735283,411.77777777777777,10945.40627381028,10953.149293104565,397.0,26330.161225215914,646271.5949944272,10.94513980203318,16099782800.294119,222.82222222222222,4863.365280325604,4868.467068040267,315.0,20215.258634086207,279663.8625310064,13.173726563007163,3182891903.205883,143.73333333333332,9634.2582656315,9635.330383541605,4281.5,11207.19974498747,216238.40412226817,10.649156720140896,12443956412.691177,shield
-2009.889705882353,2387.022153205544,3120.50178492272,164.75,6033.08904446292,14166.182851563128,2.6675734947663496,1846542856.0144923,-1968.5441176470588,1775.8963886859367,2651.2212141710447,-1326.25,9789.521578132206,56511.85435994026,10.488119548898348,1461526726.898551,-752.9632352941177,1868.8599285318003,2014.842690181164,398.75,5034.8053610741545,12521.916981411101,6.681888561441277,620096742.4492751,145.25735294117646,6732.896317594334,6734.463046305832,-79.0,27239.78729645548,506907.92477316264,13.180537607746691,6081671688.652174,462.3970588235294,2211.255965573743,2259.0847671776546,777.0,12168.190412320726,97870.45113323214,16.191350764020488,712836351.4782609,765.1029411764706,8593.705242689362,8627.696813682289,6073.5,24669.7911793861,104054.0,10.277931354487553,10055476388.550722,shield
-2745.169491525424,1867.5411202111193,3320.1905627360243,-2048.0,5569.771638990323,46682.85571334261,2.9323724140014273,2153534799.6,-2548.677966101695,2932.6934108523656,3885.415037926985,-1633.0,10189.263132628552,53292.38766425884,6.207983461634428,2505449163.4000006,-2285.915254237288,2428.1580156057307,3334.8702970737986,-1189.0,6838.651705419132,45473.21443643605,3.5465501382060873,1896772645.5666664,-363.29661016949154,9425.232881454414,9432.23193611195,312.75,22598.712665486994,539828.0766511287,9.26740518177755,10338696971.733332,1196.4406779661017,4882.88087120842,5027.324924679634,428.0,14709.14188983092,240694.24509341494,8.554974305437598,3098799460.8666663,249.65254237288136,10808.764905670438,10811.647662496503,5151.5,23330.792695330703,232646.33086844595,6.319044797492526,13570568992.366667,shield
-2396.798387096774,2088.381658435,3178.9904780727825,-963.5,6175.744058925506,39405.420743179224,2.963121988612893,1934280141.1269844,-2321.064516129032,2796.2946471897744,3634.0891901459277,-1498.0,11662.546351846555,38891.650499934105,7.663146647727598,2269087548.1587305,-2396.564516129032,2373.8066076144023,3373.2001556863747,-2475.0,6098.233345916478,41481.369494402934,3.464191947198694,2089428472.4444444,-49.346774193548384,7550.148271396412,7550.309531681039,384.0,14663.511137980697,383998.60313997086,9.066203765218456,6957000842.714285,28.419354838709676,6260.329253034507,6260.393758872443,242.5,14732.257922031305,311421.34741921135,9.927022712662419,4783085680.190477,476.4193548387097,11192.77372516979,11202.908509155832,4966.0,36918.366583628675,156717.88504427118,10.013009365315805,15344159781.333334,shield
-2139.871212121212,2000.176777813549,2929.12204371373,-157.5,4712.889443535191,50842.80095952765,3.5610595627188304,1711037574.7313428,-2139.878787878788,2514.002540409697,3301.4072756932005,-1318.0,6946.861343869019,69058.88383005759,5.722195015164734,2012655897.1044772,-2630.431818181818,2462.775162885763,3603.3918816901255,-2705.0,5937.693035055714,66145.63880677041,3.505901836464274,2588063147.9850736,975.2272727272727,8825.579618351549,8879.297485349465,810.0,27030.27260672393,526129.1575129417,10.818445144557426,10376302094.68657,-902.6590909090909,5933.344830380688,6001.614308717785,162.5,13401.456391469328,383921.5179489529,9.95541318637068,4789610346.791045,270.9318181818182,10095.658100026169,10099.292872410784,6205.75,14643.049241241592,248264.0043090569,10.234425168298918,13272177057.179106,shield
-2962.511111111111,2154.0808089201355,3662.8590219683333,-2731.0,5692.295845314907,81744.72044602482,3.4376688165902687,2974026295.85294,-2182.1037037037036,2627.7292415740476,3415.6313531674846,-1480.0,7123.528541895827,59225.053138306255,5.900414132207706,2201488086.294117,-2543.251851851852,2029.960768526286,3254.0545022638607,-2517.0,6082.916171776696,71168.27263364014,3.719004841785303,2285763511.0,-124.05925925925926,10422.609270067085,10423.347576296988,162.5,39485.964739030795,671673.39572546,14.535215297980738,14561448745.176468,415.7851851851852,2654.125817959333,2686.496078124399,176.5,6333.492721478264,151604.09106487627,11.314166792975227,990332897.9852941,-223.74074074074073,10755.720132553732,10758.04701090718,2606.0,18950.822167209826,427127.4202893793,12.530414933433468,15516126509.632357,shield
-2530.9147286821703,1970.6583877224625,3207.650829651077,-1437.0,6459.840805425148,49769.019750636486,3.0436638296061336,2137031230.3692307,-2131.0232558139537,2536.89191045867,3313.1677715096985,-1554.0,11195.575700781956,34454.9792919619,8.980976528961417,1986466994.123077,-2290.1782945736436,2238.0226164578717,3202.1339529621773,-2322.0,7551.900924847044,38011.98390250395,4.7224001470668755,1983937264.4615388,-206.65116279069767,8363.950105000195,8366.502618299686,305.0,28541.883623002926,448868.4345890259,12.896258684825025,8965795835.4,-229.1782945736434,4880.769068973163,4886.146681726699,91.0,12127.675698011823,258730.3634623762,11.281812387145871,3062833920.4923067,617.0542635658915,10460.237424721849,10478.421777430818,4970.0,30160.995372556896,224023.66904568707,10.65655784359102,14103641624.153845,shield
-2493.876811594203,2146.060456936061,3290.136324870428,-2695.25,6431.7655128035685,38271.36633366916,3.800134670522305,2318528948.1714287,-2154.586956521739,2371.957663088033,3204.438813379911,-1622.25,10787.271656218549,41467.287360457995,8.950759307153852,2028314654.514286,-1908.5434782608695,2138.6911110301776,2866.4503967122114,-301.75,6196.559642372509,51963.581500449414,4.439631935332168,1613175707.0857143,-191.21014492753622,7576.278140079014,7578.6906372646135,182.75,21886.924622890267,472978.7719382467,10.862655696269393,7818187553.857142,1398.0434782608695,3947.5524959466425,4187.803275628205,968.0,14972.833665702763,192930.0,11.95248966210495,2651653670.514285,491.5289855072464,10478.297965278514,10489.820255502647,2626.0,31440.85807362092,139400.3630026014,10.10004461328205,15001233372.485716,shield
-2368.6363636363635,1836.147206717994,2996.9776088384087,-1289.75,5712.140682851803,30963.86428937678,3.259970434145059,1897436300.0597014,-2197.0227272727275,2469.6911672524325,3305.4929020885183,-1200.0,10799.489021783438,35614.616788370535,8.231964562594754,2048416255.5074618,-1573.9318181818182,2783.673483642264,3197.8272986229545,-212.75,5915.902924639606,56997.091353011296,4.166506154535759,1651818088.1044774,-887.7878787878788,6794.366866873709,6852.122914790272,-187.75,11476.723745826208,429393.17775087035,8.317788658726693,6207620883.552238,1787.25,6372.0425586555975,6617.9444642440285,1213.75,17896.10300592195,272031.63459912845,7.461013201200808,6110295455.686568,266.280303030303,10494.285544794016,10497.663277865915,5409.25,38911.552207409506,165157.0600153123,11.704268912890907,14339449366.373135,shield
-2770.9857142857145,2012.2243590674698,3424.5304349647704,-2715.75,5770.560150319802,76569.30662790917,3.371908970281585,2678545198.6478868,-2153.1428571428573,2441.884695333939,3255.583669416504,-1498.0,6846.162052050443,65842.92976627233,6.093590864980069,2102844456.2253516,-1951.25,2111.0385295428136,2874.693068088189,-890.5,4529.085357619454,58097.53220437626,3.157639346078609,1666171050.7464786,407.1357142857143,9273.153666218193,9282.086963993757,69.0,26126.364841276634,607539.8655212456,12.2666520575079,11915612603.253527,708.55,2383.3100701245617,2486.405033951054,969.0,15639.98063532366,99197.0,16.45034276749505,922723485.2816901,273.3142857142857,9706.466001799092,9710.313225785107,3520.25,11720.185632477653,256490.35216145965,9.134482873237623,13025185778.394365,shield
-2492.254098360656,2147.805225781202,3290.0452548085905,-815.75,6177.893063744696,36305.65344655234,3.0418703081426015,2044836937.0,-2235.622950819672,2757.610495468706,3549.989524343814,-1445.25,11188.64608219944,40948.71762175283,7.260728275235543,2112651389.2903225,-1950.8852459016393,2480.270226541367,3155.581347286782,-1530.25,6099.94153894091,37305.14012817049,3.608030394180053,1652083845.7096777,-216.72131147540983,9367.121040003189,9369.627778354807,181.5,24590.412925958248,542582.3885142439,8.713902077796222,10543495401.000002,525.7295081967213,3853.7261764722757,3889.4211598920983,233.75,16845.961946531763,204952.08897495084,12.317780528667038,1849194507.903226,459.5081967213115,9770.776308777227,9781.575407827535,6856.0,29311.16210815497,124964.14768040951,8.774661349780343,11509951460.935482,shield
-2200.165467625899,2329.369311613478,3204.1675166601613,-418.5,5380.7322109464185,49762.12011376326,3.6097526429825333,2084931533.371429,-2218.7841726618703,2503.5028776605254,3345.224934635839,-1173.0,9523.299125163587,77162.39265243217,7.227153484107967,2223782660.071429,-1307.3021582733813,2437.562412127518,2765.9988152642377,226.5,4511.322035680284,42615.57157978098,4.420551420436239,1291717651.942857,-887.0071942446043,6164.786782937827,6228.272460460173,-45.5,11131.27375451296,443914.02437395975,9.056452816304015,5462068726.542856,1572.6258992805756,5245.998401348892,5476.646003353071,582.0,11191.740357094228,218595.0,9.384810390043427,4480650811.52857,213.63309352517985,10424.208784317816,10426.397646248575,4933.5,28775.181369185262,225555.63835399091,10.289231060804257,15009022987.07143,shield
-3053.457142857143,2163.4266581758957,3742.1939325175854,-2693.75,5685.2632814477865,48769.36482552809,3.6330170356142477,3219870325.746479,-1781.557142857143,2162.182479650162,2801.6029212883523,-1177.0,5920.581043103335,40734.79009519461,5.340562093709405,1521475614.9577467,-1407.85,2210.899028272048,2621.0906385919366,-414.0,4213.0977857725165,68114.48112021366,4.299152222932585,1221847955.7042253,1057.0857142857142,9463.332981630969,9522.189943945217,1202.0,30038.199896939237,646189.055625707,11.561511393324766,12669690116.253525,1053.7,2867.9719805863815,3055.4127334009345,2085.75,13017.282013232141,147518.0,13.713954719602897,1442054313.2957747,827.4428571428572,9840.631432463662,9875.357647772995,3976.5,15372.489261400111,316178.19922492874,11.087477446445138,13555789657.21127,shield
-2523.688888888889,2023.4846162248837,3234.732693747661,-2262.0,5604.529766184482,58178.64783658363,3.3106494468799026,2255678930.2499995,-2156.4592592592594,2521.1807456118445,3317.6300108494447,-1303.5,8292.928846289644,87524.2387178034,6.594496039346682,2098151171.9411764,-2159.392592592593,2597.222722080892,3377.6533624747576,-1417.0,5350.997755203239,79535.5963836681,3.0948703458304467,2153701666.1323524,-1116.2296296296297,9604.832275274728,9669.47628479548,148.5,24119.945319385835,529104.4068331545,23.052927092481866,12696491840.411766,1088.5407407407408,4623.292337818666,4749.710831743884,515.5,19928.551672309713,240172.442820307,11.451785534981154,3181960899.7352943,296.76296296296294,9511.311878364475,9515.940410894958,2593.0,14909.97361528521,276642.35485962854,8.052160622423223,12146585960.764708,shield
-1797.6201550387598,2346.1091993122677,2955.6161112193213,449.0,4420.339932329691,40167.32397906241,3.8053163951499975,1531881471.4461539,-2353.0852713178297,2385.939890959418,3351.07735771115,-489.0,10566.520029987547,38729.86264311641,7.7406646825779974,2146270383.0307693,-1455.3643410852712,2562.604724842032,2947.037214065216,144.0,6432.293496285296,39627.36113726706,4.845894958397706,1382881655.2923076,11.65891472868217,6928.391409776997,6928.401219427491,461.0,23436.95812231325,485149.642874637,11.458227635144913,6144737814.538463,1032.3410852713178,4792.7157802573165,4902.637317471757,1531.0,15396.140931397646,273358.6899438046,10.278958493982985,3213195429.307692,692.8062015503876,10152.077010597824,10175.68907062394,6002.0,27413.24477581503,194638.57679293334,7.994474781735339,13315952636.8,shield
-2422.793103448276,2121.0514370408673,3220.0598784323333,-726.0,5024.50406169231,43952.4894981215,4.2070311635522435,2338485758.2191787,-2009.2620689655173,2607.2861489208162,3291.6675294048046,-198.0,11534.639806698064,44558.41265152026,9.391576715183634,2141699987.2191782,-1269.3655172413794,2826.261868467918,3098.232555105772,13.0,7963.434811442619,44804.86238751631,6.826030864623942,1614364847.69863,-373.2896551724138,7815.205746992463,7824.115671082755,115.0,21821.962850912852,513087.2002855941,10.068556532693254,8835703140.438356,1696.448275862069,5553.867537107669,5807.183600715048,540.0,22939.55316647194,290105.4112810611,11.729049326174705,5270840503.972603,547.1034482758621,9603.747132723689,9619.318124088308,2851.0,32181.37629196516,83630.41782539677,11.861915649633145,13368242709.246574,shield
-2782.10447761194,1855.1451537071796,3343.900247565953,-2160.25,6668.527772372697,32843.275462481804,2.7586461658957093,2498230795.382352,-1966.2462686567164,2328.1575299210035,3047.3663831469835,-1272.25,11917.971879381212,26275.29322049117,10.42966440766367,1736589272.4411767,-1814.1641791044776,1865.207307889241,2601.958871725157,-1825.5,5385.478816179492,42059.899767342315,3.886424098151038,1328399511.3529415,-581.4179104477612,8470.190937158266,8490.122572643311,179.5,25786.328887841417,489262.58782478684,10.295118900370937,9561936523.470589,244.65671641791045,4066.2403205962814,4073.5938989707042,81.25,14951.756061377817,210485.90958709054,14.233488483857595,2199139563.147059,271.94029850746267,10454.800528273505,10458.33665608161,3334.0,30522.16922555893,240692.58067747948,11.09526068609774,14451164143.882345,shield
-2840.1475409836066,2611.0131023904514,3857.9563858874603,-1927.0,8050.141983552147,46717.36918297849,3.963691282504729,2754776283.0000005,-2268.3360655737706,2648.8469889116827,3487.3684745161618,-1512.75,10189.822668063347,57097.7716669125,7.2056742560061275,2077437922.7096775,-1339.7377049180327,1546.2121978271568,2045.890827656384,-565.25,3250.23866804823,30485.080493110534,3.87241029995152,717861033.9032259,-441.3032786885246,4877.660306310777,4897.582939322313,-36.75,10676.149034774444,269598.3175994844,10.013653226562587,2902610710.967741,722.4918032786885,3203.6357221283365,3284.094433158346,1276.25,1751.8428534001673,88144.0,11.046383481510121,1357237425.1290326,383.2295081967213,12640.318501374024,12646.126548162134,7399.25,36847.41809377244,240214.19835345575,9.134519676398217,19214049050.645164,shield
-2800.3333333333335,1503.8907438737178,3178.6088383578785,-1977.0,5995.13641435584,28866.7403775752,3.2595030667059874,2297151920.1076922,-2209.263565891473,2363.7373984164474,3235.4443268657956,-1399.0,10070.4665345145,48319.80665846989,7.839735914716807,1964783092.276923,-1867.4573643410852,1926.4685730400283,2683.035253317152,-1701.0,5802.12443524203,42890.99942697376,4.493980917606284,1367899823.3846154,-342.3565891472868,8281.863135135913,8288.936302280035,102.0,21347.16551580062,465282.57723661035,9.825471214615236,8809959564.215385,705.5658914728682,5458.867643667932,5504.276444574216,161.0,23507.339962312948,260688.11164950998,13.683899546838118,3941981831.6153836,565.1550387596899,10028.228744070651,10044.14117589156,5340.0,24452.94017265089,183497.23246630994,10.27781180962555,12954912532.55385,shield
-2714.12,1852.709555650858,3286.18016426367,-2307.0,6129.388275262412,40313.133884967334,2.826207676399432,2252657173.4126983,-2293.416,2673.501279398235,3522.4091244487768,-1484.0,10405.998154863164,46805.08249104691,6.977398724386651,2190863465.904762,-2234.968,2254.2009916988322,3174.35096862335,-1914.0,5053.820230497093,48452.47311835801,3.250494811496011,1868996283.8571427,-608.848,9327.04154772005,9346.892527466014,423.0,21742.31695458903,560761.083329879,8.291487362234179,10879848190.36508,720.768,4615.983405751802,4671.917091730117,356.0,19251.413486934947,246615.66774854815,11.99324724105764,2771120513.619049,68.84,10631.335233092785,10631.558107069724,3913.0,23118.411040530216,249820.61485254107,7.665754823208311,14017208175.793652,shield
-2403.9236641221373,2167.9652282299307,3237.116342323899,-897.5,5512.620704967293,48607.705490017426,2.957459405226528,2113633420.5000005,-2087.664122137405,2568.5231019700796,3309.9323878613804,-1382.0,12869.025139916,34578.82650916543,9.889656092313652,1990935221.9848485,-2014.2366412213742,2606.730662252556,3294.2668368495006,-1269.0,7306.3485227940855,42114.31529148178,4.4518130913691625,1938327570.666667,22.27480916030534,8558.364546497156,8558.393533710787,415.5,29780.08719840417,531339.5428419536,9.93732094673911,9522612384.303032,285.4732824427481,4472.42593174387,4481.527497396804,260.0,15169.824868780097,231603.73727870535,10.979975158066933,2621678651.2121205,575.4961832061068,10207.518048379865,10223.72831040054,4295.5,31369.916398699897,119484.65067810849,11.38590639931908,13632050497.075762,shield
-2255.15873015873,1852.6256545979757,2918.554901708329,-1516.5,5854.071810830639,27695.55936111976,3.0850063570873356,1687285038.9687502,-2301.7619047619046,2556.795568329876,3440.248747466445,-1596.25,10500.997091012934,38969.67051053481,7.349961536797349,2125109487.6562505,-1817.5,2036.0524276391407,2729.2518641736306,-1041.25,4740.184315132699,32036.457559995197,2.7338582563461786,1333599159.4062498,-518.9444444444445,7057.934487303798,7076.986827986334,13.0,15167.349908384796,435549.5803911358,8.443089305538013,6245549753.031252,786.9603174603175,3669.681250810795,3753.1143099843794,396.5,7903.790092525618,155525.32564542376,9.406808305480524,1823908035.5000002,317.75396825396825,11054.601564820357,11059.167389151402,5564.0,36881.205321157904,232743.5930053587,10.895235947084878,15183374669.6875,shield
-3171.348484848485,2135.2861563423767,3823.205223607305,-3370.75,5889.822484326187,84576.60095325143,3.5518327648799297,3208403361.7014923,-1778.7121212121212,2741.718426877078,3268.15494467815,-790.0,12577.748508040459,53402.957788399144,10.40614872750685,1800291533.2537313,-2208.257575757576,2146.774287796842,3079.7794342511547,-2010.0,8003.817187015562,83952.0626189788,5.450681157886504,1867424346.4179103,-105.37121212121212,9125.886374057129,9126.494683313274,658.5,30039.045668082148,475229.2211653943,11.707403024037147,10832272940.9403,1164.0530303030303,3582.722498989218,3767.0837476914703,564.75,16866.346901136192,153655.0,12.36014697430391,2021681460.7014923,514.1818181818181,10658.584020899705,10670.979161854233,3420.0,26996.96682982405,185079.28788423658,9.872465322202846,14841113421.522388,shield
-2884.4,2108.0190625324044,3572.6051738192396,-2264.0,6796.113241047119,22799.658381813395,2.450718003032377,2614492942.4603186,-1815.856,2323.5681275280053,2948.9492799978775,-1210.0,10058.191353798715,50167.55462909925,8.880190671262245,1487305911.3015876,-1222.0,1739.4521574334835,2125.7887496174217,-94.0,5479.303011135273,47506.39386894008,5.6611172705930715,745568180.5555555,-24.24,7877.345233414619,7877.382528733767,369.0,23071.935670168896,504485.915025415,11.072368624645028,7695156632.142855,1567.552,3320.8800531329043,3672.255927900451,2080.0,15515.831731107077,195944.0,11.431753744783114,1977019205.4444444,829.144,11085.20883029562,11116.174458148811,5400.0,29613.69949176088,183329.95483253297,8.925101522823791,15408831145.428572,shield
-2748.747899159664,2811.6523782482486,3932.0483350594377,-1015.0,9065.592553033184,52355.933212567295,4.2593107993291355,2716152861.6,-2222.5966386554624,2799.032706025506,3574.146038924966,-1356.0,12968.520928648919,52657.94334937198,8.843072572009929,2090453396.0999997,-1875.09243697479,2259.3216985798845,2936.069853541286,-1044.5,5152.66301782874,37967.159248067306,3.216560178150492,1432205521.4999998,-781.6218487394958,8613.181903574337,8648.574172572458,-40.0,27878.04276070953,511642.53757644584,9.196513157396836,8898863022.483335,-264.20168067226894,2640.0796288596803,2653.2664726314083,170.0,2531.9920353026696,127172.46079270562,10.641524223995429,838995056.2166668,188.63025210084032,10883.395446804356,10885.02998725908,6152.5,34165.99993583118,131217.90163821928,9.396334842585023,13986283847.23333,shield
-2417.2295081967213,1810.628601047864,3020.16132453707,-1868.75,5576.409317034155,36338.73074694039,2.701568610076949,1796207479.548387,-2294.3934426229507,2787.0165538497276,3609.9449498549984,-1534.5,11545.421413222904,43469.22754489654,8.062546237319555,2196148441.290323,-2312.8688524590166,2570.3683793867253,3457.7674783632037,-1456.5,7326.625597342406,42798.17739129532,3.6076785409116368,2077223109.7096772,-556.5901639344262,9811.67993733439,9827.454187289743,170.75,31096.693915575674,598410.4908581018,10.000691458379132,11630189014.096775,376.172131147541,3857.6144516081586,3875.9121158132825,138.0,11065.448932945596,207313.6083015602,9.73878852826877,1820242672.0322585,405.6885245901639,10207.439861489946,10215.498602854293,3505.75,23788.57939703831,169323.3184018356,7.663833930507273,12546047018.193548,shield
-2994.0077519379847,2110.4255072485585,3663.0558609322457,-2786.0,5433.9456930566,89141.402932077,3.974627655948243,2865075934.046155,-2140.6201550387595,2553.2531284399415,3331.8697732724354,-1410.0,9335.02187787263,50101.92240499831,7.160524722863869,2007622829.9384615,-2866.5658914728683,2154.433229467081,3585.9144650127387,-2661.0,6744.138030106081,70454.60118890165,3.0973457906095594,2697887890.6923075,-214.4496124031008,10586.289612836072,10588.461474789468,1263.0,25582.990405214452,578738.2882676524,8.793415542855394,14357535425.84615,241.7984496124031,2838.4932633157805,2848.7735073403132,526.0,6957.267397109405,133484.59973942518,13.2624995787398,1046331931.0,135.3953488372093,10671.761749762749,10672.62061277295,2962.0,12002.219385526516,226626.68203167093,7.752228306098755,14583041150.538462,shield
-3152.4112903225805,2009.9211187061335,3738.6467935302735,-2906.0,6275.705128330646,40683.44313293788,3.10178799037104,2918410956.5555553,-2028.1129032258063,3000.7978030841723,3621.8820250286735,-1245.25,14202.8773931467,53126.17982836192,9.735188082686943,2102863733.2063491,-2922.548387096774,2391.7219648897544,3776.4564120691325,-2720.5,9787.558986273008,26328.229747242673,4.869720401046067,2782688957.619047,-460.1290322580645,9912.088905332803,9922.762981828619,269.5,27755.108272217367,573300.6022418947,10.0254387248129,12041386262.761908,970.7016129032259,4316.085308097094,4423.895795344248,588.5,17003.238651533356,213493.19358820812,9.089351849423005,2503273583.666667,653.6209677419355,11913.685961405045,11931.60230465513,1726.25,36773.36767094705,143057.8259941675,10.000358008229975,17426040963.85714,shield
-2850.9172932330825,1993.0847668617691,3478.522143202754,-2744.0,5649.933795720887,62410.40001618364,3.563835199014394,2670226588.2686567,-2111.6616541353383,2425.879193811119,3216.209695357453,-1213.0,10961.704976256524,71209.68308377475,8.922115584991364,1954122277.5223877,-2636.406015037594,2800.9709810448853,3846.5666655839927,-2271.0,8398.079722504757,47696.261031545226,4.4727281904074925,2870728245.0298505,12.87218045112782,9761.14847443953,9761.156961809533,2262.0,28340.68689469518,522767.88047797367,12.109011547192686,12577717369.641792,1247.9774436090227,5796.854379638954,5929.668489763677,725.0,14013.212562345689,299632.40379165666,8.407715433869091,4847104943.000001,744.812030075188,11048.913540403597,11073.98913596445,3085.0,20379.2279700543,210135.2889838643,8.33443737167774,16261732718.641785,shield
-3075.5833333333335,2447.5340250263357,3930.6024530521267,-2875.75,6199.975318705121,90108.01264551902,3.2607956489160976,3238894298.611941,-2079.871212121212,2523.2995426422385,3270.0007402000833,-1310.75,11104.529556298052,39996.71221884615,8.509018276570364,1952924325.4179106,-2520.318181818182,2361.606930185403,3453.866099069712,-2286.75,7053.752573194375,41332.642089683155,3.859959675142516,2377102818.925373,-193.65151515151516,9949.460654626071,9951.345046136865,1216.25,29815.069120797554,565627.3581606013,11.957814909071413,12882191457.910452,773.689393939394,2465.4055574316335,2583.954303177417,863.75,6176.822876701082,102127.0,12.589570195837938,946032895.9850748,189.58333333333334,10363.242682412232,10364.976639377846,4305.75,19251.80356657278,227559.56826013452,8.489453597066305,13974309053.835825,shield
-2944.776119402985,2091.575713380429,3611.9794238352124,-3025.75,5876.39185537777,62960.3061230467,2.7679638549521224,2867428217.294117,-1794.813432835821,2173.515081262671,2818.7804219492123,-993.0,10130.527146905994,40055.66876559601,9.588959080076256,1474398271.970588,-2305.8283582089553,2109.215283542707,3125.0013647758215,-2626.25,7095.832357551136,56015.78836922112,4.440525046014461,1991335017.0,-428.7313432835821,7981.898156551167,7993.404077504693,1416.25,25483.05254214351,492963.5979462657,11.763545432527371,8460529655.5,1219.6492537313434,3995.697907129211,4177.696263153196,698.75,11396.165594204504,163433.0,9.60587961721751,2500753892.882353,534.5671641791045,11531.719863345752,11544.103475788039,1740.0,23519.031142344626,383242.48222589935,8.020529167823419,17632824851.558823,shield
-3222.214285714286,1911.660956553696,3746.613472974363,-2898.5,5813.98620848533,74422.81071156157,3.16648658835202,3028816197.8749995,-2181.9444444444443,2652.66446255116,3434.750399886986,-1475.25,8680.634289509231,73214.48612311062,6.386129561041233,2053772090.4687502,-2691.8333333333335,2332.073009114695,3561.5349519955175,-2549.5,6767.806426562477,92942.30201913045,3.332015984766528,2472006272.5625,52.15079365079365,10845.400165374376,10845.525549846856,294.25,29925.512703936543,632327.9907423387,11.264536258910884,14590073661.062502,1024.4126984126983,4457.9278912571335,4574.11657703621,935.0,11759.109196517948,173968.76367335298,11.316856665228068,2725310715.78125,235.8968253968254,11761.011456226117,11763.376972014214,2062.75,13229.0706281556,460471.5407249763,8.875504083774725,17170193895.625004,shield
-2530.4214285714284,2082.3759234786767,3277.0904920153093,-2242.0,4705.648202807672,47584.19162478351,3.6747371716611084,2366129367.535211,-1997.0428571428572,2152.189671910343,2936.0007760800845,-1341.25,9909.719661528748,63070.540917279104,8.910589117661269,1740331617.3239434,-2218.592857142857,2635.803745394314,3445.2308558353534,-401.75,7637.293750816912,33453.81293542703,4.686975499703187,2317742647.704225,-264.2214285714286,8589.95898715293,8594.021664173632,1157.25,20873.17217126183,528623.0246233655,11.401643245023163,10204344832.267605,1870.75,5693.18428238664,5992.666588065307,873.5,16186.49000933443,261905.0,7.487875030639387,5439968659.366197,682.1,10484.055802775674,10506.221322897889,2235.75,20972.763900153168,160981.81013914,7.401555455636557,15299915424.169016,shield
-2757.2773722627735,2172.291116951698,3510.189055361486,-2844.0,5213.803949738248,62151.84272071995,3.4350034125988933,2709809153.681158,-1985.7226277372263,2421.4200446336604,3131.512316255728,-1179.0,11284.933718864171,59470.65438404454,9.523849728360275,1870026702.5942025,-2330.3868613138684,2471.323636145598,3396.7842789844935,-2342.0,7697.947705184372,31924.082386760416,4.493602144028924,2307886067.797102,-114.12408759124088,8737.439304380945,8738.184588637934,466.0,28985.783976915955,531877.2307055906,12.068923738887836,10386723010.681158,1030.1751824817518,4505.894194814005,4622.157872840331,732.0,16656.260879201687,197440.23341446265,10.336133381010768,3050044690.2753625,641.1386861313869,10762.445149402845,10781.525142982282,1889.0,22183.120648453532,192118.7858585968,8.412025426530889,15865563985.24638,shield
-2332.268965517241,1748.4532208751211,2914.8871664446033,-1384.0,6371.764315164975,22968.51147965485,3.972988103701566,2006886036.1369863,-2083.3241379310343,2222.7443456162664,3046.4457798646563,-1337.0,9828.629497123602,65897.56803666979,8.430923781707861,1961527569.890411,-1484.4689655172415,2258.751623643627,2702.888641231183,-613.0,4326.296281571077,41335.06058213348,3.6040649467741357,1369397868.6575341,-178.17241379310346,8353.487193646222,8355.387106738279,255.0,11981.946294134626,567014.7112970401,9.086721332504768,10058048817.397263,882.7034482758621,5383.6770937704005,5455.560871953149,110.0,27872.180558643897,320654.56701083033,13.985230540649288,4398301805.849314,748.4827586206897,8914.018659588717,8945.387364639291,4646.0,40425.42903352414,108530.0,15.181362444871851,11604098061.30137,shield
-2161.611510791367,3332.182095585546,3971.901539782503,271.5,5290.578162786191,67579.15342636502,3.1423984516103203,2822048192.0000005,-2005.1870503597122,2096.1999484793832,2900.832523765419,-645.5,6749.775737968218,52481.51426610394,5.507941059028092,1716202238.1714284,-1042.3812949640287,1501.2402565384264,1827.6435844941009,560.0,3981.814556926846,36816.53348018033,4.762323979863733,610935517.6571428,-45.84172661870504,6691.205920131065,6691.362950064538,391.0,23831.922461583094,516291.68171349174,13.011405638317216,6179468495.5999975,358.0647482014389,1582.9888777798083,1622.980021774494,800.5,3523.199894836012,76495.11117892317,13.710083743674133,381213613.59999996,55.76978417266187,10979.006136511713,10979.147781790192,7154.5,13813.094145879722,390223.05614386406,8.107600325681995,16636042921.342857,shield
-2033.2230215827337,2076.7806022028026,2906.3746360680784,-408.5,4918.545648828556,26913.918811203635,3.977962570020185,1736269158.8857145,-1985.8776978417266,2078.5534277349375,2874.7338281541497,-878.5,9573.35393007838,34778.27756111637,8.58338856840908,1684764262.8714283,-1373.1510791366907,2671.758534715025,3003.970298447845,254.0,7598.522583453567,31092.133181369798,6.185749205964187,1505572562.8857143,-83.38848920863309,9262.626421440997,9263.001773901879,63.0,27318.198134066664,710338.831064941,9.581960816335453,11842414389.15714,1209.5107913669065,5315.852635531698,5451.715839726269,122.5,23776.97758451476,309429.4457379482,12.085062534780915,4303631573.042858,1154.230215827338,7430.504244551351,7519.617059360434,5992.5,15713.603419951154,160438.0,10.517217494558635,7987423965.599998,shield
-2123.6241610738257,2150.5725395826216,3022.3735416892723,-457.0,4941.27463812992,30025.55348208593,3.485003724445128,2019480131.1200004,-1974.0402684563758,2102.8009217468157,2884.1994899775186,-598.0,8372.872274598109,60160.0898564165,7.635978469123922,1807966804.84,-1551.0,2519.101861362391,2958.28923331027,-400.0,5901.704235963125,36419.745247495084,4.673210678129664,1651321656.3199995,656.3422818791946,8370.862122151937,8396.55392759794,480.0,25743.408157006266,598952.4263904544,12.074583952329672,10498542537.426664,264.9127516778523,4652.332430736115,4659.868647513633,207.0,18419.42345269469,319785.6449329967,12.414610469093882,3224259307.9200006,1014.738255033557,8098.5287796350285,8161.854085978588,4952.0,13402.575850200801,219858.10808676598,7.650118347107251,10011993235.733334,shield
-2191.4871794871797,2050.955873105362,3001.5056307263612,-1171.5,4797.543153155489,34555.71274979703,3.919252181415823,2127344944.0,-1950.1346153846155,1970.811319614266,2772.5660092486573,-1406.75,6112.804133865728,66290.7486974472,6.142178006525156,1769776077.101266,-1612.4871794871794,2518.937287335265,2990.846027721665,-156.0,4805.748224439085,47338.94340555342,4.043530679969775,1778265355.012658,778.6538461538462,9787.702167839567,9818.62594961543,2697.25,30990.530260860924,698114.115504004,13.391512712271407,14942891858.1519,394.96153846153845,4078.334039406562,4097.414203353885,163.5,18548.93621339735,285141.19649963244,13.77532766212921,2609927844.607594,782.3333333333334,7776.819857372105,7816.071426136121,4012.5,11888.00872662686,275621.7509549785,11.743808670068148,9504022386.05063,shield
