t_mean_x_acc,t_std_deviation_x_acc,t_rms_x_acc,t_75_q_x_acc,f_mean_x_acc,f_max_x_acc,f_spectral_centroid_x_acc,f_average_E_per_coeff_x_acc,t_mean_y_acc,t_std_deviation_y_acc,t_rms_y_acc,t_75_q_y_acc,f_mean_y_acc,f_max_y_acc,f_spectral_centroid_y_acc,f_average_E_per_coeff_y_acc,t_mean_z_acc,t_std_deviation_z_acc,t_rms_z_acc,t_75_q_z_acc,f_mean_z_acc,f_max_z_acc,f_spectral_centroid_z_acc,f_average_E_per_coeff_z_acc,t_mean_x_gyro,t_std_deviation_x_gyro,t_rms_x_gyro,t_75_q_x_gyro,f_mean_x_gyro,f_max_x_gyro,f_spectral_centroid_x_gyro,f_average_E_per_coeff_x_gyro,t_mean_y_gyro,t_std_deviation_y_gyro,t_rms_y_gyro,t_75_q_y_gyro,f_mean_y_gyro,f_max_y_gyro,f_spectral_centroid_y_gyro,f_average_E_per_coeff_y_gyro,t_mean_z_gyro,t_std_deviation_z_gyro,t_rms_z_gyro,t_75_q_z_gyro,f_mean_z_gyro,f_max_z_gyro,f_spectral_centroid_z_gyro,f_average_E_per_coeff_z_gyro
0.2731616572798084,0.349160246341303,0.6460987997739078,0.029122231337161575,0.44435126630385124,0.22278264183920418,0.20714800824592877,0.5058865838032212,0.6750184847763775,0.8038026809286716,0.7152391574896111,0.6279615153337342,0.5191620493372392,0.36343646592252365,0.45638358317501776,0.2763032289265,0.4802409932481186,0.6157526917760743,0.5577884264433242,0.41637406868202453,0.19955589545253857,0.43098191263510305,0.317010200784359,0.20232988150402587,0.3001348312099674,0.41711965847989724,0.4201974520149083,0.05834063686824423,0.39620944809858144,0.3164807204429668,0.26219559864953507,0.12028860940583447,0.474086501172685,0.5153297526957602,0.49245060049801415,0.2956369982547993,0.21332868337062766,0.29082380903662514,0.2011221143453232,0.1838619753615774,0.5779807263986245,0.5523824067980069,0.5329007582435615,0.2765547433024026,0.19539668233852528,0.5491884703726551,0.19589116774974888,0.2469483367795105
0.27871059438706774,0.4362828622026768,0.6706231615679422,0.06449958982772763,0.5393088014137596,0.2020831263968346,0.22145406629901804,0.6081240198881395,0.7799413404784961,0.7814851980881505,0.6561255115853327,0.6568851473241131,0.42246197422010046,0.7055978433695023,0.47118254185682146,0.2665652313713478,0.36123135341687834,0.6520770477904406,0.6366616773786659,0.33570266335531385,0.2587693497817167,0.5695290519657872,0.32648062443330894,0.33674773263214897,0.2866128846791486,0.453595488508937,0.4569738790700372,0.09485831142272858,0.5285516073143689,0.3436575116807025,0.29368267892122835,0.16581145342450676,0.49423531347598576,0.5687223063932973,0.5438400065605664,0.36707388016288534,0.2780435436197911,0.545375431099431,0.22899561603130988,0.26182746210197066,0.4901327523642146,0.5161093892959868,0.4993463337168145,0.0789887099139105,0.19905824931183538,0.5067235147853961,0.24077910138938993,0.2551179418774799
0.28317665114259594,0.49736075211586156,0.690766136018045,0.06301271534044295,0.7077803212533664,0.09808025288259267,0.40215428195245384,0.6272928129042981,0.7503378724517251,0.7735021003951571,0.6571714434457967,0.6578472639807577,0.45026444696708917,0.2737551140900835,0.6100655276804576,0.2763615716184094,0.2853920777094133,0.4729316766023094,0.5389975367917773,0.16416887899289206,0.22674065916947214,0.34852286716384984,0.33004408001965424,0.3000823852392593,0.19303329267603353,0.4214247254974689,0.44021703313422883,0.06555652936021034,0.1766322318765389,0.21539958315735933,0.29118789606511664,0.16593353093091193,0.5519711180882584,0.3964255653910325,0.3821815015750491,0.36899360093077366,0.3334065027224976,0.1766449994083401,0.3026429709037401,0.13449620053234318,0.5337616506672075,0.7200561599142236,0.6948189574621889,0.11801177185228631,0.5009748325599855,0.5654143828839572,0.23276212109037003,0.4963326941953722
0.0,0.7035836798609074,0.9917985083250593,0.0411710418375717,0.7906402713540299,0.2656523202245884,0.30742665632726035,1.0,0.8320222092836538,0.8943468295887536,0.7609616670585613,0.7373421527360192,0.5794898695562721,0.6983137039730629,0.6376002270912532,0.3243285414171836,0.3092566658818375,0.6494414317267008,0.6619416816250355,0.28611800976278157,0.14140550353902265,0.5851667823653316,0.3108769778049249,0.3821170452135778,0.1408485543224257,0.3417727350856028,0.37907923088064344,0.04183464796961728,0.07671836304556173,0.28029746800870503,0.22360843343762818,0.13302701273261527,0.5440383159595211,0.562725710604378,0.5400251804017532,0.41140197789412447,0.43415591293636324,0.23542770270173458,0.23351390221344467,0.2599966373615824,0.3763285871670812,0.8259360257710084,0.8024713478699759,0.015248947445591854,0.6583118810411197,0.6761930704598935,0.4463117861249816,0.6616652026165769
0.17574491678351778,0.5382221062328613,0.7890438401890283,0.028660787530762927,0.7682582583353152,0.21333173629329333,0.38087531652388806,0.741595466445876,0.8628085447449924,0.7392374940208857,0.5915665544592204,0.7993986770895971,0.3890152116505942,0.5094225552556095,0.5716138793188815,0.21796876699126558,0.3290648325928356,0.5550568600354356,0.5729066520372498,0.19568382289971745,0.1106356857247783,0.4241485028218729,0.3501808063218341,0.29947032642887006,0.1212747178121461,0.408833145161837,0.4432932087639856,0.10680689453695585,0.06277895258619301,0.3182071319142567,0.24311096754166045,0.17546810979933009,0.49982843476545313,0.5206772420089503,0.49792671020425794,0.4414194299011053,0.44412537266383545,0.20903030753488888,0.2399175455897707,0.21999394645353992,0.523662547446918,0.6924520463001386,0.6683404639125285,0.09073961584382399,0.4885372504539861,0.48859488801037054,0.20490384032549802,0.4536052897286835
0.19098150402749986,0.48421213841099753,0.7563277271647646,0.04363207547169806,0.7077609339278434,0.1336815294690429,0.33525175343637564,0.6525311047428366,0.8229359560215574,0.8688994819233935,0.7361311365312522,0.7390258568851473,0.46799975676553773,0.3760593187929434,0.5542467311412635,0.2839236389693716,0.30169536170807976,0.5271194439683433,0.568288445087607,0.1783848591247752,0.21887014385975237,0.405165334446755,0.2764644857558466,0.28474222361997176,0.29568969754183577,0.3040213103383528,0.3126050913151701,0.06999707858603563,0.1925944073397544,0.17508410767462754,0.22920340030389968,0.07525637201498245,0.5519106616434846,0.46471204762061874,0.44710110671755965,0.38778359511343796,0.2799992582611531,0.18888828467204982,0.2051256984001832,0.16582861274295121,0.5154693122182449,0.72099010852647,0.6959969143860926,0.08864498020569322,0.5464641303673752,0.41669283384405464,0.1943830903514558,0.45309929571901364
0.21124981042997737,0.4580637976907321,0.7309841999690572,0.02004716981132068,0.6661399491546893,0.11341850177115234,0.34029733007615387,0.6731458457280909,0.8182113706289931,0.8633317400654357,0.7313383453602241,0.756885147324113,0.580209988400384,0.6271663890242615,0.648021384693839,0.3027516568280956,0.4006582382601195,0.5678310886641733,0.5448406762981297,0.3947503639633468,0.17646085014407437,0.5013893253383637,0.26537815915112906,0.24615935138665818,0.3227226257408395,0.3881362513774506,0.3896494562638593,0.07630733274905055,0.1891630564041517,0.2241907802326869,0.2871288784153107,0.11894943340458874,0.5559704111538928,0.47729192675781806,0.45939764539164757,0.2219022687609075,0.27777179581279904,0.18185891813610477,0.22331452149517705,0.1876042781679858,0.4931188404584116,0.6923259192166967,0.6688875532685488,0.06510127563310364,0.5861416520458476,0.5203099429577185,0.22267014889133416,0.44932387202872404
0.04078184678598318,0.5877286082079727,0.911795254739752,0.028660787530762927,0.7501977224333501,0.46409622752551205,0.26875334386546906,0.7385023164511206,0.8982038158382858,1.0,0.8625758354944681,0.8020444978953698,0.4743239614509017,0.7744299146950513,0.47832879522652333,0.3142677922284908,0.33474603888268206,0.6034002430536461,0.6092898081540091,0.23507750278324918,0.1433084786465033,0.452444754813661,0.2806829972419109,0.2651897947586438,0.13833721168938568,0.5275071811482162,0.5489603938745112,0.09395267309377739,0.30566733556619285,0.2900127141295604,0.18870195545967533,0.20505096741703777,0.5316748812776405,0.4959302653538772,0.4755212827004538,0.47434554973821985,0.38702764641958126,0.35180321851096347,0.16813579689978522,0.16475369886876046,0.445539550910893,0.8293641552386264,0.8023770822415028,0.2471670052994282,0.3125329877054156,0.5823256874099579,0.44992153869076523,0.5351900220914853
0.3105488499512578,0.32845413003710944,0.6100751604477692,0.013433141919606262,0.4083226862313305,0.3336397609592299,0.20186947949756584,0.5548186919928693,0.7768452687984287,0.6631401642248919,0.5360897093456929,0.679795550210463,0.3608618611960605,0.6250265428158019,0.4830019820108038,0.20089334466127345,0.36716835926813124,0.38219603360124416,0.41213898981842645,0.2599554680140447,0.19704835340557855,0.3401895872670544,0.2671259699206272,0.17582124233599628,0.4011829980550004,0.5734201658456247,0.5659641243317003,0.19725387087350277,0.5520066799405174,0.27166908686840185,0.26847833285724265,0.24295640746014477,0.5646055587363974,0.42385743765123707,0.4094163455590973,0.3696916812100058,0.09402435608148832,0.34121378659745843,0.18978884695282466,0.1525643713943764,0.4653304231748465,0.6003543496741579,0.5813678229867552,0.015646928216836692,0.13808710405795982,0.5668175173311722,0.18242379009951973,0.34591119360110123
0.27649890113848197,0.3777003728979912,0.6522817144162153,0.012664068908941672,0.43877816626705746,0.38146220471452563,0.19708478138798802,0.6301615271896024,0.8094029673956395,0.7160541278580297,0.5801767378068188,0.708959711365003,0.33381104779278264,0.5826777531102159,0.4433825686289434,0.23089689513811756,0.39561526388524454,0.4315801907094364,0.43241513183095426,0.2852616254174874,0.17954590894449163,0.37569655790414463,0.22427003695760717,0.1862250438960312,0.3167378765205893,0.483698181251419,0.48308474553838426,0.14770669003797837,0.4693556635815583,0.388589572981293,0.2616200189254,0.19155179646059203,0.5190587867090257,0.473888360764206,0.4538121497805305,0.33903432228039554,0.1562912231382526,0.4641691023389083,0.16796395411180579,0.19340070619796437,0.4371545906103789,0.6102350935000256,0.5922472944259808,0.00821097170147253,0.14761369445289274,0.8287736801748833,0.21439494541748488,0.379401736757879
0.2656466129289092,0.3563152388299744,0.654249401880793,0.016560705496308448,0.4695177891127277,0.1881248736633559,0.23493777865650867,0.6125083658071675,0.8204604471089445,0.7320053223695839,0.5937391440761098,0.7485267588695129,0.5249820606107936,0.7494567886773413,0.6081374397329768,0.22766087910159669,0.398110632483579,0.49971183577453787,0.48768298038723973,0.3135651280294596,0.23289604722694052,0.3804973940704733,0.24933817137361458,0.21337315044965943,0.3081219889853103,0.47160270307182894,0.4721296311308274,0.10113935144609994,0.37922637137419335,0.4207150226071107,0.22824667844064028,0.17705082113027687,0.5473214260694316,0.4670127268236102,0.4489414507405793,0.40247236765561367,0.18469739073542818,0.40508023776337254,0.19959704258537836,0.1836216087215345,0.5046640585677125,0.6480796768693937,0.6259576715433771,0.1059466705766532,0.29901888206188176,0.604462431087823,0.18539304515051924,0.40395971524032614
0.23882197069549443,0.4158434309689738,0.6946120743177135,0.002819934372436439,0.5410319336218052,0.21725717868362512,0.2653878358537654,0.6526259531166109,0.8619328309958386,0.7238613269927436,0.5755729843709048,0.7302465423932651,0.41862912235450833,0.650698232706767,0.5690334598251864,0.21232990289817621,0.4161291356172052,0.5749573644151427,0.5440393197805151,0.27237304102081017,0.1876918155484799,0.4401837127581771,0.24890036470771854,0.2469776319603229,0.30380875235368376,0.5071021050477768,0.507067203985891,0.08904469763365466,0.37279851237295925,0.3438511111248042,0.2522187823724173,0.2032831124155508,0.5438169825628023,0.4521548357719768,0.43452750581143756,0.21966259453170445,0.2522290247684016,0.2951976748312265,0.18912760061277764,0.17209122339898375,0.4645816813600129,0.7043561145413101,0.6814017102005117,0.0767893424938732,0.2219904334688389,0.6680912517905484,0.16281521155123302,0.4798901526030358
0.3704678965388619,0.3337080288127433,0.5637956869821646,0.04332444626743229,0.43245194635864054,0.18308870247243478,0.22664226235523477,0.5198790178732391,0.6885040075317654,0.7242775783535295,0.6311292893850015,0.6486470234515935,0.6127216440731349,0.40608483909756254,0.5923385258796163,0.2821969677083395,0.42827687114768,0.5555839058654836,0.52171264794882,0.40104478890125894,0.2365838517325691,0.3847543661993575,0.2365660916416346,0.2329173033578464,0.3313229590981621,0.43819748161562,0.43743476285049393,0.06605316973415135,0.34517772612608133,0.399208827268125,0.2690206856945705,0.15554624213970647,0.48164777454773294,0.43148885355136307,0.41212855069184257,0.20104712041884815,0.16846510487497945,0.19292653315373273,0.19559973938081443,0.15719836431426645,0.4838580287975901,0.534252871048615,0.5170428669432172,0.026580926247879194,0.29633741344687525,0.2854355253061001,0.18143833271904164,0.28436375062906594
0.23408354049968533,0.38962401133231767,0.6897117273510481,0.008767432321575008,0.6364656870076935,0.2660164490752132,0.3335610684716316,0.6517746238789615,0.7983711370178574,0.8479632803407104,0.7199960503488716,0.7419122068550812,0.6163499320886819,0.3723796771368062,0.661580579142347,0.3068071939125642,0.3783435522549068,0.5037909938088022,0.5019144705859384,0.22933972766977825,0.3114681775052895,0.28307358183104225,0.2788085764136017,0.23032782747183259,0.29964584874290245,0.40438302177205454,0.40796864055617255,0.06099912357581069,0.2963600557356331,0.33323437834857905,0.2504411228071178,0.13479774849546172,0.5905672044773449,0.43640451262707003,0.4241663948523057,0.3943571844095404,0.07928273310783826,0.26172307870931744,0.18400181617860417,0.16764085315255595,0.4697869084654277,0.7023486087357036,0.6792787169545766,0.041934605475377584,0.6818169468654366,0.6934440038972682,0.24922899396767467,0.47660602270212715
0.23415419602429505,0.3976172407342474,0.6922332364284658,0.008818703855619336,0.6689743608358573,0.19718038069643357,0.3497182990117739,0.6359217661023898,0.827720978989483,0.7834007046457014,0.6455233257363261,0.7260974143114853,0.4777318024391841,0.3011712086554126,0.6289507360643817,0.24943341971958302,0.42722387592242933,0.5213461564994125,0.49204657425583287,0.31382204333304786,0.24962904727871693,0.25289995237250507,0.27930812846701447,0.20129963031223175,0.25279852953028525,0.3999285184798641,0.41005808384965986,0.05211802512416008,0.19296629983548444,0.29789768402308053,0.23662109896617373,0.13642275746295257,0.5810989041750405,0.45088342021304895,0.43673075446629095,0.49392088423502034,0.17949929683096014,0.23617804008911136,0.1807803005027701,0.1718625528822225,0.5097804203397145,0.7091689361689417,0.684713498924213,0.2416581135711443,0.5739814671238712,0.6428595279519854,0.21609129372523195,0.4701524841914655
0.238425542594355,0.39790661067649014,0.6889507523494667,0.0041529942575881384,0.6787079257867992,0.17614173304418881,0.3597831144522402,0.6315480571636852,0.8162567487342335,0.7970795330697784,0.6625456784372679,0.7623571858087793,0.5399960568521204,0.7950120000715608,0.6241548697030501,0.2609096466692088,0.4075902617200101,0.5092453721627187,0.49091681305526175,0.23970197824783765,0.17284773518736662,0.3743302230890393,0.29121442289304195,0.20667152132621147,0.2719335779006542,0.47097285127490274,0.47545902697431935,0.11130587204206835,0.18557413306401752,0.3065571079419175,0.2764204440572068,0.17751438154165808,0.5738868333400642,0.4491439252990743,0.43431577758457834,0.26125654450261776,0.21493028335211867,0.3982834898869533,0.25617438480752713,0.16943508375629307,0.5039229968090375,0.750860759883392,0.7250226838179935,0.13309314844682768,0.5556849303027334,0.694226679484292,0.2090571123103031,0.5269178819016437
0.09429148007527377,0.5219011096597739,0.845201066077776,0.004870795734208344,0.6346883941022194,0.44995725708358847,0.2719128164680586,0.8056376035054365,0.9254877040386704,0.85983630949758,0.7102287249137035,0.7505712567648828,0.42112455326482234,0.736241054590397,0.5372821757315573,0.2746497683518817,0.40857939120647463,0.5323009497172664,0.5102789645474483,0.27755416630983987,0.13756585831027668,0.4636613962433722,0.34843247486929757,0.21632116968366935,0.25094543320115426,0.5510636505222929,0.5551948930050146,0.11428571428571428,0.4901394055895086,0.40129231704592383,0.28550213037072636,0.23676225646016982,0.48262162996204966,0.7207310272699441,0.6893931100207862,0.20558464223385686,0.3248439369489635,0.6580057874744055,0.5203001345110305,0.4076564403978505,0.46136303927608197,0.797780839376705,0.771414367362476,0.09283425148195472,0.23343553098592215,0.8016487332684601,0.21343303878371692,0.5899510138907788
0.1489178740275836,0.4812782414193186,0.7878775882939981,0.002819934372436439,0.6044184840054008,0.2722723376615345,0.24512341299266582,0.7452059721601725,0.9249457291638843,0.8043337576127858,0.6510882629713372,0.7788334335538184,0.42378521888215764,0.8228432291028329,0.5449383349952053,0.24303619536927512,0.4100903082410505,0.5036985976909618,0.4849084446255421,0.3058148497045474,0.12909809275292916,0.4383744114655038,0.32814206472552443,0.2019361295252478,0.25250115381549393,0.4617637368726005,0.4690626253767207,0.06660823838737948,0.4274365639657254,0.3480501507091936,0.2708146555865701,0.17476430913221289,0.5203436762477067,0.6019377793859426,0.5763824941652016,0.34345549738219894,0.2563140262163712,0.6448971300354731,0.19547579716533256,0.2905574914514997,0.4949929039564561,0.7430312616425444,0.7176868830655808,0.03573448398651055,0.23775723673307592,0.7641365628277177,0.2039927762915267,0.5166662305706315
0.13264542798703888,0.501971169020277,0.8080923244012905,0.03599261689909758,0.5328682478670614,0.24975328832363,0.2162427921691013,0.7579959693614171,0.7833607497870483,0.8182807744462729,0.693139838087424,0.7110643415514131,0.5081106480740571,0.27733877242741883,0.5593322630164147,0.2804548072817043,0.4243926577135024,0.7211398019453324,0.671690501522211,0.32332790956581314,0.2210340924800868,0.5848963119944462,0.2769225380619135,0.33534412701882155,0.18825567530001153,0.5981448636806797,0.6082441089627676,0.05170902716914985,0.7398236241971342,0.44456813706269327,0.30343721021585573,0.28821523631150014,0.47116539529190615,0.626558200727579,0.5990760112277291,0.22102966841186733,0.29647122142654864,0.26055808469636477,0.22205049113082742,0.3085862664833363,0.5888140301680754,0.6651828905635463,0.6417872488027765,0.11918476780963955,0.25438220159484237,0.7325094381881927,0.2518321785958092,0.407158246183949
0.1484136524651158,0.5155306483318989,0.8010311079057331,0.019585726004922005,0.6486775369551885,0.26561790679537095,0.2863223434411081,0.7444923825651983,0.645556243635466,0.9815951787705439,0.9042963111186462,0.7554419723391461,0.6241477023199494,0.5096119725795617,0.5404678816014159,0.45199571662560556,0.23646092937425064,0.48166876669963643,0.5830257114793173,0.2075447460820417,0.17404333421211807,0.32215252091000646,0.3112234324764177,0.3482195438228408,0.1007309687710155,0.44350464925637606,0.4790855269582769,0.043382997370727455,0.0876465226605278,0.17875622032147373,0.21622239549785605,0.19802163587079297,0.41525113476572456,0.5287422681919994,0.5066805465745331,0.18757998836532866,0.3210556326135854,0.211523203256855,0.2051478029731889,0.22262890472336985,0.5165579469021659,0.6972243707335926,0.673065321639167,0.38388387340022206,0.5490533839253984,0.66081199804642,0.2049438177306428,0.4481397545592767
0.2574337515443087,0.5372023753776916,0.7268223177383966,0.02466160787530758,0.8278384921049913,0.36136759371527005,0.45502313671969774,0.7004007159206134,0.7210630064388202,0.840453247154302,0.7350526962753533,0.7677690920024054,0.5070744400137763,0.49183948571523367,0.5990950709432128,0.3492634212438084,0.36452558375175265,0.5344880392311977,0.5352202895372054,0.3443093260255203,0.15456423704733094,0.3792479344085122,0.4779722440622794,0.27304543990198027,0.22654781901842602,0.36595675482031875,0.38249556607288776,0.06786444639205375,0.09104189994923315,0.21880395318613946,0.28271451247995527,0.1326371668259907,0.4582014769591424,0.4105431755063188,0.3920943928033239,0.1736765561372891,0.5461607600094303,0.1483785615241116,0.407533608402292,0.14618601401427828,0.5470353101991897,0.6973004603443445,0.6727431643210169,0.11989694392660398,0.5325816532587584,0.9365016432333158,0.21275105382860182,0.48946803072235195
0.12060628335000306,0.6151802452434443,0.8629434448684264,0.05004101722723542,0.8280642173721551,0.2337615815571841,0.38463177767109336,0.8599646904353014,0.7400391811422093,0.9065496905383079,0.7966357608997732,0.6947083583884546,0.4766581305522501,0.5605447736871808,0.5954058391409656,0.3788288384422761,0.2763652034846496,0.5156637197159758,0.5772045710567173,0.16917872741286294,0.2365982504955081,0.4604868665279564,0.507369264639003,0.3428076737611667,0.13874503804199734,0.45895502384434017,0.4852198142481964,0.07957931638913232,0.11911201099497526,0.260069594623872,0.2880022728080609,0.21004070092452798,0.490471647249969,0.5138237756905003,0.4911640567501088,0.3396160558464223,0.5498683557894393,0.18348614733344434,0.3288836635373037,0.22245622475486768,0.4964182052496273,0.7406771476290646,0.7153831437301599,0.23020045663056915,0.4228054833517523,0.5209421590259328,0.22047452096860956,0.5407630420596226
0.2650474526398189,0.4805052334484648,0.6978741283466239,0.02209803117309267,0.7272542538365097,0.233928614424665,0.4001195443779926,0.7015665080424309,0.7363074995936222,0.7624718542451512,0.650756560220842,0.7108839446782923,0.5484272481252412,0.6310671611485477,0.6848208957114557,0.3015417622786124,0.38076824347381966,0.43360401797978426,0.4431295006099373,0.30838400274042993,0.11547586479719887,0.34465128011199053,0.3547095945266446,0.20873846327920206,0.190464239663162,0.355117079091762,0.37960651474069507,0.09687408705813613,0.0665410576283342,0.2276092052714197,0.2911496895717679,0.1401849024029252,0.49550920196310033,0.34461571131636903,0.3291750665086087,0.3903432228039557,0.3511633803968841,0.19568228918739186,0.3766465905385341,0.10752630219233898,0.5447641948018179,0.6730832420456516,0.649401240155485,0.3007058922100501,0.511989545550999,0.4842759065181649,0.21525610676082052,0.4730873579684952
0.27593766634901457,0.48248968234562506,0.6903155301986641,0.04481132075471694,0.6869337750877926,0.24712073545326435,0.37257813246925264,0.6222365073284402,0.7209547448181444,0.694147477770714,0.5880172389964188,0.6970535177390259,0.3999404593390834,0.2998025618956956,0.5438787495104289,0.2393539369109251,0.3554094106661763,0.44586328206115455,0.4691567213149803,0.2590134452342212,0.13815797077488606,0.286095480592648,0.3275853338231014,0.215009294000477,0.14128139418541874,0.38210569532735533,0.4147749946867354,0.03759859772129712,0.06654085616867403,0.1917583642064003,0.18912153601741039,0.1542407368103712,0.5111889248795546,0.3954631366436613,0.3784479335644736,0.42233856893542754,0.32303363863002515,0.16276822447357606,0.2544765862245363,0.12839088746168825,0.5409939145604121,0.6684832447778977,0.6449989109305994,0.3015228001089211,0.5452468526136537,0.5760639913715014,0.22412631351734635,0.4223815283801547
0.14229637954835567,0.5395958212898947,0.8151070185828648,0.013176784249384677,0.7825411357500017,0.10974019022139311,0.348113658298288,0.7470530264248557,0.82150025074817,0.8272352876562159,0.692804879762538,0.7754660252555623,0.4718516843446894,0.4150583151821542,0.602832614844439,0.27053243477420047,0.391643805400953,0.5185335641857945,0.5070323008460679,0.315577631240901,0.11229072184325004,0.38016266622763445,0.3233576857464395,0.21685837032501662,0.1147098295727601,0.4010746061519136,0.43785720506768167,0.07286006427110722,0.028756174961562964,0.20462630894771056,0.19015904761856903,0.16605183619965183,0.5054582562189265,0.4238368373140825,0.40536036565196876,0.24898196625945312,0.40357642788416204,0.23132737890464006,0.2681011646547322,0.1409580778963888,0.5839355382416934,0.769489477497691,0.7423662366464201,0.3239144550805388,0.5232613834554557,0.38412322878855654,0.19176945305386628,0.5366841280445538
0.550735105978524,0.375709804501408,0.4379461412400256,0.04947703035274814,0.0,0.1485186243865035,0.4173265309658513,0.28104406253432407,0.6283137948886919,0.4865913121726476,0.4425046530266842,0.5077570655441973,0.12652345433884543,0.4445739903717749,0.2921209573169283,0.15049963129550967,0.4905257664774996,0.4261107839254175,0.38140512589639025,0.5964288772801234,0.2927317752460628,0.3943315690391966,0.28759935829871297,0.09772551529722162,0.05004832332288006,0.5669640568608638,0.6021253594111742,0.049459538416593646,0.36567406148266024,0.3350622670315037,0.2118593868648137,0.24992087634490495,0.6061358033657176,0.4966459268501068,0.48283846424276494,0.47646887725421755,0.8858710299633563,0.23670654904002986,0.394560526031174,0.17160185265206404,0.6975130304692697,0.3326415633326455,0.3275426862292571,0.029995182338032306,0.4257061040586476,0.2954856449192105,0.23003309184425513,0.0915811045933295
0.6156241453574757,0.8548231957528383,0.6720533876252808,0.6559167350287121,0.5136655440526233,1.0,0.5599477753692407,0.793382567125354,0.5982539424066392,0.7098581049771057,0.6601234050249526,0.9248346361996392,0.3880426786959596,0.5357324081516897,0.6338372876147857,0.5312845787336411,0.334866919683461,0.8245973550956968,0.7992907529822112,0.6188233279095658,0.13448487578115242,0.9184950030345126,0.4575769849824367,0.8400146866824064,0.3492804372192441,0.7967545268522469,0.7881240409508398,0.3179666958808063,0.4984427503311405,0.7358404326958348,0.4151046504389541,0.7838254030997407,0.23036228244877108,0.8217991403180318,0.8023802718908128,0.5636416521233275,0.5206000694837076,0.7323987276779917,0.7550839038743504,0.9829582319742344,0.5260185138821509,0.5101353325223681,0.49253055444560884,0.13472696424456967,0.4240251809979047,0.3683630429377122,0.41591922177244667,0.4130258150188608
0.6415277297269755,0.6735866579187346,0.5336191609791957,0.3925861361771944,0.4303660178225175,0.39846668380239814,0.2731265824155278,0.3683288871349907,0.6202928897144464,0.6345067284899352,0.5785907623112893,0.6802164762477451,0.4779267685785327,0.335377182342058,0.411064779838704,0.2564855468634321,0.3777115589170826,0.6527291487497193,0.6294277935141332,0.6097884730667124,0.12904767519768234,0.45025121296387166,0.2639577550017306,0.3198209594990109,0.45539253829010956,0.5480695795557561,0.53979507634908,0.11589249196611158,0.43822077398962245,0.48213104976451604,0.2416769780167628,0.21750796517628132,0.42280476277577284,0.7421137462315376,0.7105889328265715,0.5852821407795229,0.4283987869901088,0.5520637876619088,0.44866702405583914,0.4396685581989216,0.49648359806530906,0.4484865777663268,0.4340604585190231,0.0695209568295595,0.30883258640768096,0.3889688458054853,0.16741524380997902,0.19063951321411707
0.6102002103581196,0.5722779682340277,0.49187370464446206,0.2926066447908121,0.4665379401543575,0.4683816748720213,0.3175525622566787,0.40723234440384026,0.7382749121855408,0.6035340549058081,0.4914054053364443,0.6471437161755863,0.49765034768672645,0.19245872218828886,0.5489916211936497,0.20954870066447498,0.3625262667631306,0.650007664528752,0.6342459193108205,0.5799434786332106,0.09440511491868356,0.5280630863960065,0.27742964660431313,0.37394526832017827,0.44130559387418933,0.560438797642539,0.5521670283340723,0.08320186970493718,0.36000241303442304,0.5354810804694164,0.25701895651747764,0.25788827739153014,0.4118372052328514,0.6861677581476753,0.6574146946338177,0.5146596858638743,0.26882638267864656,0.3017981104945592,0.511010437391122,0.4276235753796325,0.5620584379049995,0.5523845787753144,0.5328757167762124,0.2961395865189251,0.6800314869590379,0.22144316319040067,0.2745921114141914,0.3227946768982512
0.6410950610626363,0.6623483271991824,0.5266717442748605,0.41422272354388834,0.4520154723744292,0.5215792575106042,0.3116564248530691,0.4163010700109603,0.6976418098684902,0.590286665886907,0.49716549468663573,0.78123872519543,0.5254584031424108,0.43640412952920626,0.5404870586950133,0.2226806211096221,0.3454305464488061,0.682900215117064,0.670963069285128,0.5115183694442066,0.09863854128173499,0.5085218180002948,0.29437289274553746,0.4175450289873729,0.4940146804027,0.6858584074050884,0.6760465893937209,0.0895121238679521,0.4751941945879017,0.6021864467815992,0.2818101764507709,0.3847351659927561,0.4106849931762588,0.6779464729390692,0.6495948626657844,0.35509016870273413,0.2690842713837268,0.5867175301940553,0.5166557572030597,0.4176883852363309,0.5683610597592791,0.49810391089020906,0.48050722308522,0.2331329465239522,0.6762886726903952,0.5515194875755448,0.2903647422682169,0.26273284845366246
0.6249864901947505,0.5460319665348439,0.46701540753269855,0.23226004922067267,0.50311469487169,0.26294549245152804,0.36482143280297846,0.3675447844136717,0.499671222449402,0.6460871093891841,0.661255361650957,0.5508719182200842,0.6183182570328061,0.23999102002774092,0.46295242671311565,0.37184500064475323,0.32426396161393456,0.6722918486265943,0.6727874540578815,0.4733236276440867,0.08104377243962904,0.5007727836407398,0.3073199518357062,0.40985960678107936,0.4396904699554232,0.6327359845494043,0.6236089045925426,0.06827344434706398,0.34566678853603217,0.5317124708353955,0.20069485084019295,0.31259211768426876,0.38496008706016105,0.6928248637430432,0.665087476176063,0.5109947643979057,0.4214877908342729,0.3228385890204972,0.5008329766076034,0.41917904491050184,0.548012908972999,0.43450415533380765,0.4192527024022342,0.14119938836639367,0.6262476716617853,0.14633279217646572,0.2989213598901187,0.1910121088579369
0.6010976888229396,0.6158999221412402,0.5234129575114822,0.27435397867104183,0.6066596837547685,0.21380591875157431,0.3995466852607137,0.4193495224348047,0.6392122044845737,0.7850295910836493,0.7119412522005938,0.6365604329524955,0.6255542739058069,0.5344874561246259,0.501418517469102,0.36433668709455624,0.3434565832860997,0.6137876944616486,0.6131705834663551,0.4747794810310868,0.09144573058117988,0.3718061039907128,0.31509739069237885,0.35488476432143135,0.5078236577727273,0.6412100283768232,0.6321394890331372,0.0731522056675431,0.47938667755658204,0.5613870516601683,0.22276821318666284,0.3291558224044461,0.39001892523230947,0.6460358508026739,0.6201101670218844,0.5171029668411867,0.43720499396818363,0.2605518433230142,0.5129940422599195,0.373339951409806,0.545959637644028,0.545974707637992,0.5267876682057059,0.10138036488552819,0.5621771961976417,0.5565905712825827,0.24969853020344135,0.3081837539188419
0.6585880736161952,0.6824263975314839,0.5289770441616566,0.2798400328137818,0.382053283685237,0.57937735354117,0.2884898765192495,0.40603135598315643,0.49999056703590267,0.627359409131036,0.6452589015817766,0.5490078171978353,0.48380326105185023,0.21063741202732864,0.37827967798007167,0.3754975147278212,0.3318222401787123,0.6621455175195872,0.6601992596727693,0.5575918472210328,0.11874447529081661,0.465428872328121,0.27218738608670967,0.4089401894455086,0.37085845610003704,0.6878831251135008,0.6799519534133982,0.057756354075372496,0.518695049058647,0.5145132169028279,0.514948024702494,0.3867628582405609,0.34312846220869053,0.7479523706790014,0.7205075333717885,0.4329261198371146,0.24996440024074623,0.3682143733709679,0.4810888038867548,0.5126981473981266,0.60467483763738,0.2840210798557656,0.2746482052866267,0.08954567353008945,0.17556480791998075,0.12856004930501827,0.29038748608954645,0.08591174031804533
0.5906465640321027,0.5661960750511625,0.5015704143869708,0.23097826086956522,0.45379066434285853,0.3177831148676092,0.33263323928962457,0.40003020482599855,0.5208559497277091,0.813668089031891,0.7975684299844077,0.5037883343355382,0.7820456048825827,0.6980831321483072,0.5398675048097493,0.45646691961196406,0.3048414798498868,0.6405498899256645,0.6571437122538961,0.35796865633296227,0.07984848805577877,0.539901353557328,0.31645302834898814,0.40529332819320124,0.4277782817001615,0.6663670850113099,0.6570164390318677,0.05574057843996494,0.3495860796997818,0.5190606541040936,0.26599179372602255,0.34672680676611545,0.5089330969510919,0.5688761139358096,0.5443438386287591,0.4319953461314717,0.23239823482448352,0.4441727767475691,0.2240214435438284,0.2798901861744625,0.5803713578836225,0.6169547226185769,0.5952038162279316,0.21591504157851743,0.7130129109834846,0.2922180325872307,0.2828492174028929,0.3834403304046071
0.6548290172489133,0.5766579010296848,0.4649595708097454,0.2741488925348646,0.43433513274244895,0.29922010197032783,0.31448471221857227,0.35544277884901476,0.43883463210998114,0.6684888014712294,0.720473204780963,0.40938063740228503,0.6526559906369267,0.2906766330283523,0.4345610872806613,0.43724542147052126,0.34537019350770504,0.671875436552023,0.6615248188568162,0.5211098741115012,0.1510618873162687,0.4672324250087677,0.2482941276579348,0.38896241293636424,0.1663722625583096,0.6832946099996698,0.6927702442175682,0.06356996786444638,0.1325276256713524,0.2973133177016751,0.4718450163442095,0.40568362779162753,0.5022098539176163,0.700592196331215,0.6703567615913986,0.5302501454333914,0.27846165619697855,0.5987748473317858,0.19699925119092943,0.42243652545167915,0.5841560654331207,0.4071504886668309,0.39286351972465205,0.10255336084288139,0.6132232761176647,0.1369912928292647,0.3213444677544356,0.16783995816316533
0.5911199479295437,0.5309333142640531,0.48184620818132806,0.15253281378178837,0.558833018401949,0.2952420212043387,0.3900732536912582,0.37852868275030643,0.5297472217747239,0.8076004083998256,0.7871849059913127,0.4579675285628383,0.662289460177113,0.41176720700941694,0.4824896364261211,0.4341683428717154,0.33458868008719167,0.677269656204798,0.671606599228182,0.516742313950501,0.1368570749220706,0.5002016980770669,0.35852721050978137,0.39361127854725897,0.41050583129068136,0.6455946977796546,0.6368904868431688,0.055799006719252114,0.4489389293693411,0.43624189308507655,0.2609607864760804,0.31841867692015424,0.43197308984138777,0.667281218863362,0.6386544932963362,0.49895287958115186,0.5695748306618266,0.4237052034129684,0.19796084270034814,0.37458337744484393,0.7238632504671707,0.542294479463466,0.529074120660504,0.2206070254079303,0.39832290212575266,0.4202591091206911,0.2251270006764275,0.302377055596538
0.3798098291027039,0.7601453653613592,0.7538620906779253,0.06419196062346183,0.4809073796536215,0.4924537085912667,0.33626518910677566,0.6573722023535711,0.5454452188037039,0.6948553973981197,0.6756224800416691,0.5506915213469634,0.4526498287558407,0.39112941097375964,0.41486596268682224,0.3630085938984506,0.2575296358821441,1.0,0.9876859732609247,0.5969427078872999,0.11767490052607085,0.7436326808728566,0.3031038466647643,0.8114304962856697,0.4301699301177731,0.7913205439719759,0.7804003728062078,0.07610283377154542,0.5586421793290355,0.6309916019434114,0.5418841194061246,0.48840607751730974,0.20778474076625097,0.7657258419071529,0.7531176634229662,0.3019488074461896,0.31786230005848887,0.39388552176388203,0.43629437484651895,0.560397342942472,0.5524640531484353,0.4230929123703211,0.40820252102016724,0.003916968643304486,0.24535864615963093,0.1023856108426689,0.7477071336768846,0.1818801844906812
0.48967692017832676,0.7138776995947465,0.6545951506090654,0.11956521739130432,0.5752761593839786,0.32058829750337164,0.3484314952153988,0.5093501946965152,0.7039542564172294,0.6399112493409166,0.5419481833584592,0.6678292242934456,0.5293073649496539,0.5687147039511437,0.5213359984180109,0.22177164003841338,0.23555395442550722,0.7427092509207467,0.7818220085625913,0.3651194656161686,0.21295110006254056,0.572938517880665,0.2696677129429963,0.5445414318084563,0.4516658636382472,0.6488225691230644,0.6393759107073129,0.0644756061933976,0.49282113399159244,0.46873221222858397,0.32254660608182123,0.3120764027933839,0.3753488364272828,0.8038798218123464,0.7717104548015254,0.5916812100058173,0.4342439106915117,0.4562300419057236,0.4422136634741181,0.5342847036799306,0.639205105917515,0.620004313048077,0.5992202757148577,0.13931421629207602,0.4554739949311666,0.4186487649658217,0.22360628210203704,0.37078763198267856
0.5182811211599782,0.7086788381083176,0.6330339010765613,0.09900533223954056,0.33767121900750624,0.6958699033600277,0.30370947893206285,0.5235230239618464,0.4961140428184852,0.47488032708332995,0.5274085251362497,0.39254359591100424,0.31754606321976275,0.5365700383890494,0.32520239378926885,0.3023489947454627,0.3582779897816557,0.836264349081234,0.7998707165262571,0.6862207758842168,0.1827279058704645,0.7667496664663978,0.279201589818963,0.5377845133077069,0.44645273528788043,0.6790889639836274,0.6693260563123723,0.11206543967280165,0.6925252459558927,0.5874615789466766,0.29409646667265,0.36829272243809347,0.19930980555991462,0.769642113800338,0.7580915219126099,0.20715532286212912,0.29126407744449206,0.4250287102467269,0.44898233276495114,0.5832090985183722,0.7248001755816396,0.27356179809641096,0.27555419734099384,0.29622337194445025,0.08458532098462501,0.27190211839913164,0.285170450260631,0.09200993683337294
0.7762894157963488,0.6443878986642946,0.4340150592976995,0.5196369975389663,0.3459016383265881,0.3776373295165584,0.33587267827475453,0.31827111025846194,0.662761147990218,0.8242327383932122,0.7404318019031533,0.9119663259170174,0.6501647148068714,0.36800652765263925,0.5143569240842623,0.3913315465207622,0.38894635722539667,0.583224972529118,0.5637692059970475,0.5757471953412692,0.10226145145224524,0.3150318305682488,0.31226678523982987,0.3031442638180296,0.4944057449954076,0.7828619441043497,0.771890769366704,0.08694127957931638,0.5934547607556775,0.6265230968225054,0.5705380039023187,0.506151108491711,0.3740982175905775,0.6218568566699125,0.5980705838939689,0.3326352530541012,0.18039119975569234,0.25431138217847,0.5395426924506185,0.3614939604750172,0.5733856523960936,0.39611871853169256,0.3821362865535194,0.08613141743993634,0.5166859758013131,0.28933838031803105,0.3125936391419157,0.16858946154198773
0.5571294519205376,0.6527260217664871,0.574062433904881,0.11807834290401967,0.5197915621168426,0.5256629237976967,0.32571135793847816,0.42700418476244295,0.5974123655175925,0.6401034428874075,0.5964321086455014,0.5680096211665665,0.5253213630076624,0.44622152838274454,0.4220910411901133,0.2767178928570874,0.2637186536413768,0.7391368638878056,0.7622150069273321,0.47880448745396936,0.12008764166130644,0.4855069873537947,0.2600451746596521,0.5006455511263503,0.4868244132517605,0.697579058732461,0.6875604690724915,0.07992988606485538,0.3825454265046206,0.5253765384364786,0.18360117214426264,0.3556260586108059,0.3552927061989287,0.7383532362303609,0.7104484947111128,0.6061663757998835,0.3795852279031927,0.30189402370426344,0.4447018457462338,0.44958494975540875,0.6606737569263414,0.5400865618518976,0.523151331252308,0.3440229572065939,0.4947233620470999,0.6063632675593924,0.2041650410301546,0.28048998032044087
0.5970658155795245,0.6901673386838012,0.5717298146421652,0.30388638228055775,0.4844868106338984,0.3766572031007482,0.3078620691343016,0.4451670938067038,0.584211837187666,0.5343584308451969,0.5116373346573881,0.6949488875526157,0.4871568739577672,0.11993449084522753,0.48317950671737303,0.2562382434414494,0.3207321557238556,0.7713323656382718,0.7592766583858817,0.6263166909308897,0.09079611471973109,0.5996820684774471,0.30579128778762005,0.5047544842353628,0.41749875621585597,0.580193450102824,0.5721545822673445,0.05740578439964941,0.4788483544820977,0.49153550255132195,0.30021696219019217,0.267362879404768,0.35572074049514923,0.7731724314229781,0.7436110077337794,0.412565445026178,0.39804947512617705,0.40842999843549116,0.47123989369757785,0.5311624425509559,0.6197753314430758,0.3842338373361183,0.3716195457844478,0.0846023334241009,0.3203005319033186,0.14263294944134686,0.21585169615611982,0.15286870388419763
0.7488752960244844,0.6221796712020844,0.43495049204661557,0.47400533223954056,0.39213680902540604,0.37697980070648734,0.31006010820882124,0.2952270799997032,0.49012862674950486,0.5515861741745515,0.5903915411705533,0.6440168370414913,0.606595904095908,0.2891267641043329,0.4981177117737536,0.319867833076148,0.4310501483407192,0.678335461047276,0.6305861684197493,0.6389911792412435,0.23821532083990415,0.5534096597418979,0.3404255150142681,0.31513836154597974,0.38520152313619505,0.6346404408136541,0.6269073453262511,0.0630441133508618,0.569823280077802,0.5558832133290549,0.21505274416041464,0.30553575586708637,0.3410377896791723,0.7276058481958138,0.7013121267594217,0.3264688772542176,0.49197730327922373,0.4838012718004639,0.466616080894419,0.45183824380214777,0.7555781576175579,0.26331803261514636,0.27109636663898296,0.30177415638549676,0.2781083554423416,0.3073284320734361,0.2828966967233657,0.08674043503828355
0.5206817931239722,0.6876922208635293,0.6187288962663268,0.07952214930270707,0.49655097857856134,0.6201633263126025,0.29048617063458926,0.4935915332399534,0.41349205189242866,0.5755433921879042,0.6654465710903518,0.44287432351172584,0.5337589962110469,0.20773919418734507,0.39402028240250825,0.4078219822059188,0.24095363391207447,0.8213820093858064,0.8433680040174707,0.5150723644771774,0.1305458407717247,0.6272997742806581,0.27197120703806704,0.6311412198330868,0.39224741581281475,0.7728478901411535,0.7629818251422225,0.10192813321647679,0.5361767044317116,0.6342106679575723,0.24699153360968273,0.461365472132221,0.32536475624495553,0.7751312104226818,0.74782520421447,0.3398778359511343,0.36931658968608716,0.4223340481719036,0.46102445913353457,0.5271652275658462,0.6643720981316914,0.3995773620125459,0.38857542974580916,0.12898766259609146,0.27357920926545204,0.16285202519688088,0.21477404080239798,0.16470314430108204
0.6904744684701831,0.7248333873372508,0.538759077074667,0.34039171452009837,0.5014937261544319,0.30678989986677807,0.3531973602240276,0.38531261673767014,0.4438579368436942,0.606074550939015,0.666627137991614,0.5238725195429946,0.6743404813883176,0.1674300269079148,0.4858076921585196,0.3995027227328817,0.31927154052772805,0.6929597418623753,0.6929133903029755,0.6187376894750364,0.08352830194655994,0.4606066431755911,0.31999749959550405,0.43170081024615015,0.4158471621635418,0.6836717483637844,0.6743477290290075,0.053111305872042075,0.5778323167755446,0.5758225469923157,0.23065047407519432,0.3653037101069951,0.3882660935277868,0.7093022777663553,0.6806446076030707,0.5100639906922628,0.3953642428805385,0.35529508667192905,0.4808242699829228,0.43784461240548456,0.6504601186171831,0.3389193186913544,0.3296427400209069,0.14691774365849064,0.361339965330516,0.14049123507191533,0.26319595703215926,0.12031562604424179
0.6651618501962278,0.6396972670989607,0.4972976490385061,0.3988412633305988,0.32999289425678086,0.5265217214215722,0.27036470210119085,0.38934544845905894,0.5678692911074003,0.6874565600331297,0.6560853838780251,0.5149128081779916,0.47680781417219253,0.5324152751561824,0.4110442782879035,0.3598425668558543,0.3801680173443534,0.651804588998502,0.6274968104252071,0.6324398389997431,0.1626061076965381,0.5224788373330531,0.2944974900537686,0.359876163424062,0.38522259094599814,0.6504231264152162,0.642464054228401,0.08708735027753434,0.5066841138905807,0.5197695298214713,0.28344504593556136,0.34940663468920385,0.4419930296774976,0.6877397326638631,0.6580193160232485,0.5501745200698079,0.26148521448982154,0.7393843048292712,0.22235164973239602,0.42729200265213907,0.647447129728114,0.44691685665680503,0.43303838531635863,0.1445926981001655,0.21721642139086006,0.5038030574391414,0.21045169691272442,0.21552602223879913
0.5586866262097936,0.6823642780887726,0.5910530182543259,0.20549630844954875,0.3812782601349974,0.5901600123913603,0.28639463823339234,0.4545870743861737,0.4224480158911972,0.6229862237316143,0.6953542072857135,0.5022248947684907,0.5720343089218354,0.468408124210043,0.43266842791241844,0.4173090009549636,0.2892697803486116,0.7557729394345849,0.7619411974692673,0.5637149952898861,0.20704994467507298,0.6498741522087725,0.2515270236696384,0.5055410497745176,0.053995141867224095,0.7073710438502188,0.7320674506608182,0.05220566754309086,0.4022586957697351,0.4226348356895518,0.46915030521530043,0.45714099211218506,0.3323358469395933,0.7924486294765147,0.7637163861177492,0.48824898196625943,0.4394518425828648,0.3878660418281799,0.45194037266487846,0.5417077875861865,0.7208837584555203,0.3995518356668557,0.3931419995020091,0.21639680777528753,0.23519766372207876,0.25401800954323495,0.23101324956194907,0.1701862345791579
0.7153670737110354,0.7624095966000544,0.5512341704358912,0.5210726004922066,0.45889671625452083,0.5733866991162505,0.34087197433893407,0.3945295838033493,0.47206551571753513,0.6809744457135047,0.7087595791298722,0.4748045700541191,0.6170211055726709,0.46028998428152057,0.465987565130492,0.42504739572534594,0.3399763638571368,0.6402094364160026,0.6373231590773265,0.547143958208444,0.09291096201789473,0.47901685036746106,0.326639477987988,0.3785227247079608,0.46768359770039447,0.6437294473391598,0.6342777443883612,0.07429155711364302,0.625130751365415,0.5605541091197235,0.2876798150627115,0.3310408324452494,0.3716353636818763,0.6761077538075974,0.6499644448010621,0.4193135543920884,0.3340557433117176,0.33643795752234495,0.4886521947018912,0.4110036262404805,0.6360950757412481,0.4322969528308586,0.41848428550860606,0.1432102385789992,0.4471979567566756,0.5126326296211532,0.33107820059315995,0.1963020112139876
0.6487430439178357,0.6655624844379291,0.524013013590439,0.3826907301066448,0.524928093320284,0.3840520280035238,0.35156615556199783,0.39132330878199695,0.571066472472644,0.6289945814765986,0.6018301945380604,0.6105832832230909,0.5808047970587438,0.30883097802826354,0.47664243876722967,0.308016288272537,0.35747081552989063,0.6697351750447098,0.6537325582466244,0.6475978419114499,0.08559748006427637,0.41498799783095563,0.3018102129523644,0.376254253081141,0.4025830405988658,0.6397992569727401,0.631396292851168,0.05571136430032134,0.4497292685544192,0.48002898309594366,0.23400010617548675,0.32117672929334784,0.4232899116514935,0.6976483951078618,0.6679937182473747,0.4990110529377545,0.31055239372070603,0.3915140110423243,0.49095265490882295,0.4201132704365771,0.5219664347184705,0.49771079123693046,0.4806449523426912,0.1008985986887581,0.6386808330022953,0.24171726892333506,0.25825818628201,0.251079809634781
0.7261006494811345,0.7289664883950207,0.5215050282443324,0.456060295324036,0.4936051774031944,0.5301143874192293,0.36069370655291216,0.35838899139419556,0.4713632476459493,0.6465092773604224,0.6803121317321773,0.6252555622369212,0.6836328400955176,0.4139243411130129,0.5450700423170027,0.3909845125549159,0.34649963324402605,0.6340095158658492,0.6286382671173678,0.47606405754902803,0.12607514080742854,0.4844769321672398,0.4040438310349472,0.35401328360240986,0.4385206436580628,0.6263732137454306,0.6173394986254827,0.07560619339760441,0.5813790204132778,0.5217235044846142,0.2544896466071383,0.30260677240761324,0.47814165914666446,0.7293851366118593,0.6976638630374643,0.435718440954043,0.4407852638554924,0.4779703454664117,0.30109951730221346,0.45122911130501653,0.6183792720990587,0.3600366822853689,0.3482874842047923,0.12542678201126917,0.45443639700878813,0.0855284980881677,0.36093382323433304,0.1311553270079441
0.6142475127555053,0.6811699514820246,0.5553259623215256,0.13997128794093514,0.612082665693229,0.3152977928658024,0.40835412645479197,0.40081947626333114,0.6386258249616418,0.6984728927924229,0.6289267475593243,0.5777510523150933,0.6211634680799785,0.4947650194000059,0.5340959327125875,0.286700726411689,0.270816834239095,0.6652088412620005,0.6975900450837423,0.48895264194570526,0.021045150772367044,0.45625006751682295,0.3585163357707378,0.44036285226857996,0.4034285963055039,0.6203314418644732,0.6121633898622904,0.060736196319018415,0.3259367824770271,0.3881126943865488,0.5878253691618349,0.28797375298210115,0.4597049917362041,0.6883773374098929,0.6583852437796425,0.5556137289121582,0.614447383500076,0.24355932055083318,0.49166930186858593,0.3872273880299899,0.6162971075976085,0.5508497095718747,0.5319801911300618,0.2177583209400725,0.5360517970740502,0.2545917000585059,0.33546198957163786,0.2921273833213273
0.6891475655746059,0.7643092767792095,0.5670749300201428,0.45667555373256763,0.622350987906528,0.2483102922775179,0.4561090887281277,0.3976986480006112,0.6021062846281845,0.6818376572366902,0.6320668437807164,0.6892363199037883,0.5943787734839246,0.5278974057256051,0.5106654442512252,0.3115458579960194,0.2693245930965288,0.6350073148026677,0.6742948838206457,0.3621649396249037,0.12090031051622556,0.4358509000792607,0.3799899936886272,0.43622027175325284,0.3556235868982408,0.751202654637154,0.7429803367274393,0.08448729184925502,0.5060986319484889,0.5731213997973557,0.2967372628064786,0.43929446045879006,0.298370624715214,0.7044493889339316,0.6834733397746966,0.35427574171029663,0.6859870017052111,0.27319854899038487,0.48201896957268575,0.4453283565129694,0.6704382621505947,0.4682478027813647,0.45470978290491815,0.05932008127186278,0.42196536828007863,0.17190782590967488,0.3154864989160525,0.22447393909557828
0.7167997531973628,0.625172952296387,0.4562185926654506,0.44693396226415094,0.40484451925717463,0.4272248549030002,0.3312279018624305,0.33800102217911143,0.718489852041236,0.8062093178327302,0.7012468222561603,0.6949488875526157,0.5356170454687338,0.5271243767744935,0.5090541654979095,0.3353886298902795,0.42154255305076166,0.5258947246960768,0.4986096843413739,0.5724501156118866,0.0789886167380866,0.2919447862815111,0.3023265655746404,0.22968359353172166,0.5464146207739303,0.6370316185544843,0.6290526352752739,0.09815950920245398,0.4616019986924116,0.5613700754444302,0.24538700799032312,0.3270856305407285,0.5216407031436211,0.5003204315171391,0.47920931794460725,0.3024432809773123,0.21535441653116277,0.44664044485851817,0.19876538905719812,0.22348439608399998,0.6076121571230467,0.5314965598677688,0.5131372282998041,0.11694350767683963,0.5066989779764469,0.5806886153924458,0.23500265244166949,0.29289069337935875
0.4920379423605453,0.6504331363459473,0.6156923379350695,0.04752871205906484,0.5003612668822162,0.6115620000814374,0.28627002921127004,0.5168304074536072,0.7408000588324,0.7587524611008639,0.6454240011677943,0.8484666265784726,0.432848634146197,0.5730878727185728,0.4260023675713516,0.28969938374284937,0.33105655557174696,0.7623148194131946,0.7465422134837469,0.6410036824526848,0.18630789834865896,0.5607686168409347,0.28934528902078155,0.4858698906701302,0.5163206006750843,0.6024237352269051,0.5940137362071356,0.07572304995617879,0.6623325702465519,0.5173937124472088,0.2919717830594639,0.28775588204549113,0.39220131634811095,0.8044172992879784,0.7713794354846463,0.4670157068062827,0.45697837015525933,0.3100304099994046,0.47564199377678995,0.567176465785935,0.5338215884779782,0.45251935096266066,0.43683667006998583,0.0526172472298444,0.30193221158550865,0.2860189287589317,0.1977914310259638,0.2099928944133531
0.591933337369975,0.6915579060732533,0.5758105168274668,0.29757998359310905,0.5139448617812278,0.5670465931951929,0.32644642318825606,0.44974008425044043,0.5289070458727939,0.5571861699648358,0.5676371878920897,0.503728202044498,0.5142461914904948,0.2611626951138653,0.4636660180348472,0.3077665376928854,0.34020968960403275,0.7665560405634686,0.745990937606708,0.6056350089920356,0.09738051597453729,0.5980420860187534,0.31045400251268673,0.4808513309476864,0.40444410655479895,0.6751742780737113,0.666248531748624,0.05845749342681858,0.5372901694038118,0.600242854679964,0.29737785408144835,0.3614394581363688,0.3442881481994512,0.7789881965525327,0.7499735075453103,0.6712332751599767,0.491719387839535,0.41630174382898916,0.46903108374190516,0.5410906323102538,0.6413538760243349,0.2933002469392983,0.28541035273768833,0.11298464632077253,0.347048471232689,0.12751085494047254,0.32715330579718793,0.09162698963684685
0.5913370545337474,0.6992446025794024,0.5810634923872477,0.20841878589007373,0.5966051688925751,0.35753167571605066,0.3992324709507589,0.435812613767087,0.5627490999475095,0.6017689970640663,0.5830677151546634,0.6275405892964523,0.6980495359307819,0.16121958870425657,0.5666677764745796,0.29226090371546987,0.28754999533644765,0.823392813235851,0.8204013412932596,0.6064913933373298,0.21267663718222235,0.45578590658705775,0.2927441294281037,0.5693767507968497,0.2751885156104156,0.6677946007251843,0.6662515242783922,0.057843996494303246,0.4715394796049783,0.3156517966258751,0.4805242213435351,0.35565665919483463,0.32344473344844915,0.7490528119195436,0.7232144083748933,0.45811518324607325,0.5654180622937913,0.35929659393601554,0.44581368374953456,0.4873208734080757,0.5907473979535894,0.31752919081416087,0.30654695237818635,0.17837917094321445,0.42315994134497664,0.08400850603769239,0.2875988985612874,0.10013031613029022
0.6431368428407065,0.6849872280566485,0.5400240492513344,0.3399302707136997,0.6587528693973723,0.27437812858713617,0.4459923435827453,0.39235413833136656,0.6992766046754291,0.5720855977146445,0.47907762147725386,0.759591100420926,0.6450272454820999,0.3779928082123113,0.6661230700736868,0.19672740889796303,0.3401152577348082,0.7137827572952126,0.7001810092520029,0.6416459707116554,0.043091589886446846,0.4164057422036363,0.3206008900303517,0.41791424177306824,0.43238191992261427,0.5486231604050674,0.5406470734301431,0.06815658778848963,0.630391961029418,0.43127610430810764,0.2807362676832007,0.23009671554682187,0.42262617939134295,0.7865068216680893,0.7531097589488182,0.7085514834205934,0.8330900582354747,0.3250985178200378,0.4419937316623009,0.5196547652986703,0.7099742835079068,0.34352353917035233,0.3391059786196313,0.2294882805136047,0.3305481729605659,0.23602880178087265,0.2617515593360498,0.12763177856439392
0.6013383960046524,0.6781903434536647,0.5614856030103172,0.053527481542247735,0.5777951392196465,0.36374419630025,0.3829972668347171,0.4258963192286124,0.5504475064821561,0.5239908645590218,0.5257243180028442,0.6303668069753458,0.5402906543110233,0.15191061400411632,0.44521488585144803,0.26901146659932085,0.31575357391753844,0.68455037411119,0.6876838333888156,0.48899546116297,0.11077212861014449,0.44859961700930573,0.2845983119642233,0.42317743248303463,0.43796832370405225,0.7111433917178192,0.701089807045618,0.060823838737949165,0.49558477417943114,0.5940149474807961,0.17545313465817794,0.38925136801765403,0.42359857208814966,0.7413047711154923,0.7097904037300107,0.42547993019197206,0.4042845175289199,0.4701693472092743,0.46782507911182825,0.46789654527283286,0.5573262082156732,0.31817398522690193,0.3069601860674582,0.10781089629458958,0.5255931273783134,0.16711986249537025,0.3244690185181535,0.10155316107994378
0.5991478056770436,0.6939244568356895,0.5728254061133506,0.318857670221493,0.5245537192905017,0.5854707861739242,0.35730921584584185,0.4279209319980657,0.698574566103213,0.5770479400488293,0.4841279074056826,0.8512327119663259,0.5880014567641977,0.19263539453166087,0.6303060475574299,0.1993850854888961,0.36211322766130466,0.7066811136406791,0.6836834910361453,0.5960006851074763,0.06396270340676172,0.49840222816907315,0.3251581002688228,0.3924529830618565,0.41230889140270915,0.5872724683441283,0.5792814684920191,0.1168273444347064,0.3465491836964775,0.42153439444369933,0.33042825706814327,0.26406085548791497,0.3718544476259171,0.7373385608606162,0.7083706728148379,0.4136416521233275,0.5400685582714114,0.27412490740738443,0.4582544413601187,0.4632767597193569,0.5025861490430384,0.477822532468299,0.4620522149051361,0.015039483881778781,0.5942177605230438,0.16168283852698553,0.2708238983873983,0.22699939293049415
0.5542998540535937,0.6979763722071567,0.6034957204658162,0.22902994257588188,0.476339978617854,0.35946277836413665,0.30788125278868006,0.46402886797030835,0.5017506625027157,0.7060217046230118,0.7116063125986622,0.6484064942874324,0.5399643674028419,0.5226770243774251,0.34640451260300953,0.3935892838619374,0.2707218586769767,0.8047092021171238,0.8131573262680625,0.5562644514858268,0.19110103286398036,0.5588180628488031,0.26249982629551954,0.5710248950544171,0.40856314026088714,0.7690413692777738,0.7587998784538936,0.11939818872334208,0.42768711155073824,0.5755598349365203,0.5394366770271996,0.4510730141187337,0.25451385397769083,0.7500464035152126,0.7317725397648904,0.3197789412449098,0.2718182599875375,0.4313386808954285,0.43993593459075275,0.5091420222276262,0.5749725565104865,0.4591026447669323,0.44290220804405844,0.02302004566305693,0.378614568684089,0.197774227689977,0.27829914885450857,0.20768960947998466
0.5824981250268662,0.6455050273883329,0.5532722582585647,0.13930475799835923,0.5704666284599705,0.37288054609601495,0.39554830064854946,0.4337528577862038,0.6636792027649067,0.5049014727392651,0.4365923232472256,0.6505111244738425,0.4886753483777954,0.35147006932284813,0.5386044254133314,0.1906678907147003,0.3488973578643506,0.7258131251455494,0.7064499199174137,0.556392909137621,0.028793064159345183,0.5167673089866546,0.32029705498951694,0.4305728533116789,0.36304376434845986,0.5498277432828468,0.5444561802718038,0.10055506865322815,0.3315796504739959,0.44952526733487913,0.2613373461776403,0.24141979946947123,0.28597330110768077,0.7502303520692264,0.7281244698347069,0.3735892961023851,0.6469420357371666,0.36299522019199915,0.46254941899305924,0.5114207815073295,0.5993645868352053,0.4137580236820858,0.39947911613379805,0.14913805743490924,0.5032099062553607,0.21355678633190622,0.26813680791772465,0.1737101549491154
0.624813579447276,0.5723552658836635,0.48218430328329054,0.21918580803937654,0.48587476676592134,0.47434168561436396,0.3512053651597141,0.38093904646742155,0.6560466481453888,0.6572246588446979,0.5811871938999841,0.7101623571858088,0.5150200312967186,0.383425499571994,0.4962875605090454,0.272197364902581,0.33164487820760735,0.6656458652473309,0.6632579140358954,0.4892523764665582,0.06651927415856113,0.48501570852799536,0.3111572086477695,0.40209032513938564,0.39501594520429645,0.5939859985468328,0.5864618776021794,0.07677475898334793,0.31338824864793025,0.47138191426141,0.2809732486840836,0.28131567624146253,0.3953517240557086,0.6846838625706376,0.6567458864372984,0.48795811518324606,0.4359703919237189,0.2706503288288775,0.5002635681855754,0.4126329092139961,0.5658586637971053,0.5666335899643097,0.5466174344187164,0.20418508200498525,0.6044469055694908,0.6003858407926604,0.25785767166119156,0.32758761167482026
0.46204460825100646,0.657367894879723,0.6397889215078775,0.026815012305168168,0.4854429379748443,0.43932670298479437,0.2938911000071915,0.5461735139285596,0.6545471743720046,0.46767348587699253,0.40955371533445734,0.5903788334335538,0.34313382898693173,0.30972220529809696,0.450527729208806,0.18311352634804068,0.37526363204529783,0.8679122252550873,0.8218324046782499,0.6988952641945705,0.2100683091731403,0.7643688600641827,0.29093346776491236,0.5490286900058066,0.28383598986670894,0.517575375065507,0.5192103643649392,0.09371895997662866,0.5263183786228861,0.4319979775384648,0.3109197817634104,0.22812182266267866,0.22762972427163372,0.8147996530562867,0.7961724237596093,0.38580570098894706,0.7071749653861766,0.40703984131591947,0.45122038979753004,0.6258798329752434,0.6695962001381455,0.3627733048378152,0.3537550823483917,0.156343604030079,0.12829452538532127,0.2780988329567664,0.19394034789476478,0.14081946629092845
0.579171866093276,0.5965922224445859,0.5265650268469707,0.04804142739950773,0.48142183942190186,0.37074492324892705,0.3193432742450156,0.40274620102610015,0.6262894989304224,0.7645546014451456,0.6980372238075019,0.688334335538184,0.5967443412424347,0.40704224744871265,0.4729163619447911,0.3365559232291615,0.2757929484023167,0.6856043198769295,0.7111681017888464,0.4433073563415261,0.12326492496654137,0.4429326785995414,0.2722122591332289,0.45618550145397874,0.3863309538162653,0.7137951732775926,0.704911250068176,0.0665790242477359,0.23920992030393895,0.4222744051334509,0.46970177046917766,0.3849228628291941,0.5295621879838092,0.5984075717103124,0.5733811639712455,0.44077952297847584,0.16384325840953917,0.36867451599795137,0.586061853067597,0.3001138895418715,0.5292222645217449,0.6125510433747892,0.5912093435190592,0.2683018788881674,0.6900305323715256,0.38452893933175736,0.22569315222982209,0.3646860512602362
0.6604179699571034,0.7025547361158175,0.5412035818283046,0.510305578342904,0.45933094381190953,0.3678906271172101,0.3227456351284089,0.3972928883925072,0.5432613396139996,0.6362893808140445,0.6251696418702278,0.6585688514732412,0.5619285894708697,0.16973655419853267,0.46900400389139596,0.33215653362542114,0.3703640228114798,0.7563910781874661,0.7238866515711566,0.6079472467243299,0.03615054251033542,0.5201890727327872,0.33938837120272763,0.43859728981658375,0.4969617487984471,0.6534487574251419,0.6440622361199724,0.0768331872626351,0.3925249715241008,0.5182951371753745,0.3024021419078671,0.3331419010720794,0.4242458200093428,0.6964923912260208,0.6668566437016998,0.2881326352530541,0.2916557280738089,0.33664137700791635,0.49067063126195776,0.4186077225989539,0.5934740961984263,0.5263131207835936,0.5079015127362749,0.18068327014515828,0.5483185259627639,0.6300372388495248,0.26720526243163706,0.2797716538896113
0.6056700600258565,0.6878971008087182,0.5649364397214693,0.2370795734208367,0.5538726292242564,0.2825960326628728,0.35389928022485906,0.4151168628312978,0.45793681405897113,0.5336422787384262,0.6003191295770602,0.509380637402285,0.6110932154449933,0.3170758140738242,0.42490834069036976,0.33890982868356856,0.31210642282141404,0.731424135739401,0.7293177085900873,0.5535668407981502,0.08122292388020663,0.5002160707263381,0.3318680149303369,0.4542812582140818,0.2596028594061439,0.6752755608949959,0.6749039664918237,0.05799006719252117,0.1971847715651012,0.4453145938114931,0.5557919314923807,0.36221695794945036,0.2782940826176403,0.8138958409953829,0.7891632877217938,0.24610238510762067,0.4742464311317852,0.35209952014637763,0.4533991163890882,0.578122115248116,0.5633445646973296,0.347018619724745,0.3347565779408426,0.06026266730902158,0.5283361552240897,0.10850582359039893,0.39389896831944404,0.1175843840695309
0.5879958613158026,0.6541721348185183,0.5550124824694526,0.1560192780968006,0.5428589660375333,0.6098031886107439,0.7710407346003981,0.8602740183287554,0.5452908047689382,0.792674584219054,0.7650748392874187,0.736259771497294,0.6487457645975949,0.4276130077424943,0.9361393383287602,0.8327070058863789,0.30540057761749795,0.6957622149198885,0.7027201794799771,0.5355827695469727,0.12076566332062871,1.0,0.6789940375640299,0.8715081302933636,0.39058564038671656,0.7111086953289272,0.7021207922368198,0.0770084721004966,0.22005167737716963,1.0,1.0,0.7688502439175944,0.33651369682542265,0.7124381188140325,0.6872693628773139,0.4520360674810936,0.24832958443435563,0.4588463993524875,1.0,0.8746574776387172,0.4142812167220986,0.5356289005740681,0.5223198589872395,0.04310760143273079,0.7403581552426626,0.3373407187707165,1.0,0.585324764245183
0.6561240067098147,0.6117663146800502,0.4854433612415987,0.28245488105004096,0.43195494434750537,0.5018266096552362,0.33790521896658665,0.3856248889398552,0.6880392878157712,0.5765514461648849,0.48894030497738566,0.6769693325315694,0.49255750672463716,0.4623788733590895,0.5400520371927535,0.22082232872670027,0.361593650053402,0.634019533720614,0.6209427113056045,0.5020125032114413,0.10352582461437093,0.4878277601592097,0.31856507973534787,0.3619719582672623,0.4993834539420144,0.5531214481949034,0.544990659067215,0.07554776511831726,0.41823159075037875,0.5137858546315466,0.2761702974731861,0.2513613997824478,0.46458586339658825,0.6510917269151952,0.6226119448083594,0.5214659685863874,0.2520969950019413,0.5833460282520238,0.5292828392092868,0.38253739474208104,0.5624049349023782,0.4552824805881539,0.4392006639661845,0.1647640392953646,0.535287218461239,0.5584070616065597,0.28532960030354804,0.21972219050687358
0.6618148417255381,0.6846292085240913,0.5284798975383707,0.3535172272354388,0.3511463748178443,0.40599655987170946,0.248330867890882,0.36890747047344935,0.5744759845773589,0.5929028944853141,0.5680739029797025,0.7805171377029465,0.45090225085359664,0.30516832906127006,0.3908949646210533,0.2724453707711149,0.3938498503598196,0.6219365432945644,0.5951701931358712,0.5764751220347692,0.20081686655731065,0.5360906022811883,0.27620387518113243,0.294072218089516,0.4394350936475555,0.560033296245555,0.5517942000552869,0.10791703184341221,0.5837579433257825,0.49418937333455776,0.27634311409660933,0.2333681445018213,0.3118684473199128,0.7104797753083352,0.687736749137525,0.5866492146596859,0.34266342926630794,0.39711263204237807,0.4441211219776869,0.4321094798718096,0.562262564529775,0.3591779067474449,0.34648945621646543,0.1861083764479169,0.18212109085862416,0.3623575752453072,0.21187493917632727,0.12427609920846627
0.6976854628115761,0.6717892612188621,0.4985064230053834,0.3128589007383101,0.5433785490621367,0.501923564792196,0.39774265546197174,0.36406281675767155,0.5861866267287889,0.6312189528086817,0.5948768016017524,0.7413710162357185,0.5317614149174053,0.16380743216712024,0.436610236972607,0.3024872614411004,0.33551173674284035,0.5319858293901374,0.5503132026767141,0.4988010619165882,0.053266593726931516,0.3539681276452994,0.32466182254246534,0.3017785552075226,0.3989320133317081,0.5943351920723181,0.5866676580486522,0.07814782354659652,0.37820987475493817,0.5195515485497545,0.17738790774427765,0.2814096847903839,0.4088322163651875,0.7103735015828596,0.6806978980816949,0.4145142524723676,0.5055836010767814,0.31910218178624145,0.48539452036854147,0.4421216727922874,0.5228705661184299,0.3485739753141156,0.33696136734340987,0.01332188265851153,0.4871519440928028,0.3305688298386479,0.29353214157534613,0.12574218278114746
0.4954064673317979,0.024754006672628337,0.4056161702358314,0.04035069729286295,0.28836516302399123,0.01046356614334204,0.13374062825410554,0.478095618113997,0.6254557708309624,0.08781854909705145,0.19767289057032617,0.4946482260974143,0.18047746844392348,0.17704032742143114,0.29805012146884163,0.13663463489252584,0.36876654821420746,0.08451292031225427,0.24176283678754384,0.3000342553738118,0.19498410332174237,0.02570874390333283,0.171831254323038,0.12632675260717996,0.5126207834534716,0.14046296193906,0.1389119023037957,0.23207712532865904,0.057618447736463574,0.16112844922091435,0.28149427601020793,0.020949362168865338,0.46712875638419554,0.04916822888782607,0.04565084477597808,0.03912158231529958,0.061448153681465445,0.039715305955570324,0.4210528481892837,0.002947275731931015,0.5746178896574344,0.0951396826808113,0.0918536954835415,0.0854611340357345,0.09394047569271852,0.06048230720530612,0.374182019781078,0.011704451461753751
0.4997570065616338,0.04698286451651712,0.4028565363080195,0.06808859721082852,0.31309091125488536,0.03922844523076069,0.20927135313720435,0.47407835878663385,0.6588757628203328,0.13329167598522368,0.17859591733794844,0.5641010222489478,0.19975612993622197,0.07936970934961451,0.5605022052964421,0.11766757939610836,0.37213618362070017,0.0896148287747659,0.2394284332124311,0.3078701721332534,0.2191905062059728,0.02366800847172862,0.21125519686649608,0.12350901032922126,0.4550158315107231,0.213857104819825,0.20961028800940434,0.26812737364884603,0.10806239658425104,0.14465240032468274,0.29796408207226033,0.04505746054158832,0.4797646069666965,0.06796531079336227,0.06380232975980382,0.10066899360093076,0.12987954244001063,0.08986947151202665,0.5380000640575786,0.005437520248964184,0.53752406124659,0.12743186590731848,0.12375558847376389,0.05487945371902561,0.0759714847640513,0.05153210962123467,0.23178809025848265,0.021191668133926644
0.5103434912253125,0.10855746453669923,0.39936932368978517,0.0821369975389663,0.2720676906761465,0.05145022503896818,0.37780358338112885,0.4663751724593619,0.5595853390698505,0.23147397722821433,0.31865592200379866,0.5050511124473843,0.26307971387028506,0.37474994573864234,0.2863821902876605,0.21467058258247812,0.38025065859500945,0.10905660570136616,0.2367520472764025,0.328637492506637,0.20447432254937994,0.16493258673824593,0.5487085939512844,0.11819897533611727,0.4568253094413315,0.5105365657988244,0.5026986299519697,0.33499853929301776,0.6115318524163322,0.11081907693439816,0.3581917027582296,0.2494543659204795,0.4772229794612868,0.09576699685281925,0.09031206030841704,0.09176847004072136,0.12707048653848813,0.13265167850581286,0.5401130140939271,0.01036031940359683,0.5791533655016515,0.26062189614597403,0.2514863040865717,0.1902976477241784,0.1194878238737806,0.37855725063984896,0.23021544718249493,0.08468004601816331
0.6071604585358015,0.4254709487689929,0.4173266798212803,0.05952625102543063,0.35536434534945927,0.4622641621032712,0.29225324479003817,0.42997816564531854,0.47779267249087715,0.25424479494401747,0.4070980641622665,0.5155742633794348,0.3844525259836061,0.22587047131138654,0.501079774291975,0.2997297447217965,0.4225699664838114,0.22512067964135646,0.2568893404497641,0.38545859381690506,0.37518567191083996,0.047673729786375074,0.5239872857476691,0.10875702057884193,0.37711600267064926,0.42436192840644604,0.42038397329751487,0.30169442009932806,0.41064124865341867,0.2726790821130088,0.3949568964124164,0.17770468589882293,0.5020373266886697,0.2553789135821702,0.2440761075499974,0.07902850494473529,0.20320979168854725,0.25508865866221053,0.30171904108379044,0.07076723711556737,0.5269957160109461,0.3535896851331978,0.34166425181497095,0.10877442868812973,0.06166603018643235,0.5754965548912985,0.2049139621278671,0.1558967086269942
0.8087294040304718,0.2542704593019083,0.19263059911318003,0.3833059885151764,0.2098060870925634,0.05455365706651355,0.1792958531528533,0.22431800526440396,0.22162988230877573,0.30256183530357894,0.6770224444444427,0.25051112447384255,0.3186450063963302,0.4908779709911401,0.3945000998507674,0.6480951530027328,0.5994791959231163,0.24511568932354055,0.18811550237381747,0.5969427078872999,0.08845285999062394,0.02562812149405419,0.42978946736538187,0.042281127959593906,0.4675989188379903,0.47137504718232853,0.4639599267971521,0.614431784983932,0.48596943817964205,0.14955291792637987,0.32634594892577135,0.21293323308750026,0.4662969931440478,0.21698605776248717,0.2064719071145062,0.2745200698080279,0.30512694900971055,0.12957891317002737,0.3470924074271452,0.050718086288387504,0.49469101962857637,0.23945196702808896,0.23375535653477347,0.10217632642801786,0.13477255762936202,0.48327551640364574,0.23670547195579805,0.07493229571595342
0.5149670714359622,0.07062345866023678,0.391650124810878,0.08767432321575053,0.2665278955063817,0.09308676716308459,0.11016255690332291,0.45920263515998644,0.5913411301490834,0.23400247966307014,0.29046889856903396,0.5837642814191221,0.33129968504360735,0.3498955018767583,0.5212090229768638,0.18804166624739121,0.2551484901238912,0.14140311050904547,0.3845075151311848,0.24732379892095574,0.29613696698051534,0.09883965103424278,0.12671344344453508,0.2822161650082045,0.5683878109183899,0.5945306613988451,0.5881130502528222,0.8726847794332456,0.3439233272727914,0.13661728003068255,0.14620189479177284,0.34281747704050375,0.44133065798197485,0.18989742187510208,0.18156152780757523,0.15828970331588132,0.21580826843156956,0.06835640824978115,0.21670200015287744,0.03993614883543889,0.6160212914583225,0.19702217543114514,0.19166125007131862,0.2331329465239522,0.16252936191555,0.2647368968391842,0.3008639194005222,0.0502757102869531
0.5235581570834578,0.08440603343877101,0.385664921643179,0.08823831009023786,0.27707843934403886,0.061969311931035664,0.27733940601548945,0.4511113780112685,0.5901410136845793,0.13144794841040214,0.24657319434869623,0.5016837041491281,0.17217868617224216,0.18629562083165746,0.25566434074605704,0.1696670161563535,0.31755849073925846,0.09971426969594815,0.30318964492757494,0.24428363449516144,0.2736172456799694,0.0385072792364376,0.337279536276759,0.18737150097210492,0.388004092074421,0.31872030112919414,0.3160720082585235,0.16441717791411042,0.4102356705717872,0.13649932575771762,0.33828337338621917,0.10199955583788373,0.4295265706396217,0.08888100213273198,0.08793330460456189,0.02239674229203026,0.18448272399675064,0.036316486516627056,0.3460599052744454,0.010717901462731882,0.5548701425491851,0.08345030205828735,0.08068961948671383,0.05018746988961273,0.10610464161080069,0.044724790667533654,0.40352216897622534,0.009125702362831223
0.5443726792464295,0.14076312103283956,0.37561374128904923,0.17457957342083674,0.2004209327099187,0.2588870364483358,0.34552282543414753,0.4344699673153348,0.48887453610030135,0.05742722716371529,0.33484898009968717,0.3868911605532171,0.22474787608147748,0.0766070351953444,0.2038707234422113,0.25638286302403984,0.4470337699222612,0.07057834634653637,0.15086192604434678,0.36648968056863923,0.10361190523511823,0.08947576470133203,0.29409345354013056,0.056833229744392755,0.5307308267605034,0.2089566367510785,0.2072927749715841,0.3092900964066608,0.15743704639079498,0.11190181396239546,0.29252158644039905,0.04513095988229485,0.48412499253203933,0.10047278516387137,0.09509837879402161,0.1603548574752763,0.10356036643432948,0.07647867235192515,0.31246273053010687,0.011481017062056537,0.5871038410173861,0.08660716348407843,0.08415939170909686,0.09459374541798456,0.023070409661922364,0.06491583565387549,0.29363417515310747,0.00999643942226175
0.5394592356248687,0.05011469140191177,0.36963784415605816,0.0918785890073831,0.29830054414731083,0.03558539204155234,0.16602300312570972,0.433345630671166,0.527405368895405,0.12427899743277293,0.3082270549340383,0.4647624774503909,0.2127176615001764,0.22065530058875574,0.213335526053159,0.22459584752446218,0.39296166680601197,0.0657696240412251,0.20978164171392594,0.3027318660614884,0.14513916480196165,0.09799849986805612,0.2513351800395941,0.10037283067167452,0.41755034118291645,0.18867732498200313,0.18658956955666417,0.13181419807186678,0.09862649596422757,0.17717502174550892,0.3054676174646988,0.036677503186973326,0.4626756952489198,0.0791466515467289,0.07452330015949205,0.08278068644560793,0.04968678267291038,0.09790372033819733,0.23796160438080355,0.0072479307055186015,0.5547275012852643,0.06879913152049005,0.06660312241432675,0.03785006598102261,0.051321435748104716,0.055868215604531035,0.30189785016643533,0.0063118412024527615
0.5187831750019306,0.04671086233329064,0.3868363406742728,0.06772969647251839,0.2595717678799358,0.01807844034052447,0.19926274413844047,0.4542792947570196,0.5576950078406623,0.08364542609311315,0.26700379286710285,0.4603126879134095,0.2329054096630032,0.10374801650120641,0.23357859223318045,0.19220208577673828,0.4161841269923986,0.1108796541394434,0.1990612556279034,0.3554423225143445,0.18839100538094525,0.10618821217977775,0.2757504538158806,0.08579936069830194,0.6071542104179337,0.1790728647991967,0.18994202568883367,0.2692667250949459,0.020540921423756187,0.19000667415269024,0.17827652563723206,0.042593112381439285,0.50370826721456,0.11222136124826515,0.10805236132300594,0.18688190808609653,0.07427509590620987,0.09083939656395379,0.29064533202822823,0.01505085052652308,0.5874414038274793,0.08983654909938982,0.08727289200567373,0.0742757797281163,0.021304884826584436,0.09718242159911356,0.23754388283811392,0.010721812402751829
0.5618343616876567,0.09908009103122045,0.3551986152591958,0.13017842493847412,0.2936231618760499,0.055505746185696814,0.14896025067220067,0.4136636835035122,0.5016324244273951,0.18902605112444976,0.3558380748939971,0.4903788334335539,0.2243774165624219,0.4910315988541619,0.2781734755744235,0.26033922102766893,0.387678494516781,0.15842850358431843,0.24984082461856486,0.3786075190545517,0.16524505939786238,0.053023601114595975,0.17683260493973169,0.12069612455251096,0.4991128364323774,0.3787741530478982,0.37281068561621217,0.39363131755769787,0.04808608253834906,0.26104189505452674,0.16747125604263052,0.1387177180099296,0.43365665741368126,0.16771906867447872,0.1611376573021423,0.15878417684700402,0.03707760215976649,0.036788240690577845,0.1902367981387718,0.032042109575020905,0.582843320731677,0.12357430522289475,0.11947488678579116,0.13296747030853984,0.05607058600057957,0.05783747344702861,0.2994798046793853,0.019610259832493426
0.5163827436303227,0.05090228312228173,0.3890905680968121,0.07706111566858076,0.2967381928088548,0.01954406690942384,0.12718790125088836,0.4568980118922792,0.6148306017874641,0.10469445917126274,0.21315689540742183,0.5153938665063139,0.14893849878015844,0.1359657272775434,0.3441110090476698,0.14651496124512023,0.33079531230606135,0.1045798921438264,0.2897241898857916,0.2767834203990751,0.19802100650476961,0.16202565983084785,0.2894762045643246,0.1717597017663725,0.335605552091521,0.2735600052853801,0.27774141153748166,0.18472100496640373,0.13774914690085846,0.19129640639500312,0.16760687051321121,0.08277703235247216,0.424498920970762,0.12828235917954173,0.1252239406100824,0.08853984874927284,0.06828533555562794,0.14721633805091888,0.180036351728987,0.020376292639031096,0.5843007142788867,0.11559766092895007,0.11185399337084417,0.1221382040594039,0.03381702219845473,0.06516880588815022,0.24336226256648108,0.01726391906186503
0.5016359426002186,0.03759587042562529,0.40082599944757785,0.054347826086956486,0.287923015887138,0.031907468877557216,0.11807807268142356,0.47182573926865184,0.6372514968201347,0.07322517517794991,0.1820016424515965,0.5049308478653037,0.18493207388940303,0.040272278401639605,0.21629912981697733,0.12658036049870586,0.36208409606054826,0.08626256986777392,0.24971433641515203,0.30431617710028264,0.2366559170455974,0.07506978993050004,0.29663218237591055,0.133590919103659,0.43458982296888665,0.1262176352456742,0.12418388202850084,0.1579608530528776,0.027755665687390574,0.09062216138195522,0.2876442481691254,0.016815522601283994,0.4538988553984248,0.06000747577796456,0.05707330917021897,0.04246655031995347,0.06044358728972085,0.04474747892049469,0.2985892475441543,0.004557864181124999,0.5374072374060033,0.10469035062396426,0.10200126134377813,0.07155275339854635,0.07470916384523424,0.07082858729370756,0.28215190464105083,0.014608274928919252
0.5180753389047502,0.09490299889833409,0.3913321169020627,0.09792863002461033,0.27402111681985997,0.08468821679744079,0.27575035940584175,0.4574030664952963,0.5542395000894175,0.22521355072550675,0.3205926651500648,0.5043295249549008,0.21672084499198052,0.34425999889568887,0.3769081754074314,0.2179815731676928,0.32406085663369666,0.1588315566945881,0.3157357405749084,0.2810225229082812,0.22090512368301551,0.06892402724769983,0.2992144296629915,0.19050175696237495,0.5260177195585777,0.5366136788210771,0.529326681647738,0.5073911773298275,0.09306047128370612,0.3768619914807393,0.23969349791615258,0.27707245505878353,0.472920516127152,0.20629271718292946,0.19619401520706636,0.12943571844095403,0.21140832985892835,0.2325325338125543,0.3146848123234241,0.045903291214185626,0.5489295534400098,0.14944373763783347,0.1444146468818081,0.1224105066923609,0.09023426072043134,0.2342189696516805,0.3414975666004488,0.028419943221681454
0.5193991347501167,0.20185149485581305,0.4080529005200813,0.0869565217391304,0.38633086341924333,0.06942251676765396,0.42864269155231083,0.4671220338653177,0.5193031047840603,0.25940298653249216,0.3705002732781181,0.5425736620565244,0.2781738073496086,0.17495621117875249,0.7210819738466665,0.2591489951814796,0.4333192864058669,0.24105539962126712,0.25942914302357,0.4285347263852017,0.160317355255782,0.33067585594532767,0.6883769291357735,0.10581544612207835,0.5909868581406962,0.5293670660939824,0.5253994749111253,0.4925503943908851,0.4417417064960425,0.36462445423802686,0.3948261983701891,0.276338066070044,0.47060223674528057,0.20797753775547356,0.19780806007036508,0.18792902850494472,0.316837885391336,0.15044766954340555,0.6440612838021031,0.04665269475420589,0.48242128918904775,0.2871883556948543,0.28021123338936516,0.213024444397897,0.14404014356654235,0.22528242797590367,0.43890952099358715,0.10719998641156395
0.6316720332209746,0.17661770336992302,0.31051195757032873,0.2617924528301887,0.2556962322377467,0.061114268682622985,0.19844842969666265,0.3552833944283975,0.6482166003301798,0.39644234412567625,0.3544833378616886,0.632892363199038,0.3467870039255968,0.404232077645357,0.5553197478893682,0.19671780022018498,0.43126611044512314,0.377323695743781,0.36697906899572175,0.4100796437441124,0.26308019251436415,0.3982484454312134,0.3779814557208636,0.16890664798298236,0.37538423238123264,0.7870887938788023,0.7775688813515756,0.5129710780017528,0.3802477414648577,0.8625984548578272,0.19979701599188876,0.5934899449635381,0.3463159566639709,0.272020748657671,0.2720405743526463,0.13167539267015704,0.017764658063520983,0.45574159310415496,0.18875437350319607,0.09480821161669453,0.5105022551139595,0.25050966557427684,0.2432656943329331,0.14949414549339143,0.27263935573564596,0.1705157064059273,0.3252006188086753,0.08027684880458799
0.4973009317673957,0.017332894459696657,0.4038415483394572,0.04414479081214104,0.26247727920643105,0.004100342559299863,0.006564969339153071,0.032753185912210214,0.678095361963698,0.07467415575312264,0.14003693942671147,0.5583884546001203,0.1651411864174217,0.009619852428613684,0.03533063299339556,0.0,0.3291411509981012,0.020383033248345117,0.2767918753752085,0.23302218035454317,0.2087613920585561,0.00027686017622402526,0.010835236549977534,0.016709267021204094,0.6426282111674597,0.11788580656552533,0.14685306085479577,0.23914694712240722,0.03294958286133243,0.028021069951465416,0.011066572619229775,0.0034870387468863284,0.4967716552643658,0.02778998031545893,0.029398854843663946,0.052646887725421726,0.0055348055624031,0.007976837329046416,0.02240476473410974,0.00018331134175042507,0.4675457201543311,0.08183057417568312,0.09291681664043583,0.03822710039588614,0.07418001000512037,0.0239524331110057,0.011982240491775598,0.001700276726600114
0.49685735633258377,0.02221516209117863,0.4043260856037255,0.035223543888433156,0.2922124331238105,0.007374576970381713,0.03455642427082911,0.3503395902196138,0.634135992970548,0.043338007755430896,0.17992680846042364,0.4994588093806374,0.1954051638868141,0.03591645457774151,0.2014312337012074,0.09179394219858422,0.38976091680143016,0.056321506172914926,0.21132974078281835,0.29947760554937053,0.16607882205489416,0.059257058497350884,0.06796958534864317,0.07609925425976052,0.49626093154255313,0.0756158156770178,0.07426347062570282,0.12094653812445223,0.07199788947947908,0.04247011276503876,0.21306094179499652,0.004878191555543615,0.47727381418833786,0.034697423532098925,0.03188916384581647,0.0587550901687027,0.0024900966114672074,0.042183548348121325,0.2150357398838367,0.0011799453789093917,0.5649784088510628,0.08723680530257766,0.08414245295323064,0.08118807733394778,0.03413917146863621,0.033333178180090406,0.15687828345059077,0.007362783009259355
0.5019452165073961,0.05099089096694309,0.4012376930307756,0.04973338802296959,0.29201753390175306,0.04075489925990328,0.08524199516770242,0.4719201212012758,0.5924747376962198,0.12266846761852801,0.24136183577291598,0.5044497895369814,0.23013410071551568,0.11117203483294283,0.3064281317121791,0.1665754560700172,0.3925889749219558,0.07842878037100531,0.213471004782815,0.3122805515115184,0.163899447932626,0.059620716377072946,0.1703371135030524,0.10208062090053646,0.49995721321211295,0.2345679945187939,0.23055548327918263,0.2923166812737365,0.08445573711170973,0.1327613873288364,0.2013447954347598,0.054412353438831024,0.48731627578267867,0.08801079723138461,0.08342524581738786,0.10279232111692842,0.025758987386583054,0.04421594484639163,0.19105591569293798,0.009029742086943793,0.5675942596393938,0.11243067283291469,0.10844574618694497,0.07829748015332733,0.03512628441804122,0.06064624947717856,0.18426169326420117,0.01615077078228494
0.5030917298201965,0.006032811918464831,0.3988072901050055,0.03373666940114847,0.24884832421577197,0.0014304765663573082,0.002099122574701684,0.032061896241011134,0.6471810318538301,0.0006542550843512407,0.16287996817566552,0.48238123872519545,0.15288989021307797,0.0013453966202702228,0.00024640742359000045,0.002018355827303031,0.3535699644147059,0.005406077157394162,0.24766351093666816,0.24595358396848505,0.17925812543200165,0.00011585626582361064,0.004055931382017597,0.01350426737044369,0.49309303824017336,0.009565724884272486,0.012737966259989963,0.06666666666666665,0.007460199955048485,0.0033081462270589945,0.0,5.26688016577459e-05,0.4829243805235586,0.0027489249647579816,0.004567190568391055,0.022833042466550324,0.006041272314515678,0.0032505702517551804,0.0,1.4265299753374316e-05,0.581658731291031,0.010572188557331663,0.012316588063879474,0.026601872604260474,0.01166897327165256,0.0030777407830231973,0.012391627031865915,4.0027294564648486e-05
0.5878263548432421,0.19634964928482534,0.35086727725092093,0.20031788351107466,0.29883480566577775,0.23049857063943432,0.3129147235052777,0.40704289099475616,0.5602948548898102,0.40846569136805094,0.42901576017585363,0.5669272399278413,0.5695356998608336,0.46343948748911296,0.8033552799831674,0.2777606546781181,0.274940022670463,0.37757887015092645,0.48138971716009626,0.19936627558448233,0.5118831500643652,0.2112169751588642,0.46612847291439957,0.34917477763969007,0.17868680321062824,0.8962985560939092,0.8975806644980832,0.14291557113643003,0.20948429613520309,0.3458831776152289,0.5217993408259095,0.825669723868232,0.5384606723357487,0.35248040664245517,0.3392281185271637,0.11745200698080278,0.35514997392039044,0.3911339516011127,0.5638852773765706,0.13915226641006928,0.6171685516179886,0.45410064924017474,0.4387954874972727,0.028487044678578155,0.5375165277840621,0.2571136081107026,0.5330393089991423,0.2614677451244159
0.4814802009165904,0.19056796591179592,0.4367530003569187,0.05368129614438061,0.3325095020085497,0.09338821492161184,0.18801779873046037,0.26524353253516203,0.4763032758261851,0.4834077260582973,0.5490105347934168,0.5730607336139507,0.6451436149661653,0.09707037652011302,0.43905237572074185,0.20591850083779106,0.0527134123211927,0.38454497598604026,0.6957747938153905,0.11377066027233029,0.664841375266119,0.14612284489182162,0.28714675173304716,0.42297478689836543,0.4408470541675784,0.6972528559421936,0.687331721553099,0.04805725971370142,0.24105965563466109,0.28643044255742595,0.2218987580858538,0.25266470480598674,0.6553198969653254,0.4796922360692617,0.4741712825572665,0.028243164630599144,0.4417037916560098,0.28685163646047046,0.373829380006608,0.15126702427291372,0.5181770122836784,0.7372940405794113,0.7116674804151053,0.0035818269412035975,0.8226381688730878,0.1841044790419352,0.3619185504423645,0.36556572951161864
0.6228653660113046,0.1359194963064151,0.30971792354379546,0.14730311730926982,0.23896863209575261,0.047983134285846774,0.2679065516289325,0.2045262976059889,0.5060328804438309,0.3970713132210669,0.464556902433085,0.6052916416115455,0.5800202589221282,0.08692652417559099,0.4452573325663333,0.18476961368114383,0.02729138265663117,0.2759606475827249,0.6781727891155519,0.014044703262824365,0.5973563413998084,0.07608596162183628,0.35031464211583346,0.4686090991733738,0.4312138783985518,0.4149458831233123,0.40869155507729954,0.14303242769500438,0.16418276884082553,0.13858618420418992,0.32994890361734147,0.09907750953120666,0.5256429508482372,0.46084150049555955,0.44166757555561664,0.012507271669575326,0.4450071890148606,0.29497066649617504,0.19636134146424167,0.1354259544617984,0.6817371343754377,0.6011066073149998,0.5827575605821003,0.06154039504828138,0.622739016900995,0.14073868313017587,0.20250743129444254,0.2703894518756373
0.6311633094318717,0.22866741755553277,0.324121428190315,0.14422682526661193,0.1867061417420133,0.13149111716378997,0.36261869738638897,0.1992606547550042,0.46584644999496516,0.3295973862602659,0.45744405583020775,0.5621166566446182,0.4951792295981225,0.12508346721239413,0.36166688552957893,0.1876112564352455,0.04725102544641835,0.40323506674856735,0.71018599678928,0.033484627901001984,0.9632946270248902,0.10642114097090355,0.4584273182706482,0.4603126150661153,0.4309588007037582,0.4966169688854817,0.4893229044922163,0.12737364884604147,0.1837608687346603,0.11192159763356024,0.3170964129404955,0.13637752905970651,0.5214135520598424,0.4732121542438475,0.45327637951176347,0.03391506689936011,0.5570845241136804,0.35416040395214043,0.37586661947996775,0.13754783376173924,0.7319805851124103,0.5173273301446443,0.505923081548871,0.007415010158982854,0.266134369963816,0.19553246364403581,0.1855203119714543,0.20046269139639303
0.6822268864189182,0.2651259709912701,0.29493077088305775,0.3069114027891714,0.0831807753177004,0.17026964377065731,0.36899931110541445,0.18418110892902975,0.4466985219747926,0.40929108571029843,0.5223802240402631,0.5514131088394468,0.5525077401810249,0.035900448576856925,0.5148626223073696,0.22513565496462798,0.06363590220957738,0.2751319018269428,0.6385280980558843,0.05626445148582687,0.6849780955548891,0.040344408686842914,0.42773696380276793,0.4152847984629596,0.38499500243291473,0.5988044910925863,0.5915986212684419,0.3342389716622845,0.33401054564948096,0.11379410353247166,0.3004627486792259,0.2062803323255779,0.5373102664422635,0.39551162093825687,0.3800822252829953,0.045695171611401963,0.37922632780968046,0.2944547636684064,0.3003406881693039,0.10138632756240666,0.7272668474433823,0.5627232034043165,0.548818426394035,0.06357219161726818,0.3583192031678671,0.19823443679633265,0.24561207598294765,0.2428367475530318
0.6685739403346538,0.1367857312266777,0.2720475681591451,0.17427194421657094,0.1681309498440625,0.11752291784527047,0.17573692871222535,0.1700318538053802,0.3292891159379653,0.3649907965622736,0.601800073958251,0.4388454600120265,0.6109455708066085,0.07550351029033814,0.36591830828904776,0.2847579625489882,0.047667702778545595,0.33120012787334274,0.6773917537901272,0.0896634409522995,0.718054126273792,0.08235044605623079,0.2201305165860737,0.4297936067579472,0.4036931272953911,0.4547030813471243,0.44884289469447386,0.05690914402570843,0.25619135900343426,0.09302687938193413,0.2784224562318339,0.11349508689843,0.5520777836214744,0.393275106893772,0.37920046207058405,0.012914485165794076,0.36245619893716347,0.2812020657363495,0.18648537009441374,0.0963514145830846,0.7294892782626612,0.5683558339386815,0.5543576555892369,0.008629898829098703,0.4941575437998804,0.18921854706067748,0.2409748499833193,0.2350743703890675
0.6297708755108022,0.11684156562541648,0.30091105881687397,0.13679245283018868,0.1676719518028933,0.06375397972541649,0.23220911845781644,0.19227173756613736,0.4285595101151908,0.4082493467053132,0.5372670291943483,0.5841852074564041,0.5246498293587714,0.07190712053022197,0.39127486820146556,0.22862939446287153,0.02818517656533137,0.25541141665298933,0.6703215521362845,0.03314207416288434,0.5803369539084111,0.07384595617428694,0.3094806167432943,0.44686090417728397,0.3920447937173275,0.5073757759806526,0.5012295181617081,0.08878177037686238,0.24516726026422025,0.1573705692326717,0.2523365343196422,0.1437474819577467,0.5607159343543021,0.44217607598585223,0.4264241196542185,0.0179173938336242,0.387776566052026,0.34929086524331165,0.2108064670143224,0.12362108524015122,0.701140356909259,0.6160684785101354,0.5981454384242239,0.03269726231122097,0.46502582130228104,0.16036956241884742,0.25189867483120476,0.27604084214089675
0.585581758304186,0.09348531980962815,0.3346911902502727,0.10249179655455287,0.17013166611418964,0.05723458783884042,0.16701329943980303,0.21073855697519145,0.4184725385464954,0.4175617071097859,0.551790216196754,0.5567047504509922,0.6145302787305783,0.06072610515551291,0.39631426252340285,0.23318310802633224,0.003407611981226577,0.3502665417768769,0.7317999984375119,0.03622505780594337,0.7516522130940797,0.09244894942761164,0.20779374634414197,0.4988969280589227,0.39370582884702415,0.4290820816292739,0.42407963730082376,0.11136430032135551,0.09446298835575032,0.1716109348409934,0.17788264011260413,0.10178814880879744,0.562168758952929,0.40224060984826093,0.3886865039029746,0.03129726585223966,0.3775118814707496,0.27497654582622977,0.36849030725788556,0.10156133787433115,0.6853517656361379,0.6686982008269162,0.6478394230080068,0.055717307974277874,0.6124503570396385,0.13781719960361563,0.22999179801672098,0.3164651989167052
0.6275005382795908,0.3071001658527064,0.35252907262961314,0.20175348646431496,0.28948760983229,0.24315621882253105,0.6502790066156328,0.4830805738500299,0.3995871188140526,0.4782807293733807,0.6071668859541038,0.5403487672880337,0.5627754486238639,0.4267794242385453,0.651322965914308,0.5942087599043238,0.03501331402924063,0.34191613455160674,0.6951282943912152,0.05318146784276789,0.5324688211602114,0.32570532418854264,0.4690174311955406,1.0,0.4223543692229119,0.4815921231669119,0.4747083784082309,0.12807478819748758,0.39387733593337937,0.406885504170132,0.4987455273339697,0.2797366053302345,0.5804277335347378,0.3980211364764389,0.38675609092666563,0.10319953461314717,0.2663283271021346,0.47618811161023866,0.7379463797918085,0.22501803047043817,0.5963089525832804,0.5884864945150213,0.5678974003744054,0.02790054669990158,0.5392960465323227,0.6714788213744437,0.4850481783461079,0.5348745463267781
0.5516649759614124,0.2720340532833173,0.4005156243491319,0.08567473338802298,0.1312609906853041,0.1579258663460005,0.4682374249568487,0.2517836123507067,0.3771125092258226,0.484063864502352,0.6297260446618977,0.5309681298857487,0.5402258671356575,0.17764760123805215,0.37914500292005515,0.28920760615056706,0.0770201823135136,0.4180733162091732,0.6880218139235421,0.08675173417829923,0.5709593710650723,0.10962677718038599,0.42208327640519094,0.43202919967998465,0.38772903169369455,0.5572419317729795,0.5505353034135939,0.09512123867952088,0.5351819610834998,0.14996432564235193,0.3369109170600949,0.1759063304606881,0.5302089216862664,0.3984033705158707,0.38233128287049206,0.021873182082606163,0.21024689878383773,0.26273247883992024,0.4026208115816581,0.10049861269264634,0.6874795501446871,0.5972108597345075,0.5793133741485701,0.04474141723047276,0.27350119824977587,0.3566621318189039,0.20574397757669888,0.2629824892485807
0.6047492810633621,0.12413409898741368,0.3228274193249962,0.09141714520098443,0.1636627349346631,0.06236633112868081,0.20904107016960297,0.20583179320041395,0.3915518124065541,0.4429370523847323,0.590901300976659,0.5255562236921227,0.7273143392004454,0.1285784052161055,0.44129144544417986,0.2625254386876871,0.01518805082166963,0.38631916997711196,0.734949170514882,0.07818789072535759,0.8542585963728845,0.09090920658285387,0.2690102404270987,0.501243409429729,0.4158806223756161,0.5062494576329121,0.4992285896897075,0.07589833479404032,0.1330581011032026,0.13964603637133557,0.2142464287243869,0.14208901832704712,0.5519835961453602,0.39245511147907514,0.3784133162955334,0.014019778941244926,0.34041897456818526,0.24105872811152257,0.24915323450344778,0.09767402036207509,0.6952277992513259,0.6102510078538697,0.5922378904246531,0.024381558827841876,0.4451735743797235,0.15197362319474836,0.2035087792029252,0.2703028732787179
0.5584717242868444,0.18953867825042664,0.37332388997766797,0.08285479901558654,0.1549515247743328,0.11004481774182628,0.3473333196368479,0.2265133307886532,0.46833890495073377,0.4263521730906664,0.5154075699374525,0.5742032471437162,0.7078913743736808,0.03480710586720759,0.4928389475000685,0.1999410221035711,0.04977758356406503,0.37457402994706157,0.6941427515240159,0.06469983728697443,0.9639770722001475,0.028146854009084177,0.41127123488806955,0.4317311412350405,0.41066330324851735,0.517178348264822,0.5101752124238167,0.06555652936021034,0.13601655811193988,0.17125622494624756,0.27450460375148306,0.14343534841481967,0.5619741592949828,0.39556519023603604,0.38234377208419074,0.011082024432809784,0.5425883192438603,0.2942610876890625,0.24377626110608,0.09665273926736995,0.7708781614348078,0.5960473160613387,0.584085779620867,0.01749020757839176,0.4621294922387762,0.23531173455827883,0.20355078403925972,0.2585345535803636
0.4311866247623293,0.2312013993612904,0.48687202109423355,0.0637817883511074,0.35752105941435536,0.04782954274798523,0.2764618636232138,0.292706070098885,0.48599954445497084,0.45868960153942534,0.5235613395039246,0.5384245339747444,0.5696934348761991,0.1491931266478823,0.3977094936643495,0.1900782910122943,0.06922788551729431,0.3544343271271919,0.6650543381577886,0.1102594844566242,0.5928875559147255,0.07991045987514425,0.2572268231700525,0.38527015883324267,0.38088335854108635,0.7205958969252733,0.7118074095262411,0.04516505988898628,0.3049042026207802,0.23462964464789268,0.413046478472456,0.2681947614170737,0.6765382339345749,0.5193954476017559,0.5145944238348026,0.006835369400814417,0.526676776295351,0.3142141659617654,0.32737622360023727,0.17484950230828383,0.35571683383205044,0.7155168302347507,0.6983121196933415,0.0,0.647373513912092,0.25936795933760065,0.362100202334325,0.3544155263393192
0.6226832812525346,0.2557469525786182,0.33894310175143827,0.12176989335520913,0.3871141311553188,0.15185983252078109,0.2036153417113958,0.23454840818691322,0.4615855293876756,0.4350372111678322,0.5268355986525882,0.6054720384846664,0.2536928316644181,0.3218145216523014,0.37409749935224995,0.24182433484702498,0.03351238248534366,0.3970114035580148,0.7211092448913154,0.09767063458079989,0.40717086639540945,0.23501922175535214,0.248004076606762,0.5368708315995364,0.4437542010487775,0.3929217646356943,0.3866641350522473,0.21408121530820917,0.2777858690308489,0.21757150221095184,0.2470394218476796,0.09629473866061744,0.5309649008652746,0.4457735329975404,0.42758101922079106,0.15479930191972074,0.13744305647442925,0.2437602814625473,0.23053458627451973,0.13807329899014625,0.6383430356729811,0.5243913107286251,0.5071526073950672,0.037075050794914216,0.10300064933320618,0.5069736508557594,0.20492538492706389,0.22140582910728046
0.6126968185495736,0.23189700307879801,0.33987837730807574,0.1861669401148482,0.38469537108898444,0.18748095392825065,0.16949824292471982,0.2459703712806905,0.4640344389286061,0.44132292401372264,0.5290942647194441,0.5708959711365004,0.30754537823842676,0.3434819162403941,0.3400376677508742,0.2498268396257064,0.08502178811421718,0.4003031992606578,0.6710787788660388,0.14430076218206733,0.5265297277222473,0.2157941081718177,0.2685475052800729,0.47254869297854885,0.41695970363972545,0.46183904615246907,0.45538377805637575,0.09792579608530527,0.18077461841403147,0.21931878095984608,0.25845821105697875,0.13731488389865035,0.5411742860681681,0.42923440678134334,0.4124948598664026,0.09866201279813844,0.3292700895716292,0.3576647693802559,0.37896575477223104,0.1331305267639057,0.6345727212863786,0.5270525637218266,0.5095829365518719,0.12316457552208795,0.2980295167991357,0.45572742265749766,0.19740690382728304,0.2303359217983808
0.5547998031631801,0.1371737511099141,0.3663773639548057,0.06373051681706315,0.25730225092116343,0.0602496443460275,0.16646540786989095,0.2296625413292447,0.38005562761378564,0.422308049877429,0.5880733993062957,0.49873722188815395,0.7140117794811378,0.09988107021229917,0.46020522317740165,0.26057659249974124,0.10073992703071638,0.31294673019568836,0.6141922439895451,0.13316776569324318,0.7918816432645954,0.08505094483308587,0.2996762238046187,0.3549218810557729,0.4096869799606412,0.5198152413847175,0.5128083493916724,0.06754309085597429,0.2521570519993959,0.1594777736951836,0.2529485699173142,0.14727484846844918,0.5591481914833462,0.4311875904833755,0.4158467878435125,0.019895287958115182,0.5652207084636354,0.2829519238725744,0.32745044018953423,0.11555956995602396,0.6980776990848909,0.603732539992719,0.5861469941284349,0.009886680211977111,0.5304484396837428,0.15263747578115705,0.2010603838107347,0.2603530219276289
0.6082177726287823,0.3176732643671431,0.3713750235914804,0.16924733388022972,0.3886681911914096,0.3005193356663621,1.0,0.5038819880386889,0.4627530705443841,0.44887532053913803,0.5353203963866292,0.5684906794948887,0.39577599863428903,0.5573637675462152,0.9419754300831451,0.48224691879018255,0.05966713464617046,0.37862480466587595,0.6859411572859131,0.07450543804059268,0.4252583963613784,0.4119474238048879,0.8320113807348511,0.9408459652877095,0.41423394905636174,0.49939090625142957,0.49251379367087933,0.09897750511247441,0.047750096916969575,0.5173727232604691,0.6369835915278976,0.29860876918372603,0.5755507048347814,0.38458277195666546,0.3734957859663381,0.07068062827225133,0.2735288898087688,0.4662270939233407,0.6662522242554991,0.2082071940179796,0.6518065606317588,0.5531160330810302,0.5352960396294257,0.023082884732200853,0.41953758816119413,0.8829619719535899,0.5290267722089637,0.4743281482100611
0.6536703279252118,0.16906614428399677,0.29082286099507443,0.14514971287940936,0.08238521386395858,0.13100147355036706,0.34630611425029834,0.18299106914136798,0.4305547776362261,0.386996850095008,0.5224541933245961,0.5357787131689717,0.4119516297801466,0.1093178926007875,0.2858766764327928,0.2223397447429329,0.0,0.4048629561773636,0.7589168006984879,0.05613599383403278,0.5631308560697522,0.09949781138744651,0.23684073811730144,0.5304790610154895,0.36088039303493874,0.5797884387266556,0.5740278395421868,0.051650598889862676,0.5598152892522754,0.13358229171965827,0.23144900072235558,0.18852677569100157,0.5896275164640581,0.3755242510382212,0.3668297715676669,0.034118673647469455,0.2012720838495277,0.19416091950237263,0.29100064754713095,0.09420006380546772,0.7328201158521477,0.5638828788123883,0.5503413898096726,0.010577909972560307,0.1860892708164244,0.3613484221397392,0.18541647961324087,0.23618371517973935
0.48503392140889934,0.41165697853775984,0.5024875186906037,0.06644790812141096,0.19439452295413062,0.25214611735373993,0.7179597462752969,0.5883516400200354,0.4395776707229002,0.5180600887849628,0.602851757150489,0.6129885748647024,0.6441085062927329,0.230564709927785,0.7226010525265485,0.4778473257983274,0.10228195082488584,0.44048171354096505,0.6755947521935176,0.1359081955981845,1.0,0.15754200658290038,0.7972146126611659,0.7450724157633304,0.41496402675884203,0.6402994648673699,0.6315497585834777,0.29015483494011096,0.2629604879523539,0.16384240445507206,0.6560940743484296,0.42050799242585885,0.6361177472177548,0.4656069366863355,0.45793665840510983,0.18251890634089585,0.7209787656395243,0.5297775456017847,0.6233441932185899,0.2741976430036036,0.5683682877065397,0.7176469457529607,0.6923018545354891,0.03655139188538156,0.47308398862085477,0.3327993885112258,0.6951290675517349,0.6781411962843577
0.5999058513782746,0.3024137922081673,0.37235515209326014,0.13530557834290402,0.3549231667930602,0.293004129090655,0.6763106567535844,0.4748046356734056,0.3843383662508966,0.49329311820726995,0.6298640093815975,0.571858087793145,0.765247657641368,0.3992219347449387,1.0,0.5804680090380854,0.11484832040927917,0.3732027677427591,0.6279186598659484,0.10319431360794729,0.7876596244541436,0.10399695495114603,1.0,0.7302502244546476,0.3423805518985339,0.5319047075206702,0.5281566510903672,0.19713701431492842,0.2746447957885902,0.311320603810391,0.6700434522115182,0.32456375613516875,0.5456146895660785,0.43974959362248184,0.42284503188368355,0.08179173938336243,0.37537728102575396,0.5584258208634959,0.7322149823995097,0.24382849822197028,0.6490308901146096,0.5945474623364775,0.5750441245756045,0.11675499046940788,0.7338060596161766,0.34118630066424877,0.5376518927685452,0.5108415955305217
0.6114341014945528,0.22951536953206822,0.3402284782731185,0.06916529942575875,0.25311706528478845,0.1074620439866052,0.3707923854211371,0.21387580654393898,0.43498334984950565,0.35072673218055994,0.4972308958495804,0.5841250751653638,0.4509138483681882,0.09173595002023832,0.3161798607577969,0.21547728610029543,0.10041802689951396,0.3127871761025159,0.614458917495404,0.0889783334760641,0.417090320398475,0.1143802656979982,0.40466834948707997,0.36814650028135376,0.4247439073371092,0.459441128130846,0.4527814964893682,0.12004089979550102,0.30251995604972937,0.21272525127563618,0.2698905746638412,0.11922468361154145,0.5611908627973554,0.4391475514423915,0.42359255479431934,0.027632344386271074,0.1537103071182804,0.25951636260779243,0.33770858377698415,0.12427391959317126,0.6424042476384682,0.5740910014388928,0.5551240485318112,0.20856287048867853,0.22968182073692214,0.42763895159913173,0.2321239662046214,0.24015508601610946
0.5837159718050366,0.17315457911011034,0.3491055200121833,0.06690935192780961,0.23847204382444195,0.08457071844115477,0.38135543752929896,0.22874874089309638,0.4643067630229148,0.35451547640527425,0.473275334900829,0.5530968129885749,0.5475725860212293,0.08219068863927792,0.40756960334370573,0.20081359779236294,0.1110910148065915,0.32168847771055586,0.6072966244069458,0.10387942108418263,0.6186027454845938,0.08546635849705894,0.45696049240629316,0.3629295639074527,0.3822711245555005,0.40577339195468726,0.40181597980200856,0.06380368098159508,0.08935600937848912,0.2045098700494623,0.23370521340734476,0.09684963368103776,0.5573247563981549,0.4174744788217865,0.4026597816666949,0.02356020942408374,0.35434254821391836,0.34231374111430785,0.18437791716193702,0.11429249200510404,0.6608922769473718,0.6191582941773902,0.5991693773555037,0.012148886701158323,0.555615780925878,0.2686238760195832,0.16071534700696144,0.28475086728357646
0.5025161664091675,0.21221260722587895,0.4242142645677257,0.05665504511894995,0.2327551849790997,0.12727012469362353,0.44994607297545974,0.2701039532246456,0.5827839064870485,0.43574393663396155,0.43255156668510947,0.691040288634997,0.5965674056389938,0.07194852510958971,0.46365650947794873,0.14693111585424726,0.11681180297931049,0.3941721095996815,0.6367220497318276,0.0846964117495933,0.6633301875888119,0.1339352709296173,0.441169363260361,0.36524702443796897,0.41321032718994244,0.4717919277292274,0.46532601174705607,0.07613204791118902,0.02616410135601438,0.12753278491715747,0.28676801589724793,0.12379421851667147,0.5760695738336598,0.4328958954856898,0.4191709595980118,0.04205933682373472,0.4511666005828163,0.3544942024274185,0.3029417421361358,0.12038996815703873,0.7094475870250788,0.6478398370283267,0.6290718489693037,0.008713684254623932,0.5277216270603149,0.1688266984745594,0.16458941746193478,0.3051538564772465
0.5675510269976547,0.18910019434565403,0.36578977588737505,0.07213904840032806,0.2774109179394879,0.06937899695276706,0.1417846948364021,0.23486874897405735,0.5271589477202082,0.37767611081486296,0.4340513625022735,0.6274203247143716,0.5232494267289045,0.07602434687458792,0.4212986607596686,0.16491560937007643,0.06132071730901539,0.2680898317595354,0.6384952412059115,0.06491393337329798,0.6187816906650914,0.08983695945432452,0.19755082587361353,0.4097769431551167,0.40038265590053695,0.46081969658793337,0.4550093323897307,0.09144025708442885,0.06950193128978793,0.14572419547331666,0.16911766347701168,0.12083594639821071,0.6316682775727664,0.44546207297967294,0.4384752319588694,0.17754508435136704,0.43428027811370484,0.2680691400526407,0.3255880188954728,0.1380394383172049,0.6835349036772521,0.6377060557646768,0.6179865133005249,0.023313294652395206,0.5100023432336906,0.3008469782995849,0.2234679172881041,0.2986065753914765
0.5715193068879659,0.14835623245909374,0.35440363868453034,0.09726210008203443,0.27548481250008405,0.06133482917966654,0.12612420166642016,0.22543669459601884,0.43814851609431704,0.39880528668172854,0.5230964708979666,0.5463619963920625,0.6242461848286527,0.03583835634878235,0.43514707671301406,0.2201067245560142,0.05561819495781467,0.2851849720788404,0.6508534897040925,0.048043161771002874,0.5769846640941577,0.08631998838843197,0.16714592710220716,0.41454468198774375,0.41796249313328915,0.4176255880669439,0.4117452637600745,0.04890446976336549,0.16140778636860362,0.1131353681270783,0.20185974934676515,0.09733940625896563,0.617189710318498,0.4624945541621075,0.4522001986164606,0.01387434554973821,0.3949283123834298,0.37533432181063603,0.24848400809448395,0.14243677608800692,0.6607850534701374,0.7072840066997129,0.6839483135311755,0.0034980415156783407,0.6950370313223226,0.36314764591131904,0.18658479958805915,0.357679292595293
0.5638331635315801,0.4479417855374429,0.45952791159074174,0.13335726004922066,0.28553714429404137,0.3451304920851863,0.1082838202454875,0.3161579705254299,0.559378860356837,0.5970406437492082,0.5810956139107072,0.5805171377029466,0.4770940110319471,0.3237906765206875,0.34787902309226115,0.24605740382277422,0.4196723931967065,0.33169088737290287,0.33734975252250576,0.4392395307013788,0.18987683601595873,0.16417363466605817,0.15791732123028104,0.10385596138173703,0.5105019653824312,0.3651598715359865,0.35969950009493534,0.31247443762781185,0.44711988900501987,0.30121737219819733,0.25065891281787556,0.08766985675126265,0.6596620126497943,0.2956224027336988,0.3079717888315716,0.6240255962769051,0.04988020310015853,0.3605252570275378,0.13200818944390588,0.08707221294359208,0.6052450989586713,0.913327172290785,0.881291444462001,0.4387842734756289,0.36834541035754487,0.6050250800764005,0.09775237057103348,0.6936891934108002
0.44792632687410505,0.36316535960202856,0.5125345669360766,0.03173707957342081,0.36684225191201286,0.2690477172886303,0.17994964251009704,0.37586175038405417,0.5117568905168585,0.6938774486375355,0.6948488786164898,0.5194828622970535,0.603224977538849,0.38489971654382266,0.3706498915999765,0.314410806913187,0.36015484888318733,0.4151568536448837,0.44213907957761656,0.39449344865975855,0.32113018260783355,0.22285427821191153,0.22119084431373104,0.17016338366106143,0.41413324500316984,0.37758518917551154,0.3724275013828987,0.1406076541045866,0.20353864929729726,0.25581215107074273,0.21104532556572567,0.09268619867369847,0.7361164582107929,0.38666447244688334,0.4084995055756928,0.5556137289121582,0.44572022304789954,0.5035468962242295,0.16911712514671512,0.15243196671480114,0.6058672217940877,0.929530211756292,0.8969257477602306,0.11998072935212921,0.7867800428190821,0.34810607126627324,0.15707416284142006,0.7078520664381933
0.537719059749337,0.46841547199143424,0.48821444187876256,0.02707136997538956,0.36268583598640197,0.13889557278485457,0.1638641682821229,0.3220328945444601,0.6510165689061375,0.7258469639125554,0.6492487228844637,0.625616355983163,0.6695517876523261,0.20531701262522098,0.5056929745463691,0.24328345183089567,0.36293022738626685,0.3411398921996429,0.3850376272777679,0.2959664297336645,0.2358241731196573,0.15607231102443236,0.17925746052900923,0.13662524411275584,0.4441929076494618,0.34885742979731965,0.34314010295726005,0.10496640373940987,0.25842530933635,0.26818298014564634,0.20557299604945511,0.07618393444796687,0.6380001939147749,0.22791300568030765,0.24303471874467156,0.42568353694008143,0.05614521601734759,0.30710104175202174,0.16688443078740237,0.05405208489330013,0.6625826172502347,0.8489834146141012,0.820426447043886,0.4642969355480614,0.6680489128837732,0.5487500881892166,0.15004473007698652,0.57632713419536
0.5744905187585228,0.5050931330382062,0.47987720404112477,0.024097621000820357,0.40390362067390556,0.15272819568805096,0.1855180667732771,0.2962816059512139,0.6339156112804097,0.6655313154030771,0.6001771239301982,0.6088394467829225,0.5585324250896695,0.20466975065720627,0.42330639993618707,0.21631522747495488,0.33516122323625547,0.34287299778581826,0.4081502490167451,0.2547315235077503,0.3288492559691581,0.1944255007242924,0.1959419095558312,0.1524153741749491,0.548811597546236,0.43340067456701226,0.4285997205867296,0.28942448144902133,0.2771139944577921,0.3735713597199351,0.16537626609060335,0.1152145898863518,0.5839573009593336,0.1256032575358182,0.13966145985056272,0.3231239092495637,0.1967938167312011,0.20079298194881146,0.1919793122470827,0.01885077722130396,0.6658578521412002,0.8338438443570166,0.8059472399371346,0.47024570076035277,0.7040803808742102,0.576299958249179,0.15981843544865637,0.5390544032732916
0.5823471481996728,0.5035652533851714,0.47354544915714314,0.09295529122231333,0.45963471556793806,0.11717620464644767,0.23348300048398102,0.2912058981453819,0.5953240172521551,0.6618334319037711,0.6173783444173607,0.5496091401082381,0.4259240071458924,0.23958000205738822,0.3100909970092259,0.23359780214310794,0.3801040643138848,0.32449863514661986,0.35999056641456095,0.3301789843281665,0.15451537926734135,0.19963207606729677,0.30857733534619247,0.1161820642050568,0.3956991308901916,0.4272610372840632,0.42218751337880556,0.16418346479696172,0.09632562885281692,0.3023313939653501,0.11563679809582933,0.11168345675849613,0.4778879046099434,0.20829126988475866,0.19815165025136655,0.23199534613147177,0.18293073243047925,0.08250015105669714,0.19024959543281822,0.02932359453467473,0.606613012595008,0.7995231720900269,0.7715521286325584,0.5573406505938292,0.6369532872731463,0.47651673475971246,0.16327835642613497,0.49261154135547647
0.7195909882926178,0.5557102825545093,0.4104494844349057,0.38566447908121404,0.3236368954272401,0.448822328870509,0.3546545801411224,0.49389774718787616,0.5354133977190065,0.7276681944757559,0.7109314919520504,0.5669873722188815,0.5681832671005081,0.7292031722945161,0.6278313411864417,0.6234991002859853,0.3827607279453334,0.4080391885024655,0.42152281845137146,0.3418258114241672,0.20718472276731678,0.32410885759428915,0.2739260397682343,0.2963669655309674,0.5126181049924172,0.4721671729882287,0.46534199863026615,0.36652059596844866,0.1494058803895467,0.805140356328744,0.31794400775082,0.27760292564554984,0.5922303659563335,0.20099246207381666,0.20691900895742962,0.29825479930191967,0.15362879093319975,0.44216473320396044,0.37353690086951996,0.07526950107189406,0.6521865782268004,0.7908953380963752,0.7641801956710742,0.548124253786054,0.7414854582981714,0.5984316029931281,0.34809538908191306,0.9999999999999999
0.47200961775539463,0.43411032857727966,0.5216533707234569,0.07008818703855618,0.3436310984500911,0.3120291202282515,0.14176220027581912,0.3833605148997391,0.7312917858873818,0.6029317309256564,0.4938278562669433,0.7017438364401684,0.419504767610888,0.26406304386491786,0.44908568151243866,0.16753808472363024,0.16342041021933496,0.358405790391365,0.5726115264559886,0.0769033142074163,0.3912214092406714,0.25319186909772123,0.1690745533040412,0.3572964348232238,0.4556424398658611,0.5284739652304895,0.5204309010205499,0.08878177037686238,0.5133803875220212,0.40300457232378245,0.26073980929521573,0.1835053821462117,0.5609884380447532,0.23697960817414856,0.23316910490631837,0.1527632344386271,0.16134192972266342,0.17489867930867173,0.21381247652276875,0.04691451927177978,0.5324975866520807,0.8846257428912537,0.8535570954525675,0.011269139733143446,0.2977577763612763,0.4275198228282459,0.13341300395046085,0.6605964663819903
0.6579641974303161,0.6401558863982977,0.5020640791718363,0.09505742411812954,0.25906944917495045,0.3325477287627221,0.1795644258165186,0.3408258651086755,0.6642122412864696,0.621590321607361,0.5434253756120734,0.6701142513529765,0.4494798987029901,0.22499361715954355,0.3861529464095523,0.22292597058676247,0.1693545616066504,0.39733515503515,0.5881987514781692,0.03160058234135482,0.3112300860787648,0.2615522229084695,0.15368568460550536,0.3964843843584566,0.5549820864491014,0.6285034995295995,0.6209719678497551,0.07978381536663742,0.6955597865105076,0.5925646796403783,0.23059088872691588,0.28460458408254874,0.5509016021507727,0.25053870624550884,0.24426802515087875,0.38237347294938917,0.020000657312015002,0.16864487638570827,0.18613498687746372,0.054991194239418034,0.5770404245469503,0.7284198306650479,0.7027141133506304,0.3873819149159004,0.18427405943228345,0.6628271476626548,0.14575582869296855,0.4876809720504861
0.5661419987436935,0.5591044872938606,0.5143389166471503,0.12048810500410168,0.32453567533974725,0.2709097619035119,0.1691150526845529,0.32476167621491037,0.7316822219844829,0.6761796658941408,0.5658987896017823,0.7086590499098016,0.4434053700322318,0.17750326508257894,0.4266305489698128,0.18765099314908434,0.08982285927852429,0.3872896590637121,0.6598001700889975,0.013702149524706664,0.41579256654603236,0.21785708102739743,0.14193931952889793,0.44635655547071384,0.5381583109702398,0.6270622138817153,0.6189385224708904,0.05103710195734734,0.5797484872503651,0.48276111208013295,0.19905635277366457,0.24409384744915996,0.6024790737374943,0.22569465871285516,0.23143611027711572,0.45983129726585215,0.04873511187889121,0.24143018016245366,0.19081110770432777,0.046519600137828215,0.581024383960008,0.8335523226476094,0.8041495020594935,0.4944387423807629,0.2458967350206028,0.651514678578256,0.12031848301664999,0.551881984856083
0.5904587329687659,0.4719992965915945,0.45181215990356194,0.060295324036095166,0.295510734183573,0.19793583507466805,0.12764772655279935,0.3235647331248627,0.6076615973734067,0.5784212657043696,0.5351658032448257,0.5911004209260373,0.4160725218066037,0.3937402607866178,0.35813580968651143,0.2243867843333838,0.31355882093330467,0.33170546579761484,0.41872189458112397,0.24633895692386742,0.22625695602470414,0.205343798511621,0.16390147651642242,0.190009822073891,0.482190455744592,0.3642175349235566,0.35814164902915635,0.12322524101665205,0.3969799488894403,0.30970957360287765,0.28974739256981635,0.09182700481061463,0.5887888425025317,0.16305334286810674,0.17277035775675184,0.29712041884816753,0.0654452990600598,0.23946243985392165,0.16935936951583028,0.030655673751639773,0.5769873912565182,0.8043253639854661,0.7759387018156398,0.2771831339938418,0.320633744923815,0.7496353574732695,0.10252650147794695,0.5701236367890455
0.6598873658725138,0.5156232002119951,0.4263304811064126,0.09633921246923707,0.4216014690608238,0.1710850057419846,0.26017476834052944,0.2888990056547742,0.6214764808086426,0.5094460323482118,0.4664256224699631,0.5963920625375827,0.5187767118725092,0.17379433379421708,0.49936102487705175,0.18920848376236427,0.30669423374730564,0.33226390230726366,0.4249799090320073,0.22334503725271906,0.2477673834373449,0.11917304808680024,0.143501427103394,0.19655910455331527,0.43281535617332073,0.37538838102978467,0.36960712419168584,0.108851884312007,0.22648111136345117,0.31126531233696453,0.20900375836572332,0.09788071696573218,0.4985338952683928,0.1146788912679857,0.10977864198187481,0.08336242001163466,0.1166219904988372,0.07338051925088918,0.2777273282196372,0.011001482064751239,0.6004116440111161,0.736293121198901,0.7104945115244178,0.41222429358413104,0.6901528452115382,0.5788501219373856,0.19356402975692638,0.4784772752124504
0.787511243086166,0.6041546187775122,0.4000045993380525,0.42950164068908936,0.3347992338812935,0.29231277608991885,0.21891807671741265,0.21435104618138634,0.5715037370621681,0.4781004322869276,0.4740023619017332,0.5534576067348166,0.43856275171414005,0.2741843414517167,0.3658037013609613,0.1855268463640598,0.3767726454850036,0.3134856787617191,0.3546567873254902,0.4362421854928492,0.23118225780615687,0.11368699663733015,0.12317972539502225,0.11882349847464344,0.49605848849435286,0.3086946127337638,0.3035556476621828,0.19573473561203622,0.1610390761282363,0.27457438174999244,0.16555055468855367,0.05997294668112049,0.6142994862379356,0.20265403417750175,0.21434474559949268,0.46253635834787665,0.03305129077643215,0.2632835639908324,0.13191973970052628,0.041866107901687266,0.5752164566876572,0.6984180511334663,0.6737653902461109,0.653170231038311,0.6448969653771672,0.3595897415106663,0.1780383592043256,0.38788956506323813
0.4596452879179055,0.3779661698972135,0.5088161188511525,0.026097210828547907,0.2983666699736162,0.17734727307253184,0.12941094443825005,0.3756850241977045,0.5608874906141685,0.6706007750253046,0.6448966741866844,0.6667468430547204,0.4695090807610699,0.37924051382852925,0.24435249383932245,0.27726790801505385,0.30555712725264894,0.36619901289682616,0.4481680445887619,0.22231737603836604,0.2788191342021506,0.2432586153876385,0.16663976749497184,0.19808494200817753,0.36703269101384967,0.4376191425328864,0.43404619502673014,0.21828805141688576,0.3704585925347176,0.35310060415337846,0.20961382131574702,0.1283258659231839,0.6473210591632483,0.4319887921434393,0.4286446745025349,0.3269342641070389,0.2388640602516917,0.33683197670169707,0.12691733743059946,0.1545030609164544,0.4181070278210516,0.9643373312900531,0.9332658283843485,0.05345510148509666,0.31590523035732276,0.592826664397194,0.36675463904192773,0.7822393522839974
0.5857814393250012,0.5259099186651227,0.4828560059695895,0.06788351107465129,0.3310508709563959,0.1885785282210814,0.13340332700028226,0.3043904668932897,0.5843439372801582,0.5216112276390754,0.5008210317004826,0.5965123271196633,0.44243839725937584,0.30209431619013194,0.3778844057262264,0.19278519722842702,0.355085252128554,0.3089490045742902,0.36886262497587846,0.37368330906911024,0.226192760069251,0.1371873602326676,0.1268565271911092,0.13223635525189986,0.503992566749551,0.34698195516312924,0.3415613603411063,0.26406660823838735,0.42230654335437856,0.2934206779380029,0.2512433162307218,0.07562528214558628,0.5173487209751335,0.11250762654106217,0.11037814208978775,0.1974985456660849,0.10516985005550819,0.084042586938301,0.26548530169371515,0.010463926571298077,0.5426666437302866,0.8125449079509055,0.7839407841047643,0.5381747345049329,0.3773168185234423,0.5126695587642693,0.09146292088732086,0.5246540627054326
0.5996767052144069,0.4680610860459304,0.44325536947740996,0.10495283018867921,0.26181986730114964,0.21154213927665336,0.12164825988049999,0.29244448657273014,0.5009993951077862,0.657625139235494,0.6702136842239296,0.5389055923030668,0.53363760042231,0.21142800293871064,0.3575905792962578,0.3048701897686443,0.2587723359919146,0.31099652462122274,0.45554222279588025,0.2158944934486598,0.2550674864739384,0.15614564550791502,0.17619316434266466,0.2211776046770007,0.47475215343691235,0.485008528691589,0.47744319841348254,0.07432077125328657,0.5074263142384768,0.428110922022368,0.22712356488746493,0.15019088729581084,0.5707559099054711,0.10905114083680795,0.1215338388747626,0.2573589296102385,0.11728177376467028,0.18701352787935246,0.17980327883859187,0.015415343418845984,0.5696234605844624,0.7866089422817709,0.7588310626978328,0.5699084644226138,0.3119037123393403,0.5878592492427366,0.08530009901822108,0.5068451840146307
0.49989686705635317,0.4925530279504569,0.527195483439736,0.0,0.2966305322418832,0.2629032748836447,0.16686077894051643,0.4052132547604833,0.606683159546664,0.5060975072848682,0.47308435442408897,0.631028262176789,0.27612872723030274,0.1936350313222783,0.34824719235679125,0.2021567260621036,0.41960831664073656,0.31991409517589686,0.3282231897989998,0.3351888327481374,0.22060537695553922,0.23932074759327635,0.2567386456866747,0.10926573884074112,0.6412557324581061,0.4474153068634643,0.4499348401251867,0.5842827928717499,0.4749167250550168,0.4646970556548266,0.22000520114744357,0.15398121656905892,0.5051571245132042,0.20786689000511938,0.1989312390625678,0.2330424665503199,0.08258188905808542,0.168979044144334,0.1824081792562364,0.03519094666340461,0.5688578829579581,0.8146766552855809,0.785907457496648,0.5445424268448504,0.255332778868514,0.8114723741322258,0.22257304882090254,0.6012838523631757
0.6810589410855306,0.5280860678628629,0.4191666496063701,0.11074651353568501,0.37645558754850145,0.15031296232573832,0.22947513721038743,0.25784607905699847,0.5474886133534861,0.6212686510252251,0.6094971680324232,0.5589897775105231,0.5547180430072967,0.31401152111029434,0.4251494625243724,0.2594144111238623,0.3396351630611867,0.2976563639981248,0.3744317714763313,0.30799862978504755,0.1830933931516122,0.14226507533987967,0.22516878276051283,0.14476982703654695,0.4677529671949158,0.3851024996631245,0.37870669327159945,0.2423020742039147,0.18624041721145643,0.34072799527666203,0.18102337623804476,0.09520728539981983,0.581317134029966,0.146171648523154,0.1560641755061301,0.2785049447353112,0.08296667851488004,0.2085505971236403,0.1823921043229003,0.023656175784573685,0.6333483275945253,0.756127119147657,0.7301977624815592,0.5975576548459396,0.666391984955981,0.4333482589260785,0.17219117493651392,0.47051566463936945
0.6996135975391052,0.40234518252296425,0.3391050326857002,0.3135254306808859,0.2613812892563703,0.2823675200382333,0.15722437181270205,0.23501930397129567,0.5618834763558073,0.49497472602592996,0.4943005953498217,0.6743235117257967,0.38380966618404244,0.2893564533488504,0.3395615944678574,0.21590957221211726,0.20676401061906696,0.36738247052800704,0.53620043354493,0.11415603322771262,0.34230622987075243,0.1374683348788715,0.13430754064610026,0.3146112345220736,0.39208712867627077,0.41592110412085903,0.4112196171974877,0.10201577563540752,0.4050379395313405,0.36761816957786936,0.2504734747303683,0.11986717878125136,0.5261008440539454,0.3219580138673386,0.30917947886478775,0.06538685282140777,0.08215126922705798,0.22446496914320507,0.17563542578460828,0.08008912051640098,0.5669164790359565,0.7803320710613085,0.7527740456361145,0.5471188286797513,0.2914449867994641,0.5194171402953089,0.11313768708144947,0.5290382543264402
0.6082665469840772,0.3736189869401733,0.3934752174054636,0.1385356849876948,0.32963222676960097,0.19842523301462178,0.19387930092088662,0.28636487960311235,0.6242304246926398,0.6066360043766571,0.550924804219414,0.6831629585087192,0.5479609923336646,0.45086481916056487,0.4387741628234678,0.22398904438708064,0.11816282587596572,0.40539707725103746,0.6413384021742751,0.033613085552796074,0.3494213886474793,0.23747927474122746,0.16474518198702898,0.45166111946496135,0.4120757538210023,0.45220083427442026,0.4460483007813309,0.0962605901256208,0.4266425162358558,0.37002568834163957,0.2542425417619671,0.13997540681114354,0.5977849808152169,0.30829718681665824,0.3055634482677201,0.3926701570680628,0.07630676430310013,0.25429495789291656,0.1827107169676137,0.08289579147074362,0.5642021229325543,0.8842918926779266,0.8530656033488373,0.07146896797302109,0.4137890740069305,0.9288260545950452,0.10913547944849544,0.6789659671662345
0.5894268119664672,0.4839253881196846,0.45851290712540027,0.08772559474979486,0.2997135370900566,0.30089843039831227,0.14819034552551746,0.3270642435856416,0.6932006895057496,0.5188151431116351,0.43246097391458055,0.7363800360793746,0.4780886801831238,0.19708566100137814,0.4531960831540029,0.15698100217960623,0.1684464956749971,0.2975832243872085,0.5375508406484037,0.06748308640918049,0.35813827668873055,0.16812419355550318,0.10805980276060018,0.34524972711265867,0.5217832304868344,0.5100906333740282,0.5030288898117513,0.17604440549225822,0.5987069068266222,0.4338908303059332,0.23325426011413095,0.17965216514564566,0.49075303587948116,0.1291259855791465,0.1228563482522812,0.024549156486329243,0.008123413970327065,0.14018113533997345,0.22755811619629848,0.013451254944573693,0.5872971151230835,0.7600270077444864,0.7332605751206809,0.029199220795542602,0.24533189671289315,0.7970291340985995,0.09479780469135829,0.509330679585601
0.5634029146478488,0.5252305288639871,0.4981159933436282,0.04178630024610336,0.3092264280041348,0.2550121963601564,0.12836884194380924,0.32883095775223214,0.6094983868559354,0.5148682309791534,0.47871349608413283,0.6336740829825617,0.5008392362275492,0.2527913976366757,0.4471892399922734,0.18311372649102736,0.24040528982811366,0.3425675111393798,0.490681394969547,0.1866061488395993,0.37237498700098814,0.17433376116964316,0.1380835860804795,0.2503483775807099,0.5418115107134936,0.49800325340270407,0.4918469796814074,0.4286298568507157,0.687589179885862,0.421228984562825,0.257604513567114,0.1602539900397721,0.5293954301723358,0.1154712987282841,0.11543611500809503,0.23513670738801626,0.12556885837215664,0.10878234134650902,0.27650109477750745,0.012106824157516127,0.5789555855978957,0.8107774849654662,0.7821703095718862,0.3936239291175301,0.2731985071059073,0.6786748858297681,0.12357832148321427,0.538428565407916
0.6444573426525283,0.5041259877787605,0.4305468881297128,0.07844544708777684,0.3721683762691584,0.30753085921919865,0.22558372191931367,0.2823025895663374,0.6851146766888001,0.44809063258332643,0.3735264079038776,0.6476247745039087,0.5453905927558484,0.15769960270341477,0.564002502632379,0.1294128925736155,0.2648314587738969,0.30765313938315275,0.4479648943513991,0.23935942450971998,0.35416443647408924,0.09213271637371634,0.1363877450077009,0.22066108505199886,0.46841171180548685,0.3191088420551972,0.3134924986864105,0.15968448729184925,0.2901136936873406,0.26189327689857744,0.2437179030990588,0.06771442079688172,0.6101326810311265,0.19626773335366435,0.20762443399727915,0.37934845840605,0.12754798747386134,0.27134694993028247,0.1521505498068922,0.041821328282910936,0.6155520504350864,0.7577339086891355,0.7313899779991416,0.2474183615760039,0.6525998080065046,0.2354612568346836,0.17970690887716248,0.48587440088786404
0.5848949003788037,0.5432171476674748,0.4927889645299594,0.11090032813781789,0.33064226393776874,0.27750515861135416,0.15553960147967588,0.3194783989537378,0.6618530681468014,0.512038923994491,0.44403270654087257,0.6496692723992784,0.4446953935293899,0.27070846130110293,0.4120676402478927,0.156398324055969,0.18939990097887022,0.3409200048204141,0.5381700688702932,0.10203819474180015,0.3076178047197692,0.16878293418541776,0.1536766381523875,0.30815407994731747,0.506966123498337,0.4753807012625669,0.4683702970146618,0.3376278118609407,0.5113090160607223,0.3530642097016051,0.22117217714672777,0.14491705939671606,0.5611920115711795,0.28473269376389243,0.2777560684451793,0.24429901105293772,0.09353536645539254,0.17019877178005471,0.13050759938881307,0.06306876466536201,0.5142201856415083,0.8445516715579511,0.8151490945697369,0.0795752078925871,0.23755160244790685,0.8177024923047751,0.10888976032438102,0.5853022708479347
0.432886629010495,0.3728499820717918,0.5277229539632192,0.037582034454470836,0.36010679149542635,0.12879172023092864,0.13647051313764083,0.394951760664923,0.6441432116956235,0.6968430024696698,0.6246860084329845,0.7140108238123872,0.4588100918314031,0.3041038347142902,0.29137740011664715,0.24437057006895632,0.3045971518646833,0.30308073807750524,0.4086907535074106,0.22411578316348382,0.27296441098983587,0.1933153113001172,0.16367133300046108,0.1781054159527842,0.5172783851974033,0.5588830084865131,0.5510543870096969,0.40216184633362545,0.36770687538904034,0.4497515146782086,0.17043093880070342,0.2028135319321927,0.6028649668431119,0.24877092926958508,0.25221925066754225,0.3949970913321698,0.194754722873609,0.25334865009551133,0.16523529730939324,0.056590831060272656,0.36385807563873124,0.9580150645141059,0.9297745689395676,0.10804130621478394,0.686582445173012,0.44932129109192936,0.3581896557653755,0.7815307532748101
0.6176555235680452,0.5080405299199039,0.45118556822192224,0.07377973748974564,0.2800475286781582,0.20445362173757178,0.13602839861513294,0.2951586828363828,0.6544455734055443,0.4700072002170508,0.4116287790136677,0.6906794948887554,0.37043795717846434,0.3204106896302694,0.32989089059972365,0.148184332982468,0.26223807657922416,0.2704887253587477,0.4303887728064513,0.24278496189089666,0.2869309432651811,0.08693543021743874,0.13847895939721983,0.20939789821042612,0.5053538946169384,0.37557081020558375,0.3698111611653315,0.31437335670464506,0.45458193344843867,0.30040908712494707,0.24085714367872998,0.09250432775449992,0.5529012502030385,0.22454258594276333,0.22028998192251642,0.3643106457242582,0.18518871974040618,0.15671322667831347,0.21941829858373613,0.04118547560949945,0.5601834442049399,0.8171726535962296,0.7883206272294316,0.3219454975806959,0.2165390308996135,0.7428045907632894,0.09326878863364213,0.5552515899449622
0.6107591388343202,0.49790539778949466,0.45063472936878335,0.07439499589827728,0.2609864216986679,0.29693086147858555,0.12413509408319048,0.3352318680314835,0.6996826198378374,0.5064556147786737,0.4175606641066066,0.6974143114852676,0.28751674582484477,0.402723868614321,0.34012643618488286,0.15859787074738735,0.24916256878846907,0.2650863612109565,0.4405956426157299,0.17204761496959842,0.3129277694904809,0.1372610049653114,0.14051370457834803,0.24821614821463175,0.4855542360860408,0.473368747213194,0.46601812501085993,0.1812445223488168,0.5255908416930207,0.42124926383246947,0.27272692008404886,0.16276585601589053,0.532267523748742,0.18662396246358537,0.18175960492904203,0.2846422338568935,0.10871576840872532,0.12975795220403558,0.2420655506973463,0.03136827143045107,0.5706644556539425,0.7467149013633065,0.7203464116225764,0.19744035525020426,0.17178110612332534,0.8073456378735675,0.10925476814257226,0.5192007556251652
0.5892356859460662,0.48873591427462687,0.46108311016772713,0.08957136997538964,0.2574793150896451,0.31060974433726624,0.1272985298663829,0.343211000399992,0.73115866598447,0.41789311941858226,0.3193144721474491,0.7039085989176188,0.2562354350213032,0.31206762677786687,0.3841099661370019,0.11146836235437557,0.2121500922889209,0.3291177179927003,0.5098980501085248,0.09737090005994697,0.33110391656364224,0.2001255259079769,0.15230303838007256,0.31117145027868376,0.4734263958956093,0.47070984535566884,0.46330931380397095,0.24609991235758105,0.5046220982135414,0.4040889800176118,0.2385352936345431,0.15870649154270486,0.5081876475897129,0.18772167033810835,0.18000251176412183,0.19790575916230363,0.0896026630696807,0.10036501683481383,0.2494027682960453,0.029518856772130675,0.5582312245246892,0.8475794932325904,0.8176584715560963,0.38516160113948184,0.16238661126732912,1.0,0.1339043939864288,0.6594987043819871
0.5343184238736612,0.470336015551112,0.49160081267328665,0.04209392945036913,0.3185780194397905,0.2109417773117323,0.12847613129086458,0.3517581099916032,0.6791788565567888,0.5064729755614766,0.4290060320186079,0.7087191822008418,0.32746309697026516,0.34629106777830215,0.3227008029184429,0.1539472631537422,0.2827113596354995,0.36352906626678494,0.46566961153236847,0.20570351973965922,0.27092702462891916,0.19315165906345172,0.12674529330140022,0.2248312954594055,0.37706208950052383,0.4547996195735626,0.45027560348734946,0.17727139935728892,0.4159705213150071,0.40771091949210797,0.2283491789515264,0.14153314888156285,0.509173402245614,0.20422679379305378,0.19577884024990133,0.25212332751599764,0.1945226730297368,0.1087692414370679,0.18699114965417626,0.032351393000443956,0.5670694880061781,0.8435822789463662,0.8137920533386382,0.5276387172451352,0.22474475523946574,0.7575708902859286,0.12660049183532965,0.6091426392027539
0.5826250661402339,0.4929303596151702,0.46790501228827797,0.0925963904840032,0.2890422991432931,0.24020244613498173,0.1290713114398328,0.31888817479623827,0.6532803601051967,0.5460531960993285,0.4795520182136348,0.6927841250751654,0.4508128614256079,0.31597591934187313,0.4028979347446143,0.17819980621922696,0.18278704536581308,0.41758820470441754,0.5875852684590199,0.09891239188147649,0.36357465680188966,0.2067141229277747,0.11090644689837845,0.3550518483838012,0.4999060315488539,0.5400080326109873,0.5320470097893089,0.1128542214431785,0.6150203001284276,0.4696752251706831,0.24410972918354165,0.1918327568243719,0.5654623847613689,0.16844385904531117,0.17135049876879954,0.17201861547411285,0.04688506926869468,0.18367904497206106,0.15984632226626647,0.027272880821497092,0.5958625234872834,0.7866487590018447,0.7590119303021465,0.26195513290463124,0.26863811504149093,0.6710464424099876,0.08644427842310806,0.5227289251612498
0.5781696807598269,0.5794901036509845,0.5174855110096045,0.04588802296964728,0.2866121166692876,0.5164242008124669,0.12593105027671542,0.3494214268414785,0.7166599770660361,0.446510345233076,0.3534321032448173,0.7339146121467228,0.2964174825567832,0.2379656826464489,0.34291631712171955,0.11760808640821738,0.289888353949087,0.3004698662425658,0.4205400931622774,0.19619765350689394,0.25566561998938897,0.14688471961310046,0.13012886217618938,0.19655315240150728,0.5509459145619623,0.4229611036988114,0.4184554356116176,0.39442009932807476,0.46294924906437585,0.397727261114848,0.23981132978379732,0.12244737102960358,0.48263708625676666,0.17637927341949355,0.16767337115821027,0.19488074461896449,0.1759481842574417,0.1653437535627092,0.22759820322439078,0.023622600222774542,0.5978751466476205,0.8096560191423583,0.7812229373205185,0.6271967491254897,0.1858286902615376,0.6510519251273309,0.11586845099439358,0.561822938260223
0.6201281590661083,0.4668739156659408,0.42806233773221847,0.08834085315832643,0.3184354145123081,0.20944853317008252,0.16896073590056193,0.307085130716305,0.6339423491795907,0.5214992966747825,0.4691255105564255,0.6446782922429345,0.4096195560381945,0.38562732175621695,0.3725238663074098,0.1898497023695951,0.22893928395945146,0.31658776605801775,0.4870082191113152,0.1906311552624818,0.25071294474303507,0.17625201929915213,0.20313697718387314,0.27781744227882627,0.48858401180808814,0.4318114336993335,0.4249980678953483,0.1266140812153082,0.5860486671579705,0.36212385610648096,0.2858947797971512,0.13038943757622623,0.5292237622572613,0.20706996062730948,0.20055238857861557,0.16681210005817332,0.15483959347279752,0.11912055633654603,0.24686700642661827,0.0360567852352629,0.5531082271887998,0.8176310380965346,0.7887849495017174,0.2898347332481515,0.22576855292887804,0.8142816019164387,0.13500262821788991,0.5974039153366761
0.6634463597292412,0.574517404455319,0.4580668236774681,0.09105824446267433,0.3346205356228113,0.20543491401179725,0.1881608715185325,0.3073368859382621,0.7347888993802685,0.44391706513225315,0.3409175532865035,0.7303066746843054,0.42210928624258787,0.24913509664279765,0.49124088935708154,0.11502843994980078,0.2313020009052045,0.3293830808445698,0.49174341796147863,0.1586880191830094,0.30334504500541887,0.15026463301086013,0.13826747649348814,0.2793738508592044,0.49047252799018265,0.3698859877335401,0.36385766580080103,0.15194274028629856,0.46304423931174804,0.32278457308526665,0.31986197914999925,0.09611533515894259,0.5615377022474943,0.18434020799152823,0.18483903411840336,0.18280977312390922,0.14370625074162202,0.18621483355452298,0.23480175985774626,0.03268110865383042,0.5565732436972354,0.7820213026887526,0.754419821561247,0.28566640832827134,0.3422286983055282,0.6902303928998546,0.14462259171378564,0.5466260706600878
0.563455580331449,0.4771498210321815,0.4737492538664378,0.07265176374077106,0.3170834691308794,0.44588663624437186,0.1359190756767038,0.3330970408398228,0.6813330862384395,0.4722561681288363,0.39710625500432817,0.6851473241130488,0.3303998780607951,0.20682320040846575,0.3620898730532883,0.1410715812746613,0.2622300377600327,0.3559390043441994,0.4788187444429926,0.14472895435471445,0.30379094305110366,0.15642370579147818,0.12506939268881495,0.24292227887055703,0.5274659078709241,0.5818070208636233,0.5739593115640045,0.45433829973707274,0.6947300111859037,0.4815967599044113,0.22997660756177282,0.22650683056432985,0.5048076494979837,0.24421276834006822,0.2335729203542104,0.22809773123909247,0.1405088705631331,0.12188624050699198,0.1678979549860838,0.04534038689452394,0.5915087438500646,0.8029827990203808,0.774727910814496,0.6424247502147002,0.23069491219185936,0.7578616729918655,0.14093349634513724,0.5523829693729208
0.5907235530017181,0.45210111361447064,0.4419067958612353,0.09449343724364231,0.3041922097484479,0.1915481882433857,0.13849791639093492,0.2946739808380414,0.6500971635830328,0.532004897509968,0.46876329817386336,0.6853878532772099,0.3829731529535567,0.29348975913841313,0.32644653832704407,0.16891752361501877,0.19156890271293123,0.3710175953441979,0.5524975071238767,0.09274642459535848,0.3053407220676913,0.1715044376080343,0.14574005902946818,0.3158901017069171,0.5254134038846666,0.41829099607807535,0.412628685470124,0.11522056675430907,0.43413225044898984,0.3716575633568962,0.23045407602115947,0.11327810290948695,0.5333066179470226,0.1611306941374287,0.15815642582478484,0.30948225712623617,0.08072136584515918,0.11618014868193452,0.21225626314500837,0.02141233009860058,0.5840724824331344,0.8608596711193167,0.8305070079655008,0.3275172283781237,0.26162838162525226,0.7227707472177942,0.09418018623401786,0.6068354557765567
0.4746569819683068,0.7092693067716094,0.6615770171352038,0.040248154224774346,0.34547237455485125,0.43063096847114307,0.20041269302778453,0.4635918589824045,0.7711663778889525,0.6796729811314037,0.5548039379423839,0.6953698135898978,0.4440413233377663,0.19088979590163396,0.45991829918620075,0.19093079763114107,0.224204976200831,0.3627595255586438,0.5173651574813725,0.23807484799177878,0.32234599583269863,0.2397336981778629,0.21646166371367276,0.28756044299180183,0.5377064652109185,0.5990119508073696,0.5912567886483092,0.143908851884312,0.5142226572280186,0.5051975180765105,0.2277831312692045,0.2404150203415833,0.720949080695226,0.35644958359516055,0.3780025676262748,0.7285049447353111,0.19322068895564726,0.49237703747352035,0.21014254643688945,0.1374578672552537,0.5811241960902858,0.8105210558523726,0.7819324749719782,0.21587314886575484,0.4582547706995562,0.6484579688614942,0.10255806485295701,0.5625724746528513
0.5773293442848063,0.5059235924190834,0.4783002549656045,0.08705906480721898,0.3277904515091424,0.24185044760720997,0.16277990559988376,0.34598548233296755,0.7446265502018925,0.4941428176885503,0.3827414974197839,0.7367408298256164,0.397814227241272,0.32692705477378814,0.44919869377338634,0.12870561127080105,0.19821209071518617,0.38273164833239587,0.552966915162483,0.1291855784876253,0.3328476638397243,0.21543044375926484,0.1386938181373528,0.34081711592608543,0.5067107257612367,0.46531667774962315,0.4584287164234965,0.13345018989190766,0.5158834736358888,0.38726487529990494,0.25579333307813246,0.1515516629292637,0.507373274970959,0.1662792401687727,0.1595686505191647,0.09435718440954038,0.18749060765290076,0.07375181913587767,0.2884766248111544,0.02282194090630371,0.5671654605308812,0.8274284279669275,0.7982083261708672,0.38296223371944454,0.2729098232373015,0.8011845312549759,0.14889441664025965,0.6116751247497634
0.5921343567713453,0.41046676008512095,0.4215502023372999,0.10402994257588188,0.3847766659099472,0.08995918757057866,0.197731972864316,0.2620757103289267,0.6944768627853024,0.5537740452568429,0.464260535392935,0.7003006614552015,0.5412776559834883,0.16089339832654742,0.4908486237527504,0.14441097065639313,0.1731229611220247,0.41035360232857193,0.5921723550543824,0.1204076389483601,0.46797398194739365,0.1113567274318378,0.1430921968107209,0.32672669342742267,0.46604061438640254,0.4455296098740513,0.4384217710491043,0.091148115687993,0.40876982330390843,0.3564465011442332,0.20468979368853235,0.11734052069324971,0.6491464916222898,0.23406374621350529,0.25165640035037756,0.6276905177428737,0.164034160093642,0.31002826963229607,0.1161583627800287,0.055727327233302426,0.6073908836639107,0.9093696800664073,0.877499192700941,0.35474749167382336,0.6891686165706059,0.6687907269385538,0.140339647702066,0.6262041824181044
0.5961792129043055,0.41358462982292343,0.4199557195838,0.09962059064807222,0.29444695037130886,0.14978196862883325,0.12664173023734013,0.2696123659367583,0.6506996922854089,0.4499415724092787,0.39689179951027465,0.6907396271797956,0.36375615700487807,0.23755593816302098,0.31837456759189,0.1342891340930825,0.1797373690751132,0.3491670649463434,0.5518982975065008,0.09994005309582943,0.32136424029263555,0.18070957603996268,0.13524868392059297,0.3080655231323735,0.5493176099153378,0.3868105451564651,0.3828466239382991,0.4232544551562956,0.43239046145391424,0.3125326781170878,0.23139361285593957,0.09400984122945352,0.5630619594835814,0.19217423499235006,0.1922913658929983,0.26221640488656195,0.012504276607731735,0.16595356646606832,0.18758223432358176,0.03076359938722012,0.5878945802864407,0.8315728319624935,0.8022789529190375,0.18292453027795819,0.2258813018400031,0.7273662652949405,0.08622794989622945,0.5407974551239241
0.621540825093861,0.43438051629559643,0.4110565713133244,0.07460008203445442,0.3150213711084323,0.22161122032673955,0.1532224664242946,0.29868323605817254,0.6753198250749219,0.4280469012495315,0.3623542257059447,0.6976548406494287,0.38620702091219994,0.35750024563029204,0.4013132698727133,0.13583106328190814,0.2361587377904574,0.29302188072122065,0.4675686419041788,0.13505181125289034,0.3016468101020028,0.1529973864788476,0.1304283772309002,0.2615526463418763,0.44674590106586115,0.36043070185303083,0.3545207264633317,0.07630733274905055,0.33189054923888067,0.29876889254808986,0.26414541213396264,0.09131891113491708,0.5160455107193185,0.16283689751973013,0.15725707574740655,0.1539267015706806,0.16209822329384846,0.09112539766706929,0.2401216340256823,0.02244954852514297,0.5523478693150418,0.7762381825001217,0.7488579422397078,0.11646174148006956,0.33759142962821886,0.8123667570714332,0.11036161912196837,0.5385718235043078
0.6341004480580331,0.37971770064459964,0.37672421620310553,0.11161812961443801,0.3330216250604196,0.11628332134451652,0.17874283425373527,0.2413956062784054,0.5899687371138972,0.562142811983133,0.5317293743659295,0.62916416115454,0.3924149850476086,0.3529202127738564,0.3005329275965415,0.20083628783327132,0.18125564310213485,0.348249055946415,0.5499409928658983,0.09424509719962326,0.3040249238590876,0.16454946601133777,0.15686913945827752,0.30596540270809425,0.4522155811549197,0.3968752191044674,0.39043967420497,0.08042652643879636,0.36191491902602624,0.3104821180155618,0.22275971157456514,0.09654500675539014,0.5560454052006149,0.17206708487964667,0.1725202189574578,0.2966841186736474,0.02856608938079408,0.1531810471559653,0.1826807768115613,0.02503034466660181,0.5673253550394797,0.887005071007999,0.8556824253029418,0.4807398253073879,0.41360417685819273,0.6881862727858599,0.0860614374560934,0.614838485620867
0.6031253157278857,0.5876699157470702,0.5054685220213405,0.07711238720262509,0.27151446820716246,0.2886770958713212,0.17534371627363216,0.319646378121369,0.5012919384772881,0.8095293355005201,0.8044939100767556,0.44443776307877336,0.44306833083834973,0.35630769842666826,0.2963733331270398,0.38029295096724525,0.277406297974489,0.3163642137325046,0.44131602862520786,0.2142673631926009,0.357547396728053,0.20467394195331903,0.19911976597578887,0.2044522605878487,0.44597639487852836,0.5687339920850537,0.5603010383361536,0.10595968448729186,0.4130122538224426,0.40950700738091245,0.20750449121612496,0.2061050675407556,0.6081494779604631,0.2352592106017825,0.2413517391808412,0.21759744037230946,0.21115549820648488,0.2596841676193649,0.2045406195425596,0.052089271242948154,0.5896744953454756,0.7812805442747486,0.7537795646894191,0.1445926981001655,0.5026961312387315,0.44332657981795537,0.15596505841806746,0.5003460832274642
0.597552339003541,0.3983716003916428,0.41216099969893727,0.1220775225594749,0.22691688413137512,0.20101705617374582,0.15250851489422862,0.28439986943396545,0.5128424372449241,0.7024419211286267,0.7017127451270042,0.5342754058929645,0.5875927598082659,0.21837998052573906,0.36914330113417915,0.32275556537565053,0.3039895944157544,0.41902711063302855,0.4859875388160035,0.33428962918557853,0.3820486703313023,0.16952960842331996,0.2141629098022051,0.21999386327940873,0.5611970788352515,0.4426120959853598,0.43836200943691767,0.29368974583698504,0.2355021955988158,0.38155057775161805,0.20220968753628268,0.1304969459365538,0.7104585777831492,0.3468489432638602,0.3666870831955319,0.6260616637579988,0.47110200865794755,0.4614467430591671,0.18344490690952323,0.1252263971780485,0.7470332489055505,0.7990131061901808,0.7761181454045453,0.3682997842525293,0.5438810632679641,0.7140552928579587,0.167809606699808,0.5455792933593596
0.6309409462712773,0.6372569650496813,0.5172225071424048,0.13233182936833468,0.25607707145037134,0.6069273712794355,0.1542582992690355,0.37322611947419826,0.5928008936128601,0.6056317780783563,0.5681575292414337,0.5473241130487072,0.4388408678900501,0.22453944596410247,0.38005133547779857,0.26645777808119064,0.37377196455317196,0.3642082672555557,0.3939084139493831,0.29382546887042904,0.20867782503395138,0.2731799325963523,0.17379400888733765,0.16522379643208407,0.5137268192289367,0.49606878228161977,0.4889617860454864,0.1999415717207128,0.6532440089780194,0.4779127700235156,0.2931862788595736,0.18409144068697553,0.556088902927793,0.2215913159045373,0.21807023570495437,0.22978475858057007,0.15139472271232812,0.18572190999431468,0.2570556422398771,0.04665382087626749,0.5881681226533287,0.7866393557842837,0.758937365325471,0.05869169058042353,0.2711344522318216,0.5441318246130162,0.1646413321995021,0.5915954130466777
0.46440210125208564,0.42168224793013526,0.5222483564874567,0.04701599671862183,0.2964272701681916,0.23817387687903158,0.13272123370893593,0.3684292273228152,0.5002299148332038,0.8486584124797424,0.840990322384966,0.5261575466025256,0.6330454356803353,0.48367353277638503,0.3713405929354133,0.3967038819929029,0.2506200692399805,0.37158868893670105,0.49876905593759363,0.1848933801490109,0.30559279375923154,0.19951624839055715,0.15434604191413348,0.24589665773910824,0.36018690105682644,0.5395593676232295,0.5345302918903165,0.1324861232836693,0.48511677868416936,0.43790855547227464,0.2252620189543835,0.18706167487856676,0.5643511021120253,0.2586461016336872,0.2538583114235621,0.18560209424083768,0.20007322603536692,0.24225283622843446,0.16790056551011895,0.052687651036357475,0.580662217867643,0.9056606060078449,0.8737087730481308,0.10416623028424207,0.44140443358562054,0.6529584772105115,0.10072821000607304,0.6613227736597675
0.5377959588910705,0.48655328636018585,0.49683800622976065,0.08541837571780142,0.29519990834618565,0.2228337495476147,0.1182763005383679,0.3367813249154938,0.5111193755211932,0.7413878083488415,0.7373090301601068,0.4879735417919423,0.4517845132370288,0.32009282189203925,0.2977772590116748,0.33795013944490593,0.24235782367610975,0.4215237155188615,0.5376761493837983,0.16776569324312757,0.23280449036147938,0.3060427065859175,0.19574304596267184,0.2776479384924938,0.5124793895125291,0.5480048963628034,0.5401982639967737,0.13239848086473854,0.6118669434466324,0.4350669404770575,0.23206579941293748,0.19203939080906335,0.5810280415804738,0.20789689796257133,0.2104248959022769,0.314630599185573,0.06765546804556166,0.20799968255634865,0.1598725195076365,0.03908316823128827,0.5785662599549738,0.8251977786427939,0.7960797168563978,0.31362979409731684,0.28414911377618746,0.6122748530890443,0.11832759425004216,0.557778055506585
0.53544843889938,0.24988236391109359,0.40706579856153297,0.18985849056603774,0.3206080902510564,0.13454186606005583,0.2804507489829781,0.3756275243419403,0.6351203002996305,0.5317799361149577,0.47745294264669585,0.612266987372219,0.08000527760278758,0.5379999375867388,0.44245164989732805,0.22174895108393639,0.8637686946615436,0.511534353099266,0.5266363021387043,0.9191573178042305,0.6282717390320822,0.7746354161454951,0.4100706137363159,0.27766418067338833,0.16052809195740608,0.3316106151876118,0.36529689267175464,0.0598305579900672,0.13881414644323864,0.2192039074991674,0.21949177933021097,0.1323007090690659,0.4886299660282305,0.49077702828019226,0.46904692814339277,0.1503199534613147,0.2993256464520665,0.31594396294907484,0.20144417294435632,0.21072854965607657,0.5223711700562264,0.4065459483325017,0.3928012717233738,0.07792044573846382,0.2606996946659609,0.5268100996587117,0.24432222734634262,0.1703054751559731
0.4405346413379658,0.40007746546281975,0.5319254838298904,0.30988515176374076,0.4974870790733106,0.10804960818913859,0.20271390986463833,0.31320113213390843,0.7196614198968615,0.7460057145858201,0.6402412265517866,0.6024052916416116,0.0,0.5787129138188841,0.31936674664571885,0.1876340870482573,0.8995320572729987,0.5143117237988711,0.5518159698890233,0.9467328937227026,0.5533214135951979,0.5879140670845389,0.32480670985459015,0.20699298300425273,0.0,0.31706100309346685,0.4001549433973325,0.0,0.2714964459760555,0.12936067061901813,0.13470347823713383,0.12052026562741579,0.5249615977925304,0.5840065095105083,0.5594059329642531,0.6708842350203607,0.4186987834053768,0.30457381718432847,0.11978104994981567,0.19739381726335462,0.42705089606826263,0.5672561818481544,0.5516728010305486,0.24029660040635936,0.28332148517723077,0.35448719290558844,0.15653166943790636,0.22331474628111486
0.23915552038392252,0.43456997581708234,0.7008325736352563,0.044606234618539714,0.5313266771173114,0.2863513010978586,0.19354186791217334,0.47129743542479136,0.6347569586542972,0.7696518370677811,0.6990361291981498,0.5993385447985569,0.07329146974687573,0.7209049467657703,0.3756668026547842,0.23684040214316265,0.5694787579512444,0.4012399644842762,0.33851178511896046,0.5702235163141218,0.1548647814940075,0.2787362677314236,0.3457376881186468,0.06626294364192481,0.1530156008425319,0.46872456282211306,0.4915287334342523,0.030324276950043833,0.32423473564136945,0.11259231317653404,0.17920313873787164,0.15085773633881883,0.49467507373053293,0.5148705701089664,0.4922460427612882,0.3033449680046538,0.17963319953068124,0.25538668821283467,0.12897623030773453,0.15843337768216093,0.424913567530778,0.5192175508824189,0.5058854101947308,0.09855260677405167,0.17154973148470026,0.46024568994924997,0.11960669653898648,0.19557532493762642
0.2287108365673436,0.43439313134411894,0.7089362562445349,0.0512715340442986,0.6135752852119095,0.1253205488502046,0.20182327279193624,0.46129492608094097,0.6729950013510044,0.834035994710644,0.7461060720607289,0.6793746241731811,0.13301092202315135,0.6655559422137562,0.39465958003790375,0.24193762175613764,0.5594763208650033,0.41883343971062675,0.35650577813286644,0.5733064999571809,0.15024262758715545,0.2734165457637887,0.31346925387520874,0.07054450520534897,0.19915989072131415,0.5053070364113122,0.5181555119589731,0.030616418346479657,0.44708500537171936,0.18843257790894857,0.16185350866232656,0.15560821759718643,0.5156156878173883,0.48377345865663723,0.4631170483728797,0.3403141361256544,0.1847454820975723,0.2924806617610008,0.12818333382264185,0.13581951133241438,0.4115604420678057,0.4972838829007402,0.48597005341925414,0.10274187805031317,0.35202583324201425,0.46150186978144053,0.1697373763208699,0.17511738017829087
0.17436127745124014,0.45986458467919944,0.7603814039639167,0.0024097621000819802,0.6587422066279687,0.15966383074708224,0.19950792239098836,0.5162857105562582,0.7457507093186023,0.7448906345921753,0.6296676636924362,0.6855081178592904,0.15708668363594805,0.6509501208836168,0.427238854735499,0.1829110285139472,0.5056748341726934,0.42192675697239407,0.37237661781135395,0.49173589106791127,0.12419117998910646,0.2947971550187545,0.25823425347579676,0.0824877029155743,0.15463569436101132,0.4888870742931127,0.510002325409914,0.037686240140227895,0.4869319827324666,0.1334186282142245,0.170410980442258,0.15796116514386835,0.5070765942003729,0.553850367132984,0.5298986152923364,0.25689354275741705,0.19610041951747936,0.3360052888457606,0.1027543935370352,0.18018064813678608,0.3645874058764062,0.49491370206600954,0.4880559134362605,0.061163360633417846,0.24809331905083049,0.442182885425859,0.1444588013607954,0.1828814803031115
0.22064857704316748,0.4964314772447276,0.7381398961695091,0.10510664479081211,0.33702894542243655,0.3613613675312837,0.15694093622020358,0.49678476285808315,0.7527953775757912,0.764533706837628,0.6472263942763503,0.6423331328923632,0.13923454793745543,0.7300432810159313,0.28650345750571904,0.19299418840528954,0.5987717081564516,0.5022256095299854,0.43213631558912147,0.6364648454226257,0.06745768196701282,0.3089255660961237,0.21847386885993214,0.10232756013270963,0.13833343342312215,0.4630652396211386,0.4890871207510569,0.034092900964066586,0.05888648450591327,0.19867602331607104,0.11824812670706195,0.1510301663174603,0.5220037985939909,0.5322167226497116,0.5097338868695614,0.49057591623036645,0.2531273184734733,0.43375633516817114,0.14319128055564054,0.17033136632199147,0.4558457847771584,0.5227676247547776,0.5073442775326071,0.21742317923797158,0.10619810900590776,0.5138966195269525,0.12891055479029198,0.19521248588925832
0.21190528163481026,0.4473668800324267,0.7266407627290491,0.08782813781788354,0.3510462263303592,0.3075402982766554,0.1397770857566847,0.5036567549395525,0.8564259004785024,0.8073799471297366,0.6645798999872686,0.8004810583283224,0.11956071645947319,0.7748098980247282,0.33157491190185917,0.19235661328343945,0.6496322062762305,0.4728264314985632,0.4071038696952064,0.6611287145670978,0.031100488330837173,0.2793530136698864,0.20667984730797423,0.09457161987926546,0.19978895982851008,0.4831966863546913,0.49710453217155287,0.09596844872918492,0.2690469836647594,0.21651816398764742,0.1853739228222372,0.15219677015366645,0.562151606760935,0.559012357055856,0.5376876611393332,0.713089005235602,0.3288023138310442,0.6172750838260364,0.13877546404337127,0.19425063737859016,0.469461254264924,0.524348129661933,0.5081599366632849,0.15561048155673324,0.34753885125445233,0.4995657051746996,0.22437875170021826,0.19881894031889524
0.21367648174334303,0.4709881484947362,0.7338366776568552,0.048964315012305165,0.8117168641550034,0.1452166733412908,0.2829102091108386,0.47862318815142035,0.7153037452764601,0.6957922207447444,0.5919235349078092,0.6262176788935658,0.13795222264782042,0.6163580182533763,0.43022361427391487,0.16886670234323892,0.5383836756865271,0.4293234845672386,0.3702947928440751,0.5623875995546802,0.05372105171125552,0.25725946583314757,0.26600581221711184,0.07691823947748402,0.16839873349578427,0.4288730338594917,0.45171514724083583,0.004089979550102263,0.4191647254453408,0.1203760071475822,0.1593590637025598,0.12400434411171135,0.47082235397739,0.5473707728795135,0.523163808876457,0.26271087841768465,0.34586835146411776,0.30346337580926974,0.10916266889621726,0.17214501741598667,0.38452720973359694,0.47468749761078965,0.46692464635428305,0.07155275339854635,0.29283668036872,0.3638656835694541,0.17015708050712808,0.16365740283280703
0.20240770923200402,0.46831272403696655,0.7415877175071737,0.010818293683347024,0.6583004499632756,0.19019143768529273,0.20371711989905097,0.48659837861603195,0.7116698227780743,0.7223502814376577,0.6197298865081525,0.6271797955502105,0.11841243381259048,0.6354634531939829,0.3997786330947358,0.18047191083365055,0.5330879045155982,0.44887738231895835,0.38969498345801473,0.5569067397447974,0.15354249341048296,0.2748438647434937,0.2679936728132365,0.0846297077131348,0.2426385566238841,0.4795520406386896,0.48741415478602673,0.07186678352322523,0.330369616026618,0.14838672270815575,0.14610433876427512,0.13583069352445126,0.5063485559413918,0.5635139482905756,0.5391327613370971,0.273414776032577,0.26850926363153943,0.3470673099532298,0.10663424474141803,0.1830354592654303,0.36717150611152527,0.49148785342971346,0.4845537341132511,0.03694937265662637,0.3055817606618497,0.3662836917058467,0.1683041703500935,0.17691958720672943
0.18795118576567665,0.44752623343819387,0.745420125180068,0.03055783429040193,0.38668086565648657,0.31950312899715094,0.1353831369974504,0.5514924038810385,0.7316659325649005,0.718637270871545,0.6083001341049529,0.6473842453397475,0.1642200124847506,0.6880223748982367,0.294644665644309,0.1934159543878834,0.5291674863994975,0.43144653584332,0.37441920197971573,0.5424338443093261,0.12599363317761042,0.29275197271974707,0.30567976852240225,0.08827976236526058,0.0789686739106834,0.47197404930744913,0.5095748133606636,0.026789366053169728,0.021736642606718926,0.30338921225313187,0.13863229505588023,0.18117802650056414,0.5400319023156112,0.546331876633328,0.5241363221564483,0.4292030250145433,0.10069992361267752,0.6547661404453045,0.11309220872812778,0.19344077579143573,0.37830719681506353,0.5443786870863767,0.5335703505992336,0.1801596112356256,0.3709876738836905,0.5334981503203877,0.18446741545891815,0.23564681866977066
0.17907600524413153,0.48591800348874864,0.766175774385025,0.013074241181296131,0.5031249414270956,0.35136714500519384,0.1786771882835037,0.5664813532291091,0.679340037570637,0.9359525888262303,0.8462083720064189,0.5622369212266988,0.4688523985813113,0.4368149112921251,0.40658194460683916,0.3231275158686505,0.5177907332353701,0.42446749811342305,0.37100285340664385,0.570780166138563,0.13199468279933368,0.1913268197644892,0.20536325476521086,0.08810309314237627,0.29268498191163117,0.6060101234133863,0.6044673529756545,0.08997955010224948,0.28519937104086446,0.316852634088054,0.12367529890047746,0.22282667618158195,0.5294622604705443,0.5455527974540234,0.5228314149700459,0.27294938917975564,0.028178094458986003,0.5505275942262929,0.12648815414062173,0.19204811958573417,0.40903716232938414,0.6108976994428504,0.5945939350524244,0.09350453488615658,0.5672731440416496,0.14911144276877264,0.18779470675614307,0.28840496914286656
0.28346535370047876,0.4381202545068243,0.6676019398000308,0.07993232157506153,0.6683163862803025,0.12819716980142049,0.24692264605072586,0.40582477624910523,0.5484768718934794,0.7573030551973109,0.7306585521871902,0.5148526758869513,0.438232141467436,0.3747095118112338,0.2501035621947192,0.25136022414504994,0.5336541600039736,0.4811725693497865,0.41968885170844583,0.5620450458165624,0.27056863337731557,0.23387159090801501,0.3690994136765065,0.09282090939364737,0.2042456083454465,0.5142862156681867,0.5259392631442316,0.04685947998831433,0.27734894025509915,0.21701897408798596,0.12601491991878466,0.15354569064702894,0.5401380849338707,0.49530116660032625,0.475423219820829,0.231413612565445,0.4968761831715325,0.10178915308323314,0.163944006301162,0.13841418936121047,0.32521580206485423,0.4944336730918334,0.4920878670068007,0.05404159946377329,0.26860558305972215,0.2662547344924422,0.0931932964417348,0.17868701285072777
0.38839131452661874,0.3792872752759804,0.5647316076954443,0.17719442165709595,0.31219163064883243,0.26811852500015493,0.1761308933124246,0.3630216204165382,0.7072904832772373,0.762310570945122,0.6612602420286645,0.6588093806374024,0.2460667381362937,0.7766432351501796,0.33363498739766445,0.21009528008667253,0.8587537634411075,0.4684780491155778,0.4890538109492184,0.8241842939111074,0.26211782250797117,0.5340014416145733,0.22765445761027034,0.17148050796910433,0.06854845763038514,0.3926646775004146,0.44187844339516663,0.0032427695004381973,0.26082060525659523,0.15956480195751033,0.2167311715750055,0.13733639807516154,0.5160758699577447,0.5594686558934844,0.5355748752396869,0.4839732402559628,0.1242856516461607,0.41085380991601306,0.14614929945967847,0.19096060872499163,0.5009240133134096,0.5333045097317379,0.5155138077520574,0.21543327538174736,0.10763489716273067,0.4121816460814247,0.12079598232561012,0.20352112782154178
0.2490124417349398,0.4271640791590562,0.6905239879908204,0.05844954881050041,0.5729210829300859,0.29822424518507157,0.2566682131039996,0.5146019993043631,0.7136254343988296,0.7837506471178468,0.6803661077069899,0.6522549609140109,0.3597979872520852,0.48997519922641,0.41544071086357903,0.23781850708392355,0.5791436341882782,0.36729913456980096,0.3053388216239018,0.5871371071336816,0.07205818200649991,0.16536705259509354,0.33656764993929145,0.06083538244785949,0.2483354438121098,0.525739899815323,0.5310632857790697,0.02766579024247734,0.20303071113881796,0.32837553467350084,0.15289868097000903,0.18264169143082779,0.4944194610370213,0.5326976603309952,0.5093228478484921,0.2999709133216987,0.4151078270985417,0.4091008620155991,0.19571297301609825,0.1876491947499389,0.3487461295318448,0.5307682145207214,0.5235463187954563,0.08290567855721498,0.4473433974991771,0.17738819665715314,0.17064259123715939,0.23722391755961453
0.22344315940978782,0.4738602324386076,0.727352756705103,0.06578137817883506,0.5736734093161465,0.3384457265571011,0.2318137949020102,0.5268614671725067,0.7379949174972453,0.7613286615236634,0.6490090859443238,0.6723992784125076,0.25260740542434934,0.45332872195389645,0.37005118823189037,0.21076971920019175,0.5544192293765604,0.5556696558407249,0.4861489850914712,0.6266164254517428,0.041594094315745955,0.30648469289002306,0.2808929667012833,0.13812251438841927,0.2054519619161601,0.5189150660650036,0.5301732359421601,0.05749342681858016,0.20054219148454966,0.2687198639785092,0.16644377586072984,0.17969358028512636,0.503247328800352,0.5746711635397548,0.5497366085542998,0.3977894124490983,0.4338360409760837,0.3968815269737684,0.18683276673009316,0.21129113507897732,0.3394666742937228,0.4924383368361007,0.48850491698586973,0.08202593158920007,0.49826113833984437,0.19093642359137208,0.19620989232770142,0.2020228709843307
0.14124324924264098,0.5606835076819094,0.824400938818334,0.03814602132895814,0.49788055416279875,0.4735532728873789,0.19308642972896378,0.6584418390501048,0.7394563754368129,0.7115397440638105,0.5982772587980879,0.6898376428141912,0.27518457151439407,0.47656604069602726,0.3921982399356759,0.20107360735076996,0.39311597354313965,0.46092884276641866,0.4579824110255957,0.4706688361736748,0.08264132288764145,0.2831230864150381,0.20798611840770767,0.1624345725908738,0.1850816881937144,0.6310894778622922,0.6402482975231444,0.07841075080338883,0.12233971868583651,0.44201264348093033,0.16171727009878506,0.2746834529418791,0.5522289539418782,0.6198357396819025,0.595041572306491,0.3682955206515416,0.30397350741479634,0.565188362132829,0.1760078855523344,0.2654422620810941,0.27349220209337105,0.5589773976887681,0.5589248025672608,0.08483274334429527,0.4516586524457357,0.27935295331453636,0.18962256946401662,0.2857559829712384
0.24524693836649009,0.440468595528721,0.698176790249921,0.0572703035274815,0.376357240384212,0.3275336584222548,0.16517579655424658,0.4938743820267636,0.8294711482888162,0.7846734046533883,0.6464466875184822,0.6607336139506915,0.18463403095191563,0.6325903809623841,0.3260980506935164,0.19378329630692254,0.5886849859421968,0.3881374322817146,0.3242926548365578,0.6189089663440952,0.08667009027497849,0.23124807655131413,0.256991904767216,0.06408357819379362,0.21011208437075227,0.49196339568191244,0.5038460241556266,0.03453111305872039,0.2720530858595031,0.3138786294181452,0.17627366744395762,0.16050153951607354,0.5406610658951784,0.5087609402727724,0.48830181847799703,0.39581151832460726,0.08985563326812007,0.5348194446358716,0.12372988827228468,0.16551562176442508,0.4670262077877308,0.5124149182142036,0.49682296675893467,0.15625981860455376,0.22664021385540742,0.36148745308510405,0.16496005706184763,0.19685671406276287
0.2349643925194299,0.4546420125086877,0.7113062790760099,0.05039991796554549,0.30176425013461106,0.34114591778626635,0.17969617158882994,0.5226036670326002,0.7415678198159397,0.7711360069190933,0.6577122647026147,0.646662657847264,0.19967516397769547,0.7819638850729523,0.3423136287069057,0.21802697954374856,0.467155021175401,0.2804083522868515,0.26639638816236305,0.45945020125032116,0.0990877776229713,0.1799316345289826,0.22720723862990927,0.05943183791743428,0.17806882177129468,0.530084479079911,0.5448630066804453,0.04510663160969908,0.07791290076576196,0.33349667204440664,0.15589416163204683,0.19478216461085263,0.5312789893259252,0.5028453524590357,0.48210606173746395,0.3614892379290285,0.15485463931218824,0.5888083705244995,0.1224947445814876,0.1665207320229626,0.43745031828911396,0.5197612065347094,0.5055605211148537,0.1084602333424101,0.18503407297294805,0.545713620958185,0.1678193128884125,0.21202463583273187
0.34820890994540127,0.4525898646818314,0.6232190821055535,0.17099056603773582,0.6522896167549215,0.1782524963140551,0.2127877481149681,0.36549434940576453,0.6684885183438984,0.7580071529297252,0.6727594783921735,0.6550811785929044,0.07512475814536207,0.39815925974331345,0.32855761031447706,0.2017170210726022,0.7739911273519716,0.619364010672558,0.5752098917875798,0.8256401472981074,0.44186237749398666,0.3901471961144246,0.2898299277376737,0.17778905429262756,0.17569333644156598,0.4179625130615252,0.44023426508894004,0.04756061933976047,0.3174939591926335,0.18222453390397858,0.15296254521841152,0.11352672059445382,0.5183257862695688,0.5504660022589002,0.5270433558104617,0.5481093659104129,0.4303162625771957,0.18790784348885312,0.11829036066649079,0.16878867314665938,0.44431034650392337,0.49455741429028566,0.48100457333639646,0.21482583104668945,0.3088858446012587,0.23044073585212066,0.18700147605560452,0.16367075441648812
0.22401262366264285,0.5102214973229386,0.7410061617425865,0.0915709598031173,0.4123544777046318,0.42751423857174226,0.14185720590454348,0.5433341572447841,0.800362113640998,0.692717454943949,0.5587305767632506,0.662898376428142,0.29273537237353536,0.5842473998477611,0.42014586522853264,0.1650945017255696,0.6696365714049415,0.43012894422432746,0.37041819237388335,0.6857925837115698,0.10894456820425977,0.24176524293066554,0.23286978604087816,0.08696608352755808,0.1887862298901607,0.5302901356560377,0.5434332279350598,0.05495179666958805,0.3243397305410495,0.3419426188780346,0.18258659864679433,0.19283326619428523,0.5089579944547895,0.6066637644402901,0.5805344716024632,0.4304246655031995,0.03785593546437305,0.6093108816733828,0.11900463763472077,0.23944308561934097,0.43360795376323125,0.5464816104117431,0.5313755036522172,0.10789468172011481,0.35477383959516867,0.3559613051665139,0.1852156299709899,0.23402250421169551
0.39149070265313635,0.44279921136925326,0.5862694794631137,0.20811115668580799,0.3291286056478189,0.2068390954791844,0.16816946122574739,0.35747403825103163,0.8019430883127507,0.7913672176477052,0.6602317174615838,0.6484666265784726,0.22446114294143965,0.7671060939789798,0.3038475645287566,0.18860511108441647,0.8483046240823262,0.5221449917543799,0.526077084601543,0.8658045730924038,0.09249671652367039,0.4898987503329865,0.15605844864209562,0.1805488872478651,0.19855001256861216,0.41312024760481325,0.431484797224996,0.05574057843996494,0.37157946200336434,0.1982468894482166,0.18791105248422718,0.11393016783845003,0.52634643342606,0.5412580531913509,0.5185766935947371,0.5668411867364745,0.10638061158166029,0.4092220195594795,0.11487900312033267,0.1731383703814155,0.6240245996561322,0.5080631169373866,0.49096610509335015,0.27267966737186067,0.12016132888292907,0.3842939190342301,0.14798127169964828,0.17806499799464154
0.34588992363319104,0.38783409869316904,0.6009787113343852,0.2001127973748974,0.558743249393137,0.26963572703886257,0.29025904269514075,0.45203998216322655,0.7428340928794606,0.8321826978379934,0.7194866608011199,0.6500300661455202,0.3160033010833837,0.4117942986793738,0.3929705795006573,0.265359626404567,0.773379102150205,0.4511668353911707,0.42616217945660084,0.8041449002312238,0.2036560842394517,0.3997642907755957,0.32566736180839534,0.13635411906117142,0.2090513600785572,0.44345157047016154,0.45810040244043865,0.09710780017528484,0.10261709589977688,0.184984829901119,0.1497141600363311,0.14877722503829843,0.48609215176987186,0.530256968421775,0.5068492022513907,0.6014543339150669,0.435676856009949,0.5148204813786466,0.21112486490889004,0.19468222149231773,0.39075079262593104,0.5803531732232001,0.5667571186798999,0.28654615529628624,0.5153642212426747,0.278361013183842,0.17867469186083595,0.2858035569925892
0.3443953465184502,0.3686210806382017,0.5956446814417018,0.13484413453650534,0.5380162873575776,0.11848225773031214,0.20067377915189943,0.3627049495938321,0.5780446017010846,0.7701853535479952,0.7270277353567138,0.554359591100421,0.06419137578966749,0.6603514400829854,0.33818670336205564,0.247899214095878,0.7035691607559573,0.47886809588214174,0.4240471713508567,0.7321229767919843,0.26943282606848257,0.3096082582265658,0.2753447514363367,0.09905688669506127,0.13397015532108186,0.40466833599964164,0.436707415594626,0.07493426818580193,0.3263923013562857,0.1472652393413012,0.1415385489767548,0.11807297114071909,0.49091679032314206,0.5226921487995989,0.4996704429044665,0.49717859220477023,0.24237033752329826,0.3772150744248083,0.10386229323796844,0.1544112262784032,0.4849139136019114,0.4729645763303566,0.4580835004867756,0.228420016338158,0.3407767452740627,0.3933126608929215,0.17354698759348447,0.15020663724246416
0.2881914180525192,0.4326944469033227,0.6619486533011981,0.0934680065627563,0.5751702900327565,0.1347408971668257,0.20639671835072285,0.41809907601133756,0.6866038931865973,0.7467986981595542,0.6541071741704996,0.6726398075766686,0.04703822202673397,0.5754653989161842,0.3344800432389821,0.19880184592496658,0.6356141757467092,0.39912813802065517,0.3358296669469525,0.6034940481288003,0.33251068289205177,0.2786948502216787,0.3771768962439991,0.06266891300355976,0.175493502243519,0.41569718383933474,0.43818043203987417,0.07735904177621969,0.3069520190925816,0.09564107389903645,0.13793670698018315,0.11695063995064248,0.5220549394585516,0.5054971962424172,0.48417920608963744,0.46876090750436294,0.23137373467142774,0.28004267190828097,0.1078222099965786,0.1483840039024222,0.43596901786951825,0.4649504643984813,0.453274023139733,0.15081376594541382,0.3117046248543797,0.4514118041347147,0.17412103023399905,0.1517109885370868
0.24745095352512947,0.4245030592866435,0.6908177485565726,0.0708572600492206,0.35276582980989196,0.3426761718993706,0.13192770320685523,0.4633230790414473,0.7649847896828568,0.7223847734120098,0.6002783375084092,0.6718580877931449,0.13342108900550986,0.7355223312312134,0.33411476008054986,0.17156282802963524,0.6558826549661542,0.5144065033901346,0.44715493645190346,0.6530787017213325,0.12455790617367261,0.3052625525974981,0.226922823467383,0.11053114969045583,0.18870707100269885,0.40749980942712843,0.4280793863349568,0.039205375401694414,0.10353973192758278,0.1746314923013143,0.1634370119655319,0.11527630715743017,0.5296218930311943,0.5080648682809042,0.4870052331700625,0.539412449098313,0.11733100300334615,0.4590396097262737,0.11359064528440388,0.15592143322105606,0.4723938472598104,0.4961863979086325,0.48097668419587586,0.1619781738966507,0.19250228940835934,0.45481987937379187,0.12377316857719045,0.17514117862004536
0.76494089297849,0.6678424747951388,0.4567621947309558,0.6972415914684167,0.24823906947809096,0.32776011339975475,0.2851759417374161,0.31831073378678315,0.6979512969306068,0.5698452847663895,0.47761893408638534,0.7046301864101023,0.2413532220992419,0.3464275392668372,0.34955493947921407,0.20422488508985265,0.5829438571176576,0.5020448987130874,0.43262326077196994,0.6865633296223346,0.22266581774309907,0.28672601415631527,0.41659264064615065,0.1514936970945932,0.541964963260156,0.5420900326402214,0.5352924697332384,0.37440841367221733,0.21580379564120822,0.443904770355771,0.2709780606507742,0.23508167604544722,0.3391251749423592,0.6835442475529674,0.6595817781027105,0.40500290866783006,0.3539144410346044,0.30868950313453786,0.5186862805126963,0.4210245638449824,0.5994361787084999,0.5817840246078816,0.5614779133394082,0.1608680170084414,0.33139707121399675,0.3689595678454147,0.2145848902867309,0.34585733857026163
0.6843233603940289,0.7673615728472747,0.5719219510315344,0.716519688269073,0.3527355949586068,0.5125520926872413,0.41897273306344257,0.42356569336249855,0.7041855727702051,0.7199156238711486,0.6203234799276172,0.8806975345760674,0.19571869459444116,0.5730209546843004,0.49955166514617166,0.28986141716872293,0.5839888315618282,0.5373898308276404,0.4660659693071641,0.6014387257000942,0.009357500641881566,0.3657625720110801,0.5854362982580494,0.1778577659684652,0.49849325675751804,0.6721871341452306,0.6625937011730574,0.47595676307332746,0.5119147560396864,0.5327762720786531,0.5539903200208264,0.36544163805366736,0.2243920316978661,0.7037261107741364,0.6927426494537114,0.19150668993600928,0.5165975858201687,0.7139942800152466,0.43555907129698135,0.4931419446619265,0.47003573934418924,0.6927543324825496,0.6700378917649982,0.09769380616241807,0.3375610108064026,0.5354577440521211,0.5473093948221428,0.5059894647140901
0.5466635491502226,0.7756110322720817,0.6578017451792403,0.3936115668580804,0.33387810556441017,0.49041096427928244,0.2941027915287357,0.4686418733484064,0.7740199418367201,0.6464479011518175,0.5201877128760987,0.8175586289837643,0.08594432809758185,0.41514353248893343,0.4140736954066133,0.18794118516358851,0.5845224061265346,0.6178037411379675,0.5422929703694386,0.6352659073392138,0.3678162359037601,0.4125272451690871,0.4659923695148367,0.20699084457544203,0.2968132500449132,0.5602584210836093,0.5594807975253451,0.22681858019281328,0.24570674182585123,0.279274302320568,0.5405769858906182,0.23746596129460207,0.28793034760624536,0.7843105614723078,0.7601383223888705,0.5064863292611983,0.45860310725266573,0.39371163060155256,0.430664085712279,0.5076263888670546,0.4177374561870283,0.746789797716198,0.7242762671437706,0.15741186820552566,0.5649560830064547,0.6909317826870077,0.485559608169442,0.5234449948069722
0.5427964107355913,0.8145135674031773,0.685889136365943,0.4296554552912223,0.47885338598894267,0.37861171261989324,0.2925417983706169,0.4945220817553257,0.7197276105897443,0.7529590494772669,0.6471857653963522,0.8037282020444979,0.15196035274110825,0.5757722306712421,0.46971919132085904,0.26936112448073396,0.5205451025819158,0.6161992604447144,0.5485787636848827,0.5530530101909737,0.4315170554085378,0.4488457220129643,0.45795102965679924,0.21998345377229273,0.43823970851623556,0.7693721658566389,0.7586127598114016,0.5072743207712532,0.4005542194830197,0.3613937551897093,0.2643701230688802,0.42661686915113195,0.3485527303209171,0.7214776465475218,0.6948790602330995,0.4572425828970331,0.5974027725813921,0.20903745024417963,0.4287288803580957,0.42596441575222543,0.4890279678202426,0.8225849789013693,0.794487592450644,0.12718627594729898,0.43986746605633475,0.4750104432707609,0.528888539043336,0.6337153313979009
0.5981876003680692,0.7877818376876149,0.6352756250103009,0.5459392945036915,0.2009173183033911,0.34298364723934266,0.3556421141358278,0.4610539830126513,0.7921053035782228,0.6489963848045451,0.5165776664770718,0.8250150330727601,0.14692304559443675,0.5678620693744247,0.48627265141964154,0.19374652009968707,0.5719070302653315,0.67066056238221,0.5931603756372361,0.7067311809540122,0.32085476028153737,0.5026139305347581,0.40629925230028086,0.2585294254743363,0.45987217265480496,0.6492503283936495,0.6397506623371805,0.4389424481449021,0.27539466111256433,0.3691977836020055,0.33173870351070966,0.31645077669609534,0.3022530636622547,0.7759939977222736,0.7507876365439634,0.601541593949971,0.3054124440372672,0.36168112475067477,0.45967290144331197,0.5203107578904685,0.48926408286276013,0.7420512123403677,0.7168924013664615,0.31300140340587757,0.3793402966579177,0.7402581758400556,0.4947543250264378,0.5364367899766476
0.6057192005227336,0.848462851685674,0.673039097072351,0.6525328137817883,0.25218141567531754,0.48238181147653625,0.28799190112296824,0.4827097789150948,0.738164794280061,0.6143722364196803,0.5021023492076647,0.7714371617558629,0.05822821648760257,0.5248840300195995,0.49070955402761074,0.19663916804465414,0.5377938922565357,0.5678320616472445,0.5000895275072383,0.6186092318232422,0.29251776306644256,0.3921123200763895,0.3971847426397238,0.19145587800909916,0.467325888192718,0.6038132998759917,0.5948334406886314,0.2254455156295647,0.13475064481846566,0.3399205331229351,0.3250771513661733,0.274012474737898,0.39925916354967494,0.7300220335619632,0.6999064437053371,0.6805410122164048,0.32199520968576,0.33244559155883385,0.45574276744704145,0.44488024286440525,0.594166973327142,0.7301378482399009,0.7044891512934875,0.28629479901971056,0.49057347308479393,0.9203294899565964,0.31776359545976446,0.5167969133613988
0.5564570985021424,0.8244590912860803,0.6845566510479643,0.4051989335520918,0.1634336947358942,0.5855780659800401,0.3295137770503326,0.5293707805580351,0.8128659129539451,0.6046784413094044,0.464619534529631,0.7618761274804571,0.19656104790484463,0.5014323880172582,0.522009754124968,0.17159928035356778,0.5463122151724847,0.5972201410017925,0.5264237234432854,0.6040935171705062,0.24979876959090935,0.4982158728257404,0.4269940869421758,0.21732956428997807,0.37947576358469487,0.5808463792443841,0.5741456031390859,0.2667250949459538,0.2860761355607476,0.2478795843225086,0.3411311016189218,0.26710160054186904,0.35499783816899144,0.7766628957356727,0.7469889277600144,0.548283885980221,0.13893961175298203,0.38518110032905706,0.46789620657115616,0.5287762956594629,0.5443837704250966,0.7400282096717349,0.7139783181044164,0.18085084099620874,0.42723085179504133,0.8669904364082442,0.5835549444567734,0.5510244379719358
0.642510093140184,0.9100318906808058,0.6977291089266752,0.8942268252666119,0.20772912273365485,0.6392041865288802,0.2719796018679368,0.5250815401811877,0.9095776927178474,0.6003200425154404,0.4363248640470946,0.8812988574864702,0.16745315644624986,0.6339810000154129,0.4995126621003448,0.152362939465161,0.509754715324311,0.49807873154143867,0.4411117185315945,0.5407210756187377,0.12844274682843843,0.5316214761601834,0.3780277847434855,0.16892298090250008,0.49943276825974203,0.7376595771175172,0.7272867529450608,0.7854513584574934,0.8478679611039917,0.42796837394099224,0.3285711109107979,0.43951118087296737,0.3078621369467548,0.7586595071778583,0.7337996940506178,0.5945607911576498,0.3401368199052882,0.6547233260500596,0.4611100707359383,0.5355283293173989,0.6602893641789227,0.7000139160498847,0.6769343860497178,0.3282294044950881,0.2747010489687317,0.9355428587608526,0.3188805878767352,0.516297681511137
0.516298317774845,0.8446457435551094,0.721782097111854,0.49646226415094336,0.34828791832643524,0.4278351705499518,0.3117397918066864,0.5794931041931062,0.750592321252134,0.5805464058760424,0.4635966146677571,0.6752856283824414,0.03689838318917926,0.5103509123133136,0.5352092284938395,0.18491197315006608,0.5448149472411804,0.6402400071264338,0.5671814511670409,0.6893037595272758,0.2627676093899372,0.47568155070745316,0.4066927304630615,0.2524612226048773,0.44824231545350723,0.547280085124081,0.5390795836044091,0.27800175284837864,0.07376373179778964,0.2520259079175479,0.3887569658873984,0.2372049533414197,0.3481293086489912,0.7645731154239371,0.7359554214116951,0.4864456079115764,0.31726915618883034,0.35446373582957547,0.46516626962411667,0.5205670795243366,0.5414236461306268,0.767333553844558,0.7403406840526705,0.21180955572778118,0.5537479802496061,0.5283240833539926,0.5773963242331291,0.5996587159662411
0.3975303781478065,0.9692327107618024,0.8757000555563066,0.42058039376538137,0.2629224095974868,0.6224752786339911,0.37436887581785405,0.7337328810039372,0.8500243558501193,0.609941991539312,0.45923386537797045,0.8511124473842453,0.11666380707780383,0.3680939809655801,0.5083757361767955,0.16147357743089333,0.4981185418526921,0.7920534172362546,0.7175393062925881,0.674916502526334,0.1634663905397839,0.6004974026958536,0.42333904615542295,0.38801868220850305,0.42704376976598657,0.5975784024441714,0.5890974796577187,0.3773298276365761,0.29442908793993405,0.37541936397315084,0.3480276984444226,0.27604830812561343,0.29029921576118234,0.8351366918339731,0.8080379672090447,0.6171029668411867,0.11449277534686297,0.4511993724121527,0.44981681708548316,0.6173158096032183,0.4565288830776172,0.7538268282354306,0.7292961096791792,0.2362748999811483,0.19940585583420645,0.728393569891659,0.5736204767218835,0.5708448930698131
0.5046279793537569,0.9190497315583452,0.7794445389176607,0.5268150123051681,0.6865349776273506,0.4805793992709416,0.3364226377607668,0.5877650738271232,0.7684792753097411,0.6552763177705591,0.5310754641681391,0.8494287432351173,0.31484159028042075,0.26688584092294615,0.41607322585341794,0.2026260949589137,0.4900403094962926,0.7534960492902869,0.6831418892824003,0.7075019268647769,0.33817331357471736,0.5710821151408727,0.43805659999786634,0.3428033379590959,0.4492383893615492,0.6611352933653861,0.651561604841255,0.3245398773006135,0.11663577454751006,0.427554332693593,0.5531473361742736,0.32442465205517457,0.3213142265630735,0.8000504263491971,0.7718622581108584,0.42097149505526466,0.9439577955677712,0.1602245872592996,0.41098835708939485,0.5396756813371087,0.4191686682190363,0.689924430682301,0.6696531518005268,0.1488238620891896,0.5428965726937688,0.2955870972172046,0.5057290307016487,0.4665591231477353
0.3252766528692652,0.9819061231879875,0.9270532930576294,0.21826292042657908,0.43778623172026,0.5457753555613435,0.28578081184243076,0.7798345105281738,0.8689228992627894,0.5491426479625222,0.39115802969421926,0.8235718580877931,0.05707531710140917,0.30262913574391,0.5626216334017136,0.12274591920083083,0.40533210876345976,0.7718999823466628,0.7243217089447018,0.5483428962918558,0.15500994575679736,0.5941781687489747,0.3468520208731162,0.40431710707559876,0.4601482361932462,0.6343409253454644,0.6250167221011367,0.35910020449897745,0.17602466118472257,0.42770803005193814,0.3129295773877653,0.2983243116360992,0.1791279215418578,0.9047095161996646,0.8872358289602521,0.5023560209424084,0.27217601259410795,0.45025133659483507,0.42373192195077164,0.7335245084656687,0.4127358269049577,0.7635163320682097,0.7405863179176521,0.11989694392660398,0.537263266017775,0.6970569828761763,0.45332349422482465,0.5694833446043153
0.7215655447884006,0.6895593411784096,0.4965869837098245,0.7308244462674323,0.28598683620020565,0.3814181647959532,0.36845751043622865,0.35025887959202284,0.7422395178251289,0.7574420986148949,0.6435977178484906,0.8455802766085388,0.39351501116644455,0.42656162030043043,0.48705403633002353,0.2846010530124103,0.6060295488043275,0.6929965537036827,0.6131617538502763,0.6377066027233023,0.6043678679892116,0.5381280974213664,0.6000790195485988,0.2846821126400096,0.35817190524527714,0.5951860560329851,0.5893138131495147,0.2853929301782062,0.03431411515371524,0.42841081805233516,0.5720375866953955,0.2829586439510143,0.276356186092516,0.688625896259119,0.6711877355428426,0.24293193717277484,0.8760088591170404,0.224211027403536,0.5279675685475247,0.43886319466491713,0.44940137146866704,0.7690262827898025,0.7441922969975866,0.1801596112356256,0.5850652608253206,0.29208742868219284,0.528412205506785,0.603134951024456
0.4603760232462506,0.9404307244467662,0.8195496576647825,0.48446472518457745,0.4489899968412589,0.4845537349867942,0.2726256406199377,0.6523665606351801,0.8433079745195833,0.5700953050545294,0.41983774037630606,0.7828021647624774,0.03182375955566108,0.40844965128218697,0.5494773706321023,0.1419054676157785,0.5751562247484612,0.697966908752037,0.6188215524804437,0.7266421169821016,0.20185740143498823,0.5205379267007717,0.35650851482695994,0.2831765071041769,0.47229921876639314,0.6231935588327783,0.6139874054128373,0.281799591002045,0.2582377432884741,0.36430387722818175,0.31516379793583094,0.29542470893205397,0.2847990207864309,0.8019715621763273,0.777184926179981,0.41844095404304826,0.3896574919295491,0.3433230594118665,0.4218846404135298,0.5660199057148778,0.5206409155716469,0.735066300292806,0.709478420021022,0.16798977817808597,0.4417006375966805,0.4694627665027462,0.5814884912817488,0.5311189218163836
0.36757665950089324,0.904539176671719,0.8508476336613424,0.1601722723543888,0.48426115236898026,0.6549838243430395,0.31076322678882096,0.8034489198321138,0.7953984929527699,0.5762486019932541,0.4417158535969755,0.7916416115453999,0.20141574271716212,0.381961205438311,0.5059033897154142,0.17858546856596602,0.3843876759289006,0.7681187827056514,0.7286957948734825,0.6089749079386829,0.27843714399088604,0.7409474795464799,0.42690434633613294,0.47580780302384956,0.5010533680503929,0.7496804544478272,0.7391826839594613,0.3736488460414841,0.5006014884379104,0.4528556427383555,0.3460551819656288,0.4755024301569326,0.26804383637630724,0.8530334719077959,0.8272930470270191,0.37388016288539844,0.40491060189558203,0.40548948984567224,0.5168421455468871,0.71569912847615,0.44731397371414305,0.7310101774425721,0.7077257966469468,0.30606815944366483,0.3735608431950978,0.546462500129381,0.5456271086841311,0.5923433626642324
0.46710682646415225,1.0,0.8573887388879627,0.6267945036915503,0.4078814890475103,0.5716500165770415,0.27523727910980106,0.7141970247205871,0.8330664179162777,0.5959764144587467,0.4494907691022857,0.7953096812988576,0.041862405931572366,0.3662188784497915,0.5244931699414528,0.16550331941466076,0.43735341121804133,0.7784805106872779,0.7198630174822016,0.6612999914361566,0.1792370897083269,0.5978052200152175,0.3745833088679546,0.4204949823505214,0.47424265784818187,0.7361701216959553,0.7256322030863483,0.31025416301489916,0.3648705562394704,0.42427312323812705,0.5585409300505157,0.43288371083198285,0.2930470320190763,0.806050932957328,0.7801957672677617,0.35183246073298424,0.405192712794599,0.44951738076223446,0.4872514190275019,0.5985494354644934,0.4706407374516446,0.7585913624832655,0.733380314162666,0.3517102699985338,0.4854373639251437,0.5928241905973062,0.49031281411742644,0.598118616808958
0.4341266495750631,0.8357855926820701,0.7656557944882243,0.17878383921246915,0.35378167370060737,0.6196969590702488,0.34373177845677955,0.7387283881620235,0.8254904435176242,0.670208960950565,0.5282966673025143,0.8875526157546603,0.057245882954062965,0.42727876638069084,0.6391019884202137,0.23438898592650945,0.33449125032696914,0.6437753419021677,0.6432552039128621,0.4999143615654706,0.09039481959087081,0.6204687442781697,0.40379469677549934,0.4335653921840387,0.40430152788778734,0.9487925914845752,0.9363794608768478,0.36257668711656443,0.146737868792795,0.501902207149556,0.489257089917027,0.8039198130741735,0.2730797776617214,0.7998351596442141,0.776445101701273,0.40558464223385693,0.5173384842792144,0.42926725258067444,0.5096372838527214,0.6675521774634854,0.3482268819455213,0.7935725314215245,0.773354470883816,0.35571102406736355,0.24875070860412465,0.6028708409920553,0.5511852299519742,0.7570112121670556
0.5670557851833103,0.841095553322577,0.6897946970702136,0.6768355209187858,0.2157190591128502,0.5553802655858792,0.48875516406809083,0.5696177195149267,0.8190528834571631,0.6252517519783116,0.483775002314893,0.7885748647023452,0.176510732874583,0.5555352149896885,0.7103335053275729,0.19448013150764543,0.47831361127273797,0.6198393251590422,0.5620980187575985,0.6987239873255118,0.1326945910627076,0.4700322678857337,0.4899547052445479,0.2756298075056991,0.46434709193464907,0.7093311906929362,0.69910801099317,0.40461583406368684,0.4529718614918619,0.47205167346180826,0.42933302282322183,0.4206674174879531,0.32124880372117803,0.81697572928322,0.7879607566910252,0.5757417102966841,0.03991556548383546,0.6160671533793189,0.5083597538307361,0.6347816593384306,0.43986237328379213,0.6659772304117378,0.6455910396641618,0.15487735908338746,0.009455289977117143,0.49529932461028836,0.6207098578445901,0.48881019167431383
0.6179226081906908,0.7060291089266435,0.5690809226372736,0.48195242001640687,0.4697530837806555,0.3354322122471852,0.3571241607893345,0.4186974596262916,0.7429046069988072,0.6669138141634752,0.55228041172281,0.8192423331328924,0.32170059505546855,0.3145819077067363,0.43168307875180084,0.22465878186527174,0.49846476840795695,0.5238734615860393,0.4680165620695313,0.5023978761668236,0.29674097092301754,0.38998258823362353,0.4471351545262856,0.17808074998459217,0.4409228222714596,0.7245532576903623,0.7143025965662455,0.33321647677475896,0.2625207693437765,0.3849273665291215,0.537926098307078,0.3994539936029363,0.33061381900577763,0.7455183686868107,0.7192233290724221,0.4969168121000582,0.9593791935322245,0.30334436991042657,0.4756316916046607,0.4821580621370356,0.40419917589471915,0.7951430467496323,0.7713790015406113,0.07701975241406757,0.6779816978606761,0.351507104947547,0.4705113092346438,0.6346548733467674
0.6645738066103565,0.8196036819850943,0.6200087049215103,0.7991694011484822,0.37047611141512543,0.37577658246929235,0.3161828146081117,0.45088341507952173,0.8241959548225848,0.652390930880451,0.5102315112955187,0.8719783523752256,0.038439988421249516,0.45566566797968777,0.5007928513020852,0.19566176768502785,0.6367016832660896,0.6135701178879832,0.5389021361494957,0.7243298792498073,0.34005757896677047,0.4483087469480337,0.48769955480502114,0.22740919964407835,0.392306467246446,0.5999487092592575,0.5924402737080608,0.19231668127373647,0.32858323086408503,0.20168269175217715,0.6231729875475429,0.28866044903000193,0.40015867627797364,0.7173358291283743,0.6877324272800746,0.4842931937172774,0.34219997708745115,0.37010771550999605,0.49400251572321374,0.4516880524597361,0.4708220185703079,0.7583248342066089,0.7331177740793978,0.26136863492595463,0.28233253194297914,0.43617512632016286,0.5078925036746167,0.5904665942434633
0.6391048230439013,0.8291785931293603,0.6408368134024625,0.6977030352748154,0.6248544722903833,0.3835121431616009,0.3848871014770091,0.43161184442621514,0.7561655516634658,0.7515566417003198,0.6328983519608243,0.8162958508719182,0.41025971129297495,0.8445124755951218,0.439842451662362,0.25378384520077457,0.5186215806181006,0.6170542223180242,0.5497567226677015,0.6171105592189775,0.40919481986971273,0.4234366998581744,0.531300860733666,0.22111922052437438,0.4270847547131079,0.609896413507033,0.6012606055502528,0.3573473561203623,0.15445574032781745,0.4093170979570235,0.5616234603862419,0.27034809855703773,0.3217792459334605,0.7439862205728254,0.7185544440183135,0.3746073298429319,1.0,0.2011248140360565,0.4571785079391683,0.4571072510813272,0.5376199254158648,0.7439730302321674,0.7178438871932209,0.13971219706332083,0.6297277496414846,0.434931015768978,0.5566503312687179,0.5167548437230425
0.7136759581115694,0.7635815308960697,0.5529994080831667,0.7212879409351927,0.5023738540377732,0.3186565730796066,0.3849939723143227,0.37095320008023736,0.769271510709741,0.7246940580661165,0.6012155820904426,0.835838845460012,0.31665791603273274,0.35974338532475,0.4401519336124513,0.24352091051041064,0.5523734066427992,0.6176503934132588,0.5448968481034755,0.6612571722188919,0.48808976109216046,0.42779621526297207,0.5250266901486198,0.2222952020198393,0.4590817468289393,0.5660219606793068,0.5575119925403194,0.2917031843412211,0.10995873919841806,0.3119824816916744,0.6077148206203886,0.24167230498312398,0.372601446446445,0.7314198919991963,0.7026751061723606,0.4936009307737056,0.8269383751742835,0.21507328301160994,0.4589947070350643,0.4505596013068179,0.5427478165247811,0.7294428352264419,0.7037811634697216,0.245177101443204,0.5834934995327248,0.3889252325584725,0.5802969451410013,0.516241443662413
0.5445436428641938,0.7314297179379173,0.6306269608146678,0.37243642329778504,0.28276665919273897,0.31726343818976477,0.31951027953288247,0.4657672100062762,0.7253713975991951,0.7454341284212649,0.6375326711297664,0.7092603728202045,0.08597332987823197,0.5378115607897993,0.40657869781518813,0.26626257693554967,0.5556842412903249,0.6794325819365232,0.602892198297744,0.6166823670463304,0.3077542350120354,0.4917492358997769,0.4806887461971301,0.26074889338068724,0.3766362498946783,0.6249719761923618,0.6177302793916416,0.19932807478819747,0.0380244178310849,0.30763636838291475,0.5919384048149183,0.2908365181878214,0.3693880814092394,0.7190814160498009,0.691105036055963,0.6413030831878999,0.3852203259403777,0.223638733078197,0.4532846603964477,0.4250109912667507,0.34528611049554747,0.7938797527314975,0.7738585674465773,0.1202111392723236,0.4098092071706447,0.4886046742354334,0.4687243776258091,0.620510631379559
0.6290276932031202,0.7263557471493527,0.5757635609296525,0.6059782608695652,0.46425126886108237,0.3313480191589032,0.30039343365850074,0.4075077484209662,0.7395658972437605,0.7275158751127669,0.6143104253075581,0.7605532170775706,0.4280603625210666,0.3974268118358122,0.4378355324592233,0.2534637269068403,0.573597815085879,0.5768362963770608,0.5041552096721784,0.6940995118609232,0.34907737479558865,0.44464113255825255,0.4609243484733191,0.18873191001127398,0.4729998845441926,0.5880472000851511,0.5792579001777364,0.2640081799591002,0.0344104634548264,0.331968083847985,0.27348005422277594,0.256665423652921,0.37756592121567745,0.6933040313434182,0.6659864839817039,0.51282722513089,0.7342598029325845,0.19654281775185956,0.45279048421436036,0.39993335783746053,0.39482995435603196,0.8072454345125808,0.7834940066690529,0.13127081544165395,0.6375419145551371,0.35212025887330467,0.649150752009584,0.6412231783296427
0.5611671734532458,0.7771201010274229,0.6500470202476454,0.2811218211648892,0.3045276781226609,0.5217379929234357,0.2586654953334724,0.4714607115017739,0.6997829684099643,0.7339684265157023,0.6360252836396251,0.7856885147324113,0.08201064811977793,0.614067358555572,0.33502561376569884,0.2711029702586997,0.5597472047116968,0.6348359028339785,0.5603049751560784,0.6610430761325683,0.32779397776564867,0.4178591677840434,0.37745735768732785,0.22731046613932893,0.4700612207663792,0.6344842042814753,0.6251419765357698,0.3523225241016652,0.02428280020397733,0.28808716919092275,0.2842256712298813,0.2945085392752903,0.3274403659593568,0.754932722875461,0.728446716446747,0.5286794648051192,0.41023315707562125,0.33334843339113557,0.46731388524985856,0.47500303767208596,0.5352441085615298,0.7356005503547902,0.7097938633972213,0.2202718837058294,0.2716723816852808,0.4913407516564141,0.2590087532366769,0.5111173355688374
1.0,0.20788715399640126,0.028493831617788346,0.5573728465955701,0.06876836911291773,0.09077116749510875,0.19910018596488677,0.07036115396218012,0.017800186758626935,0.2749517918331974,0.8727895526270905,0.002285027059531042,0.5124613168048578,0.2025673123481932,0.19962324957473207,0.7437454764244182,0.6244217859211817,0.29795851517487204,0.23903014999211455,0.6504239102509206,0.14521800370145937,0.051263052738625525,0.2814207396740364,0.04728214213239698,0.5060563410590324,0.3492153097367032,0.34382770516614214,0.07128250073035347,0.32271387463955103,0.2766864381581599,0.2126927310053266,0.08858209207008008,0.4822820268668593,0.22867002743187761,0.21775834149584852,0.23676556137289118,0.13148342284010633,0.22208157074098936,0.22143911546999206,0.042083726825196566,0.5548463697271621,0.13516587224826382,0.13050443601818035,0.06258771286734674,0.006839189119355271,0.10688072851264846,0.21346981596252818,0.017380749714218158
0.448715165579585,0.13303443134502824,0.4540020900119916,0.04727235438884328,0.30615054230913047,0.1329920223766673,0.1790400795098715,0.5345828766960748,0.5520609635516353,0.4251591423200647,0.4476428731708463,0.587913409500902,0.1833230768431671,0.581365069001905,0.41690568668995803,0.2865194204329839,0.43367175469931546,0.12223365281615328,0.18613450284723831,0.36267877023208017,0.12256083844542237,0.09381214909087268,0.32668022352958176,0.0738906654707425,0.4550595420588935,0.2745150565945079,0.2695235912931127,0.3133800759567631,0.0171249151668888,0.13407552099871897,0.28890578382893534,0.07342048505267554,0.4771113053995176,0.15935101345178437,0.15123551030910082,0.18917975567190226,0.05698843329864123,0.24518660572683232,0.33595089870527256,0.027723800573069918,0.5846886210644815,0.3481680890480035,0.33598684019629976,0.29132192455122435,0.01812822248634377,0.4357971610462723,0.22413800520778304,0.15040763812969468
0.5476855477240107,0.032843634093888574,0.36186640184774954,0.0855721903199343,0.29105881876197714,0.0036600499097346195,0.05337983148946068,0.19849738854664417,0.7250875323786833,0.047957910957633465,0.08524975479415542,0.553337342152736,0.1656639014640791,0.04022608462800453,0.1604659274941973,0.027420512320457058,0.19909174168462362,0.0870754335084406,0.43537320914044475,0.10799006594159466,0.2625363809650016,0.06622566425447782,0.12609804844942296,0.18018293267529065,0.5006882453236492,0.05462444668712868,0.054626681459365334,0.07917031843412209,0.07741220593752626,0.02441164948422936,0.15952818322160145,0.001933125617185838,0.524062738375868,0.08797335431891345,0.08945315936751397,0.17905759162303664,0.10451085359630294,0.07330370680841558,0.15182993318315613,0.005708058038975228,0.5360815257569002,0.045353651249807725,0.04618778146141567,0.00754068829727067,0.07037982769954204,0.010778002063408842,0.1458289434871271,0.0016906142526230683
0.4835686526754805,0.03560522204998012,0.4159529229635456,0.03855619360131249,0.29239868642338707,0.03003781093068053,0.10460981712238268,0.49090180986907217,0.6742156751172403,0.11020628056000448,0.15470603861991383,0.5733012627781119,0.15597954994610705,0.12357497548100302,0.21357524353995247,0.10435072804072451,0.40362046208439495,0.0794713758505759,0.20149539855090204,0.34152607690331427,0.2116025293120185,0.12781789939837745,0.4028390370573391,0.09216032506886468,0.4980610080033888,0.277807669451916,0.2731317833762442,0.3489921121822962,0.0631677737711051,0.27403898427441536,0.20426721066172926,0.07553992820198965,0.4555220680057995,0.07427989083874131,0.07039467606279892,0.05471204188481674,0.016076724410023363,0.07566903829677468,0.29507462784598604,0.0066108851726516815,0.5798794805329229,0.11486625242993193,0.11099613009182024,0.0537692968308163,0.008763181580473456,0.1380082776246132,0.2823954104480412,0.016961599970390373
0.4775237927937713,0.0,0.4203260340876485,0.013074241181296131,0.26537844630006996,0.0,0.0,0.035095807148290525,0.6716292172196021,0.0,0.13691495403484788,0.5021046301864102,0.1465088584142928,0.0,0.0012383170751858463,0.00012826788012409995,0.49044033656325814,0.00022884970363196144,0.08782135842832606,0.3651194656161686,0.07262991022253498,0.0,0.002443881809083004,0.0011667823228801166,0.4600036907297198,0.0,0.0,0.04116272275781477,0.0,0.0,0.007860084716246829,0.0,0.4658450452813417,0.0,0.0,0.0,0.004490918563571034,0.0,0.02863770257565057,0.0,0.5658079090898689,0.0,0.0,0.002157474707274676,0.0,0.0,0.03982668421081853,0.0
0.5002849720600793,0.024261037247639505,0.4014935546974365,0.04675963904840025,0.2939976191089289,0.009429242331436327,0.05546521948500979,0.47295059671354406,0.6390368917574759,0.0763779772713713,0.18085967310811346,0.5038484666265786,0.1539901666403402,0.16511454469088388,0.22556962073335077,0.12552262014741608,0.3961598832064014,0.07672459249954533,0.20901154619739787,0.33394707544746083,0.10995780300149649,0.12556399153310643,0.1764060787875671,0.098574670264865,0.4743456072571757,0.08686652527568328,0.08404631146400765,0.13181419807186678,0.048328724789760136,0.03607565112042693,0.26972218988501,0.00794049013902845,0.4765093775728035,0.044222793633500956,0.040942966679406445,0.04938917975567189,0.09115696443387508,0.02956014243712124,0.4990684749018524,0.0024317277892221822,0.5667003313564508,0.038553828718465466,0.037174835108294724,0.02532414486500073,0.02545278111726229,0.014025152100768934,0.33189093474778875,0.002066009811965752
0.4794406871361656,0.09755846486492747,0.42395892426300424,0.08300861361771941,0.2987132685556969,0.11020139289019008,0.2519406306597177,0.49821933465379664,0.6839392788364191,0.22088222045712563,0.1999300259271915,0.6146121467227902,0.1686898718667945,0.28937087699763225,0.39520012471042854,0.11698925436842775,0.29792138425918013,0.17354542625795005,0.34929383851842916,0.27237304102081017,0.2236635586725712,0.15961827688738703,0.40135133414312835,0.2278848789932332,0.5106114858740844,0.3846590276782211,0.3789367821125097,0.45150452819164477,0.07258484759032693,0.38162003439467157,0.34950085098556627,0.14346173269613305,0.4919871245072967,0.19114415409843905,0.18216470933657952,0.2928446771378708,0.06891605267025175,0.1892146028053669,0.3393459786247774,0.03994295534009193,0.6418593687310848,0.2398418327440583,0.23441967682228615,0.2694748748455207,0.016607811414665052,0.26221387454397477,0.40252388709632014,0.0755332314516923
0.43952235454783184,0.12100949136690237,0.4600694566334125,0.06619155045118952,0.28434366143954354,0.10611452177797737,0.1918455718542581,0.5437434122387056,0.6743043536737309,0.1508577753606734,0.1710386131553513,0.5794948887552616,0.18040762680602587,0.19346610832599573,0.4762358879462623,0.1098227182961477,0.29906353561445326,0.22163089967191796,0.3694159065656307,0.28992892009934057,0.25243461885676927,0.18579677332809721,0.19348669228022955,0.24026924987498605,0.16322016974450498,1.0,1.0,0.7800175284837861,0.49271599618278394,0.5940323653260796,0.46905837472430456,1.0,0.4871485330011001,0.30514811865897074,0.291140990436207,0.36410703897614893,0.05399652680320674,0.4418919422724511,0.216092001275547,0.09945360321247708,0.3808265011914671,0.5090760649303362,0.4998474611969103,0.3702059026832283,0.20909781992620038,0.5251899854269588,0.16951842565844544,0.3424613545556355
0.4400749066748812,0.11275156354975574,0.4585986521741843,0.06157711238720262,0.329560377888791,0.06210833541121938,0.18730290699803745,0.5424512590149821,0.6969617248570428,0.16981125901728894,0.15897159755245782,0.6343355381840048,0.14457758305869745,0.21916347363409244,0.30935960799700607,0.09849850284103381,0.3259300942227228,0.1481707728196781,0.3095895497307608,0.2959236105163998,0.2916640020109972,0.12284679308308297,0.3352145872064465,0.1857954091254661,0.3019893652756066,0.5641539352745741,0.5628281513748743,0.27125328659070985,0.0931236300229607,0.6419292851649401,0.22161775848545984,0.31954938484604567,0.42910860381922433,0.2088537963455513,0.20059629891316777,0.21829552065154156,0.06086037313806045,0.20409365176702177,0.2362577107956625,0.048831223368106136,0.47367563703462306,0.2687705772632631,0.263393305945939,0.17976163046438076,0.1461517530763622,0.17613089353796865,0.24809471255951251,0.09560238120099784
0.5158758617214246,0.09493343100953094,0.39317649946697886,0.06680680885972107,0.25721162033298883,0.04061680863273942,0.10454811564109118,0.21585878871426517,0.5700911503592847,0.14451257097459125,0.2712075605403591,0.5183403487672881,0.16990212393669904,0.16376413869694503,0.1781119789924419,0.0870680943575812,0.3794737186326058,0.09208286809262178,0.23202190795875827,0.29630898347178214,0.1479734702808032,0.05938632563094759,0.27972885466965824,0.0565813878863452,0.4168778070584859,0.435589818625968,0.4294979253730376,0.26590709903593335,0.07578114682908343,0.16253628412754492,0.2163939940370982,0.09089103523705003,0.5026640428900488,0.2029380824804511,0.19405598026506446,0.20081442699243746,0.06606654226456016,0.06598534320184751,0.2907754482290029,0.022476779571323685,0.6604550068034988,0.2518661866505861,0.24747789875899684,0.1585639178064976,0.044811027974785256,0.09525480321689356,0.19305487371875335,0.0420272604202554
0.44796980252295643,0.08974540806916409,0.4495369463910249,0.0418375717801476,0.29903512318905656,0.04694928211023372,0.34544816458630356,0.5320364948615299,0.700112769564337,0.08556105064469577,0.12046129935656441,0.5849067949488875,0.176037445076805,0.03904171541478707,0.6059500747866351,0.08534837632450612,0.40989170122903085,0.13102934073896955,0.2143883431924985,0.3520167851331678,0.13724129216448233,0.14785997604734694,0.6455645015470188,0.09470861338049028,0.4302583157906704,0.22509952057754806,0.22154131553700052,0.18679520888109843,0.06777222182980389,0.11280973421650972,0.49112267545369004,0.05051804675847754,0.46095285640386724,0.44329726324829066,0.42345246716475593,0.4073880162885398,0.13656919852879235,0.2622633242498905,0.4311365776156253,0.20781669425946017,0.5768788505059178,0.09796244238149177,0.09462931203252817,0.08397394273266168,0.0357785528199171,0.08252936075687928,0.5319633076201407,0.012419941865364159
0.44980862353592393,0.09703481630944882,0.4487175360784783,0.05327112387202629,0.328627676587923,0.10560050338854163,0.3398755550785755,0.5304769783198913,0.7686376461163965,0.14222389848636668,0.07840277653212285,0.6657847263980758,0.1357492958331511,0.11516446845647232,0.5850272531408722,0.05496172915696587,0.3151721070475497,0.1260357763153575,0.31351181464225664,0.26320972852616253,0.19415939581412806,0.11029447602099351,0.5928594986300426,0.19478625324636012,0.45295588520091634,0.7434689733172333,0.7328873988404276,0.5452234881682734,0.0660108003332519,0.3392873220579898,0.2700760178386704,0.5256993075304588,0.4356811552388654,0.4328074682371304,0.4140194991453856,0.2583769633507853,0.543913307399406,0.3224166006876177,0.5449851765371697,0.19941757941130314,0.5504798897112223,0.2756541378799037,0.26602689423877507,0.14499067887141034,0.018693401022900236,0.206279394837663,0.38034179310109334,0.09467814202974792
0.656941827807615,0.27606824276628783,0.3185280816486329,0.36541222313371613,0.3876506647824246,0.2622155310309031,0.2911722103810214,0.20590353814409304,0.3362657488467854,0.32121875983606,0.5736163372565047,0.469573060733614,0.27066333804541387,0.08300677574500503,0.45141676226939054,0.2961313801563321,0.3750540345752609,0.17351855122904455,0.2698781025895803,0.3230281750449602,0.2972949715380517,0.046030402233646184,0.47119952663321807,0.08350329350011762,0.7001302616609995,0.37679532647677116,0.39074612792230784,0.617411627227578,0.14021807328304683,0.19691612593520513,0.2567935372208834,0.10300217720077559,0.5455984768415661,0.5297376582048089,0.50863195237047,0.4286794648051192,0.7336156897769708,0.4430237422431562,0.35653183576725744,0.1858574667593085,0.4321744621531083,0.23195914033791992,0.23362162947694265,0.05006179175132486,0.1280592958334224,0.16620997797843365,0.32835004667033396,0.04883403105437961
0.991527105602477,0.10502654649719922,0.0,0.4670836751435603,0.005432499250123124,0.058127539560961394,0.14484797979349948,0.0949288952467261,0.0,0.09341478843713874,0.8550820121800565,0.013229104028863459,0.4911506145801319,0.08991593831647238,0.18869517196070112,1.0,0.23676717231773875,0.136070122540299,0.4034189790431883,0.20908623790357117,0.2584516331610015,0.1350280829098288,0.2179993948041028,0.3101390011333087,0.46937717494847697,0.22445200091857676,0.21995437872243073,0.3315220566754309,0.031124941123806926,0.05998615962699688,0.20990442879473253,0.04940945109075254,0.46269747400785405,0.4153782407944825,0.39667327408909386,0.6289703315881326,0.05461566612441976,0.18935065690157202,0.10617532862520554,0.1826603683867663,0.5783691612678784,0.0972901432488869,0.09402551604216414,0.09285519783833604,0.010728210524364956,0.06002815389212679,0.24798548238216253,0.01227281193867824
0.7311132996266769,0.19071075619721461,0.2331091435911467,0.38320344544708773,0.14028932031273558,0.34087611726409783,0.38002521426414326,0.2726909416206041,0.41486784678119004,0.34080256165212097,0.5099823066651312,0.5745039085989176,0.43837578717829917,0.1464966562607657,0.48080257610695254,0.3962354996437508,0.21275984421014854,0.14698803764008467,0.43325039886598316,0.19285775456024667,0.31930474789772934,0.10322985231777335,0.3037392333360189,0.35253676175414733,0.5525736121176399,0.264154552670182,0.2630355248093001,0.2879929886064855,0.05889622985739701,0.11483783949979295,0.3511128015942364,0.07194502095511154,0.4582865802568978,0.16897191243075566,0.1606498408910425,0.1575916230366492,0.09881046265679824,0.07262546409815254,0.3802905749263756,0.031227526729473765,0.681852493782348,0.19793725216671998,0.1994654671611057,0.13011876584068202,0.02939458555087615,0.2372447562177014,0.29629450170571997,0.0579381837990538
0.6110867133669767,0.0013451300619470863,0.30778815300919443,0.11910377358490568,0.22305243501459365,0.0007352555105366587,0.001898906884660101,0.070593799931988,0.7738651866959604,0.0007589966828563943,0.028390259959067854,0.5858087793144919,0.1069450182776226,0.0011388616466381785,0.00726392336973497,0.0007322930335777467,0.08161426153348522,0.0043434453255342675,0.5650775442227866,0.00231223773229422,0.40527584638036884,0.0019063026121234894,0.0011706017649009692,0.14400259041209498,0.4701175073135848,0.022654504205558645,0.02055224658005622,0.07654104586619923,0.0018176495422823624,0.005791808759201766,0.03508831494657649,0.0001678266568233,0.46937908944260087,0.0028010515034043726,0.0012750222371465947,0.007911576497963924,0.001669543177931776,0.0018409978342203703,0.04746237460308339,7.210130782031587e-06,0.5653671907451139,0.005220481622975726,0.005036066121726024,0.006619048616493178,0.007024838224849617,0.0011910124651168252,0.09634407523769484,1.7309926193975755e-05
0.7633554279582033,0.22598528214377434,0.21791964853331025,0.41196677604593923,0.23835890671149249,0.4438882988693946,0.35621975949241236,0.25281242579867236,0.45671673556497844,0.36453548387873014,0.48594980629416046,0.5990378833433554,0.3524390126914406,0.09793096823494205,0.5338058406195236,0.35729514150474784,0.23735750855785878,0.2305156443498459,0.4365717369531036,0.22480089063971917,0.4411686930656735,0.28867239155080204,0.4518903318488478,0.33457503497750674,0.3438446435125233,0.3869788758970081,0.3864049805113757,0.17174992696465088,0.06120565336381634,0.4472738026639316,0.38117088588511516,0.15293536505293087,0.440656443210713,0.21770652372209168,0.20812762726268103,0.20680628272251309,0.1184152405347969,0.34220415419948236,0.39632947955131403,0.052001647813547436,0.4615685563620992,0.20337010735904176,0.20305911682720984,0.06849458536687544,0.05048329155493425,0.39580621426575585,0.3637062550711348,0.059084413329415664
0.8370169672559962,0.05442182750175667,0.12004044335059899,0.32152378999179654,0.05721474826403755,0.008181707073374955,0.027846647397763824,0.0,0.006700157601501,0.11420904123005432,0.8504096630907304,0.0,0.4302087348054247,0.03702954520291252,0.01326622207023459,0.09963437545679638,0.45495275018736264,0.1073749430150801,0.15757094641882358,0.41821529502440696,0.08850752970621983,0.023365756098296775,0.08327342155581649,0.004455556217803469,0.2585130963925199,0.23025679724720455,0.2520093910299874,0.13105463044113352,0.1451766384098122,0.015972107736993313,0.010721413621779863,0.008586872859159211,0.9999999999999999,0.17364367984108697,0.3856489481862322,0.9491273996509598,0.284790750108939,0.17973565649039477,0.004160244079975062,0.03498330820959067,0.5470311122441761,0.1101131551643651,0.10664507762396375,0.024381558827841876,0.06837877349965138,0.011392711741428696,0.03218230598468519,0.0017621408923175208
0.5032547779888338,0.10724106525134491,0.40513362796858765,0.07111361771944219,0.27413208011398466,0.06413044275411772,0.32800027079385097,0.47366824786327205,0.6217992583516725,0.1390441211503054,0.21754354449881563,0.5333132892363199,0.17914263421067397,0.11388590960908795,0.3278219757391241,0.14550340640011936,0.35116335713238944,0.11694621025534324,0.27110749363430664,0.2987068596386058,0.2508219125298282,0.14086328358469047,0.30004242857972396,0.15013150843179884,0.4433825813333803,0.3335274780184021,0.3280202425030694,0.33283669295939233,0.04135463290984087,0.16522605606004062,0.24686728758836904,0.10789429231775556,0.43730761149118774,0.1658815075479676,0.15904170870309514,0.16067481093659103,0.10580448632773481,0.20309404234100142,0.3139413096736399,0.031126896564380613,0.5706316794946501,0.1762207050356392,0.16999596197178102,0.12569908464422616,0.04015163091943713,0.17970693733629353,0.3809366529609723,0.03904249485011996
0.5020349361345828,0.013772609297960925,0.39978907569103095,0.04229901558654625,0.26297153833188824,0.00026417728201871826,0.006236553915471121,0.03219214424439765,0.6139388896360878,0.023977115255800485,0.19921459387057033,0.4719783523752255,0.1539385076391489,0.0034823039830359503,0.022438127515332806,0.0048441144852134355,0.3634329774531445,0.013340957362474148,0.23643859571695855,0.2542176929005738,0.177895286088877,0.00038346756375068347,0.010132787204143456,0.012322454472034894,0.4367781256503049,0.0625821139858051,0.06218693561085209,0.09780893952673095,0.015154306328961809,0.01235408311357733,0.00522463710709814,0.0005370628101924457,0.4564732282718774,0.028796051067570105,0.027601905897209733,0.02254217568353692,0.008842791559174501,0.006842985005772961,0.012839056507958246,0.00014491071129316135,0.582992631496626,0.04982504170972124,0.04873133204077351,0.0029324898933830723,0.07022260742848319,0.007893389286831642,0.05711857789134428,0.0003980001359169538
0.5286087682119673,0.05471262932364157,0.3790428247237622,0.08141919606234618,0.28816325285616806,0.05782888530308872,0.14912818693501245,0.44450260387893886,0.5946946575603642,0.1618167101641178,0.25322418010697445,0.5375826819001804,0.20331600049709997,0.2559518013303825,0.48767396256420803,0.17054149852657458,0.30428507410373695,0.13612349355383768,0.32873607035962005,0.2847049755930462,0.2177272611338953,0.16722976031540684,0.2074866651085435,0.2108676840593381,0.3897372500002874,0.49858270918014175,0.49267505364613484,0.6306164183464795,0.08034835080604419,0.2577680163411999,0.20379044736691018,0.2414377932647729,0.415694278449287,0.126241752697839,0.12487810590933413,0.08653286794648049,0.04322532376020791,0.10246091847600317,0.24502049809044132,0.020728576433440227,0.5788519470842259,0.11283267644567446,0.10900767599054806,0.1098426928635764,0.03463943044409118,0.13145324616639875,0.34377232053748713,0.016365723026479317
0.5335446417403248,0.01499649083041199,0.3732642944663633,0.061884741591468395,0.22619208134869817,0.002854492238572648,0.006075999911430374,0.02856020261337705,0.49210440619114265,0.06578519027844448,0.3325848997804103,0.38677089597113656,0.27452974363663374,0.0022680260101714533,0.04000401802414555,0.0173739577541141,0.45060307315983317,0.03287122927012087,0.1373001390458784,0.34670720219234397,0.11540101697759561,0.0012742431901603402,0.019707459992676146,0.0039051286472627234,0.6051851542955923,0.10464800028018756,0.12434581845819676,0.13645924627519718,0.1222095194317484,0.02183304481751902,0.018932315934494293,0.0024318929799084232,0.5008069040385273,0.029057141196301206,0.03180287539495763,0.07178592204770212,0.0071279050301172875,0.009354123747275456,0.026335778617039174,0.00021737171586955206,0.5444923989496567,0.021055375499321127,0.022820679625899953,0.006346745983536184,0.009291571933858045,0.004386755019096911,0.028876834836111448,0.00011132849495609776
0.49775883709878027,0.03166813015379982,0.4038569329716997,0.0411710418375717,0.2860627409322663,0.023938961308129614,0.05434005669592734,0.3497653575032042,0.6343403305839377,0.09281140208468064,0.1898341124732401,0.5162958508719183,0.2154693460837614,0.038700142588479036,0.20072904561542923,0.09437506335369314,0.4010858690107031,0.09218703589224314,0.20828566024082062,0.2998201592874883,0.12924190246166317,0.09637901761929626,0.28967992182057356,0.0712571648885405,0.6154644903827123,0.2950597456926694,0.30018425968772067,0.561963190184049,0.1557858481088327,0.2585646907333283,0.1020522930940646,0.07221063979170747,0.5138141120569142,0.07066138199055055,0.07150963586301917,0.10773705642815588,0.058898564487646105,0.08892832928507138,0.161547318364169,0.0056566350915101815,0.5937570386601891,0.06705007065792046,0.0660592743640418,0.03711694350767686,0.04967401225389889,0.06634371522788363,0.13742397776371224,0.0047956353533636364
0.5266961873131878,0.09318797477825136,0.38393126435444236,0.07136997538966364,0.2840137402376512,0.09599303069158668,0.17064236233721652,0.44844868344810873,0.5518939522702448,0.15933557837093448,0.2947098385572113,0.4670475045099219,0.25632524155043335,0.14742806898318805,0.31696519710104676,0.20702032631473188,0.3380016517592723,0.13829273663480673,0.2929361148162215,0.27044617624389833,0.17415773830343723,0.13720249405756338,0.3040703035075122,0.16921934475292202,0.3949679455980084,0.3652928428022887,0.36129715390185574,0.2550686532281624,0.022904320267428835,0.16705978258751228,0.24844219780214505,0.1317141557577171,0.4614866676866808,0.19815771806221366,0.18850926939868254,0.1553810354857475,0.019126123418784863,0.1622505526569877,0.27512717747927773,0.04251842999624714,0.5460657557566754,0.22708611631331427,0.2192896772586025,0.14582853312666264,0.11809144812601458,0.24905989047230787,0.32681576865313505,0.06467002506865299
0.5093785738886931,0.0017389335518658289,0.39348818055256124,0.03814602132895814,0.25065452711669706,8.254265603524491e-05,0.00040814737143013424,0.03132640755016963,0.6047138564678444,0.0045960285284764035,0.20803655643619173,0.4499098015634396,0.17212596095133897,0.002752079650842232,0.0,0.005619623359149395,0.38143357814087264,0.0,0.21506122408562414,0.2680054808598099,0.15368271708387937,0.00017636451015706767,0.0,0.010243502555115497,0.4879067470088477,0.010916092256865573,0.012064680947141526,0.0801051709027169,0.003826482570800982,0.0024510340366405425,0.011289746921976485,4.278320891676346e-05,0.4775839508061754,0.0015570972976460817,0.0012744745265598212,0.014863292611983714,0.00198087633935623,0.0014278074609315183,0.012286567618142175,2.1442083200928774e-06,0.5753119480547326,0.0015293258662701925,0.003467091774995823,0.011352925158668647,0.0011502861430515154,0.0015079090155637465,0.0,7.257383333070244e-06
0.42690553197469083,0.10211379649362551,0.46842681458360236,0.03788966365873658,0.312387871279016,0.060411477641834466,0.20854745355034307,0.5564596604146768,0.6232461967984084,0.2387863658961873,0.2641688189595555,0.6568851473241131,0.18886536418226071,0.47508678270617655,0.5277820222375879,0.16385822785985232,0.31832602415422695,0.12685350837549975,0.3103132942482023,0.2810225229082812,0.180555520086058,0.15904977335161896,0.3901586541910883,0.19094000608322578,0.4433846627880551,0.7428722060833757,0.7323754202395224,0.5997955010224948,0.18837099758244946,0.45884754316633414,0.5694829885812474,0.5250818759191316,0.42546599054301176,0.21283410005071457,0.20471730170771585,0.21803374054682953,0.08028150024973607,0.2560760803731391,0.3817773872848873,0.0509329165738201,0.5294793521356861,0.40245668431838943,0.38867635068150735,0.38465888858633046,0.08698221948027496,0.2662837383121168,0.3537134076253453,0.20118348674818293
0.49051542747495147,0.041694449014254675,0.41036884887774894,0.03604388843314191,0.2972738689923189,0.02581505526810668,0.05385185325945441,0.22773610220737087,0.6323811182213697,0.14170739407584282,0.20807328208992554,0.5338544798556826,0.1300511622412458,0.14664866237825253,0.2006071598183698,0.061998217788910376,0.3789912318148367,0.06153625424752407,0.22467913692756217,0.28115098056007537,0.14244240442149875,0.04269088986672365,0.1351613816860166,0.05509109045016597,0.4071180973611863,0.316104220379668,0.3122659930317463,0.25048203330411917,0.08062996615465992,0.10122035428402756,0.1470712231630046,0.048938511979089605,0.47254822712932915,0.09125185847767936,0.08591140887120424,0.05945317044793483,0.0747313645731422,0.047545720534382885,0.20551792248507947,0.0046554348051957295,0.6453948431919433,0.14365446411480015,0.14405638882282035,0.03104250015709767,0.0863932461993655,0.07988907701845516,0.16839007145886423,0.01497246214420389
0.4628524770269251,0.07448075111102453,0.4357118648568394,0.048759228876127936,0.3199773433655979,0.04340031709451178,0.1746528422867545,0.5147861323458056,0.6561621989917248,0.19105433633061097,0.2078877752738043,0.6347564642212868,0.12668321936007554,0.44214176418085904,0.35875956031728456,0.12925956218109383,0.3736442856631602,0.11007150562752699,0.24427580310902935,0.33197739145328425,0.16716007071341776,0.11973884979389932,0.3707066428638314,0.12499037775596772,0.4468010237275932,0.42659863127138153,0.4198762009533945,0.5107800175284838,0.062201915709043404,0.4058752892584609,0.3149565746725448,0.17504753777458115,0.4712254799530793,0.11711972796977088,0.110707197361823,0.15020360674810934,0.02910112086694283,0.11948348154149188,0.36643626707414323,0.015220973326089154,0.5541582271007475,0.2153844224180616,0.20785490487143377,0.1078737353637335,0.04331429125610775,0.28682641167644596,0.31647517015737,0.058099848936668363
0.505226884409497,0.017927951314652746,0.39717685823914906,0.048759228876127936,0.2533145861250961,0.0034870689877050665,0.00637322664087836,0.03182379392037099,0.6203804014478252,0.02194827705639718,0.19224071334574372,0.47191822008418527,0.15226700041683683,0.0044126274855113,0.0215924441685022,0.004279539130537469,0.3980458132829133,0.04105641757707923,0.19907370668987,0.30213239701978245,0.11763295795803265,0.00907179392492291,0.031611567078876024,0.008633331469679595,0.5198166035369262,0.1833952264629904,0.1814288672163576,0.3651767455448437,0.06701468283630022,0.03238992724322304,0.010951930372607721,0.0038849730304456598,0.5148781447400056,0.1194258600229614,0.11638776067381384,0.030860965677719593,0.06561931652546163,0.019919992526405306,0.020807160511004175,0.0019743147563142383,0.6112788459370437,0.056506516676187335,0.05880015972448155,0.081271862759473,0.035090944679650904,0.010404065819802466,0.0063265299285407695,0.0006256795591357278
0.5840516157141449,0.30663356437377526,0.38623478464340827,0.3021431501230516,0.2872484639795602,0.4461682310597328,0.339437822342792,0.42149636888607,0.39628525526861474,0.39784204479256335,0.5591238005878061,0.4864101022248948,0.22388142194211053,0.5858137218401875,0.45490410868822595,0.43998066764553323,0.376647970382466,0.13014624878637426,0.24859254549929016,0.33493191744454914,0.17223832277027118,0.07919039114276419,0.2729965305044942,0.12550846055555231,0.4789109311771922,0.3153762136146299,0.309852544113809,0.3827344434706398,0.052918608447924675,0.18350592270107458,0.32222665624263996,0.09637325078212945,0.4745015613502072,0.1581818213014129,0.15008327808576555,0.1869109947643979,0.03278040897795234,0.20199427190749294,0.36438234593182417,0.02730545775109472,0.5400909585615824,0.2889613473896998,0.27905647062822275,0.1924970151442157,0.05107789729402229,0.2212934143462572,0.3506639420160858,0.10422476356663626
0.43052753057799553,0.10828224682556775,0.46606810369233004,0.05070754716981127,0.3055519204300645,0.10492054914418247,0.25500765868106834,0.5528217323129575,0.7547816216647625,0.364928532865182,0.25814904182971077,0.7861695730607337,0.06901729049425243,0.6176106569921107,0.39704638434251643,0.11973732734951603,0.13141767370159996,0.2796109237779415,0.5680569065175599,0.18690588336045227,0.29128591181514746,0.27592193482923083,0.46030933256450085,0.5487280372481137,0.19381200291796474,0.9710846245614728,0.9691653740649211,0.7432953549517965,0.2250157519869449,0.5983030178864372,0.5118897372746749,0.9362815820882967,0.2818628780427386,0.3418757855436231,0.34942802741752527,0.13286794648051192,0.18422312606251895,0.5517298945765718,0.4402642444782209,0.16026118571515624,0.7038792739354145,0.2824590461811158,0.2810378872098773,0.3181123143629166,0.16226150063929362,0.38224505923770863,0.346780781472356,0.11174121108356125
0.44809109699091504,0.13865611749696405,0.4553240961766411,0.04158121410992616,0.36024409912123656,0.05633394945422135,0.41512593423353683,0.5357660111343173,0.6540994199063261,0.08658304116177168,0.16784978109107018,0.5105231509320506,0.11371675976846773,0.08891104150022111,0.6310099261914873,0.11560402214317675,0.39460379429520104,0.26147486341628423,0.30438274035896307,0.2974222831206646,0.157633515798234,0.2610177413924461,0.824055169049248,0.14585633194225223,0.5622492245379007,0.2871582506239049,0.28632743297258567,0.3082091732398481,0.1380679330814318,0.14911450725029615,0.45322053339769885,0.08501957219828152,0.4988462995765403,0.3857469080522415,0.36866645244865515,0.20820244328097728,0.4451373467721742,0.400066902516789,0.4767288039240674,0.1584258258022801,0.5697414713856473,0.14244118271770534,0.1374055490754197,0.03493852244402085,0.15101664525943195,0.16811211498683112,0.6541103551258718,0.02568222940522863
0.7228288998201897,0.2508070566474526,0.25815572760094024,0.3441345365053322,0.2305710371285231,0.23825100957002293,0.12977398747206872,0.28855336109460505,0.4358580611024813,0.21992269510032864,0.43293413845829176,0.45935057125676493,0.24399052166175283,0.48595607301737986,0.19567491435357295,0.33720726938910117,0.22387992996001188,0.2011366609203391,0.4388858427586542,0.23130941166395483,0.22470741016688256,0.359426149281326,0.13906898926726735,0.3474670028169337,0.4185404197898866,0.26454604590670333,0.2609513812890235,0.18667835232252408,0.09876125607879355,0.14182425702620732,0.24140161152545003,0.06959502580983384,0.4535364939199871,0.15654882577108464,0.14897238786656813,0.23789994182664337,0.02842098556212483,0.2774960690141328,0.28442176762184546,0.02707489519670664,0.5556730644148755,0.2738320670579696,0.26420416447631795,0.17303785006598105,0.07951900111500432,0.3904840931400959,0.20036089849447403,0.09335134629513325
0.5106762015094636,0.0672305539486136,0.3949870255487313,0.04968211648892529,0.2862485470038275,0.029155018387077875,0.09052392165263795,0.21774497578411786,0.6009733830118369,0.06554868789959328,0.2182917840585903,0.4696331930246542,0.18388007744555518,0.0405762980946453,0.11093341072205032,0.06995574656917278,0.3626353177947359,0.03436604427342216,0.2390829678954035,0.2614541406183095,0.17487143001739947,0.013687685801572091,0.09576027971930415,0.062457546562566024,0.46708922174847056,0.1979802744759454,0.1937968940765189,0.15243938066023954,0.04185949100092562,0.060103792356103136,0.12288428349826003,0.019135733057682153,0.4771080523934013,0.06826267306119282,0.06396953475240924,0.06614310645724258,0.0024146347291361114,0.02734558585142327,0.20101557300626477,0.002691782143050492,0.5683285306294004,0.07989602644373056,0.07706354753371875,0.026434301753210043,0.014185382819571213,0.03847691561994648,0.1712349307380452,0.004111560200152464
0.7125778697910199,0.4258026429895185,0.3416079582794355,0.30598851517637404,0.3273473175027135,0.27266113617456955,0.40640023929965463,0.22502166466083362,0.4911721032512279,0.283836936709266,0.4093149049330657,0.46855081178592906,0.29933596328712475,0.18878193595042897,0.7165230788333967,0.19811304389617454,0.2113429227870398,0.5020097395383154,0.6172204971723466,0.35428620364819735,0.4431256767263154,0.16438789436144935,0.3739425206143894,0.35875312298730044,0.3684425609301697,0.7363559964705289,0.7278142861615419,0.3053754016944201,0.7175397886230684,0.07897015086678744,0.417157881310662,0.358411554035579,0.5050345553546148,0.46657022180641133,0.44625596934567363,0.1199243746364165,0.11096647856159336,0.16422289538638632,0.4901072441609734,0.1586960354058672,0.6879427958844444,0.4624954566892425,0.45030255131702696,0.280806853647808,0.3190589065218948,0.17214596140660304,0.3189529248700362,0.18815580280694497
0.6639581586773715,0.4154937869088046,0.3712391470320539,0.3902789171452009,0.34113955607580254,0.3335307158234065,0.49973339288204816,0.27521236609689576,0.6041000037934716,0.3458639955329351,0.3495268820658889,0.5408899579073964,0.20901174882441856,0.33968018662458305,0.7254864595954971,0.1545472709710083,0.09494330450779842,0.5622818728892219,0.7547711495075624,0.28761668236704635,0.41435249973967136,0.3892376123879972,0.35665538885048015,0.598287916151909,0.3584335593280531,0.7315903948547439,0.723540347388827,0.19371895997662866,0.04173928233500784,0.3600185630812529,0.4084873801178529,0.38598291408048496,0.4779158838058184,0.5536575480315136,0.5292071786270951,0.1212914485165794,0.4088628253663713,0.338413968147056,0.525263640272365,0.2414065129776495,0.7384483734893789,0.5696101583069562,0.556235184557131,0.35879013845541574,0.17410925142067826,0.5249755761253866,0.2849412376762213,0.3134903427545439
0.5922228800566793,0.45995612831746824,0.444624083629103,0.1726825266611977,0.16263436942453974,0.3683462460034779,0.4264761681841273,0.30992100695131247,0.6341298004922504,0.4328314070428648,0.39374469785463084,0.48171978352375233,0.1405011748573436,0.3073202245848122,0.5917997210474937,0.1512489051048043,0.1843308412581261,0.44159897648999613,0.6007720386988185,0.29211270017984076,0.26448019666679706,0.1612843719809132,0.3865497827049015,0.3687928764607948,0.3163838137543784,0.75877346581891,0.7524474767265193,0.18232544551562954,0.4380216130231593,0.36678348291678503,0.4014198085913664,0.3910307442186217,0.3879001468612187,0.5156595735753833,0.4958704631041511,0.09636416521233274,0.04656317973096777,0.2799812225921394,0.48974253247098565,0.20037306975220448,0.7244220132721872,0.4424942959841209,0.43415825796603097,0.2118305020841625,0.34985053070848937,0.24678734153981122,0.3561763190327678,0.18018598027455032
0.6616209987128915,0.4460044566160738,0.388009099057871,0.1771431501230516,0.4049467745752068,0.1270528848560324,0.660225798630257,0.25038713049246186,0.47222220339253707,0.2997197590187929,0.4352154689868174,0.4018039687312087,0.19511216345729043,0.16846583978697546,0.4936894596051148,0.208222266168778,0.21164622889876555,0.5129792970354466,0.6245214908361643,0.37620964288772807,0.573737360722462,0.13162321752503564,0.46304127803418305,0.35313540646327013,0.3178334243434203,0.7837940954807772,0.776948933852953,0.23873794916739702,0.8524971002289108,0.10813204337671653,0.32407579543014486,0.3976516493020521,0.33373988182407666,0.5146365826132779,0.5001869137407269,0.02373472949389177,0.3832116451300487,0.1705674676243595,0.4978701536908964,0.19884590369588642,0.6616198692582291,0.43446536498813465,0.4218264105645365,0.1776251021134874,0.3683971579704724,0.12980307539414435,0.29502056495983103,0.15945740493984792
0.7981727980112947,0.463884152697979,0.3042218549485832,0.5694729286300246,0.1256354597712474,0.195844358474366,0.36615154211491324,0.18184670904491354,0.45547689022479276,0.3028621345774367,0.4523429663041119,0.40571256764882746,0.10128539680215615,0.17767434871097595,0.5689348102504133,0.2209724493674541,0.13365207143233798,0.5211043308099859,0.6950358639159895,0.3352744711826668,0.3041250705900412,0.19024241278574935,0.23592139299698855,0.45608729428127637,0.23654788145925568,0.8345235999721536,0.8322726451419888,0.2712240724510663,0.6856486984541863,0.27356011127906854,0.36974302451130536,0.46156214950215635,0.5273246236305521,0.5462134655670653,0.5233611065927509,0.06753926701570678,0.21810373375198056,0.33730443494037765,0.4206388850616292,0.21199030157358,0.7613015969790216,0.39021060013140374,0.38890398982574137,0.2602584780377454,0.32323579137151076,0.26844449741300686,0.2916395843190644,0.1424821711076774
0.7149333850867263,0.499255581620231,0.3799780968840794,0.4169913863822805,0.13271348014115086,0.15518882363575753,0.6466030337164413,0.23996677067797922,0.45705442093770116,0.31963867563816406,0.45988077330850125,0.41779915814792545,0.10283888857392798,0.18882710884495565,0.896952786871712,0.2305281539472846,0.19451784447262693,0.5673351784149501,0.6761035907093917,0.34341012246296143,0.37712748050032,0.23344496897765188,0.4920002491921859,0.41413020227452735,0.3362192292838002,0.7409102038668494,0.73378625649894,0.4098743791995325,0.882544622193471,0.07969376264971204,0.3441675510723522,0.3654465780875918,0.34223178459075415,0.5579169854989516,0.540117796437509,0.03816172193135545,0.15402666619188687,0.2908493050458969,0.4794764223629517,0.2373712488453445,0.7192108759492557,0.357285576153038,0.35306914114963717,0.14773465155736162,0.11035984159318957,0.2166161025005598,0.22258769721408458,0.1192550150649146
0.77133959319811,0.5084207204433672,0.3483631672406262,0.5908018867924528,0.1868008882228084,0.06490253637236906,0.48867716534125494,0.21189791907760594,0.5219078270121291,0.33681354991791046,0.4121219648215199,0.4758869512928443,0.03531394890523731,0.24345814208970337,0.5477944419548204,0.18862900723581183,0.14249792382825371,0.5062230705240283,0.6779167322771129,0.30821272587137105,0.41405689426920117,0.20037510919076695,0.2871445959453971,0.44977559844777465,0.30513472689372834,0.7873380199860963,0.7811741783594233,0.25521472392638034,0.5760617306571566,0.1566758279567121,0.3402718503378689,0.41485344514715505,0.5121559126172291,0.4876639467256756,0.4667017074170937,0.09493891797556717,0.11127980170464352,0.20761189174851707,0.47265469355002776,0.17349727001478366,0.7254048521575691,0.5277608918194502,0.5153335239993827,0.2519427745543663,0.3311006277248274,0.2781466700249916,0.24855356580750398,0.2473571192496289
0.6979998686577339,0.5046240846169092,0.3943942944181368,0.49605209187858895,0.20471486082854345,0.14833511646999753,0.6705294624818423,0.242693640996124,0.5097605697866179,0.2947060079177543,0.39814614299296974,0.4948887552615755,0.07134230670426772,0.1438204183913274,0.7719479276475287,0.18154301553102747,0.14835283462019705,0.6245355099396208,0.7524976926864387,0.3486340669692558,0.5636787817971021,0.20268842192228648,0.46016961125614386,0.49354647408700025,0.3729225914025853,0.751211217961866,0.7422831305697188,0.35652936021034176,1.0,0.05567711600253983,0.3210619389993669,0.36107662310425326,0.36250832979587827,0.59190567331117,0.5704558150700804,0.12937754508435134,0.32406835962476094,0.21209974666138526,0.4900442441559082,0.2537036953638467,0.7429864876930858,0.3839763955706712,0.38084441662203,0.19228755158040262,0.11741698815042922,0.24133164027671467,0.37455320024131233,0.13540958120689117
0.6361355536415484,0.4374843018173503,0.40200637713053494,0.2751743232157506,0.21673805750165623,0.2867732095932078,0.3904606999248715,0.27670685823779356,0.6184393618210466,0.27153423095584034,0.2880557698576445,0.5778713168971739,0.029341769276837903,0.15136387281220084,0.6777086455296428,0.11899770753929279,0.18175137092239566,0.47710726227527706,0.6253993214933049,0.3260255202534898,0.3958723837468388,0.16570683908176512,0.3963162954414007,0.38863629829618757,0.3582271708678786,0.7227024565393797,0.7147963623789138,0.2048495471808355,0.5223410200428067,0.33389252612311887,0.43565910362284443,0.3510183013335859,0.42515999781320707,0.5000965643459864,0.47883151868449886,0.030599185573007587,0.14714511621170084,0.23033212296080724,0.4898230135277102,0.18535754891628145,0.6747021401491616,0.6219077993520531,0.6023999003627211,0.19459165078234644,0.35319854001553824,0.38601316133818614,0.3791549337763938,0.3372189660579058
0.6098432287555702,0.4553033124806345,0.42965911020052044,0.18924323215750607,0.4055794243371445,0.1478522219187135,0.6179465826410607,0.2880236184811325,0.5290288980972263,0.34060278685266376,0.40834756465298416,0.5326518340348768,0.20690708735037502,0.09668926550134965,0.8283143889250365,0.1819504345901234,0.20236902042424468,0.5432311637836857,0.6529580232468808,0.3526590733921384,0.6438809067883133,0.17310662241440938,0.4955865439675886,0.3852488410160458,0.3857411139944236,0.737225964420349,0.7280406397785241,0.22436459246275195,0.9079215897963921,0.08403631323445138,0.3436765297078602,0.3523716631921484,0.4662769305993716,0.5465777125183844,0.5224150079412745,0.06922629435718439,0.15188011968629225,0.1913815726993207,0.44997895569736984,0.21298689736440746,0.665867277549719,0.5142407487731427,0.49857865415747404,0.19668628642047717,0.3059286725677961,0.13767485045182054,0.3055773168968096,0.22510762893105696
0.6495019163595374,0.4395565560280283,0.3934222684215507,0.10208162428219855,0.3731696978614065,0.13557569274646025,0.6907635370615848,0.2562362173853437,0.5268807756735395,0.36679199847110877,0.42704984234210575,0.42892363199037886,0.1971538684448484,0.23362985026093144,0.5173493427574546,0.18676525456852777,0.28112329906272765,0.5059020962156671,0.5664851039776361,0.35428620364819735,0.33957999492620683,0.19847908312254575,0.5295608103936649,0.2766702865389258,0.340671357128115,0.7617286263814742,0.7540416360090678,0.24986853637160383,0.6121708512557618,0.1820213520081747,0.3908518706079371,0.37406832757808783,0.3671466583499629,0.47178411057726055,0.45597463689185147,0.05450843513670739,0.23538663547262784,0.151104929474275,0.5232263190324492,0.16403283895484572,0.6449141479135232,0.4866166460790329,0.47107446694650174,0.11574956536310511,0.30703842838412476,0.15021751447871612,0.3996598923695097,0.1975426540866222
0.6615315003535313,0.4052299960321678,0.36810104335228583,0.30537325676784244,0.27386597279399544,0.3225033582607982,0.5193632836137626,0.25851936820245763,0.5202183882231046,0.37827391215725525,0.4402131083467699,0.4843054720384847,0.1610324850938353,0.40304823691592184,0.8659082896983843,0.20646278805159823,0.19301588229961583,0.48899322725615224,0.6235754202467136,0.332020210670549,0.3162238880436029,0.22512027058826278,0.5024499090625089,0.3856745393432015,0.34842232912344867,0.7680877730403965,0.7599324210372784,0.2423020742039147,0.16939578369916142,0.3331684596020076,0.4938643998325035,0.4031948926784616,0.5009337890764695,0.5325278107798194,0.509306851403672,0.07533449680046536,0.2766392596947664,0.31356179321578853,0.48260547036121537,0.21193862087448617,0.706807024285353,0.5931362816318289,0.5765102619246514,0.25200561362351026,0.03566513849456682,0.46190027026798736,0.3081739466299125,0.31560235710575996
0.7692157129822017,0.44971611935462275,0.31534382054199495,0.4788248564397046,0.216296977641554,0.28614779453123906,0.5740068462523047,0.21918446943327766,0.5156618382713617,0.3545908430520447,0.42865278022950826,0.5035478051713771,0.16395474031655688,0.40379457428668236,0.7709587108986711,0.21559331237520268,0.045095090141543726,0.5755858665586835,0.8070041044557682,0.26796266164254523,0.4034075496329523,0.2868869052606836,0.3410661704137796,0.6940242838019818,0.3530792011088598,0.7024629916097813,0.6951094561293768,0.304177621969033,0.1742790481445743,0.2236318603224919,0.4637100300889414,0.35657562509057494,0.4743990055693456,0.561363467583946,0.5365808944089707,0.0840023269342641,0.3522066059757357,0.33051289512610144,0.5212971382503221,0.24802667174863985,0.6851151966468889,0.5222048400801341,0.5072676828298867,0.27565404997800635,0.07576776599571156,0.34560353174896297,0.42251430337711465,0.25827742098448897
0.7845675752527375,0.5118166964100788,0.34198110704353646,0.6090545529122231,0.2323435688419448,0.13220603484792198,0.6423950231605741,0.2194642028468335,0.5907796012206858,0.2587303880404852,0.30472513525447653,0.5930246542393266,0.2642542006769525,0.19562558217399068,0.7225207201517965,0.1382620648265328,0.1437558571970809,0.4484142810271091,0.6414439321475962,0.28714567097713456,0.4566923153715524,0.11982394815863184,0.32977042964763215,0.44525345859459414,0.47582980406412545,0.6494101360810879,0.6399027381660187,0.36108676599474143,0.9060274169222096,0.09090873403891442,0.4633515466228782,0.29220439198965703,0.5010915085833184,0.4752948150620405,0.45448982523351256,0.137521815008726,0.19375372060668966,0.3113231740458779,0.4776756182798405,0.17406865934547466,0.7462144621546692,0.4036237459387769,0.3996685950173403,0.07582581010033308,0.2652784208662933,0.26799217300543376,0.27915615199230714,0.16210137477186445
0.7494528468220505,0.47625094385337263,0.34370745369914657,0.40366078753076284,0.23058674346692526,0.281875948460105,0.44978916498828475,0.22282277018341357,0.49303820249315383,0.279929726394523,0.4055404258448383,0.4298857486470235,0.14190001239889294,0.26483696629117,0.6730371043916652,0.20214227381722213,0.19115493217796814,0.49422609098368464,0.628594080328609,0.30311723901687077,0.2594279740416583,0.3059260893449325,0.28484305807743054,0.39069285191389347,0.41636960914540666,0.7802739055801651,0.7697244015376843,0.20692375109553024,0.14915650359655935,0.35117871678963264,0.3069640327016526,0.41017556237408676,0.3850482100342505,0.5181459662922183,0.4984530402361536,0.05561372891215821,0.018658303942671595,0.3249147174836043,0.43797380286981247,0.20545360065485885,0.6817150341843781,0.49734426040138197,0.4832504736272564,0.17584466182107625,0.30336710837201697,0.31014084478133885,0.22161407166102065,0.22200135416800698
0.6287404393280068,0.47216702694275664,0.4246447174503347,0.07521534044298608,0.2842803743105615,0.3179746878992449,0.6864890531220131,0.28005481295656215,0.4405585462350432,0.355136567266252,0.49475401920515744,0.4764281419122069,0.05402214243092235,0.39080505538092347,0.690559068351202,0.24764457930025408,0.1451635972538129,0.501816151082285,0.6728104105992561,0.29849276355228227,0.2565247754807913,0.23410037580852655,0.5490042603305356,0.43741924514902386,0.23967151019511612,0.6876881569133182,0.6888430103276689,0.19813029506281038,0.3353862762276294,0.2883481326629586,0.20990465723949348,0.32464862278391754,0.31415739760965256,0.555373878868828,0.5409888292909216,0.06355439208842348,0.06303111872801831,0.25773509579291154,0.43803090073974127,0.23760879526724576,0.7595603942424396,0.4411587811188821,0.43646447273790323,0.21369472780209883,0.5083143553825115,0.3342121811390708,0.23959078227296765,0.17946756484401802
0.624144633039304,0.40450862215301686,0.3951850430046486,0.1656583264971287,0.3667488075298278,0.1068107802943826,0.3283409413744632,0.26446937324408554,0.6002660378919916,0.3371037649139176,0.3464886518169784,0.5752254960914012,0.12519627053398602,0.12098458568940518,0.5865384037476926,0.1364919573499716,0.10884406276489339,0.5916945351740026,0.7619816515099753,0.3126659244669008,0.6600503881773601,0.23899009348643396,0.27505562705716224,0.5293013320306207,0.35662673147006324,0.8137770337452657,0.8045841911225641,0.32229038854805725,0.8216081402503832,0.43849362890722143,0.426565370299273,0.4239683026885773,0.4087053593854365,0.4919336912849798,0.47185874170107106,0.17463641652123327,0.18807529319244826,0.19915397789474004,0.4693654365437602,0.1728506837273079,0.7324333732603183,0.5689132634979612,0.5551095586019883,0.11922666052240215,0.25346374190772347,0.22686657179570854,0.36221508301854566,0.27799331289365214
0.7441248909229705,0.4333048526513466,0.3234850376083378,0.5065114848236258,0.2198756789460747,0.28236120028004563,0.545588763881137,0.22296323708069415,0.59343163601024,0.3061531079057862,0.33142946498347703,0.5453397474443776,0.14228048249106995,0.3007133882148523,0.67223132932605,0.14668852755198117,0.10480363953652189,0.670887645978016,0.8192396350122328,0.34627901001969685,0.3562047363355587,0.4753259698682064,0.39830050235505077,0.6370622266917226,0.40353615397096626,0.7489439151243076,0.7390818726242854,0.3394683026584867,0.17386827540676777,0.30673049244857414,0.36355295157692935,0.38960441305078974,0.4749501555421749,0.5016318828306432,0.4793216771711228,0.14072134962187316,0.2419688956801885,0.2069406550205723,0.5391916470593792,0.1936122672622869,0.7303298076856949,0.4631794915347278,0.4543216925328922,0.20713851825474963,0.03080676859171194,0.24594401886805545,0.41252709987671254,0.20573716620277305
0.6797023605925476,0.46123646866442397,0.3831479661598465,0.20749589827727644,0.37593612555811257,0.043763859958721646,0.5627873612908854,0.2352025573170954,0.5612420364098236,0.3537974675065651,0.3898179473575967,0.5402886349969934,0.09248039727009144,0.1093029482324045,0.6197180793229637,0.15720197931771546,0.10512908012600908,0.6640865761283606,0.8142302016254146,0.3423396420313437,0.7475326367215831,0.14445180232566276,0.3655551046459769,0.5613360954556205,0.31046104591385737,0.8174168058568385,0.8104093745773184,0.23888401986561494,0.8985283877982846,0.36987980285598554,0.2861365671279203,0.4193586158726029,0.43181273437206635,0.5339302775711249,0.510957836406572,0.052821407795229786,0.19144287864138618,0.20095270281813507,0.48237000302943867,0.1952676113826675,0.7445330767795755,0.5442871358112695,0.5326184868332542,0.1902138622986532,0.3998048708349252,0.2379445286835351,0.3453492508305153,0.2499002354458771
0.6479299773307791,0.40900759596575564,0.37980595006868784,0.10249179655455287,0.21626995502615762,0.28257143329686124,0.34095798593562154,0.2552146820205744,0.5279647554193408,0.3083571195188447,0.3896121133407604,0.4826217678893566,0.008904229871357361,0.1231751441177733,0.701854344177095,0.17538512185191485,0.1268162539888692,0.49498075886846715,0.6847462381649332,0.2890297165367818,0.501496900711828,0.12618726592091095,0.23651001734651605,0.4595172252591022,0.2941745822446038,0.8146381565386029,0.8086522352953136,0.2509494595384166,0.6885071044424051,0.41307946163973785,0.39021278930373804,0.4381002871672718,0.39074634110406004,0.5009131605969036,0.4816108987314738,0.08167539267015705,0.055740466271719274,0.242982588580066,0.4834467069017936,0.1835339746659568,0.7363842226837747,0.5482061000006347,0.5356792959771991,0.14532582057351126,0.40952286617582584,0.25995618305205714,0.3500506905820139,0.2636035102998564
0.7131364408898972,0.41948072580192103,0.3379775184517062,0.27907095980311725,0.24842640436414998,0.08570173681015827,0.37093157801888826,0.22338866367285584,0.5098380497613355,0.21842795615248461,0.35994716646378117,0.48574864702345166,0.23999589699567117,0.0703377384242046,0.707984938262975,0.17355942439403138,0.2229480280295134,0.45324632937647047,0.5748690323252325,0.3462361908024321,0.38150573105878477,0.16163313293367806,0.4815450056148044,0.32178772219383756,0.41624591734075517,0.6914385942490384,0.6820072032925906,0.2300905638328951,0.7329031835126165,0.0775596774454459,0.40304972906480707,0.3135934673445381,0.4681498991074131,0.5407383823364553,0.5168104086803434,0.12100058173356601,0.08404483094871401,0.23913771087852742,0.45269952653797974,0.21159357470928286,0.7477124250566456,0.3859047040333168,0.3832097517513856,0.07993129595106932,0.2056570380243299,0.25528318751853485,0.3864472246416062,0.1415371127346422
0.667495669761813,0.3922965970659085,0.35768509744572186,0.17211853978671038,0.2993091104842893,0.2309088002402834,0.3259411919590091,0.23260620651205233,0.5451847086894188,0.2910001106502131,0.36414190816512326,0.4993385447985568,0.04871098092793219,0.15216976526499662,0.6327265206735054,0.15571094387343734,0.11142885611812503,0.4810328885106108,0.6902514958439392,0.2785818275241929,0.4101518167864955,0.1517915517283378,0.3254016277500577,0.4607979068972089,0.2973325791653134,0.7453146939503326,0.7404367544713961,0.2955302366345311,0.821229597628734,0.3413766821158996,0.3120332815300088,0.3575924059884627,0.45269215934489504,0.508069724350645,0.48564863891984744,0.0744618964514252,0.05208786876334398,0.20098277044717927,0.4506226307787006,0.178953120711138,0.7729698619045101,0.4436558827819689,0.4403488106053016,0.36396388848159866,0.2889514434925287,0.2781721329076373,0.3376912637857959,0.17820043735233596
0.7751583230351679,0.49272324278500823,0.3364145633662212,0.6496616078753076,0.1986558701513169,0.08865360170219977,0.5024774720002708,0.19947717262208645,0.49662197568897226,0.28731762503670766,0.4061311863114615,0.4606734816596513,0.12013112186577618,0.20841194781753056,0.5739604266949073,0.18887710280308642,0.09919003814091981,0.5497779745011954,0.7431695849873001,0.27648368587822214,0.48786215079729256,0.21424207159315184,0.24748892338941297,0.5203333213061037,0.31801249656152253,0.7392446950127697,0.7331687815058816,0.1726263511539585,0.8984292006904802,0.30743797016447644,0.36530637904826757,0.35521449545778566,0.33787086077339906,0.5690450405973875,0.5511117427594847,0.08714368819080859,0.4410287328725913,0.23169035000370516,0.4340935525843368,0.2392451455422419,0.8440628154885528,0.34592621823767034,0.3615707201494408,0.2644896420267695,0.1532652601346324,0.38273756264539144,0.18197434216046543,0.13300094548685512
0.47567221797725096,0.523641039655623,0.5597089579590693,0.017893765381460147,0.2780492444249636,0.5197919854901191,0.20466819084477744,0.4323307351850744,0.5340246639032777,0.633873234157097,0.6288397048565951,0.5859290438965725,0.06116216397966351,0.544955834919749,0.41799821743907606,0.3033619936430064,0.33349928705645115,0.5869763665298168,0.5963908685127789,0.3730410208101396,0.1301288255663975,0.427686035916858,0.1956665476909879,0.30324543462567227,0.834170014714531,0.6589998855146648,0.6785324101252928,0.4812737364884603,0.5485012894254621,0.3717746570364494,0.5120363483027313,0.3614288261453097,0.4005595939319792,0.40930665723712395,0.39362153117664656,0.0608784176847004,0.23351564781756265,0.360168533415925,0.22199484295013078,0.13449739591976229,0.7524590123245234,0.8582708491162816,0.8332218691907687,0.5747889654594583,0.3517734837872487,0.7291020407274666,0.18714032796883084,0.6840741800328423
0.4596804172244615,0.4877072351076247,0.5543908098156002,0.020970057424118116,0.2719040341130293,0.48071574094000336,0.26792263529878585,0.4358139098388482,0.6151335868554731,0.535517885185971,0.49294616916117867,0.6155141310883945,0.0525265575001172,0.6422771824449813,0.4907605275648068,0.2087696875659994,0.42449763645496663,0.5267464758699376,0.4980052046182903,0.3966772287402587,0.1378116273572212,0.42627396595419376,0.20569699933379418,0.20050343833270565,0.7993403398232201,0.6048709765055758,0.621884533580674,0.3421267893660532,0.4101837640631226,0.4627809540794138,0.19372605081564964,0.3026991550812444,0.42872795770131344,0.3824395373668657,0.36615015948864615,0.15700988947062244,0.21075569929878663,0.4395921688023934,0.21848819464230812,0.11567627753920282,0.722095629179033,0.9161359559228703,0.8872402975989624,0.5286231959950567,0.44319399796320996,0.7342710776634684,0.2033489684316028,0.7716824955905043
0.6283745864638441,0.6292461891350697,0.5139005215161387,0.27168785890073827,0.24771831369658004,0.4978204066569457,0.3225789978868206,0.3722890328433081,0.5414150074916693,0.6955265793139478,0.6785739547934582,0.5898977751052316,0.08286265008334587,0.5329684006704313,0.4033693177120708,0.3476882632310263,0.3864839357922987,0.5769065949283936,0.5595222479454103,0.45730924038708576,0.1714897074682323,0.44529217729871956,0.23500696958368092,0.2688839879905412,0.7372687845550012,0.6156698232999844,0.623538858288351,0.21092608822670172,0.5905355356332089,0.5098204127758104,0.240931762018949,0.31265728411791033,0.5484297155030161,0.3239995256662614,0.31317403387623066,0.23676556137289118,0.21957812323480166,0.37189353198860947,0.3781787052975688,0.091464152691272,0.7415652582632306,0.9163140315647292,0.8883272588376174,0.6863702059026834,0.5594426338710354,0.5952297312451487,0.27129637491766034,0.8174858915088756
0.5872587651593152,0.5711349743438878,0.5066384021999111,0.1256665299425759,0.2518452647310543,0.440334698499642,0.28992972230017,0.3567876660731493,0.5237875386140327,0.6211268629585684,0.6244408242018045,0.5557426337943476,0.15859555105003817,0.4191294654437012,0.3409838910307446,0.30014555525407954,0.3845354695902668,0.5708509125892074,0.5552866336439173,0.4195426907596129,0.1826743084819627,0.44382961173613367,0.20640377397257562,0.24897808264041082,0.8032392749396533,0.5853661862108928,0.6040541510060004,0.18463336254747298,0.5577211610871037,0.48119295968857845,0.19358533177316123,0.28360196583922354,0.51257624869452,0.36645552174091717,0.35078076129009816,0.25526468877254216,0.13650459044983312,0.2291850411068893,0.2845758206580436,0.10483137629581935,0.6425325803009208,0.9440874031165531,0.911552889151042,0.6434720680337656,0.46797485941198336,0.49995879536466825,0.3967470686729645,0.7983834432862795
0.5506949815820288,0.575645107879406,0.5339968854171984,0.0809577522559474,0.25463112718930786,0.5110235764814087,0.260270462975697,0.38964247978935596,0.5084569029303708,0.6796145576825754,0.6844399485710178,0.560192423331329,0.04856824457338399,0.4920845338172073,0.39877515259816426,0.34405793890378483,0.35721718776458367,0.6100776185978116,0.6027242576746528,0.41157831634837716,0.15864763276203053,0.46888858250386545,0.20636538014168065,0.2980780762104565,0.8808729999960643,0.6477478627132,0.6757314486714233,0.3104294478527607,0.6040633693167607,0.4165327307392264,0.19203141021336184,0.3652305925159945,0.48493912850051824,0.3531932428594601,0.33713307555051586,0.2147760325770797,0.19658050963542562,0.24109685867881908,0.2691965656219481,0.09778830257608395,0.7163657477908385,0.9272629879660057,0.8976871963861319,0.6530236065436418,0.528436439990816,0.5352064283216635,0.47200460007522205,0.7892293911204186
0.5038568790601158,0.5063154112587497,0.5309412022150278,0.04229901558654625,0.27934116618740945,0.5279084124492911,0.2859928749519591,0.42911042886444506,0.5249131677215203,0.6709926941956663,0.6667586356813342,0.5683704149128082,0.047296766875004004,0.5987478784458189,0.39833386432131623,0.3465089538506697,0.3305487771062722,0.5944274373485622,0.6042422434586595,0.31788986897319516,0.16523084161132673,0.5042522323935301,0.23462345156149805,0.3276693418593596,0.8427739172099552,0.612678882337219,0.6362930345542372,0.37937481741162715,0.603995835894495,0.39857637367975746,0.2339816947916752,0.33962801047463825,0.5198862378705865,0.44080357689511895,0.422217849972689,0.21186736474694587,0.2292229694699336,0.3202849630849228,0.2876209565117932,0.16156155691851007,0.6095033081685819,0.9984574290059209,0.9634446398829322,0.30761818981588157,0.5019337120659113,0.6960933681984428,0.4110849204832756,0.9523242354518368
0.5405350084623872,0.515540015644738,0.5092600941980061,0.0411710418375717,0.26603417341267904,0.4708278954631452,0.3021565809677903,0.3858799652579346,0.5404800367326288,0.5811752513175402,0.579769077346431,0.5402886349969934,0.05465444181179274,0.5225362076295463,0.4295047953500183,0.2788136734382697,0.3589003250820215,0.5651077087154814,0.5638939421075336,0.4361565470583198,0.15499489243956452,0.4279543457568583,0.22557117995955892,0.2720999212377598,0.8405955965584828,0.597993079652223,0.6221569281824175,0.43973122991527896,0.49044493047549975,0.38344552469951637,0.20242123722942912,0.3131903787700848,0.5601388851245509,0.4311048451845291,0.41586017069975384,0.23856893542757415,0.18282343793536132,0.4390660151813813,0.29118724858896505,0.15279617248664917,0.6986990079434283,0.9258902649550964,0.8956650553620107,0.5453174420309588,0.5285436086266416,0.6908159944283461,0.4896463219649721,0.7958749239092353
0.5616966275126248,0.5009519740446924,0.48683689146116826,0.05860336341263328,0.2855325959845661,0.4601863058010882,0.3006279556263612,0.37677299180369145,0.4970568330918774,0.6893964798544652,0.7000336962825947,0.5903788334335538,0.1351626581461372,0.8657625773775035,0.3267949411596903,0.37270375031567343,0.33234794023708625,0.5624303228330025,0.5769229815708763,0.27447118266678083,0.19324369100647043,0.4934188153408807,0.20591944105884374,0.3010362817430713,0.91257757767258,0.5788370331037962,0.6181667927493981,0.47654104586619916,0.7592306247030218,0.46696666443206547,0.22539270049202942,0.3305992611586329,0.46386122779129935,0.49436467052352656,0.4723771699452396,0.09389179755671898,0.18392452583582458,0.39019031934655607,0.27845891625723035,0.1979706688020982,0.6915441393567728,0.9550807905907652,0.9234985431576845,0.6838566431369264,0.4010899804629567,0.6658680588863212,0.4781675047410829,0.8673803367009845
0.5815134527698844,0.5290129073594678,0.4874753583438253,0.08147046759639043,0.25451369199052487,0.4749831250160915,0.31083886039820136,0.3749442239003112,0.5215739200761391,0.6559573467267963,0.6557435159274094,0.5509921828021648,0.09534797976506776,0.8298830040932144,0.4178152792241603,0.34115580878803375,0.3245859045056033,0.6208322399973789,0.6295089293015756,0.36768861865205105,0.1776292674449645,0.5311678387880958,0.19692479032463617,0.3515392221985418,0.9285698261363876,0.6357009325929417,0.6735048789140818,0.5013146362839613,0.6222783974453161,0.4933164144465353,0.2079648817947169,0.39213638109096205,0.5208530456669295,0.43586378323620006,0.4175454762864015,0.4929610238510762,0.17500052975937733,0.30953064508528794,0.25603944644927684,0.15812774650084974,0.7408090789599356,0.9230310382836651,0.8947383548843962,1.0,0.555225583990416,0.6057882462396105,0.22144569940081948,0.829222172113016
0.6275837406462852,0.602834278284888,0.4983546100927851,0.3221390484003281,0.2662412943741763,0.5010516435111408,0.28814168436103166,0.3791213048104425,0.5385661711080655,0.6233452004914172,0.6168984775682923,0.6733613950691522,0.0972175383550265,0.7849156947851559,0.38834120477350115,0.32471167009593394,0.3736031924755013,0.6143315560491869,0.5980765876577804,0.38391710199537554,0.15022345570450948,0.539249330124028,0.21361011583144016,0.3159679120310566,0.9373957707580793,0.5777670415475652,0.6224835068016835,0.41858019281332165,0.5569936995392545,0.5189361380245728,0.1963292901023643,0.3573496131650483,0.4667235684312051,0.3667114364644076,0.3499905492256429,0.13356602675974405,0.1548431109906726,0.3027474048085861,0.30191504356787474,0.11529318701174902,0.7714236747702405,0.8622653481009417,0.8381688077420396,0.7058922100500618,0.4404650829088803,0.649729171312654,0.2079812269459873,0.7603309726530645
0.6057895322150143,0.6529781630018148,0.5429271920994284,0.19795939294503684,0.26150522403023396,0.5633978887258478,0.2786428882534161,0.4075913798564032,0.5609513606576505,0.5613630538336453,0.5496448258655694,0.5747444377630788,0.10039180744298382,0.6606576251036524,0.4102037581474042,0.2744331713008943,0.3962025835100205,0.5565098226916,0.5371856892829282,0.42348205874796613,0.1566628385739959,0.44448317772186985,0.25157252331387986,0.2551992544736815,0.9763629591758017,0.5949867291220462,0.646674829079755,0.7595092024539877,0.6004921769994602,0.5551450670588169,0.19915756503399618,0.3852102309456497,0.4629441979410286,0.35685931802276905,0.3405788432145495,0.20465386852821407,0.13180880112248392,0.303441264849041,0.24436554609933248,0.10792193298314963,0.701746080917032,0.9362416880826048,0.9057376674383768,0.3823966820971492,0.5086844496651326,0.7090210497500412,0.49996189612809416,0.8682240329885866
0.6195325941948269,0.5312972424462871,0.4625109038361305,0.0800861361771944,0.24168235017625656,0.44491068095302133,0.2840880415724592,0.3526569802897347,0.5357326033953148,0.5494027985273099,0.5565890467202446,0.5271797955502104,0.10456022837868445,0.7256424429827231,0.4425416729852991,0.28361836351156905,0.3702245606039809,0.552643884564529,0.5472580085142662,0.3793354457480517,0.14590058690141605,0.4512267048592899,0.19547343280562093,0.26948517700782937,0.9999999999999999,0.5450961910389782,0.6081710843773944,0.6594799883143441,0.5619158775034594,0.5773659633667113,0.19810465029407803,0.34886469084911825,0.47305120627738456,0.4064324796458288,0.3880555371412878,0.2328679464805119,0.1329078913820609,0.35553244304360276,0.24691352454623136,0.1377984819208256,0.7920321959638865,0.8595582078704553,0.836916498497399,0.9862172975011,0.46890344779114324,0.579238162879441,0.22994494836220072,0.7415912594790298
0.5036343610269318,0.5360697030730267,0.5458759379021492,0.01553527481542244,0.2702071717586907,0.5320217089063431,0.26635957006109373,0.419796392988678,0.5670796624105886,0.5781614354939559,0.559982941328113,0.6240529164161155,0.12816658868959718,0.5252147596395379,0.3694219761577386,0.25957226173252806,0.4370173144027038,0.4358715698370413,0.41326502567762424,0.41136422026205366,0.11834540607473426,0.3054832261531019,0.223210176969874,0.14845356736154064,0.8340570536067753,0.5579554964883924,0.5836138265438525,0.6346479696172946,0.37490095404282503,0.3766918246305334,0.17396152924230213,0.27842377609268015,0.4986826255163821,0.37045979377398847,0.3540241204149467,0.21864456079115763,0.2293010015431229,0.3712602632544876,0.23460309218028752,0.10936289657521568,0.6909890647550898,0.9210338482924715,0.8907123443338036,0.4666429274627679,0.34194016467701355,0.7645887192943691,0.20329797467692726,0.7861536712379005
0.46026215673592874,0.5306942173721565,0.5742589564888937,0.05839827727645605,0.3429377880276334,0.5687121792338689,0.32769666381881907,0.47224676020654205,0.48660593838337374,0.7022953093926552,0.7177401322966187,0.5759470835838846,0.1757249992944944,0.890523292399484,0.4243242232264079,0.3931931862726175,0.28508142347580806,0.6779443491366739,0.6994184426479124,0.3041877194484885,0.2201790586788541,0.5509125544108174,0.23383366771365716,0.43403596313777604,0.8132691852887901,0.5813561175423219,0.6019115391221739,0.35372480280455737,0.4329265847535776,0.36708490605476174,0.21581800410538152,0.30283347330545857,0.5293935555318962,0.49683767404376145,0.47626419390500013,0.1694589877835951,0.06711341413590197,0.29793226058029965,0.26126526404094,0.2051336102636946,0.703654454147381,0.9266088474492993,0.8965444638801499,0.6333340315452127,0.12015139941420666,0.7839273183197815,0.4258955169830626,0.8294306966680152
0.5156895732414324,0.42962940264513927,0.4869360705367851,0.07167760459392941,0.26349473072180796,0.41697780957366753,0.33245120181058896,0.3836779876537734,0.46744831887626537,0.7044405181567364,0.7317137363168414,0.5316295850871918,0.09308346430646958,0.8722030334593827,0.4180598356139949,0.3936775083695183,0.28629956085662095,0.6276813046110868,0.6577905085443226,0.3613513744968742,0.19253610736473886,0.4782958379249359,0.21494262071255948,0.3801172115275988,0.8486050341470344,0.650643507484552,0.6729522810376187,0.3097283085013146,0.3880785423432334,0.3917185206244249,0.19788673341274587,0.36218835461458687,0.5298179099910384,0.4563441153580031,0.4376053631946195,0.3335369400814427,0.17587686539269548,0.26918106733768543,0.28974531556065997,0.16701095032017998,0.8250907856178239,0.9042740057618895,0.881971697902573,0.778450388554911,0.36047077082750834,0.8015319436946503,0.21799345852628654,0.783676907733068
0.5545295449260791,0.5192530419178577,0.5012522769108778,0.061884741591468395,0.26093189325144367,0.4899098855611721,0.36419016933387965,0.387185663112503,0.5287067701817831,0.6071648744944846,0.6094032620164592,0.5737823211064342,0.03891066807577026,0.7651988105718679,0.47107888637220585,0.30719771969782406,0.36814111494911744,0.5266055805429231,0.5266299492221606,0.36970112186349235,0.12958152291373365,0.40783494086866917,0.2509836904828444,0.24843905266544639,0.9573655847334244,0.5519984204662493,0.603868333078924,0.6852468594799882,0.5066041402038888,0.5141537004403538,0.23394523213016594,0.326591299814463,0.5313544830549795,0.4379660163386872,0.4201525118772787,0.2550319953461314,0.22455326471134948,0.4042392054913429,0.2908562664905066,0.1584126068854676,0.8141338711548339,0.931901853367425,0.907571253519063,0.7756854695125783,0.3876392691292806,0.7296466308746241,0.21398432064375802,0.8495880911574506
0.6141546078161105,0.6297433507396388,0.5233079816647773,0.36628383921246915,0.25908447650669963,0.47320040593767765,0.33249814152462925,0.38263424269613416,0.5584228920434453,0.6603256450696384,0.6371629899304718,0.6861094407696934,0.10607068666601005,0.7354265216623177,0.38933700561716644,0.3168302021514979,0.4031591222268569,0.6637008754856016,0.6280493000532464,0.4740515543375867,0.17860129637382705,0.5318621332721627,0.19458939522833765,0.31789256450401865,0.9343596502723449,0.6365420287167807,0.6754296915536222,0.40224948875255623,0.7148085315475512,0.499535972135982,0.20959739937606228,0.3952732367061317,0.5203367952164699,0.3792960220922349,0.3634745965996902,0.32827225130890053,0.07135587759306572,0.2469279948434785,0.25706267662114324,0.12048823644787388,0.7892572943057026,0.9261573140517255,0.9004422428976093,0.7938459604951719,0.42803753042136283,0.7009355865476032,0.20499054561064373,0.84466182906421
0.6603028264370185,0.5309853924431566,0.43471107413890653,0.19790812141099262,0.21225268678795906,0.44329805349503126,0.32242915384956167,0.3238199353866523,0.438261025480698,0.707859987145722,0.7535722462844796,0.5256764882742033,0.0874485097533485,0.6010592947915367,0.408031832638826,0.4428774106679261,0.3094574859684583,0.5531340166502858,0.5836055549294755,0.2634238246124861,0.17803693165752515,0.4248396379757256,0.2192422408654219,0.3256315236120772,0.8471070542518906,0.5783455271222089,0.6049646325245521,0.3134969325153374,0.6633858854149635,0.45816787765840433,0.2477074078558457,0.315081617713909,0.4645403042538001,0.3948764542109684,0.377004672524582,0.08691099476439787,0.27316228103689055,0.3687423030919189,0.3366932565090808,0.13018479934349325,0.7334928225679611,0.875670753059025,0.8489088681360928,0.6979535409815462,0.5100220981252155,0.5199177638554571,0.2441380049205682,0.7565332247538974
0.5497706722360111,0.555710324828603,0.5237786081053926,0.042196472518457734,0.30734553294338296,0.49373060241823175,0.2913221790617487,0.38453257757547077,0.5346844406243626,0.6150492146182508,0.6122502083400687,0.5856885147324113,0.21808130886518298,0.4776369084084924,0.3389837531775424,0.2940373722763112,0.45395762112571386,0.47952800887372626,0.4435599144543596,0.4962747280979704,0.11704896974072419,0.33865879778933855,0.21638347735721125,0.15910047195000432,0.6301289814483712,0.4828642679907402,0.48316747722001474,0.285480572597137,0.3386789470446573,0.2955052756998934,0.20015749683424852,0.17546985358054995,0.6137417791098427,0.4997783850564719,0.4867405868309509,0.25415939499709134,0.07781086931425701,0.2966297110411798,0.2224480616817705,0.20921259650459717,0.742545844452722,0.8854393120293312,0.8587439662139585,0.5973481912821266,0.425111976336117,0.5653135459460371,0.20519150020296195,0.7249784006027588
0.6133835228429281,0.6123347432371259,0.5132805064347535,0.27660992616899094,0.30184033920621955,0.5271474455191902,0.28503325473043445,0.37208695591912366,0.4854532729550215,0.688109531321924,0.7062402457733217,0.5817197835237523,0.18865698435785397,0.607491002973911,0.363246650760425,0.38114064546532145,0.3680857250962236,0.5927696396721074,0.5823717312343577,0.4784619337158517,0.13274010853817403,0.42716083772670244,0.2600805941233916,0.2898837122097311,0.7547434544970428,0.6727617829073411,0.6806270823463273,0.14630441133508618,0.7353171807404453,0.45897805191615504,0.5536919748917852,0.36616451334563616,0.5262131089530812,0.31585865667730334,0.30338107530767644,0.20081442699243746,0.30764281211228567,0.32884826109961146,0.28071624758808006,0.08382394568101333,0.7576974899704891,0.8147702486226527,0.7918495908172949,0.663664355585346,0.17731636878522136,0.4794320623651389,0.20077403256964985,0.644676890431422
0.6100184024934804,0.6770851307725564,0.5553621363715319,0.4273995077932731,0.2844092049449101,0.46004034445551945,0.23389664372252858,0.3692189589207392,0.47669650700092564,0.69956208807804,0.721636564966812,0.5362597714972941,0.2986916328875205,0.4683551533635536,0.28035642647732356,0.3676688647334245,0.39468056500454174,0.5605577548164504,0.5414190677172164,0.4894664725528818,0.1590683252974067,0.3400158002152225,0.19774634960059692,0.23254910658896952,0.7081651243303096,0.5610256908274196,0.567370853643361,0.1289512123867952,0.51063094447514,0.41497345328151136,0.17443392667533497,0.2387397264336459,0.5029603238787737,0.3538653317182063,0.33829874423833717,0.22929028504944735,0.2601575167161305,0.4318187487308477,0.2853008879305352,0.09606164856138555,0.7051583479739569,0.8559501012803052,0.8286604935394212,0.7055361219915797,0.46389319141728147,0.4540193154380604,0.22264141520724706,0.6545487626519243
0.6378513799057489,0.6833024157909083,0.542154331219703,0.44067883511074646,0.2704246263833402,0.46691321450915935,0.2652355806422376,0.3689485256957718,0.4817675846328949,0.6976547385128609,0.7167814507939636,0.59374624173181,0.09444481609644023,0.5586269038862791,0.4702104321930047,0.37867996596736986,0.3961621453530018,0.6218593285546349,0.5940680499509878,0.46989809026291,0.13463148192870272,0.43849718419418815,0.23572889256085955,0.2808505339905028,0.7928780013447598,0.6149940405584172,0.6305089447778549,0.16570260005842827,0.35933990414679046,0.49513057437806784,0.18191326909760186,0.31375246047634664,0.4746073701057719,0.31027162379772866,0.29587734901634527,0.07643979057591624,0.3120306110767311,0.339416107772588,0.3032084585531458,0.07663663929442041,0.7517267479183172,0.8351901950883434,0.8110574161066122,0.4853689700676568,0.5011285250903029,0.5633743341702214,0.26010748705646675,0.6574335869010448
0.5570940832206662,0.6551453887101719,0.5755358611538719,0.15950574241181292,0.2673007093286752,0.6565342333525269,0.25653263594440257,0.4634751995259123,0.6304212325486311,0.5950535457428694,0.5369141919771251,0.6827420324714372,0.10351181699246226,0.6982808385074994,0.4171303439161956,0.25472177753194375,0.3894674213967849,0.5542545632450262,0.5385873862469666,0.37192772116125716,0.17009531448090293,0.4812282832703972,0.22266044094771137,0.2686651704998613,0.7668655101262438,0.5764622986833212,0.59003608402587,0.2981010809231668,0.4802948441332681,0.4460933288170229,0.2467494045855821,0.30415625883961833,0.44740955753244005,0.31185629903316636,0.29781625750368457,0.13182082606166373,0.08092106202363658,0.24686131314582455,0.3363357250808587,0.08625625206385856,0.6550132676851901,0.9482411948921547,0.9158400210820982,0.5444376950629438,0.24336967659408518,0.7083257514575916,0.43814054412543674,0.9183599010690295
0.5848405672536172,0.5813084956975081,0.5140253739708986,0.11582239540607056,0.27615543127525577,0.5090844769995132,0.3562563659117644,0.3775060243981441,0.48505225695094023,0.6838420432633103,0.7028366697653642,0.5234515935057126,0.20731526647937704,0.459803456369433,0.38872872375811407,0.3740720167125894,0.34400304028637585,0.617079412283697,0.6156463195069117,0.39470754474608205,0.1788019381750531,0.4944064105462266,0.21532761402119652,0.32228144518428764,0.8021044603104912,0.65742669940742,0.6722281341218332,0.1548933683903009,0.5897750021777572,0.5039365724088167,0.18572411247511045,0.35930196523403246,0.4836700530369003,0.3781691528489237,0.3610488322083718,0.17097149505526468,0.14611415747009515,0.2574814601215267,0.30917178705326887,0.11498283716323011,0.7518315029570529,0.8830958445257773,0.8569898744362148,0.5612366728807524,0.5295489250200295,0.5951851494109047,0.23429402164590246,0.7427946986582399
0.6696949682614185,0.5668527917658025,0.44941486497375394,0.37884536505332234,0.23268196944356045,0.3374647548954536,0.26677401820064306,0.3056470525489513,0.4805643800941092,0.6345024702943103,0.6641673092649367,0.5296452194828624,0.06953039630819685,0.6845761027002106,0.3842869445856796,0.34276131543004335,0.37595889427916507,0.5615354887648342,0.5517260523939382,0.456538494476321,0.1687937787397054,0.41833900303447247,0.2157772880847842,0.25305382480166577,0.8772575934634539,0.5889159150030111,0.6203821257022097,0.3160385626643295,0.6099047649999563,0.49272024889180566,0.21268127199595283,0.3132690811644288,0.506630255433248,0.3652991601469644,0.34939261798956894,0.312565445026178,0.1955244951138388,0.23440700344582022,0.2591730416255847,0.10529794546512578,0.7601034486072081,0.9012811255384239,0.8748843642671662,0.805094153871934,0.6071927422772565,0.5630112195544326,0.23597210411301103,0.7537083078780947
0.539437977578476,0.3035477979281262,0.42023762522093655,0.16381255127153405,0.4553807087759075,0.30554200028378076,0.37297379985978785,0.400569190230038,0.4477387151774024,0.4868693369421056,0.5739820251875225,0.5538184004810583,0.4647611104683252,0.31156290208457305,0.524389869542272,0.36351202566730595,0.39316252775285976,0.42668254085718355,0.4299096328557522,0.3244840284319603,0.19291762710122612,0.2887414704288051,0.21058420855651647,0.19965982523100959,0.38053292909209324,0.4364179804911312,0.43201458944805,0.3240432369266725,0.16399142725815338,0.268656127050445,0.2146297568135561,0.16259807177741878,0.5062648299505461,0.40798105693393905,0.3902152815651001,0.2955206515415939,0.24107880749592064,0.3606173995844005,0.2350534692609856,0.15409882088860863,0.5718776462527928,0.3679414679830877,0.3549480430456702,0.19454975806958383,0.41289715004521416,0.16662481355642825,0.3308356115178977,0.14559576550392878
0.5153156652399942,0.32196847038001647,0.44541882083903006,0.22728671041837567,0.4828430257313312,0.0912576699210979,0.3439114280259256,0.40461680811902884,0.39929211719038615,0.5512057319078199,0.6583708329895004,0.5558628983764282,0.6254915316621982,0.4147296263656207,0.5745678637818428,0.42079903123150797,0.46961282289696166,0.38145210951949593,0.35048660738472637,0.4254945619594074,0.07777412932298852,0.2547209295268056,0.3347294381667697,0.11982492928084797,0.38383603342333716,0.28061371694698206,0.27915992097570025,0.19725387087350277,0.14171928225424485,0.1875579867413997,0.25154464260025006,0.06676052267017565,0.5030475406467293,0.46634123441096786,0.44597325476210287,0.39240837696335074,0.2928810787232764,0.4000767107590767,0.21641452987507412,0.1910544814126051,0.5770047259973361,0.43344348860821547,0.41816154776052955,0.24743930793238522,0.4269127926713085,0.1300257980574128,0.2885613613554866,0.19231062446836686
0.44647558910020047,0.34864459204955756,0.5085911563398933,0.15745488105004102,0.5809223080144076,0.0759872570019259,0.4947602236510817,0.5069715654150317,0.531851730088159,0.6565971609555779,0.6499166447539784,0.5889356584485869,0.5155913174679347,0.5631569036137427,0.5983423968082211,0.38326686147741645,0.4952524847238667,0.4204540156154502,0.3745909653398599,0.5010704804316177,0.092555708881604,0.31009045229140775,0.4891942031446559,0.13669032510600976,0.3739234863058819,0.4098754975066502,0.406379401925472,0.3146947122407245,0.23245775935782118,0.37437621687074696,0.4028777422916773,0.1480320315908513,0.5225341547287349,0.475532353670999,0.45554920655224646,0.5097149505526468,0.4562522984379691,0.33333642148941034,0.4482033424072399,0.21449740711624352,0.5306111580731172,0.5159215419264855,0.49801939308155874,0.2873002241260133,0.351790009243033,0.21750465885989145,0.3318607124194872,0.2924630342601756
0.4413241549621233,0.33676383991503345,0.5086336614482582,0.10146636587366686,0.5739303656283989,0.08154360261166277,0.48469950197069994,0.5277526750990835,0.4914735889233543,0.5734229032226072,0.6067974008777963,0.5713770294648226,0.41261951116293055,0.3040825207059302,0.48894983729242086,0.3854573519739184,0.4984366103030218,0.41394806654913774,0.36757808367322914,0.4788473066712341,0.10486923530374545,0.27863292032172926,0.692026316161601,0.13640813533869994,0.3272581646954106,0.3595935541464877,0.36153427290313694,0.08510078878177038,0.07126946737206905,0.20728206402350163,0.4963121259600336,0.12502062413574921,0.4433871691725119,0.4761135178474851,0.45523554775005504,0.33833624200116347,0.51156035848672,0.39184450070407456,0.4743951242566433,0.22077463012264556,0.5530923603908827,0.4614902076358655,0.44523489088048546,0.2564462411763474,0.2661830064643028,0.5482835306616659,0.35032562971599795,0.24177462804248143
0.4646792457709692,0.3385046123626876,0.49083202556940103,0.10249179655455287,0.5757110327221191,0.19413644812108194,0.5391494933129524,0.5624150991297585,0.5036478329931234,0.5797058472606805,0.6033931334261574,0.557907396271798,0.46487866962133734,0.4980687087225085,0.5967469765748263,0.42035450046601275,0.470154432371051,0.4227312804171912,0.3864595364898451,0.3908109959749936,0.17441789886322548,0.28381355368120653,0.5754814594891338,0.1724356873386513,0.3914881206973079,0.59269259151772,0.5853182296935744,0.2513876716330704,0.0974527505392897,0.4659750981301454,0.33818632231315826,0.3453493160757159,0.4544061996287662,0.440223557334637,0.4206008711750542,0.3778068644560791,0.5294365761169884,0.300055265180911,0.4244006430896237,0.20929618090696644,0.5820871233399816,0.44964973044731227,0.4338333548501413,0.32106575061268094,0.1834110679339348,0.3835614729681911,0.4194863193787735,0.2548693223966699
0.476881711123491,0.34531041357750003,0.4836113689988085,0.1392022149302707,0.6032218424392649,0.28185473990080623,0.5265261629169846,0.476713904807598,0.4564014757815229,0.549327128440725,0.6133602915913979,0.5239927841250752,0.4162750463117571,0.368654447399242,0.47823083480454626,0.39307993015571996,0.4455917903701577,0.43642782162262006,0.4095552426935154,0.37689475036396336,0.15270845449155884,0.36612235333416177,0.8073301009742976,0.17172896821781497,0.30050340655153984,0.4540020022204042,0.4558293963253318,0.11183172655565292,0.03892488231796426,0.14620822252175658,0.4235401141054346,0.18983842680191693,0.4393816540949307,0.5003206185073492,0.4785339525089374,0.3314717859220476,0.5925704385731057,0.28161552387248606,0.4250737039213749,0.23560779962103778,0.5941242073922227,0.48631893592674863,0.46934320600716795,0.21574747072746697,0.308238283862109,0.19402152576678552,0.4467360684764258,0.2598025700759987
0.4315282949012871,0.3183997983130403,0.5104701768011142,0.09469852337981954,0.5143907259603815,0.28004912765578865,0.40656232703841266,0.497220361298433,0.44149388587714555,0.6176137740011488,0.6774674641556699,0.6072158749248346,0.5266663600828385,0.415399765078016,0.5179736747786766,0.42828883081031466,0.3692235360337178,0.42647265603948026,0.4448629912668681,0.28115098056007537,0.12683849997995128,0.33538012471976725,0.4781919717169874,0.21743819487033436,0.3502880035300872,0.5016564154222561,0.49796416494174195,0.20035056967572304,0.05278542558714311,0.2955002851635151,0.29633642959698453,0.21353928252769364,0.4817270500973934,0.5428065986999528,0.5188320287971309,0.4278650378126817,0.4048314798524092,0.428659090781357,0.3318218003064373,0.26657976010314394,0.5538376267907219,0.5165982831748412,0.4983878880110251,0.36006786619467546,0.38258269549104307,0.22376307037415377,0.3501220808805213,0.28258845952624145
0.45963426735060653,0.32051308096095443,0.488848018274086,0.12484618539786713,0.5428257243783401,0.13873123641189433,0.4498275311358603,0.4940570926565834,0.4854374824062032,0.4952718853947698,0.5507004412707269,0.5586289837642814,0.4088366671816765,0.48311763718514694,0.5052279984862694,0.34401329185533114,0.4404895741749433,0.39026143093581317,0.37265971593847835,0.36002397876166825,0.1326038486494972,0.35787334243967456,0.410264546051624,0.15196145605488362,0.37683320003652154,0.5260913208856367,0.5203765520839156,0.306865322816243,0.07801547474812567,0.33315142887062793,0.2467038540386411,0.24214935069528898,0.49345354195837904,0.487976083758128,0.46645103475548,0.4063408958696917,0.44049108621121336,0.5269388071288283,0.3289952830307734,0.22630685640003437,0.593984086979717,0.4349790430642778,0.41983703869794986,0.3061938375819527,0.2836322068591058,0.3370631321855268,0.33185005434240206,0.21055571516737884
0.4752320899491419,0.35239306631507455,0.4873975426569027,0.08875102543068086,0.5251699878797043,0.2337078262952692,0.440120998697915,0.46844447115175164,0.4023882936015176,0.6780220995758226,0.7534266257076914,0.5674082982561636,0.5661903146553621,0.5269947384109883,0.5159122188554093,0.5076131480239421,0.41845398428108205,0.4207361916513143,0.4102728077875231,0.3353172903999315,0.09008331945435724,0.2580907125066251,0.5811284976624387,0.17723761604497368,0.36839914961494696,0.4123202561077037,0.4091560754744423,0.15658778848962895,0.08606046426753519,0.23986650505795523,0.3622140128340391,0.14686917325602952,0.4272729670879626,0.4921320459839048,0.4711230255677479,0.18519488074461893,0.4560743496105928,0.2850997321567202,0.36801196897606187,0.223722901039676,0.6026031159708156,0.5344752528916004,0.5159138401622642,0.19538761232483612,0.30295285124368254,0.3871468305003373,0.30901401111783533,0.30662920508004915
0.4025297415197213,0.34394745144368655,0.5416264815422449,0.04050451189499579,0.3953194474336491,0.21188831980607964,0.38146639079730454,0.5373006969696597,0.4096473639441176,0.7490725895632286,0.8070609985753541,0.5873120865904992,0.4254215576494678,0.49743194189842077,0.32998367972059056,0.5448814015395167,0.4264305137785696,0.43811191497332014,0.4205861855394994,0.3664040421341098,0.12315071971438007,0.420089682777233,0.7409456592220133,0.1811317463431316,0.40969728384232557,0.38902634598522184,0.38388891024403493,0.15883727724218522,0.21778721796433492,0.18858467625190042,0.5438689940879012,0.12839621368876097,0.45325035543472825,0.5118969094716339,0.48930704542319503,0.32431646305991857,0.1994787120791277,0.4493106392915782,0.5268682081663413,0.24050914554370817,0.545478357444226,0.5676633363314473,0.5477116399849871,0.24167905992752564,0.15609138765099978,0.7796150150922875,0.3358970574274569,0.34510397901956064
0.41766370428845934,0.30120206187393583,0.5163081851675073,0.0514253486464315,0.5391553863502615,0.16611617668218925,0.5212034589848396,0.46384058219724156,0.5340642529989049,0.6864825563188314,0.6748620295248566,0.5677690920024053,0.4147942733207609,0.7737083591426334,0.4947952543607467,0.35275576593194946,0.3521338563919494,0.31165863206296,0.37311508442356117,0.23130941166395483,0.15552544676090035,0.27042654973281965,0.4838127196058959,0.16512501567889976,0.4357561800164561,0.49782045130096597,0.4904114285333304,0.18778848962898043,0.08644698024655129,0.20357525727685472,0.34318993768244604,0.18736134857596964,0.5243428340828209,0.4113915953827551,0.3943582117709528,0.3407795229784758,0.36422156095023106,0.1824237104024249,0.46937840165869404,0.14332212919249213,0.6047060574702052,0.5383572029730771,0.5196944658372552,0.3954672084790851,0.4096209656549582,0.22225149448044657,0.3639706868133891,0.28218649795337436
0.38349818756772824,0.2598436503310929,0.5326306638645106,0.027327727645611144,0.6286390804763085,0.054848274446857304,0.3997336228349648,0.4427944194546175,0.5645320315266117,0.635944208604622,0.6118941006928413,0.5699338544798557,0.5846013339546401,0.3807385480378486,0.5676740788559101,0.2757273820266794,0.32937994381094327,0.32469076116825835,0.40072651739641507,0.23499186434871977,0.13099734382670442,0.1659103497224314,0.5760647988424982,0.17342562855419885,0.4633423876949475,0.542612782850392,0.5343632530257414,0.23844580777096114,0.17240612144920014,0.2770752982219319,0.31429809780619433,0.20177594052709305,0.44748132169172145,0.4707441080892127,0.4499883594127444,0.19895287958115182,0.5064066780875816,0.2398201532305813,0.3843527023682546,0.16820770371524216,0.6288324746492506,0.5852485778416651,0.5654444510765229,0.43069897991244427,0.45962336767131345,0.20808600279258077,0.35514054896761416,0.304356896286104
0.5227055194498305,0.29782332607739775,0.4315983597477239,0.22144175553732565,0.4516713049906458,0.1229620188422003,0.36016411222563904,0.40412206226140324,0.44916213587603027,0.5550633282177527,0.6231350740069967,0.5468430547203849,0.4539232776995985,0.4265871371768388,0.47891885171858894,0.38415327014296846,0.44557376800048853,0.3737420509755527,0.3560097037768717,0.39710542091290574,0.15569594445671153,0.22188564993433768,0.3375661448627777,0.13242175579838722,0.4152867982257099,0.324504367393562,0.32010256023516315,0.17914110429447852,0.12259357987077543,0.2820700912858668,0.33271960136305084,0.0877964359041917,0.5232734866122282,0.4044596178284038,0.38767604896618263,0.36986620127981384,0.22979496831540344,0.3914973251354727,0.3095000726177039,0.1492210249548676,0.5710078347696533,0.3999181832408024,0.3857925465305396,0.30129239018872667,0.4056542140941927,0.09568911227697746,0.30813665056699274,0.16780633383746107
0.4545218531549108,0.3326129358154027,0.4968483561717145,0.11669401148482356,0.38098387599737016,0.13848345620753094,0.37628021959017643,0.47805058514808757,0.4521472120407056,0.698006955639789,0.7361544421545615,0.5923631990378834,0.5281904193858611,0.6935549865398085,0.407192122453637,0.4643614782416897,0.4369553222667103,0.3923050960710843,0.3762875925072881,0.42900573777511347,0.1762612005198505,0.37395867443092334,0.4676310136822329,0.1482763135677044,0.48208848956489514,0.502277620300159,0.4945496962146561,0.20444054922582527,0.19161981117648244,0.27139654026509175,0.3177751586288951,0.20739262880419773,0.4765567067708436,0.41576111491454,0.3970109117787856,0.25794066317626524,0.21749792907778148,0.20194441823735979,0.5253365547714031,0.1571611213822662,0.5633206054900701,0.5515078127303212,0.5320276729276494,0.3746465302360655,0.24336190836415028,0.41594352539343804,0.38255361314888586,0.3218451769486855
0.3949761965755644,0.3752719535140627,0.5581732417472148,0.023738720262510227,0.5994023007719225,0.1307800805184576,0.38812133478149474,0.43808261407464855,0.6326619562049359,0.5237432312323447,0.47187436088506046,0.6099819603126879,0.43646281792655406,0.5237479350561731,0.5196276852537474,0.18289055178992292,0.3975195542090603,0.31582989292458685,0.3406930532765605,0.28603237132825216,0.10648701390091142,0.1858218361614696,0.643899489212318,0.11513699068676714,0.4635427876140977,0.4211768522193612,0.41436359848160836,0.13736488460414842,0.14040652665967981,0.13681846968099018,0.40785362718040213,0.11877689649902759,0.46703335388562217,0.4463923501166055,0.42637193709355375,0.2922047702152414,0.4552749855106204,0.1490575160756379,0.4459571053164191,0.14677844131191542,0.6271432888411639,0.5027040172382476,0.4859008301880607,0.13263232860643892,0.44517576723751545,0.28077414692709846,0.3115520681864547,0.21892319584013825
0.41384531277115133,0.3810626980307671,0.5455064556070972,0.04957957342083674,0.5927608158499137,0.09812457981018627,0.4038388582598264,0.4692782781433497,0.5437917847586349,0.5998116626011667,0.59339706204183,0.5944678292242935,0.5413819462315035,0.3087097790059833,0.5632809636711017,0.29289590830225753,0.4258875543114884,0.457714473108681,0.4375726913445969,0.31746167680054815,0.1237396725114182,0.3101562154705652,0.4405385598341489,0.16994837518593342,0.4544571128449928,0.40906601770470835,0.40245892442062414,0.2242477359041776,0.1300620395101561,0.18732175452895736,0.34689547922888814,0.12357384532177605,0.4966332476321457,0.4776250971607998,0.45660475304897635,0.24269924374636412,0.3451265041145824,0.2522578954794893,0.4127404082898309,0.1853356787495169,0.6284315074912943,0.5719370184273049,0.5526114081932123,0.3763641314593327,0.4229117760482777,0.2493232852603146,0.29780641973117805,0.3112642690220334
0.38414133307079923,0.350635467626613,0.5583444992147272,0.02307219031993435,0.32290029307532614,0.21137698785173356,0.28764971558063795,0.4561678993669546,0.5030332171808463,0.7338657818750066,0.7353777847492644,0.6463018641010223,0.3244875094401682,0.6231782771048273,0.34602739841398833,0.36619521089147866,0.35891878312106823,0.25976308907888723,0.33370234440120056,0.28800205532242873,0.17456534231503523,0.13907057528474034,0.44554965032974164,0.1292665384733897,0.43241092537896186,0.5058828357340782,0.4984405678045534,0.16208004674262344,0.4760759023558483,0.15302995449911627,0.3214456269799786,0.17616466019528723,0.4474167656323237,0.38747601746737476,0.370225930471082,0.19165212332751597,0.06586846263993995,0.3242182165937833,0.31314764403133527,0.1145319447152409,0.5738032423786464,0.5376339663204945,0.5186544504974167,0.1600301627531891,0.2208878110789408,0.4139932386477437,0.2469651925167368,0.25554683744575685
0.464049473605735,0.27742716077822027,0.4722305415434398,0.0779840032813782,0.5442286682975976,0.18288511344324523,0.4364278446542923,0.4306711331842952,0.522272905849046,0.5865141614306636,0.5963276682670235,0.5656043295249549,0.49854745363895214,0.3451649064752924,0.5633625168313822,0.31889006184254026,0.41723414865712544,0.36799340038080997,0.3677430062855986,0.33189175301875484,0.09873253593511205,0.1879656649278622,0.534068309793241,0.14102447234988658,0.38158916868594983,0.4737763513283548,0.46867286952981907,0.18343558282208589,0.09312397914626225,0.2850018963975677,0.3640368268136735,0.17725866931957465,0.5317149217004229,0.44534978955250687,0.42722250236096765,0.2758871436881908,0.2942445472416334,0.2958056884927779,0.3392485860795263,0.1723254486629505,0.5501754194193718,0.5262087509250966,0.5076846454667167,0.17752037033158086,0.504018115732327,0.25313036117348653,0.33655441744580095,0.2760271358365335
0.4949372781781874,0.31378140717376796,0.4587392674074847,0.19642124692370797,0.3180162127851722,0.18017254509665537,0.35395634923233643,0.4856823417121747,0.4077891199034429,0.5610408544980869,0.658988418591262,0.5626578472639808,0.34988484139023257,0.8640927397262614,0.37161151019745237,0.47978230175865366,0.41966435857609935,0.3444213339898234,0.347384116332223,0.35955296737175646,0.13229993918768979,0.2677684821464669,0.4737847921189886,0.15252701113042078,0.4077535182967081,0.3591125381075967,0.3545297618982978,0.2545135845749343,0.3511325328066321,0.21689982886998566,0.47526344190451963,0.12013156759107735,0.46737756590115753,0.4715965720358277,0.4505317449655219,0.30657358929610234,0.11904828959720315,0.5125226188126795,0.4632302488187102,0.22300228583242404,0.5430305439705201,0.4457381400258389,0.43014859595733324,0.21761169644540335,0.13885074531669606,0.5493287214455427,0.29985280532373415,0.23331573935319128
0.5083742360639878,0.31178325583261224,0.44747078531359286,0.16094134536505328,0.3196145698881981,0.18644230570557463,0.3545136279458737,0.4402595912167842,0.3444961516136779,0.5833566115103014,0.7246069372203098,0.5429945880938064,0.38079863299669664,0.6174963591598598,0.3230665421562473,0.5304121532793429,0.43860357950749107,0.36846477181640747,0.3554580574634749,0.3938511604007879,0.1454336702084388,0.3103158912824589,0.43590901315931946,0.14073052334074235,0.41362713623037706,0.3321235096494062,0.32768166705282487,0.22529944493134677,0.36546561142578554,0.08241282513053858,0.3844906531220903,0.09630269083992454,0.4661580871252605,0.43997561188102075,0.4202252551081405,0.33926701570680623,0.10006544938686446,0.40983413277850533,0.29934288410826987,0.1819054561887987,0.5561601968934567,0.4505795463259338,0.4346895511662252,0.2236233007268386,0.15167267153970154,0.43348843515496216,0.24844880611771913,0.2228804771160922
0.5055140628747571,0.2730246394323633,0.4376993706518543,0.120026661197703,0.5068093760551884,0.2365097862846153,0.4474096041973874,0.4619672974197784,0.5101032419939723,0.5462511931904063,0.5718970879405213,0.6120264582080578,0.4389449923314349,0.4041971608480493,0.5604602381520085,0.36200185222894216,0.444553591411164,0.32723837779589465,0.3180887631524909,0.3641346236190803,0.14046512406990247,0.26462736371941664,0.3435051802155467,0.1251637721666819,0.41422365346625667,0.4100727434308339,0.40443797172777884,0.31457785568215013,0.16672144241982326,0.3676216830343224,0.2850083245723704,0.15340993615948156,0.4834679202632587,0.377880410358316,0.3607691544522149,0.30319953461314714,0.32808677891631,0.32350929939950723,0.3426980221894796,0.1423369778100496,0.5630290557915435,0.41347785014903154,0.3988704083359481,0.25081167130977566,0.43019325673848985,0.3158814346727885,0.3388632217535801,0.19850572467771704
0.49795355096681726,0.3144618365187585,0.4565797760664266,0.16996513535684982,0.5557809617045615,0.08783254486573222,0.4497463758283237,0.45585698423261944,0.4083911745548292,0.5169933073683094,0.6266675723904116,0.5528562838244138,0.5119445641395673,0.570073957790747,0.5371753969491304,0.43117310229233713,0.4193858081420168,0.36561349724694947,0.3644965689103523,0.3404984156889612,0.08945804133077453,0.30857282610113224,0.39936807720504774,0.15436504001842244,0.3305419581557822,0.3843445471648589,0.38514950069397935,0.2549225825299445,0.10323745134982984,0.2977617879245057,0.30569921092855634,0.13750762354330054,0.4512053901031032,0.5261699807478183,0.5030202484003585,0.32966841186736473,0.4209942972356452,0.3431736530633103,0.2508704277849533,0.2626820370412708,0.5593844127695715,0.43142964590718036,0.4161999805402091,0.19274837142079138,0.38670347369066754,0.28650070841361386,0.3305051410737341,0.20673675307681366
0.4925334690673051,0.36462131070270265,0.4783917266279469,0.19806193601312552,0.35002874951188334,0.4920257819132364,0.4636418774513829,0.4883419866238742,0.4180283185782734,0.6308130164133298,0.7047013341470589,0.5629585087191823,0.3948253984695366,1.0,0.571949861198497,0.49738275066351845,0.5095991303990666,0.4250140827049879,0.37394979800533634,0.4681853215723217,0.14566522365538612,0.4560643335757795,0.7929467575985476,0.13957854681023588,0.424348465909966,0.34513361986122526,0.34003957820907854,0.25942156003505695,0.2192812258625747,0.20698569658354557,0.5367861439866829,0.10791817346831972,0.47279231074750294,0.38214948159250434,0.3647764966976415,0.3243746364165212,0.1534684075687024,0.526050709244428,0.35518585457119495,0.14383866562701808,0.5658860882017444,0.4772276887626506,0.4603668487777019,0.24230745061896486,0.10217713248591703,0.4946906893734706,0.32887469659295054,0.2611476347627183
0.5234767738006664,0.3552650488397561,0.4509580845591798,0.2507690730106645,0.3397925927859062,0.21346478165520794,0.35810436907097043,0.4770516105277769,0.4074029195906116,0.5688423840630685,0.6650662133302148,0.551653638003608,0.4357081443711573,0.8493636342164119,0.37895050982517203,0.49501098426052703,0.4785279780541793,0.3673885584966721,0.33411389595187746,0.4072107561873769,0.11322822547338054,0.387388930648574,0.5603938091549079,0.12818583995726107,0.4071091282346067,0.4041968434557561,0.39894450930061237,0.14899211218229622,0.5073894517663998,0.2244670506423391,0.4714586108758138,0.15440305481820873,0.46894489503877124,0.39476317931257293,0.3768715201229196,0.20977312390924954,0.16711751524222507,0.5897478449593969,0.3276955421084694,0.16006406058276074,0.5403133428901926,0.44484470439326057,0.4293264332803113,0.23526947487484554,0.23999548783874106,0.3826377786780905,0.3093567133077292,0.23739906345336403
0.5173688746240639,0.35021689026013836,0.45382003958050954,0.2195959803117309,0.2982202740789863,0.19261394664749376,0.2636662668096702,0.4556341157728473,0.3671364926046324,0.6154466032562746,0.730526532862587,0.5767889356584486,0.3638290498119345,0.8193883078800064,0.31261648833930256,0.5399918180507106,0.4541439118120299,0.37330276119254935,0.351095155576592,0.4046416031514944,0.1932032050226905,0.3859635128232944,0.35506205470652913,0.1380284013430853,0.36489495575931896,0.413488044219693,0.41055113097419227,0.22342973999415716,0.23967238082361392,0.2675905597522686,0.40145392471455843,0.15660124252860977,0.43437744798913286,0.43322529504678553,0.4144697147005145,0.33926701570680623,0.08955058600249602,0.36281246300753267,0.3441449529207169,0.18367686894615232,0.56780320441988,0.5117553498892135,0.4936763752070421,0.25935778471334914,0.15059644964366162,0.5694677933537391,0.3368717104013542,0.29682335626838885
0.3985413070921952,0.5012248538630966,0.6057163140615917,0.044862592288761244,0.4598974958218879,0.3820045735814001,0.27385503522354115,0.553353479471198,0.7190854571511709,0.8050664170505168,0.6998814413335641,0.6634996993385448,0.47261732030807135,0.4845414089307833,0.43917058215794735,0.33009966132548724,0.24332994633996613,0.4747433985760254,0.572746411218861,0.31249464759784196,0.1375173872191678,0.4830058684062347,0.2737682219891888,0.3729073666355369,0.6107782753042612,0.7469547909141487,0.7402526958975191,0.6586035641250364,0.18880649084900428,0.5077814778440463,0.23072285225471123,0.4487568974688546,0.33401847020399617,0.7613559448970213,0.7339961185555393,0.3119255381035485,0.30802710877243245,0.6903891031556911,0.44526494869176936,0.5193812409711155,0.28957468150653004,0.7321468953528542,0.7198485540234596,0.09308560775853042,0.7213997700301978,0.5742871346476374,0.24988936671439949,0.587949937311619
0.5244550396503355,0.48060863700211187,0.5036515209352757,0.18452625102543063,0.445435511729419,0.13672863827009807,0.2714753969228885,0.461390310428024,0.7071073578882464,0.7442757754360181,0.6433423881434869,0.6159350571256765,0.4474047358486023,0.258070432993267,0.42558015024964463,0.31508951751049524,0.2840743530536948,0.4991327650525503,0.5593051799105581,0.35843966772287406,0.12139039483566014,0.5920795883748222,0.2689911292828515,0.35729326670981876,0.5789919394450144,0.7152783992089278,0.7074810007250927,0.5739117732982763,0.2123222202060312,0.5788096452321094,0.2316940225701743,0.43375536817379956,0.322860507105988,0.6934556290962987,0.6705029257274226,0.2248109365910413,0.33965208122485485,0.3367605874863927,0.49638346622143603,0.46329542118288825,0.3778091485152569,0.6370412049276146,0.6217958003183237,0.17867241993255276,0.6678586289698929,0.3885935683867285,0.267618210926455,0.4596716692817743
0.20490720984501065,0.6206378706729232,0.8028811991257607,0.033275225594749824,0.6154197598876651,0.3053473956876813,0.26770468284507215,0.7858146112336157,0.6881483185670692,0.550549138964309,0.464545149034196,0.6187612748045701,0.40522050256244274,0.30795399469300444,0.4041552958805552,0.19757926467960074,0.12865814319843882,0.6788634552713042,0.8064112642786176,0.3276526505095487,0.15238765175140778,0.6732120267843544,0.24932172386188264,0.681376475088752,0.6949366072786126,0.6909175381157346,0.691724848535112,0.6195734735612035,0.2898700868423087,0.5129328347065658,0.18556468519004818,0.3952882139217472,0.08305473940270353,0.8197093531812691,0.8255629856620456,0.20831878999418266,0.4302336623414976,0.692294539420617,0.39731703099925864,0.7000934738589258,0.4463480449051287,0.4721555758244249,0.4594414728124216,0.10711966653400644,0.4633059830106305,0.25046430264698016,0.24757667851102594,0.2329238258302997
0.28142664105688875,0.5371231748779769,0.7087918420937377,0.06075676784249384,0.6535589756775997,0.3689845727009864,0.34574387201401674,0.674640236476346,0.6472582553411624,0.5170273496357796,0.4571259168322285,0.6651834034876729,0.44423945276136134,0.24080509470099992,0.4104085897733305,0.20522248712278351,0.27750566067848337,0.7185358150558269,0.7372771295308975,0.5053524021580886,0.07662511070882172,0.5859608420981264,0.28869768872970714,0.4992587954393609,0.5667513491189998,0.6833381408622552,0.6754863759479882,0.28168273444347064,0.249133887435537,0.4838060979153712,0.20726239849586453,0.36809648069139256,0.04679528052601262,0.7911463872054905,0.8076747609726159,0.208435136707388,0.7071207208516379,0.39390172748313224,0.39647940979983004,0.6850052147084807,0.417428571043437,0.3500628751210084,0.3458520427866505,0.06853647807963806,0.5654418239028565,0.23036788946170106,0.32761442957708203,0.1362648543975287
0.26355295374713483,0.5947745175446753,0.747864501079516,0.035274815422477374,0.7331820277424964,0.39329967217604145,0.3679518987824943,0.7214431828555101,0.6912066111893854,0.608550792028925,0.5176964109697229,0.5898977751052316,0.5673502322526855,0.2999305391827746,0.5761373747688705,0.2269615467543572,0.18710678225758046,0.7669134229721473,0.8316624912607782,0.3938083411835232,0.1337872595339206,0.6288700396050149,0.2891111841653944,0.6714850209177241,0.6377534415327074,0.7416197285089872,0.7366641551485643,0.6406076541045865,0.5523409453666884,0.47697144217901,0.21371635411539308,0.446509289319304,0.19779263674443787,0.8981497787822311,0.8784513447300488,0.42161140197789404,0.6368630305454952,0.5644313762963673,0.40860712618456696,0.762762509234972,0.3617099667547395,0.3432721825509286,0.34667684237064045,0.08472801156238874,0.4358977657755065,0.24267417253839493,0.3216499849808064,0.14401516977722242
0.2725685770497633,0.5865446362137696,0.7374430710468782,0.05819319114027882,0.7246468305435347,0.4387448459894521,0.34411040578233565,0.6909387160469023,0.5668074455580906,0.5258488927157839,0.5160726906411149,0.5978352375225496,0.706813709298353,0.36242686911712124,0.6026907575012719,0.25800104786445166,0.1526988964882106,0.7150644316168704,0.8152415003357455,0.2955382375610174,0.16226867002089485,0.5598780750848005,0.2364100221879143,0.6629735417490878,0.6225470934883846,0.8091111595099529,0.8020039940910505,0.5363716038562664,0.7319490259946633,0.596734157743868,0.20506035775472514,0.5131785880998372,0.12964294934688547,0.8805982436943514,0.8726608797412316,0.14240837696335076,0.6603062158052716,0.7508099530863117,0.4080891796343771,0.7511454322060506,0.4428199916438794,0.3652473226447315,0.357747068789397,0.15072998051988856,0.3498163578161075,0.20472058957911493,0.2786895253303725,0.14165907858434698
0.40984354195489464,0.6107041091030827,0.6504549367851151,0.026763740771123812,0.712846821349271,0.4906492264857807,0.41572366236363323,0.5483864954563356,0.8052705145913737,0.5164520132913889,0.3780142913016974,0.751052315093205,0.4382391787512185,0.2395366615972529,0.5705563630299308,0.12746897598578685,0.1892630429106659,0.5076922953899318,0.6391364431422718,0.290614027575576,0.19774435062633441,0.39626637859635544,0.20841382537419686,0.44602581545957054,0.6667327590402677,0.6868052587651771,0.6851965507123863,0.563102541630149,0.7075691853445397,0.4457647117942648,0.232865202715198,0.37118825176561754,0.08043174081090382,0.8461721040021841,0.8502365772558665,0.14287376381617217,0.7635837195751771,0.8136492976678611,0.38013202864399137,0.7120975088744143,0.45414421705771557,0.2965669411333806,0.2915592685579579,0.04914015207054734,0.18363073922654338,0.21145774167674197,0.26834497430568294,0.09267870476138174
0.11184082674438128,0.7346324688813618,0.9249595618318585,0.03563371616078745,1.0,0.5172337368127494,0.4105679610048536,0.8913340479806657,0.6804752821977154,0.6167461625464496,0.530727693753626,0.617077570655442,0.5243068661564179,0.64975887025766,0.4829192106870628,0.22167505304263546,0.0666215363248121,0.7346188186522178,0.8939936711840433,0.2582855185407211,0.16614056867220175,0.6875056738193702,0.2606331861157221,0.7998952707104846,0.49791685392450213,0.8075243547954527,0.7962932126492481,0.5472392638036809,0.3675666511119273,0.4535091556711157,0.479939272803626,0.4828733584055491,0.03799669223987806,0.89648552834555,0.9048681117697559,0.058493310063990694,0.9997387159738441,0.5040786263772307,0.41054796777988123,0.8014380421549859,0.3948191970963094,0.5793085322199287,0.5654467613629841,0.053099013426614466,0.4094515961040304,0.6541747125309869,0.6386333901135912,0.3377478903891539
0.013977777466588792,0.7435113920205766,1.0,0.02722518457752257,0.7705248674789045,0.5942597744665461,0.26132874346195867,0.9312282333942592,0.5457138779806053,0.5688310362985093,0.5659549269444677,0.603728202044498,0.591526949089867,0.485314990472399,0.39104185807850367,0.2583659889999082,0.054164520608303734,0.8673948499640688,0.9999999999999999,0.29832148668322345,0.13438382520611092,0.7472254805986212,0.2207450533803491,0.869789374359415,0.5738650432587014,0.8176772145800917,0.8081611595889104,0.44160093485246854,0.3625583164652114,0.46260631263761653,0.17806791993200866,0.4598603241853041,0.02150687659528988,0.9247743297919477,0.9340725585837859,0.1985747527632344,0.598025618392083,0.5713652433167301,0.3234057523868521,0.788592336649422,0.3963721040767683,0.46591269325977147,0.4574790660106951,0.060807272574935595,0.5095104313468467,0.24339084556460047,0.25723983830503533,0.20596127389146981
0.2596495177052593,0.7098166057052173,0.8075489471095929,0.0512202625102543,0.640628238386661,0.27157535599469285,0.2937448426581782,0.739898011293703,0.6901153034100094,0.5034973377949791,0.4201300479542247,0.6662657847263981,0.46608071388620503,0.28007960456024583,0.46649642743911524,0.17123730623034555,0.11689050952723334,0.6211491789029955,0.7751639299105153,0.257857326368074,0.13917878559003122,0.6134093946352974,0.23529222469373123,0.6408243948196821,0.5965965355801458,0.6830388441875785,0.6766383547581752,0.35308209173239846,0.3977010796577746,0.5240408711895923,0.17009660033927648,0.361728406585451,0.0,0.8746373090970987,0.8935584720585136,0.1353112274578243,0.5835119709724077,0.7348014415694107,0.4019884637794709,0.81741598770013,0.4579703382311188,0.4175378070286516,0.4064404376517554,0.04172514191156451,0.42002698203169164,0.24468655412291285,0.29374183366785983,0.17815853633126846
0.34401998453427785,0.7215593835405487,0.755698173856438,0.04604183757178018,0.5791077612678334,0.47173472799038074,0.29878684897020963,0.6849866087280208,0.7751841357695054,0.692372366014014,0.5663438172549302,0.8686710763680097,0.4731537516275989,0.454336408084546,0.42835651256808693,0.23505726051314202,0.22208790866214714,0.5696094115232067,0.6568132500289448,0.4084953327053182,0.091036242387875,0.5884355151005025,0.32502692752760165,0.46151659250978205,0.6348862168200593,0.6808466223847032,0.6768997630516019,0.4541630148992112,0.29276622699414323,0.5201807159157943,0.23160303586948724,0.3784139098449015,0.17279870547741444,0.7368610779343447,0.7321711375267528,0.14950552646887724,0.48197083058379275,0.6179206464985777,0.4125231966028987,0.5461271357992264,0.2319945224320371,0.5453450691073225,0.5522191399040723,0.09000649337047822,0.7022455355304313,0.42706755819357467,0.2718768298813497,0.36511775733956886
0.09246547705561203,0.6759450918260633,0.9110067567807456,0.03650533223954058,0.7634633888367859,0.48076345005724574,0.3407599268670345,0.927040587954144,0.6895816070893652,0.5593096558088346,0.47197222465227173,0.7137101623571859,0.42244148168614054,0.34461450252408476,0.5347702695324018,0.198282328621128,0.08434861599047178,0.8110790340114146,0.9361904921091109,0.26188233279095663,0.15816472690251754,0.7579972510971034,0.2683768222552486,0.867283041880083,0.6346872046134628,0.8424273284270677,0.8354338783977329,0.9961145194274029,0.4048922181269877,0.45464624403785203,0.2574430001771828,0.556974809097831,0.035225006213181365,1.0000000000000002,1.0,0.1575334496800465,0.6710338826116251,0.8862020758768754,0.3792063126214479,1.0,0.539246840375325,0.4479926923808778,0.43237846645238287,0.09092813305125576,0.3166577486197659,0.32090847625018537,0.3215573512205348,0.2006888616601376
0.5260535878336267,0.5261205924598273,0.5249112358417102,0.12146226415094333,0.44441057598164013,0.31148288143830516,0.2944278597162911,0.4853461851098684,0.7094078098015715,0.7557824288560697,0.6539253554835318,0.8485868911605532,0.525364618743694,0.4951984696481633,0.47317785806860824,0.3292440740478527,0.29075430299715416,0.4967614470603335,0.5527270401823172,0.3555707801661386,0.11821099496324684,0.4554491969681691,0.3005195077897404,0.35558706668374385,0.5770187507172174,0.7343626651085865,0.7261892747674346,0.5369558866491382,0.29520742844868075,0.6162528495534916,0.22019450203581992,0.4669512021090991,0.3123903298589763,0.7118491694613421,0.6889808234554413,0.2993600930773705,0.3361174421590756,0.5374422110219703,0.4591056464085955,0.5010619100507363,0.3531407004981238,0.5674851318633567,0.5578119588336001,0.17138308791185775,0.6405347956833973,0.42141829438995726,0.2975043284152141,0.38377394015054067
0.2395796851320124,0.5484892230574795,0.745051455258322,0.03450574241181295,0.5781269462842891,0.3897138840177391,0.27067750745051183,0.7048956267126609,0.7115474999297962,0.7573484947954306,0.6546713201179275,0.7319302465423934,0.44795960144100033,0.5712214221257808,0.37389986060716834,0.2908523160579768,0.11662652474237661,0.6608488964650525,0.8029005013293544,0.28667465958722277,0.15256438166999742,0.6685806868434462,0.2344678354066353,0.670915901456003,0.7352769387420943,0.8508560105011376,0.851175803428627,0.7355243938066024,0.23717005766657795,0.5660336605960075,0.2053836613675086,0.5803067784553386,0.14326030760711972,0.7428372805246718,0.7431988664540168,0.22905759162303663,0.37408064477007674,0.6814204520018023,0.4493031016435194,0.5489744493026477,0.15765407817682053,0.6059477555569402,0.6195335368801469,0.049559079198173484,0.8109883980058828,0.46690202715432955,0.21664984637767315,0.4493198448890988
0.33018414737956137,0.7383125032226311,0.7744501683762969,0.04670836751435603,0.7558973443507109,0.24014831429348607,0.37576776020297475,0.6883719592727221,0.7556690276146302,0.5956591669382847,0.4763896039790948,0.7083583884546001,0.3977225210361919,0.39532797196905445,0.4776943543208647,0.1853677943170599,0.10642217173547991,0.5791107090722922,0.755752671720282,0.24569666866489684,0.10432629277747824,0.6070471582338848,0.2700034974196284,0.6376919158692528,0.6589048869262372,0.7002285758271395,0.6976726392140404,0.7164475606193397,0.5533465617335744,0.4746492904061615,0.2397660959982996,0.3935423366305816,0.04106242297611529,0.7728928426247609,0.792657324977321,0.06675392670157068,0.7542919932916612,0.6467537903758462,0.39132667345083766,0.6570179262352874,0.5085942280044619,0.39468571978909783,0.38184067422542,0.1073500764542008,0.19143407532571138,0.3883801222384099,0.23007271040428398,0.1574926074903114
0.3845018398816158,0.8908208598968024,0.8316038524442468,0.04506767842493847,0.4813549722299245,0.7951767457338548,0.24963346935900502,0.6868663226186627,0.672088378216717,0.6137353837032703,0.5320442459902156,0.7767889356584485,0.4696286762830524,0.16266475402999142,0.38549695795386324,0.2275388461229325,0.17405216781417682,0.5753756520048818,0.6977824490333706,0.3056435728354886,0.14746545730248398,0.5163267657332586,0.2366612963547743,0.5103289648936047,0.6887744516721406,0.7316496463649567,0.7308403283998814,0.49453695588664914,0.2860729514714878,0.5503957065621524,0.21116084548161046,0.42255349344933807,0.09151427595169104,0.679313525295729,0.6968644382305627,0.09761489237929027,0.4367510653516746,0.34412317273258797,0.46950019785679165,0.4959709352644982,0.33145165338496746,0.48460931781634253,0.4821305573614195,0.05915251042081232,0.5975123965446134,0.22096060666702752,0.22668565870199056,0.2571646872095687
0.1712610577371983,0.736151701712024,0.8833962946070755,0.04465750615258404,0.8535775123589856,0.4187842979446461,0.3574070597670079,0.8578870511524254,0.6584291019668546,0.6685242240416922,0.5907623812228089,0.71040288634997,0.6285556974741906,0.4346240972115238,0.5411778668996401,0.2700774460859188,0.09105791869155666,0.6799912364752946,0.8364679512675719,0.23867431703348463,0.16902435447238207,0.6855943963933973,0.26945661373136254,0.7399460632994835,0.6762219056318919,0.8428057711736225,0.8384979863256543,0.6325445515629564,0.575033629300933,0.5435254427404775,0.2641845140898159,0.5644437014197521,0.08992024294980855,0.8526854586827528,0.8542960064183274,0.041070389761489245,0.8057094788176059,0.7082406071012903,0.42168808342871056,0.7336542355396685,0.3433796155076124,0.5667204153978571,0.5580505654400857,0.08990176158857169,0.4814316081427007,0.4726861176106062,0.2217231500047476,0.3463941288610006
0.2737359323820878,0.9395659751511027,0.9314082979152674,0.06721698113207542,0.8047566262839942,0.6732983627027279,0.4071465613707427,0.938399196726877,0.8136852051115608,0.664977791766906,0.5262390172421633,0.8717979555021047,0.5250857372305113,0.26694277085574186,0.6336642317582508,0.22451240212153456,0.13644814525902893,0.6433355492647638,0.7750628442033054,0.2582855185407211,0.08280338572762583,0.58371346237705,0.36472945143907337,0.7036012854956073,0.570722447227996,0.6458703437600912,0.6387602367486245,0.5250365176745545,0.5641137988500717,0.4637329087237366,0.3418051960342548,0.36253931935195277,0.0390921450893178,0.8233677026297326,0.83843936567303,0.11646305991855728,0.9986660525242868,0.4408643406379023,0.41788600208748927,0.8073985910653647,0.4182705595364512,0.5415533053285413,0.5276887560494951,0.10301418068327016,0.29090830555526126,0.36205462962614277,0.3624280429229908,0.33801346062099713
0.4782678618173154,0.5762024297118289,0.584442902521225,0.1376640689089417,0.45073671134531923,0.36239243672589827,0.29994566218816976,0.5092226619250438,0.6991829115577085,0.8095831078185582,0.7116584266927275,0.8552615754660253,0.569979349328886,0.48635158752477264,0.4321162685916921,0.3473038208917269,0.29257589029277037,0.5763517642084699,0.6128571980557793,0.3616511090177272,0.13685991390067875,0.38459748575133057,0.30738662905605324,0.38156241799621027,0.605930182913311,0.7182537570461086,0.7117714324698207,0.1618755477651183,0.29845425074397575,0.604567663069673,0.2651184977743892,0.42036748129616996,0.42996360214869095,0.735480425095529,0.7040343568308327,0.2946771378708551,0.24940658004930816,0.7188656744669439,0.4989505153758923,0.4781366756095946,0.3334203640552352,0.6855748487648127,0.6716338493322769,0.16011394817871433,0.8129155771003207,0.4685694630070842,0.29137483209528536,0.5149440794459723
0.19911978580485357,0.7066279985991293,0.8486218998081629,0.04988720262510249,0.7415218576701612,0.595175105103326,0.292089026107358,0.8248504761204449,0.7560245903642333,0.8755231944920092,0.7599966746877762,0.8334335538184006,0.5796781950264017,0.4430021232720925,0.4442622089244321,0.3589638368264505,0.13034905515634837,0.641481850960183,0.7785213913950799,0.2880876937569582,0.14581904429307715,0.35554411475147246,0.26289885437797805,0.6490960587069201,0.6610697647951447,0.758257579262039,0.7546058454080059,0.597370727432077,0.2971916635313541,0.5073710530850224,0.21458327629099377,0.46417247241310255,0.2153590653130426,0.7678776381345251,0.7539747502429504,0.19872018615474113,0.4907704340413066,0.6089475342461149,0.44356161854774884,0.5598839917766826,0.24240940725780324,0.768743242473248,0.7592457111841229,0.17360340168827634,1.0,0.6448707374888145,0.2374904899498174,0.6512245606950089
0.21302018226234665,0.5879677989533426,0.7821040228568239,0.044760049220672615,0.5680103225979095,0.33225218428498915,0.25316971164592755,0.7752725892598528,0.6766868330845022,0.6284006515929318,0.5436640700571416,0.6717378232110643,0.45579543676757434,0.32844196211484106,0.4186995136175372,0.24503281098747456,0.16029631133548278,0.6663688195115802,0.7735716140006887,0.3473494904513146,0.16465119447462012,0.6939115851941597,0.23605134798826116,0.6267193578402197,0.6318568225464043,0.7169947935077006,0.7121224452191145,0.4788489628980426,0.2766676231502452,0.5443949597268702,0.21211680204263766,0.4174996112046389,0.05797758233651529,0.8500675985830054,0.858447473219019,0.24810936591041302,0.43741688834770887,0.6461188212945125,0.42682808946957984,0.769328719044004,0.39118226628372144,0.633342923109705,0.617276663811404,0.0958924195136256,0.6217459112826363,0.4298705199564346,0.26103178105645364,0.42582771029451505
0.30205090958114245,0.5937633092887558,0.7192417602003142,0.07142124692370797,0.7209955420443048,0.2990468978140968,0.3816252245031282,0.6627552913721663,0.7563751716755728,0.704390139862705,0.5849728301497729,0.812928442573662,0.5436842924631711,0.26302680684461005,0.5469737297863386,0.24321686005748505,0.16097712050826057,0.5919124515139453,0.7196686917799662,0.36554765778881565,0.1450232279543044,0.5877488853667476,0.27176530864834597,0.5552013254730658,0.6652520388357501,0.7237718732285341,0.7211899741861539,0.649780893952673,0.6900426751014843,0.599445177530873,0.25919406250756544,0.42025356896911026,0.08673088438193749,0.8394074591893737,0.842784405020242,0.28792902850494473,0.676352872600527,0.7031523426938509,0.38135193352390095,0.7171725170676662,0.37994855739963773,0.5538427314213381,0.5424165173311245,0.05056450430447623,0.304637390592711,0.35131627246086994,0.2617940091360899,0.32409989699161634
0.28942232557490116,0.6018012490445085,0.7322483370354924,0.04332444626743229,0.7805916826345689,0.42702918324057854,0.4058198241604263,0.7310998551915315,0.7118917451595056,0.6458871963265668,0.5442566904822563,0.6285628382441372,0.5696467812073179,0.4699849905312166,0.5736056628855628,0.2484291082658162,0.22105867818914923,0.6453154073222471,0.7143335276220353,0.3500042819217265,0.05221590706183324,0.549717474296732,0.34284791646389523,0.5438014317897093,0.5550912790828451,0.7141794115824105,0.7054326110501468,0.6958808063102541,0.7771078792644689,0.5169219233468869,0.2767446173603585,0.4251853032036401,0.15853565162949773,0.90375685259602,0.8894410158088268,0.18903432228039554,0.773065897754218,0.6965084674594209,0.4061036183858138,0.8290332944262845,0.5265114538534366,0.44534938030574445,0.43007976440942913,0.08753482331748394,0.023004511094454838,0.4567252737993137,0.30871480344880997,0.21369832740388983
0.45782432310548815,0.6370750647258061,0.6313223078326641,0.04029942575881873,0.47789402506390516,0.26075925449726767,0.24947995038259885,0.5149113262841106,0.7463217247926853,0.6129395590014075,0.4973010267738952,0.745399879735418,0.3792463632503773,0.3613476376162048,0.35396552906709006,0.19255086495571422,0.2794890259624464,0.3951350904066855,0.48911415006712233,0.3443093260255203,0.10925087302873016,0.3951150212822531,0.28210520844035636,0.27185282720320564,0.5741159302708372,0.6082526096085905,0.6019010001699927,0.45363716038562657,0.19648469512868638,0.44236804533152985,0.2165153365571021,0.2829354446163913,0.13114815317956202,0.7797747891212328,0.7794254405076633,0.14816753926701567,0.4445211806142287,0.6271163808290561,0.4140021650714527,0.5945409030682745,0.29234658842435574,0.4785011612924619,0.4816513763568257,0.0498942209002744,0.5780688686360408,0.3743093723950422,0.2613772926258982,0.26192836749370635
0.304437197289667,0.6169654676120463,0.7286733546163957,0.03255742411812959,0.5696764463902437,0.5098785371563537,0.25686467130031787,0.6422089909503861,0.632546050512164,0.5453736954562398,0.4910274658836949,0.5933854479855682,0.44023871042892343,0.2301843449775111,0.35015773421290236,0.21476067660022022,0.22173654000982915,0.505347287037892,0.6111840807909027,0.3002483514601353,0.11592410535622368,0.49402157249473894,0.25780395925000205,0.39453510194004593,0.5648330220523623,0.7333219328994623,0.7246653727348509,0.49786736780601804,0.26413974200278256,0.4090011348804243,0.2083418612943862,0.4017820863699423,0.003926063546880576,0.8205369458583608,0.8441954472842645,0.12350203606748107,0.6390745785074261,0.6126983822290155,0.390848038880773,0.719447276161477,0.3043413643595789,0.3927509676430455,0.40102674807948624,0.06070254079302906,0.6374881089030024,0.32788261758508225,0.26480003575704814,0.18386403030371065
0.5249168918221038,0.10697892370063233,0.3870005879864169,0.0784967186218212,0.27687239050049106,0.1204195033282536,0.11475038599140258,0.4512326721489922,0.5506613203350276,0.15612916091832502,0.2947843422844464,0.4899579073962718,0.2819814130538764,0.2537553911874989,0.4017505194713752,0.20761263992992207,0.5342080387508212,0.10796069143150605,0.08693248019705163,0.45816562473237993,0.08428575182380227,0.06076357516622555,0.526727929047949,0.017826092003973393,0.49107703375127854,0.21307217255537358,0.20904980058188138,0.28439964943032425,0.24826145215759182,0.11050579370836966,0.358823717594565,0.04491618645322176,0.47206280372742304,0.08248424325024534,0.07750468645114367,0.11518324607329843,0.09343397369742149,0.08624324286659915,0.4039118707246614,0.007757355866481963,0.5690348718614363,0.15744561659869094,0.15187606433111478,0.09044636685448569,0.009097155814129398,0.18337067727437112,0.1817072185620371,0.03126908789648336
0.47235973809819365,0.04884397036892135,0.4260037182429801,0.02707136997538956,0.3032092360075981,0.046845465958448934,0.10778318080155616,0.5033457650467776,0.6577185076581323,0.07077207502296917,0.16019977577584393,0.51876127480457,0.1324978914917152,0.07697646380381418,0.33664435401681636,0.11176646759403913,0.4993627921337513,0.05426396272123474,0.08838042965602311,0.40087351203220006,0.03006087221753162,0.08287754582365775,0.37989530475407285,0.024922303112269367,0.48899488525827406,0.20277888535072935,0.19883163206392945,0.324715162138475,0.17200148340102075,0.13818342717599197,0.289314719253821,0.040751383198454755,0.46992802197401873,0.07762162705121362,0.07284991836509097,0.09569517161140198,0.11697526239563474,0.01800486368842663,0.31438511622708387,0.006910956884914943,0.5814937149268873,0.1687335476357641,0.1629340459353904,0.1355857648562033,0.14814356063724277,0.3084477103499469,0.2798236311975952,0.03598206907510676
0.9579663575579218,0.21272209960616215,0.06214329613755559,0.514253486464315,0.23320115535695962,0.08662962375910219,0.6115014298638068,0.12441014375247017,0.04563250719404782,0.2364979401976703,0.83356333443003,0.11491280817799165,0.34056930203821667,0.23002149998748594,0.37883132819761195,0.9352198287989435,0.33154069607417375,0.16536240152413717,0.31054938768607854,0.3261539779052839,0.20078841561772154,0.20603021975300312,0.49909352381938327,0.1829390633298738,0.39697446790449586,0.38324424374290794,0.37882611549265943,0.25942156003505695,0.12841888524244308,0.20485359695917288,0.27810935867066766,0.14432505830952397,0.4620538421746701,0.20704985245013993,0.1970166024646651,0.23920884235020357,0.07691103085685339,0.15921713820013533,0.45809379949581863,0.04633026569854157,0.444896309808524,0.3877916141896815,0.37901884788816836,0.1981106386544061,0.20733361460927802,0.39477985478934713,0.2899059901354685,0.19584626367542296
0.870826169652761,0.1396606847831764,0.10668104942107376,0.3874589827727645,0.032800048278971206,0.13669491902289901,0.5258702245035314,0.16680479107260782,0.06968656564208425,0.2337897457729325,0.8080955024560674,0.05267588695129288,0.4175755947477119,0.29794676476455717,0.3863055267990294,0.8891943287757177,0.5867990046120873,0.2034953327559135,0.14971795775293922,0.5397362336216495,0.33370001584213854,0.12355062862243571,0.8037989549461554,0.029303634448899746,0.5701730052111258,0.265652964981994,0.2662506781509733,0.2543382997370727,0.023571948023814016,0.19253658236079094,0.28326113533562686,0.07453996607482208,0.49886874895266403,0.16647808240830753,0.1590342297051432,0.19013961605584642,0.05130598728918573,0.22953569997262155,0.3033932821758406,0.030910084079687983,0.6265444732092996,0.24622772936983572,0.23941858993506648,0.18874761735196166,0.19505035394196527,0.1776697311997025,0.41480095586084653,0.07797710640903252
0.9274362349970893,0.1632543503300859,0.0677888060111616,0.47282608695652173,0.12968089973013078,0.08124760992592395,0.400556390729788,0.13496119504060863,0.024626035137399915,0.301954185545689,0.8741426496496254,0.05345760673481653,0.42015059464882354,0.2255068318456721,0.3426896645804276,0.9938699527327173,0.6177545806356093,0.15545616380791305,0.10358821429741405,0.521580885501413,0.11501242314085783,0.17207853350566832,0.7251767497289314,0.016220971643593374,0.5229413295492535,0.37140265905992287,0.3663264414044739,0.2282208588957055,0.048725759070918306,0.16278699936004537,0.28523001285137006,0.134597517728191,0.41605942019482267,0.24516051555430066,0.23629545994151238,0.12737056428155905,0.07664204596639271,0.2532454322978668,0.28042375938847736,0.06752649466141009,0.548065315193901,0.31954221094541635,0.3083834750562511,0.11859826983096293,0.0646937268785201,0.35433903779313725,0.3139520198387631,0.12689625532199383
0.9252855520107754,0.16582743243247433,0.0703097985456489,0.5045118949958982,0.07144915333281115,0.07890337253540564,0.4506646552795738,0.13649632973700224,0.07149413021854822,0.2699046529613052,0.816527062656476,0.1334936861094408,0.3901680585209039,0.2992675072554267,0.3843688960916878,0.8951767357795292,0.7142326641718364,0.1673956123155971,0.15833268125545652,0.6153549713111244,0.2669325219941243,0.3953319650502255,0.5786923311530832,0.04468424380159386,0.4403852866016978,0.3687764421408678,0.3628899631067316,0.18650306748466255,0.025275822169270046,0.1992015179735498,0.3282107038232909,0.13154132058472834,0.5496595950543886,0.20765014967306114,0.20405915247741369,0.2644269924374636,0.15115486302745343,0.2215379467554384,0.343074848873245,0.05261197722593863,0.5945231230480217,0.24360502733158473,0.23540985185347535,0.08051779392974594,0.0669604146870248,0.3085688917919194,0.3479116245772751,0.07451505301936709
0.556640112886776,0.08377747558924997,0.35788012779202133,0.15509639048400325,0.2270441922157119,0.1054315220327128,0.14462797737804858,0.4177980989007296,0.49422924293638343,0.16734392935393994,0.3553441867879756,0.4907997594708359,0.33864397104427885,0.04605671882078932,0.40608725199199985,0.2638341150345359,0.6231600574966107,0.04195689144977316,0.0,0.5029545259912649,0.01945492767605736,0.06424143462168039,0.5975090631330292,0.0,0.42450378743312994,0.11263927356284542,0.11189146016095941,0.16085305287759277,0.04410088736161194,0.08326007174916683,0.25074689745345946,0.014088113635589455,0.46085647381113704,0.06746587059544434,0.06347604714708327,0.08278068644560793,0.02067021401485894,0.06710105989376208,0.27730518019379646,0.005408946494433908,0.6091725744833705,0.1381636254584972,0.1349628091637502,0.1303072830481138,0.031431970438883294,0.17742658181533374,0.16914169903038986,0.025398826536116692
0.6830192660109475,0.15247469457706925,0.26319602828785427,0.28809474979491384,0.2231840559285643,0.06555844049223467,0.2306343368039722,0.30755698529131104,0.3666015864593756,0.346804102983152,0.557696317210677,0.3917017438364402,0.25506243793589867,0.4197722941755039,0.42120010119737644,0.45745124304012985,0.7434413071781025,0.22598028519034982,0.22321702091990228,0.714395820844395,0.05905385646486752,0.5015187259115834,0.4191400244699337,0.0773895593755139,0.457084797457454,0.34424480259290585,0.3383882637476803,0.1284545720128542,0.04983859032145582,0.2270211499165586,0.28286863853090455,0.11452560318313401,0.4820893736384632,0.3238986052740805,0.30901226743721955,0.24915648632926116,0.029398642088448085,0.24566639979366386,0.2844071145917542,0.11172251245597606,0.5524471773692803,0.3114885688743131,0.300558427370366,0.11564483358119858,0.07389853411692826,0.3229279396032595,0.3307162829098414,0.12054893083129564
0.5197109967234631,0.033171900816025335,0.3854304364942141,0.06665299425758817,0.2740732948295157,0.030050214074309856,0.08647136067816338,0.4529422786446288,0.5618791577310704,0.08592597702500787,0.2631272220152933,0.48105832832230916,0.21168059097617162,0.14528705677914117,0.17165091216391315,0.18868795929317705,0.4461160041199212,0.07110602731823373,0.15204072089046844,0.3688875567354629,0.13674135687425903,0.036224643957040614,0.5682907640184774,0.05752955329052578,0.4549443682335557,0.11789188602758943,0.1148794475148539,0.1486415425065732,0.010642055223255953,0.029746357348066244,0.27765217368836476,0.014282420229069587,0.498578674418774,0.05972047394479135,0.05828081339988411,0.11518324607329843,0.03532147077054684,0.09283484088283872,0.35315519656660516,0.004940076435497792,0.5569471542564131,0.07715342584699814,0.07455930841140856,0.0420602836136654,0.050533462038211296,0.04834005544661696,0.376085803023597,0.007822423137141987
0.5450274599871483,0.10116118953032188,0.36949422679984945,0.1134639048400328,0.2612119739469559,0.0524465127447413,0.28932634203963736,0.43046582797277777,0.650200044043683,0.33254745161598087,0.30374489790410436,0.5565844858689116,0.3686848789686184,0.5558061096721584,0.7237813423217045,0.17149082864367643,0.4413384215958827,0.14897001767346657,0.19273872918156798,0.38648625503125805,0.2755836587029828,0.10007384667345809,0.5778646891644761,0.07357434743241553,0.4980582327304891,0.2780481067379078,0.27336891085932025,0.2748466257668712,0.04692924550103711,0.23134211112896536,0.41439919447978557,0.07568723669415003,0.4560276132397834,0.08715228392100716,0.08258858281304515,0.043804537521814985,0.02597998973519522,0.09427085019890111,0.549119543735647,0.008862211352272886,0.6573614405720422,0.21384513277917888,0.21123565491158836,0.21193523386606902,0.05478201023140761,0.18676402196664124,0.3841631450315891,0.06267993949135253
0.48511631624445256,0.07620471534482676,0.4171655646409279,0.039427809680065595,0.2796776408972601,0.05743656392808555,0.12128201890909304,0.4908457560038678,0.8001761747322278,0.2601383856675279,0.13890750192851958,0.7371016235718582,0.30363417674134513,0.20587695235975265,0.7752695164492761,0.06547309849289437,0.505726481978308,0.13658199461153475,0.12913796843125241,0.46955553652479237,0.20678680562873145,0.1769199703863084,0.6134518160087149,0.033676814352831264,0.4556659391874793,0.2919910987553271,0.2867793400225877,0.2698217937481741,0.05242980505542216,0.2269760058120209,0.2548583538527812,0.08286565596315024,0.4882638834852425,0.12446657634372293,0.11825238858434312,0.15986038394415353,0.06001279233941839,0.2104001363038114,0.29232207225474166,0.01740424146227801,0.49705589560597946,0.1469859956204112,0.14594063714579175,0.05971806204310759,0.08507349039135376,0.1724615072230121,0.24463567910263,0.030506807618274123
0.4869784298529397,0.0272363300675324,0.41278724437294934,0.0381972928630025,0.29213236127352316,0.02797144239303756,0.11004656216244371,0.487077484525147,0.6490265311461261,0.05475829949963895,0.16605663440639745,0.517919422730006,0.21956820110362243,0.06489431290560865,0.4001212147025979,0.11679522158803476,0.42340202278309974,0.0423733174697693,0.1701802565445139,0.3208872141817248,0.16013850501227814,0.06514115029676995,0.3765390778039124,0.07210655476031333,0.43329793343407347,0.13474543014389068,0.13262633410303187,0.14691790826760148,0.170979951748957,0.14083839395735762,0.3686888740550859,0.019036267827803016,0.4674165140288372,0.07777434927040927,0.07303719252240543,0.0550610820244328,0.08372260397354653,0.09196466987779559,0.35614925469858155,0.006951275565698023,0.5725537866618735,0.0815678395957844,0.07872926443061384,0.06378165518108125,0.030777251149638862,0.1175763387554497,0.33143933621276417,0.008670765400975444
0.507575554457728,0.040642405372561474,0.3959625602068665,0.06096185397867107,0.3111182804913861,0.022136834531779226,0.11168813086777263,0.4657010930846261,0.6369677254393653,0.04797800609626923,0.17761089576235406,0.501022248947685,0.1759425528913053,0.031030723327586107,0.18210315658481468,0.12514032085024557,0.36008388664663415,0.07715323789519962,0.24964604610996627,0.2918986040935172,0.1261545769814298,0.027806381209741993,0.29350374001565577,0.1346311877387809,0.5096894014531571,0.11993666264233072,0.11865331065956963,0.20391469471224072,0.004249446116053879,0.09918281155775635,0.1949852633526583,0.015599456939203504,0.4788721412282427,0.0714464408300311,0.06708706501887601,0.09781849912739962,0.1403706142567112,0.11952112680254404,0.44836209179362096,0.0059561507268174885,0.5694892585121164,0.08278096779934713,0.07985537244314944,0.055005131857313455,0.021597337534811134,0.11483419123618391,0.20917332225915897,0.008902989715689036
0.5720300483598391,0.13729554124349064,0.35209625709975295,0.15504511894995893,0.3083305301608509,0.22169312154261578,0.35665138365340093,0.4068706567396926,0.5656864237563941,0.13708160904427652,0.2731329417356783,0.5178592904389658,0.21215998296993374,0.08770477699198498,0.2494246705868489,0.1913091453864969,0.38154400536577815,0.2291052041720013,0.29472695159334195,0.3655048385715509,0.31003386581103265,0.17182713176389122,0.5120431874473965,0.14671883536819832,0.3825638633727722,0.18488854030664226,0.18655393439607076,0.10464504820333038,0.03398306184332717,0.16796456410323102,0.23846299592425307,0.03801252452230802,0.5065066060486838,0.15941481659617956,0.15297429390514622,0.19732402559627688,0.06381572820499765,0.1796785426461166,0.2524057040308221,0.028939639680391732,0.5252872480218124,0.0946094175022057,0.09350840629758089,0.05789572903793386,0.023916005093476633,0.10391320594866241,0.2996143046475519,0.012656528591101557
0.6286970511598822,0.16922575770220807,0.3113356523484623,0.17734823625922883,0.1674189202190409,0.2777936963055327,0.29679575711688727,0.3570859064198529,0.5964342352435187,0.24870356238599817,0.29392369855566214,0.5793746241731811,0.23310540345346678,0.34541307309963304,0.3620594328123808,0.18750739216568701,0.43957222801614343,0.4025922326173203,0.38357068107810116,0.4172732722445834,0.4190537260589339,0.1334793281032791,0.4534683180463139,0.17707857734850896,0.5743393836518094,0.44175815170310095,0.43838114120298904,0.48200408997955013,0.012216962566297118,0.20618148539966813,0.1976766296612285,0.1935541814542655,0.433144624889802,0.22569392144685615,0.21627189158648719,0.18528214077952299,0.018134410583775795,0.3485986735444854,0.3271378884071442,0.05624279556164313,0.5965523725220815,0.3222867775394216,0.3112606817840668,0.1453677132862739,0.06604739789588299,0.376864841201089,0.24590302495186855,0.12944359222494378
0.6082655627899002,0.16153920864243804,0.3265436631451918,0.18873051681706318,0.21847624884933267,0.15056959705913875,0.13802238796345,0.37496865044229044,0.40978508751834536,0.24519356890284993,0.4687994239856348,0.44125075165363803,0.3327277650735362,0.3362229311735715,0.510118155492336,0.37352121342918754,0.43744586191796225,0.16533176088819293,0.20586441834490482,0.3962918557848763,0.15264072086533642,0.10138853695014044,0.283266315750754,0.08018925962456946,0.4280519738354041,0.3741448936626217,0.36852205632163204,0.46298568507157456,0.24393814092618515,0.14692335928762382,0.21924339415835553,0.1358108057673445,0.3754772514990564,0.24098315942607132,0.23801125743716334,0.2559918557300756,0.13948909623651604,0.15001485888293833,0.19889252227089488,0.07155009315501404,0.5368366723503197,0.23243959550878707,0.2247057218795923,0.17664062336356592,0.11361027512731836,0.2591564482462376,0.32299894547726804,0.06801423217647995
0.3793304056258159,0.24145099447875976,0.531597456302711,0.04957957342083674,0.2940301229300697,0.30297333536516696,0.2607449227906305,0.6282672023614319,0.5442823761714806,0.44071708736392234,0.46514787135587815,0.67083583884546,0.13107324846348384,0.6593695945742535,0.3700062888923483,0.3004884343470886,0.4994764294524041,0.12065025354170505,0.12336221297503047,0.4511860923182324,0.09285440473166631,0.1233949329134954,0.2919055869710352,0.0334805016601748,0.5305823496603692,0.3774583062202265,0.37263504864641656,0.4992112182296231,0.07102406453724594,0.329269357015816,0.2517442276833418,0.1394074751219604,0.48831578180440494,0.21251445625285717,0.20245668245405798,0.21559045956951714,0.06340103620793244,0.2912984893614829,0.2871801563448154,0.04893883314640471,0.6055774982840978,0.5113934514279705,0.49371817678406676,0.4451100731027838,0.27697399617956053,0.7161246566395405,0.24939319095675208,0.32350460402540093
0.4203111393764625,0.25315681495543835,0.5010533885795149,0.09269893355209188,0.3336361735286216,0.2568125905836056,0.30742527736965886,0.5826711937078164,0.4984178267546161,0.4333724157666007,0.49572971618400535,0.637282020444979,0.21573482619286727,0.9182284553815625,0.35635652373518656,0.3414774345165746,0.5748218238317071,0.2554002945583435,0.20038077441723162,0.5552367902714739,0.2463413892589207,0.12877845777551655,0.6868958278976237,0.04803033720448299,0.6557249552539142,0.5789767419259497,0.5791015322123229,0.9376278118609406,0.04461071555352536,0.3452441874144463,0.2227476558301129,0.33964327573166275,0.3454879004466205,0.5365635725801519,0.5195629869352905,0.5919139034322279,0.1440688846781481,0.7846161350771683,0.2167266004689269,0.31929128561423503,0.35828143626496867,0.43726217705937165,0.4345452582707434,0.29546930311472325,0.14672605461146188,0.3403987207809001,0.18605062562046915,0.264944415864501
0.480340040129841,0.13795118294208153,0.42838223803335745,0.0855721903199343,0.401444004188601,0.08470144773580968,0.3051880766948755,0.5005802817902476,0.45928102382349417,0.3580569546205572,0.4798203614679724,0.5206855081178593,0.1971713914365094,0.42106153758415177,0.5014470716229115,0.3521043983102295,0.6042606305596514,0.1746868612544572,0.12116261049125687,0.5250920613171192,0.11036855636644055,0.1763527986641553,0.6522000017119977,0.02055361246653087,0.32425815502284794,0.4443719234601822,0.4440982392013785,0.45746421267893655,0.3129729194001141,0.24483158790176368,0.26210908760014445,0.20120304325496752,0.4022030323563055,0.40321055140724127,0.38768919414406294,0.2781268179173938,0.3795269168039701,0.8839454184837017,0.3029701101090846,0.17696418927530103,0.5788022485443078,0.3085497990247775,0.29770656163253184,0.2686579669466497,0.07822730761316365,0.3719054444286164,0.2128087374902724,0.11827731663235838
0.4650613915020382,0.035903867554166136,0.43154523451245885,0.024969237079573353,0.30667195787876256,0.028549363074055367,0.09331414149142153,0.5108792013270588,0.7033983100823085,0.07806115413467218,0.11491435954209545,0.5636800962116657,0.22635975198181807,0.07425027162829118,0.45613828308367166,0.08270300716961138,0.5275592925815082,0.05047658130570404,0.05718210089191628,0.4278496189089664,0.02085120785725955,0.05629069139222581,0.5433890757300199,0.013234156514066925,0.4799738606977796,0.1716791263051919,0.16791200866231115,0.13967280163599183,0.23127452489523473,0.1463616591242124,0.2716802779024563,0.029370273329683533,0.4739130714811333,0.07237265435278395,0.06782753357474247,0.0724549156486329,0.14669210295218763,0.10220008066105615,0.357976701043253,0.0060529094248539805,0.5569097189925786,0.09843999101303086,0.09506453930039915,0.08401583544542428,0.06004914314441767,0.17525094973738095,0.36388356035665115,0.012520602653437685
0.44021983838033685,0.0700884752478444,0.45437924947639485,0.01527891714520091,0.29840429458860207,0.09142541445184843,0.08282272722567868,0.5395579107350712,0.7103861803337566,0.11794290951654512,0.12173232812551121,0.5834636199639207,0.15947362495559514,0.07645433929231693,0.21816908503676832,0.0826472736937934,0.5161165924100458,0.0751016267609706,0.08089907506907112,0.4378264965316434,0.0649296003671481,0.08502794704447444,0.3379575566263112,0.019747985783010485,0.4761779811892066,0.2087948119157773,0.20452102226272845,0.3256500146070698,0.03903999312412343,0.0956430694681204,0.2278765109433713,0.04292932311806774,0.46522612693347315,0.0654086144083873,0.061267751619226485,0.0824898196625945,0.0050572818532883534,0.039362896782478174,0.2627274491004855,0.005033582549320154,0.6223775410831767,0.24166258054030276,0.23479184209560783,0.21277308812132134,0.1363671330045348,0.24704206938524156,0.2404669658244104,0.07490836354364228
0.47727318171975414,0.11159617530966864,0.4273707793442488,0.07060090237899919,0.29379234384801023,0.10579373862571592,0.12814821200596238,0.5015754916129611,1.0,0.2881928789478163,0.09369890367038658,0.9647023451593506,0.09792731448391306,0.1649894259073969,0.4993112937456794,0.03083358699548505,0.32243526516008714,0.23738598555100116,0.35447737926951345,0.34786332105849105,0.16995190989697134,0.398574500295941,0.1996740452366725,0.2153213246045069,0.5268669530658877,0.5166735273143448,0.509684264749288,0.5109553023663452,0.28580214604032556,0.262054844959713,0.2392781167173214,0.2572381538581345,0.5104879485330011,0.29999530536261565,0.28717128559806426,0.23551483420593367,0.09714967166345023,0.46344781550939557,0.20162009288258953,0.09744968613628105,0.46969136317858884,0.2864237091943405,0.28051278672256075,0.04115959028926919,0.10707606978409562,0.26181243714430147,0.2348185290135088,0.10817992754929148
0.5686914430020232,0.2142159717285606,0.370773165681446,0.0728568498769483,0.32324006081415635,0.2585655695770762,0.42577620725764864,0.4195515332890015,0.5556081058112535,0.259884905298703,0.33721683102168254,0.5574263379434757,0.2617926314023765,0.20463012989270993,0.3851716580190401,0.2253975306223698,0.4601569541704112,0.08792666504462943,0.1433863298188306,0.377537038622934,0.13602805938728468,0.028773170224406286,0.4097092861264488,0.05012709954847,0.34208303903943493,0.27027240170396605,0.27372320576813286,0.20391469471224072,0.07448132700106824,0.20713019253179277,0.27036989722364646,0.08012409476527196,0.41338712013580753,0.12029868511359604,0.11989548072175343,0.05136707388016287,0.02792475913821227,0.16789229076893292,0.2994999326985444,0.019422016007808546,0.4772971760928132,0.27193754332806996,0.2660913925170675,0.112063006639995,0.09181292076379588,0.2932346543365928,0.3091159087783387,0.0972771392233081
0.6548385678090887,0.12404489719760875,0.2812137801951621,0.20954675963904842,0.08035516339227261,0.12515776602967876,0.44238821611588197,0.32909321610132247,0.3209784967200705,0.14698768989972227,0.526935465617426,0.27961515333734216,0.3364095327156232,0.16878764220597914,0.19522905569333318,0.4668335219737172,0.6149001072035032,0.1644724895889184,0.11184348596561056,0.5736918729125632,0.19956601437444452,0.03404140167772807,0.7060729075557234,0.0182008471769719,0.4843268134835411,0.3295699132010387,0.32393862564907666,0.3291264972246567,0.19681259746326407,0.32998799699639386,0.23323006329830195,0.10516590789374175,0.49350325026076075,0.19097614567547458,0.18208015610255363,0.14991273996509596,0.2060481656676845,0.28959407371201595,0.2695519889686072,0.03993634254472472,0.6390696858644096,0.23577149583960405,0.23032003891596842,0.07301899834523787,0.4598925824633444,0.30122813684089583,0.3451401525030043,0.07285740883225544
0.6074795938675189,0.5291104999758226,0.46957746492134983,0.3851004922067268,0.4235395094879464,0.41858979908922933,0.3836764253255781,0.331229210015496,0.5627836790072731,0.5320377339658714,0.5239084274985666,0.6606133493686109,0.2354343981633888,0.29192624462834366,0.6536458215191496,0.23596227918335194,0.1347910615969904,0.35365751458649375,0.5983613280473434,0.14378693157489086,0.34586787240646016,0.18874448763277507,0.5740787632142865,0.4182939412365073,0.210439069581132,0.7848147056856364,0.7861064949503064,0.184983932223196,0.3853523438586874,0.20239167627110402,0.35271134242702357,0.45287231646600257,0.4912276322331501,0.5579350307892661,0.533450402541038,0.13182082606166373,0.1712869792760065,0.2735083895946797,0.5664042413080557,0.2386820891620079,0.5232418404017692,0.7807267047111,0.7534669244402035,0.0992019438218722,0.5182391110694093,0.28046870598140844,0.44834865162455384,0.545601126790274
0.7446237989133988,0.5416181153589219,0.3858044755566983,0.537274405250205,0.23625715155874427,0.20145296581460867,0.6045329123118346,0.2834317653990082,0.47405216926835914,0.4988889413671962,0.5621091766353514,0.5203848466626578,0.2657597254452341,0.6205445915392926,0.6053324968303684,0.3232388754956064,0.15254596719641123,0.3831950386797601,0.5963164308597121,0.20981416459707125,0.41490375387022194,0.26456165825462113,0.4929191462401945,0.4543767712901359,0.31388567897403474,0.6165231654554171,0.61307728954076,0.23435582822085887,0.13774194552997465,0.2600099110978993,0.2831840528366445,0.3075263274795354,0.4999782489361033,0.3911853947235357,0.3739108323781521,0.04124490983129728,0.0524973294958013,0.20065391065101373,0.5680378839862321,0.13329933313312958,0.7120085390674652,0.6219214655803164,0.6043919559223074,0.2625416308833079,0.4901405967039813,0.35007146093284325,0.34058185821778825,0.401024229200608
0.7208257366055004,0.5291111661106673,0.39355252951628983,0.5049733388022969,0.3161053681934303,0.3883759347064294,0.6281678482584797,0.2872197201504884,0.4922786841875787,0.4220848314193328,0.49285420129459206,0.6579675285628382,0.24739265743231717,0.36789316945267825,0.3266705635906848,0.2710529598621115,0.21714980791420604,0.31632151073724263,0.4982629148089988,0.193542862036482,0.20855512535359927,0.21913124408098444,0.6858782505309489,0.32073234401866557,0.31567649085328814,0.5449134366283988,0.5428988685426497,0.20619339760444053,0.42329287575221036,0.22630218263805174,0.43311812518322357,0.2370037147416998,0.48426238406446487,0.41867208514706256,0.3998761607878458,0.19226294357184406,0.4375255762320296,0.3109014156861444,0.6631772456050485,0.14858063519636122,0.6550428745977446,0.654423789471478,0.6328762444121108,0.3337382962233719,0.4903441601882218,0.319283963024638,0.4327051370504122,0.4247728930927234
0.6812349904531447,0.49877324353679586,0.4024362704275339,0.35495283018867924,0.24920070294247426,0.29005223378413003,0.20689691726458126,0.31708255214169073,0.6490903080473596,0.42735657584323195,0.37906240662894,0.6764882742032472,0.24701880135740356,0.5203914444418545,0.5443242160461509,0.17105410670913102,0.07655448675534554,0.40104505122596573,0.6798373895108787,0.10302303673888846,0.31689895520776923,0.3030786066484545,0.4696015063293728,0.6041119347438352,0.33292720349535776,0.5484583844783876,0.5450422976584415,0.28209173239848084,0.2869307369697873,0.263904751759369,0.33750091524417675,0.2466081349260655,0.4928964122658686,0.4585202265052105,0.4382157353072377,0.08644560791157646,0.14570931979614393,0.5187397431864978,0.6698752798927607,0.18431246715399563,0.767586621575784,0.7151721845700679,0.6972738806027355,0.3463689491213004,0.34962913234832965,0.35382410653856033,0.25385302332341075,0.5431239337731447
0.6136045515876314,0.44242845130868985,0.42067760110562596,0.17432321575061527,0.3336009560391567,0.4156728949660281,0.48961648518163586,0.3423564680239886,0.551668205130142,0.5212953230518844,0.5226883458983995,0.6389055923030668,0.16630553588322583,0.514749090275271,0.6036012424569136,0.26696165661581056,0.161651240195184,0.37983852936255874,0.5857708994945408,0.17328937227027497,0.2778353045934603,0.28276455486167684,0.6167103740355822,0.4328189919116535,0.32307031252480245,0.5085927526389797,0.5068161038317247,0.19287174992696465,0.17926431975297016,0.20630655955916455,0.30628261702581683,0.20963321843632207,0.5065437792495124,0.46504734525302177,0.444848795508173,0.1756544502617801,0.4712437055384554,0.3955800653724593,0.6534429045343697,0.18610164141619123,0.6788115280155536,0.685195266957859,0.6634007841211247,0.25715841729331185,0.20618794047935685,0.42293749559907057,0.3035438908761026,0.47343769265719915
0.6880853723561349,0.4691777913549145,0.38154785146439407,0.38935602953240356,0.32218177305615897,0.37331730352674025,0.6252298194554096,0.2841352224798501,0.41306585303712107,0.40723811622867334,0.5500631983033265,0.512086590499098,0.20595325600602885,0.49536565811405625,0.46547597733676194,0.3268691903544414,0.20126644925050832,0.3969400190616074,0.558491095738518,0.20750192686477695,0.2210181303295508,0.23843698011717557,0.6209660174495413,0.3667028439736531,0.24748761319000182,0.4790311427453016,0.4862719183421534,0.2418054338299737,0.22139843278848798,0.25806370829942327,0.542078018257717,0.19284496583160438,0.5108666589324935,0.43626572199630875,0.41746553659286284,0.08231529959278652,0.37917896098444365,0.355985204337375,0.6410846247479223,0.15817603795483298,0.6578242675341969,0.5919144812730148,0.5728474913648769,0.07287237385056869,0.2772672505138102,0.21724096968526502,0.4975549277706919,0.34022301545806044
0.8050383743536139,0.4982576050009505,0.320582912774934,0.5440422477440525,0.28445487688092846,0.24082802376546755,0.3112048160990264,0.23063593977811359,0.3461711600875844,0.5080657914481704,0.6714490567463329,0.5494888755261575,0.39828063230952104,0.4848704739877805,0.5174459135536476,0.4455268310432014,0.1743965012953933,0.3576620466965799,0.5615761444415901,0.21362507493363025,0.2862854189982531,0.2825203544542493,0.32759871242027955,0.4033804547064003,0.37123671551747844,0.48103647250466974,0.4763915402285453,0.19497516798130293,0.061844361486099286,0.25424985455402893,0.41583286209371656,0.18344879738984168,0.5123954977979297,0.37326053654278635,0.3572763911488342,0.07917393833624198,0.2322448920553296,0.3907106960517795,0.44807920954744784,0.12078578480478074,0.678066488175511,0.534138832487849,0.5183084286742801,0.18992061330931487,0.4804004012253682,0.1857156936337954,0.39415688955470585,0.2910611260305712
0.7590657587002088,0.4838793504514859,0.3417327174139273,0.5536300246103363,0.2762087192321876,0.13346971399717622,0.49493640265937944,0.2401864988919442,0.472017529485668,0.5099546313775438,0.5718810157459593,0.565003006614552,0.2879749165184262,0.5835357553001879,0.701528163372074,0.30861187033704723,0.18348637815495233,0.34275734394504376,0.5448805932273202,0.20441894322171797,0.3557911347389858,0.17692585241594466,0.6589880240391579,0.3642276598607789,0.38352126944878673,0.4254301547094981,0.421045360558419,0.26079462459830555,0.13230375785022383,0.184713932193668,0.3471946973589797,0.13664067397124074,0.49354325564856477,0.39813065136838405,0.3803741127425201,0.06681210005817334,0.0718236393532817,0.15629871326734743,0.7212467998544217,0.12975470832229535,0.679466670486467,0.5710155126404736,0.553760924549546,0.24953394357051592,0.5614487530007857,0.26303375608835317,0.41404805736309186,0.3149269271688007
0.7776663986454732,0.4353958766884625,0.3016008080586443,0.6246410992616899,0.30661062589854055,0.46694652389676694,0.2566620406048557,0.17318862872879826,0.4540070144738183,0.3065151210927927,0.45562490355185553,0.5107636800962118,0.310855928268771,0.15825309944700974,0.32780527504745993,0.2085042641130056,0.14099864790340483,0.4650364762879375,0.653847107984895,0.22120407638948367,0.36064136034083727,0.22773494143186565,0.20136417597732445,0.39356956404454824,0.4388548623611549,0.49796654775181504,0.4904984982286826,0.2938942448144902,0.3561843249078477,0.11686860310390976,0.2103377021945863,0.14894807908140223,0.5877532393463166,0.47166287619068165,0.4571104829600433,0.14764397905759163,0.1591181625782377,0.3503820585993398,0.3210190545929677,0.15556951695228416,0.7555541376097724,0.5671121398905407,0.555258577277401,0.3255063781655182,0.4870860469904443,0.2429639992416916,0.19508062932064726,0.26299147490548863
0.8201580855222939,0.5195782408001577,0.32457253172691747,0.5646021328958162,0.35885382295136503,0.5503650539174408,0.32915825706028173,0.19675877359180713,0.4253302511220594,0.30607817253173075,0.48205735245566655,0.46139506915213474,0.24460874030038102,0.3370393812456726,0.2881558777076513,0.2598055438516331,0.14776169872916933,0.4296584932772136,0.6268074686869624,0.22077588421683655,0.4206449092697952,0.2491147771793848,0.21292841629940198,0.41868837590192043,0.3202777394106199,0.5276693945453999,0.5256779175483832,0.22857142857142856,0.17783558424970966,0.16042486238545076,0.2076581372283281,0.19701154406048577,0.555789242093582,0.4107579331724278,0.39614124821057123,0.24662594531704476,0.06035554258230513,0.16948706396585023,0.5853917318921744,0.1319491273086647,0.7586127750235011,0.5374578740946636,0.5273716197633099,0.2480676986238244,0.47832065394290324,0.2805774344632024,0.26263163333700495,0.26910672148859416
0.6474273957944545,0.43908702146513,0.39467665415911385,0.18283429040196886,0.28595100659637707,0.36868060967738814,0.32508267136778973,0.2530796799765701,0.5169579152620857,0.4256164503440251,0.47544493691853645,0.6487672880336741,0.5016233756475386,0.14688998277311002,0.42163987106582385,0.20567213884828645,0.16056672569484892,0.38055310346654775,0.5871971243506025,0.1831377922411579,0.28323589078572753,0.2112710007010415,0.2732531625991405,0.3529416179007582,0.4841848327280108,0.680134592870665,0.6703046581490751,0.5520888109845165,0.5159458576176141,0.15290177497756774,0.2564299100531347,0.28928408462123034,0.6595668251662655,0.3887058602274728,0.391348187976929,0.15904595695171608,0.11808613628435802,0.35232084750268056,0.3005677914878273,0.12840110769652335,0.7757725050515557,0.7171153059888806,0.6997348518026775,0.31798663622462875,0.4773430996001023,0.3829036603475783,0.26427503680826603,0.4343596800447133
0.6411417321210101,0.4642282835492539,0.41180810799171036,0.4352440525020508,0.29134806799081187,0.3049647343888482,0.24163750204877527,0.2969661876784029,0.455386506946331,0.5259308434423279,0.5964758102292544,0.5628382441371016,0.18785109656036086,0.6171954369483932,0.3811990498804455,0.3153394115894457,0.22274701581327688,0.42554206964657365,0.5570521802821898,0.23387856469983737,0.229816079758381,0.2528687343565349,0.31291379129598734,0.33276393843609986,0.18790434840619774,0.7147609471015635,0.7205159214292145,0.20175284837861523,0.3004422847750987,0.26580090745355667,0.4167717546987252,0.39105580035662957,0.5821734538496388,0.4373928150779765,0.42410301709622633,0.1632344386271088,0.196650500139247,0.23063462700291865,0.3372334620893199,0.15817486713534026,0.5624587789735995,0.7033092143493116,0.6784723460078537,0.15814499067887144,0.2750667273075944,0.3980442459904135,0.4816887548030305,0.44850395583143465
0.7305130990584743,0.5258464345230657,0.38529273000909303,0.4220159967186218,0.3229432113557175,0.518896187821481,0.36467168047708454,0.27620436399302695,0.594190573625715,0.5054883192774577,0.48079933270124064,0.6882742032471437,0.3710651966833786,0.38647421466856474,0.6586066577693384,0.22452359699581034,0.06769460570769809,0.3794612640862668,0.6782003190315157,0.11621135565641866,0.41214239533866304,0.23975432811979144,0.29609188733881964,0.5812082157012262,0.32565297271229016,0.49159118407742175,0.49000127935957355,0.12223196026877006,0.3620338502982907,0.14242708761794728,0.23731953891934587,0.19134542569863044,0.49799050625788877,0.48050965629578857,0.4594015968194403,0.09005235602094236,0.05630606275739555,0.42961645701513074,0.612165495831962,0.1925473727089549,0.5737983262424357,0.6909447741711492,0.6665516736070384,0.3322092122075365,0.884821657895265,0.31972532813561483,0.5205174435699458,0.4626005223710796
0.6299333703687414,0.3864326211849227,0.3827834535942657,0.08628999179655453,0.3155068349886272,0.27874686353138656,0.20563219836840008,0.24063046225832863,0.4487737972601281,0.32952692727707295,0.47286528306008496,0.49200240529164163,0.5450584690651352,0.07989758441890293,0.4072191868215883,0.21681640616051803,0.21915492877155346,0.38069098949813945,0.5325518023519923,0.2200051383060718,0.31023124562016735,0.13635222950009024,0.17763820892240262,0.26959790129252037,0.42303580683283043,0.5379793587296575,0.5303446286589352,0.18171194858311424,0.41664517888863833,0.13571094732888378,0.3065183281962651,0.1739552558099502,0.6333726032946456,0.4677296585808085,0.4594866436054488,0.11285631180919138,0.09137413842372094,0.2870387892560576,0.44060004976142125,0.16111028321861784,0.7393903652087621,0.6683853393591004,0.650603773806194,0.07071489914329407,0.5878173299896243,0.22214111210247448,0.2665329682550435,0.35660776501337715
0.6658163901866053,0.4691541350478921,0.39701945651262227,0.30152789171452005,0.4822207752810525,0.36844631162954883,0.5470299462913014,0.26541732637604515,0.46748591688294994,0.5311906685173499,0.5912765898263019,0.5552615754660253,0.21911477975644547,0.44924403556640546,0.5279566862117676,0.2902161413002877,0.20300034399324907,0.41330361236509633,0.5667795388053469,0.20921469555536532,0.39239300736014704,0.19905508121525442,0.570365052672172,0.33292157969889824,0.28577058559425816,0.5773896155776419,0.5771694297178485,0.13473561203622553,0.2868302354514261,0.22996358830224117,0.27204383353539896,0.2348899554814536,0.5524148897532976,0.4215324034816539,0.4060709746474748,0.18574752763234437,0.13115741301555156,0.15922265571210112,0.5598299092250927,0.13557773786571686,0.7000236460710119,0.7019090553268814,0.6804358320340962,0.2537022684903961,0.5972634976775135,0.44451119748245443,0.3877828392477628,0.4305069372871162
0.6531226388749808,0.43728351552651695,0.3897010064379841,0.03655660377358494,0.34050365286454026,0.33057064904725403,0.2890071451831581,0.24098587415593486,0.4019594143849675,0.37173883294599186,0.538898827440331,0.49837642814191224,0.5696969032395743,0.10977358721564617,0.5091998306550036,0.2645784856025876,0.2090916700851611,0.3677436498664605,0.5342393897693434,0.23362164939624908,0.38364754454025596,0.14971173834961696,0.2828607440318911,0.2804833215633869,0.3948215171737351,0.6508072302528844,0.6425023421589224,0.18352322524101664,0.6862836594205195,0.2048602460770329,0.29027502148379614,0.2587078670245716,0.6862106147902852,0.42951491403547154,0.4340946570180544,0.1417684700407213,0.1342247328124496,0.38707327647479867,0.2852784506845127,0.1535456977623969,0.7106100693210711,0.6813940524111664,0.661304944577533,0.034645273454682546,0.7159418049165254,0.188037182137369,0.2882592430029979,0.3721922707744265
0.5739276184748395,0.3604488266361812,0.4141542554034977,0.0590135356849876,0.3346960077206718,0.18931483583452485,0.427055963758478,0.2692651178583627,0.48515328827477344,0.3995361631567597,0.48356452323111965,0.5071557426337944,0.5729577074620693,0.12669870841713315,0.486124987356311,0.20871000134356224,0.2483909217765463,0.2837724257152001,0.450811290857131,0.23045302731866066,0.2929481402741129,0.08436556780068616,0.5551301698716411,0.21028539948457217,0.39933830659682046,0.639858376799235,0.6315554030196362,0.4716330704060765,0.42006297852365415,0.24785039593761632,0.2879629694458814,0.24600801991205162,0.6298353621414468,0.4518920542486512,0.44417318293875085,0.2076788830715532,0.12509207716003673,0.2807507189198176,0.527011921704202,0.15084761358698584,0.5843092340285869,0.7160608214225731,0.6908294778043511,0.12961605328753067,0.6672019987226014,0.2060101589665945,0.39995409574181817,0.3949408675165642
0.6075747917540207,0.36260389970260537,0.3894099084456518,0.09905660377358488,0.3286658186721376,0.17828820605122792,0.5282308700797598,0.25405405119545055,0.4952327886006671,0.3954767280299744,0.4724576315608392,0.5151533373421527,0.5491753121097385,0.1483075237187541,0.4963787895362002,0.20468838588057342,0.2570399375490311,0.36171939195468794,0.48698846494699555,0.2330649995718079,0.32829605137361373,0.1386784099142158,0.5780834159294113,0.22863415638001153,0.38006715849037415,0.6090926534636765,0.6019407867760803,0.1985392930178206,0.5899749645566897,0.1375739172709826,0.345813135353021,0.2281615831359914,0.5265123075634047,0.49447286418214487,0.47385404326490244,0.12070971495055263,0.17304230525149183,0.2724644217222029,0.4863433845380517,0.16610140919441396,0.7467060225564905,0.6645022886740148,0.6473949872561164,0.23304916109842697,0.6843014136739738,0.23713965731123593,0.3662581013129932,0.35960564401532996
0.7148214230937696,0.5724715831338503,0.4238374420037171,0.4355004101722723,0.31232420347442513,0.44528193950361306,0.3289745248494505,0.3043535451734363,0.5288013171721591,0.4544106350495515,0.4871640286068486,0.668310282621768,0.13927406942258286,0.3976381703922134,0.5061115290327676,0.2538415160109819,0.1233942048850254,0.35803825705921294,0.6118829026467283,0.1359081955981845,0.2427672481355879,0.2617363959693212,0.3463792571550608,0.4800509363417702,0.2936772494864308,0.658441406011397,0.6556187800215202,0.3385042360502483,0.3440493597417689,0.2921548828042434,0.3410473143132086,0.3434334666973905,0.48115022258165574,0.43318886370755094,0.4137528520186836,0.13851076207097146,0.40419778857018307,0.29762523154405984,0.5967610382592632,0.15866081203085375,0.6840890894375599,0.6681182985217835,0.6472241522632913,0.4301124819337677,0.32259908948901594,0.33189142782302605,0.32526100875833536,0.4456280100839697
0.6406525547198778,0.5982936547540153,0.48714788765629596,0.17109310910582437,0.33497904797861966,0.3225769515473319,0.3347641144444366,0.3436745151048031,0.6445608657329644,0.44068277444950804,0.39316876411633395,0.6582681900180397,0.21047970365520513,0.47311810334868687,0.6766338328810982,0.16235826380088958,0.08065919830356905,0.4279172257670011,0.6895959255607739,0.12995632439839006,0.2860142106475567,0.2606633728815985,0.5719090735177876,0.5575801258914872,0.31637692773891296,0.5429700777630936,0.5409432936246468,0.2808647385334502,0.3824359852749746,0.21509710523477105,0.2691200584645691,0.22332930009823418,0.4427745189732215,0.5295551371855713,0.5064437825848029,0.12358929610238509,0.31812007237198014,0.46347556400030543,0.4815054558626766,0.22468184051993625,0.4565217936249854,0.7907070820018927,0.7647780499899235,0.33729917680819427,0.5140574480654252,0.34209519904206637,0.46669935342801655,0.5882256924688034
0.7739778998457615,0.5706048906505852,0.3858631313521909,0.6548400328137818,0.27551229668854665,0.37323909774908637,0.34777059320089404,0.2633314381327628,0.5136359276419648,0.5091178229323251,0.5401202143968399,0.6093205051112448,0.15174016949583846,0.5666990315731405,0.4950960478471715,0.28318820010342416,0.11521837039093069,0.3466821899836012,0.6145982729159642,0.1654534555108333,0.2657172509483455,0.20822534519281927,0.4150280977828265,0.4831004695366487,0.31617451401426583,0.5943459538556249,0.5911982170319456,0.2874087058136138,0.3771078033844913,0.18727281808544086,0.33266222530346146,0.2758542304350581,0.47242417979473733,0.42480224180119436,0.4056646975106183,0.04354275741710292,0.3666566757169103,0.40218450087027063,0.38711169892709046,0.1504108584445278,0.6776748997139938,0.680350640055588,0.6586954675227801,0.3564650928970906,0.3227187775724604,0.31912109314814535,0.32400746803831326,0.45509503107484217
0.7946278941651341,0.5804793814734841,0.3799083884565397,0.6142842493847416,0.266476869311361,0.6532038241097851,0.31156498575979596,0.2402702586669203,0.46561759934338454,0.4595861835424411,0.5404456682906054,0.6230306674684305,0.305428465942182,0.29201649736324353,0.5663145111074115,0.28664708677182715,0.08644426030256813,0.37834283844331174,0.6587804048375401,0.1562901430161857,0.46738455674395873,0.21907378454737808,0.2852959334102238,0.5183993341341135,0.28454746891917904,0.47101066859169083,0.4740348585170072,0.17066900379783814,0.20331341611916226,0.17184853987579093,0.3687069329674572,0.17340429526312925,0.4147574828965487,0.46379887290032007,0.44464089790756633,0.01436881908086099,0.05655276816909913,0.23223948191410376,0.5724050976734334,0.17224169146870003,0.6963668340355817,0.714790221755417,0.692627613554593,0.23353092729519703,0.7319776724220779,0.36248344348691414,0.3779226156476792,0.47802977761724474
0.7327566392214068,0.5606262461634093,0.40511942052818944,0.48661812961443807,0.3349788546918061,0.40292655425826696,0.3178183987313194,0.2851647553428065,0.5346497950598079,0.454772168292748,0.4829841252525759,0.6620565243535779,0.34997695042291493,0.5044493635669236,0.46075100818560116,0.24621685078587932,0.08783600155830446,0.4351244569368989,0.6864881705222552,0.12700179840712517,0.29023762262759717,0.36248138169874183,0.23420048142519956,0.5704930340975868,0.2895903342238169,0.562703922920547,0.5625169984098413,0.17925796085305287,0.3773088404921471,0.24933090548588233,0.3475205537587322,0.25243025489632503,0.4702238429835348,0.46621092076008086,0.4453612332555346,0.13030831878999416,0.4431068967304715,0.4101374398923936,0.5560718004970661,0.1808307134590521,0.7018741234638363,0.6804037946175553,0.659888614829784,0.41264322071175724,0.47085889743287895,0.2761901751122805,0.47804496162466203,0.45821959429987136
0.6606419168656813,0.560255829776946,0.4514331357100139,0.4380639868744872,0.3093416863400609,0.48165212715062133,0.5606879822219497,0.32780026588380545,0.5300230158750913,0.49858860833849306,0.5199637491583922,0.627480457005412,0.333008746644034,0.5261554033535226,0.6044947283360756,0.26290075743249053,0.15786845109051362,0.3705178848659457,0.5843942531695177,0.16862207758842174,0.3486291882592153,0.19846558060553177,0.6208658769147899,0.4183113758293583,0.38371793214377753,0.613766692613928,0.6063941002578912,0.39304703476482616,0.22904911175487622,0.2645139291498371,0.3390257925267045,0.28266274921693535,0.4913673625741121,0.4304421881198639,0.4112801690771606,0.06242001163467134,0.1892314933846781,0.46019488371551326,0.6731629283738612,0.1533415874411771,0.7128459960519526,0.7334237179426195,0.7113339910008109,0.39699629249492063,0.6042848987907457,0.36946876122635963,0.29464917668192503,0.5255718594088512
0.6801359309765305,0.5134588418285421,0.4114237290665422,0.292760459392945,0.3449194439650157,0.24519209189817745,0.606290096701349,0.305348874133615,0.4656858980459642,0.5464420848994019,0.6042506837382181,0.6772098616957306,0.3270654345072566,0.34826977276463916,0.6832068388928217,0.3378462968289644,0.15255582408130408,0.3685632809353425,0.5885107717992348,0.1299991436156548,0.27875256069576493,0.241629600530122,0.6162327659980764,0.43121158574482255,0.2829142735127571,0.6719284331417938,0.6696532103997253,0.18910312591294184,0.24664359205353337,0.300133840225586,0.3633176457633805,0.354140522392308,0.3994163600860169,0.43517600716618676,0.41834207012881297,0.030221058755090152,0.48097894350107784,0.22052460801374274,0.6577947540819042,0.1622501588761998,0.6665774927156706,0.7092365104267033,0.6860346213423759,0.21195618022245033,0.378970503462315,0.2611830238633773,0.5786951162270142,0.49378633952636836
0.7441089863306467,0.541658879319907,0.3861575256412977,0.354747744052502,0.2407911094994217,0.5914962616863997,0.158501208577146,0.24593097346765294,0.5282901838257209,0.5437279055978536,0.5571041687012611,0.535838845460012,0.5504117264233651,0.21316933623017653,0.436320979409316,0.2598364030187834,0.4281043286087651,0.33349885632903814,0.33331236256003144,0.32020210670548943,0.2728519944163111,0.12121921895897309,0.2638665327603585,0.1060050361653602,0.691314014192407,0.33748668923939795,0.3524596471401563,0.49640666082383866,0.17092982801076315,0.2200524218845943,0.22859479564813803,0.098947031494891,0.537862329663711,0.42296966822716536,0.4062842970488124,0.44906922629435714,0.2736049986377184,0.4363309831266404,0.18049135702150035,0.13890035763068678,0.28818365373225713,0.7924714583494421,0.7771579601747225,0.05617812781466666,0.6554134849866756,0.36133913061113154,0.3902332757313785,0.5903414821726451
0.893508147458235,0.6423576444936592,0.3688087910138943,0.8324958982772765,0.2219370382142659,0.23345655668511017,0.1776023587207271,0.22006232270898426,0.5743414508698627,0.4814400980985856,0.4746734515050045,0.5380036079374625,0.4262764294801935,0.3132344879536165,0.40889132862634225,0.22507666629258538,0.523107979047335,0.3016663099078855,0.2573090569959676,0.5605035539950329,0.19486502844847078,0.06598597438975504,0.3391338601952823,0.06152280140224295,0.6919208827615815,0.42479234133830035,0.4347766932990367,0.44256500146070693,0.16076137810845154,0.2391028630667268,0.1983727761568656,0.15662769650231584,0.6434794587648076,0.3178775195046298,0.3237312592809296,0.4928737638161722,0.27526223838632913,0.3808036578226307,0.2356176197144951,0.10670635939537552,0.31979806779131836,0.7782689953184521,0.7609368073405576,0.10169456023124779,0.6545918236405989,0.3934287006543576,0.4628392645345433,0.6110520408413084
0.7621006939167501,0.6631675206759005,0.4551261647862378,0.43493642329778504,0.20999983977201733,0.47672975166726517,0.19200389806649165,0.3016475914529529,0.5686262967673832,0.5313826728966409,0.5194406573905851,0.5694527961515334,0.2746654941278528,0.4700514161168379,0.3392648402994718,0.25233960755219376,0.4567984518597489,0.29660593113582234,0.2858142185076431,0.35428620364819735,0.15368270802729683,0.2332905905215076,0.2376768061716281,0.08709252111788432,0.7441455652456388,0.43522178957054636,0.4530679093364687,0.5556529360210342,0.4822063773723293,0.2971007879517091,0.2981170167254976,0.1768918784239673,0.44905426359179273,0.25959586503058585,0.2477344500443795,0.052239674229203004,0.10399344130614172,0.16515220820778392,0.3517764732910491,0.05721991054007414,0.3170654286691503,0.8307668120786238,0.8111609082105474,0.04750633627280537,0.16297568141130536,0.4242707078766933,0.5170068659824437,0.7004245069518789
0.5177519658311306,0.5365292007917397,0.536104295050439,0.023174733388022922,0.3476189835736436,0.23625156963082034,0.1725555161617962,0.36227387375310177,0.5770481321836386,0.6627667962952091,0.6285240894804941,0.581659651232712,0.6155329936167717,0.35514385274037197,0.43816170493337825,0.2600742624054324,0.38172380415391727,0.3566468224237726,0.3825527675109285,0.310867517341783,0.22272164096604571,0.24329502039433765,0.2257346551397238,0.13339698515762885,0.7136442172080503,0.48482405130392864,0.4950763241686083,0.48995033596260584,0.24672133203791563,0.2253250473770459,0.22231356337756458,0.17260690930148728,0.5495218058469428,0.3889399586940616,0.374849363605574,0.1952879581151832,0.32909701126048296,0.34321681104325347,0.24198118182504968,0.11093498695578503,0.04230562385830727,1.0,0.9999999999999999,0.029157328082780015,0.8449168978077582,0.558418637656525,0.4052921833647391,0.9398075601293705
0.5714655520281328,0.6452896892966318,0.5602861072081681,0.05419401148482364,0.3592322468226212,0.2140191977240125,0.19577594289620437,0.3734305881094456,0.6314710691153758,0.5442940407034279,0.49070983202767565,0.5617558628983764,0.494255583781684,0.3245119791927771,0.4576745878476135,0.19130358357199284,0.4329340474431569,0.2989394898749834,0.302984963313235,0.36319260083925664,0.18112662849337174,0.1787896308752752,0.243454420269133,0.08923823754263097,0.684010267106825,0.4202043151245086,0.4292541007042091,0.4826760151913526,0.41858661218883914,0.20539551676884324,0.2712611241399897,0.13641053488182464,0.535480596222897,0.4137246538043709,0.39730305965841767,0.1624200116346713,0.07722432601657855,0.3681665344515279,0.18944764509295445,0.12910053615553058,0.17002816370945256,0.9428974339303886,0.9311558316718893,0.01772061749858614,0.6205836298857974,0.5647930553139691,0.3682591008681188,0.8332578548705811
0.4704538190734411,0.6672670754968735,0.6397746832135732,0.042196472518457734,0.35933471037344955,0.41903888779595183,0.20914883755443114,0.4389464410401265,0.5364231569927392,0.744079582429071,0.7252301720648056,0.5379434756464222,0.4305951630836854,0.5074668021118237,0.3654488388457685,0.3281285561344884,0.3588603772487224,0.31720260087838703,0.3714170036733945,0.28200736490536954,0.18147219000801199,0.23190402111025887,0.2438941446407411,0.13827351735983645,0.7969974983344932,0.4515889430500329,0.4781309311153208,0.43517382413087935,0.5499821414704352,0.30449851657848687,0.24057514408906255,0.17341679059519705,0.38694664273681123,0.33595697674428643,0.32533042321969635,0.06003490401396158,0.04293794054304248,0.2119391646831767,0.32209073698872337,0.08604344931311017,0.02891988926907596,0.9794251665958398,0.9826920052464203,0.0649755974948158,0.48251080638319055,0.6724852130978702,0.4194630494682944,0.9265050048991681
0.5473354711407845,0.6284174317391884,0.5661497092823067,0.020918785890073788,0.370699817377835,0.25149392890092387,0.19107520946459766,0.378926008600739,0.695469076255826,0.6545215906110602,0.5599470588485786,0.6358989777510523,0.5028043620621662,0.392436267467415,0.47258022799357907,0.20458435626310661,0.3722146773912852,0.254309029019358,0.31862261601185266,0.25931317975507406,0.16055971562273944,0.16060974654329704,0.20061063501202195,0.11268823137833367,0.6725762715262169,0.5209508707023787,0.5245349626270971,0.3333625474729769,0.17832438767619863,0.2238696259215654,0.1913259082536324,0.19435600589329782,0.5098160775134716,0.17162259090493986,0.1648747461329197,0.08397324025596276,0.13572044979482376,0.13126469168912913,0.3188205242357045,0.022996219508961968,0.07920349939426302,0.9260196503662308,0.9262604759689579,0.04463668544856625,0.7630376606366182,0.4747381799214703,0.4312570325118527,0.8322995853889239
0.5637162749072538,0.6589375818649763,0.5735309491538831,0.029788761279737452,0.39994190298822974,0.2723473578039026,0.20937787621810477,0.3947845758528052,0.6899822160219351,0.6798276548854543,0.5869956971111276,0.607095610342754,0.5357941855611503,0.411227163305637,0.467419880904889,0.2288948335658778,0.35096658960978677,0.29382896064715286,0.362272665170977,0.25348976620707375,0.26203065778517426,0.1487206649591315,0.18617104379563937,0.14539957586827468,0.7486870197914373,0.4688304709237105,0.4853552789265212,0.42179374817411625,0.32030055141313546,0.27501462165367985,0.17254138352944967,0.1827029525304595,0.5882056101898291,0.2541536300368732,0.25398763340183905,0.15439208842350202,0.23235573272155793,0.23660901870993517,0.23961791318643086,0.05939158457513674,0.19598531831095617,0.9140964403623518,0.9012481698967447,0.04914015207054734,0.8139765609215318,0.5030668480333992,0.38375616058187434,0.8009767995377497
0.5986551421459085,0.7055301086420935,0.5805598957054183,0.08628999179655453,0.3343547526102329,0.16081114631253574,0.1595950186605698,0.3750522252526591,0.6560161026648449,0.5979180208743963,0.5255530206393993,0.6761274804570054,0.4178485931505185,0.30005482062245903,0.37956346106848904,0.2006931431001212,0.39963683043027093,0.30206355957571457,0.32901568541583615,0.29776483685878224,0.17177176332948857,0.15643133814979654,0.17459903266844617,0.10946783279136904,0.7345561726672265,0.4680131989904424,0.48228285782051195,0.3567046450482033,0.6173977235901027,0.2537760122262205,0.2561085103220271,0.17402574392454717,0.45860054375244746,0.18475093179685864,0.1757465501087834,0.03635834787667247,0.0,0.11082339657545695,0.25349659973591077,0.025885507709205724,0.12190374366726547,0.9263350753135322,0.9211167658296431,0.018307115477262742,0.5374457658069436,0.5814770907238671,0.3600851585291539,0.8255799543139936
0.5454598953961258,0.6084126933540318,0.5558955873524298,0.040401968826907275,0.3975664490928738,0.20118319155309133,0.1971801826283336,0.368456807333259,0.5907426368325341,0.635477527364837,0.5960615926117798,0.544377630787733,0.5839518071014369,0.3618848653475324,0.45165087274809257,0.2442042265817574,0.40811984277797286,0.3497909679493314,0.35914816536627436,0.3343324484028432,0.2513214117092018,0.18272347303687944,0.22529507944870886,0.11654239823416318,0.7211201390389743,0.5275689877138631,0.5369331127446163,0.42968156587788486,0.26542543032505544,0.23570021366864413,0.20645969527271524,0.2043899099632833,0.5940839565919699,0.3829107541691722,0.3743807731647178,0.1497963932518906,0.2476273590172941,0.35755728301978185,0.2717238394721607,0.11539342063628294,0.05603276087842424,0.9587394964199979,0.959788082179281,0.029408684359355702,0.8293547567458504,0.4692449607035288,0.41676542136924677,0.8806700471580371
0.536671888361018,0.5834950497985189,0.54790738374223,0.04035069729286295,0.3605366728091834,0.2362433933845252,0.18944969531111266,0.3790282972440686,0.5865554865821635,0.6593890210273256,0.6200626070224942,0.5350571256764883,0.4473101667600212,0.33376198850535427,0.4056862237034794,0.26522141717103115,0.39937355655459683,0.336053719532857,0.35452615453124076,0.3143786931574891,0.1475037640191883,0.20284100122363252,0.225112464399973,0.12066976116690235,0.7449225157573516,0.5346289761642807,0.54702600440002,0.7405200116856558,0.34732102269143206,0.26369825635699556,0.23205443861363872,0.22033381678736863,0.5288312907628914,0.24004566279076348,0.23164044262475683,0.16276905177428735,0.13520381796373546,0.18495706202534384,0.2882655302287979,0.045376073556795044,0.0,0.9760870684528173,0.9837025777110652,0.02898975723172953,0.6623288056349355,0.633654802905186,0.41098802486915725,0.9633694190669408
0.535052930180942,0.6264161482285938,0.573162884250939,0.02619975389663659,0.32536008789055626,0.2596744244744972,0.17234129237045503,0.3867380308988892,0.6260522689751802,0.6237140176062306,0.5655280015125794,0.5708959711365004,0.418052269438969,0.29472778083411594,0.3646462577254569,0.2235940508168912,0.39521056241683933,0.24905613912087674,0.2955736883515988,0.31163826325254773,0.1679938182739364,0.16934891913381755,0.19851263534851563,0.09596549151297634,0.7924108628095252,0.4646471107534582,0.48927803531972847,0.5955010224948875,0.5016992936404316,0.30469344510339813,0.2174959409483438,0.18264235900934592,0.5584835506234663,0.315064787553577,0.3058993433052634,0.10389761489237927,0.06069244365095505,0.242181664845472,0.23452752488517775,0.07778551608756781,0.11855406754720832,0.9388062052572639,0.9331987100417627,0.020276072977105625,0.4192468648422085,0.5447876398275602,0.3391728247467801,0.8345360023219107
0.7385051041678186,0.5768553374701001,0.41173279656235223,0.5077420016406891,0.2683202552199619,0.33877226347280576,0.14443111152719118,0.2589020581600645,0.5648967740547564,0.6060223876491868,0.585425813833421,0.5242333132892364,0.5852950705536943,0.2062182856350158,0.46473337670201714,0.2619774519097165,0.4655246589283199,0.34153639287256177,0.31818114922013974,0.3753960777596986,0.2364867702337668,0.09245371817896311,0.2642163671824853,0.09015080676840778,0.7310630530257316,0.34948506663466816,0.371194614340736,0.5200408997955009,0.3743108799668844,0.2594671607280402,0.23495354650867586,0.1123603971543133,0.5475160348650545,0.2570164105135576,0.24988380028235146,0.23932518906340894,0.2795238629542209,0.3103091436238447,0.23555900717048872,0.054871563946047114,0.6590921760888016,0.9110927506773165,0.8801526428901527,0.18497727320332633,0.6311008878871314,0.3172045488511339,0.48180872037420863,0.7356504850539924
0.47786098176290914,0.5335997441443059,0.5630308117864422,0.033941755537325674,0.353187696000941,0.3173908735516211,0.21994547535628844,0.3895504427785201,0.5472040478363899,0.6883770208780969,0.6687944630898076,0.5438965724594107,0.569895187047555,0.35365982429623216,0.41984692125756307,0.28940803562182665,0.3533345974664464,0.35528240797043276,0.40251834243718887,0.30144728954354716,0.2523692372698934,0.26929176313937886,0.25673442461658524,0.15269786320363787,0.8182367968409272,0.6127993177713928,0.6323507546438967,0.6302950628104003,0.40233084121721074,0.3218356889117673,0.2441656207564408,0.2846022133507221,0.5576004874319143,0.45278328020197106,0.43622402368243185,0.3589005235602094,0.3389923598290933,0.2936321878078593,0.2599638869845116,0.14938381356833078,0.16732745969035379,0.9741930329333374,0.9609539216601308,0.02188894241846631,0.7836414561837911,0.3653139131626701,0.35466024737015733,0.8489741489934393
0.5393338992775487,0.48803128679454605,0.49644633800020266,0.04547785069729282,0.37537281326684263,0.22993975871873357,0.23041440901890042,0.3360227248073919,0.540302442550825,0.642830933337514,0.6326973929448932,0.5184606133493687,0.5599567282971767,0.363204802611753,0.4232462022420181,0.2730198535778245,0.3581713200328331,0.3660496791989714,0.40666810330307174,0.2638520167851332,0.2654520569420903,0.2553394611453991,0.23519129920433646,0.15291383438578915,0.8010366062455104,0.4681165450626845,0.4941440418608772,0.46170026292725674,0.3350936763297748,0.30367580353952334,0.22505665269039443,0.18143923121772207,0.38890414381563837,0.46791261395429284,0.4503290391380278,0.10157068062827224,0.1948824230807824,0.3980980065570946,0.27159212208199873,0.1586855813148805,0.27408093341697143,0.9519662217383045,0.9300257757038439,0.07155275339854635,0.7860687440431988,0.47463689329653996,0.43944912761090216,0.7793230117961156
0.598507036191101,0.6994635762456292,0.5767600447632617,0.022918375717801476,0.30325715581481444,0.6143675838223649,0.16024736191005923,0.39030507510951623,0.6342422868385376,0.604750850563717,0.54363910257538,0.5497294046903187,0.3617771433991314,0.36967476061318677,0.3573003721359809,0.22438856869317625,0.41896804205219407,0.30837550582006845,0.3197920564391512,0.35531386486255034,0.14161977224835084,0.21503867220475695,0.17861085340894792,0.10425646193338908,0.7979882672152784,0.3842538363613484,0.41714504550698683,0.4368098159509202,0.5370459000147911,0.3280972900085478,0.2555407374620502,0.14776676427306445,0.538863514320521,0.2732930258196842,0.2641768223549429,0.24502617801047116,0.1543266520777026,0.1381785100280216,0.2563389375948216,0.061346722971675566,0.13418662459661324,0.8796996474263215,0.8759832346198473,0.02069500010473177,0.35762852012450236,0.6152528447134124,0.38111473438642796,0.7812856763397168
0.532167511433322,0.5811392680770936,0.5497004971434247,0.05860336341263328,0.472512514165639,0.18940397988832286,0.2415849934494605,0.3698775819864081,0.6275072883775362,0.5886286233284823,0.5327341541179783,0.5662657847263981,0.6247006259206012,0.1428409974860137,0.5282330918661873,0.20476943268141912,0.40304411807643203,0.3664768577775176,0.3755699290480809,0.3857155091204933,0.2463028470418766,0.2385451109855281,0.20182042086923335,0.1254596686159955,0.7670570274546233,0.44952670556920865,0.47051334143968004,0.47595676307332746,0.4808536593778144,0.2787201746909627,0.2201828419312353,0.1651162929159492,0.422643010910294,0.3461864184246468,0.3318769065322052,0.2268179173938336,0.16877602967790026,0.33376699301667684,0.20097243511613538,0.08778425496088017,0.23056898348663718,0.9825471971716031,0.9627609801558021,0.03921157914580761,0.807069172687489,0.4896285390135288,0.343415290674144,0.8532758427351708
0.6259060921917509,0.540382352501732,0.4632201478922934,0.058757178014766154,0.3508593855319036,0.15343729995396196,0.19738147257618255,0.2932470332507852,0.5330044491267114,0.6177504403121936,0.6156348985074975,0.5210463018641011,0.5692184782773002,0.36511081706553555,0.4442231042609492,0.2668944829929873,0.4167579048982044,0.37646128986961086,0.37486884094988915,0.43333047871884905,0.2880639818830037,0.22794155811443417,0.27994437249290516,0.11931508295006656,0.7946770081315195,0.4949266704770465,0.5177896032755883,0.6827344434706397,0.2989411611892623,0.30009638072424183,0.2082457338798891,0.19622163491031827,0.5359967055065865,0.37270954769758197,0.3582689650271563,0.2263525305410122,0.39350039668516723,0.344159397736648,0.217419668465394,0.10099887238830663,0.26655402893221153,0.9404701077657338,0.9196880036991786,0.06373976246831864,0.8293091539343979,0.3204344333860433,0.41560206547027106,0.7642876293519865
0.6837221108376594,0.5288110498902606,0.41781291297158685,0.40407095980311725,0.3167971923999081,0.10825967588624799,0.17231658505644099,0.2692220739608975,0.5426283099535134,0.5506755160072129,0.5529349896073033,0.5119061936259772,0.5327762447286492,0.1300964059112161,0.43780590635366107,0.24550667746959653,0.44727191301982533,0.30079620348024555,0.29509485583979866,0.3367731437869316,0.19573198340359918,0.1834498693831099,0.2497467180953568,0.0825634945979058,0.7264730049483348,0.34301394309246747,0.3643351555019624,0.4299444931346771,0.2718271469497398,0.2478144481726856,0.23366371596611268,0.10528650343523935,0.4809166304977981,0.3554503006916304,0.3392371253488733,0.23574752763234438,0.12122066606742343,0.29882853477537413,0.19508755133976988,0.09355475764176184,0.47645949291070516,0.9113419731851262,0.8803214934386592,0.14287509687689826,0.7081631549161185,0.2899030953678849,0.3938446092610156,0.7151031741072273
0.750756721848244,0.5978330187833947,0.4177407792956767,0.5196369975389663,0.32138615664400544,0.6026095054835664,0.228498546197725,0.2621335339718137,0.5448808035337283,0.5040524811802745,0.513581432894445,0.46867107636800964,0.4974726227860069,0.22039286112717166,0.4403108554472569,0.23694104104351682,0.4960873342362297,0.3354048041280304,0.29824039974256644,0.4784619337158517,0.15302892178897298,0.1382940852141308,0.2726171709048768,0.077068357590793,0.6503092972873343,0.26860726699255866,0.280900078342423,0.34496056091148114,0.21738277095987363,0.1806434162330576,0.29004060262189674,0.06458795982867521,0.5043645540566037,0.3868644288031971,0.3699326319923571,0.162652705061082,0.09195380962340208,0.23556040282624785,0.2656689099187449,0.11612034693869429,0.5666756490094874,0.9181255941296655,0.8857045314193365,0.13011876584068202,0.6945396571969843,0.39325982225950173,0.4173935181549561,0.7525469148879014
0.7208331310802685,0.5915957933390734,0.4320938999373508,0.3735131255127153,0.33852917400093174,0.0656310512958102,0.20435351249056669,0.2649342607623716,0.5488674798208778,0.5928891527942238,0.5842302738376329,0.5472038484666266,0.5256681640788281,0.2426073641555721,0.42642525582922763,0.2586580668171403,0.45895894718393593,0.35461409309784003,0.33271556451611145,0.35843966772287406,0.08669975532874524,0.15962944433919565,0.22832726201565007,0.09506181522935317,0.588927506532225,0.3240641553787651,0.3248377197490388,0.25425065731814195,0.1104100042359096,0.11521431910182739,0.2475134266581389,0.07649897116571278,0.4650558686721393,0.32812285864475893,0.3130127700502763,0.051308900523560186,0.09326865904369991,0.22263200800177585,0.2644899386923242,0.07984327178136637,0.6776878667833085,0.9605434781732777,0.9283109081151291,0.11556104815567333,0.7399668336309675,0.5468858488156579,0.2052368181554559,0.7950823897964664
0.7367477582922919,0.59279139679207,0.42302122497187256,0.32521534044298606,0.31754938960701384,0.07238518602072994,0.2076014656976315,0.2604542697194041,0.4807771880933293,0.586549683196679,0.6248581924242236,0.5651232711966326,0.5642179369121163,0.22415297883162655,0.4062246657567389,0.30693499292356696,0.47181257234714363,0.35654840436457447,0.32785669745404394,0.38425965573349324,0.07804268376436457,0.15904985121692616,0.2596810810457686,0.09157499082376042,0.606328355140316,0.2735871783165824,0.2784095677584781,0.3984808647385334,0.14304169191328808,0.13293752635699077,0.2570482422713295,0.059031186588801576,0.4653516793261582,0.36866641767604946,0.351873989455618,0.17405468295520649,0.08128264447593561,0.21521104579936512,0.23900492872475743,0.10195951850458669,0.6537445019589674,0.9367048678765331,0.9046929676721116,0.13137554722356048,0.7173235183056134,0.5903937685828493,0.17846945687682841,0.7650520460161039
0.7868332629372528,0.6127934271585127,0.4062579196015278,0.4695959803117309,0.2587102755023478,0.3361356306920634,0.16208791643225096,0.23949857321997625,0.5327600128388938,0.5934705961543615,0.5951902932544175,0.6050511124473843,0.5640682856521086,0.18505884891106564,0.43110484636037616,0.27333845499154624,0.4574696002849439,0.3182797470246631,0.30313597086286564,0.4097799092232594,0.1930754259689964,0.11155354076121551,0.21132253660767092,0.08451877348677353,0.6996660971097914,0.24681540759839843,0.2716841763852963,0.3531405200116856,0.28316061455432584,0.2235620908649812,0.2271287779495616,0.06330053962400972,0.4791215601069681,0.30303143444156366,0.28897294032248355,0.08947062245491563,0.24319175326595602,0.34492301332421244,0.23644313785106041,0.06922630259134449,0.6987244957826348,0.8925502784371351,0.8635944131862257,0.28797050753021514,0.6597279929463818,0.45465263450361965,0.1723749402150026,0.6997837996392914
0.6962538332054947,0.5654583848852708,0.4313739723592175,0.30142534864643145,0.29386432660007383,0.1619643955180335,0.16810510307240484,0.28438581368143,0.4955653331875064,0.6040022127968288,0.6288227755517644,0.5542994588093807,0.5117609275537313,0.26815196655405726,0.38991265640607947,0.31266305293264046,0.4226089525189074,0.35006907965791945,0.35000875696908007,0.29039993148925236,0.12876723748299984,0.17190484081534096,0.20393413522362833,0.11668265612820568,0.6089366772873026,0.3126169221715568,0.316125706538006,0.3775635407537248,0.07551242975839431,0.13933385746363644,0.2159798613864457,0.0768914438952118,0.5181712965510207,0.3506245599118374,0.33597015617744724,0.10599185573007561,0.1317446869020579,0.2806214840415513,0.18825121676387452,0.09652244203615966,0.42354385404526473,0.9394031498593612,0.9090704209923964,0.096939737332691,0.7179554919190698,0.4257783372174633,0.387614058482721,0.797591063318732
0.663000419683484,0.5481209095337182,0.44277370131047405,0.20482977850697287,0.3256297728326491,0.10588914318456935,0.18920936036770067,0.2731939953565052,0.5272381370205906,0.6169823876694779,0.6186872359747856,0.5123872519542995,0.6162964539635625,0.25653052563842216,0.447118325946988,0.270211932766057,0.42452393617421097,0.3113481630654878,0.3182711582990957,0.38049156461419886,0.19986923155699798,0.15790873417916468,0.20818159571180658,0.09332106305313365,0.6232800889341141,0.36028552875667613,0.3637527247369836,0.39465381244522346,0.2858416073820755,0.1928511508453312,0.22850951656986151,0.09245486025532579,0.5343292368565251,0.3217972233097329,0.309706895418578,0.18100639906922628,0.2838565023086085,0.33452709118893603,0.21832506729030915,0.07610568382487529,0.4876214962505494,0.9342414311219835,0.9021208744318885,0.16042814352443396,0.7597897265182527,0.3336401302223097,0.37718003225389823,0.7179833789748362
0.6684918678618199,0.2153058515011767,0.2903432889273826,0.2977337981952419,0.21223663428751022,0.17868167341118302,0.16901003273836523,0.2429048231427495,0.6075880792176702,0.4914441561729356,0.4601599287300454,0.526037282020445,0.39236053571894847,0.3020718613292971,0.289078371930908,0.20181344646488553,0.880281455549963,0.4189314342236509,0.4658667225481808,0.8933801490108761,0.6108814182144845,0.7542278121540394,0.4775074271522447,0.22085881391749582,0.27051193976295707,0.2323853368623956,0.251134704492673,0.05965527315220567,0.07696391927301943,0.18470700897935674,0.18683901087449434,0.056794088620786554,0.5971686549945976,0.3807815834403499,0.3728369058349515,0.28720186154741123,0.42143965420855956,0.26912879390934513,0.21031556769040854,0.12841506933182892,0.42901057994336167,0.3527223166305007,0.3471590974717863,0.03498041515678349,0.17875850959059086,0.4206954138422775,0.2043978146488611,0.12624393788313176
0.7175518329019058,0.28271657717921916,0.2737348426155565,0.34280147662018046,0.289005599361586,0.22468268330181113,0.18319392897243775,0.20124022945466113,0.5053495339202868,0.49800783303802537,0.5377140075872445,0.41437161755862906,0.3725286169642766,0.49317458322677343,0.30051737835142267,0.2508265101144096,0.936779108538623,0.4132618360050271,0.505690854102,0.9250663697867604,0.44252198828830164,0.843056381114619,0.3242705863761821,0.2530565608499954,0.26829626375361465,0.29303182348570767,0.3070461415239203,0.16485539000876426,0.11928745978457486,0.22467732666538962,0.14869295144265574,0.07384070686416971,0.5073986746061235,0.4715371416456498,0.4510913913193306,0.36343804537521807,0.3985441822656468,0.34549747697035804,0.14757794375516226,0.16453514207116987,0.4512875051599625,0.4030992494400787,0.3931187576511276,0.17703860413481076,0.28776476228375114,0.18576015668186288,0.20042861401885448,0.1461828412968516
0.6325847124851859,0.19378397486263743,0.3137750948417342,0.22267227235438877,0.2545554171125053,0.16093837113898862,0.12000042780260856,0.30295245311320324,0.6869796395676494,0.5030880373526803,0.42151722848825746,0.6580877931449188,0.22324505733631006,0.5089373585367086,0.27539702669882415,0.18670627854139005,0.8718971844853325,0.4125571497675124,0.45503535740788636,0.8412263423824613,0.27451744014889995,0.8280718991994651,0.2704409587125203,0.23871292288017154,0.2983100634584874,0.21107016119395006,0.2257763539776691,0.037861524978089395,0.04461561446055207,0.1764827444036122,0.1862086437455141,0.051632871157317184,0.519977672171803,0.45766862400624164,0.4383455793892146,0.2154159394997091,0.3320347669278641,0.5910279299696144,0.20789707985738715,0.19198033501281236,0.4388746034120866,0.3375114033415212,0.33179906932855074,0.019815253136716893,0.1221787657926684,0.3246528056915937,0.18682026909239557,0.13049918024482546
0.6033218259342079,0.19125465503448108,0.33702798745907486,0.1863720262510254,0.2683578052439054,0.17992047338403358,0.15548077075459843,0.30523764264405695,0.5309137441214768,0.44688374340744563,0.47995793296357014,0.43379434756464225,0.33284984396557604,0.441695414160232,0.32976291374764916,0.252759807350564,0.8602900913449256,0.4026903514387582,0.4393090973351843,0.8439667722874027,0.3138485433209135,0.7456747539020019,0.3144123996346106,0.2090795075230038,0.24313453643080774,0.2710225343708971,0.2920289732978052,0.07280163599182005,0.015779486227961714,0.20152246486964998,0.20424291449729992,0.08089277721071164,0.47533030831714723,0.46714686869521116,0.4462646340090288,0.15567190226876088,0.3721521586430763,0.5404373743254643,0.20694319943187733,0.18621645736948678,0.4763385438948683,0.39809501291534055,0.38667520379406367,0.07373117446220231,0.11914543612264805,0.5139873875147436,0.1718849038068404,0.16271515753715093
0.5233504925593941,0.19874509340939256,0.40412573762108966,0.0970570139458572,0.34141970028937324,0.19353298537269106,0.21342315238071602,0.3742950631989582,0.5906327353735851,0.4503421044738728,0.43831119950892716,0.5699338544798557,0.33836797605007407,0.3587778419319588,0.35799881415114887,0.21404075832367464,0.8030106111530699,0.4053063591012034,0.40362687853986795,0.7626958979189861,0.2683897303065048,0.5852252628530346,0.3356677329573368,0.16644872802230387,0.28972803508601064,0.24309277525341688,0.25680033851762557,0.03260297984224367,0.09955545929279286,0.21343178681553124,0.2287153379648107,0.0619927138039468,0.4724609959691562,0.5151735566367428,0.4922983649444597,0.20447934845840604,0.3524249517203593,0.49316613149363764,0.16354064880035904,0.22893133369430868,0.4039298599781104,0.40817350287339305,0.4020965457717508,0.04792526340043152,0.2998476248603891,0.25207475655477996,0.22897514385263934,0.1828542903593298
0.5869866370052195,0.20345369240098596,0.35324599316231764,0.17734823625922883,0.33666308129485617,0.041623000557889506,0.21436516871385555,0.2976810205037181,0.4682452904859429,0.40174428083239266,0.49923399035147903,0.3795550210463019,0.35240650115218247,0.26043224445860164,0.20340253690358867,0.26924617897555053,0.7722309755513248,0.3945050157803642,0.3771882301326137,0.7105420912905712,0.5359080244986694,0.4576541058379945,0.5086226232896673,0.13054882881765323,0.22941033191121782,0.2647316164898406,0.2895336775800451,0.0595968448729185,0.16247960601312875,0.16329982415565622,0.16636636637651356,0.0761154181605544,0.5630646590047875,0.48363839990045104,0.46602529685102884,0.10837696335078532,0.4618418349414741,0.3493493987871382,0.19325345389765006,0.1933641342579587,0.44126103280354645,0.3565299483543306,0.3496060460300919,0.02065310739196921,0.1449397172686048,0.41308999949170594,0.18783452678854878,0.12714103661485043
0.5683035886888412,0.20815885756964575,0.36959899050869977,0.20390689089417552,0.2985898831144534,0.18224103064846564,0.1413022387207125,0.26718614047048234,0.632134823086449,0.5347415563824773,0.4818648496547042,0.5760673481659652,0.316729218375647,0.4796415302128047,0.2831542583846006,0.17572371778531165,0.8821586422957096,0.3851379416847112,0.44271242377539943,0.822471525220519,0.22432030961118088,0.6587927671715219,0.23489135559434637,0.17961969566848585,0.273930249328212,0.27585970312359986,0.2900833841467291,0.06631609699094362,0.06089402774466013,0.15501884993632858,0.16435568687735477,0.06260386045603866,0.5499272258290715,0.5283143072441374,0.5075592496147122,0.47632344386271086,0.3292960648181007,0.5606122908818144,0.14692827040742948,0.1971743828229226,0.36716430999520977,0.4446032440597635,0.44039099111842306,0.10117090132171509,0.23481867078032925,0.25214534818652296,0.14062476042571276,0.1775864433142905
0.6193497492750497,0.15478604057378587,0.31608037866454075,0.22267227235438877,0.26507384489775687,0.045309423067016324,0.12756496980227902,0.27795068645034793,0.4794887690753653,0.4206012638993393,0.5023275493729967,0.39362597714972947,0.42980935791673486,0.1824588331928388,0.3166361449842015,0.2736502190878365,0.8268313414600003,0.35931191412098973,0.3828755481867653,0.8104821443864006,0.5500711956390474,0.6236142451426749,0.513597043425578,0.15521259428827283,0.2779467956644911,0.2538322094001879,0.2690203445075553,0.05381244522348816,0.10770384710189182,0.14735451072866917,0.2147219135902383,0.06480946347487843,0.5662246207439381,0.3995832598247548,0.386594912880901,0.2861547411285631,0.40869461963952447,0.20806426345060058,0.21010878095991004,0.1384921967569085,0.4251935558065852,0.36261207093945136,0.35689123497047703,0.06572966632454286,0.11076265735059876,0.4367668991937206,0.16535493381024968,0.1369245848096146
0.6262238304272754,0.1999747862423471,0.3204737527677627,0.23210623461853977,0.2659037517111921,0.20308998865773248,0.1592548759628873,0.28525566175463846,0.4794387681957312,0.31625481851193776,0.4376540533974421,0.3859290438965725,0.3350293109962036,0.31638527843032105,0.2868721158671277,0.24978756073351116,0.8552811338371273,0.40880730328897846,0.44038807791794,0.7804658730838401,0.23735130684937034,0.7264750111864169,0.263216335556939,0.20492580154539336,0.2989441970864042,0.24867959271783563,0.2601867800927071,0.08691206543967278,0.10571056835429582,0.09773180321876263,0.231554467191587,0.06112572855580639,0.52144845650004,0.47690400327347865,0.4568079894979391,0.3082024432809773,0.31077357711917825,0.3648109859556922,0.19057994859900498,0.19359086960474733,0.52456000347827,0.3677101422778365,0.3553346326592549,0.18868477828281774,0.19864312485997837,0.17726674843901288,0.22215078799132787,0.1345094928681972
0.6337940483974182,0.2019993623441438,0.3148351801693583,0.2599466776045939,0.2595871211816235,0.18683625727564565,0.1587953760597764,0.27233878331897876,0.4169161698488435,0.3938991804671813,0.5385850076200897,0.35562236921226703,0.3232198783757298,0.4087174711180364,0.2732616738521342,0.31909136397749793,0.7880851674144356,0.355057183466038,0.3538490256919893,0.7016785133167767,0.1423899033690053,0.5177670858574313,0.24771509121158303,0.12678311828233696,0.2857134393412735,0.33193843730936057,0.3405757837708681,0.0513876716330704,0.02659778950238595,0.1547412500717548,0.20000653746565283,0.09750604575062753,0.5435722240063128,0.4846375439534987,0.4654754673420194,0.14328097731239092,0.3201147300555604,0.5149004019453467,0.18634405217555117,0.19684996917446748,0.49173631482577124,0.37284096874820005,0.36160827346454993,0.12215915041578519,0.17076395199218697,0.35635424138561833,0.17898515970393258,0.1367130487641281
0.5394945453229502,0.22289004430512319,0.3966612681102173,0.1517124692370796,0.33721303640974665,0.21519478762881422,0.2547395077914278,0.38288983505535196,0.47226517211665103,0.3759021810193179,0.47935553878300563,0.38123872519542995,0.3324292419246113,0.4320556265517202,0.31591952555603725,0.2942978828727946,0.7602670191860791,0.39657682562350915,0.3727292428468729,0.7005223944506295,0.23456697553958564,0.48109011563706905,0.3652955839850414,0.1420080185540648,0.26114737406815464,0.2757136247259563,0.2924745166063384,0.06362839614373356,0.1552915002706297,0.16195419681274367,0.25411326685832825,0.0842845374729391,0.5069890013588684,0.535521331413991,0.5123427379873337,0.2209424083769633,0.4102474631845686,0.5969253942911126,0.21817106324247734,0.2605175524183454,0.44825266920388374,0.37085570039412014,0.3626223919291429,0.040175111539347746,0.3125013746047492,0.25670227662592215,0.22758505324466372,0.15412019400875462
0.6322406522556995,0.2137212607125501,0.319142841563672,0.2542555373256768,0.24946819824645225,0.22406666976095707,0.11889321672172143,0.2863160522451123,0.45550025120542004,0.40375143172570016,0.5113394364136404,0.3907396271797956,0.3194718710716138,0.4479647941609154,0.2680391580861382,0.2998434058935537,0.8370087369044357,0.3961589608027997,0.4181029220561928,0.7525049242099855,0.17692524087285372,0.6775408748013462,0.21788808771138996,0.18592216543982582,0.2534823396711403,0.21539043209905356,0.2401686713779262,0.06450482033304117,0.059726538911164695,0.1797576838822612,0.1649052016492133,0.05788213348114554,0.528570984181952,0.47983427514922583,0.45997305347913064,0.20442117510180335,0.3042059283315479,0.5639367971729524,0.18308962474239163,0.1990033360560171,0.49184824069532584,0.39957337413769134,0.3872632043838228,0.20695000104731784,0.15517119949722924,0.41477446251110356,0.1679393710285945,0.16251534422846145
0.6448877721797264,0.2179007695725516,0.31006944659064833,0.3270098441345365,0.3200425622499226,0.09537600672222762,0.24556950433671634,0.28145730811171277,0.6596819446241347,0.5540942044150238,0.4832392069624484,0.6665063138905593,0.2864314705369369,0.5291296229577898,0.3003249238555724,0.21465645266584227,0.902208848394739,0.41598388435477723,0.4801598653989394,0.9469041705917616,0.4392067421394429,0.8845332870138773,0.3763726012678064,0.2597629668658944,0.2615636402627659,0.25272793064848903,0.27145914962888573,0.08609406952965235,0.15412872065655545,0.23546937864718692,0.24953275427010524,0.07074768608161239,0.49114820716522606,0.49199484498258544,0.4702571310698784,0.22102966841186733,0.4228657592144609,0.5064213290994863,0.19734873910068362,0.2092853882388485,0.4014344879936747,0.4041355695177197,0.3985402796961619,0.021009195450451407,0.346658834443322,0.38924569370318474,0.23593747408522267,0.18002846177876963
0.6767487985535439,0.21094575915000854,0.2824821404368436,0.33218826907301063,0.2758457998555049,0.11008481709183347,0.18519414833294656,0.23357608949956166,0.4496548375655339,0.40668034676541337,0.5181919950702577,0.34984966927239936,0.33652705843668235,0.33287797616486203,0.27228845165444804,0.28214762348951433,0.8307011174645382,0.4118456830923891,0.4261576287003003,0.7281836088036311,0.2755075149701095,0.6099531590602146,0.3061345320716321,0.17400384686102524,0.28667567483542344,0.30472773045905555,0.3147328318136149,0.16301489921121823,0.0055066154651362,0.1455500084614763,0.1939995223306667,0.08120878700668338,0.5548494860590815,0.45101320867451594,0.43430655475174607,0.3703315881326352,0.3705943961950475,0.1758818904742209,0.20098077020751093,0.16584506204940525,0.5178035653816621,0.4103307592990325,0.39658109281521836,0.11436710584193881,0.16264652979288102,0.2342614355969567,0.1682445892881712,0.1567403562045299
0.7730021459795702,0.2032339422636799,0.20307616288025734,0.4022764561115668,0.24863521056096394,0.06115016515296279,0.17515976023595453,0.14840548829435973,0.27607453682792027,0.4657487861239778,0.7057617330302632,0.3158749248346362,0.37073679565857387,0.3839591181139975,0.20779460940422353,0.4030457674260818,0.8921897422893315,0.4879648731191745,0.5264614490120852,0.7968228140789586,0.21315462744897734,0.677467352810641,0.21478274642986755,0.22718768433083272,0.29467401276514493,0.2313205293631439,0.24500340462439718,0.0892784107508034,0.017220952352038577,0.09434954254268074,0.18036796336634958,0.04489574468701388,0.4960547265605515,0.4906226156833395,0.469043361759736,0.5323443862710878,0.4198087709151179,0.3436755126611035,0.1721170020485189,0.16460747925857389,0.5485619530508452,0.3759924138178418,0.3628147654202776,0.2090865293982112,0.17830923958268813,0.24689298212906524,0.16777280066520975,0.11325885000966845
0.6861464759214823,0.21588133925340386,0.2763185654398346,0.3812038556193601,0.16146433439637284,0.2566266476719239,0.3013853901522986,0.21458441687319726,0.5881851588553174,0.6166194285487472,0.5806647151125021,0.48550811785929043,0.333651169236827,0.35087449867072723,0.20698766082402661,0.24864564622433272,0.8711386725241951,0.4267568245468935,0.46514054081562545,0.8472210327995204,0.5218029612206736,0.680842362288727,0.3795191966003212,0.2017394363233052,0.31259819530419375,0.2728815655515683,0.28050276776345817,0.07046450482033303,0.2050225824326221,0.15585929566557874,0.21533591267748536,0.060919740459115274,0.6322492071250312,0.41871105442516376,0.4137259932351595,0.4449098312972658,0.33148756597764295,0.3216080193648897,0.1684345470856479,0.14945652077688876,0.39962049134248673,0.43427086877359944,0.427201918158189,0.03049789489118368,0.21174416184560774,0.46225111922086676,0.18948529992888785,0.17778244557234166
0.629824804962385,0.2167156573691661,0.32189689884954276,0.23549015586546346,0.25971972990945763,0.12004165983096289,0.11689370112842531,0.2923391194208257,0.6092461648995167,0.40933561130045354,0.3926810628150257,0.42886349969933857,0.23911859381715608,0.3873453844796556,0.23336886084921477,0.18699875457728732,0.8418058741873709,0.4566813213486222,0.4688975738510104,0.7854757215038108,0.35322369413187354,0.70017164374984,0.3223175875763591,0.22308634583676137,0.2640508015887918,0.23763198690735915,0.2573056467613689,0.08121530820917325,0.09077166539039636,0.2181356575735504,0.2231680695824909,0.06446895552582238,0.5189909548168156,0.4661845358854874,0.44644162651062197,0.24973821989528794,0.3403602851501661,0.3540714522907943,0.20988812161978715,0.18960909395068526,0.5335982646463531,0.31484928178793925,0.3041639243003764,0.04905636664502211,0.04272775377732302,0.1744782471878506,0.16752453794903963,0.10122224715897174
0.6170002030702109,0.20691101712885596,0.32970937761283314,0.25938269073010656,0.3543425042919463,0.15053270513707637,0.320024622687157,0.3487052248300928,0.4867954823602504,0.3877926029086616,0.47450654835045386,0.4526758869512929,0.3111863753057093,0.34439208234061264,0.31290664074762115,0.3132129251454887,0.7937197798691875,0.43274248962103423,0.42098624215693126,0.8246981245182838,0.32797865308870805,0.6398205925224054,0.41006133430968383,0.1997699863104841,0.3023096607082442,0.3424040265702095,0.3481176623444234,0.13239848086473854,0.049418549003096224,0.252695229889707,0.2381950620678147,0.12100047370109296,0.4475529155709209,0.4371086530885809,0.41776371686864416,0.14211751018033736,0.41937594932024214,0.3587452786198724,0.2159721654190356,0.1902809660099289,0.47243406057915593,0.3292178943925942,0.32105496454459437,0.01717601223267215,0.2471470533131658,0.2797939944283047,0.2874193513568286,0.13175280508603754
0.5936061685343943,0.18688272526547967,0.3439666857110928,0.1644278096800656,0.3444648794430472,0.15589590073353066,0.26626468362280187,0.31634886242269794,0.554368827517968,0.5059107263055672,0.5083668648088755,0.4950090198436561,0.36442887898401977,0.442542171199598,0.35265595817522405,0.2618312176582862,0.7951657722372341,0.3954478132458123,0.39090924817672834,0.7682623961633981,0.30323045210723937,0.561981810648664,0.37883642984940935,0.156283935805278,0.33499307660449845,0.305999844193846,0.3089349597650467,0.13251533742331287,0.0482126020402599,0.24357567445167005,0.22793827533070282,0.08247642176585931,0.47731992493017794,0.460580806627478,0.4399797011195439,0.2898196625945317,0.41379036748569364,0.3629984212838881,0.22698997487138742,0.18334099193238412,0.43872794529406545,0.3737876569645129,0.36621826078578357,0.01998282398776735,0.24511033094841977,0.12714674259170972,0.22173164457674488,0.15033601267476698
0.6717768812282378,0.20389310162556493,0.2845710838113953,0.334136587366694,0.2929702546474171,0.12893212034033508,0.21683898603796864,0.26050224263975363,0.39933187145493754,0.483186342989194,0.6106739439851826,0.3321707757065544,0.38396850542557653,0.46030629768538406,0.30389163608510733,0.3860852214199093,0.8337731561651005,0.4604015000638177,0.4669546113696486,0.8295795152864606,0.33248113627512743,0.6763715250444158,0.3030072628797754,0.21841794438817652,0.30563988348122717,0.25873133982110785,0.26835202415949644,0.09453695588664912,0.23088884719886443,0.20872284298931792,0.3461826993508225,0.0656322653095861,0.4768326674858068,0.4609628546708576,0.4403432533489647,0.2357766143106457,0.20995607261713892,0.45582560712357945,0.15699917411957112,0.18363821517674556,0.44553471687555457,0.36756031163758573,0.3597132494900156,0.050480718878951,0.22395853441666205,0.2732192953004871,0.17339856363156084,0.14477376435019906
0.6342127131306848,0.21474615139122305,0.31782381137367044,0.28947908121410987,0.3393919488732374,0.1302862493150926,0.30746923248101254,0.2965884701314198,0.4145405806798562,0.49179344501676747,0.6041001872310842,0.32970535177390264,0.47676039242189805,0.42723895606060636,0.39722603919008803,0.3843513993253049,0.796010306826441,0.4072952796523793,0.4011330012951295,0.7457823070994263,0.3516441474596516,0.5818012387144784,0.43300912200618324,0.16661871135006473,0.2848492798470221,0.3265871868459417,0.3356458564756283,0.14501898919076833,0.044449845550395384,0.25790114646097456,0.2546804145483199,0.10243846848130071,0.5156090681338217,0.48459399045014606,0.46390182567146826,0.14360093077370562,0.46910191164015336,0.35531199870508456,0.2529119910213272,0.20941743701713608,0.45841818527975625,0.3822505148987529,0.3726976971690844,0.044008294757127,0.33100150026072833,0.11310320857063255,0.24649089894470497,0.1580757739176924
0.6071459895810798,0.20692461766667536,0.3377109137773976,0.22277481542247743,0.30443441800022625,0.1583638953086493,0.23451812908556774,0.324559803369489,0.400791638486808,0.45483808237901535,0.5906830794590773,0.3373421527360193,0.44116330603903664,0.3621268976617268,0.369216527592215,0.39260552296151796,0.7775294391055241,0.38550481819236954,0.37254782191616853,0.7025777168793355,0.36719113148105353,0.5347471646631545,0.4594997227360368,0.1472192589679473,0.2761338477265673,0.2786053852007766,0.2922040059474235,0.11311714869997078,0.12344776646325611,0.2241974940072206,0.2887363984574612,0.08270308650889716,0.5152869876234449,0.505084625311614,0.4834952595734143,0.1108784176847004,0.4232712860711749,0.4675514605645994,0.2356387498074698,0.23263531010951288,0.4519576959209521,0.36844535387640864,0.3600275078454448,0.015165162020066625,0.30822194577980333,0.17291202805048264,0.2373731724876681,0.15174810837316335
0.6366292779017868,0.18360218432532138,0.30805177488120705,0.26758613617719434,0.2892652059886667,0.1352120549759653,0.21347732056355379,0.28731857882617307,0.41169870806539977,0.38852935267920624,0.5399701527149785,0.35562236921226703,0.3746235383521569,0.3449977121724306,0.3285226812715327,0.34388204603597045,0.796504973934987,0.4297005208743674,0.4199851394161219,0.7499357711741029,0.30672307607387206,0.5728945746976207,0.3746385221423243,0.17623288463330375,0.24648081663666557,0.3120404784142627,0.328783537689829,0.10575518550978671,0.011447232662439744,0.20818953473556615,0.20422750939095863,0.10111991844986,0.5162051606091735,0.48530231770115206,0.46460449474958315,0.2443280977312391,0.36121424792084855,0.44851160924625344,0.19627471899302976,0.20750961528652556,0.5154012481021824,0.381582644731977,0.36898515389766895,0.10138036488552819,0.21087979202462406,0.212659479544819,0.21720815747847666,0.1506480865913892
0.6254525120532034,0.24215658679453878,0.3326104249736261,0.25143560295324036,0.3194245053684296,0.15378319925333722,0.191430424140229,0.23138947158167808,0.7467598503970014,0.5671624441984028,0.4521352988561316,0.7048707155742634,0.24766826844836792,0.4108460254429684,0.2843169636946611,0.13784812188645604,0.9664125421921907,0.42232002440994654,0.5363561079574408,0.9171876338100539,0.424675604275793,0.8528593132086447,0.2829241739494987,0.26725628142344615,0.20901948436633275,0.31543131237034394,0.33962831431334517,0.07960853052877592,0.10225956496701391,0.16412620695721564,0.1474455986036536,0.08681425177775098,0.5027116840377315,0.5017789943532558,0.4799015901156807,0.6037521815008725,0.347941712733192,0.46654588196504443,0.15831900243332933,0.1723357584751209,0.4174571054490286,0.4995671531885591,0.4876822091873303,0.16264845730085253,0.20848086086557563,0.18978797470229897,0.15629195507343624,0.2085514444256501
0.6388576322228663,0.21291594859815333,0.3135811091473802,0.2815319934372436,0.23219522405762671,0.12989959918455252,0.15122239404218576,0.2852145378460309,0.49691636641011155,0.5160457464933552,0.5577810113158229,0.42369212266987377,0.352601552542938,0.5025151599165859,0.3507385487084651,0.3111143946641573,0.7985275084498493,0.3807077692483749,0.38095789412974207,0.7726299563243983,0.18417308992304351,0.5719422898656296,0.27911322353650714,0.15176846526573903,0.2654375867279394,0.3443826935594423,0.3555579072606706,0.05971370143149282,0.03463257443329415,0.18905545654914438,0.20598689128745556,0.11271837440195481,0.5942980995330864,0.5334313722616858,0.5162489636056287,0.16881908086096567,0.2567965652901594,0.6385116361988743,0.1900152518842407,0.25767550831054475,0.43385114489862503,0.3441335748299879,0.3385562649346133,0.03246685239102662,0.2184207047867618,0.33899174558200074,0.20446645917540868,0.12961080660602523
0.5977456283991347,0.2083270763443542,0.3456973050221142,0.23523379819524198,0.30393591139565196,0.17234844719211995,0.21792973272864474,0.32396813956123555,0.4704221472301921,0.4388228235400902,0.5221642042641764,0.3846662657847264,0.332963180492456,0.3097106571308811,0.33133828350408795,0.31070920821002174,0.7942160937141364,0.3752210988742224,0.37388161858673885,0.7530615740344266,0.2985260885118512,0.5763220998833533,0.37671603151540245,0.15001944466660036,0.2893855294795178,0.3766551122848474,0.3826355888871519,0.11054630441133509,0.05061684512512138,0.1508713311123393,0.21105070707828222,0.12975001371095973,0.5344194506287138,0.4634198295461548,0.44463763783597726,0.17809773123909248,0.35000700914490934,0.4572188268300991,0.2046704160921028,0.19348780983377445,0.461683013605547,0.38871620262645723,0.378639888108789,0.012023208562870508,0.1935342157618328,0.24443761598638034,0.19688014194930828,0.16282266425106534
0.6250936604247281,0.20570140679943963,0.32283580725069316,0.2628178835110746,0.2702520484101081,0.125356119831114,0.1475095909187736,0.2828032539777845,0.3785601517219009,0.4543628497864164,0.6092663433075897,0.3303066746843055,0.32974597953065743,0.4198880582116722,0.25108307128650675,0.38061393039030395,0.8122642217844245,0.39101464838683414,0.39780659508705524,0.7687762267705747,0.26080421107561164,0.5938483420486009,0.25776370399807275,0.1601591257209079,0.3139903039821238,0.25660261389855255,0.2649347370093722,0.1245106631609699,0.2009870160983931,0.1937794305769952,0.2847807842622528,0.06121016703945231,0.4639766256290817,0.43616014264376174,0.4165825857647749,0.2117219313554392,0.14050901797329685,0.34283941125870243,0.15236252120879998,0.15851744983922353,0.4995191555744551,0.3711885832696933,0.359637776376722,0.06843174629773152,0.09384883950363077,0.28881152474735844,0.1386831341826911,0.13671971699453592
0.5760763443318256,0.20620237724134663,0.36279585082358634,0.20380434782608697,0.35075483130752566,0.07378329799777844,0.28460950609206315,0.3453868613117485,0.43641831018393024,0.49296791796779676,0.5873192967668059,0.4018039687312087,0.3590637522955414,0.3823113314604065,0.32350383541412475,0.3681377991659438,0.8010986785247909,0.44843673753712837,0.4381848726466218,0.7603836601866918,0.35466807531187033,0.6008959500147701,0.3987658160632069,0.1940642340103481,0.2809282831536985,0.39407660402922273,0.4004487016922781,0.13999415717207125,0.11444632951094758,0.21851734645475973,0.23826583422350836,0.14360718230399938,0.4422750384908757,0.4872207249873879,0.4659048154193782,0.2224549156486329,0.43604570032111695,0.3458251902717355,0.22182689349526297,0.21326008967128507,0.4510698629718348,0.4184598909645355,0.4077987893980076,0.06560398818625504,0.3182435641416112,0.1940453194697712,0.25081678803522195,0.19110715879603069
0.5601119252260397,0.20845138603339167,0.37634100537828213,0.17878383921246915,0.3564217503971198,0.12609454256042363,0.256022749483255,0.34977193526376305,0.49889391415638046,0.4911605442013852,0.53739210420788,0.4253758268190018,0.4352953693295523,0.34696253614447253,0.41716457367520254,0.3028685060714771,0.832059972279575,0.43286936491831496,0.44372157397253437,0.7958379720818703,0.35553157303807703,0.6795329706447392,0.38146402244495087,0.2048774998528549,0.2690496722537903,0.3823105082570853,0.39089730542558565,0.1270230791703184,0.045201316826294136,0.27564376574892774,0.22329277241717066,0.13514268797932893,0.4655234189284155,0.4977670505050637,0.4756281347165168,0.1635834787667248,0.5033663492345327,0.378229546827908,0.22070119474292454,0.21650615744490903,0.42483607408466195,0.46558611724059173,0.45472014628207635,0.07406631616430326,0.3115444041430154,0.17782357592234962,0.18979376565458717,0.23263287883819772
0.6213905672391161,0.194112369049735,0.32296952307071397,0.2093416735028712,0.3243205453360777,0.168579443824033,0.24517080322272986,0.2959741732912704,0.3978738436549717,0.43865825613025355,0.5827767345733066,0.34107035478051717,0.37949128526166104,0.43568564548749766,0.34706322386913235,0.37039558727414235,0.7792291338191171,0.36953312806910443,0.360292649647928,0.7075447460820417,0.26417796577168606,0.5147631873800477,0.3742806296352419,0.13405302003635106,0.3308616657510403,0.3186470865639147,0.32161334265673625,0.16172947706690036,0.04909414844480209,0.13378650391729044,0.2567913002040783,0.08915360351232646,0.5047086829351322,0.44095346433868476,0.4217190867692371,0.23816172193135543,0.39529527835357037,0.3021967644959871,0.22479129268520087,0.16905265290241817,0.5091414036830548,0.3785124242860062,0.3662632045063409,0.08340839111036637,0.26772242230426774,0.19311298935647075,0.2220596828281289,0.14683290982407296
0.5952355123184662,0.18348990145000985,0.34187400445019306,0.18734618539786707,0.28882163325036864,0.05043945546818218,0.18259934219433893,0.34812579227809537,0.41420768419398335,0.44235212149171915,0.5712441415928688,0.3776307877330127,0.38335040659024994,0.3386245807842807,0.3292381681956797,0.39219555166623576,0.7619757464559991,0.40116604556672014,0.3775198794329413,0.7220604607347778,0.29233710974312194,0.5120043622050148,0.35439879250096906,0.1522527454734081,0.3143554416802996,0.24837632569307078,0.2571500309842325,0.11311714869997078,0.11248164395055257,0.17697153438951707,0.315701473166937,0.06620917940900822,0.5055217736588635,0.4737108656106479,0.4531089635250146,0.27574171029668404,0.15546815579027523,0.35978866310450236,0.18232303262535873,0.21402479770639063,0.4331404178084087,0.34919592299665525,0.3434161163860941,0.09306466140214911,0.2361047688321126,0.36859737048646596,0.19421658288427907,0.14641835654932026
0.6486880977236745,0.1710433755415057,0.29534020551448215,0.2792247744052502,0.2878669624178008,0.12256668988749002,0.2401012279131943,0.2954591851342011,0.4167808179145732,0.4513493156698653,0.5749547518121265,0.397053517739026,0.37667473344395086,0.3859276428943668,0.34105261521605623,0.3840543828611884,0.8074057227339018,0.4201625711817372,0.41837490386529963,0.8077417144814594,0.26653321983496914,0.6459649303170538,0.368720591734248,0.1901940062429142,0.3264492014399738,0.3430910781302319,0.3456940636818594,0.14776511831726555,0.013525798248590404,0.193569396623461,0.3249377865250018,0.10991598013874804,0.4790593880047662,0.428134861610551,0.40888928472145214,0.2171029668411867,0.4046895529749047,0.3774038308389214,0.26235859728899136,0.17042522500596957,0.490450859901724,0.3612924251414681,0.35059809119244956,0.04015416518296644,0.2267251970384058,0.1514094769561986,0.23606538977903077,0.14541899720049384
0.6438692863769644,0.1926085041446349,0.30430520041623094,0.26758613617719434,0.29366861796469423,0.11380122968504638,0.22479538844093894,0.294128712732687,0.36507993676095307,0.41770159901625353,0.5984981377280325,0.35249549007817205,0.3760514857486095,0.32641294664134196,0.31116865602860416,0.4164271101598092,0.794449449025262,0.41850900774592975,0.40951678824418447,0.7325511689646313,0.24524168598602877,0.587339895347603,0.34396528642056506,0.17534299068244977,0.2971512653003645,0.2495196106358084,0.2613006809052024,0.10902716914986854,0.009658306550014872,0.1300119059699539,0.21606368547169053,0.06639965224086886,0.4903025211093714,0.43834065670095007,0.41882675577793155,0.21244909831297265,0.38889220357274046,0.39495325237350626,0.23961274750780348,0.17469046962094203,0.5224022717474943,0.3254097882646615,0.3146809305853574,0.09480320898179764,0.21622948196255737,0.23063583750668848,0.22542890762935094,0.11385449829547681
0.6027916190747715,0.21021546957630685,0.3420775530245804,0.2040094339622641,0.31338577012181307,0.16787973515662208,0.22503270933028474,0.3243258898594441,0.378068869463582,0.4706353054984198,0.6201326862590936,0.3520144317498497,0.4569325160401698,0.4666778150230783,0.3865250515803669,0.41782688636530585,0.7254320202426193,0.38642989081243395,0.3478547204886767,0.6735462875738631,0.24167954059522667,0.3684509248295361,0.40127701060024945,0.11757264603762581,0.32322738336117085,0.30052584385116965,0.30521662943297573,0.12795793163891322,0.02352637403646146,0.1875888844986022,0.28574637026328925,0.08441230816641457,0.5089581271264395,0.45367979100054884,0.43405462758594887,0.2595695171611402,0.30456965345137094,0.36828703785844774,0.20174292899073115,0.18568707089881453,0.44792288710980904,0.3939008533546928,0.384599963024737,0.028570830104103412,0.35250086235586603,0.16504880323376828,0.25482036744839665,0.1707274878306332
0.5863578134535601,0.24096895766749377,0.36361262817174134,0.2926066447908121,0.3118473625816217,0.1382222688731124,0.18140841539984098,0.3155629073229364,0.6107608491177006,0.42240490788816776,0.4017975890963818,0.5009019843656043,0.2157035242184635,0.4642902187651555,0.2351559265545656,0.18304586872034062,0.8512020196633174,0.4056134904657141,0.43511238977462513,0.8700008563843453,0.3536623002627176,0.7012114547612419,0.32571559397753086,0.19729147684833703,0.20236191606528536,0.1991496886240927,0.24112484095938713,0.0565585743499854,0.14447267274206554,0.16985014515922695,0.19899741241289998,0.06224829384397848,0.5132642665891863,0.500078112296316,0.47862519869333464,0.26922629435718437,0.43551428162040073,0.5956106619617725,0.21025315847535964,0.20919260549660906,0.45251070249384684,0.4110606947736266,0.4006300484613069,0.09794516243899375,0.127219619899463,0.4286702568982819,0.1617486796722793,0.17134510571853165
0.6165903825852155,0.24791031875801417,0.341409433621278,0.23415709598031167,0.347377610777258,0.21812280931048192,0.259635004471796,0.2941626267843704,0.38390566288553024,0.37636787389518817,0.5577998797088826,0.3397474443776308,0.38312329894795694,0.4307240096632528,0.3173165061264548,0.34926544501278833,0.798789980747161,0.4165389277614884,0.41036255843606784,0.7350346835659844,0.3061416355341223,0.5516362162422904,0.35801606823839827,0.16265711781392178,0.2515699793427165,0.2687770867310445,0.2881573759999133,0.05387087350277531,0.008691786760545717,0.18577126270646482,0.23176832760653548,0.07630288475647648,0.47442789017501313,0.4857420284522675,0.46408762191789704,0.20651541593949968,0.41475454687591806,0.4622706869596951,0.20306965298682514,0.1961711717804768,0.5159894976692865,0.39135047617688845,0.37836646044261113,0.04985232818751181,0.2188999359961363,0.20819560543558632,0.18512188984518332,0.15057811468624735
0.6114901083744174,0.1898458795564858,0.330030983957739,0.21467391304347822,0.32246241902107925,0.1620314209060444,0.25409326240831,0.3110519224739326,0.40125287316763525,0.4289953250340638,0.573785793289401,0.35027059530968135,0.39989972612476915,0.4369249662206216,0.36412057745027393,0.37288117931463666,0.7942218260243993,0.40896173872030583,0.40147585915364425,0.7516485398646913,0.24403271045084993,0.5763396051192354,0.3443013972732162,0.1662006369422948,0.29574800779690935,0.24657872371269385,0.2588425755392687,0.06713409290096409,0.028293376340663146,0.1712839908389143,0.23843659526048527,0.0639012741948986,0.5012244957435226,0.4668128929456345,0.4463701510114193,0.21404886561954622,0.3494710674713699,0.4067812496216198,0.2090196009375611,0.19367537150334016,0.49939489268999293,0.38894850143129034,0.37670564226468256,0.039044008294757154,0.3237224585933593,0.19834075673420365,0.24163128318068117,0.15940382508707768
0.5757046317621202,0.20162464140863723,0.36200037868689716,0.13961238720262503,0.33432216927128405,0.1813150168881939,0.27345222224642285,0.33637258252950997,0.39821240153489135,0.419276850070764,0.5703810887829521,0.35417919422730015,0.36885607722839475,0.3603000241584699,0.35927760480319554,0.3677516927390365,0.734669229908333,0.43387935031876185,0.39382934340049225,0.6548771088464503,0.3000888004872338,0.3874336026201818,0.4387601582328958,0.1424125064998844,0.2881006592225906,0.30981125748329397,0.31928668678543626,0.10996202161846332,0.012103659785201948,0.18204028363658417,0.3619003750909478,0.0922144495570874,0.49389674675102313,0.4764135609467418,0.4553815911822882,0.25305410122164046,0.3805851218537444,0.36673184919014523,0.25554233479207733,0.19885668034209972,0.5354316568786318,0.4044528507873435,0.3904696876485435,0.07264196393037431,0.20225801493738166,0.20741315876084285,0.2567532794439198,0.16803923319628133
0.5958506757386004,0.21888957868487954,0.34994030988682145,0.20964930270713697,0.28731802551020924,0.1684115585489226,0.18293648131028117,0.3015011107862485,0.31049053301459073,0.43351458202263576,0.6563566476235667,0.33355381840048115,0.37522911272712317,0.5090345049932938,0.26698445537923,0.4379266159276336,0.7434290594358054,0.38684869077532297,0.35615925810644544,0.6806542776398048,0.13131381507270665,0.391137710532853,0.28400579918079777,0.11572450700493012,0.22513599222083086,0.2652469407021734,0.29100804657244406,0.032369266725094936,0.1320125047364403,0.09137906764369325,0.19369203864848922,0.07926101316165843,0.5307871538747366,0.5378666677888986,0.5155492335280826,0.2862710878417684,0.345009288032656,0.5507058233616802,0.18745471854861562,0.23983658356045556,0.5373578533090616,0.4818207185365964,0.46502639289131575,0.1551915544291071,0.3076482932387873,0.31653967821296963,0.207599542533203,0.22324309639561724
0.5904469598525329,0.21434644711466697,0.3531440890172596,0.20744462674323208,0.3041558607680541,0.07225145196651156,0.21740181923374022,0.3517939235240224,0.38520038588789385,0.47302828183203094,0.6156873732862527,0.40228502705953095,0.41352925469073887,0.35595998859202443,0.3816059315229546,0.43150161592585917,0.7571293344724337,0.39117883788360575,0.3665283069685741,0.6872912563158345,0.272723984210518,0.4906339702400384,0.36721655204470766,0.1424751428829801,0.32039635498719654,0.29360677838324,0.2990035240826201,0.12150160677768038,0.1345824625615053,0.168100876887601,0.3253390455770659,0.08537445508797883,0.47272303906580454,0.4630843329784111,0.4423637758516656,0.10968586387434552,0.22355257935927253,0.3338333010210345,0.18662065065699046,0.20132756084504172,0.5019345038617283,0.42127007383410275,0.40766929188379325,0.04007037975744121,0.23777943621368225,0.24926957657206839,0.20526350896898754,0.19740265560440973
0.6096179364984444,0.1845199670421901,0.330335184642335,0.2365668580803938,0.33255359998488243,0.13625974318752904,0.2622072319188969,0.3078895819542051,0.47367348231413914,0.38252731627565684,0.4823068003334277,0.4132892363199039,0.35311626939186785,0.2562595138408058,0.34922244338002495,0.2843961864526295,0.8106547296383824,0.4088424863123858,0.4111197201994282,0.7618823327909566,0.3126152411279496,0.6190628838133059,0.3843614347877583,0.17588560588262514,0.32409995610830894,0.3229680467182786,0.3266126185609629,0.14171779141104296,0.0412476267665709,0.20819919617261173,0.2294441479800525,0.09334193323384485,0.4886403975281247,0.4320534311758916,0.4127706008840055,0.2173938336242001,0.42795910858883623,0.313987770995462,0.22718868490539357,0.16374877840998345,0.5126625746694339,0.3439143581616158,0.3328508395641867,0.05831465616556,0.21843781711589583,0.2438738826804953,0.22703474478777472,0.12299396387428077
0.5819522627068464,0.2291594073258058,0.36390271209564173,0.21734003281378178,0.3222804640497994,0.14877341583976855,0.21656047769706305,0.33921901077213096,0.4100485895147742,0.43179226750446154,0.5680031327697932,0.33361395069152144,0.35184816846247846,0.35684080823199055,0.29922947597107274,0.36509907422378934,0.7818560863251549,0.4160262257841332,0.40049605185660714,0.7194056692643659,0.3172248749029369,0.5385773102741774,0.3433279560482756,0.16145371989350635,0.30441495378994965,0.3518184128693367,0.3568441960721257,0.1132924335378323,0.21621737601402463,0.21056553121969893,0.30422791770888885,0.1128898268725917,0.45948408101410215,0.5058778361388186,0.48345279022038024,0.2451134380453752,0.22828896440804136,0.3035470202636256,0.20533060474394582,0.22640555217717645,0.4857178053284783,0.3647836653677222,0.35420976065737897,0.08839362392911755,0.0979510392855425,0.3309301868661999,0.23380530241988434,0.1417575184087095
0.5302017229388943,0.249656619263954,0.4112293981223666,0.14761074651353567,0.30466533188867606,0.1095286813463261,0.2116257733305818,0.3898743777741752,0.36706141085670707,0.41956292856178184,0.5978510792294989,0.3099218280216477,0.3883095552615857,0.3017505638322769,0.3328838187625097,0.40996064782263364,0.736433408167185,0.37281179555555793,0.3406866791274609,0.6667808512460393,0.21344540696800166,0.4046272453036678,0.33908171250343344,0.11632761703550945,0.26681592386026304,0.2743596767307721,0.2900926154304698,0.07440841367221737,0.16756621743419733,0.24668743820199035,0.32998742311255796,0.0815953679604379,0.48176021182007805,0.5490473083255027,0.524814421395243,0.3195171611401978,0.10925457873621014,0.41666982340540426,0.20195354448803826,0.26951892336155325,0.47756882853980653,0.4451621470590593,0.4317402960313428,0.0263086236149222,0.18643621588262047,0.5098768616948077,0.19686159980255602,0.2121068753435576
0.6614893251709676,0.20178306943286317,0.2923325973387257,0.32808654634946677,0.34933465004719827,0.054988622397750736,0.31932458533849994,0.2818901446575476,0.39165757430560766,0.4468439873964769,0.5932920769724144,0.366446181599519,0.4443511662232871,0.4115298686286138,0.39147488443158174,0.39896543762265585,0.82133877114042,0.46247085801256305,0.4612767861872417,0.7442836344951614,0.32657431351157673,0.6709203945907023,0.3834793147374961,0.22009292398308802,0.27338859970910956,0.2674739095932258,0.2824579640897452,0.056208004674262346,0.19800135583204934,0.17294344349827057,0.30188726574048075,0.07823129814623114,0.5028662934028476,0.4657392546510123,0.44539119303617375,0.42414194299011043,0.5721890017078111,0.4286791326548625,0.28938145837415796,0.1975059073294169,0.516954191507665,0.4277436033713624,0.4133744545504742,0.09731677174755451,0.438953201635193,0.13776268431371533,0.2818567062562662,0.19547365445549653
0.5934845079428553,0.21197813704438256,0.35007720394844377,0.1996000820344544,0.3493542178522185,0.1705783026347357,0.28263014403768577,0.3320162445173739,0.40728322200841793,0.41641033101750663,0.5607380097900697,0.3289236319903789,0.4029005154776618,0.38528241974987654,0.3705741821127675,0.3667846166950475,0.7460093066442883,0.3811716220885632,0.35245513533991174,0.6782135822557164,0.3003378586755284,0.4342180960389199,0.4431516005662269,0.12507297934900807,0.28298841855493245,0.29330327540476075,0.3046429417128895,0.06581945661700261,0.08870530249134456,0.21034057213106752,0.30168986937048614,0.08731103266454038,0.5024906465132445,0.480189180681994,0.4592179267784277,0.20709714950552643,0.3910023812205048,0.4967089402328453,0.22681753923554157,0.20732801584076366,0.4758337458245593,0.38263385131335276,0.37189605922858215,0.02394168534383445,0.35606325166114794,0.16180144489716966,0.25747634198358116,0.158339601071359
0.6232048761265641,0.21038965285661426,0.3255751350851078,0.27471287940935185,0.2980793747295069,0.13908224906040823,0.15590447715600292,0.2294743513345493,0.7605345861718524,0.5627101120532848,0.44186218876037525,0.7312086590499098,0.2362843827307943,0.5324000079223538,0.277604302935307,0.13170549977283352,1.0,0.4139711328602899,0.5601131812965043,0.9853986469127345,0.25475089633159914,0.9322280526984893,0.16991971054147129,0.29997429682737087,0.19012521298260326,0.26514110276424124,0.29977102689578417,0.04379199532573766,0.06427752394130351,0.13020955479642438,0.146388466297269,0.07249712020689542,0.5215112798431195,0.5522184974236841,0.5288484915467248,0.5089586969168121,0.3786445790333045,0.5625563470162,0.14879523513058462,0.20928084018573279,0.40929482776417236,0.47511755445145676,0.46506369145955284,0.2099034372970822,0.15308012298871895,0.2613695510717039,0.1304492617465633,0.19071374041234498
0.6558270331136552,0.1992732830556209,0.29626864524956587,0.25948523379819527,0.33850787513409925,0.10128323329409916,0.30934672823689086,0.30037391842851136,0.5728907225295113,0.37741301626662427,0.39673940450658474,0.5301262778111846,0.26259807457823015,0.34928684586777436,0.25709937726479926,0.2221715270889676,0.8683602797237666,0.36102419365593824,0.4148958929942916,0.8498758242699324,0.4104186750277931,0.8553065451849747,0.42882248870572437,0.22021433825980852,0.311581727825891,0.22877561046812822,0.2393658769639072,0.06631609699094362,0.03595478188061557,0.15242952973419377,0.19879879120111135,0.05858293669344228,0.4956715427493988,0.37244726075780693,0.3558322084297275,0.15066899360093078,0.3985899302754146,0.3742797036247905,0.2595052111828242,0.13276636743009143,0.47123233522516456,0.3281886549981964,0.32016194338157883,0.041557571060514026,0.10966469880817009,0.23475872079895355,0.15003288212170302,0.12547370571104863
0.5441580546162842,0.1962662665683956,0.38653808953943625,0.1562243642329778,0.33640414336104874,0.1363234999140697,0.20050535927887303,0.384907587885122,0.5484076181636487,0.4188996151132146,0.44587224493365496,0.4642212868310283,0.34089183171755943,0.38807807275108963,0.37542013827377957,0.25081443290496636,0.8305199610714766,0.37930708659692025,0.40069638668159846,0.7977220176415175,0.33770526655055655,0.7158213246285168,0.3205945167172801,0.18828213735099592,0.302526479698589,0.2398199563901059,0.2513018924327286,0.05737657026000584,0.19443316977592096,0.1756155725440307,0.3409050778996902,0.06307146683669385,0.4775686593371365,0.5033394831294985,0.48096989050851435,0.2575334496800465,0.2328325777870775,0.5515422339425785,0.19055334027618734,0.23483712273116694,0.4437519525192402,0.37779375942124294,0.36959679907814214,0.09865733855595821,0.18199848296260604,0.24008044974224346,0.1750617656140347,0.1639891251115025
0.5820834214865274,0.22359245723653126,0.36231572797637235,0.24359105824446267,0.2603996152022081,0.15966786643657405,0.09759418796840294,0.2556106280371923,0.5057232670614649,0.5263772830000557,0.5593327773070977,0.4831028262176789,0.2722559217545212,0.5704942353026834,0.20539877643494392,0.24105161611103476,0.9042456829207902,0.4368356458443599,0.4967491274185034,0.8938083411835231,0.19164324834853588,0.7005252495146601,0.17681724877710417,0.2148880784479819,0.18621158999753273,0.32704345937396473,0.35518361922564756,0.11323400525854513,0.16375415768186075,0.1137372577702205,0.18103704201213466,0.09589091918022581,0.5369924934076079,0.5924974462348453,0.5680832376585202,0.4450261780104712,0.42401005594803853,0.5910728500982917,0.14518317917597673,0.24155991928408488,0.4027562458584597,0.42499654524951463,0.4181190801541952,0.2687836450849375,0.1590443411717657,0.2771236344133491,0.11297457607116532,0.15577412432161633
0.5483618402489897,0.22350787606573164,0.389618441365818,0.19175553732567674,0.4275809779690012,0.13406679745717695,0.34385301200194757,0.36132851587408993,0.5373065790247115,0.4180297956677745,0.453924456059421,0.45832832230908005,0.18190904878635786,0.381529394565571,0.36590477429949375,0.24388998822985716,0.8560818105031405,0.4510006403073837,0.47354038109363283,0.7958807912991351,0.4153812937800893,0.7561358828651981,0.41201414318588125,0.23542016513963776,0.2309435744167001,0.3193307340457383,0.33856193024044107,0.060151913526146655,0.5002289281023726,0.1734303967213507,0.35703061295861,0.10810809030463925,0.4675885277026446,0.5428356251067673,0.51882264249936,0.10962769051774285,0.6976209279594909,0.4621086570653353,0.27156666564312837,0.25716439684260195,0.4415223536190419,0.45032593249922326,0.43891087040696386,0.08192119980729354,0.2177434124734459,0.28451833671647236,0.18496790441332966,0.21599995654664672
0.4280056635607733,0.33630190784854624,0.5189947310461311,0.07654840032813773,0.530487800582598,0.13534214748723383,0.34389124932545434,0.4669257344325374,0.7186448868041929,0.7248011267661515,0.6194327686587133,0.7392663860493085,0.3497831924675958,0.45516049951291304,0.4166972549150152,0.2679564191551459,0.6718696868945104,0.6217011332107176,0.5505368534294296,0.8179326881904598,0.3384403452407897,0.5306589183072583,0.391566010548853,0.2308373290920079,0.778174437771039,0.793713370835083,0.800066367978016,0.6377446684195149,0.5070839214557075,0.7316266716826311,0.21146114045135497,0.5205534248763193,0.592308801993399,0.8565985653612711,0.8235146884926952,0.4319953461314717,0.2650151514839894,0.5784541376353587,0.4183609228840496,0.6252060474917849,0.6102728391858218,0.5248498474313956,0.5067865956468687,0.038499403028843165,0.36310961159081256,0.43438750116671815,0.2812289257863633,0.2719900145276384
0.4236951881314194,0.2736899367635782,0.5036812838301675,0.06742206726825262,0.368259235850707,0.20640589618347727,0.2042936570005624,0.44185396116552755,0.6244776791967824,0.7594294706971105,0.6939652406608214,0.7616355983162959,0.30458298765684766,0.5159370226180786,0.27966017142798055,0.325570919663787,0.6872080682423785,0.5742901656223531,0.5087390991859466,0.8713710713368159,0.11377782254456972,0.547104954965916,0.2660268261932355,0.19413164993917156,0.6959267150137628,0.8041554366964523,0.8022112786024644,0.5194274028629856,0.5227457005560262,0.678156177888185,0.19007352286275964,0.49380854181261824,0.4294973687492526,0.8672356520370963,0.8302689936859102,0.24200116346713202,0.16208315838497223,0.7321301534938173,0.1927380084397703,0.6062848113167895,0.5702250297659388,0.5661896850181121,0.5461924722585544,0.04683605286860354,0.22020612729648226,0.5659591467922228,0.18133936070905798,0.30315341223861736
0.470417394438472,0.3728665270157121,0.49858016588707615,0.06911402789171453,0.486115414429496,0.15180800398957647,0.2878818575608813,0.3959965502529983,0.6122707677030186,0.6602241883874133,0.6066302513195502,0.6479254359591101,0.3926520845631155,0.47900175253988647,0.3389368473283724,0.2625885657555184,0.6491876075340655,0.6095691310240071,0.5362068078121116,0.8280380234649312,0.14256265573581117,0.4511664330941379,0.2965822658572126,0.1983339592323824,0.7228930794172429,0.7895476911062991,0.7903356516047356,0.48892784107508036,0.4613014372369399,0.5548743197686485,0.1988481350497231,0.45722650891864347,0.6195335661001595,0.8561189901487889,0.825014187146969,0.4057882489819662,0.19390613260238587,0.47314003429315565,0.36821337824394657,0.5746059288735061,0.5685456316892552,0.4814241072166479,0.46441632066453475,0.024360612471460596,0.32431234325831715,0.5645834704187906,0.19522093207664495,0.20800331112823206
0.45216984738563626,0.33507132092197,0.49952030589790775,0.0915709598031173,0.42232087009687885,0.21740656872099223,0.23563117172992606,0.4274342527771544,0.5487014474586175,0.7209379108037202,0.6972921889773667,0.40673481659651234,0.3794518746642398,0.5664783935630775,0.2950818599831234,0.3519775016862783,0.6587545149805722,0.5667474796405576,0.49689109131061043,0.845080071936285,0.21313357551246806,0.5139566191087471,0.3073162117126061,0.1828719114325672,0.7058710188749033,0.7324840617508475,0.7332028256376483,0.2850131463628396,0.5895237484436283,0.5333988093920498,0.20464362069798767,0.41604649029783036,0.4521949067231137,0.8377773387064602,0.8016624026101901,0.3367073880162885,0.2484158978317432,0.6066678038384564,0.17240244725773515,0.5650696030303946,0.5027899956221638,0.5307391871608939,0.512984891447513,0.04203933725728409,0.31617612738976597,0.3598383518361485,0.20010310816516264,0.26863382405217745
0.5417111036497841,0.33466736729684354,0.4292397605283501,0.1671964725184577,0.45507347220610106,0.13447818160729416,0.30819971843435184,0.35984040975530157,0.7313511260341123,0.6784722556008445,0.5683098274641009,0.8137101623571859,0.5000848502463342,0.4828336459931343,0.46362944914147697,0.22960122200701263,0.695311522503948,0.5668355009120036,0.5034945370099594,0.8606662670206389,0.3359008139137884,0.43461292275828134,0.39258030641356134,0.19426926818545134,0.6356015857455439,0.6123491191362016,0.6099208581225081,0.30002921413964356,0.32947814818535387,0.5019716950762187,0.1413002053219837,0.29028105539987836,0.5072303424591694,0.7989129005243893,0.764669263148552,0.5699243746364164,0.5813974280066487,0.49948712949568996,0.20442212279160082,0.5215166674870377,0.39266526804584057,0.5052892407965666,0.49517745709835875,0.021030141806832686,0.5544562479753707,0.20792429354736458,0.24329676447377668,0.2604800499529857
0.5434983330219701,0.3528173026820689,0.43456959749186835,0.062243642329778526,0.4834459775117508,0.1584151484306464,0.32002772955680103,0.35687634718334965,0.676784378109088,0.6219096428626565,0.5374464683778789,0.6232110643415514,0.3820480774930892,0.5345034050529525,0.37390825218882834,0.22298243426884043,0.7146301571568048,0.5264776229815128,0.4710263006364397,0.8907253575404641,0.2670064202614681,0.3776391050950812,0.3358709315071235,0.17355363468870547,0.6158467525967438,0.6049925755574903,0.6012380066594557,0.4163014899211218,0.28915473473621817,0.44440707196298024,0.18629988774812556,0.2773645806900791,0.6913827294575255,0.788458067780232,0.7682650019968619,0.45535194880744617,0.30685803682206136,0.48082628324446836,0.4111888803402568,0.5384639905938626,0.46902197942041,0.5098784993441998,0.4942883574806234,0.014013112419094698,0.4773151615100402,0.3248660048441485,0.2086447464625245,0.2509652143016805
0.4831269423122486,0.3670132600813741,0.48656480810628827,0.08300861361771941,0.5067491341809711,0.17727456873822342,0.33182355703441396,0.41888687038264943,0.6934013561248269,0.6593281556434366,0.5655425241144938,0.5769092002405292,0.42545344539847924,0.3323675755960036,0.39989479830254215,0.23998886864797012,0.5978802318704434,0.5294757639169466,0.4580174231132996,0.7153378436242186,0.1720709347531964,0.4284818600751818,0.385567436308648,0.1594624895736964,0.5900436763426617,0.7454505135012244,0.7377002924118563,0.1353198948290973,0.18775165506093827,0.44510160676955807,0.2038342942657779,0.4227754912055055,0.5274548443037523,0.7462242061165609,0.7147563228917011,0.5513670738801628,0.2971578493661946,0.5943900618399554,0.17140099667226544,0.46281782251304304,0.4334551418826689,0.5396850342195043,0.5248807458049434,0.013070526381935899,0.6000263219005614,0.35726389329923647,0.21991107379541158,0.2920535261223959
0.5104366279961421,0.3824226449631787,0.4714051171541376,0.09828753076292043,0.548078089826095,0.2059604684064476,0.35129430626163743,0.38859869550645665,0.6030199424829347,0.655387137378687,0.6072253034022742,0.6371617558628984,0.3923301924499994,0.3062518612327922,0.32469194698336756,0.2810102144027697,0.674116689589997,0.5674866349894867,0.49992871569095154,0.8373726128286375,0.3627711146750432,0.4409115402670034,0.39554161343042915,0.18649902978019228,0.5147394159723557,0.6166585204844807,0.6080323618240835,0.22296231375985975,0.2702635984249537,0.44273795661471627,0.1869526891233341,0.2792720032967037,0.5516634755742097,0.8285730545362129,0.7945179930564297,0.6871146015125073,0.4952138899321242,0.4778237012819276,0.41720213788921284,0.558153853785916,0.42690605026462203,0.5134680065241528,0.5002530757281742,0.02312477744496344,0.596032000248824,0.2422252320112748,0.2690406873188468,0.25951780948855435
0.40862472659102256,0.4454885771235664,0.5743242494295404,0.052963494667760375,0.5162333626604411,0.24029570368208053,0.28661481314508747,0.4747322116353019,0.6518819806651187,0.7007364218060022,0.6246952154791111,0.6048707155742634,0.4497653937478755,0.568763757615538,0.40263846040626716,0.2691274384187527,0.5931870911691233,0.5186470321003254,0.4478684986882251,0.6576603579686564,0.15841403027412834,0.42577705438870384,0.3582237422900633,0.14517369129866825,0.5974224847223728,0.6394667803518512,0.6338659054130793,0.37344434706397894,0.330808197874144,0.4442948664010117,0.21153547569364414,0.2982574593206567,0.44995875354272763,0.774385309111551,0.7409277627203033,0.08362420011634672,0.41762306267530225,0.4910042384702632,0.1852936930691707,0.4705634360587537,0.3562954309749934,0.6832823265285939,0.6675436399721011,0.04413397289541485,0.6236792839073996,0.41231794231837887,0.21483857178749216,0.45121720325979264
0.3064698269195837,0.4044052541026679,0.6376107700635866,0.037684577522559465,0.4001346782103521,0.26086719191886365,0.17570364003356181,0.5264814778458544,0.6752494721188801,0.6204306785650083,0.5368008131605824,0.5555021046301865,0.297554452839218,0.4165246594596047,0.3450899273585021,0.20442619458306632,0.6801640485120143,0.5739345737421516,0.5070519416158175,0.8181039650595188,0.2378394443771869,0.5068030479668391,0.27863436169498074,0.17672211895126064,0.6457332937588374,0.616938986877231,0.6152289488851463,0.3264972246567338,0.5589151600805435,0.48002071088496656,0.2428244821506524,0.26905276099105396,0.46301572914501266,0.9118727915698558,0.87260881713741,0.08132635253054099,0.26854096768399366,0.4147922817324157,0.3684536481008184,0.6157791093433708,0.4929175182824732,0.6073776481385724,0.5870845463736272,0.03276010138036489,0.21158010575124175,0.6375136200880429,0.17325509553406726,0.3236548676786148
0.41945046359386606,0.3212851926829955,0.5209725166676017,0.07834290401968819,0.4960903263916985,0.16527658534621043,0.27039345366340267,0.42187217314520964,0.5601939367186536,0.6656350567084908,0.640857699727487,0.4090198436560433,0.3557586328588251,0.3514359529279717,0.2815359324212824,0.29262380819104195,0.6250649806277938,0.5931763576053578,0.5188699890323348,0.8603237132825212,0.2317424464800612,0.45502725927973,0.3416807158705456,0.18285335577810896,0.6108869910134953,0.6304235768338831,0.6258284010106403,0.1841075080338884,0.24613325480279646,0.42460283142058,0.14149613951915344,0.2798531918823769,0.7567446491758527,0.8668738208437796,0.8507950101466916,0.6447934845840605,0.2544883984655515,0.5834163287071771,0.368762012881334,0.6239710920124597,0.49493101409298623,0.5443284518814641,0.5263241377865485,0.07714543055235543,0.4113156702131878,0.36953085061581303,0.2106304828316742,0.26432916661233885
0.5737475952465612,0.44129366992154473,0.4491698072420568,0.21918580803937654,0.4086804496039979,0.22417318124085142,0.31206028636403726,0.3577218325929651,0.5398174487490051,0.6175957884129906,0.6111602960753484,0.5304870715574264,0.4116885240064966,0.2843753020091675,0.36031329060594025,0.3083826964963,0.6818705732264405,0.571880876243333,0.5054452808517663,0.814978162199195,0.3393531130296583,0.4488433780166327,0.38795826257499894,0.1937340819511407,0.4762973001336831,0.5999405278533078,0.5910202848293327,0.29813029506281036,0.1397310717029825,0.3861599645421173,0.2747240298272558,0.2670874062664301,0.5383562528267561,0.7648416607296822,0.732982555615886,0.5972658522396741,0.5732547763743552,0.31818202285464475,0.43276295347307314,0.4808249537022624,0.44864190489576056,0.5429404695799458,0.5270865973048388,0.029953289625269663,0.525589097320561,0.2646651525891062,0.2409763197397961,0.28974250297600457
0.3821897112784398,0.40142908792040316,0.5775210140538741,0.08382895816242819,0.46138810802796504,0.2333453288444615,0.2613483563378677,0.5018203315955339,0.4879069062173936,0.7839557292085209,0.7889676635739954,0.3796752856283825,0.3832205814815628,0.6902957793944615,0.36304233267248626,0.43426887864832897,0.6409147398260933,0.5724601738172532,0.5003098305709589,0.7713453798064571,0.23736950986902078,0.509227657509639,0.3459949426416109,0.18381859919058663,0.5215243940173662,0.7209097828386262,0.7111161870503682,0.1033011977797254,0.09993683515382998,0.4791676462242923,0.2863777960036384,0.3806895798571134,0.44435938040855705,0.8132878464073293,0.7782920885242071,0.25666084933100636,0.3567058833600947,0.5939668958935236,0.4839879066680709,0.5328949697551523,0.5394449239465122,0.8096524583131783,0.7811771353854303,0.011059676169330374,0.44206284152888353,0.6293305956803182,0.19111444590539184,0.6185772292212568
0.47798347201761204,0.37004307352923876,0.491672538202386,0.0975697292863002,0.4489247949019113,0.18478340908654334,0.2126183992145482,0.38946793335456054,0.5181508441612483,0.6562651307507599,0.6581557455208553,0.5093205051112447,0.4594635446632821,0.30365346437537594,0.3051449633354054,0.3207175160701591,0.6273274786843177,0.5891187100497566,0.5151352175945194,0.8121092746424596,0.24681275010064466,0.4901241261012401,0.29524444065439576,0.1830385738817442,0.5323171344703492,0.6161917219597102,0.6080310202087962,0.1588080631025416,0.3227207169551325,0.4257891507837576,0.21404698854740306,0.2649340869253021,0.5831208925274417,0.8326977121956672,0.8001258249892886,0.5079697498545666,0.27427638410365995,0.5655569364227238,0.38110191878780564,0.5376265475066858,0.36151615910113594,0.5914423405330144,0.5797516075500674,0.023292348296013926,0.5279913208020532,0.2631883662448998,0.15214592746921085,0.3335396604170062
0.5468424742192647,0.3767867581862323,0.4413459810394281,0.19488310090237898,0.40956903250267235,0.305668894205582,0.2454973239410226,0.35390941462453207,0.5788272546711405,0.6389776477450028,0.6061180842224163,0.5807576668671077,0.4320727255916348,0.4868916614585362,0.3487790508360524,0.2840797700643535,0.6694969210117155,0.5368270535041363,0.4703500379620584,0.7971225485998117,0.25802266087983433,0.4689961841920405,0.291165394989532,0.16429446114896898,0.5146890877457363,0.5837181755740732,0.5755083349179233,0.20607654104586617,0.17041605284607267,0.37224077307833353,0.23816466442963813,0.24722738307668313,0.4587064435508786,0.8264519713278257,0.790748418546081,0.5627108784176846,0.5251908017785335,0.515748935176732,0.16038343572929553,0.542507226506372,0.45402355972257635,0.5463278651489882,0.5300396697081797,0.01156238872248172,0.45096457431204595,0.637007264814513,0.17215596782636738,0.28498527428249176
0.4951930199798723,0.4160828079072306,0.4966092089247302,0.07808654634946674,0.5613954171380916,0.23640754035496883,0.35629794379097957,0.4023703533308969,0.5639508910600268,0.5818184676440932,0.5651111159853699,0.4663860493084787,0.5238297208794767,0.13825281424191857,0.42962831988173084,0.266966105605193,0.6074761307805853,0.5644070034565005,0.49110305026743717,0.7112271987668066,0.2814555769401967,0.4737881614393884,0.4296975790622819,0.17426575665238464,0.5407431349806745,0.5859273056100284,0.5784597929151026,0.18609406952965235,0.3209938792125711,0.41423857609091524,0.22569204200932275,0.2504295056474018,0.6498306431419195,0.8151617523053409,0.788808404853242,0.5826934264107039,0.3402047360282233,0.4379708376221273,0.39738235223680274,0.5519465334071258,0.4589328352317451,0.5135008427406376,0.49828873803789697,0.036174357470518004,0.5831613256689645,0.28525321195949704,0.25017285117026017,0.2521537650899764
0.5285791339365802,0.3657688642948672,0.4510058394272847,0.19416529942575875,0.465970150660596,0.2195774343050748,0.29740026993375535,0.3397873806876693,0.4998776686650682,0.6305155619811535,0.6479818466809693,0.4833433553818401,0.47380140913659385,0.42209153256681003,0.3466243435991875,0.31232920800071323,0.6731892660977674,0.5855777001852444,0.5167686440365479,0.8684593645628158,0.26310584315258506,0.48169823032864795,0.3281936743211046,0.18213067259355706,0.5839185185448528,0.6520604194243294,0.6454990318344933,0.24376278118609407,0.47696399313923976,0.40381661434788274,0.1837091901400125,0.2916578120635484,0.7706328939676704,0.8414894632927574,0.8292444153971069,0.6237347294938917,0.22873705946077233,0.5990976242134824,0.3650791870029324,0.588134813347083,0.6097550915412393,0.47139102678483275,0.45525584779501194,0.07984751052554409,0.34157482418659557,0.27643254787202703,0.20012570054255044,0.19478046297603185
0.4275738076318616,0.43279303543603415,0.5547567357800937,0.11320754716981132,0.5893173102745188,0.25385670981522523,0.31033844719155157,0.42332467189880635,0.4361126952432611,0.7545472726600826,0.7946295844993824,0.45904990980156346,0.5912966161693993,0.3318268560619656,0.345820837450196,0.4162635517600223,0.6225292740752753,0.62796789939464,0.5517644508917755,0.823070994262225,0.31412837117978654,0.4459925054243157,0.39440899630457216,0.19906456865614502,0.5508735592327914,0.7157931269579232,0.706877899585366,0.0985392930178206,0.3317054293746506,0.4446212097755557,0.16044820790552392,0.342395880112257,0.5518922157309077,0.8557892453864961,0.8205621319517777,0.514805119255381,0.4947678872111573,0.5082184420539096,0.3816533546137042,0.5394842306611287,0.5780390670695353,0.7231349616366455,0.6976199228255593,0.09478226262541632,0.574846435795971,0.3544487723383965,0.43447795801304034,0.4482172979104708
0.4753079470609877,0.3843626079929641,0.4991362104543287,0.09387817883511076,0.48900320208671644,0.1933022457832642,0.2874399409907293,0.39429825475777874,0.5198245245032866,0.6841011330866106,0.6813524224921176,0.43571858087793147,0.5492684028659215,0.23443458278699553,0.4402819345785837,0.3333421257180009,0.6226757207658827,0.5753747658814177,0.5018768913851648,0.638605806285861,0.2438363103302456,0.5063285609087447,0.3553076931173442,0.17427397918184137,0.5958431311446206,0.7963795562693365,0.7881093196266131,0.313526146654981,0.6788387915328767,0.45649683062885776,0.24233731429688865,0.44476192487684907,0.621390150632974,0.8851474178536399,0.8527945977355464,0.33321698662012794,0.2083955331682574,0.43600651092127507,0.37340100131984943,0.613266083240586,0.6251672472128222,0.505272008423698,0.48831247067177624,0.059739008399488924,0.399005569456478,0.33918963109319283,0.2421723949026469,0.23063631853202615
0.3755067609704933,0.40210406653950004,0.5829559640433328,0.08259844134536495,0.4691862097115816,0.26915871728292706,0.2307442874032883,0.4800938411822613,0.5733680253359732,0.6669461828897923,0.6344025956640729,0.5879735417919423,0.4050501509766995,0.497211943468443,0.3058239320804561,0.2891385323148627,0.6725831589473321,0.642555924250918,0.5702762943947967,0.9018583540292884,0.2644877325787677,0.5020564538044895,0.30191543203007076,0.2243097757956109,0.5724016450486552,0.5880590581946428,0.5819477167071928,0.2291557113643003,0.3270495744408535,0.40909686182375016,0.2172023120323531,0.24437537550963612,0.7637027558219316,0.8717501413557944,0.8563885931710964,0.8162885398487492,0.18365826504515112,0.6018205655915314,0.37137021565688544,0.6412761070128001,0.42413142299010964,0.548306840983001,0.5337383135792975,0.024968056806518535,0.4529091528430437,0.34893689868448996,0.18841999810227686,0.27919629987024064
0.49505763298461086,0.4116839239821462,0.4948933573429509,0.0853671041837572,0.4759607056127229,0.3330027861087386,0.260939221270997,0.36756165351028325,0.50984258078247,0.6903069615825723,0.6928973574348218,0.4003607937462418,0.5175804392046076,0.49230382288454033,0.344675022099271,0.3288204886378877,0.6296584337031059,0.5709170309747553,0.49800999977315996,0.7436413462361908,0.2955913890437001,0.4633784650853342,0.3634684366906176,0.16480343857251534,0.4789156887878774,0.6097674113765793,0.6007421234903356,0.13789073911773297,0.1889778555673408,0.35367833660486203,0.17478146586565413,0.24719466655197422,0.6769612071971364,0.8666012973993309,0.8403335778470706,0.6464223385689353,0.2554193805766727,0.46851442587558173,0.36535179205388946,0.5787228747072254,0.5006891447097533,0.5671218111075577,0.5480825483893605,0.09767285980603677,0.5428573742354048,0.3106887128388744,0.1827178797072252,0.2781790688308906
0.45675796332985996,0.38248628950192926,0.5127379332268678,0.08341878589007373,0.4286687704558161,0.2102257383058696,0.22076341754049184,0.42060480500709074,0.55985827857325,0.6177012833988732,0.5987161416926121,0.4097414311485268,0.40163008892986596,0.27633938880897674,0.3620248983892125,0.28228756746454275,0.6945224774300126,0.5508180775774122,0.4883970849219773,0.8568125374668151,0.3038992024245797,0.46334209937225246,0.31251316665048157,0.17664445922580174,0.4630750004995581,0.46277553067867244,0.4554715448153582,0.2833771545427987,0.33898928448111626,0.25240229410848586,0.29972502070630613,0.15346104686848358,0.6957219502103033,0.8385829923205634,0.816019156133002,0.45468295520651536,0.25779156709707773,0.47438928145821896,0.3823319915275037,0.5885587245649088,0.5854382836650892,0.6416160434742033,0.6190272479556223,0.08973419073752123,0.3067220492445118,0.2342712617217134,0.49327114257279625,0.37882427393277124
0.4340211941015115,0.3758789470972781,0.527933229835449,0.0733695652173913,0.4234836698195149,0.22354261535103126,0.2228837513039698,0.43818444810736257,0.5680992343598577,0.7717939734995034,0.7336600151969972,0.5656043295249549,0.37364493068758375,0.6690439571312252,0.29750875139648425,0.3582699735343274,0.6632337583082857,0.5591114818567214,0.4903225964484703,0.8086837372612828,0.2416999178722649,0.47427330830988795,0.32619404648277023,0.1741185509751212,0.5638052998636874,0.7457404636010312,0.7368678700669645,0.34344142565001456,0.3733931978826016,0.4464417999660324,0.2140194329780307,0.3990120459502467,0.4354192876653543,0.7869399289352146,0.7532064186822289,0.44630599185573006,0.3303154328333899,0.5408636215736615,0.19551612557615378,0.48641488451472037,0.474698864691576,0.6638262316270344,0.6420342532047586,0.05253346180431914,0.4004135943414192,0.40317183186094346,0.5629818674910146,0.40937968501528843
0.39412637991312793,0.32102378591284375,0.5410521330919343,0.09874897456931911,0.45607129453273143,0.12544018132150225,0.24582537963900072,0.46246992520072727,0.4450500861413643,0.8067427267171134,0.8345844656799017,0.3098616957306074,0.4876027033832774,0.7408822341094119,0.3669682564986413,0.4707611816724417,0.6345343826712566,0.550118080327008,0.4786311521672387,0.7425280465873084,0.11180484902362103,0.423162851546342,0.30734276339703637,0.1646230926934731,0.8604184457901164,0.8655668494581873,0.8792317355309291,0.8378323108384458,0.6195535143325929,0.5750224624126452,0.47548618461080505,0.5967898143023995,0.7652929407736078,0.8625683453338056,0.848058464384333,0.5377254217568352,0.17711003338509712,0.6259869998160748,0.3746648119901358,0.6474586867180521,0.5641583908840146,0.7405606501361187,0.7144070942587079,0.04876311765568378,0.44343117923933917,0.526420504774968,0.22097530434859947,0.5039624374249119
0.5357497826664213,0.47690636229150174,0.493677205711759,0.07747128794093519,0.5369468480784659,0.1761886450947646,0.34169597006988844,0.3848941009055451,0.6165675171563398,0.6538306900581271,0.5984116866648604,0.5553818400481059,0.3781887264187566,0.30394273471038813,0.3328754676407577,0.2682251954423942,0.6225330369003962,0.4865696869137077,0.41763841328946355,0.6735462875738631,0.27505665459871265,0.41453789429242544,0.4355873207712915,0.12958098262685058,0.5909714149416632,0.6694612865500044,0.6629839431680647,0.3720712825007303,0.3386647221810797,0.4372616306979975,0.2176392473518874,0.32966807441120893,0.4063821850140623,0.8187183449944266,0.7844823837139177,0.05503199534613146,0.7139297128412219,0.3572970524570003,0.21381700911816384,0.5355520468201606,0.5049326119400828,0.4504756322984893,0.4356524113280919,0.022747743030099937,0.3595917550000098,0.2958385283829982,0.24110466647028156,0.19171912948201789
0.3781652440554153,0.36733780731637317,0.5686207254333046,0.04973338802296959,0.48516060981974796,0.24229854882997642,0.26217074904087406,0.4710931865703053,0.5961972731829789,0.692238656442328,0.6448551209756749,0.45838845460012034,0.4127932670898354,0.2909729695084675,0.32214132202626106,0.28796883363442705,0.6501875737232785,0.579830745753644,0.5082002821395633,0.7878735976706346,0.282843201546278,0.4937344150246482,0.36457078273239657,0.17974626908849053,0.5104677989710099,0.5581256710708008,0.5501449404654417,0.2086473853345019,0.16833086264373187,0.31292699434844,0.19663192450663522,0.21710691862343975,0.47268214313552936,0.8877397789306203,0.8494558409115442,0.21367073880162882,0.5749851118032283,0.46742561661676324,0.44862923049820863,0.6011046243173963,0.38339580341712626,0.6102727186530384,0.5958459060746014,0.0425629961668168,0.5116444385392772,0.521609395496706,0.19612600139063274,0.34967451398590305
0.299843053817967,0.4763098257905936,0.6695934536590797,0.06270508613617717,0.6266440425231825,0.23874057589482964,0.2543176944580346,0.5317022534160779,0.5297227596546701,0.6739669306161529,0.6664290943609417,0.57498496692724,0.5045887774536331,0.232759761545373,0.3117362641376573,0.3028124853497822,0.6520494601944137,0.6340206038194219,0.5596221140538491,0.8425965573349319,0.34376830569939554,0.4821170480020447,0.3584063679986147,0.20276681201482166,0.47422379911158496,0.6544704427124725,0.6448985700213063,0.16827344434706398,0.3110272017443696,0.41528405538680785,0.16796383334387832,0.28024783140343534,0.8099746065407156,0.8910765579271492,0.8817740949164297,0.6758580570098894,0.16133370455617066,0.6587347851115168,0.34666534039026997,0.6501498172698267,0.3667009644238722,0.6487364685949654,0.6338082877603366,0.06669319871808302,0.6550292307299896,0.45446767908361324,0.18703018253472914,0.373876985700307
0.5332639662659525,0.36233214694396537,0.44608135223107914,0.1085418375717801,0.3682113239076052,0.21583440380163973,0.2576625208563578,0.34093208301872374,0.5656007218227789,0.6711019829158168,0.6426135676404853,0.47985568250150334,0.509978305113137,0.4791733796389268,0.36691331051320036,0.29182340458238093,0.6898406972438802,0.5890485575000524,0.5230685319734513,0.8605806285861094,0.3872343008611349,0.46036726724842575,0.3912112131610923,0.19087710486437598,0.5849798818386721,0.556567200993392,0.5517037983783868,0.5176161262050832,0.19040599333287184,0.38953343404815427,0.18212350777431857,0.21763666560233325,0.48864742100736935,0.7989237074119873,0.7643969879733756,0.2616637579988365,0.5840476387878282,0.46792770311466414,0.20335469666412836,0.4801897947337601,0.45660137438333026,0.5708764705757849,0.5534632642770703,0.11290086089524728,0.5538840617191954,0.3971472287872334,0.19772901729803974,0.29363451239987526
0.3681573542511543,0.4071885374955654,0.5905247496803161,0.06870385561936007,0.5286808267712342,0.18332265667489134,0.2586408221378282,0.4663144775101685,0.5305490237229917,0.760231963477719,0.7432249748140841,0.6032471437161756,0.48722429100314546,0.38551722301675595,0.33537995407020493,0.3508121676711642,0.6624110202063408,0.6681313523857799,0.5930215318594556,0.8193457223601953,0.29333832233958246,0.5347646762269482,0.3403058777376741,0.2299886764852552,0.6987123466001324,0.7078305556594898,0.7085380273198851,0.5639205375401694,0.39278046855771026,0.5075779227764105,0.1869317339380975,0.3530370063215492,0.5727733455735029,0.8700836670771086,0.8352382483986138,0.31521233275159977,0.22485941233207998,0.3578946879510749,0.37902885654667995,0.5607067660515256,0.45168675317080764,0.5677297892353306,0.5506953461206056,0.02035985840263088,0.559594219722293,0.33394160608621015,0.20541016685057628,0.28286440262771795
0.5108878235084031,0.36578607312774125,0.46464127368402064,0.11002871205906478,0.4533863644672447,0.178964032755372,0.2796917997150276,0.35271179465135477,0.46294786131781207,0.5497252644444096,0.6087993012569711,0.3573662056524354,0.4570762020696818,0.20229449855457865,0.3342261247079993,0.30532149949171583,0.6698450160202789,0.620586130171592,0.5491846421748064,0.8600239787616683,0.33490937860622416,0.5220832568563784,0.33868473049058045,0.2032130747985734,0.49708803054984996,0.5850557052797531,0.5764999608141078,0.17508033888401986,0.23234276246560626,0.3541792142972414,0.21914816328970252,0.23130673879302655,0.566780434158652,0.862360004764845,0.8275445546713953,0.4152705061082024,0.450853521308552,0.3233752294042318,0.38048431849926473,0.558196086658492,0.5383192469759221,0.49125025539198475,0.47410418333771637,0.032739155023983585,0.4544208886648682,0.25123666688178914,0.22623516209173156,0.21090180551067664
0.5430632865519157,0.4159756345122012,0.46053886633980684,0.21287940935192776,0.4396315745471516,0.3234676685646742,0.253269284571016,0.32880979863207555,0.43800352525107966,0.6836929276172032,0.7335803422673631,0.3707155742633795,0.5743332383813416,0.49165496383560753,0.3649893050353327,0.3729818535071845,0.6351450820712777,0.5507182607354998,0.47924617065636277,0.7767406011818103,0.23734646465970954,0.41697229461614804,0.34229900260466856,0.1514971957021052,0.5260891225037255,0.5656519103776676,0.5579782531078041,0.21831726555652933,0.23812490635373101,0.3485563410214935,0.19007902297272516,0.21114790798140975,0.5024503843901091,0.8699467017553295,0.8326511639219571,0.5851657940663176,0.4672092004896444,0.5403779761119128,0.18434605146445257,0.5453757414833577,0.5165412965349432,0.6211591633274358,0.5997417331944199,0.23830669655013514,0.6209634849341428,0.3235077349831213,0.20212659707999156,0.3273957416239734
0.44499800712837123,0.4399406175330313,0.544482467438592,0.09377563576702208,0.5539658739337793,0.2564638473463727,0.315953075433148,0.43632318155445776,0.5633149460055674,0.5611333916889486,0.5479069503888835,0.5316897173782321,0.44652023056154944,0.3469170088483494,0.42905580465503257,0.25101346239545297,0.6387712347303878,0.6408393702056552,0.5648881667076402,0.7983214866832234,0.2952511570314542,0.5660026982036519,0.352126495000167,0.22077683948446514,0.5888236697910796,0.6893301519985224,0.6824140454926488,0.26555652936021035,0.5792006208685209,0.3786839077387284,0.5302904360173879,0.33947242139557443,0.7792130635559505,0.898748197425487,0.8839446584088865,0.702675974403723,0.2383329205001334,0.6425552941352684,0.3786894154714575,0.6938164223545992,0.5637689693006223,0.43762740389541965,0.4221661475289865,0.013279989945748971,0.2765833254535655,0.3347052935011052,0.25891971846965117,0.1744290207888296
0.47304771474885376,0.4137682019411649,0.5124559426908583,0.08106029532403608,0.5151992897329944,0.23158482903353728,0.30261602126652054,0.40791892744964525,0.47566795639673365,0.6418624114711956,0.6735644563869416,0.3605532170775707,0.5854559570735408,0.2746101518057918,0.3929968285739912,0.35008089276086746,0.607249424374697,0.6411705477605281,0.5639691837032808,0.8399417658645201,0.2980786368519474,0.5155010290685005,0.40466292529330017,0.2192153909865352,0.4729456425542376,0.6421722867448745,0.6327429720261539,0.10861817119485831,0.3236012004659087,0.3675042781723366,0.17651010933019468,0.2897327474412908,0.7665158800290897,0.8597874853785892,0.8456515544597162,0.7898196625945316,0.2435001623682083,0.6160112286203085,0.37858428623451,0.6354729360620194,0.4234714707837848,0.4894886201249969,0.4776133064555662,0.030037075050794948,0.5652897592420467,0.34578535975563185,0.23448839057447424,0.2279507053450571
0.3699168373723434,0.34824057161249233,0.5688203592850216,0.06783223954060708,0.43703959020152827,0.1579607877232385,0.24142603835741788,0.5300083062738452,0.6146993740478128,0.5457070013224206,0.502100553653419,0.41719783523752263,0.35935817345269144,0.3133122881368385,0.41974499689894423,0.23474795898012354,0.6801093237738888,0.7325928219710428,0.6561706507241764,0.8609231823242272,0.2430078806523081,0.6857043949422876,0.2909222646982096,0.32416192093915225,0.6777414106387806,0.6950961092605987,0.6942285675776642,0.3907683318726263,0.6637270909487853,0.4986224245224209,0.26359909900875955,0.39142658135364494,0.9085730558876784,0.8417826584836898,0.8560768279875657,0.7846422338568935,0.12798444702225847,1.0,0.40813593200212683,0.7548219447781744,0.8166923617715761,0.39635450539122485,0.40242850197452285,0.26442680295762555,0.0435895723862631,0.41458120093853623,0.23742822218781784,0.19060607838761387
0.41744714887791323,0.337467468367923,0.5277207285311281,0.07624077112387198,0.484645438991607,0.17465303169324642,0.2962325894258456,0.44508784634329346,0.5950757670479392,0.6983236832893289,0.6510876011983714,0.5107636800962118,0.4349824839080661,0.33395306315064216,0.35081366884826093,0.30016940921125845,0.6040327354478497,0.6405901782671911,0.5634170713939325,0.7439410807570439,0.115592019680645,0.5181727705668435,0.30798013927791573,0.22184012370309059,0.6549236557386,0.7574831897803702,0.7533996380897103,0.3400525854513584,0.4586779514821856,0.5541010023263155,0.15430596872790903,0.42225414244408005,0.7755728384220839,0.8446828007496658,0.8330062802900353,0.5115764979639325,0.2006762789158081,0.739788065713725,0.3785663904701744,0.6281703861729395,0.5238775907170762,0.3951758938115793,0.3818072696087359,0.014243522339289105,0.34119057057303126,0.2633823680730379,0.26498859681577414,0.1452559735738874
0.4486091800956703,0.39143524902403454,0.5224058158532116,0.07019073010664476,0.43242671191043236,0.256643570454063,0.24283073134045752,0.4474570680357143,0.5949520637574028,0.6327704592809198,0.591203597192396,0.5586289837642814,0.3771274086509744,0.3293708720465831,0.3479391511382588,0.27838934363850315,0.6777744697084646,0.5904220474092213,0.5220918587708189,0.7692044189432218,0.31398065756498295,0.5734639011529092,0.32808321767393755,0.2048722257323222,0.5587865081282931,0.5384094560207313,0.5324122600517992,0.3394683026584867,0.3631215185072602,0.4068464438588892,0.24487578382764613,0.21902272785128693,0.4005792965803908,0.8407600759463354,0.8057974918784847,0.2415357766143106,0.5120924022078719,0.6111211765134106,0.1589349933914653,0.5801257049818168,0.4065392182175402,0.5511944646774196,0.5377462771828964,0.032969564944177965,0.4130825339669794,0.34670121260207765,0.2209230860874495,0.3043576235606672
0.470556614549624,0.42307151075047617,0.5181511817542949,0.10987489745693188,0.5199333583624617,0.2507728304341212,0.294925670602471,0.40594656994952777,0.5532002791437871,0.7614245358311955,0.7319020008303471,0.43595911004209265,0.5578194691788949,0.25434456384871484,0.38365718625333245,0.3519863266786437,0.6439128154546141,0.5839705642702467,0.5114758940805405,0.7841911449858696,0.20272606377580377,0.4080858003927511,0.3494292432669462,0.18143710732226623,0.5287800970092066,0.5480013082848836,0.5406480804083238,0.24528191644756062,0.20554849342809223,0.330290481123775,0.20342494827641244,0.21013111262127335,0.5805087197390573,0.7569326241787779,0.7276603622718076,0.557998836532868,0.4072884043407231,0.6018955393831753,0.16919635862456184,0.44581439035100545,0.592081774082191,0.7125183798212705,0.6874744691960692,0.13883245009530593,0.5872855876099543,0.2979387171517546,0.46060867366612945,0.45428837059051586
0.5806563443760866,0.4872364477329536,0.46642601898473246,0.2682013945857259,0.5221750190874206,0.22618441295651276,0.312752294139476,0.33387913801536795,0.49331426213813323,0.5682704223511261,0.6013706015475697,0.4137101623571859,0.48967312914729305,0.4490912411022929,0.3850212006763629,0.2944970679395894,0.6720900012319654,0.5808356436585121,0.5121320775411707,0.7934400959150467,0.2585216542070954,0.44791269242025006,0.3336913708503599,0.18164148465873303,0.5112857122249392,0.6202840539535182,0.6115395824126195,0.18767163307040607,0.2552635367623195,0.28423488061558033,0.22790008298648862,0.263784367393987,0.7532562636739595,0.8269607420951244,0.8129945304445156,0.9077370564281558,0.3864358854500329,0.5722662396179735,0.3786016120481465,0.5711451618801833,0.5510904356647892,0.4678215542312849,0.4513581139029767,0.15672063844494252,0.49192561664624496,0.19344427896731184,0.2440990967866058,0.19382897610041083
0.48074288601557147,0.4414408039187862,0.5182085739495372,0.2040094339622641,0.37847621562883965,0.2410590023704671,0.21567012870018115,0.4019852925811279,0.6058060297239308,0.7562208765303581,0.6999090179753163,0.638965724594107,0.3108733418966008,0.5305078027262827,0.3454402724915896,0.31656253028071124,0.6615515057455612,0.6095123450171583,0.5375941891302392,0.7679198424252804,0.2178851058730144,0.47203971110023296,0.3135407132726077,0.20023836530631192,0.5623197484974817,0.7575648445099376,0.7484705586940014,0.3607361963190183,0.31699402335487625,0.42934731548005545,0.4873856340685617,0.4003210069414701,0.5016149657679738,0.8467346842972256,0.8103922010399569,0.6728330424665503,0.2341088126828293,0.5214387002448144,0.3908894854530406,0.5470932915606144,0.48687666425173093,0.677368800247079,0.6546643767165645,0.10205064828973003,0.32133766525297913,0.7898660646309745,0.18270385411442108,0.4134952970981893
0.5154294472182654,0.3981651820278617,0.4738974257935382,0.1447395406070549,0.4256350376435496,0.2519467742905642,0.2923940118121771,0.3878596680707986,0.5457373034162795,0.6938212860537518,0.6745255830890329,0.5242333132892364,0.3572898574880751,0.3280109600721751,0.2787949266847517,0.33903143594903573,0.6963285110654596,0.6072768882538655,0.5414376783052101,0.8857583283377579,0.24854028318783689,0.4454508802802106,0.32938704318521617,0.21856738094265585,0.5936642573230911,0.6029554185230083,0.5977817498078138,0.24726847794332454,0.21357421994287606,0.4414501504712954,0.2026011631039672,0.2729348747833156,0.4768794196148146,0.8142850453372281,0.7790467750178021,0.4701570680628272,0.4870168428799404,0.5699482289619617,0.22982389541529175,0.5336477574481067,0.36849223984920293,0.6094628099748797,0.5962754576355215,0.04675226744307828,0.5490223662496705,0.4664113784961364,0.22183830393712567,0.37100114593977707
0.478692211405361,0.4179505915806195,0.509877157255257,0.1021841673502871,0.5479890998266382,0.2553857611254779,0.35542756182150875,0.40438793082921926,0.6167194150954151,0.7579808260244643,0.696275650591599,0.7753457606734817,0.501368483085436,0.24130130286827578,0.37894867206213084,0.31584687653459737,0.6620506469021123,0.6235002032976911,0.5508544828706105,0.8411835231651965,0.32391073233217105,0.47127186128291165,0.40159896592973526,0.21242960005610975,0.5574696810606632,0.7985541646257028,0.7887260266229292,0.18095238095238095,0.20641269765456247,0.43129490382726055,0.49350732938312974,0.45057725186564324,0.6360438338274887,0.7945108039412787,0.7678850889455362,0.6491855730075624,0.5225858191691146,0.4916288335427688,0.404900288871544,0.5081614578894014,0.40933760632217087,0.66526264646055,0.6465957914256935,0.018684149892126245,0.6098928591908679,0.5325483910216404,0.19025156555018066,0.4136022583405361
0.5525322717930153,0.4269031176749977,0.45827389149551007,0.2634844134536505,0.4819349028411556,0.2413333205605563,0.322049976581666,0.34491275969550733,0.5607736317268227,0.6360057858484172,0.6142111873930144,0.5321707757065545,0.5274696369853386,0.2681327680811689,0.40226126734936746,0.2822276393328212,0.7214319303495146,0.637364634167124,0.5752670964254509,0.9842425280465872,0.3912384750224112,0.48028037955889813,0.3663897139309322,0.23506774956388704,0.512984966247259,0.5825290507944149,0.5742955399594878,0.1002629272567923,0.32372501794462527,0.3559716898891397,0.21608524376603996,0.2363216537314342,0.6496549211787845,0.7849643483670594,0.7601794756918914,0.5448516579406631,0.5534080985539174,0.3666419902973952,0.3969991736485353,0.4930901994048962,0.3955337302397257,0.5483456414091621,0.5358854170962676,0.03971429169895899,0.5433961986936169,0.266990684467992,0.192968236061965,0.2835602847087769
0.55584528437192,0.3779170139525625,0.4349447419526531,0.18780762920426575,0.47970794997753163,0.2033689749484728,0.32992187114189336,0.35723735947044444,0.5555825988071017,0.671647958768523,0.6489331032262042,0.4612146722790139,0.5152539093035879,0.3074582130701696,0.4213139950482769,0.324731506381409,0.7026529033525073,0.6062060222841648,0.5418167858828251,0.8505609317461678,0.3434106142230444,0.45511059864097386,0.372376053093278,0.22276482019482918,0.5959304025182298,0.6012981110411161,0.5962931529186103,0.12007011393514459,0.3317848607546474,0.41631933172955715,0.22136153879824969,0.27530788217806385,0.6930544266850738,0.8070473631531048,0.7859773949530593,0.7193717277486911,0.34967360656472835,0.48763759062189194,0.4124398445425477,0.5693828457760517,0.5046470925273163,0.5502941340972606,0.531759396276334,0.02241260132799902,0.6188653439763615,0.30939824010460404,0.25138641053894617,0.2921785484106741
0.6290269450190846,0.3588981533070442,0.37163846954481883,0.34305783429040193,0.35746596098412886,0.20264098815833967,0.30877176655816113,0.29531578926439256,0.48589183575073674,0.8003697917920792,0.8048940248363807,0.556464221286831,0.361906614446712,0.6926793107512859,0.2787789016198988,0.44601502632094714,0.7450250037811597,0.5590392798416379,0.5103644989600225,0.9379977734007023,0.2647011009654735,0.42674939766492054,0.32333899666733756,0.20602806868614731,0.5254061482692426,0.6616519712271122,0.6527036475789632,0.22716914986853637,0.10486818438808199,0.33301871161554375,0.21861342330193362,0.321451095766915,0.5411332699895983,0.6490745225506593,0.6223746221808826,0.38952879581151834,0.5248481009013433,0.3490233216117254,0.2269904150580035,0.34362192192979024,0.7249532350817236,0.7361853611490743,0.71463610050151,0.322154961144509,0.5950702218843946,0.3461376353520818,0.4553128916750462,0.5242465265607503
0.6150569621219512,0.47941054603279293,0.43803210504248385,0.37628178835110737,0.5105273953175818,0.2007185129957457,0.316179994490959,0.2807734942764367,0.5096374556366485,0.6063355461082721,0.6212755028225211,0.4460613349368612,0.548933983889285,0.15543184516039182,0.43851579368113897,0.27280098513385925,0.6725533322455551,0.6493598041288182,0.5766787195899691,0.8694013873426394,0.4050554074486117,0.4447335901325171,0.37840025189979043,0.20653678462755035,0.545252400158626,0.6539392436645044,0.6456845494245681,0.21811276657902423,0.5180688421126785,0.33127310737804583,0.4931179733740099,0.27091475106753504,0.7954643150704438,0.8955120550509978,0.883491671039129,0.9999999999999999,0.3221130303953616,0.6074311955268434,0.34248299544199495,0.621476530007269,0.6118123082260115,0.44577859311581935,0.43063033886329066,0.2598604972665005,0.3224390284188614,0.20437892944662842,0.20226520058618713,0.16204382813846302
0.17518249393688967,0.6919375825968791,0.8584305761298171,0.05204060705496305,0.4246228483808019,0.4877967320317418,0.3237871418521743,0.8034538523310262,0.6306618695699581,0.7587065288747135,0.6903668116129191,0.4993385447985568,0.2749855122516854,0.5547685330538688,0.5998390259258872,0.32595620179961177,0.6914022496282597,0.4682775654103959,0.41098011973537557,0.735548514173161,0.13730994306725694,0.3713709694881967,0.4163953392177842,0.1353022809004541,0.8667504845647704,0.8164063976925697,0.833016204494843,1.0,0.539499862775313,0.6459543144410508,0.2938255885422004,0.5616246715522009,0.6083190604212658,0.7827020502546405,0.7542450997396912,0.2634089586969168,0.08244855171551083,0.42816128280572874,0.43797846366078225,0.5143026105736169,0.45120336058552457,0.6741681746760658,0.6529257513173883,0.024130202551266217,0.1413616965636742,0.5725013976510964,0.300826668606654,0.4416740978824847
0.3426193422273113,0.3801783151104836,0.6009190932361499,0.06388433141919608,0.49185359632774606,0.1601059203505134,0.2580004824201648,0.5486625370697746,0.5614980270237236,0.6552912624715631,0.6308637336922897,0.47733012627781124,0.4245663168294904,0.5614606665408075,0.40008233012836103,0.3162960670931022,0.5937909301200308,0.6708622370625474,0.5922960733440441,0.7618823327909566,0.06762415003532976,0.6209041852559725,0.2998783452414027,0.2569714586612711,0.723847172715484,0.8504058556017875,0.8497182898888553,0.4337715454279871,0.8487448935092685,0.6338554885855338,0.2225358629236573,0.5697496721344619,0.8410271819010757,0.8453335282160935,0.8451889354766362,0.8878126817917393,0.2943204047132649,0.8295802459113029,0.4020455624666073,0.6979306256930196,0.6327027456815488,0.467959122052671,0.45264909375538065,0.012002262206489173,0.19403832817920397,0.3287825735837464,0.2291911211206726,0.21526447820225386
0.49627390084272394,0.3243188598962973,0.4611854432831319,0.11146431501230511,0.37408628974950314,0.18310165737012743,0.2539875793565805,0.3781582041963497,0.5581526877238825,0.7011375240447361,0.6739888021768379,0.41719783523752263,0.34575216307623036,0.5052115056850643,0.28098437730889314,0.3253182425558294,0.6762822938730473,0.6158260701595238,0.545704597458172,0.8285090348548428,0.14046760313874318,0.4838971150231789,0.30454516844768115,0.21316299364796087,0.6733058465280686,0.7747624238659042,0.7716800439125366,0.3675723049956178,0.40040803790386437,0.5638178390974002,0.19706343049571673,0.4440299573191264,0.45075020290995454,0.8267003920177296,0.7910611113843966,0.40828970331588127,0.22849432198610475,0.5783694303007576,0.19807332294470892,0.535868219995754,0.5624329264245194,0.5491438616135973,0.5297486544106091,0.03225738882721349,0.2865334714710256,0.6071549786716965,0.18556799735304003,0.2777882076869062
0.47032374730736226,0.3132177841526199,0.4780378811818887,0.09198113207547162,0.43289523856406287,0.16040210069674896,0.2808364568092205,0.40272885464134794,0.5637039135013802,0.6922192769539179,0.6627613213963491,0.5223090799759471,0.4335776101915899,0.4845860469245567,0.3487732596386891,0.32136453911759605,0.6831295927882431,0.5832914148457098,0.5163719462472132,0.8228568981759014,0.35256935629981107,0.5040771290660533,0.3728308354294809,0.19624324941363386,0.600351249689032,0.6052312669180878,0.6004306981459416,0.35565293602103415,0.21479614802406732,0.43115058149614927,0.22114983268615812,0.27208142493703513,0.43740848153256734,0.859979985409893,0.8231559665175441,0.5320826061663758,0.5218611994416351,0.6155375742100028,0.18884252257573592,0.5880244736737961,0.4883697933766925,0.619333408714961,0.5987412177230043,0.030958714731572468,0.5355006332201183,0.3730441790221735,0.24449064991646474,0.36079612335637407
0.3329339649295298,0.3294465265566955,0.5924459602813549,0.050810090237899924,0.5597228656244779,0.14002898174870096,0.2910187957488368,0.5041739601835898,0.5610712655026298,0.686566615704853,0.6591492093349811,0.6024052916416116,0.4885063845708619,0.5468685384479071,0.35301696680080186,0.3067800527769617,0.6248993194967394,0.6334541244975541,0.5570669976091802,0.8004624475464589,0.3112715849962748,0.5314661987465887,0.3973301072519,0.21157501108264187,0.6204014253350538,0.7717511845603295,0.7651666285669148,0.2445807770961145,0.41518436666927316,0.5165482506260223,0.1401902232784912,0.421050276702115,0.6204173767196094,0.9114417820313568,0.8777622708970594,0.5870855148342059,0.42934644003153644,0.4612428690524706,0.3665130059021895,0.6488808231577656,0.4279915729065453,0.5857409213649963,0.5693084363007289,0.022789635742862552,0.4955613133384677,0.41432488001526085,0.20275548074000815,0.31653108454662277
0.5877201995084887,0.14529056999547224,0.3404533356276024,0.2140073831009023,0.3081223127055244,0.2549568442905171,0.2807132114717781,0.39257122156435165,0.4520566774214049,0.24104694199485555,0.4258449245002265,0.4869512928442574,0.2681384133798955,0.19037974177616243,0.38998542675860315,0.32409352428194493,0.39320916503392533,0.12171352765871962,0.22769222214986656,0.3382289971739317,0.16894459939215684,0.05777937547512965,0.47547752295733875,0.10790951735281362,0.3565956348502228,0.38911636157979484,0.38736561354877813,0.1841075080338884,0.13109254774266912,0.39510098230881807,0.26799984909347263,0.15281053078588458,0.4146456543754963,0.14032753110663182,0.13805374272285303,0.08967422920302498,0.053182207868594567,0.13614891838912135,0.35637102854247116,0.024862879246997732,0.5220374798596331,0.16548920345402696,0.16116056756608388,0.052198320102218254,0.0441032507392094,0.1725678985231653,0.26695885391149055,0.03579443288906309
0.5084580850213056,0.09430455415562472,0.3993190466108173,0.0958264971287941,0.23732720195939913,0.09908020128986741,0.2038979486218767,0.467323980126018,0.5751306900226278,0.1680019053936424,0.2749675600631509,0.5298256163559832,0.312220247997996,0.23932654487479288,0.4547801177599329,0.1880098462311945,0.39583726878480235,0.05771275477314086,0.20470036825059224,0.31544917358910685,0.18564149568283211,0.019219481094187196,0.25483258155759425,0.09696381298932216,0.5878299852172806,0.33329583573484667,0.3336746912427309,0.46654981010809227,0.032586123202701545,0.16339319731039936,0.21610417395406967,0.11537820719197722,0.5011476412173139,0.10265987720371589,0.09872915461075454,0.15532286212914484,0.019904467256885383,0.09656388648561828,0.28938277172040905,0.012680110216872265,0.6328542514721525,0.18900613937348476,0.18531611621851402,0.21907794139209488,0.01165522148772935,0.13625002856796534,0.21555949471368693,0.04774366107716055
0.5001853315125785,0.11851735496127691,0.4091145645566483,0.07916324856439697,0.28793841137598136,0.11986882659253249,0.2643020171126692,0.47777680822993485,0.503740018119985,0.28740202191854436,0.3996384137655537,0.4742633794347565,0.2067401572952275,0.3384456887753625,0.3215125335259037,0.28232662200862835,0.5124233795538299,0.15506260687347317,0.13791755742527984,0.46758585253061574,0.10673228548086247,0.11251026277376183,0.37404437468124013,0.03480481161472529,0.4202000329839108,0.28853759492474473,0.2844652277431468,0.27125328659070985,0.23861265826565986,0.11209153427219953,0.37214227207746114,0.08217830465700166,0.474272652692473,0.1168143043856869,0.1104284237089968,0.13135543920884235,0.016317752955496173,0.09103696027316552,0.40118433639506434,0.015151316041418283,0.5703063799606405,0.27391774528776835,0.2642392211184311,0.17666156971994723,0.018336358762957417,0.3491396048304005,0.3069339955762043,0.0933423220828628
0.48425707827639447,0.061813423169873205,0.41679034676095367,0.05537325676784252,0.30775779946111137,0.03787939177937405,0.16035391980657754,0.49106590977716025,0.6389216096340383,0.14908533095178178,0.20461005703898527,0.5276007215874925,0.21344259673992716,0.11681363771289638,0.35779401317123366,0.1341891270930986,0.45226301263653834,0.13526117468377452,0.1747506281036269,0.38849875824269936,0.11448084204540968,0.09170230820729672,0.4385839275269392,0.06309792442541903,0.5160309000289854,0.2663541603860793,0.2625835064653407,0.40715746421267895,0.20002564518229304,0.06451092538925812,0.3566399882261925,0.07036677617492548,0.46662923506225723,0.11006412094629897,0.10399229427811507,0.11084933100639906,0.1100788384462392,0.07298511897440405,0.44973310533827415,0.013527087766591311,0.5685424045113385,0.10663283841630722,0.10285637797579489,0.08288473220083367,0.030592751944801377,0.1526891094554054,0.43866647615960885,0.014567998269544635
0.47632983160120856,0.05753909566564469,0.42317245239911183,0.0466570959803117,0.3358866418898035,0.04112986132795485,0.20045387547713525,0.49938761381512264,0.6751290642490921,0.09384501041656568,0.1484165476216529,0.5573662056524354,0.13675476071585196,0.08255039873967768,0.3077023781670372,0.10199337441343254,0.4827476679073381,0.10890417601210634,0.13125689247641048,0.3964631326539351,0.16350255357861315,0.12327024362609318,0.44205204058286185,0.03988997855171811,0.46828302360776786,0.22902493797869505,0.2244730409131861,0.25173824130879346,0.17800336926114207,0.12579596661554185,0.3795756280099292,0.051397970166443374,0.4807029471122671,0.1021711293723302,0.09655919430259585,0.1258871436881908,0.09176439840290523,0.08623394369723042,0.4385047233231889,0.011778079853618062,0.5733095917299791,0.08071289703806539,0.07792059961426934,0.08257053685511408,0.009719474359375924,0.07662792358260068,0.3990388184775562,0.008502520186806861
0.4983581567973707,0.10911258231542942,0.4094511588434731,0.05885972108285473,0.2976105369671953,0.1167209757670422,0.11822107057933157,0.4789491330857494,0.5674585169102616,0.20575705778388914,0.2987548943958432,0.5481659651232712,0.2520102503225693,0.39386115551112655,0.6200295113555411,0.20194291144499105,0.430784596383035,0.08821604418137557,0.1746642263520271,0.3462361908024321,0.11682907930266676,0.11757603927184421,0.19850010077379937,0.07079670928578699,0.44355603588961195,0.30088000674841653,0.2957840835293739,0.36786444639205373,0.02885990151150325,0.4653614844896928,0.23744187630321434,0.08815135039167693,0.45383768952226905,0.08360874962850823,0.0794067160001119,0.07769051774287375,0.006996333385930031,0.12051166483993739,0.3488414912017568,0.008274237036461657,0.5258429680590787,0.19659739551816435,0.19072194987701513,0.14105276387172452,0.13846385199129616,0.13530602513646403,0.32742584939581915,0.04952781704919912
0.6884024436421545,0.29266599491213774,0.2999970400312787,0.44160172272354387,0.23859571897229487,0.1406466737108623,0.193774272119079,0.32477254278509404,0.2528580359768903,0.2867254283035907,0.639961164883152,0.2588093806374023,0.5361558260405171,0.38485165827097967,0.5833251671937852,0.5955504684429418,0.5266473049479133,0.16837500898406588,0.139521575081752,0.5031686220775884,0.08761990212281484,0.10954355825260081,0.2569872145573462,0.0326001032254859,0.5116848226680458,0.38820592835047507,0.38247006300773556,0.4632778264680104,0.23276599917003646,0.31602768354118854,0.3120621727709073,0.14611906129151364,0.506946815005865,0.1210894697442158,0.11680920096704128,0.19127399650959856,0.07995401857988635,0.14406785782756565,0.28017759532312375,0.01749166069225619,0.5593972277308187,0.45003598324724514,0.43414899692631403,0.3520244653442534,0.38492935791596883,0.38950192916599635,0.3697055112128403,0.25013914622118943
0.4098618222197328,0.1779746361870266,0.49343491173494103,0.05803937653814595,0.3412063976423525,0.07883511105279611,0.25131994246537975,0.5833318450194943,0.39688087957304224,0.30747078811429773,0.5094843528558852,0.4653638003607938,0.14401857657316186,0.42175882912685664,0.4286723103439799,0.4066572321323916,0.3529353288808737,0.11788710986958195,0.2694951131871608,0.29519568382289973,0.17015869162874314,0.07967784388665755,0.29875606188969667,0.14832300468269985,0.44457733631670376,0.5578388301230649,0.5495543981913703,0.7172655565293601,0.513156265176365,0.6417184462024209,0.34428603324763996,0.29754469260756156,0.4749394534181402,0.11602304630405458,0.10967784700903144,0.17178592204770213,0.07093043797605111,0.08630520601780392,0.4287584573602634,0.014958175383868233,0.5967660117001712,0.5377044944850156,0.5189329188642414,0.4991516725665571,0.6497663306193919,0.676921487828827,0.38261668341120914,0.35697901569439494
0.41337253397777707,0.10758279873232834,0.48034435538432685,0.027327727645611144,0.3924487067693256,0.03363277777012591,0.2049140250365627,0.5722787922954953,0.5952681122256692,0.25863187359012707,0.3006540118027032,0.6435959110042093,0.19086811191286707,0.21993026552989664,0.2788407720392385,0.1910474138484326,0.350019279720868,0.07834997837681151,0.26130499904102844,0.2867174788044875,0.21415589340539873,0.05851831495985896,0.29047577336422337,0.1458345606258356,0.47918290792136337,0.42338863304205143,0.41657844879842143,0.5159217061057552,0.20779287257219725,0.6337315550132099,0.35205796293739067,0.17225685162078375,0.4787924402381004,0.10554209938740378,0.0997190267432993,0.13595113438045373,0.0399465572102255,0.149170637414988,0.36576469254403127,0.012500986445959594,0.6114567710128546,0.3927094444444558,0.3795042333323353,0.4626212270375569,0.2474422854855355,0.26191357568434165,0.36408759545268077,0.19210216061061058
0.45093055022012013,0.09788906964222638,0.4478661937576855,0.0577830188679245,0.33560437797230414,0.08960634397123815,0.1588166537666997,0.5292946649905188,0.5947685563574395,0.23526539050624007,0.2880029715874264,0.5933854479855682,0.19831720156291063,0.2106912533860881,0.2920214443430865,0.18552580008527764,0.39523730226344056,0.08135594704810556,0.21135530970471966,0.3209300333989895,0.14792876072710626,0.06093495519544792,0.2622686342929881,0.09996849000733596,0.4691426643884518,0.34811276349997905,0.3421537949693092,0.4173531989482909,0.30976335177692793,0.36962147886952607,0.4154541159407035,0.11700697758326749,0.4489967811268241,0.12807375004893484,0.12209616676671342,0.1189936009307737,0.08068278508948148,0.22899740158087156,0.3991551330789903,0.018609577706989427,0.5408396638382712,0.3039243486254771,0.29345957484587437,0.23434783519406802,0.10311451934607918,0.2270721578042171,0.2949471952633769,0.11512367172739385
0.4745557122424623,0.08127622080559865,0.42646436329848914,0.05460418375717793,0.30961341972831463,0.07486215394691087,0.1548195105702755,0.5024560589653899,0.632343138718388,0.16084273295615714,0.2160150000443301,0.5955502104630187,0.17174164592296184,0.24828705737757395,0.35608264522440747,0.14093497989238093,0.4291859696969024,0.07707629268381344,0.17254472603469917,0.34833433244840284,0.17825053789678208,0.08476623099303784,0.4363907856823271,0.07066115242691856,0.46280810399487277,0.29692302722258945,0.29158558994246014,0.2754601226993865,0.0845496525503383,0.310684643783215,0.3182163512184192,0.08555961305070015,0.47169580847048875,0.13043011096857926,0.12346692347608068,0.17879581151832458,0.02933571251849107,0.11609633272724981,0.40764087309510105,0.01875168948479261,0.5855128423044225,0.21779983681111298,0.21031168784049847,0.15506587629081925,0.10023227445897243,0.21755468052136925,0.3100723692049552,0.059535316816075434
0.4408862654188155,0.06588495409743089,0.45351744307732916,0.02343109105824448,0.30694850085238656,0.04386474508343116,0.09440299988647083,0.5386131758680093,0.6443398694356053,0.18569677892427394,0.2161725590608003,0.6199639206253759,0.1869566466468569,0.48673134078022195,0.3778155797805745,0.1366003219255044,0.35327046266808704,0.07390925072339816,0.2566007105500824,0.27605549370557514,0.16765860067937677,0.02971796631733087,0.4069090902402272,0.14170860073288347,0.5046224469565188,0.30959920292012755,0.30470368134442427,0.4611744084136722,0.10500960934213413,0.48992613759734477,0.29068253949754974,0.09360035711269163,0.477457448653217,0.07157022818833303,0.06714822658628017,0.11893542757417101,0.02978030302425691,0.12612175632322908,0.3894856117770932,0.00595735251990076,0.548292508519241,0.330190571575863,0.3186483810097783,0.3314341970214282,0.1738657737007391,0.21523478406581908,0.280822092833811,0.13540454351829806
0.526434792630134,0.04664544740640214,0.38039615073539,0.0676784249384742,0.29055302473003813,0.07328199140701963,0.09892272661950358,0.4464317532364017,0.5412924308418107,0.11089832519323578,0.2903552886412717,0.3993986770895972,0.19773390336851676,0.196740466352019,0.4023590155458784,0.20990686668426467,0.4282267936852228,0.12547340386569766,0.1931733034073322,0.416159972595701,0.2425825184886621,0.22604987494726875,0.49122930171294643,0.07865432047309451,0.4559726068428968,0.1281959174046654,0.12501411197927464,0.1876132047911189,0.06521608138309501,0.06998741880036688,0.24557974052143403,0.016743897316584072,0.44464380960707595,0.04779900393461123,0.04738950861850205,0.025770796974985466,0.04093601747947151,0.10042033818757443,0.3045148889348953,0.003503932993171144,0.5661801102762688,0.13809748847112668,0.1332051963928924,0.03544123499717225,0.09870827388784481,0.18183178535045058,0.3214874033832076,0.024162516217155205
0.5492163973206177,0.016961327917085878,0.36010020224431805,0.08147046759639043,0.26484092761937816,0.008424262251344738,0.023340968737846912,0.24263168296264734,0.47355466962834825,0.02679462152663359,0.3481561260393251,0.3616355983162959,0.25634317273980434,0.026810009616428376,0.07832892090967314,0.15647263232875033,0.5559226073042539,0.019389928383375,0.014797478179140122,0.4362421854928492,0.027942281919223905,0.019927599450047073,0.16905545387700588,0.001324893278534106,0.46558761559919665,0.03902212222877888,0.0367467984913894,0.09558866491381829,0.01841794273881414,0.02812752769221022,0.17964681441290825,0.0010829440828353243,0.4777787447299524,0.022680433652292165,0.020508310245428152,0.04851657940663176,0.018690485102064974,0.022233653754354488,0.18252332674017926,0.0004574701263483638,0.5788134812929895,0.02121779874159957,0.02128237029705493,0.016086801700844144,0.009769785379803109,0.014512235733289747,0.19696521071792056,0.0004724002664378002
0.8989063098235666,0.4043347312932376,0.2029881892139245,0.6026968826907301,0.2210755587662675,0.18411024485540925,0.3629295211791473,0.15677207704681648,0.3268465764858378,0.25937466841847673,0.5561221448293272,0.3604329524954901,0.2434765576202399,0.3549764348814414,0.28277964930562094,0.38745952971982794,0.39732598465241487,0.38161444943495537,0.39122037010416666,0.455510833261968,0.02898403703531935,0.23103952535076167,0.5210977558668108,0.16101783615411105,0.37356891517301705,0.5239035991627492,0.5183944779014708,0.2922582529944493,0.3648095797215837,0.19972284870831028,0.3463646580702934,0.2161827601310473,0.47466718871116775,0.3496311939443297,0.3336085487913247,0.21116928446771374,0.11707341543738797,0.2752499705561158,0.46767969747444693,0.1049035279709727,0.6327544454828162,0.43064534168044166,0.4167593406307578,0.058733583293186176,0.24815694940002045,0.5182386566590659,0.3488230965949271,0.18749656958484176
0.9120394096721982,0.39420757496190234,0.18837916750734585,0.6328445447087776,0.22569408045485387,0.06795788604228503,0.2712069208405365,0.1331759015404667,0.37873732680568617,0.2369818044362716,0.4960754881419328,0.4070956103427541,0.38230804827984693,0.26327990053441347,0.40268041943487953,0.2985715883965003,0.5870958254966308,0.5701660461270885,0.4969883519735309,0.6734606491393338,0.1767844958083627,0.4231329320991134,0.684951184482459,0.17362387925366551,0.49690591316994964,0.6028606800744993,0.5940861051256106,0.1413087934560327,0.1506139896277102,0.3987067275432031,0.30032182646587646,0.25598290201113255,0.6252728035679227,0.3437560233195074,0.3433428412925979,0.31652123327515996,0.30243321827923686,0.3229220428663006,0.4659952466601732,0.11034388781695831,0.6712257108981403,0.44821708402728533,0.43556613872306943,0.13629794097316772,0.3608836544489716,0.15917223310468342,0.1985886216966764,0.18832747369260822
0.7311391802883654,0.36260179809174253,0.29723666410838495,0.4163248564397046,0.27647430963795105,0.3811711567488584,0.2553318276712447,0.1895660538241841,0.4200566792404522,0.29572275647534046,0.4818438405945742,0.41022248947684914,0.4877400413607201,0.13239928095815562,0.4095434291514488,0.23838493011527112,0.48651044102575425,0.27864118470289995,0.25386863019421013,0.4698124518283806,0.19728772426797622,0.15868443419084619,0.799591764403151,0.054979131806024706,0.43989550430553237,0.6838598866237457,0.6741117452276877,0.11942740286298568,0.3879338998163992,0.28731409617894627,0.2898682155056981,0.28813493545712504,0.6445302571500469,0.3276584189059385,0.33277524095102085,0.2849331006399069,0.3888016738899849,0.31917371504482367,0.43428555728598617,0.0933204641357664,0.645274020860365,0.6276041737628495,0.6067297654386045,0.02410925619488488,0.46341501616064396,0.24045613657607462,0.21154542296218382,0.3161923222654205
0.7848107092157326,0.32560086221357365,0.24073667480985164,0.5268150123051681,0.24426262975945182,0.4109729745190264,0.308592182622558,0.17987677590132561,0.3189897252934709,0.257964096156478,0.5633552509383409,0.32760072158749254,0.37287711800478585,0.13384874083493237,0.3165486544435196,0.35502362472100935,0.4517351808793271,0.3534531870733699,0.3356198058487035,0.48445662413291085,0.14919676464339882,0.2860954170783946,0.37378715602233226,0.10231168119607514,0.48168479743172987,0.8228477059619996,0.8113097859127264,0.15842827928717496,0.3902378770540888,0.26157272543646176,0.4826274713091354,0.4686567090016986,0.6495623550509513,0.3778149028316412,0.3793496760880074,0.2515415939499709,0.139377631242738,0.3689827182196677,0.5091622573307947,0.13350497648506335,0.55729294858059,0.47815337758070686,0.46128250918608404,0.13011876584068202,0.3747990697632223,0.4204265859444067,0.3012311481263624,0.2052419751592215
0.8754497498634106,0.34406864214683064,0.18467779665835493,0.6030045118949958,0.2437948789345406,0.43646287945519213,0.3321279200043298,0.12675859023934957,0.22563875520049093,0.3196998657373872,0.67998382465689,0.25772699939867716,0.468932959317241,0.1727303937055562,0.3219924608795147,0.4340589051478506,0.48620265613979957,0.3142350210727836,0.2843477383557701,0.4662156375781451,0.05953065800117327,0.1842228928759409,0.7332349667211133,0.06813568271273254,0.42857076998885013,0.5791340389393678,0.5708528511952886,0.36961729477066896,0.20380173095512322,0.1554200859935915,0.23938929899469136,0.21725003923778077,0.5225515961197367,0.2931296559038669,0.2814565589574202,0.17027341477603256,0.053121475920648614,0.09803338101763784,0.6336868526735469,0.06378260184347831,0.5811689173983313,0.5676106053700981,0.5476099889850762,0.14876102302004568,0.4631338539575778,0.2927345265207219,0.23473751734208653,0.26868506084044674
0.8035384827432367,0.29198171807903317,0.21193161605645916,0.5200471698113207,0.17500637634549912,0.3351826772515641,0.3972061610084745,0.13868519639050605,0.219803174424879,0.31301303706367395,0.6829826101804768,0.2966325917017439,0.5252385998310776,0.15138815266438552,0.296193316682764,0.40516759235058986,0.45442537764317087,0.36692634642087596,0.3455340035610993,0.46955553652479237,0.16194741642876498,0.12836505874360005,0.2599394305404351,0.09112521980492938,0.40018031558420114,0.7080533167455012,0.6988151697625483,0.1118609406952965,0.6056883032120584,0.28246610814579737,0.24453543472025163,0.30042958645420675,0.6185208754219267,0.32640239793482606,0.3261201492274929,0.28592204770215235,0.061942624260058726,0.2627273775138059,0.4426747108380173,0.08471801757919142,0.6323904803929906,0.6159080771444635,0.5950756823350278,0.048930688506734266,0.5010805290572938,0.19608229275399044,0.20521494343008923,0.29430993972374464
0.7103292391914224,0.33131088124252195,0.29873589466540534,0.3311628383921246,0.23313251144901517,0.04828440591177935,0.26387568423425384,0.20912631574766039,0.3683644665369363,0.3088109263757152,0.5371649762345799,0.3977149729404691,0.4336997099082268,0.07773285870044205,0.36037830683674626,0.30001841704092225,0.5308639692807345,0.27611376625431505,0.23143617985090534,0.4899374839427936,0.011098027766335394,0.24961085086403767,0.40174160203471454,0.0448387001464399,0.45941255253771585,0.6694474067416374,0.6597103998208367,0.22436459246275195,0.28725477711899056,0.36424259200186,0.2823047655577714,0.2931408453830094,0.5488446148864308,0.2642868764772889,0.2568911936263718,0.2101221640488656,0.23062046593829424,0.14996650019514174,0.43007154465110364,0.05542889075267146,0.5667784573292882,0.672275578982593,0.6485310635867311,0.295930122955112,0.20840895505760892,0.5966851967024145,0.1677934390071203,0.3818539614608836
0.7932253652871996,0.3635278995177204,0.25275541077998354,0.4269893355209187,0.2906577753024878,0.42090911931140057,0.284224679336695,0.1677977196565275,0.3242287986742034,0.28361729424533266,0.5685038498076214,0.3338544798556825,0.4583941070859656,0.22478580748449936,0.3960242667071178,0.32951522121048976,0.49911325455216327,0.3374090008005288,0.29872209989439136,0.46655819131626275,0.07007301157433443,0.2832106859343711,0.38705452135751717,0.07128047492345704,0.5727246645782217,0.8489248357798009,0.8389255697102441,0.3228162430616418,0.35792689053828997,0.32485872748062644,0.453376302418101,0.4687023971729292,0.4825073404588606,0.33006975015651513,0.3149329599926477,0.10104712041884817,0.23807437091203787,0.22254226828694187,0.5386331955001535,0.07870523423588138,0.6325491123084229,0.5320939976828323,0.5143690769008848,0.08032927672231416,0.3284953014245166,0.29943354762060426,0.263141024636609,0.2382074302748195
0.7824168588000506,0.2978350741377588,0.2302983989368318,0.49389868744872845,0.22454167520190815,0.3484867806175469,0.20567186691247136,0.15179888420613546,0.23712276511562935,0.31379234358861,0.6662931611464854,0.3350571256764883,0.46924922236613004,0.11997414434917039,0.296100235809559,0.39500183449570786,0.5007793463151569,0.2884615176833969,0.25503690324769873,0.4647169649738803,0.017910745817885432,0.21927834888084688,0.5110973563771235,0.052178380531702456,0.48264601486380593,0.6757795667925445,0.6659915382230294,0.31200701139351444,0.0818972471195113,0.3621799974303608,0.26990374294452524,0.2768315795129322,0.5243981461243106,0.2719857658882108,0.261500091257605,0.18344968004653867,0.3215450712047637,0.21170681210854309,0.3365921549789467,0.05216579553831191,0.6008940563323971,0.5955687919812823,0.574792129888413,0.1714249806246204,0.274242382034091,0.4591785344622435,0.16925821376196915,0.27848237887762306
0.7822384055864746,0.3722289132204047,0.2649543258941468,0.5773687448728466,0.2894593558302469,0.45429618486065404,0.3549113672320736,0.18061003201064935,0.3318268647093465,0.2810353155811993,0.5599971713813696,0.3939867708959711,0.316726721883803,0.14672950973198381,0.2566561247576547,0.33199805450666653,0.47732479418576257,0.3631655108366051,0.3309792069141487,0.5000428192172648,0.05319647329563054,0.2891843987799489,0.2718972286249135,0.09045094531641082,0.4421412406990264,0.5752528589494841,0.5667895601989247,0.19094361671048785,0.16276182415622084,0.2759163690815945,0.26564148092053363,0.22042560260019675,0.5221133120388347,0.26027461548944886,0.25017063531906014,0.10826061663757997,0.40599531027849517,0.2125132371040115,0.5116635400946754,0.0523097668504125,0.6058782759093614,0.6387427443285074,0.6165002196883616,0.17527911019878095,0.2267314646246988,0.5400317305164501,0.1404457024489068,0.3506412994288364
0.8074179965158226,0.35892703477187876,0.24032295090227293,0.5837264150943395,0.28402305855764204,0.040811630162034984,0.33994831712838663,0.17103673150736576,0.321424626591187,0.28834111675318963,0.5732314363930748,0.3502104630186411,0.2840446884462378,0.3048867754473314,0.34883224986000766,0.35359407722447256,0.49482278797450086,0.3967559732504139,0.35339246515974687,0.4947332362764409,0.0,0.3569932344886886,0.25960209410457447,0.09990691506998159,0.490774892895888,0.7145916660000964,0.7044031828006145,0.31989482909728306,0.32426255603846377,0.411206786145294,0.4476181291615259,0.34857176957096503,0.5075720316200305,0.32968424041090094,0.31537902223473163,0.17289121582315298,0.1792346500069465,0.2781417377376352,0.44190861368065326,0.08382102325177242,0.6351956570647064,0.5643673388620899,0.545524990673156,0.20665675205797956,0.15560178322482862,0.43143236422884507,0.20912887992747492,0.283645435001117
0.7737486275427755,0.377587382087042,0.2736980122146555,0.5743949958982772,0.27938414543461476,0.4302783224007077,0.19889205957086342,0.17385367147404074,0.3563196914311162,0.2824671011565135,0.5367606897175418,0.4184004810583284,0.379190582034319,0.07918443853029578,0.33230703803604644,0.29112528499830864,0.48549544444320347,0.356123869059442,0.3211129268428434,0.4968741971396763,0.027639932552807084,0.2776381386256459,0.2616297222904216,0.07973939476558572,0.4721514680285524,0.5582745272007942,0.5498355063875546,0.3578147823546596,0.11741998312557775,0.35292470339081267,0.19158143542181405,0.19543526626047827,0.4826440546106891,0.24405032213956937,0.2325028021287197,0.07876672484002323,0.2515144134469018,0.16636699687683565,0.500725853806774,0.042009882487007544,0.6103299488780833,0.6819588737981902,0.6582421828974458,0.1916591608889634,0.31098231679692123,0.5177190419919526,0.17076223220240982,0.3763999047778674
0.770236457287444,0.3461523699297542,0.26094598143829284,0.38479286300246096,0.22206533211625035,0.11787316104684337,0.3129766458208172,0.20314025650372394,0.29438785470774764,0.31567869660982484,0.6113232645684009,0.35129284425736623,0.22742661284147184,0.4382527842732855,0.44118311070363186,0.41474614254702313,0.4394617549327558,0.3950865802263917,0.377280398511241,0.4810310867517342,0.057257242240386,0.24916044371721113,0.7253989068062159,0.13219336919047697,0.37621635470920334,0.5256239149532694,0.519948323799526,0.22208588957055214,0.39150851144921894,0.1856711209708872,0.2666747346758099,0.20649992345030216,0.6053521182466997,0.3393397034343521,0.3355913933312292,0.18528214077952299,0.020917930643699928,0.2924108652758677,0.5759868402458334,0.1078560011458208,0.679522831764499,0.47269857081287103,0.4595163088598011,0.17016819924174192,0.047911678399364055,0.6380320837492224,0.34489193718679234,0.21826138236876103
0.7590976893867076,0.38298213474128007,0.2868553095087283,0.4293990976210008,0.2821470736885389,0.39752488150315135,0.2077405622252026,0.1852014949981766,0.2692949953634338,0.3222171076718693,0.6384973562841736,0.3500901984365605,0.3887435552900603,0.1693127391737559,0.5684326065167781,0.38402713620556805,0.536405379297673,0.25962512634503815,0.21454851626010948,0.46921298278667467,0.041058198078013225,0.1613353761996908,0.8193550490071297,0.03798958645003114,0.4189722981598506,0.6791507760032818,0.669814816322435,0.2864154250657318,0.17722134026875438,0.34604319077298573,0.3061262161268742,0.29365772150285085,0.536844316206792,0.2792653934884268,0.2696081194109584,0.06713205351948806,0.13154453078700248,0.25839800051434614,0.4928953221435275,0.05837257644214125,0.5499003079689683,0.6760949726406078,0.6522683764951592,0.035860162124798395,0.3164532798255685,0.5808019566984218,0.1741096657410693,0.3749517921523028
0.7483796522189621,0.3159680403076278,0.2636029490477091,0.44344749794913857,0.28874603676243926,0.34786670148428417,0.2764089203223601,0.17674153825496491,0.2966320279123992,0.278536317584829,0.5935091348345843,0.35959110042092607,0.4710981807036665,0.10686407543715795,0.49357093276093716,0.3433722214206064,0.5446356631712436,0.2764591435952771,0.22714130727452608,0.4938768519311467,0.04139893288982355,0.17188553166613735,0.808669816214495,0.0401721761492404,0.514153422616012,0.760114789295391,0.7496884506592161,0.1789073911773298,0.33324412945070203,0.37023494375146593,0.3144681803516506,0.36132728116599244,0.5523127374459702,0.33152852715511255,0.3207165648234639,0.06812100058173354,0.2443303872295105,0.29794605009323055,0.4983944525494397,0.08101846396460273,0.5247944604174174,0.6547489070266661,0.6319686653182085,0.058901154144236634,0.38699079082076226,0.5243853694025156,0.16893341909511983,0.3470518804106785
0.8947262540515359,0.43576082640454095,0.22494889208985616,0.6355106644790811,0.22551246303888386,0.12817803964004276,0.3006287870515236,0.14259198030930145,0.3093822929530495,0.3337181653075208,0.6051427415487513,0.3450390859891762,0.4289017248228173,0.33409905470477774,0.4361686741390542,0.37036324203030724,0.53466893991306,0.38784320223505225,0.3326153222873575,0.5639290913762097,0.08499557220040668,0.301862573640039,0.537544664287532,0.08364360043507138,0.4682103055529596,0.8428532962178246,0.8310486668509438,0.3478819748758399,0.22882888965284293,0.2509175040559368,0.4162625494555161,0.47680813406971595,0.5906089561891528,0.28522569275500154,0.28298086296726943,0.3872018615474112,0.11943635729256435,0.23811019500693315,0.45983684790712687,0.07144107587163478,0.6499945669952634,0.5724684259495559,0.5538381037049703,0.12618085084099623,0.45211702121898234,0.40680938744607864,0.18962666394375044,0.28869449427442434
0.7871907666365554,0.28945664482183087,0.22317530572012928,0.40171246923707954,0.21186541750346993,0.3366714613687689,0.126655161163101,0.15389180919037104,0.21823837881337954,0.34049610557495325,0.6959945249055893,0.2853878532772099,0.4530942739555007,0.17449289452425396,0.2038547985849342,0.4329262583797469,0.47347891183420704,0.32216857331869136,0.29758460269455755,0.44060974565384947,0.15268761326498181,0.18331669271971157,0.6810923549460224,0.07306730072351372,0.4526959575900406,0.6574699524126973,0.6479126745454319,0.09921121822962312,0.5287415315037965,0.15857288800604616,0.24482296136379283,0.2704097402159312,0.6724153239493145,0.32889137287637976,0.34063660152480707,0.3207678883071553,0.20560771646198556,0.3735837774407563,0.386403802041246,0.10208160084696644,0.6220985552475146,0.5440500130034381,0.5255746335283257,0.12186590142644688,0.35872927435308744,0.4014145657246023,0.17977687952715266,0.24083418881402238
0.7359226544620091,0.2547552932929453,0.24926938372116855,0.28701804757998356,0.2216993494888142,0.08133596747999983,0.2380173414456938,0.16907541344023028,0.2499418970707994,0.33303623759865697,0.6619892616059696,0.31352976548406497,0.5662105866553657,0.08338354463573555,0.31665337488132983,0.38668236501062525,0.47179370450889513,0.3187177484759287,0.29555196898965364,0.4662156375781451,0.21847584361767625,0.13672859207305046,0.38014465102959616,0.07036755661948293,0.7075764629300986,0.6886227906072248,0.6907278800313419,0.1679520888109845,0.7327354053940441,0.33228704704695966,0.3943718952670354,0.30775661149099376,0.609793615622245,0.3192215813564982,0.3178456987818099,0.09490983129726585,0.09208265322180889,0.25102110194757593,0.27689588724925907,0.08122971199567257,0.6875639532594332,0.5482311036095973,0.5323496298890723,0.06495465113843446,0.5517989869404267,0.15912167920030765,0.180637262377024,0.24193285525987196
0.7922949892668365,0.3380989818993389,0.24105673825726745,0.5444524200164069,0.2459645581106027,0.42015871999730914,0.22266677561582182,0.16122538865632155,0.2748112905315871,0.34186280715156026,0.6419958046321559,0.3953096812988576,0.44859846059654457,0.15525391705393324,0.3362152035194152,0.3831083997972237,0.5027718030811408,0.32237216050458034,0.28386952555933515,0.49610345122891153,0.048926877995216084,0.2536186879026114,0.4681383657706104,0.06422704451079575,0.5057893031438505,0.6576424937476024,0.6483343935918914,0.3651767455448437,0.0423791969606267,0.2833489332903689,0.2507926259322305,0.27513403168199463,0.546991942710046,0.19037340642561115,0.18758955216064735,0.14275741710296683,0.28060946604915904,0.1420652254800383,0.47317187365470426,0.029942786403801797,0.6233732006904341,0.5980853589430318,0.5776674652351584,0.13522967679772108,0.2170611506951538,0.46766277833374675,0.17661905432359776,0.2950521543380646
0.7594657576456889,0.27342642375021353,0.2378915931133336,0.4654429860541427,0.24643799091653762,0.043609936996046456,0.2867631330160982,0.1683475444968471,0.26551727492472404,0.26469181479726633,0.6190514902586584,0.31629585087191825,0.4117228074328263,0.25368457503773145,0.27386121945490727,0.37625635017505865,0.5675925441861649,0.32229170849035066,0.26443119451690167,0.5194827438554424,0.08891514428055344,0.28675693210495845,0.3236371438731045,0.05087602674444516,0.4651589154733622,0.7616650910396694,0.7508220720782209,0.4286298568507157,0.6405747874013892,0.48443375267831135,0.3259446271635087,0.3678563451303738,0.40097877424531725,0.46089725433284945,0.44273883900920935,0.23862710878417684,0.22754006745139865,0.4713718538898908,0.27683401219071974,0.15292705246771582,0.5911397304533547,0.5372453660072429,0.5184148846769608,0.14084330030791145,0.11947795452944815,0.38048578436369174,0.16879568206042844,0.23746076681952463
0.7868159852213861,0.32628937611422637,0.2395734722072457,0.47421041837571776,0.24884333786969703,0.410307383701344,0.19320428725461564,0.16770437430688329,0.2931940128951045,0.30638072433262425,0.6084260271374637,0.3630787733012628,0.4057324128110998,0.10980411170461268,0.22784084988221104,0.3689254850846711,0.5431256512668349,0.28194289660464594,0.23262609515683452,0.502355056949559,0.046532282792118435,0.1980001358018451,0.8184226398241752,0.04396437098538658,0.4748410940231392,0.5962843331139053,0.5874024174120166,0.2623429739994157,0.18545534847708028,0.29532072131799986,0.26136101653488686,0.233076304406821,0.5944382747316206,0.26232353615325577,0.262708592701019,0.1508726003490401,0.2783906318687105,0.24054581730443292,0.4993621694939738,0.06103792780730463,0.5831175092507963,0.5533716683253459,0.5338893211186667,0.10431285477891122,0.2735958535552827,0.4327079698241468,0.18465209894162268,0.2593323334496563
0.8133152289228935,0.24729895753289144,0.18643432445705416,0.4772354388843314,0.2445263361772877,0.031841747159088774,0.3337618729080075,0.14135934462739488,0.1328243937668711,0.286776623528336,0.7598511367438915,0.17143716175586293,0.3489817987376977,0.1321014725985682,0.23956773778773632,0.53052721416021,0.4676718025156377,0.2771100210876458,0.2634052232084511,0.44955896206217355,0.1425192905554103,0.21759031805419657,0.23290089566838953,0.06437124628371202,0.6045750023860246,0.6262795441103112,0.621354832510567,0.2887233420975752,0.30209371525945133,0.3247609839421077,0.4049208339742914,0.2601391566598199,0.5780401799853512,0.2950214768030327,0.28989822288773637,0.23371146015125072,0.08292569165721383,0.205334732185383,0.38103277266194246,0.07056339345422344,0.5315412910237027,0.5094682233762402,0.4917810725378143,0.0938606229446388,0.174361111183233,0.4375950874382172,0.20404655331301438,0.21718738300633816
0.776266492249684,0.3185145118434026,0.24387413320170742,0.4683654634946677,0.28639545640776726,0.34373586887251817,0.22751549388402476,0.1660854943327849,0.2247779155011817,0.28080715766996817,0.6656079310846268,0.2822609741431149,0.5846655587291126,0.23949968569996916,0.41876440479258453,0.42030895130463464,0.5754811505377455,0.2831061487762013,0.22632955493336857,0.5084353858011476,0.013129713906438661,0.2117877477208207,0.6647666451207748,0.03853413873571135,0.4918221684414577,0.7658015828688159,0.7550104551824146,0.42664329535495177,0.30748179772719353,0.49145064794016236,0.2742708430873758,0.3717726167375366,0.4904236109935611,0.36305924277633583,0.3466994390110458,0.20919139034322276,0.1207930347605535,0.2078062242243568,0.4310253864451952,0.09347534272420449,0.5529974281892351,0.5475345926541998,0.5282353556730827,0.053790243187197606,0.3567427638431447,0.4514306845415641,0.15866365647196473,0.24635574115434622
0.7870345080257298,0.3728126696920385,0.26183264675360723,0.3625410172272354,0.23866804762337954,0.19702734230269145,0.36889565855775974,0.1928798100205486,0.29817671961269143,0.3213309811375291,0.6101863284348853,0.3186410102224895,0.2556658582826056,0.4675884187351901,0.34981624458812977,0.40088605517180165,0.5219204419050815,0.3140387501956792,0.26889771692800374,0.45384088378864434,0.11140307694328316,0.2604996160543059,0.8165391769393149,0.06353858700891854,0.5395589698544684,0.8044576465591764,0.7940263091982842,0.4440841367221735,0.3869177393680159,0.46291789977372244,0.43627539081284894,0.4616596526909425,0.5097110183383969,0.30624906652534367,0.2930987435690114,0.13490401396160556,0.0776494811349738,0.2928463708348411,0.47034258712243426,0.0758348346249646,0.686463270444623,0.58338444821043,0.5659953858904743,0.22175907500890224,0.13083710185807995,0.49205169105070795,0.16213142375401263,0.32048789674142514
0.778920549063506,0.3286765712556617,0.2464822806544635,0.48805373256767837,0.2746129873938139,0.08714848726055355,0.21917930734101268,0.1720385886586104,0.2325783936509519,0.2947079342854484,0.6631297052703478,0.3128081779915815,0.4021264831220201,0.30019888811357204,0.23741354824842884,0.4279514805305007,0.5116216832433614,0.32209663631766094,0.28001570534220316,0.470925751477263,0.09441826476484819,0.2633847263538585,0.43592093502489115,0.06352467556583738,0.5110650404185222,0.5134344592845184,0.5060357257947088,0.15763949751679812,0.18027209702139002,0.3226333457500185,0.26881693534225476,0.17389273267836866,0.5482953261069745,0.2770169056853957,0.2687992677954564,0.17940663176265267,0.19498462220353885,0.18717199118537403,0.38883300264605464,0.06035675620303915,0.5727852483422392,0.5501939226324046,0.5307675153495626,0.11470224754403972,0.13719273693274656,0.39054758240896165,0.151715430060668,0.2562157200035061
0.7531122426598631,0.29454003273447005,0.25109948449992175,0.472877358490566,0.2895775341839932,0.3537752273372782,0.24008316086077655,0.17736615203837014,0.29992913540059274,0.2743359012992439,0.5885892207986563,0.3631389055923031,0.4386872209664511,0.10058190493775931,0.30086960773968946,0.3504277934380277,0.5086628113776347,0.3287663272425123,0.2871407586958634,0.48736833090691106,0.07095419457397162,0.2833716682549897,0.3068640088066474,0.06555412415079562,0.5565199277425116,0.5511156873071292,0.5448109890861363,0.21247443762781185,0.051351529274234364,0.32616246429993867,0.20697555172239024,0.19933457949541292,0.5139059598397292,0.22515203370793851,0.21607600357154721,0.10296684118673646,0.38752616069467594,0.1816587035170983,0.3513004834397041,0.038115313307692966,0.5710770680139623,0.5629149944473109,0.5430350462092258,0.07496700948869946,0.2852472557760812,0.4131001900509483,0.1841317147738303,0.2642413750067199
0.7984465215544942,0.32614160337453685,0.23095736631893277,0.5436320754716981,0.34833018017453793,0.03047285614299383,0.35801953949389403,0.16729801489744114,0.2794160686865104,0.25006944575892565,0.5998685104650151,0.3125676488274204,0.3828686767407381,0.25154643490685125,0.2951331594407008,0.38266273810740414,0.5090906397354704,0.3528244533188562,0.30855338152103984,0.4841140703947932,0.004731218535695247,0.29455407041773624,0.36721974319464673,0.07690303543570715,0.47629107355986966,0.6312062923889732,0.6219159049713952,0.6667835232252409,0.28405691527756527,0.4273150237357982,0.2048365514817137,0.2685082513470429,0.45282273099948517,0.3625693452722337,0.34622655745921277,0.21407795229784757,0.15645841705015362,0.24674171265521366,0.4247443787292216,0.09887243340979529,0.5582566560814458,0.5721033036729577,0.5519092406672659,0.10791562807649611,0.28548149506856135,0.46766219067180903,0.25958408098369645,0.28508291081145304
0.7742914864165458,0.2840665460936539,0.23074471818904063,0.4427809680065627,0.2587500310076031,0.08301310502567896,0.2107294483330412,0.17069710339451144,0.27131626637095885,0.29780411989942,0.6261932742894479,0.33619963920625384,0.3902412612358589,0.249141525191254,0.27562725588676457,0.3946407681234576,0.5912680054100504,0.28619231561455344,0.2275053673433281,0.5716365504838572,0.04430932976470389,0.2535858023164044,0.683300458006016,0.040221088473876176,0.49144604593005015,0.684238719231695,0.674419782419761,0.723575810692375,0.30032873514269026,0.5132457068437442,0.20199129951123435,0.3108562791471708,0.43019595304187985,0.38948535331410883,0.3728125140201477,0.3540139616055846,0.16659129529349093,0.39448520379273155,0.3349357680992887,0.11327601010390345,0.6041026779761376,0.5095348134985489,0.4918975327629877,0.15804025889696488,0.16947492627842617,0.3507727900482931,0.17216077899707022,0.2238253822447901
0.8473088437207876,0.29737566308960833,0.18178740183453634,0.5538863822805578,0.25121739272944843,0.03652004299640138,0.3820605462577231,0.13204917297424548,0.23716258835627546,0.28468673119617005,0.6547385269334719,0.2858689116055322,0.34041675629221113,0.17126629264537876,0.25161138395573857,0.41470259479408345,0.5061152243311006,0.3085688924696373,0.2702456493874773,0.48796779994861694,0.06407255089094815,0.22115853430287485,0.6728229093169411,0.05992494329752027,0.5195966374626532,0.5670911382219537,0.5592163464817901,0.31989482909728306,0.22891385595807504,0.34794980441017076,0.2838270440514956,0.2087863288567754,0.5876002354127858,0.3191220333190388,0.31385589485401616,0.3222222222222222,0.37813917427183275,0.22217452985592132,0.5756315371847589,0.08248229093271625,0.5629121742976693,0.5788278435512078,0.5583840277354206,0.267317400138246,0.19229203627439864,0.3678740476301665,0.2655142600487962,0.27926416059214887
0.786823077938412,0.31451458001548205,0.23425316993265918,0.5046657095980311,0.20243200375886924,0.3844186798732091,0.24521906535475851,0.16030840831166468,0.26496774850912497,0.27817408454355697,0.6246654051883318,0.33782321106434154,0.46702405103433037,0.3300944471801295,0.31060655968506673,0.37923433536212,0.5870939663689779,0.25305354575315203,0.1964952967223701,0.48736833090691106,0.14311423772254095,0.17876301328686892,0.8180213792796651,0.029861166385594357,0.4533324719966999,0.6447318839167442,0.6353216879864776,0.47280163599182,0.24416975718862322,0.3017317241564073,0.24518979966718807,0.264109255740042,0.38354359374425656,0.3821434704512458,0.36938306655571246,0.10447934845840604,0.1950069899866255,0.2149874083404386,0.44059962365910493,0.10836199341740131,0.6194219702245282,0.5277190038654184,0.509770962427458,0.15123269307303996,0.2540923767089614,0.38233966201897596,0.20284044656662173,0.23009792024293427
0.7652888078413035,0.285056293878151,0.23800138871443485,0.49605209187858895,0.3110433987278966,0.3435952089406472,0.41804213973858556,0.17263463980548963,0.23463245656528064,0.26687136054402205,0.6506999244181596,0.3286831028262177,0.401266598133679,0.13580545058332044,0.22184445765177158,0.4202763442784606,0.5644363949819452,0.2542499743739275,0.20135581988183104,0.5000428192172648,0.06080119452952906,0.2074270531378281,0.7247976116161492,0.033163565046879756,0.5026592047270403,0.6269480894014883,0.6179654401638195,0.5658194566170026,0.16933004323047138,0.39043691872726005,0.2828299870477885,0.2577820708805707,0.49330083115197615,0.36120366868934056,0.3449957731093489,0.1962769051774287,0.38095382493055907,0.2663323332768603,0.3840169311214834,0.09541938663765036,0.577094119762196,0.5655828504928547,0.5456300427648213,0.14687585094572803,0.2820939057551123,0.5062847780570084,0.2682354282976108,0.27071223181568027
0.7958084342919152,0.28003646519495007,0.21275450937266668,0.4690832649712879,0.26736357565614144,0.04325153880010682,0.263910525796735,0.14855536272576167,0.2383208000033304,0.26710162534263593,0.6470916382591733,0.2969332531569453,0.36715269260977035,0.21354263330719608,0.2059010348423713,0.3975243955910155,0.4915838405687209,0.33815880452707203,0.30263798984255497,0.48454226256744026,0.057377419911741556,0.27273111100859954,0.24931249881275552,0.07171178445733589,0.5312753734369465,0.5395389701231341,0.5323839132430345,0.30517090271691494,0.040943509675833434,0.341278209472716,0.21307443321474182,0.18409582738566266,0.5496286831534098,0.2870991240696574,0.278462136134546,0.31559045956951715,0.38077080853467293,0.1448316601133998,0.44763730990141437,0.06176149406613041,0.5441220535958502,0.578701158003892,0.5583712348355481,0.18901991998491866,0.10855016131654166,0.46448376346091996,0.16201769558254092,0.2710221438873556
0.7454766805852586,0.2917753554183292,0.2558035007749486,0.4814909762100082,0.2819380654946039,0.3621447448333778,0.243406043458396,0.17793564056476222,0.31495005533255155,0.28833708114579326,0.579549435760747,0.4114852675886952,0.37570806878782415,0.36293712827590613,0.23227180505170167,0.33378895272794235,0.5598265129101584,0.3243453998382463,0.26777060524732477,0.543033313351032,0.025866331310380047,0.2696018147377114,0.3389118549856927,0.052471907456548145,0.5039402475979858,0.5954314474580993,0.5868572893426318,0.27712532865907097,0.0725645114552553,0.35269525152511394,0.13942983293906897,0.22598453794553575,0.48080356235043004,0.3317392075560438,0.31650922162487416,0.16067481093659103,0.24972547603403833,0.21489501184364102,0.39623375941150185,0.07814448664081673,0.586749805149867,0.5522551008572772,0.5328441049307043,0.2138832450095306,0.16718499033490833,0.4433618032695367,0.2168432845587362,0.2507535465241428
0.7361910098859837,0.28462412282499666,0.26010359700766245,0.4252973748974569,0.2919747676358653,0.09683242650823015,0.3716817074683775,0.1879966994907504,0.30817740246634473,0.2555970462915385,0.5731892904180048,0.3573060733613951,0.3773926113686448,0.11743485164314532,0.265709966461623,0.3443685611705316,0.51260298781369,0.31206668123143283,0.27066948292973697,0.4794895949302047,0.011844679586155205,0.2360584775825246,0.6173680489657665,0.060058833402515416,0.5193787046377876,0.7061142830840714,0.6964610809421585,0.5593923458954133,0.10721379102212186,0.37436528189615964,0.21442154682354686,0.3268351622911233,0.4593112202990683,0.28928834539965814,0.27587316133002115,0.0602675974403723,0.3349441777110698,0.14579533448605303,0.4564615882598466,0.06142917798614422,0.5861763877737778,0.5844079097580583,0.5638516834366443,0.27213506210594673,0.18287176578417552,0.4920773192761714,0.23191091491876506,0.28907074227592133
0.82381413255748,0.3626274804115497,0.23058550303792763,0.45995693191140274,0.26013234579525024,0.11545780374015316,0.3489850780748618,0.1582540401951865,0.23122089047205902,0.36119741397967153,0.6926909397837558,0.3350571256764883,0.25971341969883865,0.4391469004925198,0.395535471015607,0.45151864720415946,0.42592983403361606,0.3606570720386841,0.35648463563410937,0.4801318831891753,0.07019956617735562,0.26260531924038616,0.339134914237952,0.11374016089329411,0.4427360418646381,0.6983730436029403,0.6884170351553692,0.18495471808355243,0.31336249226405755,0.33801677907216127,0.43808708312298966,0.3243938875248782,0.5542951608655964,0.280354438461688,0.272707780324554,0.1657940663176265,0.3555781261421921,0.16411630592347382,0.5026393609457841,0.06337255106917239,0.6950639147379878,0.5328735551078922,0.5180891446075292,0.0952430824658051,0.12974423818732783,0.3392319854936923,0.2622630643144411,0.25162897126740574
0.7257132433030644,0.29270688225552616,0.27128890636104874,0.42457957342083674,0.3502723491842232,0.06432664230028087,0.35935067155898837,0.19485890969454048,0.23126682094593498,0.2901035905141328,0.6626531511276543,0.3365003006614552,0.3576383277013534,0.1400409937233265,0.23692102094464115,0.4284600486410338,0.5603247752874496,0.3073919551712743,0.25181978162039315,0.5114327310096771,0.00847107477039638,0.29046469229493566,0.35555336070199467,0.04868526194281844,0.595161240629308,0.7106730958591965,0.7037357536259469,0.6512416009348524,0.22233682585500184,0.40250720284282465,0.3959970645420314,0.33684390106094764,0.5618883312600437,0.27611148713608785,0.26978389242342193,0.36317626527050606,0.13076764372130453,0.1766647690698458,0.3612346585833975,0.061587941648415856,0.5640846428530125,0.5463243176669001,0.5270261438962252,0.1605957143754844,0.08590055563802118,0.5086150083034984,0.23471435888411352,0.2526663787177604
0.8007849994351295,0.2416721632068846,0.19403925906806688,0.4677502050861362,0.2449175893593422,0.3034790576480405,0.40073108676036195,0.1466947241993173,0.20806069466949356,0.3401868833419511,0.7057616982391133,0.25472038484666265,0.41846197991225265,0.20980953262241736,0.33279163260928263,0.4574177310671615,0.4624508158267825,0.3251981725772074,0.3060694761060597,0.47366618138220434,0.09212474158133974,0.2506099455464768,0.3491908171226788,0.08085359858909175,0.5497093763033155,0.575436856710978,0.5684663482688116,0.2137890739117733,0.028818110953000298,0.2894628592565398,0.29020700863561893,0.21640601130117143,0.6213911211817268,0.3359308093609644,0.33541281575933435,0.28045375218150087,0.34448658351908007,0.28704933307552727,0.558524410218916,0.0964086691856728,0.5450828529833162,0.6254081884601099,0.6034127817750248,0.14687585094572803,0.19630163712838652,0.2548149196207119,0.2565674300889979,0.3260010080471599
0.7111264391354039,0.26250880532056253,0.2713796466867667,0.33854593929450366,0.28213325879480394,0.09759146559672077,0.4368919594245846,0.19890257308547724,0.30021359341509707,0.27144136318897005,0.5871685779682534,0.3611545399879736,0.413812288875613,0.16353908308671483,0.26329059479598604,0.35495152973684585,0.5774211070328825,0.35519197618969606,0.2940790130474101,0.535839684850561,0.06332697921203373,0.24109268142359452,0.3848638282702309,0.06266741327142425,0.45182511848965085,0.6818814510124701,0.6720398750827339,0.24002337131171486,0.1646205818614812,0.3502032504574087,0.17943742238811555,0.3041233179525985,0.5634663845513913,0.3083922668835696,0.30026433864875196,0.3360093077370564,0.2925093433696297,0.1784545824248267,0.4532043723545023,0.07539479246736672,0.5816997973263222,0.5770001647456108,0.5566709711201359,0.154165182966423,0.2829470055632982,0.18563709290315694,0.1984313674069898,0.28175373529091763
0.7224023324365688,0.3013576848542566,0.27723988871592753,0.3937653814602132,0.3118682519649295,0.027594342522981874,0.24393258689189387,0.19141430330500123,0.2975849409869574,0.28063788447656723,0.5934124001120109,0.36199639206253764,0.4159603028513577,0.2973170942320136,0.47945224392934643,0.3484307528600248,0.562866519600655,0.2384048930690332,0.18700021111827914,0.5044960178127944,0.03890752983955717,0.16818870295378308,0.8901855581982802,0.02855568785149115,0.5001014652699223,0.6226300470876017,0.6136607802520363,0.29845165059888984,0.2131789254705665,0.3536023068514088,0.40415557867195784,0.24710592225323988,0.5164587588602854,0.3332157770565029,0.3192470233160002,0.2650378126817917,0.20333095085038452,0.20141565711241588,0.5294442530993393,0.08032785344246007,0.5470670768139947,0.5483338285942279,0.5290526042114868,0.1073500764542008,0.2280971262919259,0.41336026139483845,0.15896511614865716,0.24720614889300768
0.7383484040044206,0.2574247056912924,0.24832126149177866,0.3122949138638228,0.2729256061530257,0.06353579306126311,0.32747906074355676,0.17723284648897417,0.2698217326538659,0.2618795037491776,0.6137252651920845,0.29573060733613954,0.36597153970350604,0.12269637836101596,0.29415162572495435,0.3714683971765215,0.5144179266520064,0.263049449606753,0.22657344107572214,0.48325768604949904,0.052187394989688246,0.22249584514569387,0.3324106016474036,0.0440137173807901,0.5009377922477478,0.6271550844923929,0.6181431691005459,0.2915571136430032,0.12213843414366407,0.314863435628883,0.4063407059714106,0.2503216807011603,0.5633272313261131,0.2692927916432286,0.26362544139387334,0.31332169866201276,0.3423092026682089,0.18839590690095362,0.3842398492536779,0.0573115321996254,0.5164725682302629,0.6106386277945218,0.5896029212957057,0.10942376573595024,0.27225696855056547,0.5175727539375536,0.13436991927725983,0.3071206097013231
0.7939094901310977,0.29198050561445515,0.2191684883631965,0.5500410172272354,0.2508106841882555,0.05370845937835236,0.2517434201145421,0.1456935894121792,0.2700816286112494,0.3296376000350689,0.6410075625049674,0.37486470234515945,0.3800914946743706,0.30576924040050146,0.26629269112137677,0.366921869763252,0.5556824825133124,0.29422284000307664,0.24057228836712974,0.5281750449601781,0.07403373552115916,0.1727150812884468,0.7597251969307608,0.041908602062117106,0.5250285515880277,0.5117708463964813,0.5047883303129372,0.17604440549225822,0.2194673362513268,0.22980389818571406,0.2742787162729435,0.16064636006108118,0.5792179178232898,0.29128808589169963,0.28661701397184436,0.19066317626527046,0.32012216418119366,0.19536291492191799,0.5080281575202745,0.06512717004869056,0.5707280107554654,0.5681398326010383,0.5480747231422396,0.2177373745836912,0.261232633258643,0.3132094758077474,0.21253371742080007,0.25310104128072924
0.7551102587662325,0.335869664538774,0.2673290040172609,0.44149917965545526,0.38517009347640874,0.012013301185645558,0.3479495857182886,0.1885720799781763,0.28309193715318803,0.25803187374486186,0.5990753536016235,0.3334936861094408,0.382152844823514,0.33364014102717715,0.29696176365024585,0.37477378861240207,0.5883806432049791,0.23206320330919686,0.1765156002259174,0.5059518711997945,0.09067145012249705,0.19169429870637755,0.7987283593699315,0.026052342386988392,0.5630243414733088,0.6774727696072255,0.6695527527796512,0.7131755769792579,0.4149562526958946,0.37053416291898433,0.4961722050648629,0.30802915968416883,0.4236631873491829,0.45247158383106845,0.4333503214896881,0.17806864456079113,0.0819222370779358,0.29767716038395786,0.2929236407601767,0.15235541030385344,0.596920187223006,0.48622973525426344,0.46930086593571396,0.16308833078486001,0.20154244010143807,0.37388069783748146,0.17374004215491629,0.20371381797092836
0.7257538155589877,0.28764363389052855,0.26929136381183383,0.3884331419196062,0.2526271620635231,0.35348645085819774,0.2064553543884184,0.20051935093248696,0.32720513854348715,0.2583038096449075,0.5553505878315581,0.3846061334936861,0.4085174895427714,0.12175769077464546,0.3623532014727496,0.33699285164868037,0.5499547964485317,0.369189905074664,0.3117007046814493,0.5486854500299735,0.008426614805631394,0.31348210503948615,0.24320792725067714,0.07337590400720401,0.5686441425501934,0.736227835157716,0.7276787473001165,0.5227870289219981,0.26999504030867305,0.3599961177635132,0.4433506816088889,0.36907878917733733,0.48099614128858154,0.3347617803344849,0.31940871945287164,0.07655613728912158,0.22577287971527726,0.36774172306697206,0.36321194898431997,0.08430936514111462,0.5866932803518798,0.5463353680853223,0.5271337968317719,0.13244381139900716,0.17552662152317208,0.5120498341506536,0.26420629208668506,0.2603080636206688
0.7341432977004193,0.32026596211867864,0.2761334004127784,0.43908941755537323,0.3104885662823981,0.052989393604310486,0.25508385078122076,0.18471458142581496,0.3073876448287659,0.2984867308860204,0.5912288201566474,0.4078773301262778,0.37851436233696845,0.16817729961130784,0.3601111241764158,0.33741698369314427,0.6464290056769916,0.2554911939885455,0.20249337540982915,0.5820844394964461,0.09415673233245864,0.1871981782849683,0.7851891214257362,0.03191975288384841,0.5008207015302261,0.7147567462548163,0.7046785169412968,0.4868828513000293,0.2848871405230366,0.3524015622264369,0.248919324963967,0.31952824253766887,0.5301924316275914,0.3743043754462379,0.3593528618554048,0.19968004653868526,0.232471089881914,0.2946048792224925,0.38777630629971405,0.10000602047692772,0.4966049903957187,0.5381872673396298,0.5203562979345854,0.20288640790934417,0.2751641718341573,0.27124686342180604,0.15978591451818205,0.2365400028942352
0.7286860196158764,0.2514525318234826,0.2537822604410712,0.4214007383100902,0.23510455099299177,0.28828799056726684,0.36260714051339027,0.17231674249079243,0.26596700759692427,0.35687938892482785,0.6574579138137217,0.3503307276007216,0.44769749504365125,0.1361542417172092,0.349588587764627,0.3767859701122659,0.4675032056859779,0.30342649579150294,0.2851058858853941,0.4433501755587908,0.05580635266867112,0.14561418580624086,0.2928805839565339,0.06756085855963193,0.4599661316722681,0.5969896356903868,0.588108568449919,0.15898334794040314,0.5102884864309717,0.08739724352794667,0.33499971444840876,0.21637520422552367,0.5975813915918593,0.3301680474250779,0.3257627027149978,0.32617801047120415,0.15833467002740212,0.2269983272633072,0.41233733463155,0.08389626134173013,0.5756357669832308,0.5669924931866804,0.5469831855324925,0.3287321170482395,0.46844125049005464,0.11000610710570669,0.2308198850672057,0.25204259044407096
0.7748912476434431,0.33419644684968514,0.2519772668211194,0.3431091058244462,0.2426828344114747,0.12026610387077735,0.547136166736563,0.16045122737370407,0.17851409102262628,0.3829891424824259,0.7532643388779847,0.28833433553818405,0.5070052517017497,0.2007122770367077,0.5150441552025109,0.4699547842097082,0.4416644668051741,0.34425829403265806,0.3337116731553317,0.44266506808255546,0.12977145288959888,0.13566051031300178,0.5517277395621252,0.09077104307692963,0.3185655933055212,0.6833852370395682,0.6782967621614985,0.06158340636868245,0.40179408802862315,0.17263165021418014,0.2937335642587031,0.29106938825448536,0.5468256340480717,0.3316105395496067,0.32021121208814474,0.08086096567771961,0.12401915128483959,0.14237592155094397,0.3838024610426518,0.07807299046070275,0.6806487160796719,0.5940522995541829,0.5759314579777599,0.1104082444858717,0.5180919729407962,0.14999936019228233,0.20012955358051304,0.28214886534804917
0.8676011578948346,0.3419363868279601,0.189051349835679,0.5214315012305168,0.2112461986134342,0.09063412043357524,0.3420771622423679,0.13210543875946074,0.2511145384444997,0.3125094936880193,0.6520615093018594,0.2782321106434156,0.4366098318195255,0.19364460030425176,0.2631056270900993,0.41246856405117505,0.4160059388755673,0.408871610155377,0.4018156368761346,0.4671576603579687,0.1661161394987308,0.30964553721134563,0.33924927148467343,0.13617338770755016,0.6224644960806551,0.7033920848052512,0.698166034286023,0.29628980426526436,0.37616823479654654,0.32967422977369737,0.4082514619283631,0.3325453456344235,0.5896507085138551,0.3804200590946941,0.3714216418861438,0.3563990692262943,0.2861099979759911,0.23114995617950002,0.49233525815466983,0.11536644094362761,0.7371343414747845,0.5011565095995827,0.49098523388893656,0.14888670115833352,0.5851294380913573,0.24210724359911204,0.22992329581282506,0.22610401875823552
0.8840950326612658,0.3739918641858787,0.19509563234588015,0.611105414273995,0.19923277516722301,0.49776526737365345,0.3251693330831261,0.12817276256207863,0.2584740837353355,0.3330381296691274,0.6537339170361415,0.33860493084786536,0.32098757222990537,0.2552953337807201,0.4189758499443795,0.4033769567232023,0.49985818513057023,0.34360944822646916,0.3039134416967455,0.49451914019011733,0.006985460452700487,0.21151224556317116,0.7373748979177769,0.07315628704407803,0.48291805792883685,0.558682728761104,0.5502891186870975,0.4055799006719252,0.16162022158105757,0.3314717037530722,0.30093414719655703,0.20186478784282802,0.5716135380733133,0.3078617634492498,0.30090117200143196,0.21349621873182079,0.332483239054986,0.19290488700804512,0.5538334689915668,0.07527804663409901,0.5882219252817475,0.6182886160887427,0.5965498790490091,0.17779267296453785,0.22799781233506428,0.34560294488596893,0.18674332000502558,0.3187200759716379
0.8629892502650668,0.3208382622973485,0.1815968131921597,0.5124589827727646,0.180304398654428,0.09632729809084647,0.49902441587336177,0.13077541456028569,0.211686070962458,0.3226161752881096,0.6948620957272824,0.2841852074564041,0.41900588829951146,0.09019273560460322,0.2950889137435133,0.4563911459576827,0.4453048954396843,0.29175564832544476,0.2891813890745472,0.441123576261026,0.022172527766628924,0.18926507720005792,0.6856114308390386,0.07958073389165105,0.40624379329528176,0.45785213408552794,0.45184181365928106,0.2534618755477651,0.30181016365805013,0.2812802078268979,0.3188853965698863,0.139559962941066,0.5310312880029053,0.29176368150813137,0.280883351020082,0.3099476439790576,0.15484356417215764,0.2361855808243194,0.40438494081197185,0.06480222525185,0.5862197308932439,0.5562924531902635,0.5367332698839582,0.1994930981755724,0.24996871075209792,0.2969111490597563,0.2595192498744643,0.2620602246547813
0.8454503657290614,0.3593402404647347,0.2136798415805985,0.5337879409351927,0.2078310063808897,0.47242418170421685,0.2995572279625837,0.14744606908932759,0.22355864091244315,0.3178869431688224,0.6812764140565737,0.31545399879735425,0.4931178635296458,0.3049204701584398,0.5271447687861974,0.44931411548312106,0.5224527671653405,0.29420603087896574,0.250848341083284,0.4734092660786161,0.05205918350845318,0.22600553380987015,0.8312661533930972,0.05284383940487006,0.5689296829520575,0.7743133112550322,0.7652277933678187,0.6487291849255039,0.19067922126585787,0.45668305384508867,0.36417053882304307,0.4011838089763842,0.5477694768056072,0.4044420126576886,0.38942438934045975,0.29331006399069226,0.43154645522558,0.2973252976710164,0.5680314290520767,0.12540784132152194,0.5623263988182384,0.5872713286955518,0.5665304755062646,0.19176389267086993,0.15995581684468357,0.35897306552552627,0.19827024116048142,0.2960650003579123
0.8136194501349114,0.6305480671540123,0.40319882358918213,0.42432321575061527,0.22311766034703023,0.10505525172017371,0.13040121157640813,0.24229884051193706,0.5013154585058852,0.6124163162280873,0.6319014822824949,0.567708959711365,0.4896442946250708,0.30590261100371885,0.391801350453655,0.31678119688437884,0.7048754664727455,0.12831080219530883,0.1230635068975654,0.5816990665410636,0.17102837857194783,0.267358187609895,0.4013119506124282,0.022986412389581046,0.431629806902911,0.2622340486664139,0.2580487285925466,0.07727139935728894,0.10215078960696142,0.11374013088448773,0.2644337209080017,0.04998760555051221,0.4391239023771646,0.09546054101403345,0.09235980021489254,0.018731820826061674,0.049491874974566336,0.07767506530669663,0.43932452509407205,0.008346688524544177,0.609342393818612,0.7624967852253721,0.735884162205027,0.26970528476571504,0.6042079539027363,0.3833038150734581,0.16487843546109576,0.5278404188673478
0.6775278180884253,0.5687390461347702,0.44545317007271296,0.05993642329778506,0.23968702975896256,0.26998580513547443,0.12462948374098079,0.3101298051342637,0.5203542197402361,0.6026996746726927,0.6111187672346757,0.5549007817197835,0.367728159323952,0.4167914467708295,0.3023321535508009,0.3069762856238771,0.6732992876847876,0.12130701899939289,0.09476406747883825,0.5748051725614456,0.11311763551349871,0.18610938578630334,0.33998260448771916,0.013913016221456492,0.50326084477198,0.3430721750816049,0.3376819150793744,0.17212971078001754,0.44992084572740576,0.21343373410350813,0.29132710777256926,0.0866272192672663,0.4216871564539078,0.127578464579316,0.12503334318237408,0.033158813263525294,0.03951658975680791,0.16503141197642981,0.24525021506545813,0.015495278987809974,0.736631163140075,0.8031309689645073,0.7794730681665798,0.2674430782765338,0.25435544262921433,0.38994063216308134,0.44506933475232685,0.6148939322973327
0.854618422639913,0.6386035922343628,0.38644226789805236,0.6203342904019689,0.2356888514895834,0.15186143760185508,0.15978851148439033,0.22775267147188416,0.4099419215962727,0.7056132690033312,0.7706709007752539,0.4304269392663861,0.5596028031630316,0.4135770981572621,0.3540758875134764,0.44278934067577225,0.6695276964782377,0.1803766547216277,0.14202218428580565,0.5673546287573863,0.1569259518551947,0.17342859291324564,0.4422815237817494,0.02267247421404281,0.5742535504213392,0.3181609178830843,0.3176273633979966,0.2639789658194566,0.08975138769523344,0.1191400449775096,0.22519284256822195,0.07793227736600888,0.499683886568756,0.15758710684756205,0.15063048849173782,0.11355439208842348,0.07750018997373515,0.08292520357461058,0.2460885028773505,0.02084488705752488,0.7789476687625208,0.7743704803061381,0.754613733642631,0.6284744768647494,0.5276406694344501,0.32566885643461985,0.4463408691809878,0.5732062660996255
0.8193377688483297,0.6283373476549072,0.3984378019846073,0.5407608695652173,0.21192581467561583,0.39510849370348233,0.11332688713214148,0.2493566108119344,0.4793655576717659,0.6038418769449607,0.6398101398764534,0.4208057726999399,0.3865370362365795,0.41123222849405816,0.32334909092034053,0.3434829418033653,0.6780221646840592,0.18412264716021412,0.14937085418151874,0.5610173846022095,0.18329516925033193,0.2017100520045101,0.3928843652424906,0.026065316141595934,0.5745239438343995,0.3091247516367596,0.3088679614009946,0.27344434706397897,0.3822718683008198,0.17661890598431504,0.282923346116005,0.07591595301699389,0.360173619548728,0.20572298575413858,0.20889845535317045,0.0365328679464805,0.1414516483408093,0.1753561141097025,0.17839906772556208,0.04458911824589398,0.6114071948104,0.7539737827667983,0.7276969855113539,0.5055612576192372,0.31044207433318716,0.3453040229557898,0.11123245792137365,0.5373885074334819
0.8590702071454881,0.6287709573402653,0.376915308925449,0.531070549630845,0.18461957263703335,0.13448105924196102,0.1472308805550343,0.20910628952858415,0.4380637424378371,0.6539052918224599,0.709079512712287,0.48250150330727604,0.5514633255108452,0.5240389557005034,0.3807518563314467,0.3699276159525324,0.6380745825659397,0.17425246701035108,0.1250199906391778,0.5517684336730324,0.06994475447589149,0.10117819383146384,0.32119061696518114,0.015492608050855172,0.5920609962458468,0.3441178879893816,0.3446090598110054,0.2546304411335086,0.35093335399763925,0.21349936196958036,0.23465075946957906,0.08693533225011524,0.40898461287128535,0.155932511720766,0.1534783604663043,0.03973240255962768,0.04318961135846658,0.13972080912854037,0.2190538544662215,0.021544209517983692,0.6671163721659896,0.7001976007569806,0.677358559529193,0.36587000691229765,0.5110069713084284,0.3898806220530409,0.15343825486504198,0.43111445824910344
0.8391277536898112,0.5911574575148121,0.361254735282446,0.5647046759639047,0.19830907866510883,0.3344010985169471,0.12808765471939693,0.22687965085402206,0.42675883503786505,0.5823344962067349,0.6606469809522688,0.42387251954299465,0.33859289081299,0.3779334433433126,0.25262820015731335,0.3780131229698522,0.64884282941681,0.16832671556410922,0.12286399734771347,0.5545516827952385,0.0968001324414198,0.12134701511655713,0.35555438011097534,0.017233457998127782,0.5706034968931268,0.2793379837813258,0.279555291304599,0.2536955886649138,0.27325667369824,0.14832095645979554,0.28837553804679844,0.06273664645514751,0.4011366855842386,0.1730091677599983,0.17064840826192515,0.050436300174520055,0.04849024832866955,0.14881148548744627,0.2176755411549119,0.028780000338533535,0.5856379394556686,0.6888641527352038,0.6646042912704518,0.5177101443203955,0.29053029550565723,0.3525742087538228,0.10657171134179122,0.44825730149846743
0.7810329094461567,0.6567791261449446,0.43993361958190536,0.41258203445447084,0.2529918236267654,0.23458667955088516,0.14099889111990396,0.24432474546780225,0.432366647229834,0.6035189730584538,0.672909620363343,0.4111846061334937,0.44610156175588983,0.21060149979175027,0.28009018912413053,0.33610147324149037,0.6362286323852486,0.18442838781158225,0.13401038925379533,0.5736918729125632,0.15590921553498854,0.1371672806310027,0.4135651369268567,0.016378321486468006,0.53748380035655,0.322818706841944,0.31929226462885507,0.1791995325737657,0.3321581431799449,0.20206869114154696,0.2319002681310186,0.07005869879496043,0.3766711581574773,0.27490582095621585,0.2693357204034025,0.05424665503199533,0.15648038209439835,0.16502851879011302,0.12505954686407966,0.060760149048905365,0.6284857156432295,0.6933707770069597,0.6696078217253748,0.5356821180955573,0.42242586611738686,0.2077902791491041,0.11071882238504879,0.40192458843050427
0.8564864432615892,0.6511445039955772,0.3946019446303409,0.6241283839212468,0.1998285441061431,0.1744149458583157,0.12761890776822427,0.22761131745678087,0.3744336423841353,0.6224852571071557,0.7303148129302024,0.3567047504509922,0.44745092705414424,0.32282315834358993,0.268367049674149,0.4272056047100515,0.6231780405728071,0.15797269374340034,0.10669137824540775,0.49892951956838233,0.16191011707151187,0.14425545488674435,0.44883583231209534,0.012102737414194015,0.6139380015926711,0.24922632868307237,0.25644764811070253,0.2698802220274613,0.42793872565281776,0.14632835159280377,0.28217920809569247,0.05347498630804923,0.33707115877322924,0.19296723970087828,0.20359027286069162,0.00907504363001746,0.1061119765095932,0.1336059592670357,0.19097190017293783,0.04305677306863853,0.6024406593954139,0.7202800989284037,0.6950769495093811,0.33024025470769364,0.3386635973548793,0.39318189658389807,0.08186429287077293,0.47095605678248575
0.8404109036836287,0.6429938003833146,0.39728002062922946,0.5140996718621821,0.2041947196433722,0.16142403481589035,0.12121759842093974,0.22925836758741047,0.39344025351058776,0.5988573527557779,0.6981504709575787,0.4003607937462418,0.48533512537537515,0.29014484707121024,0.3032419841324244,0.3933876774773287,0.6143644559755781,0.16789149373051646,0.11503989819127486,0.4673289372270275,0.15207269617618252,0.13684902482396538,0.4424068280918784,0.013260127192315452,0.5377212606995354,0.3618524164962913,0.3576521981660572,0.17832310838445806,0.29991146415797204,0.19146286448457342,0.2450380565106407,0.0937843241070809,0.3908082195050318,0.1463079608337619,0.14839937813319193,0.01244909831297264,0.07476117199542792,0.10987520708270235,0.18113664200492102,0.02180149042670651,0.6009496138694641,0.6995400823159844,0.675056187878776,0.3015437464653024,0.38267987028153055,0.37371021783594716,0.1203033896310731,0.4382178970750792
0.80724606205006,0.6523187656898388,0.4221278757493327,0.6412530762920425,0.2406920617986816,0.18655189721358087,0.13614520511504188,0.2451868817203565,0.4364876375115792,0.5785845356399553,0.6505564617693277,0.43752254960914017,0.41951282527136635,0.3429139108145713,0.29787611528811714,0.34271808948693677,0.6513626728362331,0.16276924370925233,0.11876740911795419,0.5685535668407982,0.19071755618737274,0.11922538052763587,0.4489814812722738,0.015345731371910004,0.5736061148255761,0.266199829101248,0.26715910825364,0.32620508326029796,0.3335946492241073,0.1440865738450477,0.27959484686000086,0.053938495029512895,0.36878550503870167,0.21296624885246912,0.21356507122428642,0.009831297265852218,0.19225175255026394,0.11004822198196021,0.17446862384360173,0.04263055154283582,0.6232763123897627,0.7141013012504495,0.6894724053968102,0.6003225738882721,0.3070951081155161,0.26245828801269827,0.10710353265488473,0.45118969470855746
0.7801874963711122,0.6715798466418379,0.4508089594007855,0.5690627563576702,0.28981317648900584,0.21999694065784886,0.1686261288722385,0.26966127266950524,0.48242052095186333,0.5666388379444576,0.6078119171543168,0.44702345159350576,0.48429512422087173,0.31493613980334556,0.3684153049014339,0.3063060711593509,0.604354276742761,0.1695579207449903,0.1162932347066768,0.48274385544232257,0.16956457004211223,0.13997725600693686,0.5527044284077017,0.01343610320939273,0.5128194068639317,0.2920425218245098,0.2877169896522159,0.12854221443178498,0.28827809560493073,0.1403390392512844,0.2913546556722712,0.061009267755217506,0.3735628937951736,0.1873110148444286,0.1892647832883574,0.010238510762070968,0.22883198956168527,0.0838730837666781,0.18082463357457682,0.03462380209920726,0.62478621765465,0.729849782745473,0.7046835262928215,0.46199283634611765,0.5452412249577531,0.2333659494503156,0.1375173645912816,0.4778873760781254
0.8295381196347312,0.6720388549059158,0.4241989762651214,0.6535582444626743,0.20521437771949702,0.4222149762188723,0.13331018164187974,0.2628853069488065,0.43510095845223934,0.5714464763548711,0.6461173601061467,0.4156343956704751,0.2606314179590017,0.3924379480843959,0.20425593887905363,0.37074396388459685,0.6421580096185819,0.17876801773671688,0.1302959327017975,0.5299306328680312,0.08344611604677823,0.11400555617663391,0.28787096652576916,0.01864208409849688,0.6374766108473803,0.2935462906062921,0.3020510609915811,0.2995910020449898,0.3474174809704607,0.1806176168694664,0.2619855911124854,0.07753014302228708,0.3161558805776418,0.23911280359347098,0.24960882221665578,0.027894124490983135,0.09042979513203392,0.22986573619326045,0.1659529460477263,0.06654973250373322,0.623385314273245,0.6848227143941847,0.6612546653091695,0.3906076537986217,0.1553261661668744,0.41357706836201624,0.11112368461047512,0.4503482113564238
0.7222645950364971,0.5339024888123162,0.3954852065394423,0.14581624282198524,0.2753779346057834,0.193109917897515,0.13900992872252643,0.2601762012696849,0.45275464649822045,0.6328185437738838,0.681776713589613,0.46560432952495495,0.4855896301760917,0.22958377580047817,0.33583091577257124,0.3588773889983577,0.6708122061799523,0.10962787613110453,0.08401145930805148,0.5344694698980903,0.1816323143209504,0.17334456778101112,0.5056994435921282,0.011300002714700857,0.41197697541695577,0.27662904719421894,0.273199607466186,0.12626351153958515,0.1213149519464333,0.13501865387390832,0.23510025019060282,0.055450805426088434,0.3807797159709761,0.11714509630924624,0.12553015035606152,0.01105293775450844,0.1810707997903316,0.07512056658752989,0.20464798154452524,0.01708208208136089,0.5798310286562548,0.8012348651791441,0.7729684783068274,0.2654322280639283,0.6064623530801516,0.42980814980391713,0.14990155536099178,0.5737682503189117
0.893050336768747,0.6318595873310247,0.3612191153302904,0.7323113207547169,0.24237386433170377,0.17587295069675113,0.18947041714850596,0.20729165108496098,0.38149336454765614,0.5868354013334593,0.698268968036643,0.3375826819001805,0.5482266909441837,0.3267083688322041,0.3773425653662117,0.41022617640417836,0.6248315576196566,0.18101635409292108,0.1286290377185091,0.5694099511860924,0.19606643683194025,0.11416788691337487,0.5138607129603836,0.01668259156025917,0.5046938496992103,0.2566186815904834,0.25247492259799986,0.14279871457785565,0.2711990629039491,0.1505754461880563,0.29006165236503906,0.048551979753464786,0.3933943376110848,0.17835753473042065,0.1769999951688115,0.020477021524141936,0.19426951062956105,0.10127077325971848,0.18201238485130047,0.030372018550249347,0.6242883076439758,0.6738444707888609,0.650694005871502,0.5831465616556001,0.6034649893039314,0.3270702054414677,0.17360589573264062,0.4191406114582916
0.7749593621952051,0.5878753616353287,0.3965842308804398,0.43780762920426575,0.2493367178922883,0.1534488248846334,0.13311840146017187,0.2383330999770037,0.4982235934624448,0.5691348139393823,0.5986097417239878,0.4419723391461215,0.5518853533572139,0.29070564274901034,0.40196207993826844,0.2870027944556443,0.7604928880443684,0.17961032923254744,0.20339589951554593,0.694270788729982,0.14256986654121645,0.3972575409972663,0.23250861636729395,0.052119144044498356,0.5242993581674796,0.2503887655227182,0.24737384295539394,0.09430324276950044,0.36251160483991185,0.17294873743601472,0.2819725851753822,0.044505698212859074,0.4876588861910703,0.2530615182384954,0.24126003948562275,0.19325189063408954,0.16648030895214427,0.14727016480360658,0.1774342440690203,0.04867919117050551,0.6006347663194572,0.71595698027232,0.6908846587431045,0.47816342347248697,0.48430601438705323,0.2732273187872323,0.13189284638434315,0.44616572746731986
0.8116741655774226,0.6146732410896633,0.39321944483500554,0.5801374077112387,0.20679807470668035,0.18192688652854316,0.13065746680724086,0.23819830032830747,0.4215760477891757,0.6308317181804589,0.7021703082258477,0.38761274804570056,0.40946881609077795,0.33135653786182184,0.28122004120760524,0.38906754460385923,0.6928043188295785,0.21288558285297923,0.18148207390691212,0.5974137192772117,0.18384144336216474,0.23329649963033183,0.3372582410528664,0.034948541794161736,0.5639321149977636,0.29482209472611465,0.2939444795369231,0.14683026584867076,0.32530435032556465,0.11945647967731463,0.27647751392986525,0.0659609185367695,0.4110344593783831,0.16082264569342702,0.15766376359898915,0.029144851657940618,0.10649348648625512,0.1067940459199267,0.22725746294103216,0.023493416985391785,0.7075149379342281,0.7384164236012785,0.7158548560331159,0.5242035147986008,0.28685468468821734,0.24581686577628997,0.45554347638023224,0.5039668565068236
0.7247600560591316,0.552541156911315,0.40519987750435776,0.2626640689089417,0.21886083749565013,0.19783427026632594,0.11195291205761432,0.255838535781641,0.4509807738285806,0.6697355202929514,0.7132786489060757,0.4710763680096212,0.4454679620187885,0.36141075163838726,0.30234268562657723,0.3671969557700415,0.6553821247832117,0.16915933148219062,0.12604439227001374,0.5231651965402073,0.1328837926188891,0.1278589628647314,0.33486247549825693,0.016798738260456275,0.5092223436910625,0.2982874856662467,0.29371980479602267,0.15273152205667542,0.3339006467519058,0.14793111548394072,0.2805358471557543,0.061680212956174124,0.42450804392757524,0.1755685317791733,0.16956740254188551,0.08504944735311223,0.0577738662709574,0.1787392676166692,0.18079014468908428,0.02522801892128773,0.5964710201732352,0.7877846381176627,0.7601135253901701,0.4872122494292118,0.34962118796759456,0.5255278100862403,0.09298729395245578,0.539581982990011
0.8402991057155825,0.6126160773733373,0.37563998161076706,0.5801374077112387,0.25119673495579814,0.16336262005112945,0.16668345476717195,0.21628877176035327,0.4397598555750849,0.5861475955348542,0.653989284954225,0.41539386650631394,0.48397038841896556,0.3097051846205656,0.34928513867907723,0.3432822843846117,0.6889732984858808,0.12832567391875288,0.11095254752211925,0.6078616082898005,0.17285435485988565,0.21698862188248458,0.44467216344062965,0.01771943646876642,0.5505160383750497,0.22937906457054674,0.22902002592794768,0.134560327198364,0.2076909484709065,0.1082625502418876,0.25329593393264416,0.03967229840480016,0.44847807012918156,0.13799521477019705,0.13158395397482547,0.04450261780104711,0.18641825926896635,0.05263412878038026,0.2598728924966408,0.015385310188236273,0.8002755116085043,0.7329552812002056,0.7167605917624339,0.5479566829350034,0.4351812847530382,0.3439587268914277,0.44474795300970604,0.49966938316928367
0.8963529406313924,0.6089756078138843,0.34258795095268296,0.667606644790812,0.2160384508004078,0.14429656468678043,0.16550630669211053,0.18645665410674492,0.39931579289526975,0.5491905167643062,0.6568902938466766,0.3868911605532171,0.49159181888657827,0.27983980987736856,0.3339043157050236,0.3566018313833084,0.6747116989914682,0.1582142531534692,0.12567304008858549,0.5715509120493277,0.21220620394439285,0.17865915739484373,0.48270435493573516,0.018517000611782186,0.5337763565169499,0.19204177509264964,0.191088832855836,0.13327490505404616,0.19445851156849575,0.09260161940655204,0.25654617351178566,0.027453407010932823,0.4247929766382899,0.17265056324521266,0.16678164094345804,0.028446771378708546,0.2451821260022341,0.05463457968782581,0.26171006934193813,0.024450854487504448,0.6374345169095974,0.683657787221569,0.6604753485705481,0.4563792128359272,0.5126924555986121,0.2724571918094835,0.1524786569992041,0.4088897323170328
0.8549019129541303,0.6097089779930129,0.36548653795421837,0.684936423297785,0.20223140747584956,0.1390462593228256,0.12271733828151615,0.21497089992248997,0.42868440826975995,0.5996541709329788,0.6725809125020307,0.3969933854479857,0.38037739466794995,0.3507882964105072,0.2675678393902694,0.36860798325735733,0.6871663460155233,0.18552569061468427,0.155390486516787,0.6144557677485656,0.18846096557316294,0.21823149363012,0.37503780680918875,0.02751738930441963,0.5388007917294392,0.22973316588993759,0.22825726169768557,0.1689745836985101,0.35370850525921127,0.1459947360920407,0.30039728695330864,0.040166118375371346,0.38741416752051955,0.24746269864691858,0.24208862457481337,0.036474694589877815,0.12584819197905875,0.19165006807359936,0.1362000814090435,0.05362698204503799,0.6139162406243239,0.6902009902153403,0.6662510883507713,0.46107119666534013,0.2842332214031082,0.28010606630324997,0.08917910612070523,0.43309930634756943
0.8864455803261289,0.6190185984594095,0.35519356530021784,0.7694319114027892,0.19207315360333238,0.17250716230060104,0.13746078446557555,0.20619003176607095,0.4298742291739641,0.5825295196438423,0.6584832568200656,0.38508719182200846,0.37870675398196996,0.35849114359919926,0.2755531124646054,0.3651517821912368,0.7185772050493702,0.19584922335226504,0.18302586054928421,0.6565898775370387,0.2237823947727458,0.30833094271574646,0.3748042320996576,0.04012466658235539,0.6048935193683815,0.3128708387991673,0.3158627030868435,0.2118901548349401,0.36525614634372816,0.15539820380640815,0.26921978647505834,0.07868580169325204,0.3895398424806743,0.2549042795063598,0.2487340806270241,0.04746945898778357,0.13516049649230566,0.1406992587184443,0.15902542663649152,0.05705157487826107,0.6507259324847908,0.6448581056628585,0.6235202903720632,0.40321736034016886,0.28611441369288965,0.27603104662792816,0.11384451055077432,0.38604565025137866
0.7460988793629214,0.6636060528740122,0.4646101161722383,0.3143457752255947,0.21565175348082577,0.5405029979833619,0.13708343578978638,0.302909521587149,0.5425070082866054,0.5516966675469075,0.5538594714791094,0.47973541791942276,0.36557903680840764,0.27605158859943824,0.3212055045465927,0.2721454190427135,0.6988147601442152,0.224914637603009,0.19483574574359552,0.6519654020724501,0.18606187758465942,0.25953684821773304,0.3562736598222307,0.04125944014468369,0.5457944276108739,0.3668212673570864,0.3630044008673342,0.19082676015191352,0.36049173733151907,0.24974592517173658,0.3106126002121466,0.10214753431148996,0.4629974672506176,0.37474426679052747,0.35772130052510104,0.23874345549738216,0.1253005561639905,0.2671848928435907,0.2133546809303195,0.1143648923943609,0.5977349286297133,0.6826206590327437,0.6586988540123115,0.388513018160491,0.2561955442602383,0.3897736733472493,0.12966635243886768,0.4404579445643597
0.7842349752836673,0.702823091502998,0.4708883921665349,0.46067473338802295,0.2158445988793034,0.5130110602738434,0.13293370894794046,0.3077022583389978,0.5400930533652772,0.5362841921381525,0.5428810770255427,0.4486470234515935,0.2991636034640073,0.34997216197227343,0.2603211555022108,0.2783760403409724,0.6667527293226048,0.21270247601470724,0.16943691524284699,0.6012246296137707,0.14629941701817367,0.178165509742966,0.35723728189316095,0.031169721573221953,0.5925767426031152,0.35792429060756054,0.35806418344641655,0.14165936313175576,0.47416489601931316,0.3099994520673722,0.2976005067570813,0.10553032723838775,0.42238580213182947,0.3442115168988937,0.33000927183906725,0.15721349621873182,0.10257452671010053,0.2313910871079769,0.18651226286415004,0.10237993416173512,0.625631181858856,0.6387902682571336,0.6169445267224793,0.35269474874845524,0.19267384662413597,0.337017883441369,0.12443130292076232,0.40259359548823276
0.7633248641291617,0.5661116621986553,0.3894971958498929,0.31598646431501226,0.21356136891935354,0.4094267512709502,0.11219590967472623,0.24953417974018527,0.4339287092975856,0.719683767500928,0.7663696920156252,0.49140108238123875,0.47875025119967285,0.3379748132636871,0.31000225061233244,0.4235974933912264,0.6411322914375519,0.11648578636926071,0.07337022438389562,0.5182838057720305,0.12095228718028125,0.09522570213315484,0.47946020620260543,0.007475626176415562,0.47292676314675663,0.349569984970462,0.3436013109096139,0.10780017528483785,0.30097801828236964,0.22872825293370597,0.24665304823379944,0.08698629964975646,0.4442230309972779,0.12024514810266707,0.11508617434009738,0.05892961023851073,0.04158904246813419,0.09373839525982694,0.2691398628898062,0.012360126544626232,0.7057059620135399,0.7775784929096295,0.7533741208644655,0.6265893047904318,0.33124202835459454,0.21032879323529402,0.4484869026267976,0.5573370891465622
0.8339606654315983,0.6958015218848629,0.43934765853715313,0.6949343724364232,0.24270603967082033,0.21678101278013434,0.14691787805104045,0.26174566648704983,0.49051298911377367,0.5883441713526302,0.6195040339281689,0.4141912206855082,0.37006769763729064,0.4272479092090703,0.28626378581675943,0.3229577517513533,0.6448314848604753,0.205139985084863,0.1553627194738217,0.5462875738631499,0.14559564479226872,0.11844706124593746,0.37247744527999066,0.024064423670379254,0.608142098019983,0.3043201156933506,0.30805915993800936,0.21758691206543967,0.39297674661547344,0.20906423884990882,0.2874415060821008,0.0763176843268735,0.30808947901435957,0.35755773448271155,0.35790191276585914,0.019371727748691087,0.2293286987617928,0.241456163785678,0.13673017407822183,0.12310713125966301,0.6762883634697365,0.6624536024798233,0.6414334329239989,0.4002010850212606,0.3132517254092565,0.361001459930618,0.11222989991509205,0.41511670553108876
0.7936553928118302,0.6897974695007344,0.4563870051714356,0.5871616078753076,0.2147675256961555,0.49441701409225336,0.1448705465267563,0.2931310147386491,0.5294951707510281,0.48450173536678653,0.5094333257931775,0.4217077570655442,0.22720347628276735,0.2996216483179227,0.2091171765145955,0.26130352548926766,0.7017658872072625,0.1761299851991952,0.1564940231064641,0.6129570951443007,0.12327480572792734,0.2764959207403977,0.30067549085568096,0.03207912503001026,0.6108610704134958,0.31948973262073144,0.3229723493419592,0.19979550102249488,0.40766253192026547,0.15398502938747838,0.25700605341206284,0.08681568707720116,0.29874312308960616,0.3961733234036312,0.3951177745362821,0.05610820244328096,0.10710719002954391,0.33758435912304424,0.1409718131824652,0.1545748727919169,0.6742475550656859,0.6593198226534499,0.6383337015630317,0.4683186359732725,0.10266119469899232,0.4068893578385321,0.11804994276715208,0.42748428287257656
0.8466641159445747,0.6313976858033542,0.3855297958436379,0.5827009844134536,0.19062996569498622,0.42002802423353625,0.12271188009511727,0.22588900342293738,0.3559056555473308,0.5847362393141337,0.7166077784746195,0.2853878532772099,0.31353633554024096,0.42855124836383685,0.20755184177334174,0.42752178807021735,0.6076293946549842,0.2507337562387014,0.1933572412863966,0.6307270703091548,0.24147027851885491,0.24893700674251582,0.41480320285679184,0.03207948886941628,0.5003198394313042,0.2731909195187877,0.2686503990966078,0.11872626351153957,0.3010388732227882,0.14047525117526763,0.26775793036303935,0.053961708674473835,0.33796702261591394,0.22471780556861354,0.23122410345597494,0.03612565445026178,0.06563043461085766,0.16749570251956353,0.18926938839989627,0.053225033714200176,1.0,0.7542503163217783,0.7595131265326519,0.621562179258918,0.09231354529026808,0.6561769795846499,0.41237611419731174,0.6076334794646244
0.8526887571243941,0.6673601740500219,0.40853325729390844,0.5933141919606234,0.1560538076782514,0.42409671818903405,0.15193587875425146,0.23496961989180193,0.4816543839542623,0.605715142138925,0.6397522708448318,0.4930246542393265,0.40475685260241323,0.4477578222976693,0.2860189289090383,0.32856882923887376,0.6531244173024839,0.20446721765354844,0.157169507336488,0.5603322771259742,0.03134105300064252,0.12813554559167,0.30853035753062075,0.024386334866800696,0.6901145993758703,0.5024940740809773,0.5088306984260489,0.17373648846041484,0.6431826860427304,0.22496290075478437,0.2191801460982235,0.1985506022587897,0.31492548875513177,0.38200177224741194,0.3790610237824457,0.02728330424665501,0.0799984056107631,0.3340585442373051,0.1456961545679693,0.13219795733925016,0.7009044089991285,0.699946818254244,0.6785959573357622,0.24752309335791042,0.1726085478001009,0.3759643132098427,0.1370252374315378,0.45315422442945585
0.7613160318171499,0.6560816899169348,0.4506737393127449,0.413299835931091,0.19822601027893832,0.489611080805921,0.14545715677873683,0.291321867764679,0.5020703467794145,0.5730652251490409,0.5990939894835076,0.42742032471437164,0.3616523617951335,0.3536588946621229,0.34729148120346637,0.31148482598097355,0.6827226590996814,0.22375189549212976,0.18593852280469408,0.6267877023208016,0.1516880114750357,0.21618688207908032,0.33364553419222376,0.03634576795816277,0.6070965333990018,0.39336811198978205,0.3939388297440001,0.1777680397312299,0.6029222830290493,0.16718745535711066,0.3292718684674222,0.12261017559186395,0.3476688996271081,0.3401041729699245,0.334634302145691,0.015037812681791746,0.13223568147151704,0.2714849868611479,0.2062003515582464,0.10617749759552078,0.6475268296188581,0.7127748031142231,0.6888068126071725,0.47841477974906266,0.22410768946236753,0.4079103527012598,0.15961820268546023,0.4829480632506815
0.7829320105578447,0.5613830931602117,0.37440810479691866,0.09803117309269888,0.23764578517939056,0.17931354724997636,0.145832938106708,0.2195713753164165,0.4505813147127214,0.5709646666013442,0.6342893542826559,0.4163559831629585,0.5601841661186939,0.12790782758109182,0.40994706879096876,0.3138677514370018,0.6882805077459369,0.2137685455894551,0.1799275255027124,0.6231908880705661,0.12092173583463071,0.20766183220445433,0.3283156567292901,0.03144692597191162,0.6306525566684473,0.36140357507165477,0.36574762407863376,0.1698217937481741,0.4117675091485981,0.18498513405617467,0.25218233655565964,0.09667833385968926,0.4077963925077744,0.35709051964806743,0.34334831838358515,0.11416521233275158,0.16081145322049809,0.2386559243713487,0.17843841060619817,0.09577734089347839,0.672478533472877,0.6886874044786065,0.6664958125304654,0.3506210594667058,0.46207542293393383,0.34112770053251346,0.16527430840220564,0.4058506670596148
0.7636344323502241,0.6204870391210942,0.4250693213041267,0.40868539786710417,0.2957308591328017,0.1757382518151473,0.19950956171565903,0.2580012340510728,0.45770641099350334,0.6512797741844991,0.6934768172939114,0.43367408298256166,0.5946681584106338,0.32833737618514425,0.41577801232231276,0.3584257677648188,0.6268909833423049,0.17349626542083565,0.1218929702502794,0.5293311638263253,0.15841035761832925,0.1698387023507826,0.5753523776189441,0.014651627238866066,0.566863948354542,0.31465694615616435,0.31353189710091317,0.256441717791411,0.08664379082676799,0.12595692705863937,0.2680563265561575,0.07264973727236948,0.44590194851741044,0.17024432761562164,0.16250588810635108,0.035078534031413616,0.23360101011458884,0.10756110444624017,0.3454384145714496,0.023067963577481698,0.7838651990633815,0.8273434416675045,0.8055684043042121,0.4718376238453321,0.5509576394410551,0.3197740051112189,0.4205693653940886,0.6254933396121753
0.8957572060485743,0.5495822757426818,0.30019978514931445,0.5906993437243642,0.21362857938185315,0.23821667605522256,0.1294920897035582,0.1752867539761111,0.39163730438001404,0.6492340657585122,0.7382267701536396,0.4145520144317498,0.5603889864744592,0.25058291386856674,0.3489642102041881,0.4183259982034758,0.5997024733340982,0.16958145338656572,0.11644968788537657,0.48287231309411666,0.06692847542462943,0.12911978623587728,0.48823350702503243,0.013494058749394022,0.5312082117166899,0.24567576357388532,0.24322850241434557,0.130382705229331,0.13379401650427852,0.06215458351459607,0.22986350636649316,0.04449070046748155,0.5230138643075796,0.21105032871139193,0.20358403264894923,0.17469458987783593,0.08551513785709272,0.1721665316144649,0.21485388017129153,0.03684296497678019,0.6182088052740538,0.7608072094770341,0.734399207727604,0.400703797574412,0.7852068466473773,0.2662392923489639,0.210045473946542,0.5187282358063094
0.886363994621187,0.5770580838789088,0.32487648909213007,0.609208367514356,0.22318850208496122,0.13059261659561078,0.1556021845853544,0.1785648612424494,0.3053815004285073,0.6271482339449103,0.7868724904563351,0.30228502705953103,0.5730493298160907,0.2640673581888209,0.3114300796455898,0.4690546995367866,0.5794062504291251,0.11041990082426983,0.06440843184007278,0.4728097970369102,0.03888113913497018,0.10638956561114668,0.4512087396902684,0.005339801632224722,0.5592429893631906,0.19027104678395618,0.1923043026293561,0.15390008764241891,0.012203860566829094,0.08659709168728741,0.17988101579838367,0.028161035183665195,0.4530358472518425,0.11110196397083943,0.1056251803238002,0.08932518906340894,0.11431380609966399,0.08243111466871239,0.271348398498399,0.009819567175137212,0.5921141730407838,0.7693981080406824,0.7423381778142601,0.42902327140193974,0.6724316299597562,0.3619399523908866,0.15927874999418085,0.5074106473621567
0.7924509889155568,0.7044213775768458,0.46761364169127295,0.46036710418375715,0.17606937442514087,0.2232931347026356,0.14502308064697086,0.28283552338420886,0.4423919249187428,0.6272678235781606,0.684543471172865,0.40156343956704754,0.4402922676718049,0.25752414344536845,0.2728519015913343,0.37508291418615636,0.6006550274096315,0.11910791552746569,0.06853603962592036,0.5008992035625589,0.007979444515115924,0.1302577848243273,0.3862096987438616,0.00589907814932511,0.687533112310146,0.34836464268973366,0.36194196277354745,0.30242477359041775,0.5474986313825279,0.22383919514059025,0.2556537798211319,0.10771807993460009,0.3857196808499974,0.19538356281841557,0.19410219476904877,0.05840605002908664,0.06928983081097703,0.1448363663232167,0.20860667777942377,0.03635834582920913,0.8361384595864675,0.7757379129054568,0.7605096286229724,0.40392953645713336,0.17305359197392475,0.41349030089674227,0.42853928056361057,0.5888392469530188
0.8255468017771093,0.5947309199122759,0.3714880483114274,0.3746923707957342,0.2422737570808764,0.1046716467742844,0.14012511866603702,0.21813057506056915,0.4131538052379138,0.5957590305793357,0.6810321886581369,0.47294046903187015,0.4919556707638834,0.3212335906610733,0.3178829216929762,0.3694984882881262,0.6121951797794271,0.09511578812385257,0.045957467245236416,0.4894664725528818,0.1068815353500096,0.0664957834955465,0.5409060824478058,0.002888463585767387,0.453467344869058,0.23958604582744408,0.2350490207224814,0.13976044405492258,0.0032714280437023957,0.11553084720340454,0.19311710584086217,0.04035733680177783,0.4559326207806022,0.13679050406009668,0.1299645311794359,0.05308318789994182,0.1106964843794688,0.06253181776811317,0.2467996911356427,0.014927168336664992,0.5969932050255111,0.7515160749095442,0.7251376710732402,0.4419471732892064,0.6342140824763556,0.2642816526718858,0.15936711631227146,0.4983467819572777
0.8989161155401069,0.6307321253645655,0.3573491679594165,0.6995488105004102,0.23535826939806215,0.14299646141786754,0.1765219417912296,0.18892045115433775,0.3606240183336581,0.5879075556686346,0.7152152295902481,0.3588093806374023,0.5288223798291319,0.3284772017841602,0.3333237261881964,0.4005655732689424,0.6148264248363282,0.11803332454954646,0.06790055918371818,0.5065941594587651,0.15207695623248674,0.10148620450366755,0.6141913489679894,0.005329076836253388,0.5422226371368505,0.22110193060447886,0.22016149125267542,0.14604148407829387,0.16584965820389735,0.08451359244584239,0.2892732224201465,0.035568943993560226,0.4317449589964726,0.11253830750875943,0.10941871851963808,0.021727748691099474,0.20140067210003998,0.04427606850559823,0.29857759251024846,0.01093075562330495,0.7978264801160195,0.7422364643860921,0.7253969086630636,0.5320583984415911,0.5114055861710999,0.33319473635709307,0.4368908946908925,0.49781502704916025
0.9059568029378758,0.6283721788728542,0.3519695020981003,0.6285377358490566,0.22012204051259565,0.14335164794598154,0.16505225712914234,0.19426413638224557,0.3904537228149895,0.563789674234904,0.6744171451072191,0.3933854479855683,0.5433827457717479,0.27855893835126183,0.34474884388386795,0.3809430120850345,0.6262010678576949,0.11959163926719185,0.07136816567613885,0.5351545773743256,0.117008673960497,0.11778933683267731,0.5723261139424616,0.006393995172868261,0.5297619694213095,0.25915211304594976,0.2563297613105463,0.1385918784691791,0.07774138630297472,0.15828832856545913,0.19998300342095926,0.04914490453332057,0.44790659685348244,0.13677350304092445,0.130463831926602,0.07178592204770212,0.14276630521009626,0.07321558938959621,0.2947144315776588,0.015360721483910211,0.6181867500968692,0.7170599941334646,0.6922235058908215,0.3097547181667749,0.6069489310366047,0.17258149785362617,0.15629153977576787,0.46104939619453295
0.8692123242046728,0.5695537135905698,0.3291426598507484,0.5590135356849877,0.2419064972637029,0.11937400599940849,0.16380517118524449,0.1839814974775235,0.3408329483241448,0.6360149763834939,0.7659138695104437,0.3777510523150932,0.5930743409420668,0.24642518619314657,0.3547039453759125,0.43937678249080936,0.669306875631262,0.12794463920933152,0.09755901956071367,0.570180697096857,0.18647292799608498,0.16122744350335996,0.4644032603091229,0.012678934106509693,0.6095490962279493,0.22720764045904518,0.23500948977457925,0.3473561203622553,0.22832902362108604,0.1341242970821856,0.29514404258325155,0.043048370802539315,0.3655729399999486,0.17286091498927242,0.17825320460006988,0.04095404304828387,0.26635315712160806,0.039836159413336736,0.190423017628806,0.030470573569490123,0.6180709719868195,0.7314270769195339,0.7060718500484127,0.3856643136926332,0.6176488231826511,0.28489959977284074,0.15996612683555728,0.4596030615472536
0.8570801062953813,0.6197357374155841,0.3714727410301118,0.5202009844134536,0.2060484020890418,0.15060298062440292,0.12786912373667014,0.2006699357788918,0.4208525783472369,0.5709064300480408,0.6563940954844864,0.3904990980156344,0.5878215617420892,0.21223710588887135,0.37967740102503234,0.33702777871376144,0.6611621940463065,0.12349054834975381,0.08915263736588125,0.5948445662413291,0.14068088697905895,0.13963648556626815,0.488375363778631,0.010433346792188908,0.5563023923651268,0.22592468078155598,0.22628492338086176,0.16853637160385626,0.22128001480429565,0.1433098141824444,0.25868223561326087,0.03734840846579751,0.4823747069439204,0.20596364384086335,0.19600564122667938,0.006399069226294379,0.09326152483558867,0.15311042908475664,0.19018912654949555,0.031511834449749754,0.6165276871212264,0.7301162337112386,0.704780010558798,0.33914245616974936,0.6187670158394464,0.1992879520468908,0.1562856133919784,0.4513355485903939
0.8663423085635932,0.5689958026987899,0.33037565320199636,0.6113105004101722,0.28984561651101326,0.08794979674829664,0.21540115541018534,0.1881589795604188,0.3940949990061131,0.610371561164149,0.7063887630338401,0.40414912808177994,0.5619769936168519,0.29572656860625923,0.3805159465508114,0.3866281289143325,0.6484752863070435,0.17795742766366013,0.13148731796107122,0.543333047871885,0.18643579421918133,0.1313385641919038,0.4540052557202132,0.017390824219093742,0.49734405924693553,0.32300585431799034,0.3177148854986655,0.1366637452527023,0.14527493530787716,0.16585472608715535,0.2860454590730189,0.0717184896061375,0.41779531846349743,0.1837802220185733,0.17813738779804705,0.04424083769633505,0.33152782550662396,0.04583764929877099,0.2761931501858239,0.027928417127667332,0.6078317502387711,0.7893673168592185,0.7617745578497344,0.47322008336649846,0.7098318569911399,0.40039003939465473,0.16781164495035594,0.5422136038952613
0.8682475314392408,0.5855052692684688,0.3409064688885588,0.6650430680885973,0.2559327669575253,0.1434595291466828,0.1964886437776449,0.18891376277355965,0.378832681933032,0.5396815262766053,0.6662957495420682,0.35081178592904394,0.493348760899645,0.251733852478051,0.31935934767781954,0.36518656438926556,0.6153464600233833,0.14768708950339426,0.09599400113127043,0.507493363021324,0.1054748084620177,0.12083343074379113,0.45596498558724996,0.00938727428272268,0.5418063462018946,0.19354373283745385,0.19336317354362798,0.1947998831434414,0.16887011588245532,0.08672845405885402,0.2535367998434975,0.02788600661053256,0.3843149262415289,0.14061416997628595,0.1449167074598493,0.020244328097731218,0.242821045333089,0.039264523650874295,0.260706825648427,0.020445438881477956,0.6120046536180374,0.7474171571570971,0.7213842879484984,0.3943151588781132,0.5596257481493474,0.36583621724016696,0.14918226087464737,0.4795975610956087
0.8323832275090031,0.5829069227788043,0.3594143790922186,0.5315319934372436,0.23685721807016535,0.1414679520341417,0.14137783495366926,0.2079637436750916,0.3801092069085711,0.6274014463928137,0.7298087299356086,0.3628382441371017,0.5559717981870662,0.32314983070211534,0.33663650870727946,0.40633185101902486,0.6272835595146927,0.15511723269588956,0.10473878486287952,0.5204247666352659,0.11759901060058783,0.11682094376054908,0.38871107097782065,0.011307242919743388,0.5509045807102645,0.1891010733340393,0.19011545694350102,0.2015775635407537,0.2629320271059385,0.11705659593321033,0.3065468441536362,0.02768931446050385,0.3831129560242143,0.1370759459901163,0.1421123467928463,0.01977894124490981,0.1406749548434813,0.10277228764785265,0.15361440555697636,0.02014419539149051,0.7190232160012006,0.793712890951419,0.769511112490276,0.37787226911878685,0.472131381897588,0.24129241750700686,0.4189734085136647,0.5582131335687066
0.9408908515614609,0.6080368612508942,0.3189577661900207,0.7046759639048401,0.21860439419982666,0.1386410582029512,0.17137668332824113,0.16502900763747266,0.3504133159720425,0.5321594738296661,0.684096563044944,0.3096211665664462,0.5405363118067759,0.32380685241836415,0.3323483575579756,0.38760929807606265,0.6049127381751651,0.16018261026543423,0.10738987970007724,0.5216237047186778,0.16541320741400162,0.12877784519454868,0.5161676515711278,0.011209203159812331,0.5120316326636197,0.19751583666936579,0.1947074661203268,0.1801343850423605,0.15208162941488332,0.15268982651833563,0.23095409953408383,0.027566603131380485,0.3594573524804558,0.15764611765753173,0.1666096633965103,0.01861547411285633,0.2535201716273593,0.11582122791746746,0.18411671210056757,0.027680792405500088,0.6329241429253212,0.6643915970091819,0.6417950274465751,0.2580172179049455,0.5749395044174805,0.28251763841026045,0.15581875581845087,0.3805819374280848
0.8778919116307946,0.6042611182266067,0.3490241014840115,0.7230824446267432,0.18418526076054983,0.31399202083433025,0.1350209704682701,0.20546249829015045,0.4010780336678752,0.6020106905013756,0.6948054724617961,0.3683704149128082,0.4260525606616094,0.44857717834626676,0.28053339525909343,0.3991823775389053,0.6811887390395721,0.16374280693973103,0.13390568223854282,0.5885929605206817,0.12786432449149465,0.20501153949189094,0.32378192870930894,0.02220710473784243,0.5804960518464162,0.246099269547274,0.24861823239540376,0.15425065731814197,0.28778868964249205,0.12351295548671137,0.2966645446062816,0.049483418101867904,0.4059714698232534,0.2113479694794602,0.20560940693574414,0.035602094240837684,0.06665793706243356,0.14937096499618904,0.2011899679463659,0.03919809328533297,0.6028884360407718,0.7173946548405012,0.6923001971153963,0.4505980184746864,0.33082329814736655,0.3434037892844878,0.10976753965225935,0.4736245266498541
0.9083453377550241,0.6262121998438479,0.3491301907362611,0.6991899097620999,0.21424270943895954,0.16186701531556363,0.14124292372821756,0.18954570800846723,0.4264642733991729,0.5791738026592099,0.6584520918274039,0.3854479855682502,0.5715068837238659,0.3342596248381694,0.39882677351849294,0.35118792623149775,0.6347824263906249,0.16879326542875533,0.1191346192452441,0.5551083326196797,0.17552266000211544,0.1427805539348584,0.46462549818129173,0.014434594057014333,0.5476301427094113,0.20734089407724487,0.20735167817880634,0.1700262927256792,0.2664901637815825,0.10238975783667889,0.3267453067468632,0.03286052277791396,0.35675777145559223,0.14065333949780756,0.1529541466502538,0.004712041884816748,0.2306028909071243,0.05979130320262138,0.24929119175145772,0.025043939367554613,0.6418684680187494,0.7518096577782349,0.7262478767756422,0.31993464736809035,0.625773941700863,0.39731962125359077,0.1543695283500064,0.5009221625528912
0.7450129755426289,0.6037843628567436,0.4251172394340909,0.28583880229696473,0.2108721427012137,0.46500864519632523,0.12922308330908555,0.2712108013649148,0.44463448332831573,0.666436620919056,0.7148391346565292,0.46602525556223695,0.3983630595316391,0.38373288561407887,0.2841384516284182,0.38700938299714027,0.6852468409788999,0.15814756805375924,0.13172405056478137,0.586195084353858,0.12452656182796225,0.21310245951663864,0.2914097428384726,0.021924933880778236,0.5288588957499479,0.3177192868115801,0.3137787455286858,0.1467134092900964,0.36558178468008445,0.19080549375588302,0.26777937824744424,0.07355954105796017,0.38765247612891846,0.11773640240015193,0.1239907598367696,0.03251890634089585,0.06257195379505068,0.11395531188814675,0.24150069405128952,0.01653899217659241,0.5737306308755193,0.7803946520026894,0.7528433441093327,0.2765337969460213,0.3449415347795662,0.3792736698698784,0.09602484130683245,0.551823428715323
0.7421832331615972,0.5673530431671419,0.4034162117987535,0.29281173092698926,0.28103052383467836,0.09280909113112801,0.1385689094947459,0.2423719679283895,0.46269601130002136,0.5714157157353598,0.6257878115553529,0.4624173180998197,0.46830389895594804,0.23832824506390282,0.3309001646969464,0.30489241861159744,0.6340851195072249,0.18119976478250785,0.13051873410869985,0.4973023893123234,0.18584417014747834,0.15508925077083127,0.43509087680236036,0.015863855914507896,0.4078431202692364,0.24559810991799536,0.24302720563400787,0.180309669880222,0.11348671497246413,0.1580391504467795,0.24849378560024374,0.04190484079377049,0.3674636423194398,0.17489565042506017,0.17957965392740188,0.014310645724258303,0.18081716313559598,0.13697636452462447,0.18020175344195677,0.03027158374546368,0.6211476894907463,0.8005379661478818,0.772756120108648,0.2990301836995455,0.5900506705844605,0.3780013741560288,0.14410298344571204,0.5421600930544163
0.7141503231580415,0.5808251350854198,0.4294746208706815,0.13376743232157504,0.2289917770745113,0.21287528190673266,0.11591679210073869,0.27400211348300274,0.42489345025108344,0.6609901502326204,0.7239618390664633,0.4352375225496092,0.3905321481752863,0.3462127530622504,0.2570381408727307,0.3895868043452717,0.6165408441897725,0.14397777565959746,0.09260733996531334,0.5001284576517941,0.07617797354258532,0.09034683415786887,0.3141864432608274,0.009188053689306447,0.5628352607552168,0.3321628890152739,0.33026705252501554,0.24732690622261172,0.3855905981398343,0.19669823487050037,0.26001689214505913,0.08009374844757203,0.37213331099016655,0.1802593610905516,0.18324200944995317,0.03618382780686444,0.05185450046139303,0.14961319947752624,0.22828574153440762,0.03237903165989975,0.5557220816616778,0.8228963859317641,0.7938543190659002,0.22284828554073022,0.3380474456063657,0.45394694840951516,0.0902471454419278,0.5966662250103629
0.8357427041214724,0.5120888438515312,0.3101645911874882,0.43114232977850686,0.21226424013688353,0.09896142457717924,0.12234715577927119,0.1903033774993411,0.36120295089392074,0.6466685992434922,0.758604731635917,0.41172579675285637,0.5123140188820987,0.32473942657583893,0.31290097068788136,0.4384825514515125,0.6072864114242508,0.12809012198562186,0.07694286576478099,0.49092232593988183,0.034020890477591964,0.11809924886556436,0.40470677238600505,0.0067188932003926505,0.5599559151217718,0.31887138895372646,0.317048288930703,0.172451066316097,0.09884411217883274,0.12740814654935428,0.1689372039164267,0.07395709992176086,0.48188113678146677,0.1502795729632016,0.14265549539573608,0.0717568353694008,0.05467712351551107,0.10467222385806266,0.21808116095558724,0.01779147241022544,0.608620009908956,0.7069225991708938,0.6822846692088339,0.687773611780231,0.564305470341123,0.2027467245192173,0.16652137846056997,0.44160645114672614
0.8829216272271464,0.5892063954703379,0.3354528343282607,0.6756050041017228,0.2111801530195023,0.11526628782048011,0.13657917641619802,0.18346452753649203,0.39904393457866016,0.6590929536131158,0.7406682398872348,0.4393265183403488,0.5472045883371088,0.2787397068581443,0.3568875179194149,0.3986210157677157,0.7052700870483424,0.17246681245415899,0.15593430424890015,0.6263595101481545,0.11138870993470168,0.2520936219206263,0.29453423501327347,0.028532181003900092,0.5526440221887249,0.2372676901167281,0.23689324559647595,0.1735319894829097,0.226122498785792,0.1436024178685129,0.27419067258629937,0.041151850663428496,0.5012373064980509,0.12847945173795522,0.12312768081859254,0.15956951716114015,0.04513099326635653,0.08931701138130216,0.24177841659090538,0.013306172119711968,0.6841450020362507,0.7562973846958692,0.7319804304835055,0.5609015311786516,0.4757029262561516,0.2872065184442347,0.503863806559143,0.49637130897252274
0.4802434761245739,0.01873575148480683,0.4182396286068179,0.01553527481542244,0.29790527277612716,0.017558619190362335,0.03360668430755656,0.3687275452077284,0.8529438310121069,0.13230771370702077,0.0,0.7568250150330728,0.15641705370186648,0.025598917697440382,0.4891762182124673,0.012637867868271924,0.5754811409472648,0.16576601890779205,0.11649387879029816,0.5513402415003854,0.11639587068933659,0.001227139025710311,0.18498397813813208,0.014869431809971773,0.37822928685300466,0.43549829386808214,0.43124867190593585,0.05597429155711367,0.8199548104472116,0.3294689144049058,0.34330414641090845,0.1414000795361705,0.48409770847600375,0.06691204716847088,0.06308800177388513,0.0602675974403723,0.1798022952341103,0.026316493319148926,0.3923751106946961,0.004066843227201522,0.5714389783539653,0.04086319679127837,0.03947857168380542,0.01466244946691525,0.08658049618380981,0.036014069664764226,0.3690112936921038,0.0017581749234972244
0.5854453225264058,0.28757880837483374,0.37865687418226374,0.2162120590648072,0.4256070091728142,0.10048573014051601,0.2848412251963356,0.3186191180608882,0.5220192076995421,0.5719166233119064,0.58442837013762,0.5706554419723392,0.6082039035038316,0.5106942780961541,0.5584041166330524,0.29996867478518374,0.7380286940317707,0.3769458648264077,0.34502742192208324,0.673417829922069,0.1048496091958912,0.37582413018311406,0.27692837933838876,0.10893934635941543,0.4144211676178652,0.2885617267068057,0.28478711613529706,0.1812737364884604,0.2474958509182874,0.2427581873176542,0.23415160828923087,0.06419043534012506,0.46698774694009765,0.2911838062807166,0.27758838876842795,0.15715532286212913,0.23458424477941323,0.29193432147813214,0.18779753765930265,0.07036904270790922,0.552285619877878,0.4342890080605992,0.41900345188256516,0.28516369577511996,0.4930914627316286,0.27880647523842994,0.2445130372318316,0.18133547096742
0.49749196694354536,0.2502218372463324,0.4377737101307754,0.061679655455291166,0.42459212146842407,0.09246167520324902,0.2183697914756378,0.3345093786821263,0.3748632454213464,0.709113718191648,0.797745362716835,0.4604930847865304,0.7383987492380976,0.7220628543230534,0.49544562315765717,0.437040833270698,0.5282546551223825,0.46165311616635185,0.402696917953909,0.47726299563243985,0.1215559337324371,0.2872639186365716,0.2420309896596669,0.1140203219968915,0.3264455815688434,0.4157269632029481,0.4160313784489428,0.13122991527899502,0.280148464609071,0.3178163927452757,0.2222324818500726,0.12188712183295501,0.5126226727869642,0.35772947479443684,0.34244329512880356,0.09598603839441533,0.12964820234498634,0.23652815955233286,0.14349833591655098,0.09445446078948058,0.490051713457195,0.5296205769124617,0.5123465115957472,0.26476194465972647,0.6069538092229715,0.4269299258609709,0.20066484214887229,0.24014239936122173
0.5873897430215218,0.268998621903747,0.3711371192786515,0.2343621821164889,0.40248342533457615,0.1239940539292352,0.2665717714087465,0.3187124700829771,0.417373816180103,0.6540841395675189,0.7236681019818982,0.48382441371016244,0.6881075950560969,0.43948602043620066,0.5578201682275286,0.4324061373030836,0.5626837008097845,0.462494273024931,0.3971784132729619,0.5425194827438555,0.1269500852351213,0.25123781144619495,0.3278542915218292,0.1243936940935998,0.3139278866334684,0.3633651586751746,0.3667313762087898,0.07887817703768624,0.25484830544828396,0.30038451007082184,0.22690288097495337,0.11092002699503786,0.49498651915350333,0.31490122840940676,0.30070701857924864,0.037114601512507256,0.19642059668425813,0.3569430379833802,0.19037396528884895,0.08360319119415839,0.5358606915271975,0.48747670740600435,0.47050402027657834,0.2034310131752582,0.5287865668182294,0.3042961330586802,0.24807630276837342,0.23145824634645384
0.555729148569208,0.2768443848048845,0.3987579806451734,0.13299835931091056,0.3807327955151344,0.18530719268654255,0.23038121088978236,0.3206166047407353,0.4258028714835606,0.6354022156885074,0.7027807703626769,0.47300060132291044,0.6652666604047012,0.4061911276349595,0.5417620731348142,0.3876906076713367,0.6328240447227196,0.5206804104114788,0.45061690635979884,0.7000942022779824,0.11343212799712712,0.17905474807960534,0.2667033409833207,0.14528495180333878,0.3879473864984162,0.3396157698868171,0.3365463456730511,0.1438504236050248,0.3585006235847834,0.302593032692802,0.27315490931641984,0.08488467376952738,0.5168981173256489,0.37375914385814774,0.35799006973259534,0.20110529377545083,0.09762811556565901,0.47078442599297937,0.15632837868121433,0.11076155181787752,0.551384895064312,0.4801718202636454,0.4632684094223467,0.19578559309608098,0.5037023539020706,0.19972981087572705,0.24080695159217302,0.2099176607290003
0.579111196479824,0.2870621252157586,0.3834864229009782,0.23718211648892534,0.38418801471320096,0.09129716296087509,0.24333418347553273,0.3232630003894671,0.39212786053242976,0.6543990126753645,0.741925410537388,0.473962717979555,0.6927572205295471,0.37808749819030585,0.5439588957046266,0.4504306349131511,0.6190440999869102,0.4430259024072844,0.37617407977474493,0.5835831121007108,0.12609651477304717,0.15945966566635955,0.3214309660188953,0.10998283096332018,0.33716006071957433,0.3018036068444349,0.30462998350015313,0.13447268477943325,0.25014980936564923,0.29096051164369385,0.23240827576549294,0.0762704381359279,0.49274561463978084,0.29580495672194335,0.28234876686300114,0.10631180919139033,0.19765415217156934,0.3267778396199658,0.1959098245597726,0.07292500791109693,0.557609635959018,0.5198054038333038,0.5014613158577977,0.18229613958651897,0.49616777350516045,0.2283634992152721,0.23577704167762445,0.25916395493157707
0.6032619960254597,0.28347526093732645,0.36324485065181245,0.24492411812961445,0.3905083392901928,0.13616479458064795,0.25692445006926695,0.3048398062234885,0.4196221616485171,0.6521088524773737,0.7205003121077171,0.4784125075165364,0.6384365342541318,0.3211459251537659,0.5270227266234605,0.423638141034691,0.5946396689448968,0.4973204701811665,0.4275849053285237,0.5317290399931489,0.13023488149824686,0.2548769005683463,0.24778371290476148,0.13878871656071856,0.33496880601090295,0.38751437079267914,0.3877786164036958,0.174291557113643,0.2611743875614203,0.35536340555227824,0.22504329185399197,0.12024927413691953,0.5001756389131161,0.3176484230602194,0.30353128964126896,0.17894124490983127,0.14089456376720266,0.3576278674533767,0.15007299845326302,0.08416287764895203,0.5183369894552471,0.46169416693337584,0.4460343517318977,0.17519532477325572,0.5010297120005208,0.2738455659881724,0.23632177873238677,0.20584291296832286
0.5497545628445519,0.2936127570241694,0.4088277077493038,0.219954881050041,0.40762859750714425,0.12201906426032669,0.25840114326554287,0.3562446145127715,0.48193100512709847,0.6798627878807346,0.7014361274492712,0.5163559831629585,0.7112576827488125,0.44879567979642215,0.5797717976580827,0.3950747159709127,0.6043196160322573,0.49885954265330007,0.4288790372791229,0.567097713453798,0.08536899175764506,0.28685376476607033,0.2759891683897814,0.14315248284224266,0.37684784192671517,0.4313059202497385,0.4272169479170258,0.224218521764534,0.25674653307552886,0.40666103145233595,0.17797142570181695,0.146320523843266,0.5056096223761958,0.3570886080938767,0.3414939889829219,0.08045375218150083,0.17514207677444532,0.3313761704900378,0.1671568919807301,0.10894161855113198,0.4930950187898418,0.4801885135080346,0.46468212656350616,0.13351207557445385,0.5386202272450785,0.571780669966899,0.24874299460585156,0.22990717238058855
0.5336000715064023,0.28662953472743724,0.41940482467098933,0.13848441345365045,0.2872914110987068,0.23315193409346563,0.23006887182543706,0.5017080876683778,0.8214424528588178,0.4093045795465792,0.26533920631756047,0.7102826217678894,0.1618582200397234,0.48836918149317166,0.5144690002848917,0.11680826885531542,0.7200644924839625,0.5213262155474945,0.46790143680996715,0.8079129913505181,0.1532571477532286,0.445694528683283,0.3013984125733071,0.24151038747255016,0.41570777395883335,0.429060609508516,0.42310111792944727,0.0612328366929594,0.7353799429002603,0.3947552632959901,0.37459197511613235,0.19097151568577073,0.465024354029066,0.3829024176449937,0.3655228257266722,0.20189063408958696,0.12378579696885561,0.4055459202810555,0.2236389376566556,0.16642866871023573,0.5607038909569366,0.28177897756241754,0.27183088609905337,0.07268385664313694,0.16358404744797483,0.4801960400617951,0.29105804865731627,0.10571590811305936
0.6725014139321805,0.3130476223214401,0.3200361963865143,0.4176066447908121,0.35486088574525915,0.04934646346811003,0.23619649083950983,0.2686962237239437,0.24676342092088327,0.6100031029193257,0.8220914909142452,0.46975345760673487,0.7302625783425809,0.39142755639481946,0.509275264101447,0.5980503082154681,0.5479019231562071,0.3574168213945114,0.30117078869016845,0.46664382975079216,0.08713293940875724,0.18374675720607117,0.30004657395944434,0.07849082482065459,0.3820836495247537,0.23199131937472106,0.232043616420874,0.0847794332456909,0.16320299610505348,0.13626829669001955,0.25582683857326854,0.045421524553013126,0.4487415211325071,0.25796780840249767,0.2461889754912104,0.12559627690517738,0.11715630325161408,0.28771825265769513,0.19018868709475104,0.05725603897074996,0.5856066456092031,0.477211385120328,0.46045176506703794,0.3398336859303325,0.5491136251499216,0.2986561120115819,0.25017477564628404,0.22442832961412817
0.6235066163512502,0.27277507857573424,0.3437328033316539,0.259792863002461,0.3777154815078599,0.03892819102792547,0.2499214790913434,0.28061552437800547,0.35689812988592584,0.6351090277543783,0.7530537890351926,0.4629585087191822,0.6730869188895874,0.44005934006601777,0.514100105200511,0.46236767073304075,0.6039446052778494,0.47318028175621435,0.4045046557556096,0.5241928577545603,0.0973954179487741,0.22757906949799553,0.267449221946376,0.12202441288629258,0.3282950815894598,0.3056897798205598,0.3094874934353251,0.12521180251241598,0.2264930111976295,0.27362211652869645,0.2130701791041417,0.07702483878025443,0.4890684049854916,0.29139085540216814,0.2780109653113616,0.23641652123327514,0.1536386545319658,0.3197150518493815,0.16235450428698636,0.06885452492346164,0.5475519900833727,0.49661780854414656,0.47916610988120417,0.3732640707148992,0.5233272749790358,0.32311407693428984,0.23745670603300364,0.23066677314735348
0.5725196615706483,0.2749478479755566,0.3848175781531142,0.257742001640689,0.431658898380243,0.11266919935433327,0.2286950751582494,0.26280501931375694,0.2949958516008346,0.7668386806204207,0.9004210926143001,0.4469031870114252,0.7981746404413341,0.3727598819269435,0.4822526187468676,0.4994373128853836,0.6124669950993841,0.5109437955395291,0.4404165249915169,0.6297850475293312,0.07362982291898032,0.18171172637456376,0.2024792101724589,0.11944972497038493,0.29936087044085413,0.2973376467956755,0.3057081362832572,0.15121238679520888,0.15810023941308443,0.26097250282579953,0.19278565027845512,0.06484141946510935,0.5054312264648805,0.3361994651520124,0.3215060661691606,0.32361838278068644,0.1241790240832929,0.41572698831899213,0.12725903614591216,0.07718180561222929,0.5212026775418611,0.5953746855649196,0.5747925852199411,0.47238222911124617,0.662926902604992,0.2153878710876856,0.2103049887389261,0.2786111717724902
0.6039434114108538,0.28316119288718344,0.36260317463387975,0.33408531583264967,0.4202467310846012,0.12816815468872175,0.25414207612447115,0.24482781263991255,0.5085576654483218,0.5859275950123659,0.605114898945877,0.5154539987973542,0.42874492732202885,0.5290461088738485,0.3712413902831311,0.2568240564390009,0.8044853125885836,0.4339824540340448,0.4280497877562964,0.7520767320373384,0.16214680148451743,0.4629826996405328,0.23258898940582362,0.1410090927184502,0.2743531110130557,0.23153300124362874,0.24950924887087184,0.09491673970201578,0.14851648930243821,0.22885576924379114,0.17071323178364495,0.04693474083389573,0.46244597567994866,0.38220123046531024,0.3648748278427425,0.38824898196625945,0.29580212033704256,0.3838900415004556,0.15547393469437817,0.09859756042469224,0.5477726908362986,0.46550593348848834,0.4491561293024221,0.38828260824029664,0.42451247979838147,0.21088107355833177,0.1963030408268211,0.17039265734073486
0.5864906030353645,0.2751088847858044,0.37377969191420035,0.21082854799015588,0.35471285859424584,0.15276836469094696,0.24387307684761458,0.33794809815759064,0.5206570910089328,0.6226141532458478,0.6277292546798422,0.5074564040889958,0.7408449416892426,0.40468325429572466,0.6301509612456729,0.3468766276685324,0.6631559498097268,0.47172970178494555,0.4081384191900683,0.7046758585253061,0.0936836257605369,0.17399576255582858,0.2704176294883752,0.13882174172438017,0.4406764645562624,0.4477429482897978,0.44086288474068247,0.18293894244814488,0.3289436572534689,0.44139998130080055,0.2543662385527423,0.159666864787455,0.5248804533778487,0.2926346939673431,0.28117359560911676,0.23135543920884233,0.07083933042144369,0.34287829768558187,0.2415244485274258,0.078019679041556,0.4978284431175906,0.4300709084743336,0.41629865773946473,0.1104082444858717,0.5223837784065807,0.15522535032164875,0.27658181623702405,0.19187687309622792
0.6478777573181016,0.2777390982279159,0.3262134364946747,0.3712571780147662,0.3347431038432857,0.06692587438175862,0.2068693844602951,0.28770942911908864,0.3384827858827329,0.615946564382561,0.7528908626349333,0.49392663860493086,0.6823533641220032,0.37596765982501024,0.5262756819003858,0.5100240459979133,0.6258465219334424,0.43414050939413434,0.3681252950160505,0.6446861351374498,0.06669199130440884,0.19498156627841534,0.2455817207170094,0.11155601167845725,0.3898906987549414,0.21408587735669132,0.21386576369800459,0.09775051124744377,0.1766175288012447,0.21511595523675375,0.24890834693175168,0.039708540039927576,0.48910223067078795,0.29058612298808895,0.277241102767658,0.11913903432228039,0.09411567606532012,0.3560481147342463,0.17193927420537639,0.07395082007277487,0.5549396120085368,0.4830603707850645,0.46602919364529366,0.28420016338157983,0.5072673927654816,0.2328718346948449,0.2501300472529533,0.23562059557843884
0.6458212404182354,0.26046683386999303,0.3220784824634869,0.32034454470877766,0.37064681360159374,0.08137607755759596,0.26793745405595326,0.2904083837842664,0.36698320697024833,0.6074767533265966,0.7246964697726568,0.4784125075165364,0.6825448154584405,0.34308805996517133,0.5700207011279111,0.48147718903820425,0.6132745738019413,0.45718898601079716,0.38941652760714784,0.6210499272073307,0.10568950831703183,0.1977669117048324,0.2950724464658531,0.12473013995302856,0.3568757618687229,0.28554142431918383,0.28662414589597895,0.1476774758983348,0.1768280983185969,0.2551094035575946,0.2773017601468464,0.0714381980305456,0.4881077921442935,0.27831360060400256,0.26545887521052614,0.08592204770215242,0.14838478185486206,0.3409873621186138,0.20320741937358047,0.06875539188141999,0.5672695355539766,0.46803144613197,0.45149528624492563,0.2799271066797931,0.5410332447398705,0.14306337055226795,0.26588586860632246,0.2239592086295251
0.6152530160003473,0.29608917634021914,0.35813497509458203,0.34316037735849053,0.2951834505202587,0.16438999475784483,0.1731839379982426,0.32318718156041487,0.6298292697948349,0.5320433706551959,0.4808847367543774,0.6061334936861095,0.5129604574398084,0.2218505634382261,0.5157595213063239,0.2280256831136939,0.7932553035937275,0.48158228129594216,0.4621385210160067,0.8627215894493449,0.10192120887431208,0.5699747013524715,0.19827806559023248,0.2050270676036449,0.46232580061814527,0.38630381401864833,0.3799086886035897,0.1301197779725387,0.4688246060042399,0.3430423252559351,0.29326522600350935,0.12046146467333958,0.48538042186266356,0.3314118996097418,0.3162683991337568,0.30157068062827225,0.17481956739556842,0.14302270379804385,0.18129620711517241,0.09806378992644145,0.5489487387228588,0.3727472253072833,0.35968028577815286,0.22580172179049457,0.2033452390624733,0.15690208657296079,0.16735022189363688,0.14433859417741618
0.6486246687761018,0.32988756108134226,0.34494144554778694,0.3602850697292863,0.5517741565816239,0.06110050051294302,0.47744379655039787,0.3119657906803275,0.6937230128399549,0.48036551842058856,0.3971167225697755,0.571016235718581,0.4574359969103097,0.3769847667523155,0.6566318877281585,0.17328034285036797,0.8026154769788034,0.49592885070102494,0.47915160713280613,0.8485056093174617,0.2679459271215267,0.6127224873767769,0.41441456572845115,0.2255789844182835,0.38309221609459504,0.2595366910444893,0.25869286567142646,0.09190768331872626,0.2999548836824048,0.23406242050334242,0.3160738651729392,0.059915857941967715,0.5011965072568637,0.3792022506204785,0.3624807392057624,0.3076788830715532,0.5846800466331873,0.32322670173049123,0.30685465718682786,0.13162891167360535,0.5655437900551024,0.35466321678801116,0.3421281210093592,0.200624201420163,0.427963056337526,0.1724277111773707,0.31674718419871994,0.13375866223998084
0.7563224505752895,0.3451018773465365,0.2706494593040636,0.4890791632485644,0.5067360397101539,0.06873133395243877,0.33950880535630235,0.1463765729509587,0.7525985456294457,0.6476776250777485,0.5293384224847323,0.8521346963319303,0.3856884224035021,0.33560024347597717,0.39894871303835405,0.14274880721373803,0.9981762787182495,0.4866226674047509,0.6055981973908587,0.9935342981930291,0.31232575164452314,0.7994298322490276,0.19304097497477457,0.28226637803859844,0.32306627442931346,0.26234791585611383,0.2688983528279364,0.078469179082676,0.31579073390813583,0.14508571082673635,0.21440699954338271,0.043904343152047415,0.49514183400623035,0.43197110337678224,0.412832051356774,0.5579406631762652,0.6062239930452749,0.03694729929946994,0.19403982794034122,0.10996247858190802,0.5941671192212611,0.4405563442356839,0.42521763638715837,0.39192727425064416,0.30718642652724637,0.14873963913859334,0.15600239036768887,0.13349564956248028
0.6472691184746893,0.3046594333283316,0.3362983967334601,0.3666427399507793,0.5186210744001186,0.09902417022533397,0.4320512854448053,0.28872276746421105,0.7442930781860931,0.5214086684042408,0.4089411744394587,0.676247745039086,0.39750257356737057,0.33392638385430234,0.5935816678548211,0.1559017751853647,0.8716131487304267,0.4673137470568838,0.4965787167041832,0.9112785818275242,0.32636584897610416,0.7788121654269856,0.3784863080716303,0.2526562955828806,0.35282504307670487,0.23829458225454736,0.24166881190829842,0.04101665205959684,0.31125400284567967,0.19563342637249032,0.3222445961554139,0.05098417937285296,0.5006612470157006,0.3595959357830647,0.3436938829945857,0.39232111692844673,0.5172648036412302,0.32608972298845496,0.2648721049962597,0.1115777866493547,0.5738361990144113,0.36801677207584516,0.35502962119586323,0.23376133721539138,0.3067077642339757,0.18995537521841865,0.2532077128562803,0.13550714639106637
0.6802618375262118,0.31724122283160866,0.315745322488264,0.4741078753076292,0.2353992532404507,0.18392071723290404,0.14427839709327742,0.23142211612869584,0.3215708775259931,0.5522279554168174,0.721411051776767,0.49152134696331934,0.15011512509317976,0.6713221232809805,0.28572644840627226,0.42837020627919636,0.717239948294131,0.46005784321047105,0.4110419248662285,0.7317804230538666,0.03361295460134062,0.2864003832025402,0.21914461228541382,0.12680969347489257,0.36678392246196506,0.4244145879409118,0.4211199897196757,0.42196903301197775,0.7107540257464164,0.025662077541693362,0.28573291768827314,0.12645393979445121,0.5659375363806333,0.2972110510386165,0.2901164985377295,0.4196625945317044,0.07140107386200634,0.40469548899636293,0.1710334348967474,0.07290252844861098,0.4665571966491896,0.4559629181022308,0.44269708989152545,0.24281016317211626,0.13753613824327277,0.4068600552232834,0.11600279661889823,0.18616402990327188
0.6687087501959134,0.31403045083922226,0.32332888213944266,0.36910377358490565,0.5243158541255282,0.12795803172869158,0.4606253868646775,0.28265706088478637,0.670588139923834,0.5333331471058969,0.45822797199687865,0.598316295850872,0.4574344409443005,0.37678034179128606,0.6216031501578516,0.201768992177785,0.8575049262805376,0.46415442799537593,0.48482799390854225,0.8903828038023465,0.1979134837463262,0.7558487969967301,0.29653492518738056,0.2439577683990146,0.3949722136313314,0.23746812927295996,0.23611120262487495,0.11416885772713993,0.2983718530662617,0.1964481034102764,0.3323789732914782,0.04822461736589781,0.49542785950033874,0.33308822670030414,0.3181346826121606,0.36823734729493884,0.47295820035760583,0.27730211321404813,0.27565079668340037,0.09816628807171766,0.5819624771882874,0.36946685538289115,0.35649427319551485,0.22957206593912993,0.3948283528866666,0.17730209776562636,0.29569605749896866,0.1400860612026658
0.6300814208577322,0.343714685909093,0.36461769523257964,0.3925348646431501,0.5009241785161163,0.038402513349795275,0.38657089989375243,0.300053805024464,0.6760486459130532,0.5823725240487408,0.5005555426046716,0.5525556223692123,0.47619040633454135,0.38281584999838236,0.5820740996862589,0.2104595734401489,0.8152739894282108,0.5029149241795419,0.4916835665693365,0.8790357112271987,0.2768854079051524,0.6024924275272258,0.36822080605048757,0.21977375382202738,0.3319900565389198,0.2800038550707954,0.28439712987526766,0.08886941279579316,0.25210549626674333,0.25537892576038784,0.2705396045247721,0.06833900996578235,0.4933811762386139,0.3888575140670886,0.3714868801565878,0.2707678883071553,0.43057105711790944,0.30693297538161163,0.21912072589623643,0.12661741934111154,0.5413752446513228,0.42653411208540437,0.4116539781957653,0.2525083261766616,0.4238815989210229,0.21515815434594077,0.2575977987954728,0.17745251710291343
0.6499141613935638,0.29920428747836947,0.33223658024719366,0.3628999179655455,0.3852372630363157,0.12655719411840355,0.204882835755984,0.18168419586161969,0.48873106295427565,0.6638383818469126,0.6834115440567664,0.6359591100420926,0.5590544328030824,0.42099473192259673,0.3734907795537236,0.25138572859209474,0.8482926705800842,0.4709536585162377,0.4843952233618821,0.85021837800805,0.20702751897762645,0.47663328258146376,0.23129588018580655,0.15411653493951943,0.29899225042272315,0.3311524630793037,0.3378479568822099,0.20356412503651766,0.2700663564768951,0.2660114295475773,0.18294509154173288,0.0654526364035043,0.5191442243318705,0.3894592432088039,0.3731131983179511,0.6684409540430483,0.29190633943745625,0.33545278272789153,0.1351575385109371,0.08727306769520456,0.5049881554952506,0.4765285480606104,0.46072467541892503,0.42468737563100906,0.46783425369750997,0.07502582354881365,0.16806229913667664,0.1514068562723453
0.6468141975269971,0.30674121645956376,0.3374247288731606,0.3584392945036915,0.49178205718639106,0.05406257862598121,0.39683881113145125,0.28940710116941465,0.7718899184057219,0.5210467949089161,0.3961280335766741,0.6699939867708959,0.4024158890738558,0.3693813310800062,0.5988528127042122,0.1447108446298758,0.8771436816721248,0.5091567191865453,0.5331117381161199,1.0,0.4348552390342747,0.7949975065236574,0.4235031792407379,0.2819853557607553,0.3567871329897324,0.24022763945871384,0.24298951224251608,0.12094653812445223,0.2634406949656392,0.20362527381964343,0.3107935349438582,0.051289968099058725,0.515402418881611,0.3870568582555672,0.37061646294101164,0.4275741710296683,0.5336217631638773,0.09977791951938864,0.27549641177771683,0.12983386945829703,0.5582439185306179,0.38062797696903394,0.36719912140618644,0.24264259232106578,0.308498249864342,0.21457916171149802,0.24098012399348467,0.14489045105402407
0.6815180206610041,0.35860600009627297,0.3321032436893905,0.39730311730926987,0.537350052611617,0.06477228382595451,0.3599863727159945,0.20409292741378818,0.6258918214103504,0.6528942939119184,0.5925653202320124,0.7165363800360793,0.4818028727521486,0.4325101191693414,0.4299841591414082,0.21111151207531995,0.8878929163089807,0.5643285426700814,0.5840753964092661,0.9049413376723474,0.378662949447436,0.6365121029406717,0.3365867947293847,0.249213128350547,0.22305637395491798,0.3188308635448228,0.33971799443867723,0.11136430032135551,0.2864119430774027,0.22401006552998054,0.19888391983763093,0.08155763425515716,0.4688212514539314,0.4498517000168051,0.42968153136367654,0.5652705061082024,0.5725063158054203,0.22872791474107662,0.20889323349068575,0.13178975410620336,0.6065680336995167,0.44799919461657184,0.43263910104725045,0.41375337759996655,0.4130384901151594,0.19586374261682873,0.2192992519847012,0.15340685555812786
0.7283264042473951,0.3749521894054905,0.30511096342879523,0.5051271534044298,0.43322287468135107,0.03256673674978308,0.28303287836899077,0.18631269027575206,0.33270646039471397,0.6294680426691615,0.7672890023879791,0.4639807576668672,0.6877385120862319,0.20009164038592922,0.46606752523797573,0.3977776889655074,0.7989265241342144,0.4461559548499164,0.4350820230288522,0.768861865205104,0.16352723165698085,0.4430162275933081,0.2658818685997004,0.14063148340946396,0.32705627987202573,0.291794949919331,0.29634523786207995,0.134560327198364,0.26695273716668966,0.18792377174206423,0.22578792449717278,0.05884576798840402,0.48889643838125835,0.329739491590955,0.3147418059670578,0.4680628272251308,0.3493503037778578,0.24612533153743915,0.17914318671310106,0.07260885096689532,0.5805404885303499,0.507531473419253,0.48965239865034316,0.4496344860811462,0.5150985942914353,0.06138971480426386,0.21741866730204457,0.19906084828640586
0.7747535974213966,0.3444191727932422,0.25683261284976033,0.5170734208367513,0.37664963880202534,0.030607623302425196,0.256457121314658,0.16201084641822405,0.3264872130002019,0.7192949487255651,0.8403104236361292,0.47720986169573065,0.6683240280981892,0.41718213815985167,0.4147507473829291,0.44885126722357893,0.7715334593580108,0.5331625956052776,0.49717396020185545,0.7424852273700437,0.2088476866076076,0.3832953648576324,0.2815395771085409,0.16865166785473817,0.29105581165712746,0.2974435658821099,0.3071546427712041,0.15728892784107507,0.14264660765871418,0.24300764718573417,0.19053178365865794,0.06591116492227561,0.4859817621702229,0.3428844021993225,0.3272733905004229,0.39999999999999997,0.31921047958980636,0.2950657787431463,0.16688267887911978,0.0796166602793678,0.5404803645873117,0.5328797412613901,0.5142195765677641,0.48210133847217285,0.5679711034641513,0.07421731460260039,0.197039895282818,0.22300926884087457
0.7332839166493599,0.3694506896542656,0.29888955711021387,0.5018970467596391,0.4214360379157705,0.0929655619913752,0.2726278150295954,0.1928809746970469,0.4246834121942559,0.7071615975019009,0.7620067927626566,0.6319903788334336,0.6915398255560252,0.28509127287780384,0.473490022703244,0.3768247919145177,0.8422378184367263,0.47863033091905843,0.4868739432832957,0.8240986554765779,0.17112306690250761,0.563732334236883,0.23970260974965885,0.1887280606689723,0.3121040221372221,0.3306640244048167,0.3355583642992285,0.06421267893660532,0.2932010283103023,0.2783782958861672,0.19922375952160853,0.07846276759012588,0.4943537189887755,0.30816899687903326,0.2942401353012214,0.43502036067481087,0.24865360690663724,0.27045787464386895,0.15984914628768285,0.06675457485684172,0.5698882362424119,0.5601961896134087,0.5404099628969559,0.5348861565530677,0.578032941175791,0.18956402824332602,0.2102118075848437,0.2538434177326586
0.6908992269659056,0.31111940923726167,0.3051873151726007,0.4318601312551271,0.36230021750573027,0.06634553081761232,0.20933955123336617,0.21000166142175197,0.35506427289534465,0.7082563026729763,0.811061945791116,0.47468430547203855,0.7299286923271833,0.48805906444813035,0.47208557043685534,0.4402502042316412,0.7954512557255329,0.4860731864117298,0.46709029085206827,0.794125203391282,0.08809375996668709,0.4592295770673914,0.19380090629390836,0.16593486984473316,0.3260684728386759,0.29400325989356785,0.29859172172218496,0.1300613496932515,0.34763428710270977,0.2626921311759328,0.24637350127118504,0.06355067159380567,0.47917293616546663,0.3227894995234917,0.30791178465636887,0.44898196625945314,0.20261045211631182,0.29248819379393215,0.1363539471653533,0.07393821888813437,0.5510465627418092,0.5326229325294713,0.5138649227496025,0.492406945811776,0.5276840282265872,0.16096183440224898,0.20041201569733597,0.2332105248034247
0.7300558897348326,0.381131399001032,0.30682261555700185,0.49082239540607053,0.36197125452142537,0.10165617951013828,0.19385744764612273,0.16282305285442422,0.42598961574103494,0.6793367936883584,0.738146672172019,0.5337943475646423,0.6591304053481992,0.30184040067080903,0.389664706466491,0.3053007047172073,0.8886799809994077,0.4687931319373922,0.5093454247422798,0.8657189346578744,0.17985511898645995,0.5765111564308809,0.19929550705608362,0.18509676331715547,0.3339071841937902,0.36900743443050155,0.36992601555312143,0.32746129126497225,0.33517841212507354,0.11787357047895897,0.16026190963587586,0.07861266989705676,0.5183612015766503,0.37425163005651485,0.3585427669761728,0.6155904595695172,0.25669875832978084,0.16069947194269987,0.12298997391843466,0.08375129655488955,0.4953440160287623,0.5133893351552031,0.49653523824335427,0.4543474162669404,0.5312108946994191,0.14118633823208446,0.1716226585428562,0.18246695351806674
0.5787388167855294,0.3165377291421173,0.3938838581319419,0.3073728465955701,0.4800994607945587,0.17995294999443145,0.320898331692098,0.3283198778553344,0.7266063464954401,0.593301646411849,0.486517282635925,0.6595309681298858,0.5835909591454831,0.3292668443039176,0.6365508546880536,0.18876625654004245,0.827149451395212,0.4964865091587016,0.4927707193009925,0.853900830692815,0.232699291660786,0.624510513219843,0.31297205720705956,0.2220085301490713,0.38469722012702284,0.35158439136929864,0.34850129824832865,0.09827636576102833,0.45038065693334334,0.29715286634063487,0.28213309810800996,0.09587473863874751,0.5024476851437291,0.4045281334454489,0.3867692005121607,0.377370564281559,0.40207033621719634,0.3709115341787901,0.19348145590241053,0.13548986235561697,0.5158685106564646,0.40878983106660216,0.39515844118094984,0.19492679248444736,0.39930350452911845,0.21374378084723278,0.24416348845205854,0.16198740778487336
0.5555615159644758,0.32246680237405,0.4140762458736858,0.2374384741591468,0.3599080363384926,0.06776506495570667,0.19649593005841728,0.35654558685907667,0.8203705315430787,0.5364332994766741,0.39266379399746176,0.704389657245941,0.27556787474782,0.24038371809943876,0.42475059746041954,0.13314166520903187,0.8479839093617947,0.5248537620723125,0.5281279977341856,0.9452770403357027,0.4783823814545064,0.700843844807716,0.3531495020152495,0.26160766422668197,0.37401790356906717,0.2606714415370789,0.2606936160843557,0.07385334501898919,0.25402665898731286,0.24122528022095638,0.32171994084602273,0.056870860962005054,0.4803182444099582,0.4480041238114512,0.4279459530631985,0.37475276323443857,0.3317142016413763,0.16581442191449808,0.1568387470887125,0.16929953640219958,0.5052689943953025,0.3510664300725348,0.34004257696097073,0.10883726775727363,0.12804527949833272,0.2933721925268278,0.15859745268742054,0.12380808916808703
0.5712208911527108,0.33094333646223717,0.4049554405916961,0.325728055783429,0.27336996438559324,0.2186788137141931,0.15789246873588214,0.33187648479356036,0.3103365587311073,0.5952971295577524,0.7602807613874842,0.4743235117257968,0.26966916871731506,0.5084655892264629,0.28117018772558444,0.497373664852473,0.5045824671010805,0.48946366019961995,0.4345975985940758,0.4506294424937912,0.1189514335989664,0.3825280248380326,0.25754104507532627,0.14959668164782278,0.270114427927974,0.4272555180841776,0.4336661810283613,0.08308501314636282,0.5941269172311104,0.09798210012520833,0.3635667463468082,0.1516563035676844,0.5115530074757195,0.26507411289019067,0.2539151543970908,0.17769051774287375,0.043848566050583626,0.34183489498703756,0.21909005875298754,0.05892832383759894,0.4562272667654871,0.5186822833331038,0.5034057608165228,0.028612722816866,0.26885991505287765,0.2980632931388248,0.148512516968003,0.2608456679409918
0.6042892120636161,0.2605596618335331,0.35507111114027506,0.25215340442986045,0.37756420497855875,0.17313869453623085,0.2570963859574463,0.3049583653509288,0.4846395363540828,0.5379263831266473,0.5837086785133218,0.4854479855682502,0.5670605756505612,0.32451117048860756,0.547160166890543,0.3183616126018435,0.6902936623001449,0.4452115297795737,0.3893481721606442,0.7204333304787189,0.17210874386849218,0.24354756576294168,0.3157303188049801,0.12467722013144591,0.348826126629858,0.27726087612530026,0.27957689611034886,0.09179082676015193,0.23523847142933524,0.29226692743839366,0.2546318901012881,0.06527436760346195,0.5115385492945809,0.31175258866336986,0.29846011820221136,0.19345549738219892,0.23193686675636355,0.3547393485289476,0.1765221663850572,0.08280919361080816,0.5274861245032337,0.3945949579669932,0.38115071490040964,0.09993506629521796,0.4542680466007627,0.20838126431146592,0.2641244020919894,0.1525347492530385
0.5615311061828718,0.3362477839433636,0.41442516756330505,0.3533121410992617,0.27805059508533275,0.2012890484970204,0.16242024105371589,0.3782629675758301,0.7849057972679291,0.5715713362406293,0.44090516270154684,0.7512928442573662,0.2529050301142223,0.49902103561688305,0.4538439539409126,0.17140692987376602,0.7129092355935674,0.44221840595617046,0.3933693526008606,0.8091975678684594,0.10830465686851826,0.32998141845483775,0.27297449280442726,0.14086521046516226,0.09070960065186418,0.4927731649869485,0.5259306760744692,0.07163307040607653,0.9565574166887041,0.1328696637120729,0.5214673964549087,0.2654259752892997,0.43883672000874985,0.4277291406149627,0.40904336748802084,0.14520069808027922,0.1962708033059266,0.37884933194719633,0.1619709410631245,0.16507645373879232,0.5902150811353087,0.35926827229229064,0.34677572860909534,0.1305376929683082,0.34862600380543113,0.36987215386887706,0.2570311638402397,0.13593360045209063
0.7041530107024248,0.41759241611971837,0.34340601587825953,0.5294811320754716,0.42269883245544393,0.21521763803418512,0.2180673625293088,0.17636104710577075,0.32624352793996225,0.7719657250439079,0.8824290150993359,0.579795550210463,0.7319249194031592,0.5967448669544005,0.38820069901904886,0.404933144992205,0.791167072626271,0.4611298126627027,0.44360788994463296,0.8107390596899889,0.12571448556247464,0.36786274890389453,0.21544892880306576,0.12407285427906144,0.34266168343902365,0.3333557055571562,0.33445160705062804,0.3186678352322524,0.2505274105846321,0.21512726565056592,0.19565528746562103,0.06346354930704415,0.5252382177505587,0.40632937478323333,0.3895779632388605,0.6280395578824899,0.32584510742357536,0.30297457904068786,0.13176028651098706,0.09691074649502539,0.4458530644358649,0.5813667470373861,0.5640876405433056,0.4716281602815191,0.6411473872243346,0.09112716448452252,0.15680242863287658,0.23231663087831173
0.5772354140813089,0.33743043141721274,0.40271558520288886,0.28373666940114844,0.27544491799111204,0.23067068792278533,0.18099951333626574,0.379447033052179,0.7027070204260306,0.5060982163366844,0.4155908138698531,0.5778111846061336,0.1713678150434904,0.704114207460317,0.3810592373018424,0.18419465944594626,0.8062271076319268,0.5574645645954138,0.5339230239227206,0.9033570266335531,0.2040273545010731,0.6421943025080303,0.24357546805982114,0.2752215957310169,0.33598841360291226,0.3644051971573842,0.36524622188291855,0.0850131463628396,0.507408590119885,0.3555442677823077,0.34205173920890264,0.12123572152604797,0.45807153080939444,0.4324227619058977,0.41306593996881186,0.24208842350203602,0.1667012563750837,0.4952274403909531,0.19287767639853765,0.17392333697759385,0.5733885989129777,0.3722707175250931,0.3591309600210306,0.16889047150248215,0.1496540569179656,0.5709158205451917,0.2450145068593531,0.150778404250535
0.5920293368289773,0.29567914906403525,0.3761971600115578,0.31024405250205084,0.28576203299390607,0.1243070754196088,0.16152880858626617,0.3720546666732662,0.7570249931692606,0.5405865594346755,0.42169805613879224,0.58123872519543,0.27352734469998213,0.432766518346217,0.46771782149734903,0.1804719761410233,0.7281521237019537,0.45395329580666904,0.40933118057380696,0.823070994262225,0.2839906350660888,0.4035664280092071,0.2516067828420844,0.1650413841692523,0.16311302657762694,0.47323725487976526,0.493889361844262,0.06286882851300027,0.8067128720572787,0.23509946502406343,0.5356811796249352,0.24281347020738211,0.45207839231281277,0.3981410607489775,0.3803238729521802,0.2038394415357766,0.2682804966506618,0.28885309228482875,0.16581926971094008,0.15295274864416186,0.5446427628562757,0.33773625349065856,0.3259810122821094,0.0865503445675625,0.23318822020105295,0.2974847454655104,0.2654374631508583,0.12880945268309835
0.6453185805864033,0.33424870169370957,0.34920305946277175,0.4178117309269893,0.38112950342145147,0.08951716361939777,0.2377096470408668,0.291462102535731,0.2899537820191286,0.6923598881519765,0.8467423326510262,0.4692723992784125,0.8144285994323273,0.4137933207842014,0.5636137186256156,0.5910222307811104,0.601978072201934,0.3945081751254029,0.3298438545567538,0.5528817333219149,0.10188371194362711,0.19922683383297346,0.29943232298692896,0.08893936714813824,0.3734392853512983,0.2385472821896351,0.23933611506283925,0.09430324276950044,0.21710784468081956,0.21562761296762664,0.26725793290332733,0.048485686646431186,0.4812380057266507,0.24945437879394664,0.23765423187546206,0.1859220477021524,0.1769430920732449,0.309563692322175,0.16685632449580662,0.0532800659254794,0.5749070285614031,0.5274169477371513,0.5088026057592256,0.306696550135104,0.5953078131991079,0.25658019605753984,0.2460528834585396,0.27365288520900594
0.5919606014148397,0.3014808065582086,0.3782481281177156,0.27989130434782605,0.25359338423138994,0.17209530827944175,0.19642437728366358,0.4084350680620464,0.7024264471205679,0.4555509268884734,0.36978185885742537,0.5490078171978353,0.22353600613364935,0.6247614201781206,0.44033814869092225,0.1846588335943884,0.7407672762737908,0.5414768917268704,0.49296874687911435,0.8520167851331677,0.2212188181672065,0.4844196115018614,0.2844131516544978,0.24979162507826394,0.38941094411937655,0.41955577898815405,0.41493860919393993,0.08425357873210634,0.799114708879308,0.44063894844445906,0.4437273689304082,0.17089874494877086,0.45576538136379435,0.3772155596287812,0.3601969103948601,0.18324607329842932,0.20714759492224957,0.4745686878918245,0.26379861217027917,0.14957423065030506,0.5421709058540016,0.3010605701295636,0.29067086499744177,0.05328753063404623,0.24681029113486186,0.47880320622225614,0.36003520235741787,0.11179576526198068
0.6802686103180982,0.31674520048121907,0.31554318298027106,0.4292452830188679,0.32129369190821183,0.08040493297693255,0.21279452917509373,0.2604486989606805,0.29417707973992635,0.6587329164965183,0.8185676142478429,0.48226097414311486,0.686244815699657,0.322816433773914,0.48754185531989463,0.5605232383296426,0.5869388021630753,0.4121517139528823,0.34716493698843975,0.5244069538408838,0.12944957837799725,0.20820837914980167,0.3496405457321563,0.09654850317699873,0.3584403394251372,0.2692968149163654,0.27075274193187626,0.1527899503359626,0.13070219454276338,0.2420860000867056,0.22584838345846292,0.061015732838171216,0.46333962772435305,0.24750645626318502,0.23576315446092175,0.15680628272251307,0.24565268224281714,0.2735430260663858,0.24168311946538534,0.05178776841726346,0.5589302755114399,0.4805325272647979,0.4635701959582014,0.2143650112063007,0.4806147745357588,0.32831983324412456,0.2248767466285294,0.2245320550995071
0.5812939723915499,0.35457470679795694,0.4061984827240625,0.27604593929450366,0.2690010328690136,0.2230476244483134,0.16910600139422205,0.37964618626577856,0.7111701122092771,0.555489545712316,0.4574569770595819,0.6173782321106435,0.1994411737972058,0.6782391535800874,0.3478130038856926,0.20323884049695373,0.8041270497111379,0.47644806431908016,0.46339056692344605,0.8787787959236104,0.06862134479806106,0.6354757929764462,0.24949436716146733,0.21998338796218062,0.4437636136876331,0.3841975268665405,0.3780479711473539,0.20096406660823837,0.6884124928109607,0.41125608637324573,0.39865079351255095,0.12522545255508738,0.47691047322694713,0.41390657473111864,0.395235165270688,0.2098894706224549,0.12071256568108377,0.40287061014062303,0.16527398632702375,0.1593557376622664,0.5250777454990524,0.38180212086157206,0.36889189242947784,0.18319683291091515,0.11518132661245234,0.5742693329073103,0.20838532738026921,0.1595096536549855
0.5701629869777938,0.31838733588644996,0.4012319563206961,0.2407198523379819,0.31761497771086816,0.15539491271126032,0.16911853297263468,0.367691115543754,0.6638268083448607,0.5355111337054319,0.4640147393028698,0.6040889957907396,0.25972083144299907,0.6772447260680212,0.3455502523766575,0.2118962986143981,0.7602134049887566,0.5435979697088089,0.501946650971209,0.8709856983814337,0.41265700307161807,0.4781107244899205,0.3327128592400008,0.22576178275732728,0.280923289014857,0.32549385998260216,0.33523713787710885,0.0768331872626351,0.2766208234576951,0.34902369397109323,0.3383838291742834,0.10380230771558367,0.46013464015144206,0.40306411009413184,0.38489926660890245,0.2791157649796393,0.2405398584800618,0.4228775128843807,0.1563747545265124,0.14606876050029316,0.5276417210962838,0.3599027921023065,0.34772635203382607,0.14867723759452045,0.14068137940114858,0.40459265296848906,0.22856313366176065,0.1369525443399351
0.6568596513865675,0.32181840343820195,0.33545680005834,0.3900225594749795,0.3599103137825051,0.08948582050192658,0.2255853312241927,0.2695200027348782,0.2739269018022061,0.701261000679858,0.8655847574351032,0.4641010222489477,0.7514383886909454,0.29229180124282883,0.507215103705094,0.5906777657701461,0.5475060472221673,0.41717145090373026,0.35704908133943714,0.4395820844394965,0.10069471231026417,0.2139820347583372,0.23942792324220324,0.10142066516412596,0.36826312246284787,0.25689379360089404,0.2576527108022178,0.0595968448729185,0.20953172828557354,0.22300795170449955,0.2539933159437471,0.053760478746185586,0.4556373309744435,0.24016858897493443,0.22890661841227217,0.15846422338568933,0.12139037719015489,0.27826307013184975,0.1941035511429187,0.047696848605091824,0.5708662468160666,0.5052555807445402,0.48741062288691345,0.3260090907186695,0.5556039988334481,0.35250980470895443,0.2403704044931596,0.24168282967878651
0.5276018928329137,0.2197833675238556,0.40555995483990726,0.10115873666940112,0.3997129727750472,0.09866011396022112,0.2552730504225679,0.3488360750293993,0.4378494129469962,0.6640776020477842,0.7175289025036752,0.4767889356584486,0.632074512746631,0.5447586034724481,0.5165159486516384,0.40811269179002313,0.5813583209436891,0.4638622864055938,0.39655134636773137,0.5296737175644429,0.11787923849940628,0.22247207767008628,0.2961772142246262,0.11977008300524299,0.3184465263264586,0.3676746789121317,0.3703482737227871,0.18089395267309377,0.23487029105636772,0.3273479494355057,0.22733566244385806,0.10979661190448047,0.5109849182678191,0.33029436301355214,0.31614002957027776,0.13769633507853402,0.17623553986678267,0.2571302172834191,0.1656007023082281,0.09025832889598139,0.5054019141646651,0.48986885769744043,0.47355280132680994,0.19909511740432753,0.4903202477719864,0.24975059184295534,0.2207718338307578,0.22918375652445025
0.513762978175496,0.23590302779848435,0.4208467787033178,0.0819831829368334,0.4317604236677103,0.12860198790944977,0.2614253259950038,0.3363594461898369,0.4371305053686545,0.7009980875513293,0.7485690043155474,0.4774503908598918,0.6276340419566305,0.7754251739887136,0.4805415679848862,0.3993636558718009,0.5501692938187683,0.4376648983744301,0.3757530448549705,0.42579429648026035,0.12969598994502513,0.22532287455965572,0.3360180266368288,0.1032950889828915,0.2851174672762725,0.5078131278732732,0.5096088635215892,0.17283085013146363,0.18600882990337847,0.3413106179399653,0.1792168965183542,0.1905310865615706,0.4939027090953824,0.34732032833566373,0.33171593077144856,0.09237929028504946,0.2329984516506076,0.2228626559964354,0.19263925310978208,0.09224165911384948,0.493917480879303,0.5234046622865776,0.5062237048381538,0.2657254770532666,0.5130447409037481,0.3810843524162153,0.19729679568326347,0.24470358584813745
0.5190951731892859,0.2593133555378828,0.4228628710266213,0.10746513535684987,0.39924689030736216,0.11440547096493851,0.22788139284248954,0.35554866197573237,0.436111806235176,0.7258400124432851,0.7701450322111734,0.5071557426337944,0.7110696587340641,0.4370832807559051,0.5272025585360487,0.43715758304939356,0.6025950987617339,0.44093538360857454,0.3739061273671912,0.5994690417059176,0.10460500184839416,0.20329691348316392,0.3096869391232236,0.10576021848920786,0.3581210489928467,0.35062437925248063,0.34968978004614926,0.13754016944200992,0.18362063769538164,0.292074618548909,0.2247863503556777,0.09511634157354,0.4964672078877002,0.28090740960344057,0.2682246598575066,0.13839441535776612,0.17602981003331386,0.2665530713929411,0.19585551128188977,0.0643079774833073,0.5218594075792157,0.5632848701518656,0.5438470318307445,0.1718439077522465,0.5239512192898439,0.20932976102427997,0.21887415172661673,0.2971562041533293
0.5056407914457209,0.2563814921024443,0.4328726926744001,0.100440935192781,0.4781892787083507,0.0712149109627217,0.2857936617540814,0.33975242752338947,0.4313813453503469,0.6874917155623976,0.7411910778744957,0.47276007215874927,0.7112912666320368,0.5632846686200583,0.5319159256741749,0.391446473530373,0.5821769613750833,0.42600167698119473,0.3606262892571518,0.5514258799349148,0.10839505098075072,0.2095125196976259,0.3274711158584351,0.09271493824411098,0.3343191343713612,0.3757957743751581,0.3764671609687483,0.11101373064563247,0.2858700434773978,0.29687709680273705,0.2258332170273681,0.1033760744287356,0.5029733598040952,0.33824612999564874,0.32335511868745315,0.05700988947062244,0.2568967275869974,0.24875308353441147,0.19200757683571795,0.08666863705048433,0.5166933510479501,0.5428654525698424,0.5242825282591687,0.12115372530948243,0.5642923377403172,0.33689085630166316,0.2126279531169874,0.2579463290390459
0.5441596743583762,0.25664221783509966,0.4019696092251849,0.12679450369155046,0.45396907429248445,0.13421254976960828,0.29363046326561343,0.32628729938110845,0.4629533415965259,0.6337877339448401,0.6755331581551404,0.4705953096812989,0.6289805641536304,0.5159475747786275,0.5445760980565558,0.35623268915484935,0.646640550259371,0.47439969807653054,0.4082052931013805,0.76800548085981,0.1108326691840664,0.15607531539527364,0.28187666063918565,0.12205916507936485,0.31339860184348367,0.2784711908909303,0.28566219191508957,0.0976920829681566,0.2168470030025056,0.2697002029220644,0.266864511792242,0.06559793737566672,0.5287828688774804,0.3516061889266709,0.33762087515596806,0.13932518906340896,0.23906755454443365,0.39935500633215093,0.19065675987124878,0.09921137950333907,0.5148862248341007,0.46954465761654085,0.45369233724311303,0.17062901908213068,0.567962034952058,0.1477899243389015,0.24855951308024038,0.20193564682665488
0.5684281597301435,0.6174820024764642,0.5458103826484524,0.43237284659557007,0.656301017038765,0.20315888850014543,0.4057676371699668,0.38964141266118724,0.6161521918962419,0.5915126712080722,0.5418534061693527,0.5822609741431148,0.49478748041856424,0.31055141502770145,0.5261151883537966,0.2318916170377569,0.44498540910213824,0.5582089803277739,0.5172555431627444,0.4985013273957352,0.11251860206845232,0.2974256602971102,0.33558156801096645,0.20751243577691814,0.31800675905704046,0.640076277043468,0.6358596610293512,0.30268770084721,0.11743534090382823,0.4310002464559196,0.2715279265314447,0.29731325946563414,0.4410725940908887,0.7621112170081874,0.729303252498496,0.2587550901687027,0.6419576304550454,0.3806430640304466,0.4261167287454939,0.450043177204962,0.39184891864406485,0.6494925748021751,0.63265528292519,0.052805764437276165,0.8821059058008813,0.2509429916642022,0.23368661825992762,0.3977209680542059
0.42612424892780365,0.6038547818677115,0.6354541771957519,0.21446882690730099,0.7055445841725869,0.2305322101009474,0.4607443007982746,0.5171739374817279,0.7699472197403335,0.7523659719349393,0.6292637627321876,1.0,0.4267198731955771,0.5090773595310699,0.5504926965937585,0.25263685277731673,0.372379697555786,0.6628917534500448,0.6407479927515155,0.3815192258285519,0.12354752987069305,0.5003619942890294,0.33325547738007905,0.33568056139508295,0.24472720034880854,0.808387296577741,0.8060737035802046,0.4384458077709611,0.2885597214266511,0.5241299753587213,0.4848029108484678,0.4981028384495289,0.135590427467352,0.764408718233393,0.7644694705452084,0.045956951716114025,0.6842402969493864,0.3802045108294293,0.43740354511579027,0.5574200598699602,0.2776410646191806,0.7793603538048194,0.7657042619740335,0.030246538614607965,0.7939840958809196,0.340085442628441,0.5279518416986682,0.6154739023926046
0.5921411455321195,0.5381353464405312,0.4850392974983153,0.1800143560295324,0.5173127990463782,0.1881592915529203,0.34462031448555264,0.37984608044928375,0.6137513540095475,0.5797940369188109,0.5327724144873622,0.6831028262176789,0.40783174343785533,0.32569418743775264,0.39773024937346124,0.2478421557823799,0.45551057968570624,0.5993245621403493,0.550488341083502,0.6167680054808597,0.09524109851498552,0.4959114715166259,0.2886067403576387,0.24663422213454483,0.2560338962384822,0.49950102291135384,0.5048587076009186,0.15173824130879343,0.04752442513158878,0.397342644247517,0.22324901588859586,0.2108412708039885,0.41318091407838076,0.7397499391080198,0.7086455888099152,0.2454333915066899,0.5447291736758941,0.518470542382419,0.4422427546918869,0.4609631166075946,0.3972807204168545,0.6876858579512275,0.668813970523729,0.13342829014892862,0.7762547843458518,0.5838440063740369,0.22883497400678104,0.47927082889546657
0.6649558993967076,0.5432736906546535,0.43866135178532717,0.4283736669401148,0.48461365020427843,0.17167074736249655,0.3489791055371042,0.3242103218353781,0.5826058781249553,0.577620558343351,0.5497418068804141,0.7996392062537583,0.45613832518283975,0.16815383122555758,0.416059217364558,0.2634763786356252,0.3909101531422214,0.6140891509125336,0.5896451319540883,0.5123747537895007,0.13416177077266483,0.4446013183336216,0.21711166807159973,0.29448493410285953,0.32169953459751777,0.6424578418666905,0.6379445984434967,0.19082676015191352,0.1349167987731807,0.49838056039186607,0.1875601725887951,0.31941456352830183,0.45267451372171924,0.7539520189411211,0.7213097457955511,0.2806282722513089,0.45356967382579827,0.6313170753395398,0.4404318154782891,0.470163455417297,0.4606275688363368,0.6182974173965844,0.5988185890116622,0.0868854862696634,0.7682383612506083,0.3338891004351634,0.24994351864902578,0.37659591703219725
0.6738633906255115,0.6110796324301054,0.47378422250522373,0.36018252666119766,0.5138488869370669,0.2598489007855753,0.35713056104888374,0.3256734662706804,0.6082066757706721,0.6636702459201975,0.6120044078032119,0.9099218280216477,0.5430567405300157,0.29631620233733663,0.49850133329417484,0.2781896268804208,0.3052567248373429,0.5986273946839,0.6226923661382834,0.32414147469384264,0.15616911158045474,0.5443207926029662,0.23194328388045207,0.3460569074109441,0.4426137801971122,0.7587022921872528,0.7480235183015869,0.30505404615834064,0.4165085171251264,0.521440846742149,0.2488790253510008,0.41478366130299793,0.2211844815223281,0.7658886928917635,0.7512522050832442,0.04607329842931937,0.5756983585749467,0.40145485168629536,0.4014139398899904,0.5137609971851506,0.49491681949696165,0.6035266759075072,0.5833142012564069,0.0980708405772816,0.7138993254543593,0.20618780734553802,0.2535138379970532,0.3422944910684177
0.569952634419202,0.5708194026948703,0.5181938264344028,0.4008921246923708,0.4903353110846346,0.42772633476705146,0.3202210287260005,0.3688169497749502,0.5825396305233426,0.4897902596492219,0.47572589779049734,0.5131689717378232,0.42906167939136436,0.4584260839920632,0.45108899754238413,0.20755817705710583,0.43192309487300945,0.6262674988943394,0.5832954391548447,0.5262481801832662,0.16105549828429755,0.36625641879122994,0.1981527943947082,0.25426104056373044,0.471486980471413,0.5964247250503901,0.5875337030812433,0.21244522348816827,0.40283506268198577,0.41400266120707385,0.2692007159367795,0.2467920093017356,0.405585179345367,0.8216466367913351,0.7873145896668161,0.30180337405468294,0.4318025511695659,0.37101446292721574,0.39797080201455504,0.5178522954009143,0.44787989143356893,0.6779783574596197,0.6567363397389471,0.06568777361178024,0.5982106763879875,0.29630626129501214,0.5469691877113798,0.4179626523571044
0.552576439090581,0.5429783958663172,0.5150292294076714,0.20729081214109918,0.3826826318984009,0.5586001900438341,0.2655378752077179,0.4174287273128835,0.6398580129626935,0.5402489622229703,0.48213831571907206,0.7269993986770896,0.4000865798356365,0.44358135137728755,0.4592739566999007,0.21696509803210112,0.36275626576505876,0.6408845721534722,0.6262697642746214,0.4902800376809112,0.23293013999925674,0.48541897658415667,0.24660955577988256,0.34470282980337597,0.5179796371890255,0.7923938536205891,0.7816372890038545,0.38843120070113935,0.748510767107416,0.6797821361961318,0.2894833437546108,0.4830981477822887,0.27837284847273697,0.8166174024511155,0.7917294601128855,0.07178592204770212,0.2691142381657939,0.44440357063380526,0.4208412343785419,0.5951473442940123,0.4954819227620997,0.5309558091520666,0.5134348125833492,0.04038457510316082,0.3076495322345749,0.2877234209486183,0.1914305774741491,0.2834908185266108
0.553185240052763,0.6021520060225339,0.5471453277202123,0.2026763740771123,0.5990280982565872,0.24107746625679072,0.35911988012346335,0.372879217424399,0.6039530710101835,0.5833784827997469,0.5417726601164465,0.7651232711966326,0.4370471324067473,0.42897571674007184,0.3941099090079061,0.22178795132241907,0.37250715036804477,0.6360256253940988,0.6173453845595169,0.4454911364220262,0.12102280487967491,0.4456911338064585,0.23346211155088592,0.28678041007417043,0.3589369618864724,0.6925698523269588,0.6850933968876469,0.21577563540753722,0.19682913532921387,0.4779967786848569,0.1937719934557217,0.3228793066049398,0.27420949612192824,0.7601018216215665,0.7387981515125747,0.1573589296102385,0.5291156411619783,0.3124250456121647,0.374193825461777,0.4496525723968796,0.4771728484831423,0.6691464138598885,0.6470663597778998,0.1776251021134874,0.8078810663273414,0.2702492134452792,0.2145447191120321,0.3875707970069469
0.5752496026738878,0.4667872841519616,0.4601953560115366,0.31096185397867104,0.46812524268060257,0.278543229050276,0.3372464954448765,0.3478290004803195,0.5967318010664089,0.5838713300876187,0.5465460993261155,0.5167167769092003,0.39845907025589267,0.5073318034204115,0.4218555538884369,0.2433729319499821,0.4281934087102514,0.6022633256056269,0.5632289006263064,0.4597071165539094,0.1470127388044804,0.46086354480635905,0.22296584078935983,0.2475149736819574,0.3515055530794202,0.5264464499321257,0.5221930229451858,0.10081799591002043,0.34067643591350677,0.38165727592575127,0.2872678604921487,0.20386200569950497,0.3506043642033325,0.7945278068597326,0.7643263944688736,0.281326352530541,0.3869867018612622,0.6620088382589353,0.38128228357598604,0.5064041917515681,0.5584389710347348,0.6787093204823831,0.6547499759866351,0.19792212144697433,0.5072190905648654,0.806183741278797,0.17843959132758597,0.42359639178013697
0.5461284132520022,0.45845468542020595,0.47739391166259837,0.05942370795734206,0.5191176657792543,0.1814594500962287,0.36239271069416906,0.3777667152863284,0.6103560776107816,0.5326112511490679,0.49340786610371773,0.6686109440769693,0.3564436307772231,0.25961498362466345,0.3952848028708104,0.21951344391663138,0.42105791227398465,0.6869575920556954,0.6419541989802,0.5215380662841483,0.13294154595043617,0.5296676779025746,0.2506899765800501,0.31962441730770486,0.38063606690824814,0.6520587006665408,0.6442532916190323,0.2874671340929009,0.22646996437588374,0.4113360145527426,0.24224966375864218,0.31430675780878986,0.28565329681720575,0.8146433384876888,0.7890916150821319,0.31512507271669576,0.5986672539344424,0.355144050261993,0.4120930656022764,0.5612426366313696,0.5890688067838001,0.64847811132965,0.625676856319666,0.09515929704027985,0.5892332693369687,0.49294029226664166,0.2320753177868081,0.39752796167748744
0.5588284236662849,0.5483931356552354,0.5135776097429141,0.2625615258408531,0.5005045769931871,0.24522811870133882,0.34833990486011573,0.39229328692094706,0.6346083191964295,0.48733114002622174,0.4390975655277956,0.6823812387251955,0.38584070153597444,0.33760132357839673,0.45676238795424734,0.1872117476436298,0.3652385509621521,0.6887836067932386,0.6666208697202547,0.2739145328423397,0.16311150196168503,0.6228136127169706,0.2254866470389279,0.3609736075482526,0.3723039407707216,0.7624268368531856,0.753362972026905,0.19535495179666956,0.19176075115083704,0.45289565197352766,0.1952241573894679,0.42819146492845456,0.31764261675826444,0.8169687700344772,0.7882608627895941,0.1091913903432228,0.43166841447605786,0.5751446063651751,0.40446984052694207,0.555434610804912,0.5949992700983691,0.692296403730039,0.667999567686519,0.1376175614251901,0.5941518736505942,0.2081249343489614,0.22184942046342118,0.45295517176426314
0.45258527800007725,0.5505850854856924,0.5895638499658231,0.10992616899097624,0.5220520711314645,0.4197334516688085,0.36966923096005866,0.47150926440749213,0.619938953370559,0.6100869031604725,0.5564732065270565,0.5707155742633795,0.40272947471408194,0.5383205597764442,0.5078870659216294,0.24496940630763928,0.3694840041667188,0.6982817956263506,0.6730071494257515,0.42326796266164257,0.18413340869278377,0.552470770872353,0.260765251609999,0.36009967123631376,0.35082774136266526,0.6798670725752078,0.672985458068692,0.30815074496056083,0.4471779241538703,0.4920153354028767,0.28698370647126237,0.3393285755554503,0.20058764701528908,0.8060785801451259,0.7918714399728676,0.04607329842931937,0.5221486615306545,0.3495134869498977,0.40906766067676115,0.572588247640774,0.45335576223717267,0.7033689929366063,0.6808991367776857,0.05115100228315286,0.531764606451385,0.21184593223358905,0.46042628222301785,0.46736041005027334
0.6328000603468545,0.5145145208627673,0.4442187172540561,0.34685192780968005,0.5462787384823733,0.40589340262831697,0.4019453573971725,0.32906632224761845,0.7021268668827569,0.43629770029156234,0.3528334162157996,0.768550811785929,0.4313993894060885,0.4060257592965975,0.5774506437575662,0.1338628007032423,0.4086686179907507,0.6078619163499697,0.5762736848667785,0.5175130598612657,0.12569118733043202,0.39499877507113845,0.22093933954013742,0.2703540046074156,0.35302390368143255,0.741967132543038,0.7340022451323973,0.1649138182880514,0.3812084897032601,0.48794612271856624,0.23445109636994885,0.40764900600818377,0.42256520307885304,0.8591873875575449,0.8227270528387609,0.4365910413030831,0.5420052563819685,0.5832747249490893,0.42092547034359007,0.5964567902755182,0.4911201849839407,0.4765428067132292,0.46125627413238124,0.07412915523344718,0.7208958278735438,0.3120815995439665,0.27311736193219693,0.2180532706572845
0.5156488277894409,0.5508807267240163,0.54500306814362,0.10141509433962265,0.49766306372256447,0.20477503305598962,0.39495730633412723,0.4323880147514607,0.6369053093784509,0.5808174933814044,0.5203297044473391,0.7242934455802766,0.337481864420621,0.5710870161695011,0.47321948187968543,0.2280941404288809,0.37863894460359954,0.7456133715484952,0.7109049017257264,0.4386828808769376,0.2099254532017834,0.5549780560611747,0.2963822497153574,0.4012010052751847,0.13876096028074897,0.7187402906621753,0.7303473938736624,0.13321647677475898,0.2927842584413761,0.46173360783109707,0.49839430519158345,0.4298622857990356,0.26109055203501225,0.836077773803001,0.8120413417776253,0.03254799301919717,0.4266088490495388,0.4726121657463481,0.4072734796666241,0.6049679199994222,0.5405378647793477,0.6858763096837435,0.6617794070469026,0.0748413313504116,0.4553457871115348,0.4393708867916722,0.5941027588827031,0.45142164178055555
0.5390378920622932,0.5904213717693954,0.5501225104632799,0.17386177194421648,0.49839932742196724,0.2956551043090523,0.3243040256486516,0.44353880515685595,0.5769342950832976,0.5858537727331503,0.5604196696992058,0.6427540589296452,0.613932608805727,0.1655652198206431,0.5457719960406153,0.27841726315172843,0.38796760507104755,0.7725259828107036,0.7312675790447338,0.4775627301532928,0.11420746341960039,0.5518809422798231,0.277399497525157,0.43357724777035705,0.4507971083395144,0.6887654342966726,0.6788495315795857,0.20633946830265845,0.30532395917573835,0.5488823090774935,0.27034748165573325,0.3650548419057239,0.2610175909262996,0.7797220496697965,0.7588819248403834,0.07481093659104127,0.49834117317716864,0.40901884314180714,0.4198157197843645,0.551845279864407,0.4486428243196685,0.6596353629447824,0.6390797038903544,0.06960474225508476,0.7850933956371086,0.4573993188781682,0.24422632986798654,0.4400734800308497
0.6628361927800515,0.6007409708771633,0.47437130195335425,0.45995693191140274,0.3957524558222033,0.4583511745701344,0.3600394893633304,0.36249393518250383,0.6665125092972524,0.5872792552303484,0.51011577955835,0.8386049308478654,0.37740925408410003,0.35973832642739817,0.47900722862067485,0.22954330590911665,0.3895257867376441,0.6992580493560221,0.6652443750083364,0.4659587222745568,0.16928086011007404,0.5081292070196506,0.24258546749803833,0.37820478109280575,0.34819456841089214,0.7640217319943694,0.7559395164540694,0.17914110429447852,0.4208339032845575,0.6382248089234099,0.5426570253351504,0.4662750575481507,0.2507430114128984,0.7899560157979042,0.769797572168683,0.024665503199534616,0.4018844940945596,0.5444561760616935,0.43878561457818244,0.5825077893867167,0.5451624784371008,0.5657540978504979,0.5458731977562127,0.03510609329507133,0.4602405445216685,0.7055012560119862,0.2938252489575449,0.32682442648303
0.6161691738728453,0.5930694627555997,0.5000084531371073,0.39017637407711236,0.41644364852831145,0.20357193791261813,0.4001776305587652,0.39450486681838187,0.6312274983727574,0.5850242886589511,0.5273573307432353,0.6107035478051714,0.42318253766984315,0.5937363033127425,0.6130048896174924,0.24926361874145966,0.3918071121126095,0.6737281082546561,0.6416648830833751,0.4585081784704976,0.185370453411634,0.46359399370363796,0.2979913177440664,0.35533431479885386,0.34079255385958307,0.6994371934170038,0.692757721650065,0.15404615834063684,0.4256511651737879,0.5520651536236805,0.516462136597828,0.39375795531384894,0.22423587993643607,0.7600872927991327,0.7453798865806943,0.02271669575334495,0.47662474775245534,0.3044764763842134,0.4522526591551162,0.5535122197797955,0.5442624787237798,0.6561961947740117,0.6331168807626915,0.08225634150939445,0.5076695141239953,0.3802397563722549,0.24040665224757843,0.4391124254724254
0.7338099383274878,0.6145919444504044,0.4389817509632686,0.7702009844134536,0.3222221941608444,0.24486102739362592,0.35017102732629785,0.3144335709791293,0.5870808825217845,0.5202912259066854,0.49790478195355237,0.661876127480457,0.44123039217565263,0.2829066881982851,0.511379194151297,0.24481210474154338,0.4139806012018291,0.6242230214086228,0.5885253877346563,0.4335873940224373,0.17436074967628956,0.49736431814212706,0.2609226469931063,0.29657420560935466,0.4693080469619203,0.6433870931117348,0.6339393141488695,0.1936897458369851,0.4376910674819793,0.577748641732883,0.26783479049894315,0.3227190842840727,0.29946630870212443,0.744504883314633,0.7212429151950444,0.1285922047702152,0.385732132260314,0.6166401816382765,0.4259446309701586,0.5002098392864757,0.5675137218724565,0.5705105471181193,0.5503577706618882,0.0801407595148824,0.49048734727316856,0.6842609326497038,0.22032642208605374,0.3280538486477977
0.6770245875889298,0.5652231447011423,0.4436683534617518,0.4212469237079573,0.3985170567492915,0.27982203863751154,0.3226407122509233,0.34047299330014,0.5687589754763369,0.5222182609860889,0.5117528625856418,0.6504509921828022,0.4037797710231282,0.5027267357272657,0.5418845903486478,0.2617748912367565,0.4330978131428034,0.6573126343357526,0.6108457373712253,0.537895007279267,0.1743282909527108,0.558426901994822,0.26815704529621953,0.31317988543656383,0.4166394247276337,0.7206285007341067,0.7108203509682978,0.2196026877008472,0.5184863510920305,0.5799136931073039,0.31845778483426795,0.4104558155927886,0.259958962426173,0.7485967950044294,0.7297058621644379,0.06529959278650377,0.4631100747017244,0.3197266327320828,0.45972655564401704,0.5248420771239422,0.5387863854973131,0.554720555674288,0.5353044877158264,0.061121467920655204,0.4511147162344458,0.18526824077588744,0.22371592167645704,0.31447418680126626
0.7706003473493098,0.5698476227218208,0.3874355818782194,0.4853363412633306,0.3511655107161321,0.2583746352493107,0.34840521054532075,0.29463051327393985,0.6171806684756073,0.4946301183696307,0.4565425330232341,0.516235718580878,0.367038784342116,0.4177332555318236,0.49165712083766555,0.22810836897403958,0.4094159099892438,0.5743474840854181,0.5464829817499741,0.5217093431532072,0.18972594653749641,0.43525369973143435,0.2490328741553855,0.28056996031144565,0.42288621005362975,0.7338974711822699,0.7238002064665927,0.31846333625474726,0.42969539264907514,0.5668635817541675,0.2695555664384569,0.44598725003570716,0.38842698997597436,0.7018739326410703,0.6735383029042599,0.34290285049447355,0.3972090590379611,0.4986127311862523,0.5101529709182238,0.4553850362401385,0.5065029507695129,0.47404221566527227,0.45828096773566207,0.0770825914832115,0.43196543958630457,0.32477653551269436,0.21963839003899044,0.24298452574326532
0.7274141019623824,0.5815737530333578,0.42163475692953994,0.677553322395406,0.4474774750768203,0.33339601831539445,0.4072602486420557,0.2787556130752064,0.5321536691461978,0.6041747038874681,0.6046287203395415,0.548526758869513,0.3709661043685616,0.47215606268130894,0.4075692500576479,0.2949699870721507,0.42439114961576874,0.6446804486968738,0.6026789072124815,0.4753789500727927,0.1503865123726286,0.49958031897140964,0.22733368630944129,0.2784954745964596,0.3785670094038783,0.6493157608577154,0.6416332802985775,0.16640373940987435,0.2989709344707405,0.43200895968913383,0.24377391827760383,0.30362573366820933,0.25944890582457897,0.7481902298435812,0.7293886009177846,0.17393833624200114,0.5192752455935661,0.47466738707663936,0.4104085123566514,0.4727464355046803,0.6542711729710349,0.6324873997085607,0.6117399484843854,0.10397771307681031,0.49797799998630177,0.7060115167051817,0.22767639149350813,0.3718215880655522
0.6306203078316084,0.5385443744732523,0.45899693837481215,0.46180270713699745,0.3601346521675834,0.369527767043199,0.2793537528383263,0.35156240857891286,0.7040633992559868,0.45485987792126226,0.36820932758900937,0.6218881539386651,0.3175344073631524,0.19951985191030117,0.4427714811048595,0.14543290797824174,0.487778767585066,0.6941662278574479,0.6284046788482799,0.6707630384516572,0.1684609570062996,0.528124169705583,0.26584222372092703,0.3027919085451244,0.5113557793748744,0.6914475352545698,0.6818195536082583,0.14382120946538124,0.5544928851817745,0.597818305087654,0.23764657376388815,0.36396408593208773,0.25411303213773107,0.8831825313422176,0.8573318013643996,0.07547993019197208,0.3475619111716852,0.7311067600245528,0.4049534959861168,0.6899407465980938,0.5258024669762233,0.3616659435189431,0.3494771694529192,0.13780607863262187,0.26157936300455564,0.1948742195025452,0.24772861186833503,0.1301279566797449
0.7132959382690548,0.5494050866262974,0.41064533552477084,0.5679347826086956,0.3889195470346655,0.2163557872846435,0.3206802925828684,0.29409035247577214,0.5825114773718422,0.7210132096443753,0.6788123072393197,0.5090198436560434,0.43260452979177627,0.7000466341533285,0.4049465848700655,0.33823858402422885,0.43398677460798585,0.560104758984175,0.5233359943990441,0.5185835402928834,0.061219217819252686,0.3330328341245583,0.2636724024505182,0.22939440380445106,0.5027132524167229,0.6132783903011416,0.6044641242007835,0.25541922290388547,0.14234212979551858,0.2977154330170871,0.23740251605282794,0.2830940516804651,0.5509121757685405,0.5725538328836945,0.5498277169217939,0.41925538103548576,0.28845029582273124,0.6290816651349149,0.2212671542414816,0.27688680557884626,0.5440958781862133,0.8217610817282126,0.7928202052331306,0.1457656940575187,0.7982627891401286,0.34556296786072904,0.2142852594150196,0.6538815580444306
0.6595946096384049,0.4207468681284491,0.37693528956550226,0.34121205906480717,0.5439137522386459,0.23747679423200807,0.44015714881659906,0.2791547247842887,0.5933379054039651,0.5641718937510652,0.5313869639397243,0.6647023451593506,0.433620379235063,0.4498229506621492,0.4840164794265083,0.23680498450630716,0.4522491618360678,0.6007331315110768,0.5528918996674332,0.5503982187205618,0.14060981211979867,0.36883819596075496,0.23247930521265064,0.2334360338122618,0.31824300712013354,0.6097805931700031,0.6061585537723508,0.0813321647677476,0.3851120825312788,0.4485818466480094,0.2459834265559279,0.2745474401659107,0.37004009398799464,0.7747143212144025,0.744160690015615,0.2350203606748109,0.547732907909693,0.4639787168397306,0.40580512768586285,0.4782667578450468,0.4667431130648313,0.5224460875607934,0.5064663978617459,0.20778785530257013,0.6655459748275021,0.5516235284073739,0.24173407747057823,0.25644574619749966
0.7023762301718259,0.5818100634978667,0.4375227108164443,0.584649302707137,0.5227911385422497,0.20147389349291123,0.3955371604047714,0.2983412778842479,0.592516665540034,0.5379970354070285,0.5093563969784054,0.4976548406494288,0.4035182704734189,0.40744929643006755,0.4524296541567636,0.2295843293267466,0.4331895817232476,0.7087489037381185,0.6574555725595156,0.5850389654877108,0.1217239856516898,0.4891518615386311,0.22347430737388907,0.32496504714141417,0.3120378250769712,0.6714291460581092,0.6670019556472987,0.17668711656441716,0.24964375187407423,0.46502733546107944,0.5483454605939941,0.3363897447194474,0.5186465447788122,0.7865410990466026,0.7530913551921203,0.6689063408958696,0.5161415053973215,0.5784439907415393,0.18021785831211282,0.4932554868466471,0.5043061074840706,0.6029680330466773,0.5825048812330907,0.1443203954672085,0.6819668078761607,0.6852575250861679,0.24219040737066233,0.3410983201491412
0.7090583894217043,0.6114105183800511,0.4520462826990072,0.7097518457752257,0.5252725246584794,0.2048787589160804,0.4203143934935969,0.3165531563246895,0.5881633322063923,0.5421152270995965,0.5156662524211545,0.4876127480457006,0.47757096988188596,0.4703535447455236,0.519125237859838,0.2438877031229401,0.4420116026351408,0.5806258241558349,0.5384912601264185,0.4856983814335874,0.1353242959924085,0.42035005773075196,0.23902262467128782,0.23817612179563924,0.3983506958749289,0.6087137974178177,0.6008679150749676,0.21229915278995032,0.23502065479305356,0.4593243021058057,0.24127803188648275,0.28061471825654755,0.39935887777048884,0.7401287179565459,0.7095683604051163,0.14991273996509596,0.5656893893487771,0.26941381574889006,0.4708522408355333,0.4577533327680475,0.4994627820867952,0.6172527000871504,0.5963983366410294,0.0543557948094929,0.7381719283268589,0.18557868696351945,0.254803088299365,0.37190130713307235
0.6441053906590349,0.5989743779745893,0.48532629794084187,0.6543785890073831,0.5190883409003813,0.1274767966168484,0.3524904902923713,0.34636695943459195,0.6151075049270937,0.45282499486541244,0.4231485102225405,0.5211064341551414,0.5004935863782727,0.3418497645584242,0.5471026424415739,0.18585269692977174,0.49450425230426737,0.6486314711801163,0.5844887241475174,0.6043504324740944,0.07867298925181299,0.44124526889402904,0.23685889127423243,0.2544300269420051,0.5444439761900692,0.6409504898103104,0.6328475062829682,0.3032427695004382,0.34480121873601893,0.42513448134588827,0.24019229518761254,0.30297372598014005,0.3667632765768325,0.811472564496037,0.7794525503316618,0.2369982547993019,0.5109702858326597,0.6219559496164547,0.4128954486067695,0.5384142384001619,0.5503903302508656,0.5295550992157085,0.5109107731926344,0.1233321463731384,0.6561184624044558,0.21756949091750047,0.2770142591332038,0.2654840523495823
0.6196841107268639,0.5468112868779046,0.4710382195941314,0.4689807219031993,0.45155228149689747,0.20287098027889336,0.40543129253275395,0.332769924726301,0.63403769805327,0.6404986868615377,0.5767392925806993,0.8675886951292844,0.37670415405371027,0.40018984070991037,0.48308665577192916,0.2445319773777344,0.43001552732862525,0.731188837897375,0.6789318085558279,0.5648282949387685,0.1082193284199143,0.4793244454579456,0.2824987012428661,0.3353721684537934,0.38187366425372166,0.7988069532257763,0.7889099333246204,0.16266432953549514,0.22009201188426458,0.5327943560161446,0.4470150772581345,0.4501251467121484,0.2622087441203963,0.794120547520202,0.7723120213247439,0.10061082024432808,0.45002611007828164,0.4265345601199681,0.5330249645290126,0.5206586130285337,0.5824617461924811,0.504087094381605,0.4863449389600183,0.12366728807523931,0.5450637427014988,0.42159158144270575,0.279744420779879,0.23123375709758814
0.6654786791133529,0.580408533166635,0.4602899417157159,0.4520098441345365,0.4446021159070095,0.27204029979556554,0.3724773268768469,0.3491199310292951,0.6437035827686894,0.473913628928994,0.4218025065970521,0.7829825616355983,0.37938798957205994,0.13480885964475112,0.5508131940999719,0.18951679103721442,0.439844952883212,0.6484176588391666,0.6004150951033431,0.5899203562558877,0.14808198768047146,0.5099358479243474,0.2757242148600928,0.2983236496451901,0.4246566135889668,0.6830642835842227,0.6735644399217119,0.24072451066316095,0.4573562122887699,0.5980268362843635,0.297574953709735,0.3643150711823636,0.24572860551450915,0.7815316969101321,0.7625172175370885,0.17262943571844092,0.5273382596139451,0.23601031672502293,0.45129167017890026,0.5660136774558728,0.4780846862161596,0.4440148114526907,0.4306126341630432,0.05538216627217696,0.438756289128325,0.2769984588160004,0.22908830527483642,0.20347309686313875
0.7194798628091658,0.6291538605577611,0.45720127334833893,0.7667657916324856,0.3075140452330267,0.2743513578132268,0.3224079406555068,0.3289129830105403,0.6314593272400405,0.6201492361877383,0.5593004611010494,0.7848466626578472,0.3610162419317269,0.3158975413081738,0.4445715567253255,0.26353158355910494,0.4302206518400358,0.6526196473998339,0.6076488635323971,0.5305301019097372,0.1623029107511469,0.44882429601583707,0.24730320081896956,0.30743724308246795,0.4623236188158583,0.7304100488530989,0.7199420427173486,0.18112766579024245,0.5264862619428298,0.6409475934616298,0.32196562400406603,0.41511998417246343,0.3726738553079108,0.7402536753605806,0.7111027679462308,0.37370564281559043,0.27817924377090775,0.5550759931390143,0.44635048998813065,0.47849347647119533,0.4712016705644509,0.5369963651551108,0.520226290305423,0.03443580989086947,0.33846189296277024,0.5461953524728438,0.16608969109715063,0.29570021631050586
0.6578516165519712,0.5282378343940821,0.4347998251980353,0.5341981132075471,0.3039782182595447,0.34742331981388697,0.31731598680353773,0.3291661897088005,0.6253076037428262,0.5602445937315174,0.508538345299904,0.8514732411304871,0.3173408234679234,0.3291748410525551,0.41748415368733366,0.2317126681503061,0.4595608397615461,0.6495417104586569,0.5949415305631804,0.5175558790785305,0.16090737293442647,0.47281913836884126,0.23788251383558806,0.2809961262602507,0.4714161332569798,0.7120150741435562,0.701757897119839,0.26546888694127957,0.5046203326191623,0.6164662407657002,0.5810577118704078,0.3858694714493247,0.3533100660823443,0.7621480481504379,0.7332690958940564,0.09906922629435719,0.2521924969911446,0.6431636257465553,0.44077974984888496,0.49802976169078306,0.5739769721231655,0.47048481558414523,0.4538777276767876,0.08049684757336462,0.23165801083023044,0.545045669213521,0.24975105660669383,0.21804988540699782
0.6425997112745798,0.5806574330937861,0.4753300997941627,0.5601415094339621,0.502531486692144,0.21843493394777155,0.41044256431778825,0.3320765420260989,0.6665888266004139,0.5618026116436562,0.4864966321082726,0.9284425736620565,0.4145762324867149,0.2897605676519341,0.5112888002111162,0.1947912868708468,0.44221895031075453,0.738960136006886,0.6821564685726542,0.6053352744711826,0.09545659643445534,0.42124728006622075,0.2716486632267514,0.3394245746464961,0.36356688910154267,0.6945012109588415,0.6867849754898694,0.09257960853052877,0.3237856546776179,0.4798637694541281,0.47243149013523517,0.34779653882710193,0.32661807319329994,0.7533946717844098,0.7270569669413594,0.32265852239674225,0.5107413475463756,0.3242295361723847,0.4218864751066156,0.46095316895811045,0.4816682810084699,0.5299931069287592,0.5130366703270506,0.08552397310487841,0.6196212573418554,0.1558928773232811,0.26706227244495945,0.26242735693061403
0.5702528264398422,0.5843780507485749,0.525585659896541,0.44175553732567674,0.453034182094386,0.43295701018218175,0.37692477825540777,0.4275647960645371,0.727283469713415,0.5815590248228997,0.47482201781416644,0.8963920625375827,0.3484891508908878,0.3600164629230374,0.5770497909049919,0.19572212955705756,0.41516692563555024,0.71783363358162,0.6719486423308609,0.4971311124432646,0.13363221820592303,0.4770389639293016,0.2984365315366415,0.3751727443049169,0.4372357949010847,0.7408473250710303,0.7304440534603922,0.13973122991527898,0.5119830263240392,0.6638673614854371,0.5398834913179624,0.43327942914778234,0.21877137102979027,0.8108739284598447,0.7937100642674118,0.025596276905177434,0.4543326907507894,0.9194841255510984,0.4231476735983569,0.6240879430296442,0.5411379483937679,0.5158531192703856,0.49779074716326954,0.03619530382689931,0.3578912350490401,0.6319397761423973,0.2826830013966761,0.2721319637395671
0.6588526068461846,0.625596719447925,0.4923252222420641,0.5713187038556193,0.4682578098250759,0.1846517535207171,0.34957259229816384,0.34024759374348934,0.6147763277702744,0.6112123288741129,0.5604112933453019,0.8524353577871318,0.46323196191651106,0.273590526166796,0.47850044335990577,0.24849373334512595,0.3726993063442251,0.6361961132225219,0.6174011749551509,0.37946390339984587,0.1640076130895214,0.4792846121135387,0.2283879076089808,0.31186729296982996,0.3984602911202327,0.7160959245703566,0.706800851884434,0.0909144025708443,0.4047193510936847,0.5613460217442414,0.25696419722500746,0.3716400902269603,0.2900767997302608,0.8271817542765458,0.8005195062893568,0.02879581151832461,0.4378123097639902,0.6967203627700052,0.5176228060668484,0.5683472948996728,0.5003803675939219,0.6176131809333304,0.596719764934473,0.17075469722041853,0.5799594118719257,0.2842109221817331,0.5948873491403289,0.3578904885292995
0.5170685898498535,0.4853183661522114,0.5112645183731441,0.1351004922067268,0.641796893037724,0.30635471759015404,0.39776510282801925,0.3958184316579587,0.5860472187126354,0.6215150108650548,0.5862877753112887,0.7262778111846062,0.48813734098089206,0.5230464976310865,0.4456806915578374,0.267200040620512,0.3928089977635881,0.6993934224197951,0.6640163212757951,0.5959578658902115,0.11774107591994351,0.48158970911578247,0.21430598030164358,0.33890057740298263,0.3378040245649073,0.6295711647034579,0.6242721220684654,0.13298276365761028,0.305319864031162,0.45074335249212677,0.20398369134739647,0.2895699863315245,0.2058569250720403,0.8120588241481714,0.7966747420772841,0.266433973240256,0.7112123267643741,0.4641815932596861,0.38415624455596287,0.5696601042707777,0.46403574904070216,0.6515560053931948,0.6306419841248532,0.37871012337403914,0.8015022345432299,0.33498411662011024,0.25486893728347954,0.3956232157640108
0.573987674312122,0.5845592495135912,0.5231704442208936,0.3712571780147662,0.42573618867203034,0.2057469942240264,0.42483461649135645,0.4191164064830397,0.6033777843513957,0.4984359875280966,0.4688045570956243,0.5954299458809381,0.40667296889329657,0.44171083662020505,0.4429532793928259,0.22458381102431982,0.3626976099652766,0.7444678297652354,0.7166002022904359,0.5201678513316776,0.200773993005798,0.5109937816158017,0.26571615798104326,0.4345245758070758,0.47002542676789527,0.6426306367323383,0.6331921265578967,0.12766579024247737,0.6006535365319374,0.5766152663095104,0.24487144973697023,0.32193019228396313,0.26394835492326,0.8252703188554951,0.8015078959541337,0.10250145433391505,0.4801322880988989,0.6235510926467736,0.41319628162792676,0.6194543437020497,0.5970315153891242,0.4721716431074652,0.45574818239568005,0.07603527366414611,0.3121344549230727,0.23549019191984485,0.24670380742974563,0.2256144109007625
0.7215455215016809,0.6122341414366896,0.444907917856214,0.6821677604593929,0.36072238274705,0.35190094120769344,0.29044812166360723,0.3003396868594005,0.6220090541573956,0.5532950994428032,0.5043391336155094,0.8428141912206855,0.38320737986898973,0.19873114503029513,0.45423742999156247,0.22135065193454295,0.39546637788840694,0.631506593377547,0.6028488785592875,0.4338443093260255,0.18842943720221386,0.46966415625350844,0.22191336441890544,0.295782483937355,0.45048463984312254,0.7609115399844656,0.750138957249256,0.1840782938942448,0.5373711092963633,0.6610524868111569,0.24004572452428213,0.4226599900571987,0.32334938578211947,0.7781979041162309,0.7509145487455458,0.17579988365328678,0.40111132100974034,0.6570230436064788,0.43144671258987505,0.5051669788285225,0.5872188375208668,0.4680516696809521,0.45163524813516936,0.19823631679269393,0.3488235708223166,0.43242053974047506,0.2070079488337636,0.2078078256434232
0.5354520355171016,0.6153744954482729,0.5665781150693119,0.29998974569319115,0.4662342086676014,0.369469986687433,0.415935445951195,0.442922290904358,0.7037697809781804,0.7590507020393688,0.6593680194596016,0.996873120865905,0.35039073108341,0.506777915929573,0.539596408978912,0.29165849145080264,0.3219941430737805,0.7245091570564852,0.7183690043752056,0.47829065684679284,0.17859651987737613,0.5961059112016853,0.31703763031307125,0.4385915103253575,0.27575109120993246,0.8734716534577115,0.8675597695959772,0.20309669880222025,0.4749805463543121,0.559621827384843,0.385533812910439,0.586854455310263,0.20430988920409704,0.7859657989323723,0.772532208846549,0.15346131471785923,0.5344859815656464,0.47378564092603215,0.38673422333507057,0.566824660367725,0.6014155693115095,0.6994232313325612,0.6749495525226922,0.057225445633732025,0.4062376667956323,0.8149229865787808,0.27858673999888695,0.4745919770070276
0.5905268909079352,0.6642318800436875,0.5595889161986707,0.531070549630845,0.4895721191575827,0.23168102207830504,0.374179123270572,0.4119292425232295,0.7497411931487553,0.6146704357008762,0.4976198684844727,0.6701142513529765,0.36717699436818085,0.41413806694795463,0.4902106335336369,0.1893971895978856,0.3468108650995739,0.624183188362763,0.6201465317770364,0.4062687334075533,0.1376121032594582,0.5077165171930971,0.2736628039820065,0.33342784308630746,0.4956743978411179,0.8061955832102565,0.7949573503796066,0.3917323984808647,0.33559637900935374,0.4430925223566121,0.2544304669479466,0.4804963975106449,0.345583344402168,0.8610650266018507,0.8281181968917243,0.3786503781268179,0.5445111304847938,0.34422908653271456,0.524713911597297,0.617377749084937,0.38837559852250825,0.6515498648636366,0.6348642623086247,0.09287614419471735,0.6025272513602846,0.22460818969290186,0.47177962241321436,0.42267447126060587
0.6472680434627326,0.6622298739624204,0.5227798681416994,0.6342288761279737,0.47406286070808495,0.36744468509827105,0.4087762965260968,0.3809087859802017,0.6284132006899191,0.5123312959204973,0.4645511840602951,0.7461815995189417,0.40659694453928497,0.24750168411661055,0.45521852626220144,0.2089459670710192,0.35584391457291714,0.7280808092370843,0.7052448689753088,0.40943735548514176,0.18071956879092765,0.650848900607458,0.2188684420241444,0.41569482403549235,0.4169123753250965,0.7616433356481662,0.7513155779880597,0.3366345311130587,0.3000536959997987,0.5975812849579756,0.17372420775073386,0.4412246248516136,0.33239898217161,0.7890610422762576,0.7604876048182376,0.06954624781849911,0.46527245346405366,0.738554420110993,0.4194585809583921,0.5365700557257679,0.5152737990227878,0.4584413330828779,0.442987293558779,0.07896776355752919,0.5796292714891955,0.47291813095375057,0.29731187203131765,0.20846053273874016
0.6373244360944128,0.6062229475211528,0.4940932303679122,0.5311218211648892,0.43674442204885455,0.2706071848920335,0.3634419173416009,0.3583539169749209,0.5699302611367476,0.6761680206846246,0.6446951918022266,0.4788334335538184,0.5101647072182877,0.484792770554091,0.4493973247474398,0.3173339126972487,0.40952992366371527,0.6579741778431856,0.6203726590344547,0.5572492934829152,0.1292742570514518,0.3822768360539239,0.24513469156240134,0.30927581303343016,0.5341875358983527,0.5678291637760665,0.560383659672902,0.19138182880514165,0.29991583043901515,0.47247865542735606,0.23912442959963093,0.2413361149270494,0.34671030309551865,0.6916249932231843,0.6666167186120107,0.2990401396160558,0.33573569618371885,0.35031858905377383,0.4466564481659303,0.4034200096120478,0.49182899275568853,0.6796002333916851,0.6566664990452434,0.07004461573909221,0.6962627480312154,0.7201162913633508,0.24088342189841314,0.4447710629310507
0.6829833565928549,0.6167915754425888,0.4716575437291015,0.6122846595570139,0.37021147125267756,0.3252645841881193,0.38047244794200086,0.34006184557939145,0.6644314743844599,0.5782865412669068,0.5028742822857396,0.8284425736620565,0.31104979116232007,0.5237386795159417,0.5111434312455361,0.21758964889436172,0.4090090859532233,0.7246581919615525,0.6803482205600779,0.5798578401986811,0.17052826817721684,0.5478328459582439,0.2748440152207039,0.37126301362026354,0.43379210546477737,0.6946448043344375,0.6848487160893314,0.16134969325153373,0.5015378061847597,0.6270709811985178,0.32066810302198706,0.367033198528534,0.2427017733674309,0.8173013483328277,0.796552127393614,0.1841768470040721,0.41418286607789556,0.5769372046005401,0.4264776879494218,0.600752074361493,0.6102980527818412,0.4883141020631642,0.4715764228338389,0.05590582518170967,0.2734215651123489,0.4361728528031724,0.29258596726627706,0.2357789359816394
0.6253782581719614,0.6347115965445702,0.5191790227620233,0.5696780147662017,0.48367560375881496,0.3097789775224553,0.47443454433631405,0.39183600070413366,0.6351156379851604,0.5793512539089434,0.5200128802807874,0.8727600721587493,0.444469485801374,0.30328724258982,0.5550914536460199,0.23779837026591266,0.3163574511114232,0.740765671487756,0.735128612084825,0.38905540806714056,0.208659350391402,0.6317140604798663,0.3213878069516558,0.4696194083150796,0.3804062567610195,0.8469982521257585,0.8364980977581029,0.2991527899503359,0.378404854560968,0.6595785770608189,0.27532986561838874,0.5537996391760552,0.23464437008085848,0.7287238134583143,0.7145249611619657,0.21070389761489236,0.4798928058573445,0.33942804436738844,0.40473639709410636,0.4958474236919659,0.5709602021976599,0.5669524409430506,0.5469297196298085,0.13388910998931738,0.5827676771294151,0.6191656630579381,0.28179336153076745,0.3199672995077062
0.7306503887005666,0.5493367416670609,0.39946844808455123,0.6174118129614438,0.33966092241746415,0.24085533624405342,0.3770008851732116,0.3183967125964774,0.6300225149480472,0.6091835228836442,0.5500257929933217,0.8236319903788334,0.49455736860402466,0.5604196146950882,0.5387165977476575,0.27891376937009643,0.4643225760955413,0.6564259673777875,0.599804603444478,0.6047358054294767,0.12631644867149694,0.3890429283542059,0.3122424920745008,0.3127679198345568,0.42455036786577616,0.5910571978252567,0.5827110725125777,0.11524978089395267,0.30715272417059347,0.5673628895908933,0.3098447042405091,0.29390161412911014,0.3908880613969027,0.6500727948361442,0.6239159300491892,0.381239092495637,0.3444957234413157,0.25981794609697184,0.516314570010161,0.39604947705076876,0.4351737028847523,0.525589636201443,0.5112836898400922,0.027544458641419328,0.6938063659514356,0.17410512901377603,0.24913639344119543,0.30933000315405684
0.5623281417804412,0.5933650567670339,0.5360090718493675,0.33193191140278916,0.4697747306191545,0.3311986841958693,0.38065440699331804,0.41459012350947455,0.6298871542918391,0.7968132679366658,0.7275645011307784,0.561876127480457,0.4522671825707791,0.7995169852499033,0.4740244402425961,0.3545932090061118,0.3991410038110509,0.6475789488282213,0.6154284287450716,0.5112186349233536,0.15116570877612362,0.49899604075462467,0.25659302546157947,0.31276296031325795,0.42408608251419666,0.753004322998331,0.7426495412088344,0.4464504820333041,0.35738040372775615,0.4802950005505233,0.5072217457609426,0.4262363274708086,0.4058520332081925,0.7735501109605931,0.741272076379638,0.06471785922047701,0.3656279884855272,0.7763774395125407,0.459919948424068,0.49796871631602957,0.32565923459601365,0.7793295877796046,0.7614731654436677,0.008776523323767854,0.6791715648075098,0.28829942117546115,0.4601170855585911,0.6183912733618802
0.6363006719245905,0.5033541344731848,0.43575613068784497,0.28947908121410987,0.5076694165880676,0.19088694062851994,0.3737483647033464,0.323609213614958,0.5753453228405231,0.5361968697099339,0.5190016941964835,0.7253156945279615,0.44922769032789556,0.4016889590465599,0.4145490931328101,0.24313850357497582,0.42549159370282214,0.5629714866893736,0.5294279531158537,0.5286888755673547,0.12215017673278142,0.4007855045116516,0.23011473325724868,0.23029254407983782,0.32088570286525875,0.524362123053999,0.5223975054698852,0.1130879345603272,0.13027284786499685,0.44201302395622255,0.1985012833509476,0.2112767664204172,0.3884816559730769,0.7385776747103736,0.7086097772677301,0.2259162303664921,0.5583243248244012,0.4702038809897013,0.43306486494120433,0.4453005717535326,0.4102588415823127,0.5999320080342677,0.5840276995818202,0.020066609413292552,0.764204160335072,0.39090000210539344,0.23022734656665017,0.3526676996671713
0.40671262496375565,0.5187705474845746,0.6076232989086481,0.059116078753076284,0.6742185907905607,0.26459081484328606,0.36054496214967824,0.4457247894428068,0.5640821082418124,0.622691264479906,0.6004938723753036,0.5042693926638605,0.5256367992369073,0.40968279597881646,0.47895308272963755,0.25401952047278675,0.32752843556718897,0.75185415205518,0.7391608434456061,0.5142587993491479,0.106325162012922,0.4820263733998895,0.2118783011295552,0.391713617583218,0.2455466616474952,0.758420736044078,0.7572144994039496,0.20847210049664036,0.28757324587360805,0.46243084696470016,0.4356200688182904,0.38896606017693935,0.09992628374040802,0.8750587427140558,0.8729058455341465,0.11122745782431645,0.6564802342685757,0.32779908745158204,0.3468083498896049,0.6366158123903818,0.5530384441736743,0.5938248239504873,0.5728883385336186,0.1939632600909072,0.652804051716463,0.28395502573326037,0.21988584972921982,0.2939310862724437
0.5435712141225331,0.576018722372462,0.5390773806625343,0.06496103363412631,0.36156049746931795,0.5773848577796845,0.248802558024508,0.4236817068497904,0.5996316771702426,0.6768877886785428,0.6288309415980028,0.7686710763680097,0.33643761801962274,0.49919509109532084,0.3727245892059617,0.30236426301066743,0.3219683184221558,0.542735113299734,0.5673794675351921,0.2966943564271645,0.21757518585367608,0.4763206649993774,0.1909929237104155,0.30655287106341833,0.45522095579504446,0.789394866563768,0.7782555222155049,0.5256208004674261,0.5434227732821189,0.4014422474698038,0.23012362409943973,0.4665685516903191,0.17159986634679175,0.7848826074075157,0.7768014893827182,0.08981966259453167,0.359685956095124,0.47569604091142687,0.4095881940557746,0.5807904733252944,0.5673969197523016,0.6933625171041795,0.6688739580811591,0.10896294589556148,0.26395403407836204,0.7960641545813727,0.2041039124367504,0.4658592483717804
0.6042389015549088,0.5543108429869914,0.48570232696092,0.44590853158326493,0.368172161682823,0.39063335996233334,0.22578966893285052,0.3605749165792004,0.6426469727588112,0.5940100038848092,0.5291712814223799,0.737702946482261,0.3919275152623772,0.4411740813137475,0.41452866226268564,0.22781556571984865,0.37649597452801,0.6518892567747382,0.6292549290315929,0.5092061317119123,0.19851605377145373,0.42787559341971004,0.173215850240212,0.324434612562069,0.47178125509784735,0.7750413761691137,0.7640397938660148,0.5244814490213262,0.612595614475056,0.5770987617817637,0.2514838213327605,0.43825863538635146,0.5102290707623924,0.7974546313258734,0.7633363327757712,0.7846131471785921,0.23035754273579342,0.8946361610086278,0.13512221580621078,0.5131160133944593,0.4832123417458286,0.5361007319589444,0.5188458154753101,0.12817075469722045,0.3488466433407243,0.6745920980978342,0.15828747379833918,0.2754856689497823
0.6507564659104015,0.527996687958207,0.43945051895087284,0.2623564397046759,0.5681052868542972,0.21806707197292155,0.41465664564313576,0.3295537474617537,0.5880941105483722,0.5700537836069226,0.5397567105145729,0.808117859290439,0.4713176062387038,0.4712630634776686,0.45503245462123476,0.2564038553604016,0.3983852095870138,0.6282819782664889,0.5987311390895188,0.5150295452599126,0.1294050722539029,0.5010019172916361,0.21700017545559164,0.2991831033504162,0.35898924624865497,0.6708522928150744,0.6637116311006702,0.3011101373064563,0.26621634742996964,0.5243849414266025,0.19260106736377597,0.34298887694848923,0.3639814453342054,0.772844402926246,0.7427511705703669,0.19592786503781265,0.6244272790150646,0.6184621375089228,0.43615966419141905,0.5032346421066981,0.46831847267237425,0.5782794497651625,0.560022081442732,0.1252173184474561,0.7487977251976226,0.3898428172218896,0.24485390337855306,0.32957809431502305
0.610933859009984,0.24049476728590696,0.3437491524560823,0.051322805578342845,0.34417136771189055,0.33347005726202633,0.47317024355979803,0.38356332842842283,0.6051897647210098,0.15456693389299564,0.2399879707644887,0.5262176788935659,0.2202065956191056,0.10807135246615956,0.49643607755467256,0.1608616844435991,0.294380329846584,0.2129998929679323,0.3700536613124439,0.30016271302560593,0.33827164800740767,0.12384240488493803,0.42626389273177195,0.24387148931373756,0.29841550759901014,0.3380244949669925,0.3444798233491416,0.11624306164183465,0.13585659151406676,0.27186874754912427,0.1853070186331478,0.12671730661642533,0.4511412938150714,0.06395575280952209,0.06114535024799006,0.033333333333333326,0.007395271864955699,0.061098574046885956,0.3090682497465748,0.00520382409909409,0.4168953778959479,0.24608199294170002,0.24889994603437754,0.033639848348379825,0.05280378839416067,0.33058496871078524,0.15876985151648088,0.09033603466526008
0.6017915152685233,0.26807453423895516,0.3594076860041555,0.14704675963904834,0.16142384155981063,0.3539649331039951,0.5182238303576118,0.3969755573924787,0.6069027388372171,0.2195369275092996,0.2684361889371438,0.5615754660252557,0.2882888790720857,0.22752949923763727,0.5151279691154418,0.17205092306273378,0.31078262485755426,0.3119320347213264,0.4085980205691959,0.35334418086837377,0.40288009707395606,0.043621639742769835,0.43748105128082104,0.26002407997185556,0.5228879055459341,0.8918408886195439,0.8799431611603051,0.4692082968156587,0.19598723376396116,0.4142775950831134,0.3048356560064963,0.7562732015660594,0.5425360873714964,0.3420484008494772,0.32968638084006674,0.3184118673647469,0.22320109721864148,0.2914483913104938,0.47726034050782196,0.12938079253545137,0.6827496492432078,0.5579374420020273,0.5413873897662983,0.25709557822416795,0.1949775010350764,0.6732737872744898,0.2898874670990723,0.39253747018834373
0.48177253475429904,0.07984184899104824,0.4202836941822731,0.04799015586546351,0.3260953688660395,0.036087433092142435,0.3162917224753253,0.494619164049107,0.6740013686057218,0.10972789908654523,0.15475389455752808,0.5538184004810583,0.32486445171815925,0.02033660229002221,0.7057115255128386,0.10443757797644757,0.3553506034163078,0.11103940687311203,0.26456617330162285,0.2862464674145757,0.41369724172371863,0.054442341780094494,0.7886548557200153,0.14450295478596162,0.6150352916348739,0.3776634625086629,0.37956199458288553,0.36354075372480277,0.6832531771285597,0.25820280049133915,0.4177907332876897,0.14946344067315107,0.5022569677894108,0.16356061563865332,0.15652454359496998,0.16599767306573587,0.5099501445924374,0.0867114912415678,0.7221184178961642,0.030104366002752098,0.5866533269802061,0.1598922423159989,0.1545611520461222,0.1339100563456987,0.2663592452896934,0.22635066136793794,0.6229982830637676,0.03252449160784687
0.545444138640333,0.07374018992044029,0.36633211303644037,0.13838187038556193,0.28044797145894723,0.08262460324714052,0.11488817877633245,0.42836926452469876,0.6386910453871631,0.07543775011702741,0.18100305258599086,0.52291040288635,0.178624429612875,0.1525185530485183,0.2953459742878321,0.12569969092516933,0.28882558362633526,0.14611119429628178,0.3489657821256469,0.2720733064999572,0.22870742912799763,0.24767526232765225,0.1682576454598284,0.2339069912209115,0.48383010239192115,0.38142749574638707,0.3751630356173554,0.2142272860064271,0.010108335843829308,0.3057739520322289,0.20529615874348803,0.14024261127765392,0.46659540847923175,0.06905015098321077,0.06470319708590677,0.07070971495055264,0.051138009342573676,0.04212705755990137,0.3658789055050802,0.0055564938645081274,0.5687644343520117,0.19594964860587222,0.1890192343309004,0.08221444879663184,0.06391639461249121,0.24632117624583993,0.24086694351573706,0.04812236748239912
0.4918841092759939,0.04806281064830831,0.40953726142505154,0.04998974569319117,0.3051143512596316,0.03764809936696617,0.17170869107172482,0.4824212997671254,0.6926519470116065,0.08615825577222397,0.12824538993447204,0.5751653638003609,0.14266779920640155,0.06995827587252545,0.3183588870134667,0.09000829049821182,0.3685007524519348,0.09007375820813907,0.2436052641671487,0.31502098141645973,0.20130746549749814,0.04268082590042177,0.21581691633004552,0.12732311030746307,0.4195166220323582,0.25562996554245965,0.25213270511724317,0.20248320186970492,0.08747859749156281,0.11610910901434149,0.22828020552344547,0.06510464715992581,0.4663683533328961,0.07600229664957364,0.07136771746928511,0.08432228039557882,0.021624727836156155,0.07758778644419678,0.3507115363122186,0.006663367920203556,0.5420976177902249,0.15785995055348512,0.15275306433219182,0.13202488427138104,0.04533343497478831,0.27747878401967635,0.2615203034524628,0.03181939573660453
0.4945756980915973,0.04539563645318445,0.40713308431042583,0.04568293683347005,0.2714938077561684,0.0444198857668312,0.2051709620123442,0.47948577704141215,0.6636821405821156,0.0833505034138412,0.15713270584930772,0.5474443776307878,0.17704934863909152,0.04240797796872081,0.247601339300325,0.10869222397537451,0.36233255731658576,0.08955928208032254,0.250336445876865,0.2741286289286632,0.1856284537388649,0.1116117155844818,0.3127014105218163,0.13375515745012695,0.44649782516330033,0.30947830287084643,0.3042070074531935,0.30289219982471516,0.08050283231223773,0.1397850559561112,0.2674451541888276,0.0930776783896561,0.47655664211346926,0.10663481496944216,0.10070818693752737,0.13618382780686444,0.04856243777964672,0.10062474189302215,0.4105770907787514,0.012723483669479868,0.5712041808570837,0.18149178246310077,0.17508431388381657,0.08965040531199599,0.07245540596170197,0.123095759807273,0.2864876121393816,0.04138094345558746
0.4934589475397388,0.035019487436278585,0.4076035235463032,0.04752871205906484,0.314924619655029,0.025012416871049797,0.1507053689958225,0.480371469680687,0.6976696753330249,0.06926388596892574,0.11847451264959435,0.5529765484064944,0.17763060020148747,0.10795369925224624,0.39907069025722774,0.08550239780464308,0.3689360411640624,0.11072407091185021,0.24962141982613728,0.312194913076989,0.14780270708524113,0.19798806398956922,0.17835812775548585,0.1299371981320871,0.5547043278863892,0.14581182066457227,0.14934520140385393,0.2586035641250365,0.07838546599202215,0.11777227822529476,0.22649800106587364,0.02551431303540347,0.48270334928926867,0.06751401436251075,0.06355450632047371,0.10159976730657358,0.04195923425631723,0.06439925692010975,0.33302224282440634,0.005426302818039852,0.5789661891824793,0.07123593095528835,0.0689826933560917,0.06862026350516329,0.05247434315763755,0.07110722577177808,0.3726547669355167,0.0067576604078813385
0.4818010034821564,0.030975395592682753,0.41726915862306263,0.0348133716160787,0.2878820604688919,0.021511942217876362,0.10971785881493426,0.4926834197652191,0.7117932134300717,0.03484603840167472,0.0969878708059893,0.5535778713168972,0.12925155761712998,0.04927641227589191,0.25701564185614556,0.0750656531400517,0.36841696900513143,0.06209318679144665,0.2368408300491642,0.2909565813136936,0.1589486162211342,0.11188586575824302,0.22498859296870694,0.12424280395109602,0.39805335524425656,0.14331757724971977,0.144674771080758,0.08235465965527314,0.10054272173185022,0.16482942740243456,0.2738337726753269,0.023453569048236617,0.4572676123654856,0.05602496503472987,0.05292027641238378,0.043979057591623016,0.06451488223212304,0.10903674900924945,0.3469799010566053,0.003937485563338949,0.5541963078001653,0.05093570483204429,0.049484230684980146,0.03596489390670493,0.04940821997638667,0.0482732809924154,0.3936120299213425,0.0035965940704610344
0.4869266685295628,0.03606593746169251,0.4131444621059453,0.0411710418375717,0.29418316207315476,0.03988779221216329,0.10973471576206686,0.48733094170031643,0.7139214987858428,0.039160712893940686,0.09539298527244683,0.5624173180998197,0.12766485555119572,0.052773256926723466,0.26035217885622697,0.07399993270023941,0.358208870888863,0.06475693958048412,0.24902227147119013,0.2799092232593988,0.16766908768089117,0.03016012421743497,0.32611217925081126,0.1353477257475028,0.507197900207446,0.13838464684921326,0.13642958622866747,0.2375985977212971,0.09129799565991761,0.055293246985365085,0.25571612707160046,0.020133683700640642,0.4848858589611884,0.06633373068012804,0.06260439353758429,0.11468877254217567,0.027390108066221608,0.05086437855795822,0.28272189024818345,0.005305988945002338,0.5751316563817829,0.0686559291781424,0.0663540930628519,0.060430238160072064,0.006462897178702132,0.07915531134218251,0.32103364118352984,0.00624663841187334
0.49402185193146336,0.043801218188161684,0.40751920622209026,0.036300246103363354,0.2737377061971327,0.041623662942522205,0.1565386315385359,0.48002089971533357,0.7172809381008896,0.07302578857692915,0.09927704912877211,0.5732411304870716,0.12364798462533616,0.07025527652038188,0.38588875299226294,0.07411082223712917,0.3392497362082048,0.08813520533705044,0.2758386063899973,0.2778967200479575,0.22750525162935642,0.037091674817853915,0.38447998662477295,0.1593761925046013,0.436162708884795,0.4685831741947948,0.4615309632102418,0.21168565585743498,0.2587706228550475,0.2480851019885447,0.270244923294199,0.21102540442815063,0.4732949254296809,0.07505770026978048,0.07039351522296933,0.06018033740546827,0.037619574793007315,0.06296763597541716,0.4904707633749684,0.006484794079462258,0.5499377238212063,0.22865864591755242,0.22072425217781594,0.061163360633417846,0.09765520966292068,0.18958284849099707,0.2757154121782904,0.06545957024441174
0.49574550399991707,0.09168203130481806,0.40969225084035293,0.07101107465135353,0.2930629486683912,0.07158763809731422,0.1553337696982351,0.48047749216960123,0.645640488264132,0.13137067971840521,0.19095532135727178,0.5586289837642814,0.13301193164231495,0.10616174948079724,0.4337071946060308,0.12673487855487364,0.3313740922086913,0.09823141836152977,0.28731393952506107,0.26766292712169226,0.17021173640622808,0.09411704847149482,0.23281985226366103,0.17011034601931022,0.5148694483204584,0.45720020680233475,0.4506362463809283,0.3006134969325153,0.17718895213143507,0.15517282207679378,0.28152274292187013,0.20164153350862674,0.4831194625982674,0.14296155479863948,0.13569076362773658,0.1252763234438627,0.08239758683747944,0.0923989656447343,0.36711771383179886,0.022546922877852427,0.5881307290304997,0.32674606532197104,0.31538378160440306,0.3263442324207705,0.1088617217055049,0.3134758764735678,0.24652722984890305,0.132714632518983
0.5010419814144675,0.10589797409818869,0.4068235064035101,0.07854799015586542,0.30470160340840713,0.07793617603014688,0.14189719281763827,0.475887229174057,0.6180998845700789,0.12768655808800616,0.21714140592923642,0.5396271797955502,0.2089468268091419,0.13103684684937886,0.34067275846416223,0.14677160772600178,0.3520580102597492,0.07233340167062074,0.2576256184815978,0.28115098056007537,0.16892419495292443,0.09469816946141235,0.26666223526132116,0.142882410447295,0.43075092673036824,0.1931974862886353,0.19013991967419897,0.22135553607946243,0.052376501757965876,0.16027280837814947,0.34362785988739564,0.03768220411932341,0.4779157293465352,0.09512869086960457,0.08972009612383491,0.11672484002326933,0.03320723794322056,0.1636889287286773,0.41934714012531804,0.010235412278968709,0.5634834804090225,0.2595975660494487,0.25042154848021553,0.2161035587859492,0.2308349206921313,0.519161245278434,0.36473266348326083,0.08392082102837464
0.38896707000552677,0.13229881625539552,0.5037221798131093,0.001999589827727688,0.3292447036601142,0.09115326913709296,0.20370061695484243,0.6026705585180203,0.6630540008069749,0.1831992736030023,0.19740579992866064,0.5760673481659652,0.14654405889486738,0.27478492601227,0.39255475421413966,0.12298211919276911,0.3106381706389278,0.09915669694281942,0.3108190286968163,0.2625674402671919,0.24012072816014546,0.09633208047116043,0.45414867486937666,0.19614137284896688,0.40823305624037837,0.3070747255097619,0.3033291145867363,0.28390300905638327,0.0627809413853628,0.2399057852952009,0.3628198240888411,0.09344428491720168,0.4478610420172965,0.20677604739776778,0.19727047903560363,0.30535194880744615,0.08778502341303535,0.23582347174267201,0.36253704157378597,0.04667465977557056,0.5134041334967118,0.4209656720258229,0.40696012382580204,0.41848725414214205,0.3936638383886876,0.6241743263135424,0.3427854497947729,0.2208633428179556
0.43073328183841914,0.16257197015435432,0.47348527038479443,0.04542657916324852,0.35827394890509445,0.2099630112648807,0.18032724941282213,0.5577264751365585,0.6385728073118426,0.17675857060264594,0.21726740663241634,0.6193625977149729,0.17363205022540043,0.2792964386883734,0.3656749844118056,0.13911591757882694,0.28812161006756243,0.11391978520627682,0.3399550110080178,0.23006765436327828,0.3472558530530503,0.06166253053012269,0.38338212429609725,0.22872301144467208,0.5604831398818021,0.24173120279421684,0.24204019398718413,0.4152789950335962,0.21976954496368506,0.1447522789930604,0.3015468600860218,0.06187473959872625,0.5183320087721215,0.16619131338314114,0.16069898052983583,0.25203606748109364,0.0890965609821055,0.13243344639447094,0.24031710438893095,0.03225479397887018,0.6118059516634482,0.4459178806284032,0.43076435509598276,0.4861649316101465,0.2728006965670111,0.7532415354599223,0.25113138488808473,0.2469277972257084
0.41947907610317714,0.10899382064401542,0.4753911607012447,0.021175143560295234,0.34162671202707706,0.06404104475975833,0.18244746524587302,0.5654033255639321,0.6492009323072239,0.17754984953822023,0.20756766877783572,0.6013830426939266,0.2023815904376613,0.2446042425884268,0.24552797923098216,0.13159011237879364,0.32676696566263197,0.06515914925113647,0.28504070737334425,0.25010704804316175,0.21834760043461876,0.040381661833511606,0.2712873132393657,0.1716875416695319,0.45301208447713537,0.2886257238174495,0.28349302926273345,0.37776803973122985,0.18197652562469185,0.1456833956284454,0.313148137434487,0.08104487674431163,0.4837793126561896,0.142445426010944,0.1352215063662245,0.14101221640488654,0.04424494060355327,0.1627999579691628,0.30346524226453253,0.02240511795505376,0.5585446073252102,0.3174691349245006,0.30627181361240796,0.30671749649148533,0.13094326044065668,0.1611734385288467,0.3063603944237745,0.1250909662900623
0.4414194070495985,0.09123077602420732,0.45516978057831686,0.03886382280557826,0.3675016103772937,0.06408124276841037,0.25302211444865097,0.5394142680484536,0.6881914156201365,0.1536255027902252,0.15905624329710388,0.6286229705351775,0.18838074478703498,0.18346113969378838,0.46039929541662117,0.1012675788710454,0.3149226827633881,0.07464031206359989,0.3003931549058272,0.24222831206645545,0.18008421641173636,0.08924530871300518,0.25088901344037734,0.18747574987294496,0.451939441501399,0.2848487335477219,0.2797800112831869,0.2845165059888986,0.20564209036537207,0.16564952635351324,0.3940496918405096,0.07901878103357521,0.48198511362228874,0.13986248072852436,0.13268428620432882,0.17853403141361254,0.08104770029118377,0.08015961480676823,0.43956964014159655,0.021588131536471794,0.5485126020531642,0.3510625332589019,0.33877314905564937,0.3441276889885005,0.24071538242579205,0.16878105612429098,0.3695368303365868,0.15289023663548557
0.5000546341710514,0.11069301134092624,0.4082268657408336,0.0667042657916325,0.28926682756570304,0.11022328256590838,0.23842813919761902,0.47728716387025033,0.6160617557467399,0.15935404196628755,0.23124952837843837,0.5598316295850873,0.19469059378718917,0.24453605247194932,0.2949969940859163,0.1530753984124611,0.3411546058378254,0.08287708694554807,0.27239889273864326,0.27515629014301624,0.18189004074249238,0.07716651761047322,0.1954827044343161,0.1564904976215048,0.5369037275076746,0.21680178274744327,0.21548303202619162,0.2681565877884896,0.23075395906022428,0.10293520050660285,0.3608864889267815,0.048794125587164755,0.475830529023045,0.10043548222492321,0.09475341694216172,0.16038394415357765,0.055863803532705814,0.12448083120703984,0.33130643811744187,0.011332612183268476,0.5451815090074826,0.254236543651674,0.24547570703233923,0.10337026874175238,0.07066613080789635,0.30704954873314244,0.22242110966167744,0.08081864779138404
0.5335869134877494,0.08286408135972917,0.377110361249247,0.09403199343724367,0.2641823322107864,0.11170009719790279,0.18881992120277047,0.44080470103323344,0.5950759753532732,0.17224455468412414,0.257164174282706,0.537702946482261,0.19351711350189574,0.14109353053218313,0.20700942751803705,0.1720323259494448,0.3340436061689078,0.0682103521795388,0.2772915733670348,0.2559304615911622,0.17170623419343184,0.0925537003025399,0.24389834014393103,0.16320418199514689,0.4902493086089412,0.2093717714018835,0.20537386592737206,0.2466841951504528,0.2723789985817666,0.09577863627044547,0.3465531663309257,0.043394516271405226,0.48070989778001205,0.08733257694065333,0.08236425864077851,0.1307737056428156,0.037096773429464436,0.0604598102006329,0.3626934134280706,0.008735682094965946,0.5992657837144949,0.15126389579865074,0.1468244792690498,0.134203305335037,0.0590063415151747,0.1007202341592815,0.27215824059513105,0.029612607105940603
0.4912797958255675,0.06836052371975176,0.41136301829501387,0.05347621000820338,0.31588020084123586,0.039307495795319364,0.3019754526036253,0.4838927474383298,0.6587397890337141,0.10408752206297783,0.16826374638745362,0.5398075766686711,0.21202365769904952,0.07162806614015382,0.6929550279345082,0.11413923330615891,0.3572468057928109,0.07077225338683812,0.2513899540924034,0.28282093003339903,0.19704192687085434,0.03242229299562466,0.22244308748902547,0.1370023867416736,0.30069678192256855,0.22706820419361795,0.2398917716106475,0.11054630441133509,0.19368323730589307,0.12152782612813604,0.22158215118359442,0.06641544571801694,0.43428453439997666,0.10935031141917345,0.10605846843777378,0.10651541593949969,0.03457128860842776,0.11239186791997677,0.28247653695533725,0.014721748062528517,0.4738595861758785,0.1672593291832558,0.16782800619175325,0.08527261682830274,0.1465907221673156,0.11584319865590534,0.22602257095170136,0.0409067207636678
0.8210757736889681,0.33640693891001106,0.21938024263818343,0.575728055783429,0.1545513289095174,0.2635819797901218,0.2709031559403018,0.23257621441708695,0.3404990533564093,0.2008880425324197,0.5217224268920404,0.38424533974744446,0.39454511804117487,0.3263111613594574,0.4316470781671944,0.4503390831681029,0.19415702993543554,0.17533825894291244,0.46229822999537784,0.20065085210242364,0.27681791971981534,0.21591107593267517,0.18753436109561525,0.3920792394829653,0.5113635848299047,0.31873081159235334,0.3139524256407006,0.39427402862985683,0.023474234489221812,0.22980037970229944,0.2804003930379792,0.09936799955938248,0.5236909736034913,0.17197787600946318,0.166835152945168,0.22324025596276903,0.07704339941761587,0.2310151538023758,0.2569143618867578,0.03486605139830329,0.6907749952866112,0.4303742940653871,0.41982840969335006,0.46329151044175876,0.04907491386473478,0.41714756564511657,0.1657867123405113,0.23910405653780487
0.4945718159923439,0.06749519184739883,0.4085326308164307,0.07152378999179651,0.28859516288902437,0.044606377933801095,0.19790845479819774,0.4803673169736397,0.654636927820089,0.10923637064090169,0.17408877284171964,0.551232711966326,0.167808437485346,0.09329924240398374,0.35644510455107276,0.11757118510952866,0.3448709313690217,0.09265482897514754,0.2707038440970669,0.2721161257172219,0.1780078036803756,0.09513347869608282,0.29939558425909657,0.1534811162532974,0.5080721111708535,0.3607414586949649,0.3552618984786086,0.348729184925504,0.19020344304600376,0.2840194407938096,0.3065848934604615,0.12639765350075893,0.48708273334644775,0.1284359980581356,0.12197630274179555,0.14819662594531702,0.05541410633700228,0.1000501366091684,0.3552737765648921,0.018441175333410192,0.5723640286003678,0.19806179761369486,0.19107633457473416,0.1718648541086278,0.06522908908075725,0.17820746515664312,0.3037970558623866,0.04917124435980996
0.5797916588002185,0.15132120845664132,0.3480917137837668,0.12361566858080389,0.2897741848178872,0.1470507437118842,0.14401690162862552,0.40078586035549324,0.5173846920119833,0.16556023685003446,0.3314685097582366,0.46175586289837645,0.18981677870410846,0.32900000458290457,0.31781347828148676,0.24046323051498342,0.2871836206746148,0.1029934089490877,0.3381903204404423,0.2492078444806029,0.23338102173718753,0.06999935772974711,0.25081094897737505,0.22828096374876547,0.46508382777263174,0.287653240434394,0.2824150030127516,0.31846333625474726,0.16318160260244438,0.1640123125921187,0.2923193623548066,0.08037732142078871,0.48050276788121205,0.09439565733678218,0.08911119136585505,0.11585223967422918,0.032754149527790405,0.0781997919913541,0.3555302856025393,0.010122980831314632,0.5608223494988607,0.31913566303264995,0.30786688631728243,0.1953666659684548,0.014729591063913472,0.3914492907591886,0.22571826886052357,0.12637415005426667
0.4878713126811928,0.0759503211185778,0.41483207641590386,0.06614027891714519,0.3035826408631356,0.06436296748259734,0.14226778504771506,0.48789679060664537,0.6249281334198441,0.13230824254773849,0.21193762825436596,0.5551413108839447,0.19986486566390416,0.17838564023351386,0.3194917284178995,0.14216625496870697,0.3376905936751634,0.07893350340770883,0.27540032054952024,0.26732037338357456,0.26389340674075545,0.06043552740428931,0.4325974764608561,0.16006283032305468,0.5090982683255197,0.2279860649980604,0.2244838177958251,0.33812445223488163,0.14092774731924207,0.18353828856877183,0.33552932114609696,0.05186610535128097,0.47184964991657735,0.13057695574248135,0.12360781364273121,0.12068062827225129,0.08631318186130643,0.16637148651287578,0.3257451903807263,0.018793565974848492,0.585610948513092,0.24367547939521317,0.23525334277916798,0.19848767306926962,0.10994784205539931,0.3544909609708774,0.2250464291037424,0.07427739348659632
0.5004273156993658,0.07607188627246508,0.40430545619630615,0.0843416735028712,0.307322285623567,0.050207201147814906,0.18572751317038666,0.4746319674443553,0.6167770961024296,0.1059756304442046,0.21153997598412638,0.5108238123872519,0.1708289412860677,0.09268383137297043,0.370812408992256,0.1451431098644051,0.3169228921773022,0.07539779962334048,0.2982627167414842,0.2518626359510148,0.16860834482265558,0.07750087514695059,0.3588560274855183,0.1850177620946357,0.4508855316177356,0.3370944606606915,0.33140236510740473,0.41939818872334206,0.3720528332375923,0.14173707125537544,0.34691757545451163,0.10999240903733647,0.4653391911287913,0.12312550913534587,0.11653456951187319,0.11271087841768469,0.06413706055744922,0.1382044325364635,0.39313579274910526,0.0168068899653116,0.5472327032913764,0.17765572643736527,0.17163500329038334,0.13221340147881278,0.10137920750709106,0.15495298242864491,0.3191303129452736,0.03990410643253295
0.4930655614820736,0.10552942119972775,0.41344884834397294,0.10372231337161611,0.3000413972514134,0.07584662211234108,0.24526746775226715,0.48426516183299334,0.6066041876970326,0.17497871872720266,0.24714683750922845,0.5673481659651233,0.20317450673855536,0.27206314906451656,0.4441431507002956,0.1632175149720421,0.28915975438542446,0.13359127026003115,0.3445322478200529,0.21598013188318924,0.2340422480077144,0.14121326088405795,0.28141500377302886,0.2308665846403557,0.4283045236692774,0.42337601229577626,0.41709055265055217,0.45115395851592166,0.09284969972140122,0.22882388763362932,0.33403557183314003,0.17309530755602404,0.48134287192265374,0.14725979694372043,0.13974724488035534,0.16841186736474692,0.054951762252438446,0.11712377223354603,0.3506743263284743,0.02383925474723081,0.54226994909098,0.34013563583048795,0.3283361312328501,0.24668523910265813,0.14783640176248597,0.36121081510188346,0.3239516094001108,0.14377432866012851
0.4725220697361149,0.08726088150631856,0.4287186053548979,0.047938884331419185,0.2597690877847903,0.0683956886475926,0.13054722098929447,0.2969613393367071,0.61732856434877,0.16507862151802444,0.23243399731498138,0.5764281419122069,0.15565178823624096,0.21214036144797796,0.2019371020882409,0.08787735961590729,0.29828558398614136,0.0872191554986142,0.32196345182687314,0.23576261025948453,0.2510063809835688,0.058653133362897014,0.16402745812601618,0.1269432237171228,0.2727408616641982,0.40249210940565683,0.40961303223809536,0.29845165059888984,0.10614191995301353,0.18428454387384283,0.13228874423981513,0.1075081028052759,0.4497252723796008,0.1309272501509371,0.12475789447902219,0.09749854566608493,0.010932511032790027,0.07816231586554484,0.21480153017890397,0.011735667100960134,0.5631543776058318,0.24825228755712153,0.23947792817716151,0.16011394817871433,0.1103394332743286,0.26336965731707146,0.18242246411086288,0.04655392104098366
0.7497401446810388,0.4666810153783784,0.3380604649378926,0.5506562756357669,0.29554381087626985,0.07930097896369251,0.5490874045473598,0.21002171401947972,0.43449232439276697,0.46906517879454684,0.5722176660980168,0.4621767889356585,0.5049383072905735,0.28095204183043937,0.6628641797719526,0.2847461557669153,0.14257191862551505,0.3607810358823315,0.5942476317380352,0.17183351888327486,0.423389955143083,0.18189784911382006,0.44199629053219824,0.38090125632601146,0.4532563084923095,0.5875632173506461,0.578834248896357,0.1820040899795501,0.2780051759563976,0.41634812857303105,0.43542598472458405,0.22316047674825915,0.5313787119621515,0.3283142092148901,0.3156502407449653,0.23760907504363,0.04144439071969233,0.24020819368255475,0.37260580313126357,0.08002674887876884,0.6490390422931005,0.7115375548596973,0.6876607340908524,0.1740223288159025,0.4671073312766255,0.2235738186674646,0.343040626810169,0.42454639130573474
0.7154065038540023,0.4589268013644507,0.3571482651640586,0.19283223954060708,0.24213421303989419,0.12834931059658125,0.4733593152213742,0.21922600424877356,0.4180381615870194,0.37829045367558395,0.528308857901332,0.4693926638604931,0.6144963393482546,0.11705484787586068,0.47853096755304614,0.26249591417744766,0.22595568929783558,0.32325602313473567,0.49347476344881613,0.21229767919842432,0.47669149369350283,0.11672095411327452,0.4265004790206302,0.25586762251385536,0.4135264761834261,0.5214927553555136,0.5143398458091994,0.0983347940403155,0.45130512519345284,0.2912512969907092,0.27597653599628197,0.17186614868398759,0.6518738899907526,0.40708546020044584,0.4065808563948349,0.2502036067481094,0.4303058421997017,0.33531498467549453,0.41813677408264927,0.13657988737842935,0.672982528763774,0.6211836722003508,0.6016267548432519,0.0804340085042207,0.7727550367564372,0.14318123493107046,0.27363113779739745,0.31678651660338003
0.7894286417696601,0.4310347829142013,0.2911797594559555,0.32090853158326493,0.2735861125061792,0.4456398328828558,0.22826514501538464,0.16694983381547926,0.4502446789171165,0.416930830622673,0.524298533278109,0.46843054720384847,0.540334679278828,0.19787517743534397,0.4893845537924149,0.2366807504067246,0.13598473827769347,0.28056035663301826,0.5636559580561538,0.17684336730324574,0.6049477762994258,0.035546518258741056,0.24783406863557153,0.3371751163650527,0.34424802942849564,0.5279265840773377,0.5241288744111071,0.06695880806310253,0.6156776868708669,0.1907512858691414,0.3906584774794871,0.17232148281466803,0.5957329766198188,0.41910181673872215,0.408549526200778,0.01512507271669572,0.5040170473056498,0.37412884206781427,0.254966939091842,0.12606025272711877,0.7187849632973543,0.5745326211721258,0.5594919818386769,0.1612031587105423,0.7728036644940501,0.1955963212074579,0.30501681808607817,0.26427375382034224
0.6824870389599386,0.39634419666241016,0.34862787508955856,0.34592904019688264,0.372532948526154,0.31006052354192,0.3821132684766008,0.2287271839842194,0.4726755975159469,0.2228208669490243,0.3979648322837113,0.4419723391461215,0.3589392204131815,0.24526327229881895,0.39379770357339994,0.19414721528516243,0.17401282760106823,0.3324479079906042,0.5488495102983907,0.18780508692301112,0.36567751463580606,0.13781783281282228,0.46408682973180787,0.3244095373629105,0.3828353236657835,0.6522463758447672,0.6443522818547998,0.2892199824715162,0.1482654281953797,0.2766211000994175,0.15407188710787711,0.27292568291089936,0.6169571203478083,0.3652369737560172,0.36157639313482476,0.2132635253054101,0.14282712915186868,0.27440070364419317,0.31196676839461157,0.10847861298996694,0.725028819778521,0.5726860955757445,0.5581659367947552,0.08311514212102805,0.48280870117287145,0.33405124595575325,0.1929812246057014,0.28044978294342343
0.7835173261022634,0.4069037347416364,0.2820368705065601,0.34515996718621816,0.23236364889622235,0.05041138430848338,0.25070226709186894,0.15617608262868085,0.3786155602292438,0.3337525358986549,0.5397915037897855,0.4467829224293446,0.5214203028746655,0.2088349943252112,0.3888891720501162,0.25594127299733305,0.2139485419247568,0.30144583975516154,0.4937190446156861,0.19285775456024667,0.44781040208746814,0.10051859860106518,0.41842399210943837,0.2383047741107031,0.37826727837854396,0.4489602293027775,0.4444685091719126,0.08977505112474438,0.5105552675075976,0.20754423295532756,0.24706675298479636,0.11801083768588566,0.6162242865365419,0.40001163154883707,0.39370941631324,0.10494473531122744,0.32441345761726026,0.3319522775189126,0.3880005201927256,0.11356218841271638,0.7475776295255092,0.5561844778788486,0.5441905666966356,0.24325003665612366,0.6088686810324854,0.2233530754415894,0.19578109269780294,0.2401969421200112
0.7276904855487403,0.39422276260134237,0.3149247053441878,0.4405250205086136,0.3765576506590445,0.3951312266037942,0.33853566501613996,0.20359710750905952,0.4525099086705723,0.3078437595503354,0.45770984930949543,0.46776909200240535,0.39005887138752443,0.18691915537482606,0.39899826995968546,0.22417043860295666,0.22135374908120256,0.3481976280603077,0.5116564706975761,0.21902029630898354,0.3370633130327763,0.1910618530146922,0.3455167432722688,0.2731754537115123,0.39263937772470014,0.4946312368216808,0.48865181054435086,0.22050832602979842,0.11459994729705017,0.29092325127878826,0.21277490098778115,0.15832809054470756,0.5619776790894165,0.3515921972224183,0.3407635782494555,0.08260616637579984,0.045211666227812114,0.2024150413141002,0.26488046957079414,0.09298302123920776,0.7156490711654856,0.5287301712459239,0.5155230647647367,0.07136423619111458,0.48631041128453867,0.2528666638541184,0.2094032831866726,0.2396339114018849
0.8181847420242278,0.43462263379450927,0.2738970489867617,0.5573728465955701,0.38556972786838584,0.4599047254174816,0.3802359857977557,0.15769617800920807,0.41166479579545395,0.2647087537514745,0.47536120986443564,0.4420324714371618,0.3658763717523623,0.280003085981126,0.33322542880781036,0.23506363813240502,0.15841983870760507,0.36269737995801193,0.5797278692248953,0.19448488481630563,0.3338715041807606,0.17669674827284096,0.16389472163512184,0.3385312982838466,0.335734342099523,0.5621561539075844,0.558265278160348,0.13569967864446392,0.1659689825543953,0.3634362617444117,0.1829868326419188,0.1983995274792968,0.5708865288919003,0.33483189659636675,0.3260869230952025,0.04156486329261197,0.07704399701624162,0.22411909039801586,0.37792297135864106,0.08218376300335484,0.7338487440374915,0.5253595681202874,0.513721261507802,0.11275423640057813,0.47205473436749046,0.22017882239315012,0.2240147784972984,0.22840377145193586
0.8157368828915311,0.42973758158464315,0.2727195637714563,0.5663453650533223,0.33540968665459986,0.055288338171733176,0.5018412700502013,0.1664688603945274,0.4095162503123878,0.30316678031325034,0.4954484495800897,0.42958508719182203,0.4685300373641111,0.2771311636529974,0.5634912478087032,0.25603407469933026,0.10139206662784217,0.37992702447828963,0.6446349332116751,0.16164254517427423,0.5266031832940753,0.2084574581675186,0.42238081408884554,0.44036033087956206,0.3881595902007717,0.42204045678172764,0.41745027374549065,0.09117732982763657,0.1531211526777161,0.26394749990852584,0.33877620658875907,0.11655131353018715,0.48731021729019647,0.4004518596436877,0.38246312780029945,0.04348458406050029,0.2073461441258858,0.2820633461038291,0.5039195793265305,0.11380046377636531,0.7207836557315574,0.4562039976737653,0.4468494164387363,0.1252382648038374,0.5294627711341228,0.21248930746440775,0.2624339923324344,0.18187580233043305
0.8173901826026573,0.45204977478381236,0.2846167182279251,0.6415607054963084,0.4161274040741123,0.490377741317663,0.41028837396180395,0.17904212823729188,0.4784735971210717,0.3433857472782875,0.45414634711083063,0.4280216476247745,0.4460600112964651,0.2564781280501326,0.4714785302681737,0.2237058845821817,0.17289281865183825,0.3305157656826936,0.548982079849,0.17769975164853996,0.49377041205685923,0.11969150008434024,0.5058469009462598,0.34013755788466304,0.4063244614204948,0.5295202376579146,0.5224937533140193,0.16996786444639203,0.21091407587886202,0.38234153732173276,0.2220917280979393,0.1883811002332863,0.5637619703342419,0.3172648113094387,0.3086405988112175,0.09796393251890631,0.3438011910525942,0.2447201371052658,0.38820527183666587,0.08063047791284303,0.6854828845285384,0.55242430612579,0.5362512291570164,0.06853647807963806,0.709316940784342,0.19990779435724756,0.27178756506273494,0.268672204163585
0.7761436601445274,0.4366154508958385,0.30331477838533016,0.5399917965545529,0.3949859762997112,0.43666160364876805,0.44734775900153223,0.1805362482192693,0.4619447912319191,0.23767204700402295,0.4147836111966407,0.47035478051713775,0.39160795188645336,0.2644275225878346,0.47765338239419347,0.1976559232889576,0.18420702335644634,0.32711962870805744,0.5360887298829605,0.1911449858696584,0.4417504717441063,0.13265323747856905,0.45959938666705136,0.30058767629001043,0.3984478709610763,0.496121124378115,0.48986868551115653,0.07122407245106632,0.15535314168162612,0.3007736103416968,0.15120034154625375,0.15412610880845679,0.5687323342799289,0.2750183045721799,0.2697980532560718,0.06835369400814423,0.3237667024898697,0.2294329737199911,0.3605251130588721,0.05837926294519155,0.72408170558769,0.5456896206938402,0.5323293789543915,0.06753105297333528,0.7132276379842676,0.21054431251184352,0.2569993993829648,0.24795108539818878
0.8069780779946378,0.4081811387936421,0.2665576808150813,0.5726517637407711,0.3677080508641975,0.43604728850806296,0.36172983817351184,0.15773763333262716,0.40158933851929873,0.2542005850973472,0.48058580006982426,0.4235718580877932,0.3904182169574461,0.26215212993276854,0.450303705377586,0.2408828312081108,0.13130629608673455,0.3605438839781789,0.6052581342184254,0.19371413890554087,0.41795595811888375,0.18737214271657016,0.24914920877515417,0.3726346136108267,0.364082638241676,0.5072487707347021,0.5025629368279672,0.17832310838445806,0.1272802082397834,0.2871627931219552,0.26263410132092446,0.16057315823725932,0.5487056095212639,0.3467803418629233,0.3347744616894159,0.05503199534613146,0.19515557502019248,0.27698862673974023,0.3664118607246617,0.08507748448382432,0.7304437457587953,0.5032306648755464,0.492383171055255,0.14017301690370962,0.6116116848795862,0.2139966120343498,0.22904338380609143,0.21011520587120824
0.788761386945132,0.4449922665331958,0.2995090067143349,0.5808552091878589,0.26857851959486856,0.07096660401577398,0.2796059078629461,0.17925796759579726,0.4642277303239065,0.2741693603885915,0.42957498927251236,0.46879134095009023,0.46825446361424894,0.18278114307425622,0.42209863196223707,0.20556325859498317,0.13916112555051086,0.35484173186516715,0.5946132177499807,0.195598184465188,0.6886769507035346,0.06882396869972354,0.31189768859681877,0.3719288711288896,0.4359299196295264,0.4225559090755112,0.4160883080891823,0.13181419807186678,0.5338431085128063,0.18510632853365236,0.28439058172327,0.11300276013183226,0.6003632518384308,0.4768809377761587,0.4635071168217182,0.06439790575916227,0.5437180422988467,0.3680092235274973,0.3218227119370202,0.1685323295654907,0.7677994794528309,0.5021381478406578,0.49483088766010247,0.13334450472340337,0.5728293654897101,0.271191703006061,0.23191072641848395,0.22185256951299318
0.739243809037124,0.39512174208451334,0.3071044397121222,0.39458572600492203,0.41837581501928117,0.3721146221104442,0.39806012298501947,0.19098068930154133,0.4678703378527942,0.41364656723078586,0.5073337640369002,0.47282020444978956,0.33376852005075386,0.25584909429707603,0.49907709494277724,0.23145357802568095,0.2067729946784906,0.3783067684939194,0.5424891187724037,0.1866061488395993,0.33909681746905224,0.1496074498539568,0.4955991964639807,0.291382530947614,0.3471650974251236,0.6086407000784916,0.6031571682591985,0.11183172655565292,0.12161476250887812,0.27806264586367196,0.26240102691861167,0.2337834606728665,0.5954343046445951,0.39692452533525485,0.3876994538259305,0.0841768470040721,0.07522023157130242,0.22840592716251162,0.37179919283570956,0.11783687061841322,0.6646668776955525,0.5705963681811695,0.5526460152067404,0.0647032948618588,0.5177965745503432,0.2832502892275705,0.5531069646495506,0.26438557850870775
0.8070091242906623,0.4494433156498002,0.2899208910867326,0.6629922067268252,0.41208323129908936,0.49270538232988204,0.370671730706628,0.17158602124748787,0.37264028264632754,0.33814527567429725,0.5476132499806547,0.4335538184004811,0.4404992354706363,0.3136084680324013,0.4246993959639742,0.2891176784348875,0.1780500635492127,0.279849761650109,0.5196393300673644,0.21062772972510072,0.3988409089183289,0.12542284724570285,0.2874120674088723,0.2990828093206671,0.3705142802108841,0.4885690718681528,0.4838335433885475,0.10698217937481741,0.14385378805872961,0.33641930266371833,0.2154338299898514,0.15364349928324286,0.46369279558718035,0.3345178931159666,0.31915613187367925,0.06783013379872016,0.08365099840140652,0.18646110189609655,0.5459583735639829,0.07853260475854415,0.6737125144676104,0.5799361796558604,0.5620380785263047,0.10559058251817098,0.7072256903197974,0.22753123379706222,0.2673658203235061,0.2770312258756954
0.8048999009606291,0.4254093916286775,0.2775497791565531,0.5062551271534044,0.3042323885774752,0.14571640534566402,0.3763759605937576,0.15602355714185778,0.3822021946417078,0.29239701043903454,0.5162597102570796,0.4535778713168972,0.49928349121103044,0.2127677828847338,0.4172031078860222,0.25409610353087636,0.18742509056236306,0.2722478994885634,0.5065858728068515,0.1940566926436585,0.4366142217226643,0.10556310812252528,0.5566252618627772,0.2679739501236076,0.36893725105398245,0.47633026434315645,0.471907645282845,0.07046450482033303,0.4542587245744095,0.11938342014052386,0.25134260284568727,0.1374313748581183,0.531481894866626,0.42780550352163804,0.41046413753320965,0.02611983711460153,0.3005724993583898,0.3442602720583033,0.3242788102578487,0.12152969376878144,0.6988965528729396,0.5424292350130118,0.5274764022003529,0.25671854380930437,0.6422819888693273,0.16860984883210528,0.24035170502777414,0.23068614324705983
0.7633413896598934,0.42792180453191025,0.3073050939625105,0.47380024610336335,0.23598550017951841,0.062039175232611016,0.2756558833252228,0.18829642229258772,0.4529660357097798,0.28651887495176337,0.4463033325154138,0.46205652435357786,0.3807935744477477,0.1716886656155561,0.31171669594880597,0.2159956391098564,0.14611108989755456,0.29410892464739047,0.5589213547723819,0.18236704633039313,0.43692489514438815,0.0929205787867668,0.20077918958576882,0.3438274659374246,0.377309493856225,0.4713667561019711,0.4665397825376847,0.08907391177329826,0.34704390431948257,0.2435055530644458,0.2758162579067632,0.14289664505149294,0.6102360405435747,0.4061495767700809,0.39849082541405556,0.041303083187899936,0.1721881494782303,0.3476151983409028,0.3221466329053391,0.12736796869188932,0.7291104461732851,0.5335568388412517,0.5211467695175451,0.09794516243899375,0.28780874893748826,0.22063513789843706,0.15665151970926428,0.24196527879491012
0.793628584709778,0.45451886472166475,0.3017408540812825,0.5726004922067267,0.4118658110446327,0.5020998724214218,0.4004396692414188,0.19446276950871028,0.5011649885151902,0.30154714445020414,0.4097524014523926,0.4837041491280818,0.30994154228663673,0.32244032925268834,0.4206631846685536,0.2008621746216657,0.15999758141676668,0.33273151860444766,0.5628938930799832,0.1752162370471868,0.36546724991790247,0.20496223959610071,0.40840260320820865,0.3634269773666969,0.3149118860682657,0.6439202789968534,0.6398410979164563,0.11741162722757814,0.06477621524303193,0.4927717319207453,0.24212145698352647,0.28877980136970216,0.5841949569228738,0.33242006531926377,0.3257174904803347,0.12408376963350784,0.0844615577523399,0.22685071379073152,0.4206262947523155,0.09208113103091675,0.7529493050456345,0.5145079568614462,0.5050849084908722,0.05800046081984042,0.44469871029133234,0.32076026860182766,0.23756654037376496,0.24716135843432807
0.7872454541725937,0.44679707972706,0.3015551002724258,0.544657506152584,0.37509374391070954,0.4924396031974396,0.35310387815362565,0.18977767562085787,0.4535372665957366,0.24765772233407712,0.42733004335643726,0.47095610342754063,0.4290824257721287,0.27485176452735527,0.4967329958092714,0.218789575302835,0.1694651563147081,0.3475423516395083,0.5610508611572212,0.19615483428962924,0.4185728543800628,0.17675681886254427,0.26179630173613677,0.3454495167289386,0.3436943665071389,0.5098308393018464,0.5064356743832182,0.07002629272567923,0.20957978778033037,0.35915382860344897,0.3081723194120604,0.17689104308460904,0.5791461341305915,0.3445916219592653,0.33637117725113264,0.031239092495636972,0.2242765510470348,0.25643101211298674,0.38334654093648024,0.09465048175803818,0.7052236320682875,0.543572124141846,0.528979229556834,0.13663308267526864,0.7454668868432203,0.19672314112867675,0.26442071313274584,0.25893319527163566
0.7434873615931799,0.4244806579511023,0.31922759743171947,0.19396021328958163,0.25558810129514076,0.10273513238341245,0.30760840397046274,0.1874237922971385,0.4612810208675423,0.3262446467672456,0.45968668828903836,0.4667468430547204,0.4628662451988185,0.21805290686475026,0.4429588767650291,0.2075351390092593,0.18177865163852341,0.3014063002449105,0.5258233893205992,0.18146784276783423,0.5572541943670819,0.1009834203784872,0.4778149741384226,0.2864993296471991,0.39099028571450467,0.44730557470965293,0.44214624851668016,0.059479988314344145,0.5165287317147256,0.04817717662764598,0.2706647898512204,0.12232910603010884,0.6003660137119042,0.45890315788657926,0.4465752501547706,0.04095404304828387,0.4518201784822321,0.36809386644983194,0.35446666962031187,0.1497236185392734,0.7745795132131337,0.5209191306141812,0.5132642327412196,0.1294484824364802,0.6223455533201656,0.2674733303026294,0.21854043595742603,0.22753192402597047
0.6940945240237627,0.35982630711508545,0.3232867618254125,0.3375205086136177,0.4046721886575783,0.32601835844005556,0.36535774881153205,0.2085701955596235,0.47193375817236194,0.24574540704401737,0.4087524656824234,0.4895971136500301,0.3344201738351822,0.2131783944696243,0.44726361553410643,0.1919702767744727,0.1583915987477137,0.3715776362919893,0.5844532698249337,0.19688276098312926,0.35495244142989524,0.21793595794156062,0.42424920160919793,0.34698481211402354,0.33850522821248713,0.47029482927392335,0.4681436016133123,0.1571720712825007,0.16193407949718516,0.12468667176624501,0.18757350123155425,0.14317443261808194,0.49818370047911853,0.44063968627903055,0.4212158278747445,0.08435136707388016,0.04533541728098511,0.28005473602634195,0.3008103265644115,0.13313410297097822,0.7263116027800207,0.47580904009258385,0.465958979282983,0.14142979828658808,0.5385992756698075,0.2118839909778026,0.24968190811486315,0.19157813310851052
0.6981009114697571,0.38839246025542257,0.3334886415796319,0.4152481542247744,0.4211629696784578,0.29988987243442383,0.4806518866060303,0.19658376393685045,0.4118728079311266,0.3284392853103156,0.5061316403136404,0.44558027660853883,0.41862982276683947,0.22293877748525076,0.489725100392255,0.23482895032308482,0.2562291111450484,0.40316274079669595,0.5139355965166694,0.2592275413205447,0.33734177123278153,0.1570331119922554,0.5025410974722465,0.23234255215624322,0.17578062483595575,0.742921701802634,0.7491008385123825,0.0909144025708443,0.13295892964531858,0.2070429980685676,0.36870852623041245,0.3472898446230436,0.6230615224475666,0.37595814922915166,0.3725648984618399,0.10413030831878997,0.08789213733013784,0.2600901046689482,0.32645699611938045,0.10477267069277746,0.6890143163595448,0.6083183010933456,0.5900508818551011,0.10330742967260846,0.7336490318113078,0.15219047283720252,0.48930572525194543,0.282148765005116
0.7071705505149178,0.4301233711883362,0.3476482561386899,0.3520303527481542,0.511491502722538,0.1603977150730494,0.557747367499273,0.21784719719910797,0.4744996973060484,0.39167856525301525,0.48743612879851367,0.45195429945880944,0.39321049721527557,0.2894536582450229,0.4927366871153004,0.2246935307314636,0.22222679004551688,0.41316198787794417,0.5496704873094883,0.2363192600839257,0.37554369536555576,0.1992833943115165,0.5332334966883729,0.29174987243692324,0.3730214869782322,0.5399006541829564,0.5341569470951187,0.12857142857142856,0.12114615204906728,0.22281629234279726,0.22887344905709742,0.18631468583980954,0.5192939250210129,0.41283542393971734,0.3954561195491797,0.05299592786503779,0.09983190294660452,0.24138646984642576,0.4971958896395118,0.12058123934952006,0.7344714732459181,0.5503531832496956,0.5375728492015954,0.09375589116273225,0.770604853895184,0.22792820378760065,0.29125873965139126,0.2574286942875518
0.7040292923756092,0.35444619061363847,0.3135137239151444,0.2619462674323216,0.27463533864290157,0.31112354441189427,0.26636832947018085,0.1918132419272319,0.3651718069528386,0.3707890807036224,0.5717549433590284,0.43800360793746246,0.6280481132562762,0.05955913994273715,0.4696861089873114,0.28364432297031056,0.1762719847931116,0.3135856654567952,0.5372343801628552,0.21075618737689478,0.5711901300583088,0.07194546938721957,0.2297369388436018,0.29156740767621503,0.4463215107221904,0.43561907644102826,0.42879383352609024,0.23049956178790534,0.6300020205807065,0.07297863392359782,0.29191971017002016,0.11240617728070655,0.5539408032842322,0.4011216913339451,0.3868221313519218,0.041652123327516,0.4210741392257389,0.36504210596881426,0.35980958798020307,0.1091683577686698,0.6555120419856556,0.5559520735299875,0.53817469848644,0.08554491946125974,0.7957292429814318,0.11224889728259504,0.22908111510195106,0.23788847278130767
0.7849298412229997,0.45346443675755527,0.3069229034727572,0.5854696472518457,0.236137337102727,0.11903337588080781,0.19945760309272098,0.1986759986845943,0.36289550413450133,0.3600937656777724,0.5680988664110364,0.45063138905592304,0.3622072284889496,0.26535649068172784,0.3584275388554747,0.32654628620944626,0.15503505737873918,0.3262992972296527,0.5647100711706854,0.1847221032799521,0.41683634159884825,0.15513283328740238,0.21172710935596947,0.3680791127193135,0.41974439615869596,0.5178917499672349,0.5106042108352598,0.18451650598889863,0.2964491156240358,0.37806550673799033,0.26457332353447127,0.18232194551821007,0.5191482044883412,0.3603829336422226,0.3453454061222598,0.08667830133798718,0.08844167969346697,0.19090350738411732,0.5541189149082808,0.09905686012886025,0.6779835835261128,0.540041715399003,0.5239656681391647,0.15106512222198948,0.18419845035721089,0.16143119441073958,0.29685565297019906,0.2599790934037508
0.8107831221016023,0.43621736388461163,0.27974876738071186,0.5569626743232157,0.3647369419951866,0.07986505786072068,0.33447448316240364,0.17004869686414661,0.4360262392069834,0.3144263550382793,0.4764178189533622,0.4477450390859892,0.43478753816295207,0.25763010321878344,0.42567272152663166,0.23781724164845605,0.18944734451455797,0.362546698414358,0.5497959710232595,0.18866147126830524,0.42589866507242413,0.140152962205745,0.44188016536458913,0.3154446624104163,0.39362028455460357,0.5282267666032582,0.5217019072368978,0.08004674262342973,0.12548174943587587,0.3538066287802158,0.2528688722992966,0.1799447473595011,0.5853658999414341,0.37150122315947276,0.36246556752640613,0.12356020942408374,0.3001853280142591,0.29119238302499667,0.3359961867627562,0.10623399662612597,0.7203739189397871,0.5300991261104495,0.5171788814018329,0.1064912758425672,0.6799097748814291,0.21033677543072177,0.27468732823654435,0.24140824291489305
0.8344544172324735,0.4514464884972484,0.2731264435995774,0.5992104183757179,0.2620278127495588,0.13700308255332377,0.4144964215849112,0.17353750686347963,0.4486114946851881,0.3370121703909472,0.4771860634247119,0.4466025255562237,0.48962320500917417,0.2312712199018983,0.5626893030468892,0.2483592912028853,0.191784291402782,0.34934085139439514,0.5403642587454094,0.18395135736918733,0.46411197101779333,0.1600266090332984,0.5950872208180218,0.3268955517742253,0.4210719377346269,0.5344309568364378,0.5268921071673912,0.1679813029506281,0.060590669962007904,0.38162273970685556,0.30747071816033084,0.19397242582028143,0.5117755254689011,0.4131754803867966,0.3954151344406844,0.05413030831878998,0.45574191001561687,0.26518954766727243,0.5964445272707017,0.12954927227149382,0.6930292472412846,0.501309094840715,0.4877554973928462,0.11001026371462687,0.6189393781316607,0.18459951663981355,0.33319761853861274,0.22671168462052227
0.7824295151350843,0.44062251966025756,0.30129643526324956,0.3814089417555373,0.23086192635986053,0.05764117409012964,0.43214344283240985,0.18141992416858865,0.40156606330762146,0.2760595055452263,0.4901907081879895,0.4576067348165966,0.49472028055579564,0.2401822053944952,0.5733935786009531,0.2528470205578699,0.1879300459763534,0.2916603590486497,0.5149802983837667,0.18951785561359946,0.5377268019085205,0.11330642062354346,0.4352166942923417,0.29023198165380637,0.3365592608530669,0.5145915854016352,0.5116178367512209,0.09611451942740287,0.43209819097289415,0.27987440348778747,0.41213204808146453,0.1727430967428783,0.6140417414922672,0.3910599308762244,0.3850313894026863,0.0573589296102385,0.3551830708158965,0.3291805262354844,0.42002994904523827,0.11973518305187943,0.7541260990641323,0.5114115328527835,0.5022600461964242,0.11466035483127712,0.5485275465637973,0.2527315457134609,0.26088734375559275,0.22710371719693498
0.8144158103098199,0.4774711449641996,0.3018197476674999,0.5937243642329777,0.378063453392444,0.12562451931328558,0.3504871826969503,0.17712901081206409,0.5029419772895981,0.25586199385488967,0.3840527674146668,0.47817197835237524,0.3278432791640133,0.20997936021012054,0.43382229032200703,0.17878784579441864,0.14718046054390072,0.34417630732342747,0.5813271954922672,0.19242956238759956,0.37347829689329715,0.20825279604009062,0.3539470615734075,0.3632735850812236,0.31118926031668553,0.4927880252867936,0.49244582787065255,0.13657610283377153,0.1430491982982759,0.303654708991101,0.2599018729024634,0.16436490539779308,0.5258902271227848,0.39932398062887375,0.3829306106158144,0.036707388016288506,0.08468107462228006,0.28262681258893513,0.4126977256896628,0.11467295618710455,0.7570869989533997,0.5143472606931515,0.5053217904607852,0.11252382648038375,0.5345935543723211,0.262624146580265,0.2949883675271179,0.23368321946109233
0.7977463215003933,0.4768257498403663,0.3122010924822548,0.6213597210828548,0.41565850878654775,0.10911446536782432,0.3723415312790389,0.1942923457153771,0.41230743953863586,0.3585552783142537,0.522113383832388,0.45868911605532176,0.48727346850969006,0.2575925969386724,0.48132660354760914,0.2789258297236481,0.17650252123264068,0.40593036592548015,0.5864824545824064,0.19131626273871716,0.3919149983107225,0.1831947467986225,0.2496260980725818,0.36355612341278915,0.3575802727243499,0.4794673616490808,0.475715078727307,0.06520595968448728,0.08800268549512705,0.29719471084482546,0.23668668065633286,0.15831063005420526,0.5683190843229331,0.3577299275845743,0.3473067122662065,0.1437463641652123,0.10158932627589168,0.24385225234982558,0.32749464310012205,0.10120821496012053,0.7240654250376684,0.6146913521715411,0.598239574205479,0.10686831025743074,0.7216488078385703,0.22514507831512157,0.24370206783368198,0.33567214943148965
0.7092126493451172,0.3964772062684082,0.32932311883094356,0.2019585726004922,0.2251109961679001,0.28544884513483937,0.3591704359398581,0.23186926314996326,0.6406219537740183,0.25675637180432376,0.2596869123105657,0.5093205051112447,0.1365339623542549,0.3070212513565265,0.7219935759345185,0.10799647864557932,0.03857777572926269,0.4476427629004476,0.7409473481177329,0.1848077417144815,0.423566939407116,0.3536782288189584,0.22320647328462728,0.6089828927419473,0.44893813912038927,0.586933002582766,0.5782495043394509,0.20292141396435873,0.8906135848299417,0.1219037901210108,0.3412490214131946,0.2358981649208749,0.4999635617528122,0.5907345040259466,0.5650479835756821,0.022978475858057013,0.04943522704011952,0.4360936963999326,0.419694381127647,0.26391570295425815,0.7121297731860904,0.3790830239147017,0.37291526403105535,0.2168785739720576,0.37937339330757,0.21405381776824878,0.20604543573870376,0.13763897635888467
0.7254842557094294,0.3603363249811089,0.3003340242514368,0.3622846595570139,0.21868703366303544,0.1536318788800277,0.3663639571308395,0.20891458956937317,0.5988272894322397,0.27371369038408233,0.30645167325248224,0.5056524353577871,0.15497516062989797,0.2855997802012211,0.3872519194059993,0.13026766166197198,0.058026951263482174,0.42125839231762874,0.7083441135505982,0.19050269761068772,0.36190609132294504,0.1571578784999339,0.20523613939992186,0.5470532966083008,0.3484263217192702,0.4591652662795876,0.4564855624667268,0.20704060765410456,0.4316558059608444,0.13629303975714577,0.3974522441490089,0.1466437040809028,0.5318431801126386,0.47667210782479336,0.4571360246912757,0.12114601512507271,0.06152175890946232,0.36998870146279167,0.3416629641307448,0.1697305005620752,0.7836702336714352,0.3903996478543925,0.39204970909825515,0.3824595211662931,0.11593150646859002,0.31276962862335933,0.31900246596270454,0.1532771973933444
0.7880551295377063,0.41473794998434416,0.2831287777179033,0.5740360951599671,0.19698939210356753,0.13002449378080716,0.1946876538735236,0.18881350805412003,0.4871304620396346,0.2596859635509797,0.40085174236576593,0.46975345760673487,0.13789790851248784,0.3432385548607514,0.4382458641615912,0.20245825652512328,0.0840255134403764,0.44014886954241533,0.6928560985206065,0.1893037595272759,0.3889487276965825,0.2167694515131206,0.17333804304408595,0.5202609639947006,0.3660756055083746,0.5597693584644818,0.5540635474270136,0.18270522933099617,0.9116543507322936,0.04919426127514659,0.3599100540373101,0.21580025809966982,0.5702029037975823,0.4476283833987629,0.43250555379881817,0.10142524723676555,0.16839228777229745,0.31155762842095563,0.642072341764745,0.15782658642681105,0.771937838095021,0.48136354971016027,0.4756733411906336,0.12289227288913096,0.4238427731180924,0.30007793789322057,0.2542481792336577,0.22206255851781537
0.6996724365810262,0.3889120838789216,0.332591923392543,0.3871513535684987,0.4563318589796276,0.28767890212560254,0.5534006544331165,0.20317688958920055,0.387611605658283,0.3559771756068894,0.5431717881997494,0.46650631389055924,0.3502196452676838,0.22959797918598088,0.3213078288029407,0.2674408608374749,0.22558333410605488,0.281422705400309,0.4721711997468698,0.18746253318489342,0.31746313743193577,0.1465917430596213,0.5527021307051746,0.23278329282943921,0.32164842715160935,0.5451808554589512,0.5426829219765295,0.10411919368974581,0.13438882368828042,0.39141844429032024,0.216103872576612,0.18546169973048773,0.4905121001362447,0.3730016902132032,0.35622681883750695,0.04037230948225712,0.024652052629130894,0.15916002507327495,0.4980701465917853,0.0926223078604359,0.6892043923380816,0.564740972005896,0.5482680273703688,0.11352925158668652,0.4214299138809332,0.31589343986530516,0.2259138480680729,0.25232164612926516
0.732412589720507,0.40748003387583803,0.3182013212925433,0.4828753076292043,0.460015545506423,0.35822673016719664,0.5200168715609673,0.1932817939843006,0.43003326554350346,0.3091966213122349,0.479262034848828,0.46644618159951895,0.3855955493901408,0.3006411103493132,0.397311817636377,0.22977777928122195,0.2240125870841172,0.28202692781588223,0.47403663638107085,0.19131626273871716,0.36210997622277774,0.1091185565595458,0.5809838015579767,0.23847113637918954,0.3424361925159225,0.6070230150300895,0.6018498144619402,0.07429155711364302,0.14674366412191656,0.4361923215657937,0.19211630577583844,0.22936593652308943,0.5491121141250099,0.3148130777007493,0.30456075014581274,0.019837114601512496,0.040610255978177634,0.1842825101102978,0.42880731061818295,0.07102916745733551,0.69570955201996,0.5625834432727217,0.5465780418194719,0.09767285980603677,0.47443604687247276,0.2728512106711325,0.22618986145513123,0.2552423710530579
0.7648579852310896,0.4720465618990383,0.33101308504953264,0.5321472518457752,0.47282809332884923,0.4596434793591765,0.49967694370878235,0.21014806911792305,0.4568022470301656,0.329809053678389,0.4657361464376322,0.4783523752254961,0.4487114370705708,0.2921490454718002,0.4987669150634852,0.23663927260597248,0.2100299346290014,0.3423466318393612,0.5191037566420574,0.1910165282178642,0.3554144353480515,0.17592361892007505,0.5590080548618452,0.2971473716542976,0.30772198880061724,0.6316722595853845,0.628362105611391,0.17090271691498685,0.08317033263794227,0.45645625727397066,0.24528969199293835,0.2752523675590821,0.5824738298720507,0.3085437675436632,0.303191225537616,0.09944735311227457,0.08414095265457652,0.2202199693217264,0.32497541583791906,0.07927913547747917,0.7358010426066897,0.591489735063123,0.5768995138759249,0.0804340085042207,0.6629012966173093,0.2763665431732491,0.2812244008972274,0.3135945016349635
0.7764840903867376,0.383598660499002,0.2747961462759383,0.5732670221493026,0.4013620644441035,0.07196914362600557,0.3848146956048113,0.1705723254200169,0.4075257170656083,0.3524721841602726,0.5230689503149567,0.4638003607937463,0.3765402205972653,0.3328257577276169,0.3873074118982516,0.26010800327748873,0.1875405822478257,0.2796609508317578,0.5098134615046644,0.19996574462618827,0.40453524303075894,0.14186823987514077,0.2580669071765602,0.2830097191832538,0.37535226337225336,0.4939483869401823,0.48884484969926933,0.13794916739702015,0.1516506683715929,0.35680249699689615,0.20351408257287645,0.15418361716742082,0.5345043947477117,0.3376632444945748,0.3248031377039081,0.06076207097149505,0.12117063018711563,0.22111145183150038,0.4009688267048102,0.08093286702886732,0.6992304496729824,0.4955339613929297,0.48265193389222283,0.18814017301690375,0.43354716515287206,0.17724924501675107,0.22002679959509042,0.20341452529924614
0.8042798908762393,0.39435179321569486,0.2609208833575709,0.5265586546349466,0.40271999269558983,0.04290524511943872,0.3704587894021163,0.1622340740703431,0.35769481077720355,0.37194087071687176,0.579227220896144,0.4509320505111245,0.4254904111921144,0.3589499185339669,0.37251519865241156,0.30969768272773696,0.1514267133163033,0.2568685668145227,0.5377094739190017,0.1729039993148926,0.37771280112714356,0.14366956095547456,0.23585728293285346,0.3269839366109371,0.34838988875360627,0.4987975999634046,0.4952942055729513,0.09491673970201578,0.16592519660315555,0.37629597979747675,0.18786372430003423,0.16171361898997227,0.5149915318956432,0.3493235186210948,0.33454125055422246,0.016957533449680012,0.0568131842421786,0.24443049412424223,0.4108604981317847,0.08637847792421542,0.6838174930778833,0.4860708298200578,0.4725849124565511,0.132297186904338,0.5360127035689851,0.1590192410256514,0.2754841708574853,0.19746705177340462
0.7500215493021554,0.36338958818825096,0.2838311025362158,0.4664684167350287,0.39735183679489877,0.07250977936193623,0.37154596707092524,0.17696297727099566,0.3852783065647256,0.35776833297425104,0.5462798384801437,0.448526758869513,0.35003355560340055,0.34597130133855963,0.32725081499549635,0.2742537216245034,0.15474979871562705,0.34730204459778463,0.5753912692761813,0.19037423995889363,0.3789316869968341,0.18449134151961719,0.17242860251494085,0.3380602063379442,0.33460363521108805,0.5299953960256638,0.5268412157908329,0.09333917616126206,0.050570946521957094,0.3615541225043381,0.2866409771737123,0.1773747422350309,0.55212986237095,0.3832142591401061,0.36965736972335905,0.0505526468877254,0.06696819294777581,0.2246875484887066,0.3901024244836673,0.10324474388946568,0.7188484176831426,0.5163767323692917,0.5039757155188436,0.13747093693052095,0.39920053233855507,0.24343435647469025,0.21677046825425197,0.21909446426004658
0.7522213485899959,0.42922058319493933,0.31568614957180025,0.5337366694011485,0.380985147681197,0.09423613363505043,0.5425339029855698,0.21083993599006365,0.4273328044399896,0.37563653426605403,0.5185007865017972,0.49555021046301867,0.4497985048742011,0.3766318121395978,0.4472964332845169,0.2753317443331363,0.2012640147265396,0.2951719554989407,0.5032245620076875,0.16930718506465708,0.40110357449431117,0.12255275264265797,0.6194885262612441,0.2968411230386548,0.36157946796909735,0.6028996318931623,0.5967184546618527,0.14884604148407826,0.3624818311892688,0.47562618714832827,0.23407283707185583,0.2497262428203822,0.4812695994843695,0.3554674479653351,0.33925789821431807,0.02949389179755671,0.14777724440155232,0.2365415132199718,0.6008641724702799,0.09542363186200198,0.6993190624542636,0.5278198180517933,0.5135250652989976,0.10996837100186424,0.3194122285551559,0.2759853047156136,0.23693642830570438,0.2511513977636896
0.7118535201548449,0.36851448657329816,0.31412188979137784,0.3872538966365873,0.3036725101858712,0.3708314703792498,0.33648434595788085,0.21104676742261186,0.5129728468868219,0.2724227130744912,0.3831442843103783,0.5138304269392664,0.39797053841502583,0.26224728939845127,0.6555194458844278,0.17800630991204006,0.10295605727612855,0.46334241451077024,0.6877984723304003,0.19778196454568817,0.4930382977883546,0.28774717481028045,0.4280376838268585,0.4794307687689308,0.42040095457928217,0.4882880967939565,0.4813718004640535,0.12489044697633654,0.45794265876111595,0.10498098538806436,0.45628851122310154,0.15603113233412996,0.4896310934594379,0.5289181142536807,0.5056160831938665,0.13574752763234438,0.31209996469284185,0.3887640526277085,0.31313605769696373,0.19978628565191664,0.6153501523520332,0.4608813806227952,0.44527486536485117,0.073165622839907,0.5718335796703573,0.11248516655345586,0.262407010471735,0.17855618404793577
0.7173417428246697,0.4014744327416034,0.3259335284746227,0.4341673502871206,0.3752411649241452,0.0630146464212942,0.3114323976628144,0.21401127715443596,0.41752385648784046,0.410309539060673,0.5480862531997442,0.4945279615153338,0.4383352860364086,0.311458799115085,0.4137511654946238,0.2801414010578308,0.1553986035088451,0.3318177402097472,0.5670334015050473,0.17894150894921645,0.3951856887970618,0.19939708111981191,0.16962884458752076,0.3535817586267826,0.41749201963918586,0.5668424728088558,0.5589769750735634,0.1698217937481741,0.3045561148964682,0.43524962427662744,0.24851920056629023,0.2086488377608582,0.5566954970661736,0.391371843557248,0.3778369981601418,0.09607329842931936,0.03241532876043854,0.21787618067217945,0.3820861947125063,0.11480576497147933,0.7179411891559175,0.5274995601860742,0.5145172779616488,0.11258666554952766,0.3462237825229241,0.21168709682391787,0.23729772655568032,0.24249851901864966
0.6917315594240178,0.34510895727952284,0.31860070014809344,0.18237284659557007,0.23063571753401407,0.23792020043263912,0.4128285719081779,0.21831896511050425,0.5938299321548829,0.3286239928597356,0.3459523257325354,0.47997594708358393,0.09534501892972153,0.33675399124393884,0.5165873616405346,0.14034097716771807,0.10221837563490904,0.40369121826947446,0.6559210790193976,0.16665239359424516,0.4176458722145605,0.18319225049057614,0.3145469346424503,0.4549328066300421,0.3388780613857577,0.612020203189665,0.6069743628903049,0.13590417762196902,0.9189165765681193,0.13092014274589245,0.3724234361847546,0.24812832094493623,0.636676411849326,0.46983728393523644,0.461965330399458,0.07609075043630018,0.18807722591409604,0.3163954186145588,0.3307004915725366,0.17623498754556544,0.7992496485022961,0.5037739425278931,0.4998294220037461,0.15571521333863977,0.4120387605489714,0.32325025122000844,0.23349402841195857,0.23618282546750002
0.7575485186995958,0.38296754477929684,0.2879548854984285,0.27896841673502865,0.210862238273873,0.2114860428656637,0.445917681390515,0.18281972313003197,0.4632100705534944,0.2903667585074412,0.43867420809285157,0.47468430547203855,0.12862353841049795,0.33286874548728473,0.6411143674472879,0.20936360858586736,0.11370630736140591,0.42787011881376924,0.6577862800705012,0.1788130512974223,0.40919842760315517,0.16941454976032333,0.4012642959155968,0.4344427820592654,0.44917708103552784,0.5721494843444184,0.5636407487465595,0.32123867952088814,0.8988407972465169,0.09851972999580394,0.30635976360263684,0.20531647556393057,0.570916473801126,0.4895705289202668,0.4723614228687306,0.16532867946480512,0.2454597424540157,0.3330472278856103,0.4235587047097364,0.17253796321532638,0.7850626641623732,0.4697148335675693,0.46621404534870803,0.15839634695544713,0.46743104492355436,0.2944983832892162,0.1944097680539314,0.19962625979502646
0.7792200950859284,0.38631034534297687,0.27424786167470927,0.4765689089417555,0.21122347559188467,0.2103828374976118,0.3945296670294176,0.19379085312243677,0.46593242520715483,0.2598006831740395,0.42102565610834597,0.4559230306674685,0.14543586180201007,0.3696640815112455,0.542942549294362,0.22483329264648755,0.08980104426478314,0.4204891510557902,0.6768052505175575,0.17769975164853996,0.3818322391124287,0.18769984315736246,0.3943435293966165,0.516572707100646,0.39076194774420475,0.5333867876961259,0.5269059762353075,0.15904177621969032,0.84168926080765,0.07140280398406787,0.30792139998812024,0.20025351535870656,0.5801431305942184,0.4588881560715512,0.4441980845070503,0.08388598022105875,0.12817570050039973,0.3852985415711079,0.3315658872843845,0.1703595302022843,0.7142596141148759,0.4322002539460784,0.42347462148036097,0.10498313818311307,0.3796784249241129,0.22024001922476294,0.22459342216964417,0.1783789552153711
0.7930050534360193,0.4373620945839473,0.2923216483522405,0.5380434782608695,0.36286528544244123,0.5016698286109649,0.33446956711374437,0.18795671299505531,0.4170573625688235,0.26424784012609637,0.4699482049559556,0.4643415514131089,0.5259687621444773,0.02447461720587163,0.5191393722571138,0.2541026452834466,0.21113466546287793,0.23252106285737542,0.46482056456684784,0.17598698295795162,0.4454539312015088,0.09087580767889838,0.32593318574404107,0.2636508933212395,0.38491521333704815,0.6427851325002667,0.6349465186371412,0.17461291264972245,0.10185520280991184,0.2847756258441124,0.2433732381902231,0.27717803499863913,0.5308522134827133,0.34443792826662956,0.3309516422758331,0.14019778941244906,0.16299805290337824,0.18045949294316663,0.5689357524210835,0.09068987856540119,0.6388344887671622,0.581558021639797,0.5621920484156975,0.1375966150688088,0.7062458884486391,0.10379575232459698,0.23549912659086591,0.29279142746564235
0.7691429713217309,0.49021082277567074,0.3388377612025889,0.5721390484003281,0.4151203084331948,0.4753331132019722,0.41539681801508965,0.19849601392027086,0.4666238770238025,0.306876281837296,0.4441954489857704,0.4766085387853278,0.503551546711841,0.20078451822888485,0.6332278375712462,0.21030672711020898,0.21912613131237352,0.2989304187808515,0.4873338484224342,0.17911278581827528,0.40278294468443054,0.09499891636036023,0.591792409055125,0.25623853444432865,0.3903595839232518,0.5422430084804848,0.5356476241196191,0.12372188139059302,0.15201854657595043,0.3259293961747444,0.2857076736459689,0.18678714794189147,0.5494071664603456,0.30892556949437777,0.29903058577139713,0.15904595695171608,0.246960653811277,0.19812646726923092,0.34861847678869845,0.07073733632662868,0.6738063960070071,0.6660364857587285,0.644771715825901,0.06076537986217298,0.860873186405691,0.14540028525998783,0.25252326625298,0.36347171303229053
0.7334836179727487,0.44727180843174463,0.338371813296233,0.494001230516817,0.42888117288415173,0.4196338298327261,0.4312427718859505,0.21085114095642166,0.4367330006346517,0.3486763129786553,0.4944912524697939,0.487913409500902,0.3508549667951742,0.34096464973829593,0.47000282027414697,0.2450321705577428,0.16123424088267518,0.3196290628273375,0.5552592320202826,0.1698210156718336,0.38091270817421014,0.18511980331516367,0.34464707545349393,0.3367165131307568,0.296440869630799,0.5830917207867641,0.5817815519207945,0.10143149284253578,0.11267176511142576,0.4043874152556197,0.2672158651437907,0.22743072171463213,0.5932711957375898,0.3701795281209927,0.36235092371741806,0.11902268760907503,0.11776200583338212,0.22960001471745473,0.3731064122828907,0.10679273444393818,0.546998274293444,0.6214985404580264,0.5996252980052419,0.06417963595232609,0.5089510269105126,0.19172839058529081,0.4695491698566487,0.31711773894855716
0.7958029792134005,0.4894395305049418,0.3210757313006287,0.6219237079573421,0.44503038687800167,0.49987571100323414,0.3989691049031133,0.1886430481691825,0.47158682798722595,0.3774915118565457,0.4809336762547157,0.4743235117257968,0.46377120666433846,0.24730207926135944,0.5113693856062793,0.22669126070075218,0.06250010396521305,0.4566026619274128,0.7224103448408039,0.1711484114070395,0.5376447750248422,0.28142722950205157,0.2398304841422756,0.5311280775712978,0.4342467246789125,0.6018490895567511,0.5931810809432455,0.15971370143149283,0.6480808013838185,0.33299959432665593,0.3473410234411394,0.23097881250925437,0.46867274521145225,0.46813998559000075,0.4472137053362855,0.12079697498545665,0.09777689864102246,0.31548571188686203,0.39625909997087055,0.15430507456614084,0.6036187939559616,0.5742545261302247,0.5542841264020965,0.04922393749607257,0.6260921816112006,0.1406216817159873,0.25096554036776575,0.2714497813161968
0.7395724700191545,0.5000777315970003,0.3640846473408825,0.5429655455291221,0.5015400994957373,0.434188336212878,0.4381125137357019,0.2229853679111944,0.49772578625494546,0.40633728298760347,0.47766060076854366,0.47997594708358393,0.5195889652535891,0.2558387814352364,0.6339477545857625,0.21979394313929349,0.12496124991355628,0.4241542412907991,0.6450497028179027,0.16660957437698043,0.4283158173233674,0.270283018368942,0.3729753985716189,0.4301304994409186,0.2990970411600718,0.7345583768053192,0.7297712751524907,0.27291849255039435,0.06154925975523495,0.46244603561700126,0.28635836879480514,0.35832852006165417,0.4986710501559807,0.3850576838354439,0.36800084918711423,0.2274287376381617,0.09378781001841738,0.22444241248689328,0.5360446024757298,0.10740436387010223,0.7130548621219499,0.6858781097222011,0.6657397169910089,0.09618566850296394,0.8155887674838034,0.2048383731468996,0.2356810848208218,0.40128952107871363
0.7246371886471383,0.5727608801089991,0.41782257994625804,0.5439397046759639,0.2072049663418933,0.3887399462090847,0.1586118979442976,0.2737431525710781,0.4462328929777248,0.6532383207087422,0.7029118965636116,0.481659651232712,0.3886078123340409,0.3709234482830937,0.23649597631550265,0.3792129765382326,0.39179632469239734,0.5688799004713059,0.5500028759386121,0.5125460306585596,0.23607532729645386,0.27653916237848797,0.14258647308863956,0.24618506870031737,0.6257123290353606,0.6775886907818301,0.6730699969653247,0.09985392930178205,0.5743544620162051,0.6131992720388812,0.19651003055058708,0.3325900094668317,0.5358089430822267,0.17391505408520458,0.1704433993662002,0.09621873182082605,0.23905206168204507,0.19521355792433429,0.22057320982726814,0.02727752512341891,0.6626361843780672,0.6207239900700667,0.6007449009852684,0.351249450158145,0.2477411944685324,0.3304925067777728,0.1717462675241564,0.35427977647543274
0.8391299384209925,0.5157205889721074,0.31044681369935945,0.6468416735028711,0.20540266997044476,0.13799308620186548,0.12397429162677245,0.18360637854922882,0.3983757466681672,0.5199090349274408,0.6367329359057737,0.4643415514131089,0.4449595720007846,0.3192145106064987,0.2858458603376528,0.3410051627033549,0.4656341078389406,0.4189370517885048,0.3850764352106738,0.570180697096857,0.1739223171488573,0.12251519106056802,0.1117920336967115,0.11743165193004927,0.5728011886471474,0.5365453433452346,0.5313190899693626,0.14542798714577854,0.5075749156383282,0.5369955534266262,0.2294644165184597,0.19605633886130022,0.4907495084676785,0.13447774099615645,0.1279619308743034,0.09930191972076788,0.09949629937160248,0.1498201075599124,0.3045404911860065,0.01412777096613732,0.6431708938364569,0.5913315001883519,0.5717439000261043,0.6275318908275905,0.2641766270207,0.29057029036170495,0.14836087634419287,0.3028715968732332
0.7897238639999328,0.4395208044606122,0.295753757621912,0.4670836751435603,0.18432571236672265,0.12222648011947815,0.15211478953063595,0.18390153658622507,0.39732992343997686,0.6688189991906452,0.7496214782192107,0.43385447985568254,0.590295694436588,0.28255804358716385,0.34052521882768516,0.39262767023325323,0.3514017349174796,0.5869811180133018,0.586334871570409,0.5773315063800634,0.4084016319572322,0.27040041122686487,0.16352690710242615,0.2641705852750437,0.5629244821511347,0.632662881183794,0.6254031732821239,0.11010809231668128,0.4874280100047479,0.5451759968253548,0.2042913660282974,0.261589839865533,0.6600662366321361,0.32454825630901774,0.3336687825266973,0.34662594531704477,0.4290044219121202,0.36398231183616436,0.16814498711390513,0.0999649588812994,0.7162934300784181,0.6638255361545761,0.6447876124083337,0.3608638277371652,0.4004570376782847,0.2093775816134859,0.12307362199634697,0.3770350346327838
0.9497744763942226,0.6405937045513936,0.33956418808057354,0.9246821164889254,0.13504510909961107,0.24254122885917104,0.16090972424553462,0.16860371368809665,0.3543916604096321,0.7150902391298248,0.8169745738213601,0.6772098616957306,0.5611840673558379,0.2895380651859365,0.3099046865370426,0.4579617190201818,0.3520908024217877,0.4958399400585971,0.510958383332878,0.45842254003596816,0.31460787017061087,0.13849093992580166,0.1477828668755219,0.21820694069536892,0.5290668379537322,0.49555669302215366,0.4889344869944271,0.16009348524685946,0.361588690214601,0.4313637183830924,0.19893012551619146,0.16287005914100777,0.5147400051511245,0.29020133295564454,0.278094019545285,0.028621291448516578,0.24464007629494144,0.3428781159580699,0.18096556172562842,0.06299313655759944,0.64463118006577,0.7054194810676464,0.6816382129626793,0.5542405898493958,0.4513219663010629,0.23798655203052674,0.11739865895418453,0.4230727570765147
0.9458167872871418,0.6484645781945502,0.34756339166903516,1.0,0.15599503872584514,0.18507414233486918,0.17984773953436264,0.18406491807892353,0.3618307813514178,0.656276845112907,0.765506648849068,0.44305472038484667,0.49179249939975805,0.27045500662291794,0.2918439773877036,0.44887855669526966,0.44765484390935834,0.5383327058827924,0.4984349771823184,0.694570523250835,0.21484969893702655,0.18667757330813695,0.17703133467450763,0.19174064050097822,0.4666460497974666,0.4331705697730153,0.42620787437914065,0.0497808939526731,0.3745954076037478,0.40698670555509886,0.27251623609532044,0.13102542613484142,0.5375677373721102,0.27057879546509234,0.26146784835087067,0.08984874927283301,0.18808126800109093,0.28015572560909446,0.22141478173816206,0.06009999947768352,0.5875842130814836,0.729238547698377,0.7035640212299181,0.5209149368467356,0.502920087038033,0.340949619450972,0.13978283389364765,0.47573593298211514
0.8458537754080789,0.6101306843488018,0.3707912677356917,0.6120283018867925,0.15825767590859188,0.15838091295143775,0.16556615148131898,0.19957426118273147,0.3702855236033578,0.7123823794796803,0.8035857242488574,0.6899579073962718,0.5295053477215312,0.3723459617152838,0.28880944883995396,0.4359369497354082,0.3428926575957138,0.5087273906406687,0.5270309691835021,0.45371242613685026,0.3413981412077304,0.19272628938155684,0.15423906957385067,0.22840009622960666,0.49167019693964814,0.6162928487374425,0.6072913760055,0.0768331872626351,0.5260226759509262,0.5648942892242688,0.19187252476271788,0.24527558039920766,0.5117147328089164,0.1918928110318973,0.18428421010643156,0.02373472949389177,0.2937293598025105,0.25894424464125676,0.2480731708286268,0.028045949775382745,0.6159880156682475,0.6813563815112188,0.6577627068790182,0.35491506252487387,0.332248416398324,0.28702433302629365,0.12504283276982278,0.3875367967053972
0.5097367501260418,0.5348130921077521,0.5409058178495844,0.10515791632485644,0.358398009654174,0.3120186457749574,0.16316324176443864,0.3318278985739676,0.3165445811716051,0.8715150229081825,0.9713090508005511,0.4030066145520145,0.9258748165340458,0.23258890352540557,0.38959741523908653,0.509695130143685,0.1936577515859659,0.5697477866956584,0.6784831982866901,0.22771259741371933,0.5480038543070401,0.1590344413455375,0.1595207926035612,0.36725442293744504,0.4307525150580402,0.6245011427169243,0.6156145440328328,0.07291849255039437,0.41489565781594095,0.39596764544943974,0.15684124022593743,0.2257982546984763,0.5865496456354082,0.328226544524577,0.3221665433209331,0.04409540430482836,0.36133977128466926,0.24764441230717685,0.140684570002837,0.07747175233548023,0.6432737367955232,0.8435061778972366,0.814634273894367,0.17444125594352866,0.8081814059365601,0.1808663127649493,0.15251743093488546,0.531980328758868
0.6282490495640225,0.4611283158448932,0.41938501294204084,0.12546144380639868,0.17795736245965002,0.2922268813667912,0.20960756440572165,0.29131881371826474,0.3580947028493205,0.721490513910418,0.8194708664053474,0.4119061936259772,0.5071586474418681,0.3611842901347846,0.29771879533991036,0.4717147665864938,0.21146167546877223,0.5412005191840759,0.644421962522419,0.27310096771431025,0.41953682158751315,0.2508076766809046,0.16960308999467633,0.39020771785839764,0.552388662814079,0.7270039707443217,0.7179858609014875,0.08600642711072157,0.6744566135224819,0.5443582325015579,0.21198704127358803,0.35820713763599527,0.5735277312854922,0.2618269893466567,0.2583287493641284,0.04281559045956948,0.37429537108301836,0.2623700335945497,0.18293035256047965,0.05923152482956437,0.6695791882705456,0.6898960434296941,0.6675434828630673,0.2680295762552104,0.3166355028024701,0.29390395271072206,0.1972701857454136,0.41887620267176356
0.47986999801707936,0.6230497612574458,0.6085264075011297,0.10756767842493845,0.264396906106771,0.44511723502230316,0.18480376694981232,0.3857566554391694,0.4074990810156735,0.8556657338464415,0.9003763347076057,0.4279615153337343,0.551797250153327,0.5451180366158468,0.34609079017229516,0.4454742436101963,0.16190023476838367,0.5208216397977821,0.6706965402288844,0.12781536353515466,0.4565057179910421,0.3277622324340523,0.16589425024867516,0.3926457299569823,0.49352860190359943,0.6797880438201336,0.6700438903990733,0.1,0.4797170456459996,0.4517553822397472,0.18437422950733523,0.275780524007639,0.6148182657469885,0.31101719667986333,0.3113070256570278,0.1101221640488656,0.27819896760822005,0.2560926791124997,0.1921052926578111,0.07741083566516496,0.6712221389895067,0.841251943407617,0.8132503640938074,0.10234389727906833,0.2698514374385462,0.5965967337945743,0.13118421131703975,0.5490140173643178
0.7405059889994705,0.6256909633444128,0.4422790790225396,0.3872538966365873,0.185192998332305,0.22634177690658436,0.16479790220084145,0.24331205582365695,0.36525787894763107,0.7210415378034427,0.8140790982153923,0.41882140709561044,0.5020412069334748,0.282300377085807,0.28367446319161493,0.42415252288909144,0.280724665124851,0.34374500010495196,0.4548916795877951,0.3074847991778711,0.33734233159121174,0.15250233719719145,0.1423126648304296,0.20365173857430757,0.6062015979951096,0.4839388670015482,0.48207422244166276,0.12871749926964648,0.6299401370505666,0.3973116632506433,0.23045653614626055,0.15190563497550502,0.4912291809230455,0.1670391861008445,0.15908518687315654,0.16881908086096567,0.182447010955464,0.08482555039954387,0.2924588259591596,0.019879885607277964,0.6413031025560172,0.8130424718652303,0.7852317957947059,0.5283299470057184,0.3222094570378479,0.3501169549590372,0.13686594152425144,0.5274733112346741
0.734517783032427,0.44960497836581537,0.3389289520691975,0.41883716160787526,0.2003552394218336,0.2702401597709084,0.17019671677668557,0.2072883521371433,0.3301910221202389,0.7011887177552837,0.8234904976484632,0.440408899579074,0.36769322191799464,0.33885534908345927,0.2129019161057224,0.4517040019881614,0.18489339976495012,0.5552208050880294,0.6751413719845617,0.10542091290571215,0.3318316263417127,0.30705478397080244,0.11725250300801948,0.4007981976453067,0.6664130357857547,0.6600043309154758,0.6590167185874177,0.17560619339760442,0.5598808627821907,0.48609020703502315,0.20105045395576154,0.28689621520430403,0.4814226150380551,0.42376322279760387,0.4047209849032702,0.0429610238510762,0.2996815681902337,0.44281709493480287,0.22940905892366936,0.12480427123228303,0.689413223999008,0.712561640352928,0.6901658487538884,0.4106114241427704,0.2692088794282062,0.29765678803044276,0.16442112914082352,0.41656423301852663
0.7101164146531038,0.47499034608699037,0.3695737625261356,0.22687653814602132,0.17033324135373812,0.27339645531965606,0.1892435273206583,0.23312868572018156,0.3802963473138361,0.7321600107712372,0.812695184241236,0.3931449188214071,0.3625008801199842,0.40986166871242397,0.24577223372338416,0.4372657193714617,0.12775074794640312,0.5604315648415399,0.7254936934216453,0.07553309925494567,0.41569828094165506,0.2628446535321326,0.12513424266915238,0.49223822416180907,0.5257988584540703,0.8267140907494033,0.8156815955339407,0.08857727139935728,0.5630760752305298,0.6168032479820149,0.17668882162907604,0.44041050919485636,0.4921986307524547,0.30920299190529377,0.29516097214292236,0.036881908086096565,0.4701622523191643,0.3679584685726421,0.23299217315979662,0.0691992632214915,0.5849698158336287,0.646097561050077,0.6233465339468011,0.3593975827904736,0.251339326999807,0.2869836839244668,0.1886406564418335,0.3477713808143237
0.9243927453021157,0.5518150755027006,0.28598562392108995,0.8126538146021329,0.20518481979065226,0.05203375508096322,0.13753307597752631,0.150575041719965,0.4253484350017044,0.5161877429100811,0.6126437211257467,0.4534576067348166,0.687890753516772,0.32860871913006645,0.516372181483334,0.3078566148122938,0.46044909158431574,0.44074526314479134,0.4065346929394911,0.5342553738117667,0.3800108914920196,0.04378452531775817,0.27471402167298076,0.12541457581115362,0.48881551284071223,0.5065851141041171,0.49887127671967507,0.032953549517966696,0.5825772011445198,0.4836368035582651,0.21984045645458788,0.16635986704552774,0.5144013652760616,0.1384167003111278,0.13407578253756702,0.09063408958696914,0.2825707909837099,0.128358854752853,0.2944313324787316,0.015493499798782145,0.665180626896763,0.5760351785092294,0.5578950936429572,0.5095410653316856,0.5537297921868238,0.13773737764933802,0.18079363912192872,0.2810203223368262
0.7340974715159451,0.43158189469598124,0.3295318715261255,0.3588494667760459,0.17285394145310112,0.17167559762401513,0.15121426114693065,0.17944573764330674,0.253863660827668,0.8549997793366528,1.0,0.3796752856283825,0.7161601794573312,0.3098849778406379,0.3047210104419115,0.5365969994849115,0.16519391013330248,0.573219984392026,0.7033270493306529,0.2623105249636037,0.5216229427560569,0.1591485722326349,0.14512082946900562,0.38791131244542687,0.418246711247755,0.7111887727142073,0.701465395378118,0.07873210633946831,0.4830789747673818,0.5150930616240754,0.1443021960887143,0.2828130087079892,0.5824292760357064,0.3104597256969991,0.3049677558972973,0.05002908667830133,0.3418048856517979,0.3165973921895067,0.13895387120284133,0.06737086352791011,0.5986426211285613,0.7251792913385577,0.6997549253153479,0.4322909029974237,0.5236538312211179,0.30881223023319426,0.09711010277304796,0.37925692033206204
0.8242582184735957,0.4826951378661319,0.2987402871620498,0.5812653814602131,0.21513946829371655,0.14489900419704732,0.15280297844742086,0.15882619140825238,0.3211451014322969,0.8150502099679133,0.9211204566839262,0.4121467227901383,0.8203496748617496,0.2261333187837007,0.3766783001433863,0.48480632529141326,0.14388223990908355,0.5603463705008809,0.7119450577710565,0.04204847135394374,0.4634959503925258,0.1451729347695524,0.14171671181532666,0.42752318710015214,0.4618115348303146,0.5686920371384394,0.5601388301745808,0.08705813613789073,0.31295922003133825,0.366193015500437,0.14041824754427956,0.19030495151199797,0.4741822342210981,0.3991624423180419,0.3810888849808892,0.028446771378708546,0.3423437614437315,0.4098141170067462,0.16688892708437536,0.1039918525448846,0.6279152951063294,0.7510353238689818,0.7251695072768538,0.4167487065624935,0.8288515941382189,0.20779961471741648,0.17519367847862616,0.428823616001652
0.8907526714148272,0.46228023782894834,0.2442513327479227,0.746564807219032,0.11305961107905688,0.18698169970424355,0.18369621130017832,0.1378316070674428,0.37470273089197675,0.732370222266886,0.816707012093027,0.45544197233914613,0.48685993232049685,0.40157960404850424,0.2806989486482103,0.4286179798229873,0.09883808206867167,0.5814193632961964,0.7637009031985822,0.0026547914704119213,0.4508926359235129,0.2315237052045177,0.14344070998290673,0.5300472300326593,0.6039851641383898,0.6656182251180258,0.6599417244100809,0.1368390300905638,0.578085495734496,0.5020033062295417,0.17424313541619546,0.28384171641332334,0.3878940086091842,0.3781058227271823,0.3651136341407375,0.019139034322280424,0.31132041269289795,0.5053677057052176,0.1674669602393044,0.1041337166420775,0.6013895014875726,0.6771644754589552,0.653483494496541,0.5206216878573973,0.3285137798195045,0.3295894504881771,0.17987399884911393,0.37091773502860254
0.6778480222426788,0.4979011171751241,0.40425778119200156,0.21877563576702208,0.1814038365386192,0.3006822188562892,0.1773210657714416,0.2566078944717266,0.36222124894769475,0.7656794152188248,0.8525566596578105,0.4164762477450391,0.4993537053960469,0.344388112674054,0.28951181909323076,0.46999418372810453,0.11562943395677111,0.47890342846700507,0.6851565883114865,0.03485484285347268,0.4622934663470841,0.24910818318236086,0.1522489134365284,0.4678915427509117,0.45144415807668664,0.7869842214930536,0.7758951215012913,0.06117440841367222,0.8451183219671541,0.6410754810535297,0.24599086102501233,0.39832858068088156,0.5100815833209879,0.16693592435935195,0.16046119644972906,0.020767888307155313,0.14655361850401602,0.19917857961396618,0.1951313325237397,0.021527033687079478,0.5375336471602539,0.7216076874856499,0.6962732629802635,0.21901510232295096,0.42527297104588224,0.5675432406934607,0.22840697401805526,0.4336295850785769
0.7895480218388937,0.45544824646155035,0.3049902666548515,0.48415709598031165,0.23496410090773404,0.1830308292426211,0.1569642788171366,0.17789367890408894,0.3773203835601916,0.7390742454707928,0.8203980870356413,0.3986770895971137,0.7873258571270184,0.20033057201332438,0.4418445079250684,0.4228795652313866,0.1643728245856209,0.5281847257643404,0.6734828762679599,0.06825383231994525,0.5776170053004126,0.1330264521390605,0.19372233132669245,0.4058331890579677,0.4399834044963898,0.6305367688759188,0.6214324123133025,0.0778264680105171,0.6104923469599239,0.42817821430241665,0.21435279773042173,0.2452565837665187,0.45030922524843353,0.31032373323607987,0.29625238903568163,0.01082024432809775,0.28162632099124246,0.3403685891915562,0.19447259327656907,0.06658887431258079,0.6460694499771367,0.7017122837398726,0.6781100389434922,0.41708384826459444,0.6770706659332453,0.29734093493706953,0.18879710249663817,0.3941547474260879
0.7991336798568955,0.4960448175819009,0.32297792644214335,0.22610746513535676,0.23300497124992736,0.14072636452771212,0.19604834184777672,0.1949624181037163,0.37035506701239307,0.6907669736181429,0.7862731029234558,0.3822609741431149,0.758450898246251,0.24111268114102985,0.440350277309313,0.4320490682527166,0.23787783684043007,0.5046571761504213,0.5980084595656312,0.4142759270360538,0.47121511592898424,0.18187165351614365,0.1820346503602791,0.32960107827483986,0.44212605641736524,0.570677772058518,0.5622701636234849,0.0635407537248028,0.46781922278617954,0.451216412805336,0.1750965663259123,0.2138631620937218,0.6011129304530921,0.25022794575292795,0.2531415041554409,0.11285631180919138,0.3479520095750356,0.2536451950180965,0.2081276560686699,0.05764869107906409,0.6298657537632866,0.7029283337377841,0.678850433893987,0.22069081083345554,0.705818346454945,0.18476097384055765,0.17703344257187806,0.41923982189866243
0.831546736490019,0.42431581597989854,0.2590486351935388,0.5143560295324036,0.18278863456359173,0.1138391423115086,0.1681400446345,0.15536125575007873,0.35781125736653424,0.7193919501166397,0.8179893009903612,0.48382441371016244,0.7593149012680547,0.2070747798355085,0.40480613891683376,0.4364536559720152,0.3023259247071173,0.6574269817261588,0.6725145767545059,0.42951956838229,0.4491819900899757,0.19949420897302722,0.17074552075809496,0.3375463202022822,0.34546639105130234,0.5112565580269006,0.5077071697597146,0.02024539877300613,0.24463890230909788,0.40956898348021653,0.12597100451188298,0.1698052728067438,0.6371828666768667,0.4063563770033988,0.4031615889879909,0.1414485165794066,0.41609861307040585,0.3578993643894805,0.11668070327512123,0.13284902305072444,0.6007890508085145,0.7040048073890259,0.6793598820955618,0.4538865964265516,0.8736216022689813,0.21902680536206864,0.21094377583234292,0.4007448868583785
0.7274160622426062,0.46506863417681243,0.35228532798424816,0.22190319934372432,0.1868652193690467,0.2816398018244428,0.17392349663989248,0.22881972254490732,0.3707819358402197,0.7112477664819867,0.8023251044296726,0.4121467227901383,0.47973855316861275,0.3828762914875222,0.2990643381897352,0.4483797599946211,0.22965232053632445,0.4981074165339169,0.599861725245728,0.31343667037766554,0.34030903591047795,0.20334690430853533,0.12904594879237002,0.3404974261527894,0.5251547088036583,0.6996315386545582,0.6901899713000132,0.05024832018697051,0.5587069623943071,0.5797938416414867,0.20219900783393446,0.32595035631947866,0.53721372939025,0.14949636520515897,0.14810896129494105,0.11297265852239673,0.36350439107693444,0.13010721622396926,0.29970443804252594,0.020057020139704618,0.6016970473518999,0.6509594430707336,0.6282170892455872,0.29561592760939237,0.2628617773325248,0.3405335031906128,0.156623254048712,0.3640150483295479
0.7995536487790443,0.49644864196566046,0.32295806674093436,0.6115668580803937,0.21528942858559286,0.13349372074755111,0.15687161416684736,0.16922337512138055,0.34640121701869425,0.80372008379115,0.8947254667134392,0.42483463619963924,0.7868357996458502,0.2380967885893018,0.3567788581513507,0.45052861853363096,0.22972257422735043,0.5855632245654239,0.6630160818900201,0.2038622933972767,0.46363005312189787,0.13055175873874772,0.14766199777483802,0.33760096249946225,0.4385860339593552,0.7067725732207668,0.6967640163188933,0.06339468302658485,0.5257782759312633,0.5177248947055583,0.1336174921148881,0.28841537630266306,0.5202707361169686,0.24418586857766794,0.2347214590465627,0.027428737638161726,0.39161795868667215,0.2694900369931596,0.215565018130163,0.04020103411708523,0.6257322824653959,0.6552895764031819,0.6328459668389795,0.575103160805178,0.6579821065421254,0.16555552518406394,0.1490172928513286,0.3216686633861747
0.8751481191300627,0.5384714034783278,0.304230658570465,0.6930373256767842,0.15966252952491447,0.18300544271947033,0.18621200346987743,0.1729940242351291,0.35137867881901724,0.7292949964064522,0.8304593457948345,0.4903187011425135,0.6690636993032246,0.44870790729520976,0.3551185969552715,0.4748792874519263,0.353680296953393,0.5754474992656066,0.5754231277093197,0.5047529331163827,0.3389145155484996,0.14914382977807505,0.18124599392181165,0.2635062375766198,0.3455747216841108,0.46341172677866904,0.460857925761368,0.03686824423020743,0.23723293188830047,0.4234441168758092,0.1402300173394888,0.14941030562108332,0.6172924558213585,0.333843187321516,0.3327057271128858,0.06794648051192553,0.2598080048691867,0.28747108585431513,0.1558494247954915,0.0974160913253549,0.5939929743327518,0.6992864079500193,0.674730780432971,0.4140256802329235,0.6459431565540713,0.2993790146717715,0.18103249400465196,0.41945751893337613
0.6543105874473774,0.500064201314853,0.42155839115282295,0.22641509433962265,0.18091309527981195,0.1793526990213774,0.18741398897785316,0.27972800683926285,0.48062088502466205,0.6293263269615359,0.6598415739738882,0.48935658448586894,0.41428215142577735,0.23685263108106092,0.2618273396415879,0.32099239122238066,0.3343142170718014,0.5217602629113738,0.5428422642558957,0.39505009848419975,0.3155022399417026,0.2384167150268494,0.17622819124414538,0.24914036194014483,0.6153441398618555,0.7140841833378915,0.7082209641676149,0.182646801051709,0.6425713000460204,0.6167243789751928,0.18858712525818988,0.3465785390542325,0.5692007023525897,0.18070684733133124,0.18323555547874093,0.24290285049447352,0.3023646251892918,0.193793203798367,0.24399127761107792,0.03134869273708263,0.6732279069023436,0.6599930526223166,0.6389376482427739,0.33384302800527854,0.34489812217265375,0.4199401798444251,0.19790594553362068,0.37884388097010563
0.7914181169899455,0.4676748054299446,0.3108960244669322,0.3149610336341263,0.17527940781435125,0.21397321389499271,0.17075844262279566,0.18905176215948058,0.36980162333213823,0.73447263286773,0.8217985772931846,0.4589296452194829,0.5820528266860019,0.5089702250477559,0.3238339166736691,0.4473513850742219,0.18956288643519845,0.6132644622485757,0.7129463078428884,0.22325939881818965,0.40483376715827607,0.2784025783717371,0.12645151271703947,0.4407383684589774,0.3137669810376767,0.7248373980581004,0.7192817138588646,0.05953841659363132,0.5156921006068031,0.5048462521179347,0.4104149236978077,0.347311714164233,0.5724295878576222,0.2937431587322047,0.28782978466828624,0.060209424083769614,0.46347860351036857,0.31590966856869085,0.1979332651873677,0.06917902065969883,0.6047239694876683,0.6378193506880889,0.6155914869720852,0.21792589179112296,0.33450931091989616,0.367343040490202,0.1337449643798163,0.3394607429921937
0.9793295096236327,0.5423458277913216,0.2500289094164607,0.8709495488105004,0.0926451337838487,0.14770235087916506,0.19631606248022154,0.12098308224836454,0.3116799202727073,0.6948622012234251,0.8322961503398056,0.6548406494287433,0.7428395071391691,0.22519239463036528,0.3805115387410415,0.45789508685695585,0.32516268771843737,0.6050648820241052,0.6161274377531896,0.49062259141902886,0.4897215450988639,0.13868196404570976,0.1988267521772098,0.28225042576041315,0.4702769065900028,0.5214417303376915,0.5134354350529838,0.09605609114811567,0.5010497989524483,0.4628460692686468,0.18659335797212023,0.16808507373413428,0.5672212527569609,0.3046534184572727,0.29727040666568827,0.1783595113438045,0.35782005423145286,0.3596483933870505,0.1740543781472768,0.06985814476063715,0.655848049233756,0.6809632663017636,0.6584458551764131,0.5035504074066317,0.6153519704491324,0.2582480100996957,0.1325255924487134,0.37214113495057266
0.8175306138777798,0.4902565138328207,0.3076963151203129,0.6299733388022969,0.1348044758064324,0.16162948847272124,0.21707118545304777,0.19683923281018428,0.4133124045144723,0.7596918774572504,0.8136501568350976,0.7248346361996393,0.8113042189547603,0.25909001580974866,0.46214853762691643,0.4568936387996145,0.3609871074035125,0.6675144190668888,0.6501218946179403,0.4681853215723217,0.6099247226556973,0.15680864017889803,0.28067186694500723,0.3298455769213072,0.41686003989864734,0.5888350348516053,0.5807008263133042,0.055623721881390586,0.466426532168593,0.48954129895364895,0.159767448155402,0.24169783040514456,0.6287677651414942,0.35366885125628555,0.3531108289353175,0.06305991855730073,0.5336703994299521,0.381720194198218,0.2035783863508287,0.11459697644827474,0.6370397009225978,0.6440431893665489,0.6223064480712546,0.23954253157663224,0.7224515221414934,0.11056654027390417,0.21427613613984947,0.37360249014232483
0.7245384527222013,0.42871286505431916,0.3347022562495311,0.3358285479901558,0.24952654311111205,0.12075424757464831,0.14223846556594416,0.2118622667678045,0.42602766810669307,0.6779384375571802,0.7369753419740425,0.46644618159951895,0.8384131785249276,0.15275923790497645,0.5134815960338373,0.3681272922845681,0.2560558207259602,0.43988010749232626,0.5385407162119997,0.15329279780765614,0.4075407237623768,0.1471983965481106,0.1591688668642237,0.27104837757104794,0.38797940457220864,0.638610522820766,0.6307158894093126,0.06316096990943615,0.551417061463711,0.46677611972047894,0.16414095900445203,0.26156432247658684,0.4942221549462366,0.25787101435366055,0.24609100830149835,0.00968586387434553,0.347460653159531,0.2767834876821701,0.2545690419671869,0.04780979673569399,0.601519683305029,0.701346207326273,0.6768053978911236,0.2800108921053183,0.6851831849794382,0.3195166866392416,0.19807046881788343,0.4038669894386593
0.7095165238573419,0.603657477018651,0.4468027765059346,0.3836648892534864,0.345937341504302,0.1718025864803887,0.2044987097747903,0.2359887851285431,0.3367313777030271,0.7718645512825453,0.8750716195027801,0.4085989176187613,0.7161997493878454,0.33201629097650387,0.35405645694660504,0.4428127752777782,0.34743302822502686,0.36432328142522824,0.41351549382176905,0.36914447203905115,0.23991240094755567,0.10667440821028373,0.15858963342960652,0.14551584615185675,0.40742222159089375,0.36559676941158725,0.3609272490597307,0.03789073911773297,0.2274756868545302,0.256879883589508,0.15870760663153166,0.07939499985076776,0.5385057939549949,0.20232238381080575,0.19735277967870576,0.14872018615474109,0.03974721766408415,0.11553961164915044,0.18967923496615388,0.029504541609814444,0.6158856865003514,0.8485012228855149,0.8189145969116107,0.6206195932217591,0.8272579821686004,0.31888026310598433,0.15662403199942693,0.5369757471923808
0.7198207042432638,0.347415508107088,0.2986570627680548,0.37341058244462666,0.20253643694966988,0.10612298482160903,0.1681158974797663,0.19295204066590912,0.35419292437005767,0.6883593562401786,0.7960042975683357,0.43595911004209265,0.7077589722408164,0.2809654923811332,0.38541057509670557,0.41812826965993094,0.24579125348400252,0.4543903824452794,0.5567697670399604,0.17461676800548093,0.44024974077515666,0.15010811566480164,0.18428106116357365,0.2791700182936711,0.42115242489086496,0.6242985835821869,0.6156074213398492,0.05410458661992404,0.45624753344768676,0.4438624526062206,0.15507498185238622,0.240993601482496,0.5369371754317565,0.3475512001428239,0.3344114391741336,0.018964514252472336,0.5469065187001603,0.34294885712308915,0.2433793510009874,0.08570395441485683,0.6393699286894713,0.6726243307212265,0.6499010831117281,0.4480844557089295,0.5488589857657523,0.2434259454758498,0.18079111216475008,0.36205111583059724
0.7421332853736379,0.42814914918621483,0.32211520420390016,0.30573215750615257,0.2119047027007327,0.14823884383087782,0.14572912005273803,0.18876758459512794,0.3293178697637158,0.779085498610675,0.8860692565886039,0.4155141310883945,0.7314875193119693,0.27215617515051344,0.34276831502720856,0.467666156597079,0.17500663786931597,0.5320167176838767,0.6672362058601267,0.13813479489594938,0.3815036653482529,0.16957909742885552,0.13288395112342627,0.3822002276771474,0.3841731053636668,0.703726739031074,0.6950566691351896,0.09161554192229038,0.4647190342176747,0.5350952190448868,0.12546328998394454,0.2976164818690705,0.5383460395036902,0.2932724898211345,0.28302733799112256,0.041652123327516,0.44769330901306137,0.3244016936244433,0.20895748484121474,0.0602462269960822,0.5753020513757879,0.7132326194053159,0.6880571006904623,0.32852265348442644,0.5188834133037908,0.33166031208201086,0.12557706078407305,0.39173918434513677
0.8224141496322934,0.5011146472007504,0.3114158280945617,0.5948010664479081,0.16886587652622617,0.17875788968012052,0.15251041361343345,0.17569325942038166,0.3901371348439021,0.7483386438096724,0.8193826499571042,0.44004810583283227,0.9056709589878326,0.2010508413850949,0.48677838146642394,0.4238586266292159,0.2175207391476077,0.6155165023556074,0.6941978488694808,0.24860837543889697,0.5583397650540112,0.1473889078652534,0.18253813505075792,0.39645540120217126,0.471750006796114,0.6453112612446904,0.6358428279101209,0.09073911773298274,0.6370377204870342,0.5069819960648522,0.1572341048432045,0.2604885901882601,0.4980048534652922,0.2840279053388638,0.2712740031532455,0.030482838859802214,0.35254422460753077,0.3046163080287369,0.1883271542256961,0.05699695217622555,0.6407048372091322,0.6846962151394538,0.6615662726858448,0.3605705787478269,0.7042248875592303,0.15826578919769843,0.20421418138879024,0.38097514927877396
0.8609154989024751,0.428129730401273,0.24194694996145003,0.46785274815422473,0.19269276934634283,0.10181374151877179,0.15910029498923955,0.13559782780470095,0.3268508604740741,0.7449037892251947,0.86028291955936,0.3885147324113049,0.7382057735432601,0.22658706675874435,0.3611914104441622,0.4532583905098535,0.25541332285803964,0.4803462920518431,0.5671610170175249,0.28761668236704635,0.3568814875978782,0.11210585250989066,0.11152977133378589,0.2721174747806901,0.39664845042969427,0.5312863344504823,0.5245937557397757,0.04370435290680688,0.32376082699122993,0.4154516231146601,0.12838978104498272,0.17084283676674444,0.5444804502495044,0.2323340379741511,0.22630681825029644,0.04636416521233275,0.18316004092370414,0.2043466783034189,0.15629730476370307,0.03965123704724499,0.6074336378366988,0.7417319337086943,0.7158327169826488,0.46685239102658094,0.8280168951502692,0.3089416244639541,0.1938423159580137,0.4243301405355364
0.6237995280665724,0.4935511203166144,0.43922457039047,0.08757178014766198,0.1951874968519738,0.3111018396823974,0.1832194966288371,0.27864960970531827,0.48146185973354416,0.7990654866411018,0.8062706454883988,0.5824413710162357,0.8850720918437954,0.3105280304311555,0.5123187542125603,0.38208549371149847,0.18015121582014268,0.5065717483860572,0.6459729319806322,0.12169221546630132,0.6130949655412552,0.29386483501470445,0.2238244282213133,0.3818770223538667,0.45403737961521917,0.688439985869436,0.6785054711585705,0.1191352614665498,0.642589432210515,0.45336678902217653,0.19140338568240087,0.29631503616638477,0.5794277323297453,0.22673420743072037,0.22716919457628862,0.06593949970913321,0.3920931682062284,0.20188163130905756,0.21642760360465213,0.043951372231549324,0.6327899426176657,0.7150673312873734,0.6906177188468255,0.2872164387004881,0.6060017289039813,0.24553065806308938,0.1722228374678675,0.41476493573585543
0.6980636946504694,0.4872401884213139,0.3845760721753726,0.3145508613617719,0.25842961952617705,0.08379976399522726,0.126328951179793,0.2227960035182867,0.47048230788899215,0.6765942563905996,0.7060867715407488,0.48141912206855086,0.7068908805744669,0.29171160602055635,0.4368606839597702,0.3135052533995235,0.3701099724474333,0.4100938827813012,0.4314795821527658,0.44985869658302646,0.4149064490901124,0.1662668293439945,0.23252240079057107,0.15121269964452816,0.4652954423312343,0.5935573145386206,0.5847010029482594,0.08530528775927548,0.49322422201950017,0.4813224957766521,0.17914481924998893,0.21049758721395803,0.616822229313749,0.2098724966177443,0.2213151817986864,0.24223385689354274,0.3606102594847365,0.2576175790033045,0.197525415744416,0.04298029264871078,0.6734475025288167,0.743792778177911,0.7195356451948381,0.45311158124044326,0.6647775604939775,0.24320340501526633,0.1521973197371632,0.43063099222540513
0.7331713559422922,0.6500951654017776,0.46296005083809133,0.5707034454470877,0.41679677486878,0.19254911834927263,0.21977228174044505,0.23235649093301836,0.3502517322157482,0.8158521547103476,0.9023070778174802,0.4463018641010223,0.9127072272950558,0.306195183120778,0.43502520746710416,0.44566467718724956,0.24432069554872526,0.5332296026057708,0.6136615584365054,0.28706003254260515,0.3892633783141443,0.1328695189092103,0.13148132822666744,0.2923918828726605,0.3601983763544351,0.649477096959244,0.6426151156028405,0.03751095530236634,0.5962605162640491,0.48816087752772486,0.1429337118125381,0.2434256018422559,0.4470634129807635,0.16603140035122882,0.15840983076844117,0.020011634671320527,0.057933881559502354,0.1669782422464502,0.18143625613007544,0.0182365350902991,0.5907654296247147,0.7302043053521355,0.7045215180453078,0.5161601139481787,0.767029215062961,0.17387530622545835,0.16215832015364778,0.39087493945162954
0.8189705091425518,0.41840956929407386,0.2641043215234061,0.395611156685808,0.17331712707648622,0.13361542536295254,0.1392894784158862,0.14584131049833413,0.3290289424275309,0.8123327672027082,0.9135426979110954,0.40336740829825624,0.8120666861632501,0.2527555442713174,0.39642846442020474,0.46882418066132847,0.16000249550624807,0.606903772582535,0.7309590047823854,0.21649396249036573,0.559931629089118,0.14978314133887843,0.1476474545957338,0.42501364816431825,0.39142459317517014,0.7405567509059005,0.7311453668368019,0.06213847502191061,0.6652639490248533,0.571070432149092,0.15845739546736398,0.3181424455245909,0.5064104209612665,0.24443625949762798,0.2338875042343055,0.016288539848749256,0.25686392732972974,0.2726024661749055,0.16305645846871822,0.039571542020499895,0.6187848561698358,0.6846909506698204,0.6610317071172757,0.29440103893927655,0.53393642312479,0.22456945346936424,0.125536456666765,0.3506245158244623
0.6696964831870353,0.4877971567883607,0.4043007059790362,0.20749589827727644,0.1633758340450994,0.3278975715800727,0.2050637519229784,0.24636178595915692,0.3744835863267244,0.7438662508757445,0.8262677791949062,0.43331328923631995,0.6557488721637492,0.2913299028068023,0.35182382897246944,0.42751515294679165,0.053357331337555214,0.508385836769806,0.7597713159291747,0.010190973709000628,0.514203089354716,0.2466095857858549,0.12655383047281102,0.5526282441271164,0.4389012632029385,0.7994230812636438,0.7882946657579335,0.18977505112474435,0.5470577653988296,0.5522730133612932,0.1351524028136348,0.39275042572906294,0.4939572634410159,0.1788085240700708,0.17047908092962064,0.06143106457242581,0.1610949147526543,0.17529749893668123,0.2347996014853609,0.022744605825035957,0.5838934894561809,0.7159546124352496,0.6907243402715494,0.24884271380993284,0.2691966882743346,0.300803894662923,0.1274049502031044,0.4075525675863382
0.6287005993151137,0.46453555231777005,0.4207848644963807,0.18288556193601307,0.2221148789630665,0.1496013596370384,0.15996734019117098,0.2513776153615484,0.4077401886116614,0.8749467427014433,0.9172891929355524,0.47294046903187015,1.0,0.30891834801844276,0.4791399946349365,0.44838398389468737,0.042574787788075996,0.5645897820482247,0.8026123846787518,0.0,0.7531286973001412,0.09212107764358973,0.19981153109153446,0.5700641519225242,0.40480989140598933,0.7481873133272212,0.7383027631960539,0.07367806018112766,0.5936249707195038,0.5470771304400612,0.1589351113358104,0.32939096021871944,0.5615087795248849,0.27396013204247904,0.26771622104927917,0.06870273414776029,0.39528435818922303,0.2807470201324062,0.14983385654043097,0.05442250216387731,0.6507897403853644,0.7995756939989727,0.7725022479501947,0.14530487421712995,0.8255946960238356,0.18962673790197113,0.17492625219971852,0.48700613004962207
0.706729240712966,0.46063880150906306,0.36405933111700417,0.21610951599671854,0.17844775879283167,0.22954352239811227,0.18383961820769976,0.22803740862500924,0.383043579854201,0.706559946180704,0.7899674376009805,0.48069753457606734,0.770786693129003,0.4140882002225586,0.4389338556780673,0.4157923117548127,0.09768741815037607,0.6615240476730053,0.8183758332908908,0.07698895264194577,0.6440467850031614,0.1669315632375315,0.18340262050137243,0.5881658687204309,0.4704452637639851,0.7367166209897561,0.7261666497879041,0.30651475314052,0.6061789671478595,0.4987914985126578,0.1991559495838803,0.3440625767147959,0.5872054751641622,0.36931632910015283,0.36067219760470215,0.08458406050029088,0.3255815362366599,0.3942765553383262,0.13595566444522528,0.10538380641431876,0.6625613316880815,0.7413489483789684,0.7167954723986562,0.25914832114953607,0.4573571576085319,0.2788643076323232,0.1397117725382735,0.4544671064962761
0.6485841829456828,0.565820466197418,0.462644746510089,0.18908941755537317,0.21683035644651805,0.3314541152531539,0.16818268044328546,0.28151709397112007,0.39244068154755546,0.7350932032209436,0.8068499552136436,0.45718580877931453,0.7808871413875349,0.23256012536055237,0.4185063441927361,0.41552982096467717,0.12004658780337168,0.557456768508555,0.7300818264963821,0.07429134195426917,0.5385095668356639,0.14465223310919928,0.15807501076496033,0.4866717752267484,0.4417872829863273,0.7510273730495834,0.7404491880250483,0.1843120070113935,0.6377876845600485,0.539745100292756,0.19623728244625566,0.3523916238253726,0.543250559848667,0.15478301902285896,0.15413097751080862,0.10072716695753342,0.14290136599179584,0.13396889010474541,0.22109868552882248,0.02056383048082555,0.5908884601329699,0.695181446204143,0.6707411422501515,0.3614293793594605,0.4320334752036071,0.30204497469416675,0.14298852870322326,0.3905402788615246
0.6824379554471414,0.4834343975529518,0.3931624377149583,0.15832649712879404,0.19425029046732453,0.23156684686708356,0.1427198762518335,0.2465830036679486,0.4767023894922351,0.6326455106703205,0.6652327958454267,0.5336139506915214,0.712006414156344,0.23290300423864208,0.47190902370042226,0.3106769796863125,0.16135853430043018,0.49767556451938044,0.6561405400298062,0.016142844908795084,0.541813065827244,0.19605862093239865,0.18207156537508332,0.40735423750497946,0.4091667491722033,0.601502796124863,0.593413863233457,0.2076833187262635,0.5449152357232391,0.47031255326783866,0.19248714656970367,0.2314347645118869,0.5845801440220809,0.2533283368972185,0.2525175672105393,0.08152995927865037,0.26457352044660404,0.21476881465589354,0.1603504184792979,0.05436771719474326,0.6354214281547854,0.7738572017262793,0.747332030101116,0.14645692381810188,0.5278819556380246,0.5091602153671525,0.1330763339599591,0.49278513730137696
0.610635122229351,0.44179337100256055,0.42252216290373834,0.1844237079573421,0.18989554498739245,0.2737419849864593,0.16331007852913537,0.2617605463051059,0.36226832521842434,0.7729826437335214,0.8585572429133248,0.41761876127480463,0.6094710677734393,0.4257477131149073,0.31353027019141044,0.4376272065217992,0.08701180487708271,0.550461396896167,0.754289875178793,0.029288344609060546,0.5160611911729936,0.3253400872821051,0.1362534722564715,0.506184830039045,0.4758957073015385,0.8191141435719199,0.8075993845282436,0.07657026000584283,0.6401554423555684,0.6034796881349295,0.182854381618677,0.39911163014925105,0.5664864849861898,0.28309428372819373,0.27698981162031777,0.10901687027341476,0.27303438083252424,0.2286547134242955,0.195186098617488,0.059250196698950514,0.5968669352863871,0.7892958338186276,0.7615750710018538,0.1734986699063698,0.2967536500808079,0.6119031216407456,0.1511489216500444,0.4798559498344849
0.7896756911716638,0.48130511865269004,0.32013301410433526,0.3190627563576702,0.11255430808329406,0.17499197287720916,0.18956951479419204,0.19943894350443103,0.4169243447340878,0.6263995528818389,0.7020228358784223,0.44984966927239933,0.6963910727319131,0.3667526609396813,0.4383638760655862,0.36894730091560257,0.17816058249108244,0.6224027204100112,0.728140295747969,0.39714824013017047,0.5843208208924314,0.11706808054505516,0.1922581215621135,0.474466758124479,0.4319947445738829,0.6477122753811408,0.6385183905640763,0.17741747005550684,0.44608577117360415,0.5043862760195392,0.18550106516718085,0.27913773602590336,0.6449212767662638,0.3626403480761256,0.36456126384322923,0.10186154741128561,0.37624449583047814,0.34455268850838205,0.1172276130652537,0.11827428512067872,0.6544660165451234,0.7033160197128758,0.6799157750216044,0.1879935485222346,0.4706888855215704,0.21347219528351213,0.11999237502426588,0.42758711511300107
0.7309638718646653,0.5021158682806345,0.3709649530195045,0.1956009023789992,0.14801406296511563,0.22859218671368606,0.17718335416120312,0.2317599043900221,0.42027055007686176,0.7052539146258205,0.7633848531091838,0.48887552615754665,0.7936451898207462,0.3458164778724682,0.46868938996554155,0.3973656035188974,0.1566284284648899,0.5834441451403659,0.7172476646942143,0.06482829493876863,0.5890824963656106,0.1117124217269353,0.18426540528520058,0.47244015132969497,0.45282279871089554,0.6589200169699435,0.6493445813231995,0.09664037394098743,0.6200089571018541,0.5074957740164276,0.19838210321948618,0.28412678599263574,0.5670205264815186,0.2861831409862229,0.2799555484695849,0.0853984874927283,0.3871956896743266,0.25958958087913214,0.17521846511077696,0.06631080146846627,0.6491784386427898,0.7220604954566882,0.6977982990706886,0.15894095222136112,0.4978753556706693,0.25489576615386694,0.141351840450063,0.4433953445294373
0.840958859762137,0.4040191618465778,0.24114712480505968,0.495026661197703,0.22881801129969198,0.08442104206481105,0.20497904229521063,0.16565432732802116,0.3914200132926098,0.6470641744357117,0.736686407241995,0.4508719182200842,0.69065643651165,0.3831940561784246,0.4146445998573817,0.4174149317557312,0.31955697334412236,0.533094575292043,0.561233562911036,0.36096600154149183,0.32438895650727495,0.14466070036536374,0.14749809362208646,0.27947803068312044,0.4439352195119175,0.6297416417096233,0.6205976716960723,0.07198364008179958,0.2554701755549529,0.5410707605889176,0.14081431421696927,0.27513573241740735,0.553353499464995,0.3427091994347472,0.33140407714450537,0.013030831878999422,0.6486587101066346,0.42198329206900753,0.2495144830463496,0.09562559871314939,0.6630351754521003,0.5976024803698443,0.5785308731098526,0.3899373703944199,0.9076255991900315,0.14369209543844713,0.28444309913521854,0.3242997865954813
0.8851261382659361,0.7705710627779143,0.471650862308465,0.8345467596390483,0.1533714652819623,0.24856143312573958,0.1620655331960158,0.2423152926135213,0.41451696040658753,0.6100008313679495,0.6909851503148511,0.6171978352375226,0.4729221846000159,0.30516910867326996,0.2701041685309348,0.36366016149195435,0.40470554536298575,0.35367127755848865,0.3644452219306469,0.5618737689475036,0.2973452097919431,0.12884112381341306,0.19537250628031796,0.12353094065705092,0.4622979080076468,0.5034168594496307,0.49563459249327846,0.0878761320479112,0.5095172885673194,0.4926032834528915,0.21657556956801832,0.16903514958587207,0.5047323089267433,0.09795856178035173,0.09480708147821637,0.09336823734729494,0.08104069831968796,0.10018663905515118,0.24391246411709572,0.008283114472175113,0.573614854900376,0.7366419520357527,0.7106349955976116,0.6001131103244591,0.3098717146128349,0.5184469329023391,0.13491685712188772,0.46492798620918685
0.9183539288049917,0.480010089129175,0.2392907923682509,0.6950881870385561,0.1274105628761731,0.09893777336557702,0.2052360546539491,0.14020448169495614,0.420224712100122,0.6048323761293006,0.6827939785386973,0.5611545399879736,0.6726035379429446,0.2022108067612372,0.4221839280446128,0.35677158978201934,0.3409974244057881,0.6309189317163708,0.6289281581186625,0.5094630470155006,0.5812770668845377,0.10879972831046283,0.2542070542662678,0.3074768460126681,0.4570877823732706,0.6988315224807221,0.6887567324185422,0.04954718083552437,0.5842582211434226,0.6780215412288986,0.1503743098932715,0.32394798108588924,0.5836405562442135,0.33834154850967396,0.33116671148708493,0.014485165794066335,0.5531922508681868,0.4071888355406683,0.21082685427995557,0.0935672089240128,0.7154119447992835,0.4977146782496545,0.48591911143940597,0.502754445864142,0.35256006969507264,0.21274872881580997,0.18585170535144482,0.2232242818325342
0.8949575157307582,0.4970891329932483,0.26458674100095925,0.6851415094339621,0.12899662068267473,0.11038672163060033,0.17976668617355557,0.16683872416409976,0.4237237992682908,0.6119341776268702,0.6857648113774356,0.6286229705351775,0.5877063665809172,0.3498260896003247,0.3753348436038522,0.3837672705502009,0.3067427218766348,0.5947608422891005,0.618657319165109,0.3974479746510234,0.4480673134241725,0.1274519494917266,0.191689179098164,0.337444249094753,0.5597355204772058,0.6310620464421063,0.6236891729071463,0.09827636576102833,0.5504969003087035,0.5715882688839866,0.19849136675318577,0.28718566732944073,0.4960993945585326,0.29561323616428264,0.2822835504976532,0.024316463059918553,0.42829814271914085,0.42083807237876875,0.21753648632515232,0.07009870374194213,0.6974053297817034,0.5426940204761266,0.5276360010568145,0.41557571060514026,0.3006508436532554,0.2917992146636768,0.12524653461280413,0.27980509489210686
0.8773941175235973,0.47403299059112225,0.2600360635530741,0.5386074651353568,0.11896685469699189,0.12705498914081995,0.20220270504593618,0.1769827435058296,0.4307901952895086,0.5732759990279039,0.6507282321460495,0.43409500901984366,0.4278760256859089,0.3854807122206437,0.3014669546476962,0.3753990609510645,0.29489994525214924,0.5947218614685472,0.6259773234433881,0.4392395307013788,0.36202862206133934,0.16568057737196143,0.1656625656953492,0.36354508374021066,0.5767079189598106,0.7387345643970502,0.730482393430261,0.3573765702600058,0.6629879469801225,0.6663404345046205,0.22391307415352976,0.408763155511348,0.5081517399927926,0.2586498063045435,0.2475615089049375,0.019255381035485714,0.431317315338566,0.37517747114019545,0.24524083744443284,0.05674145750158663,0.667404848539394,0.521032756627545,0.5051754818802418,0.3368593033241868,0.2666313415918423,0.3659852638533267,0.21177957313527931,0.2656087894805778
